1.92580000e-04 9.14440000e-04 1.11879000e-03 1.72354000e-03 1.67563000e-03 -3.07941000e-03 -2.24359000e-03 2.31430000e-04 -2.74090000e-04 -1.04374000e-03 8.56100000e-05 4.01951000e-03 -8.59830000e-04 -2.99155000e-03 3.38014000e-03 1.81750000e-03 -5.30577000e-03 1.71989000e-03 -6.49500000e-04 -3.38014000e-03 4.12209000e-03 9.98860000e-04 9.07470000e-04 1.25965000e-03 -2.78816000e-03 2.19680000e-04 -1.56858000e-03 9.09340000e-04 8.19500000e-04 -1.30680000e-04 2.93281000e-03 -2.04309000e-03 -6.14290000e-04 -7.42760000e-04 -7.80390000e-04 1.37350000e-03 -7.63730000e-04 2.00693000e-03 -3.29490000e-03 1.68311000e-03 -4.77512000e-03 7.08270000e-04 -3.98320000e-04 2.63044000e-03 1.57380000e-03 3.13409000e-03 5.08187000e-03 -3.47940000e-04 6.87090000e-04 -2.65830000e-04 4.67280000e-04 2.41819000e-03 1.34126000e-03 -2.25358000e-03 1.52481000e-03 8.44200000e-05 -5.24835000e-03 6.79391000e-03 6.54927000e-03 1.00083000e-03 3.41238000e-03 -4.66680000e-04 -7.86340000e-04 2.61502000e-03 1.70619000e-03 -1.14017000e-03 5.45430000e-04 1.42266000e-03 -2.48423000e-03 1.06914000e-03 1.86466000e-03 -1.12888000e-03 1.18771000e-03 -5.11711000e-03 -4.25600000e-04 6.28860000e-04 -9.42740000e-04 3.77300000e-04 -3.03809000e-03 -1.46836000e-03 1.87942000e-03 -3.54385000e-03 -1.53314000e-03 -1.88359000e-03 -5.64490000e-04 -1.49980000e-03 -1.35865000e-03 3.19504000e-03 5.69010000e-04 4.76021000e-03 -2.59461000e-03 -6.24482000e-03 1.00127000e-03 1.66142000e-03 7.68220000e-04 -6.14410000e-04 -2.21200000e-04 -4.82700000e-05 3.89290000e-04 1.97058000e-03 -1.59848000e-03 2.29340000e-04 1.19592000e-03 -3.49310000e-04 9.17430000e-04 3.03097000e-03 4.49837000e-03
-1.77400000e-04 4.54530000e-04 -2.92620000e-04 1.60600000e-05 3.69620000e-04 -1.55190000e-04 7.97000000e-06 2.78520000e-04 9.83400000e-05 6.43200000e-05 2.89800000e-05 6.84830000e-04 2.28230000e-04 1.54290000e-04 9.84300000e-05 1.55530000e-04 -2.18530000e-04 3.22860000e-04 1.92140000e-04 -3.57980000e-04 1.01464000e-03 -1.91500000e-05 5.09900000e-05 3.94970000e-04 4.24800000e-05 2.47780000e-04 7.99300000e-05 -8.31000000e-06 2.33430000e-04 2.83700000e-05 5.15700000e-04 -1.86700000e-04 1.11960000e-04 7.48200000e-05 1.85820000e-04 1.57080000e-04 1.12380000e-04 1.63260000e-04 -1.74720000e-04 -3.73500000e-05 -1.80020000e-04 4.18090000e-04 -4.56800000e-05 2.27010000e-04 -3.38900000e-05 1.75690000e-04 7.44160000e-04 2.46390000e-04 2.02080000e-04 4.76900000e-05 6.19000000e-06 4.69520000e-04 2.96560000e-04 -4.87200000e-05 1.96250000e-04 2.86060000e-04 -5.95000000e-04 1.06987000e-03 3.85040000e-04 1.48830000e-04 1.54705000e-03 -1.05680000e-04 -8.79200000e-05 3.63920000e-04 -5.32000000e-06 3.25480000e-04 3.94020000e-04 1.31010000e-04 -4.15700000e-05 2.26950000e-04 6.01340000e-04 -2.10700000e-05 -6.48900000e-05 -5.18970000e-04 5.84100000e-04 2.72160000e-04 1.34300000e-04 4.13200000e-05 -2.85290000e-04 -2.82150000e-04 1.56620000e-04 -2.53440000e-04 4.55500000e-05 -3.10700000e-05 3.36500000e-05 1.20120000e-04 1.46530000e-04 1.55970000e-04 -1.09350000e-04 3.50830000e-04 -4.38400000e-05 -1.57010000e-04 9.74000000e-05 2.71200000e-04 -5.42000000e-05 1.01560000e-04 -3.92630000e-04 2.29000000e-05 4.96900000e-05 4.48980000e-04 -1.72100000e-05 9.31700000e-05 2.32200000e-04 1.56140000e-04 -9.35500000e-05 3.47280000e-04 6.09000000e-04
5.63020000e-04 -1.46080000e-03 3.54830000e-04 -3.76330000e-04 -1.54443000e-03 2.22454000e-03 1.22699000e-03 -5.80100000e-04 2.08810000e-04 4.78830000e-04 5.33300000e-05 -4.33554000e-03 -2.29080000e-04 1.40684000e-03 -1.55073000e-03 -1.24232000e-03 3.06641000e-03 -3.88320000e-04 -2.26000000e-05 2.75459000e-03 -4.47713000e-03 -2.96170000e-04 -2.62650000e-04 -1.36001000e-03 1.14848000e-03 -3.65530000e-04 1.10933000e-03 -2.56300000e-04 -8.46510000e-04 8.88000000e-05 -1.86370000e-03 1.38115000e-03 1.74800000e-05 1.90830000e-04 1.34468000e-03 -1.36137000e-03 2.67710000e-04 -9.97910000e-04 2.11390000e-03 -6.93200000e-05 2.81970000e-03 -1.48384000e-03 1.70100000e-04 -1.42397000e-03 -1.82980000e-03 -1.19115000e-03 -4.96306000e-03 -2.82480000e-04 -1.02880000e-03 1.32120000e-04 -6.97720000e-04 -2.31382000e-03 -1.20480000e-03 1.16221000e-03 -1.14441000e-03 -8.06370000e-04 4.09675000e-03 -6.50115000e-03 -4.97412000e-03 -1.14480000e-03 -5.59677000e-03 1.81201000e-03 3.44350000e-04 -3.07980000e-03 -5.31830000e-04 4.82660000e-04 -8.03050000e-04 -8.68890000e-04 1.38506000e-03 -8.03540000e-04 -2.49353000e-03 7.34580000e-04 -5.97160000e-04 4.10606000e-03 -5.36400000e-04 -9.28770000e-04 3.12490000e-04 -5.02110000e-04 2.34401000e-03 9.99670000e-04 -3.76770000e-04 2.49294000e-03 7.05220000e-04 1.11832000e-03 3.48780000e-04 5.55390000e-04 1.80770000e-04 -1.99713000e-03 6.89490000e-04 -3.81076000e-03 1.38863000e-03 2.63718000e-03 -5.40810000e-04 -1.41692000e-03 -4.33510000e-04 1.27260000e-04 1.08412000e-03 1.67340000e-04 -7.41300000e-05 -2.58119000e-03 1.09794000e-03 -3.84710000e-04 -1.17790000e-03 -4.19940000e-04 -1.87950000e-04 -2.42895000e-03 -2.59789000e-03
1.55610000e-04 -5.39720000e-04 2.13040000e-04 9.30800000e-05 -4.65240000e-04 8.18240000e-04 4.51540000e-04 -1.70170000e-04 8.00500000e-05 8.86800000e-05 2.48600000e-05 -1.67538000e-03 -5.37400000e-05 6.52470000e-04 -3.34130000e-04 -2.82710000e-04 9.57850000e-04 7.72900000e-05 -8.81200000e-05 9.19430000e-04 -1.64981000e-03 -1.13280000e-04 5.07900000e-05 -3.89030000e-04 3.35350000e-04 -8.71700000e-05 4.82400000e-04 -9.52400000e-05 -2.31130000e-04 6.06500000e-05 -4.13820000e-04 4.65220000e-04 1.29410000e-04 8.29600000e-05 8.34540000e-04 -4.43750000e-04 4.34100000e-05 -1.19770000e-04 7.09490000e-04 1.28180000e-04 8.83290000e-04 -4.75370000e-04 1.11760000e-04 -2.78050000e-04 -6.14480000e-04 -2.12920000e-04 -1.74372000e-03 -6.57900000e-05 -3.37420000e-04 5.68100000e-05 -2.24050000e-04 -7.99640000e-04 -2.29430000e-04 2.56030000e-04 -3.21210000e-04 -2.76680000e-04 1.29325000e-03 -2.30667000e-03 -1.71417000e-03 -3.31800000e-04 -2.05844000e-03 7.62690000e-04 1.18050000e-04 -1.14470000e-03 -3.03300000e-05 2.53580000e-04 -2.02620000e-04 -1.45500000e-04 4.91440000e-04 -1.25730000e-04 -8.67300000e-04 2.85800000e-04 -1.37380000e-04 1.41031000e-03 -8.57700000e-05 -3.96750000e-04 1.29700000e-05 -1.45690000e-04 7.96870000e-04 3.55160000e-04 2.96400000e-05 8.59310000e-04 2.38420000e-04 3.78580000e-04 1.14520000e-04 1.77310000e-04 5.87400000e-05 -6.60100000e-04 4.51040000e-04 -1.40484000e-03 3.45200000e-04 5.49660000e-04 -2.26450000e-04 -4.73670000e-04 -2.14040000e-04 -5.13300000e-05 2.86660000e-04 3.38400000e-05 -7.79200000e-05 -9.51840000e-04 3.08130000e-04 -2.07520000e-04 -4.44890000e-04 -2.70220000e-04 -1.04880000e-04 -9.09620000e-04 -6.27290000e-04
1.58790000e-04 4.14150000e-04 3.36020000e-04 5.71890000e-04 6.35060000e-04 -1.03166000e-03 -7.63400000e-04 1.37300000e-04 -1.85300000e-05 -2.57960000e-04 1.14700000e-05 1.32138000e-03 -2.28030000e-04 -1.00180000e-03 1.06957000e-03 6.46170000e-04 -1.81909000e-03 5.37530000e-04 -1.46090000e-04 -1.17583000e-03 1.39521000e-03 3.82320000e-04 3.24870000e-04 5.04120000e-04 -9.38190000e-04 1.34710000e-04 -3.54330000e-04 3.64940000e-04 3.29670000e-04 1.74900000e-05 1.00041000e-03 -7.11930000e-04 -1.08540000e-04 -1.71630000e-04 9.10000000e-07 5.01370000e-04 -1.82400000e-04 7.22470000e-04 -1.14612000e-03 5.23520000e-04 -1.62933000e-03 2.83280000e-04 -9.08000000e-05 8.88040000e-04 5.58950000e-04 9.16200000e-04 1.80929000e-03 -8.15600000e-05 3.09370000e-04 -3.50200000e-05 2.19330000e-04 8.73020000e-04 5.06970000e-04 -6.38920000e-04 5.97240000e-04 7.41700000e-05 -1.87920000e-03 2.33364000e-03 2.21729000e-03 4.17770000e-04 1.27915000e-03 -1.74310000e-04 -2.55990000e-04 9.51390000e-04 6.04510000e-04 -2.52100000e-04 2.60960000e-04 5.07080000e-04 -8.93040000e-04 3.90530000e-04 7.16100000e-04 -3.65370000e-04 5.07090000e-04 -1.85533000e-03 3.80300000e-05 2.15120000e-04 -2.60670000e-04 2.18600000e-04 -1.05241000e-03 -5.83130000e-04 5.34600000e-04 -1.25410000e-03 -5.24770000e-04 -6.78690000e-04 -1.01790000e-04 -4.74200000e-04 -4.12360000e-04 1.13975000e-03 1.89690000e-04 1.66285000e-03 -7.61930000e-04 -1.86286000e-03 4.15190000e-04 7.28650000e-04 3.81350000e-04 -6.74300000e-05 -4.73100000e-05 8.23600000e-05 2.26910000e-04 8.81540000e-04 -3.87510000e-04 2.83150000e-04 5.43480000e-04 6.25800000e-05 4.19600000e-04 1.03233000e-03 1.55316000e-03
2.60560000e-04 -1.18800000e-04 3.81900000e-04 4.36680000e-04 2.08910000e-04 1.30290000e-04 -4.41700000e-05 1.06090000e-04 1.89200000e-04 -1.74930000e-04 1.91330000e-04 -6.16590000e-04 -1.16510000e-04 -1.05950000e-04 3.88120000e-04 -5.50000000e-07 -5.53840000e-04 4.62200000e-04 -8.73600000e-05 -1.02920000e-04 -4.31800000e-04 3.11700000e-04 1.80740000e-04 1.77000000e-04 -3.53520000e-04 1.99790000e-04 -6.83650000e-04 3.03620000e-04 1.53170000e-04 1.31100000e-04 3.29140000e-04 -2.04300000e-04 -1.36610000e-04 -3.13000000e-05 1.21421000e-03 6.08500000e-05 1.46500000e-05 2.30350000e-04 -1.08050000e-04 5.35990000e-04 -4.64280000e-04 -4.35400000e-05 3.89900000e-05 3.70650000e-04 -6.50690000e-04 3.91710000e-04 -2.26350000e-04 3.34100000e-05 -6.40000000e-07 1.33830000e-04 -4.00660000e-04 1.88400000e-05 1.11020000e-04 -2.74640000e-04 2.75370000e-04 -8.39300000e-05 -2.85120000e-04 -3.06430000e-04 -2.02430000e-04 -3.33220000e-04 -9.18210000e-04 5.53850000e-04 -2.71980000e-04 -3.21270000e-04 3.79360000e-04 1.09950000e-04 2.17060000e-04 1.20220000e-04 -5.86500000e-04 6.25100000e-05 -7.43100000e-05 -1.99340000e-04 6.23800000e-05 -1.29060000e-04 -5.10900000e-05 -8.08900000e-05 -1.03250000e-04 -1.98690000e-04 -1.11530000e-04 -4.54490000e-04 4.33020000e-04 -1.14220000e-04 -2.27000000e-04 -1.87640000e-04 1.59220000e-04 -7.79500000e-05 -2.34980000e-04 1.87020000e-04 4.25530000e-04 -3.46300000e-04 -3.33220000e-04 -1.05733000e-03 1.37530000e-04 6.77300000e-05 1.59200000e-05 -4.32200000e-05 9.40200000e-05 1.32990000e-04 2.16130000e-04 -2.95860000e-04 1.09830000e-04 -3.94800000e-05 -3.84100000e-05 -2.73520000e-04 2.61370000e-04 -2.75040000e-04 4.18630000e-04
-3.33920000e-04 -1.11520000e-04 -9.58370000e-04 -9.69210000e-04 -5.85950000e-04 1.82264000e-03 1.45585000e-03 1.73880000e-04 3.06020000e-04 7.06890000e-04 -3.66200000e-05 -1.73821000e-03 8.69490000e-04 2.02210000e-03 -1.95434000e-03 -9.43390000e-04 3.11805000e-03 -8.60010000e-04 6.38920000e-04 1.81907000e-03 -1.49596000e-03 -6.31620000e-04 -4.52400000e-04 -3.01850000e-04 1.80369000e-03 1.99470000e-04 1.11381000e-03 -5.48940000e-04 -2.34850000e-04 1.55280000e-04 -1.33467000e-03 1.13979000e-03 6.13880000e-04 5.50230000e-04 4.74500000e-04 -7.46730000e-04 6.30970000e-04 -1.10363000e-03 1.93246000e-03 -1.11086000e-03 2.83262000e-03 -7.11300000e-05 2.18150000e-04 -1.52005000e-03 -1.02967000e-03 -1.74871000e-03 -2.55248000e-03 4.75400000e-04 -2.24190000e-04 2.42150000e-04 -2.52420000e-04 -8.97990000e-04 -3.97520000e-04 1.43063000e-03 -7.52620000e-04 2.57810000e-04 2.81276000e-03 -3.17859000e-03 -3.78882000e-03 -4.55260000e-04 -8.82540000e-04 1.05980000e-04 4.56970000e-04 -1.33497000e-03 -1.05611000e-03 1.00388000e-03 5.72400000e-05 -6.76230000e-04 1.44561000e-03 -5.34390000e-04 -5.67380000e-04 7.08230000e-04 -7.09540000e-04 2.76775000e-03 7.40440000e-04 -5.70400000e-05 7.79470000e-04 -1.75960000e-04 1.61014000e-03 7.70710000e-04 -1.11121000e-03 2.01223000e-03 9.84460000e-04 1.13140000e-03 4.10210000e-04 1.09478000e-03 1.10266000e-03 -1.84523000e-03 -4.14210000e-04 -2.60149000e-03 1.63281000e-03 3.98665000e-03 -4.93500000e-04 -7.34790000e-04 -5.39790000e-04 5.49890000e-04 -2.69870000e-04 7.47100000e-05 -1.25990000e-04 -8.43280000e-04 1.07264000e-03 -2.21300000e-05 -4.89160000e-04 4.85950000e-04 -6.78290000e-04 -1.69324000e-03 -2.75383000e-03
3.17270000e-04 -2.11630000e-04 1.14368000e-03 1.10109000e-03 2.46360000e-04 -1.23594000e-03 -1.10036000e-03 -3.42740000e-04 -3.34840000e-04 -8.91460000e-04 5.23900000e-05 6.47950000e-04 -9.33220000e-04 -1.15654000e-03 1.80944000e-03 7.44510000e-04 -2.47499000e-03 1.02562000e-03 -6.53280000e-04 -1.14292000e-03 5.06570000e-04 4.12010000e-04 5.02360000e-04 2.92800000e-05 -1.56219000e-03 -3.01670000e-04 -6.46140000e-04 3.39810000e-04 5.54300000e-05 -1.12890000e-04 1.18903000e-03 -7.73500000e-04 -4.80590000e-04 -5.01140000e-04 -1.39430000e-04 4.20760000e-04 -5.74700000e-04 1.09242000e-03 -1.38229000e-03 1.27637000e-03 -2.26320000e-03 -2.09470000e-04 -1.11180000e-04 1.35652000e-03 5.65590000e-04 1.83876000e-03 1.39638000e-03 -5.28820000e-04 2.72000000e-05 -1.95340000e-04 8.41000000e-05 3.04930000e-04 3.51290000e-04 -1.47406000e-03 5.50670000e-04 -4.53260000e-04 -1.75239000e-03 1.69714000e-03 2.52892000e-03 2.09530000e-04 -5.33850000e-04 5.63460000e-04 -3.35090000e-04 5.60260000e-04 1.06017000e-03 -7.56970000e-04 -1.41880000e-04 6.10970000e-04 -9.82290000e-04 4.59140000e-04 -6.89400000e-05 -5.61330000e-04 6.14030000e-04 -1.72293000e-03 -8.14300000e-04 -2.21010000e-04 -7.28420000e-04 9.48600000e-05 -1.02191000e-03 -4.33710000e-04 1.25133000e-03 -1.36600000e-03 -8.01340000e-04 -8.86240000e-04 -3.83770000e-04 -1.02625000e-03 -1.09782000e-03 1.27211000e-03 7.15890000e-04 1.60927000e-03 -1.62358000e-03 -3.96399000e-03 2.36900000e-04 1.82310000e-04 1.90860000e-04 -7.79460000e-04 4.42840000e-04 -2.21900000e-04 -5.23200000e-05 -1.45640000e-04 -1.07277000e-03 -3.60090000e-04 -3.16700000e-05 -8.99100000e-04 4.25140000e-04 9.92900000e-04 2.10535000e-03
7.81500000e-05 4.85590000e-04 1.71820000e-04 4.67590000e-04 6.67480000e-04 -8.75330000e-04 -6.37750000e-04 1.42760000e-04 4.33800000e-05 -1.82700000e-04 -2.26600000e-05 1.34316000e-03 -8.64000000e-06 -1.03611000e-03 9.07100000e-04 6.53990000e-04 -1.50506000e-03 4.25940000e-04 -1.02180000e-04 -9.73440000e-04 1.43896000e-03 2.80420000e-04 2.82190000e-04 5.95000000e-04 -7.30230000e-04 2.07090000e-04 -1.88060000e-04 2.66830000e-04 3.75720000e-04 8.80300000e-05 9.02060000e-04 -5.73270000e-04 2.72200000e-05 -7.98900000e-05 -2.47560000e-04 4.95070000e-04 -1.01280000e-04 6.38670000e-04 -9.67070000e-04 3.96090000e-04 -1.33119000e-03 2.99920000e-04 -5.71900000e-05 8.18920000e-04 6.67590000e-04 7.66370000e-04 1.70949000e-03 -2.04900000e-05 3.14750000e-04 -1.18400000e-05 2.89050000e-04 9.26430000e-04 4.57680000e-04 -5.37950000e-04 5.57150000e-04 1.25080000e-04 -1.59047000e-03 2.22675000e-03 2.07437000e-03 4.55530000e-04 1.37030000e-03 -2.38160000e-04 -1.22150000e-04 9.45970000e-04 5.12070000e-04 -2.84880000e-04 2.43090000e-04 4.74140000e-04 -6.78660000e-04 4.25370000e-04 6.99990000e-04 -1.50660000e-04 5.34350000e-04 -1.62003000e-03 4.82800000e-05 1.90160000e-04 -1.68070000e-04 2.90410000e-04 -8.77640000e-04 -4.24230000e-04 4.30450000e-04 -1.09696000e-03 -4.38520000e-04 -5.66390000e-04 -1.26990000e-04 -3.38740000e-04 -1.90050000e-04 9.96680000e-04 5.12300000e-05 1.54648000e-03 -6.30270000e-04 -1.48199000e-03 3.29830000e-04 6.59850000e-04 3.53720000e-04 -6.61800000e-05 -1.00610000e-04 3.72400000e-05 1.39990000e-04 8.88300000e-04 -3.88150000e-04 2.67150000e-04 5.10510000e-04 1.06020000e-04 3.35350000e-04 9.90820000e-04 1.34949000e-03
-9.41200000e-05 -1.20314000e-03 -8.95000000e-04 -1.19233000e-03 -1.83169000e-03 3.07813000e-03 2.12782000e-03 -6.34460000e-04 1.25660000e-04 9.24770000e-04 -3.10990000e-04 -4.62443000e-03 8.13120000e-04 2.92363000e-03 -2.87713000e-03 -1.39075000e-03 5.17188000e-03 -1.28146000e-03 2.58450000e-04 3.50987000e-03 -4.62364000e-03 -1.07635000e-03 -5.95780000e-04 -1.30293000e-03 2.58892000e-03 -4.13930000e-04 2.41162000e-03 -9.81280000e-04 -8.96150000e-04 9.65000000e-05 -2.56060000e-03 2.07126000e-03 9.79730000e-04 5.97360000e-04 6.55150000e-04 -1.52204000e-03 5.52160000e-04 -1.50428000e-03 3.24548000e-03 -1.18924000e-03 4.65347000e-03 -1.00283000e-03 3.52190000e-04 -2.09497000e-03 -1.07931000e-03 -2.51288000e-03 -5.49635000e-03 6.85700000e-05 -9.62210000e-04 6.38800000e-05 -2.19320000e-04 -2.71795000e-03 -1.18624000e-03 1.97440000e-03 -1.66056000e-03 -4.41550000e-04 5.41167000e-03 -7.37474000e-03 -6.21233000e-03 -8.00190000e-04 -4.27150000e-03 1.08093000e-03 1.17019000e-03 -3.01900000e-03 -1.40658000e-03 8.54260000e-04 -8.16080000e-04 -1.10367000e-03 3.11324000e-03 -6.27150000e-04 -2.48274000e-03 1.64991000e-03 -8.44290000e-04 5.38804000e-03 1.11100000e-04 -1.17830000e-03 6.52460000e-04 -1.34250000e-04 3.11848000e-03 1.96636000e-03 -1.34325000e-03 3.54233000e-03 1.54219000e-03 1.88680000e-03 1.42240000e-04 1.25876000e-03 1.27463000e-03 -3.08571000e-03 -2.26590000e-04 -4.68163000e-03 2.37916000e-03 5.42259000e-03 -1.08696000e-03 -1.80335000e-03 -8.19860000e-04 2.92810000e-04 5.67310000e-04 -4.23300000e-05 -6.03880000e-04 -2.28979000e-03 1.21415000e-03 -4.80230000e-04 -1.38243000e-03 -2.72100000e-05 -9.84880000e-04 -2.87620000e-03 -3.80859000e-03
-4.64380000e-04 6.42420000e-04 -7.26960000e-04 -5.00390000e-04 3.28520000e-04 -5.76400000e-05 2.02150000e-04 3.29250000e-04 7.52700000e-05 2.32640000e-04 -8.27100000e-05 1.13724000e-03 6.07730000e-04 3.22890000e-04 -5.14870000e-04 -9.99000000e-06 4.48900000e-04 -4.96990000e-04 4.32540000e-04 -1.52620000e-04 1.29007000e-03 -2.91020000e-04 -1.95570000e-04 3.94910000e-04 5.29180000e-04 2.65500000e-04 4.49750000e-04 -2.61130000e-04 2.15780000e-04 5.64200000e-05 -8.18400000e-05 5.74100000e-05 3.05590000e-04 2.30580000e-04 -7.66570000e-04 1.14400000e-04 2.87970000e-04 -2.91110000e-04 9.10700000e-05 -7.16140000e-04 4.03280000e-04 4.99310000e-04 -7.34000000e-06 -3.94070000e-04 3.53560000e-04 -5.75440000e-04 7.71680000e-04 3.41350000e-04 2.99160000e-04 7.46000000e-05 2.55450000e-04 5.99530000e-04 1.79280000e-04 3.77620000e-04 2.51400000e-05 4.82220000e-04 -1.57690000e-04 1.13902000e-03 7.08500000e-05 2.96050000e-04 2.07686000e-03 -8.49180000e-04 1.46750000e-04 6.36600000e-04 -4.27080000e-04 2.82870000e-04 3.01740000e-04 -6.27100000e-05 2.15950000e-04 -5.85000000e-05 7.75840000e-04 1.25550000e-04 -9.60300000e-05 -2.89010000e-04 5.89180000e-04 4.40580000e-04 4.00850000e-04 1.79040000e-04 -1.45790000e-04 3.69500000e-05 -6.05600000e-04 -2.47100000e-05 2.38730000e-04 1.48950000e-04 7.42100000e-05 3.77990000e-04 5.75440000e-04 -1.93070000e-04 -6.38430000e-04 3.36420000e-04 3.96710000e-04 1.39461000e-03 -6.06500000e-05 2.04940000e-04 -5.64100000e-05 2.86630000e-04 -6.11270000e-04 -6.07300000e-05 -6.41300000e-05 7.04730000e-04 1.18960000e-04 2.37250000e-04 2.69360000e-04 5.77660000e-04 -3.12320000e-04 1.49520000e-04 -7.40530000e-04
2.36510000e-04 1.17622000e-03 5.72500000e-04 1.31331000e-03 1.69064000e-03 -2.51218000e-03 -1.80105000e-03 2.51290000e-04 -4.91900000e-05 -6.23830000e-04 -4.80400000e-05 3.60399000e-03 -1.72000000e-04 -2.77779000e-03 2.55484000e-03 1.64805000e-03 -4.23483000e-03 1.16318000e-03 -3.32650000e-04 -2.81689000e-03 3.79789000e-03 8.75440000e-04 6.87680000e-04 1.45302000e-03 -2.06757000e-03 4.28790000e-04 -9.73100000e-04 8.11510000e-04 9.55030000e-04 9.85400000e-05 2.39735000e-03 -1.68769000e-03 -1.73770000e-04 -4.20770000e-04 -8.26610000e-04 1.25255000e-03 -3.51960000e-04 1.66162000e-03 -2.70882000e-03 1.24452000e-03 -3.78942000e-03 7.77550000e-04 -2.84940000e-04 2.23451000e-03 1.71661000e-03 2.27437000e-03 4.55232000e-03 -1.55340000e-04 7.00240000e-04 -1.39640000e-04 6.03060000e-04 2.33540000e-03 1.14571000e-03 -1.58594000e-03 1.37849000e-03 2.16600000e-04 -4.45662000e-03 5.94605000e-03 5.67736000e-03 1.01047000e-03 3.49447000e-03 -5.73040000e-04 -3.82300000e-04 2.42313000e-03 1.35843000e-03 -1.01292000e-03 5.96630000e-04 1.19679000e-03 -1.90357000e-03 1.04540000e-03 1.74969000e-03 -5.10510000e-04 1.21315000e-03 -4.38696000e-03 -2.13800000e-04 4.98590000e-04 -5.15380000e-04 5.59290000e-04 -2.57714000e-03 -1.17949000e-03 1.37332000e-03 -3.02169000e-03 -1.18391000e-03 -1.50658000e-03 -4.88030000e-04 -1.03210000e-03 -7.04320000e-04 2.74985000e-03 1.18930000e-04 4.15492000e-03 -1.85810000e-03 -4.51666000e-03 8.99860000e-04 1.61408000e-03 9.00090000e-04 -2.85110000e-04 -1.62200000e-04 8.80900000e-05 3.80570000e-04 2.16640000e-03 -1.18671000e-03 5.19340000e-04 1.24822000e-03 4.55100000e-05 8.76770000e-04 2.70160000e-03 3.63565000e-03
1.01400000e-05 -1.01235000e-03 -4.95570000e-04 -8.88520000e-04 -1.50886000e-03 2.77336000e-03 1.87369000e-03 -3.09480000e-04 2.55130000e-04 6.09320000e-04 9.21000000e-06 -4.19042000e-03 3.61910000e-04 2.74663000e-03 -2.32367000e-03 -1.45349000e-03 4.20673000e-03 -5.29500000e-04 3.93300000e-04 3.11663000e-03 -3.96428000e-03 -8.40840000e-04 -5.06460000e-04 -1.14783000e-03 2.01743000e-03 -2.06390000e-04 1.52595000e-03 -7.76270000e-04 -7.62000000e-04 1.53240000e-04 -1.90183000e-03 1.76215000e-03 4.15790000e-04 5.70720000e-04 1.46530000e-03 -1.35407000e-03 5.86080000e-04 -1.21733000e-03 2.79096000e-03 -7.39170000e-04 3.81948000e-03 -8.58280000e-04 3.70770000e-04 -1.77816000e-03 -1.90700000e-03 -1.78156000e-03 -4.85747000e-03 1.81430000e-04 -7.63560000e-04 2.50970000e-04 -6.27730000e-04 -2.32344000e-03 -1.01015000e-03 1.43743000e-03 -1.18747000e-03 -3.67650000e-04 4.67673000e-03 -6.41680000e-03 -5.95968000e-03 -1.02405000e-03 -3.90580000e-03 1.51056000e-03 4.94600000e-04 -2.86933000e-03 -1.00976000e-03 1.23797000e-03 -3.93450000e-04 -1.04262000e-03 2.17063000e-03 -7.03990000e-04 -2.05427000e-03 9.30800000e-04 -9.65330000e-04 4.65519000e-03 4.43390000e-04 -7.52930000e-04 6.73230000e-04 -4.23850000e-04 2.80072000e-03 1.16010000e-03 -7.90000000e-04 3.09211000e-03 1.17907000e-03 1.56504000e-03 4.86720000e-04 1.07427000e-03 7.78480000e-04 -2.75845000e-03 2.08400000e-04 -4.46708000e-03 1.75484000e-03 3.87270000e-03 -8.92500000e-04 -1.68410000e-03 -8.87200000e-04 1.70980000e-04 4.06320000e-04 -5.83000000e-05 -3.89880000e-04 -2.50636000e-03 1.15138000e-03 -5.41290000e-04 -1.35819000e-03 -3.07180000e-04 -7.74100000e-04 -2.71527000e-03 -2.94897000e-03
-2.90000000e-05 3.66340000e-04 -2.24480000e-04 -6.47200000e-05 3.35190000e-04 -5.91830000e-04 -3.42690000e-04 9.48300000e-05 -4.58100000e-05 1.90190000e-04 -9.47100000e-05 1.24154000e-03 1.11400000e-04 -6.61760000e-04 2.26560000e-04 3.60240000e-04 -5.44280000e-04 -8.26500000e-05 -1.87200000e-05 -5.73480000e-04 1.16131000e-03 1.30490000e-04 3.32300000e-05 2.97050000e-04 -1.77470000e-04 7.92000000e-05 4.29570000e-04 1.18590000e-04 1.67300000e-04 -2.21100000e-05 2.93390000e-04 -2.74850000e-04 8.07800000e-05 3.68000000e-06 -7.13690000e-04 3.13370000e-04 -7.52700000e-05 1.40220000e-04 -5.13490000e-04 -1.59280000e-04 -4.79680000e-04 2.74250000e-04 -7.77600000e-05 2.51360000e-04 7.29730000e-04 7.68200000e-05 1.22120000e-03 3.31100000e-05 2.20550000e-04 -7.43900000e-05 3.81600000e-04 6.28910000e-04 1.85720000e-04 4.85000000e-05 1.90640000e-04 1.73520000e-04 -8.82610000e-04 1.60320000e-03 1.46308000e-03 4.45200000e-04 1.55097000e-03 -6.16370000e-04 6.80600000e-05 8.27830000e-04 2.27400000e-05 -1.87720000e-04 5.78800000e-05 1.88490000e-04 -1.72800000e-04 2.19900000e-04 5.84860000e-04 5.77900000e-05 2.69310000e-04 -9.90500000e-04 1.49770000e-04 2.31460000e-04 -5.85000000e-05 2.95840000e-04 -4.87430000e-04 -6.70600000e-05 -8.51200000e-05 -6.14100000e-04 -1.35930000e-04 -2.32860000e-04 -1.28800000e-04 -8.46000000e-05 5.21600000e-05 6.22760000e-04 -3.01910000e-04 1.28262000e-03 3.08700000e-05 9.58400000e-05 2.63550000e-04 5.70800000e-04 3.56280000e-04 1.93690000e-04 -1.00650000e-04 1.17380000e-04 1.15270000e-04 9.80720000e-04 -7.07400000e-05 3.89030000e-04 5.33820000e-04 4.72730000e-04 1.78340000e-04 8.77350000e-04 6.78880000e-04
3.31040000e-04 -5.50970000e-04 2.30060000e-04 5.68900000e-05 -4.42770000e-04 8.16550000e-04 4.11840000e-04 -1.39910000e-04 1.57910000e-04 2.31340000e-04 6.14600000e-05 -1.71860000e-03 -9.85000000e-05 4.65360000e-04 -3.61090000e-04 -3.14250000e-04 8.78600000e-04 8.78900000e-05 -8.97800000e-05 8.63540000e-04 -1.69145000e-03 5.35800000e-05 5.55700000e-05 -3.77420000e-04 2.87150000e-04 -5.83100000e-05 4.24730000e-04 8.07500000e-05 -2.35980000e-04 5.45600000e-05 -4.51740000e-04 3.86660000e-04 8.39600000e-05 5.20500000e-05 1.02856000e-03 -3.93200000e-04 4.20300000e-05 -2.00750000e-04 6.91870000e-04 1.51400000e-04 8.30090000e-04 -4.75960000e-04 6.75500000e-05 -2.54280000e-04 -7.37680000e-04 -3.04680000e-04 -1.72742000e-03 -6.52600000e-05 -3.35180000e-04 6.45000000e-05 -2.94540000e-04 -7.87940000e-04 -2.98810000e-04 4.13460000e-04 -3.08390000e-04 -2.56540000e-04 1.23051000e-03 -2.27898000e-03 -1.60054000e-03 -3.93750000e-04 -2.08709000e-03 7.83130000e-04 9.95400000e-05 -1.10576000e-03 -5.20800000e-05 2.43160000e-04 -2.08180000e-04 -1.68170000e-04 3.80130000e-04 -1.17710000e-04 -8.18510000e-04 2.76840000e-04 -1.21700000e-04 1.31582000e-03 -9.18300000e-05 -3.80000000e-04 7.62000000e-06 -1.59190000e-04 7.57050000e-04 2.33830000e-04 2.11100000e-05 8.06980000e-04 2.06790000e-04 3.16820000e-04 1.44890000e-04 1.75700000e-04 2.19900000e-05 -5.11040000e-04 4.19890000e-04 -1.29422000e-03 4.84920000e-04 6.96330000e-04 -5.40400000e-05 -2.89680000e-04 -6.51800000e-05 1.35920000e-04 4.24370000e-04 2.04190000e-04 1.14010000e-04 -7.54140000e-04 5.01520000e-04 -2.88500000e-05 -2.71120000e-04 -9.66600000e-05 7.25000000e-05 -7.99750000e-04 -4.76340000e-04
-1.59850000e-04 5.48180000e-04 -8.11180000e-04 -5.30040000e-04 1.89160000e-04 5.95840000e-04 6.51390000e-04 4.47620000e-04 2.95050000e-04 6.07160000e-04 2.92700000e-05 3.10660000e-04 6.12940000e-04 9.20870000e-04 -8.63890000e-04 -3.64050000e-04 1.19536000e-03 -1.37030000e-04 6.54750000e-04 4.25370000e-04 7.38410000e-04 -1.11310000e-04 -2.08240000e-04 3.10710000e-04 8.86820000e-04 4.18650000e-04 6.03870000e-04 -5.36500000e-05 1.38160000e-04 8.25200000e-05 -1.15170000e-04 3.01550000e-04 3.14440000e-04 3.17930000e-04 1.24630000e-04 -1.85630000e-04 4.93960000e-04 -4.77880000e-04 6.84780000e-04 -6.51280000e-04 1.12146000e-03 4.37780000e-04 7.19000000e-06 -6.38470000e-04 -6.31000000e-04 -6.57540000e-04 -2.49370000e-04 5.01610000e-04 1.32570000e-04 1.76110000e-04 -1.18940000e-04 2.62890000e-04 1.41930000e-04 9.00590000e-04 -1.35780000e-04 4.81880000e-04 6.83660000e-04 8.30000000e-07 -1.13442000e-03 -6.91600000e-05 1.46032000e-03 -1.66000000e-04 8.22100000e-05 -1.32290000e-04 -5.94350000e-04 7.94430000e-04 4.83710000e-04 -2.26330000e-04 5.12180000e-04 -1.56490000e-04 5.03360000e-04 2.18660000e-04 -4.15900000e-04 6.48290000e-04 9.25680000e-04 4.83770000e-04 6.46410000e-04 -7.21700000e-05 3.81540000e-04 4.57100000e-05 -4.44410000e-04 6.17360000e-04 4.79720000e-04 4.58380000e-04 2.95150000e-04 6.57630000e-04 6.80820000e-04 -4.97540000e-04 -4.00600000e-04 -4.74370000e-04 9.66910000e-04 2.14125000e-03 1.55840000e-04 1.75420000e-04 -1.18000000e-04 6.73180000e-04 -3.49730000e-04 2.68900000e-04 2.99300000e-04 3.26960000e-04 7.65780000e-04 3.41720000e-04 2.78780000e-04 7.40290000e-04 -2.05790000e-04 -1.69670000e-04 -7.81230000e-04
1.83090000e-04 -2.48045000e-03 -1.26932000e-03 -2.47256000e-03 -3.58243000e-03 6.04077000e-03 4.09422000e-03 -7.88870000e-04 4.94670000e-04 1.88628000e-03 -1.33410000e-04 -9.12702000e-03 9.47940000e-04 5.54547000e-03 -5.68207000e-03 -3.35453000e-03 9.70264000e-03 -2.30013000e-03 7.86450000e-04 6.76257000e-03 -9.16647000e-03 -1.62836000e-03 -1.31263000e-03 -2.81955000e-03 4.70898000e-03 -6.64060000e-04 3.46428000e-03 -1.44124000e-03 -1.86465000e-03 1.32590000e-04 -5.17917000e-03 3.85607000e-03 9.86990000e-04 1.07881000e-03 2.50738000e-03 -2.98507000e-03 1.16098000e-03 -3.35331000e-03 6.25547000e-03 -2.21393000e-03 8.77873000e-03 -2.02999000e-03 6.40210000e-04 -4.49351000e-03 -3.64551000e-03 -4.96750000e-03 -1.09375400e-02 2.88240000e-04 -1.81880000e-03 3.69050000e-04 -1.17755000e-03 -5.27617000e-03 -2.58210000e-03 4.02054000e-03 -3.03154000e-03 -7.50560000e-04 1.04004000e-02 -1.44601900e-02 -1.28820600e-02 -2.21620000e-03 -8.83524000e-03 2.32883000e-03 1.40763000e-03 -6.10708000e-03 -2.72144000e-03 2.14696000e-03 -1.35357000e-03 -2.49601000e-03 4.84757000e-03 -1.87225000e-03 -4.52239000e-03 2.23819000e-03 -2.17224000e-03 1.03330400e-02 4.18960000e-04 -1.66773000e-03 1.42925000e-03 -9.19970000e-04 6.03583000e-03 2.92022000e-03 -2.59782000e-03 6.88258000e-03 2.76916000e-03 3.55138000e-03 9.53770000e-04 2.46823000e-03 1.95359000e-03 -5.96450000e-03 -7.26500000e-05 -9.56703000e-03 4.68319000e-03 1.04497200e-02 -1.73312000e-03 -3.33917000e-03 -1.52404000e-03 9.81310000e-04 1.14711000e-03 2.42520000e-04 -5.48860000e-04 -4.69701000e-03 3.04929000e-03 -6.93270000e-04 -2.53446000e-03 1.21170000e-04 -1.47369000e-03 -5.95890000e-03 -7.63780000e-03
-2.99500000e-04 6.31490000e-04 -3.08880000e-04 -3.47900000e-05 5.28270000e-04 -4.64480000e-04 -2.08440000e-04 2.84150000e-04 8.54700000e-05 -7.64500000e-05 -6.22400000e-05 1.19161000e-03 3.59240000e-04 -2.93510000e-04 1.47420000e-04 2.73800000e-04 -6.01360000e-04 -8.03000000e-06 2.18010000e-04 -6.55770000e-04 1.43581000e-03 -9.23500000e-05 4.70000000e-07 5.40730000e-04 -1.24920000e-04 2.61340000e-04 -1.44110000e-04 -7.50400000e-05 3.13870000e-04 5.34500000e-05 4.47260000e-04 -3.40880000e-04 1.30470000e-04 5.12700000e-05 -2.76350000e-04 2.78420000e-04 1.33080000e-04 1.65060000e-04 -4.63420000e-04 -1.18480000e-04 -5.43830000e-04 4.65670000e-04 -7.71700000e-05 2.06030000e-04 3.47760000e-04 7.72600000e-05 1.26836000e-03 2.05640000e-04 3.07110000e-04 3.35200000e-05 1.68920000e-04 7.66090000e-04 3.29030000e-04 -1.79330000e-04 3.06070000e-04 3.32890000e-04 -1.01603000e-03 1.72119000e-03 8.50290000e-04 2.96030000e-04 1.91800000e-03 -5.20310000e-04 -8.37600000e-05 7.73800000e-04 4.18800000e-05 1.10480000e-04 3.41000000e-04 1.68110000e-04 -3.29700000e-04 1.65770000e-04 8.28850000e-04 -8.72700000e-05 1.08370000e-04 -1.05349000e-03 4.75020000e-04 3.20480000e-04 1.60010000e-04 1.51610000e-04 -5.96560000e-04 -3.72580000e-04 -3.19000000e-05 -6.17570000e-04 -7.07600000e-05 -1.99360000e-04 5.13000000e-06 3.68200000e-05 1.84900000e-04 2.64920000e-04 -3.37190000e-04 7.09270000e-04 -2.27520000e-04 -1.99100000e-04 4.46400000e-05 3.54410000e-04 1.02500000e-05 4.85700000e-05 -5.44370000e-04 -9.37800000e-05 -2.50500000e-05 7.25240000e-04 -1.95180000e-04 1.63990000e-04 3.04790000e-04 2.34690000e-04 -9.61700000e-05 4.00500000e-04 2.28460000e-04
1.07590000e-04 -8.93660000e-04 -1.35290000e-04 -4.71170000e-04 -1.06069000e-03 1.79201000e-03 1.16437000e-03 -3.05260000e-04 1.17090000e-04 4.57910000e-04 -2.89300000e-05 -2.92743000e-03 2.00440000e-04 1.58423000e-03 -1.38703000e-03 -8.14320000e-04 2.71659000e-03 -4.72020000e-04 4.11600000e-05 2.04142000e-03 -3.00034000e-03 -4.32180000e-04 -2.30730000e-04 -8.44840000e-04 1.24534000e-03 -2.24420000e-04 1.22248000e-03 -3.90420000e-04 -5.35310000e-04 6.92600000e-05 -1.36252000e-03 1.15957000e-03 3.43460000e-04 3.03460000e-04 8.91730000e-04 -8.60370000e-04 2.18000000e-04 -7.46660000e-04 1.79197000e-03 -4.12140000e-04 2.45994000e-03 -7.13330000e-04 2.43700000e-04 -1.07130000e-03 -9.59320000e-04 -1.17931000e-03 -3.35995000e-03 1.66400000e-05 -5.78910000e-04 9.35800000e-05 -2.96590000e-04 -1.62683000e-03 -6.75540000e-04 9.85790000e-04 -8.52510000e-04 -3.28420000e-04 3.05152000e-03 -4.48085000e-03 -3.62303000e-03 -5.91430000e-04 -3.14935000e-03 8.78550000e-04 4.35820000e-04 -1.93591000e-03 -5.87010000e-04 5.25030000e-04 -4.63570000e-04 -5.85330000e-04 1.41327000e-03 -4.02370000e-04 -1.51909000e-03 7.14300000e-04 -4.97340000e-04 3.10710000e-03 -2.57300000e-05 -6.50280000e-04 2.45620000e-04 -2.19860000e-04 1.83186000e-03 9.55620000e-04 -5.47100000e-04 2.02387000e-03 7.55200000e-04 1.00829000e-03 2.21940000e-04 6.32210000e-04 4.93000000e-04 -1.63417000e-03 2.51520000e-04 -2.80627000e-03 1.19834000e-03 2.56068000e-03 -5.37670000e-04 -1.00285000e-03 -4.33950000e-04 1.23580000e-04 4.31430000e-04 4.88500000e-05 -2.30690000e-04 -1.54028000e-03 7.69780000e-04 -3.01800000e-04 -8.15010000e-04 -1.62050000e-04 -3.92510000e-04 -1.74310000e-03 -1.89799000e-03
4.85000000e-06 -2.00882000e-03 -1.95687000e-03 -2.92019000e-03 -3.49001000e-03 6.41736000e-03 4.55913000e-03 -5.61920000e-04 6.30150000e-04 2.25519000e-03 -1.55990000e-04 -8.76655000e-03 1.37603000e-03 6.27865000e-03 -6.33880000e-03 -3.61571000e-03 1.06676700e-02 -2.30183000e-03 1.27625000e-03 7.18726000e-03 -8.46908000e-03 -1.84112000e-03 -1.52830000e-03 -2.61088000e-03 5.40311000e-03 -3.99600000e-04 4.09818000e-03 -1.64412000e-03 -1.77776000e-03 2.13570000e-04 -5.18882000e-03 4.16494000e-03 1.18664000e-03 1.37522000e-03 2.20673000e-03 -3.17637000e-03 1.54839000e-03 -3.63044000e-03 6.74200000e-03 -2.70512000e-03 9.67261000e-03 -1.73668000e-03 6.67170000e-04 -4.94597000e-03 -3.97356000e-03 -5.31946000e-03 -1.10420500e-02 6.06030000e-04 -1.73492000e-03 4.82050000e-04 -1.18258000e-03 -5.10127000e-03 -2.53303000e-03 4.53944000e-03 -3.14807000e-03 -4.76330000e-04 1.10289400e-02 -1.44035800e-02 -1.36319700e-02 -2.19985000e-03 -7.54627000e-03 2.31438000e-03 1.49572000e-03 -6.20563000e-03 -3.15860000e-03 2.71978000e-03 -1.00016000e-03 -2.71528000e-03 5.40737000e-03 -1.93459000e-03 -4.27056000e-03 2.45736000e-03 -2.46367000e-03 1.08724600e-02 1.11315000e-03 -1.36429000e-03 1.93501000e-03 -8.92120000e-04 6.41756000e-03 3.01465000e-03 -2.83744000e-03 7.34443000e-03 3.11517000e-03 3.90685000e-03 1.09234000e-03 2.91433000e-03 2.43899000e-03 -6.37954000e-03 -4.16350000e-04 -9.81135000e-03 5.29265000e-03 1.18323800e-02 -1.72738000e-03 -3.36793000e-03 -1.65889000e-03 1.29274000e-03 9.22040000e-04 3.02120000e-04 -5.07910000e-04 -4.61360000e-03 3.40661000e-03 -5.53750000e-04 -2.46033000e-03 5.05080000e-04 -1.71855000e-03 -5.91213000e-03 -7.95512000e-03
5.96810000e-04 -1.12889000e-03 7.35860000e-04 8.46600000e-05 -9.67840000e-04 1.11968000e-03 4.21160000e-04 -4.16000000e-04 1.22990000e-04 1.38940000e-04 1.28710000e-04 -2.85493000e-03 -5.51030000e-04 3.44040000e-04 -4.74070000e-04 -6.46820000e-04 1.19720000e-03 6.27400000e-05 -2.51030000e-04 1.47078000e-03 -3.03756000e-03 5.62300000e-05 2.98000000e-06 -9.63150000e-04 1.88840000e-04 -3.16630000e-04 4.14410000e-04 6.74900000e-05 -5.73640000e-04 2.49800000e-05 -9.65950000e-04 6.30770000e-04 -2.64140000e-04 -5.45000000e-05 1.21068000e-03 -7.46550000e-04 -3.41500000e-05 -4.01130000e-04 9.42090000e-04 3.80050000e-04 1.13307000e-03 -1.14608000e-03 5.80500000e-05 -5.35580000e-04 -1.23449000e-03 -3.26530000e-04 -2.99038000e-03 -3.42910000e-04 -6.95160000e-04 6.25900000e-05 -5.32320000e-04 -1.46800000e-03 -8.24600000e-04 4.07610000e-04 -5.68130000e-04 -6.66200000e-04 2.12612000e-03 -3.96285000e-03 -2.61692000e-03 -7.82540000e-04 -4.14287000e-03 1.40779000e-03 1.13300000e-05 -1.93991000e-03 6.89000000e-06 1.07730000e-04 -6.21860000e-04 -4.20710000e-04 3.98530000e-04 -4.50960000e-04 -1.65147000e-03 2.37270000e-04 -2.32360000e-04 2.15411000e-03 -6.06830000e-04 -6.40110000e-04 -5.07400000e-05 -3.81770000e-04 1.24708000e-03 3.80130000e-04 1.09300000e-04 1.20733000e-03 1.74760000e-04 4.47300000e-04 2.27420000e-04 5.97800000e-05 -3.01450000e-04 -8.74740000e-04 7.89130000e-04 -2.12927000e-03 4.97310000e-04 5.84000000e-04 -2.01620000e-04 -7.72050000e-04 -1.29920000e-04 -4.02400000e-05 9.03550000e-04 1.58000000e-04 6.47000000e-05 -1.68973000e-03 5.66880000e-04 -2.41780000e-04 -6.98150000e-04 -4.67980000e-04 1.54430000e-04 -1.37321000e-03 -1.01961000e-03
2.47820000e-04 2.67060000e-04 3.62860000e-04 5.31600000e-04 4.88350000e-04 -9.97340000e-04 -7.66390000e-04 4.35000000e-05 -7.36900000e-05 -1.69030000e-04 5.50000000e-07 1.17035000e-03 -3.19420000e-04 -1.07961000e-03 1.03560000e-03 6.16490000e-04 -1.69876000e-03 5.05310000e-04 -2.37950000e-04 -1.07768000e-03 1.15391000e-03 4.28240000e-04 3.02660000e-04 3.54840000e-04 -9.16610000e-04 3.07000000e-05 -1.93040000e-04 4.03610000e-04 2.33970000e-04 -2.89400000e-05 8.84660000e-04 -6.59320000e-04 -1.54850000e-04 -2.03760000e-04 -7.75900000e-05 4.74780000e-04 -2.54000000e-04 6.69450000e-04 -1.08063000e-03 5.15270000e-04 -1.52063000e-03 1.97250000e-04 -9.77300000e-05 8.65140000e-04 6.13680000e-04 8.79210000e-04 1.64530000e-03 -1.43880000e-04 2.36130000e-04 -8.29200000e-05 2.41890000e-04 7.12610000e-04 3.92460000e-04 -5.50080000e-04 5.07690000e-04 -6.96000000e-06 -1.70925000e-03 2.08485000e-03 2.24450000e-03 4.01610000e-04 1.04787000e-03 -1.45080000e-04 -2.08240000e-04 8.87340000e-04 5.66350000e-04 -3.32480000e-04 1.26170000e-04 4.63630000e-04 -7.67800000e-04 3.87020000e-04 5.63290000e-04 -3.06180000e-04 4.85630000e-04 -1.70119000e-03 -6.88900000e-05 1.40000000e-04 -3.35360000e-04 2.18190000e-04 -9.43500000e-04 -4.59250000e-04 5.33190000e-04 -1.17077000e-03 -5.05990000e-04 -6.29530000e-04 -1.52340000e-04 -4.99470000e-04 -4.65040000e-04 1.15952000e-03 1.88070000e-04 1.68159000e-03 -6.58290000e-04 -1.74540000e-03 4.47790000e-04 7.15490000e-04 4.43770000e-04 -3.91600000e-05 1.13980000e-04 1.33920000e-04 2.48070000e-04 8.68700000e-04 -3.49280000e-04 2.98640000e-04 5.51340000e-04 8.11100000e-05 4.78170000e-04 1.11014000e-03 1.67444000e-03
3.11650000e-04 -1.78390000e-03 1.04695000e-03 1.60310000e-04 -1.60439000e-03 1.20323000e-03 4.05740000e-04 -9.47800000e-04 -2.14520000e-04 -4.80100000e-04 1.76260000e-04 -3.96081000e-03 -9.02500000e-04 5.98050000e-04 -3.75470000e-04 -6.59460000e-04 1.31611000e-03 -1.05250000e-04 -7.21450000e-04 1.63784000e-03 -4.52343000e-03 -4.32330000e-04 -5.33800000e-05 -1.57356000e-03 1.49580000e-04 -9.14770000e-04 5.13360000e-04 -4.57880000e-04 -8.09590000e-04 -4.74400000e-05 -1.40156000e-03 8.30150000e-04 -3.87330000e-04 -1.73500000e-04 1.40486000e-03 -7.03080000e-04 -3.33510000e-04 -2.75470000e-04 1.04871000e-03 5.76820000e-04 1.15416000e-03 -1.36989000e-03 2.34130000e-04 -2.95250000e-04 -5.34430000e-04 -3.76740000e-04 -3.40460000e-03 -6.81540000e-04 -8.52860000e-04 -6.08200000e-05 -4.74510000e-04 -2.41821000e-03 -1.24117000e-03 -3.89610000e-04 -7.26890000e-04 -1.08730000e-03 2.34812000e-03 -5.17874000e-03 -2.95493000e-03 -8.68620000e-04 -5.38378000e-03 1.64023000e-03 2.36370000e-04 -2.06806000e-03 1.57260000e-04 -4.28240000e-04 -1.05465000e-03 -5.21330000e-04 9.61930000e-04 -3.26900000e-04 -2.40733000e-03 3.19690000e-04 -2.63990000e-04 2.66710000e-03 -1.31700000e-03 -1.29425000e-03 -5.16040000e-04 -4.08290000e-04 1.47803000e-03 7.37740000e-04 2.21960000e-04 1.47037000e-03 2.20050000e-04 6.09650000e-04 -5.45700000e-05 -2.10040000e-04 -6.47240000e-04 -1.45548000e-03 8.62770000e-04 -3.05807000e-03 -2.77710000e-04 -8.18060000e-04 -1.01305000e-03 -1.73972000e-03 -5.54350000e-04 -1.00079000e-03 8.89360000e-04 -5.02010000e-04 -8.15000000e-04 -2.50767000e-03 -4.31360000e-04 -1.10720000e-03 -1.60532000e-03 -1.62442000e-03 -2.45500000e-04 -1.91363000e-03 -7.57470000e-04
-1.43320000e-04 9.96000000e-05 -1.29700000e-04 -3.11600000e-05 3.93500000e-05 -4.58600000e-05 1.26900000e-05 -1.24700000e-05 -3.17900000e-05 1.19900000e-05 -9.02200000e-05 2.12010000e-04 1.44090000e-04 -3.98000000e-06 -2.70900000e-05 1.65900000e-04 1.07590000e-04 -8.99000000e-05 -1.54700000e-05 2.69100000e-05 1.71900000e-04 -1.56840000e-04 2.19000000e-05 7.41000000e-05 9.06500000e-05 -4.45000000e-06 5.16910000e-04 -1.62510000e-04 3.76200000e-05 3.98600000e-05 3.03300000e-05 8.50700000e-05 1.96260000e-04 1.07040000e-04 -2.65780000e-04 5.13100000e-05 -4.93000000e-06 1.16830000e-04 -1.70100000e-05 -1.26130000e-04 8.80000000e-05 6.38700000e-05 7.31400000e-05 3.03200000e-05 4.13580000e-04 -6.43600000e-05 2.17160000e-04 1.54000000e-05 7.80400000e-05 -1.04200000e-05 2.63730000e-04 9.35900000e-05 9.15400000e-05 -2.22400000e-05 2.04300000e-05 3.66100000e-05 -2.77500000e-05 2.07050000e-04 1.92500000e-04 2.67610000e-04 3.69120000e-04 -1.90250000e-04 1.31490000e-04 1.90400000e-04 1.17800000e-05 6.72000000e-06 -1.86000000e-05 8.23200000e-05 1.93460000e-04 1.25630000e-04 6.21900000e-05 1.45310000e-04 1.49290000e-04 -6.29600000e-05 1.35060000e-04 -4.07200000e-05 -1.12400000e-05 2.08220000e-04 4.32200000e-05 1.61090000e-04 -1.09450000e-04 -2.20200000e-05 5.32400000e-05 3.21700000e-05 -4.25500000e-05 3.07700000e-05 1.36050000e-04 -1.82600000e-05 -7.19000000e-05 1.72590000e-04 1.44400000e-05 2.01900000e-04 -1.11800000e-04 2.36600000e-05 1.34600000e-05 -7.54200000e-05 -1.25720000e-04 -9.41400000e-05 -1.70160000e-04 1.63490000e-04 -1.24530000e-04 2.83200000e-05 1.59500000e-05 5.32300000e-05 -9.95300000e-05 9.97200000e-05 5.83100000e-05
-8.34800000e-05 -4.61260000e-04 -4.93000000e-05 -9.14400000e-05 -5.95890000e-04 1.46900000e-03 9.16810000e-04 -1.92300000e-04 2.19610000e-04 -5.68000000e-05 -5.73000000e-06 -2.44367000e-03 3.10220000e-04 1.34283000e-03 -8.75190000e-04 -5.41540000e-04 1.83225000e-03 -4.48700000e-05 1.55740000e-04 1.60918000e-03 -2.16954000e-03 -5.78840000e-04 -1.07360000e-04 -3.59660000e-04 8.39260000e-04 -1.42000000e-06 5.21530000e-04 -5.39360000e-04 -2.22780000e-04 2.54440000e-04 -6.94680000e-04 8.87960000e-04 3.68960000e-04 3.40970000e-04 1.06867000e-03 -6.55420000e-04 3.72460000e-04 -2.76190000e-04 1.33594000e-03 -4.28100000e-05 1.67307000e-03 -4.90510000e-04 2.92810000e-04 -5.83290000e-04 -9.14710000e-04 -5.77680000e-04 -2.50273000e-03 6.95100000e-05 -3.56210000e-04 2.10560000e-04 -3.24660000e-04 -1.11313000e-03 -3.56610000e-04 2.62450000e-04 -3.96180000e-04 -2.63110000e-04 2.28746000e-03 -3.39585000e-03 -3.15578000e-03 -5.08940000e-04 -2.49530000e-03 1.12528000e-03 2.70260000e-04 -1.58375000e-03 -1.85080000e-04 5.85490000e-04 -1.12450000e-04 -3.58130000e-04 1.02409000e-03 -2.01280000e-04 -1.17852000e-03 5.58530000e-04 -2.55620000e-04 2.33494000e-03 1.45800000e-04 -5.85250000e-04 3.34450000e-04 -1.52450000e-04 1.39977000e-03 5.39320000e-04 -1.34810000e-04 1.48408000e-03 4.87820000e-04 7.08020000e-04 2.38600000e-04 4.77540000e-04 4.13520000e-04 -1.51521000e-03 3.33690000e-04 -2.60425000e-03 4.06580000e-04 1.04195000e-03 -6.95820000e-04 -1.09023000e-03 -6.29700000e-04 -2.84610000e-04 9.06200000e-05 -2.78820000e-04 -4.43230000e-04 -1.64949000e-03 2.28220000e-04 -5.43380000e-04 -9.78850000e-04 -6.07410000e-04 -4.96850000e-04 -1.69621000e-03 -1.49157000e-03
3.61750000e-04 8.40700000e-05 6.43460000e-04 7.12950000e-04 4.50010000e-04 -7.87240000e-04 -7.26970000e-04 2.51100000e-05 3.26000000e-05 -2.89070000e-04 9.64800000e-05 5.65960000e-04 -4.20940000e-04 -1.12826000e-03 1.12490000e-03 5.31200000e-04 -1.71294000e-03 6.93080000e-04 -2.85780000e-04 -8.37670000e-04 5.90700000e-04 4.74630000e-04 3.66360000e-04 3.02020000e-04 -1.02029000e-03 8.93200000e-05 -4.38820000e-04 4.45220000e-04 2.29960000e-04 6.14600000e-05 8.59330000e-04 -5.99290000e-04 -2.63800000e-04 -2.04070000e-04 4.05040000e-04 3.63810000e-04 -2.24080000e-04 7.02450000e-04 -9.90720000e-04 7.81460000e-04 -1.50585000e-03 -4.13800000e-05 -7.01100000e-05 9.17210000e-04 2.03270000e-04 1.01528000e-03 1.09153000e-03 -1.85220000e-04 1.26900000e-04 -2.00000000e-06 2.33500000e-05 5.51110000e-04 2.81040000e-04 -6.82420000e-04 5.34140000e-04 -1.39110000e-04 -1.43978000e-03 1.37153000e-03 1.70396000e-03 1.66270000e-04 3.42100000e-05 3.01110000e-04 -3.14680000e-04 4.44070000e-04 7.31400000e-04 -3.09140000e-04 1.07510000e-04 4.35940000e-04 -9.42170000e-04 3.23850000e-04 2.66870000e-04 -3.17940000e-04 4.88500000e-04 -1.38943000e-03 -2.18970000e-04 3.04500000e-05 -3.37840000e-04 8.98300000e-05 -7.69110000e-04 -5.66560000e-04 7.27390000e-04 -1.02868000e-03 -5.77730000e-04 -6.24390000e-04 -5.24900000e-05 -5.09480000e-04 -5.69500000e-04 1.02844000e-03 4.88860000e-04 1.16226000e-03 -7.89910000e-04 -2.14832000e-03 3.75810000e-04 5.28880000e-04 3.77130000e-04 -1.64240000e-04 2.19880000e-04 1.14430000e-04 2.40710000e-04 3.79930000e-04 -3.20900000e-04 1.73450000e-04 3.44120000e-04 -1.84600000e-04 5.27780000e-04 7.35770000e-04 1.54982000e-03
1.23310000e-04 4.09960000e-04 8.25000000e-05 1.87660000e-04 5.12220000e-04 -7.20740000e-04 -4.64460000e-04 3.46170000e-04 6.77300000e-05 1.14750000e-04 1.33540000e-04 1.36947000e-03 -2.16600000e-04 -6.59420000e-04 6.03600000e-04 2.52900000e-04 -1.13334000e-03 4.68590000e-04 7.96000000e-05 -8.82290000e-04 1.52769000e-03 4.30250000e-04 1.63050000e-04 3.59110000e-04 -5.30970000e-04 2.24750000e-04 -2.94930000e-04 4.26810000e-04 1.99050000e-04 -8.92100000e-05 7.21410000e-04 -5.57170000e-04 -2.85360000e-04 -1.63330000e-04 -4.40900000e-05 3.21360000e-04 -8.68200000e-05 2.14050000e-04 -7.41720000e-04 1.77480000e-04 -9.77270000e-04 3.19440000e-04 -2.06760000e-04 3.91070000e-04 -1.01910000e-04 5.70590000e-04 1.34633000e-03 1.07220000e-04 2.22780000e-04 -6.37000000e-06 -4.45900000e-05 8.20370000e-04 3.00050000e-04 -9.65500000e-05 3.43270000e-04 2.59060000e-04 -1.31618000e-03 2.04271000e-03 1.45843000e-03 1.51550000e-04 1.61890000e-03 -2.52560000e-04 -3.59900000e-04 6.96580000e-04 1.80560000e-04 6.61600000e-05 3.19530000e-04 2.43950000e-04 -7.48290000e-04 1.14940000e-04 8.58670000e-04 -4.23380000e-04 4.36900000e-05 -1.33608000e-03 2.96330000e-04 5.58170000e-04 -2.95100000e-05 -4.10600000e-05 -7.79690000e-04 -5.89990000e-04 3.19940000e-04 -8.31940000e-04 -2.91780000e-04 -4.01040000e-04 5.62800000e-05 -1.77610000e-04 -2.65690000e-04 8.70500000e-04 5.19800000e-05 1.33164000e-03 -1.81450000e-04 -7.31050000e-04 5.57060000e-04 7.43870000e-04 3.00610000e-04 3.20000000e-04 -1.29100000e-04 2.84000000e-04 4.70840000e-04 8.38150000e-04 1.07280000e-04 3.88800000e-04 6.47750000e-04 4.21420000e-04 3.38860000e-04 9.22160000e-04 1.06342000e-03
6.47030000e-04 -1.34502000e-03 1.15380000e-03 4.81270000e-04 -1.02768000e-03 9.42760000e-04 2.45940000e-04 -5.77300000e-04 -4.66300000e-05 -2.45040000e-04 1.55610000e-04 -3.00986000e-03 -8.90030000e-04 3.73750000e-04 6.98100000e-05 -4.70150000e-04 6.74860000e-04 4.55220000e-04 -5.01030000e-04 1.36550000e-03 -3.26271000e-03 9.74800000e-05 1.67500000e-04 -1.06937000e-03 -2.07000000e-04 -4.83870000e-04 2.44880000e-04 7.02300000e-05 -6.35450000e-04 -9.08000000e-06 -6.19560000e-04 5.73610000e-04 -3.98830000e-04 -1.52190000e-04 1.30179000e-03 -6.88920000e-04 -2.46360000e-04 1.54200000e-05 7.28950000e-04 8.15130000e-04 6.25450000e-04 -1.23410000e-03 1.42090000e-04 -1.59950000e-04 -1.15810000e-03 3.18720000e-04 -2.88589000e-03 -5.13440000e-04 -7.11880000e-04 1.44400000e-05 -5.24640000e-04 -1.61564000e-03 -6.62800000e-04 -1.45240000e-04 -4.44310000e-04 -8.68140000e-04 1.94566000e-03 -3.90715000e-03 -2.20276000e-03 -7.42360000e-04 -4.78426000e-03 1.73350000e-03 -1.07240000e-04 -1.96380000e-03 3.73390000e-04 -2.61100000e-05 -6.86750000e-04 -2.41470000e-04 2.34520000e-04 -3.13380000e-04 -1.89369000e-03 7.46000000e-06 -1.01520000e-04 2.00060000e-03 -8.51230000e-04 -8.19090000e-04 -3.34740000e-04 -3.78640000e-04 1.18640000e-03 3.72990000e-04 5.45950000e-04 1.04842000e-03 -1.26100000e-05 2.65540000e-04 1.35170000e-04 -2.53820000e-04 -6.59900000e-04 -6.62890000e-04 1.16462000e-03 -1.95377000e-03 -7.19000000e-05 -7.61890000e-04 -2.57930000e-04 -9.35220000e-04 -2.11530000e-04 -4.39710000e-04 1.05509000e-03 9.10000000e-07 -7.52200000e-05 -2.10565000e-03 1.77380000e-04 -5.40970000e-04 -9.27090000e-04 -9.66950000e-04 1.80520000e-04 -1.27731000e-03 -4.04480000e-04
-9.44900000e-05 1.68840000e-04 -2.54200000e-05 9.17500000e-05 1.31780000e-04 1.68140000e-04 1.29410000e-04 1.39780000e-04 1.21410000e-04 -1.26180000e-04 4.91600000e-05 -1.76040000e-04 1.25080000e-04 3.44190000e-04 -1.82700000e-05 -8.55000000e-06 2.29000000e-05 1.93110000e-04 1.53380000e-04 6.58900000e-05 5.13000000e-05 -1.25630000e-04 3.88700000e-05 1.66250000e-04 4.86800000e-05 1.48450000e-04 2.00000000e-06 -1.12170000e-04 1.15520000e-04 1.19380000e-04 1.94250000e-04 3.68300000e-05 9.75700000e-05 1.30280000e-04 5.49460000e-04 -2.50000000e-06 1.58610000e-04 1.35230000e-04 7.82500000e-05 6.80600000e-05 2.86900000e-05 1.20890000e-04 9.60500000e-05 5.54800000e-05 -2.55380000e-04 5.16900000e-05 -1.21900000e-05 1.35340000e-04 1.04280000e-04 1.27640000e-04 -8.44900000e-05 5.89200000e-05 1.51860000e-04 -1.32140000e-04 1.55800000e-04 8.62600000e-05 4.60000000e-07 -5.31100000e-05 -4.46020000e-04 -2.69600000e-05 1.32910000e-04 2.29420000e-04 -8.65700000e-05 -8.16900000e-05 9.96700000e-05 3.39380000e-04 2.42980000e-04 3.80900000e-05 -3.80700000e-05 4.84800000e-05 1.07460000e-04 -4.39000000e-05 -5.58000000e-06 3.84800000e-05 3.50990000e-04 3.16600000e-05 1.34030000e-04 -9.26000000e-06 6.46600000e-05 -1.73360000e-04 8.35500000e-05 6.58900000e-05 3.13500000e-05 3.06900000e-05 1.57060000e-04 9.59100000e-05 7.20400000e-05 -2.03880000e-04 1.13430000e-04 -3.79970000e-04 -1.32790000e-04 -1.95780000e-04 -1.17510000e-04 -9.49200000e-05 -1.67410000e-04 -8.25000000e-05 -2.15070000e-04 -9.51000000e-05 -7.41000000e-05 -1.78840000e-04 -1.78700000e-05 -7.68500000e-05 -1.26320000e-04 -1.37230000e-04 -1.09100000e-04 -2.78790000e-04 -3.25500000e-05
-1.71960000e-04 3.15750000e-04 -6.75410000e-04 -4.36150000e-04 4.27500000e-05 4.83540000e-04 4.82940000e-04 3.30500000e-04 2.05910000e-04 5.26960000e-04 1.26200000e-05 -9.01100000e-05 4.28870000e-04 7.00460000e-04 -7.21090000e-04 -2.62460000e-04 9.61240000e-04 -1.17600000e-05 3.74790000e-04 2.92740000e-04 3.08120000e-04 -1.46470000e-04 -1.53720000e-04 1.52820000e-04 6.80540000e-04 2.65810000e-04 4.99220000e-04 -1.07980000e-04 5.20400000e-05 1.69400000e-05 -8.76500000e-05 1.80450000e-04 2.27370000e-04 2.38140000e-04 5.41650000e-04 -1.67260000e-04 2.88070000e-04 -3.44110000e-04 4.99690000e-04 -5.02500000e-04 9.07050000e-04 3.09910000e-04 -4.04900000e-05 -4.02560000e-04 -5.13750000e-04 -6.19390000e-04 -3.10520000e-04 3.82220000e-04 4.27800000e-05 9.67500000e-05 -1.22110000e-04 4.32600000e-05 -8.15000000e-06 6.80690000e-04 -1.66530000e-04 3.32360000e-04 3.96520000e-04 -2.70130000e-04 -1.03855000e-03 -5.91000000e-05 1.23525000e-03 -7.38000000e-05 2.33800000e-05 -1.99730000e-04 -4.63260000e-04 7.50270000e-04 3.31050000e-04 -1.95950000e-04 4.63390000e-04 -1.00400000e-05 3.61150000e-04 2.33890000e-04 -3.99800000e-04 4.62950000e-04 9.45240000e-04 2.47770000e-04 3.70530000e-04 -5.90200000e-05 3.03290000e-04 -8.78100000e-05 -3.02470000e-04 4.57360000e-04 4.01040000e-04 3.93720000e-04 2.03200000e-04 5.17900000e-04 4.62460000e-04 -4.49870000e-04 -2.61720000e-04 -5.60540000e-04 7.75210000e-04 1.59745000e-03 2.98800000e-05 1.47520000e-04 -1.18050000e-04 4.75700000e-04 -3.95770000e-04 2.04240000e-04 1.30900000e-04 3.04830000e-04 5.74580000e-04 2.67760000e-04 1.98330000e-04 5.15390000e-04 -2.19310000e-04 -1.75800000e-04 -1.75980000e-04
-3.56000000e-05 -2.09110000e-04 1.06200000e-04 4.91500000e-05 -1.83860000e-04 5.40360000e-04 3.00110000e-04 -1.57700000e-05 1.26200000e-04 -8.74100000e-05 2.80600000e-05 -1.04619000e-03 8.13600000e-05 4.56820000e-04 -2.40360000e-04 -2.05280000e-04 5.02730000e-04 9.69200000e-05 2.33600000e-05 5.10040000e-04 -8.74620000e-04 -1.84360000e-04 -1.90000000e-07 -1.14400000e-04 1.85600000e-04 3.69200000e-05 -4.04200000e-05 -1.61370000e-04 -7.29900000e-05 7.64300000e-05 -1.79910000e-04 2.23590000e-04 6.66800000e-05 6.85700000e-05 7.35340000e-04 -2.64190000e-04 1.06320000e-04 -7.24000000e-05 4.24740000e-04 1.25330000e-04 4.63430000e-04 -2.14650000e-04 5.15400000e-05 -1.46770000e-04 -5.69200000e-04 -1.33960000e-04 -1.01154000e-03 4.14700000e-05 -1.65800000e-04 8.11700000e-05 -2.52970000e-04 -4.08600000e-04 -1.18770000e-04 8.08000000e-06 -1.20660000e-04 -1.02420000e-04 6.90590000e-04 -1.32291000e-03 -1.29349000e-03 -2.88730000e-04 -1.06318000e-03 5.10300000e-04 -3.19600000e-05 -6.96150000e-04 8.33000000e-06 2.84310000e-04 -1.43300000e-05 -1.15210000e-04 1.58270000e-04 -7.86300000e-05 -3.99690000e-04 1.14680000e-04 -1.52470000e-04 7.63330000e-04 1.17700000e-04 -2.22170000e-04 8.67700000e-05 -1.54060000e-04 4.36660000e-04 1.16500000e-05 7.30300000e-05 4.70810000e-04 1.48630000e-04 2.20070000e-04 1.31460000e-04 1.53490000e-04 7.56500000e-05 -5.63210000e-04 2.35710000e-04 -1.12406000e-03 4.77800000e-05 1.25330000e-04 -2.55550000e-04 -3.85500000e-04 -2.92660000e-04 -1.25990000e-04 -5.56100000e-05 -9.81500000e-05 -1.34310000e-04 -6.84790000e-04 1.00940000e-04 -2.34480000e-04 -3.80130000e-04 -3.00840000e-04 -1.84030000e-04 -7.64030000e-04 -5.09420000e-04
-7.68000000e-06 -4.38320000e-04 1.31920000e-04 -7.99700000e-05 -5.18730000e-04 8.46260000e-04 4.72890000e-04 -1.72540000e-04 7.48200000e-05 -1.08700000e-04 -1.04000000e-05 -1.73528000e-03 -2.56000000e-06 8.03710000e-04 -5.42680000e-04 -4.29700000e-04 9.89720000e-04 2.83500000e-05 3.64000000e-06 9.28730000e-04 -1.58760000e-03 -3.37910000e-04 -1.09150000e-04 -4.10640000e-04 3.56590000e-04 -1.22610000e-04 1.49250000e-04 -3.18570000e-04 -2.70220000e-04 4.75900000e-05 -4.83110000e-04 4.41400000e-04 2.97600000e-05 9.71200000e-05 8.93050000e-04 -4.84100000e-04 1.22380000e-04 -2.10070000e-04 7.45550000e-04 1.00350000e-04 8.83420000e-04 -4.17640000e-04 8.84300000e-05 -3.73530000e-04 -7.95670000e-04 -3.22440000e-04 -1.71140000e-03 -2.93300000e-05 -3.20580000e-04 6.65600000e-05 -3.33010000e-04 -8.83230000e-04 -3.37150000e-04 8.46500000e-05 -3.13050000e-04 -2.68040000e-04 1.33080000e-03 -2.32361000e-03 -2.08135000e-03 -4.48350000e-04 -1.78753000e-03 7.89610000e-04 -1.80000000e-07 -1.11406000e-03 -8.76100000e-05 4.03600000e-04 -1.71100000e-04 -3.03200000e-04 4.37650000e-04 -1.89470000e-04 -8.21410000e-04 1.81430000e-04 -2.90890000e-04 1.36592000e-03 1.06650000e-04 -4.28400000e-04 1.07450000e-04 -2.15710000e-04 8.27560000e-04 1.54330000e-04 3.15000000e-05 8.40140000e-04 2.78590000e-04 4.01100000e-04 1.57040000e-04 1.88430000e-04 3.67000000e-05 -9.58450000e-04 2.72770000e-04 -1.74210000e-03 1.64760000e-04 4.13040000e-04 -4.30130000e-04 -7.18520000e-04 -4.38230000e-04 -2.18930000e-04 8.53800000e-05 -1.75070000e-04 -2.60780000e-04 -1.16067000e-03 1.41730000e-04 -3.84430000e-04 -6.66730000e-04 -4.84410000e-04 -2.93500000e-04 -1.13210000e-03 -8.18150000e-04
2.75920000e-04 -9.34530000e-04 1.98150000e-04 -1.48700000e-04 -9.24180000e-04 1.74273000e-03 1.03223000e-03 -2.79680000e-04 2.32380000e-04 3.15130000e-04 5.05800000e-05 -3.09789000e-03 6.91200000e-05 1.24657000e-03 -1.02240000e-03 -7.08150000e-04 2.27108000e-03 -1.55450000e-04 -2.01900000e-05 1.98785000e-03 -3.11061000e-03 -2.77080000e-04 -7.29400000e-05 -7.41840000e-04 9.26910000e-04 -1.35410000e-04 9.07670000e-04 -2.37880000e-04 -4.59700000e-04 1.52820000e-04 -1.11570000e-03 1.06125000e-03 2.49950000e-04 2.60630000e-04 1.27164000e-03 -8.22880000e-04 2.06810000e-04 -5.12170000e-04 1.62021000e-03 -4.02800000e-05 2.08506000e-03 -8.37730000e-04 2.62400000e-04 -8.11610000e-04 -1.17023000e-03 -8.04270000e-04 -3.38908000e-03 -3.98300000e-05 -5.93810000e-04 1.54220000e-04 -4.10050000e-04 -1.53516000e-03 -6.14650000e-04 7.37940000e-04 -6.83490000e-04 -4.10780000e-04 2.87278000e-03 -4.48596000e-03 -3.50375000e-03 -6.63670000e-04 -3.73251000e-03 1.23772000e-03 2.96210000e-04 -2.06975000e-03 -2.86260000e-04 4.57790000e-04 -4.21160000e-04 -4.60240000e-04 1.08164000e-03 -3.48580000e-04 -1.60134000e-03 6.04520000e-04 -3.50930000e-04 2.96375000e-03 -1.66580000e-04 -6.87630000e-04 1.94450000e-04 -2.69100000e-04 1.75048000e-03 7.60100000e-04 -2.33720000e-04 1.86547000e-03 5.79970000e-04 8.53250000e-04 2.86820000e-04 5.07310000e-04 3.30920000e-04 -1.44874000e-03 5.73340000e-04 -2.82307000e-03 9.17300000e-04 1.77218000e-03 -4.64700000e-04 -9.66420000e-04 -3.88800000e-04 2.46200000e-05 5.50640000e-04 7.15000000e-05 -1.47810000e-04 -1.73038000e-03 7.17760000e-04 -3.33680000e-04 -8.38500000e-04 -3.56680000e-04 -2.19310000e-04 -1.78085000e-03 -1.59998000e-03
-2.07330000e-04 1.45760000e-04 2.58890000e-04 5.29750000e-04 4.07530000e-04 -2.61850000e-04 -3.17690000e-04 1.06100000e-05 9.58000000e-05 -4.96290000e-04 1.62500000e-05 -2.55870000e-04 1.98820000e-04 -5.05370000e-04 5.76970000e-04 4.32380000e-04 -8.65740000e-04 3.54770000e-04 -2.06030000e-04 -3.63740000e-04 2.83600000e-05 -1.16540000e-04 2.71090000e-04 4.43340000e-04 -4.44320000e-04 2.46810000e-04 -4.59840000e-04 -1.54590000e-04 3.46970000e-04 2.58190000e-04 5.13220000e-04 -3.00130000e-04 1.26370000e-04 4.19300000e-05 5.59350000e-04 8.51000000e-05 4.89000000e-06 5.44660000e-04 -5.58050000e-04 4.75670000e-04 -7.43200000e-04 -1.36010000e-04 -3.03900000e-05 6.27380000e-04 2.02450000e-04 4.39290000e-04 2.69920000e-04 -7.05300000e-05 3.06300000e-05 1.02010000e-04 -2.50900000e-05 3.52110000e-04 7.62300000e-05 -7.71430000e-04 2.98160000e-04 -9.37400000e-05 -8.39070000e-04 1.70880000e-04 2.30920000e-04 6.22500000e-05 -2.34410000e-04 3.01940000e-04 -7.71000000e-05 -8.69100000e-05 5.38360000e-04 -8.72200000e-05 1.58010000e-04 2.97440000e-04 -4.85970000e-04 3.19190000e-04 2.54300000e-05 1.22710000e-04 3.78660000e-04 -6.76010000e-04 1.07900000e-05 -2.79500000e-04 -1.36920000e-04 1.50550000e-04 -4.56730000e-04 -4.89180000e-04 3.83160000e-04 -5.59120000e-04 -3.04970000e-04 -2.99290000e-04 -1.00180000e-04 -1.42080000e-04 -4.76800000e-05 1.70590000e-04 3.35210000e-04 -8.18500000e-05 -7.51000000e-04 -1.61138000e-03 -3.27710000e-04 -6.69400000e-05 -6.22600000e-05 -5.54070000e-04 -3.77230000e-04 -2.79700000e-04 -4.00490000e-04 -2.23610000e-04 -5.55550000e-04 -1.90460000e-04 -2.24700000e-04 -5.62260000e-04 -1.38160000e-04 -2.25400000e-04 4.60160000e-04
-2.08220000e-04 3.77230000e-04 -2.61400000e-04 -4.32900000e-05 2.75700000e-04 4.09000000e-06 7.20400000e-05 2.31520000e-04 1.14730000e-04 -1.90100000e-05 8.43000000e-06 3.45650000e-04 2.82950000e-04 2.18960000e-04 -7.32000000e-05 6.75400000e-05 -3.56100000e-05 4.94900000e-05 2.14730000e-04 -1.37810000e-04 6.11650000e-04 -1.51230000e-04 -3.95000000e-06 3.21430000e-04 1.09400000e-04 2.16360000e-04 3.22400000e-05 -1.32060000e-04 1.92510000e-04 1.12390000e-04 2.38450000e-04 -4.23100000e-05 1.63940000e-04 1.60310000e-04 2.15600000e-04 1.07140000e-04 1.85100000e-04 7.98600000e-05 -3.54600000e-05 -1.48530000e-04 -1.74800000e-05 3.00190000e-04 5.54700000e-05 3.46200000e-05 -1.56100000e-05 -7.68300000e-05 4.55360000e-04 2.15520000e-04 2.11460000e-04 1.14450000e-04 3.70700000e-05 3.39620000e-04 2.05210000e-04 -3.32000000e-05 1.96870000e-04 2.38820000e-04 -2.70420000e-04 5.91200000e-04 -5.85200000e-05 1.17570000e-04 9.95070000e-04 -1.34950000e-04 -4.75100000e-05 2.69770000e-04 -8.13000000e-06 3.47720000e-04 3.05680000e-04 5.94000000e-05 -3.81200000e-05 8.51000000e-05 4.33770000e-04 -6.51000000e-06 1.41900000e-05 -2.93850000e-04 5.12070000e-04 1.72640000e-04 1.81830000e-04 8.11800000e-05 -1.12410000e-04 -2.01560000e-04 -8.72400000e-05 -1.09330000e-04 3.01200000e-05 -5.84000000e-06 1.20800000e-04 1.54700000e-04 2.05410000e-04 -8.86000000e-05 -1.22670000e-04 8.52000000e-06 -3.65900000e-05 1.16210000e-04 -6.26400000e-05 9.80900000e-05 -9.63500000e-05 3.61700000e-05 -3.87470000e-04 -7.44300000e-05 -5.35300000e-05 2.41120000e-04 -1.15700000e-05 6.76600000e-05 7.24500000e-05 1.08400000e-04 -1.35750000e-04 -2.57900000e-05 1.10000000e-07
-3.92100000e-04 1.37310000e-03 -1.50732000e-03 -8.03530000e-04 7.46570000e-04 3.60000000e-07 4.21860000e-04 7.68860000e-04 4.09570000e-04 9.16960000e-04 -1.02990000e-04 1.80404000e-03 1.07679000e-03 4.63540000e-04 -9.28630000e-04 2.37400000e-05 7.60580000e-04 -1.98300000e-04 9.07510000e-04 -3.69980000e-04 2.47314000e-03 -1.97600000e-04 -2.68730000e-04 9.27160000e-04 9.34660000e-04 6.62660000e-04 9.92100000e-04 -1.21320000e-04 5.06330000e-04 1.24090000e-04 3.38330000e-04 -4.67000000e-05 5.66910000e-04 4.88830000e-04 -7.45500000e-05 2.64360000e-04 6.45470000e-04 -2.90240000e-04 1.51580000e-04 -1.06247000e-03 7.40960000e-04 1.15409000e-03 -3.30900000e-05 -3.25330000e-04 2.26740000e-04 -9.26490000e-04 1.55249000e-03 7.81470000e-04 5.58270000e-04 1.72040000e-04 3.21550000e-04 1.10506000e-03 4.24380000e-04 1.00109000e-03 2.05570000e-04 9.34970000e-04 -6.60120000e-04 2.16320000e-03 2.39270000e-04 5.30890000e-04 4.56706000e-03 -9.46340000e-04 1.40540000e-04 1.04917000e-03 -6.89720000e-04 9.47180000e-04 8.82890000e-04 -7.95800000e-05 5.34510000e-04 2.59810000e-04 1.58088000e-03 3.52870000e-04 -2.58760000e-04 -6.51930000e-04 1.73979000e-03 8.17010000e-04 7.98710000e-04 2.88890000e-04 -2.50050000e-04 -3.27140000e-04 -6.60200000e-04 -9.86200000e-05 5.03650000e-04 3.27920000e-04 2.66880000e-04 7.84800000e-04 1.00130000e-03 -7.51100000e-05 -9.68680000e-04 6.24940000e-04 1.06285000e-03 2.48515000e-03 2.85640000e-04 8.50590000e-04 1.43140000e-04 9.39920000e-04 -9.15590000e-04 3.08850000e-04 2.87230000e-04 1.83088000e-03 6.50050000e-04 8.31340000e-04 9.18810000e-04 1.32055000e-03 -1.76610000e-04 7.61600000e-04 3.75190000e-04
8.57200000e-05 7.99550000e-04 -1.95100000e-05 5.04370000e-04 9.56710000e-04 -6.95570000e-04 -3.52420000e-04 2.70640000e-04 2.27470000e-04 -4.74400000e-05 -4.88500000e-05 1.58335000e-03 3.52980000e-04 -7.25430000e-04 7.41610000e-04 6.73520000e-04 -1.12770000e-03 4.31920000e-04 2.39130000e-04 -8.17900000e-04 1.68917000e-03 3.20150000e-04 2.76280000e-04 9.15460000e-04 -3.95820000e-04 4.79370000e-04 3.32560000e-04 3.07600000e-04 6.29700000e-04 2.36900000e-04 9.35300000e-04 -4.06010000e-04 2.68370000e-04 9.42400000e-05 -2.27920000e-04 5.00860000e-04 1.92560000e-04 6.80930000e-04 -7.51100000e-04 4.23160000e-04 -1.00013000e-03 5.52410000e-04 7.29800000e-05 8.60250000e-04 7.92070000e-04 7.32340000e-04 1.77248000e-03 1.73950000e-04 4.17180000e-04 8.12300000e-05 4.06090000e-04 1.10960000e-03 7.21330000e-04 -3.43440000e-04 6.56780000e-04 2.81200000e-04 -1.47054000e-03 2.30228000e-03 1.84846000e-03 5.62200000e-04 1.60156000e-03 -1.33520000e-04 9.79500000e-05 9.05500000e-04 4.90640000e-04 -3.03120000e-04 5.40420000e-04 5.06550000e-04 -4.40470000e-04 5.25820000e-04 7.61880000e-04 1.81250000e-04 5.83200000e-04 -1.31342000e-03 6.28000000e-05 3.53620000e-04 1.60710000e-04 3.55850000e-04 -7.73400000e-04 -2.69500000e-04 4.82030000e-04 -8.53370000e-04 -2.06890000e-04 -3.55550000e-04 -2.63500000e-05 -9.86100000e-05 1.39250000e-04 9.06490000e-04 2.83600000e-05 1.35399000e-03 -4.17280000e-04 -1.05953000e-03 3.30120000e-04 6.49450000e-04 4.07180000e-04 4.95600000e-05 -1.23580000e-04 1.04860000e-04 1.72680000e-04 9.43160000e-04 -2.57860000e-04 3.37170000e-04 5.42900000e-04 2.01900000e-04 3.33480000e-04 9.20860000e-04 1.05787000e-03
-4.19440000e-04 1.00458000e-03 -1.44219000e-03 -1.01205000e-03 4.65610000e-04 3.97660000e-04 6.67320000e-04 7.09950000e-04 4.00130000e-04 1.02096000e-03 -1.06340000e-04 1.29613000e-03 1.14749000e-03 5.88690000e-04 -1.32565000e-03 -3.13140000e-04 1.38335000e-03 -8.02130000e-04 9.05970000e-04 5.96000000e-05 1.73117000e-03 -1.94950000e-04 -3.88380000e-04 6.33660000e-04 1.21053000e-03 5.95830000e-04 7.83930000e-04 -8.95800000e-05 2.95660000e-04 5.27000000e-05 -3.74760000e-04 1.74930000e-04 5.54070000e-04 4.01040000e-04 -4.04050000e-04 -6.65000000e-06 6.41300000e-04 -8.28650000e-04 6.09510000e-04 -1.30115000e-03 1.29535000e-03 8.44500000e-04 -9.92200000e-05 -9.53390000e-04 -1.29550000e-04 -1.40855000e-03 5.27100000e-04 7.36270000e-04 3.40300000e-04 1.50290000e-04 1.52250000e-04 8.07510000e-04 1.99440000e-04 1.43833000e-03 -1.53240000e-04 8.79490000e-04 2.01260000e-04 1.07530000e-03 -7.22210000e-04 2.19320000e-04 3.26043000e-03 -1.17362000e-03 2.31080000e-04 5.75940000e-04 -9.90140000e-04 8.11470000e-04 5.74290000e-04 -2.78250000e-04 5.38840000e-04 -2.02920000e-04 1.24603000e-03 3.80130000e-04 -4.48010000e-04 1.08970000e-04 1.31860000e-03 8.08020000e-04 8.69170000e-04 8.24000000e-05 4.79300000e-05 9.08000000e-06 -1.09661000e-03 3.89540000e-04 6.43740000e-04 5.22560000e-04 3.16050000e-04 9.40470000e-04 1.15306000e-03 -4.61560000e-04 -1.06458000e-03 7.48000000e-06 1.48912000e-03 3.64584000e-03 2.50480000e-04 6.38930000e-04 5.89500000e-05 1.14558000e-03 -8.10550000e-04 3.95120000e-04 4.09780000e-04 1.41958000e-03 1.02864000e-03 7.98440000e-04 7.83610000e-04 1.50952000e-03 -2.63320000e-04 8.15500000e-05 -1.29985000e-03
-2.68750000e-04 2.84610000e-04 -1.25945000e-03 -1.48096000e-03 -3.34810000e-04 1.49764000e-03 1.37101000e-03 4.22310000e-04 3.96510000e-04 1.13181000e-03 -8.45200000e-05 -4.71000000e-04 1.26745000e-03 1.56752000e-03 -2.39001000e-03 -1.13622000e-03 3.06874000e-03 -2.12007000e-03 1.09521000e-03 1.30861000e-03 -5.11500000e-04 -3.54230000e-04 -6.99380000e-04 -1.15960000e-04 2.00909000e-03 3.00000000e-04 9.92460000e-04 -1.76700000e-04 -1.33730000e-04 7.66000000e-05 -2.05330000e-03 9.51080000e-04 6.40430000e-04 4.18180000e-04 -6.92280000e-04 -5.30570000e-04 8.81770000e-04 -1.80987000e-03 1.85047000e-03 -1.81437000e-03 2.76853000e-03 2.51180000e-04 7.53300000e-05 -2.23248000e-03 -5.90340000e-04 -2.63549000e-03 -1.77273000e-03 6.04890000e-04 -4.56000000e-06 2.50380000e-04 -8.84900000e-05 -3.07890000e-04 -3.90310000e-04 2.26487000e-03 -7.87720000e-04 7.02830000e-04 2.47068000e-03 -1.95382000e-03 -3.16626000e-03 -3.96050000e-04 1.53290000e-04 -1.18817000e-03 6.41470000e-04 -4.62870000e-04 -1.55304000e-03 5.77990000e-04 1.26700000e-05 -8.17630000e-04 1.10815000e-03 -1.08925000e-03 1.93880000e-04 5.48180000e-04 -7.43860000e-04 2.21568000e-03 3.50490000e-04 5.27530000e-04 1.18729000e-03 -2.19410000e-04 1.03220000e-03 8.77260000e-04 -2.09765000e-03 1.75735000e-03 1.06419000e-03 1.08416000e-03 5.19400000e-04 1.27767000e-03 1.50337000e-03 -1.60912000e-03 -1.21190000e-03 -1.84792000e-03 2.28541000e-03 5.87215000e-03 -5.61000000e-05 -1.86160000e-04 -1.33770000e-04 1.37794000e-03 -2.55930000e-04 4.24540000e-04 4.52690000e-04 3.00780000e-04 1.62116000e-03 6.02830000e-04 1.80450000e-04 1.56460000e-03 -4.01850000e-04 -1.55485000e-03 -4.64644000e-03
7.03550000e-04 4.46900000e-04 1.79264000e-03 1.76512000e-03 1.48542000e-03 -3.66264000e-03 -2.80487000e-03 2.32340000e-04 -3.79700000e-04 -8.65480000e-04 2.80590000e-04 4.21811000e-03 -1.68289000e-03 -3.99820000e-03 3.79066000e-03 1.77168000e-03 -6.22200000e-03 1.64984000e-03 -9.87870000e-04 -3.92979000e-03 3.80609000e-03 1.65211000e-03 9.87960000e-04 7.85290000e-04 -3.48217000e-03 -6.14600000e-05 -1.97049000e-03 1.53273000e-03 5.40480000e-04 -3.99720000e-04 2.70429000e-03 -2.44875000e-03 -1.30157000e-03 -1.10346000e-03 -5.81970000e-04 1.57097000e-03 -1.21346000e-03 1.87142000e-03 -3.87475000e-03 1.88039000e-03 -5.59599000e-03 4.13260000e-04 -5.80680000e-04 2.67741000e-03 1.44178000e-03 3.19895000e-03 5.37645000e-03 -6.20060000e-04 6.17280000e-04 -3.77710000e-04 3.42270000e-04 2.34269000e-03 1.01093000e-03 -2.14900000e-03 1.51749000e-03 -4.11000000e-05 -5.98240000e-03 7.17992000e-03 7.56155000e-03 9.00340000e-04 2.75293000e-03 -7.58750000e-04 -1.18289000e-03 2.89357000e-03 1.86176000e-03 -1.52515000e-03 1.76590000e-04 1.40981000e-03 -3.42268000e-03 8.27100000e-04 1.95447000e-03 -1.76005000e-03 1.17463000e-03 -5.90075000e-03 -9.14880000e-04 8.21430000e-04 -1.36911000e-03 1.83040000e-04 -3.48465000e-03 -1.88641000e-03 1.88206000e-03 -4.07703000e-03 -1.87522000e-03 -2.26629000e-03 -4.63230000e-04 -1.90590000e-03 -2.05808000e-03 4.01328000e-03 8.46990000e-04 5.62528000e-03 -2.58579000e-03 -6.66677000e-03 1.53590000e-03 2.22227000e-03 1.32126000e-03 -2.90030000e-04 2.53690000e-04 3.89840000e-04 9.22800000e-04 2.43286000e-03 -1.27478000e-03 6.62370000e-04 1.68301000e-03 -1.86900000e-05 1.56334000e-03 3.52104000e-03 5.07281000e-03
-3.43920000e-04 5.22610000e-04 -3.43570000e-04 -1.09040000e-04 4.19680000e-04 -2.45300000e-04 -2.17100000e-05 2.91040000e-04 8.22900000e-05 -2.48500000e-05 -3.34200000e-05 9.55320000e-04 3.83120000e-04 5.86500000e-05 -1.42200000e-05 1.66680000e-04 -2.31120000e-04 -7.69300000e-05 2.35370000e-04 -4.48330000e-04 1.15145000e-03 -1.38640000e-04 -1.39500000e-05 4.40590000e-04 7.88200000e-05 2.41660000e-04 -2.50000000e-06 -1.15900000e-04 2.60840000e-04 3.42300000e-05 2.91690000e-04 -1.95150000e-04 1.83140000e-04 7.62900000e-05 -2.06470000e-04 2.04640000e-04 1.34000000e-04 3.91500000e-05 -2.18800000e-04 -2.24480000e-04 -2.14890000e-04 4.46270000e-04 -4.41900000e-05 5.98600000e-05 2.37060000e-04 -7.10900000e-05 9.14730000e-04 2.47060000e-04 2.65480000e-04 4.05400000e-05 1.21470000e-04 5.94000000e-04 3.05990000e-04 -4.87500000e-05 1.90170000e-04 3.57350000e-04 -6.74360000e-04 1.28898000e-03 4.53870000e-04 2.28650000e-04 1.65050000e-03 -5.15150000e-04 -2.37600000e-05 5.87520000e-04 -7.71700000e-05 1.62240000e-04 3.24200000e-04 1.15950000e-04 -1.49290000e-04 1.11380000e-04 7.22880000e-04 -4.15700000e-05 8.80000000e-07 -6.61850000e-04 4.46030000e-04 3.12800000e-04 1.76620000e-04 9.56500000e-05 -4.00010000e-04 -2.24180000e-04 -1.38440000e-04 -3.30660000e-04 5.20500000e-05 -5.99500000e-05 2.91000000e-05 1.37620000e-04 2.69860000e-04 7.54500000e-05 -3.11370000e-04 4.06090000e-04 -7.38200000e-05 1.57070000e-04 -1.12700000e-05 2.42460000e-04 -7.72900000e-05 7.76000000e-05 -5.53410000e-04 -8.50700000e-05 -4.49900000e-05 5.71440000e-04 -9.68000000e-05 9.37500000e-05 2.17980000e-04 2.34230000e-04 -1.87830000e-04 2.00790000e-04 -5.56100000e-05
-1.31400000e-05 -7.69080000e-04 -1.77170000e-04 -7.34360000e-04 -1.02144000e-03 2.69513000e-03 1.84737000e-03 -3.68000000e-06 5.55410000e-04 4.02860000e-04 3.46770000e-04 -3.65905000e-03 5.86520000e-04 2.08398000e-03 -2.01082000e-03 -1.33560000e-03 3.74518000e-03 -7.86980000e-04 5.73630000e-04 2.86541000e-03 -3.66386000e-03 -6.33450000e-04 -4.39940000e-04 -7.55980000e-04 1.92378000e-03 9.18500000e-05 1.10055000e-03 -5.68570000e-04 -3.44220000e-04 4.43720000e-04 -1.99165000e-03 1.73016000e-03 2.69100000e-04 6.60580000e-04 1.53884000e-03 -8.47840000e-04 7.76300000e-04 -1.19309000e-03 2.65256000e-03 -6.24540000e-04 3.42939000e-03 -5.87410000e-04 5.98700000e-04 -1.56446000e-03 -1.61430000e-03 -1.81385000e-03 -4.12631000e-03 3.65840000e-04 -4.13430000e-04 5.30940000e-04 -6.72680000e-04 -1.80298000e-03 -1.01028000e-03 1.12597000e-03 -7.47760000e-04 -5.23700000e-05 4.21041000e-03 -5.62968000e-03 -5.47170000e-03 -1.04554000e-03 -3.94701000e-03 1.18126000e-03 4.42790000e-04 -2.26023000e-03 -7.50110000e-04 7.37720000e-04 -1.87290000e-04 -9.39250000e-04 1.57171000e-03 -7.62070000e-04 -1.57646000e-03 7.46330000e-04 -8.01090000e-04 4.31264000e-03 -8.16800000e-05 -4.33260000e-04 8.22080000e-04 -5.06240000e-04 2.54061000e-03 9.46220000e-04 -8.73950000e-04 2.93155000e-03 1.05006000e-03 1.49398000e-03 7.34450000e-04 1.18078000e-03 9.49820000e-04 -2.56069000e-03 1.96350000e-04 -4.48411000e-03 1.32493000e-03 3.13467000e-03 -9.71950000e-04 -1.68658000e-03 -7.38380000e-04 3.52200000e-05 2.13560000e-04 -1.51690000e-04 -4.12320000e-04 -2.30597000e-03 9.23210000e-04 -6.08810000e-04 -1.35022000e-03 -4.89370000e-04 -5.78350000e-04 -2.85802000e-03 -3.31838000e-03
-1.13370000e-04 6.76990000e-04 1.61700000e-04 5.61390000e-04 8.82940000e-04 -1.31421000e-03 -8.59860000e-04 3.13590000e-04 -5.09600000e-05 -3.30750000e-04 6.42100000e-05 2.14359000e-03 -1.59060000e-04 -1.07518000e-03 1.27748000e-03 7.71590000e-04 -2.14489000e-03 7.14510000e-04 -9.89200000e-05 -1.58661000e-03 2.35480000e-03 3.37890000e-04 3.38250000e-04 7.27380000e-04 -9.90440000e-04 2.32940000e-04 -5.81760000e-04 3.14100000e-04 4.54490000e-04 -4.69500000e-05 1.35573000e-03 -9.09790000e-04 -1.72340000e-04 -2.27930000e-04 -2.84540000e-04 6.92510000e-04 -2.21950000e-04 7.71240000e-04 -1.37552000e-03 4.68940000e-04 -1.91890000e-03 6.07780000e-04 -1.79710000e-04 1.07021000e-03 6.59780000e-04 1.15467000e-03 2.58028000e-03 5.89700000e-05 4.51370000e-04 -6.44100000e-05 2.16810000e-04 1.28424000e-03 6.66000000e-04 -8.36920000e-04 7.10820000e-04 2.95530000e-04 -2.44049000e-03 3.48389000e-03 2.80312000e-03 5.09800000e-04 2.56361000e-03 -4.62160000e-04 -3.46610000e-04 1.41121000e-03 5.68150000e-04 -2.25190000e-04 4.50740000e-04 6.02850000e-04 -9.89250000e-04 5.08900000e-04 1.23977000e-03 -4.78980000e-04 3.90560000e-04 -2.38761000e-03 2.47230000e-04 4.97070000e-04 -2.63100000e-04 1.84380000e-04 -1.38929000e-03 -7.45400000e-04 6.57660000e-04 -1.54239000e-03 -5.47640000e-04 -7.39280000e-04 -1.73780000e-04 -4.63030000e-04 -3.89000000e-04 1.30511000e-03 2.52600000e-05 2.12296000e-03 -9.73890000e-04 -2.27763000e-03 4.31860000e-04 8.40260000e-04 2.67350000e-04 -1.24850000e-04 -4.29440000e-04 -1.53900000e-05 1.73470000e-04 1.17906000e-03 -6.11710000e-04 1.86420000e-04 6.50310000e-04 6.28500000e-05 2.59940000e-04 1.39233000e-03 1.95039000e-03
-1.30350000e-04 -4.87200000e-05 -3.79720000e-04 -3.79460000e-04 -2.21340000e-04 9.74860000e-04 7.24320000e-04 1.57260000e-04 2.68310000e-04 3.29810000e-04 2.22300000e-05 -1.05059000e-03 4.40950000e-04 8.97600000e-04 -9.00760000e-04 -4.80870000e-04 1.43894000e-03 -2.33590000e-04 3.34120000e-04 9.09620000e-04 -7.89530000e-04 -2.81550000e-04 -1.78510000e-04 -7.57500000e-05 8.06010000e-04 1.91560000e-04 3.81250000e-04 -2.27040000e-04 -7.94900000e-05 1.02900000e-04 -5.52320000e-04 5.02300000e-04 2.54340000e-04 2.46510000e-04 6.27650000e-04 -4.07270000e-04 3.49130000e-04 -5.10360000e-04 9.50790000e-04 -3.76840000e-04 1.32866000e-03 -7.13100000e-05 6.38600000e-05 -6.68610000e-04 -8.11900000e-04 -7.60590000e-04 -1.41183000e-03 2.74180000e-04 -1.54070000e-04 1.52040000e-04 -2.76780000e-04 -4.15900000e-04 -1.99040000e-04 6.55250000e-04 -3.27870000e-04 1.25050000e-04 1.34907000e-03 -1.70034000e-03 -2.10578000e-03 -3.46650000e-04 -5.89350000e-04 2.84010000e-04 1.16540000e-04 -8.32140000e-04 -4.37440000e-04 5.92550000e-04 8.89900000e-05 -3.25860000e-04 5.71880000e-04 -2.46060000e-04 -2.71770000e-04 3.33510000e-04 -3.98250000e-04 1.37620000e-03 4.60110000e-04 -2.64600000e-05 4.19980000e-04 -1.83440000e-04 7.91370000e-04 2.02470000e-04 -3.71410000e-04 9.76440000e-04 4.73710000e-04 5.58540000e-04 2.69280000e-04 5.63250000e-04 5.16320000e-04 -9.58730000e-04 -7.83100000e-05 -1.53557000e-03 7.47750000e-04 1.74175000e-03 -2.34160000e-04 -3.65250000e-04 -3.28710000e-04 2.73610000e-04 -1.88440000e-04 5.40000000e-05 -1.34300000e-05 -5.31160000e-04 5.78640000e-04 -3.79400000e-05 -2.66470000e-04 1.62700000e-04 -3.15640000e-04 -9.79000000e-04 -1.27284000e-03
5.56630000e-04 -1.30259000e-03 4.70140000e-04 -1.24820000e-04 -1.36556000e-03 1.71070000e-03 9.05330000e-04 -6.19600000e-04 1.16000000e-06 2.02080000e-04 2.26200000e-05 -3.64707000e-03 -4.13360000e-04 1.41751000e-03 -1.00389000e-03 -9.22570000e-04 2.23387000e-03 -9.34900000e-05 -1.63010000e-04 2.13010000e-03 -3.78480000e-03 -1.95070000e-04 -1.44230000e-04 -1.22708000e-03 7.49030000e-04 -4.82980000e-04 9.39740000e-04 -1.76580000e-04 -7.69730000e-04 5.73000000e-06 -1.29922000e-03 1.07098000e-03 -1.15300000e-05 7.88900000e-05 1.17100000e-03 -1.02922000e-03 8.08500000e-05 -5.78890000e-04 1.63971000e-03 1.62250000e-04 2.02008000e-03 -1.16650000e-03 1.95830000e-04 -8.94580000e-04 -1.36924000e-03 -6.29740000e-04 -3.87871000e-03 -3.25090000e-04 -8.19070000e-04 4.42900000e-05 -5.32370000e-04 -2.08859000e-03 -8.62990000e-04 6.91800000e-04 -8.68670000e-04 -7.59300000e-04 3.24175000e-03 -5.20575000e-03 -3.67603000e-03 -8.90970000e-04 -4.72138000e-03 1.66755000e-03 2.88030000e-04 -2.41803000e-03 -2.81870000e-04 3.61990000e-04 -6.87160000e-04 -6.12680000e-04 1.20060000e-03 -5.09300000e-04 -2.15583000e-03 4.95150000e-04 -4.25830000e-04 3.23067000e-03 -5.24910000e-04 -9.05300000e-04 6.92100000e-05 -3.68980000e-04 1.87574000e-03 8.79230000e-04 -6.18800000e-05 1.94936000e-03 5.10630000e-04 8.09330000e-04 1.76730000e-04 2.44640000e-04 -8.64200000e-05 -1.46502000e-03 6.79140000e-04 -2.88296000e-03 8.55740000e-04 1.43340000e-03 -4.03420000e-04 -1.21371000e-03 -3.77610000e-04 -6.29700000e-05 1.08515000e-03 9.27200000e-05 -8.87300000e-05 -2.22786000e-03 6.86600000e-04 -4.57140000e-04 -1.04655000e-03 -5.81080000e-04 -1.11520000e-04 -1.79021000e-03 -1.59999000e-03
-3.30680000e-04 5.55430000e-04 -5.94430000e-04 -3.82860000e-04 3.06880000e-04 -6.52400000e-05 1.36260000e-04 3.37790000e-04 8.93900000e-05 2.18980000e-04 -5.54100000e-05 8.85650000e-04 4.74410000e-04 2.59670000e-04 -4.14980000e-04 -1.23800000e-05 2.34920000e-04 -3.89360000e-04 3.75920000e-04 -2.33510000e-04 1.06016000e-03 -1.78540000e-04 -1.48280000e-04 3.49510000e-04 3.62210000e-04 2.41370000e-04 2.13510000e-04 -1.45940000e-04 1.87270000e-04 4.97600000e-05 -1.60000000e-05 -3.08300000e-05 2.42800000e-04 2.03260000e-04 -2.74430000e-04 1.30960000e-04 2.46360000e-04 -2.01890000e-04 1.44300000e-05 -5.84070000e-04 2.12640000e-04 4.69890000e-04 9.30000000e-06 -3.12800000e-04 1.80130000e-04 -5.16120000e-04 7.26690000e-04 3.13750000e-04 2.99050000e-04 9.05200000e-05 1.77530000e-04 5.22270000e-04 2.09850000e-04 3.48580000e-04 9.59700000e-05 4.26730000e-04 -3.10570000e-04 1.02297000e-03 4.07000000e-05 2.42770000e-04 1.79660000e-03 -7.17190000e-04 3.09300000e-05 5.79230000e-04 -3.10040000e-04 3.85570000e-04 3.14180000e-04 -2.86500000e-05 2.28800000e-05 -6.10300000e-05 7.46480000e-04 -2.38000000e-06 -7.23800000e-05 -4.15050000e-04 6.65640000e-04 3.93790000e-04 3.17400000e-04 1.35310000e-04 -1.99800000e-04 -1.15140000e-04 -5.23780000e-04 -1.05380000e-04 1.54140000e-04 6.52400000e-05 1.45800000e-04 3.03230000e-04 4.22770000e-04 -1.00240000e-04 -4.90530000e-04 2.93730000e-04 3.43970000e-04 1.16417000e-03 2.25400000e-05 2.94700000e-04 -5.10000000e-07 3.31140000e-04 -5.36940000e-04 2.41000000e-05 4.68800000e-05 7.02190000e-04 2.13750000e-04 3.09920000e-04 3.15000000e-04 5.69360000e-04 -1.79720000e-04 9.48600000e-05 -5.29010000e-04
-3.77240000e-04 8.77320000e-04 -8.61850000e-04 -4.43620000e-04 5.50870000e-04 -2.67150000e-04 7.55900000e-05 4.88380000e-04 1.58770000e-04 4.03250000e-04 -6.59700000e-05 1.51845000e-03 6.23520000e-04 6.75100000e-05 -3.67740000e-04 1.51650000e-04 9.14700000e-05 -2.39880000e-04 4.72510000e-04 -5.05590000e-04 1.82822000e-03 -1.44270000e-04 -1.33940000e-04 6.13030000e-04 3.94940000e-04 3.74460000e-04 4.58590000e-04 -1.09670000e-04 3.41000000e-04 6.08000000e-05 2.73340000e-04 -1.53140000e-04 3.16370000e-04 2.61750000e-04 -3.43370000e-04 3.08460000e-04 2.96460000e-04 -1.05010000e-04 -1.59580000e-04 -6.81320000e-04 1.03870000e-04 7.65180000e-04 -2.00100000e-05 -1.21710000e-04 4.19980000e-04 -4.81810000e-04 1.41461000e-03 4.47780000e-04 4.46810000e-04 8.84600000e-05 3.10270000e-04 8.82980000e-04 3.36940000e-04 4.11500000e-04 2.25780000e-04 6.14760000e-04 -7.84620000e-04 1.92068000e-03 6.37260000e-04 4.56300000e-04 3.06506000e-03 -9.02640000e-04 4.83500000e-05 9.92530000e-04 -3.40930000e-04 4.61170000e-04 5.06500000e-04 5.22300000e-05 8.78900000e-05 1.54400000e-04 1.17234000e-03 8.01400000e-05 -4.44100000e-05 -8.51660000e-04 9.96370000e-04 5.72150000e-04 3.79120000e-04 2.49580000e-04 -4.02710000e-04 -2.42440000e-04 -4.76930000e-04 -3.40010000e-04 1.77350000e-04 4.30200000e-05 1.22880000e-04 3.71520000e-04 5.40790000e-04 1.30750000e-04 -6.52230000e-04 7.83450000e-04 4.18460000e-04 1.21823000e-03 1.45910000e-04 5.91690000e-04 1.12430000e-04 4.67700000e-04 -7.08400000e-04 9.43600000e-05 1.01270000e-04 1.27157000e-03 2.06370000e-04 4.94400000e-04 6.02490000e-04 8.00570000e-04 -1.38550000e-04 5.83210000e-04 1.63610000e-04
5.52670000e-04 -8.88900000e-04 1.16491000e-03 7.35490000e-04 -5.16970000e-04 2.06630000e-04 -2.00230000e-04 -4.30200000e-04 -1.02880000e-04 -4.75620000e-04 1.39090000e-04 -1.79861000e-03 -8.57710000e-04 -6.08500000e-05 6.78310000e-04 -2.79000000e-05 -4.70160000e-04 6.78690000e-04 -5.12950000e-04 4.39070000e-04 -1.97174000e-03 2.34440000e-04 3.09390000e-04 -6.18310000e-04 -6.84520000e-04 -3.68200000e-04 -1.24000000e-04 1.96490000e-04 -3.32360000e-04 -6.61000000e-06 6.71800000e-05 7.90900000e-05 -3.90270000e-04 -2.32330000e-04 1.08355000e-03 -2.66130000e-04 -3.21820000e-04 4.57830000e-04 -2.66500000e-05 9.94940000e-04 -4.27170000e-04 -8.13180000e-04 9.41000000e-05 4.12300000e-04 -5.91560000e-04 8.17720000e-04 -1.33952000e-03 -4.68780000e-04 -3.99520000e-04 -1.41800000e-05 -3.27770000e-04 -9.20990000e-04 -2.43170000e-04 -6.19370000e-04 -2.75700000e-05 -6.73840000e-04 5.31880000e-04 -1.94319000e-03 -5.92510000e-04 -3.97220000e-04 -3.24146000e-03 1.33526000e-03 -2.27360000e-04 -1.06991000e-03 6.61660000e-04 -1.95320000e-04 -4.03830000e-04 8.40600000e-05 -2.71100000e-04 -1.45200000e-05 -1.18174000e-03 -2.35720000e-04 1.59350000e-04 6.34420000e-04 -7.30930000e-04 -6.06400000e-04 -4.51960000e-04 -2.14530000e-04 3.77810000e-04 -7.39000000e-06 7.86000000e-04 1.84000000e-04 -2.83880000e-04 -1.48360000e-04 1.95900000e-05 -4.97750000e-04 -7.87600000e-04 2.87500000e-05 1.05975000e-03 -7.80440000e-04 -6.31390000e-04 -1.92968000e-03 -7.62000000e-05 -4.88650000e-04 -5.39300000e-05 -5.33600000e-04 7.93090000e-04 -4.81000000e-05 -4.22900000e-05 -1.35570000e-03 -2.16630000e-04 -4.31290000e-04 -5.83110000e-04 -9.34940000e-04 2.97220000e-04 -5.41230000e-04 5.43700000e-04
-9.43500000e-05 1.49841000e-03 2.84950000e-04 9.11920000e-04 1.84402000e-03 -3.22745000e-03 -2.07271000e-03 5.88190000e-04 -2.60620000e-04 -5.05040000e-04 3.99700000e-05 5.41806000e-03 -5.01490000e-04 -2.74326000e-03 2.61925000e-03 1.56357000e-03 -4.71102000e-03 1.15261000e-03 -1.73010000e-04 -3.58132000e-03 5.55516000e-03 9.40840000e-04 5.63670000e-04 1.41705000e-03 -2.19888000e-03 3.98020000e-04 -1.29400000e-03 8.62460000e-04 8.49180000e-04 -2.56370000e-04 2.65088000e-03 -2.05127000e-03 -5.83970000e-04 -6.07940000e-04 -1.77712000e-03 1.42814000e-03 -5.55820000e-04 1.38491000e-03 -3.18877000e-03 7.76730000e-04 -4.24094000e-03 1.18424000e-03 -5.53860000e-04 1.95818000e-03 1.62255000e-03 2.36756000e-03 5.83945000e-03 -2.48900000e-05 9.16410000e-04 -2.67470000e-04 6.08150000e-04 2.93895000e-03 1.30333000e-03 -1.48512000e-03 1.35819000e-03 5.91210000e-04 -5.34628000e-03 8.06254000e-03 6.71783000e-03 1.17923000e-03 5.79970000e-03 -1.48732000e-03 -7.59340000e-04 3.27824000e-03 1.00182000e-03 -8.06650000e-04 7.72270000e-04 1.16363000e-03 -2.35023000e-03 8.29800000e-04 2.71956000e-03 -1.18086000e-03 8.39160000e-04 -5.44045000e-03 2.09620000e-04 1.27829000e-03 -5.27490000e-04 4.28840000e-04 -3.18920000e-03 -1.52863000e-03 1.15723000e-03 -3.55030000e-03 -1.25388000e-03 -1.73108000e-03 -4.62550000e-04 -1.11866000e-03 -9.21830000e-04 3.18078000e-03 -2.36880000e-04 5.43016000e-03 -1.79896000e-03 -4.21817000e-03 1.24239000e-03 2.08694000e-03 8.98190000e-04 2.37600000e-05 -6.29660000e-04 1.67380000e-04 6.36360000e-04 2.90149000e-03 -1.10555000e-03 7.19790000e-04 1.72840000e-03 5.98430000e-04 7.72170000e-04 3.50825000e-03 3.84927000e-03
-3.08000000e-06 2.71422000e-03 7.39890000e-04 1.80448000e-03 3.45870000e-03 -6.55909000e-03 -4.27072000e-03 8.70950000e-04 -6.68280000e-04 -1.01721000e-03 1.94500000e-05 1.07763900e-02 -1.15969000e-03 -5.92580000e-03 5.31067000e-03 3.14052000e-03 -9.42472000e-03 2.07447000e-03 -5.53970000e-04 -7.05152000e-03 1.06992000e-02 1.97299000e-03 1.06424000e-03 2.58844000e-03 -4.48598000e-03 5.51460000e-04 -2.30193000e-03 1.79184000e-03 1.56548000e-03 -5.68470000e-04 5.00819000e-03 -4.02635000e-03 -1.27938000e-03 -1.32440000e-03 -4.17016000e-03 2.87116000e-03 -1.25014000e-03 2.70585000e-03 -6.37960000e-03 1.63257000e-03 -8.50712000e-03 2.16335000e-03 -1.09868000e-03 3.93744000e-03 3.68217000e-03 4.76911000e-03 1.15683600e-02 -2.75120000e-04 1.70681000e-03 -6.53420000e-04 1.35486000e-03 5.64902000e-03 2.40513000e-03 -2.98569000e-03 2.60838000e-03 9.41340000e-04 -1.04612100e-02 1.58594100e-02 1.38816700e-02 2.36702000e-03 1.08880400e-02 -3.01661000e-03 -1.34413000e-03 6.60055000e-03 2.02881000e-03 -2.14729000e-03 1.19328000e-03 2.26785000e-03 -4.57010000e-03 1.62420000e-03 5.05234000e-03 -2.23476000e-03 1.80110000e-03 -1.07108200e-02 -2.13700000e-04 2.35454000e-03 -1.21748000e-03 9.09360000e-04 -6.28294000e-03 -2.72550000e-03 2.32275000e-03 -7.07598000e-03 -2.56547000e-03 -3.45926000e-03 -1.11252000e-03 -2.40693000e-03 -1.97348000e-03 6.49570000e-03 -5.55120000e-04 1.11058900e-02 -3.62705000e-03 -8.53113000e-03 2.49802000e-03 4.05661000e-03 1.96181000e-03 -5.21800000e-05 -8.32550000e-04 3.21600000e-04 1.23074000e-03 5.74231000e-03 -2.36592000e-03 1.37793000e-03 3.39798000e-03 1.09685000e-03 1.70326000e-03 7.22590000e-03 7.71879000e-03
-3.36720000e-04 -5.54290000e-04 -1.02723000e-03 -1.17625000e-03 -1.10999000e-03 2.71933000e-03 2.00714000e-03 -4.84900000e-05 3.81480000e-04 8.21660000e-04 -8.17800000e-05 -3.29115000e-03 1.02819000e-03 2.64856000e-03 -2.61589000e-03 -1.30316000e-03 4.42495000e-03 -1.10095000e-03 6.17740000e-04 2.86371000e-03 -3.05359000e-03 -9.54470000e-04 -5.78810000e-04 -6.78430000e-04 2.39267000e-03 6.91700000e-05 1.57578000e-03 -8.51120000e-04 -4.80100000e-04 2.30440000e-04 -2.02597000e-03 1.73004000e-03 8.07660000e-04 7.02220000e-04 8.59880000e-04 -1.14264000e-03 7.54840000e-04 -1.43242000e-03 2.82027000e-03 -1.25704000e-03 4.01681000e-03 -4.42970000e-04 3.57740000e-04 -1.95676000e-03 -1.37432000e-03 -2.31801000e-03 -4.19982000e-03 4.47740000e-04 -5.22620000e-04 2.82950000e-04 -3.76780000e-04 -1.73065000e-03 -7.99490000e-04 1.75916000e-03 -1.14826000e-03 5.21100000e-05 4.35679000e-03 -5.45405000e-03 -5.59066000e-03 -7.48810000e-04 -2.53129000e-03 6.11100000e-04 7.31990000e-04 -2.26556000e-03 -1.29582000e-03 1.14350000e-03 -2.25050000e-04 -9.72330000e-04 2.22699000e-03 -6.67480000e-04 -1.40181000e-03 1.15977000e-03 -8.97010000e-04 4.32633000e-03 6.28040000e-04 -4.98300000e-04 8.88930000e-04 -2.49690000e-04 2.54203000e-03 1.26174000e-03 -1.33190000e-03 2.99428000e-03 1.33837000e-03 1.62842000e-03 4.60060000e-04 1.38326000e-03 1.37026000e-03 -2.75297000e-03 -3.36960000e-04 -4.12566000e-03 2.06661000e-03 4.98300000e-03 -9.05170000e-04 -1.38183000e-03 -8.25390000e-04 4.41540000e-04 -8.96700000e-05 -3.96300000e-05 -3.99680000e-04 -1.70745000e-03 1.24913000e-03 -3.04110000e-04 -1.03143000e-03 2.13970000e-04 -9.37860000e-04 -2.62463000e-03 -3.65710000e-03
-8.72000000e-06 3.46100000e-04 6.38320000e-04 9.17370000e-04 8.17480000e-04 -1.55404000e-03 -1.18502000e-03 8.50100000e-05 -1.73490000e-04 -6.70940000e-04 6.10000000e-05 1.81872000e-03 -4.45900000e-04 -1.57132000e-03 1.77313000e-03 9.64520000e-04 -2.79041000e-03 8.11370000e-04 -4.69360000e-04 -1.75164000e-03 1.84667000e-03 4.27690000e-04 4.86570000e-04 6.06830000e-04 -1.48138000e-03 7.36800000e-05 -1.05918000e-03 3.76090000e-04 4.05950000e-04 -4.99200000e-05 1.43443000e-03 -1.06620000e-03 -3.09480000e-04 -3.90450000e-04 -2.60280000e-04 7.40280000e-04 -4.70120000e-04 1.03180000e-03 -1.71116000e-03 8.71150000e-04 -2.51121000e-03 3.01990000e-04 -1.92430000e-04 1.40334000e-03 8.53500000e-04 1.54010000e-03 2.51799000e-03 -2.09010000e-04 3.47130000e-04 -1.31580000e-04 2.11800000e-04 1.16394000e-03 6.11320000e-04 -1.31256000e-03 7.82980000e-04 1.47100000e-05 -2.72175000e-03 3.29040000e-03 3.25508000e-03 4.78220000e-04 1.47181000e-03 -2.96260000e-04 -4.08900000e-04 1.32896000e-03 9.21650000e-04 -6.18950000e-04 2.02400000e-04 7.46090000e-04 -1.34943000e-03 5.64810000e-04 9.07480000e-04 -5.78030000e-04 6.41220000e-04 -2.65914000e-03 -2.70470000e-04 2.03550000e-04 -6.06350000e-04 2.00390000e-04 -1.56983000e-03 -7.89830000e-04 9.14030000e-04 -1.84157000e-03 -8.43530000e-04 -1.00981000e-03 -3.18810000e-04 -7.96130000e-04 -7.28060000e-04 1.56337000e-03 3.13840000e-04 2.27304000e-03 -1.48340000e-03 -3.42472000e-03 3.61190000e-04 7.50720000e-04 3.22910000e-04 -4.73500000e-04 -2.34250000e-04 -1.30870000e-04 4.98800000e-05 8.94770000e-04 -9.55160000e-04 8.37000000e-06 4.86880000e-04 -3.37030000e-04 3.79510000e-04 1.35711000e-03 2.20892000e-03
-5.92400000e-05 -2.10017000e-03 -2.26277000e-03 -3.22312000e-03 -3.77113000e-03 7.22080000e-03 5.13881000e-03 -6.10340000e-04 7.87230000e-04 2.47474000e-03 -2.31080000e-04 -9.80909000e-03 1.78652000e-03 6.99993000e-03 -7.12458000e-03 -3.96064000e-03 1.19441200e-02 -2.68801000e-03 1.50567000e-03 8.01732000e-03 -9.40627000e-03 -2.14086000e-03 -1.69141000e-03 -2.73289000e-03 6.10691000e-03 -3.52570000e-04 4.52872000e-03 -1.89922000e-03 -1.85698000e-03 3.29340000e-04 -5.79907000e-03 4.65953000e-03 1.51948000e-03 1.58621000e-03 2.46827000e-03 -3.52741000e-03 1.84763000e-03 -4.00732000e-03 7.55062000e-03 -3.03343000e-03 1.08289200e-02 -1.88533000e-03 7.75750000e-04 -5.49247000e-03 -4.27140000e-03 -6.03715000e-03 -1.22923200e-02 7.18170000e-04 -1.89989000e-03 5.73700000e-04 -1.25736000e-03 -5.59859000e-03 -2.75555000e-03 5.04887000e-03 -3.46679000e-03 -4.79060000e-04 1.22725300e-02 -1.60809800e-02 -1.52937300e-02 -2.40385000e-03 -8.36611000e-03 2.54896000e-03 1.78941000e-03 -6.90505000e-03 -3.50796000e-03 2.97269000e-03 -1.05525000e-03 -2.98575000e-03 6.11254000e-03 -2.10856000e-03 -4.73155000e-03 2.89487000e-03 -2.65187000e-03 1.21476500e-02 1.22348000e-03 -1.58434000e-03 2.26435000e-03 -9.32500000e-04 7.11857000e-03 3.40934000e-03 -3.23349000e-03 8.19416000e-03 3.52229000e-03 4.38772000e-03 1.20487000e-03 3.32479000e-03 2.91528000e-03 -7.22192000e-03 -5.43640000e-04 -1.11085200e-02 5.87957000e-03 1.32780000e-02 -2.02425000e-03 -3.79744000e-03 -1.88669000e-03 1.41176000e-03 9.34020000e-04 2.72060000e-04 -6.45300000e-04 -5.09325000e-03 3.73451000e-03 -6.35420000e-04 -2.78233000e-03 5.42020000e-04 -1.97865000e-03 -6.75119000e-03 -9.14731000e-03
4.20740000e-04 -3.09190000e-04 1.15519000e-03 9.51980000e-04 1.69850000e-04 -8.09830000e-04 -8.15350000e-04 -1.53780000e-04 -1.33490000e-04 -6.22210000e-04 1.71560000e-04 1.12140000e-04 -8.66300000e-04 -9.85140000e-04 1.43167000e-03 4.69320000e-04 -1.92065000e-03 8.61000000e-04 -4.87200000e-04 -7.40820000e-04 -3.71700000e-05 4.91830000e-04 4.57420000e-04 -6.26200000e-05 -1.29411000e-03 -1.63840000e-04 -6.02530000e-04 4.37310000e-04 1.73000000e-05 -3.99900000e-05 8.25140000e-04 -5.57890000e-04 -5.22540000e-04 -3.72120000e-04 4.42300000e-04 2.58560000e-04 -4.29920000e-04 8.23050000e-04 -1.02032000e-03 1.09787000e-03 -1.72883000e-03 -3.35320000e-04 -4.88100000e-05 9.51130000e-04 2.09200000e-05 1.39890000e-03 6.72620000e-04 -4.00690000e-04 -2.23800000e-05 -5.14600000e-05 -9.92000000e-05 1.62930000e-04 1.95930000e-04 -1.04401000e-03 4.49620000e-04 -3.73490000e-04 -1.22939000e-03 8.20380000e-04 1.53098000e-03 1.48900000e-05 -1.15426000e-03 6.31720000e-04 -4.43790000e-04 1.33870000e-04 9.27290000e-04 -4.69720000e-04 -1.04770000e-04 4.51370000e-04 -1.06715000e-03 2.01130000e-04 -1.46900000e-04 -6.08640000e-04 4.36530000e-04 -1.15783000e-03 -6.42310000e-04 -1.05580000e-04 -5.47140000e-04 -6.34900000e-05 -6.86420000e-04 -4.99340000e-04 9.76200000e-04 -9.47240000e-04 -6.64260000e-04 -6.77750000e-04 -7.71700000e-05 -7.64500000e-04 -9.44450000e-04 9.89690000e-04 8.67230000e-04 9.32170000e-04 -1.16924000e-03 -3.03366000e-03 2.72950000e-04 1.98260000e-04 2.30180000e-04 -4.88560000e-04 4.37800000e-04 -2.28500000e-05 1.36430000e-04 -2.95380000e-04 -5.56220000e-04 -1.68070000e-04 8.00000000e-07 -6.55810000e-04 5.01280000e-04 4.98480000e-04 1.47217000e-03
-1.22910000e-04 -4.14700000e-05 1.28440000e-04 7.36600000e-05 -7.87600000e-05 3.89390000e-04 2.68900000e-04 6.64200000e-05 7.03200000e-05 -2.62030000e-04 1.12480000e-04 -6.51560000e-04 9.83000000e-06 7.75410000e-04 -1.07640000e-04 -1.75900000e-04 2.94790000e-04 1.69020000e-04 1.27490000e-04 3.22370000e-04 -4.81160000e-04 -2.19900000e-04 1.18800000e-05 -5.20800000e-05 1.45880000e-04 4.10200000e-05 -2.29700000e-05 -2.06280000e-04 6.99000000e-06 1.00980000e-04 5.40000000e-06 1.94890000e-04 1.98700000e-05 1.09940000e-04 6.48060000e-04 -1.07550000e-04 1.39740000e-04 4.04800000e-05 3.08220000e-04 9.47400000e-05 2.55960000e-04 -6.70000000e-06 1.44730000e-04 -6.17200000e-05 -4.54410000e-04 1.67200000e-05 -5.04470000e-04 1.01940000e-04 2.15800000e-05 1.45460000e-04 -2.17480000e-04 -2.76520000e-04 2.94400000e-05 -2.09990000e-04 4.96100000e-05 1.88800000e-05 4.38690000e-04 -7.34430000e-04 -9.84740000e-04 -2.05130000e-04 -5.46260000e-04 4.20440000e-04 -9.09900000e-05 -3.76220000e-04 6.16200000e-05 3.42170000e-04 1.67300000e-04 -6.24900000e-05 8.54700000e-05 -5.90000000e-05 -1.60190000e-04 -9.75100000e-05 -1.44280000e-04 5.03640000e-04 1.69440000e-04 -6.15400000e-05 1.18560000e-04 -1.33080000e-04 3.02220000e-04 -6.42800000e-05 7.91800000e-05 3.61370000e-04 1.01730000e-04 1.40450000e-04 1.82440000e-04 1.03810000e-04 1.69000000e-05 -4.84700000e-04 2.29080000e-04 -8.84300000e-04 -2.03630000e-04 -3.01950000e-04 -2.77470000e-04 -4.13340000e-04 -3.46490000e-04 -2.39090000e-04 -1.56840000e-04 -2.04660000e-04 -1.91350000e-04 -6.43060000e-04 -8.58300000e-05 -3.21720000e-04 -4.13720000e-04 -4.04550000e-04 -2.29130000e-04 -6.27090000e-04 -3.67440000e-04
-5.14200000e-05 2.93740000e-04 8.93420000e-04 1.20019000e-03 8.05710000e-04 -1.48940000e-03 -1.14490000e-03 6.39500000e-05 -1.92070000e-04 -9.77190000e-04 1.35230000e-04 1.64961000e-03 -6.63850000e-04 -1.20002000e-03 2.08249000e-03 9.71750000e-04 -2.93385000e-03 1.38254000e-03 -4.78790000e-04 -1.62969000e-03 1.82540000e-03 3.44020000e-04 5.99780000e-04 5.75980000e-04 -1.63496000e-03 6.95600000e-05 -1.03433000e-03 2.76950000e-04 3.88090000e-04 -5.03400000e-05 1.83099000e-03 -1.02444000e-03 -4.15270000e-04 -4.23230000e-04 -1.08300000e-05 6.48530000e-04 -4.93700000e-04 1.29881000e-03 -1.69352000e-03 1.25077000e-03 -2.64694000e-03 2.51110000e-04 -1.54420000e-04 1.63019000e-03 4.87490000e-04 2.14562000e-03 2.35045000e-03 -2.24110000e-04 2.97350000e-04 -1.12710000e-04 5.27900000e-05 1.05668000e-03 7.66490000e-04 -1.72948000e-03 8.61180000e-04 -9.09900000e-05 -2.59653000e-03 3.16930000e-03 3.02669000e-03 3.71970000e-04 1.12448000e-03 2.82860000e-04 -5.57900000e-04 1.03244000e-03 1.13888000e-03 -4.71580000e-04 3.27090000e-04 8.22270000e-04 -1.33576000e-03 6.51320000e-04 7.26410000e-04 -7.14660000e-04 5.74590000e-04 -2.46679000e-03 -2.44930000e-04 1.89040000e-04 -6.28790000e-04 8.58900000e-05 -1.44394000e-03 -8.36300000e-04 1.41571000e-03 -1.75685000e-03 -8.68950000e-04 -1.00777000e-03 -3.01740000e-04 -9.05960000e-04 -9.37070000e-04 1.45564000e-03 6.70940000e-04 2.01479000e-03 -1.89114000e-03 -4.41698000e-03 2.59900000e-04 4.58380000e-04 3.85700000e-05 -7.95300000e-04 -2.36410000e-04 -3.14310000e-04 -7.53500000e-05 2.78620000e-04 -1.20998000e-03 -3.62380000e-04 1.72850000e-04 -8.19590000e-04 2.48030000e-04 1.26084000e-03 2.58726000e-03
-4.86350000e-04 4.41810000e-04 -1.08686000e-03 -9.18090000e-04 -4.91900000e-05 5.77420000e-04 6.64720000e-04 2.22340000e-04 1.19900000e-04 5.90020000e-04 -1.96120000e-04 3.54330000e-04 8.66980000e-04 7.56300000e-04 -1.28955000e-03 -3.13660000e-04 1.66643000e-03 -9.48890000e-04 5.11550000e-04 5.94130000e-04 4.45810000e-04 -5.11060000e-04 -3.95660000e-04 1.41200000e-04 1.16512000e-03 1.88910000e-04 1.02891000e-03 -4.60530000e-04 1.29200000e-05 6.64400000e-05 -7.51410000e-04 5.15160000e-04 5.47720000e-04 4.05670000e-04 -7.89660000e-04 -1.70300000e-04 4.14890000e-04 -7.18170000e-04 8.05510000e-04 -1.15071000e-03 1.50134000e-03 3.47990000e-04 6.76500000e-05 -9.53040000e-04 2.46630000e-04 -1.33349000e-03 -2.65460000e-04 3.87690000e-04 1.34930000e-04 7.27600000e-05 3.05550000e-04 1.04470000e-04 -1.02410000e-04 9.91640000e-04 -3.49680000e-04 4.39780000e-04 9.92580000e-04 -2.57110000e-04 -1.13368000e-03 2.13940000e-04 1.48327000e-03 -8.69310000e-04 4.27240000e-04 1.65010000e-04 -8.32000000e-04 4.67140000e-04 9.00200000e-05 -3.40970000e-04 8.93070000e-04 -2.10500000e-04 3.54310000e-04 5.22150000e-04 -2.58320000e-04 7.85620000e-04 7.11110000e-04 2.37440000e-04 5.60660000e-04 2.19290000e-04 5.37310000e-04 4.80820000e-04 -1.07438000e-03 7.14400000e-04 5.92170000e-04 5.65400000e-04 1.20510000e-04 7.05100000e-04 9.37370000e-04 -8.13390000e-04 -8.60110000e-04 -4.89270000e-04 1.10498000e-03 3.05672000e-03 -2.35520000e-04 -4.04200000e-05 -1.25690000e-04 4.96480000e-04 -5.14670000e-04 -9.00000000e-08 -1.39460000e-04 4.93810000e-04 5.05050000e-04 3.02670000e-04 1.27160000e-04 8.09720000e-04 -4.73470000e-04 -3.40460000e-04 -1.59113000e-03
-1.98700000e-05 5.16830000e-04 1.70710000e-04 4.05040000e-04 6.85460000e-04 -9.84640000e-04 -6.58380000e-04 2.96080000e-04 1.95300000e-05 -1.66210000e-04 8.16700000e-05 1.67094000e-03 -1.70730000e-04 -9.03220000e-04 9.49880000e-04 5.15660000e-04 -1.61223000e-03 5.90510000e-04 -2.27400000e-05 -1.15879000e-03 1.85683000e-03 3.36600000e-04 2.60350000e-04 5.39600000e-04 -7.68350000e-04 2.32250000e-04 -4.63810000e-04 3.23050000e-04 3.21370000e-04 -5.11600000e-05 1.01240000e-03 -7.02680000e-04 -2.15870000e-04 -2.03600000e-04 -2.44710000e-04 4.57370000e-04 -1.47260000e-04 4.96760000e-04 -1.03783000e-03 3.69600000e-04 -1.42221000e-03 3.80270000e-04 -2.01730000e-04 7.21750000e-04 2.65250000e-04 8.97170000e-04 1.82473000e-03 5.33800000e-05 2.92030000e-04 -3.77700000e-05 7.99300000e-05 1.02873000e-03 4.52620000e-04 -5.20780000e-04 5.00290000e-04 2.36440000e-04 -1.77367000e-03 2.60942000e-03 2.01578000e-03 3.07360000e-04 1.86135000e-03 -2.85940000e-04 -3.33050000e-04 9.48580000e-04 3.97070000e-04 -1.33090000e-04 3.43420000e-04 4.20790000e-04 -8.52680000e-04 2.98790000e-04 9.52500000e-04 -4.06990000e-04 2.39100000e-04 -1.76561000e-03 1.87000000e-04 4.80970000e-04 -1.32610000e-04 6.91000000e-05 -1.04056000e-03 -6.28780000e-04 5.18900000e-04 -1.15530000e-03 -4.18610000e-04 -5.59160000e-04 -7.71000000e-05 -3.26590000e-04 -3.13040000e-04 1.01834000e-03 7.09500000e-05 1.61393000e-03 -6.25780000e-04 -1.56953000e-03 4.31470000e-04 7.01360000e-04 2.36660000e-04 2.42900000e-05 -2.74910000e-04 7.86800000e-05 2.62940000e-04 8.62140000e-04 -3.09010000e-04 2.17340000e-04 5.62810000e-04 1.56340000e-04 2.55780000e-04 1.05819000e-03 1.35893000e-03
-6.11450000e-04 6.23260000e-04 -3.23180000e-04 -2.74810000e-04 4.51780000e-04 1.10030000e-04 2.70140000e-04 3.85070000e-04 2.46430000e-04 -2.80770000e-04 1.28990000e-04 8.45390000e-04 6.12980000e-04 1.20650000e-04 -2.58470000e-04 -1.93900000e-05 2.33870000e-04 -2.39670000e-04 4.42440000e-04 2.55000000e-06 9.95380000e-04 -4.34300000e-04 -1.73660000e-04 4.99270000e-04 3.79950000e-04 3.59460000e-04 -3.81700000e-05 -4.29270000e-04 3.70160000e-04 2.42560000e-04 -3.55000000e-06 1.45280000e-04 7.61700000e-05 2.80630000e-04 -3.40600000e-04 2.63510000e-04 3.72120000e-04 -1.12960000e-04 1.51780000e-04 -2.84190000e-04 2.04190000e-04 5.02030000e-04 1.68350000e-04 -1.11550000e-04 1.48710000e-04 -2.46090000e-04 7.32950000e-04 3.98420000e-04 3.73920000e-04 2.40020000e-04 2.82500000e-05 5.69400000e-04 8.11300000e-05 -3.04920000e-04 2.77310000e-04 4.63320000e-04 -8.63500000e-05 9.42180000e-04 -2.99260000e-04 8.15100000e-05 1.38561000e-03 -4.43320000e-04 -4.03200000e-05 5.76670000e-04 -8.66900000e-05 1.00650000e-04 3.86510000e-04 -7.67200000e-05 -8.19100000e-05 -1.74200000e-05 6.81230000e-04 -2.44000000e-05 -1.28100000e-04 -1.11420000e-04 3.15960000e-04 3.85260000e-04 4.33020000e-04 4.40000000e-07 7.69000000e-06 -1.85780000e-04 -2.05170000e-04 6.10900000e-05 1.85450000e-04 1.94250000e-04 2.22710000e-04 3.64180000e-04 4.97950000e-04 -4.79910000e-04 -4.13120000e-04 -4.13310000e-04 -3.18970000e-04 1.04400000e-05 -4.62690000e-04 -3.35120000e-04 -3.64890000e-04 -2.96160000e-04 -8.17420000e-04 -4.56290000e-04 -4.37030000e-04 -2.06000000e-06 -3.95010000e-04 -3.09570000e-04 -2.66300000e-04 -2.28970000e-04 -4.48270000e-04 -3.24700000e-04 -7.11630000e-04
6.63200000e-05 -9.87620000e-04 -4.74680000e-04 -8.53030000e-04 -1.30511000e-03 3.42748000e-03 2.24604000e-03 -2.51200000e-05 7.06170000e-04 7.15060000e-04 8.49500000e-05 -5.30500000e-03 1.01058000e-03 2.93773000e-03 -2.80681000e-03 -1.64115000e-03 4.57138000e-03 -1.38618000e-03 6.99680000e-04 3.25469000e-03 -5.00991000e-03 -8.01900000e-04 -4.71440000e-04 -8.62570000e-04 2.33497000e-03 1.19390000e-04 7.96580000e-04 -6.10320000e-04 -4.87950000e-04 4.49330000e-04 -2.59503000e-03 1.83448000e-03 8.64630000e-04 7.06960000e-04 2.82679000e-03 -1.33899000e-03 9.96070000e-04 -1.54872000e-03 3.21609000e-03 -9.70770000e-04 4.17580000e-03 -8.28480000e-04 5.35480000e-04 -2.18280000e-03 -2.18640000e-03 -2.83585000e-03 -5.64453000e-03 4.10270000e-04 -6.62070000e-04 5.42930000e-04 -8.45660000e-04 -2.37087000e-03 -9.74580000e-04 1.92969000e-03 -1.09211000e-03 -1.03460000e-04 4.87893000e-03 -7.62154000e-03 -7.38747000e-03 -1.30823000e-03 -5.14239000e-03 1.27185000e-03 6.59840000e-04 -3.17537000e-03 -1.07627000e-03 1.31741000e-03 -2.49060000e-04 -1.06062000e-03 1.89597000e-03 -1.03609000e-03 -1.96571000e-03 1.06948000e-03 -8.71700000e-04 5.08799000e-03 3.47630000e-04 -8.33800000e-04 9.98040000e-04 -5.70270000e-04 2.78311000e-03 1.07236000e-03 -1.54068000e-03 3.45361000e-03 1.32064000e-03 1.71093000e-03 8.77230000e-04 1.48542000e-03 1.32698000e-03 -3.29209000e-03 1.77670000e-04 -5.84608000e-03 2.13003000e-03 5.07480000e-03 -1.02643000e-03 -1.65412000e-03 -8.75070000e-04 5.71140000e-04 1.70200000e-04 1.12590000e-04 -1.78760000e-04 -2.38025000e-03 1.71713000e-03 -2.85060000e-04 -1.34793000e-03 -1.25000000e-06 -6.91210000e-04 -4.09735000e-03 -4.98941000e-03
-9.45500000e-05 1.47370000e-04 -5.69800000e-05 4.12600000e-05 1.60870000e-04 2.31810000e-04 1.64440000e-04 2.00690000e-04 1.91470000e-04 1.82600000e-05 5.01000000e-05 -1.32650000e-04 1.81950000e-04 1.89840000e-04 -8.31600000e-05 -8.53000000e-05 1.41520000e-04 2.17680000e-04 1.72450000e-04 1.28430000e-04 1.65940000e-04 -5.09600000e-05 3.38900000e-05 1.92510000e-04 9.95100000e-05 2.45950000e-04 -1.61990000e-04 -2.64800000e-05 9.18800000e-05 6.56500000e-05 1.51780000e-04 2.75000000e-06 4.85900000e-05 4.80000000e-05 3.93690000e-04 -1.38350000e-04 1.57850000e-04 -4.77200000e-05 1.40460000e-04 6.56000000e-05 1.62490000e-04 1.29600000e-05 -6.49900000e-05 -7.26100000e-05 -5.66340000e-04 4.65600000e-05 -3.05810000e-04 1.62240000e-04 -3.19000000e-05 8.91600000e-05 -2.25820000e-04 1.44890000e-04 7.47500000e-05 6.18400000e-05 8.23000000e-06 1.09300000e-04 1.41170000e-04 -1.65130000e-04 -6.46610000e-04 -1.69880000e-04 6.42300000e-05 2.43120000e-04 -1.23670000e-04 -3.17390000e-04 -2.17100000e-05 3.29650000e-04 2.05630000e-04 -1.07200000e-05 -9.72900000e-05 -3.96200000e-05 1.15130000e-04 1.68600000e-05 -1.40460000e-04 1.74000000e-04 3.24630000e-04 1.24370000e-04 2.02050000e-04 -1.31810000e-04 6.93300000e-05 -1.96640000e-04 1.17910000e-04 1.21510000e-04 7.88800000e-05 8.22300000e-05 1.35570000e-04 1.79800000e-04 1.43860000e-04 -2.17330000e-04 9.96100000e-05 -4.46410000e-04 7.75500000e-05 1.43870000e-04 -1.21700000e-05 -2.62500000e-05 -1.82030000e-04 7.90400000e-05 -2.35450000e-04 1.78700000e-05 6.59600000e-05 -2.14930000e-04 1.81250000e-04 -2.87700000e-05 -4.20200000e-05 1.38400000e-05 -1.24370000e-04 -3.13700000e-04 -2.94510000e-04
-6.40140000e-04 1.03149000e-03 -1.70997000e-03 -1.19248000e-03 3.11410000e-04 2.46130000e-04 6.07910000e-04 5.29850000e-04 2.18040000e-04 1.00186000e-03 -2.54010000e-04 1.42070000e-03 1.18217000e-03 6.35170000e-04 -1.43818000e-03 -1.23520000e-04 1.56601000e-03 -8.63390000e-04 7.41480000e-04 5.22500000e-05 1.78135000e-03 -5.15460000e-04 -4.49650000e-04 5.45270000e-04 1.33703000e-03 3.89160000e-04 1.44557000e-03 -4.43680000e-04 2.35150000e-04 1.97000000e-05 -3.85840000e-04 2.68460000e-04 7.04200000e-04 5.03680000e-04 -7.70580000e-04 9.65900000e-05 5.20150000e-04 -6.90440000e-04 5.44810000e-04 -1.51093000e-03 1.43190000e-03 9.35680000e-04 -3.01500000e-05 -7.87300000e-04 6.21630000e-04 -1.56019000e-03 9.12180000e-04 6.70790000e-04 3.96430000e-04 4.62500000e-05 5.22850000e-04 6.66560000e-04 9.35200000e-05 1.27234000e-03 -2.02450000e-04 8.35140000e-04 1.08370000e-04 1.25344000e-03 -3.17960000e-04 5.73960000e-04 4.02746000e-03 -1.37834000e-03 4.47450000e-04 9.10100000e-04 -1.04231000e-03 7.51490000e-04 4.42520000e-04 -2.77900000e-04 1.05208000e-03 9.72700000e-05 1.20928000e-03 6.40170000e-04 -3.37280000e-04 -7.55000000e-06 1.49233000e-03 5.81990000e-04 7.05070000e-04 3.87210000e-04 1.36410000e-04 2.02520000e-04 -1.18951000e-03 3.29340000e-04 7.22770000e-04 5.82420000e-04 1.12620000e-04 8.93790000e-04 1.19266000e-03 -5.36500000e-04 -1.27586000e-03 2.43770000e-04 1.40705000e-03 3.61079000e-03 -3.51800000e-05 5.24550000e-04 3.79500000e-05 8.62200000e-04 -9.46680000e-04 1.55760000e-04 -2.37700000e-05 1.64693000e-03 6.15160000e-04 7.07280000e-04 6.83780000e-04 1.36931000e-03 -4.73100000e-04 4.05510000e-04 -5.91710000e-04
-2.55200000e-05 8.27310000e-04 2.19210000e-04 5.98350000e-04 1.02785000e-03 -1.86541000e-03 -1.23634000e-03 2.41070000e-04 -1.57600000e-04 -3.48150000e-04 -3.59600000e-05 2.86167000e-03 -2.28290000e-04 -1.61145000e-03 1.53528000e-03 1.04256000e-03 -2.76084000e-03 5.38090000e-04 -1.81890000e-04 -2.07657000e-03 2.87124000e-03 4.67910000e-04 3.79920000e-04 8.17150000e-04 -1.29617000e-03 1.53900000e-04 -4.24290000e-04 4.31930000e-04 5.23230000e-04 -8.06800000e-05 1.46213000e-03 -1.15549000e-03 -1.64000000e-04 -3.00860000e-04 -8.49800000e-04 9.02550000e-04 -3.30240000e-04 9.45480000e-04 -1.87951000e-03 4.66900000e-04 -2.49778000e-03 6.60640000e-04 -2.22250000e-04 1.26267000e-03 1.33521000e-03 1.23944000e-03 3.41231000e-03 -7.85100000e-05 5.71190000e-04 -1.46560000e-04 5.25220000e-04 1.57977000e-03 7.56650000e-04 -9.41250000e-04 8.41720000e-04 2.87090000e-04 -3.16772000e-03 4.45158000e-03 3.98685000e-03 8.29050000e-04 3.13234000e-03 -8.69550000e-04 -2.87560000e-04 1.97774000e-03 6.88880000e-04 -5.73070000e-04 3.74620000e-04 7.45470000e-04 -1.22903000e-03 6.05830000e-04 1.46077000e-03 -5.46990000e-04 6.91120000e-04 -3.17755000e-03 4.67400000e-05 5.22020000e-04 -3.82810000e-04 4.09770000e-04 -1.83881000e-03 -7.89750000e-04 5.83820000e-04 -2.08620000e-03 -7.27990000e-04 -1.01911000e-03 -3.04490000e-04 -6.93560000e-04 -5.00360000e-04 1.82060000e-03 -1.17140000e-04 3.07162000e-03 -1.12492000e-03 -2.53827000e-03 5.97000000e-04 1.18168000e-03 5.80810000e-04 -9.35800000e-05 -3.14220000e-04 3.09300000e-05 2.28050000e-04 1.77580000e-03 -7.79240000e-04 4.29380000e-04 9.51950000e-04 2.64860000e-04 4.71860000e-04 1.95139000e-03 2.31377000e-03
-2.54810000e-04 -2.67461000e-03 -3.34672000e-03 -4.72584000e-03 -5.12123000e-03 9.60855000e-03 6.94216000e-03 -8.56310000e-04 9.69400000e-04 3.44398000e-03 -4.67710000e-04 -1.26915000e-02 2.64109000e-03 9.41297000e-03 -9.96479000e-03 -5.46127000e-03 1.63607600e-02 -4.04303000e-03 2.14407000e-03 1.07290000e-02 -1.21967700e-02 -2.98648000e-03 -2.49691000e-03 -3.69273000e-03 8.44807000e-03 -5.12280000e-04 6.17651000e-03 -2.65625000e-03 -2.56151000e-03 3.05070000e-04 -8.09078000e-03 6.23473000e-03 2.05029000e-03 2.05547000e-03 2.42802000e-03 -4.87380000e-03 2.52412000e-03 -5.74505000e-03 1.02076400e-02 -4.38810000e-03 1.47922400e-02 -2.49542000e-03 8.44460000e-04 -7.75075000e-03 -5.61191000e-03 -8.43704000e-03 -1.64754000e-02 9.81810000e-04 -2.63991000e-03 6.41580000e-04 -1.63807000e-03 -7.44521000e-03 -3.82715000e-03 7.06013000e-03 -4.92358000e-03 -5.70160000e-04 1.65965600e-02 -2.13777300e-02 -2.05385800e-02 -3.24399000e-03 -1.05835300e-02 2.96216000e-03 2.50058000e-03 -9.17392000e-03 -5.06923000e-03 3.85964000e-03 -1.53174000e-03 -4.19887000e-03 8.33468000e-03 -2.99701000e-03 -6.23443000e-03 3.97561000e-03 -3.76765000e-03 1.63283500e-02 1.60418000e-03 -2.03599000e-03 3.20339000e-03 -1.27897000e-03 9.48103000e-03 4.68473000e-03 -4.61097000e-03 1.10114600e-02 4.91594000e-03 6.01219000e-03 1.47929000e-03 4.56667000e-03 4.12509000e-03 -9.82716000e-03 -1.20245000e-03 -1.47640500e-02 8.18987000e-03 1.87095500e-02 -2.71837000e-03 -5.10996000e-03 -2.57402000e-03 2.04945000e-03 1.15278000e-03 3.58000000e-04 -8.76130000e-04 -6.64864000e-03 5.08227000e-03 -8.08400000e-04 -3.66487000e-03 9.85830000e-04 -2.83572000e-03 -8.97907000e-03 -1.29627900e-02
-8.80900000e-05 5.60770000e-04 8.33320000e-04 1.17379000e-03 1.08310000e-03 -2.15922000e-03 -1.56017000e-03 1.49180000e-04 -3.03460000e-04 -1.00883000e-03 1.11200000e-04 2.65443000e-03 -6.66280000e-04 -1.71063000e-03 2.37497000e-03 1.27536000e-03 -3.78437000e-03 1.13435000e-03 -5.53690000e-04 -2.49762000e-03 2.67217000e-03 5.05250000e-04 6.11490000e-04 7.79300000e-04 -1.95803000e-03 1.82500000e-05 -1.34437000e-03 4.38070000e-04 5.50000000e-04 -1.18820000e-04 2.01351000e-03 -1.44693000e-03 -4.51500000e-04 -5.20740000e-04 -2.90930000e-04 1.11500000e-03 -6.34870000e-04 1.44196000e-03 -2.31026000e-03 1.13806000e-03 -3.44709000e-03 6.34470000e-04 -1.88680000e-04 1.95249000e-03 1.25419000e-03 2.10300000e-03 3.74686000e-03 -2.17350000e-04 5.93670000e-04 -1.77250000e-04 3.12960000e-04 1.50500000e-03 9.23580000e-04 -1.89800000e-03 1.13027000e-03 1.15260000e-04 -3.83128000e-03 4.77440000e-03 4.53498000e-03 7.02880000e-04 2.50100000e-03 -4.71500000e-04 -5.79840000e-04 2.04280000e-03 1.21575000e-03 -7.67000000e-04 3.87550000e-04 9.93580000e-04 -1.73567000e-03 8.15630000e-04 1.38894000e-03 -9.25890000e-04 7.64230000e-04 -3.69391000e-03 -2.59650000e-04 3.49190000e-04 -8.13190000e-04 2.51790000e-04 -2.15977000e-03 -1.08664000e-03 1.25582000e-03 -2.48768000e-03 -1.06536000e-03 -1.33843000e-03 -4.03840000e-04 -1.09901000e-03 -1.03551000e-03 2.06578000e-03 3.53120000e-04 3.09694000e-03 -2.15091000e-03 -4.85898000e-03 4.35050000e-04 9.39410000e-04 3.34980000e-04 -7.20270000e-04 -4.05850000e-04 -2.71930000e-04 -7.32000000e-06 1.26990000e-03 -1.44032000e-03 -1.04620000e-04 5.97370000e-04 -5.68520000e-04 4.38210000e-04 1.91455000e-03 3.20213000e-03
4.76720000e-04 4.87460000e-04 8.85920000e-04 1.03989000e-03 1.07030000e-03 -2.01813000e-03 -1.54880000e-03 2.42210000e-04 -1.12900000e-05 -3.01780000e-04 1.61090000e-04 2.52503000e-03 -7.42920000e-04 -2.47894000e-03 2.10945000e-03 1.02826000e-03 -3.45925000e-03 1.12068000e-03 -3.95190000e-04 -2.14571000e-03 2.50253000e-03 1.01797000e-03 6.01450000e-04 7.10380000e-04 -1.89115000e-03 2.33900000e-04 -9.13530000e-04 9.48900000e-04 4.69780000e-04 -1.16330000e-04 1.69891000e-03 -1.41706000e-03 -6.42730000e-04 -5.52740000e-04 -2.98120000e-04 7.93190000e-04 -4.99630000e-04 1.05792000e-03 -2.20580000e-03 1.13942000e-03 -3.05522000e-03 2.00390000e-04 -4.13850000e-04 1.53725000e-03 6.08530000e-04 1.88892000e-03 2.96648000e-03 -2.67850000e-04 3.02300000e-04 -1.53440000e-04 1.39740000e-04 1.61061000e-03 5.82050000e-04 -1.04409000e-03 8.90260000e-04 9.55000000e-06 -3.38642000e-03 4.12910000e-03 4.16563000e-03 4.69900000e-04 1.81062000e-03 -1.99870000e-04 -6.38290000e-04 1.43313000e-03 1.05708000e-03 -7.72200000e-04 2.75050000e-04 8.16490000e-04 -1.92831000e-03 5.21250000e-04 1.16579000e-03 -7.72830000e-04 7.14950000e-04 -3.30387000e-03 -3.79720000e-04 5.71450000e-04 -5.50800000e-04 1.24630000e-04 -1.98461000e-03 -1.16655000e-03 1.19544000e-03 -2.32868000e-03 -1.03338000e-03 -1.24128000e-03 -2.25780000e-04 -9.34630000e-04 -9.97550000e-04 2.31973000e-03 4.97510000e-04 3.20363000e-03 -1.26485000e-03 -3.52744000e-03 9.96980000e-04 1.40041000e-03 8.28250000e-04 1.00200000e-05 1.61520000e-04 3.52970000e-04 6.63270000e-04 1.46049000e-03 -5.30230000e-04 5.38520000e-04 1.09692000e-03 1.70450000e-04 9.57660000e-04 2.08594000e-03 2.92830000e-03
-1.29070000e-04 4.58200000e-05 -5.61160000e-04 -5.46590000e-04 -2.04870000e-04 1.44710000e-04 1.94550000e-04 -7.61900000e-05 -5.72400000e-05 5.01440000e-04 -1.94160000e-04 1.63310000e-04 3.27770000e-04 1.50300000e-05 -6.75320000e-04 -4.14800000e-05 9.21730000e-04 -6.09750000e-04 4.11700000e-05 3.25480000e-04 -1.78700000e-05 -2.00810000e-04 -1.96230000e-04 -1.19220000e-04 5.75380000e-04 -7.29300000e-05 1.11183000e-03 -2.00110000e-04 -1.06570000e-04 -3.35700000e-05 -5.47920000e-04 2.80300000e-04 3.01810000e-04 1.74370000e-04 -7.54840000e-04 -9.82500000e-05 3.86100000e-05 -3.72020000e-04 3.06100000e-04 -6.57410000e-04 8.34230000e-04 -1.08200000e-05 -1.53200000e-05 -4.43580000e-04 5.82130000e-04 -7.97350000e-04 -1.70430000e-04 3.41600000e-05 -3.60600000e-05 -8.28800000e-05 3.89970000e-04 -8.21500000e-05 -2.41010000e-04 6.53000000e-04 -3.27900000e-04 7.18000000e-05 4.98480000e-04 -2.96070000e-04 -1.40020000e-04 2.88590000e-04 6.46380000e-04 -5.73540000e-04 3.82820000e-04 1.15490000e-04 -4.57950000e-04 -3.77000000e-06 -2.23570000e-04 -1.71600000e-04 6.54020000e-04 -8.32000000e-06 -2.34600000e-05 4.83420000e-04 6.29000000e-06 3.75380000e-04 1.91020000e-04 -4.38600000e-05 1.03370000e-04 2.86020000e-04 3.09460000e-04 4.53630000e-04 -6.25930000e-04 2.98850000e-04 2.93910000e-04 2.87010000e-04 -1.01980000e-04 2.72200000e-04 4.15300000e-04 -2.09480000e-04 -4.80910000e-04 1.31580000e-04 7.62140000e-04 1.84239000e-03 -6.58900000e-05 1.19530000e-04 1.85260000e-04 2.96410000e-04 -2.53600000e-05 9.71300000e-05 -9.94800000e-05 5.09360000e-04 2.61080000e-04 3.25580000e-04 2.09290000e-04 5.67500000e-04 -1.21300000e-04 1.64700000e-04 -4.22460000e-04
2.03600000e-05 -8.82470000e-04 -2.25500000e-04 -5.30970000e-04 -1.22972000e-03 2.41512000e-03 1.57832000e-03 -3.30550000e-04 2.53910000e-04 2.82730000e-04 -1.84000000e-06 -3.86733000e-03 3.52780000e-04 2.36394000e-03 -1.80863000e-03 -1.15411000e-03 3.41520000e-03 -3.50330000e-04 2.99260000e-04 2.69077000e-03 -3.62900000e-03 -7.58820000e-04 -3.45430000e-04 -8.99350000e-04 1.59920000e-03 -1.45840000e-04 1.12387000e-03 -7.00310000e-04 -5.70100000e-04 2.21600000e-04 -1.51568000e-03 1.49415000e-03 4.33550000e-04 4.81430000e-04 1.43001000e-03 -1.17536000e-03 5.35250000e-04 -8.52820000e-04 2.34357000e-03 -3.80550000e-04 3.09468000e-03 -8.27580000e-04 3.62560000e-04 -1.34788000e-03 -1.62516000e-03 -1.32050000e-03 -4.29376000e-03 1.01770000e-04 -6.76130000e-04 2.50360000e-04 -5.72140000e-04 -2.02729000e-03 -7.93500000e-04 9.58990000e-04 -9.32370000e-04 -4.03130000e-04 3.98435000e-03 -5.72878000e-03 -5.19223000e-03 -9.18720000e-04 -3.89605000e-03 1.54831000e-03 4.44630000e-04 -2.61798000e-03 -6.65520000e-04 9.58370000e-04 -3.17140000e-04 -8.05420000e-04 1.78262000e-03 -5.41290000e-04 -1.92936000e-03 8.32050000e-04 -6.93800000e-04 4.02522000e-03 2.04070000e-04 -8.07950000e-04 5.66010000e-04 -3.56310000e-04 2.37686000e-03 9.82390000e-04 -4.96980000e-04 2.61385000e-03 9.50210000e-04 1.28205000e-03 3.92220000e-04 8.48470000e-04 6.47690000e-04 -2.40719000e-03 3.35350000e-04 -4.05511000e-03 1.21251000e-03 2.72939000e-03 -8.81850000e-04 -1.60173000e-03 -8.44630000e-04 -7.07500000e-05 3.79790000e-04 -1.69440000e-04 -4.46660000e-04 -2.43330000e-03 7.92490000e-04 -6.33680000e-04 -1.35294000e-03 -5.59980000e-04 -6.88740000e-04 -2.54564000e-03 -2.60999000e-03
-5.51500000e-05 -1.18020000e-04 -4.53610000e-04 -4.63020000e-04 -3.42470000e-04 1.19922000e-03 8.94300000e-04 1.26400000e-04 2.70330000e-04 4.73840000e-04 1.49500000e-05 -1.30802000e-03 4.63500000e-04 1.20354000e-03 -1.10182000e-03 -5.84630000e-04 1.85267000e-03 -3.03060000e-04 3.81980000e-04 1.18835000e-03 -1.07133000e-03 -2.79210000e-04 -2.00370000e-04 -1.72060000e-04 1.02132000e-03 1.76760000e-04 6.56120000e-04 -2.20250000e-04 -1.41020000e-04 1.16570000e-04 -7.04890000e-04 6.81600000e-04 3.45080000e-04 3.13270000e-04 6.10400000e-04 -5.14350000e-04 3.98030000e-04 -6.13350000e-04 1.20065000e-03 -5.01980000e-04 1.70696000e-03 -1.37650000e-04 1.12180000e-04 -8.44250000e-04 -8.96900000e-04 -9.19780000e-04 -1.79359000e-03 2.85130000e-04 -2.02160000e-04 1.70860000e-04 -2.67200000e-04 -5.86590000e-04 -2.38210000e-04 8.94700000e-04 -4.41520000e-04 1.10860000e-04 1.78969000e-03 -2.18486000e-03 -2.45440000e-03 -3.73750000e-04 -8.84190000e-04 3.62630000e-04 2.18430000e-04 -1.04749000e-03 -5.58200000e-04 6.79470000e-04 6.44300000e-05 -3.87410000e-04 8.22360000e-04 -3.00360000e-04 -4.45440000e-04 4.38060000e-04 -4.30110000e-04 1.79584000e-03 4.62680000e-04 -6.09400000e-05 4.84190000e-04 -1.68410000e-04 1.04100000e-03 3.96860000e-04 -5.00880000e-04 1.26386000e-03 5.75850000e-04 6.80630000e-04 2.95070000e-04 6.58900000e-04 6.15040000e-04 -1.08396000e-03 -6.30200000e-05 -1.71456000e-03 1.01764000e-03 2.27328000e-03 -2.05150000e-04 -4.05050000e-04 -3.08060000e-04 3.91720000e-04 -4.08700000e-05 1.39940000e-04 4.44600000e-05 -6.28750000e-04 7.71440000e-04 1.67800000e-05 -2.76540000e-04 2.75210000e-04 -3.10400000e-04 -1.06998000e-03 -1.49828000e-03
7.29700000e-05 4.19740000e-04 -5.39000000e-05 1.50470000e-04 5.23570000e-04 -8.38810000e-04 -5.42520000e-04 1.54070000e-04 -1.60000000e-05 1.52250000e-04 -4.65500000e-05 1.48540000e-03 3.28700000e-05 -9.94760000e-04 5.79980000e-04 5.40600000e-04 -1.07585000e-03 1.34740000e-04 -1.02730000e-04 -9.19820000e-04 1.42889000e-03 3.40970000e-04 1.71300000e-04 4.39950000e-04 -4.57820000e-04 1.41540000e-04 1.91170000e-04 3.23030000e-04 2.69370000e-04 -3.13500000e-05 5.85250000e-04 -5.11080000e-04 2.18600000e-05 -9.27800000e-05 -5.52060000e-04 4.51990000e-04 -1.62860000e-04 3.30790000e-04 -8.21150000e-04 6.67300000e-05 -9.48660000e-04 3.20710000e-04 -1.41480000e-04 5.48750000e-04 7.70310000e-04 3.65490000e-04 1.60054000e-03 1.21300000e-05 2.59420000e-04 -8.92200000e-05 3.53000000e-04 8.44360000e-04 2.94040000e-04 -1.07620000e-04 3.19950000e-04 2.00280000e-04 -1.43057000e-03 2.12996000e-03 2.06651000e-03 4.85250000e-04 1.71610000e-03 -6.05090000e-04 -2.18500000e-05 9.90820000e-04 2.05280000e-04 -3.12470000e-04 1.24210000e-04 3.47210000e-04 -4.80360000e-04 3.47960000e-04 7.64100000e-04 -5.04800000e-05 3.66760000e-04 -1.46002000e-03 8.12400000e-05 2.77910000e-04 -1.67550000e-04 2.88560000e-04 -8.05540000e-04 -2.77500000e-04 1.36390000e-04 -9.40260000e-04 -2.71410000e-04 -4.14920000e-04 -1.69240000e-04 -2.08140000e-04 -7.13600000e-05 1.00545000e-03 -1.74840000e-04 1.68483000e-03 -1.57500000e-04 -5.19300000e-04 4.34200000e-04 8.13460000e-04 4.88150000e-04 2.09960000e-04 -7.51500000e-05 2.16930000e-04 2.44450000e-04 1.20986000e-03 -1.17400000e-04 4.67180000e-04 7.13350000e-04 4.74400000e-04 3.38480000e-04 1.15020000e-03 1.19768000e-03
4.49640000e-04 -4.90100000e-05 9.56240000e-04 9.26750000e-04 4.69940000e-04 -1.22604000e-03 -1.05615000e-03 -3.34400000e-05 -1.31060000e-04 -4.29650000e-04 1.52250000e-04 9.78920000e-04 -7.83550000e-04 -1.44902000e-03 1.61284000e-03 6.52930000e-04 -2.40572000e-03 9.14450000e-04 -4.89490000e-04 -1.30174000e-03 8.72190000e-04 7.27430000e-04 4.78550000e-04 2.01550000e-04 -1.44098000e-03 -3.42300000e-05 -7.54450000e-04 6.73390000e-04 1.76710000e-04 -1.09670000e-04 1.11861000e-03 -9.10240000e-04 -5.29100000e-04 -4.72500000e-04 1.73790000e-04 4.51650000e-04 -4.86170000e-04 8.26800000e-04 -1.41204000e-03 1.06104000e-03 -2.14696000e-03 -9.56100000e-05 -2.32320000e-04 1.16991000e-03 2.35030000e-04 1.50132000e-03 1.48321000e-03 -3.33770000e-04 7.28400000e-05 -1.29120000e-04 -4.70500000e-05 6.49160000e-04 3.36760000e-04 -9.38140000e-04 5.47970000e-04 -2.22710000e-04 -2.03429000e-03 2.00650000e-03 2.54218000e-03 1.39320000e-04 4.11200000e-05 2.53750000e-04 -4.63690000e-04 6.07260000e-04 8.77460000e-04 -5.88440000e-04 2.68800000e-05 5.66210000e-04 -1.31464000e-03 3.40040000e-04 3.52500000e-04 -5.93980000e-04 4.78910000e-04 -1.93059000e-03 -5.36860000e-04 1.18530000e-04 -5.84310000e-04 -1.67000000e-05 -1.18913000e-03 -6.99420000e-04 1.03344000e-03 -1.42880000e-03 -7.66760000e-04 -8.61700000e-04 -2.02160000e-04 -7.97280000e-04 -9.33970000e-04 1.50844000e-03 6.26050000e-04 1.80685000e-03 -1.09385000e-03 -3.03364000e-03 5.90520000e-04 6.96010000e-04 4.69050000e-04 -2.23360000e-04 3.48930000e-04 1.82320000e-04 3.80070000e-04 4.55330000e-04 -4.75180000e-04 1.23310000e-04 4.66750000e-04 -2.71740000e-04 6.61450000e-04 1.13921000e-03 2.03161000e-03
-2.81690000e-04 5.26280000e-04 -3.70790000e-04 -2.47760000e-04 3.56770000e-04 -2.36140000e-04 -2.77300000e-05 2.71130000e-04 9.94400000e-05 9.35500000e-05 -5.03500000e-05 9.99360000e-04 3.89210000e-04 -1.11010000e-04 -1.72870000e-04 8.12300000e-05 -7.55800000e-05 -2.58530000e-04 2.91520000e-04 -3.36630000e-04 1.12882000e-03 -1.17580000e-04 -8.81600000e-05 3.69410000e-04 1.47570000e-04 2.29360000e-04 1.24600000e-04 -9.43900000e-05 2.11520000e-04 3.56800000e-05 8.26400000e-05 -1.36170000e-04 1.31640000e-04 8.52300000e-05 -4.92510000e-04 1.41240000e-04 1.81040000e-04 -1.13360000e-04 -1.75050000e-04 -3.37660000e-04 -6.52700000e-05 3.39440000e-04 -7.46900000e-05 -1.33170000e-04 2.42340000e-04 -2.40770000e-04 7.92860000e-04 2.14940000e-04 2.20930000e-04 4.38600000e-05 1.51420000e-04 5.86730000e-04 1.48990000e-04 1.31280000e-04 1.08070000e-04 3.40440000e-04 -4.83940000e-04 1.16108000e-03 3.64410000e-04 2.11620000e-04 1.56911000e-03 -5.85660000e-04 4.77000000e-06 5.49400000e-04 -1.73820000e-04 1.02620000e-04 2.31070000e-04 1.73800000e-05 -1.25570000e-04 -1.32700000e-05 6.67790000e-04 -4.61000000e-06 -1.30200000e-05 -5.56780000e-04 3.67400000e-04 3.54290000e-04 2.66840000e-04 1.01210000e-04 -3.29150000e-04 -1.66230000e-04 -2.81740000e-04 -2.82190000e-04 7.68000000e-05 -1.71000000e-05 5.42300000e-05 1.75660000e-04 3.13180000e-04 4.53900000e-05 -4.03780000e-04 4.27050000e-04 1.11360000e-04 5.76270000e-04 2.76100000e-05 2.54400000e-04 1.44300000e-05 1.86380000e-04 -4.46530000e-04 -3.01700000e-05 1.23700000e-05 6.01120000e-04 2.04300000e-05 2.02600000e-04 2.67810000e-04 3.81350000e-04 -1.31420000e-04 2.09960000e-04 -3.46940000e-04
-1.34750000e-04 -1.11290000e-04 -2.18200000e-04 -1.74060000e-04 -1.95430000e-04 9.43870000e-04 6.51280000e-04 9.46300000e-05 2.58470000e-04 1.60480000e-04 4.02800000e-05 -1.24418000e-03 4.07780000e-04 8.37680000e-04 -6.71110000e-04 -3.31620000e-04 1.23251000e-03 -1.39360000e-04 2.19740000e-04 8.66290000e-04 -9.96700000e-04 -3.16940000e-04 -6.69200000e-05 -4.45200000e-05 6.76920000e-04 1.61000000e-04 3.44750000e-04 -2.65760000e-04 -2.34000000e-05 1.69120000e-04 -4.43090000e-04 4.93930000e-04 3.15980000e-04 2.45940000e-04 7.93670000e-04 -3.18130000e-04 3.03290000e-04 -3.06390000e-04 8.60020000e-04 -2.21710000e-04 1.14593000e-03 -1.10750000e-04 1.40650000e-04 -4.26980000e-04 -5.98800000e-04 -6.04030000e-04 -1.35382000e-03 2.17600000e-04 -1.29930000e-04 1.72360000e-04 -2.20810000e-04 -4.54160000e-04 -1.66810000e-04 3.94160000e-04 -2.25850000e-04 7.05300000e-05 1.22734000e-03 -1.76591000e-03 -1.95000000e-03 -2.88880000e-04 -8.97450000e-04 4.14010000e-04 1.73150000e-04 -8.12170000e-04 -2.51320000e-04 4.64100000e-04 6.80200000e-05 -2.08510000e-04 5.90420000e-04 -1.17710000e-04 -3.66280000e-04 3.81900000e-04 -2.41090000e-04 1.31868000e-03 3.06300000e-04 -1.68140000e-04 3.10670000e-04 -1.19600000e-04 7.52640000e-04 2.38880000e-04 -2.63050000e-04 9.08030000e-04 3.93510000e-04 4.97730000e-04 2.21200000e-04 4.76270000e-04 4.64600000e-04 -9.21510000e-04 7.23400000e-05 -1.58340000e-03 4.78050000e-04 1.15065000e-03 -3.49580000e-04 -4.56850000e-04 -3.50880000e-04 5.94400000e-05 -1.75380000e-04 -5.70900000e-05 -1.56380000e-04 -6.32530000e-04 3.39160000e-04 -1.68560000e-04 -3.88650000e-04 -8.45200000e-05 -3.20080000e-04 -1.03245000e-03 -1.05034000e-03
-1.42660000e-04 5.54810000e-04 -1.04500000e-05 3.34130000e-04 6.53350000e-04 -6.77010000e-04 -3.99470000e-04 3.02580000e-04 5.75000000e-05 -1.83870000e-04 5.76900000e-05 1.40493000e-03 3.60200000e-05 -4.94720000e-04 7.09300000e-04 4.17950000e-04 -1.16988000e-03 5.30940000e-04 8.64600000e-05 -8.68590000e-04 1.68684000e-03 1.66210000e-04 2.01200000e-04 5.82170000e-04 -4.90630000e-04 2.94070000e-04 -3.89170000e-04 1.60030000e-04 3.41990000e-04 1.93400000e-05 9.26070000e-04 -5.10660000e-04 -4.79600000e-05 -7.84000000e-05 -1.63260000e-04 3.51960000e-04 -1.34200000e-05 4.35070000e-04 -7.27760000e-04 2.64770000e-04 -1.03010000e-03 4.30130000e-04 -1.19050000e-04 5.65030000e-04 1.36860000e-04 7.48330000e-04 1.49298000e-03 1.40640000e-04 2.93650000e-04 1.74500000e-05 5.09000000e-05 9.22670000e-04 5.01780000e-04 -4.48570000e-04 4.46520000e-04 2.61290000e-04 -1.34533000e-03 2.18054000e-03 1.41537000e-03 2.56760000e-04 1.73702000e-03 -1.98790000e-04 -2.45230000e-04 7.54290000e-04 2.98410000e-04 4.87900000e-05 4.22170000e-04 3.61890000e-04 -5.99540000e-04 2.72600000e-04 8.46120000e-04 -2.77730000e-04 1.76530000e-04 -1.33731000e-03 3.32730000e-04 4.22330000e-04 -3.45000000e-06 7.25500000e-05 -7.85660000e-04 -4.92450000e-04 4.32630000e-04 -8.44120000e-04 -2.82180000e-04 -3.99280000e-04 -3.78600000e-05 -1.65880000e-04 -1.14270000e-04 6.84350000e-04 7.32000000e-06 1.16029000e-03 -5.22010000e-04 -1.19976000e-03 2.74030000e-04 4.93960000e-04 6.57500000e-05 -1.70900000e-05 -3.80590000e-04 -6.69000000e-06 1.48020000e-04 6.11150000e-04 -2.70690000e-04 1.02680000e-04 3.84930000e-04 8.98800000e-05 7.49300000e-05 7.46480000e-04 9.51090000e-04
-2.20000000e-04 3.06610000e-04 -2.23940000e-04 -1.23800000e-04 2.14940000e-04 7.76700000e-05 1.19700000e-04 2.08910000e-04 1.30150000e-04 2.38000000e-06 1.23100000e-05 2.98880000e-04 3.20230000e-04 1.42510000e-04 -1.86260000e-04 -9.97000000e-06 1.36390000e-04 -1.84550000e-04 2.35930000e-04 -1.30100000e-05 4.51170000e-04 -1.59360000e-04 -4.06400000e-05 2.51840000e-04 1.93330000e-04 2.01290000e-04 3.03500000e-05 -1.34020000e-04 1.53040000e-04 1.12240000e-04 -1.31500000e-05 3.74400000e-05 1.57150000e-04 1.39790000e-04 -4.96100000e-05 5.13500000e-05 2.02300000e-04 -8.51800000e-05 6.86500000e-05 -2.36260000e-04 1.37100000e-04 1.88980000e-04 4.12400000e-05 -1.60820000e-04 -9.40000000e-06 -2.40520000e-04 2.22970000e-04 1.83830000e-04 1.59230000e-04 1.17080000e-04 3.30500000e-05 2.96970000e-04 9.56200000e-05 7.65700000e-05 9.42200000e-05 2.32950000e-04 -2.76000000e-05 3.46670000e-04 -2.48480000e-04 6.26300000e-05 6.32660000e-04 -2.44610000e-04 1.33400000e-05 1.88240000e-04 -9.37300000e-05 2.04360000e-04 1.93410000e-04 -1.56000000e-06 -2.99700000e-05 -5.74200000e-05 3.42020000e-04 1.70400000e-05 -1.49000000e-06 -8.76900000e-05 2.91300000e-04 1.85770000e-04 2.33580000e-04 4.84500000e-05 -4.16900000e-05 -8.07300000e-05 -2.49030000e-04 1.13500000e-05 7.15200000e-05 4.82800000e-05 1.27790000e-04 1.97130000e-04 2.79310000e-04 -1.86510000e-04 -1.79190000e-04 -1.20180000e-04 6.79900000e-05 4.46510000e-04 -9.45100000e-05 2.02000000e-05 -9.11900000e-05 7.01000000e-05 -3.40960000e-04 -7.51600000e-05 -4.95300000e-05 1.45890000e-04 4.65700000e-05 5.71500000e-05 2.87500000e-05 1.55760000e-04 -1.53800000e-04 -1.91240000e-04 -5.47340000e-04
3.76930000e-04 -9.67730000e-04 8.06600000e-05 -3.26710000e-04 -9.97220000e-04 1.66893000e-03 9.88450000e-04 -3.26170000e-04 1.81260000e-04 5.09970000e-04 3.12700000e-05 -2.96518000e-03 3.11000000e-05 1.13518000e-03 -1.16717000e-03 -7.73940000e-04 2.34527000e-03 -3.06380000e-04 -5.64300000e-05 1.90496000e-03 -3.07448000e-03 -1.57470000e-04 -1.68120000e-04 -8.29490000e-04 9.96090000e-04 -1.98620000e-04 9.82880000e-04 -1.24090000e-04 -5.17990000e-04 6.89900000e-05 -1.27227000e-03 9.89820000e-04 1.94710000e-04 2.07620000e-04 1.07601000e-03 -7.85590000e-04 1.54390000e-04 -7.03540000e-04 1.61122000e-03 -1.61140000e-04 2.15062000e-03 -8.10750000e-04 1.79340000e-04 -8.67540000e-04 -1.07922000e-03 -9.82230000e-04 -3.30147000e-03 -5.54000000e-05 -6.28190000e-04 8.30500000e-05 -3.96430000e-04 -1.57527000e-03 -7.62570000e-04 9.68460000e-04 -7.74870000e-04 -4.13140000e-04 2.82788000e-03 -4.39387000e-03 -3.24434000e-03 -6.95310000e-04 -3.47337000e-03 1.05809000e-03 3.68380000e-04 -1.95322000e-03 -4.51190000e-04 3.49950000e-04 -5.07590000e-04 -5.53930000e-04 1.14371000e-03 -3.64790000e-04 -1.56455000e-03 6.71240000e-04 -4.09250000e-04 2.88759000e-03 -2.36340000e-04 -6.62280000e-04 1.60790000e-04 -2.60860000e-04 1.69910000e-03 7.93290000e-04 -3.32900000e-04 1.83050000e-03 6.04810000e-04 8.67080000e-04 2.12360000e-04 5.18480000e-04 3.08270000e-04 -1.31071000e-03 3.66680000e-04 -2.54890000e-03 1.14826000e-03 2.15007000e-03 -3.13970000e-04 -8.24630000e-04 -2.33410000e-04 2.14380000e-04 6.90770000e-04 2.14550000e-04 -1.54000000e-05 -1.44877000e-03 8.57050000e-04 -1.80370000e-04 -6.66020000e-04 -1.34030000e-04 -1.19160000e-04 -1.52823000e-03 -1.48829000e-03
6.28510000e-04 4.64720000e-04 1.03448000e-03 1.11833000e-03 1.09281000e-03 -2.24203000e-03 -1.74805000e-03 2.24210000e-04 -8.36400000e-05 -3.17180000e-04 1.78800000e-04 2.78321000e-03 -9.50470000e-04 -2.67201000e-03 2.33213000e-03 1.07834000e-03 -3.83398000e-03 1.23763000e-03 -4.74560000e-04 -2.38135000e-03 2.71300000e-03 1.21513000e-03 6.30710000e-04 6.71460000e-04 -2.13029000e-03 1.72580000e-04 -1.09854000e-03 1.14462000e-03 4.27410000e-04 -1.95990000e-04 1.84432000e-03 -1.58438000e-03 -7.90140000e-04 -6.73650000e-04 -4.30920000e-04 8.87870000e-04 -6.14020000e-04 1.10770000e-03 -2.40962000e-03 1.25908000e-03 -3.39659000e-03 1.98730000e-04 -4.79020000e-04 1.68141000e-03 5.97710000e-04 2.11533000e-03 3.25783000e-03 -3.24880000e-04 3.11540000e-04 -2.07740000e-04 1.19030000e-04 1.68042000e-03 6.01880000e-04 -1.08977000e-03 9.40380000e-04 -5.37000000e-06 -3.65282000e-03 4.56548000e-03 4.72302000e-03 4.64580000e-04 1.90422000e-03 -2.19190000e-04 -7.18020000e-04 1.60624000e-03 1.11572000e-03 -8.81470000e-04 2.27130000e-04 8.60330000e-04 -2.13420000e-03 5.31960000e-04 1.25502000e-03 -9.31160000e-04 7.38480000e-04 -3.64040000e-03 -4.89020000e-04 6.39150000e-04 -6.53340000e-04 1.01830000e-04 -2.17275000e-03 -1.24972000e-03 1.33887000e-03 -2.55937000e-03 -1.15820000e-03 -1.39180000e-03 -2.77120000e-04 -1.08665000e-03 -1.19266000e-03 2.65614000e-03 5.23510000e-04 3.68418000e-03 -1.34703000e-03 -3.88901000e-03 1.20757000e-03 1.57916000e-03 9.62540000e-04 8.27900000e-05 3.32070000e-04 4.60250000e-04 8.43890000e-04 1.60411000e-03 -5.14290000e-04 6.19560000e-04 1.25477000e-03 2.33920000e-04 1.11940000e-03 2.41613000e-03 3.26714000e-03
-1.03360000e-04 -1.41496000e-03 -2.13275000e-03 -2.77332000e-03 -2.88341000e-03 5.44754000e-03 3.97516000e-03 -2.85590000e-04 6.10640000e-04 2.25459000e-03 -1.60320000e-04 -7.12783000e-03 1.35494000e-03 5.46509000e-03 -5.70539000e-03 -3.11570000e-03 9.32741000e-03 -1.84498000e-03 1.25299000e-03 5.98088000e-03 -6.62639000e-03 -1.62769000e-03 -1.40733000e-03 -2.08567000e-03 4.84523000e-03 -2.29310000e-04 3.80856000e-03 -1.45171000e-03 -1.46125000e-03 1.22830000e-04 -4.28606000e-03 3.47016000e-03 1.05352000e-03 1.26082000e-03 2.14860000e-03 -2.68004000e-03 1.40806000e-03 -3.18804000e-03 5.75801000e-03 -2.56770000e-03 8.47288000e-03 -1.16912000e-03 4.76630000e-04 -4.24354000e-03 -3.45400000e-03 -4.79260000e-03 -9.04392000e-03 7.24400000e-04 -1.40339000e-03 3.94810000e-04 -9.94140000e-04 -4.18582000e-03 -2.15937000e-03 4.15518000e-03 -2.70725000e-03 -1.95890000e-04 9.11411000e-03 -1.17973300e-02 -1.16218100e-02 -1.77806000e-03 -4.93841000e-03 1.81235000e-03 1.22792000e-03 -5.08576000e-03 -2.92099000e-03 2.70278000e-03 -6.36450000e-04 -2.39834000e-03 4.81210000e-03 -1.50291000e-03 -3.21873000e-03 2.19110000e-03 -2.32493000e-03 9.05244000e-03 1.63041000e-03 -9.82630000e-04 1.77802000e-03 -7.39820000e-04 5.40822000e-03 2.34437000e-03 -2.47275000e-03 6.21138000e-03 2.83360000e-03 3.46719000e-03 9.73130000e-04 2.68714000e-03 2.23662000e-03 -5.47090000e-03 -6.01460000e-04 -8.26031000e-03 4.85053000e-03 1.06869300e-02 -1.39758000e-03 -2.61844000e-03 -1.39882000e-03 1.35890000e-03 4.88610000e-04 3.72730000e-04 -3.77760000e-04 -3.39774000e-03 3.09557000e-03 -2.46430000e-04 -1.83335000e-03 7.56450000e-04 -1.53971000e-03 -4.73169000e-03 -6.16100000e-03
2.58190000e-04 5.81180000e-04 8.68180000e-04 1.29967000e-03 1.19143000e-03 -1.46310000e-03 -1.16589000e-03 3.52300000e-04 1.30490000e-04 -7.08700000e-04 2.52180000e-04 1.69641000e-03 -4.40160000e-04 -1.60351000e-03 2.05299000e-03 9.41750000e-04 -3.19537000e-03 1.32356000e-03 -2.20090000e-04 -1.82956000e-03 2.00561000e-03 7.33700000e-04 6.40810000e-04 9.44860000e-04 -1.69340000e-03 4.32270000e-04 -1.53823000e-03 6.90350000e-04 6.74070000e-04 1.40050000e-04 1.87003000e-03 -1.20358000e-03 -3.99960000e-04 -3.18920000e-04 7.06650000e-04 7.44260000e-04 -2.16100000e-04 1.28770000e-03 -1.82809000e-03 1.30013000e-03 -2.83102000e-03 3.60050000e-04 -1.37540000e-04 1.61597000e-03 1.80980000e-04 1.95152000e-03 2.51357000e-03 -6.68400000e-05 4.09450000e-04 7.13700000e-05 -8.59800000e-05 1.44934000e-03 8.34720000e-04 -1.40300000e-03 1.09908000e-03 7.50200000e-05 -3.02797000e-03 3.38543000e-03 3.00526000e-03 2.68040000e-04 1.22387000e-03 2.88590000e-04 -6.78770000e-04 1.04828000e-03 1.23470000e-03 -3.54500000e-04 6.26610000e-04 8.50430000e-04 -1.82968000e-03 5.55080000e-04 1.03349000e-03 -7.87840000e-04 6.78990000e-04 -2.78594000e-03 -8.84900000e-05 4.06710000e-04 -3.84560000e-04 2.72300000e-05 -1.71105000e-03 -1.24792000e-03 1.32530000e-03 -1.93927000e-03 -9.59500000e-04 -1.09187000e-03 -2.67100000e-05 -7.44270000e-04 -7.92180000e-04 1.74636000e-03 7.31750000e-04 2.06395000e-03 -1.62624000e-03 -4.09479000e-03 5.87470000e-04 9.10610000e-04 3.81940000e-04 -3.41840000e-04 -1.69870000e-04 5.67600000e-05 3.74470000e-04 7.34180000e-04 -6.99020000e-04 1.24250000e-04 5.78880000e-04 -3.93740000e-04 6.46390000e-04 1.23511000e-03 2.49274000e-03
-1.15970000e-04 1.25628000e-03 4.65400000e-05 6.62170000e-04 1.43534000e-03 -2.12452000e-03 -1.30336000e-03 5.02970000e-04 -8.06400000e-05 -3.22370000e-04 4.67700000e-05 3.90018000e-03 -1.93610000e-04 -1.73773000e-03 1.81082000e-03 1.10438000e-03 -3.12828000e-03 1.11500000e-03 1.83500000e-05 -2.36284000e-03 4.22667000e-03 6.09440000e-04 4.09790000e-04 1.19200000e-03 -1.39928000e-03 4.52870000e-04 -7.12160000e-04 5.46640000e-04 7.00670000e-04 -1.02970000e-04 2.12068000e-03 -1.36530000e-03 -3.30120000e-04 -3.19550000e-04 -1.19702000e-03 9.45590000e-04 -2.52480000e-04 1.05486000e-03 -2.11515000e-03 6.04490000e-04 -2.79598000e-03 9.35200000e-04 -3.78330000e-04 1.43623000e-03 9.18670000e-04 1.84161000e-03 4.08333000e-03 1.02970000e-04 6.63080000e-04 -1.30900000e-04 3.68520000e-04 2.19809000e-03 1.01662000e-03 -1.05306000e-03 9.90400000e-04 4.80860000e-04 -3.60101000e-03 5.75165000e-03 4.52961000e-03 8.17580000e-04 4.45351000e-03 -7.87810000e-04 -5.42960000e-04 2.18181000e-03 7.02060000e-04 -3.53060000e-04 7.46700000e-04 8.27740000e-04 -1.50208000e-03 6.97140000e-04 1.96789000e-03 -7.25680000e-04 5.36830000e-04 -3.65757000e-03 4.14230000e-04 9.61830000e-04 -2.10630000e-04 3.09780000e-04 -2.10764000e-03 -1.12278000e-03 1.01470000e-03 -2.37788000e-03 -7.97620000e-04 -1.12674000e-03 -3.00900000e-04 -6.61410000e-04 -5.08400000e-04 2.15621000e-03 -1.43370000e-04 3.71611000e-03 -1.23033000e-03 -2.99405000e-03 8.69390000e-04 1.42687000e-03 5.32330000e-04 2.25000000e-06 -5.26540000e-04 1.03020000e-04 4.26800000e-04 1.91745000e-03 -7.57550000e-04 4.53910000e-04 1.18102000e-03 3.73150000e-04 4.51400000e-04 2.53325000e-03 2.95460000e-03
2.97800000e-04 1.87356000e-03 9.95920000e-04 1.69469000e-03 2.69282000e-03 -5.27791000e-03 -3.62945000e-03 6.52230000e-04 -4.26750000e-04 -7.66160000e-04 7.00100000e-05 7.91089000e-03 -1.18413000e-03 -5.21420000e-03 4.43512000e-03 2.51483000e-03 -7.90124000e-03 1.73700000e-03 -6.13710000e-04 -5.69588000e-03 7.80570000e-03 1.80887000e-03 1.00495000e-03 1.93096000e-03 -3.94160000e-03 4.34890000e-04 -2.15929000e-03 1.67960000e-03 1.20895000e-03 -4.43810000e-04 3.91343000e-03 -3.39551000e-03 -1.15418000e-03 -1.18254000e-03 -2.55850000e-03 2.15623000e-03 -1.08992000e-03 2.22044000e-03 -5.32685000e-03 1.59109000e-03 -7.08872000e-03 1.31319000e-03 -9.87980000e-04 3.21364000e-03 2.64388000e-03 3.80895000e-03 8.70976000e-03 -4.03060000e-04 1.16823000e-03 -5.11360000e-04 9.04800000e-04 4.35897000e-03 1.74848000e-03 -2.36236000e-03 2.05994000e-03 5.34590000e-04 -8.58980000e-03 1.19392900e-02 1.08592300e-02 1.71530000e-03 7.54024000e-03 -2.08846000e-03 -1.21014000e-03 4.80269000e-03 1.83638000e-03 -1.80074000e-03 8.15630000e-04 1.85194000e-03 -4.06826000e-03 1.19921000e-03 3.75065000e-03 -1.85537000e-03 1.55946000e-03 -8.63201000e-03 -3.84700000e-04 1.72917000e-03 -1.11315000e-03 6.22110000e-04 -5.16264000e-03 -2.42938000e-03 1.94617000e-03 -5.80849000e-03 -2.23531000e-03 -2.90735000e-03 -7.98960000e-04 -2.06146000e-03 -1.83079000e-03 5.33869000e-03 -3.86500000e-05 8.62236000e-03 -2.89845000e-03 -7.09390000e-03 2.10682000e-03 3.39767000e-03 1.75376000e-03 4.82700000e-05 -4.51560000e-04 4.47070000e-04 1.17303000e-03 4.50192000e-03 -1.66786000e-03 1.28395000e-03 2.79175000e-03 8.92130000e-04 1.63941000e-03 5.49751000e-03 6.20928000e-03
6.64610000e-04 -4.95920000e-04 1.62263000e-03 1.39907000e-03 3.39160000e-04 -1.77452000e-03 -1.62778000e-03 -2.61740000e-04 -3.38450000e-04 -7.99080000e-04 2.19790000e-04 7.09740000e-04 -1.41965000e-03 -2.12506000e-03 2.37170000e-03 9.02880000e-04 -3.57941000e-03 1.13138000e-03 -9.77350000e-04 -1.89701000e-03 3.40220000e-04 9.67190000e-04 6.95190000e-04 -7.59100000e-05 -2.24986000e-03 -3.60410000e-04 -1.32201000e-03 8.87420000e-04 5.87600000e-05 -2.41610000e-04 1.30725000e-03 -1.31675000e-03 -8.69120000e-04 -7.89330000e-04 6.72490000e-04 6.56260000e-04 -9.04630000e-04 1.20448000e-03 -2.06936000e-03 1.58677000e-03 -3.22704000e-03 -3.27880000e-04 -2.81050000e-04 1.70902000e-03 5.15230000e-04 1.99615000e-03 1.84082000e-03 -6.81930000e-04 1.47900000e-05 -2.51140000e-04 -7.02000000e-05 4.56840000e-04 2.90090000e-04 -1.54435000e-03 7.16790000e-04 -5.32010000e-04 -2.94754000e-03 2.20325000e-03 3.46524000e-03 1.40910000e-04 -8.36190000e-04 3.83430000e-04 -6.62910000e-04 7.85670000e-04 1.35435000e-03 -1.00998000e-03 -2.39450000e-04 7.81310000e-04 -1.88916000e-03 4.35640000e-04 1.72020000e-04 -9.53580000e-04 7.10310000e-04 -2.71167000e-03 -1.04667000e-03 -1.25440000e-04 -1.13701000e-03 -6.24500000e-05 -1.69888000e-03 -9.62540000e-04 1.39364000e-03 -2.03682000e-03 -1.17923000e-03 -1.27865000e-03 -3.31850000e-04 -1.33284000e-03 -1.61652000e-03 2.03091000e-03 1.03442000e-03 2.23957000e-03 -1.78816000e-03 -4.75822000e-03 6.34580000e-04 7.79380000e-04 6.26280000e-04 -5.53040000e-04 5.77140000e-04 1.34710000e-04 3.55640000e-04 4.37900000e-04 -8.83340000e-04 1.14600000e-05 4.32990000e-04 -6.88430000e-04 9.42100000e-04 1.30849000e-03 2.90476000e-03
2.90320000e-04 1.30260000e-04 7.32850000e-04 8.45380000e-04 5.24480000e-04 -9.76290000e-04 -8.49100000e-04 1.59000000e-06 -9.35000000e-06 -4.62150000e-04 8.85700000e-05 7.99910000e-04 -4.71740000e-04 -1.24885000e-03 1.35686000e-03 6.52640000e-04 -2.03225000e-03 7.78600000e-04 -3.23200000e-04 -1.03097000e-03 8.24430000e-04 4.45170000e-04 4.30950000e-04 3.61700000e-04 -1.18785000e-03 6.54600000e-05 -5.62560000e-04 4.11800000e-04 2.67320000e-04 4.55700000e-05 1.03006000e-03 -6.98390000e-04 -2.72820000e-04 -2.66700000e-04 2.45750000e-04 4.23190000e-04 -2.73080000e-04 8.53560000e-04 -1.17945000e-03 8.98210000e-04 -1.80701000e-03 -1.40500000e-05 -8.59700000e-05 1.05317000e-03 3.53930000e-04 1.24585000e-03 1.37653000e-03 -2.40630000e-04 1.57730000e-04 -2.89600000e-05 6.86000000e-05 6.61330000e-04 3.81020000e-04 -9.24890000e-04 5.99040000e-04 -1.54530000e-04 -1.71956000e-03 1.75631000e-03 2.03621000e-03 2.40330000e-04 1.57690000e-04 2.83310000e-04 -3.31950000e-04 5.89160000e-04 8.44180000e-04 -4.29450000e-04 1.19940000e-04 5.37260000e-04 -1.03030000e-03 3.75510000e-04 3.28500000e-04 -4.08000000e-04 5.64800000e-04 -1.64654000e-03 -3.18720000e-04 3.57600000e-05 -3.92680000e-04 1.13450000e-04 -9.58230000e-04 -6.00350000e-04 8.48530000e-04 -1.21869000e-03 -6.51640000e-04 -7.30430000e-04 -1.19350000e-04 -6.27180000e-04 -6.47260000e-04 1.13202000e-03 5.24520000e-04 1.36312000e-03 -1.05459000e-03 -2.66509000e-03 3.39040000e-04 5.04470000e-04 3.28330000e-04 -3.16190000e-04 1.58870000e-04 8.64000000e-06 1.62210000e-04 3.62530000e-04 -5.45500000e-04 6.29800000e-05 2.99260000e-04 -3.29970000e-04 4.86200000e-04 8.25570000e-04 1.67040000e-03
-4.11810000e-04 2.91316000e-03 -7.39660000e-04 3.64830000e-04 2.89045000e-03 -5.02003000e-03 -2.88548000e-03 1.17710000e-03 -3.90000000e-04 1.28240000e-04 -9.97100000e-05 9.82738000e-03 -2.30940000e-04 -4.06940000e-03 3.01057000e-03 2.19367000e-03 -6.12669000e-03 1.09840000e-03 2.10470000e-04 -5.48643000e-03 1.00387900e-02 1.30083000e-03 4.43520000e-04 2.31492000e-03 -2.48130000e-03 7.24940000e-04 -7.81160000e-04 1.19778000e-03 1.29297000e-03 -5.50520000e-04 3.65394000e-03 -2.96914000e-03 -7.06860000e-04 -7.14610000e-04 -4.06000000e-03 2.23999000e-03 -6.23590000e-04 1.42654000e-03 -4.58464000e-03 3.38200000e-05 -5.50496000e-03 2.38635000e-03 -9.87220000e-04 2.28906000e-03 2.98390000e-03 2.62051000e-03 9.74240000e-03 3.14710000e-04 1.59424000e-03 -4.99650000e-04 1.32840000e-03 4.97366000e-03 1.88510000e-03 -1.17658000e-03 1.78401000e-03 1.42368000e-03 -8.03781000e-03 1.35847200e-02 1.06535100e-02 2.19482000e-03 1.18813400e-02 -3.42673000e-03 -8.83380000e-04 5.80630000e-03 6.43970000e-04 -9.78620000e-04 1.30519000e-03 1.46477000e-03 -2.87764000e-03 1.19501000e-03 4.98020000e-03 -1.48903000e-03 9.34730000e-04 -8.38414000e-03 1.05394000e-03 2.54349000e-03 -3.65840000e-04 8.68000000e-04 -4.81115000e-03 -2.08235000e-03 9.25590000e-04 -5.26042000e-03 -1.45068000e-03 -2.26419000e-03 -7.25680000e-04 -1.20081000e-03 -7.53640000e-04 4.80284000e-03 -1.38005000e-03 9.13618000e-03 -1.56557000e-03 -3.68017000e-03 2.15422000e-03 3.70387000e-03 1.61416000e-03 8.21720000e-04 -1.28724000e-03 5.32650000e-04 1.17237000e-03 5.76878000e-03 -1.14557000e-03 1.72552000e-03 3.33160000e-03 2.10639000e-03 1.04183000e-03 6.21200000e-03 5.70158000e-03
3.10900000e-05 -5.87040000e-04 1.18000000e-04 -3.84300000e-05 -6.36640000e-04 1.29471000e-03 7.98220000e-04 -1.79240000e-04 1.34070000e-04 -3.43500000e-05 7.36800000e-05 -2.30571000e-03 5.48000000e-05 1.32253000e-03 -6.80660000e-04 -5.33970000e-04 1.55080000e-03 7.88000000e-05 4.19200000e-05 1.36584000e-03 -2.14582000e-03 -3.68540000e-04 -6.05000000e-05 -4.83310000e-04 6.63870000e-04 -9.42500000e-05 4.23800000e-04 -3.40100000e-04 -2.83250000e-04 1.30610000e-04 -6.01380000e-04 7.36760000e-04 1.85200000e-04 2.08400000e-04 1.19174000e-03 -5.65690000e-04 2.00280000e-04 -2.58080000e-04 1.18066000e-03 5.86400000e-05 1.40577000e-03 -4.53520000e-04 2.35470000e-04 -4.64530000e-04 -9.75030000e-04 -4.17910000e-04 -2.31249000e-03 3.53000000e-05 -3.55110000e-04 1.51250000e-04 -4.01050000e-04 -1.15218000e-03 -3.34090000e-04 2.33640000e-04 -3.91700000e-04 -2.63800000e-04 1.98045000e-03 -3.13005000e-03 -2.73104000e-03 -5.46490000e-04 -2.44546000e-03 1.06270000e-03 1.49260000e-04 -1.46916000e-03 -1.51310000e-04 5.16810000e-04 -1.33020000e-04 -3.19520000e-04 8.18430000e-04 -1.89120000e-04 -1.08537000e-03 3.44680000e-04 -3.37920000e-04 2.09172000e-03 5.55000000e-05 -5.09060000e-04 1.63090000e-04 -2.48440000e-04 1.23015000e-03 4.34440000e-04 -1.37100000e-05 1.34608000e-03 4.25100000e-04 6.13130000e-04 2.16770000e-04 3.53270000e-04 1.89420000e-04 -1.22975000e-03 4.25220000e-04 -2.28693000e-03 3.51140000e-04 7.18990000e-04 -5.09980000e-04 -9.22110000e-04 -5.35100000e-04 -2.13770000e-04 1.92720000e-04 -1.49610000e-04 -2.83090000e-04 -1.50046000e-03 2.74610000e-04 -5.01390000e-04 -8.38130000e-04 -5.71990000e-04 -3.57480000e-04 -1.44644000e-03 -1.06054000e-03
5.69200000e-05 -1.97968000e-03 -2.10834000e-03 -3.11533000e-03 -3.50798000e-03 6.73670000e-03 4.78856000e-03 -3.88770000e-04 8.11800000e-04 2.52267000e-03 -9.32800000e-05 -9.07421000e-03 1.52165000e-03 6.38920000e-03 -6.72294000e-03 -3.86339000e-03 1.11020700e-02 -2.42685000e-03 1.46878000e-03 7.40987000e-03 -8.66586000e-03 -1.79470000e-03 -1.62269000e-03 -2.60981000e-03 5.65777000e-03 -2.57150000e-04 4.04509000e-03 -1.57096000e-03 -1.78467000e-03 2.44060000e-04 -5.43747000e-03 4.25343000e-03 1.17011000e-03 1.45332000e-03 2.68626000e-03 -3.30130000e-03 1.71438000e-03 -3.91344000e-03 7.02657000e-03 -2.88037000e-03 1.00936900e-02 -1.72830000e-03 6.45240000e-04 -5.26568000e-03 -4.46259000e-03 -5.72100000e-03 -1.14860100e-02 7.57180000e-04 -1.77067000e-03 5.71840000e-04 -1.37440000e-03 -5.15037000e-03 -2.65211000e-03 4.94756000e-03 -3.23507000e-03 -3.68260000e-04 1.13401000e-02 -1.48964000e-02 -1.44117900e-02 -2.39404000e-03 -7.60245000e-03 2.33983000e-03 1.41858000e-03 -6.46694000e-03 -3.34834000e-03 3.01154000e-03 -9.13360000e-04 -2.87910000e-03 5.38646000e-03 -2.11479000e-03 -4.20809000e-03 2.47314000e-03 -2.67813000e-03 1.12123000e-02 1.38869000e-03 -1.23891000e-03 2.14051000e-03 -1.04152000e-03 6.60112000e-03 2.89051000e-03 -3.03470000e-03 7.61809000e-03 3.26126000e-03 4.08808000e-03 1.30226000e-03 3.16418000e-03 2.60549000e-03 -6.62970000e-03 -4.61370000e-04 -1.03262300e-02 5.71229000e-03 1.26887400e-02 -1.66616000e-03 -3.31168000e-03 -1.65813000e-03 1.60209000e-03 8.46090000e-04 4.78040000e-04 -3.20210000e-04 -4.59609000e-03 3.84569000e-03 -3.72310000e-04 -2.37575000e-03 7.72440000e-04 -1.69042000e-03 -6.23943000e-03 -8.41100000e-03
-1.59060000e-04 -1.17750000e-04 -4.33990000e-04 -4.40190000e-04 -3.18100000e-04 1.11259000e-03 8.10290000e-04 8.53600000e-05 2.53280000e-04 3.53500000e-04 -3.09900000e-05 -1.29788000e-03 5.27710000e-04 1.00920000e-03 -1.05421000e-03 -5.08380000e-04 1.70425000e-03 -4.03390000e-04 3.15870000e-04 1.08576000e-03 -1.07619000e-03 -3.72000000e-04 -2.04840000e-04 -1.34460000e-04 9.43260000e-04 1.51460000e-04 5.04000000e-04 -3.11800000e-04 -1.17340000e-04 1.24460000e-04 -7.36650000e-04 6.19880000e-04 3.67480000e-04 2.85050000e-04 5.41260000e-04 -4.72340000e-04 3.68460000e-04 -5.78380000e-04 1.09892000e-03 -4.74940000e-04 1.56360000e-03 -1.49250000e-04 9.54700000e-05 -7.75020000e-04 -7.10270000e-04 -9.45780000e-04 -1.68166000e-03 2.49430000e-04 -1.99920000e-04 1.46090000e-04 -2.18300000e-04 -5.54360000e-04 -2.67400000e-04 7.42160000e-04 -4.19360000e-04 9.03200000e-05 1.62629000e-03 -2.10287000e-03 -2.36246000e-03 -3.37450000e-04 -8.75380000e-04 2.60900000e-04 2.42010000e-04 -9.51130000e-04 -5.06130000e-04 5.58720000e-04 -5.20000000e-07 -3.64000000e-04 7.65200000e-04 -2.67600000e-04 -4.31040000e-04 4.75080000e-04 -3.70410000e-04 1.63592000e-03 3.92550000e-04 -1.42910000e-04 4.33540000e-04 -1.33160000e-04 9.36700000e-04 3.69810000e-04 -5.15100000e-04 1.13693000e-03 5.40700000e-04 6.38720000e-04 2.38360000e-04 6.15960000e-04 6.20290000e-04 -1.11898000e-03 -1.24910000e-04 -1.74290000e-03 8.55810000e-04 2.06177000e-03 -3.32750000e-04 -4.69860000e-04 -3.52140000e-04 2.55230000e-04 -1.57400000e-04 2.03500000e-05 -9.65900000e-05 -6.18600000e-04 5.88680000e-04 -6.13000000e-05 -3.50480000e-04 1.60440000e-04 -3.81940000e-04 -1.14747000e-03 -1.57888000e-03
5.00560000e-04 -1.26603000e-03 8.85950000e-04 3.15880000e-04 -1.09669000e-03 1.03780000e-03 3.94840000e-04 -6.35670000e-04 -1.24250000e-04 -2.07130000e-04 6.37900000e-05 -2.88632000e-03 -7.10480000e-04 6.83450000e-04 -1.55800000e-04 -5.01150000e-04 1.04746000e-03 2.55970000e-04 -4.24650000e-04 1.48236000e-03 -3.13776000e-03 -7.38500000e-05 7.25700000e-05 -1.07413000e-03 6.41100000e-05 -5.34550000e-04 5.18740000e-04 -9.45900000e-05 -6.57510000e-04 -2.74900000e-05 -7.35300000e-04 7.09770000e-04 -2.27210000e-04 -9.35200000e-05 8.93500000e-04 -7.18550000e-04 -1.84960000e-04 -7.87600000e-05 9.24860000e-04 5.88520000e-04 9.37110000e-04 -1.11389000e-03 1.77630000e-04 -3.10770000e-04 -9.24370000e-04 1.44230000e-04 -2.86714000e-03 -4.73350000e-04 -6.89020000e-04 -2.12700000e-05 -3.92890000e-04 -1.66996000e-03 -6.24600000e-04 -2.76800000e-05 -5.43960000e-04 -8.18910000e-04 2.20702000e-03 -3.89936000e-03 -2.30154000e-03 -6.53370000e-04 -4.42077000e-03 1.55894000e-03 8.17500000e-05 -1.86938000e-03 1.87540000e-04 -1.18100000e-05 -6.97700000e-04 -2.89420000e-04 6.20580000e-04 -3.07590000e-04 -1.89593000e-03 1.65600000e-04 -1.43940000e-04 2.21705000e-03 -7.98520000e-04 -8.39390000e-04 -2.51730000e-04 -2.96490000e-04 1.30436000e-03 6.40480000e-04 3.72130000e-04 1.22460000e-03 1.36980000e-04 4.02970000e-04 4.92000000e-05 -1.58150000e-04 -4.70240000e-04 -8.55890000e-04 9.19040000e-04 -1.98008000e-03 6.84300000e-05 -2.82720000e-04 -3.59380000e-04 -1.05639000e-03 -3.04130000e-04 -4.41570000e-04 9.95080000e-04 -8.29800000e-05 -1.93360000e-04 -2.07460000e-03 1.22730000e-04 -6.07370000e-04 -9.91550000e-04 -9.13090000e-04 5.24000000e-06 -1.27521000e-03 -6.99540000e-04
-2.55500000e-05 -5.45890000e-04 -5.10550000e-04 -7.62970000e-04 -9.85130000e-04 1.80639000e-03 1.27957000e-03 -1.13400000e-04 1.75330000e-04 5.72460000e-04 1.03600000e-05 -2.48534000e-03 2.74900000e-04 1.90949000e-03 -1.69375000e-03 -1.01774000e-03 2.92910000e-03 -3.93290000e-04 3.67520000e-04 2.02063000e-03 -2.29728000e-03 -5.56400000e-04 -3.97250000e-04 -7.51470000e-04 1.46562000e-03 -1.11330000e-04 1.25014000e-03 -5.08100000e-04 -5.15210000e-04 5.74300000e-05 -1.27564000e-03 1.16489000e-03 2.64300000e-04 4.05360000e-04 8.55720000e-04 -8.81380000e-04 4.26450000e-04 -9.23500000e-04 1.87563000e-03 -6.77370000e-04 2.66418000e-03 -4.45980000e-04 2.08500000e-04 -1.29315000e-03 -1.27792000e-03 -1.32087000e-03 -3.03543000e-03 2.03520000e-04 -4.57060000e-04 1.62660000e-04 -3.86240000e-04 -1.44947000e-03 -6.79520000e-04 1.14923000e-03 -8.19290000e-04 -1.27180000e-04 3.06428000e-03 -3.96271000e-03 -3.89885000e-03 -6.29540000e-04 -1.95072000e-03 8.38960000e-04 3.21360000e-04 -1.75690000e-03 -8.21400000e-04 9.55760000e-04 -1.96080000e-04 -7.44870000e-04 1.52181000e-03 -4.86520000e-04 -1.15422000e-03 6.07750000e-04 -7.42610000e-04 3.01666000e-03 5.11660000e-04 -3.38500000e-04 5.31650000e-04 -2.73630000e-04 1.84069000e-03 7.44930000e-04 -6.37150000e-04 2.05552000e-03 8.61070000e-04 1.09449000e-03 3.57300000e-04 7.97750000e-04 5.81530000e-04 -1.81730000e-03 -3.47000000e-06 -2.79824000e-03 1.37055000e-03 3.00347000e-03 -5.06730000e-04 -9.90720000e-04 -5.50680000e-04 2.85250000e-04 1.98250000e-04 3.74100000e-05 -1.76970000e-04 -1.41544000e-03 8.96810000e-04 -2.28270000e-04 -7.51250000e-04 2.63600000e-05 -5.23930000e-04 -1.62963000e-03 -1.90527000e-03
6.27400000e-05 -1.57385000e-03 -6.42360000e-04 -1.15327000e-03 -2.09329000e-03 3.32291000e-03 2.18961000e-03 -7.61830000e-04 1.22670000e-04 9.19370000e-04 -2.56950000e-04 -5.30077000e-03 6.06310000e-04 2.89591000e-03 -2.91130000e-03 -1.53554000e-03 5.37677000e-03 -1.28535000e-03 1.10380000e-04 3.85237000e-03 -5.43324000e-03 -1.03624000e-03 -5.98640000e-04 -1.58427000e-03 2.56223000e-03 -5.39880000e-04 2.41061000e-03 -9.42680000e-04 -1.06446000e-03 8.71400000e-05 -2.82264000e-03 2.22394000e-03 8.45640000e-04 5.57580000e-04 9.09390000e-04 -1.63178000e-03 4.71020000e-04 -1.60545000e-03 3.46161000e-03 -1.06597000e-03 4.84861000e-03 -1.27835000e-03 3.95080000e-04 -2.16770000e-03 -1.32393000e-03 -2.54705000e-03 -6.16345000e-03 -3.34500000e-05 -1.11510000e-03 6.46100000e-05 -3.46610000e-04 -3.09392000e-03 -1.39711000e-03 2.00586000e-03 -1.76016000e-03 -6.25850000e-04 5.92356000e-03 -8.28292000e-03 -6.69261000e-03 -1.00008000e-03 -5.42028000e-03 1.36609000e-03 1.14755000e-03 -3.39874000e-03 -1.36613000e-03 7.89310000e-04 -1.03365000e-03 -1.19939000e-03 3.13758000e-03 -7.36640000e-04 -2.89696000e-03 1.66527000e-03 -8.82800000e-04 5.87520000e-03 -1.47090000e-04 -1.34703000e-03 5.44780000e-04 -2.40770000e-04 3.43824000e-03 2.08959000e-03 -1.30078000e-03 3.81427000e-03 1.52535000e-03 1.96018000e-03 1.88130000e-04 1.22331000e-03 1.13112000e-03 -3.24782000e-03 -2.62100000e-05 -5.13248000e-03 2.41635000e-03 5.40890000e-03 -1.13582000e-03 -2.00206000e-03 -8.41140000e-04 2.36690000e-04 8.15050000e-04 -2.70300000e-05 -5.96400000e-04 -2.70142000e-03 1.29516000e-03 -5.81170000e-04 -1.56382000e-03 -1.90480000e-04 -9.05930000e-04 -3.17357000e-03 -3.97738000e-03
2.70800000e-05 1.25886000e-03 6.47730000e-04 1.35885000e-03 1.70481000e-03 -3.19610000e-03 -2.13025000e-03 2.50220000e-04 -3.93970000e-04 -8.66770000e-04 -2.95600000e-05 4.97080000e-03 -7.03550000e-04 -2.65704000e-03 3.10162000e-03 1.76933000e-03 -4.91221000e-03 1.63536000e-03 -4.22760000e-04 -3.36375000e-03 5.10320000e-03 8.78970000e-04 7.35320000e-04 1.32677000e-03 -2.44710000e-03 2.15360000e-04 -1.03262000e-03 7.76490000e-04 7.92260000e-04 -2.32750000e-04 2.99666000e-03 -1.94386000e-03 -5.24950000e-04 -6.83840000e-04 -1.89253000e-03 1.35918000e-03 -6.81240000e-04 1.83926000e-03 -3.18192000e-03 1.31748000e-03 -4.44837000e-03 9.76810000e-04 -4.56950000e-04 2.39869000e-03 1.80844000e-03 3.10195000e-03 5.56721000e-03 -2.48880000e-04 7.69860000e-04 -3.50950000e-04 6.71230000e-04 2.63491000e-03 1.43739000e-03 -2.00760000e-03 1.39398000e-03 2.54060000e-04 -5.06393000e-03 7.62475000e-03 6.94735000e-03 1.20292000e-03 4.78952000e-03 -8.08840000e-04 -6.35810000e-04 2.97545000e-03 1.35730000e-03 -1.07471000e-03 6.34150000e-04 1.33371000e-03 -2.05319000e-03 1.08437000e-03 2.13360000e-03 -1.04655000e-03 1.05498000e-03 -5.11701000e-03 -2.12990000e-04 8.83630000e-04 -7.31110000e-04 5.01670000e-04 -2.98797000e-03 -1.21712000e-03 1.74579000e-03 -3.47878000e-03 -1.33805000e-03 -1.76851000e-03 -6.93780000e-04 -1.39305000e-03 -1.14178000e-03 3.21154000e-03 1.19250000e-04 5.36727000e-03 -2.30781000e-03 -5.49705000e-03 1.10797000e-03 1.71974000e-03 7.42570000e-04 -4.59410000e-04 -2.60840000e-04 -5.51600000e-05 4.00840000e-04 2.25889000e-03 -1.58755000e-03 2.83190000e-04 1.34619000e-03 -4.31100000e-05 7.48400000e-04 3.58073000e-03 4.47271000e-03
1.27390000e-04 -8.62700000e-04 -5.08800000e-04 -7.75710000e-04 -1.18710000e-03 2.01576000e-03 1.36483000e-03 -3.62670000e-04 1.49370000e-04 7.88330000e-04 -1.48540000e-04 -2.98172000e-03 4.29420000e-04 1.66557000e-03 -1.85639000e-03 -9.50610000e-04 3.33457000e-03 -8.47130000e-04 1.68970000e-04 2.30131000e-03 -3.07261000e-03 -4.98360000e-04 -3.71460000e-04 -8.89160000e-04 1.63166000e-03 -2.40060000e-04 1.63335000e-03 -4.27440000e-04 -6.12780000e-04 4.83900000e-05 -1.73913000e-03 1.33253000e-03 5.55020000e-04 3.62630000e-04 5.42610000e-04 -9.70290000e-04 3.40890000e-04 -1.06846000e-03 2.12385000e-03 -7.60430000e-04 3.02357000e-03 -6.93920000e-04 2.17980000e-04 -1.41538000e-03 -8.46010000e-04 -1.67340000e-03 -3.64040000e-03 4.67800000e-05 -6.35060000e-04 5.41400000e-05 -1.83500000e-04 -1.73031000e-03 -7.84850000e-04 1.50292000e-03 -1.06612000e-03 -2.89080000e-04 3.54916000e-03 -4.80701000e-03 -3.96426000e-03 -5.64310000e-04 -3.00003000e-03 6.91740000e-04 7.13180000e-04 -1.97352000e-03 -9.21080000e-04 5.39100000e-04 -5.63970000e-04 -7.24650000e-04 1.87530000e-03 -4.85900000e-04 -1.59863000e-03 1.02951000e-03 -5.34590000e-04 3.50943000e-03 1.59900000e-05 -6.66430000e-04 4.14710000e-04 -1.32040000e-04 2.04998000e-03 1.26705000e-03 -9.01730000e-04 2.31614000e-03 9.60480000e-04 1.20222000e-03 1.77900000e-04 8.25340000e-04 7.71690000e-04 -1.85234000e-03 -9.06100000e-05 -2.91472000e-03 1.74397000e-03 3.81247000e-03 -4.97480000e-04 -9.74760000e-04 -3.65220000e-04 4.23130000e-04 5.33690000e-04 1.70660000e-04 -1.46140000e-04 -1.33519000e-03 1.05869000e-03 -1.13410000e-04 -7.03000000e-04 2.19610000e-04 -4.23510000e-04 -1.78577000e-03 -2.47527000e-03
-1.87420000e-04 1.27584000e-03 -4.20670000e-04 -1.83280000e-04 1.21038000e-03 -6.11700000e-04 -8.16000000e-05 9.19310000e-04 4.63080000e-04 2.97060000e-04 3.93180000e-04 2.87889000e-03 5.09540000e-04 -7.68350000e-04 2.96180000e-04 2.23430000e-04 -7.21420000e-04 1.32540000e-04 7.71050000e-04 -8.54660000e-04 3.05013000e-03 3.94970000e-04 -2.13800000e-05 1.06589000e-03 6.71400000e-05 8.03740000e-04 4.54300000e-05 3.91480000e-04 7.49280000e-04 2.59000000e-04 7.03550000e-04 -3.06710000e-04 -1.97240000e-04 2.54480000e-04 -7.29340000e-04 7.57650000e-04 4.61270000e-04 -2.30000000e-06 -5.04970000e-04 -3.07090000e-04 -5.72000000e-04 1.04890000e-03 6.66100000e-05 1.75160000e-04 1.69540000e-04 2.25420000e-04 2.47186000e-03 6.49910000e-04 7.70730000e-04 3.49080000e-04 9.04500000e-05 1.76239000e-03 4.85560000e-04 9.32600000e-05 7.32970000e-04 9.31500000e-04 -1.37324000e-03 3.57882000e-03 1.70732000e-03 3.52740000e-04 3.51281000e-03 -9.24030000e-04 -3.05500000e-04 1.58227000e-03 -2.09300000e-05 6.11400000e-05 8.99450000e-04 1.81920000e-04 -8.18850000e-04 4.86200000e-05 1.81936000e-03 -4.05970000e-04 -1.59000000e-05 -1.42360000e-03 5.27150000e-04 1.30723000e-03 6.17280000e-04 1.29300000e-05 -7.55800000e-04 -6.47130000e-04 -5.80200000e-05 -6.81210000e-04 -8.38200000e-05 -1.60010000e-04 4.08140000e-04 3.62990000e-04 4.49400000e-04 7.97920000e-04 -4.72650000e-04 1.52280000e-03 -2.31000000e-05 2.60900000e-05 5.17960000e-04 8.38540000e-04 3.64710000e-04 5.08030000e-04 -6.60940000e-04 2.12740000e-04 4.62910000e-04 1.41506000e-03 1.54410000e-04 5.17690000e-04 8.60360000e-04 7.57060000e-04 2.77170000e-04 1.12482000e-03 4.94310000e-04
-3.23730000e-04 1.74968000e-03 -5.24980000e-04 5.64700000e-05 1.59857000e-03 -7.66650000e-04 -1.77500000e-04 9.57420000e-04 5.86730000e-04 -1.06100000e-05 2.80450000e-04 3.16460000e-03 8.68870000e-04 -7.91390000e-04 5.23350000e-04 5.29570000e-04 -1.17099000e-03 3.16530000e-04 9.24670000e-04 -1.12197000e-03 3.65649000e-03 1.79700000e-04 6.57700000e-05 1.56440000e-03 -6.72200000e-05 9.88580000e-04 -1.25660000e-04 2.03960000e-04 1.06958000e-03 4.59250000e-04 1.17905000e-03 -4.41270000e-04 1.14370000e-04 3.63270000e-04 -6.37840000e-04 9.28790000e-04 6.84110000e-04 4.19650000e-04 -7.50320000e-04 -1.14370000e-04 -9.84410000e-04 1.30848000e-03 1.57630000e-04 5.87660000e-04 5.49610000e-04 4.86470000e-04 3.15227000e-03 7.25000000e-04 9.70920000e-04 4.27120000e-04 2.46900000e-04 2.12418000e-03 8.03980000e-04 -3.45400000e-04 1.07509000e-03 1.02432000e-03 -1.89134000e-03 4.30306000e-03 2.09834000e-03 5.68040000e-04 4.25651000e-03 -7.79300000e-04 -2.09930000e-04 1.90647000e-03 2.39050000e-04 6.33200000e-05 1.18802000e-03 3.82250000e-04 -7.85550000e-04 3.52340000e-04 2.05861000e-03 -2.62140000e-04 2.81610000e-04 -1.90233000e-03 7.13250000e-04 1.19974000e-03 7.71110000e-04 2.18130000e-04 -1.02488000e-03 -7.94450000e-04 1.46980000e-04 -1.02570000e-03 -1.56040000e-04 -3.02620000e-04 3.53630000e-04 3.25640000e-04 6.29950000e-04 7.95180000e-04 -5.50980000e-04 1.60022000e-03 -5.02800000e-04 -7.89450000e-04 3.40870000e-04 7.93270000e-04 2.39370000e-04 2.38220000e-04 -8.97910000e-04 -5.06900000e-05 2.30880000e-04 1.56065000e-03 -2.85200000e-04 3.92740000e-04 7.70690000e-04 4.91200000e-04 1.72020000e-04 1.17219000e-03 8.09880000e-04
5.18700000e-05 -1.53536000e-03 -6.23860000e-04 -1.39662000e-03 -2.09788000e-03 2.78915000e-03 1.91617000e-03 -5.95890000e-04 -6.68100000e-05 1.00429000e-03 -9.20500000e-05 -4.30379000e-03 1.60190000e-04 2.82120000e-03 -2.77879000e-03 -1.61948000e-03 4.89313000e-03 -1.32342000e-03 1.03600000e-04 3.27902000e-03 -4.66474000e-03 -8.15680000e-04 -6.86330000e-04 -1.77790000e-03 2.34874000e-03 -6.83180000e-04 2.29854000e-03 -7.50610000e-04 -1.17393000e-03 -1.45280000e-04 -2.76947000e-03 1.95828000e-03 3.90140000e-04 4.15450000e-04 5.83930000e-04 -1.36686000e-03 2.49580000e-04 -1.77166000e-03 3.07598000e-03 -1.29281000e-03 4.39144000e-03 -1.01995000e-03 3.01070000e-04 -2.22158000e-03 -1.28210000e-03 -2.52160000e-03 -5.21643000e-03 -5.04000000e-06 -9.23240000e-04 6.31000000e-06 -3.62440000e-04 -2.87502000e-03 -1.42336000e-03 2.02687000e-03 -1.68379000e-03 -4.38810000e-04 5.21729000e-03 -7.00329000e-03 -5.75145000e-03 -9.30990000e-04 -4.22981000e-03 7.84520000e-04 8.51100000e-04 -2.70358000e-03 -1.50010000e-03 8.07430000e-04 -9.87920000e-04 -1.25335000e-03 2.69946000e-03 -8.73240000e-04 -2.32226000e-03 1.11221000e-03 -1.09882000e-03 5.08580000e-03 -5.05800000e-05 -8.84540000e-04 3.88880000e-04 -3.45430000e-04 3.03018000e-03 1.78986000e-03 -1.43321000e-03 3.42064000e-03 1.38857000e-03 1.75559000e-03 2.53890000e-04 1.06570000e-03 7.78550000e-04 -2.78226000e-03 -1.79450000e-04 -4.20005000e-03 2.38072000e-03 5.29448000e-03 -8.42560000e-04 -1.64288000e-03 -6.62120000e-04 4.32980000e-04 7.29860000e-04 1.06440000e-04 -3.65760000e-04 -2.13426000e-03 1.34890000e-03 -3.85410000e-04 -1.20871000e-03 1.15860000e-04 -7.53020000e-04 -2.53578000e-03 -3.45620000e-03
-3.97300000e-04 3.56380000e-04 -5.98740000e-04 -5.39640000e-04 1.44320000e-04 1.52470000e-03 1.26550000e-03 4.82590000e-04 6.40750000e-04 3.03610000e-04 2.94460000e-04 -8.30880000e-04 1.05654000e-03 1.06742000e-03 -1.20193000e-03 -5.45000000e-04 2.20121000e-03 -4.77480000e-04 7.68070000e-04 1.46351000e-03 -5.94410000e-04 -4.92980000e-04 -2.68060000e-04 3.60680000e-04 1.44440000e-03 6.07310000e-04 7.69170000e-04 -4.45430000e-04 3.34100000e-04 5.40550000e-04 -7.78060000e-04 1.03046000e-03 4.35750000e-04 7.06330000e-04 5.20660000e-04 -1.30610000e-04 8.20090000e-04 -6.13940000e-04 1.51520000e-03 -6.44220000e-04 2.05474000e-03 2.97040000e-04 4.88490000e-04 -7.94130000e-04 -6.27270000e-04 -1.11204000e-03 -1.27743000e-03 6.66650000e-04 2.02960000e-04 5.35410000e-04 -2.16970000e-04 -8.52200000e-05 -2.15310000e-04 6.24390000e-04 -4.75500000e-05 5.19170000e-04 1.99094000e-03 -1.68987000e-03 -2.70751000e-03 -3.03820000e-04 -3.37860000e-04 1.69320000e-04 2.97270000e-04 -5.72370000e-04 -4.73340000e-04 5.50000000e-04 4.39440000e-04 -4.02700000e-04 8.22950000e-04 -2.48280000e-04 -9.29000000e-06 5.62080000e-04 -3.75410000e-04 2.06309000e-03 4.23120000e-04 2.39840000e-04 8.83910000e-04 -1.32130000e-04 1.29011000e-03 3.88510000e-04 -6.43250000e-04 1.55599000e-03 7.01170000e-04 9.30000000e-04 5.87220000e-04 1.06914000e-03 1.16050000e-03 -1.43565000e-03 -2.43290000e-04 -2.25804000e-03 7.37180000e-04 2.08545000e-03 -6.21110000e-04 -7.51390000e-04 -4.54540000e-04 8.79500000e-05 -5.40830000e-04 -2.00920000e-04 -3.29550000e-04 -7.12840000e-04 4.39350000e-04 -2.52080000e-04 -5.44550000e-04 -3.78100000e-05 -4.93950000e-04 -1.39095000e-03 -1.94124000e-03
-2.29820000e-04 1.29370000e-04 -8.31200000e-05 9.75900000e-05 7.76400000e-05 -9.72140000e-04 -6.26150000e-04 -3.15790000e-04 -4.32570000e-04 -2.16120000e-04 -3.05130000e-04 1.33496000e-03 -1.00410000e-04 -6.38930000e-04 6.02960000e-04 7.00080000e-04 -9.21910000e-04 -1.71540000e-04 -4.17230000e-04 -8.41230000e-04 1.02251000e-03 -1.64400000e-04 1.10030000e-04 6.62900000e-05 -4.35840000e-04 -3.86890000e-04 7.17590000e-04 -1.86310000e-04 -2.99000000e-06 -1.84260000e-04 3.66160000e-04 -3.23490000e-04 2.11820000e-04 -1.76630000e-04 -1.42388000e-03 4.90390000e-04 -4.18450000e-04 4.59880000e-04 -7.63960000e-04 -5.45200000e-05 -9.01200000e-04 2.72340000e-04 -2.83700000e-05 6.40900000e-04 1.75956000e-03 3.65650000e-04 1.70984000e-03 -2.55470000e-04 2.13670000e-04 -3.18100000e-04 7.90160000e-04 3.38850000e-04 2.54320000e-04 -5.10050000e-04 1.59720000e-04 -2.94700000e-05 -1.14101000e-03 1.93973000e-03 2.39026000e-03 7.90520000e-04 1.55322000e-03 -8.00410000e-04 3.62320000e-04 1.27291000e-03 1.71890000e-04 -6.82540000e-04 -3.01340000e-04 3.73440000e-04 2.64750000e-04 5.13170000e-04 3.48030000e-04 1.61490000e-04 5.25860000e-04 -1.28474000e-03 -2.92230000e-04 -1.63910000e-04 -4.78140000e-04 5.59550000e-04 -6.46930000e-04 3.66950000e-04 1.44700000e-05 -8.67230000e-04 -2.04520000e-04 -3.68550000e-04 -5.44710000e-04 -4.69350000e-04 -1.74920000e-04 6.95280000e-04 -3.89150000e-04 1.73613000e-03 -5.40380000e-04 -8.93620000e-04 -3.56200000e-05 2.91290000e-04 2.16200000e-04 -3.48000000e-04 -3.97000000e-05 -2.78510000e-04 -3.60540000e-04 9.57240000e-04 -8.65660000e-04 -1.81500000e-05 2.52820000e-04 -4.09000000e-06 -3.33200000e-05 1.15433000e-03 1.14829000e-03
1.89960000e-04 -8.92830000e-04 -1.76560000e-04 -4.13480000e-04 -1.08010000e-03 1.76484000e-03 1.10282000e-03 -4.03550000e-04 1.15900000e-04 4.98300000e-04 -9.13800000e-05 -3.00326000e-03 2.13010000e-04 1.41562000e-03 -1.33412000e-03 -7.41860000e-04 2.64790000e-03 -4.03140000e-04 -8.71000000e-06 2.00538000e-03 -3.00404000e-03 -4.11460000e-04 -2.04460000e-04 -8.22320000e-04 1.20368000e-03 -2.64160000e-04 1.29590000e-03 -3.60290000e-04 -5.46700000e-04 5.92400000e-05 -1.30131000e-03 1.10702000e-03 4.20080000e-04 2.52650000e-04 8.61360000e-04 -8.50100000e-04 2.12450000e-04 -6.99430000e-04 1.76625000e-03 -3.28190000e-04 2.40770000e-03 -7.29180000e-04 1.99280000e-04 -9.40380000e-04 -8.45170000e-04 -1.11694000e-03 -3.32665000e-03 -4.26200000e-05 -6.27430000e-04 4.22700000e-05 -2.56400000e-04 -1.66473000e-03 -7.03730000e-04 1.00006000e-03 -8.70670000e-04 -3.90050000e-04 3.03188000e-03 -4.46523000e-03 -3.45556000e-03 -5.71740000e-04 -3.12338000e-03 1.01071000e-03 5.58170000e-04 -1.92151000e-03 -5.72600000e-04 4.41960000e-04 -5.19990000e-04 -5.49660000e-04 1.59238000e-03 -2.89730000e-04 -1.59687000e-03 8.78950000e-04 -4.18860000e-04 3.06997000e-03 -7.52000000e-05 -7.62470000e-04 2.23640000e-04 -1.56190000e-04 1.79616000e-03 1.02510000e-03 -4.42500000e-04 1.96343000e-03 7.51720000e-04 9.90400000e-04 1.07250000e-04 5.85250000e-04 4.83560000e-04 -1.57444000e-03 1.89860000e-04 -2.70802000e-03 1.21139000e-03 2.46150000e-03 -4.95950000e-04 -9.79530000e-04 -3.91230000e-04 1.36850000e-04 5.60940000e-04 7.53400000e-05 -2.13070000e-04 -1.47031000e-03 7.22600000e-04 -2.86310000e-04 -7.83930000e-04 -1.65190000e-04 -3.50380000e-04 -1.61102000e-03 -1.67872000e-03
1.67510000e-04 3.41470000e-04 6.61580000e-04 1.16809000e-03 8.13380000e-04 -1.08711000e-03 -9.19340000e-04 1.41000000e-06 3.63900000e-05 -6.02810000e-04 -2.32300000e-05 1.02569000e-03 -2.04080000e-04 -1.41103000e-03 1.70050000e-03 9.72010000e-04 -2.37010000e-03 1.03095000e-03 -3.48350000e-04 -1.24230000e-03 1.29541000e-03 3.71720000e-04 5.92440000e-04 7.35290000e-04 -1.31093000e-03 2.08470000e-04 -6.70860000e-04 3.56980000e-04 4.72110000e-04 1.17360000e-04 1.48738000e-03 -8.27720000e-04 4.44000000e-06 -2.85830000e-04 1.94410000e-04 4.86840000e-04 -2.30830000e-04 1.19333000e-03 -1.34938000e-03 1.12419000e-03 -2.10261000e-03 1.24530000e-04 -1.07070000e-04 1.42925000e-03 6.18070000e-04 1.63975000e-03 1.71554000e-03 -2.10420000e-04 1.85660000e-04 -6.23800000e-05 1.78360000e-04 9.67730000e-04 7.02010000e-04 -1.18536000e-03 7.41970000e-04 -1.29610000e-04 -2.08534000e-03 2.26849000e-03 2.43712000e-03 3.97560000e-04 5.43330000e-04 3.98440000e-04 -2.07110000e-04 6.85850000e-04 1.03723000e-03 -5.12940000e-04 2.53390000e-04 7.91780000e-04 -9.28180000e-04 6.50550000e-04 4.43230000e-04 -1.88450000e-04 7.63430000e-04 -1.91719000e-03 -2.71360000e-04 -5.08700000e-05 -3.93530000e-04 2.27560000e-04 -1.19281000e-03 -5.50790000e-04 1.13544000e-03 -1.44777000e-03 -6.94590000e-04 -8.00690000e-04 -2.85010000e-04 -6.61280000e-04 -5.07330000e-04 1.24019000e-03 5.60990000e-04 1.54196000e-03 -1.32246000e-03 -3.26196000e-03 2.93140000e-04 5.46660000e-04 2.31870000e-04 -4.66460000e-04 -6.44000000e-06 -1.02930000e-04 5.83300000e-05 4.53100000e-04 -8.18810000e-04 -5.61900000e-05 2.99040000e-04 -4.73810000e-04 3.86100000e-04 9.45130000e-04 1.97666000e-03
-8.26900000e-05 4.30620000e-04 -2.50900000e-05 3.61450000e-04 5.03880000e-04 -5.93620000e-04 -3.62610000e-04 8.50800000e-05 -2.45000000e-06 -1.40800000e-04 -1.00910000e-04 9.79030000e-04 1.83720000e-04 -3.94850000e-04 6.09740000e-04 5.63700000e-04 -9.37440000e-04 2.46470000e-04 -3.77100000e-05 -7.65760000e-04 1.11197000e-03 7.17600000e-05 2.42940000e-04 5.08920000e-04 -3.72160000e-04 1.41900000e-04 1.26210000e-04 8.75600000e-05 3.30810000e-04 4.26800000e-05 7.06310000e-04 -4.02040000e-04 2.74410000e-04 -5.99800000e-05 -2.08080000e-04 3.41960000e-04 -4.58400000e-05 5.21360000e-04 -6.36960000e-04 2.14150000e-04 -8.49530000e-04 3.39950000e-04 -4.29700000e-05 6.28000000e-04 7.32150000e-04 4.93010000e-04 1.27153000e-03 2.60500000e-05 2.35120000e-04 -5.34500000e-05 3.12920000e-04 6.45130000e-04 4.92730000e-04 -3.69510000e-04 3.46380000e-04 1.51660000e-04 -1.21393000e-03 1.62409000e-03 1.47839000e-03 4.37740000e-04 1.30312000e-03 -2.55090000e-04 9.34700000e-05 6.99670000e-04 3.00420000e-04 -2.11250000e-04 2.35860000e-04 4.22220000e-04 -1.82540000e-04 4.19060000e-04 5.48380000e-04 5.61700000e-05 3.88810000e-04 -1.09924000e-03 8.66800000e-05 7.21100000e-05 -9.61400000e-05 2.69680000e-04 -6.96580000e-04 -1.30470000e-04 2.61520000e-04 -7.29930000e-04 -1.75040000e-04 -3.17590000e-04 -1.95650000e-04 -1.85770000e-04 3.04200000e-05 6.03550000e-04 -3.95000000e-05 1.02744000e-03 -4.26200000e-04 -9.27570000e-04 1.45700000e-04 4.38420000e-04 1.45850000e-04 -7.12800000e-05 -2.05010000e-04 -3.54800000e-05 -3.63000000e-06 7.44410000e-04 -3.74930000e-04 1.14200000e-04 3.36730000e-04 6.87400000e-05 7.56500000e-05 6.56160000e-04 8.69150000e-04
4.76870000e-04 -5.61710000e-04 1.16262000e-03 1.08576000e-03 -3.89200000e-05 -3.82080000e-04 -5.76110000e-04 -3.53760000e-04 -1.26860000e-04 -6.54520000e-04 9.81600000e-05 -7.66380000e-04 -7.94310000e-04 -6.47070000e-04 1.35786000e-03 4.79100000e-04 -1.47805000e-03 1.01151000e-03 -6.31540000e-04 -3.01250000e-04 -8.55550000e-04 3.61550000e-04 5.11640000e-04 -1.56800000e-04 -1.12742000e-03 -2.50260000e-04 -4.13530000e-04 3.17840000e-04 -5.61000000e-05 7.23000000e-06 7.83020000e-04 -3.22020000e-04 -2.82700000e-04 -3.18240000e-04 8.38520000e-04 1.30810000e-04 -4.43000000e-04 9.30820000e-04 -6.36210000e-04 1.25541000e-03 -1.33509000e-03 -4.54950000e-04 6.26900000e-05 1.06638000e-03 -1.29800000e-05 1.42005000e-03 -3.18200000e-05 -4.49450000e-04 -1.62750000e-04 -7.76300000e-05 -1.10600000e-04 -2.78700000e-04 2.00760000e-04 -1.06876000e-03 3.43000000e-04 -5.52310000e-04 -6.15140000e-04 -2.17130000e-04 9.66640000e-04 -5.03300000e-05 -2.05436000e-03 1.08379000e-03 -2.38160000e-04 -3.09390000e-04 9.72980000e-04 -4.44570000e-04 -2.09720000e-04 4.67030000e-04 -5.76660000e-04 3.75790000e-04 -6.46170000e-04 -2.89370000e-04 4.86720000e-04 -4.66680000e-04 -7.07980000e-04 -5.00930000e-04 -6.38370000e-04 -2.04600000e-05 -2.58090000e-04 -1.84820000e-04 1.13573000e-03 -5.34960000e-04 -5.41800000e-04 -5.07270000e-04 -1.72840000e-04 -7.24430000e-04 -8.65830000e-04 6.81270000e-04 1.01168000e-03 3.04680000e-04 -1.14340000e-03 -3.07807000e-03 9.33600000e-05 -9.20200000e-05 7.00700000e-05 -6.56290000e-04 6.05670000e-04 -9.77100000e-05 -2.91300000e-05 -7.16510000e-04 -6.17250000e-04 -3.94900000e-04 -2.80840000e-04 -9.49210000e-04 4.06210000e-04 1.87910000e-04 1.59076000e-03
-1.94850000e-04 -5.78200000e-04 -3.42380000e-04 -3.53810000e-04 -7.95120000e-04 1.23800000e-03 8.77340000e-04 -3.80740000e-04 -8.05200000e-05 1.63200000e-04 -1.67510000e-04 -2.00937000e-03 3.43330000e-04 1.48826000e-03 -9.81670000e-04 -3.17570000e-04 2.04562000e-03 -4.24150000e-04 -1.12720000e-04 1.34406000e-03 -2.08671000e-03 -6.20040000e-04 -1.50900000e-04 -5.37930000e-04 1.04815000e-03 -3.26440000e-04 1.32754000e-03 -5.89570000e-04 -3.40280000e-04 4.00600000e-05 -8.81450000e-04 8.86690000e-04 5.97610000e-04 2.76210000e-04 4.12730000e-04 -3.96690000e-04 6.64800000e-05 -3.30480000e-04 1.32272000e-03 -4.01780000e-04 1.79970000e-03 -2.22530000e-04 3.00800000e-04 -4.52740000e-04 1.25420000e-04 -9.05460000e-04 -1.92579000e-03 1.95000000e-05 -2.77330000e-04 -2.71200000e-05 1.22930000e-04 -1.28468000e-03 -3.33460000e-04 4.47880000e-04 -5.74400000e-04 -1.85240000e-04 2.04479000e-03 -2.89579000e-03 -2.13243000e-03 -9.96300000e-05 -1.58873000e-03 4.01580000e-04 6.55830000e-04 -9.43090000e-04 -4.33970000e-04 2.37830000e-04 -3.64270000e-04 -2.87780000e-04 1.58152000e-03 9.46400000e-05 -1.04097000e-03 8.12210000e-04 -1.98370000e-04 2.12924000e-03 2.56400000e-05 -7.31690000e-04 7.17000000e-06 1.26810000e-04 1.30993000e-03 9.99740000e-04 -4.32310000e-04 1.43947000e-03 6.63400000e-04 7.70660000e-04 -9.79100000e-05 4.21100000e-04 4.98870000e-04 -1.26931000e-03 -7.56300000e-05 -1.87932000e-03 6.29140000e-04 1.57061000e-03 -6.79500000e-04 -8.81030000e-04 -4.52040000e-04 -2.25470000e-04 1.21900000e-04 -2.41570000e-04 -5.80550000e-04 -8.91200000e-04 5.57700000e-05 -4.55080000e-04 -7.40260000e-04 -3.55310000e-04 -5.51890000e-04 -1.08584000e-03 -9.29920000e-04
-5.51080000e-04 -7.99390000e-04 -7.15830000e-04 -1.16075000e-03 -1.23888000e-03 3.49939000e-03 2.54287000e-03 -4.53500000e-05 5.84390000e-04 4.37220000e-04 2.17710000e-04 -4.15711000e-03 1.18365000e-03 2.97254000e-03 -2.78120000e-03 -1.50569000e-03 5.26777000e-03 -1.17667000e-03 6.74500000e-04 3.81515000e-03 -4.14645000e-03 -1.28003000e-03 -6.33110000e-04 -7.74720000e-04 2.82028000e-03 1.39640000e-04 1.76034000e-03 -1.21024000e-03 -3.98080000e-04 5.64030000e-04 -2.47882000e-03 2.40966000e-03 7.47370000e-04 1.00479000e-03 1.05453000e-03 -1.07425000e-03 9.45870000e-04 -1.50496000e-03 3.56589000e-03 -1.15401000e-03 4.78376000e-03 -5.54050000e-04 8.07620000e-04 -2.03829000e-03 -1.49430000e-03 -2.42881000e-03 -5.03634000e-03 5.74760000e-04 -4.52850000e-04 5.76710000e-04 -5.13150000e-04 -2.12285000e-03 -1.09348000e-03 1.34791000e-03 -1.06325000e-03 5.13500000e-05 5.61078000e-03 -6.79747000e-03 -6.84290000e-03 -9.88850000e-04 -4.12466000e-03 1.02821000e-03 8.21140000e-04 -2.62815000e-03 -1.15830000e-03 9.53480000e-04 -2.67330000e-04 -1.13651000e-03 2.50237000e-03 -7.46750000e-04 -1.89048000e-03 1.28897000e-03 -9.55610000e-04 5.62548000e-03 1.45050000e-04 -6.43990000e-04 1.02548000e-03 -3.66470000e-04 3.43391000e-03 1.60079000e-03 -1.31375000e-03 3.86797000e-03 1.51470000e-03 2.03520000e-03 7.09510000e-04 1.65443000e-03 1.61406000e-03 -3.53482000e-03 -1.09690000e-04 -5.56933000e-03 1.69795000e-03 4.52143000e-03 -1.57025000e-03 -2.31249000e-03 -1.21178000e-03 -2.01040000e-04 -1.86340000e-04 -5.16410000e-04 -9.76370000e-04 -2.85367000e-03 8.43770000e-04 -9.97100000e-04 -1.86009000e-03 -6.48470000e-04 -1.22055000e-03 -3.54615000e-03 -4.39478000e-03
-1.47680000e-04 6.06000000e-06 -3.40430000e-04 -1.34900000e-04 -1.15250000e-04 3.91170000e-04 3.31340000e-04 -4.16900000e-05 1.94200000e-05 1.92540000e-04 -1.38180000e-04 -3.93170000e-04 3.62020000e-04 5.24740000e-04 -3.89530000e-04 -4.15000000e-06 7.45610000e-04 -2.39350000e-04 6.66800000e-05 3.49210000e-04 -3.06770000e-04 -2.40770000e-04 -1.93600000e-05 1.61300000e-05 4.68240000e-04 5.32000000e-06 6.74940000e-04 -2.03660000e-04 -1.49600000e-05 3.38100000e-05 -2.12510000e-04 2.60860000e-04 4.35590000e-04 1.33610000e-04 1.28300000e-05 -1.32630000e-04 1.07970000e-04 -1.02660000e-04 4.27860000e-04 -2.82990000e-04 6.67580000e-04 5.30400000e-05 6.58000000e-05 -1.96420000e-04 1.98430000e-04 -4.06740000e-04 -4.61470000e-04 9.01900000e-05 -4.20000000e-05 -1.34900000e-05 1.63230000e-04 -1.99830000e-04 5.97600000e-05 3.36510000e-04 -1.90990000e-04 5.80800000e-05 5.43620000e-04 -6.43550000e-04 -6.15020000e-04 1.09920000e-04 2.67800000e-05 -6.18400000e-05 3.36790000e-04 -1.99940000e-04 -2.26310000e-04 1.64960000e-04 -2.44400000e-05 -9.14000000e-06 6.48520000e-04 7.87600000e-05 -1.37350000e-04 4.15490000e-04 -2.26000000e-06 5.86450000e-04 2.06380000e-04 -1.64830000e-04 1.08310000e-04 1.40680000e-04 3.14810000e-04 4.07770000e-04 -2.78270000e-04 4.24070000e-04 2.90880000e-04 2.83830000e-04 -5.90700000e-05 2.45530000e-04 3.81550000e-04 -3.98510000e-04 -1.53600000e-04 -4.54860000e-04 4.00810000e-04 1.00250000e-03 -1.63990000e-04 -1.10360000e-04 -1.18560000e-04 9.93900000e-05 -9.71900000e-05 -1.55000000e-05 -1.29430000e-04 1.88600000e-05 1.29100000e-04 2.64000000e-06 -6.84700000e-05 1.54440000e-04 -2.31290000e-04 -2.93470000e-04 -4.96440000e-04
-3.46800000e-05 -6.74420000e-04 -3.75310000e-04 -5.05600000e-04 -9.35080000e-04 1.89286000e-03 1.28109000e-03 -2.88800000e-04 2.00930000e-04 4.60240000e-04 -1.32320000e-04 -2.78006000e-03 5.26190000e-04 1.61489000e-03 -1.49645000e-03 -7.29830000e-04 2.89940000e-03 -5.74390000e-04 1.68080000e-04 2.11567000e-03 -2.69460000e-03 -6.07820000e-04 -2.36700000e-04 -6.13350000e-04 1.42429000e-03 -1.31860000e-04 1.32505000e-03 -5.38250000e-04 -4.46320000e-04 1.40440000e-04 -1.33703000e-03 1.24011000e-03 6.13150000e-04 3.77320000e-04 6.07060000e-04 -8.39520000e-04 3.63940000e-04 -7.33800000e-04 1.93014000e-03 -5.19450000e-04 2.62534000e-03 -5.72650000e-04 2.74090000e-04 -1.09626000e-03 -7.56350000e-04 -1.27381000e-03 -3.24266000e-03 8.54600000e-05 -5.22320000e-04 1.05090000e-04 -1.68250000e-04 -1.48130000e-03 -5.70670000e-04 1.02794000e-03 -8.46400000e-04 -2.21000000e-04 3.20479000e-03 -4.28751000e-03 -3.68803000e-03 -4.72000000e-04 -2.76256000e-03 8.08210000e-04 6.34910000e-04 -1.80413000e-03 -6.57340000e-04 5.17770000e-04 -4.10660000e-04 -5.41280000e-04 1.70991000e-03 -3.09640000e-04 -1.43181000e-03 9.31360000e-04 -4.08010000e-04 3.19445000e-03 5.90100000e-05 -6.81650000e-04 4.04130000e-04 -9.05600000e-05 1.87304000e-03 1.10471000e-03 -6.37090000e-04 2.09038000e-03 8.64610000e-04 1.07600000e-03 1.61040000e-04 7.43460000e-04 7.78950000e-04 -1.80187000e-03 4.72000000e-05 -2.87321000e-03 1.24703000e-03 2.84185000e-03 -6.39500000e-04 -1.06658000e-03 -5.31190000e-04 1.12720000e-04 3.00050000e-04 -5.18800000e-05 -3.35670000e-04 -1.46484000e-03 6.82000000e-04 -3.44420000e-04 -8.49250000e-04 -1.23840000e-04 -5.42320000e-04 -1.79803000e-03 -2.19421000e-03
-2.63170000e-04 -6.82020000e-04 -6.30930000e-04 -1.10245000e-03 -1.09995000e-03 3.25936000e-03 2.36470000e-03 8.79000000e-05 6.54940000e-04 6.28250000e-04 2.86540000e-04 -3.75128000e-03 9.77410000e-04 2.70060000e-03 -2.59267000e-03 -1.51290000e-03 4.82887000e-03 -9.39660000e-04 7.57990000e-04 3.50565000e-03 -3.67736000e-03 -9.47110000e-04 -5.92160000e-04 -7.10440000e-04 2.57071000e-03 2.02550000e-04 1.61068000e-03 -8.63030000e-04 -3.79510000e-04 4.94750000e-04 -2.23304000e-03 2.17656000e-03 5.46990000e-04 9.04430000e-04 1.25607000e-03 -9.81810000e-04 9.39940000e-04 -1.47335000e-03 3.32206000e-03 -1.03170000e-03 4.40997000e-03 -4.51110000e-04 7.16300000e-04 -1.93512000e-03 -1.74992000e-03 -2.22098000e-03 -4.62722000e-03 6.01370000e-04 -3.99990000e-04 5.73590000e-04 -6.13110000e-04 -1.89987000e-03 -9.96770000e-04 1.49612000e-03 -9.30840000e-04 1.17020000e-04 5.17352000e-03 -6.13968000e-03 -6.31143000e-03 -1.01877000e-03 -3.66474000e-03 1.07971000e-03 6.22690000e-04 -2.44015000e-03 -1.10647000e-03 1.02880000e-03 -1.40440000e-04 -1.10010000e-03 2.17257000e-03 -7.64310000e-04 -1.61476000e-03 1.05199000e-03 -9.86500000e-04 5.17358000e-03 2.58970000e-04 -4.00710000e-04 1.04895000e-03 -4.56460000e-04 3.17629000e-03 1.32447000e-03 -1.14963000e-03 3.58381000e-03 1.39588000e-03 1.87287000e-03 8.02010000e-04 1.56298000e-03 1.42232000e-03 -3.12007000e-03 -4.40700000e-05 -5.04621000e-03 1.78650000e-03 4.39595000e-03 -1.15900000e-03 -1.90717000e-03 -9.85820000e-04 1.27060000e-04 -1.52000000e-06 -2.33400000e-04 -5.59360000e-04 -2.45542000e-03 1.11552000e-03 -7.01120000e-04 -1.48258000e-03 -3.42700000e-04 -8.86290000e-04 -3.11415000e-03 -3.84917000e-03
1.80030000e-04 4.97970000e-04 3.21730000e-04 7.49080000e-04 7.50330000e-04 -9.78760000e-04 -7.17720000e-04 1.90170000e-04 6.58100000e-05 -2.72320000e-04 4.40300000e-05 1.23630000e-03 -1.61040000e-04 -8.76550000e-04 1.24428000e-03 7.55530000e-04 -1.94080000e-03 8.36520000e-04 -1.28200000e-04 -1.28722000e-03 1.50400000e-03 3.91360000e-04 4.25030000e-04 6.66100000e-04 -9.62110000e-04 1.92490000e-04 -3.61520000e-04 4.02300000e-04 4.39400000e-04 3.97800000e-05 1.29124000e-03 -7.73090000e-04 -1.18300000e-05 -1.92220000e-04 4.54550000e-04 6.12970000e-04 -1.45920000e-04 9.04430000e-04 -1.13189000e-03 6.97720000e-04 -1.72932000e-03 4.80530000e-04 -6.04400000e-05 1.19910000e-03 5.62380000e-04 1.11144000e-03 1.98927000e-03 4.47000000e-06 3.57290000e-04 -2.50700000e-05 1.69580000e-04 8.96630000e-04 6.64210000e-04 -7.58310000e-04 7.21100000e-04 1.46520000e-04 -2.07620000e-03 2.51030000e-03 2.33538000e-03 4.20840000e-04 1.59288000e-03 6.13400000e-05 -2.16580000e-04 1.00904000e-03 6.99820000e-04 -2.09410000e-04 4.18460000e-04 6.17000000e-04 -7.26710000e-04 6.16470000e-04 8.24170000e-04 -2.78000000e-04 4.97220000e-04 -1.89277000e-03 1.44250000e-04 1.81380000e-04 -2.68590000e-04 1.90450000e-04 -1.11206000e-03 -6.22870000e-04 7.86210000e-04 -1.26783000e-03 -4.83560000e-04 -6.46700000e-04 -1.30440000e-04 -4.57300000e-04 -3.82480000e-04 1.14868000e-03 2.68910000e-04 1.54371000e-03 -8.99110000e-04 -2.34154000e-03 4.19820000e-04 7.40700000e-04 2.93220000e-04 -1.06050000e-04 -1.06730000e-04 6.62900000e-05 2.25730000e-04 9.75430000e-04 -4.99760000e-04 1.81160000e-04 5.42200000e-04 -7.89700000e-05 4.18010000e-04 1.09973000e-03 2.11303000e-03
