2.34819300e-02 3.59000000e-05 -1.14900000e-03 -1.71350000e-04 9.61230000e-04 4.34600000e-04 -1.83642000e-03 1.76873000e-03 8.07680000e-04 -2.51034000e-03 -6.32390000e-04 2.29382000e-03 -1.98244000e-03 1.34000000e-04 -2.09130000e-04 -9.06360000e-04 -4.95898000e-03 3.15100000e-05 -1.12627000e-03 -5.63961000e-03 -1.99170000e-04 9.44700000e-04 -3.40800000e-05 -3.40800000e-05 -6.69140000e-04 1.10518000e-03 4.94370000e-04 3.67040000e-04 -1.54200000e-05 -7.25810000e-04 -1.49390000e-04 -3.99940000e-04 -7.28700000e-04 6.27160000e-04 -1.21500000e-04 -1.10441000e-03 6.71150000e-04 -1.46989000e-03 -2.44743000e-03 3.48392000e-03 -1.09400000e-04 -1.69878000e-03 1.09685000e-03 -8.17200000e-04 -6.94780000e-04 -5.24900000e-04 -5.21540000e-04 8.59520000e-04 2.17885000e-03 4.45574000e-03 -2.36082000e-03 1.63182000e-03 -6.34534000e-03 1.45276000e-03 -7.08900000e-05 1.97607000e-03 -1.34579000e-03 8.20730000e-04 -3.22180000e-04 -2.44193000e-03 -6.22500000e-05 -1.59021000e-03 1.29177000e-03 -8.95980000e-03 2.14385000e-03 1.95911000e-03 -6.77650000e-04 -1.48984000e-03 -9.97400000e-04 4.72830000e-04 1.56150000e-03 -2.65180000e-04 -5.70760000e-04 5.94650000e-04 -2.28070000e-04 -8.97110000e-04 2.14924000e-03 -5.13921000e-03 1.94417000e-03 1.51299000e-03 3.82956000e-03 2.32771000e-03 1.31461000e-03 2.20858000e-03 -4.91210000e-04 -6.00067000e-03 -9.53070000e-04 1.14510000e-04 -1.49816000e-03 -2.47738000e-03 2.72629000e-03 -1.61218000e-03 9.37100000e-05 2.81180000e-04 -2.45525000e-03 -1.09869000e-03 4.69660000e-04 -1.08195000e-03 1.65120000e-03 5.26250000e-04 1.45272000e-03 -8.38210000e-04 -2.40684000e-03 -3.70810000e-04 -1.26473000e-03 -2.25652000e-03 1.13568000e-03
3.59000000e-05 2.24193200e-02 -3.65510000e-04 1.48300000e-05 6.75400000e-05 1.51490000e-04 3.58480000e-04 -3.00920000e-04 3.87000000e-05 -1.09050000e-04 2.29070000e-04 -5.37000000e-06 2.64020000e-04 -1.59900000e-05 1.26800000e-05 5.85660000e-04 -3.35500000e-05 2.83840000e-04 -4.37100000e-05 3.87440000e-04 -3.41070000e-04 -8.98000000e-06 -7.57930000e-04 8.68000000e-06 1.30250000e-04 -4.07800000e-05 2.89440000e-04 -3.93550000e-04 2.66720000e-04 6.61570000e-04 1.66570000e-04 1.45430000e-04 -7.19400000e-05 1.31990000e-04 3.23480000e-04 9.69510000e-04 -8.24000000e-06 6.44010000e-04 -2.19820000e-04 -3.09250000e-04 2.76080000e-04 -1.22500000e-04 3.03270000e-04 3.15740000e-04 -2.87610000e-04 2.98250000e-04 5.12820000e-04 -2.83840000e-04 2.92500000e-04 7.24700000e-05 2.62200000e-04 7.43000000e-06 3.88270000e-04 -2.29680000e-04 1.98090000e-04 1.83040000e-04 1.83860000e-04 2.44020000e-04 1.61560000e-04 5.80300000e-05 3.24310000e-04 6.68440000e-04 4.32100000e-05 4.42950000e-04 9.59200000e-05 -5.69200000e-05 -9.82300000e-05 1.53120000e-04 2.86960000e-04 1.79800000e-05 -1.25040000e-04 1.54760000e-04 2.29050000e-04 3.40490000e-04 1.33880000e-04 -1.34050000e-04 -9.18900000e-05 8.02250000e-04 2.39900000e-04 4.58090000e-04 -6.05400000e-05 -3.96440000e-04 -8.20600000e-05 6.60590000e-04 1.49930000e-04 5.59320000e-04 2.26990000e-04 -4.07500000e-04 2.96100000e-04 -2.68590000e-04 1.21930000e-04 -1.37770000e-04 2.98610000e-04 4.05190000e-04 -2.13510000e-04 1.94830000e-04 -3.41220000e-04 -6.28000000e-05 2.57200000e-05 8.27200000e-05 -2.11480000e-04 -2.00200000e-05 -4.18400000e-05 8.79900000e-05 -2.85300000e-05 6.05500000e-05 2.43250000e-04
-1.14900000e-03 -3.65510000e-04 2.30897600e-02 5.13770000e-04 -3.95010000e-04 1.06500000e-04 4.24400000e-04 -8.79200000e-05 -3.97750000e-04 1.22412000e-03 -3.92940000e-04 -1.11780000e-03 1.25000000e-03 -3.45050000e-04 6.02020000e-04 -9.24000000e-05 2.87352000e-03 -4.73670000e-04 8.56580000e-04 2.78464000e-03 1.31526000e-03 -3.32500000e-04 1.41812000e-03 -1.53650000e-04 6.40590000e-04 -4.48700000e-05 -2.23070000e-04 1.22943000e-03 -4.84800000e-05 -1.38950000e-04 2.55100000e-04 4.48750000e-04 1.00590000e-03 -8.97800000e-05 -2.40820000e-04 -7.94280000e-04 -5.07460000e-04 -4.48520000e-04 4.35250000e-04 -8.61210000e-04 -4.13850000e-04 1.25383000e-03 -7.20490000e-04 2.94410000e-04 1.33234000e-03 -3.88360000e-04 -6.40700000e-04 7.03710000e-04 -1.47918000e-03 -2.78749000e-03 8.51050000e-04 -6.12580000e-04 3.06331000e-03 1.72440000e-04 1.16120000e-04 -5.32630000e-04 -2.09050000e-04 -4.02410000e-04 -3.11860000e-04 1.47902000e-03 8.08200000e-05 -7.25160000e-04 -8.69480000e-04 4.03175000e-03 -1.01564000e-03 -3.18320000e-04 -4.08100000e-05 1.12724000e-03 4.04030000e-04 -4.23150000e-04 -7.43400000e-05 -2.70220000e-04 2.92050000e-04 -4.32140000e-04 -9.41900000e-05 1.00183000e-03 -3.60810000e-04 2.11056000e-03 -4.75420000e-04 -1.07993000e-03 -1.80570000e-03 -1.85700000e-05 -1.06210000e-04 -2.64603000e-03 5.91900000e-04 2.92088000e-03 3.41670000e-04 1.09521000e-03 7.70010000e-04 1.52302000e-03 -1.38424000e-03 9.32870000e-04 -5.28430000e-04 -7.88690000e-04 1.33292000e-03 2.63740000e-04 -6.18950000e-04 8.77570000e-04 -3.38520000e-04 -4.31010000e-04 2.35300000e-04 1.79660000e-04 1.14970000e-03 -5.93200000e-05 7.49170000e-04 1.18050000e-03 -5.05550000e-04
-1.71350000e-04 1.48300000e-05 5.13770000e-04 1.49012600e-02 -3.64200000e-05 1.52450000e-04 1.99130000e-04 -1.03000000e-06 -7.53800000e-05 3.53600000e-04 -1.71830000e-04 -2.92730000e-04 4.58850000e-04 -1.55000000e-04 2.95330000e-04 5.84300000e-05 8.00570000e-04 -1.42970000e-04 3.77180000e-04 7.72360000e-04 3.98610000e-04 -5.16400000e-05 2.23320000e-04 1.29500000e-05 3.14190000e-04 7.26900000e-05 -9.10000000e-07 4.94620000e-04 9.49100000e-05 9.26900000e-05 1.82480000e-04 1.98070000e-04 4.89350000e-04 1.03590000e-04 4.80000000e-07 -1.77380000e-04 7.54000000e-06 -1.49550000e-04 -1.71550000e-04 -1.63040000e-04 -8.06200000e-05 3.49460000e-04 -1.13970000e-04 1.73210000e-04 4.08400000e-04 -1.11980000e-04 -1.65990000e-04 3.63930000e-04 -4.37520000e-04 -1.03413000e-03 3.16370000e-04 -9.38400000e-05 8.42660000e-04 1.85390000e-04 1.37270000e-04 6.15800000e-05 -1.61590000e-04 -4.31900000e-05 -1.77580000e-04 5.82820000e-04 1.42170000e-04 -2.77350000e-04 -2.60370000e-04 9.26660000e-04 -1.81220000e-04 -3.81200000e-05 -1.15350000e-04 4.37590000e-04 2.24170000e-04 -1.23400000e-04 6.04400000e-05 -1.30070000e-04 2.09610000e-04 -2.25700000e-05 -2.18500000e-05 3.62030000e-04 -7.94600000e-05 6.22080000e-04 1.17930000e-04 -2.58550000e-04 -6.40570000e-04 7.96900000e-05 5.43100000e-05 -9.96360000e-04 3.30480000e-04 8.36440000e-04 1.71020000e-04 4.03430000e-04 2.70710000e-04 4.26190000e-04 -3.59960000e-04 2.69270000e-04 -2.10710000e-04 -2.93220000e-04 2.84030000e-04 1.20030000e-04 -3.12990000e-04 3.16480000e-04 9.90500000e-05 -2.99800000e-05 2.80260000e-04 1.30970000e-04 3.77030000e-04 6.47100000e-05 3.10680000e-04 3.84070000e-04 6.09000000e-06
9.61230000e-04 6.75400000e-05 -3.95010000e-04 -3.64200000e-05 1.02254900e-02 2.26090000e-04 -4.93750000e-04 4.74930000e-04 3.88600000e-04 -8.61550000e-04 -1.21810000e-04 8.20650000e-04 -6.04850000e-04 1.16260000e-04 5.86000000e-06 -1.81370000e-04 -1.62576000e-03 1.05320000e-04 -3.71320000e-04 -1.79010000e-03 -6.18600000e-05 3.89740000e-04 -3.07080000e-04 5.67600000e-05 -1.47490000e-04 4.62150000e-04 2.11210000e-04 6.62100000e-05 1.14350000e-04 -1.31080000e-04 -1.06800000e-05 -1.01610000e-04 -1.98460000e-04 3.25000000e-04 9.05600000e-05 -9.24400000e-05 3.59620000e-04 -3.11660000e-04 -7.67000000e-04 1.08862000e-03 3.12600000e-05 -5.85830000e-04 3.81090000e-04 -1.98480000e-04 -2.68350000e-04 -2.63300000e-05 7.90000000e-07 2.62220000e-04 7.18710000e-04 1.30976000e-03 -7.00380000e-04 5.16880000e-04 -1.99371000e-03 4.65500000e-04 2.96200000e-05 5.87060000e-04 -3.25170000e-04 2.94230000e-04 -1.18630000e-04 -5.66860000e-04 3.83200000e-05 -3.36830000e-04 4.99950000e-04 -2.93763000e-03 6.55190000e-04 6.76340000e-04 -1.64620000e-04 -4.37220000e-04 -2.33330000e-04 2.27050000e-04 4.79410000e-04 -1.84800000e-05 -1.19600000e-04 2.37610000e-04 1.92100000e-05 -2.86030000e-04 7.14210000e-04 -1.59122000e-03 7.34910000e-04 5.20740000e-04 1.22202000e-03 6.71560000e-04 4.97400000e-04 7.09880000e-04 -1.44410000e-04 -1.85523000e-03 -2.37080000e-04 -6.69800000e-05 -4.47300000e-04 -8.83680000e-04 7.81600000e-04 -5.24270000e-04 6.53800000e-05 2.25300000e-04 -9.22300000e-04 -3.08880000e-04 7.55800000e-05 -3.75830000e-04 5.64880000e-04 2.24040000e-04 4.47350000e-04 -3.07740000e-04 -8.31450000e-04 -8.87200000e-05 -4.05330000e-04 -7.47320000e-04 4.50040000e-04
4.34600000e-04 1.51490000e-04 1.06500000e-04 1.52450000e-04 2.26090000e-04 1.22059700e-02 -1.18350000e-04 2.19500000e-04 1.11190000e-04 -6.64460000e-04 -3.29220000e-04 2.74290000e-04 -2.47400000e-05 -2.78150000e-04 3.21870000e-04 5.26700000e-05 -5.44190000e-04 2.61000000e-05 -1.16660000e-04 -6.74740000e-04 2.68670000e-04 1.26400000e-04 -6.71000000e-06 -2.61360000e-04 1.68040000e-04 4.17110000e-04 2.52760000e-04 3.23470000e-04 2.52090000e-04 1.16000000e-04 2.90260000e-04 2.50400000e-04 1.40820000e-04 4.81130000e-04 1.36810000e-04 -2.42510000e-04 -1.21490000e-04 -2.52760000e-04 -5.08390000e-04 5.26650000e-04 7.96000000e-06 8.02400000e-05 2.00710000e-04 1.80210000e-04 9.76300000e-05 -1.13230000e-04 -2.11640000e-04 3.87970000e-04 7.12100000e-05 -1.81660000e-04 -2.15810000e-04 3.18270000e-04 -7.78820000e-04 3.81270000e-04 2.46300000e-04 4.85320000e-04 -5.64430000e-04 2.07870000e-04 -7.89700000e-05 5.04420000e-04 3.28580000e-04 -7.30580000e-04 -5.48000000e-05 -1.32421000e-03 3.55510000e-04 4.49400000e-04 -6.05830000e-04 1.05790000e-04 1.02030000e-04 -1.14860000e-04 4.68430000e-04 -1.46990000e-04 1.65620000e-04 2.44550000e-04 1.90600000e-05 9.58300000e-05 4.88170000e-04 -5.87990000e-04 9.13080000e-04 1.61770000e-04 1.72750000e-04 6.43950000e-04 3.67540000e-04 -6.99790000e-04 2.61570000e-04 -4.81170000e-04 6.96800000e-05 6.63000000e-05 -1.09080000e-04 -5.91740000e-04 -1.86000000e-05 -3.61800000e-04 1.58500000e-05 5.63700000e-05 -6.58500000e-04 2.46900000e-05 -8.42610000e-04 -1.37250000e-04 3.90840000e-04 -5.16200000e-05 4.40420000e-04 -4.06650000e-04 -2.74270000e-04 -2.08540000e-04 -2.61420000e-04 -9.95400000e-05 3.46150000e-04
-1.83642000e-03 3.58480000e-04 4.24400000e-04 1.99130000e-04 -4.93750000e-04 -1.18350000e-04 1.57390200e-02 -1.42183000e-03 -4.14680000e-04 1.46045000e-03 6.88420000e-04 -1.42509000e-03 1.39987000e-03 -8.12600000e-05 1.86110000e-04 1.15963000e-03 2.99723000e-03 2.30310000e-04 7.08420000e-04 3.75531000e-03 -1.81850000e-04 -5.96550000e-04 -1.02445000e-03 7.36200000e-05 5.53070000e-04 -7.06610000e-04 -1.61000000e-05 -5.72390000e-04 2.62880000e-04 9.61220000e-04 2.38540000e-04 2.84910000e-04 4.84210000e-04 -2.60070000e-04 3.86950000e-04 1.42333000e-03 -3.22030000e-04 1.59921000e-03 1.74738000e-03 -2.41042000e-03 3.60370000e-04 9.42730000e-04 -4.18060000e-04 8.33630000e-04 1.45360000e-04 6.75400000e-04 7.76230000e-04 -7.98680000e-04 -1.06268000e-03 -2.69281000e-03 1.79517000e-03 -9.83330000e-04 4.21706000e-03 -1.05863000e-03 2.24200000e-04 -1.05569000e-03 1.08571000e-03 -2.61850000e-04 2.84120000e-04 1.82986000e-03 3.86770000e-04 1.48256000e-03 -7.53040000e-04 5.81786000e-03 -1.31730000e-03 -1.22483000e-03 3.21900000e-04 1.03682000e-03 9.74460000e-04 -2.54130000e-04 -1.06691000e-03 3.47580000e-04 6.13940000e-04 -8.49000000e-06 3.53760000e-04 4.38750000e-04 -1.39108000e-03 3.62292000e-03 -9.07020000e-04 -5.42140000e-04 -2.36570000e-03 -1.85284000e-03 -8.55290000e-04 -8.53170000e-04 4.27160000e-04 4.13383000e-03 8.65310000e-04 -4.33220000e-04 1.11868000e-03 1.29557000e-03 -1.57669000e-03 9.39170000e-04 2.87300000e-04 2.23140000e-04 1.24927000e-03 9.36950000e-04 -6.65740000e-04 5.97960000e-04 -9.02470000e-04 -1.81950000e-04 -1.07904000e-03 4.14390000e-04 1.51648000e-03 3.87280000e-04 8.45830000e-04 1.49444000e-03 -5.26150000e-04
1.76873000e-03 -3.00920000e-04 -8.79200000e-05 -1.03000000e-06 4.74930000e-04 2.19500000e-04 -1.42183000e-03 2.02908000e-02 3.68880000e-04 -1.16322000e-03 -7.57810000e-04 1.22569000e-03 -9.83280000e-04 -6.72300000e-05 5.00000000e-06 -1.04909000e-03 -2.47907000e-03 -3.07910000e-04 -4.97910000e-04 -3.16196000e-03 4.09810000e-04 5.52320000e-04 1.16687000e-03 -9.45900000e-05 -2.44840000e-04 7.33080000e-04 3.37700000e-05 9.21690000e-04 -1.41250000e-04 -9.14910000e-04 -1.11510000e-04 -1.24740000e-04 -2.18130000e-04 3.34980000e-04 -3.28560000e-04 -1.63102000e-03 1.77750000e-04 -1.78083000e-03 -1.82435000e-03 2.16726000e-03 -4.00270000e-04 -6.99390000e-04 4.03080000e-04 -7.18570000e-04 2.50100000e-04 -7.28490000e-04 -9.09880000e-04 1.07987000e-03 8.45420000e-04 2.11785000e-03 -1.55309000e-03 9.66360000e-04 -3.59121000e-03 1.21804000e-03 -1.90000000e-05 1.24544000e-03 -1.20086000e-03 2.71290000e-04 -3.93360000e-04 -1.48374000e-03 -2.62290000e-04 -1.77998000e-03 5.96990000e-04 -5.12179000e-03 1.29104000e-03 1.10841000e-03 -4.92960000e-04 -6.24630000e-04 -8.01840000e-04 1.02420000e-04 1.12446000e-03 -4.40030000e-04 -4.67480000e-04 8.56200000e-05 -3.19530000e-04 -2.52710000e-04 1.30782000e-03 -3.21666000e-03 9.87390000e-04 4.83520000e-04 1.87500000e-03 1.87368000e-03 9.06140000e-04 2.10170000e-04 -1.17240000e-04 -3.57196000e-03 -7.55680000e-04 7.90910000e-04 -8.54010000e-04 -9.73170000e-04 1.52284000e-03 -7.67350000e-04 -4.63390000e-04 -3.88860000e-04 -9.90220000e-04 -8.97520000e-04 5.16850000e-04 -3.59620000e-04 1.00220000e-03 1.76720000e-04 1.32705000e-03 -2.69050000e-04 -1.24982000e-03 -3.19030000e-04 -6.07080000e-04 -1.23799000e-03 5.48810000e-04
8.07680000e-04 3.87000000e-05 -3.97750000e-04 -7.53800000e-05 3.88600000e-04 1.11190000e-04 -4.14680000e-04 3.68880000e-04 8.38480000e-03 -6.06300000e-04 -2.95700000e-05 8.48620000e-04 -5.86640000e-04 2.20020000e-04 -1.93100000e-05 -1.75090000e-04 -1.47072000e-03 1.15210000e-04 -3.26540000e-04 -1.58679000e-03 -1.22410000e-04 3.58100000e-04 -3.67100000e-04 1.10340000e-04 -1.28870000e-04 3.94460000e-04 1.22410000e-04 -8.02300000e-05 5.36300000e-05 -1.46750000e-04 -6.29300000e-05 -1.69130000e-04 -1.97850000e-04 3.53740000e-04 8.38400000e-05 -1.03000000e-05 3.73040000e-04 -2.13810000e-04 -6.34160000e-04 7.87390000e-04 3.50600000e-05 -5.65420000e-04 3.19860000e-04 -2.00550000e-04 -3.04160000e-04 -1.66000000e-06 5.92900000e-05 9.43000000e-05 6.30270000e-04 1.22280000e-03 -5.52940000e-04 4.58470000e-04 -1.72636000e-03 2.86440000e-04 -6.37400000e-05 4.32820000e-04 -1.41370000e-04 2.34310000e-04 -8.82300000e-05 -5.92930000e-04 -6.65000000e-06 -1.28400000e-04 4.86340000e-04 -2.51641000e-03 5.13770000e-04 5.58600000e-04 2.37600000e-05 -4.24560000e-04 -2.09400000e-04 3.03760000e-04 3.48100000e-04 2.13900000e-05 -1.02360000e-04 1.91440000e-04 4.08700000e-05 -2.33800000e-04 5.84150000e-04 -1.43296000e-03 5.21360000e-04 4.70840000e-04 1.07958000e-03 4.26220000e-04 4.13790000e-04 7.46720000e-04 -1.94670000e-04 -1.69793000e-03 -1.92490000e-04 -1.54510000e-04 -4.34170000e-04 -6.37490000e-04 7.17270000e-04 -3.74660000e-04 5.33400000e-05 2.64000000e-04 -7.82090000e-04 -2.07900000e-04 2.61610000e-04 -2.73120000e-04 5.26440000e-04 2.63930000e-04 3.16290000e-04 -1.67350000e-04 -6.38490000e-04 -7.00000000e-06 -2.77610000e-04 -6.31540000e-04 3.73270000e-04
-2.51034000e-03 -1.09050000e-04 1.22412000e-03 3.53600000e-04 -8.61550000e-04 -6.64460000e-04 1.46045000e-03 -1.16322000e-03 -6.06300000e-04 1.48739200e-02 3.91450000e-04 -1.72313000e-03 1.83481000e-03 -2.09000000e-05 2.96630000e-04 5.14040000e-04 4.54107000e-03 -2.30770000e-04 1.26894000e-03 5.04910000e-03 2.67410000e-04 -7.51380000e-04 6.00240000e-04 2.13100000e-04 7.89930000e-04 -9.60280000e-04 -7.18630000e-04 -6.24900000e-05 -1.31060000e-04 4.18020000e-04 5.83000000e-05 2.63110000e-04 9.03210000e-04 -3.80700000e-04 -5.57000000e-05 6.17180000e-04 -3.22980000e-04 8.10070000e-04 1.61710000e-03 -3.28180000e-03 -7.03700000e-05 1.42218000e-03 -9.99270000e-04 5.42100000e-04 9.33620000e-04 1.55470000e-04 2.07080000e-04 -5.32400000e-04 -2.13759000e-03 -4.09420000e-03 2.16054000e-03 -1.33514000e-03 5.76677000e-03 -1.19480000e-03 -7.51300000e-05 -1.56541000e-03 1.10932000e-03 -8.30650000e-04 -1.88300000e-05 1.85834000e-03 -1.21130000e-04 1.26739000e-03 -1.08616000e-03 8.04664000e-03 -1.82267000e-03 -1.79051000e-03 8.45400000e-04 1.48121000e-03 7.85260000e-04 -3.01040000e-04 -1.33050000e-03 3.62300000e-05 5.22060000e-04 -6.18260000e-04 4.80800000e-05 1.04250000e-03 -1.98757000e-03 4.45341000e-03 -1.88822000e-03 -1.43184000e-03 -3.61164000e-03 -1.96001000e-03 -1.06372000e-03 -2.35976000e-03 5.53890000e-04 5.06640000e-03 7.70400000e-04 3.15740000e-04 1.30635000e-03 2.96621000e-03 -2.07316000e-03 1.82706000e-03 -6.26920000e-04 -6.44230000e-04 2.53640000e-03 8.34350000e-04 3.07860000e-04 1.43619000e-03 -1.01308000e-03 -1.54090000e-04 -8.55130000e-04 1.39929000e-03 2.32070000e-03 6.45230000e-04 1.59529000e-03 1.96206000e-03 -8.47120000e-04
-6.32390000e-04 2.29070000e-04 -3.92940000e-04 -1.71830000e-04 -1.21810000e-04 -3.29220000e-04 6.88420000e-04 -7.57810000e-04 -2.95700000e-05 3.91450000e-04 1.13556900e-02 -3.31560000e-04 2.04470000e-04 2.28440000e-04 -2.08080000e-04 6.05430000e-04 5.49080000e-04 3.37430000e-04 1.50000000e-05 1.01341000e-03 -5.65310000e-04 -1.82690000e-04 -1.01596000e-03 1.60250000e-04 -1.72300000e-05 -3.88930000e-04 4.38900000e-05 -8.50320000e-04 8.95700000e-05 4.65490000e-04 -5.87700000e-05 -9.96100000e-05 -2.11480000e-04 -1.21690000e-04 2.85680000e-04 1.07603000e-03 -4.70900000e-05 1.10624000e-03 1.07613000e-03 -1.00712000e-03 3.50660000e-04 -2.89000000e-06 -1.15600000e-05 2.72320000e-04 -4.54440000e-04 5.79620000e-04 7.19050000e-04 -8.06520000e-04 4.15200000e-05 -1.50150000e-04 6.34090000e-04 -3.40250000e-04 1.17507000e-03 -7.00070000e-04 -7.50000000e-06 -5.23620000e-04 8.58220000e-04 -1.44300000e-05 3.24690000e-04 3.01080000e-04 9.62200000e-05 1.23665000e-03 9.88000000e-06 1.79823000e-03 -4.40940000e-04 -5.17840000e-04 4.07000000e-04 4.16500000e-05 3.19160000e-04 1.01490000e-04 -6.13920000e-04 3.93080000e-04 1.50200000e-04 9.36500000e-05 2.83120000e-04 -1.98410000e-04 -6.11110000e-04 1.12426000e-03 -5.31700000e-04 9.69800000e-05 -3.81470000e-04 -1.09320000e-03 -4.41330000e-04 8.44800000e-04 -1.41080000e-04 1.12099000e-03 3.09180000e-04 -6.90530000e-04 2.86310000e-04 1.94910000e-04 -3.17060000e-04 2.07630000e-04 4.12290000e-04 4.83290000e-04 2.75510000e-04 3.88390000e-04 9.97800000e-05 -3.57000000e-05 -4.51900000e-04 6.30000000e-05 -8.39640000e-04 1.06240000e-04 3.64300000e-04 2.37460000e-04 1.62940000e-04 3.04670000e-04 -2.17950000e-04
2.29382000e-03 -5.37000000e-06 -1.11780000e-03 -2.92730000e-04 8.20650000e-04 2.74290000e-04 -1.42509000e-03 1.22569000e-03 8.48620000e-04 -1.72313000e-03 -3.31560000e-04 6.93976500e-02 -1.76941000e-03 3.59860000e-04 -2.54790000e-04 -7.33150000e-04 -4.07741000e-03 1.95340000e-04 -9.90990000e-04 -4.57908000e-03 -4.03770000e-04 8.09330000e-04 -4.23510000e-04 6.70200000e-05 -5.25450000e-04 8.97440000e-04 1.65140000e-04 -1.68830000e-04 -5.06300000e-05 -6.28260000e-04 -1.96950000e-04 -4.04130000e-04 -7.42580000e-04 7.10140000e-04 -5.38900000e-05 -5.43060000e-04 1.22738000e-03 -9.07130000e-04 -1.64887000e-03 2.24723000e-03 -1.10400000e-05 -1.41493000e-03 7.88320000e-04 -6.78630000e-04 -7.43990000e-04 -3.04430000e-04 -2.24770000e-04 3.22270000e-04 1.66080000e-03 3.59077000e-03 -1.77636000e-03 1.21249000e-03 -4.96704000e-03 8.07360000e-04 -2.44210000e-04 1.21716000e-03 -7.40200000e-04 5.20220000e-04 -1.07660000e-04 -1.86300000e-03 -1.43600000e-04 -8.18050000e-04 1.14630000e-03 -6.84833000e-03 1.52885000e-03 1.41246000e-03 -2.22090000e-04 -1.26206000e-03 -8.27790000e-04 5.91320000e-04 1.04984000e-03 -6.93700000e-05 -4.62260000e-04 3.91950000e-04 -1.31990000e-04 -7.18690000e-04 1.55939000e-03 -4.15591000e-03 1.36470000e-03 1.15634000e-03 2.96398000e-03 1.45471000e-03 9.86410000e-04 1.84780000e-03 -5.68570000e-04 -4.90613000e-03 -6.96680000e-04 -2.65940000e-04 -1.35230000e-03 -1.76723000e-03 2.08538000e-03 -1.13172000e-03 8.62400000e-05 5.61020000e-04 -2.11896000e-03 -6.92090000e-04 6.97040000e-04 -8.02230000e-04 1.38897000e-03 5.98600000e-04 9.03700000e-04 -4.61120000e-04 -1.82929000e-03 -1.52490000e-04 -9.33610000e-04 -1.82441000e-03 9.28690000e-04
-1.98244000e-03 2.64020000e-04 1.25000000e-03 4.58850000e-04 -6.04850000e-04 -2.47400000e-05 1.39987000e-03 -9.83280000e-04 -5.86640000e-04 1.83481000e-03 2.04470000e-04 -1.76941000e-03 2.59329100e-02 -3.41950000e-04 4.49840000e-04 9.08950000e-04 3.98169000e-03 -8.70600000e-05 1.03276000e-03 4.72809000e-03 5.28720000e-04 -6.22830000e-04 1.94840000e-04 -2.73700000e-05 9.57960000e-04 -5.67610000e-04 -1.16380000e-04 3.48900000e-04 2.99190000e-04 8.75700000e-04 3.87560000e-04 6.49430000e-04 9.18260000e-04 -2.49780000e-04 2.59060000e-04 9.09150000e-04 -6.40790000e-04 8.05120000e-04 7.64610000e-04 -2.49641000e-03 9.94000000e-06 1.39691000e-03 -6.05750000e-04 8.02620000e-04 9.73340000e-04 2.48480000e-04 3.12570000e-04 -8.79100000e-05 -1.65066000e-03 -3.75348000e-03 1.83353000e-03 -1.08542000e-03 5.17788000e-03 -6.81800000e-04 3.80250000e-04 -8.62260000e-04 5.78770000e-04 -3.94330000e-04 4.72300000e-05 1.90108000e-03 3.49630000e-04 8.30140000e-04 -1.10432000e-03 6.88851000e-03 -1.41186000e-03 -1.27664000e-03 1.06650000e-04 1.65200000e-03 9.49270000e-04 -5.53660000e-04 -9.01910000e-04 -4.61000000e-06 6.45560000e-04 -1.72640000e-04 1.36760000e-04 8.48140000e-04 -1.41391000e-03 4.48527000e-03 -9.19980000e-04 -8.68290000e-04 -3.13264000e-03 -1.46402000e-03 -7.20570000e-04 -2.10584000e-03 8.50830000e-04 5.06005000e-03 7.97290000e-04 4.16520000e-04 1.55044000e-03 1.85052000e-03 -1.80691000e-03 1.15361000e-03 -2.10780000e-04 -3.06010000e-04 1.77989000e-03 7.84880000e-04 -8.21130000e-04 1.01190000e-03 -8.54450000e-04 -4.32500000e-04 -5.38420000e-04 6.00930000e-04 1.79641000e-03 2.36640000e-04 1.06029000e-03 1.82665000e-03 -5.30080000e-04
1.34000000e-04 -1.59900000e-05 -3.45050000e-04 -1.55000000e-04 1.16260000e-04 -2.78150000e-04 -8.12600000e-05 -6.72300000e-05 2.20020000e-04 -2.09000000e-05 2.28440000e-04 3.59860000e-04 -3.41950000e-04 2.07755900e-02 -1.47740000e-04 -4.40800000e-05 -5.43880000e-04 1.05610000e-04 -1.36550000e-04 -5.01260000e-04 -2.67440000e-04 1.48960000e-04 -3.32000000e-04 1.93350000e-04 -2.13550000e-04 2.86500000e-05 -2.43600000e-05 -3.83630000e-04 -8.56700000e-05 -3.77200000e-05 -1.85370000e-04 -2.43050000e-04 -2.32250000e-04 2.66200000e-05 3.13400000e-05 2.98310000e-04 2.73250000e-04 1.99350000e-04 1.51700000e-05 7.78900000e-05 6.74400000e-05 -3.79780000e-04 8.16700000e-05 -1.47740000e-04 -3.27380000e-04 1.46930000e-04 2.59700000e-04 -3.07840000e-04 3.27690000e-04 7.84220000e-04 -1.30250000e-04 7.69100000e-05 -5.31620000e-04 -1.73590000e-04 -2.02770000e-04 -1.10850000e-04 3.28680000e-04 2.92000000e-05 1.56600000e-05 -5.36470000e-04 -1.47640000e-04 4.99930000e-04 3.11420000e-04 -6.69620000e-04 5.00300000e-05 9.89200000e-05 4.21500000e-04 -3.47990000e-04 -1.19600000e-04 3.13210000e-04 -7.09200000e-05 1.31140000e-04 -1.24370000e-04 -3.48000000e-06 4.08600000e-05 -1.46930000e-04 8.27900000e-05 -3.93100000e-04 -1.92640000e-04 1.97060000e-04 5.38260000e-04 -1.60270000e-04 1.74000000e-06 9.05670000e-04 -2.94280000e-04 -6.09340000e-04 -9.04200000e-05 -3.13080000e-04 -1.85670000e-04 -7.14600000e-05 2.84800000e-04 8.30000000e-07 1.08680000e-04 1.61690000e-04 -7.56300000e-05 -6.15100000e-05 5.36400000e-04 -9.53900000e-05 5.34000000e-06 1.64660000e-04 -1.99020000e-04 1.03840000e-04 -2.03480000e-04 1.12140000e-04 -7.82600000e-05 -2.82070000e-04 1.67400000e-05
-2.09130000e-04 1.26800000e-05 6.02020000e-04 2.95330000e-04 5.86000000e-06 3.21870000e-04 1.86110000e-04 5.00000000e-06 -1.93100000e-05 2.96630000e-04 -2.08080000e-04 -2.54790000e-04 4.49840000e-04 -1.47740000e-04 1.67931900e-02 6.69800000e-05 8.27200000e-04 -1.39070000e-04 3.29400000e-04 7.63420000e-04 5.23970000e-04 -1.73800000e-05 2.89660000e-04 -6.62300000e-05 3.03260000e-04 1.62730000e-04 7.07900000e-05 5.09590000e-04 1.04220000e-04 1.14260000e-04 1.97370000e-04 2.00310000e-04 4.85420000e-04 2.05070000e-04 1.57300000e-05 -1.67950000e-04 -1.09420000e-04 -1.36620000e-04 -1.28980000e-04 -6.80100000e-05 -9.42800000e-05 3.98230000e-04 -1.04520000e-04 2.04690000e-04 4.56200000e-04 -1.27330000e-04 -1.78220000e-04 3.67710000e-04 -4.36730000e-04 -1.05505000e-03 3.05330000e-04 -5.89500000e-05 8.27740000e-04 1.88630000e-04 1.36120000e-04 2.15200000e-05 -2.01050000e-04 -7.88000000e-06 -2.21680000e-04 7.22360000e-04 1.79710000e-04 -3.16780000e-04 -2.43890000e-04 8.75300000e-04 -1.89140000e-04 9.14600000e-05 -1.34750000e-04 4.32520000e-04 2.54500000e-04 -7.34800000e-05 1.44120000e-04 -1.31220000e-04 2.39410000e-04 -1.32400000e-05 2.93000000e-06 4.44860000e-04 8.59600000e-05 6.21090000e-04 1.73930000e-04 -2.53110000e-04 -5.56300000e-04 1.93200000e-04 1.18970000e-04 -1.03934000e-03 3.30290000e-04 8.72780000e-04 1.96590000e-04 3.56630000e-04 2.69080000e-04 3.95540000e-04 -4.59260000e-04 2.72680000e-04 -1.94540000e-04 -2.68360000e-04 2.81350000e-04 1.12400000e-04 -4.24870000e-04 3.34360000e-04 8.23800000e-05 -6.31400000e-05 2.76920000e-04 6.25300000e-05 3.13260000e-04 1.13400000e-05 2.73800000e-04 3.77310000e-04 4.82900000e-05
-9.06360000e-04 5.85660000e-04 -9.24000000e-05 5.84300000e-05 -1.81370000e-04 5.26700000e-05 1.15963000e-03 -1.04909000e-03 -1.75090000e-04 5.14040000e-04 6.05430000e-04 -7.33150000e-04 9.08950000e-04 -4.40800000e-05 6.69800000e-05 2.82474800e-02 1.45424000e-03 3.67300000e-04 2.42190000e-04 2.29133000e-03 -3.92000000e-04 -3.14290000e-04 -1.43666000e-03 3.95000000e-06 3.28910000e-04 -4.00790000e-04 3.41050000e-04 -6.90830000e-04 3.59260000e-04 1.05536000e-03 2.11210000e-04 1.97730000e-04 1.17170000e-04 -1.85340000e-04 4.79510000e-04 1.66050000e-03 -1.01130000e-04 1.52368000e-03 9.71970000e-04 -1.44656000e-03 4.27540000e-04 3.57380000e-04 5.20300000e-05 7.03790000e-04 -2.03460000e-04 6.55740000e-04 8.88240000e-04 -7.27100000e-04 -1.59270000e-04 -1.04356000e-03 1.10784000e-03 -5.63370000e-04 2.52019000e-03 -7.56860000e-04 2.61240000e-04 -4.43220000e-04 7.55300000e-04 1.26300000e-04 2.72680000e-04 9.70910000e-04 4.92490000e-04 1.36017000e-03 -3.32160000e-04 3.41694000e-03 -6.91690000e-04 -5.96870000e-04 4.79400000e-05 6.02430000e-04 7.77080000e-04 -1.20390000e-04 -6.58390000e-04 3.53960000e-04 4.72180000e-04 3.29000000e-04 3.24010000e-04 4.48400000e-05 -6.91760000e-04 2.54505000e-03 -2.42620000e-04 2.16140000e-04 -1.05699000e-03 -1.37518000e-03 -5.18610000e-04 4.52920000e-04 2.69880000e-04 2.67010000e-03 6.26210000e-04 -6.33740000e-04 8.31230000e-04 2.83250000e-04 -6.21010000e-04 3.25220000e-04 6.20830000e-04 6.55480000e-04 3.69300000e-04 6.62750000e-04 -7.47690000e-04 1.59490000e-04 -4.87930000e-04 -6.13900000e-05 -8.36380000e-04 -6.63000000e-06 6.23730000e-04 2.21820000e-04 3.30770000e-04 7.94680000e-04 -8.35500000e-05
-4.95898000e-03 -3.35500000e-05 2.87352000e-03 8.00570000e-04 -1.62576000e-03 -5.44190000e-04 2.99723000e-03 -2.47907000e-03 -1.47072000e-03 4.54107000e-03 5.49080000e-04 -4.07741000e-03 3.98169000e-03 -5.43880000e-04 8.27200000e-04 1.45424000e-03 3.79739200e-02 -3.51480000e-04 2.34991000e-03 1.02701000e-02 1.19958000e-03 -1.55288000e-03 9.55560000e-04 -4.89300000e-05 1.57004000e-03 -1.59096000e-03 -6.85350000e-04 4.92270000e-04 1.14120000e-04 1.26523000e-03 5.44570000e-04 1.04823000e-03 1.90973000e-03 -9.93790000e-04 9.73500000e-05 1.28687000e-03 -1.29729000e-03 1.87038000e-03 3.36691000e-03 -5.49191000e-03 -7.10000000e-05 3.24766000e-03 -1.84603000e-03 1.52608000e-03 2.02053000e-03 4.54040000e-04 3.85410000e-04 -5.72990000e-04 -4.04103000e-03 -8.34476000e-03 4.06787000e-03 -2.67297000e-03 1.14411100e-02 -1.83652000e-03 3.21730000e-04 -2.83073000e-03 1.63043000e-03 -1.27578000e-03 1.53600000e-04 4.50341000e-03 3.30420000e-04 1.85159000e-03 -2.48331000e-03 1.58047700e-02 -3.57595000e-03 -2.99477000e-03 7.54570000e-04 3.11355000e-03 1.83959000e-03 -1.03477000e-03 -2.19544000e-03 1.25220000e-04 1.17810000e-03 -9.49020000e-04 2.20680000e-04 2.02767000e-03 -3.28170000e-03 9.29065000e-03 -2.89408000e-03 -2.70215000e-03 -6.83714000e-03 -3.25278000e-03 -1.91642000e-03 -4.89602000e-03 1.35833000e-03 1.09276300e-02 1.68889000e-03 7.62270000e-04 2.91400000e-03 4.68017000e-03 -4.60633000e-03 2.98405000e-03 -5.76510000e-04 -1.04337000e-03 4.49987000e-03 1.69208000e-03 -1.16973000e-03 2.32283000e-03 -2.35006000e-03 -9.60290000e-04 -1.66663000e-03 1.48807000e-03 4.18621000e-03 6.07130000e-04 2.48297000e-03 4.06780000e-03 -1.69900000e-03
3.15100000e-05 2.83840000e-04 -4.73670000e-04 -1.42970000e-04 1.05320000e-04 2.61000000e-05 2.30310000e-04 -3.07910000e-04 1.15210000e-04 -2.30770000e-04 3.37430000e-04 1.95340000e-04 -8.70600000e-05 1.05610000e-04 -1.39070000e-04 3.67300000e-04 -3.51480000e-04 1.35903000e-02 -1.99990000e-04 -1.21550000e-04 -4.16350000e-04 2.35300000e-05 -8.26320000e-04 6.20800000e-05 -1.67800000e-05 -4.51800000e-05 1.39770000e-04 -5.48800000e-04 1.84880000e-04 3.80360000e-04 1.11410000e-04 1.12310000e-04 -2.52860000e-04 1.07930000e-04 2.75920000e-04 7.72100000e-04 8.24200000e-05 6.87350000e-04 2.83480000e-04 -2.03470000e-04 3.23160000e-04 -2.65030000e-04 2.01740000e-04 2.22390000e-04 -4.51580000e-04 3.83890000e-04 4.92990000e-04 -4.04780000e-04 3.42440000e-04 3.92890000e-04 1.11600000e-04 1.89900000e-05 -8.63800000e-05 -2.70680000e-04 6.39100000e-05 -2.20500000e-05 3.56260000e-04 1.52740000e-04 3.41870000e-04 4.22100000e-05 2.24800000e-04 6.74910000e-04 1.62290000e-04 5.86100000e-05 5.92300000e-05 -4.96000000e-05 3.52100000e-05 -9.25200000e-05 1.26640000e-04 8.83300000e-05 -1.80770000e-04 3.07500000e-04 9.65900000e-05 2.27260000e-04 1.98750000e-04 -2.80650000e-04 -8.98300000e-05 1.89710000e-04 1.09380000e-04 3.40860000e-04 2.08450000e-04 -4.23190000e-04 -7.10300000e-05 7.61100000e-04 -8.83700000e-05 3.37500000e-05 1.81030000e-04 -5.32570000e-04 1.60700000e-05 -3.75430000e-04 9.80000000e-05 -1.96150000e-04 2.62860000e-04 4.60510000e-04 -4.13390000e-04 1.17450000e-04 -1.14780000e-04 -2.23800000e-04 2.01000000e-06 9.44800000e-05 -3.51520000e-04 -1.51390000e-04 -1.77730000e-04 5.80600000e-05 -1.12220000e-04 -1.37180000e-04 1.05340000e-04
-1.12627000e-03 -4.37100000e-05 8.56580000e-04 3.77180000e-04 -3.71320000e-04 -1.16660000e-04 7.08420000e-04 -4.97910000e-04 -3.26540000e-04 1.26894000e-03 1.50000000e-05 -9.90990000e-04 1.03276000e-03 -1.36550000e-04 3.29400000e-04 2.42190000e-04 2.34991000e-03 -1.99990000e-04 1.39029400e-02 2.49901000e-03 4.40300000e-04 -3.40540000e-04 3.71910000e-04 7.25300000e-05 4.76640000e-04 -3.11570000e-04 -2.25110000e-04 3.86070000e-04 2.08300000e-05 2.39790000e-04 1.73170000e-04 2.72150000e-04 7.19210000e-04 -1.49550000e-04 -2.85300000e-05 7.93500000e-05 -2.09400000e-04 2.17760000e-04 5.16980000e-04 -1.24945000e-03 -8.27400000e-05 8.33160000e-04 -4.83250000e-04 3.54600000e-04 6.38280000e-04 -8.79000000e-06 -4.83600000e-05 9.04800000e-05 -1.13371000e-03 -2.33430000e-03 1.03215000e-03 -6.00460000e-04 2.78416000e-03 -2.86610000e-04 8.96200000e-05 -5.71630000e-04 2.85570000e-04 -3.40280000e-04 -9.73100000e-05 1.12857000e-03 7.53700000e-05 2.45550000e-04 -6.40630000e-04 3.71736000e-03 -8.41710000e-04 -6.81670000e-04 2.09000000e-04 8.53440000e-04 4.71670000e-04 -2.20230000e-04 -4.44410000e-04 -7.07200000e-05 3.37280000e-04 -2.67700000e-04 3.20000000e-07 6.71670000e-04 -7.77920000e-04 2.17420000e-03 -6.38450000e-04 -7.59020000e-04 -1.82942000e-03 -6.54690000e-04 -3.84960000e-04 -1.61492000e-03 4.43390000e-04 2.60034000e-03 4.17990000e-04 4.17220000e-04 7.06630000e-04 1.34482000e-03 -1.13308000e-03 8.42400000e-04 -3.11230000e-04 -4.75950000e-04 1.18658000e-03 4.19940000e-04 -2.26250000e-04 7.17760000e-04 -4.27010000e-04 -1.63780000e-04 -1.50420000e-04 5.32450000e-04 1.17702000e-03 2.21690000e-04 7.66300000e-04 1.08433000e-03 -3.79690000e-04
-5.63961000e-03 3.87440000e-04 2.78464000e-03 7.72360000e-04 -1.79010000e-03 -6.74740000e-04 3.75531000e-03 -3.16196000e-03 -1.58679000e-03 5.04910000e-03 1.01341000e-03 -4.57908000e-03 4.72809000e-03 -5.01260000e-04 7.63420000e-04 2.29133000e-03 1.02701000e-02 -1.21550000e-04 2.49901000e-03 4.91849700e-02 8.24580000e-04 -1.77630000e-03 8.06300000e-05 1.92500000e-05 1.84001000e-03 -1.93311000e-03 -5.38680000e-04 -5.55200000e-05 3.41510000e-04 1.99779000e-03 5.99660000e-04 1.15340000e-03 1.90440000e-03 -1.11950000e-03 4.33880000e-04 2.59781000e-03 -1.38523000e-03 2.83169000e-03 3.68617000e-03 -6.79181000e-03 1.72350000e-04 3.42100000e-03 -1.83707000e-03 1.91483000e-03 1.90440000e-03 8.80770000e-04 1.05865000e-03 -1.14641000e-03 -4.15578000e-03 -8.97022000e-03 4.83460000e-03 -3.13303000e-03 1.34186600e-02 -2.46810000e-03 4.75010000e-04 -3.15176000e-03 2.23965000e-03 -1.24922000e-03 3.48920000e-04 4.74083000e-03 5.58580000e-04 2.98463000e-03 -2.69134000e-03 1.84929900e-02 -4.11627000e-03 -3.53926000e-03 9.38520000e-04 3.59679000e-03 2.31202000e-03 -1.11908000e-03 -2.78591000e-03 3.39290000e-04 1.42112000e-03 -7.57380000e-04 3.98340000e-04 1.99277000e-03 -3.92078000e-03 1.13387600e-02 -3.25597000e-03 -2.46163000e-03 -7.65158000e-03 -4.43418000e-03 -2.33145000e-03 -4.33443000e-03 1.52105000e-03 1.28966300e-02 2.03574000e-03 3.36740000e-04 3.59581000e-03 4.98701000e-03 -4.87734000e-03 3.22911000e-03 -1.82640000e-04 -5.32620000e-04 4.87035000e-03 2.13442000e-03 -1.46039000e-03 2.45800000e-03 -2.74852000e-03 -1.00960000e-03 -2.30908000e-03 1.60842000e-03 4.66562000e-03 7.66230000e-04 2.72547000e-03 4.61158000e-03 -1.80003000e-03
-1.99170000e-04 -3.41070000e-04 1.31526000e-03 3.98610000e-04 -6.18600000e-05 2.68670000e-04 -1.81850000e-04 4.09810000e-04 -1.22410000e-04 2.67410000e-04 -5.65310000e-04 -4.03770000e-04 5.28720000e-04 -2.67440000e-04 5.23970000e-04 -3.92000000e-04 1.19958000e-03 -4.16350000e-04 4.40300000e-04 8.24580000e-04 1.76017100e-02 -6.79000000e-06 1.31971000e-03 -1.77110000e-04 3.37280000e-04 3.32710000e-04 9.60000000e-07 1.27805000e-03 -4.44600000e-05 -3.22970000e-04 2.10880000e-04 3.22700000e-04 7.09310000e-04 9.57300000e-05 -2.46230000e-04 -1.07177000e-03 -3.57330000e-04 -8.41580000e-04 -3.07090000e-04 4.16840000e-04 -4.10970000e-04 6.90000000e-04 -3.33830000e-04 4.12600000e-05 1.00585000e-03 -4.88560000e-04 -7.28800000e-04 9.33920000e-04 -7.11520000e-04 -1.28878000e-03 4.14600000e-05 -6.33000000e-05 8.40410000e-04 6.27870000e-04 9.79200000e-05 4.99600000e-05 -6.10930000e-04 -1.01780000e-04 -3.57920000e-04 7.22700000e-04 6.75800000e-05 -1.14180000e-03 -4.08640000e-04 9.00270000e-04 -2.64190000e-04 3.43150000e-04 -2.41210000e-04 5.43910000e-04 6.92800000e-05 -2.20230000e-04 4.40730000e-04 -3.06400000e-04 1.08180000e-04 -2.47750000e-04 -1.37760000e-04 6.91080000e-04 4.04440000e-04 3.88060000e-04 1.35710000e-04 -6.04320000e-04 -4.92860000e-04 7.85800000e-04 3.00690000e-04 -1.80001000e-03 3.81580000e-04 8.96310000e-04 3.85100000e-05 1.01562000e-03 2.58050000e-04 5.92880000e-04 -6.10640000e-04 3.35310000e-04 -4.36200000e-04 -6.83200000e-04 5.28540000e-04 -1.05930000e-04 -4.80890000e-04 4.55720000e-04 7.45200000e-05 -3.07160000e-04 6.24810000e-04 -1.36680000e-04 3.15560000e-04 -2.27620000e-04 2.41880000e-04 4.25890000e-04 -1.43980000e-04
9.44700000e-04 -8.98000000e-06 -3.32500000e-04 -5.16400000e-05 3.89740000e-04 1.26400000e-04 -5.96550000e-04 5.52320000e-04 3.58100000e-04 -7.51380000e-04 -1.82690000e-04 8.09330000e-04 -6.22830000e-04 1.48960000e-04 -1.73800000e-05 -3.14290000e-04 -1.55288000e-03 2.35300000e-05 -3.40540000e-04 -1.77630000e-03 -6.79000000e-06 1.90237800e-02 -4.49000000e-06 6.19600000e-05 -1.96200000e-04 4.37550000e-04 1.42950000e-04 1.30500000e-04 2.03500000e-05 -2.26710000e-04 -7.13500000e-05 -1.41990000e-04 -2.04790000e-04 2.48010000e-04 8.00000000e-07 -2.46670000e-04 2.82930000e-04 -4.59620000e-04 -8.51400000e-04 1.11794000e-03 -5.34300000e-05 -5.71380000e-04 3.33380000e-04 -2.87730000e-04 -1.94770000e-04 -1.21400000e-04 -9.07900000e-05 2.91880000e-04 6.61400000e-04 1.35185000e-03 -7.53860000e-04 5.12030000e-04 -1.99361000e-03 4.67640000e-04 -4.92800000e-05 5.47590000e-04 -3.56120000e-04 2.38640000e-04 -1.65800000e-04 -7.41640000e-04 -6.76100000e-05 -3.86910000e-04 4.86970000e-04 -2.90726000e-03 6.49570000e-04 6.60340000e-04 -8.17200000e-05 -4.73250000e-04 -3.21530000e-04 2.43380000e-04 4.92040000e-04 -7.64600000e-05 -1.86040000e-04 1.52190000e-04 -5.13900000e-05 -2.34160000e-04 7.04120000e-04 -1.60356000e-03 5.86050000e-04 4.40940000e-04 1.22130000e-03 7.51430000e-04 4.75810000e-04 6.90300000e-04 -1.79650000e-04 -1.89886000e-03 -3.09950000e-04 3.18300000e-05 -4.61810000e-04 -7.32620000e-04 7.99340000e-04 -4.54090000e-04 -1.93600000e-05 8.75900000e-05 -7.47810000e-04 -3.75510000e-04 2.61210000e-04 -3.02490000e-04 5.29820000e-04 2.01180000e-04 4.78450000e-04 -2.10390000e-04 -8.05610000e-04 -8.84400000e-05 -3.83180000e-04 -7.52990000e-04 4.01640000e-04
-3.40800000e-05 -7.57930000e-04 1.41812000e-03 2.23320000e-04 -3.07080000e-04 -6.71000000e-06 -1.02445000e-03 1.16687000e-03 -3.67100000e-04 6.00240000e-04 -1.01596000e-03 -4.23510000e-04 1.94840000e-04 -3.32000000e-04 2.89660000e-04 -1.43666000e-03 9.55560000e-04 -8.26320000e-04 3.71910000e-04 8.06300000e-05 1.31971000e-03 -4.49000000e-06 1.23376580e-01 -2.34350000e-04 9.48800000e-05 1.67770000e-04 -6.08700000e-04 1.54231000e-03 -4.64880000e-04 -1.04959000e-03 -8.98900000e-05 1.69300000e-04 4.17720000e-04 4.22400000e-05 -7.35670000e-04 -2.18731000e-03 -1.11027000e-03 -2.11798000e-03 -1.08738000e-03 6.36470000e-04 -8.17350000e-04 8.72790000e-04 -5.22820000e-04 -6.12900000e-04 1.29092000e-03 -1.12584000e-03 -1.40201000e-03 1.20497000e-03 -1.10298000e-03 -1.14683000e-03 -5.54780000e-04 1.16170000e-04 1.71400000e-05 7.56730000e-04 -1.07740000e-04 1.16480000e-04 -1.09176000e-03 -5.09240000e-04 -3.88840000e-04 -1.55410000e-04 -6.57810000e-04 -1.77589000e-03 -3.35330000e-04 -7.14800000e-05 1.93930000e-04 1.97700000e-04 -6.68700000e-05 2.97170000e-04 -6.79740000e-04 -3.37230000e-04 5.61400000e-04 -7.02650000e-04 -3.11270000e-04 -7.59250000e-04 -5.48970000e-04 6.95880000e-04 1.65770000e-04 -4.30090000e-04 -3.02730000e-04 -1.13027000e-03 -4.71860000e-04 1.66471000e-03 3.26450000e-04 -2.43014000e-03 2.72940000e-04 -2.96210000e-04 -5.50520000e-04 1.51173000e-03 -6.55600000e-05 1.04066000e-03 -4.28200000e-04 3.65560000e-04 -1.10367000e-03 -1.35138000e-03 1.15420000e-03 -4.80510000e-04 5.92100000e-04 6.28700000e-04 3.71200000e-05 -2.80880000e-04 9.79710000e-04 5.07680000e-04 3.72770000e-04 -2.66780000e-04 1.31600000e-04 1.68000000e-04 -1.80510000e-04
-3.40800000e-05 8.68000000e-06 -1.53650000e-04 1.29500000e-05 5.67600000e-05 -2.61360000e-04 7.36200000e-05 -9.45900000e-05 1.10340000e-04 2.13100000e-04 1.60250000e-04 6.70200000e-05 -2.73700000e-05 1.93350000e-04 -6.62300000e-05 3.95000000e-06 -4.89300000e-05 6.20800000e-05 7.25300000e-05 1.92500000e-05 -1.77110000e-04 6.19600000e-05 -2.34350000e-04 1.47499100e-02 7.03000000e-06 -4.19700000e-05 -9.88600000e-05 -1.46960000e-04 6.70000000e-06 1.62500000e-05 -6.71600000e-05 -7.59200000e-05 1.91000000e-05 1.08600000e-05 5.24000000e-05 2.36690000e-04 2.07700000e-04 1.21890000e-04 -6.94800000e-05 -1.75000000e-04 5.83700000e-05 -1.66410000e-04 -8.62000000e-06 -4.44300000e-05 -1.33100000e-04 1.24520000e-04 1.92340000e-04 -1.15880000e-04 1.85200000e-05 3.62700000e-05 9.30900000e-05 -3.80100000e-05 5.04200000e-05 -9.96500000e-05 -6.95500000e-05 -8.50100000e-05 2.73570000e-04 -4.87400000e-05 1.37500000e-05 -1.90840000e-04 -8.29900000e-05 3.81270000e-04 1.28720000e-04 3.75200000e-05 -5.59700000e-05 -1.14840000e-04 2.98830000e-04 -4.16500000e-05 -3.06000000e-06 1.45070000e-04 -1.66630000e-04 7.32600000e-05 -1.54400000e-05 -2.75200000e-05 3.92300000e-05 -4.46700000e-05 -1.83670000e-04 4.48500000e-05 -1.85880000e-04 2.00800000e-05 -5.02600000e-05 -2.65940000e-04 -3.41200000e-05 2.46420000e-04 -7.39900000e-05 -6.49100000e-05 5.96000000e-06 -8.26500000e-05 -1.63000000e-06 1.53120000e-04 6.72400000e-05 1.12240000e-04 -4.66900000e-05 2.01600000e-05 6.35000000e-05 2.82000000e-05 3.64820000e-04 4.27600000e-05 1.46500000e-05 1.38290000e-04 -6.15900000e-05 2.18950000e-04 8.94800000e-05 1.57850000e-04 1.37780000e-04 -1.60000000e-05 -1.30500000e-05
-6.69140000e-04 1.30250000e-04 6.40590000e-04 3.14190000e-04 -1.47490000e-04 1.68040000e-04 5.53070000e-04 -2.44840000e-04 -1.28870000e-04 7.89930000e-04 -1.72300000e-05 -5.25450000e-04 9.57960000e-04 -2.13550000e-04 3.03260000e-04 3.28910000e-04 1.57004000e-03 -1.67800000e-05 4.76640000e-04 1.84001000e-03 3.37280000e-04 -1.96200000e-04 9.48800000e-05 7.03000000e-06 1.27480900e-02 -7.48200000e-05 -1.07530000e-04 3.41040000e-04 2.42740000e-04 3.19390000e-04 2.85020000e-04 3.97350000e-04 5.44760000e-04 1.80790000e-04 1.78730000e-04 2.45650000e-04 -1.22440000e-04 1.32760000e-04 2.98900000e-05 -1.10031000e-03 -8.79000000e-06 6.42120000e-04 -2.25810000e-04 3.76010000e-04 5.37710000e-04 4.73200000e-05 3.51800000e-05 1.80110000e-04 -8.11540000e-04 -1.89723000e-03 7.86820000e-04 -3.42440000e-04 2.07558000e-03 -1.25100000e-04 2.61800000e-04 -1.65640000e-04 9.94200000e-05 -1.56770000e-04 -3.41000000e-06 1.05274000e-03 2.36170000e-04 8.67500000e-05 -4.74130000e-04 2.61727000e-03 -5.01260000e-04 -4.98930000e-04 -9.73900000e-05 8.81120000e-04 4.34930000e-04 -2.77170000e-04 -2.90060000e-04 -5.59100000e-05 3.78820000e-04 -1.34100000e-05 9.23800000e-05 4.15760000e-04 -5.81910000e-04 1.67258000e-03 -1.02150000e-04 -3.87230000e-04 -1.49626000e-03 -5.16640000e-04 -1.25920000e-04 -1.44840000e-03 5.21190000e-04 1.96048000e-03 3.86400000e-04 3.31130000e-04 6.31290000e-04 8.05120000e-04 -7.34210000e-04 4.68320000e-04 -2.65650000e-04 -1.06800000e-04 5.07570000e-04 3.85500000e-04 -4.46610000e-04 4.98310000e-04 -4.30500000e-05 -9.09300000e-05 4.89100000e-05 2.88540000e-04 8.22780000e-04 1.35630000e-04 5.46850000e-04 7.96660000e-04 -7.23100000e-05
1.10518000e-03 -4.07800000e-05 -4.48700000e-05 7.26900000e-05 4.62150000e-04 4.17110000e-04 -7.06610000e-04 7.33080000e-04 3.94460000e-04 -9.60280000e-04 -3.88930000e-04 8.97440000e-04 -5.67610000e-04 2.86500000e-05 1.62730000e-04 -4.00790000e-04 -1.59096000e-03 -4.51800000e-05 -3.11570000e-04 -1.93311000e-03 3.32710000e-04 4.37550000e-04 1.67770000e-04 -4.19700000e-05 -7.48200000e-05 1.02279400e-02 2.24180000e-04 4.99940000e-04 8.25800000e-05 -2.87240000e-04 5.69600000e-05 -1.35600000e-05 -2.75300000e-05 4.60000000e-04 -9.81000000e-06 -5.61220000e-04 3.17970000e-04 -7.37120000e-04 -1.12412000e-03 1.42005000e-03 -1.34150000e-04 -4.33150000e-04 3.41850000e-04 -2.43380000e-04 1.43400000e-05 -2.64000000e-04 -3.10060000e-04 6.14230000e-04 5.96960000e-04 1.15856000e-03 -8.55390000e-04 6.29240000e-04 -2.18529000e-03 7.44630000e-04 4.32700000e-05 7.46920000e-04 -6.61030000e-04 3.02470000e-04 -2.39960000e-04 -5.19910000e-04 5.45800000e-05 -8.66310000e-04 4.11450000e-04 -3.29367000e-03 7.28280000e-04 9.15210000e-04 -3.12140000e-04 -3.57390000e-04 -2.95500000e-04 1.80180000e-04 7.49360000e-04 -1.70010000e-04 -1.20980000e-04 1.89440000e-04 -6.78400000e-05 -8.99100000e-05 9.87270000e-04 -1.82557000e-03 9.28770000e-04 4.10500000e-04 1.27350000e-03 1.11110000e-03 6.75270000e-04 1.85790000e-04 -4.27000000e-05 -1.99534000e-03 -2.94020000e-04 2.60910000e-04 -4.78790000e-04 -8.49770000e-04 7.38750000e-04 -5.36530000e-04 -7.01700000e-05 1.66800000e-05 -9.28040000e-04 -3.76430000e-04 -8.50100000e-05 -2.92230000e-04 7.05630000e-04 1.28310000e-04 7.52220000e-04 -3.98960000e-04 -8.40110000e-04 -2.14550000e-04 -4.42970000e-04 -7.24130000e-04 4.72370000e-04
4.94370000e-04 2.89440000e-04 -2.23070000e-04 -9.10000000e-07 2.11210000e-04 2.52760000e-04 -1.61000000e-05 3.37700000e-05 1.22410000e-04 -7.18630000e-04 4.38900000e-05 1.65140000e-04 -1.16380000e-04 -2.43600000e-05 7.07900000e-05 3.41050000e-04 -6.85350000e-04 1.39770000e-04 -2.25110000e-04 -5.38680000e-04 9.60000000e-07 1.42950000e-04 -6.08700000e-04 -9.88600000e-05 -1.07530000e-04 2.24180000e-04 1.90097600e-02 -2.82800000e-05 1.71670000e-04 3.53460000e-04 9.19000000e-05 2.97000000e-06 -1.10140000e-04 7.35300000e-05 1.90880000e-04 3.91660000e-04 -1.15280000e-04 2.83620000e-04 -2.57300000e-04 7.23300000e-04 1.36480000e-04 -2.66450000e-04 3.90170000e-04 1.39690000e-04 -2.25660000e-04 1.43230000e-04 2.34230000e-04 3.24700000e-05 6.63150000e-04 9.02490000e-04 -2.42030000e-04 2.56350000e-04 -7.23400000e-04 2.15910000e-04 1.42530000e-04 4.20640000e-04 -1.54830000e-04 4.17750000e-04 -2.94100000e-05 -1.98360000e-04 2.99100000e-04 4.43700000e-05 2.01560000e-04 -1.15288000e-03 3.25640000e-04 5.26020000e-04 -2.63840000e-04 -1.85360000e-04 1.14630000e-04 7.86200000e-05 3.06450000e-04 8.28700000e-05 7.34700000e-05 3.65640000e-04 1.01430000e-04 -1.71080000e-04 5.88720000e-04 -2.48080000e-04 5.63350000e-04 5.82940000e-04 8.53250000e-04 2.80840000e-04 2.00640000e-04 9.75640000e-04 -6.72000000e-06 -3.70010000e-04 2.25100000e-05 -1.95680000e-04 1.73200000e-05 -7.50130000e-04 4.21510000e-04 -3.94100000e-04 4.33840000e-04 3.18560000e-04 -4.87400000e-04 -7.60700000e-05 -4.56290000e-04 -2.88190000e-04 1.52110000e-04 -1.52000000e-05 4.98800000e-05 -4.76660000e-04 -5.35370000e-04 -1.36190000e-04 -3.30880000e-04 -2.94240000e-04 2.68880000e-04
3.67040000e-04 -3.93550000e-04 1.22943000e-03 4.94620000e-04 6.62100000e-05 3.23470000e-04 -5.72390000e-04 9.21690000e-04 -8.02300000e-05 -6.24900000e-05 -8.50320000e-04 -1.68830000e-04 3.48900000e-04 -3.83630000e-04 5.09590000e-04 -6.90830000e-04 4.92270000e-04 -5.48800000e-04 3.86070000e-04 -5.55200000e-05 1.27805000e-03 1.30500000e-04 1.54231000e-03 -1.46960000e-04 3.41040000e-04 4.99940000e-04 -2.82800000e-05 2.23012400e-02 -2.94900000e-05 -5.75990000e-04 2.19280000e-04 3.51590000e-04 7.54720000e-04 1.24890000e-04 -3.35600000e-04 -1.60993000e-03 -2.52030000e-04 -1.48203000e-03 -1.09866000e-03 1.03782000e-03 -5.36060000e-04 4.74650000e-04 -2.16530000e-04 -1.67520000e-04 1.11669000e-03 -7.23350000e-04 -1.03436000e-03 1.39452000e-03 -5.28600000e-04 -8.81340000e-04 -3.88090000e-04 2.04040000e-04 -1.94750000e-04 1.08534000e-03 1.71770000e-04 5.43790000e-04 -1.03909000e-03 -5.27600000e-05 -4.97250000e-04 2.32080000e-04 -5.23000000e-06 -1.77090000e-03 -3.00810000e-04 -6.52200000e-04 1.64730000e-04 5.33950000e-04 -4.97710000e-04 4.55470000e-04 -1.53420000e-04 -2.89180000e-04 7.29130000e-04 -5.12790000e-04 -2.85000000e-05 -2.06620000e-04 -2.73500000e-04 5.89370000e-04 6.30310000e-04 -5.12490000e-04 4.86910000e-04 -4.67100000e-04 -2.07870000e-04 1.29436000e-03 5.48490000e-04 -1.94726000e-03 4.55300000e-04 -1.28380000e-04 -1.99680000e-04 1.39302000e-03 5.96300000e-05 2.98780000e-04 -1.05270000e-04 8.06100000e-05 -6.48600000e-04 -9.04540000e-04 2.25450000e-04 -3.74400000e-04 -3.74260000e-04 3.47950000e-04 4.04040000e-04 -2.66410000e-04 1.16975000e-03 -1.35880000e-04 3.67400000e-05 -3.02830000e-04 1.38660000e-04 1.29690000e-04 2.56800000e-05
-1.54200000e-05 2.66720000e-04 -4.84800000e-05 9.49100000e-05 1.14350000e-04 2.52090000e-04 2.62880000e-04 -1.41250000e-04 5.36300000e-05 -1.31060000e-04 8.95700000e-05 -5.06300000e-05 2.99190000e-04 -8.56700000e-05 1.04220000e-04 3.59260000e-04 1.14120000e-04 1.84880000e-04 2.08300000e-05 3.41510000e-04 -4.44600000e-05 2.03500000e-05 -4.64880000e-04 6.70000000e-06 2.42740000e-04 8.25800000e-05 1.71670000e-04 -2.94900000e-05 9.50196000e-03 3.70480000e-04 1.97940000e-04 2.20180000e-04 9.10000000e-05 1.70880000e-04 2.67250000e-04 4.97250000e-04 1.75800000e-05 3.03850000e-04 -1.43440000e-04 -2.01360000e-04 1.61610000e-04 5.38600000e-05 1.39160000e-04 2.51140000e-04 -2.71800000e-05 2.10920000e-04 2.65700000e-04 2.03900000e-05 2.16700000e-05 -3.58690000e-04 2.02960000e-04 -1.14600000e-05 3.59370000e-04 5.18000000e-06 2.41800000e-04 1.48330000e-04 4.21600000e-05 1.26300000e-04 9.59700000e-05 3.88550000e-04 2.60960000e-04 2.04990000e-04 -3.08800000e-05 3.20850000e-04 1.93400000e-05 -3.37300000e-05 -1.86760000e-04 2.65990000e-04 2.37040000e-04 -7.70700000e-05 -4.36800000e-05 7.81500000e-05 2.01480000e-04 2.12820000e-04 1.37670000e-04 -3.80800000e-05 -8.06500000e-05 5.01640000e-04 3.05600000e-04 1.70350000e-04 -2.61100000e-04 -1.79900000e-04 5.07100000e-05 -9.51600000e-05 2.14920000e-04 4.94050000e-04 1.88160000e-04 -1.02350000e-04 2.40000000e-04 -1.99090000e-04 -9.05100000e-05 -9.81600000e-05 1.12700000e-04 2.42630000e-04 -2.28890000e-04 1.55500000e-04 -4.22970000e-04 -3.81700000e-05 7.56500000e-05 1.07900000e-05 5.77000000e-06 -1.01880000e-04 3.29200000e-05 1.38600000e-05 7.04000000e-06 1.25000000e-04 1.67190000e-04
-7.25810000e-04 6.61570000e-04 -1.38950000e-04 9.26900000e-05 -1.31080000e-04 1.16000000e-04 9.61220000e-04 -9.14910000e-04 -1.46750000e-04 4.18020000e-04 4.65490000e-04 -6.28260000e-04 8.75700000e-04 -3.77200000e-05 1.14260000e-04 1.05536000e-03 1.26523000e-03 3.80360000e-04 2.39790000e-04 1.99779000e-03 -3.22970000e-04 -2.26710000e-04 -1.04959000e-03 1.62500000e-05 3.19390000e-04 -2.87240000e-04 3.53460000e-04 -5.75990000e-04 3.70480000e-04 2.65326000e-02 2.83020000e-04 3.06700000e-04 1.22580000e-04 3.25800000e-05 4.85420000e-04 1.65732000e-03 -2.50080000e-04 1.32297000e-03 3.21340000e-04 -1.15468000e-03 3.94810000e-04 2.46550000e-04 1.53620000e-04 6.71890000e-04 -2.21380000e-04 5.64580000e-04 8.70030000e-04 -5.85390000e-04 -1.16350000e-04 -1.01350000e-03 9.47310000e-04 -3.89530000e-04 2.15224000e-03 -6.47330000e-04 2.64780000e-04 -2.68470000e-04 5.89710000e-04 1.70230000e-04 2.47140000e-04 7.48520000e-04 4.97170000e-04 1.35591000e-03 -2.68710000e-04 2.85240000e-03 -4.40880000e-04 -4.68650000e-04 5.65300000e-05 5.56950000e-04 6.70460000e-04 -6.80000000e-05 -5.21440000e-04 2.86430000e-04 4.73370000e-04 3.26790000e-04 2.50350000e-04 7.09800000e-05 -5.67720000e-04 2.48099000e-03 -1.11680000e-04 2.47680000e-04 -9.35470000e-04 -1.04909000e-03 -4.18230000e-04 4.24400000e-04 3.10690000e-04 2.38724000e-03 5.72600000e-04 -5.84840000e-04 8.11250000e-04 2.17190000e-04 -5.91580000e-04 2.19390000e-04 4.12790000e-04 4.29760000e-04 3.38640000e-04 5.09870000e-04 -6.73990000e-04 1.81350000e-04 -3.95460000e-04 -6.34200000e-05 -6.72400000e-04 8.43800000e-05 4.67670000e-04 1.86790000e-04 2.50680000e-04 6.16350000e-04 4.11300000e-05
-1.49390000e-04 1.66570000e-04 2.55100000e-04 1.82480000e-04 -1.06800000e-05 2.90260000e-04 2.38540000e-04 -1.11510000e-04 -6.29300000e-05 5.83000000e-05 -5.87700000e-05 -1.96950000e-04 3.87560000e-04 -1.85370000e-04 1.97370000e-04 2.11210000e-04 5.44570000e-04 1.11410000e-04 1.73170000e-04 5.99660000e-04 2.10880000e-04 -7.13500000e-05 -8.98900000e-05 -6.71600000e-05 2.85020000e-04 5.69600000e-05 9.19000000e-05 2.19280000e-04 1.97940000e-04 2.83020000e-04 1.02353700e-02 3.56940000e-04 2.69040000e-04 1.55520000e-04 1.36510000e-04 1.39790000e-04 -1.15970000e-04 1.53550000e-04 -5.48000000e-05 -1.95630000e-04 8.76300000e-05 2.32540000e-04 -2.22000000e-06 3.10290000e-04 1.77180000e-04 5.09700000e-05 2.24000000e-05 1.72820000e-04 -2.37270000e-04 -7.77450000e-04 2.84230000e-04 -5.43300000e-05 6.63510000e-04 5.92900000e-05 2.04970000e-04 8.46800000e-05 -8.26700000e-05 4.96500000e-05 1.02060000e-04 5.91290000e-04 3.03980000e-04 -6.16800000e-05 -2.23000000e-04 8.74960000e-04 -8.19900000e-05 -3.63700000e-05 -2.43190000e-04 3.80900000e-04 2.45760000e-04 -1.54450000e-04 1.38400000e-05 3.48500000e-05 2.35410000e-04 1.03840000e-04 6.96400000e-05 1.86280000e-04 -6.86600000e-05 6.59060000e-04 2.30900000e-04 -6.69200000e-05 -5.00780000e-04 -5.38500000e-05 1.92400000e-05 -6.53890000e-04 2.91290000e-04 7.93860000e-04 2.54100000e-04 1.08990000e-04 2.54770000e-04 8.14200000e-05 -3.30040000e-04 3.96300000e-05 -7.73400000e-05 -4.00100000e-05 -3.08500000e-05 1.36180000e-04 -5.21990000e-04 1.19800000e-04 5.19500000e-05 -8.15100000e-05 8.66200000e-05 -7.54100000e-05 2.08210000e-04 -2.50000000e-05 1.32900000e-04 2.80530000e-04 4.42300000e-05
-3.99940000e-04 1.45430000e-04 4.48750000e-04 1.98070000e-04 -1.01610000e-04 2.50400000e-04 2.84910000e-04 -1.24740000e-04 -1.69130000e-04 2.63110000e-04 -9.96100000e-05 -4.04130000e-04 6.49430000e-04 -2.43050000e-04 2.00310000e-04 1.97730000e-04 1.04823000e-03 1.12310000e-04 2.72150000e-04 1.15340000e-03 3.22700000e-04 -1.41990000e-04 1.69300000e-04 -7.59200000e-05 3.97350000e-04 -1.35600000e-05 2.97000000e-06 3.51590000e-04 2.20180000e-04 3.06700000e-04 3.56940000e-04 1.97764500e-02 3.36530000e-04 5.77500000e-05 1.24400000e-04 1.37750000e-04 -2.21360000e-04 1.07030000e-04 -9.84100000e-05 -4.69190000e-04 5.36400000e-05 3.73940000e-04 -1.27020000e-04 3.58640000e-04 3.73270000e-04 2.60500000e-05 -1.83100000e-05 2.48020000e-04 -4.85310000e-04 -1.21851000e-03 4.07500000e-04 -2.12300000e-04 1.25975000e-03 2.09600000e-05 2.44430000e-04 -2.49100000e-05 -6.65100000e-05 -5.54900000e-05 1.72730000e-04 6.72730000e-04 2.96120000e-04 -4.21400000e-05 -3.72970000e-04 1.77213000e-03 -2.34830000e-04 -2.22870000e-04 -2.42830000e-04 5.99780000e-04 2.62450000e-04 -2.72340000e-04 -9.18800000e-05 2.40500000e-05 2.33430000e-04 1.64200000e-05 3.51400000e-05 2.64380000e-04 -2.57040000e-04 1.20492000e-03 5.35100000e-05 -2.23880000e-04 -9.17030000e-04 -1.72950000e-04 -6.42700000e-05 -9.91500000e-04 3.87400000e-04 1.37288000e-03 2.91260000e-04 2.62510000e-04 4.40750000e-04 3.14550000e-04 -5.31080000e-04 1.46140000e-04 -2.24540000e-04 -1.67570000e-04 2.00370000e-04 1.14150000e-04 -5.48710000e-04 2.30400000e-04 -9.01800000e-05 -1.95430000e-04 6.62700000e-05 9.80000000e-07 3.62730000e-04 -6.01900000e-05 2.19090000e-04 4.39090000e-04 -6.13300000e-05
-7.28700000e-04 -7.19400000e-05 1.00590000e-03 4.89350000e-04 -1.98460000e-04 1.40820000e-04 4.84210000e-04 -2.18130000e-04 -1.97850000e-04 9.03210000e-04 -2.11480000e-04 -7.42580000e-04 9.18260000e-04 -2.32250000e-04 4.85420000e-04 1.17170000e-04 1.90973000e-03 -2.52860000e-04 7.19210000e-04 1.90440000e-03 7.09310000e-04 -2.04790000e-04 4.17720000e-04 1.91000000e-05 5.44760000e-04 -2.75300000e-05 -1.10140000e-04 7.54720000e-04 9.10000000e-05 1.22580000e-04 2.69040000e-04 3.36530000e-04 1.27888500e-02 4.51100000e-05 -3.86400000e-05 -2.38990000e-04 -1.25860000e-04 -1.10430000e-04 1.02160000e-04 -6.81520000e-04 -1.54980000e-04 7.93680000e-04 -3.89980000e-04 3.33170000e-04 7.52860000e-04 -1.56280000e-04 -2.57310000e-04 4.60920000e-04 -1.01344000e-03 -2.18843000e-03 7.71790000e-04 -3.84280000e-04 2.11761000e-03 9.56700000e-05 1.59500000e-04 -2.51480000e-04 -6.46200000e-05 -2.14420000e-04 -2.13380000e-04 1.17123000e-03 1.81330000e-04 -2.76510000e-04 -5.79580000e-04 2.63719000e-03 -6.30160000e-04 -3.01840000e-04 -4.35400000e-05 8.38980000e-04 4.37290000e-04 -2.25340000e-04 -1.24240000e-04 -1.64910000e-04 3.59750000e-04 -1.80730000e-04 -1.40800000e-05 7.13280000e-04 -3.69740000e-04 1.54423000e-03 -1.73600000e-04 -6.54950000e-04 -1.48314000e-03 -2.07040000e-04 -8.19000000e-05 -1.87955000e-03 5.22650000e-04 2.02971000e-03 3.65640000e-04 6.37530000e-04 5.64900000e-04 1.03894000e-03 -9.49200000e-04 6.55700000e-04 -3.42060000e-04 -4.76570000e-04 7.83840000e-04 3.39410000e-04 -4.88670000e-04 6.45350000e-04 -9.78100000e-05 -1.51100000e-04 2.41480000e-04 2.94980000e-04 9.50400000e-04 1.07060000e-04 6.77620000e-04 9.38550000e-04 -1.97810000e-04
6.27160000e-04 1.31990000e-04 -8.97800000e-05 1.03590000e-04 3.25000000e-04 4.81130000e-04 -2.60070000e-04 3.34980000e-04 3.53740000e-04 -3.80700000e-04 -1.21690000e-04 7.10140000e-04 -2.49780000e-04 2.66200000e-05 2.05070000e-04 -1.85340000e-04 -9.93790000e-04 1.07930000e-04 -1.49550000e-04 -1.11950000e-03 9.57300000e-05 2.48010000e-04 4.22400000e-05 1.08600000e-05 1.80790000e-04 4.60000000e-04 7.35300000e-05 1.24890000e-04 1.70880000e-04 3.25800000e-05 1.55520000e-04 5.77500000e-05 4.51100000e-05 2.06332600e-02 1.82230000e-04 -1.05210000e-04 9.81100000e-05 -3.64390000e-04 -9.01390000e-04 4.67780000e-04 4.03500000e-05 -2.11770000e-04 2.83320000e-04 -2.17400000e-05 -1.15920000e-04 -6.66700000e-05 -3.44000000e-05 2.59050000e-04 2.20200000e-04 2.14190000e-04 -2.68850000e-04 5.32830000e-04 -1.18755000e-03 3.18470000e-04 1.18820000e-04 5.11950000e-04 -2.86410000e-04 1.96770000e-04 -7.60200000e-05 1.66200000e-05 1.64440000e-04 -3.00300000e-04 2.68470000e-04 -1.88989000e-03 4.86100000e-04 4.94770000e-04 -1.17900000e-04 -6.20300000e-05 -6.07500000e-05 1.80820000e-04 3.83840000e-04 -4.96900000e-05 1.48530000e-04 1.95810000e-04 9.23600000e-05 -5.87000000e-06 4.38550000e-04 -9.56410000e-04 7.60440000e-04 2.67280000e-04 5.03580000e-04 5.43640000e-04 4.51100000e-04 -2.37670000e-04 9.45600000e-05 -1.14902000e-03 -7.26000000e-06 -5.36900000e-05 -2.63490000e-04 -4.05550000e-04 2.36190000e-04 -3.29940000e-04 -2.13590000e-04 4.12000000e-05 -6.97400000e-04 -1.96000000e-05 -1.47810000e-04 -9.96800000e-05 6.04540000e-04 2.04300000e-04 4.01060000e-04 -8.19300000e-05 -2.98330000e-04 -8.68000000e-06 -1.44300000e-04 -4.12630000e-04 3.64890000e-04
-1.21500000e-04 3.23480000e-04 -2.40820000e-04 4.80000000e-07 9.05600000e-05 1.36810000e-04 3.86950000e-04 -3.28560000e-04 8.38400000e-05 -5.57000000e-05 2.85680000e-04 -5.38900000e-05 2.59060000e-04 3.13400000e-05 1.57300000e-05 4.79510000e-04 9.73500000e-05 2.75920000e-04 -2.85300000e-05 4.33880000e-04 -2.46230000e-04 8.00000000e-07 -7.35670000e-04 5.24000000e-05 1.78730000e-04 -9.81000000e-06 1.90880000e-04 -3.35600000e-04 2.67250000e-04 4.85420000e-04 1.36510000e-04 1.24400000e-04 -3.86400000e-05 1.82230000e-04 1.09921100e-02 7.94920000e-04 -6.11900000e-05 5.94160000e-04 1.00250000e-04 -4.05410000e-04 2.42420000e-04 -3.21200000e-05 1.76380000e-04 2.74460000e-04 -2.22700000e-04 3.66590000e-04 4.85060000e-04 -2.60650000e-04 1.18330000e-04 -1.96430000e-04 3.12030000e-04 -3.45500000e-05 4.70860000e-04 -2.13990000e-04 1.85290000e-04 1.27400000e-05 2.94710000e-04 1.43170000e-04 1.54120000e-04 3.31840000e-04 2.48650000e-04 5.94770000e-04 3.13600000e-05 5.22340000e-04 -3.88700000e-05 -1.35280000e-04 -1.73400000e-05 1.74490000e-04 2.72600000e-04 9.48000000e-06 -1.95260000e-04 1.81080000e-04 2.14600000e-04 2.40300000e-04 2.11690000e-04 -1.25420000e-04 -1.94330000e-04 6.58490000e-04 1.45140000e-04 2.39630000e-04 -2.13840000e-04 -4.38470000e-04 -6.28400000e-05 3.23430000e-04 1.10550000e-04 5.88040000e-04 2.34380000e-04 -3.53560000e-04 2.58840000e-04 -1.73170000e-04 -1.06280000e-04 -6.93800000e-05 2.16880000e-04 3.62120000e-04 -1.62580000e-04 2.17980000e-04 -2.79320000e-04 -6.68100000e-05 -3.00000000e-05 4.27300000e-05 -2.48420000e-04 -6.03000000e-05 5.45700000e-05 8.39400000e-05 1.29700000e-05 1.12650000e-04 1.23220000e-04
-1.10441000e-03 9.69510000e-04 -7.94280000e-04 -1.77380000e-04 -9.24400000e-05 -2.42510000e-04 1.42333000e-03 -1.63102000e-03 -1.03000000e-05 6.17180000e-04 1.07603000e-03 -5.43060000e-04 9.09150000e-04 2.98310000e-04 -1.67950000e-04 1.66050000e-03 1.28687000e-03 7.72100000e-04 7.93500000e-05 2.59781000e-03 -1.07177000e-03 -2.46670000e-04 -2.18731000e-03 2.36690000e-04 2.45650000e-04 -5.61220000e-04 3.91660000e-04 -1.60993000e-03 4.97250000e-04 1.65732000e-03 1.39790000e-04 1.37750000e-04 -2.38990000e-04 -1.05210000e-04 7.94920000e-04 1.86141000e-02 1.99460000e-04 2.45004000e-03 8.71610000e-04 -2.05528000e-03 7.52560000e-04 -5.80000000e-07 2.49020000e-04 8.27130000e-04 -8.57470000e-04 1.11075000e-03 1.74375000e-03 -1.46078000e-03 1.15550000e-04 -7.15640000e-04 1.33350000e-03 -7.18920000e-04 2.91215000e-03 -1.38473000e-03 1.82180000e-04 -7.46070000e-04 1.40773000e-03 1.86870000e-04 5.60680000e-04 6.48460000e-04 4.91580000e-04 2.86185000e-03 -4.73600000e-05 4.00951000e-03 -7.81270000e-04 -8.46690000e-04 5.24170000e-04 4.53520000e-04 8.67470000e-04 1.53000000e-04 -1.14665000e-03 6.58900000e-04 5.37930000e-04 4.39410000e-04 4.52400000e-04 -2.71570000e-04 -1.07275000e-03 3.45335000e-03 -5.12960000e-04 5.69360000e-04 -9.99040000e-04 -2.17529000e-03 -7.47920000e-04 1.77377000e-03 6.20700000e-05 3.05908000e-03 7.45200000e-04 -1.45141000e-03 9.98870000e-04 1.43010000e-04 -5.83850000e-04 2.85730000e-04 9.19690000e-04 1.25802000e-03 2.38820000e-04 8.59240000e-04 -4.11100000e-04 3.88800000e-05 -6.60780000e-04 1.45490000e-04 -1.45435000e-03 2.19210000e-04 5.19100000e-04 4.21540000e-04 2.89230000e-04 6.84500000e-04 1.16720000e-04
6.71150000e-04 -8.24000000e-06 -5.07460000e-04 7.54000000e-06 3.59620000e-04 -1.21490000e-04 -3.22030000e-04 1.77750000e-04 3.73040000e-04 -3.22980000e-04 -4.70900000e-05 1.22738000e-03 -6.40790000e-04 2.73250000e-04 -1.09420000e-04 -1.01130000e-04 -1.29729000e-03 8.24200000e-05 -2.09400000e-04 -1.38523000e-03 -3.57330000e-04 2.82930000e-04 -1.11027000e-03 2.07700000e-04 -1.22440000e-04 3.17970000e-04 -1.15280000e-04 -2.52030000e-04 1.75800000e-05 -2.50080000e-04 -1.15970000e-04 -2.21360000e-04 -1.25860000e-04 9.81100000e-05 -6.11900000e-05 1.99460000e-04 2.21521400e-02 -4.95400000e-05 -3.69360000e-04 3.59870000e-04 8.10200000e-05 -4.26100000e-04 1.27360000e-04 -2.08260000e-04 -3.32670000e-04 -6.26700000e-05 4.20400000e-05 -3.45000000e-06 4.62650000e-04 1.07226000e-03 -4.39440000e-04 1.01080000e-04 -1.33084000e-03 1.28840000e-04 -1.70320000e-04 1.74510000e-04 -7.01400000e-05 5.49700000e-05 9.80000000e-06 -4.64410000e-04 -8.98000000e-05 2.26600000e-05 3.97740000e-04 -1.84952000e-03 2.37970000e-04 3.34290000e-04 8.15200000e-05 -3.68130000e-04 -1.81590000e-04 3.16370000e-04 1.93040000e-04 2.13800000e-05 -1.43550000e-04 7.83000000e-05 -1.28140000e-04 -1.86780000e-04 3.63100000e-04 -1.28561000e-03 4.17710000e-04 3.56330000e-04 7.40190000e-04 3.92900000e-05 2.48710000e-04 5.86560000e-04 -2.35390000e-04 -1.51987000e-03 -1.61550000e-04 -2.23710000e-04 -5.26430000e-04 -4.24960000e-04 7.03980000e-04 -1.39270000e-04 2.67140000e-04 6.01600000e-04 -9.08690000e-04 8.29900000e-05 3.49660000e-04 -2.16740000e-04 5.87560000e-04 4.33070000e-04 2.61840000e-04 1.11470000e-04 -3.89260000e-04 1.31950000e-04 -1.63030000e-04 -4.07700000e-04 4.14720000e-04
-1.46989000e-03 6.44010000e-04 -4.48520000e-04 -1.49550000e-04 -3.11660000e-04 -2.52760000e-04 1.59921000e-03 -1.78083000e-03 -2.13810000e-04 8.10070000e-04 1.10624000e-03 -9.07130000e-04 8.05120000e-04 1.99350000e-04 -1.36620000e-04 1.52368000e-03 1.87038000e-03 6.87350000e-04 2.17760000e-04 2.83169000e-03 -8.41580000e-04 -4.59620000e-04 -2.11798000e-03 1.21890000e-04 1.32760000e-04 -7.37120000e-04 2.83620000e-04 -1.48203000e-03 3.03850000e-04 1.32297000e-03 1.53550000e-04 1.07030000e-04 -1.10430000e-04 -3.64390000e-04 5.94160000e-04 2.45004000e-03 -4.95400000e-05 1.83011100e-02 2.16931000e-03 -2.07062000e-03 7.23050000e-04 3.11260000e-04 -4.54900000e-05 9.04640000e-04 -7.10790000e-04 1.09948000e-03 1.42883000e-03 -1.48644000e-03 -1.90150000e-04 -1.10985000e-03 1.53711000e-03 -8.56740000e-04 3.23198000e-03 -1.40489000e-03 6.90600000e-05 -1.10082000e-03 1.49589000e-03 3.73000000e-05 6.13030000e-04 1.31579000e-03 5.04740000e-04 2.43467000e-03 -3.10140000e-04 4.75758000e-03 -1.10443000e-03 -9.54190000e-04 4.78840000e-04 4.10050000e-04 9.26800000e-04 4.19900000e-05 -1.16281000e-03 7.35700000e-04 5.36600000e-04 2.66690000e-04 5.10830000e-04 -9.37600000e-05 -1.12484000e-03 3.21997000e-03 -7.77830000e-04 1.01810000e-04 -1.21028000e-03 -2.14948000e-03 -9.10390000e-04 1.11095000e-03 -1.61500000e-05 3.37071000e-03 8.75850000e-04 -1.31448000e-03 8.53510000e-04 4.63640000e-04 -1.06512000e-03 5.34050000e-04 8.95440000e-04 9.53090000e-04 5.46620000e-04 9.20630000e-04 -5.66750000e-04 1.08840000e-04 -8.85360000e-04 -1.23600000e-05 -1.61888000e-03 4.71100000e-05 8.22340000e-04 4.02800000e-04 4.37320000e-04 9.40780000e-04 -3.07250000e-04
-2.44743000e-03 -2.19820000e-04 4.35250000e-04 -1.71550000e-04 -7.67000000e-04 -5.08390000e-04 1.74738000e-03 -1.82435000e-03 -6.34160000e-04 1.61710000e-03 1.07613000e-03 -1.64887000e-03 7.64610000e-04 1.51700000e-05 -1.28980000e-04 9.71970000e-04 3.36691000e-03 2.83480000e-04 5.16980000e-04 3.68617000e-03 -3.07090000e-04 -8.51400000e-04 -1.08738000e-03 -6.94800000e-05 2.98900000e-05 -1.12412000e-03 -2.57300000e-04 -1.09866000e-03 -1.43440000e-04 3.21340000e-04 -5.48000000e-05 -9.84100000e-05 1.02160000e-04 -9.01390000e-04 1.00250000e-04 8.71610000e-04 -3.69360000e-04 2.16931000e-03 6.36510600e-02 -2.53237000e-03 4.31990000e-04 1.27206000e-03 -8.47970000e-04 7.30620000e-04 -7.17700000e-05 8.98410000e-04 6.59130000e-04 -1.39004000e-03 -1.22310000e-03 -2.38218000e-03 1.88418000e-03 -1.32747000e-03 4.35919000e-03 -1.44574000e-03 -1.21260000e-04 -2.04061000e-03 1.61436000e-03 -5.48790000e-04 5.81820000e-04 2.64406000e-03 9.39500000e-05 1.50964000e-03 -7.90260000e-04 6.71881000e-03 -1.85113000e-03 -1.48357000e-03 5.43430000e-04 5.10500000e-04 8.42000000e-04 -2.63600000e-04 -1.36540000e-03 6.99960000e-04 4.02150000e-04 -3.84680000e-04 5.25040000e-04 2.77530000e-04 -1.58100000e-03 2.94899000e-03 -1.63615000e-03 -1.17985000e-03 -2.11765000e-03 -2.11777000e-03 -1.23033000e-03 -7.43180000e-04 -1.39750000e-04 4.11843000e-03 8.92220000e-04 -7.76910000e-04 6.57530000e-04 1.50594000e-03 -2.13402000e-03 1.19980000e-03 6.53910000e-04 4.33360000e-04 1.56522000e-03 1.07445000e-03 -3.66260000e-04 4.15270000e-04 -1.43244000e-03 -2.68270000e-04 -1.85169000e-03 1.07580000e-04 1.63521000e-03 4.01020000e-04 8.37280000e-04 1.58006000e-03 -1.08946000e-03
3.48392000e-03 -3.09250000e-04 -8.61210000e-04 -1.63040000e-04 1.08862000e-03 5.26650000e-04 -2.41042000e-03 2.16726000e-03 7.87390000e-04 -3.28180000e-03 -1.00712000e-03 2.24723000e-03 -2.49641000e-03 7.78900000e-05 -6.80100000e-05 -1.44656000e-03 -5.49191000e-03 -2.03470000e-04 -1.24945000e-03 -6.79181000e-03 4.16840000e-04 1.11794000e-03 6.36470000e-04 -1.75000000e-04 -1.10031000e-03 1.42005000e-03 7.23300000e-04 1.03782000e-03 -2.01360000e-04 -1.15468000e-03 -1.95630000e-04 -4.69190000e-04 -6.81520000e-04 4.67780000e-04 -4.05410000e-04 -2.05528000e-03 3.59870000e-04 -2.07062000e-03 -2.53237000e-03 4.24406100e-02 -3.34980000e-04 -1.74077000e-03 1.08661000e-03 -1.05491000e-03 -5.43940000e-04 -7.99880000e-04 -9.96880000e-04 1.43308000e-03 2.44910000e-03 5.13539000e-03 -3.06100000e-03 1.90101000e-03 -7.76618000e-03 2.12117000e-03 -1.61870000e-04 2.12454000e-03 -1.87571000e-03 9.42540000e-04 -5.28100000e-04 -2.64896000e-03 -1.61990000e-04 -2.47337000e-03 1.43000000e-03 -1.09314000e-02 2.45755000e-03 2.69460000e-03 -8.55480000e-04 -1.97398000e-03 -1.30060000e-03 5.47380000e-04 2.16009000e-03 -3.84500000e-04 -8.12200000e-04 4.40390000e-04 -3.50480000e-04 -8.16780000e-04 3.02727000e-03 -6.39757000e-03 2.21368000e-03 1.38283000e-03 4.84204000e-03 3.47802000e-03 1.64203000e-03 2.23382000e-03 -6.92350000e-04 -7.08539000e-03 -1.23704000e-03 5.03150000e-04 -1.87562000e-03 -3.01621000e-03 2.74006000e-03 -1.91029000e-03 1.21130000e-04 -1.63680000e-04 -2.55798000e-03 -1.53746000e-03 3.16730000e-04 -1.33492000e-03 1.58004000e-03 2.76090000e-04 1.83110000e-03 -1.35240000e-03 -2.98367000e-03 -7.41360000e-04 -1.66540000e-03 -2.65237000e-03 1.06720000e-03
-1.09400000e-04 2.76080000e-04 -4.13850000e-04 -8.06200000e-05 3.12600000e-05 7.96000000e-06 3.60370000e-04 -4.00270000e-04 3.50600000e-05 -7.03700000e-05 3.50660000e-04 -1.10400000e-05 9.94000000e-06 6.74400000e-05 -9.42800000e-05 4.27540000e-04 -7.10000000e-05 3.23160000e-04 -8.27400000e-05 1.72350000e-04 -4.10970000e-04 -5.34300000e-05 -8.17350000e-04 5.83700000e-05 -8.79000000e-06 -1.34150000e-04 1.36480000e-04 -5.36060000e-04 1.61610000e-04 3.94810000e-04 8.76300000e-05 5.36400000e-05 -1.54980000e-04 4.03500000e-05 2.42420000e-04 7.52560000e-04 8.10200000e-05 7.23050000e-04 4.31990000e-04 -3.34980000e-04 7.71831000e-03 -1.41200000e-04 1.51210000e-04 2.49100000e-04 -4.06210000e-04 3.69040000e-04 4.71470000e-04 -4.26650000e-04 2.14570000e-04 1.31680000e-04 2.59500000e-04 -6.58200000e-05 2.29740000e-04 -3.17510000e-04 8.27600000e-05 -7.89300000e-05 3.80510000e-04 1.19710000e-04 2.82800000e-04 1.85030000e-04 2.10070000e-04 6.81940000e-04 7.70900000e-05 4.47540000e-04 -4.19900000e-05 -1.36660000e-04 4.67800000e-05 -2.94300000e-05 2.07400000e-04 6.21400000e-05 -2.35440000e-04 2.73110000e-04 1.44360000e-04 1.97950000e-04 1.86030000e-04 -1.99520000e-04 -1.97630000e-04 4.05710000e-04 1.04500000e-05 2.48310000e-04 -8.15000000e-06 -5.01900000e-04 -1.57920000e-04 6.17130000e-04 -3.60900000e-05 3.16310000e-04 2.17610000e-04 -5.07630000e-04 8.66400000e-05 -2.19050000e-04 -2.37300000e-05 -8.14800000e-05 2.88170000e-04 3.92130000e-04 -2.12250000e-04 2.00850000e-04 -1.50610000e-04 -1.45880000e-04 -9.19600000e-05 9.77200000e-05 -3.87110000e-04 -5.32100000e-05 1.04400000e-05 1.10450000e-04 -1.54800000e-05 3.15700000e-05 5.24400000e-05
-1.69878000e-03 -1.22500000e-04 1.25383000e-03 3.49460000e-04 -5.85830000e-04 8.02400000e-05 9.42730000e-04 -6.99390000e-04 -5.65420000e-04 1.42218000e-03 -2.89000000e-06 -1.41493000e-03 1.39691000e-03 -3.79780000e-04 3.98230000e-04 3.57380000e-04 3.24766000e-03 -2.65030000e-04 8.33160000e-04 3.42100000e-03 6.90000000e-04 -5.71380000e-04 8.72790000e-04 -1.66410000e-04 6.42120000e-04 -4.33150000e-04 -2.66450000e-04 4.74650000e-04 5.38600000e-05 2.46550000e-04 2.32540000e-04 3.73940000e-04 7.93680000e-04 -2.11770000e-04 -3.21200000e-05 -5.80000000e-07 -4.26100000e-04 3.11260000e-04 1.27206000e-03 -1.74077000e-03 -1.41200000e-04 2.38118000e-02 -6.98150000e-04 5.05700000e-04 9.02530000e-04 -1.47300000e-05 -1.45730000e-04 7.14400000e-05 -1.63936000e-03 -3.29504000e-03 1.34762000e-03 -8.76750000e-04 3.83897000e-03 -4.00110000e-04 2.33850000e-04 -9.14140000e-04 2.45310000e-04 -4.81320000e-04 1.50000000e-04 2.02843000e-03 9.90400000e-05 7.08100000e-05 -9.83260000e-04 5.14662000e-03 -1.17169000e-03 -9.46180000e-04 -1.63000000e-05 1.18206000e-03 6.08100000e-04 -4.97480000e-04 -5.81850000e-04 -7.80000000e-05 4.74550000e-04 -3.84800000e-04 7.06200000e-05 8.27440000e-04 -1.03822000e-03 2.89087000e-03 -7.30910000e-04 -1.16220000e-03 -2.55220000e-03 -7.67750000e-04 -5.33420000e-04 -2.48832000e-03 6.08460000e-04 3.67730000e-03 5.50500000e-04 4.91010000e-04 9.49230000e-04 1.56062000e-03 -1.82013000e-03 9.73810000e-04 1.68000000e-05 -1.63890000e-04 1.49970000e-03 9.25930000e-04 -7.16090000e-04 8.13330000e-04 -7.37950000e-04 -4.13230000e-04 -3.65710000e-04 4.13540000e-04 1.80334000e-03 8.73400000e-05 8.15680000e-04 1.77135000e-03 -5.52290000e-04
1.09685000e-03 3.03270000e-04 -7.20490000e-04 -1.13970000e-04 3.81090000e-04 2.00710000e-04 -4.18060000e-04 4.03080000e-04 3.19860000e-04 -9.99270000e-04 -1.15600000e-05 7.88320000e-04 -6.05750000e-04 8.16700000e-05 -1.04520000e-04 5.20300000e-05 -1.84603000e-03 2.01740000e-04 -4.83250000e-04 -1.83707000e-03 -3.33830000e-04 3.33380000e-04 -5.22820000e-04 -8.62000000e-06 -2.25810000e-04 3.41850000e-04 3.90170000e-04 -2.16530000e-04 1.39160000e-04 1.53620000e-04 -2.22000000e-06 -1.27020000e-04 -3.89980000e-04 2.83320000e-04 1.76380000e-04 2.49020000e-04 1.27360000e-04 -4.54900000e-05 -8.47970000e-04 1.08661000e-03 1.51210000e-04 -6.98150000e-04 2.18364000e-02 -1.18770000e-04 -5.03530000e-04 6.09600000e-05 2.00880000e-04 3.22400000e-05 1.02950000e-03 1.78049000e-03 -6.88720000e-04 6.04580000e-04 -2.10841000e-03 3.26070000e-04 7.42400000e-05 7.68110000e-04 -2.86920000e-04 4.65640000e-04 -3.61000000e-06 -8.45630000e-04 1.46100000e-04 -5.35100000e-05 5.35820000e-04 -3.04206000e-03 8.37720000e-04 6.54240000e-04 -2.49190000e-04 -5.27380000e-04 -1.93540000e-04 2.15800000e-04 4.54080000e-04 3.51600000e-05 -7.54200000e-05 4.27790000e-04 3.95500000e-05 -4.57130000e-04 7.19280000e-04 -1.39923000e-03 7.85380000e-04 8.34290000e-04 1.42628000e-03 5.76500000e-04 3.87520000e-04 1.40167000e-03 -1.47990000e-04 -1.86129000e-03 -2.13420000e-04 -3.01200000e-04 -3.69470000e-04 -1.08950000e-03 1.03661000e-03 -6.75370000e-04 2.82590000e-04 3.78610000e-04 -9.60070000e-04 -2.75420000e-04 3.07800000e-05 -4.64540000e-04 5.32600000e-04 2.28380000e-04 2.89870000e-04 -3.27720000e-04 -9.13980000e-04 -7.29800000e-05 -5.11130000e-04 -8.00500000e-04 5.29980000e-04
-8.17200000e-04 3.15740000e-04 2.94410000e-04 1.73210000e-04 -1.98480000e-04 1.80210000e-04 8.33630000e-04 -7.18570000e-04 -2.00550000e-04 5.42100000e-04 2.72320000e-04 -6.78630000e-04 8.02620000e-04 -1.47740000e-04 2.04690000e-04 7.03790000e-04 1.52608000e-03 2.22390000e-04 3.54600000e-04 1.91483000e-03 4.12600000e-05 -2.87730000e-04 -6.12900000e-04 -4.44300000e-05 3.76010000e-04 -2.43380000e-04 1.39690000e-04 -1.67520000e-04 2.51140000e-04 6.71890000e-04 3.10290000e-04 3.58640000e-04 3.33170000e-04 -2.17400000e-05 2.74460000e-04 8.27130000e-04 -2.08260000e-04 9.04640000e-04 7.30620000e-04 -1.05491000e-03 2.49100000e-04 5.05700000e-04 -1.18770000e-04 1.28317300e-02 9.99600000e-05 3.47180000e-04 4.05930000e-04 -2.84790000e-04 -4.85260000e-04 -1.45121000e-03 9.15200000e-04 -4.33050000e-04 2.13830000e-03 -4.31180000e-04 2.16270000e-04 -3.71740000e-04 4.09720000e-04 -8.43000000e-06 2.26660000e-04 1.12165000e-03 4.22460000e-04 6.68050000e-04 -4.36450000e-04 2.95985000e-03 -5.93320000e-04 -4.47650000e-04 -4.93400000e-05 6.31540000e-04 5.92450000e-04 -1.81860000e-04 -4.13360000e-04 2.12300000e-04 4.24690000e-04 1.21760000e-04 2.08550000e-04 2.75100000e-04 -5.21730000e-04 1.98107000e-03 -1.62980000e-04 -1.65340000e-04 -1.15484000e-03 -8.18350000e-04 -3.39890000e-04 -5.44150000e-04 3.37990000e-04 2.25539000e-03 5.52360000e-04 -2.04580000e-04 6.32730000e-04 4.78420000e-04 -8.24890000e-04 3.66760000e-04 1.84540000e-04 1.74640000e-04 4.09320000e-04 4.96350000e-04 -7.08060000e-04 2.81330000e-04 -3.34800000e-04 -1.36220000e-04 -4.51250000e-04 2.70900000e-05 6.84840000e-04 1.19840000e-04 3.86410000e-04 7.75610000e-04 -1.52540000e-04
-6.94780000e-04 -2.87610000e-04 1.33234000e-03 4.08400000e-04 -2.68350000e-04 9.76300000e-05 1.45360000e-04 2.50100000e-04 -3.04160000e-04 9.33620000e-04 -4.54440000e-04 -7.43990000e-04 9.73340000e-04 -3.27380000e-04 4.56200000e-04 -2.03460000e-04 2.02053000e-03 -4.51580000e-04 6.38280000e-04 1.90440000e-03 1.00585000e-03 -1.94770000e-04 1.29092000e-03 -1.33100000e-04 5.37710000e-04 1.43400000e-05 -2.25660000e-04 1.11669000e-03 -2.71800000e-05 -2.21380000e-04 1.77180000e-04 3.73270000e-04 7.52860000e-04 -1.15920000e-04 -2.22700000e-04 -8.57470000e-04 -3.32670000e-04 -7.10790000e-04 -7.17700000e-05 -5.43940000e-04 -4.06210000e-04 9.02530000e-04 -5.03530000e-04 9.99600000e-05 2.21832000e-02 -4.31030000e-04 -6.47360000e-04 7.56810000e-04 -1.11069000e-03 -2.03252000e-03 4.84160000e-04 -3.78350000e-04 2.06033000e-03 2.99640000e-04 1.53670000e-04 -1.93970000e-04 -3.71990000e-04 -3.21950000e-04 -3.42180000e-04 9.01450000e-04 -2.30700000e-05 -8.44370000e-04 -6.34550000e-04 2.61903000e-03 -5.55150000e-04 -2.85310000e-04 -1.58390000e-04 9.10690000e-04 1.95740000e-04 -3.84330000e-04 5.32300000e-05 -3.48610000e-04 1.51860000e-04 -3.30650000e-04 -1.63330000e-04 7.57500000e-04 -2.43970000e-04 1.36491000e-03 -2.97600000e-04 -7.96140000e-04 -1.44430000e-03 1.97910000e-04 -9.20000000e-06 -2.18367000e-03 5.42940000e-04 1.89223000e-03 1.31330000e-04 1.06197000e-03 5.76610000e-04 1.17931000e-03 -8.18280000e-04 6.62750000e-04 -6.00180000e-04 -7.51980000e-04 1.04776000e-03 2.58500000e-05 -3.01920000e-04 7.13980000e-04 -1.50580000e-04 -3.07680000e-04 4.52520000e-04 2.99850000e-04 7.77150000e-04 -5.07900000e-05 5.60860000e-04 7.90220000e-04 -2.77240000e-04
-5.24900000e-04 2.98250000e-04 -3.88360000e-04 -1.11980000e-04 -2.63300000e-05 -1.13230000e-04 6.75400000e-04 -7.28490000e-04 -1.66000000e-06 1.55470000e-04 5.79620000e-04 -3.04430000e-04 2.48480000e-04 1.46930000e-04 -1.27330000e-04 6.55740000e-04 4.54040000e-04 3.83890000e-04 -8.79000000e-06 8.80770000e-04 -4.88560000e-04 -1.21400000e-04 -1.12584000e-03 1.24520000e-04 4.73200000e-05 -2.64000000e-04 1.43230000e-04 -7.23350000e-04 2.10920000e-04 5.64580000e-04 5.09700000e-05 2.60500000e-05 -1.56280000e-04 -6.66700000e-05 3.66590000e-04 1.11075000e-03 -6.26700000e-05 1.09948000e-03 8.98410000e-04 -7.99880000e-04 3.69040000e-04 -1.47300000e-05 6.09600000e-05 3.47180000e-04 -4.31030000e-04 1.07144000e-02 7.35600000e-04 -6.58040000e-04 7.24900000e-05 -2.63480000e-04 5.71450000e-04 -2.71660000e-04 1.00096000e-03 -5.56410000e-04 8.86800000e-05 -3.98160000e-04 7.22880000e-04 5.33500000e-05 2.98930000e-04 4.99620000e-04 2.04730000e-04 1.10727000e-03 1.99000000e-06 1.44403000e-03 -3.37400000e-04 -4.15300000e-04 2.24700000e-04 9.16700000e-05 3.59650000e-04 5.16700000e-05 -5.07130000e-04 3.69600000e-04 2.01900000e-04 1.72230000e-04 3.05350000e-04 -1.97070000e-04 -4.93200000e-04 1.06803000e-03 -2.48150000e-04 1.31010000e-04 -3.76910000e-04 -9.15670000e-04 -3.34340000e-04 6.64170000e-04 -5.06700000e-05 1.08789000e-03 3.40190000e-04 -6.49140000e-04 3.07990000e-04 -2.41400000e-05 -3.63000000e-04 8.69600000e-05 3.92750000e-04 4.69010000e-04 6.86500000e-05 3.41100000e-04 -1.65320000e-04 -9.74000000e-05 -3.63090000e-04 2.37600000e-05 -7.02820000e-04 -3.38900000e-05 2.18060000e-04 1.75780000e-04 8.19400000e-05 2.43670000e-04 -1.07040000e-04
-5.21540000e-04 5.12820000e-04 -6.40700000e-04 -1.65990000e-04 7.90000000e-07 -2.11640000e-04 7.76230000e-04 -9.09880000e-04 5.92900000e-05 2.07080000e-04 7.19050000e-04 -2.24770000e-04 3.12570000e-04 2.59700000e-04 -1.78220000e-04 8.88240000e-04 3.85410000e-04 4.92990000e-04 -4.83600000e-05 1.05865000e-03 -7.28800000e-04 -9.07900000e-05 -1.40201000e-03 1.92340000e-04 3.51800000e-05 -3.10060000e-04 2.34230000e-04 -1.03436000e-03 2.65700000e-04 8.70030000e-04 2.24000000e-05 -1.83100000e-05 -2.57310000e-04 -3.44000000e-05 4.85060000e-04 1.74375000e-03 4.20400000e-05 1.42883000e-03 6.59130000e-04 -9.96880000e-04 4.71470000e-04 -1.45730000e-04 2.00880000e-04 4.05930000e-04 -6.47360000e-04 7.35600000e-04 1.60646100e-02 -9.10980000e-04 2.40310000e-04 -5.40700000e-05 6.61940000e-04 -3.00220000e-04 1.18567000e-03 -7.73090000e-04 7.06000000e-05 -4.05490000e-04 9.03490000e-04 1.39040000e-04 3.49020000e-04 2.61440000e-04 2.37580000e-04 1.66972000e-03 1.01970000e-04 1.64978000e-03 -3.31250000e-04 -4.56200000e-04 3.72510000e-04 6.72300000e-05 4.25910000e-04 1.63200000e-04 -6.40520000e-04 4.36680000e-04 2.53690000e-04 2.74490000e-04 3.23350000e-04 -2.87660000e-04 -5.72890000e-04 1.52026000e-03 -3.01840000e-04 3.73200000e-04 -3.10140000e-04 -1.18951000e-03 -4.06280000e-04 1.28668000e-03 -8.17000000e-05 1.28758000e-03 3.80080000e-04 -9.25630000e-04 4.32220000e-04 -6.76800000e-05 -2.33670000e-04 7.74000000e-05 5.59130000e-04 7.15180000e-04 5.09100000e-05 4.33440000e-04 -7.15100000e-05 -9.69700000e-05 -3.77820000e-04 1.12860000e-04 -8.79330000e-04 7.87200000e-05 1.85730000e-04 2.59510000e-04 8.14400000e-05 2.32610000e-04 3.05600000e-05
8.59520000e-04 -2.83840000e-04 7.03710000e-04 3.63930000e-04 2.62220000e-04 3.87970000e-04 -7.98680000e-04 1.07987000e-03 9.43000000e-05 -5.32400000e-04 -8.06520000e-04 3.22270000e-04 -8.79100000e-05 -3.07840000e-04 3.67710000e-04 -7.27100000e-04 -5.72990000e-04 -4.04780000e-04 9.04800000e-05 -1.14641000e-03 9.33920000e-04 2.91880000e-04 1.20497000e-03 -1.15880000e-04 1.80110000e-04 6.14230000e-04 3.24700000e-05 1.39452000e-03 2.03900000e-05 -5.85390000e-04 1.72820000e-04 2.48020000e-04 4.60920000e-04 2.59050000e-04 -2.60650000e-04 -1.46078000e-03 -3.45000000e-06 -1.48644000e-03 -1.39004000e-03 1.43308000e-03 -4.26650000e-04 7.14400000e-05 3.22400000e-05 -2.84790000e-04 7.56810000e-04 -6.58040000e-04 -9.10980000e-04 1.71043400e-02 -5.44300000e-05 4.23000000e-06 -7.56300000e-04 4.65640000e-04 -1.37509000e-03 1.14905000e-03 1.78050000e-04 8.11310000e-04 -1.10208000e-03 8.56200000e-05 -4.30680000e-04 -1.92280000e-04 -1.90600000e-05 -1.72094000e-03 1.39200000e-05 -2.26023000e-03 5.82140000e-04 7.33240000e-04 -5.65720000e-04 1.20240000e-04 -3.12660000e-04 -1.62350000e-04 8.59000000e-04 -4.61180000e-04 -1.18880000e-04 -6.02600000e-05 -2.56140000e-04 2.85250000e-04 8.42200000e-04 -1.39867000e-03 7.97830000e-04 -1.15970000e-04 4.37940000e-04 1.46627000e-03 6.92520000e-04 -1.28548000e-03 3.08730000e-04 -1.27457000e-03 -3.35730000e-04 1.11849000e-03 -2.40900000e-04 -2.61660000e-04 3.90750000e-04 -2.73490000e-04 -5.45950000e-04 -6.47350000e-04 -3.37810000e-04 -4.98530000e-04 -2.25180000e-04 5.83400000e-05 6.38550000e-04 -8.81600000e-05 1.23795000e-03 -2.16470000e-04 -4.20190000e-04 -3.04220000e-04 -1.33960000e-04 -3.26820000e-04 2.77850000e-04
2.17885000e-03 2.92500000e-04 -1.47918000e-03 -4.37520000e-04 7.18710000e-04 7.12100000e-05 -1.06268000e-03 8.45420000e-04 6.30270000e-04 -2.13759000e-03 4.15200000e-05 1.66080000e-03 -1.65066000e-03 3.27690000e-04 -4.36730000e-04 -1.59270000e-04 -4.04103000e-03 3.42440000e-04 -1.13371000e-03 -4.15578000e-03 -7.11520000e-04 6.61400000e-04 -1.10298000e-03 1.85200000e-05 -8.11540000e-04 5.96960000e-04 6.63150000e-04 -5.28600000e-04 2.16700000e-05 -1.16350000e-04 -2.37270000e-04 -4.85310000e-04 -1.01344000e-03 2.20200000e-04 1.18330000e-04 1.15550000e-04 4.62650000e-04 -1.90150000e-04 -1.22310000e-03 2.44910000e-03 2.14570000e-04 -1.63936000e-03 1.02950000e-03 -4.85260000e-04 -1.11069000e-03 7.24900000e-05 2.40310000e-04 -5.44300000e-05 3.43455500e-02 4.34058000e-03 -1.67664000e-03 1.12009000e-03 -4.72928000e-03 6.32200000e-04 -1.11060000e-04 1.26745000e-03 -4.51570000e-04 8.24990000e-04 7.98000000e-06 -2.22554000e-03 6.60800000e-05 -2.21440000e-04 1.18812000e-03 -6.46438000e-03 1.53995000e-03 1.42594000e-03 -2.74330000e-04 -1.44076000e-03 -6.23280000e-04 5.30930000e-04 8.96360000e-04 1.50390000e-04 -4.71430000e-04 6.68670000e-04 1.50200000e-05 -1.04199000e-03 1.59356000e-03 -3.47915000e-03 1.24211000e-03 1.64491000e-03 3.43207000e-03 1.12147000e-03 7.13300000e-04 3.36212000e-03 -6.77180000e-04 -4.31624000e-03 -6.24670000e-04 -6.40390000e-04 -1.05188000e-03 -2.29207000e-03 2.26230000e-03 -1.38162000e-03 6.66100000e-04 7.43180000e-04 -1.94011000e-03 -7.58220000e-04 3.87540000e-04 -1.13497000e-03 8.55080000e-04 3.88970000e-04 3.88970000e-04 -8.60600000e-04 -2.07761000e-03 -2.58520000e-04 -1.18941000e-03 -1.86824000e-03 7.58180000e-04
4.45574000e-03 7.24700000e-05 -2.78749000e-03 -1.03413000e-03 1.30976000e-03 -1.81660000e-04 -2.69281000e-03 2.11785000e-03 1.22280000e-03 -4.09420000e-03 -1.50150000e-04 3.59077000e-03 -3.75348000e-03 7.84220000e-04 -1.05505000e-03 -1.04356000e-03 -8.34476000e-03 3.92890000e-04 -2.33430000e-03 -8.97022000e-03 -1.28878000e-03 1.35185000e-03 -1.14683000e-03 3.62700000e-05 -1.89723000e-03 1.15856000e-03 9.02490000e-04 -8.81340000e-04 -3.58690000e-04 -1.01350000e-03 -7.77450000e-04 -1.21851000e-03 -2.18843000e-03 2.14190000e-04 -1.96430000e-04 -7.15640000e-04 1.07226000e-03 -1.10985000e-03 -2.38218000e-03 5.13539000e-03 1.31680000e-04 -3.29504000e-03 1.78049000e-03 -1.45121000e-03 -2.03252000e-03 -2.63480000e-04 -5.40700000e-05 4.23000000e-06 4.34058000e-03 5.17241200e-02 -3.78452000e-03 2.25056000e-03 -1.01318900e-02 1.34672000e-03 -5.68670000e-04 2.35190000e-03 -1.06131000e-03 1.34513000e-03 -5.45900000e-05 -5.08429000e-03 -3.79510000e-04 -9.67080000e-04 2.43021000e-03 -1.35584300e-02 3.06741000e-03 2.85887000e-03 -3.01490000e-04 -3.21323000e-03 -1.73553000e-03 1.11945000e-03 1.88905000e-03 1.25290000e-04 -1.32454000e-03 9.33950000e-04 -2.23480000e-04 -2.05570000e-03 3.24981000e-03 -7.92341000e-03 2.03154000e-03 2.92149000e-03 7.14496000e-03 2.62221000e-03 1.44854000e-03 6.51433000e-03 -1.64577000e-03 -9.58748000e-03 -1.63444000e-03 -9.57210000e-04 -2.51689000e-03 -4.25582000e-03 4.72427000e-03 -2.62615000e-03 1.03689000e-03 1.15027000e-03 -3.63020000e-03 -1.76915000e-03 1.52706000e-03 -2.20699000e-03 1.70868000e-03 7.71870000e-04 9.29160000e-04 -1.51414000e-03 -4.18547000e-03 -5.69330000e-04 -2.42069000e-03 -3.93738000e-03 1.30663000e-03
-2.36082000e-03 2.62200000e-04 8.51050000e-04 3.16370000e-04 -7.00380000e-04 -2.15810000e-04 1.79517000e-03 -1.55309000e-03 -5.52940000e-04 2.16054000e-03 6.34090000e-04 -1.77636000e-03 1.83353000e-03 -1.30250000e-04 3.05330000e-04 1.10784000e-03 4.06787000e-03 1.11600000e-04 1.03215000e-03 4.83460000e-03 4.14600000e-05 -7.53860000e-04 -5.54780000e-04 9.30900000e-05 7.86820000e-04 -8.55390000e-04 -2.42030000e-04 -3.88090000e-04 2.02960000e-04 9.47310000e-04 2.84230000e-04 4.07500000e-04 7.71790000e-04 -2.68850000e-04 3.12030000e-04 1.33350000e-03 -4.39440000e-04 1.53711000e-03 1.88418000e-03 -3.06100000e-03 2.59500000e-04 1.34762000e-03 -6.88720000e-04 9.15200000e-04 4.84160000e-04 5.71450000e-04 6.61940000e-04 -7.56300000e-04 -1.67664000e-03 -3.78452000e-03 1.32024500e-02 -1.24118000e-03 5.45612000e-03 -1.22299000e-03 1.95900000e-04 -1.35751000e-03 1.18802000e-03 -4.88680000e-04 2.61630000e-04 2.24791000e-03 3.30490000e-04 1.54841000e-03 -1.04938000e-03 7.53261000e-03 -1.69819000e-03 -1.58063000e-03 4.67090000e-04 1.42030000e-03 1.08633000e-03 -3.54410000e-04 -1.29233000e-03 2.77200000e-04 7.26230000e-04 -2.12500000e-04 3.08300000e-04 7.63150000e-04 -1.78860000e-03 4.53609000e-03 -1.29982000e-03 -9.71760000e-04 -3.25966000e-03 -2.12540000e-03 -1.02558000e-03 -1.72485000e-03 6.00690000e-04 5.19674000e-03 1.00317000e-03 -1.95600000e-04 1.38770000e-03 2.05135000e-03 -2.08826000e-03 1.36355000e-03 1.00900000e-05 -3.89900000e-05 1.83959000e-03 1.10169000e-03 -5.85320000e-04 9.88760000e-04 -1.05264000e-03 -2.53000000e-04 -1.11653000e-03 7.60400000e-04 2.09588000e-03 4.85690000e-04 1.23677000e-03 1.97564000e-03 -7.04460000e-04
1.63182000e-03 7.43000000e-06 -6.12580000e-04 -9.38400000e-05 5.16880000e-04 3.18270000e-04 -9.83330000e-04 9.66360000e-04 4.58470000e-04 -1.33514000e-03 -3.40250000e-04 1.21249000e-03 -1.08542000e-03 7.69100000e-05 -5.89500000e-05 -5.63370000e-04 -2.67297000e-03 1.89900000e-05 -6.00460000e-04 -3.13303000e-03 -6.33000000e-05 5.12030000e-04 1.16170000e-04 -3.80100000e-05 -3.42440000e-04 6.29240000e-04 2.56350000e-04 2.04040000e-04 -1.14600000e-05 -3.89530000e-04 -5.43300000e-05 -2.12300000e-04 -3.84280000e-04 5.32830000e-04 -3.45500000e-05 -7.18920000e-04 1.01080000e-04 -8.56740000e-04 -1.32747000e-03 1.90101000e-03 -6.58200000e-05 -8.76750000e-04 6.04580000e-04 -4.33050000e-04 -3.78350000e-04 -2.71660000e-04 -3.00220000e-04 4.65640000e-04 1.12009000e-03 2.25056000e-03 -1.24118000e-03 2.42599500e-02 -3.52967000e-03 7.84540000e-04 -2.43000000e-05 1.07276000e-03 -7.26290000e-04 4.41090000e-04 -1.91290000e-04 -1.18347000e-03 -2.31300000e-05 -9.07920000e-04 6.93840000e-04 -5.02611000e-03 1.22897000e-03 1.05033000e-03 -3.47750000e-04 -8.12630000e-04 -5.39580000e-04 2.81630000e-04 8.76900000e-04 -1.54450000e-04 -2.61480000e-04 3.12730000e-04 -8.09400000e-05 -4.35950000e-04 1.16053000e-03 -2.88413000e-03 1.06096000e-03 7.37410000e-04 2.00629000e-03 1.36734000e-03 7.28910000e-04 9.89140000e-04 -2.43130000e-04 -3.32756000e-03 -4.85550000e-04 4.16300000e-05 -8.34350000e-04 -1.28765000e-03 1.32772000e-03 -8.69120000e-04 -6.04500000e-05 1.39300000e-05 -1.25731000e-03 -5.96220000e-04 2.66540000e-04 -5.53320000e-04 8.78590000e-04 2.63650000e-04 7.90550000e-04 -4.09800000e-04 -1.24093000e-03 -1.96000000e-04 -6.77630000e-04 -1.21660000e-03 5.87560000e-04
-6.34534000e-03 3.88270000e-04 3.06331000e-03 8.42660000e-04 -1.99371000e-03 -7.78820000e-04 4.21706000e-03 -3.59121000e-03 -1.72636000e-03 5.76677000e-03 1.17507000e-03 -4.96704000e-03 5.17788000e-03 -5.31620000e-04 8.27740000e-04 2.52019000e-03 1.14411100e-02 -8.63800000e-05 2.78416000e-03 1.34186600e-02 8.40410000e-04 -1.99361000e-03 1.71400000e-05 5.04200000e-05 2.07558000e-03 -2.18529000e-03 -7.23400000e-04 -1.94750000e-04 3.59370000e-04 2.15224000e-03 6.63510000e-04 1.25975000e-03 2.11761000e-03 -1.18755000e-03 4.70860000e-04 2.91215000e-03 -1.33084000e-03 3.23198000e-03 4.35919000e-03 -7.76618000e-03 2.29740000e-04 3.83897000e-03 -2.10841000e-03 2.13830000e-03 2.06033000e-03 1.00096000e-03 1.18567000e-03 -1.37509000e-03 -4.72928000e-03 -1.01318900e-02 5.45612000e-03 -3.52967000e-03 4.54498800e-02 -2.84972000e-03 4.80200000e-04 -3.63962000e-03 2.58497000e-03 -1.46334000e-03 4.50000000e-04 5.47951000e-03 5.99530000e-04 3.39067000e-03 -2.98522000e-03 2.07486900e-02 -4.65697000e-03 -4.02466000e-03 1.10248000e-03 4.00049000e-03 2.57717000e-03 -1.21773000e-03 -3.18755000e-03 4.31440000e-04 1.61082000e-03 -8.92010000e-04 4.70810000e-04 2.22084000e-03 -4.48064000e-03 1.25217900e-02 -3.67141000e-03 -2.84105000e-03 -8.62636000e-03 -5.07223000e-03 -2.61857000e-03 -5.00739000e-03 1.65650000e-03 1.43016300e-02 2.31473000e-03 2.81520000e-04 3.90737000e-03 5.66310000e-03 -5.51221000e-03 3.66923000e-03 -2.42990000e-04 -4.94010000e-04 5.34248000e-03 2.46811000e-03 -1.54331000e-03 2.77192000e-03 -2.98869000e-03 -1.02241000e-03 -2.62899000e-03 1.86957000e-03 5.28359000e-03 9.32680000e-04 3.12567000e-03 5.16391000e-03 -1.99475000e-03
1.45276000e-03 -2.29680000e-04 1.72440000e-04 1.85390000e-04 4.65500000e-04 3.81270000e-04 -1.05863000e-03 1.21804000e-03 2.86440000e-04 -1.19480000e-03 -7.00070000e-04 8.07360000e-04 -6.81800000e-04 -1.73590000e-04 1.88630000e-04 -7.56860000e-04 -1.83652000e-03 -2.70680000e-04 -2.86610000e-04 -2.46810000e-03 6.27870000e-04 4.67640000e-04 7.56730000e-04 -9.96500000e-05 -1.25100000e-04 7.44630000e-04 2.15910000e-04 1.08534000e-03 5.18000000e-06 -6.47330000e-04 5.92900000e-05 2.09600000e-05 9.56700000e-05 3.18470000e-04 -2.13990000e-04 -1.38473000e-03 1.28840000e-04 -1.40489000e-03 -1.44574000e-03 2.12117000e-03 -3.17510000e-04 -4.00110000e-04 3.26070000e-04 -4.31180000e-04 2.99640000e-04 -5.56410000e-04 -7.73090000e-04 1.14905000e-03 6.32200000e-04 1.34672000e-03 -1.22299000e-03 7.84540000e-04 -2.84972000e-03 1.40667200e-02 1.08670000e-04 1.08291000e-03 -1.12322000e-03 3.14700000e-04 -3.73970000e-04 -7.49780000e-04 -2.70200000e-05 -1.68557000e-03 3.93910000e-04 -4.24225000e-03 9.94780000e-04 1.11552000e-03 -5.94460000e-04 -4.05730000e-04 -4.96070000e-04 2.48200000e-05 1.06011000e-03 -3.58560000e-04 -2.59200000e-04 1.25110000e-04 -2.00860000e-04 -8.87900000e-05 1.25836000e-03 -2.55209000e-03 1.10253000e-03 3.33800000e-04 1.50467000e-03 1.72213000e-03 8.59600000e-04 -1.92720000e-04 2.75700000e-05 -2.63067000e-03 -5.07000000e-04 7.93090000e-04 -6.23230000e-04 -9.85970000e-04 9.93510000e-04 -6.86230000e-04 -2.50030000e-04 -3.39030000e-04 -9.44870000e-04 -6.46000000e-04 -8.66400000e-05 -3.39180000e-04 8.42170000e-04 4.47300000e-05 1.22299000e-03 -5.09070000e-04 -1.00067000e-03 -3.56680000e-04 -5.06710000e-04 -8.69230000e-04 4.57630000e-04
-7.08900000e-05 1.98090000e-04 1.16120000e-04 1.37270000e-04 2.96200000e-05 2.46300000e-04 2.24200000e-04 -1.90000000e-05 -6.37400000e-05 -7.51300000e-05 -7.50000000e-06 -2.44210000e-04 3.80250000e-04 -2.02770000e-04 1.36120000e-04 2.61240000e-04 3.21730000e-04 6.39100000e-05 8.96200000e-05 4.75010000e-04 9.79200000e-05 -4.92800000e-05 -1.07740000e-04 -6.95500000e-05 2.61800000e-04 4.32700000e-05 1.42530000e-04 1.71770000e-04 2.41800000e-04 2.64780000e-04 2.04970000e-04 2.44430000e-04 1.59500000e-04 1.18820000e-04 1.85290000e-04 1.82180000e-04 -1.70320000e-04 6.90600000e-05 -1.21260000e-04 -1.61870000e-04 8.27600000e-05 2.33850000e-04 7.42400000e-05 2.16270000e-04 1.53670000e-04 8.86800000e-05 7.06000000e-05 1.78050000e-04 -1.11060000e-04 -5.68670000e-04 1.95900000e-04 -2.43000000e-05 4.80200000e-04 1.08670000e-04 1.31913800e-02 1.91290000e-04 -1.12530000e-04 8.43800000e-05 6.27500000e-05 4.56120000e-04 2.26690000e-04 -8.95000000e-05 -1.32410000e-04 4.82770000e-04 4.49000000e-05 -9.02800000e-05 -2.96590000e-04 3.50120000e-04 2.14630000e-04 -1.88080000e-04 1.46700000e-05 -4.04000000e-06 1.92990000e-04 1.47790000e-04 9.05100000e-05 3.34400000e-05 -9.37400000e-05 5.14630000e-04 2.56080000e-04 3.69300000e-05 -4.15290000e-04 -2.94000000e-05 3.26100000e-05 -4.34490000e-04 2.97940000e-04 5.89080000e-04 1.52010000e-04 9.49500000e-05 2.77940000e-04 -9.51900000e-05 -1.65390000e-04 -7.80900000e-05 4.48900000e-05 9.19200000e-05 -3.23300000e-05 1.38950000e-04 -4.64090000e-04 1.42900000e-05 -9.00000000e-08 -6.06100000e-05 9.65100000e-05 -6.92800000e-05 1.53600000e-04 -3.69500000e-05 2.53700000e-05 2.36590000e-04 1.02010000e-04
1.97607000e-03 1.83040000e-04 -5.32630000e-04 6.15800000e-05 5.87060000e-04 4.85320000e-04 -1.05569000e-03 1.24544000e-03 4.32820000e-04 -1.56541000e-03 -5.23620000e-04 1.21716000e-03 -8.62260000e-04 -1.10850000e-04 2.15200000e-05 -4.43220000e-04 -2.83073000e-03 -2.20500000e-05 -5.71630000e-04 -3.15176000e-03 4.99600000e-05 5.47590000e-04 1.16480000e-04 -8.50100000e-05 -1.65640000e-04 7.46920000e-04 4.20640000e-04 5.43790000e-04 1.48330000e-04 -2.68470000e-04 8.46800000e-05 -2.49100000e-05 -2.51480000e-04 5.11950000e-04 1.27400000e-05 -7.46070000e-04 1.74510000e-04 -1.10082000e-03 -2.04061000e-03 2.12454000e-03 -7.89300000e-05 -9.14140000e-04 7.68110000e-04 -3.71740000e-04 -1.93970000e-04 -3.98160000e-04 -4.05490000e-04 8.11310000e-04 1.26745000e-03 2.35190000e-03 -1.35751000e-03 1.07276000e-03 -3.63962000e-03 1.08291000e-03 1.91290000e-04 4.25662100e-02 -1.06721000e-03 6.01230000e-04 -2.34290000e-04 -1.40962000e-03 1.46970000e-04 -1.24307000e-03 6.52200000e-04 -5.33034000e-03 1.45001000e-03 1.20585000e-03 -6.88350000e-04 -5.96420000e-04 -4.84200000e-04 1.27130000e-04 1.07731000e-03 -2.71920000e-04 -2.14160000e-04 5.05300000e-04 -1.48650000e-04 -4.46250000e-04 1.33609000e-03 -2.80602000e-03 1.43758000e-03 1.01888000e-03 2.04393000e-03 1.55766000e-03 8.81780000e-04 9.54540000e-04 2.39000000e-06 -3.34307000e-03 -5.16050000e-04 3.22140000e-04 -6.78160000e-04 -1.52008000e-03 1.70084000e-03 -1.04576000e-03 -4.68500000e-05 3.80900000e-05 -1.46471000e-03 -6.66930000e-04 -2.79000000e-05 -5.73880000e-04 1.10324000e-03 2.52300000e-04 1.15025000e-03 -4.96830000e-04 -1.35199000e-03 -2.73420000e-04 -7.27250000e-04 -1.22282000e-03 7.85750000e-04
-1.34579000e-03 1.83860000e-04 -2.09050000e-04 -1.61590000e-04 -3.25170000e-04 -5.64430000e-04 1.08571000e-03 -1.20086000e-03 -1.41370000e-04 1.10932000e-03 8.58220000e-04 -7.40200000e-04 5.78770000e-04 3.28680000e-04 -2.01050000e-04 7.55300000e-04 1.63043000e-03 3.56260000e-04 2.85570000e-04 2.23965000e-03 -6.10930000e-04 -3.56120000e-04 -1.09176000e-03 2.73570000e-04 9.94200000e-05 -6.61030000e-04 -1.54830000e-04 -1.03909000e-03 4.21600000e-05 5.89710000e-04 -8.26700000e-05 -6.65100000e-05 -6.46200000e-05 -2.86410000e-04 2.94710000e-04 1.40773000e-03 -7.01400000e-05 1.49589000e-03 1.61436000e-03 -1.87571000e-03 3.80510000e-04 2.45310000e-04 -2.86920000e-04 4.09720000e-04 -3.71990000e-04 7.22880000e-04 9.03490000e-04 -1.10208000e-03 -4.51570000e-04 -1.06131000e-03 1.18802000e-03 -7.26290000e-04 2.58497000e-03 -1.12322000e-03 -1.12530000e-04 -1.06721000e-03 8.45176000e-03 -2.49180000e-04 3.85230000e-04 6.92480000e-04 3.51200000e-05 1.80147000e-03 -2.17540000e-04 3.83609000e-03 -9.84580000e-04 -1.00000000e-03 7.55160000e-04 3.03440000e-04 5.01950000e-04 1.01150000e-04 -1.05207000e-03 4.80640000e-04 2.38340000e-04 -8.64200000e-05 3.23360000e-04 6.83000000e-06 -1.15635000e-03 2.25540000e-03 -1.11389000e-03 -2.55200000e-04 -1.21728000e-03 -1.74652000e-03 -7.62270000e-04 5.04650000e-04 -1.19720000e-04 2.38096000e-03 5.12080000e-04 -7.73470000e-04 5.72860000e-04 8.92660000e-04 -8.85210000e-04 6.71120000e-04 3.13460000e-04 3.83550000e-04 8.69450000e-04 6.03080000e-04 2.55890000e-04 2.59840000e-04 -7.95420000e-04 1.25800000e-05 -1.20830000e-03 4.25390000e-04 9.10010000e-04 4.04430000e-04 5.34460000e-04 7.59650000e-04 -4.90290000e-04
8.20730000e-04 2.44020000e-04 -4.02410000e-04 -4.31900000e-05 2.94230000e-04 2.07870000e-04 -2.61850000e-04 2.71290000e-04 2.34310000e-04 -8.30650000e-04 -1.44300000e-05 5.20220000e-04 -3.94330000e-04 2.92000000e-05 -7.88000000e-06 1.26300000e-04 -1.27578000e-03 1.52740000e-04 -3.40280000e-04 -1.24922000e-03 -1.01780000e-04 2.38640000e-04 -5.09240000e-04 -4.87400000e-05 -1.56770000e-04 3.02470000e-04 4.17750000e-04 -5.27600000e-05 1.26300000e-04 1.70230000e-04 4.96500000e-05 -5.54900000e-05 -2.14420000e-04 1.96770000e-04 1.43170000e-04 1.86870000e-04 5.49700000e-05 3.73000000e-05 -5.48790000e-04 9.42540000e-04 1.19710000e-04 -4.81320000e-04 4.65640000e-04 -8.43000000e-06 -3.21950000e-04 5.33500000e-05 1.39040000e-04 8.56200000e-05 8.24990000e-04 1.34513000e-03 -4.88680000e-04 4.41090000e-04 -1.46334000e-03 3.14700000e-04 8.43800000e-05 6.01230000e-04 -2.49180000e-04 1.98888100e-02 -1.80600000e-05 -5.34130000e-04 2.19780000e-04 -1.06890000e-04 3.62790000e-04 -2.12760000e-03 5.69070000e-04 6.32440000e-04 -2.51250000e-04 -3.55090000e-04 -6.11900000e-05 1.50920000e-04 4.10120000e-04 5.65600000e-05 -1.22100000e-05 3.72060000e-04 6.01400000e-05 -2.89250000e-04 6.95250000e-04 -9.42270000e-04 6.71200000e-04 6.78980000e-04 1.16838000e-03 4.61020000e-04 3.22260000e-04 1.09613000e-03 -8.58000000e-05 -1.19810000e-03 -1.00920000e-04 -1.84650000e-04 -2.20550000e-04 -8.74320000e-04 7.46210000e-04 -5.15040000e-04 3.11920000e-04 3.14810000e-04 -7.41110000e-04 -1.91560000e-04 -1.83790000e-04 -3.56010000e-04 3.88840000e-04 1.13770000e-04 2.17930000e-04 -4.09860000e-04 -7.10610000e-04 -1.10490000e-04 -3.91170000e-04 -5.52170000e-04 3.74770000e-04
-3.22180000e-04 1.61560000e-04 -3.11860000e-04 -1.77580000e-04 -1.18630000e-04 -7.89700000e-05 2.84120000e-04 -3.93360000e-04 -8.82300000e-05 -1.88300000e-05 3.24690000e-04 -1.07660000e-04 4.72300000e-05 1.56600000e-05 -2.21680000e-04 2.72680000e-04 1.53600000e-04 3.41870000e-04 -9.73100000e-05 3.48920000e-04 -3.57920000e-04 -1.65800000e-04 -3.88840000e-04 1.37500000e-05 -3.41000000e-06 -2.39960000e-04 -2.94100000e-05 -4.97250000e-04 9.59700000e-05 2.47140000e-04 1.02060000e-04 1.72730000e-04 -2.13380000e-04 -7.60200000e-05 1.54120000e-04 5.60680000e-04 9.80000000e-06 6.13030000e-04 5.81820000e-04 -5.28100000e-04 2.82800000e-04 1.50000000e-04 -3.61000000e-06 2.26660000e-04 -3.42180000e-04 2.98930000e-04 3.49020000e-04 -4.30680000e-04 7.98000000e-06 -5.45900000e-05 2.61630000e-04 -1.91290000e-04 4.50000000e-04 -3.73970000e-04 6.27500000e-05 -2.34290000e-04 3.85230000e-04 -1.80600000e-05 8.99127000e-03 1.50330000e-04 1.39000000e-04 5.95850000e-04 -5.75600000e-05 9.74240000e-04 -1.45700000e-04 -3.05510000e-04 3.76400000e-05 2.80500000e-05 9.83800000e-05 -5.59700000e-05 -3.38610000e-04 3.10580000e-04 7.46400000e-05 5.85300000e-05 1.52990000e-04 -1.91300000e-04 -3.61160000e-04 5.30590000e-04 -1.92420000e-04 6.05700000e-05 -2.66590000e-04 -5.96280000e-04 -2.57220000e-04 3.41490000e-04 -5.69800000e-05 5.00910000e-04 1.91060000e-04 -4.27970000e-04 9.29400000e-05 -1.15210000e-04 -1.94000000e-04 -8.20200000e-05 3.71910000e-04 5.01050000e-04 -1.09780000e-04 3.73480000e-04 -1.28740000e-04 -1.54410000e-04 -2.63570000e-04 -5.09700000e-05 -4.86240000e-04 -6.59400000e-05 3.26340000e-04 -3.13000000e-06 -3.14400000e-05 2.98990000e-04 -1.38160000e-04
-2.44193000e-03 5.80300000e-05 1.47902000e-03 5.82820000e-04 -5.66860000e-04 5.04420000e-04 1.82986000e-03 -1.48374000e-03 -5.92930000e-04 1.85834000e-03 3.01080000e-04 -1.86300000e-03 1.90108000e-03 -5.36470000e-04 7.22360000e-04 9.70910000e-04 4.50341000e-03 4.22100000e-05 1.12857000e-03 4.74083000e-03 7.22700000e-04 -7.41640000e-04 -1.55410000e-04 -1.90840000e-04 1.05274000e-03 -5.19910000e-04 -1.98360000e-04 2.32080000e-04 3.88550000e-04 7.48520000e-04 5.91290000e-04 6.72730000e-04 1.17123000e-03 1.66200000e-05 3.31840000e-04 6.48460000e-04 -4.64410000e-04 1.31579000e-03 2.64406000e-03 -2.64896000e-03 1.85030000e-04 2.02843000e-03 -8.45630000e-04 1.12165000e-03 9.01450000e-04 4.99620000e-04 2.61440000e-04 -1.92280000e-04 -2.22554000e-03 -5.08429000e-03 2.24791000e-03 -1.18347000e-03 5.47951000e-03 -7.49780000e-04 4.56120000e-04 -1.40962000e-03 6.92480000e-04 -5.34130000e-04 1.50330000e-04 1.57479100e-02 5.42760000e-04 5.48460000e-04 -1.29637000e-03 7.30008000e-03 -1.72738000e-03 -1.36347000e-03 -1.47680000e-04 1.69624000e-03 1.24350000e-03 -6.32770000e-04 -9.43940000e-04 1.85890000e-04 9.92220000e-04 -2.84460000e-04 4.33560000e-04 1.04531000e-03 -1.55234000e-03 4.07499000e-03 -6.20770000e-04 -1.59873000e-03 -3.64975000e-03 -1.38144000e-03 -7.10160000e-04 -3.65829000e-03 8.98720000e-04 5.39422000e-03 1.19548000e-03 1.51130000e-04 1.27434000e-03 1.90986000e-03 -2.93167000e-03 1.33668000e-03 -1.31410000e-04 -1.42700000e-04 1.51880000e-03 1.24936000e-03 -1.50481000e-03 1.01921000e-03 -8.11510000e-04 -3.55880000e-04 -7.33370000e-04 3.35010000e-04 2.14467000e-03 3.34460000e-04 1.22922000e-03 2.18824000e-03 -5.65570000e-04
-6.22500000e-05 3.24310000e-04 8.08200000e-05 1.42170000e-04 3.83200000e-05 3.28580000e-04 3.86770000e-04 -2.62290000e-04 -6.65000000e-06 -1.21130000e-04 9.62200000e-05 -1.43600000e-04 3.49630000e-04 -1.47640000e-04 1.79710000e-04 4.92490000e-04 3.30420000e-04 2.24800000e-04 7.53700000e-05 5.58580000e-04 6.75800000e-05 -6.76100000e-05 -6.57810000e-04 -8.29900000e-05 2.36170000e-04 5.45800000e-05 2.99100000e-04 -5.23000000e-06 2.60960000e-04 4.97170000e-04 3.03980000e-04 2.96120000e-04 1.81330000e-04 1.64440000e-04 2.48650000e-04 4.91580000e-04 -8.98000000e-05 5.04740000e-04 9.39500000e-05 -1.61990000e-04 2.10070000e-04 9.90400000e-05 1.46100000e-04 4.22460000e-04 -2.30700000e-05 2.04730000e-04 2.37580000e-04 -1.90600000e-05 6.60800000e-05 -3.79510000e-04 3.30490000e-04 -2.31300000e-05 5.99530000e-04 -2.70200000e-05 2.26690000e-04 1.46970000e-04 3.51200000e-05 2.19780000e-04 1.39000000e-04 5.42760000e-04 1.55140700e-02 1.80800000e-04 -1.48130000e-04 7.83220000e-04 -7.34100000e-05 7.90900000e-05 -2.67860000e-04 3.05040000e-04 3.72110000e-04 -8.98500000e-05 1.10300000e-05 1.47160000e-04 2.95170000e-04 2.88560000e-04 1.62840000e-04 6.71700000e-05 6.24900000e-05 7.22310000e-04 3.56730000e-04 2.29880000e-04 -1.99000000e-04 -2.23200000e-04 3.94000000e-06 -5.23500000e-05 2.42210000e-04 8.26840000e-04 3.35370000e-04 -1.36510000e-04 2.84390000e-04 -1.65880000e-04 -1.67650000e-04 -5.81200000e-05 2.05790000e-04 2.25400000e-04 -2.21220000e-04 2.09020000e-04 -7.00210000e-04 3.84000000e-06 6.34700000e-05 -5.03400000e-05 -7.39300000e-05 -2.57430000e-04 7.87100000e-05 -1.72100000e-05 5.69800000e-05 2.24700000e-04 9.58500000e-05
-1.59021000e-03 6.68440000e-04 -7.25160000e-04 -2.77350000e-04 -3.36830000e-04 -7.30580000e-04 1.48256000e-03 -1.77998000e-03 -1.28400000e-04 1.26739000e-03 1.23665000e-03 -8.18050000e-04 8.30140000e-04 4.99930000e-04 -3.16780000e-04 1.36017000e-03 1.85159000e-03 6.74910000e-04 2.45550000e-04 2.98463000e-03 -1.14180000e-03 -3.86910000e-04 -1.77589000e-03 3.81270000e-04 8.67500000e-05 -8.66310000e-04 4.43700000e-05 -1.77090000e-03 2.04990000e-04 1.35591000e-03 -6.16800000e-05 -4.21400000e-05 -2.76510000e-04 -3.00300000e-04 5.94770000e-04 2.86185000e-03 2.26600000e-05 2.43467000e-03 1.50964000e-03 -2.47337000e-03 6.81940000e-04 7.08100000e-05 -5.35100000e-05 6.68050000e-04 -8.44370000e-04 1.10727000e-03 1.66972000e-03 -1.72094000e-03 -2.21440000e-04 -9.67080000e-04 1.54841000e-03 -9.07920000e-04 3.39067000e-03 -1.68557000e-03 -8.95000000e-05 -1.24307000e-03 1.80147000e-03 -1.06890000e-04 5.95850000e-04 5.48460000e-04 1.80800000e-04 2.73018200e-02 -1.14350000e-04 4.94098000e-03 -1.08742000e-03 -1.23716000e-03 1.02245000e-03 3.35620000e-04 7.36150000e-04 2.46890000e-04 -1.44871000e-03 7.10320000e-04 4.05970000e-04 1.11400000e-04 4.18940000e-04 -1.72540000e-04 -1.48576000e-03 3.58915000e-03 -1.30157000e-03 1.23700000e-04 -1.34765000e-03 -2.45721000e-03 -1.04016000e-03 1.64802000e-03 -1.49000000e-04 3.28460000e-03 7.15420000e-04 -1.43757000e-03 9.34410000e-04 8.39280000e-04 -9.08440000e-04 6.86530000e-04 6.61650000e-04 8.58470000e-04 9.37100000e-04 8.29270000e-04 2.78520000e-04 2.49810000e-04 -1.01105000e-03 1.24250000e-04 -1.75706000e-03 6.15600000e-04 9.13630000e-04 5.76730000e-04 5.48620000e-04 8.34840000e-04 -2.97910000e-04
1.29177000e-03 4.32100000e-05 -8.69480000e-04 -2.60370000e-04 4.99950000e-04 -5.48000000e-05 -7.53040000e-04 5.96990000e-04 4.86340000e-04 -1.08616000e-03 9.88000000e-06 1.14630000e-03 -1.10432000e-03 3.11420000e-04 -2.43890000e-04 -3.32160000e-04 -2.48331000e-03 1.62290000e-04 -6.40630000e-04 -2.69134000e-03 -4.08640000e-04 4.86970000e-04 -3.35330000e-04 1.28720000e-04 -4.74130000e-04 4.11450000e-04 2.01560000e-04 -3.00810000e-04 -3.08800000e-05 -2.68710000e-04 -2.23000000e-04 -3.72970000e-04 -5.79580000e-04 2.68470000e-04 3.13600000e-05 -4.73600000e-05 3.97740000e-04 -3.10140000e-04 -7.90260000e-04 1.43000000e-03 7.70900000e-05 -9.83260000e-04 5.35820000e-04 -4.36450000e-04 -6.34550000e-04 1.99000000e-06 1.01970000e-04 1.39200000e-05 1.18812000e-03 2.43021000e-03 -1.04938000e-03 6.93840000e-04 -2.98522000e-03 3.93910000e-04 -1.32410000e-04 6.52200000e-04 -2.17540000e-04 3.62790000e-04 -5.75600000e-05 -1.29637000e-03 -1.48130000e-04 -1.14350000e-04 2.15355700e-02 -4.14384000e-03 9.35360000e-04 8.01890000e-04 3.78800000e-05 -9.08890000e-04 -4.87810000e-04 4.22150000e-04 5.04390000e-04 5.82400000e-05 -3.21560000e-04 2.51140000e-04 -2.97000000e-06 -5.90090000e-04 8.55040000e-04 -2.36483000e-03 6.13230000e-04 7.85880000e-04 1.98047000e-03 7.51400000e-04 5.00440000e-04 1.73006000e-03 -4.55750000e-04 -2.90450000e-03 -4.50110000e-04 -3.35370000e-04 -7.50720000e-04 -1.17707000e-03 1.28263000e-03 -7.20650000e-04 1.87310000e-04 3.61440000e-04 -1.09230000e-03 -4.80580000e-04 5.95390000e-04 -5.94560000e-04 5.90380000e-04 3.65270000e-04 3.22350000e-04 -2.78790000e-04 -1.19350000e-03 -5.70900000e-05 -6.19020000e-04 -1.17926000e-03 5.01250000e-04
-8.95980000e-03 4.42950000e-04 4.03175000e-03 9.26660000e-04 -2.93763000e-03 -1.32421000e-03 5.81786000e-03 -5.12179000e-03 -2.51641000e-03 8.04664000e-03 1.79823000e-03 -6.84833000e-03 6.88851000e-03 -6.69620000e-04 8.75300000e-04 3.41694000e-03 1.58047700e-02 5.86100000e-05 3.71736000e-03 1.84929900e-02 9.00270000e-04 -2.90726000e-03 -7.14800000e-05 3.75200000e-05 2.61727000e-03 -3.29367000e-03 -1.15288000e-03 -6.52200000e-04 3.20850000e-04 2.85240000e-03 8.74960000e-04 1.77213000e-03 2.63719000e-03 -1.88989000e-03 5.22340000e-04 4.00951000e-03 -1.84952000e-03 4.75758000e-03 6.71881000e-03 -1.09314000e-02 4.47540000e-04 5.14662000e-03 -3.04206000e-03 2.95985000e-03 2.61903000e-03 1.44403000e-03 1.64978000e-03 -2.26023000e-03 -6.46438000e-03 -1.35584300e-02 7.53261000e-03 -5.02611000e-03 2.07486900e-02 -4.24225000e-03 4.82770000e-04 -5.33034000e-03 3.83609000e-03 -2.12760000e-03 9.74240000e-04 7.30008000e-03 7.83220000e-04 4.94098000e-03 -4.14384000e-03 9.58869000e-02 -6.58608000e-03 -5.72987000e-03 1.66437000e-03 5.30592000e-03 3.44354000e-03 -1.67271000e-03 -4.59742000e-03 8.22440000e-04 2.07318000e-03 -1.34273000e-03 6.39130000e-04 2.92064000e-03 -6.32904000e-03 1.72756900e-02 -5.47873000e-03 -3.95109000e-03 -1.17728800e-02 -7.33305000e-03 -3.87304000e-03 -6.45213000e-03 2.03164000e-03 1.97302700e-02 3.21542000e-03 1.29130000e-04 5.23044000e-03 7.86715000e-03 -7.59032000e-03 5.07228000e-03 -2.94330000e-04 -6.34450000e-04 7.39956000e-03 3.34370000e-03 -1.92619000e-03 3.71488000e-03 -4.37488000e-03 -1.45803000e-03 -4.03306000e-03 2.53123000e-03 7.25762000e-03 1.26482000e-03 4.27080000e-03 7.03060000e-03 -3.02867000e-03
2.14385000e-03 9.59200000e-05 -1.01564000e-03 -1.81220000e-04 6.55190000e-04 3.55510000e-04 -1.31730000e-03 1.29104000e-03 5.13770000e-04 -1.82267000e-03 -4.40940000e-04 1.52885000e-03 -1.41186000e-03 5.00300000e-05 -1.89140000e-04 -6.91690000e-04 -3.57595000e-03 5.92300000e-05 -8.41710000e-04 -4.11627000e-03 -2.64190000e-04 6.49570000e-04 1.93930000e-04 -5.59700000e-05 -5.01260000e-04 7.28280000e-04 3.25640000e-04 1.64730000e-04 1.93400000e-05 -4.40880000e-04 -8.19900000e-05 -2.34830000e-04 -6.30160000e-04 4.86100000e-04 -3.88700000e-05 -7.81270000e-04 2.37970000e-04 -1.10443000e-03 -1.85113000e-03 2.45755000e-03 -4.19900000e-05 -1.17169000e-03 8.37720000e-04 -5.93320000e-04 -5.55150000e-04 -3.37400000e-04 -3.31250000e-04 5.82140000e-04 1.53995000e-03 3.06741000e-03 -1.69819000e-03 1.22897000e-03 -4.65697000e-03 9.94780000e-04 4.49000000e-05 1.45001000e-03 -9.84580000e-04 5.69070000e-04 -1.45700000e-04 -1.72738000e-03 -7.34100000e-05 -1.08742000e-03 9.35360000e-04 -6.58608000e-03 2.97577800e-02 1.24754000e-03 -5.31640000e-04 -1.07412000e-03 -7.59820000e-04 2.97760000e-04 1.09068000e-03 -2.01290000e-04 -3.97680000e-04 4.16620000e-04 -1.58290000e-04 -6.87390000e-04 1.40510000e-03 -3.66507000e-03 1.35242000e-03 1.02819000e-03 2.56887000e-03 1.74839000e-03 8.75140000e-04 1.48778000e-03 -3.00590000e-04 -4.38589000e-03 -6.97850000e-04 6.04000000e-06 -1.05037000e-03 -1.80962000e-03 1.85097000e-03 -1.23729000e-03 -1.86700000e-05 1.07810000e-04 -1.63649000e-03 -8.13330000e-04 4.15710000e-04 -8.00340000e-04 1.04593000e-03 3.51940000e-04 1.00767000e-03 -4.47720000e-04 -1.67782000e-03 -2.70230000e-04 -9.78190000e-04 -1.61280000e-03 8.34300000e-04
1.95911000e-03 -5.69200000e-05 -3.18320000e-04 -3.81200000e-05 6.76340000e-04 4.49400000e-04 -1.22483000e-03 1.10841000e-03 5.58600000e-04 -1.79051000e-03 -5.17840000e-04 1.41246000e-03 -1.27664000e-03 9.89200000e-05 9.14600000e-05 -5.96870000e-04 -2.99477000e-03 -4.96000000e-05 -6.81670000e-04 -3.53926000e-03 3.43150000e-04 6.60340000e-04 1.97700000e-04 -1.14840000e-04 -4.98930000e-04 9.15210000e-04 5.26020000e-04 5.33950000e-04 -3.37300000e-05 -4.68650000e-04 -3.63700000e-05 -2.22870000e-04 -3.01840000e-04 4.94770000e-04 -1.35280000e-04 -8.46690000e-04 3.34290000e-04 -9.54190000e-04 -1.48357000e-03 2.69460000e-03 -1.36660000e-04 -9.46180000e-04 6.54240000e-04 -4.47650000e-04 -2.85310000e-04 -4.15300000e-04 -4.56200000e-04 7.33240000e-04 1.42594000e-03 2.85887000e-03 -1.58063000e-03 1.05033000e-03 -4.02466000e-03 1.11552000e-03 -9.02800000e-05 1.20585000e-03 -1.00000000e-03 6.32440000e-04 -3.05510000e-04 -1.36347000e-03 7.90900000e-05 -1.23716000e-03 8.01890000e-04 -5.72987000e-03 1.24754000e-03 1.94420400e-02 -4.36310000e-04 -9.77120000e-04 -5.64970000e-04 3.87300000e-04 1.24940000e-03 -1.57670000e-04 -3.36660000e-04 3.66330000e-04 -1.41480000e-04 -3.52500000e-04 1.84845000e-03 -3.26495000e-03 1.41019000e-03 9.52790000e-04 2.82117000e-03 1.81958000e-03 9.93360000e-04 1.37575000e-03 -3.41220000e-04 -3.63677000e-03 -5.61650000e-04 1.77170000e-04 -9.49790000e-04 -1.67030000e-03 1.54321000e-03 -1.01288000e-03 2.16750000e-04 1.50680000e-04 -1.55891000e-03 -7.05420000e-04 -4.49200000e-05 -6.76680000e-04 1.01967000e-03 2.18960000e-04 9.74950000e-04 -8.66850000e-04 -1.64967000e-03 -3.93260000e-04 -8.94960000e-04 -1.41324000e-03 6.92080000e-04
-6.77650000e-04 -9.82300000e-05 -4.08100000e-05 -1.15350000e-04 -1.64620000e-04 -6.05830000e-04 3.21900000e-04 -4.92960000e-04 2.37600000e-05 8.45400000e-04 4.07000000e-04 -2.22090000e-04 1.06650000e-04 4.21500000e-04 -1.34750000e-04 4.79400000e-05 7.54570000e-04 3.52100000e-05 2.09000000e-04 9.38520000e-04 -2.41210000e-04 -8.17200000e-05 -6.68700000e-05 2.98830000e-04 -9.73900000e-05 -3.12140000e-04 -2.63840000e-04 -4.97710000e-04 -1.86760000e-04 5.65300000e-05 -2.43190000e-04 -2.42830000e-04 -4.35400000e-05 -1.17900000e-04 -1.73400000e-05 5.24170000e-04 8.15200000e-05 4.78840000e-04 5.43430000e-04 -8.55480000e-04 4.67800000e-05 -1.63000000e-05 -2.49190000e-04 -4.93400000e-05 -1.58390000e-04 2.24700000e-04 3.72510000e-04 -5.65720000e-04 -2.74330000e-04 -3.01490000e-04 4.67090000e-04 -3.47750000e-04 1.10248000e-03 -5.94460000e-04 -2.96590000e-04 -6.88350000e-04 7.55160000e-04 -2.51250000e-04 3.76400000e-05 -1.47680000e-04 -2.67860000e-04 1.02245000e-03 3.78800000e-05 1.66437000e-03 -5.31640000e-04 -4.36310000e-04 7.50686000e-03 -3.50100000e-05 5.06800000e-05 2.77690000e-04 -5.27100000e-04 1.79110000e-04 -3.75400000e-05 -2.53980000e-04 5.10200000e-05 1.05280000e-04 -5.42860000e-04 9.00540000e-04 -8.96960000e-04 -2.53250000e-04 -4.07740000e-04 -7.76790000e-04 -3.64200000e-04 4.36730000e-04 -2.45610000e-04 8.19910000e-04 8.82100000e-05 -3.08260000e-04 1.57320000e-04 7.75880000e-04 -3.69170000e-04 5.26180000e-04 -4.07100000e-05 -5.22000000e-05 7.35500000e-04 1.60650000e-04 7.42470000e-04 2.67180000e-04 -4.25880000e-04 9.65400000e-05 -5.83690000e-04 5.02290000e-04 4.55980000e-04 2.87360000e-04 3.36240000e-04 2.40280000e-04 -3.26220000e-04
-1.48984000e-03 1.53120000e-04 1.12724000e-03 4.37590000e-04 -4.37220000e-04 1.05790000e-04 1.03682000e-03 -6.24630000e-04 -4.24560000e-04 1.48121000e-03 4.16500000e-05 -1.26206000e-03 1.65200000e-03 -3.47990000e-04 4.32520000e-04 6.02430000e-04 3.11355000e-03 -9.25200000e-05 8.53440000e-04 3.59679000e-03 5.43910000e-04 -4.73250000e-04 2.97170000e-04 -4.16500000e-05 8.81120000e-04 -3.57390000e-04 -1.85360000e-04 4.55470000e-04 2.65990000e-04 5.56950000e-04 3.80900000e-04 5.99780000e-04 8.38980000e-04 -6.20300000e-05 1.74490000e-04 4.53520000e-04 -3.68130000e-04 4.10050000e-04 5.10500000e-04 -1.97398000e-03 -2.94300000e-05 1.18206000e-03 -5.27380000e-04 6.31540000e-04 9.10690000e-04 9.16700000e-05 6.72300000e-05 1.20240000e-04 -1.44076000e-03 -3.21323000e-03 1.42030000e-03 -8.12630000e-04 4.00049000e-03 -4.05730000e-04 3.50120000e-04 -5.96420000e-04 3.03440000e-04 -3.55090000e-04 2.80500000e-05 1.69624000e-03 3.05040000e-04 3.35620000e-04 -9.08890000e-04 5.30592000e-03 -1.07412000e-03 -9.77120000e-04 -3.50100000e-05 2.05442200e-02 7.38700000e-04 -4.88270000e-04 -6.21460000e-04 -5.17600000e-05 5.43950000e-04 -1.58590000e-04 9.45800000e-05 7.49620000e-04 -1.08937000e-03 3.29446000e-03 -5.74880000e-04 -7.80200000e-04 -2.60258000e-03 -1.02994000e-03 -4.59390000e-04 -2.19220000e-03 7.67260000e-04 3.83349000e-03 6.42060000e-04 4.85230000e-04 1.15213000e-03 1.51413000e-03 -1.44613000e-03 9.17320000e-04 -3.19580000e-04 -2.78080000e-04 1.26713000e-03 6.31180000e-04 -7.22810000e-04 8.54240000e-04 -4.95060000e-04 -2.91910000e-04 -2.21940000e-04 4.95160000e-04 1.47180000e-03 1.85570000e-04 8.99430000e-04 1.46454000e-03 -3.65250000e-04
-9.97400000e-04 2.86960000e-04 4.04030000e-04 2.24170000e-04 -2.33330000e-04 1.02030000e-04 9.74460000e-04 -8.01840000e-04 -2.09400000e-04 7.85260000e-04 3.19160000e-04 -8.27790000e-04 9.49270000e-04 -1.19600000e-04 2.54500000e-04 7.77080000e-04 1.83959000e-03 1.26640000e-04 4.71670000e-04 2.31202000e-03 6.92800000e-05 -3.21530000e-04 -6.79740000e-04 -3.06000000e-06 4.34930000e-04 -2.95500000e-04 1.14630000e-04 -1.53420000e-04 2.37040000e-04 6.70460000e-04 2.45760000e-04 2.62450000e-04 4.37290000e-04 -6.07500000e-05 2.72600000e-04 8.67470000e-04 -1.81590000e-04 9.26800000e-04 8.42000000e-04 -1.30060000e-03 2.07400000e-04 6.08100000e-04 -1.93540000e-04 5.92450000e-04 1.95740000e-04 3.59650000e-04 4.25910000e-04 -3.12660000e-04 -6.23280000e-04 -1.73553000e-03 1.08633000e-03 -5.39580000e-04 2.57717000e-03 -4.96070000e-04 2.14630000e-04 -4.84200000e-04 5.01950000e-04 -6.11900000e-05 9.83800000e-05 1.24350000e-03 3.72110000e-04 7.36150000e-04 -4.87810000e-04 3.44354000e-03 -7.59820000e-04 -5.64970000e-04 5.06800000e-05 7.38700000e-04 1.24101500e-02 -1.71870000e-04 -5.06230000e-04 1.73710000e-04 4.60290000e-04 8.14500000e-05 2.19620000e-04 3.64000000e-04 -6.49640000e-04 2.25626000e-03 -3.05530000e-04 -2.49530000e-04 -1.39607000e-03 -9.87110000e-04 -4.00540000e-04 -6.69460000e-04 3.75510000e-04 2.60332000e-03 5.80120000e-04 -1.61300000e-04 7.40490000e-04 7.09920000e-04 -9.36140000e-04 5.34530000e-04 1.86220000e-04 1.50700000e-04 6.38880000e-04 5.75300000e-04 -6.58470000e-04 3.96850000e-04 -4.11560000e-04 -1.16870000e-04 -4.92410000e-04 1.45920000e-04 8.68610000e-04 1.93890000e-04 5.22260000e-04 9.35110000e-04 -2.07790000e-04
4.72830000e-04 1.79800000e-05 -4.23150000e-04 -1.23400000e-04 2.27050000e-04 -1.14860000e-04 -2.54130000e-04 1.02420000e-04 3.03760000e-04 -3.01040000e-04 1.01490000e-04 5.91320000e-04 -5.53660000e-04 3.13210000e-04 -7.34800000e-05 -1.20390000e-04 -1.03477000e-03 8.83300000e-05 -2.20230000e-04 -1.11908000e-03 -2.20230000e-04 2.43380000e-04 -3.37230000e-04 1.45070000e-04 -2.77170000e-04 1.80180000e-04 7.86200000e-05 -2.89180000e-04 -7.70700000e-05 -6.80000000e-05 -1.54450000e-04 -2.72340000e-04 -2.25340000e-04 1.80820000e-04 9.48000000e-06 1.53000000e-04 3.16370000e-04 4.19900000e-05 -2.63600000e-04 5.47380000e-04 6.21400000e-05 -4.97480000e-04 2.15800000e-04 -1.81860000e-04 -3.84330000e-04 5.16700000e-05 1.63200000e-04 -1.62350000e-04 5.30930000e-04 1.11945000e-03 -3.54410000e-04 2.81630000e-04 -1.21773000e-03 2.48200000e-05 -1.88080000e-04 1.27130000e-04 1.01150000e-04 1.50920000e-04 -5.59700000e-05 -6.32770000e-04 -8.98500000e-05 2.46890000e-04 4.22150000e-04 -1.67271000e-03 2.97760000e-04 3.87300000e-04 2.77690000e-04 -4.88270000e-04 -1.71870000e-04 8.47536000e-03 1.66160000e-04 8.33900000e-05 -1.20120000e-04 7.94400000e-05 1.49900000e-05 -1.60620000e-04 4.01450000e-04 -9.47620000e-04 1.23610000e-04 3.48320000e-04 9.28190000e-04 1.82930000e-04 1.74450000e-04 9.87960000e-04 -2.96600000e-04 -1.22225000e-03 -1.46650000e-04 -3.00520000e-04 -3.57250000e-04 -3.48230000e-04 4.98150000e-04 -1.70820000e-04 1.24960000e-04 1.67930000e-04 -3.69870000e-04 -1.40910000e-04 4.33360000e-04 -1.77730000e-04 2.19750000e-04 2.31130000e-04 1.29300000e-05 -1.10000000e-06 -4.40130000e-04 6.73300000e-05 -1.85160000e-04 -4.82880000e-04 1.84790000e-04
1.56150000e-03 -1.25040000e-04 -7.43400000e-05 6.04400000e-05 4.79410000e-04 4.68430000e-04 -1.06691000e-03 1.12446000e-03 3.48100000e-04 -1.33050000e-03 -6.13920000e-04 1.04984000e-03 -9.01910000e-04 -7.09200000e-05 1.44120000e-04 -6.58390000e-04 -2.19544000e-03 -1.80770000e-04 -4.44410000e-04 -2.78591000e-03 4.40730000e-04 4.92040000e-04 5.61400000e-04 -1.66630000e-04 -2.90060000e-04 7.49360000e-04 3.06450000e-04 7.29130000e-04 -4.36800000e-05 -5.21440000e-04 1.38400000e-05 -9.18800000e-05 -1.24240000e-04 3.83840000e-04 -1.95260000e-04 -1.14665000e-03 1.93040000e-04 -1.16281000e-03 -1.36540000e-03 2.16009000e-03 -2.35440000e-04 -5.81850000e-04 4.54080000e-04 -4.13360000e-04 5.32300000e-05 -5.07130000e-04 -6.40520000e-04 8.59000000e-04 8.96360000e-04 1.88905000e-03 -1.29233000e-03 8.76900000e-04 -3.18755000e-03 1.06011000e-03 1.46700000e-05 1.07731000e-03 -1.05207000e-03 4.10120000e-04 -3.38610000e-04 -9.43940000e-04 1.10300000e-05 -1.44871000e-03 5.04390000e-04 -4.59742000e-03 1.09068000e-03 1.24940000e-03 -5.27100000e-04 -6.21460000e-04 -5.06230000e-04 1.66160000e-04 1.69123900e-02 -2.88400000e-04 -2.69280000e-04 2.16460000e-04 -1.95860000e-04 -1.52680000e-04 1.41952000e-03 -2.70470000e-03 1.15450000e-03 5.45450000e-04 1.91121000e-03 1.71795000e-03 8.26580000e-04 3.85330000e-04 -1.06480000e-04 -2.91827000e-03 -5.00010000e-04 4.54830000e-04 -7.38500000e-04 -1.15723000e-03 1.14456000e-03 -7.60510000e-04 -9.33100000e-05 -1.84940000e-04 -1.08646000e-03 -6.48810000e-04 -6.15500000e-05 -4.20150000e-04 8.48530000e-04 1.13380000e-04 1.03099000e-03 -5.50680000e-04 -1.20030000e-03 -3.39970000e-04 -6.66430000e-04 -1.05164000e-03 5.30190000e-04
-2.65180000e-04 1.54760000e-04 -2.70220000e-04 -1.30070000e-04 -1.84800000e-05 -1.46990000e-04 3.47580000e-04 -4.40030000e-04 2.13900000e-05 3.62300000e-05 3.93080000e-04 -6.93700000e-05 -4.61000000e-06 1.31140000e-04 -1.31220000e-04 3.53960000e-04 1.25220000e-04 3.07500000e-04 -7.07200000e-05 3.39290000e-04 -3.06400000e-04 -7.64600000e-05 -7.02650000e-04 7.32600000e-05 -5.59100000e-05 -1.70010000e-04 8.28700000e-05 -5.12790000e-04 7.81500000e-05 2.86430000e-04 3.48500000e-05 2.40500000e-05 -1.64910000e-04 -4.96900000e-05 1.81080000e-04 6.58900000e-04 2.13800000e-05 7.35700000e-04 6.99960000e-04 -3.84500000e-04 2.73110000e-04 -7.80000000e-05 3.51600000e-05 2.12300000e-04 -3.48610000e-04 3.69600000e-04 4.36680000e-04 -4.61180000e-04 1.50390000e-04 1.25290000e-04 2.77200000e-04 -1.54450000e-04 4.31440000e-04 -3.58560000e-04 -4.04000000e-06 -2.71920000e-04 4.80640000e-04 5.65600000e-05 3.10580000e-04 1.85890000e-04 1.47160000e-04 7.10320000e-04 5.82400000e-05 8.22440000e-04 -2.01290000e-04 -1.57670000e-04 1.79110000e-04 -5.17600000e-05 1.73710000e-04 8.33900000e-05 -2.88400000e-04 9.98501000e-03 8.82800000e-05 9.73500000e-05 1.96360000e-04 -1.62760000e-04 -2.01470000e-04 4.73760000e-04 -1.93570000e-04 1.35930000e-04 1.40900000e-05 -5.72050000e-04 -1.99330000e-04 6.30350000e-04 -1.27890000e-04 4.74680000e-04 2.10420000e-04 -4.70340000e-04 8.24700000e-05 -8.03900000e-05 -1.34940000e-04 1.01500000e-05 3.04110000e-04 3.81470000e-04 -6.81100000e-05 1.99350000e-04 -5.02000000e-05 -1.16260000e-04 -2.07150000e-04 3.95000000e-05 -4.97930000e-04 -9.93700000e-05 6.54600000e-05 8.37000000e-05 1.39900000e-05 7.66900000e-05 -9.49900000e-05
-5.70760000e-04 2.29050000e-04 2.92050000e-04 2.09610000e-04 -1.19600000e-04 1.65620000e-04 6.13940000e-04 -4.67480000e-04 -1.02360000e-04 5.22060000e-04 1.50200000e-04 -4.62260000e-04 6.45560000e-04 -1.24370000e-04 2.39410000e-04 4.72180000e-04 1.17810000e-03 9.65900000e-05 3.37280000e-04 1.42112000e-03 1.08180000e-04 -1.86040000e-04 -3.11270000e-04 -1.54400000e-05 3.78820000e-04 -1.20980000e-04 7.34700000e-05 -2.85000000e-05 2.01480000e-04 4.73370000e-04 2.35410000e-04 2.33430000e-04 3.59750000e-04 1.48530000e-04 2.14600000e-04 5.37930000e-04 -1.43550000e-04 5.36600000e-04 4.02150000e-04 -8.12200000e-04 1.44360000e-04 4.74550000e-04 -7.54200000e-05 4.24690000e-04 1.51860000e-04 2.01900000e-04 2.53690000e-04 -1.18880000e-04 -4.71430000e-04 -1.32454000e-03 7.26230000e-04 -2.61480000e-04 1.61082000e-03 -2.59200000e-04 1.92990000e-04 -2.14160000e-04 2.38340000e-04 -1.22100000e-05 7.46400000e-05 9.92220000e-04 2.95170000e-04 4.05970000e-04 -3.21560000e-04 2.07318000e-03 -3.97680000e-04 -3.36660000e-04 -3.75400000e-05 5.43950000e-04 4.60290000e-04 -1.20120000e-04 -2.69280000e-04 8.82800000e-05 1.29789400e-02 8.16500000e-05 1.59150000e-04 2.79720000e-04 -4.07490000e-04 1.41630000e-03 -5.82400000e-05 -1.98380000e-04 -9.89930000e-04 -5.16870000e-04 -1.87200000e-04 -7.05550000e-04 3.33350000e-04 1.62878000e-03 4.17870000e-04 -6.81100000e-05 4.77480000e-04 4.83400000e-04 -6.61950000e-04 3.33540000e-04 4.62900000e-05 8.54000000e-05 3.49630000e-04 4.28520000e-04 -4.80360000e-04 3.13410000e-04 -1.27560000e-04 -2.94200000e-05 -2.05660000e-04 1.47460000e-04 6.22630000e-04 1.52250000e-04 3.82980000e-04 6.42700000e-04 -2.87800000e-05
5.94650000e-04 3.40490000e-04 -4.32140000e-04 -2.25700000e-05 2.37610000e-04 2.44550000e-04 -8.49000000e-06 8.56200000e-05 1.91440000e-04 -6.18260000e-04 9.36500000e-05 3.91950000e-04 -1.72640000e-04 -3.48000000e-06 -1.32400000e-05 3.29000000e-04 -9.49020000e-04 2.27260000e-04 -2.67700000e-04 -7.57380000e-04 -2.47750000e-04 1.52190000e-04 -7.59250000e-04 -2.75200000e-05 -1.34100000e-05 1.89440000e-04 3.65640000e-04 -2.06620000e-04 2.12820000e-04 3.26790000e-04 1.03840000e-04 1.64200000e-05 -1.80730000e-04 1.95810000e-04 2.40300000e-04 4.39410000e-04 7.83000000e-05 2.66690000e-04 -3.84680000e-04 4.40390000e-04 1.97950000e-04 -3.84800000e-04 4.27790000e-04 1.21760000e-04 -3.30650000e-04 1.72230000e-04 2.74490000e-04 -6.02600000e-05 6.68670000e-04 9.33950000e-04 -2.12500000e-04 3.12730000e-04 -8.92010000e-04 1.25110000e-04 1.47790000e-04 5.05300000e-04 -8.64200000e-05 3.72060000e-04 5.85300000e-05 -2.84460000e-04 2.88560000e-04 1.11400000e-04 2.51140000e-04 -1.34273000e-03 4.16620000e-04 3.66330000e-04 -2.53980000e-04 -1.58590000e-04 8.14500000e-05 7.94400000e-05 2.16460000e-04 9.73500000e-05 8.16500000e-05 1.97060000e-02 1.16870000e-04 -2.73260000e-04 3.88920000e-04 -4.53100000e-04 5.93180000e-04 6.48020000e-04 7.25220000e-04 1.10290000e-04 1.98960000e-04 9.10790000e-04 1.29200000e-05 -6.69270000e-04 2.92100000e-05 -2.79370000e-04 -6.40100000e-05 -7.18090000e-04 5.90420000e-04 -4.09130000e-04 3.19750000e-04 4.02550000e-04 -6.69780000e-04 -3.16500000e-05 -2.87190000e-04 -2.86640000e-04 3.29140000e-04 1.23200000e-04 8.69600000e-05 -3.09070000e-04 -4.76640000e-04 -2.68900000e-05 -2.63360000e-04 -3.47250000e-04 3.37850000e-04
-2.28070000e-04 1.33880000e-04 -9.41900000e-05 -2.18500000e-05 1.92100000e-05 1.90600000e-05 3.53760000e-04 -3.19530000e-04 4.08700000e-05 4.80800000e-05 2.83120000e-04 -1.31990000e-04 1.36760000e-04 4.08600000e-05 2.93000000e-06 3.24010000e-04 2.20680000e-04 1.98750000e-04 3.20000000e-07 3.98340000e-04 -1.37760000e-04 -5.13900000e-05 -5.48970000e-04 3.92300000e-05 9.23800000e-05 -6.78400000e-05 1.01430000e-04 -2.73500000e-04 1.37670000e-04 2.50350000e-04 6.96400000e-05 3.51400000e-05 -1.40800000e-05 9.23600000e-05 2.11690000e-04 4.52400000e-04 -1.28140000e-04 5.10830000e-04 5.25040000e-04 -3.50480000e-04 1.86030000e-04 7.06200000e-05 3.95500000e-05 2.08550000e-04 -1.63330000e-04 3.05350000e-04 3.23350000e-04 -2.56140000e-04 1.50200000e-05 -2.23480000e-04 3.08300000e-04 -8.09400000e-05 4.70810000e-04 -2.00860000e-04 9.05100000e-05 -1.48650000e-04 3.23360000e-04 6.01400000e-05 1.52990000e-04 4.33560000e-04 1.62840000e-04 4.18940000e-04 -2.97000000e-06 6.39130000e-04 -1.58290000e-04 -1.41480000e-04 5.10200000e-05 9.45800000e-05 2.19620000e-04 1.49900000e-05 -1.95860000e-04 1.96360000e-04 1.59150000e-04 1.16870000e-04 7.72602000e-03 -6.99700000e-05 -1.80800000e-04 4.17310000e-04 -2.97200000e-05 5.20900000e-05 -1.78030000e-04 -3.93470000e-04 -9.27500000e-05 1.50490000e-04 1.85100000e-05 5.15610000e-04 2.11100000e-04 -2.75820000e-04 1.42360000e-04 -2.58300000e-05 -2.20050000e-04 3.16600000e-05 2.01870000e-04 2.71360000e-04 -3.02600000e-05 2.23070000e-04 -1.83670000e-04 -3.87000000e-05 -1.01840000e-04 1.71900000e-05 -2.90560000e-04 -8.90100000e-05 1.53590000e-04 7.62800000e-05 7.05800000e-05 1.65950000e-04 -3.80200000e-05
-8.97110000e-04 -1.34050000e-04 1.00183000e-03 3.62030000e-04 -2.86030000e-04 9.58300000e-05 4.38750000e-04 -2.52710000e-04 -2.33800000e-04 1.04250000e-03 -1.98410000e-04 -7.18690000e-04 8.48140000e-04 -1.46930000e-04 4.44860000e-04 4.48400000e-05 2.02767000e-03 -2.80650000e-04 6.71670000e-04 1.99277000e-03 6.91080000e-04 -2.34160000e-04 6.95880000e-04 -4.46700000e-05 4.15760000e-04 -8.99100000e-05 -1.71080000e-04 5.89370000e-04 -3.80800000e-05 7.09800000e-05 1.86280000e-04 2.64380000e-04 7.13280000e-04 -5.87000000e-06 -1.25420000e-04 -2.71570000e-04 -1.86780000e-04 -9.37600000e-05 2.77530000e-04 -8.16780000e-04 -1.99520000e-04 8.27440000e-04 -4.57130000e-04 2.75100000e-04 7.57500000e-04 -1.97070000e-04 -2.87660000e-04 2.85250000e-04 -1.04199000e-03 -2.05570000e-03 7.63150000e-04 -4.35950000e-04 2.22084000e-03 -8.87900000e-05 3.34400000e-05 -4.46250000e-04 6.83000000e-06 -2.89250000e-04 -1.91300000e-04 1.04531000e-03 6.71700000e-05 -1.72540000e-04 -5.90090000e-04 2.92064000e-03 -6.87390000e-04 -3.52500000e-04 1.05280000e-04 7.49620000e-04 3.64000000e-04 -1.60620000e-04 -1.52680000e-04 -1.62760000e-04 2.79720000e-04 -2.73260000e-04 -6.99700000e-05 1.40509000e-02 -3.83090000e-04 1.63556000e-03 -4.25890000e-04 -7.22160000e-04 -1.45773000e-03 -2.12030000e-04 -1.90230000e-04 -1.74053000e-03 4.15400000e-04 2.08718000e-03 3.28700000e-04 5.31380000e-04 5.37600000e-04 1.20436000e-03 -1.03126000e-03 7.49900000e-04 -3.48430000e-04 -5.26990000e-04 1.02253000e-03 3.08210000e-04 -2.96840000e-04 7.06310000e-04 -2.69200000e-04 -1.97300000e-04 7.00300000e-05 3.91440000e-04 9.54390000e-04 9.77000000e-05 6.25410000e-04 9.27870000e-04 -2.81410000e-04
2.14924000e-03 -9.18900000e-05 -3.60810000e-04 -7.94600000e-05 7.14210000e-04 4.88170000e-04 -1.39108000e-03 1.30782000e-03 5.84150000e-04 -1.98757000e-03 -6.11110000e-04 1.55939000e-03 -1.41391000e-03 8.27900000e-05 8.59600000e-05 -6.91760000e-04 -3.28170000e-03 -8.98300000e-05 -7.77920000e-04 -3.92078000e-03 4.04440000e-04 7.04120000e-04 1.65770000e-04 -1.83670000e-04 -5.81910000e-04 9.87270000e-04 5.88720000e-04 6.30310000e-04 -8.06500000e-05 -5.67720000e-04 -6.86600000e-05 -2.57040000e-04 -3.69740000e-04 4.38550000e-04 -1.94330000e-04 -1.07275000e-03 3.63100000e-04 -1.12484000e-03 -1.58100000e-03 3.02727000e-03 -1.97630000e-04 -1.03822000e-03 7.19280000e-04 -5.21730000e-04 -2.43970000e-04 -4.93200000e-04 -5.72890000e-04 8.42200000e-04 1.59356000e-03 3.24981000e-03 -1.78860000e-03 1.16053000e-03 -4.48064000e-03 1.25836000e-03 -9.37400000e-05 1.33609000e-03 -1.15635000e-03 6.95250000e-04 -3.61160000e-04 -1.55234000e-03 6.24900000e-05 -1.48576000e-03 8.55040000e-04 -6.32904000e-03 1.40510000e-03 1.84845000e-03 -5.42860000e-04 -1.08937000e-03 -6.49640000e-04 4.01450000e-04 1.41952000e-03 -2.01470000e-04 -4.07490000e-04 3.88920000e-04 -1.80800000e-04 -3.83090000e-04 2.42358700e-02 -3.65207000e-03 1.50342000e-03 1.03787000e-03 3.09952000e-03 2.05486000e-03 1.06708000e-03 1.52020000e-03 -3.78140000e-04 -4.04168000e-03 -6.48360000e-04 2.54390000e-04 -1.04837000e-03 -1.82510000e-03 1.74001000e-03 -1.12074000e-03 2.20160000e-04 1.03240000e-04 -1.65022000e-03 -8.54250000e-04 -2.66000000e-05 -7.35110000e-04 1.07270000e-03 1.73140000e-04 1.08736000e-03 -9.55370000e-04 -1.86870000e-03 -4.81180000e-04 -1.01136000e-03 -1.57355000e-03 7.28860000e-04
-5.13921000e-03 8.02250000e-04 2.11056000e-03 6.22080000e-04 -1.59122000e-03 -5.87990000e-04 3.62292000e-03 -3.21666000e-03 -1.43296000e-03 4.45341000e-03 1.12426000e-03 -4.15591000e-03 4.48527000e-03 -3.93100000e-04 6.21090000e-04 2.54505000e-03 9.29065000e-03 1.89710000e-04 2.17420000e-03 1.13387600e-02 3.88060000e-04 -1.60356000e-03 -4.30090000e-04 4.48500000e-05 1.67258000e-03 -1.82557000e-03 -2.48080000e-04 -5.12490000e-04 5.01640000e-04 2.48099000e-03 6.59060000e-04 1.20492000e-03 1.54423000e-03 -9.56410000e-04 6.58490000e-04 3.45335000e-03 -1.28561000e-03 3.21997000e-03 2.94899000e-03 -6.39757000e-03 4.05710000e-04 2.89087000e-03 -1.39923000e-03 1.98107000e-03 1.36491000e-03 1.06803000e-03 1.52026000e-03 -1.39867000e-03 -3.47915000e-03 -7.92341000e-03 4.53609000e-03 -2.88413000e-03 1.25217900e-02 -2.55209000e-03 5.14630000e-04 -2.80602000e-03 2.25540000e-03 -9.42270000e-04 5.30590000e-04 4.07499000e-03 7.22310000e-04 3.58915000e-03 -2.36483000e-03 1.72756900e-02 -3.66507000e-03 -3.26495000e-03 9.00540000e-04 3.29446000e-03 2.25626000e-03 -9.47620000e-04 -2.70470000e-03 4.73760000e-04 1.41630000e-03 -4.53100000e-04 4.17310000e-04 1.63556000e-03 -3.65207000e-03 6.09194100e-02 -2.89046000e-03 -1.81432000e-03 -6.89351000e-03 -4.39324000e-03 -2.24864000e-03 -3.01625000e-03 1.41084000e-03 1.22554900e-02 1.99410000e-03 -1.67030000e-04 3.54287000e-03 4.25234000e-03 -4.34260000e-03 2.77369000e-03 8.65200000e-05 -1.49930000e-04 4.27870000e-03 2.02245000e-03 -1.50243000e-03 2.13810000e-03 -2.59434000e-03 -8.93620000e-04 -2.41138000e-03 1.46389000e-03 4.07105000e-03 7.28460000e-04 2.35511000e-03 4.13122000e-03 -1.42726000e-03
1.94417000e-03 2.39900000e-04 -4.75420000e-04 1.17930000e-04 7.34910000e-04 9.13080000e-04 -9.07020000e-04 9.87390000e-04 5.21360000e-04 -1.88822000e-03 -5.31700000e-04 1.36470000e-03 -9.19980000e-04 -1.92640000e-04 1.73930000e-04 -2.42620000e-04 -2.89408000e-03 1.09380000e-04 -6.38450000e-04 -3.25597000e-03 1.35710000e-04 5.86050000e-04 -3.02730000e-04 -1.85880000e-04 -1.02150000e-04 9.28770000e-04 5.63350000e-04 4.86910000e-04 3.05600000e-04 -1.11680000e-04 2.30900000e-04 5.35100000e-05 -1.73600000e-04 7.60440000e-04 1.45140000e-04 -5.12960000e-04 4.17710000e-04 -7.77830000e-04 -1.63615000e-03 2.21368000e-03 1.04500000e-05 -7.30910000e-04 7.85380000e-04 -1.62980000e-04 -2.97600000e-04 -2.48150000e-04 -3.01840000e-04 7.97830000e-04 1.24211000e-03 2.03154000e-03 -1.29982000e-03 1.06096000e-03 -3.67141000e-03 1.10253000e-03 2.56080000e-04 1.43758000e-03 -1.11389000e-03 6.71200000e-04 -1.92420000e-04 -6.20770000e-04 3.56730000e-04 -1.30157000e-03 6.13230000e-04 -5.47873000e-03 1.35242000e-03 1.41019000e-03 -8.96960000e-04 -5.74880000e-04 -3.05530000e-04 1.23610000e-04 1.15450000e-03 -1.93570000e-04 -5.82400000e-05 5.93180000e-04 -2.97200000e-05 -4.25890000e-04 1.50342000e-03 -2.89046000e-03 1.74004200e-02 9.92700000e-04 2.10232000e-03 1.61888000e-03 9.96530000e-04 6.23290000e-04 2.63800000e-05 -3.21529000e-03 -3.39570000e-04 1.08380000e-04 -7.62180000e-04 -1.86532000e-03 1.36691000e-03 -1.15192000e-03 2.28740000e-04 3.94650000e-04 -1.93013000e-03 -4.16740000e-04 -6.54060000e-04 -7.03880000e-04 1.22316000e-03 2.41860000e-04 1.09269000e-03 -8.78550000e-04 -1.44349000e-03 -3.54540000e-04 -8.37000000e-04 -1.16508000e-03 9.20730000e-04
1.51299000e-03 4.58090000e-04 -1.07993000e-03 -2.58550000e-04 5.20740000e-04 1.61770000e-04 -5.42140000e-04 4.83520000e-04 4.70840000e-04 -1.43184000e-03 9.69800000e-05 1.15634000e-03 -8.68290000e-04 1.97060000e-04 -2.53110000e-04 2.16140000e-04 -2.70215000e-03 3.40860000e-04 -7.59020000e-04 -2.46163000e-03 -6.04320000e-04 4.40940000e-04 -1.13027000e-03 2.00800000e-05 -3.87230000e-04 4.10500000e-04 5.82940000e-04 -4.67100000e-04 1.70350000e-04 2.47680000e-04 -6.69200000e-05 -2.23880000e-04 -6.54950000e-04 2.67280000e-04 2.39630000e-04 5.69360000e-04 3.56330000e-04 1.01810000e-04 -1.17985000e-03 1.38283000e-03 2.48310000e-04 -1.16220000e-03 8.34290000e-04 -1.65340000e-04 -7.96140000e-04 1.31010000e-04 3.73200000e-04 -1.15970000e-04 1.64491000e-03 2.92149000e-03 -9.71760000e-04 7.37410000e-04 -2.84105000e-03 3.33800000e-04 3.69300000e-05 1.01888000e-03 -2.55200000e-04 6.78980000e-04 6.05700000e-05 -1.59873000e-03 2.29880000e-04 1.23700000e-04 7.85880000e-04 -3.95109000e-03 1.02819000e-03 9.52790000e-04 -2.53250000e-04 -7.80200000e-04 -2.49530000e-04 3.48320000e-04 5.45450000e-04 1.35930000e-04 -1.98380000e-04 6.48020000e-04 5.20900000e-05 -7.22160000e-04 1.03787000e-03 -1.81432000e-03 9.92700000e-04 3.81290300e-02 2.20804000e-03 4.75880000e-04 4.75780000e-04 2.54999000e-03 -3.22120000e-04 -2.51743000e-03 -3.11090000e-04 -5.47280000e-04 -4.95300000e-04 -1.62310000e-03 1.68997000e-03 -9.76020000e-04 5.84900000e-04 7.46700000e-04 -1.44364000e-03 -3.84820000e-04 4.14400000e-05 -7.46080000e-04 6.61820000e-04 3.00100000e-04 2.36150000e-04 -5.81250000e-04 -1.36246000e-03 -1.42810000e-04 -7.58210000e-04 -1.17003000e-03 6.44050000e-04
3.82956000e-03 -6.05400000e-05 -1.80570000e-03 -6.40570000e-04 1.22202000e-03 1.72750000e-04 -2.36570000e-03 1.87500000e-03 1.07958000e-03 -3.61164000e-03 -3.81470000e-04 2.96398000e-03 -3.13264000e-03 5.38260000e-04 -5.56300000e-04 -1.05699000e-03 -6.83714000e-03 2.08450000e-04 -1.82942000e-03 -7.65158000e-03 -4.92860000e-04 1.22130000e-03 -4.71860000e-04 -5.02600000e-05 -1.49626000e-03 1.27350000e-03 8.53250000e-04 -2.07870000e-04 -2.61100000e-04 -9.35470000e-04 -5.00780000e-04 -9.17030000e-04 -1.48314000e-03 5.03580000e-04 -2.13840000e-04 -9.99040000e-04 7.40190000e-04 -1.21028000e-03 -2.11765000e-03 4.84204000e-03 -8.15000000e-06 -2.55220000e-03 1.42628000e-03 -1.15484000e-03 -1.44430000e-03 -3.76910000e-04 -3.10140000e-04 4.37940000e-04 3.43207000e-03 7.14496000e-03 -3.25966000e-03 2.00629000e-03 -8.62636000e-03 1.50467000e-03 -4.15290000e-04 2.04393000e-03 -1.21728000e-03 1.16838000e-03 -2.66590000e-04 -3.64975000e-03 -1.99000000e-04 -1.34765000e-03 1.98047000e-03 -1.17728800e-02 2.56887000e-03 2.82117000e-03 -4.07740000e-04 -2.60258000e-03 -1.39607000e-03 9.28190000e-04 1.91121000e-03 1.40900000e-05 -9.89930000e-04 7.25220000e-04 -1.78030000e-04 -1.45773000e-03 3.09952000e-03 -6.89351000e-03 2.10232000e-03 2.20804000e-03 3.81677500e-02 2.78963000e-03 1.50913000e-03 4.63133000e-03 -1.25624000e-03 -8.04395000e-03 -1.30460000e-03 -5.19640000e-04 -2.17116000e-03 -3.61917000e-03 3.60011000e-03 -2.19520000e-03 7.24650000e-04 7.21960000e-04 -3.17085000e-03 -1.52670000e-03 8.35200000e-04 -1.78855000e-03 1.62023000e-03 6.02870000e-04 1.09077000e-03 -1.53599000e-03 -3.60419000e-03 -5.91210000e-04 -2.03144000e-03 -3.30387000e-03 1.18067000e-03
2.32771000e-03 -3.96440000e-04 -1.85700000e-05 7.96900000e-05 6.71560000e-04 6.43950000e-04 -1.85284000e-03 1.87368000e-03 4.26220000e-04 -1.96001000e-03 -1.09320000e-03 1.45471000e-03 -1.46402000e-03 -1.60270000e-04 1.93200000e-04 -1.37518000e-03 -3.25278000e-03 -4.23190000e-04 -6.54690000e-04 -4.43418000e-03 7.85800000e-04 7.51430000e-04 1.66471000e-03 -2.65940000e-04 -5.16640000e-04 1.11110000e-03 2.80840000e-04 1.29436000e-03 -1.79900000e-04 -1.04909000e-03 -5.38500000e-05 -1.72950000e-04 -2.07040000e-04 5.43640000e-04 -4.38470000e-04 -2.17529000e-03 3.92900000e-05 -2.14948000e-03 -2.11777000e-03 3.47802000e-03 -5.01900000e-04 -7.67750000e-04 5.76500000e-04 -8.18350000e-04 1.97910000e-04 -9.15670000e-04 -1.18951000e-03 1.46627000e-03 1.12147000e-03 2.62221000e-03 -2.12540000e-03 1.36734000e-03 -5.07223000e-03 1.72213000e-03 -2.94000000e-05 1.55766000e-03 -1.74652000e-03 4.61020000e-04 -5.96280000e-04 -1.38144000e-03 -2.23200000e-04 -2.45721000e-03 7.51400000e-04 -7.33305000e-03 1.74839000e-03 1.81958000e-03 -7.76790000e-04 -1.02994000e-03 -9.87110000e-04 1.82930000e-04 1.71795000e-03 -5.72050000e-04 -5.16870000e-04 1.10290000e-04 -3.93470000e-04 -2.12030000e-04 2.05486000e-03 -4.39324000e-03 1.61888000e-03 4.75880000e-04 2.78963000e-03 2.36897800e-02 1.27202000e-03 1.07710000e-04 -1.92020000e-04 -4.70909000e-03 -9.19000000e-04 8.96670000e-04 -1.22938000e-03 -1.62207000e-03 1.54302000e-03 -1.12606000e-03 -4.30690000e-04 -6.42620000e-04 -1.41502000e-03 -1.15002000e-03 1.60380000e-04 -5.99270000e-04 1.21996000e-03 1.17020000e-04 1.69145000e-03 -6.95990000e-04 -1.83003000e-03 -5.45800000e-04 -1.03479000e-03 -1.67737000e-03 7.54670000e-04
1.31461000e-03 -8.20600000e-05 -1.06210000e-04 5.43100000e-05 4.97400000e-04 3.67540000e-04 -8.55290000e-04 9.06140000e-04 4.13790000e-04 -1.06372000e-03 -4.41330000e-04 9.86410000e-04 -7.20570000e-04 1.74000000e-06 1.18970000e-04 -5.18610000e-04 -1.91642000e-03 -7.10300000e-05 -3.84960000e-04 -2.33145000e-03 3.00690000e-04 4.75810000e-04 3.26450000e-04 -3.41200000e-05 -1.25920000e-04 6.75270000e-04 2.00640000e-04 5.48490000e-04 5.07100000e-05 -4.18230000e-04 1.92400000e-05 -6.42700000e-05 -8.19000000e-05 4.51100000e-04 -6.28400000e-05 -7.47920000e-04 2.48710000e-04 -9.10390000e-04 -1.23033000e-03 1.64203000e-03 -1.57920000e-04 -5.33420000e-04 3.87520000e-04 -3.39890000e-04 -9.20000000e-06 -3.34340000e-04 -4.06280000e-04 6.92520000e-04 7.13300000e-04 1.44854000e-03 -1.02558000e-03 7.28910000e-04 -2.61857000e-03 8.59600000e-04 3.26100000e-05 8.81780000e-04 -7.62270000e-04 3.22260000e-04 -2.57220000e-04 -7.10160000e-04 3.94000000e-06 -1.04016000e-03 5.00440000e-04 -3.87304000e-03 8.75140000e-04 9.93360000e-04 -3.64200000e-04 -4.59390000e-04 -4.00540000e-04 1.74450000e-04 8.26580000e-04 -1.99330000e-04 -1.87200000e-04 1.98960000e-04 -9.27500000e-05 -1.90230000e-04 1.06708000e-03 -2.24864000e-03 9.96530000e-04 4.75780000e-04 1.50913000e-03 1.27202000e-03 2.69358300e-02 2.76990000e-04 -8.07500000e-05 -2.46202000e-03 -3.90850000e-04 3.27260000e-04 -6.05810000e-04 -9.68800000e-04 9.62510000e-04 -6.29550000e-04 -1.11730000e-04 -5.50000000e-07 -1.05377000e-03 -4.73270000e-04 2.18300000e-05 -3.55060000e-04 8.26000000e-04 1.83900000e-04 8.77190000e-04 -4.21530000e-04 -9.74900000e-04 -2.21330000e-04 -4.79930000e-04 -8.80240000e-04 5.23530000e-04
2.20858000e-03 6.60590000e-04 -2.64603000e-03 -9.96360000e-04 7.09880000e-04 -6.99790000e-04 -8.53170000e-04 2.10170000e-04 7.46720000e-04 -2.35976000e-03 8.44800000e-04 1.84780000e-03 -2.10584000e-03 9.05670000e-04 -1.03934000e-03 4.52920000e-04 -4.89602000e-03 7.61100000e-04 -1.61492000e-03 -4.33443000e-03 -1.80001000e-03 6.90300000e-04 -2.43014000e-03 2.46420000e-04 -1.44840000e-03 1.85790000e-04 9.75640000e-04 -1.94726000e-03 -9.51600000e-05 4.24400000e-04 -6.53890000e-04 -9.91500000e-04 -1.87955000e-03 -2.37670000e-04 3.23430000e-04 1.77377000e-03 5.86560000e-04 1.11095000e-03 -7.43180000e-04 2.23382000e-03 6.17130000e-04 -2.48832000e-03 1.40167000e-03 -5.44150000e-04 -2.18367000e-03 6.64170000e-04 1.28668000e-03 -1.28548000e-03 3.36212000e-03 6.51433000e-03 -1.72485000e-03 9.89140000e-04 -5.00739000e-03 -1.92720000e-04 -4.34490000e-04 9.54540000e-04 5.04650000e-04 1.09613000e-03 3.41490000e-04 -3.65829000e-03 -5.23500000e-05 1.64802000e-03 1.73006000e-03 -6.45213000e-03 1.48778000e-03 1.37575000e-03 4.36730000e-04 -2.19220000e-03 -6.69460000e-04 9.87960000e-04 3.85330000e-04 6.30350000e-04 -7.05550000e-04 9.10790000e-04 1.50490000e-04 -1.74053000e-03 1.52020000e-03 -3.01625000e-03 6.23290000e-04 2.54999000e-03 4.63133000e-03 1.07710000e-04 2.76990000e-04 5.20777200e-02 -1.35216000e-03 -4.51888000e-03 -7.09730000e-04 -1.80851000e-03 -1.04821000e-03 -2.82132000e-03 3.03957000e-03 -1.58727000e-03 1.53730000e-03 1.58432000e-03 -2.00352000e-03 -7.59090000e-04 1.11079000e-03 -1.58605000e-03 3.84060000e-04 5.53120000e-04 -6.88870000e-04 -9.17700000e-04 -2.61505000e-03 -1.05360000e-04 -1.52909000e-03 -2.35283000e-03 7.28210000e-04
-4.91210000e-04 1.49930000e-04 5.91900000e-04 3.30480000e-04 -1.44410000e-04 2.61570000e-04 4.27160000e-04 -1.17240000e-04 -1.94670000e-04 5.53890000e-04 -1.41080000e-04 -5.68570000e-04 8.50830000e-04 -2.94280000e-04 3.30290000e-04 2.69880000e-04 1.35833000e-03 -8.83700000e-05 4.43390000e-04 1.52105000e-03 3.81580000e-04 -1.79650000e-04 2.72940000e-04 -7.39900000e-05 5.21190000e-04 -4.27000000e-05 -6.72000000e-06 4.55300000e-04 2.14920000e-04 3.10690000e-04 2.91290000e-04 3.87400000e-04 5.22650000e-04 9.45600000e-05 1.10550000e-04 6.20700000e-05 -2.35390000e-04 -1.61500000e-05 -1.39750000e-04 -6.92350000e-04 -3.60900000e-05 6.08460000e-04 -1.47990000e-04 3.37990000e-04 5.42940000e-04 -5.06700000e-05 -8.17000000e-05 3.08730000e-04 -6.77180000e-04 -1.64577000e-03 6.00690000e-04 -2.43130000e-04 1.65650000e-03 2.75700000e-05 2.97940000e-04 2.39000000e-06 -1.19720000e-04 -8.58000000e-05 -5.69800000e-05 8.98720000e-04 2.42210000e-04 -1.49000000e-04 -4.55750000e-04 2.03164000e-03 -3.00590000e-04 -3.41220000e-04 -2.45610000e-04 7.67260000e-04 3.75510000e-04 -2.96600000e-04 -1.06480000e-04 -1.27890000e-04 3.33350000e-04 1.29200000e-05 1.85100000e-05 4.15400000e-04 -3.78140000e-04 1.41084000e-03 2.63800000e-05 -3.22120000e-04 -1.25624000e-03 -1.92020000e-04 -8.07500000e-05 -1.35216000e-03 1.39663900e-02 1.65443000e-03 3.04240000e-04 3.96590000e-04 5.65530000e-04 6.00870000e-04 -6.13890000e-04 3.37310000e-04 -2.27830000e-04 -2.24180000e-04 4.82310000e-04 2.70390000e-04 -5.41220000e-04 4.24910000e-04 -5.85700000e-05 -1.29920000e-04 1.74270000e-04 2.22400000e-04 6.59600000e-04 5.62700000e-05 4.05570000e-04 6.92090000e-04 -1.76100000e-05
-6.00067000e-03 5.59320000e-04 2.92088000e-03 8.36440000e-04 -1.85523000e-03 -4.81170000e-04 4.13383000e-03 -3.57196000e-03 -1.69793000e-03 5.06640000e-03 1.12099000e-03 -4.90613000e-03 5.06005000e-03 -6.09340000e-04 8.72780000e-04 2.67010000e-03 1.09276300e-02 3.37500000e-05 2.60034000e-03 1.28966300e-02 8.96310000e-04 -1.89886000e-03 -2.96210000e-04 -6.49100000e-05 1.96048000e-03 -1.99534000e-03 -3.70010000e-04 -1.28380000e-04 4.94050000e-04 2.38724000e-03 7.93860000e-04 1.37288000e-03 2.02971000e-03 -1.14902000e-03 5.88040000e-04 3.05908000e-03 -1.51987000e-03 3.37071000e-03 4.11843000e-03 -7.08539000e-03 3.16310000e-04 3.67730000e-03 -1.86129000e-03 2.25539000e-03 1.89223000e-03 1.08789000e-03 1.28758000e-03 -1.27457000e-03 -4.31624000e-03 -9.58748000e-03 5.19674000e-03 -3.32756000e-03 1.43016300e-02 -2.63067000e-03 5.89080000e-04 -3.34307000e-03 2.38096000e-03 -1.19810000e-03 5.00910000e-04 5.39422000e-03 8.26840000e-04 3.28460000e-03 -2.90450000e-03 1.97302700e-02 -4.38589000e-03 -3.63677000e-03 8.19910000e-04 3.83349000e-03 2.60332000e-03 -1.22225000e-03 -2.91827000e-03 4.74680000e-04 1.62878000e-03 -6.69270000e-04 5.15610000e-04 2.08718000e-03 -4.04168000e-03 1.22554900e-02 -3.21529000e-03 -2.51743000e-03 -8.04395000e-03 -4.70909000e-03 -2.46202000e-03 -4.51888000e-03 1.65443000e-03 4.36667000e-02 2.31570000e-03 1.75670000e-04 3.87620000e-03 4.99183000e-03 -5.34901000e-03 3.29450000e-03 2.43100000e-05 -3.83670000e-04 4.91561000e-03 2.36819000e-03 -2.02653000e-03 2.48742000e-03 -2.93750000e-03 -1.14777000e-03 -2.56314000e-03 1.41247000e-03 4.85440000e-03 7.33200000e-04 2.77918000e-03 4.93095000e-03 -1.85541000e-03
-9.53070000e-04 2.26990000e-04 3.41670000e-04 1.71020000e-04 -2.37080000e-04 6.96800000e-05 8.65310000e-04 -7.55680000e-04 -1.92490000e-04 7.70400000e-04 3.09180000e-04 -6.96680000e-04 7.97290000e-04 -9.04200000e-05 1.96590000e-04 6.26210000e-04 1.68889000e-03 1.81030000e-04 4.17990000e-04 2.03574000e-03 3.85100000e-05 -3.09950000e-04 -5.50520000e-04 5.96000000e-06 3.86400000e-04 -2.94020000e-04 2.25100000e-05 -1.99680000e-04 1.88160000e-04 5.72600000e-04 2.54100000e-04 2.91260000e-04 3.65640000e-04 -7.26000000e-06 2.34380000e-04 7.45200000e-04 -1.61550000e-04 8.75850000e-04 8.92220000e-04 -1.23704000e-03 2.17610000e-04 5.50500000e-04 -2.13420000e-04 5.52360000e-04 1.31330000e-04 3.40190000e-04 3.80080000e-04 -3.35730000e-04 -6.24670000e-04 -1.63444000e-03 1.00317000e-03 -4.85550000e-04 2.31473000e-03 -5.07000000e-04 1.52010000e-04 -5.16050000e-04 5.12080000e-04 -1.00920000e-04 1.91060000e-04 1.19548000e-03 3.35370000e-04 7.15420000e-04 -4.50110000e-04 3.21542000e-03 -6.97850000e-04 -5.61650000e-04 8.82100000e-05 6.42060000e-04 5.80120000e-04 -1.46650000e-04 -5.00010000e-04 2.10420000e-04 4.17870000e-04 2.92100000e-05 2.11100000e-04 3.28700000e-04 -6.48360000e-04 1.99410000e-03 -3.39570000e-04 -3.11090000e-04 -1.30460000e-03 -9.19000000e-04 -3.90850000e-04 -7.09730000e-04 3.04240000e-04 2.31570000e-03 1.26358500e-02 -1.91850000e-04 6.09900000e-04 7.09710000e-04 -9.37010000e-04 5.04850000e-04 8.79500000e-05 1.01010000e-04 5.66080000e-04 5.23450000e-04 -5.24060000e-04 3.70620000e-04 -3.70490000e-04 -1.00300000e-04 -4.98410000e-04 1.65570000e-04 8.22320000e-04 1.90110000e-04 4.99480000e-04 8.35980000e-04 -2.28460000e-04
1.14510000e-04 -4.07500000e-04 1.09521000e-03 4.03430000e-04 -6.69800000e-05 6.63000000e-05 -4.33220000e-04 7.90910000e-04 -1.54510000e-04 3.15740000e-04 -6.90530000e-04 -2.65940000e-04 4.16520000e-04 -3.13080000e-04 3.56630000e-04 -6.33740000e-04 7.62270000e-04 -5.32570000e-04 4.17220000e-04 3.36740000e-04 1.01562000e-03 3.18300000e-05 1.51173000e-03 -8.26500000e-05 3.31130000e-04 2.60910000e-04 -1.95680000e-04 1.39302000e-03 -1.02350000e-04 -5.84840000e-04 1.08990000e-04 2.62510000e-04 6.37530000e-04 -5.36900000e-05 -3.53560000e-04 -1.45141000e-03 -2.23710000e-04 -1.31448000e-03 -7.76910000e-04 5.03150000e-04 -5.07630000e-04 4.91010000e-04 -3.01200000e-04 -2.04580000e-04 1.06197000e-03 -6.49140000e-04 -9.25630000e-04 1.11849000e-03 -6.40390000e-04 -9.57210000e-04 -1.95600000e-04 4.16300000e-05 2.81520000e-04 7.93090000e-04 9.49500000e-05 3.22140000e-04 -7.73470000e-04 -1.84650000e-04 -4.27970000e-04 1.51130000e-04 -1.36510000e-04 -1.43757000e-03 -3.35370000e-04 1.29130000e-04 6.04000000e-06 1.77170000e-04 -3.08260000e-04 4.85230000e-04 -1.61300000e-04 -3.00520000e-04 4.54830000e-04 -4.70340000e-04 -6.81100000e-05 -2.79370000e-04 -2.75820000e-04 5.31380000e-04 2.54390000e-04 -1.67030000e-04 1.08380000e-04 -5.47280000e-04 -5.19640000e-04 8.96670000e-04 3.27260000e-04 -1.80851000e-03 3.96590000e-04 1.75670000e-04 -1.91850000e-04 3.71145200e-02 1.28070000e-04 6.14490000e-04 -1.27440000e-04 2.63060000e-04 -6.76640000e-04 -8.72840000e-04 5.08310000e-04 -3.09310000e-04 -4.68300000e-05 4.41580000e-04 2.52210000e-04 -2.16580000e-04 9.35550000e-04 1.25050000e-04 2.45500000e-04 -1.64990000e-04 2.80490000e-04 2.38390000e-04 -9.03300000e-05
-1.49816000e-03 2.96100000e-04 7.70010000e-04 2.70710000e-04 -4.47300000e-04 -1.09080000e-04 1.11868000e-03 -8.54010000e-04 -4.34170000e-04 1.30635000e-03 2.86310000e-04 -1.35230000e-03 1.55044000e-03 -1.85670000e-04 2.69080000e-04 8.31230000e-04 2.91400000e-03 1.60700000e-05 7.06630000e-04 3.59581000e-03 2.58050000e-04 -4.61810000e-04 -6.55600000e-05 -1.63000000e-06 6.31290000e-04 -4.78790000e-04 1.73200000e-05 5.96300000e-05 2.40000000e-04 8.11250000e-04 2.54770000e-04 4.40750000e-04 5.64900000e-04 -2.63490000e-04 2.58840000e-04 9.98870000e-04 -5.26430000e-04 8.53510000e-04 6.57530000e-04 -1.87562000e-03 8.66400000e-05 9.49230000e-04 -3.69470000e-04 6.32730000e-04 5.76610000e-04 3.07990000e-04 4.32220000e-04 -2.40900000e-04 -1.05188000e-03 -2.51689000e-03 1.38770000e-03 -8.34350000e-04 3.90737000e-03 -6.23230000e-04 2.77940000e-04 -6.78160000e-04 5.72860000e-04 -2.20550000e-04 9.29400000e-05 1.27434000e-03 2.84390000e-04 9.34410000e-04 -7.50720000e-04 5.23044000e-03 -1.05037000e-03 -9.49790000e-04 1.57320000e-04 1.15213000e-03 7.40490000e-04 -3.57250000e-04 -7.38500000e-04 8.24700000e-05 4.77480000e-04 -6.40100000e-05 1.42360000e-04 5.37600000e-04 -1.04837000e-03 3.54287000e-03 -7.62180000e-04 -4.95300000e-04 -2.17116000e-03 -1.22938000e-03 -6.05810000e-04 -1.04821000e-03 5.65530000e-04 3.87620000e-03 6.09900000e-04 1.28070000e-04 2.21253400e-02 1.27212000e-03 -1.27281000e-03 8.17210000e-04 1.12400000e-05 -8.81500000e-05 1.34602000e-03 5.94950000e-04 -5.77660000e-04 6.86300000e-04 -7.42730000e-04 -3.18600000e-04 -5.79410000e-04 4.13080000e-04 1.25396000e-03 1.88850000e-04 7.23700000e-04 1.31584000e-03 -3.84450000e-04
-2.47738000e-03 -2.68590000e-04 1.52302000e-03 4.26190000e-04 -8.83680000e-04 -5.91740000e-04 1.29557000e-03 -9.73170000e-04 -6.37490000e-04 2.96621000e-03 1.94910000e-04 -1.76723000e-03 1.85052000e-03 -7.14600000e-05 3.95540000e-04 2.83250000e-04 4.68017000e-03 -3.75430000e-04 1.34482000e-03 4.98701000e-03 5.92880000e-04 -7.32620000e-04 1.04066000e-03 1.53120000e-04 8.05120000e-04 -8.49770000e-04 -7.50130000e-04 2.98780000e-04 -1.99090000e-04 2.17190000e-04 8.14200000e-05 3.14550000e-04 1.03894000e-03 -4.05550000e-04 -1.73170000e-04 1.43010000e-04 -4.24960000e-04 4.63640000e-04 1.50594000e-03 -3.01621000e-03 -2.19050000e-04 1.56062000e-03 -1.08950000e-03 4.78420000e-04 1.17931000e-03 -2.41400000e-05 -6.76800000e-05 -2.61660000e-04 -2.29207000e-03 -4.25582000e-03 2.05135000e-03 -1.28765000e-03 5.66310000e-03 -9.85970000e-04 -9.51900000e-05 -1.52008000e-03 8.92660000e-04 -8.74320000e-04 -1.15210000e-04 1.90986000e-03 -1.65880000e-04 8.39280000e-04 -1.17707000e-03 7.86715000e-03 -1.80962000e-03 -1.67030000e-03 7.75880000e-04 1.51413000e-03 7.09920000e-04 -3.48230000e-04 -1.15723000e-03 -8.03900000e-05 4.83400000e-04 -7.18090000e-04 -2.58300000e-05 1.20436000e-03 -1.82510000e-03 4.25234000e-03 -1.86532000e-03 -1.62310000e-03 -3.61917000e-03 -1.62207000e-03 -9.68800000e-04 -2.82132000e-03 6.00870000e-04 4.99183000e-03 7.09710000e-04 6.14490000e-04 1.27212000e-03 2.34094700e-02 -2.17409000e-03 1.87376000e-03 -7.69750000e-04 -9.00970000e-04 2.66317000e-03 7.46680000e-04 2.79540000e-04 1.51526000e-03 -9.89450000e-04 -2.61890000e-04 -6.44210000e-04 1.35746000e-03 2.35827000e-03 5.50620000e-04 1.59083000e-03 2.01455000e-03 -9.06710000e-04
2.72629000e-03 1.21930000e-04 -1.38424000e-03 -3.59960000e-04 7.81600000e-04 -1.86000000e-05 -1.57669000e-03 1.52284000e-03 7.17270000e-04 -2.07316000e-03 -3.17060000e-04 2.08538000e-03 -1.80691000e-03 2.84800000e-04 -4.59260000e-04 -6.21010000e-04 -4.60633000e-03 9.80000000e-05 -1.13308000e-03 -4.87734000e-03 -6.10640000e-04 7.99340000e-04 -4.28200000e-04 6.72400000e-05 -7.34210000e-04 7.38750000e-04 4.21510000e-04 -1.05270000e-04 -9.05100000e-05 -5.91580000e-04 -3.30040000e-04 -5.31080000e-04 -9.49200000e-04 2.36190000e-04 -1.06280000e-04 -5.83850000e-04 7.03980000e-04 -1.06512000e-03 -2.13402000e-03 2.74006000e-03 -2.37300000e-05 -1.82013000e-03 1.03661000e-03 -8.24890000e-04 -8.18280000e-04 -3.63000000e-04 -2.33670000e-04 3.90750000e-04 2.26230000e-03 4.72427000e-03 -2.08826000e-03 1.32772000e-03 -5.51221000e-03 9.93510000e-04 -1.65390000e-04 1.70084000e-03 -8.85210000e-04 7.46210000e-04 -1.94000000e-04 -2.93167000e-03 -1.67650000e-04 -9.08440000e-04 1.28263000e-03 -7.59032000e-03 1.85097000e-03 1.54321000e-03 -3.69170000e-04 -1.44613000e-03 -9.36140000e-04 4.98150000e-04 1.14456000e-03 -1.34940000e-04 -6.61950000e-04 5.90420000e-04 -2.20050000e-04 -1.03126000e-03 1.74001000e-03 -4.34260000e-03 1.36691000e-03 1.68997000e-03 3.60011000e-03 1.54302000e-03 9.62510000e-04 3.03957000e-03 -6.13890000e-04 -5.34901000e-03 -9.37010000e-04 -1.27440000e-04 -1.27281000e-03 -2.17409000e-03 5.73373400e-02 -1.41665000e-03 2.68290000e-04 5.01820000e-04 -2.06905000e-03 -1.03109000e-03 8.54250000e-04 -1.02388000e-03 1.31346000e-03 5.43620000e-04 1.00493000e-03 -5.97040000e-04 -2.21231000e-03 -2.40750000e-04 -1.12377000e-03 -2.11292000e-03 9.38070000e-04
-1.61218000e-03 -1.37770000e-04 9.32870000e-04 2.69270000e-04 -5.24270000e-04 -3.61800000e-04 9.39170000e-04 -7.67350000e-04 -3.74660000e-04 1.82706000e-03 2.07630000e-04 -1.13172000e-03 1.15361000e-03 8.30000000e-07 2.72680000e-04 3.25220000e-04 2.98405000e-03 -1.96150000e-04 8.42400000e-04 3.22911000e-03 3.35310000e-04 -4.54090000e-04 3.65560000e-04 1.12240000e-04 4.68320000e-04 -5.36530000e-04 -3.94100000e-04 8.06100000e-05 -9.81600000e-05 2.19390000e-04 3.96300000e-05 1.46140000e-04 6.55700000e-04 -3.29940000e-04 -6.93800000e-05 2.85730000e-04 -1.39270000e-04 5.34050000e-04 1.19980000e-03 -1.91029000e-03 -8.14800000e-05 9.73810000e-04 -6.75370000e-04 3.66760000e-04 6.62750000e-04 8.69600000e-05 7.74000000e-05 -2.73490000e-04 -1.38162000e-03 -2.62615000e-03 1.36355000e-03 -8.69120000e-04 3.66923000e-03 -6.86230000e-04 -7.80900000e-05 -1.04576000e-03 6.71120000e-04 -5.15040000e-04 -8.20200000e-05 1.33668000e-03 -5.81200000e-05 6.86530000e-04 -7.20650000e-04 5.07228000e-03 -1.23729000e-03 -1.01288000e-03 5.26180000e-04 9.17320000e-04 5.34530000e-04 -1.70820000e-04 -7.60510000e-04 1.01500000e-05 3.33540000e-04 -4.09130000e-04 3.16600000e-05 7.49900000e-04 -1.12074000e-03 2.77369000e-03 -1.15192000e-03 -9.76020000e-04 -2.19520000e-03 -1.12606000e-03 -6.29550000e-04 -1.58727000e-03 3.37310000e-04 3.29450000e-03 5.04850000e-04 2.63060000e-04 8.17210000e-04 1.87376000e-03 -1.41665000e-03 2.67505000e-02 -3.22340000e-04 -4.39140000e-04 1.63611000e-03 5.41300000e-04 7.70600000e-05 9.20520000e-04 -6.60790000e-04 -1.46280000e-04 -5.13960000e-04 7.72770000e-04 1.46308000e-03 3.72130000e-04 9.95240000e-04 1.29989000e-03 -5.66340000e-04
9.37100000e-05 2.98610000e-04 -5.28430000e-04 -2.10710000e-04 6.53800000e-05 1.58500000e-05 2.87300000e-04 -4.63390000e-04 5.33400000e-05 -6.26920000e-04 4.12290000e-04 8.62400000e-05 -2.10780000e-04 1.08680000e-04 -1.94540000e-04 6.20830000e-04 -5.76510000e-04 2.62860000e-04 -3.11230000e-04 -1.82640000e-04 -4.36200000e-04 -1.93600000e-05 -1.10367000e-03 -4.66900000e-05 -2.65650000e-04 -7.01700000e-05 4.33840000e-04 -6.48600000e-04 1.12700000e-04 4.12790000e-04 -7.73400000e-05 -2.24540000e-04 -3.42060000e-04 -2.13590000e-04 2.16880000e-04 9.19690000e-04 2.67140000e-04 8.95440000e-04 6.53910000e-04 1.21130000e-04 2.88170000e-04 1.68000000e-05 2.82590000e-04 1.84540000e-04 -6.00180000e-04 3.92750000e-04 5.59130000e-04 -5.45950000e-04 6.66100000e-04 1.03689000e-03 1.00900000e-05 -6.04500000e-05 -2.42990000e-04 -2.50030000e-04 4.48900000e-05 -4.68500000e-05 3.13460000e-04 3.11920000e-04 3.71910000e-04 -1.31410000e-04 2.05790000e-04 6.61650000e-04 1.87310000e-04 -2.94330000e-04 -1.86700000e-05 2.16750000e-04 -4.07100000e-05 -3.19580000e-04 1.86220000e-04 1.24960000e-04 -9.33100000e-05 3.04110000e-04 4.62900000e-05 3.19750000e-04 2.01870000e-04 -3.48430000e-04 2.20160000e-04 8.65200000e-05 2.28740000e-04 5.84900000e-04 7.24650000e-04 -4.30690000e-04 -1.11730000e-04 1.53730000e-03 -2.27830000e-04 2.43100000e-05 8.79500000e-05 -6.76640000e-04 1.12400000e-05 -7.69750000e-04 2.68290000e-04 -3.22340000e-04 2.69136700e-02 1.04055000e-03 -4.54370000e-04 4.94730000e-04 -4.11830000e-04 -4.33890000e-04 -1.90490000e-04 -2.59000000e-06 -5.40820000e-04 -4.95550000e-04 -6.80300000e-05 -7.90100000e-05 -3.43460000e-04 1.36730000e-04 7.27500000e-05
2.81180000e-04 4.05190000e-04 -7.88690000e-04 -2.93220000e-04 2.25300000e-04 5.63700000e-05 2.23140000e-04 -3.88860000e-04 2.64000000e-04 -6.44230000e-04 4.83290000e-04 5.61020000e-04 -3.06010000e-04 1.61690000e-04 -2.68360000e-04 6.55480000e-04 -1.04337000e-03 4.60510000e-04 -4.75950000e-04 -5.32620000e-04 -6.83200000e-04 8.75900000e-05 -1.35138000e-03 2.01600000e-05 -1.06800000e-04 1.66800000e-05 3.18560000e-04 -9.04540000e-04 2.42630000e-04 4.29760000e-04 -4.00100000e-05 -1.67570000e-04 -4.76570000e-04 4.12000000e-05 3.62120000e-04 1.25802000e-03 6.01600000e-04 9.53090000e-04 4.33360000e-04 -1.63680000e-04 3.92130000e-04 -1.63890000e-04 3.78610000e-04 1.74640000e-04 -7.51980000e-04 4.69010000e-04 7.15180000e-04 -6.47350000e-04 7.43180000e-04 1.15027000e-03 -3.89900000e-05 1.39300000e-05 -4.94010000e-04 -3.39030000e-04 9.19200000e-05 3.80900000e-05 3.83550000e-04 3.14810000e-04 5.01050000e-04 -1.42700000e-04 2.25400000e-04 8.58470000e-04 3.61440000e-04 -6.34450000e-04 1.07810000e-04 1.50680000e-04 -5.22000000e-05 -2.78080000e-04 1.50700000e-04 1.67930000e-04 -1.84940000e-04 3.81470000e-04 8.54000000e-05 4.02550000e-04 2.71360000e-04 -5.26990000e-04 1.03240000e-04 -1.49930000e-04 3.94650000e-04 7.46700000e-04 7.21960000e-04 -6.42620000e-04 -5.50000000e-07 1.58432000e-03 -2.24180000e-04 -3.83670000e-04 1.01010000e-04 -8.72840000e-04 -8.81500000e-05 -9.00970000e-04 5.01820000e-04 -4.39140000e-04 1.04055000e-03 3.94793400e-02 -9.10500000e-04 5.46370000e-04 -2.66820000e-04 -4.91520000e-04 1.17240000e-04 2.18070000e-04 -4.98240000e-04 -4.06280000e-04 -1.93000000e-04 9.61000000e-06 -3.27660000e-04 -3.14500000e-05 3.30000000e-04
-2.45525000e-03 -2.13510000e-04 1.33292000e-03 2.84030000e-04 -9.22300000e-04 -6.58500000e-04 1.24927000e-03 -9.90220000e-04 -7.82090000e-04 2.53640000e-03 2.75510000e-04 -2.11896000e-03 1.77989000e-03 -7.56300000e-05 2.81350000e-04 3.69300000e-04 4.49987000e-03 -4.13390000e-04 1.18658000e-03 4.87035000e-03 5.28540000e-04 -7.47810000e-04 1.15420000e-03 6.35000000e-05 5.07570000e-04 -9.28040000e-04 -4.87400000e-04 2.25450000e-04 -2.28890000e-04 3.38640000e-04 -3.08500000e-05 2.00370000e-04 7.83840000e-04 -6.97400000e-04 -1.62580000e-04 2.38820000e-04 -9.08690000e-04 5.46620000e-04 1.56522000e-03 -2.55798000e-03 -2.12250000e-04 1.49970000e-03 -9.60070000e-04 4.09320000e-04 1.04776000e-03 6.86500000e-05 5.09100000e-05 -3.37810000e-04 -1.94011000e-03 -3.63020000e-03 1.83959000e-03 -1.25731000e-03 5.34248000e-03 -9.44870000e-04 -3.23300000e-05 -1.46471000e-03 8.69450000e-04 -7.41110000e-04 -1.09780000e-04 1.51880000e-03 -2.21220000e-04 9.37100000e-04 -1.09230000e-03 7.39956000e-03 -1.63649000e-03 -1.55891000e-03 7.35500000e-04 1.26713000e-03 6.38880000e-04 -3.69870000e-04 -1.08646000e-03 -6.81100000e-05 3.49630000e-04 -6.69780000e-04 -3.02600000e-05 1.02253000e-03 -1.65022000e-03 4.27870000e-03 -1.93013000e-03 -1.44364000e-03 -3.17085000e-03 -1.41502000e-03 -1.05377000e-03 -2.00352000e-03 4.82310000e-04 4.91561000e-03 5.66080000e-04 5.08310000e-04 1.34602000e-03 2.66317000e-03 -2.06905000e-03 1.63611000e-03 -4.54370000e-04 -9.10500000e-04 9.87078200e-02 5.99190000e-04 2.29700000e-04 1.26282000e-03 -1.37945000e-03 -4.59160000e-04 -8.36230000e-04 1.13585000e-03 2.09476000e-03 3.78350000e-04 1.24420000e-03 1.88104000e-03 -9.89380000e-04
-1.09869000e-03 1.94830000e-04 2.63740000e-04 1.20030000e-04 -3.08880000e-04 2.46900000e-05 9.36950000e-04 -8.97520000e-04 -2.07900000e-04 8.34350000e-04 3.88390000e-04 -6.92090000e-04 7.84880000e-04 -6.15100000e-05 1.12400000e-04 6.62750000e-04 1.69208000e-03 1.17450000e-04 4.19940000e-04 2.13442000e-03 -1.05930000e-04 -3.75510000e-04 -4.80510000e-04 2.82000000e-05 3.85500000e-04 -3.76430000e-04 -7.60700000e-05 -3.74400000e-04 1.55500000e-04 5.09870000e-04 1.36180000e-04 1.14150000e-04 3.39410000e-04 -1.96000000e-05 2.17980000e-04 8.59240000e-04 8.29900000e-05 9.20630000e-04 1.07445000e-03 -1.53746000e-03 2.00850000e-04 9.25930000e-04 -2.75420000e-04 4.96350000e-04 2.58500000e-05 3.41100000e-04 4.33440000e-04 -4.98530000e-04 -7.58220000e-04 -1.76915000e-03 1.10169000e-03 -5.96220000e-04 2.46811000e-03 -6.46000000e-04 1.38950000e-04 -6.66930000e-04 6.03080000e-04 -1.91560000e-04 3.73480000e-04 1.24936000e-03 2.09020000e-04 8.29270000e-04 -4.80580000e-04 3.34370000e-03 -8.13330000e-04 -7.05420000e-04 1.60650000e-04 6.31180000e-04 5.75300000e-04 -1.40910000e-04 -6.48810000e-04 1.99350000e-04 4.28520000e-04 -3.16500000e-05 2.23070000e-04 3.08210000e-04 -8.54250000e-04 2.02245000e-03 -4.16740000e-04 -3.84820000e-04 -1.52670000e-03 -1.15002000e-03 -4.73270000e-04 -7.59090000e-04 2.70390000e-04 2.36819000e-03 5.23450000e-04 -3.09310000e-04 5.94950000e-04 7.46680000e-04 -1.03109000e-03 5.41300000e-04 4.94730000e-04 5.46370000e-04 5.99190000e-04 2.20811800e-02 -4.95170000e-04 3.50510000e-04 -4.55890000e-04 -7.87600000e-05 -6.36080000e-04 2.53340000e-04 1.29655000e-03 2.09620000e-04 5.20370000e-04 1.24297000e-03 -2.63910000e-04
4.69660000e-04 -3.41220000e-04 -6.18950000e-04 -3.12990000e-04 7.55800000e-05 -8.42610000e-04 -6.65740000e-04 5.16850000e-04 2.61610000e-04 3.07860000e-04 9.97800000e-05 6.97040000e-04 -8.21130000e-04 5.36400000e-04 -4.24870000e-04 -7.47690000e-04 -1.16973000e-03 -1.14780000e-04 -2.26250000e-04 -1.46039000e-03 -4.80890000e-04 2.61210000e-04 5.92100000e-04 3.64820000e-04 -4.46610000e-04 -8.50100000e-05 -4.56290000e-04 -3.74260000e-04 -4.22970000e-04 -6.73990000e-04 -5.21990000e-04 -5.48710000e-04 -4.88670000e-04 -1.47810000e-04 -2.79320000e-04 -4.11100000e-04 3.49660000e-04 -5.66750000e-04 -3.66260000e-04 3.16730000e-04 -1.50610000e-04 -7.16090000e-04 3.07800000e-05 -7.08060000e-04 -3.01920000e-04 -1.65320000e-04 -7.15100000e-05 -2.25180000e-04 3.87540000e-04 1.52706000e-03 -5.85320000e-04 2.66540000e-04 -1.54331000e-03 -8.66400000e-05 -4.64090000e-04 -2.79000000e-05 2.55890000e-04 -1.83790000e-04 -1.28740000e-04 -1.50481000e-03 -7.00210000e-04 2.78520000e-04 5.95390000e-04 -1.92619000e-03 4.15710000e-04 -4.49200000e-05 7.42470000e-04 -7.22810000e-04 -6.58470000e-04 4.33360000e-04 -6.15500000e-05 -5.02000000e-05 -4.80360000e-04 -2.87190000e-04 -1.83670000e-04 -2.96840000e-04 -2.66000000e-05 -1.50243000e-03 -6.54060000e-04 4.14400000e-05 8.35200000e-04 1.60380000e-04 2.18300000e-05 1.11079000e-03 -5.41220000e-04 -2.02653000e-03 -5.24060000e-04 -4.68300000e-05 -5.77660000e-04 2.79540000e-04 8.54250000e-04 7.70600000e-05 -4.11830000e-04 -2.66820000e-04 2.29700000e-04 -4.95170000e-04 1.88499700e-02 -1.16000000e-06 1.54090000e-04 3.81240000e-04 7.40600000e-05 6.94740000e-04 -3.67240000e-04 2.65170000e-04 -4.72000000e-06 -7.20010000e-04 2.93600000e-05
-1.08195000e-03 -6.28000000e-05 8.77570000e-04 3.16480000e-04 -3.75830000e-04 -1.37250000e-04 5.97960000e-04 -3.59620000e-04 -2.73120000e-04 1.43619000e-03 -3.57000000e-05 -8.02230000e-04 1.01190000e-03 -9.53900000e-05 3.34360000e-04 1.59490000e-04 2.32283000e-03 -2.23800000e-04 7.17760000e-04 2.45800000e-03 4.55720000e-04 -3.02490000e-04 6.28700000e-04 4.27600000e-05 4.98310000e-04 -2.92230000e-04 -2.88190000e-04 3.47950000e-04 -3.81700000e-05 1.81350000e-04 1.19800000e-04 2.30400000e-04 6.45350000e-04 -9.96800000e-05 -6.68100000e-05 3.88800000e-05 -2.16740000e-04 1.08840000e-04 4.15270000e-04 -1.33492000e-03 -1.45880000e-04 8.13330000e-04 -4.64540000e-04 2.81330000e-04 7.13980000e-04 -9.74000000e-05 -9.69700000e-05 5.83400000e-05 -1.13497000e-03 -2.20699000e-03 9.88760000e-04 -5.53320000e-04 2.77192000e-03 -3.39180000e-04 1.42900000e-05 -5.73880000e-04 2.59840000e-04 -3.56010000e-04 -1.54410000e-04 1.01921000e-03 3.84000000e-06 2.49810000e-04 -5.94560000e-04 3.71488000e-03 -8.00340000e-04 -6.76680000e-04 2.67180000e-04 8.54240000e-04 3.96850000e-04 -1.77730000e-04 -4.20150000e-04 -1.16260000e-04 3.13410000e-04 -2.86640000e-04 -3.87000000e-05 7.06310000e-04 -7.35110000e-04 2.13810000e-03 -7.03880000e-04 -7.46080000e-04 -1.78855000e-03 -5.99270000e-04 -3.55060000e-04 -1.58605000e-03 4.24910000e-04 2.48742000e-03 3.70620000e-04 4.41580000e-04 6.86300000e-04 1.51526000e-03 -1.02388000e-03 9.20520000e-04 -4.33890000e-04 -4.91520000e-04 1.26282000e-03 3.50510000e-04 -1.16000000e-06 9.70806000e-03 -3.24060000e-04 -1.07370000e-04 -1.06330000e-04 6.73790000e-04 1.12589000e-03 2.65400000e-04 8.16160000e-04 1.00543000e-03 -3.04320000e-04
1.65120000e-03 2.57200000e-05 -3.38520000e-04 9.90500000e-05 5.64880000e-04 3.90840000e-04 -9.02470000e-04 1.00220000e-03 5.26440000e-04 -1.01308000e-03 -4.51900000e-04 1.38897000e-03 -8.54450000e-04 5.34000000e-06 8.23800000e-05 -4.87930000e-04 -2.35006000e-03 2.01000000e-06 -4.27010000e-04 -2.74852000e-03 7.45200000e-05 5.29820000e-04 3.71200000e-05 1.46500000e-05 -4.30500000e-05 7.05630000e-04 1.52110000e-04 4.04040000e-04 7.56500000e-05 -3.95460000e-04 5.19500000e-05 -9.01800000e-05 -9.78100000e-05 6.04540000e-04 -3.00000000e-05 -6.60780000e-04 5.87560000e-04 -8.85360000e-04 -1.43244000e-03 1.58004000e-03 -9.19600000e-05 -7.37950000e-04 5.32600000e-04 -3.34800000e-04 -1.50580000e-04 -3.63090000e-04 -3.77820000e-04 6.38550000e-04 8.55080000e-04 1.70868000e-03 -1.05264000e-03 8.78590000e-04 -2.98869000e-03 8.42170000e-04 -9.00000000e-08 1.10324000e-03 -7.95420000e-04 3.88840000e-04 -2.63570000e-04 -8.11510000e-04 6.34700000e-05 -1.01105000e-03 5.90380000e-04 -4.37488000e-03 1.04593000e-03 1.01967000e-03 -4.25880000e-04 -4.95060000e-04 -4.11560000e-04 2.19750000e-04 8.48530000e-04 -2.07150000e-04 -1.27560000e-04 3.29140000e-04 -1.01840000e-04 -2.69200000e-04 1.07270000e-03 -2.59434000e-03 1.22316000e-03 6.61820000e-04 1.62023000e-03 1.21996000e-03 8.26000000e-04 3.84060000e-04 -5.85700000e-05 -2.93750000e-03 -3.70490000e-04 2.52210000e-04 -7.42730000e-04 -9.89450000e-04 1.31346000e-03 -6.60790000e-04 -1.90490000e-04 1.17240000e-04 -1.37945000e-03 -4.55890000e-04 1.54090000e-04 -3.24060000e-04 3.16010500e-02 4.08660000e-04 1.02320000e-03 -2.92480000e-04 -1.06005000e-03 -7.01000000e-05 -3.80870000e-04 -1.03165000e-03 7.43660000e-04
5.26250000e-04 8.27200000e-05 -4.31010000e-04 -2.99800000e-05 2.24040000e-04 -5.16200000e-05 -1.81950000e-04 1.76720000e-04 2.63930000e-04 -1.54090000e-04 6.30000000e-05 5.98600000e-04 -4.32500000e-04 1.64660000e-04 -6.31400000e-05 -6.13900000e-05 -9.60290000e-04 9.44800000e-05 -1.63780000e-04 -1.00960000e-03 -3.07160000e-04 2.01180000e-04 -2.80880000e-04 1.38290000e-04 -9.09300000e-05 1.28310000e-04 -1.52000000e-05 -2.66410000e-04 1.07900000e-05 -6.34200000e-05 -8.15100000e-05 -1.95430000e-04 -1.51100000e-04 2.04300000e-04 4.27300000e-05 1.45490000e-04 4.33070000e-04 -1.23600000e-05 -2.68270000e-04 2.76090000e-04 9.77200000e-05 -4.13230000e-04 2.28380000e-04 -1.36220000e-04 -3.07680000e-04 2.37600000e-05 1.12860000e-04 -8.81600000e-05 3.88970000e-04 7.71870000e-04 -2.53000000e-04 2.63650000e-04 -1.02241000e-03 4.47300000e-05 -6.06100000e-05 2.52300000e-04 1.25800000e-05 1.13770000e-04 -5.09700000e-05 -3.55880000e-04 -5.03400000e-05 1.24250000e-04 3.65270000e-04 -1.45803000e-03 3.51940000e-04 2.18960000e-04 9.65400000e-05 -2.91910000e-04 -1.16870000e-04 2.31130000e-04 1.13380000e-04 3.95000000e-05 -2.94200000e-05 1.23200000e-04 1.71900000e-05 -1.97300000e-04 1.73140000e-04 -8.93620000e-04 2.41860000e-04 3.00100000e-04 6.02870000e-04 1.17020000e-04 1.83900000e-04 5.53120000e-04 -1.29920000e-04 -1.14777000e-03 -1.00300000e-04 -2.16580000e-04 -3.18600000e-04 -2.61890000e-04 5.43620000e-04 -1.46280000e-04 -2.59000000e-06 2.18070000e-04 -4.59160000e-04 -7.87600000e-05 3.81240000e-04 -1.07370000e-04 4.08660000e-04 2.42600000e-02 1.50630000e-04 1.35310000e-04 -3.37410000e-04 1.71090000e-04 -5.34100000e-05 -4.13480000e-04 3.20960000e-04
1.45272000e-03 -2.11480000e-04 2.35300000e-04 2.80260000e-04 4.47350000e-04 4.40420000e-04 -1.07904000e-03 1.32705000e-03 3.16290000e-04 -8.55130000e-04 -8.39640000e-04 9.03700000e-04 -5.38420000e-04 -1.99020000e-04 2.76920000e-04 -8.36380000e-04 -1.66663000e-03 -3.51520000e-04 -1.50420000e-04 -2.30908000e-03 6.24810000e-04 4.78450000e-04 9.79710000e-04 -6.15900000e-05 4.89100000e-05 7.52220000e-04 4.98800000e-05 1.16975000e-03 5.77000000e-06 -6.72400000e-04 8.66200000e-05 6.62700000e-05 2.41480000e-04 4.01060000e-04 -2.48420000e-04 -1.45435000e-03 2.61840000e-04 -1.61888000e-03 -1.85169000e-03 1.83110000e-03 -3.87110000e-04 -3.65710000e-04 2.89870000e-04 -4.51250000e-04 4.52520000e-04 -7.02820000e-04 -8.79330000e-04 1.23795000e-03 3.88970000e-04 9.29160000e-04 -1.11653000e-03 7.90550000e-04 -2.62899000e-03 1.22299000e-03 9.65100000e-05 1.15025000e-03 -1.20830000e-03 2.17930000e-04 -4.86240000e-04 -7.33370000e-04 -7.39300000e-05 -1.75706000e-03 3.22350000e-04 -4.03306000e-03 1.00767000e-03 9.74950000e-04 -5.83690000e-04 -2.21940000e-04 -4.92410000e-04 1.29300000e-05 1.03099000e-03 -4.97930000e-04 -2.05660000e-04 8.69600000e-05 -2.90560000e-04 7.00300000e-05 1.08736000e-03 -2.41138000e-03 1.09269000e-03 2.36150000e-04 1.09077000e-03 1.69145000e-03 8.77190000e-04 -6.88870000e-04 1.74270000e-04 -2.56314000e-03 -4.98410000e-04 9.35550000e-04 -5.79410000e-04 -6.44210000e-04 1.00493000e-03 -5.13960000e-04 -5.40820000e-04 -4.98240000e-04 -8.36230000e-04 -6.36080000e-04 7.40600000e-05 -1.06330000e-04 1.02320000e-03 1.50630000e-04 2.34872800e-02 -1.69660000e-04 -8.13960000e-04 -2.35720000e-04 -2.90940000e-04 -7.64190000e-04 5.69890000e-04
-8.38210000e-04 -2.00200000e-05 1.79660000e-04 1.30970000e-04 -3.07740000e-04 -4.06650000e-04 4.14390000e-04 -2.69050000e-04 -1.67350000e-04 1.39929000e-03 1.06240000e-04 -4.61120000e-04 6.00930000e-04 1.03840000e-04 6.25300000e-05 -6.63000000e-06 1.48807000e-03 -1.51390000e-04 5.32450000e-04 1.60842000e-03 -1.36680000e-04 -2.10390000e-04 5.07680000e-04 2.18950000e-04 2.88540000e-04 -3.98960000e-04 -4.76660000e-04 -1.35880000e-04 -1.01880000e-04 8.43800000e-05 -7.54100000e-05 9.80000000e-07 2.94980000e-04 -8.19300000e-05 -6.03000000e-05 2.19210000e-04 1.11470000e-04 4.71100000e-05 1.07580000e-04 -1.35240000e-03 -5.32100000e-05 4.13540000e-04 -3.27720000e-04 2.70900000e-05 2.99850000e-04 -3.38900000e-05 7.87200000e-05 -2.16470000e-04 -8.60600000e-04 -1.51414000e-03 7.60400000e-04 -4.09800000e-04 1.86957000e-03 -5.09070000e-04 -6.92800000e-05 -4.96830000e-04 4.25390000e-04 -4.09860000e-04 -6.59400000e-05 3.35010000e-04 -2.57430000e-04 6.15600000e-04 -2.78790000e-04 2.53123000e-03 -4.47720000e-04 -8.66850000e-04 5.02290000e-04 4.95160000e-04 1.45920000e-04 -1.10000000e-06 -5.50680000e-04 -9.93700000e-05 1.47460000e-04 -3.09070000e-04 -8.90100000e-05 3.91440000e-04 -9.55370000e-04 1.46389000e-03 -8.78550000e-04 -5.81250000e-04 -1.53599000e-03 -6.95990000e-04 -4.21530000e-04 -9.17700000e-04 2.22400000e-04 1.41247000e-03 1.65570000e-04 1.25050000e-04 4.13080000e-04 1.35746000e-03 -5.97040000e-04 7.72770000e-04 -4.95550000e-04 -4.06280000e-04 1.13585000e-03 2.53340000e-04 6.94740000e-04 6.73790000e-04 -2.92480000e-04 1.35310000e-04 -1.69660000e-04 4.98132700e-02 9.74610000e-04 4.19270000e-04 7.04060000e-04 6.75080000e-04 -1.73090000e-04
-2.40684000e-03 -4.18400000e-05 1.14970000e-03 3.77030000e-04 -8.31450000e-04 -2.74270000e-04 1.51648000e-03 -1.24982000e-03 -6.38490000e-04 2.32070000e-03 3.64300000e-04 -1.82929000e-03 1.79641000e-03 -2.03480000e-04 3.13260000e-04 6.23730000e-04 4.18621000e-03 -1.77730000e-04 1.17702000e-03 4.66562000e-03 3.15560000e-04 -8.05610000e-04 3.72770000e-04 8.94800000e-05 8.22780000e-04 -8.40110000e-04 -5.35370000e-04 3.67400000e-05 3.29200000e-05 4.67670000e-04 2.08210000e-04 3.62730000e-04 9.50400000e-04 -2.98330000e-04 5.45700000e-05 5.19100000e-04 -3.89260000e-04 8.22340000e-04 1.63521000e-03 -2.98367000e-03 1.04400000e-05 1.80334000e-03 -9.13980000e-04 6.84840000e-04 7.77150000e-04 2.18060000e-04 1.85730000e-04 -4.20190000e-04 -2.07761000e-03 -4.18547000e-03 2.09588000e-03 -1.24093000e-03 5.28359000e-03 -1.00067000e-03 1.53600000e-04 -1.35199000e-03 9.10010000e-04 -7.10610000e-04 3.26340000e-04 2.14467000e-03 7.87100000e-05 9.13630000e-04 -1.19350000e-03 7.25762000e-03 -1.67782000e-03 -1.64967000e-03 4.55980000e-04 1.47180000e-03 8.68610000e-04 -4.40130000e-04 -1.20030000e-03 6.54600000e-05 6.22630000e-04 -4.76640000e-04 1.53590000e-04 9.54390000e-04 -1.86870000e-03 4.07105000e-03 -1.44349000e-03 -1.36246000e-03 -3.60419000e-03 -1.83003000e-03 -9.74900000e-04 -2.61505000e-03 6.59600000e-04 4.85440000e-03 8.22320000e-04 2.45500000e-04 1.25396000e-03 2.35827000e-03 -2.21231000e-03 1.46308000e-03 -6.80300000e-05 -1.93000000e-04 2.09476000e-03 1.29655000e-03 -3.67240000e-04 1.12589000e-03 -1.06005000e-03 -3.37410000e-04 -8.13960000e-04 9.74610000e-04 3.39609100e-02 4.03950000e-04 1.32804000e-03 2.35870000e-03 -8.59450000e-04
-3.70810000e-04 8.79900000e-05 -5.93200000e-05 6.47100000e-05 -8.87200000e-05 -2.08540000e-04 3.87280000e-04 -3.19030000e-04 -7.00000000e-06 6.45230000e-04 2.37460000e-04 -1.52490000e-04 2.36640000e-04 1.12140000e-04 1.13400000e-05 2.21820000e-04 6.07130000e-04 5.80600000e-05 2.21690000e-04 7.66230000e-04 -2.27620000e-04 -8.84400000e-05 -2.66780000e-04 1.57850000e-04 1.35630000e-04 -2.14550000e-04 -1.36190000e-04 -3.02830000e-04 1.38600000e-05 1.86790000e-04 -2.50000000e-05 -6.01900000e-05 1.07060000e-04 -8.68000000e-06 8.39400000e-05 4.21540000e-04 1.31950000e-04 4.02800000e-04 4.01020000e-04 -7.41360000e-04 1.10450000e-04 8.73400000e-05 -7.29800000e-05 1.19840000e-04 -5.07900000e-05 1.75780000e-04 2.59510000e-04 -3.04220000e-04 -2.58520000e-04 -5.69330000e-04 4.85690000e-04 -1.96000000e-04 9.32680000e-04 -3.56680000e-04 -3.69500000e-05 -2.73420000e-04 4.04430000e-04 -1.10490000e-04 -3.13000000e-06 3.34460000e-04 -1.72100000e-05 5.76730000e-04 -5.70900000e-05 1.26482000e-03 -2.70230000e-04 -3.93260000e-04 2.87360000e-04 1.85570000e-04 1.93890000e-04 6.73300000e-05 -3.39970000e-04 8.37000000e-05 1.52250000e-04 -2.68900000e-05 7.62800000e-05 9.77000000e-05 -4.81180000e-04 7.28460000e-04 -3.54540000e-04 -1.42810000e-04 -5.91210000e-04 -5.45800000e-04 -2.21330000e-04 -1.05360000e-04 5.62700000e-05 7.33200000e-04 1.90110000e-04 -1.64990000e-04 1.88850000e-04 5.50620000e-04 -2.40750000e-04 3.72130000e-04 -7.90100000e-05 9.61000000e-06 3.78350000e-04 2.09620000e-04 2.65170000e-04 2.65400000e-04 -7.01000000e-05 1.71090000e-04 -2.35720000e-04 4.19270000e-04 4.03950000e-04 9.73006000e-03 3.68330000e-04 2.75860000e-04 -3.61500000e-05
-1.26473000e-03 -2.85300000e-05 7.49170000e-04 3.10680000e-04 -4.05330000e-04 -2.61420000e-04 8.45830000e-04 -6.07080000e-04 -2.77610000e-04 1.59529000e-03 1.62940000e-04 -9.33610000e-04 1.06029000e-03 -7.82600000e-05 2.73800000e-04 3.30770000e-04 2.48297000e-03 -1.12220000e-04 7.66300000e-04 2.72547000e-03 2.41880000e-04 -3.83180000e-04 1.31600000e-04 1.37780000e-04 5.46850000e-04 -4.42970000e-04 -3.30880000e-04 1.38660000e-04 7.04000000e-06 2.50680000e-04 1.32900000e-04 2.19090000e-04 6.77620000e-04 -1.44300000e-04 1.29700000e-05 2.89230000e-04 -1.63030000e-04 4.37320000e-04 8.37280000e-04 -1.66540000e-03 -1.54800000e-05 8.15680000e-04 -5.11130000e-04 3.86410000e-04 5.60860000e-04 8.19400000e-05 8.14400000e-05 -1.33960000e-04 -1.18941000e-03 -2.42069000e-03 1.23677000e-03 -6.77630000e-04 3.12567000e-03 -5.06710000e-04 2.53700000e-05 -7.27250000e-04 5.34460000e-04 -3.91170000e-04 -3.14400000e-05 1.22922000e-03 5.69800000e-05 5.48620000e-04 -6.19020000e-04 4.27080000e-03 -9.78190000e-04 -8.94960000e-04 3.36240000e-04 8.99430000e-04 5.22260000e-04 -1.85160000e-04 -6.66430000e-04 1.39900000e-05 3.82980000e-04 -2.63360000e-04 7.05800000e-05 6.25410000e-04 -1.01136000e-03 2.35511000e-03 -8.37000000e-04 -7.58210000e-04 -2.03144000e-03 -1.03479000e-03 -4.79930000e-04 -1.52909000e-03 4.05570000e-04 2.77918000e-03 4.99480000e-04 2.80490000e-04 7.23700000e-04 1.59083000e-03 -1.12377000e-03 9.95240000e-04 -3.43460000e-04 -3.27660000e-04 1.24420000e-03 5.20370000e-04 -4.72000000e-06 8.16160000e-04 -3.80870000e-04 -5.34100000e-05 -2.90940000e-04 7.04060000e-04 1.32804000e-03 3.68330000e-04 3.19272200e-02 1.16371000e-03 -3.81040000e-04
-2.25652000e-03 6.05500000e-05 1.18050000e-03 3.84070000e-04 -7.47320000e-04 -9.95400000e-05 1.49444000e-03 -1.23799000e-03 -6.31540000e-04 1.96206000e-03 3.04670000e-04 -1.82441000e-03 1.82665000e-03 -2.82070000e-04 3.77310000e-04 7.94680000e-04 4.06780000e-03 -1.37180000e-04 1.08433000e-03 4.61158000e-03 4.25890000e-04 -7.52990000e-04 1.68000000e-04 -1.60000000e-05 7.96660000e-04 -7.24130000e-04 -2.94240000e-04 1.29690000e-04 1.25000000e-04 6.16350000e-04 2.80530000e-04 4.39090000e-04 9.38550000e-04 -4.12630000e-04 1.12650000e-04 6.84500000e-04 -4.07700000e-04 9.40780000e-04 1.58006000e-03 -2.65237000e-03 3.15700000e-05 1.77135000e-03 -8.00500000e-04 7.75610000e-04 7.90220000e-04 2.43670000e-04 2.32610000e-04 -3.26820000e-04 -1.86824000e-03 -3.93738000e-03 1.97564000e-03 -1.21660000e-03 5.16391000e-03 -8.69230000e-04 2.36590000e-04 -1.22282000e-03 7.59650000e-04 -5.52170000e-04 2.98990000e-04 2.18824000e-03 2.24700000e-04 8.34840000e-04 -1.17926000e-03 7.03060000e-03 -1.61280000e-03 -1.41324000e-03 2.40280000e-04 1.46454000e-03 9.35110000e-04 -4.82880000e-04 -1.05164000e-03 7.66900000e-05 6.42700000e-04 -3.47250000e-04 1.65950000e-04 9.27870000e-04 -1.57355000e-03 4.13122000e-03 -1.16508000e-03 -1.17003000e-03 -3.30387000e-03 -1.67737000e-03 -8.80240000e-04 -2.35283000e-03 6.92090000e-04 4.93095000e-03 8.35980000e-04 2.38390000e-04 1.31584000e-03 2.01455000e-03 -2.11292000e-03 1.29989000e-03 1.36730000e-04 -3.14500000e-05 1.88104000e-03 1.24297000e-03 -7.20010000e-04 1.00543000e-03 -1.03165000e-03 -4.13480000e-04 -7.64190000e-04 6.75080000e-04 2.35870000e-03 2.75860000e-04 1.16371000e-03 2.39210900e-02 -7.32410000e-04
1.13568000e-03 2.43250000e-04 -5.05550000e-04 6.09000000e-06 4.50040000e-04 3.46150000e-04 -5.26150000e-04 5.48810000e-04 3.73270000e-04 -8.47120000e-04 -2.17950000e-04 9.28690000e-04 -5.30080000e-04 1.67400000e-05 4.82900000e-05 -8.35500000e-05 -1.69900000e-03 1.05340000e-04 -3.79690000e-04 -1.80003000e-03 -1.43980000e-04 4.01640000e-04 -1.80510000e-04 -1.30500000e-05 -7.23100000e-05 4.72370000e-04 2.68880000e-04 2.56800000e-05 1.67190000e-04 4.11300000e-05 4.42300000e-05 -6.13300000e-05 -1.97810000e-04 3.64890000e-04 1.23220000e-04 1.16720000e-04 4.14720000e-04 -3.07250000e-04 -1.08946000e-03 1.06720000e-03 5.24400000e-05 -5.52290000e-04 5.29980000e-04 -1.52540000e-04 -2.77240000e-04 -1.07040000e-04 3.05600000e-05 2.77850000e-04 7.58180000e-04 1.30663000e-03 -7.04460000e-04 5.87560000e-04 -1.99475000e-03 4.57630000e-04 1.02010000e-04 7.85750000e-04 -4.90290000e-04 3.74770000e-04 -1.38160000e-04 -5.65570000e-04 9.58500000e-05 -2.97910000e-04 5.01250000e-04 -3.02867000e-03 8.34300000e-04 6.92080000e-04 -3.26220000e-04 -3.65250000e-04 -2.07790000e-04 1.84790000e-04 5.30190000e-04 -9.49900000e-05 -2.87800000e-05 3.37850000e-04 -3.80200000e-05 -2.81410000e-04 7.28860000e-04 -1.42726000e-03 9.20730000e-04 6.44050000e-04 1.18067000e-03 7.54670000e-04 5.23530000e-04 7.28210000e-04 -1.76100000e-05 -1.85541000e-03 -2.28460000e-04 -9.03300000e-05 -3.84450000e-04 -9.06710000e-04 9.38070000e-04 -5.66340000e-04 7.27500000e-05 3.30000000e-04 -9.89380000e-04 -2.63910000e-04 2.93600000e-05 -3.04320000e-04 7.43660000e-04 3.20960000e-04 5.69890000e-04 -1.73090000e-04 -8.59450000e-04 -3.61500000e-05 -3.81040000e-04 -7.32410000e-04 1.78187800e-02
