3.81016600e-02 -5.81470000e-04 4.29840000e-04 1.50600000e-04 -5.00530000e-04 -1.92760000e-04 -3.99320000e-04 -3.44070000e-04 -1.05440000e-04 1.46236000e-03 -8.38600000e-05 -7.86330000e-04 -8.54500000e-04 -7.29670000e-04 1.28570000e-04 -1.58700000e-04 -2.93410000e-04 3.01570000e-04 -2.79210000e-04 -1.06750000e-04 -1.03201000e-03 1.69191000e-03 1.32500000e-04 -6.15010000e-04 -4.71180000e-04 -3.37370000e-04 9.65690000e-04 1.70327000e-03 -4.51840000e-04 -3.45030000e-04 -5.60800000e-05 -3.49670000e-04 -3.49690000e-04 -3.73960000e-04 7.30710000e-04 -2.48850000e-04 -2.78960000e-04 -4.66500000e-05 -1.83860000e-04 4.05340000e-04 -2.18680000e-04 -5.05500000e-04 -3.07410000e-04 1.81600000e-05 -5.35140000e-04 1.21430000e-04 -7.32010000e-04 -4.21750000e-04 -4.68080000e-04 -2.66530000e-04 -1.08850000e-04 -6.00100000e-04 -2.02090000e-04 1.62133000e-03 -3.27960000e-04 -4.95760000e-04 2.15600000e-05 -9.12850000e-04 1.35017000e-03 -1.91890000e-04 -1.32398000e-03 6.42990000e-04 -4.40700000e-05 -5.81060000e-04 -1.54600000e-05 -6.52900000e-05 -3.95900000e-04 -5.34500000e-05 -1.68310000e-04 -6.85200000e-05 -6.35190000e-04 -5.80100000e-05 8.94600000e-05 -4.08600000e-05 -2.82640000e-04 -1.99610000e-04 -2.88940000e-04 -6.57300000e-05 -6.51500000e-05 2.51800000e-05 2.87670000e-04 -1.71830000e-04 -1.78620000e-04 -2.33810000e-04 -6.77200000e-05 -3.74910000e-04 -6.57880000e-04 1.65099000e-03 4.18130000e-04 1.63017000e-03 1.57221000e-03 1.36738000e-03 1.83996000e-03 1.57929000e-03 1.54192000e-03 1.68094000e-03 2.21612000e-03 1.75590000e-03 1.85440000e-03 1.24714000e-03 1.81008000e-03 1.60353000e-03 1.52145000e-03 1.54488000e-03 1.75141000e-03 1.57397000e-03 1.95344000e-03
-5.81470000e-04 5.43199600e-02 -5.97160000e-04 2.65890000e-04 2.35608000e-03 -1.96540000e-03 -8.86740000e-04 1.19498000e-03 4.92210000e-04 -2.55620000e-04 2.37030000e-04 5.37344000e-03 9.54620000e-04 -1.77214000e-03 1.33618000e-03 1.15423000e-03 -2.74602000e-03 4.86290000e-04 9.38970000e-04 -2.45240000e-03 5.91699000e-03 3.40310000e-04 2.15190000e-04 2.21020000e-03 -7.00530000e-04 1.18243000e-03 -5.34740000e-04 3.34670000e-04 1.47499000e-03 4.19310000e-04 2.04807000e-03 -1.14538000e-03 4.48200000e-05 2.12330000e-04 -1.65244000e-03 1.48392000e-03 5.62760000e-04 8.81370000e-04 -1.90347000e-03 -2.14000000e-05 -2.41533000e-03 1.82532000e-03 -3.02200000e-05 1.22146000e-03 1.45644000e-03 1.15009000e-03 5.46195000e-03 7.68020000e-04 1.36620000e-03 3.43440000e-04 5.98290000e-04 3.32873000e-03 1.26108000e-03 -9.25710000e-04 1.54899000e-03 1.34367000e-03 -3.87991000e-03 7.43018000e-03 4.55431000e-03 1.11067000e-03 6.79802000e-03 -1.60113000e-03 -3.64020000e-04 3.26792000e-03 5.19130000e-04 -3.22150000e-04 1.48851000e-03 7.95730000e-04 -1.52151000e-03 6.69480000e-04 3.17795000e-03 -5.75730000e-04 6.12850000e-04 -3.92307000e-03 7.92140000e-04 1.67099000e-03 6.78980000e-04 4.64350000e-04 -2.24086000e-03 -1.28184000e-03 3.71060000e-04 -2.33024000e-03 -5.28520000e-04 -8.67170000e-04 1.33270000e-04 1.50200000e-05 5.24090000e-04 1.81797000e-03 -8.49110000e-04 3.55051000e-03 -1.18125000e-03 -2.11682000e-03 6.09150000e-04 1.45997000e-03 5.00570000e-04 1.47260000e-04 -1.35166000e-03 -1.37530000e-04 2.57840000e-04 2.70901000e-03 -8.55320000e-04 5.93080000e-04 1.33187000e-03 6.91090000e-04 2.65800000e-04 2.38234000e-03 1.86584000e-03
4.29840000e-04 -5.97160000e-04 3.26473200e-02 7.87410000e-04 -1.83870000e-04 -3.61210000e-04 -5.43570000e-04 -2.93790000e-04 -1.68400000e-04 -6.16960000e-04 1.52110000e-04 -7.58700000e-04 -8.46510000e-04 -4.58900000e-04 1.03900000e-03 2.28190000e-04 -1.25815000e-03 6.46120000e-04 -5.31230000e-04 -2.64750000e-04 -9.84400000e-04 3.37420000e-04 3.53550000e-04 -3.65320000e-04 -9.99750000e-04 -3.14870000e-04 -4.37990000e-04 2.94280000e-04 -1.53750000e-04 -4.98500000e-05 3.94740000e-04 -2.90190000e-04 -4.62360000e-04 -3.30450000e-04 7.04380000e-04 6.96700000e-05 -4.17950000e-04 6.02560000e-04 -5.68290000e-04 9.95900000e-04 -1.15313000e-03 -5.22060000e-04 1.93700000e-05 6.96390000e-04 -1.64690000e-04 1.03294000e-03 -1.88570000e-04 -4.22260000e-04 -1.69270000e-04 -4.97500000e-05 -1.99080000e-04 -3.87460000e-04 -3.32700000e-05 -8.88100000e-04 2.24230000e-04 -4.83330000e-04 -4.75830000e-04 -4.28950000e-04 6.13650000e-04 -1.84260000e-04 -2.06032000e-03 8.06840000e-04 -3.35050000e-04 -3.23040000e-04 7.69480000e-04 -3.96900000e-04 -2.77460000e-04 2.60960000e-04 -7.27860000e-04 9.12400000e-05 -5.74770000e-04 -4.70010000e-04 2.80010000e-04 -3.89710000e-04 -7.32550000e-04 -3.61360000e-04 -5.45020000e-04 -1.43950000e-04 -2.32920000e-04 -2.59970000e-04 8.06340000e-04 -4.46160000e-04 -4.73300000e-04 -4.34470000e-04 -5.40800000e-05 -6.50910000e-04 -8.70310000e-04 5.19530000e-04 8.70890000e-04 1.30820000e-04 -9.76670000e-04 -2.52938000e-03 6.42900000e-05 -1.51640000e-04 6.76700000e-05 -5.47200000e-04 5.55230000e-04 -8.05000000e-05 4.15000000e-06 -7.36350000e-04 -4.64860000e-04 -3.36050000e-04 -2.98300000e-04 -8.18310000e-04 3.66210000e-04 -2.01800000e-05 9.39580000e-04
1.50600000e-04 2.65890000e-04 7.87410000e-04 2.51578100e-02 7.44840000e-04 -1.19152000e-03 -9.86390000e-04 -1.35300000e-05 -6.54400000e-05 -7.42200000e-04 2.26800000e-05 1.04369000e-03 -3.90530000e-04 -1.21787000e-03 1.79133000e-03 9.33710000e-04 -2.54809000e-03 1.04898000e-03 -3.88880000e-04 -1.37741000e-03 1.23839000e-03 3.82440000e-04 5.90570000e-04 6.10590000e-04 -1.42252000e-03 1.07740000e-04 -8.22690000e-04 3.59270000e-04 4.19340000e-04 5.64300000e-05 1.50953000e-03 -8.90510000e-04 -1.16100000e-04 -3.43680000e-04 2.77180000e-04 5.24280000e-04 -3.11950000e-04 1.22032000e-03 -1.44399000e-03 1.15945000e-03 -2.28806000e-03 1.42680000e-04 -9.45100000e-05 1.45013000e-03 5.88120000e-04 1.72223000e-03 1.82732000e-03 -2.44530000e-04 2.17460000e-04 -7.37300000e-05 1.32090000e-04 8.78510000e-04 7.26620000e-04 -1.33123000e-03 7.73130000e-04 -1.47890000e-04 -2.24233000e-03 2.36087000e-03 2.52575000e-03 3.64000000e-04 4.94270000e-04 3.65030000e-04 -3.03550000e-04 7.54380000e-04 1.07409000e-03 -5.00850000e-04 2.58360000e-04 7.91720000e-04 -1.06198000e-03 5.98260000e-04 4.65950000e-04 -3.95060000e-04 7.09230000e-04 -2.05431000e-03 -3.19100000e-04 -2.17700000e-05 -4.82720000e-04 1.65370000e-04 -1.28606000e-03 -6.17130000e-04 1.15622000e-03 -1.51769000e-03 -7.48770000e-04 -8.69310000e-04 -2.68860000e-04 -7.63900000e-04 -6.80730000e-04 1.27951000e-03 6.20600000e-04 1.59542000e-03 -1.49494000e-03 -3.59253000e-03 2.81760000e-04 4.98870000e-04 1.85660000e-04 -5.50100000e-04 -1.40100000e-05 -1.49990000e-04 4.18100000e-05 3.74580000e-04 -9.07640000e-04 -1.39530000e-04 2.37270000e-04 -5.86960000e-04 3.75620000e-04 9.31260000e-04 2.01930000e-03
-5.00530000e-04 2.35608000e-03 -1.83870000e-04 7.44840000e-04 3.84724300e-02 -2.34392000e-03 -1.24925000e-03 1.22564000e-03 5.19850000e-04 -4.90940000e-04 3.45130000e-04 5.64994000e-03 7.32620000e-04 -2.55693000e-03 2.09298000e-03 1.49446000e-03 -3.73526000e-03 8.58040000e-04 6.43210000e-04 -2.91464000e-03 6.11452000e-03 5.97760000e-04 4.65970000e-04 2.40056000e-03 -1.29563000e-03 1.24863000e-03 -1.09210000e-03 5.72620000e-04 1.61306000e-03 4.42730000e-04 2.49415000e-03 -1.46233000e-03 -1.17200000e-04 5.93500000e-05 -1.39123000e-03 1.75645000e-03 3.30180000e-04 1.25127000e-03 -2.39855000e-03 4.59560000e-04 -3.28269000e-03 1.82330000e-03 -4.75400000e-05 1.79979000e-03 1.57657000e-03 1.76294000e-03 6.00536000e-03 6.78190000e-04 1.43191000e-03 3.26360000e-04 5.61050000e-04 3.65998000e-03 1.46071000e-03 -1.41753000e-03 1.84964000e-03 1.27565000e-03 -4.66951000e-03 8.17169000e-03 5.50834000e-03 1.16170000e-03 6.50539000e-03 -1.54745000e-03 -5.46650000e-04 3.53652000e-03 9.62440000e-04 -6.40350000e-04 1.48820000e-03 1.09679000e-03 -2.13709000e-03 8.64590000e-04 3.32029000e-03 -7.57820000e-04 8.77560000e-04 -4.62836000e-03 4.99190000e-04 1.67347000e-03 3.49090000e-04 4.53920000e-04 -2.65355000e-03 -1.54210000e-03 7.99980000e-04 -2.84415000e-03 -8.86360000e-04 -1.21857000e-03 7.51900000e-05 -2.62290000e-04 2.14690000e-04 2.36714000e-03 -5.27640000e-04 4.08032000e-03 -1.73665000e-03 -3.49968000e-03 7.33550000e-04 1.69026000e-03 6.25960000e-04 -5.13700000e-05 -1.37112000e-03 -1.39790000e-04 3.16370000e-04 2.82981000e-03 -1.12072000e-03 5.41180000e-04 1.44836000e-03 4.68970000e-04 4.95100000e-04 2.65644000e-03 2.64342000e-03
-1.92760000e-04 -1.96540000e-03 -3.61210000e-04 -1.19152000e-03 -2.34392000e-03 2.92783700e-02 3.61509000e-03 -4.75090000e-04 7.90470000e-04 5.09820000e-04 2.95030000e-04 -7.92321000e-03 1.08972000e-03 4.38089000e-03 -3.76570000e-03 -2.33040000e-03 7.48362000e-03 -1.23063000e-03 5.53730000e-04 5.94636000e-03 -7.90143000e-03 -1.62213000e-03 -7.38070000e-04 -1.66922000e-03 3.63203000e-03 -1.32110000e-04 2.11597000e-03 -1.50547000e-03 -9.50760000e-04 7.35660000e-04 -3.64411000e-03 3.51323000e-03 9.23560000e-04 1.23581000e-03 2.85297000e-03 -1.90220000e-03 1.13519000e-03 -1.96580000e-03 5.33153000e-03 -9.82350000e-04 6.80215000e-03 -1.44821000e-03 1.17346000e-03 -2.75038000e-03 -2.89600000e-03 -3.15373000e-03 -8.74098000e-03 4.60020000e-04 -1.08281000e-03 7.49680000e-04 -1.09704000e-03 -4.02254000e-03 -1.75248000e-03 1.84538000e-03 -1.67956000e-03 -5.30150000e-04 8.72626000e-03 -1.18627600e-02 -1.07428200e-02 -1.86481000e-03 -8.66869000e-03 2.63085000e-03 1.06661000e-03 -4.87490000e-03 -1.32623000e-03 1.44001000e-03 -7.44520000e-04 -1.65418000e-03 3.59813000e-03 -1.10945000e-03 -3.80337000e-03 1.81842000e-03 -1.31854000e-03 8.82353000e-03 -1.42460000e-04 -1.57524000e-03 1.11089000e-03 -7.36060000e-04 5.35946000e-03 2.34856000e-03 -1.39296000e-03 5.86801000e-03 2.01426000e-03 2.85871000e-03 1.01730000e-03 2.05454000e-03 1.75330000e-03 -5.20607000e-03 5.59070000e-04 -8.89851000e-03 2.33611000e-03 5.72401000e-03 -2.17864000e-03 -3.58450000e-03 -1.77387000e-03 -3.94030000e-04 4.90500000e-04 -5.82700000e-04 -1.21840000e-03 -5.02299000e-03 1.41445000e-03 -1.58690000e-03 -3.00352000e-03 -1.39354000e-03 -1.43927000e-03 -5.66603000e-03 -5.96072000e-03
-3.99320000e-04 -8.86740000e-04 -5.43570000e-04 -9.86390000e-04 -1.24925000e-03 3.61509000e-03 2.65828900e-02 -5.03900000e-05 6.38090000e-04 3.65750000e-04 2.83590000e-04 -4.44338000e-03 1.04774000e-03 3.09595000e-03 -2.63597000e-03 -1.53901000e-03 5.16378000e-03 -9.17780000e-04 6.69730000e-04 3.88800000e-03 -4.38234000e-03 -1.18604000e-03 -5.68320000e-04 -7.90730000e-04 2.70965000e-03 1.42800000e-04 1.60643000e-03 -1.10827000e-03 -4.07960000e-04 5.83250000e-04 -2.33838000e-03 2.42130000e-03 6.94280000e-04 9.87330000e-04 1.49017000e-03 -1.07300000e-03 9.52460000e-04 -1.38765000e-03 3.63564000e-03 -9.17400000e-04 4.69027000e-03 -5.54820000e-04 8.71250000e-04 -1.91310000e-03 -1.77420000e-03 -2.20344000e-03 -5.19092000e-03 5.68530000e-04 -4.57120000e-04 6.13510000e-04 -6.47950000e-04 -2.24213000e-03 -9.95620000e-04 1.25208000e-03 -9.75010000e-04 -1.00500000e-05 5.70233000e-03 -7.00141000e-03 -6.97534000e-03 -1.10024000e-03 -4.58392000e-03 1.37059000e-03 7.37230000e-04 -2.77638000e-03 -1.02336000e-03 1.02641000e-03 -2.00520000e-04 -1.10126000e-03 2.43483000e-03 -7.19000000e-04 -2.01489000e-03 1.18671000e-03 -9.54510000e-04 5.75659000e-03 1.17580000e-04 -6.89130000e-04 9.95810000e-04 -4.50220000e-04 3.52497000e-03 1.54385000e-03 -1.08389000e-03 3.94804000e-03 1.47125000e-03 2.00172000e-03 7.79580000e-04 1.59526000e-03 1.48430000e-03 -3.52475000e-03 9.44200000e-05 -5.75540000e-03 1.57584000e-03 4.11055000e-03 -1.50586000e-03 -2.35943000e-03 -1.25545000e-03 -2.27820000e-04 -4.28200000e-05 -4.82860000e-04 -8.81810000e-04 -3.07023000e-03 8.79810000e-04 -1.07282000e-03 -1.92719000e-03 -8.00530000e-04 -1.11684000e-03 -3.63041000e-03 -4.16616000e-03
-3.44070000e-04 1.19498000e-03 -2.93790000e-04 -1.35300000e-05 1.22564000e-03 -4.75090000e-04 -5.03900000e-05 2.88294700e-02 5.13700000e-04 1.71700000e-05 3.81210000e-04 2.41725000e-03 6.22120000e-04 -7.35250000e-04 4.03680000e-04 3.51310000e-04 -7.92980000e-04 1.48160000e-04 6.50700000e-04 -7.91800000e-04 2.63527000e-03 1.75670000e-04 6.17300000e-05 1.13746000e-03 7.20000000e-06 7.91290000e-04 -1.66940000e-04 1.85970000e-04 8.10460000e-04 3.58900000e-04 7.20660000e-04 -2.59030000e-04 -5.08900000e-05 2.95230000e-04 -3.38440000e-04 8.35900000e-04 4.45430000e-04 1.74310000e-04 -4.60240000e-04 -1.66860000e-04 -6.43770000e-04 1.03147000e-03 1.80980000e-04 3.89740000e-04 3.27460000e-04 2.30110000e-04 2.35621000e-03 6.42520000e-04 8.01070000e-04 3.89350000e-04 1.10420000e-04 1.64465000e-03 5.09330000e-04 -2.56500000e-04 8.34970000e-04 9.01040000e-04 -1.36137000e-03 3.24304000e-03 1.46693000e-03 3.71330000e-04 3.06034000e-03 -8.00890000e-04 -2.48200000e-04 1.54452000e-03 1.62130000e-04 -1.31000000e-06 8.65110000e-04 2.70210000e-04 -7.75130000e-04 1.94860000e-04 1.70011000e-03 -3.13120000e-04 1.15400000e-04 -1.34343000e-03 4.65840000e-04 1.05639000e-03 5.15720000e-04 6.56900000e-05 -6.84360000e-04 -6.39010000e-04 -2.47000000e-06 -6.46560000e-04 -1.03730000e-04 -1.64910000e-04 3.94420000e-04 3.42550000e-04 4.95740000e-04 5.60250000e-04 -3.61660000e-04 1.03970000e-03 -3.76920000e-04 -5.35480000e-04 1.98670000e-04 5.80640000e-04 1.65210000e-04 1.68830000e-04 -8.53280000e-04 -4.45100000e-05 1.53000000e-04 1.16636000e-03 -1.73350000e-04 2.47460000e-04 5.67480000e-04 3.60860000e-04 1.16440000e-04 7.34100000e-04 4.58430000e-04
-1.05440000e-04 4.92210000e-04 -1.68400000e-04 -6.54400000e-05 5.19850000e-04 7.90470000e-04 6.38090000e-04 5.13700000e-04 3.07984900e-02 1.52200000e-04 3.32560000e-04 -5.51900000e-05 7.19490000e-04 -8.12600000e-05 -3.25810000e-04 -1.21700000e-04 7.75410000e-04 1.59100000e-05 5.84640000e-04 6.87190000e-04 1.91760000e-04 -1.09460000e-04 -1.75400000e-05 6.25530000e-04 6.07340000e-04 6.43740000e-04 3.04690000e-04 -6.38400000e-05 4.81770000e-04 5.11720000e-04 -1.21700000e-04 4.98340000e-04 1.90800000e-04 4.65710000e-04 5.69460000e-04 2.19820000e-04 6.32460000e-04 -1.37500000e-04 6.96380000e-04 -8.12500000e-05 7.96200000e-04 3.52520000e-04 3.73240000e-04 -9.84700000e-05 -3.77100000e-04 -3.39540000e-04 -1.59460000e-04 5.13960000e-04 3.13710000e-04 4.71170000e-04 -1.57410000e-04 4.43320000e-04 3.50000000e-07 1.57420000e-04 3.55360000e-04 4.65530000e-04 7.59010000e-04 -1.96220000e-04 -1.08239000e-03 -1.26900000e-04 8.69700000e-05 2.65190000e-04 6.89200000e-05 3.52000000e-06 2.12100000e-05 1.78120000e-04 4.75340000e-04 -7.69300000e-05 1.26590000e-04 5.72000000e-06 3.35260000e-04 2.83950000e-04 -2.00700000e-05 8.29940000e-04 1.99940000e-04 3.47190000e-04 6.45000000e-04 -7.26400000e-05 5.95570000e-04 -4.29800000e-05 -9.10700000e-05 6.57260000e-04 2.68080000e-04 4.20410000e-04 5.06620000e-04 6.41230000e-04 7.24860000e-04 -5.75850000e-04 -1.67600000e-05 -1.14197000e-03 1.57030000e-04 5.05320000e-04 -2.47490000e-04 -2.58050000e-04 -1.43850000e-04 5.10600000e-05 -3.63920000e-04 -9.85400000e-05 -7.04900000e-05 -1.85160000e-04 1.74400000e-04 -8.20500000e-05 -1.65240000e-04 -6.92800000e-05 -4.16800000e-05 -6.22680000e-04 -6.59660000e-04
1.46236000e-03 -2.55620000e-04 -6.16960000e-04 -7.42200000e-04 -4.90940000e-04 5.09820000e-04 3.65750000e-04 1.71700000e-05 1.52200000e-04 1.20162780e-01 -1.01220000e-04 -4.53920000e-04 -2.82300000e-05 -2.58640000e-04 -1.09586000e-03 -5.33510000e-04 1.48749000e-03 -4.71720000e-04 2.07130000e-04 5.72880000e-04 -6.26480000e-04 1.27421000e-03 -2.21500000e-04 -4.57430000e-04 7.57930000e-04 -2.21900000e-05 1.84790000e-03 1.32629000e-03 -4.01830000e-04 -2.81750000e-04 -8.33660000e-04 1.99610000e-04 2.85700000e-05 -1.86000000e-06 1.70000000e-04 -4.02890000e-04 1.00570000e-04 -8.93760000e-04 7.24630000e-04 -6.84050000e-04 1.43231000e-03 -1.67590000e-04 -2.84250000e-04 -9.08770000e-04 -5.78240000e-04 -1.17086000e-03 -1.19119000e-03 4.94800000e-05 -3.93110000e-04 -1.59430000e-04 4.99000000e-06 -4.26460000e-04 -4.26390000e-04 2.64948000e-03 -7.20260000e-04 7.80000000e-06 1.07343000e-03 -1.27488000e-03 -1.11500000e-05 -1.34510000e-04 2.53700000e-05 -1.46800000e-04 2.99240000e-04 -5.67470000e-04 -8.76200000e-04 3.35370000e-04 -2.79120000e-04 -4.18870000e-04 6.54890000e-04 -2.95290000e-04 -2.29150000e-04 4.87280000e-04 -3.45820000e-04 9.60970000e-04 3.46690000e-04 2.00650000e-04 2.57150000e-04 -3.26200000e-05 5.44900000e-04 4.30730000e-04 -6.54810000e-04 6.97280000e-04 4.51540000e-04 4.50720000e-04 1.17660000e-04 4.55790000e-04 2.93730000e-04 7.97200000e-04 -3.13950000e-04 8.71510000e-04 2.73936000e-03 4.34569000e-03 1.59119000e-03 1.50887000e-03 1.37408000e-03 2.19136000e-03 1.55784000e-03 1.80166000e-03 1.73924000e-03 1.63806000e-03 2.38898000e-03 1.82180000e-03 1.63695000e-03 2.29859000e-03 1.26355000e-03 1.15522000e-03 4.93460000e-04
-8.38600000e-05 2.37030000e-04 1.52110000e-04 2.26800000e-05 3.45130000e-04 2.95030000e-04 2.83590000e-04 3.81210000e-04 3.32560000e-04 -1.01220000e-04 7.83463000e-03 2.87420000e-04 1.56390000e-04 -6.99400000e-05 7.83000000e-05 -7.88900000e-05 1.35970000e-04 1.44680000e-04 2.88700000e-04 2.37460000e-04 2.56360000e-04 6.11700000e-05 8.65000000e-06 2.86720000e-04 1.92600000e-04 3.43720000e-04 3.78700000e-05 4.18400000e-05 3.03130000e-04 2.94510000e-04 3.52300000e-05 2.46620000e-04 -1.91610000e-04 2.54940000e-04 3.13080000e-04 3.28510000e-04 2.60670000e-04 -1.66200000e-05 2.56260000e-04 5.84300000e-05 1.68100000e-04 2.95870000e-04 2.98120000e-04 7.20200000e-05 -2.56160000e-04 5.99900000e-05 2.95840000e-04 3.19440000e-04 3.19060000e-04 3.40180000e-04 -1.74160000e-04 3.32910000e-04 -1.51400000e-05 -2.06910000e-04 3.59030000e-04 3.25760000e-04 1.99350000e-04 3.43330000e-04 -2.47300000e-04 -1.11580000e-04 9.58900000e-05 7.63800000e-05 -1.61690000e-04 2.67020000e-04 1.44080000e-04 2.74600000e-05 3.40700000e-04 -2.29000000e-05 -2.71720000e-04 -3.49100000e-05 3.62720000e-04 -1.75800000e-04 -7.58200000e-05 2.41960000e-04 -2.47000000e-05 3.91680000e-04 2.61090000e-04 -1.37140000e-04 2.56230000e-04 -1.82660000e-04 7.77100000e-05 2.76710000e-04 3.37100000e-05 1.50300000e-04 3.78450000e-04 2.74160000e-04 1.93460000e-04 -1.22300000e-04 1.09510000e-04 -4.15000000e-04 -2.35150000e-04 -4.39510000e-04 -1.31650000e-04 -1.90460000e-04 -6.55000000e-05 -1.44050000e-04 -2.43180000e-04 -1.15760000e-04 -6.71900000e-05 -2.14380000e-04 -7.13600000e-05 -1.79700000e-04 -1.50900000e-04 -2.50560000e-04 3.07300000e-05 -2.01700000e-04 -7.15400000e-05
-7.86330000e-04 5.37344000e-03 -7.58700000e-04 1.04369000e-03 5.64994000e-03 -7.92321000e-03 -4.44338000e-03 2.41725000e-03 -5.51900000e-05 -4.53920000e-04 2.87420000e-04 8.65165200e-02 2.51550000e-04 -6.92430000e-03 5.34754000e-03 3.69280000e-03 -1.05019800e-02 1.69118000e-03 8.85800000e-04 -8.94023000e-03 1.68669500e-02 2.22761000e-03 8.36760000e-04 4.67674000e-03 -4.08013000e-03 1.88282000e-03 -2.32445000e-03 2.07197000e-03 2.91228000e-03 -2.39370000e-04 6.16255000e-03 -4.69636000e-03 -1.10790000e-03 -8.20730000e-04 -6.31077000e-03 4.20099000e-03 -4.16820000e-04 2.61218000e-03 -7.40797000e-03 4.53680000e-04 -9.41936000e-03 4.33415000e-03 -1.09728000e-03 4.00680000e-03 4.79673000e-03 4.57277000e-03 1.65941100e-02 9.03880000e-04 3.17859000e-03 -2.34900000e-04 1.95273000e-03 8.96086000e-03 3.48495000e-03 -2.64185000e-03 3.73637000e-03 2.75698000e-03 -1.33190100e-02 2.29741500e-02 1.73325600e-02 3.42970000e-03 1.88066900e-02 -5.55593000e-03 -1.58569000e-03 9.94794000e-03 1.59941000e-03 -1.99046000e-03 2.78151000e-03 2.59050000e-03 -5.60844000e-03 1.83312000e-03 8.63641000e-03 -2.73546000e-03 1.85323000e-03 -1.37482000e-02 1.14214000e-03 4.53864000e-03 -8.04200000e-05 1.27542000e-03 -7.95293000e-03 -3.71054000e-03 1.61939000e-03 -8.55622000e-03 -2.54807000e-03 -3.79003000e-03 -6.80710000e-04 -1.70915000e-03 -7.74630000e-04 7.76491000e-03 -2.11015000e-03 1.42912700e-02 -3.45930000e-03 -7.39592000e-03 3.24292000e-03 5.70502000e-03 2.50956000e-03 9.23570000e-04 -2.46029000e-03 5.25390000e-04 1.78528000e-03 9.00530000e-03 -2.25824000e-03 2.44004000e-03 5.09073000e-03 2.82869000e-03 1.80563000e-03 9.42206000e-03 8.19264000e-03
-8.54500000e-04 9.54620000e-04 -8.46510000e-04 -3.90530000e-04 7.32620000e-04 1.08972000e-03 1.04774000e-03 6.22120000e-04 7.19490000e-04 -2.82300000e-05 1.56390000e-04 2.51550000e-04 2.46418200e-02 6.01510000e-04 -8.73060000e-04 -7.58500000e-05 1.55647000e-03 -5.33290000e-04 8.63540000e-04 8.91050000e-04 7.05920000e-04 -7.72870000e-04 -1.87290000e-04 1.03013000e-03 1.29827000e-03 8.63700000e-04 4.74560000e-04 -7.08460000e-04 7.39310000e-04 6.88470000e-04 -3.01480000e-04 7.68340000e-04 7.62840000e-04 7.56670000e-04 -9.58900000e-05 1.85970000e-04 9.41810000e-04 -2.88510000e-04 1.06224000e-03 -6.41910000e-04 1.46753000e-03 6.86330000e-04 4.73170000e-04 -3.92320000e-04 1.24770000e-04 -8.85370000e-04 -5.70600000e-05 7.94290000e-04 4.77000000e-04 5.46710000e-04 7.91500000e-05 7.00440000e-04 1.48990000e-04 1.22780000e-04 2.81520000e-04 7.75960000e-04 1.07430000e-03 -8.89500000e-05 -1.74800000e-03 7.31500000e-05 1.15939000e-03 -3.01990000e-04 4.24520000e-04 1.84420000e-04 -2.98160000e-04 3.08790000e-04 6.75190000e-04 -1.16990000e-04 6.86960000e-04 5.72100000e-05 6.15950000e-04 7.16230000e-04 -5.98000000e-05 1.14673000e-03 5.29350000e-04 3.30490000e-04 9.83660000e-04 1.26150000e-04 7.21200000e-04 2.63340000e-04 -6.00140000e-04 9.53010000e-04 6.01480000e-04 7.31650000e-04 4.15390000e-04 1.06137000e-03 1.48107000e-03 -1.28847000e-03 -5.70600000e-04 -1.69779000e-03 1.93020000e-04 1.38553000e-03 -8.45550000e-04 -6.69440000e-04 -5.84390000e-04 -2.14800000e-04 -1.14204000e-03 -5.56930000e-04 -6.67330000e-04 -2.27710000e-04 -1.69420000e-04 -3.86950000e-04 -5.05060000e-04 -1.61480000e-04 -7.56680000e-04 -1.14270000e-03 -1.88029000e-03
-7.29670000e-04 -1.77214000e-03 -4.58900000e-04 -1.21787000e-03 -2.55693000e-03 4.38089000e-03 3.09595000e-03 -7.35250000e-04 -8.12600000e-05 -2.58640000e-04 -6.99400000e-05 -6.92430000e-03 6.01510000e-04 2.94436200e-02 -3.45937000e-03 -2.15703000e-03 6.49447000e-03 -1.19704000e-03 4.17010000e-04 4.67325000e-03 -6.83275000e-03 -2.07038000e-03 -7.48320000e-04 -1.97614000e-03 3.20037000e-03 -7.33470000e-04 1.87462000e-03 -1.94345000e-03 -1.17489000e-03 1.89780000e-04 -2.97519000e-03 2.88021000e-03 1.02350000e-03 8.41610000e-04 2.10586000e-03 -1.91326000e-03 7.02110000e-04 -1.60144000e-03 4.47175000e-03 -1.15871000e-03 5.69688000e-03 -1.07057000e-03 9.07040000e-04 -2.52800000e-03 -2.22249000e-03 -2.67158000e-03 -7.41267000e-03 2.54830000e-04 -9.44580000e-04 3.43110000e-04 -8.50640000e-04 -4.20425000e-03 -1.09101000e-03 1.11257000e-03 -1.73495000e-03 -5.19450000e-04 7.26511000e-03 -1.02557300e-02 -9.45238000e-03 -1.50514000e-03 -6.64947000e-03 2.00633000e-03 9.81270000e-04 -4.21284000e-03 -1.45809000e-03 1.68926000e-03 -5.76800000e-04 -1.45835000e-03 3.64099000e-03 -9.71050000e-04 -3.36256000e-03 1.17731000e-03 -1.46397000e-03 7.40763000e-03 1.79420000e-04 -1.62009000e-03 7.15840000e-04 -6.19810000e-04 4.31817000e-03 2.23954000e-03 -1.41641000e-03 5.00348000e-03 1.92104000e-03 2.36155000e-03 5.26770000e-04 1.42547000e-03 1.18659000e-03 -4.96320000e-03 3.21240000e-04 -7.69033000e-03 1.52393000e-03 4.55134000e-03 -2.26525000e-03 -3.58370000e-03 -2.24120000e-03 -7.99100000e-04 9.39200000e-05 -1.00482000e-03 -1.53762000e-03 -4.72564000e-03 6.11640000e-04 -1.95893000e-03 -3.11097000e-03 -1.65152000e-03 -2.02028000e-03 -5.13635000e-03 -5.58642000e-03
1.28570000e-04 1.33618000e-03 1.03900000e-03 1.79133000e-03 2.09298000e-03 -3.76570000e-03 -2.63597000e-03 4.03680000e-04 -3.25810000e-04 -1.09586000e-03 7.83000000e-05 5.34754000e-03 -8.73060000e-04 -3.45937000e-03 2.89209100e-02 2.11400000e-03 -6.21356000e-03 1.80380000e-03 -5.94240000e-04 -4.19449000e-03 5.47427000e-03 1.16894000e-03 9.67750000e-04 1.59836000e-03 -3.14619000e-03 3.11810000e-04 -1.82441000e-03 1.07582000e-03 1.01945000e-03 -1.92720000e-04 3.41965000e-03 -2.47281000e-03 -6.82680000e-04 -8.42790000e-04 -1.25182000e-03 1.72947000e-03 -8.27670000e-04 2.21238000e-03 -3.92729000e-03 1.68495000e-03 -5.60283000e-03 1.09118000e-03 -4.99200000e-04 2.94889000e-03 2.00616000e-03 3.45630000e-03 6.49346000e-03 -2.93330000e-04 9.56710000e-04 -3.13620000e-04 6.40940000e-04 3.09371000e-03 1.64925000e-03 -2.45785000e-03 1.81931000e-03 3.09690000e-04 -6.41160000e-03 8.70906000e-03 8.01107000e-03 1.29405000e-03 5.01637000e-03 -9.81940000e-04 -9.03940000e-04 3.48806000e-03 1.81037000e-03 -1.28013000e-03 7.55600000e-04 1.63813000e-03 -2.92568000e-03 1.21573000e-03 2.59141000e-03 -1.38999000e-03 1.33653000e-03 -6.32479000e-03 -3.06470000e-04 9.72000000e-04 -9.86340000e-04 4.90830000e-04 -3.74886000e-03 -1.77169000e-03 1.95833000e-03 -4.28537000e-03 -1.74400000e-03 -2.22639000e-03 -6.42040000e-04 -1.67785000e-03 -1.45908000e-03 3.83479000e-03 3.53730000e-04 5.97168000e-03 -2.87996000e-03 -6.82018000e-03 1.27969000e-03 2.15174000e-03 9.66260000e-04 -5.14920000e-04 -4.18500000e-04 -5.60000000e-07 5.50410000e-04 2.77395000e-03 -1.78345000e-03 4.44130000e-04 1.63023000e-03 -8.81300000e-05 1.05978000e-03 3.80030000e-03 5.14591000e-03
-1.58700000e-04 1.15423000e-03 2.28190000e-04 9.33710000e-04 1.49446000e-03 -2.33040000e-03 -1.53901000e-03 3.51310000e-04 -1.21700000e-04 -5.33510000e-04 -7.88900000e-05 3.69280000e-03 -7.58500000e-05 -2.15703000e-03 2.11400000e-03 7.29290100e-02 -3.60931000e-03 8.46400000e-04 -2.45290000e-04 -2.68202000e-03 3.86108000e-03 5.21430000e-04 5.64760000e-04 1.28417000e-03 -1.66698000e-03 3.28250000e-04 -7.44840000e-04 4.87550000e-04 8.04890000e-04 -3.94700000e-05 2.09853000e-03 -1.50376000e-03 -5.85800000e-05 -3.71770000e-04 -1.00182000e-03 1.18267000e-03 -3.82710000e-04 1.35763000e-03 -2.40046000e-03 7.27130000e-04 -3.25247000e-03 9.30160000e-04 -2.81380000e-04 1.81119000e-03 1.74085000e-03 1.77443000e-03 4.42189000e-03 -2.98800000e-05 7.35870000e-04 -1.83160000e-04 6.66760000e-04 2.19098000e-03 1.13033000e-03 -1.36205000e-03 1.15362000e-03 4.05790000e-04 -4.14833000e-03 5.84072000e-03 5.11748000e-03 1.08540000e-03 4.12625000e-03 -1.02670000e-03 -3.26690000e-04 2.50638000e-03 9.78110000e-04 -7.58220000e-04 5.68990000e-04 1.07320000e-03 -1.52798000e-03 9.23040000e-04 1.93003000e-03 -5.53840000e-04 9.38130000e-04 -4.07795000e-03 1.06950000e-04 6.21970000e-04 -4.77000000e-04 5.32120000e-04 -2.39455000e-03 -9.92770000e-04 9.21980000e-04 -2.69903000e-03 -9.25640000e-04 -1.28319000e-03 -4.48350000e-04 -8.37520000e-04 -5.02030000e-04 2.27995000e-03 -1.15700000e-04 3.80930000e-03 -1.59287000e-03 -3.55685000e-03 6.74220000e-04 1.46597000e-03 6.12920000e-04 -2.36960000e-04 -5.86600000e-04 -5.79800000e-05 1.92670000e-04 2.22922000e-03 -1.14447000e-03 4.11470000e-04 1.15369000e-03 1.96260000e-04 4.94540000e-04 2.43088000e-03 3.06012000e-03
-2.93410000e-04 -2.74602000e-03 -1.25815000e-03 -2.54809000e-03 -3.73526000e-03 7.48362000e-03 5.16378000e-03 -7.92980000e-04 7.75410000e-04 1.48749000e-03 1.35970000e-04 -1.05019800e-02 1.55647000e-03 6.49447000e-03 -6.21356000e-03 -3.60931000e-03 2.63391400e-02 -2.44039000e-03 8.88280000e-04 8.43207000e-03 -1.07018200e-02 -2.26312000e-03 -1.41105000e-03 -2.78929000e-03 5.70888000e-03 -4.35220000e-04 3.92538000e-03 -2.12245000e-03 -1.70873000e-03 6.59710000e-04 -5.77006000e-03 5.01886000e-03 1.31650000e-03 1.68975000e-03 2.65168000e-03 -3.05501000e-03 1.50578000e-03 -3.47315000e-03 7.65542000e-03 -2.29258000e-03 1.04114200e-02 -2.11264000e-03 1.31230000e-03 -4.75057000e-03 -3.83622000e-03 -5.28962000e-03 -1.24916700e-02 5.83940000e-04 -1.74628000e-03 7.69490000e-04 -1.27763000e-03 -5.82619000e-03 -2.79498000e-03 3.68658000e-03 -3.05377000e-03 -7.14170000e-04 1.26400300e-02 -1.67159700e-02 -1.50733500e-02 -2.46018000e-03 -1.09238700e-02 2.85512000e-03 1.72668000e-03 -6.85429000e-03 -2.71086000e-03 2.15620000e-03 -1.32880000e-03 -2.70002000e-03 5.63857000e-03 -1.86887000e-03 -5.30203000e-03 2.74629000e-03 -2.23396000e-03 1.25945300e-02 8.69000000e-05 -2.01260000e-03 1.68609000e-03 -9.32700000e-04 7.58666000e-03 3.66648000e-03 -2.71171000e-03 8.43470000e-03 3.18324000e-03 4.27213000e-03 1.21697000e-03 3.07155000e-03 2.66370000e-03 -7.28567000e-03 1.09020000e-04 -1.17707400e-02 4.49985000e-03 1.06386400e-02 -2.73805000e-03 -4.65237000e-03 -2.18152000e-03 1.56340000e-04 8.63920000e-04 -4.11500000e-04 -1.44044000e-03 -6.34640000e-03 2.65200000e-03 -1.64304000e-03 -3.70831000e-03 -9.22770000e-04 -2.09779000e-03 -7.36733000e-03 -8.92002000e-03
3.01570000e-04 4.86290000e-04 6.46120000e-04 1.04898000e-03 8.58040000e-04 -1.23063000e-03 -9.17780000e-04 1.48160000e-04 1.59100000e-05 -4.71720000e-04 1.44680000e-04 1.69118000e-03 -5.33290000e-04 -1.19704000e-03 1.80380000e-03 8.46400000e-04 -2.44039000e-03 2.09877700e-02 -2.28680000e-04 -1.31428000e-03 2.01249000e-03 5.81170000e-04 5.41530000e-04 6.88370000e-04 -1.34062000e-03 2.38000000e-04 -4.79900000e-04 5.29430000e-04 4.30140000e-04 -5.00000000e-07 1.86737000e-03 -8.72740000e-04 -3.56450000e-04 -3.08690000e-04 5.87900000e-05 5.65590000e-04 -2.74330000e-04 1.18359000e-03 -1.39204000e-03 1.20554000e-03 -2.15947000e-03 3.36990000e-04 -1.55690000e-04 1.53359000e-03 1.99660000e-04 2.06214000e-03 2.15771000e-03 -9.61800000e-05 2.63630000e-04 -6.71300000e-05 1.56500000e-05 1.09419000e-03 7.43750000e-04 -1.17989000e-03 8.09970000e-04 -2.21700000e-05 -2.17155000e-03 3.03412000e-03 2.90386000e-03 3.35450000e-04 1.46494000e-03 5.86290000e-04 -4.73950000e-04 8.61800000e-04 9.70060000e-04 -3.02510000e-04 4.73740000e-04 7.12970000e-04 -1.00741000e-03 7.10700000e-04 7.12350000e-04 -4.81450000e-04 4.89700000e-04 -2.05336000e-03 -2.43600000e-05 3.11090000e-04 -3.51190000e-04 8.60300000e-05 -1.14372000e-03 -7.62390000e-04 1.50556000e-03 -1.47451000e-03 -6.87860000e-04 -8.14230000e-04 -2.13540000e-04 -6.92590000e-04 -7.34270000e-04 1.53049000e-03 5.99690000e-04 2.06109000e-03 -1.30509000e-03 -3.58624000e-03 6.03840000e-04 7.05050000e-04 2.64170000e-04 -3.40510000e-04 1.12520000e-04 3.87300000e-05 2.94430000e-04 5.39690000e-04 -7.15210000e-04 -3.10900000e-05 4.80530000e-04 -4.09770000e-04 5.15370000e-04 1.61084000e-03 2.99849000e-03
-2.79210000e-04 9.38970000e-04 -5.31230000e-04 -3.88880000e-04 6.43210000e-04 5.53730000e-04 6.69730000e-04 6.50700000e-04 5.84640000e-04 2.07130000e-04 2.88700000e-04 8.85800000e-04 8.63540000e-04 4.17010000e-04 -5.94240000e-04 -2.45290000e-04 8.88280000e-04 -2.28680000e-04 2.99126300e-02 4.48950000e-04 1.18933000e-03 -1.77370000e-04 -1.96320000e-04 7.27070000e-04 8.42930000e-04 6.98990000e-04 4.87510000e-04 -1.35790000e-04 5.46690000e-04 4.52610000e-04 -9.33700000e-05 4.52540000e-04 1.96860000e-04 5.20810000e-04 -1.94770000e-04 2.13920000e-04 8.10520000e-04 -3.05800000e-04 6.15170000e-04 -4.74190000e-04 8.58910000e-04 6.49520000e-04 3.16340000e-04 -4.27020000e-04 -2.67400000e-04 -4.82960000e-04 4.59180000e-04 6.43590000e-04 4.79270000e-04 4.81960000e-04 -5.78500000e-05 7.46360000e-04 1.34030000e-04 3.44500000e-04 3.35600000e-04 7.04490000e-04 5.56150000e-04 7.23650000e-04 -8.36810000e-04 -7.07000000e-06 1.48382000e-03 -1.85970000e-04 6.63900000e-05 3.90320000e-04 -2.69850000e-04 3.53900000e-04 7.16040000e-04 -1.76060000e-04 1.79330000e-04 -1.63570000e-04 7.83200000e-04 1.11490000e-04 -1.88020000e-04 5.26150000e-04 4.60440000e-04 7.23410000e-04 9.44170000e-04 -4.68300000e-05 3.58730000e-04 -7.02700000e-05 -3.75560000e-04 5.45740000e-04 3.82870000e-04 4.41410000e-04 5.26730000e-04 7.35800000e-04 8.80410000e-04 -5.45300000e-04 -4.05310000e-04 -6.34340000e-04 3.28910000e-04 1.11453000e-03 -1.42140000e-04 -1.51400000e-04 -1.47080000e-04 2.45630000e-04 -5.28230000e-04 -9.08300000e-05 7.12000000e-06 1.36360000e-04 2.40410000e-04 5.17100000e-05 2.70000000e-07 2.58350000e-04 -1.77540000e-04 -3.22650000e-04 -1.09656000e-03
-1.06750000e-04 -2.45240000e-03 -2.64750000e-04 -1.37741000e-03 -2.91464000e-03 5.94636000e-03 3.88800000e-03 -7.91800000e-04 6.87190000e-04 5.72880000e-04 2.37460000e-04 -8.94023000e-03 8.91050000e-04 4.67325000e-03 -4.19449000e-03 -2.68202000e-03 8.43207000e-03 -1.31428000e-03 4.48950000e-04 2.57045700e-02 -9.07240000e-03 -1.80368000e-03 -8.77700000e-04 -2.20232000e-03 3.93480000e-03 -3.48880000e-04 2.63529000e-03 -1.72625000e-03 -1.31879000e-03 7.09450000e-04 -4.19252000e-03 4.00225000e-03 8.17130000e-04 1.29572000e-03 2.52470000e-03 -2.40308000e-03 1.11250000e-03 -2.23856000e-03 5.88601000e-03 -1.02555000e-03 7.65859000e-03 -2.03879000e-03 1.19289000e-03 -3.23806000e-03 -3.29030000e-03 -3.31686000e-03 -1.01943300e-02 2.52830000e-04 -1.46037000e-03 7.09610000e-04 -1.17914000e-03 -4.71758000e-03 -2.19953000e-03 2.06469000e-03 -2.12149000e-03 -9.07830000e-04 1.01193800e-02 -1.36952600e-02 -1.20027800e-02 -2.11112000e-03 -1.03286300e-02 3.13607000e-03 1.15844000e-03 -5.79728000e-03 -1.49421000e-03 1.48874000e-03 -1.13401000e-03 -1.95847000e-03 4.07036000e-03 -1.37199000e-03 -4.71640000e-03 2.03037000e-03 -1.47096000e-03 1.00617900e-02 -3.95570000e-04 -1.87754000e-03 1.13977000e-03 -7.97890000e-04 6.15452000e-03 2.77162000e-03 -1.44368000e-03 6.57140000e-03 2.17298000e-03 3.16233000e-03 1.00377000e-03 2.11317000e-03 1.70885000e-03 -5.75059000e-03 7.33290000e-04 -9.70815000e-03 2.67467000e-03 6.41221000e-03 -2.40145000e-03 -4.12461000e-03 -1.90873000e-03 -5.35400000e-04 8.85170000e-04 -6.48880000e-04 -1.39459000e-03 -5.99677000e-03 1.56334000e-03 -1.79169000e-03 -3.45234000e-03 -1.61383000e-03 -1.58171000e-03 -6.15086000e-03 -6.63310000e-03
-1.03201000e-03 5.91699000e-03 -9.84400000e-04 1.23839000e-03 6.11452000e-03 -7.90143000e-03 -4.38234000e-03 2.63527000e-03 1.91760000e-04 -6.26480000e-04 2.56360000e-04 1.68669500e-02 7.05920000e-04 -6.83275000e-03 5.47427000e-03 3.86108000e-03 -1.07018200e-02 2.01249000e-03 1.18933000e-03 -9.07240000e-03 6.87926400e-02 1.99219000e-03 9.24900000e-04 5.25934000e-03 -4.04720000e-03 2.24604000e-03 -2.53808000e-03 1.88036000e-03 3.25358000e-03 -4.27300000e-05 6.67470000e-03 -4.78530000e-03 -8.46190000e-04 -7.11060000e-04 -6.13608000e-03 4.23484000e-03 -8.87900000e-05 2.86004000e-03 -7.48657000e-03 5.75980000e-04 -9.56217000e-03 4.60411000e-03 -1.10398000e-03 4.25079000e-03 4.70539000e-03 4.83236000e-03 1.69964400e-02 1.11577000e-03 3.31045000e-03 -1.10260000e-04 1.91035000e-03 9.45330000e-03 3.77483000e-03 -2.90420000e-03 3.99265000e-03 2.97106000e-03 -1.36176400e-02 2.36107300e-02 1.71871700e-02 3.47737000e-03 1.97545000e-02 -5.29780000e-03 -1.56844000e-03 1.00178800e-02 1.72133000e-03 -1.76340000e-03 3.19375000e-03 2.73194000e-03 -5.53461000e-03 2.03144000e-03 8.99660000e-03 -2.56426000e-03 1.92319000e-03 -1.39768000e-02 1.52742000e-03 4.65024000e-03 2.50010000e-04 1.31486000e-03 -8.14888000e-03 -3.93388000e-03 1.85157000e-03 -8.72293000e-03 -2.52223000e-03 -3.78950000e-03 -6.49110000e-04 -1.55632000e-03 -4.67040000e-04 7.57428000e-03 -2.14415000e-03 1.40685700e-02 -3.73628000e-03 -7.87623000e-03 3.08769000e-03 5.63479000e-03 2.24517000e-03 7.90520000e-04 -2.89229000e-03 3.13390000e-04 1.64095000e-03 9.00437000e-03 -2.50127000e-03 2.29511000e-03 5.00409000e-03 2.66299000e-03 1.57382000e-03 9.30055000e-03 8.21570000e-03
1.69191000e-03 3.40310000e-04 3.37420000e-04 3.82440000e-04 5.97760000e-04 -1.62213000e-03 -1.18604000e-03 1.75670000e-04 -1.09460000e-04 1.27421000e-03 6.11700000e-05 2.22761000e-03 -7.72870000e-04 -2.07038000e-03 1.16894000e-03 5.21430000e-04 -2.26312000e-03 5.81170000e-04 -1.77370000e-04 -1.80368000e-03 1.99219000e-03 7.68989100e-02 3.12450000e-04 2.71320000e-04 -1.21121000e-03 7.44100000e-05 2.43610000e-04 2.05577000e-03 1.34190000e-04 -3.69920000e-04 1.03944000e-03 -1.24103000e-03 -6.07680000e-04 -5.27110000e-04 -2.97470000e-04 5.53340000e-04 -4.06960000e-04 3.93950000e-04 -1.56109000e-03 4.96670000e-04 -1.98112000e-03 2.90270000e-04 -5.17420000e-04 7.54980000e-04 2.58670000e-04 9.45030000e-04 2.26603000e-03 -2.15540000e-04 1.24450000e-04 -2.74680000e-04 1.53310000e-04 1.10582000e-03 4.02930000e-04 1.01330000e-03 3.48880000e-04 5.54400000e-05 -2.53275000e-03 3.27612000e-03 4.38022000e-03 3.64460000e-04 1.97700000e-03 -4.98970000e-04 -4.00490000e-04 1.21362000e-03 3.01670000e-04 -4.60890000e-04 1.35830000e-04 4.45820000e-04 -1.39480000e-03 2.29290000e-04 1.02072000e-03 -6.22390000e-04 3.66190000e-04 -2.59346000e-03 -1.19510000e-04 6.83850000e-04 -3.64520000e-04 9.09400000e-05 -1.59551000e-03 -7.55120000e-04 5.70710000e-04 -1.73436000e-03 -6.62750000e-04 -9.21780000e-04 -1.71310000e-04 -6.40110000e-04 -7.88100000e-04 3.04580000e-03 7.79700000e-05 4.09677000e-03 8.27130000e-04 -1.74070000e-04 2.32007000e-03 2.55513000e-03 1.93342000e-03 1.73477000e-03 1.54065000e-03 1.79524000e-03 2.08165000e-03 2.76144000e-03 1.33618000e-03 1.94220000e-03 2.36371000e-03 1.94190000e-03 1.96822000e-03 3.10503000e-03 3.25431000e-03
1.32500000e-04 2.15190000e-04 3.53550000e-04 5.90570000e-04 4.65970000e-04 -7.38070000e-04 -5.68320000e-04 6.17300000e-05 -1.75400000e-05 -2.21500000e-04 8.65000000e-06 8.36760000e-04 -1.87290000e-04 -7.48320000e-04 9.67750000e-04 5.64760000e-04 -1.41105000e-03 5.41530000e-04 -1.96320000e-04 -8.77700000e-04 9.24900000e-04 3.12450000e-04 1.40572400e-02 3.79600000e-04 -7.50780000e-04 8.47700000e-05 -1.97620000e-04 3.08450000e-04 2.45310000e-04 -9.70000000e-06 8.51500000e-04 -5.45810000e-04 -2.90500000e-05 -2.01630000e-04 7.58600000e-05 3.55370000e-04 -1.97150000e-04 6.30060000e-04 -8.43810000e-04 5.40320000e-04 -1.25927000e-03 1.65620000e-04 -9.50800000e-05 8.00230000e-04 4.25870000e-04 8.65200000e-04 1.21517000e-03 -9.26700000e-05 1.59040000e-04 -6.54300000e-05 1.42350000e-04 6.00440000e-04 4.32200000e-04 -5.44410000e-04 4.12470000e-04 1.41200000e-05 -1.39080000e-03 1.61353000e-03 1.69018000e-03 2.94250000e-04 7.01500000e-04 1.89300000e-05 -1.34780000e-04 5.84570000e-04 5.19580000e-04 -2.74740000e-04 1.57760000e-04 4.68460000e-04 -5.73210000e-04 3.75600000e-04 4.39580000e-04 -1.96090000e-04 3.94650000e-04 -1.28883000e-03 -9.14900000e-05 8.66400000e-05 -2.66450000e-04 1.37120000e-04 -7.96890000e-04 -3.43150000e-04 5.60230000e-04 -9.06640000e-04 -3.76670000e-04 -4.86400000e-04 -1.55930000e-04 -3.87920000e-04 -3.24830000e-04 8.76670000e-04 2.69180000e-04 1.18045000e-03 -6.33520000e-04 -1.65914000e-03 3.11280000e-04 5.12410000e-04 2.36790000e-04 -1.05520000e-04 5.92000000e-06 6.12200000e-05 1.62000000e-04 5.60520000e-04 -3.54080000e-04 1.11440000e-04 3.63590000e-04 -6.07700000e-05 2.94170000e-04 7.52650000e-04 1.28098000e-03
-6.15010000e-04 2.21020000e-03 -3.65320000e-04 6.10590000e-04 2.40056000e-03 -1.66922000e-03 -7.90730000e-04 1.13746000e-03 6.25530000e-04 -4.57430000e-04 2.86720000e-04 4.67674000e-03 1.03013000e-03 -1.97614000e-03 1.59836000e-03 1.28417000e-03 -2.78929000e-03 6.88370000e-04 7.27070000e-04 -2.20232000e-03 5.25934000e-03 2.71320000e-04 3.79600000e-04 3.05694800e-02 -8.05200000e-04 1.25748000e-03 -8.36660000e-04 2.75790000e-04 1.54258000e-03 5.54950000e-04 2.11262000e-03 -1.03828000e-03 1.58070000e-04 2.32270000e-04 -1.10446000e-03 1.50357000e-03 5.16870000e-04 1.06994000e-03 -1.74129000e-03 3.10620000e-04 -2.42660000e-03 1.69541000e-03 8.54400000e-05 1.50819000e-03 1.36401000e-03 1.35165000e-03 4.98411000e-03 7.44500000e-04 1.29860000e-03 3.94180000e-04 4.98110000e-04 3.21225000e-03 1.31827000e-03 -1.22394000e-03 1.64388000e-03 1.22007000e-03 -3.63042000e-03 6.76753000e-03 4.17999000e-03 1.00375000e-03 5.66943000e-03 -1.23290000e-03 -3.20600000e-04 2.95956000e-03 7.88100000e-04 -4.50310000e-04 1.42063000e-03 9.30230000e-04 -1.53801000e-03 8.16990000e-04 2.86417000e-03 -3.94800000e-04 7.73640000e-04 -3.57089000e-03 5.65750000e-04 1.39148000e-03 5.18520000e-04 4.40390000e-04 -2.02709000e-03 -1.20630000e-03 6.16760000e-04 -2.15554000e-03 -6.07900000e-04 -8.58590000e-04 1.25540000e-04 1.21900000e-05 5.45570000e-04 1.63965000e-03 -5.43420000e-04 2.94427000e-03 -1.47400000e-03 -2.76015000e-03 3.82550000e-04 1.21963000e-03 3.36050000e-04 -1.47930000e-04 -1.40872000e-03 -2.89590000e-04 6.93100000e-05 2.26663000e-03 -1.04444000e-03 3.09930000e-04 1.04770000e-03 2.75620000e-04 2.16760000e-04 1.93255000e-03 1.89147000e-03
-4.71180000e-04 -7.00530000e-04 -9.99750000e-04 -1.42252000e-03 -1.29563000e-03 3.63203000e-03 2.70965000e-03 7.20000000e-06 6.07340000e-04 7.57930000e-04 1.92600000e-04 -4.08013000e-03 1.29827000e-03 3.20037000e-03 -3.14619000e-03 -1.66698000e-03 5.70888000e-03 -1.34062000e-03 8.42930000e-04 3.93480000e-03 -4.04720000e-03 -1.21121000e-03 -7.50780000e-04 -8.05200000e-04 1.68803700e-02 1.74710000e-04 2.05975000e-03 -1.13290000e-03 -4.30800000e-04 5.28670000e-04 -2.65688000e-03 2.49231000e-03 8.06890000e-04 1.06715000e-03 9.56640000e-04 -1.16243000e-03 1.05526000e-03 -1.73740000e-03 3.77051000e-03 -1.42192000e-03 5.18357000e-03 -4.70040000e-04 7.72570000e-04 -2.31829000e-03 -1.59986000e-03 -2.75439000e-03 -5.15947000e-03 6.59350000e-04 -4.63090000e-04 5.76830000e-04 -5.10470000e-04 -2.15709000e-03 -1.14563000e-03 1.79819000e-03 -1.20470000e-03 1.39990000e-04 5.84734000e-03 -6.90445000e-03 -7.05702000e-03 -1.00444000e-03 -3.72413000e-03 9.00650000e-04 8.97380000e-04 -2.66760000e-03 -1.42710000e-03 1.11433000e-03 -2.12790000e-04 -1.26749000e-03 2.72073000e-03 -8.33860000e-04 -1.82318000e-03 1.37553000e-03 -1.10015000e-03 5.84130000e-03 3.39100000e-04 -5.33340000e-04 1.19054000e-03 -3.71810000e-04 3.54529000e-03 1.67568000e-03 -1.53271000e-03 4.06253000e-03 1.68062000e-03 2.18103000e-03 7.49630000e-04 1.82428000e-03 1.77921000e-03 -3.58295000e-03 -3.13940000e-04 -5.54593000e-03 2.17466000e-03 5.46229000e-03 -1.41484000e-03 -2.16994000e-03 -1.10282000e-03 1.31010000e-04 -1.02950000e-04 -3.11700000e-04 -7.88630000e-04 -2.61625000e-03 1.19754000e-03 -7.62140000e-04 -1.66812000e-03 -2.76600000e-04 -1.17662000e-03 -3.44527000e-03 -4.57733000e-03
-3.37370000e-04 1.18243000e-03 -3.14870000e-04 1.07740000e-04 1.24863000e-03 -1.32110000e-04 1.42800000e-04 7.91290000e-04 6.43740000e-04 -2.21900000e-05 3.43720000e-04 1.88282000e-03 8.63700000e-04 -7.33470000e-04 3.11810000e-04 3.28250000e-04 -4.35220000e-04 2.38000000e-04 6.98990000e-04 -3.48880000e-04 2.24604000e-03 7.44100000e-05 8.47700000e-05 1.25748000e-03 1.74710000e-04 2.62559600e-02 -1.10780000e-04 7.97100000e-05 8.92580000e-04 5.29320000e-04 6.87570000e-04 -5.57200000e-05 1.21420000e-04 4.07570000e-04 -2.86730000e-04 6.10610000e-04 6.21570000e-04 2.16610000e-04 -2.04030000e-04 -1.96900000e-05 -2.92520000e-04 8.18110000e-04 2.16670000e-04 3.51110000e-04 1.35510000e-04 2.83720000e-04 1.68624000e-03 6.28330000e-04 6.55580000e-04 4.60190000e-04 3.92700000e-05 1.56689000e-03 4.56690000e-04 -2.64080000e-04 7.65330000e-04 7.66340000e-04 -8.12220000e-04 2.42311000e-03 7.81640000e-04 2.47160000e-04 2.27016000e-03 -3.63960000e-04 -1.20890000e-04 1.00960000e-03 2.22040000e-04 2.52000000e-06 8.75490000e-04 2.46390000e-04 -5.66640000e-04 2.04540000e-04 1.30991000e-03 4.29000000e-06 1.90470000e-04 -7.64080000e-04 3.71720000e-04 8.56130000e-04 6.73650000e-04 7.89800000e-05 -3.84440000e-04 -5.00270000e-04 1.27970000e-04 -3.54550000e-04 -4.34400000e-05 -2.42800000e-05 3.78420000e-04 4.72300000e-04 6.99140000e-04 2.76200000e-04 -2.45030000e-04 4.65040000e-04 -3.30300000e-04 -4.72400000e-04 3.04600000e-05 3.13500000e-04 6.25200000e-05 3.73700000e-05 -7.83040000e-04 -1.16260000e-04 2.33500000e-05 6.67660000e-04 -1.70980000e-04 1.12230000e-04 3.19310000e-04 1.53670000e-04 1.79400000e-05 3.64020000e-04 8.73900000e-05
9.65690000e-04 -5.34740000e-04 -4.37990000e-04 -8.22690000e-04 -1.09210000e-03 2.11597000e-03 1.60643000e-03 -1.66940000e-04 3.04690000e-04 1.84790000e-03 3.78700000e-05 -2.32445000e-03 4.74560000e-04 1.87462000e-03 -1.82441000e-03 -7.44840000e-04 3.92538000e-03 -4.79900000e-04 4.87510000e-04 2.63529000e-03 -2.53808000e-03 2.43610000e-04 -1.97620000e-04 -8.36660000e-04 2.05975000e-03 -1.10780000e-04 4.47954100e-02 3.02780000e-04 -4.91500000e-04 1.58850000e-04 -1.48830000e-03 1.66655000e-03 6.71190000e-04 6.42730000e-04 3.75070000e-04 -7.55120000e-04 5.41980000e-04 -8.55010000e-04 2.40166000e-03 -7.12840000e-04 3.59740000e-03 -3.77580000e-04 4.13740000e-04 -1.23054000e-03 -3.82420000e-04 -1.49166000e-03 -3.18025000e-03 2.76780000e-04 -4.19680000e-04 1.89440000e-04 2.82770000e-04 -1.57136000e-03 -6.33670000e-04 2.49307000e-03 -9.70800000e-04 -5.19300000e-05 3.91737000e-03 -4.33151000e-03 -2.87136000e-03 -8.21800000e-05 -1.93213000e-03 9.61710000e-04 1.02667000e-03 -1.60957000e-03 -8.82890000e-04 7.60960000e-04 -3.60480000e-04 -5.90930000e-04 2.48755000e-03 -1.22190000e-04 -1.32727000e-03 1.38108000e-03 -3.89450000e-04 3.82781000e-03 3.79090000e-04 -2.79150000e-04 7.18530000e-04 2.40840000e-04 2.47348000e-03 1.66977000e-03 -6.61520000e-04 2.63475000e-03 1.38006000e-03 1.59513000e-03 3.70790000e-04 1.08089000e-03 9.67850000e-04 -1.00017000e-03 6.44600000e-05 -1.71679000e-03 2.80947000e-03 5.04693000e-03 3.90510000e-04 -9.63200000e-05 5.50470000e-04 1.31106000e-03 1.48808000e-03 1.03189000e-03 6.15630000e-04 -3.13350000e-04 1.89619000e-03 8.02760000e-04 2.28220000e-04 1.21657000e-03 3.60290000e-04 -4.11050000e-04 -9.74250000e-04
1.70327000e-03 3.34670000e-04 2.94280000e-04 3.59270000e-04 5.72620000e-04 -1.50547000e-03 -1.10827000e-03 1.85970000e-04 -6.38400000e-05 1.32629000e-03 4.18400000e-05 2.07197000e-03 -7.08460000e-04 -1.94345000e-03 1.07582000e-03 4.87550000e-04 -2.12245000e-03 5.29430000e-04 -1.35790000e-04 -1.72625000e-03 1.88036000e-03 2.05577000e-03 3.08450000e-04 2.75790000e-04 -1.13290000e-03 7.97100000e-05 3.02780000e-04 2.30954100e-02 1.26990000e-04 -3.63210000e-04 9.75840000e-04 -1.19368000e-03 -5.26950000e-04 -5.16540000e-04 -1.69510000e-04 5.31700000e-04 -3.60500000e-04 3.48010000e-04 -1.44486000e-03 4.52990000e-04 -1.85155000e-03 3.09180000e-04 -5.00500000e-04 7.07790000e-04 2.24750000e-04 8.31640000e-04 2.13153000e-03 -1.84460000e-04 1.17560000e-04 -2.66860000e-04 1.45500000e-04 1.04301000e-03 4.21040000e-04 1.11061000e-03 3.32940000e-04 8.05500000e-05 -2.39939000e-03 3.09342000e-03 4.17999000e-03 3.44500000e-04 1.91857000e-03 -4.67810000e-04 -3.48150000e-04 1.15733000e-03 2.53940000e-04 -4.12900000e-04 1.40050000e-04 4.30430000e-04 -1.27643000e-03 2.23950000e-04 9.99550000e-04 -5.57390000e-04 3.52120000e-04 -2.44647000e-03 -8.32300000e-05 6.55430000e-04 -3.20720000e-04 8.24000000e-05 -1.52120000e-03 -6.93080000e-04 5.06780000e-04 -1.63071000e-03 -6.04570000e-04 -8.65500000e-04 -1.47020000e-04 -5.85880000e-04 -7.15240000e-04 2.92460000e-03 5.96900000e-05 3.90648000e-03 9.16930000e-04 5.00100000e-05 2.30694000e-03 2.53719000e-03 1.89299000e-03 1.79815000e-03 1.53881000e-03 1.80544000e-03 2.10393000e-03 2.77884000e-03 1.40186000e-03 1.95044000e-03 2.35777000e-03 1.98723000e-03 1.95584000e-03 2.98204000e-03 3.10677000e-03
-4.51840000e-04 1.47499000e-03 -1.53750000e-04 4.19340000e-04 1.61306000e-03 -9.50760000e-04 -4.07960000e-04 8.10460000e-04 4.81770000e-04 -4.01830000e-04 3.03130000e-04 2.91228000e-03 7.39310000e-04 -1.17489000e-03 1.01945000e-03 8.04890000e-04 -1.70873000e-03 4.30140000e-04 5.46690000e-04 -1.31879000e-03 3.25358000e-03 1.34190000e-04 2.45310000e-04 1.54258000e-03 -4.30800000e-04 8.92580000e-04 -4.91500000e-04 1.26990000e-04 2.07653200e-02 4.82220000e-04 1.31993000e-03 -5.69870000e-04 8.62700000e-05 2.54110000e-04 -5.07220000e-04 1.04059000e-03 4.30750000e-04 7.19340000e-04 -1.04280000e-03 2.24990000e-04 -1.47905000e-03 1.13327000e-03 1.77080000e-04 9.96080000e-04 8.72900000e-04 8.31980000e-04 3.19457000e-03 5.59050000e-04 9.23390000e-04 3.77440000e-04 2.78990000e-04 2.07961000e-03 8.14110000e-04 -9.21200000e-04 1.16231000e-03 8.47190000e-04 -2.27804000e-03 4.22080000e-03 2.47103000e-03 6.06730000e-04 3.50410000e-03 -7.35640000e-04 -2.25800000e-04 1.89861000e-03 5.80170000e-04 -2.92460000e-04 1.01896000e-03 5.85940000e-04 -1.04187000e-03 5.13580000e-04 1.87005000e-03 -2.73390000e-04 4.92580000e-04 -2.16164000e-03 3.22750000e-04 9.33160000e-04 4.12420000e-04 2.51190000e-04 -1.21625000e-03 -8.12580000e-04 3.91680000e-04 -1.27300000e-03 -3.65220000e-04 -4.77530000e-04 1.94320000e-04 9.63100000e-05 4.23240000e-04 9.32860000e-04 -2.85830000e-04 1.59511000e-03 -1.08424000e-03 -1.99274000e-03 9.95100000e-05 6.28870000e-04 1.64980000e-04 -2.33940000e-04 -1.00179000e-03 -2.83790000e-04 -7.75200000e-05 1.29595000e-03 -7.69140000e-04 8.59700000e-05 5.26440000e-04 -1.04600000e-05 9.81100000e-05 1.04048000e-03 1.09938000e-03
-3.45030000e-04 4.19310000e-04 -4.98500000e-05 5.64300000e-05 4.42730000e-04 7.35660000e-04 5.83250000e-04 3.58900000e-04 5.11720000e-04 -2.81750000e-04 2.94510000e-04 -2.39370000e-04 6.88470000e-04 1.89780000e-04 -1.92720000e-04 -3.94700000e-05 6.59710000e-04 -5.00000000e-07 4.52610000e-04 7.09450000e-04 -4.27300000e-05 -3.69920000e-04 -9.70000000e-06 5.54950000e-04 5.28670000e-04 5.29320000e-04 1.58850000e-04 -3.63210000e-04 4.82220000e-04 1.27767300e-02 -6.80000000e-05 5.50560000e-04 2.26380000e-04 5.09300000e-04 4.06730000e-04 2.00200000e-04 5.69540000e-04 6.41100000e-05 6.07870000e-04 2.30000000e-07 6.52720000e-04 2.61550000e-04 4.69170000e-04 3.39000000e-06 -1.34670000e-04 -1.62250000e-04 -1.69160000e-04 4.16380000e-04 3.29790000e-04 4.78010000e-04 -8.26800000e-05 3.09470000e-04 1.83200000e-05 -3.27740000e-04 3.96580000e-04 3.34040000e-04 7.58690000e-04 -3.80650000e-04 -1.16448000e-03 -7.83300000e-05 -2.66920000e-04 3.10020000e-04 8.28200000e-05 -3.71100000e-05 1.78430000e-04 1.27790000e-04 4.30270000e-04 -3.04800000e-05 1.34800000e-04 3.75200000e-05 1.33620000e-04 2.45230000e-04 7.89700000e-05 8.15930000e-04 8.30800000e-05 1.42240000e-04 5.25930000e-04 6.22000000e-06 6.04460000e-04 2.68300000e-05 -3.98300000e-05 6.15980000e-04 1.85040000e-04 3.64250000e-04 4.13450000e-04 5.16810000e-04 6.38070000e-04 -7.38520000e-04 5.79500000e-05 -1.29721000e-03 -3.09500000e-04 -2.14480000e-04 -5.96560000e-04 -6.27610000e-04 -3.53830000e-04 -4.30850000e-04 -5.03990000e-04 -4.39400000e-04 -4.76440000e-04 -6.46670000e-04 -2.89640000e-04 -4.29810000e-04 -5.58310000e-04 -5.51890000e-04 -2.99650000e-04 -8.58470000e-04 -8.07800000e-04
-5.60800000e-05 2.04807000e-03 3.94740000e-04 1.50953000e-03 2.49415000e-03 -3.64411000e-03 -2.33838000e-03 7.20660000e-04 -1.21700000e-04 -8.33660000e-04 3.52300000e-05 6.16255000e-03 -3.01480000e-04 -2.97519000e-03 3.41965000e-03 2.09853000e-03 -5.77006000e-03 1.86737000e-03 -9.33700000e-05 -4.19252000e-03 6.67470000e-03 1.03944000e-03 8.51500000e-04 2.11262000e-03 -2.65688000e-03 6.87570000e-04 -1.48830000e-03 9.75840000e-04 1.31993000e-03 -6.80000000e-05 1.62573200e-02 -2.40358000e-03 -3.73790000e-04 -5.91960000e-04 -1.50982000e-03 1.77359000e-03 -4.33300000e-04 2.14545000e-03 -3.74107000e-03 1.33529000e-03 -5.18513000e-03 1.59369000e-03 -4.82970000e-04 2.83112000e-03 1.96527000e-03 3.28376000e-03 7.04188000e-03 8.09400000e-05 1.18743000e-03 -1.99430000e-04 7.10860000e-04 3.60823000e-03 1.92821000e-03 -2.14247000e-03 1.92809000e-03 7.11170000e-04 -6.44077000e-03 9.58411000e-03 7.98226000e-03 1.44739000e-03 6.86775000e-03 -1.15760000e-03 -8.10590000e-04 3.77596000e-03 1.53142000e-03 -8.83140000e-04 1.25287000e-03 1.60454000e-03 -2.59866000e-03 1.34182000e-03 3.17779000e-03 -1.19182000e-03 1.21427000e-03 -6.36050000e-03 3.52290000e-04 1.31958000e-03 -5.03420000e-04 5.83630000e-04 -3.74200000e-03 -1.82521000e-03 1.83798000e-03 -4.19764000e-03 -1.49047000e-03 -2.04412000e-03 -5.55540000e-04 -1.30356000e-03 -9.28690000e-04 3.71143000e-03 -4.49000000e-05 6.11866000e-03 -2.53489000e-03 -5.97023000e-03 1.36771000e-03 2.34097000e-03 8.96980000e-04 -2.21440000e-04 -7.57760000e-04 4.86800000e-05 6.31410000e-04 3.26062000e-03 -1.59594000e-03 6.25170000e-04 1.87192000e-03 2.98320000e-04 9.00480000e-04 4.08437000e-03 5.16642000e-03
-3.49670000e-04 -1.14538000e-03 -2.90190000e-04 -8.90510000e-04 -1.46233000e-03 3.51323000e-03 2.42130000e-03 -2.59030000e-04 4.98340000e-04 1.99610000e-04 2.46620000e-04 -4.69636000e-03 7.68340000e-04 2.88021000e-03 -2.47281000e-03 -1.50376000e-03 5.01886000e-03 -8.72740000e-04 4.52540000e-04 4.00225000e-03 -4.78530000e-03 -1.24103000e-03 -5.45810000e-04 -1.03828000e-03 2.49231000e-03 -5.57200000e-05 1.66655000e-03 -1.19368000e-03 -5.69870000e-04 5.50560000e-04 -2.40358000e-03 1.86226200e-02 5.53540000e-04 9.31040000e-04 1.27949000e-03 -1.14160000e-03 7.93820000e-04 -1.28353000e-03 3.52918000e-03 -7.71750000e-04 4.55185000e-03 -8.41530000e-04 8.86840000e-04 -1.85794000e-03 -1.65232000e-03 -2.01486000e-03 -5.39214000e-03 3.60300000e-04 -5.68970000e-04 5.53790000e-04 -5.77720000e-04 -2.46102000e-03 -1.15013000e-03 1.02075000e-03 -1.02082000e-03 -2.51010000e-04 5.84882000e-03 -7.34415000e-03 -6.90094000e-03 -1.08202000e-03 -5.28780000e-03 1.53717000e-03 7.09510000e-04 -2.91074000e-03 -8.76650000e-04 8.72970000e-04 -4.50220000e-04 -1.10738000e-03 2.41313000e-03 -7.42480000e-04 -2.36454000e-03 1.14766000e-03 -8.44620000e-04 5.80686000e-03 -1.29620000e-04 -8.76470000e-04 8.12370000e-04 -4.01270000e-04 3.62732000e-03 1.63956000e-03 -9.79130000e-04 3.89780000e-03 1.34033000e-03 1.92222000e-03 7.05950000e-04 1.39246000e-03 1.23697000e-03 -3.50621000e-03 2.65500000e-04 -5.71218000e-03 1.36020000e-03 3.65144000e-03 -1.61135000e-03 -2.53562000e-03 -1.25108000e-03 -4.76060000e-04 1.46810000e-04 -6.06340000e-04 -1.03413000e-03 -3.39880000e-03 6.65350000e-04 -1.20275000e-03 -2.11267000e-03 -1.05069000e-03 -1.09834000e-03 -3.63415000e-03 -4.03616000e-03
-3.49690000e-04 4.48200000e-05 -4.62360000e-04 -1.16100000e-04 -1.17200000e-04 9.23560000e-04 6.94280000e-04 -5.08900000e-05 1.90800000e-04 2.85700000e-05 -1.91610000e-04 -1.10790000e-03 7.62840000e-04 1.02350000e-03 -6.82680000e-04 -5.85800000e-05 1.31650000e-03 -3.56450000e-04 1.96860000e-04 8.17130000e-04 -8.46190000e-04 -6.07680000e-04 -2.90500000e-05 1.58070000e-04 8.06890000e-04 1.21420000e-04 6.71190000e-04 -5.26950000e-04 8.62700000e-05 2.26380000e-04 -3.73790000e-04 5.53540000e-04 1.32788400e-02 3.16340000e-04 3.92880000e-04 -2.47010000e-04 3.44720000e-04 -1.07410000e-04 8.82450000e-04 -3.21440000e-04 1.18283000e-03 4.51400000e-05 2.32850000e-04 -2.85790000e-04 1.26020000e-04 -6.72470000e-04 -1.07699000e-03 2.00100000e-04 -4.61800000e-05 1.03780000e-04 1.34690000e-04 -3.98290000e-04 1.07940000e-04 2.74800000e-04 -1.93130000e-04 8.09900000e-05 1.16764000e-03 -1.54833000e-03 -1.65314000e-03 3.37000000e-05 -5.56320000e-04 1.99640000e-04 5.38750000e-04 -5.59780000e-04 -2.45070000e-04 2.98190000e-04 5.28400000e-05 -3.99300000e-05 1.03906000e-03 1.18850000e-04 -3.85090000e-04 7.25840000e-04 4.23700000e-05 1.27673000e-03 2.73110000e-04 -4.09430000e-04 2.99010000e-04 1.73380000e-04 7.06430000e-04 6.15150000e-04 -3.91450000e-04 8.74570000e-04 4.77960000e-04 5.09060000e-04 7.85000000e-06 4.73890000e-04 7.40150000e-04 -1.04497000e-03 -1.56680000e-04 -1.48329000e-03 3.62260000e-04 1.25317000e-03 -5.66640000e-04 -5.44890000e-04 -4.56180000e-04 -1.16160000e-04 -3.08210000e-04 -2.76610000e-04 -4.39410000e-04 -4.42010000e-04 1.23200000e-05 -2.84360000e-04 -4.74900000e-04 -1.46490000e-04 -5.30130000e-04 -1.03735000e-03 -1.23176000e-03
-3.73960000e-04 2.12330000e-04 -3.30450000e-04 -3.43680000e-04 5.93500000e-05 1.23581000e-03 9.87330000e-04 2.95230000e-04 4.65710000e-04 -1.86000000e-06 2.54940000e-04 -8.20730000e-04 7.56670000e-04 8.41610000e-04 -8.42790000e-04 -3.71770000e-04 1.68975000e-03 -3.08690000e-04 5.20810000e-04 1.29572000e-03 -7.11060000e-04 -5.27110000e-04 -2.01630000e-04 2.32270000e-04 1.06715000e-03 4.07570000e-04 6.42730000e-04 -5.16540000e-04 2.54110000e-04 5.09300000e-04 -5.91960000e-04 9.31040000e-04 3.16340000e-04 9.64755000e-03 4.18010000e-04 -3.53700000e-05 6.19190000e-04 -3.17670000e-04 1.20741000e-03 -4.00710000e-04 1.56555000e-03 1.87010000e-04 5.37400000e-04 -5.03520000e-04 -3.44300000e-04 -7.45300000e-04 -9.84800000e-04 4.73410000e-04 2.18210000e-04 4.70340000e-04 -9.79900000e-05 -1.75640000e-04 -1.97790000e-04 1.68810000e-04 6.92900000e-05 3.20790000e-04 1.70237000e-03 -1.47273000e-03 -2.15496000e-03 -1.80480000e-04 -6.23380000e-04 2.66890000e-04 2.21580000e-04 -4.07330000e-04 -2.03500000e-04 3.90090000e-04 2.98270000e-04 -2.98050000e-04 6.60130000e-04 -1.31150000e-04 -1.69150000e-04 4.09610000e-04 -1.77050000e-04 1.70045000e-03 2.55910000e-04 5.46600000e-05 6.17240000e-04 -2.34700000e-05 1.18156000e-03 3.52440000e-04 -4.20350000e-04 1.26385000e-03 4.85090000e-04 7.07670000e-04 4.82080000e-04 7.63530000e-04 8.33110000e-04 -1.22756000e-03 -9.24300000e-05 -1.91494000e-03 2.67440000e-04 1.11021000e-03 -7.02350000e-04 -8.35150000e-04 -4.43500000e-04 -2.51140000e-04 -4.27880000e-04 -3.72960000e-04 -5.08830000e-04 -8.63520000e-04 5.62800000e-05 -4.04770000e-04 -6.80900000e-04 -3.69830000e-04 -4.50880000e-04 -1.19655000e-03 -1.38493000e-03
7.30710000e-04 -1.65244000e-03 7.04380000e-04 2.77180000e-04 -1.39123000e-03 2.85297000e-03 1.49017000e-03 -3.38440000e-04 5.69460000e-04 1.70000000e-04 3.13080000e-04 -6.31077000e-03 -9.58900000e-05 2.10586000e-03 -1.25182000e-03 -1.00182000e-03 2.65168000e-03 5.87900000e-05 -1.94770000e-04 2.52470000e-03 -6.13608000e-03 -2.97470000e-04 7.58600000e-05 -1.10446000e-03 9.56640000e-04 -2.86730000e-04 3.75070000e-04 -1.69510000e-04 -5.07220000e-04 4.06730000e-04 -1.50982000e-03 1.27949000e-03 3.92880000e-04 4.18010000e-04 2.44066600e-02 -7.92040000e-04 3.31090000e-04 -3.05270000e-04 2.29632000e-03 4.39100000e-04 2.44416000e-03 -9.43870000e-04 7.27550000e-04 -4.67440000e-04 -1.94059000e-03 -1.42692000e-03 -4.95714000e-03 2.76300000e-05 -6.36830000e-04 4.50700000e-04 -9.47870000e-04 -2.85383000e-03 -8.13170000e-04 6.23590000e-04 -4.44750000e-04 -6.45760000e-04 3.36398000e-03 -7.47480000e-03 -5.70147000e-03 -1.22947000e-03 -6.36748000e-03 2.44003000e-03 2.27340000e-04 -3.01366000e-03 1.15770000e-04 1.01727000e-03 -3.36390000e-04 -5.41230000e-04 1.25041000e-03 -2.06170000e-04 -2.35575000e-03 6.71860000e-04 -4.11580000e-04 4.01914000e-03 7.13800000e-05 -1.47880000e-03 -4.12900000e-05 -5.65350000e-04 2.38566000e-03 4.67440000e-04 -1.31090000e-04 2.62048000e-03 6.74050000e-04 1.12128000e-03 7.60640000e-04 6.32700000e-04 1.10570000e-04 -2.29517000e-03 1.31281000e-03 -5.38461000e-03 7.45600000e-04 1.07291000e-03 -8.97620000e-04 -1.46638000e-03 -6.28970000e-04 -1.55410000e-04 7.12780000e-04 8.66200000e-05 -2.53570000e-04 -2.44601000e-03 9.42980000e-04 -5.71650000e-04 -1.43220000e-03 -1.10802000e-03 -1.31700000e-05 -3.41233000e-03 -1.24251000e-03
-2.48850000e-04 1.48392000e-03 6.96700000e-05 5.24280000e-04 1.75645000e-03 -1.90220000e-03 -1.07300000e-03 8.35900000e-04 2.19820000e-04 -4.02890000e-04 3.28510000e-04 4.20099000e-03 1.85970000e-04 -1.91326000e-03 1.72947000e-03 1.18267000e-03 -3.05501000e-03 5.65590000e-04 2.13920000e-04 -2.40308000e-03 4.23484000e-03 5.53340000e-04 3.55370000e-04 1.50357000e-03 -1.16243000e-03 6.10610000e-04 -7.55120000e-04 5.31700000e-04 1.04059000e-03 2.00200000e-04 1.77359000e-03 -1.14160000e-03 -2.47010000e-04 -3.53700000e-05 -7.92040000e-04 3.72378900e-02 -4.45200000e-05 9.93180000e-04 -1.86612000e-03 3.30940000e-04 -2.73218000e-03 1.53098000e-03 1.10840000e-04 1.58074000e-03 1.56423000e-03 1.26086000e-03 4.95460000e-03 4.49820000e-04 1.22579000e-03 1.77260000e-04 5.41270000e-04 2.45924000e-03 1.06058000e-03 -1.18827000e-03 1.50220000e-03 9.63000000e-04 -3.73601000e-03 6.39524000e-03 4.81947000e-03 9.92710000e-04 4.88986000e-03 -1.42557000e-03 -4.40980000e-04 3.18443000e-03 7.93100000e-04 -6.29800000e-04 9.28680000e-04 8.58450000e-04 -1.63664000e-03 7.72260000e-04 2.57101000e-03 -8.04340000e-04 6.94280000e-04 -3.74758000e-03 2.46200000e-04 1.16868000e-03 -1.12380000e-04 3.86530000e-04 -1.99238000e-03 -1.09655000e-03 5.37250000e-04 -2.22613000e-03 -7.45030000e-04 -1.02074000e-03 4.73200000e-05 -4.00920000e-04 -1.38740000e-04 2.01037000e-03 -4.06780000e-04 3.39729000e-03 -1.48192000e-03 -3.02539000e-03 6.10540000e-04 1.36523000e-03 5.89260000e-04 -8.88200000e-05 -8.70920000e-04 -9.31500000e-05 2.45870000e-04 2.44671000e-03 -9.81900000e-04 3.98230000e-04 1.16474000e-03 2.95060000e-04 5.61250000e-04 2.27814000e-03 2.70067000e-03
-2.78960000e-04 5.62760000e-04 -4.17950000e-04 -3.11950000e-04 3.30180000e-04 1.13519000e-03 9.52460000e-04 4.45430000e-04 6.32460000e-04 1.00570000e-04 2.60670000e-04 -4.16820000e-04 9.41810000e-04 7.02110000e-04 -8.27670000e-04 -3.82710000e-04 1.50578000e-03 -2.74330000e-04 8.10520000e-04 1.11250000e-03 -8.87900000e-05 -4.06960000e-04 -1.97150000e-04 5.16870000e-04 1.05526000e-03 6.21570000e-04 5.41980000e-04 -3.60500000e-04 4.30750000e-04 5.69540000e-04 -4.33300000e-04 7.93820000e-04 3.44720000e-04 6.19190000e-04 3.31090000e-04 -4.45200000e-05 2.54427000e-02 -3.38990000e-04 1.09357000e-03 -3.69100000e-04 1.42465000e-03 3.04510000e-04 4.44170000e-04 -5.33760000e-04 -4.89480000e-04 -6.82500000e-04 -7.11930000e-04 5.62790000e-04 2.61460000e-04 5.31100000e-04 -1.68170000e-04 1.73470000e-04 -9.22600000e-05 3.12440000e-04 1.64540000e-04 4.58570000e-04 1.45592000e-03 -9.62960000e-04 -2.04471000e-03 -2.24140000e-04 -7.13600000e-05 3.23600000e-04 2.10020000e-04 -3.39430000e-04 -2.26780000e-04 4.09780000e-04 5.17830000e-04 -2.83540000e-04 5.51320000e-04 -1.91810000e-04 9.74800000e-05 4.13110000e-04 -1.84530000e-04 1.47851000e-03 3.12760000e-04 2.78960000e-04 9.13510000e-04 -8.06400000e-05 9.28260000e-04 1.89510000e-04 -3.76440000e-04 1.09812000e-03 4.93820000e-04 6.78880000e-04 5.41530000e-04 8.38790000e-04 9.70300000e-04 -1.12485000e-03 -1.84220000e-04 -1.76408000e-03 3.60000000e-04 1.22325000e-03 -5.09500000e-04 -6.56140000e-04 -3.71350000e-04 -1.51300000e-05 -4.21050000e-04 -2.51840000e-04 -2.73720000e-04 -6.28860000e-04 2.04810000e-04 -2.36190000e-04 -4.82590000e-04 -1.51120000e-04 -3.45930000e-04 -1.08706000e-03 -1.58337000e-03
-4.66500000e-05 8.81370000e-04 6.02560000e-04 1.22032000e-03 1.25127000e-03 -1.96580000e-03 -1.38765000e-03 1.74310000e-04 -1.37500000e-04 -8.93760000e-04 -1.66200000e-05 2.61218000e-03 -2.88510000e-04 -1.60144000e-03 2.21238000e-03 1.35763000e-03 -3.47315000e-03 1.18359000e-03 -3.05800000e-04 -2.23856000e-03 2.86004000e-03 3.93950000e-04 6.30060000e-04 1.06994000e-03 -1.73740000e-03 2.16610000e-04 -8.55010000e-04 3.48010000e-04 7.19340000e-04 6.41100000e-05 2.14545000e-03 -1.28353000e-03 -1.07410000e-04 -3.17670000e-04 -3.05270000e-04 9.93180000e-04 -3.38990000e-04 1.02981270e-01 -2.15746000e-03 1.11238000e-03 -3.14829000e-03 6.73910000e-04 -9.98000000e-05 1.91397000e-03 1.34739000e-03 2.07310000e-03 3.63575000e-03 -1.36930000e-04 6.17310000e-04 -9.21700000e-05 4.70070000e-04 1.65436000e-03 1.09241000e-03 -1.74234000e-03 1.18612000e-03 1.38410000e-04 -3.58275000e-03 4.62464000e-03 4.25092000e-03 8.52960000e-04 2.70327000e-03 -2.30950000e-04 -4.01910000e-04 1.87699000e-03 1.24228000e-03 -6.07320000e-04 5.65270000e-04 1.03893000e-03 -1.40720000e-03 9.15200000e-04 1.32248000e-03 -6.20060000e-04 9.33510000e-04 -3.43447000e-03 -2.09800000e-05 2.88030000e-04 -5.12820000e-04 4.23640000e-04 -1.99395000e-03 -9.52450000e-04 1.25346000e-03 -2.35025000e-03 -9.42500000e-04 -1.20991000e-03 -3.62120000e-04 -9.33570000e-04 -7.03150000e-04 1.90930000e-03 3.33870000e-04 2.92851000e-03 -1.96098000e-03 -4.42439000e-03 4.08400000e-04 9.41110000e-04 3.48940000e-04 -6.41300000e-04 -3.69970000e-04 -2.64860000e-04 -2.35300000e-05 1.29303000e-03 -1.34915000e-03 1.04400000e-05 6.14290000e-04 -4.60280000e-04 4.20920000e-04 1.86453000e-03 3.08165000e-03
-1.83860000e-04 -1.90347000e-03 -5.68290000e-04 -1.44399000e-03 -2.39855000e-03 5.33153000e-03 3.63564000e-03 -4.60240000e-04 6.96380000e-04 7.24630000e-04 2.56260000e-04 -7.40797000e-03 1.06224000e-03 4.47175000e-03 -3.92729000e-03 -2.40046000e-03 7.65542000e-03 -1.39204000e-03 6.15170000e-04 5.88601000e-03 -7.48657000e-03 -1.56109000e-03 -8.43810000e-04 -1.74129000e-03 3.77051000e-03 -2.04030000e-04 2.40166000e-03 -1.44486000e-03 -1.04280000e-03 6.07870000e-04 -3.74107000e-03 3.52918000e-03 8.82450000e-04 1.20741000e-03 2.29632000e-03 -1.86612000e-03 1.09357000e-03 -2.15746000e-03 4.58624700e-02 -1.23714000e-03 6.93829000e-03 -1.30200000e-03 1.12181000e-03 -2.93324000e-03 -2.76973000e-03 -3.28545000e-03 -8.46844000e-03 4.91180000e-04 -1.04214000e-03 6.69950000e-04 -9.96680000e-04 -3.96098000e-03 -1.73993000e-03 2.12674000e-03 -1.78209000e-03 -4.31110000e-04 8.77972000e-03 -1.14046500e-02 -1.03883600e-02 -1.77357000e-03 -8.01277000e-03 2.29029000e-03 1.11507000e-03 -4.59469000e-03 -1.56189000e-03 1.42687000e-03 -7.82640000e-04 -1.72680000e-03 3.73225000e-03 -1.16488000e-03 -3.62480000e-03 1.77557000e-03 -1.42477000e-03 8.76067000e-03 -9.59100000e-05 -1.40112000e-03 1.13685000e-03 -7.05870000e-04 5.35058000e-03 2.47700000e-03 -1.56861000e-03 5.88475000e-03 2.09627000e-03 2.88950000e-03 9.68990000e-04 2.07989000e-03 1.79080000e-03 -5.08062000e-03 3.05260000e-04 -8.43581000e-03 2.61907000e-03 6.34298000e-03 -1.99488000e-03 -3.41027000e-03 -1.67298000e-03 -1.58270000e-04 5.59230000e-04 -4.59730000e-04 -1.06887000e-03 -4.68480000e-03 1.57021000e-03 -1.43093000e-03 -2.78158000e-03 -1.05970000e-03 -1.40304000e-03 -5.29683000e-03 -5.96175000e-03
4.05340000e-04 -2.14000000e-05 9.95900000e-04 1.15945000e-03 4.59560000e-04 -9.82350000e-04 -9.17400000e-04 -1.66860000e-04 -8.12500000e-05 -6.84050000e-04 5.84300000e-05 4.53680000e-04 -6.41910000e-04 -1.15871000e-03 1.68495000e-03 7.27130000e-04 -2.29258000e-03 1.20554000e-03 -4.74190000e-04 -1.02555000e-03 5.75980000e-04 4.96670000e-04 5.40320000e-04 3.10620000e-04 -1.42192000e-03 -1.96900000e-05 -7.12840000e-04 4.52990000e-04 2.24990000e-04 2.30000000e-07 1.33529000e-03 -7.71750000e-04 -3.21440000e-04 -4.00710000e-04 4.39100000e-04 3.30940000e-04 -3.69100000e-04 1.11238000e-03 -1.23714000e-03 2.50926200e-02 -2.05946000e-03 -1.37430000e-04 -1.29210000e-04 1.36566000e-03 1.86060000e-04 1.78106000e-03 1.14903000e-03 -3.60340000e-04 9.95000000e-06 -1.06800000e-04 -5.38300000e-05 4.62320000e-04 4.70760000e-04 -1.24163000e-03 5.98480000e-04 -3.61960000e-04 -1.71064000e-03 1.48824000e-03 2.09580000e-03 1.21130000e-04 -4.29250000e-04 8.02590000e-04 -3.67010000e-04 2.83670000e-04 1.06158000e-03 -5.10070000e-04 8.89800000e-05 6.26820000e-04 -1.00058000e-03 5.18570000e-04 1.71800000e-05 -4.01650000e-04 5.74240000e-04 -1.55347000e-03 -4.97270000e-04 -1.78850000e-04 -5.22790000e-04 3.46500000e-05 -9.55480000e-04 -5.88300000e-04 1.35060000e-03 -1.25152000e-03 -7.06930000e-04 -7.82170000e-04 -2.58610000e-04 -8.13170000e-04 -8.65820000e-04 1.19730000e-03 7.83770000e-04 1.26419000e-03 -1.37456000e-03 -3.60502000e-03 3.41680000e-04 3.36850000e-04 2.04210000e-04 -5.47740000e-04 3.64230000e-04 -5.19900000e-05 1.25880000e-04 -5.52700000e-05 -7.55810000e-04 -1.96790000e-04 1.03060000e-04 -7.27670000e-04 4.90150000e-04 8.45470000e-04 2.14392000e-03
-2.18680000e-04 -2.41533000e-03 -1.15313000e-03 -2.28806000e-03 -3.28269000e-03 6.80215000e-03 4.69027000e-03 -6.43770000e-04 7.96200000e-04 1.43231000e-03 1.68100000e-04 -9.41936000e-03 1.46753000e-03 5.69688000e-03 -5.60283000e-03 -3.25247000e-03 1.04114200e-02 -2.15947000e-03 8.58910000e-04 7.65859000e-03 -9.56217000e-03 -1.98112000e-03 -1.25927000e-03 -2.42660000e-03 5.18357000e-03 -2.92520000e-04 3.59740000e-03 -1.85155000e-03 -1.47905000e-03 6.52720000e-04 -5.18513000e-03 4.55185000e-03 1.18283000e-03 1.56555000e-03 2.44416000e-03 -2.73218000e-03 1.42465000e-03 -3.14829000e-03 6.93829000e-03 -2.05946000e-03 2.36570700e-02 -1.88846000e-03 1.19633000e-03 -4.27839000e-03 -3.52827000e-03 -4.77455000e-03 -1.12617400e-02 5.78940000e-04 -1.55571000e-03 7.44070000e-04 -1.17421000e-03 -5.14404000e-03 -2.53540000e-03 3.40037000e-03 -2.71134000e-03 -5.98550000e-04 1.14370500e-02 -1.50306100e-02 -1.36197200e-02 -2.23256000e-03 -9.80703000e-03 2.61936000e-03 1.55117000e-03 -6.18710000e-03 -2.43359000e-03 1.95665000e-03 -1.14776000e-03 -2.43263000e-03 5.05928000e-03 -1.68290000e-03 -4.72467000e-03 2.52470000e-03 -2.00278000e-03 1.13980600e-02 1.06140000e-04 -1.74337000e-03 1.59329000e-03 -8.49550000e-04 6.87800000e-03 3.27823000e-03 -2.42737000e-03 7.63489000e-03 2.87308000e-03 3.88303000e-03 1.15372000e-03 2.84062000e-03 2.47006000e-03 -6.54343000e-03 1.13780000e-04 -1.06300100e-02 4.13583000e-03 9.68789000e-03 -2.41900000e-03 -4.13617000e-03 -1.91161000e-03 2.16570000e-04 7.85430000e-04 -3.12530000e-04 -1.23258000e-03 -5.66885000e-03 2.47914000e-03 -1.41278000e-03 -3.27814000e-03 -7.59060000e-04 -1.82808000e-03 -6.61740000e-03 -8.01441000e-03
-5.05500000e-04 1.82532000e-03 -5.22060000e-04 1.42680000e-04 1.82330000e-03 -1.44821000e-03 -5.54820000e-04 1.03147000e-03 3.52520000e-04 -1.67590000e-04 2.95870000e-04 4.33415000e-03 6.86330000e-04 -1.07057000e-03 1.09118000e-03 9.30160000e-04 -2.11264000e-03 3.36990000e-04 6.49520000e-04 -2.03879000e-03 4.60411000e-03 2.90270000e-04 1.65620000e-04 1.69541000e-03 -4.70040000e-04 8.18110000e-04 -3.77580000e-04 3.09180000e-04 1.13327000e-03 2.61550000e-04 1.59369000e-03 -8.41530000e-04 4.51400000e-05 1.87010000e-04 -9.43870000e-04 1.53098000e-03 3.04510000e-04 6.73910000e-04 -1.30200000e-03 -1.37430000e-04 -1.88846000e-03 5.91253600e-02 1.73270000e-04 1.13104000e-03 1.35721000e-03 7.78700000e-04 4.73903000e-03 7.57140000e-04 1.31429000e-03 2.70260000e-04 5.17700000e-04 2.51491000e-03 1.17978000e-03 -7.38070000e-04 1.37617000e-03 1.25456000e-03 -3.12211000e-03 6.24549000e-03 3.93938000e-03 9.61920000e-04 5.74443000e-03 -1.57932000e-03 -2.67620000e-04 3.11073000e-03 3.65340000e-04 -2.36590000e-04 1.21353000e-03 6.80220000e-04 -1.09454000e-03 6.77060000e-04 2.78074000e-03 -5.86630000e-04 4.16350000e-04 -3.12663000e-03 6.93980000e-04 1.37404000e-03 3.20530000e-04 3.60270000e-04 -1.66879000e-03 -9.01430000e-04 1.92170000e-04 -1.69824000e-03 -3.63890000e-04 -6.55200000e-04 1.62330000e-04 3.34200000e-05 3.89500000e-04 1.46134000e-03 -7.67820000e-04 2.85829000e-03 -9.86920000e-04 -1.70516000e-03 4.97480000e-04 1.22112000e-03 3.48750000e-04 1.49700000e-04 -1.17669000e-03 -1.14650000e-04 2.18660000e-04 2.47548000e-03 -7.14950000e-04 3.95580000e-04 1.12253000e-03 5.61350000e-04 2.47290000e-04 1.99230000e-03 1.91268000e-03
-3.07410000e-04 -3.02200000e-05 1.93700000e-05 -9.45100000e-05 -4.75400000e-05 1.17346000e-03 8.71250000e-04 1.80980000e-04 3.73240000e-04 -2.84250000e-04 2.98120000e-04 -1.09728000e-03 4.73170000e-04 9.07040000e-04 -4.99200000e-04 -2.81380000e-04 1.31230000e-03 -1.55690000e-04 3.16340000e-04 1.19289000e-03 -1.10398000e-03 -5.17420000e-04 -9.50800000e-05 8.54400000e-05 7.72570000e-04 2.16670000e-04 4.13740000e-04 -5.00500000e-04 1.77080000e-04 4.69170000e-04 -4.82970000e-04 8.86840000e-04 2.32850000e-04 5.37400000e-04 7.27550000e-04 1.10840000e-04 4.44170000e-04 -9.98000000e-05 1.12181000e-03 -1.29210000e-04 1.19633000e-03 1.73270000e-04 1.90055200e-02 -2.16910000e-04 -2.41440000e-04 -4.57030000e-04 -9.00250000e-04 3.67150000e-04 2.52470000e-04 4.41450000e-04 -1.09100000e-04 -3.98490000e-04 -1.06730000e-04 -2.03270000e-04 2.04980000e-04 2.11420000e-04 1.58160000e-03 -1.52098000e-03 -1.89637000e-03 -1.87960000e-04 -1.21586000e-03 4.32380000e-04 1.68620000e-04 -3.09880000e-04 3.49200000e-05 2.46000000e-04 2.01490000e-04 -1.85830000e-04 5.64090000e-04 -4.26500000e-05 -3.13430000e-04 2.29250000e-04 -7.79700000e-05 1.60766000e-03 7.23000000e-06 -1.06870000e-04 3.62400000e-04 -5.06300000e-05 1.16236000e-03 3.87800000e-04 -2.17650000e-04 1.19019000e-03 3.54020000e-04 5.76460000e-04 4.56940000e-04 5.32970000e-04 5.53740000e-04 -1.16165000e-03 1.29310000e-04 -1.95288000e-03 -1.61510000e-04 1.96790000e-04 -7.67050000e-04 -9.71050000e-04 -5.29720000e-04 -5.05920000e-04 -3.13680000e-04 -5.03570000e-04 -5.90870000e-04 -1.06372000e-03 -2.23880000e-04 -6.38520000e-04 -8.54720000e-04 -7.27140000e-04 -3.91130000e-04 -1.25958000e-03 -1.04629000e-03
1.81600000e-05 1.22146000e-03 6.96390000e-04 1.45013000e-03 1.79979000e-03 -2.75038000e-03 -1.91310000e-03 3.89740000e-04 -9.84700000e-05 -9.08770000e-04 7.20200000e-05 4.00680000e-03 -3.92320000e-04 -2.52800000e-03 2.94889000e-03 1.81119000e-03 -4.75057000e-03 1.53359000e-03 -4.27020000e-04 -3.23806000e-03 4.25079000e-03 7.54980000e-04 8.00230000e-04 1.50819000e-03 -2.31829000e-03 3.51110000e-04 -1.23054000e-03 7.07790000e-04 9.96080000e-04 3.39000000e-06 2.83112000e-03 -1.85794000e-03 -2.85790000e-04 -5.03520000e-04 -4.67440000e-04 1.58074000e-03 -5.33760000e-04 1.91397000e-03 -2.93324000e-03 1.36566000e-03 -4.27839000e-03 1.13104000e-03 -2.16910000e-04 2.84117200e-02 1.83618000e-03 2.62139000e-03 5.32843000e-03 -5.80000000e-05 9.18510000e-04 -1.59350000e-04 5.82810000e-04 2.43991000e-03 1.39743000e-03 -2.08963000e-03 1.63742000e-03 3.88600000e-04 -5.08284000e-03 6.87309000e-03 6.27673000e-03 1.12635000e-03 4.34028000e-03 -6.62570000e-04 -5.70300000e-04 2.93799000e-03 1.51440000e-03 -9.53750000e-04 7.63240000e-04 1.35958000e-03 -2.02628000e-03 1.28501000e-03 2.16807000e-03 -8.37710000e-04 1.14765000e-03 -4.89987000e-03 -3.95200000e-05 6.20960000e-04 -7.42120000e-04 5.04350000e-04 -2.80683000e-03 -1.38547000e-03 1.61408000e-03 -3.27184000e-03 -1.26469000e-03 -1.64756000e-03 -4.78330000e-04 -1.18308000e-03 -9.20710000e-04 2.83932000e-03 2.26100000e-04 4.34535000e-03 -2.41549000e-03 -5.62271000e-03 8.02940000e-04 1.60375000e-03 6.53650000e-04 -5.58880000e-04 -5.20880000e-04 -1.46140000e-04 2.17660000e-04 2.33463000e-03 -1.61625000e-03 2.28200000e-04 1.18557000e-03 -2.74510000e-04 7.55130000e-04 2.91015000e-03 4.52866000e-03
-5.35140000e-04 1.45644000e-03 -1.64690000e-04 5.88120000e-04 1.57657000e-03 -2.89600000e-03 -1.77420000e-03 3.27460000e-04 -3.77100000e-04 -5.78240000e-04 -2.56160000e-04 4.79673000e-03 1.24770000e-04 -2.22249000e-03 2.00616000e-03 1.74085000e-03 -3.83622000e-03 1.99660000e-04 -2.67400000e-04 -3.29030000e-03 4.70539000e-03 2.58670000e-04 4.25870000e-04 1.36401000e-03 -1.59986000e-03 1.35510000e-04 -3.82420000e-04 2.24750000e-04 8.72900000e-04 -1.34670000e-04 1.96527000e-03 -1.65232000e-03 1.26020000e-04 -3.44300000e-04 -1.94059000e-03 1.56423000e-03 -4.89480000e-04 1.34739000e-03 -2.76973000e-03 1.86060000e-04 -3.52827000e-03 1.35721000e-03 -2.41440000e-04 1.83618000e-03 7.90561400e-02 1.34273000e-03 5.74611000e-03 -1.13900000e-05 1.04808000e-03 -3.02840000e-04 1.21272000e-03 2.48603000e-03 1.23060000e-03 -1.44616000e-03 1.24101000e-03 6.42610000e-04 -4.95243000e-03 7.24814000e-03 6.32425000e-03 1.62529000e-03 5.90653000e-03 -2.12210000e-03 -9.34800000e-05 3.61631000e-03 7.96110000e-04 -1.04006000e-03 5.07790000e-04 1.13629000e-03 -1.36848000e-03 1.06163000e-03 2.51239000e-03 -5.39860000e-04 1.09899000e-03 -4.95303000e-03 1.70890000e-04 7.08340000e-04 -5.90840000e-04 8.74270000e-04 -2.85761000e-03 -8.46200000e-04 3.73120000e-04 -3.16175000e-03 -9.05550000e-04 -1.39372000e-03 -6.43060000e-04 -9.07620000e-04 -3.52350000e-04 2.46205000e-03 -7.28880000e-04 4.72002000e-03 -1.70643000e-03 -3.23436000e-03 5.16240000e-04 1.65982000e-03 7.21520000e-04 -3.10190000e-04 -9.63880000e-04 -2.76460000e-04 -1.08080000e-04 3.17588000e-03 -1.57351000e-03 5.22170000e-04 1.36760000e-03 4.44920000e-04 3.24570000e-04 2.94608000e-03 3.12789000e-03
1.21430000e-04 1.15009000e-03 1.03294000e-03 1.72223000e-03 1.76294000e-03 -3.15373000e-03 -2.20344000e-03 2.30110000e-04 -3.39540000e-04 -1.17086000e-03 5.99900000e-05 4.57277000e-03 -8.85370000e-04 -2.67158000e-03 3.45630000e-03 1.77443000e-03 -5.28962000e-03 2.06214000e-03 -4.82960000e-04 -3.31686000e-03 4.83236000e-03 9.45030000e-04 8.65200000e-04 1.35165000e-03 -2.75439000e-03 2.83720000e-04 -1.49166000e-03 8.31640000e-04 8.31980000e-04 -1.62250000e-04 3.28376000e-03 -2.01486000e-03 -6.72470000e-04 -7.45300000e-04 -1.42692000e-03 1.26086000e-03 -6.82500000e-04 2.07310000e-03 -3.28545000e-03 1.78106000e-03 -4.77455000e-03 7.78700000e-04 -4.57030000e-04 2.62139000e-03 1.34273000e-03 6.96089100e-02 5.25612000e-03 -3.15250000e-04 6.81060000e-04 -2.89290000e-04 4.18620000e-04 2.58929000e-03 1.50329000e-03 -2.39227000e-03 1.51846000e-03 9.03100000e-05 -5.08064000e-03 7.29516000e-03 6.68675000e-03 9.80330000e-04 3.91930000e-03 -2.41960000e-04 -8.45040000e-04 2.57557000e-03 1.66589000e-03 -1.03223000e-03 7.09720000e-04 1.40920000e-03 -2.38407000e-03 1.07286000e-03 1.90052000e-03 -1.20218000e-03 1.08684000e-03 -5.07145000e-03 -3.43620000e-04 8.01110000e-04 -7.69860000e-04 3.47070000e-04 -2.99497000e-03 -1.42438000e-03 2.18421000e-03 -3.53598000e-03 -1.50442000e-03 -1.88471000e-03 -6.35080000e-04 -1.52927000e-03 -1.37382000e-03 3.21800000e-03 5.21150000e-04 5.05555000e-03 -2.71654000e-03 -6.52345000e-03 1.07448000e-03 1.53820000e-03 6.04370000e-04 -7.02830000e-04 -1.81960000e-04 -1.36330000e-04 3.94920000e-04 1.68200000e-03 -1.71617000e-03 5.45000000e-05 1.10907000e-03 -4.60430000e-04 7.84160000e-04 3.32540000e-03 4.59838000e-03
-7.32010000e-04 5.46195000e-03 -1.88570000e-04 1.82732000e-03 6.00536000e-03 -8.74098000e-03 -5.19092000e-03 2.35621000e-03 -1.59460000e-04 -1.19119000e-03 2.95840000e-04 1.65941100e-02 -5.70600000e-05 -7.41267000e-03 6.49346000e-03 4.42189000e-03 -1.24916700e-02 2.15771000e-03 4.59180000e-04 -1.01943300e-02 1.69964400e-02 2.26603000e-03 1.21517000e-03 4.98411000e-03 -5.15947000e-03 1.68624000e-03 -3.18025000e-03 2.13153000e-03 3.19457000e-03 -1.69160000e-04 7.04188000e-03 -5.39214000e-03 -1.07699000e-03 -9.84800000e-04 -4.95714000e-03 4.95460000e-03 -7.11930000e-04 3.63575000e-03 -8.46844000e-03 1.14903000e-03 -1.12617400e-02 4.73903000e-03 -9.00250000e-04 5.32843000e-03 5.74611000e-03 5.25612000e-03 5.73667200e-02 7.61120000e-04 3.59324000e-03 -2.41470000e-04 2.17491000e-03 9.14919000e-03 3.94558000e-03 -3.87079000e-03 4.53772000e-03 2.72967000e-03 -1.53674300e-02 2.44639800e-02 1.91498100e-02 3.82358000e-03 1.93783800e-02 -5.50766000e-03 -1.75964000e-03 1.10022800e-02 2.47649000e-03 -2.24429000e-03 2.94997000e-03 3.14864000e-03 -6.25698000e-03 2.49139000e-03 9.09717000e-03 -3.10798000e-03 2.44976000e-03 -1.55478100e-02 1.14944000e-03 4.16719000e-03 -6.88240000e-04 1.52013000e-03 -8.92824000e-03 -4.32847000e-03 2.14415000e-03 -9.74023000e-03 -3.09367000e-03 -4.46758000e-03 -7.90180000e-04 -2.33715000e-03 -1.36140000e-03 8.45484000e-03 -1.77117000e-03 1.49749900e-02 -4.86620000e-03 -1.04131800e-02 3.10826000e-03 5.95475000e-03 2.57635000e-03 2.99210000e-04 -2.67755000e-03 2.00900000e-04 1.50118000e-03 9.63293000e-03 -3.23587000e-03 2.26345000e-03 5.10431000e-03 2.12648000e-03 2.05659000e-03 9.78407000e-03 1.01716000e-02
-4.21750000e-04 7.68020000e-04 -4.22260000e-04 -2.44530000e-04 6.78190000e-04 4.60020000e-04 5.68530000e-04 6.42520000e-04 5.13960000e-04 4.94800000e-05 3.19440000e-04 9.03880000e-04 7.94290000e-04 2.54830000e-04 -2.93330000e-04 -2.98800000e-05 5.83940000e-04 -9.61800000e-05 6.43590000e-04 2.52830000e-04 1.11577000e-03 -2.15540000e-04 -9.26700000e-05 7.44500000e-04 6.59350000e-04 6.28330000e-04 2.76780000e-04 -1.84460000e-04 5.59050000e-04 4.16380000e-04 8.09400000e-05 3.60300000e-04 2.00100000e-04 4.73410000e-04 2.76300000e-05 4.49820000e-04 5.62790000e-04 -1.36930000e-04 4.91180000e-04 -3.60340000e-04 5.78940000e-04 7.57140000e-04 3.67150000e-04 -5.80000000e-05 -1.13900000e-05 -3.15250000e-04 7.61120000e-04 4.85714400e-02 5.54280000e-04 4.25390000e-04 -6.96000000e-06 7.63490000e-04 2.27940000e-04 2.22500000e-05 4.56750000e-04 7.17810000e-04 2.24600000e-04 1.02083000e-03 -3.58670000e-04 8.98200000e-05 1.53778000e-03 -3.46780000e-04 3.13400000e-05 6.60890000e-04 -1.12610000e-04 2.33400000e-04 6.43690000e-04 -1.98900000e-05 6.70800000e-05 7.05600000e-05 8.92620000e-04 9.26500000e-05 -1.06220000e-04 2.46930000e-04 4.32210000e-04 6.11390000e-04 6.09460000e-04 -3.47000000e-06 2.82720000e-04 -8.15000000e-05 -2.42610000e-04 3.93020000e-04 2.75840000e-04 3.40230000e-04 4.33300000e-04 6.32670000e-04 7.70420000e-04 -4.09000000e-04 -3.30140000e-04 -4.88630000e-04 2.69000000e-06 4.59330000e-04 -2.47650000e-04 -1.26380000e-04 -2.16210000e-04 1.49700000e-05 -7.26320000e-04 -2.16210000e-04 -1.63920000e-04 2.50870000e-04 -4.22400000e-05 -1.16460000e-04 -3.50400000e-05 4.27000000e-05 -2.28850000e-04 -2.21720000e-04 -4.97920000e-04
-4.68080000e-04 1.36620000e-03 -1.69270000e-04 2.17460000e-04 1.43191000e-03 -1.08281000e-03 -4.57120000e-04 8.01070000e-04 3.13710000e-04 -3.93110000e-04 3.19060000e-04 3.17859000e-03 4.77000000e-04 -9.44580000e-04 9.56710000e-04 7.35870000e-04 -1.74628000e-03 2.63630000e-04 4.79270000e-04 -1.46037000e-03 3.31045000e-03 1.24450000e-04 1.59040000e-04 1.29860000e-03 -4.63090000e-04 6.55580000e-04 -4.19680000e-04 1.17560000e-04 9.23390000e-04 3.29790000e-04 1.18743000e-03 -5.68970000e-04 -4.61800000e-05 2.18210000e-04 -6.36830000e-04 1.22579000e-03 2.61460000e-04 6.17310000e-04 -1.04214000e-03 9.95000000e-06 -1.55571000e-03 1.31429000e-03 2.52470000e-04 9.18510000e-04 1.04808000e-03 6.81060000e-04 3.59324000e-03 5.54280000e-04 3.04098100e-02 3.18080000e-04 3.83160000e-04 1.93640000e-03 8.28430000e-04 -8.85260000e-04 1.18506000e-03 9.20730000e-04 -2.34208000e-03 4.63157000e-03 2.83870000e-03 7.16250000e-04 3.89818000e-03 -1.10274000e-03 -2.83030000e-04 2.35653000e-03 4.69150000e-04 -2.43560000e-04 9.23680000e-04 5.36530000e-04 -1.04283000e-03 4.71550000e-04 2.04452000e-03 -5.43830000e-04 4.24810000e-04 -2.37052000e-03 3.91290000e-04 1.02507000e-03 2.44220000e-04 2.82400000e-04 -1.20576000e-03 -7.61240000e-04 1.80510000e-04 -1.30396000e-03 -3.77290000e-04 -5.44410000e-04 2.28200000e-04 -1.00500000e-05 2.40700000e-04 1.01044000e-03 -4.33570000e-04 1.93982000e-03 -1.08395000e-03 -1.83514000e-03 1.64520000e-04 7.04550000e-04 1.90660000e-04 -1.75400000e-04 -9.83960000e-04 -2.87110000e-04 -3.93300000e-05 1.54856000e-03 -7.77930000e-04 1.24930000e-04 6.13320000e-04 1.13640000e-04 1.38110000e-04 1.25563000e-03 1.26407000e-03
-2.66530000e-04 3.43440000e-04 -4.97500000e-05 -7.37300000e-05 3.26360000e-04 7.49680000e-04 6.13510000e-04 3.89350000e-04 4.71170000e-04 -1.59430000e-04 3.40180000e-04 -2.34900000e-04 5.46710000e-04 3.43110000e-04 -3.13620000e-04 -1.83160000e-04 7.69490000e-04 -6.71300000e-05 4.81960000e-04 7.09610000e-04 -1.10260000e-04 -2.74680000e-04 -6.54300000e-05 3.94180000e-04 5.76830000e-04 4.60190000e-04 1.89440000e-04 -2.66860000e-04 3.77440000e-04 4.78010000e-04 -1.99430000e-04 5.53790000e-04 1.03780000e-04 4.70340000e-04 4.50700000e-04 1.77260000e-04 5.31100000e-04 -9.21700000e-05 6.69950000e-04 -1.06800000e-04 7.44070000e-04 2.70260000e-04 4.41450000e-04 -1.59350000e-04 -3.02840000e-04 -2.89290000e-04 -2.41470000e-04 4.25390000e-04 3.18080000e-04 9.44985000e-03 -1.50610000e-04 1.99440000e-04 -4.86900000e-05 -1.38450000e-04 3.17900000e-04 3.62340000e-04 8.34840000e-04 -4.42670000e-04 -1.24244000e-03 -1.48560000e-04 -2.36540000e-04 2.27350000e-04 1.62800000e-05 -4.07200000e-05 5.51400000e-05 2.08600000e-04 4.06180000e-04 -1.17970000e-04 1.04330000e-04 -8.06300000e-05 1.68040000e-04 1.06470000e-04 -6.38400000e-05 8.71590000e-04 1.17140000e-04 2.43760000e-04 5.21660000e-04 -7.89300000e-05 6.34110000e-04 4.51000000e-06 -1.42400000e-04 6.92570000e-04 2.24950000e-04 3.92780000e-04 4.72560000e-04 5.26900000e-04 5.60000000e-04 -7.14530000e-04 3.35000000e-05 -1.25776000e-03 -1.27820000e-04 1.06630000e-04 -4.74680000e-04 -5.53780000e-04 -3.01520000e-04 -2.62900000e-04 -4.20620000e-04 -3.15940000e-04 -3.27100000e-04 -5.80820000e-04 -9.33800000e-05 -3.34120000e-04 -4.67160000e-04 -3.93260000e-04 -2.32460000e-04 -8.16480000e-04 -8.69550000e-04
-1.08850000e-04 5.98290000e-04 -1.99080000e-04 1.32090000e-04 5.61050000e-04 -1.09704000e-03 -6.47950000e-04 1.10420000e-04 -1.57410000e-04 4.99000000e-06 -1.74160000e-04 1.95273000e-03 7.91500000e-05 -8.50640000e-04 6.40940000e-04 6.66760000e-04 -1.27763000e-03 1.56500000e-05 -5.78500000e-05 -1.17914000e-03 1.91035000e-03 1.53310000e-04 1.42350000e-04 4.98110000e-04 -5.10470000e-04 3.92700000e-05 2.82770000e-04 1.45500000e-04 2.78990000e-04 -8.26800000e-05 7.10860000e-04 -5.77720000e-04 1.34690000e-04 -9.79900000e-05 -9.47870000e-04 5.41270000e-04 -1.68170000e-04 4.70070000e-04 -9.96680000e-04 -5.38300000e-05 -1.17421000e-03 5.17700000e-04 -1.09100000e-04 5.82810000e-04 1.21272000e-03 4.18620000e-04 2.17491000e-03 -6.96000000e-06 3.83160000e-04 -1.50610000e-04 1.80618900e-02 9.63600000e-04 4.95880000e-04 -2.70080000e-04 3.97230000e-04 2.48610000e-04 -1.75235000e-03 2.79775000e-03 2.49734000e-03 7.28490000e-04 2.46136000e-03 -8.77610000e-04 4.67500000e-05 1.39617000e-03 2.03940000e-04 -3.20770000e-04 1.58210000e-04 4.24720000e-04 -3.55370000e-04 4.03290000e-04 9.55940000e-04 -1.12200000e-04 4.51060000e-04 -1.83101000e-03 1.87620000e-04 3.01690000e-04 -1.74550000e-04 4.27390000e-04 -1.01728000e-03 -1.91280000e-04 4.41000000e-05 -1.15846000e-03 -2.81660000e-04 -4.89050000e-04 -2.56870000e-04 -3.07450000e-04 -6.65000000e-05 1.01642000e-03 -3.53390000e-04 2.03834000e-03 -3.47530000e-04 -6.54360000e-04 3.47990000e-04 8.03180000e-04 4.09340000e-04 9.95100000e-05 -2.31330000e-04 4.30300000e-05 9.76000000e-05 1.42101000e-03 -3.88310000e-04 4.09310000e-04 7.06280000e-04 4.64070000e-04 2.06030000e-04 1.32120000e-03 1.20853000e-03
-6.00100000e-04 3.32873000e-03 -3.87460000e-04 8.78510000e-04 3.65998000e-03 -4.02254000e-03 -2.24213000e-03 1.64465000e-03 4.43320000e-04 -4.26460000e-04 3.32910000e-04 8.96086000e-03 7.00440000e-04 -4.20425000e-03 3.09371000e-03 2.19098000e-03 -5.82619000e-03 1.09419000e-03 7.46360000e-04 -4.71758000e-03 9.45330000e-03 1.10582000e-03 6.00440000e-04 3.21225000e-03 -2.15709000e-03 1.56689000e-03 -1.57136000e-03 1.04301000e-03 2.07961000e-03 3.09470000e-04 3.60823000e-03 -2.46102000e-03 -3.98290000e-04 -1.75640000e-04 -2.85383000e-03 2.45924000e-03 1.73470000e-04 1.65436000e-03 -3.96098000e-03 4.62320000e-04 -5.14404000e-03 2.51491000e-03 -3.98490000e-04 2.43991000e-03 2.48603000e-03 2.58929000e-03 9.14919000e-03 7.63490000e-04 1.93640000e-03 1.99440000e-04 9.63600000e-04 4.56751600e-02 2.03725000e-03 -1.74354000e-03 2.44374000e-03 1.72910000e-03 -7.32409000e-03 1.26431800e-02 8.97962000e-03 1.83169000e-03 1.01817800e-02 -2.74767000e-03 -8.79130000e-04 5.39919000e-03 1.19093000e-03 -1.04277000e-03 1.89673000e-03 1.56577000e-03 -3.29515000e-03 1.12116000e-03 4.96166000e-03 -1.28153000e-03 1.22617000e-03 -7.42888000e-03 7.27570000e-04 2.57726000e-03 2.89210000e-04 7.05120000e-04 -4.29926000e-03 -2.26999000e-03 1.02894000e-03 -4.62815000e-03 -1.43528000e-03 -2.00193000e-03 -1.17250000e-04 -6.39130000e-04 -3.15000000e-06 4.00162000e-03 -9.83990000e-04 7.12216000e-03 -2.20634000e-03 -4.57869000e-03 1.49148000e-03 2.95982000e-03 1.23914000e-03 2.87190000e-04 -1.77245000e-03 8.69600000e-05 7.83590000e-04 4.71720000e-03 -1.39910000e-03 1.19506000e-03 2.59690000e-03 1.25522000e-03 9.12090000e-04 4.62894000e-03 4.17126000e-03
-2.02090000e-04 1.26108000e-03 -3.32700000e-05 7.26620000e-04 1.46071000e-03 -1.75248000e-03 -9.95620000e-04 5.09330000e-04 3.50000000e-07 -4.26390000e-04 -1.51400000e-05 3.48495000e-03 1.48990000e-04 -1.09101000e-03 1.64925000e-03 1.13033000e-03 -2.79498000e-03 7.43750000e-04 1.34030000e-04 -2.19953000e-03 3.77483000e-03 4.02930000e-04 4.32200000e-04 1.31827000e-03 -1.14563000e-03 4.56690000e-04 -6.33670000e-04 4.21040000e-04 8.14110000e-04 1.83200000e-05 1.92821000e-03 -1.15013000e-03 1.07940000e-04 -1.97790000e-04 -8.13170000e-04 1.06058000e-03 -9.22600000e-05 1.09241000e-03 -1.73993000e-03 4.70760000e-04 -2.53540000e-03 1.17978000e-03 -1.06730000e-04 1.39743000e-03 1.23060000e-03 1.50329000e-03 3.94558000e-03 2.27940000e-04 8.28430000e-04 -4.86900000e-05 4.95880000e-04 2.03725000e-03 4.86995200e-02 -1.00310000e-03 1.12336000e-03 6.00390000e-04 -3.31101000e-03 5.35327000e-03 4.12336000e-03 8.97900000e-04 4.07064000e-03 -9.22960000e-04 -2.76350000e-04 2.28169000e-03 6.92740000e-04 -3.61260000e-04 8.33840000e-04 9.14500000e-04 -1.18181000e-03 7.25270000e-04 1.93553000e-03 -5.74350000e-04 6.80980000e-04 -3.25954000e-03 3.31800000e-04 7.94900000e-04 -1.42810000e-04 3.81510000e-04 -1.92599000e-03 -7.61230000e-04 7.00590000e-04 -2.04341000e-03 -6.55280000e-04 -1.00117000e-03 -2.21180000e-04 -5.26210000e-04 -1.95960000e-04 1.76527000e-03 -2.15320000e-04 3.11770000e-03 -1.24903000e-03 -2.61041000e-03 6.66400000e-04 1.25329000e-03 3.49280000e-04 -1.25500000e-05 -6.29210000e-04 -3.44200000e-05 3.23960000e-04 1.95449000e-03 -7.97920000e-04 3.22330000e-04 1.02414000e-03 3.22210000e-04 3.55180000e-04 1.98100000e-03 2.21640000e-03
1.62133000e-03 -9.25710000e-04 -8.88100000e-04 -1.33123000e-03 -1.41753000e-03 1.84538000e-03 1.25208000e-03 -2.56500000e-04 1.57420000e-04 2.64948000e-03 -2.06910000e-04 -2.64185000e-03 1.22780000e-04 1.11257000e-03 -2.45785000e-03 -1.36205000e-03 3.68658000e-03 -1.17989000e-03 3.44500000e-04 2.06469000e-03 -2.90420000e-03 1.01330000e-03 -5.44410000e-04 -1.22394000e-03 1.79819000e-03 -2.64080000e-04 2.49307000e-03 1.11061000e-03 -9.21200000e-04 -3.27740000e-04 -2.14247000e-03 1.02075000e-03 2.74800000e-04 1.68810000e-04 6.23590000e-04 -1.18827000e-03 3.12440000e-04 -1.74234000e-03 2.12674000e-03 -1.24163000e-03 3.40037000e-03 -7.38070000e-04 -2.03270000e-04 -2.08963000e-03 -1.44616000e-03 -2.39227000e-03 -3.87079000e-03 2.22500000e-05 -8.85260000e-04 -1.38450000e-04 -2.70080000e-04 -1.74354000e-03 -1.00310000e-03 2.65105500e-02 -1.52788000e-03 -2.46040000e-04 3.47794000e-03 -4.77120000e-03 -2.93296000e-03 -6.84090000e-04 -2.31722000e-03 2.82830000e-04 6.44710000e-04 -2.06778000e-03 -1.56963000e-03 7.97990000e-04 -6.82410000e-04 -1.00859000e-03 1.69418000e-03 -8.49610000e-04 -1.38143000e-03 9.40430000e-04 -8.31920000e-04 3.30492000e-03 3.30040000e-04 -2.39950000e-04 5.38260000e-04 -2.52550000e-04 1.84339000e-03 1.16117000e-03 -1.38043000e-03 2.24347000e-03 1.05510000e-03 1.19481000e-03 2.81310000e-04 9.48880000e-04 6.80140000e-04 -4.63240000e-04 -3.66300000e-04 -1.15707000e-03 3.96431000e-03 7.05534000e-03 1.33797000e-03 8.49920000e-04 1.12558000e-03 2.57097000e-03 2.00921000e-03 1.99502000e-03 1.77399000e-03 6.03110000e-04 3.26866000e-03 1.79449000e-03 1.15313000e-03 2.50306000e-03 1.01038000e-03 -2.13210000e-04 -1.57623000e-03
-3.27960000e-04 1.54899000e-03 2.24230000e-04 7.73130000e-04 1.84964000e-03 -1.67956000e-03 -9.75010000e-04 8.34970000e-04 3.55360000e-04 -7.20260000e-04 3.59030000e-04 3.73637000e-03 2.81520000e-04 -1.73495000e-03 1.81931000e-03 1.15362000e-03 -3.05377000e-03 8.09970000e-04 3.35600000e-04 -2.12149000e-03 3.99265000e-03 3.48880000e-04 4.12470000e-04 1.64388000e-03 -1.20470000e-03 7.65330000e-04 -9.70800000e-04 3.32940000e-04 1.16231000e-03 3.96580000e-04 1.92809000e-03 -1.02082000e-03 -1.93130000e-04 6.92900000e-05 -4.44750000e-04 1.50220000e-03 1.64540000e-04 1.18612000e-03 -1.78209000e-03 5.98480000e-04 -2.71134000e-03 1.37617000e-03 2.04980000e-04 1.63742000e-03 1.24101000e-03 1.51846000e-03 4.53772000e-03 4.56750000e-04 1.18506000e-03 3.17900000e-04 3.97230000e-04 2.44374000e-03 1.12336000e-03 -1.52788000e-03 3.49014300e-02 8.54490000e-04 -3.46631000e-03 5.85205000e-03 4.08582000e-03 8.44480000e-04 4.19459000e-03 -8.68430000e-04 -5.05980000e-04 2.74047000e-03 1.01709000e-03 -4.88770000e-04 1.08021000e-03 8.73900000e-04 -1.67378000e-03 7.36700000e-04 2.31107000e-03 -7.57220000e-04 7.66960000e-04 -3.42704000e-03 2.48810000e-04 1.06284000e-03 6.31200000e-05 3.28090000e-04 -1.82612000e-03 -1.17248000e-03 7.72370000e-04 -2.09484000e-03 -7.95470000e-04 -9.89630000e-04 1.58470000e-04 -3.70240000e-04 -1.04740000e-04 1.65342000e-03 -1.34560000e-04 2.70861000e-03 -1.81963000e-03 -3.62909000e-03 3.37580000e-04 9.80150000e-04 3.23190000e-04 -4.08200000e-04 -9.68540000e-04 -3.42710000e-04 3.12700000e-05 1.77565000e-03 -1.18596000e-03 1.08480000e-04 7.68110000e-04 -1.52770000e-04 4.07290000e-04 1.74967000e-03 2.35503000e-03
-4.95760000e-04 1.34367000e-03 -4.83330000e-04 -1.47890000e-04 1.27565000e-03 -5.30150000e-04 -1.00500000e-05 9.01040000e-04 4.65530000e-04 7.80000000e-06 3.25760000e-04 2.75698000e-03 7.75960000e-04 -5.19450000e-04 3.09690000e-04 4.05790000e-04 -7.14170000e-04 -2.21700000e-05 7.04490000e-04 -9.07830000e-04 2.97106000e-03 5.54400000e-05 1.41200000e-05 1.22007000e-03 1.39990000e-04 7.66340000e-04 -5.19300000e-05 8.05500000e-05 8.47190000e-04 3.34040000e-04 7.11170000e-04 -2.51010000e-04 8.09900000e-05 3.20790000e-04 -6.45760000e-04 9.63000000e-04 4.58570000e-04 1.38410000e-04 -4.31110000e-04 -3.61960000e-04 -5.98550000e-04 1.25456000e-03 2.11420000e-04 3.88600000e-04 6.42610000e-04 9.03100000e-05 2.72967000e-03 7.17810000e-04 9.20730000e-04 3.62340000e-04 2.48610000e-04 1.72910000e-03 6.00390000e-04 -2.46040000e-04 8.54490000e-04 3.81441200e-02 -1.44885000e-03 3.68168000e-03 1.72996000e-03 5.12710000e-04 3.72792000e-03 -1.11183000e-03 -1.30900000e-04 1.88781000e-03 4.48500000e-05 -3.30700000e-05 9.03010000e-04 2.85780000e-04 -5.96210000e-04 2.71600000e-04 1.92149000e-03 -2.69570000e-04 1.14750000e-04 -1.46966000e-03 5.34070000e-04 1.09802000e-03 5.40150000e-04 1.57160000e-04 -7.45020000e-04 -5.34560000e-04 -1.66130000e-04 -6.71170000e-04 -2.09400000e-05 -1.43340000e-04 3.30810000e-04 3.86010000e-04 6.40450000e-04 5.27070000e-04 -6.02130000e-04 1.21822000e-03 -3.76260000e-04 -3.36400000e-04 1.45570000e-04 5.96000000e-04 1.13470000e-04 1.67580000e-04 -1.00011000e-03 -1.25030000e-04 6.62400000e-05 1.42654000e-03 -2.91610000e-04 2.21760000e-04 6.04910000e-04 4.31620000e-04 2.40000000e-07 8.55510000e-04 3.98700000e-04
2.15600000e-05 -3.87991000e-03 -4.75830000e-04 -2.24233000e-03 -4.66951000e-03 8.72626000e-03 5.70233000e-03 -1.36137000e-03 7.59010000e-04 1.07343000e-03 1.99350000e-04 -1.33190100e-02 1.07430000e-03 7.26511000e-03 -6.41160000e-03 -4.14833000e-03 1.26400300e-02 -2.17155000e-03 5.56150000e-04 1.01193800e-02 -1.36176400e-02 -2.53275000e-03 -1.39080000e-03 -3.63042000e-03 5.84734000e-03 -8.12220000e-04 3.91737000e-03 -2.39939000e-03 -2.27804000e-03 7.58690000e-04 -6.44077000e-03 5.84882000e-03 1.16764000e-03 1.70237000e-03 3.36398000e-03 -3.73601000e-03 1.45592000e-03 -3.58275000e-03 8.77972000e-03 -1.71064000e-03 1.14370500e-02 -3.12211000e-03 1.58160000e-03 -5.08284000e-03 -4.95243000e-03 -5.08064000e-03 -1.53674300e-02 2.24600000e-04 -2.34208000e-03 8.34840000e-04 -1.75235000e-03 -7.32409000e-03 -3.31101000e-03 3.47794000e-03 -3.46631000e-03 -1.44885000e-03 6.00851500e-02 -2.05008100e-02 -1.76619500e-02 -3.19584000e-03 -1.53878800e-02 4.45026000e-03 1.78337000e-03 -8.67620000e-03 -2.51178000e-03 2.21537000e-03 -1.92745000e-03 -3.00854000e-03 6.21494000e-03 -2.19196000e-03 -7.14564000e-03 2.92818000e-03 -2.34279000e-03 1.49687400e-02 -6.69700000e-04 -2.84022000e-03 1.55540000e-03 -1.23256000e-03 9.07507000e-03 4.31101000e-03 -2.33399000e-03 9.77611000e-03 3.27810000e-03 4.65500000e-03 1.31664000e-03 3.00305000e-03 2.36881000e-03 -8.39669000e-03 9.17900000e-04 -1.40196500e-02 4.37012000e-03 1.02497500e-02 -3.26033000e-03 -5.92957000e-03 -2.72713000e-03 -4.48360000e-04 1.65650000e-03 -7.08160000e-04 -1.76716000e-03 -8.70668000e-03 2.63628000e-03 -2.46690000e-03 -4.90519000e-03 -2.01440000e-03 -2.25850000e-03 -8.89594000e-03 -1.00435900e-02
-9.12850000e-04 7.43018000e-03 -4.28950000e-04 2.36087000e-03 8.17169000e-03 -1.18627600e-02 -7.00141000e-03 3.24304000e-03 -1.96220000e-04 -1.27488000e-03 3.43330000e-04 2.29741500e-02 -8.89500000e-05 -1.02557300e-02 8.70906000e-03 5.84072000e-03 -1.67159700e-02 3.03412000e-03 7.23650000e-04 -1.36952600e-02 2.36107300e-02 3.27612000e-03 1.61353000e-03 6.76753000e-03 -6.90445000e-03 2.42311000e-03 -4.33151000e-03 3.09342000e-03 4.22080000e-03 -3.80650000e-04 9.58411000e-03 -7.34415000e-03 -1.54833000e-03 -1.47273000e-03 -7.47480000e-03 6.39524000e-03 -9.62960000e-04 4.62464000e-03 -1.14046500e-02 1.48824000e-03 -1.50306100e-02 6.24549000e-03 -1.52098000e-03 6.87309000e-03 7.24814000e-03 7.29516000e-03 2.44639800e-02 1.02083000e-03 4.63157000e-03 -4.42670000e-04 2.79775000e-03 1.26431800e-02 5.35327000e-03 -4.77120000e-03 5.85205000e-03 3.68168000e-03 -2.05008100e-02 8.55144200e-02 2.58798500e-02 5.03003000e-03 2.63767900e-02 -7.45565000e-03 -2.43105000e-03 1.45556100e-02 3.08269000e-03 -2.99800000e-03 3.95659000e-03 4.19649000e-03 -8.50662000e-03 3.15802000e-03 1.23173100e-02 -4.16887000e-03 3.12877000e-03 -2.08781900e-02 1.54665000e-03 5.92794000e-03 -7.69270000e-04 1.91872000e-03 -1.20971900e-02 -5.77831000e-03 2.97681000e-03 -1.31289600e-02 -4.14365000e-03 -6.01911000e-03 -1.15235000e-03 -3.08846000e-03 -1.78235000e-03 1.16110600e-02 -2.47115000e-03 2.06809800e-02 -6.08372000e-03 -1.32555200e-02 4.59433000e-03 8.30828000e-03 3.55869000e-03 8.22500000e-04 -3.47340000e-03 5.68740000e-04 2.43186000e-03 1.30376500e-02 -3.91486000e-03 3.27529000e-03 7.19920000e-03 3.35735000e-03 2.82813000e-03 1.35348500e-02 1.33655200e-02
1.35017000e-03 4.55431000e-03 6.13650000e-04 2.52575000e-03 5.50834000e-03 -1.07428200e-02 -6.97534000e-03 1.46693000e-03 -1.08239000e-03 -1.11500000e-05 -2.47300000e-04 1.73325600e-02 -1.74800000e-03 -9.45238000e-03 8.01107000e-03 5.11748000e-03 -1.50733500e-02 2.90386000e-03 -8.36810000e-04 -1.20027800e-02 1.71871700e-02 4.38022000e-03 1.69018000e-03 4.17999000e-03 -7.05702000e-03 7.81640000e-04 -2.87136000e-03 4.17999000e-03 2.47103000e-03 -1.16448000e-03 7.98226000e-03 -6.90094000e-03 -1.65314000e-03 -2.15496000e-03 -5.70147000e-03 4.81947000e-03 -2.04471000e-03 4.25092000e-03 -1.03883600e-02 2.09580000e-03 -1.36197200e-02 3.93938000e-03 -1.89637000e-03 6.27673000e-03 6.32425000e-03 6.68675000e-03 1.91498100e-02 -3.58670000e-04 2.83870000e-03 -1.24244000e-03 2.49734000e-03 8.97962000e-03 4.12336000e-03 -2.93296000e-03 4.08582000e-03 1.72996000e-03 -1.76619500e-02 2.58798500e-02 1.10710130e-01 4.17405000e-03 1.90391900e-02 -5.52018000e-03 -1.94177000e-03 1.11397000e-02 2.84217000e-03 -3.13590000e-03 2.00486000e-03 3.68005000e-03 -7.17295000e-03 2.86658000e-03 8.61212000e-03 -3.47530000e-03 2.99937000e-03 -1.79566400e-02 3.53120000e-04 3.70474000e-03 -2.06291000e-03 1.74070000e-03 -1.05362300e-02 -4.46653000e-03 3.09861000e-03 -1.17054400e-02 -3.98332000e-03 -5.69499000e-03 -1.80856000e-03 -3.80423000e-03 -3.01181000e-03 1.18150800e-02 -1.28440000e-03 1.95618500e-02 -4.02015000e-03 -1.10238300e-02 5.56830000e-03 8.47076000e-03 4.56673000e-03 1.81402000e-03 -1.73660000e-04 2.11057000e-03 3.53630000e-03 1.18901900e-02 -2.06273000e-03 4.08002000e-03 7.32440000e-03 3.83921000e-03 4.07449000e-03 1.31768600e-02 1.42169500e-02
-1.91890000e-04 1.11067000e-03 -1.84260000e-04 3.64000000e-04 1.16170000e-03 -1.86481000e-03 -1.10024000e-03 3.71330000e-04 -1.26900000e-04 -1.34510000e-04 -1.11580000e-04 3.42970000e-03 7.31500000e-05 -1.50514000e-03 1.29405000e-03 1.08540000e-03 -2.46018000e-03 3.35450000e-04 -7.07000000e-06 -2.11112000e-03 3.47737000e-03 3.64460000e-04 2.94250000e-04 1.00375000e-03 -1.00444000e-03 2.47160000e-04 -8.21800000e-05 3.44500000e-04 6.06730000e-04 -7.83300000e-05 1.44739000e-03 -1.08202000e-03 3.37000000e-05 -1.80480000e-04 -1.22947000e-03 9.92710000e-04 -2.24140000e-04 8.52960000e-04 -1.77357000e-03 1.21130000e-04 -2.23256000e-03 9.61920000e-04 -1.87960000e-04 1.12635000e-03 1.62529000e-03 9.80330000e-04 3.82358000e-03 8.98200000e-05 7.16250000e-04 -1.48560000e-04 7.28490000e-04 1.83169000e-03 8.97900000e-04 -6.84090000e-04 8.44480000e-04 5.12710000e-04 -3.19584000e-03 5.03003000e-03 4.17405000e-03 2.47987900e-02 4.20472000e-03 -1.28671000e-03 -1.59170000e-04 2.34170000e-03 4.77060000e-04 -4.74960000e-04 4.90400000e-04 7.42660000e-04 -9.76760000e-04 6.61030000e-04 1.80744000e-03 -4.19340000e-04 6.63320000e-04 -3.24512000e-03 3.41510000e-04 6.99350000e-04 -2.33610000e-04 5.35480000e-04 -1.83562000e-03 -6.55080000e-04 3.26250000e-04 -2.04238000e-03 -5.70810000e-04 -9.02560000e-04 -3.00040000e-04 -5.08630000e-04 -1.96610000e-04 1.77983000e-03 -4.32710000e-04 3.32004000e-03 -8.49170000e-04 -1.76862000e-03 6.20620000e-04 1.33903000e-03 6.02190000e-04 9.55800000e-05 -5.32860000e-04 5.20000000e-05 2.30090000e-04 2.23680000e-03 -6.91540000e-04 5.78180000e-04 1.14841000e-03 5.97790000e-04 3.77910000e-04 2.16787000e-03 2.22794000e-03
-1.32398000e-03 6.79802000e-03 -2.06032000e-03 4.94270000e-04 6.50539000e-03 -8.66869000e-03 -4.58392000e-03 3.06034000e-03 8.69700000e-05 2.53700000e-05 9.58900000e-05 1.88066900e-02 1.15939000e-03 -6.64947000e-03 5.01637000e-03 4.12625000e-03 -1.09238700e-02 1.46494000e-03 1.48382000e-03 -1.03286300e-02 1.97545000e-02 1.97700000e-03 7.01500000e-04 5.66943000e-03 -3.72413000e-03 2.27016000e-03 -1.93213000e-03 1.91857000e-03 3.50410000e-03 -2.66920000e-04 6.86775000e-03 -5.28780000e-03 -5.56320000e-04 -6.23380000e-04 -6.36748000e-03 4.88986000e-03 -7.13600000e-05 2.70327000e-03 -8.01277000e-03 -4.29250000e-04 -9.80703000e-03 5.74443000e-03 -1.21586000e-03 4.34028000e-03 5.90653000e-03 3.91930000e-03 1.93783800e-02 1.53778000e-03 3.89818000e-03 -2.36540000e-04 2.46136000e-03 1.01817800e-02 4.07064000e-03 -2.31722000e-03 4.19459000e-03 3.72792000e-03 -1.53878800e-02 2.63767900e-02 1.90391900e-02 4.20472000e-03 1.09856200e-01 -6.91372000e-03 -1.43253000e-03 1.18055800e-02 1.16919000e-03 -1.47139000e-03 3.61336000e-03 2.77668000e-03 -5.30719000e-03 2.41516000e-03 1.06140800e-02 -2.58222000e-03 1.78662000e-03 -1.56515700e-02 2.64531000e-03 5.18169000e-03 3.07400000e-04 1.66538000e-03 -9.05214000e-03 -4.26305000e-03 1.08183000e-03 -9.49555000e-03 -2.29805000e-03 -3.85329000e-03 -7.24610000e-04 -1.34628000e-03 -9.01600000e-05 8.13000000e-03 -3.18441000e-03 1.56503200e-02 -3.18698000e-03 -6.48870000e-03 3.43452000e-03 6.69311000e-03 2.63855000e-03 1.50628000e-03 -3.58723000e-03 5.84700000e-04 1.83955000e-03 1.14329600e-02 -2.34701000e-03 3.08891000e-03 6.05926000e-03 3.81721000e-03 1.60440000e-03 1.05997900e-02 9.46161000e-03
6.42990000e-04 -1.60113000e-03 8.06840000e-04 3.65030000e-04 -1.54745000e-03 2.63085000e-03 1.37059000e-03 -8.00890000e-04 2.65190000e-04 -1.46800000e-04 7.63800000e-05 -5.55593000e-03 -3.01990000e-04 2.00633000e-03 -9.81940000e-04 -1.02670000e-03 2.85512000e-03 5.86290000e-04 -1.85970000e-04 3.13607000e-03 -5.29780000e-03 -4.98970000e-04 1.89300000e-05 -1.23290000e-03 9.00650000e-04 -3.63960000e-04 9.61710000e-04 -4.67810000e-04 -7.35640000e-04 3.10020000e-04 -1.15760000e-03 1.53717000e-03 1.99640000e-04 2.66890000e-04 2.44003000e-03 -1.42557000e-03 3.23600000e-04 -2.30950000e-04 2.29029000e-03 8.02590000e-04 2.61936000e-03 -1.57932000e-03 4.32380000e-04 -6.62570000e-04 -2.12210000e-03 -2.41960000e-04 -5.50766000e-03 -3.46780000e-04 -1.10274000e-03 2.27350000e-04 -8.77610000e-04 -2.74767000e-03 -9.22960000e-04 2.82830000e-04 -8.68430000e-04 -1.11183000e-03 4.45026000e-03 -7.45565000e-03 -5.52018000e-03 -1.28671000e-03 -6.91372000e-03 2.93652000e-02 3.46580000e-04 -3.71758000e-03 8.37100000e-05 6.44020000e-04 -6.17690000e-04 -6.29330000e-04 1.69742000e-03 -3.41940000e-04 -3.14176000e-03 8.92800000e-04 -4.01670000e-04 4.65269000e-03 -5.58950000e-04 -1.49292000e-03 1.92440000e-04 -5.05740000e-04 2.72621000e-03 1.03485000e-03 5.71490000e-04 2.72637000e-03 6.40280000e-04 1.13250000e-03 2.86740000e-04 3.76100000e-04 -7.25000000e-06 -2.29238000e-03 1.35834000e-03 -4.73771000e-03 5.30290000e-04 5.14100000e-04 -9.11710000e-04 -2.05344000e-03 -8.82440000e-04 -6.25260000e-04 1.24102000e-03 -2.17800000e-04 -4.80990000e-04 -3.70677000e-03 4.77330000e-04 -1.08830000e-03 -1.89090000e-03 -1.55175000e-03 -3.42560000e-04 -2.86478000e-03 -1.62377000e-03
-4.40700000e-05 -3.64020000e-04 -3.35050000e-04 -3.03550000e-04 -5.46650000e-04 1.06661000e-03 7.37230000e-04 -2.48200000e-04 6.89200000e-05 2.99240000e-04 -1.61690000e-04 -1.58569000e-03 4.24520000e-04 9.81270000e-04 -9.03940000e-04 -3.26690000e-04 1.72668000e-03 -4.73950000e-04 6.63900000e-05 1.15844000e-03 -1.56844000e-03 -4.00490000e-04 -1.34780000e-04 -3.20600000e-04 8.97380000e-04 -1.20890000e-04 1.02667000e-03 -3.48150000e-04 -2.25800000e-04 8.28200000e-05 -8.10590000e-04 7.09510000e-04 5.38750000e-04 2.21580000e-04 2.27340000e-04 -4.40980000e-04 2.10020000e-04 -4.01910000e-04 1.11507000e-03 -3.67010000e-04 1.55117000e-03 -2.67620000e-04 1.68620000e-04 -5.70300000e-04 -9.34800000e-05 -8.45040000e-04 -1.75964000e-03 3.13400000e-05 -2.83030000e-04 1.62800000e-05 4.67500000e-05 -8.79130000e-04 -2.76350000e-04 6.44710000e-04 -5.05980000e-04 -1.30900000e-04 1.78337000e-03 -2.43105000e-03 -1.94177000e-03 -1.59170000e-04 -1.43253000e-03 3.46580000e-04 9.15241000e-03 -9.21860000e-04 -4.20040000e-04 1.97520000e-04 -2.70510000e-04 -2.63990000e-04 1.20515000e-03 -8.01900000e-05 -8.36020000e-04 7.30410000e-04 -1.34600000e-04 1.80773000e-03 -1.37700000e-05 -4.96040000e-04 2.07170000e-04 6.61900000e-05 1.02824000e-03 8.06670000e-04 -4.54250000e-04 1.18577000e-03 5.45830000e-04 6.39430000e-04 -1.78300000e-05 4.33840000e-04 5.42490000e-04 -1.03087000e-03 -1.10070000e-04 -1.55597000e-03 7.71470000e-04 1.80854000e-03 -4.00290000e-04 -5.87310000e-04 -2.67770000e-04 7.53400000e-05 1.91130000e-04 -4.15100000e-05 -2.50310000e-04 -6.54190000e-04 3.28530000e-04 -1.70260000e-04 -4.53410000e-04 -1.28400000e-05 -3.40410000e-04 -9.74380000e-04 -1.28865000e-03
-5.81060000e-04 3.26792000e-03 -3.23040000e-04 7.54380000e-04 3.53652000e-03 -4.87490000e-03 -2.77638000e-03 1.54452000e-03 3.52000000e-06 -5.67470000e-04 2.67020000e-04 9.94794000e-03 1.84420000e-04 -4.21284000e-03 3.48806000e-03 2.50638000e-03 -6.85429000e-03 8.61800000e-04 3.90320000e-04 -5.79728000e-03 1.00178800e-02 1.21362000e-03 5.84570000e-04 2.95956000e-03 -2.66760000e-03 1.00960000e-03 -1.60957000e-03 1.15733000e-03 1.89861000e-03 -3.71100000e-05 3.77596000e-03 -2.91074000e-03 -5.59780000e-04 -4.07330000e-04 -3.01366000e-03 3.18443000e-03 -3.39430000e-04 1.87699000e-03 -4.59469000e-03 2.83670000e-04 -6.18710000e-03 3.11073000e-03 -3.09880000e-04 2.93799000e-03 3.61631000e-03 2.57557000e-03 1.10022800e-02 6.60890000e-04 2.35653000e-03 -4.07200000e-05 1.39617000e-03 5.39919000e-03 2.28169000e-03 -2.06778000e-03 2.74047000e-03 1.88781000e-03 -8.67620000e-03 1.45556100e-02 1.11397000e-02 2.34170000e-03 1.18055800e-02 -3.71758000e-03 -9.21860000e-04 4.46230700e-02 1.25276000e-03 -1.31438000e-03 1.73900000e-03 1.75483000e-03 -3.48725000e-03 1.43288000e-03 5.63287000e-03 -1.80878000e-03 1.37878000e-03 -8.89233000e-03 7.47230000e-04 2.59948000e-03 -3.27290000e-04 9.47850000e-04 -4.95824000e-03 -2.35780000e-03 8.34920000e-04 -5.40793000e-03 -1.65209000e-03 -2.44512000e-03 -3.05220000e-04 -1.13824000e-03 -5.19810000e-04 4.73219000e-03 -1.34681000e-03 8.61669000e-03 -2.66932000e-03 -5.37767000e-03 1.71040000e-03 3.45067000e-03 1.48826000e-03 2.68510000e-04 -1.76937000e-03 5.83300000e-05 8.10660000e-04 5.93494000e-03 -1.84299000e-03 1.34024000e-03 3.01897000e-03 1.41361000e-03 1.15266000e-03 5.63713000e-03 5.59927000e-03
-1.54600000e-05 5.19130000e-04 7.69480000e-04 1.07409000e-03 9.62440000e-04 -1.32623000e-03 -1.02336000e-03 1.62130000e-04 2.12100000e-05 -8.76200000e-04 1.44080000e-04 1.59941000e-03 -2.98160000e-04 -1.45809000e-03 1.81037000e-03 9.78110000e-04 -2.71086000e-03 9.70060000e-04 -2.69850000e-04 -1.49421000e-03 1.72133000e-03 3.01670000e-04 5.19580000e-04 7.88100000e-04 -1.42710000e-03 2.22040000e-04 -8.82890000e-04 2.53940000e-04 5.80170000e-04 1.78430000e-04 1.53142000e-03 -8.76650000e-04 -2.45070000e-04 -2.03500000e-04 1.15770000e-04 7.93100000e-04 -2.26780000e-04 1.24228000e-03 -1.56189000e-03 1.06158000e-03 -2.43359000e-03 3.65340000e-04 3.49200000e-05 1.51440000e-03 7.96110000e-04 1.66589000e-03 2.47649000e-03 -1.12610000e-04 4.69150000e-04 5.51400000e-05 2.03940000e-04 1.19093000e-03 6.92740000e-04 -1.56963000e-03 1.01709000e-03 4.48500000e-05 -2.51178000e-03 3.08269000e-03 2.84217000e-03 4.77060000e-04 1.16919000e-03 8.37100000e-05 -4.20040000e-04 1.25276000e-03 9.20868000e-03 -5.48200000e-04 3.95580000e-04 7.68120000e-04 -1.31924000e-03 6.16950000e-04 8.37840000e-04 -5.52650000e-04 7.44320000e-04 -2.39059000e-03 -2.43230000e-04 1.86980000e-04 -3.97540000e-04 2.16330000e-04 -1.34636000e-03 -8.23800000e-04 1.07202000e-03 -1.66920000e-03 -8.04420000e-04 -9.11140000e-04 -1.25250000e-04 -7.09080000e-04 -6.16350000e-04 1.30867000e-03 4.85190000e-04 1.74748000e-03 -1.75343000e-03 -3.89246000e-03 1.45650000e-04 4.68270000e-04 1.91790000e-04 -7.12190000e-04 -2.84000000e-04 -3.23340000e-04 -1.25610000e-04 5.35640000e-04 -1.13583000e-03 -1.81730000e-04 2.14340000e-04 -6.84380000e-04 3.48810000e-04 1.03752000e-03 2.13936000e-03
-6.52900000e-05 -3.22150000e-04 -3.96900000e-04 -5.00850000e-04 -6.40350000e-04 1.44001000e-03 1.02641000e-03 -1.31000000e-06 1.78120000e-04 3.35370000e-04 2.74600000e-05 -1.99046000e-03 3.08790000e-04 1.68926000e-03 -1.28013000e-03 -7.58220000e-04 2.15620000e-03 -3.02510000e-04 3.53900000e-04 1.48874000e-03 -1.76340000e-03 -4.60890000e-04 -2.74740000e-04 -4.50310000e-04 1.11433000e-03 2.52000000e-06 7.60960000e-04 -4.12900000e-04 -2.92460000e-04 1.27790000e-04 -8.83140000e-04 8.72970000e-04 2.98190000e-04 3.90090000e-04 1.01727000e-03 -6.29800000e-04 4.09780000e-04 -6.07320000e-04 1.42687000e-03 -5.10070000e-04 1.95665000e-03 -2.36590000e-04 2.46000000e-04 -9.53750000e-04 -1.04006000e-03 -1.03223000e-03 -2.24429000e-03 2.33400000e-04 -2.43560000e-04 2.08600000e-04 -3.20770000e-04 -1.04277000e-03 -3.61260000e-04 7.97990000e-04 -4.88770000e-04 -3.30700000e-05 2.21537000e-03 -2.99800000e-03 -3.13590000e-03 -4.74960000e-04 -1.47139000e-03 6.44020000e-04 1.97520000e-04 -1.31438000e-03 -5.48200000e-04 3.64289200e-02 7.27000000e-06 -5.13250000e-04 1.03752000e-03 -3.68760000e-04 -7.79030000e-04 3.94130000e-04 -5.16490000e-04 2.21485000e-03 5.51490000e-04 -2.52490000e-04 4.48530000e-04 -1.99870000e-04 1.35573000e-03 4.65380000e-04 -5.31540000e-04 1.54878000e-03 6.26330000e-04 7.94840000e-04 3.71210000e-04 6.45250000e-04 4.92260000e-04 -1.44389000e-03 4.99200000e-05 -2.28874000e-03 9.44470000e-04 2.19164000e-03 -4.35230000e-04 -7.51660000e-04 -4.73160000e-04 1.94680000e-04 1.86900000e-05 -5.82000000e-06 -1.48490000e-04 -1.09231000e-03 6.92460000e-04 -1.72580000e-04 -6.04790000e-04 -1.49200000e-05 -4.23910000e-04 -1.44098000e-03 -1.59049000e-03
-3.95900000e-04 1.48851000e-03 -2.77460000e-04 2.58360000e-04 1.48820000e-03 -7.44520000e-04 -2.00520000e-04 8.65110000e-04 4.75340000e-04 -2.79120000e-04 3.40700000e-04 2.78151000e-03 6.75190000e-04 -5.76800000e-04 7.55600000e-04 5.68990000e-04 -1.32880000e-03 4.73740000e-04 7.16040000e-04 -1.13401000e-03 3.19375000e-03 1.35830000e-04 1.57760000e-04 1.42063000e-03 -2.12790000e-04 8.75490000e-04 -3.60480000e-04 1.40050000e-04 1.01896000e-03 4.30270000e-04 1.25287000e-03 -4.50220000e-04 5.28400000e-05 2.98270000e-04 -3.36390000e-04 9.28680000e-04 5.17830000e-04 5.65270000e-04 -7.82640000e-04 8.89800000e-05 -1.14776000e-03 1.21353000e-03 2.01490000e-04 7.63240000e-04 5.07790000e-04 7.09720000e-04 2.94997000e-03 6.43690000e-04 9.23680000e-04 4.06180000e-04 1.58210000e-04 1.89673000e-03 8.33840000e-04 -6.82410000e-04 1.08021000e-03 9.03010000e-04 -1.92745000e-03 3.95659000e-03 2.00486000e-03 4.90400000e-04 3.61336000e-03 -6.17690000e-04 -2.70510000e-04 1.73900000e-03 3.95580000e-04 7.27000000e-06 3.79576900e-02 4.54540000e-04 -8.65960000e-04 4.00580000e-04 1.85418000e-03 -3.67790000e-04 2.76640000e-04 -1.82773000e-03 5.40590000e-04 1.03976000e-03 5.42900000e-04 1.49460000e-04 -1.01308000e-03 -7.90100000e-04 3.21500000e-04 -9.92820000e-04 -2.29700000e-04 -3.53000000e-04 3.02550000e-04 1.97550000e-04 4.34530000e-04 7.54610000e-04 -3.06620000e-04 1.37154000e-03 -8.36860000e-04 -1.51517000e-03 1.81460000e-04 5.85740000e-04 8.88800000e-05 -5.82100000e-05 -9.34610000e-04 -1.91040000e-04 5.66900000e-05 1.18747000e-03 -5.20340000e-04 1.15980000e-04 5.20800000e-04 1.06900000e-04 7.35800000e-05 9.62580000e-04 9.57870000e-04
-5.34500000e-05 7.95730000e-04 2.60960000e-04 7.91720000e-04 1.09679000e-03 -1.65418000e-03 -1.10126000e-03 2.70210000e-04 -7.69300000e-05 -4.18870000e-04 -2.29000000e-05 2.59050000e-03 -1.16990000e-04 -1.45835000e-03 1.63813000e-03 1.07320000e-03 -2.70002000e-03 7.12970000e-04 -1.76060000e-04 -1.95847000e-03 2.73194000e-03 4.45820000e-04 4.68460000e-04 9.30230000e-04 -1.26749000e-03 2.46390000e-04 -5.90930000e-04 4.30430000e-04 5.85940000e-04 -3.04800000e-05 1.60454000e-03 -1.10738000e-03 -3.99300000e-05 -2.98050000e-04 -5.41230000e-04 8.58450000e-04 -2.83540000e-04 1.03893000e-03 -1.72680000e-03 6.26820000e-04 -2.43263000e-03 6.80220000e-04 -1.85830000e-04 1.35958000e-03 1.13629000e-03 1.40920000e-03 3.14864000e-03 -1.98900000e-05 5.36530000e-04 -1.17970000e-04 4.24720000e-04 1.56577000e-03 9.14500000e-04 -1.00859000e-03 8.73900000e-04 2.85780000e-04 -3.00854000e-03 4.19649000e-03 3.68005000e-03 7.42660000e-04 2.77668000e-03 -6.29330000e-04 -2.63990000e-04 1.75483000e-03 7.68120000e-04 -5.13250000e-04 4.54540000e-04 2.99350100e-02 -1.15887000e-03 6.61890000e-04 1.37830000e-03 -4.65300000e-04 6.88320000e-04 -2.92877000e-03 4.90600000e-05 4.64830000e-04 -3.62260000e-04 3.41240000e-04 -1.74849000e-03 -7.19480000e-04 7.51050000e-04 -1.93517000e-03 -6.93650000e-04 -9.56930000e-04 -2.96400000e-04 -6.36410000e-04 -4.19420000e-04 1.69112000e-03 2.69700000e-05 2.73029000e-03 -1.19692000e-03 -2.73403000e-03 5.51870000e-04 1.07854000e-03 4.28780000e-04 -1.48140000e-04 -3.67280000e-04 -1.21000000e-06 2.22860000e-04 1.54105000e-03 -7.83700000e-04 2.79960000e-04 8.36820000e-04 1.18290000e-04 4.04580000e-04 1.71360000e-03 2.21448000e-03
-1.68310000e-04 -1.52151000e-03 -7.27860000e-04 -1.06198000e-03 -2.13709000e-03 3.59813000e-03 2.43483000e-03 -7.75130000e-04 1.26590000e-04 6.54890000e-04 -2.71720000e-04 -5.60844000e-03 6.86960000e-04 3.64099000e-03 -2.92568000e-03 -1.52798000e-03 5.63857000e-03 -1.00741000e-03 1.79330000e-04 4.07036000e-03 -5.53461000e-03 -1.39480000e-03 -5.73210000e-04 -1.53801000e-03 2.72073000e-03 -5.66640000e-04 2.48755000e-03 -1.27643000e-03 -1.04187000e-03 1.34800000e-04 -2.59866000e-03 2.41313000e-03 1.03906000e-03 6.60130000e-04 1.25041000e-03 -1.63664000e-03 5.51320000e-04 -1.40720000e-03 3.73225000e-03 -1.00058000e-03 5.05928000e-03 -1.09454000e-03 5.64090000e-04 -2.02628000e-03 -1.36848000e-03 -2.38407000e-03 -6.25698000e-03 6.70800000e-05 -1.04283000e-03 1.04330000e-04 -3.55370000e-04 -3.29515000e-03 -1.18181000e-03 1.69418000e-03 -1.67378000e-03 -5.96210000e-04 6.21494000e-03 -8.50662000e-03 -7.17295000e-03 -9.76760000e-04 -5.30719000e-03 1.69742000e-03 1.20515000e-03 -3.48725000e-03 -1.31924000e-03 1.03752000e-03 -8.65960000e-04 -1.15887000e-03 1.51244300e-02 -5.59950000e-04 -2.98156000e-03 1.72423000e-03 -9.39070000e-04 6.24828000e-03 9.08900000e-05 -1.47606000e-03 5.81880000e-04 -2.33160000e-04 3.70986000e-03 2.23331000e-03 -1.12581000e-03 4.09434000e-03 1.65673000e-03 2.09831000e-03 1.99030000e-04 1.27462000e-03 1.20951000e-03 -3.69486000e-03 5.59900000e-05 -5.71452000e-03 2.11940000e-03 4.96105000e-03 -1.45499000e-03 -2.40030000e-03 -1.26029000e-03 -9.36200000e-05 5.87370000e-04 -3.48630000e-04 -9.15840000e-04 -3.10177000e-03 9.65580000e-04 -9.96950000e-04 -1.94955000e-03 -6.30490000e-04 -1.22212000e-03 -3.46966000e-03 -3.81777000e-03
-6.85200000e-05 6.69480000e-04 9.12400000e-05 5.98260000e-04 8.64590000e-04 -1.10945000e-03 -7.19000000e-04 1.94860000e-04 5.72000000e-06 -2.95290000e-04 -3.49100000e-05 1.83312000e-03 5.72100000e-05 -9.71050000e-04 1.21573000e-03 9.23040000e-04 -1.86887000e-03 7.10700000e-04 -1.63570000e-04 -1.37199000e-03 2.03144000e-03 2.29290000e-04 3.75600000e-04 8.16990000e-04 -8.33860000e-04 2.04540000e-04 -1.22190000e-04 2.23950000e-04 5.13580000e-04 3.75200000e-05 1.34182000e-03 -7.42480000e-04 1.18850000e-04 -1.31150000e-04 -2.06170000e-04 7.72260000e-04 -1.91810000e-04 9.15200000e-04 -1.16488000e-03 5.18570000e-04 -1.68290000e-03 6.77060000e-04 -4.26500000e-05 1.28501000e-03 1.06163000e-03 1.07286000e-03 2.49139000e-03 7.05600000e-05 4.71550000e-04 -8.06300000e-05 4.03290000e-04 1.12116000e-03 7.25270000e-04 -8.49610000e-04 7.36700000e-04 2.71600000e-04 -2.19196000e-03 3.15802000e-03 2.86658000e-03 6.61030000e-04 2.41516000e-03 -3.41940000e-04 -8.01900000e-05 1.43288000e-03 6.16950000e-04 -3.68760000e-04 4.00580000e-04 6.61890000e-04 -5.59950000e-04 2.19863900e-02 1.05230000e-03 -1.30700000e-04 5.62550000e-04 -2.08279000e-03 1.75950000e-04 2.09990000e-04 -2.98860000e-04 3.64310000e-04 -1.14108000e-03 -4.74170000e-04 6.99000000e-04 -1.35550000e-03 -4.24870000e-04 -6.28690000e-04 -2.72080000e-04 -4.13020000e-04 -1.92750000e-04 1.19541000e-03 -1.64200000e-05 1.92566000e-03 -9.60300000e-04 -2.24106000e-03 3.06640000e-04 7.53670000e-04 2.63570000e-04 -2.27430000e-04 -3.26090000e-04 -8.42500000e-05 1.15100000e-05 1.25553000e-03 -7.53180000e-04 1.14440000e-04 5.74890000e-04 -5.84500000e-05 2.52880000e-04 1.40189000e-03 2.27137000e-03
-6.35190000e-04 3.17795000e-03 -5.74770000e-04 4.65950000e-04 3.32029000e-03 -3.80337000e-03 -2.01489000e-03 1.70011000e-03 3.35260000e-04 -2.29150000e-04 3.62720000e-04 8.63641000e-03 6.15950000e-04 -3.36256000e-03 2.59141000e-03 1.93003000e-03 -5.30203000e-03 7.12350000e-04 7.83200000e-04 -4.71640000e-03 8.99660000e-03 1.02072000e-03 4.39580000e-04 2.86417000e-03 -1.82318000e-03 1.30991000e-03 -1.32727000e-03 9.99550000e-04 1.87005000e-03 1.33620000e-04 3.17779000e-03 -2.36454000e-03 -3.85090000e-04 -1.69150000e-04 -2.35575000e-03 2.57101000e-03 9.74800000e-05 1.32248000e-03 -3.62480000e-03 1.71800000e-05 -4.72467000e-03 2.78074000e-03 -3.13430000e-04 2.16807000e-03 2.51239000e-03 1.90052000e-03 9.09717000e-03 8.92620000e-04 2.04452000e-03 1.68040000e-04 9.55940000e-04 4.96166000e-03 1.93553000e-03 -1.38143000e-03 2.31107000e-03 1.92149000e-03 -7.14564000e-03 1.23173100e-02 8.61212000e-03 1.80744000e-03 1.06140800e-02 -3.14176000e-03 -8.36020000e-04 5.63287000e-03 8.37840000e-04 -7.79030000e-04 1.85418000e-03 1.37830000e-03 -2.98156000e-03 1.05230000e-03 6.92436500e-02 -1.42073000e-03 9.17690000e-04 -7.21428000e-03 1.00671000e-03 2.59285000e-03 2.15470000e-04 6.34260000e-04 -4.12764000e-03 -2.18697000e-03 5.57640000e-04 -4.31258000e-03 -1.17827000e-03 -1.81193000e-03 -9.33000000e-06 -5.16370000e-04 1.53600000e-05 3.72084000e-03 -1.22727000e-03 6.79183000e-03 -1.86175000e-03 -3.69623000e-03 1.46868000e-03 2.97121000e-03 1.17392000e-03 5.26050000e-04 -1.85227000e-03 1.66560000e-04 8.29840000e-04 5.05090000e-03 -1.17156000e-03 1.26787000e-03 2.65128000e-03 1.48028000e-03 8.46050000e-04 4.46244000e-03 4.04053000e-03
-5.80100000e-05 -5.75730000e-04 -4.70010000e-04 -3.95060000e-04 -7.57820000e-04 1.81842000e-03 1.18671000e-03 -3.13120000e-04 2.83950000e-04 4.87280000e-04 -1.75800000e-04 -2.73546000e-03 7.16230000e-04 1.17731000e-03 -1.38999000e-03 -5.53840000e-04 2.74629000e-03 -4.81450000e-04 1.11490000e-04 2.03037000e-03 -2.56426000e-03 -6.22390000e-04 -1.96090000e-04 -3.94800000e-04 1.37553000e-03 4.29000000e-06 1.38108000e-03 -5.57390000e-04 -2.73390000e-04 2.45230000e-04 -1.19182000e-03 1.14766000e-03 7.25840000e-04 4.09610000e-04 6.71860000e-04 -8.04340000e-04 4.13110000e-04 -6.20060000e-04 1.77557000e-03 -4.01650000e-04 2.52470000e-03 -5.86630000e-04 2.29250000e-04 -8.37710000e-04 -5.39860000e-04 -1.20218000e-03 -3.10798000e-03 9.26500000e-05 -5.43830000e-04 1.06470000e-04 -1.12200000e-04 -1.28153000e-03 -5.74350000e-04 9.40430000e-04 -7.57220000e-04 -2.69570000e-04 2.92818000e-03 -4.16887000e-03 -3.47530000e-03 -4.19340000e-04 -2.58222000e-03 8.92800000e-04 7.30410000e-04 -1.80878000e-03 -5.52650000e-04 3.94130000e-04 -3.67790000e-04 -4.65300000e-04 1.72423000e-03 -1.30700000e-04 -1.42073000e-03 1.97654700e-02 -2.53840000e-04 3.01511000e-03 5.83300000e-05 -7.71440000e-04 4.02900000e-04 -3.00000000e-07 1.75432000e-03 1.06648000e-03 -4.90920000e-04 1.91451000e-03 7.99860000e-04 1.05640000e-03 6.59800000e-05 7.75950000e-04 8.69180000e-04 -1.72369000e-03 1.39400000e-05 -2.81889000e-03 1.17922000e-03 2.62231000e-03 -6.99190000e-04 -1.00581000e-03 -4.64520000e-04 4.19300000e-05 2.17940000e-04 -8.30100000e-05 -4.30050000e-04 -1.31065000e-03 5.58500000e-04 -3.11500000e-04 -8.05880000e-04 -1.65740000e-04 -5.27880000e-04 -1.69945000e-03 -1.87336000e-03
8.94600000e-05 6.12850000e-04 2.80010000e-04 7.09230000e-04 8.77560000e-04 -1.31854000e-03 -9.54510000e-04 1.15400000e-04 -2.00700000e-05 -3.45820000e-04 -7.58200000e-05 1.85323000e-03 -5.98000000e-05 -1.46397000e-03 1.33653000e-03 9.38130000e-04 -2.23396000e-03 4.89700000e-04 -1.88020000e-04 -1.47096000e-03 1.92319000e-03 3.66190000e-04 3.94650000e-04 7.73640000e-04 -1.10015000e-03 1.90470000e-04 -3.89450000e-04 3.52120000e-04 4.92580000e-04 7.89700000e-05 1.21427000e-03 -8.44620000e-04 4.23700000e-05 -1.77050000e-04 -4.11580000e-04 6.94280000e-04 -1.84530000e-04 9.33510000e-04 -1.42477000e-03 5.74240000e-04 -2.00278000e-03 4.16350000e-04 -7.79700000e-05 1.14765000e-03 1.09899000e-03 1.08684000e-03 2.44976000e-03 -1.06220000e-04 4.24810000e-04 -6.38400000e-05 4.51060000e-04 1.22617000e-03 6.80980000e-04 -8.31920000e-04 7.66960000e-04 1.14750000e-04 -2.34279000e-03 3.12877000e-03 2.99937000e-03 6.63320000e-04 1.78662000e-03 -4.01670000e-04 -1.34600000e-04 1.37878000e-03 7.44320000e-04 -5.16490000e-04 2.76640000e-04 6.88320000e-04 -9.39070000e-04 5.62550000e-04 9.17690000e-04 -2.53840000e-04 1.82535800e-02 -2.34345000e-03 -7.55700000e-05 2.02850000e-04 -2.98790000e-04 4.04370000e-04 -1.33940000e-03 -5.33030000e-04 5.73010000e-04 -1.60019000e-03 -6.41860000e-04 -8.29150000e-04 -2.35190000e-04 -5.62550000e-04 -3.30780000e-04 1.39302000e-03 5.95900000e-05 2.18675000e-03 -9.86070000e-04 -2.22904000e-03 4.15820000e-04 8.68590000e-04 4.74210000e-04 -1.59480000e-04 -1.23690000e-04 -3.95000000e-06 1.48860000e-04 1.23050000e-03 -6.53120000e-04 3.12540000e-04 6.61520000e-04 7.70900000e-05 4.52520000e-04 1.33730000e-03 1.77390000e-03
-4.08600000e-05 -3.92307000e-03 -3.89710000e-04 -2.05431000e-03 -4.62836000e-03 8.82353000e-03 5.75659000e-03 -1.34343000e-03 8.29940000e-04 9.60970000e-04 2.41960000e-04 -1.37482000e-02 1.14673000e-03 7.40763000e-03 -6.32479000e-03 -4.07795000e-03 1.25945300e-02 -2.05336000e-03 5.26150000e-04 1.00617900e-02 -1.39768000e-02 -2.59346000e-03 -1.28883000e-03 -3.57089000e-03 5.84130000e-03 -7.64080000e-04 3.82781000e-03 -2.44647000e-03 -2.16164000e-03 8.15930000e-04 -6.36050000e-03 5.80686000e-03 1.27673000e-03 1.70045000e-03 4.01914000e-03 -3.74758000e-03 1.47851000e-03 -3.43447000e-03 8.76067000e-03 -1.55347000e-03 1.13980600e-02 -3.12663000e-03 1.60766000e-03 -4.89987000e-03 -4.95303000e-03 -5.07145000e-03 -1.55478100e-02 2.46930000e-04 -2.37052000e-03 8.71590000e-04 -1.83101000e-03 -7.42888000e-03 -3.25954000e-03 3.30492000e-03 -3.42704000e-03 -1.46966000e-03 1.49687400e-02 -2.08781900e-02 -1.79566400e-02 -3.24512000e-03 -1.56515700e-02 4.65269000e-03 1.80773000e-03 -8.89233000e-03 -2.39059000e-03 2.21485000e-03 -1.82773000e-03 -2.92877000e-03 6.24828000e-03 -2.08279000e-03 -7.21428000e-03 3.01511000e-03 -2.34345000e-03 3.45336100e-02 -6.72860000e-04 -2.97074000e-03 1.51888000e-03 -1.29372000e-03 9.00171000e-03 4.23671000e-03 -2.21365000e-03 9.81109000e-03 3.32035000e-03 4.71425000e-03 1.32542000e-03 3.03673000e-03 2.39465000e-03 -8.53741000e-03 1.10370000e-03 -1.44972200e-02 4.20071000e-03 9.82959000e-03 -3.43549000e-03 -6.04599000e-03 -2.84364000e-03 -6.03950000e-04 1.49892000e-03 -7.88720000e-04 -1.91028000e-03 -8.82596000e-03 2.50794000e-03 -2.61412000e-03 -5.05622000e-03 -2.26958000e-03 -2.34663000e-03 -9.20584000e-03 -9.92404000e-03
-2.82640000e-04 7.92140000e-04 -7.32550000e-04 -3.19100000e-04 4.99190000e-04 -1.42460000e-04 1.17580000e-04 4.65840000e-04 1.99940000e-04 3.46690000e-04 -2.47000000e-05 1.14214000e-03 5.29350000e-04 1.79420000e-04 -3.06470000e-04 1.06950000e-04 8.69000000e-05 -2.43600000e-05 4.60440000e-04 -3.95570000e-04 1.52742000e-03 -1.19510000e-04 -9.14900000e-05 5.65750000e-04 3.39100000e-04 3.71720000e-04 3.79090000e-04 -8.32300000e-05 3.22750000e-04 8.30800000e-05 3.52290000e-04 -1.29620000e-04 2.73110000e-04 2.55910000e-04 7.13800000e-05 2.46200000e-04 3.12760000e-04 -2.09800000e-05 -9.59100000e-05 -4.97270000e-04 1.06140000e-04 6.93980000e-04 7.23000000e-06 -3.95200000e-05 1.70890000e-04 -3.43620000e-04 1.14944000e-03 4.32210000e-04 3.91290000e-04 1.17140000e-04 1.87620000e-04 7.27570000e-04 3.31800000e-04 3.30040000e-04 2.48810000e-04 5.34070000e-04 -6.69700000e-04 1.54665000e-03 3.53120000e-04 3.41510000e-04 2.64531000e-03 -5.58950000e-04 -1.37700000e-05 7.47230000e-04 -2.43230000e-04 5.51490000e-04 5.40590000e-04 4.90600000e-05 9.08900000e-05 1.75950000e-04 1.00671000e-03 5.83300000e-05 -7.55700000e-05 -6.72860000e-04 1.42131600e-02 4.91900000e-04 3.70600000e-04 1.73100000e-04 -2.98790000e-04 -3.00780000e-04 -2.88200000e-04 -2.47450000e-04 1.69860000e-04 6.51100000e-05 1.70570000e-04 3.48230000e-04 4.47640000e-04 5.58200000e-05 -4.65240000e-04 4.88720000e-04 3.37600000e-04 9.04250000e-04 1.29600000e-04 4.90710000e-04 4.87400000e-05 4.04890000e-04 -6.21660000e-04 9.39200000e-05 1.12330000e-04 1.01731000e-03 2.15150000e-04 4.08460000e-04 4.88950000e-04 6.26370000e-04 -1.07880000e-04 4.38570000e-04 3.37050000e-04
-1.99610000e-04 1.67099000e-03 -3.61360000e-04 -2.17700000e-05 1.67347000e-03 -1.57524000e-03 -6.89130000e-04 1.05639000e-03 3.47190000e-04 2.00650000e-04 3.91680000e-04 4.53864000e-03 3.30490000e-04 -1.62009000e-03 9.72000000e-04 6.21970000e-04 -2.01260000e-03 3.11090000e-04 7.23410000e-04 -1.87754000e-03 4.65024000e-03 6.83850000e-04 8.66400000e-05 1.39148000e-03 -5.33340000e-04 8.56130000e-04 -2.79150000e-04 6.55430000e-04 9.33160000e-04 1.42240000e-04 1.31958000e-03 -8.76470000e-04 -4.09430000e-04 5.46600000e-05 -1.47880000e-03 1.16868000e-03 2.78960000e-04 2.88030000e-04 -1.40112000e-03 -1.78850000e-04 -1.74337000e-03 1.37404000e-03 -1.06870000e-04 6.20960000e-04 7.08340000e-04 8.01110000e-04 4.16719000e-03 6.11390000e-04 1.02507000e-03 2.43760000e-04 3.01690000e-04 2.57726000e-03 7.94900000e-04 -2.39950000e-04 1.06284000e-03 1.09802000e-03 -2.84022000e-03 5.92794000e-03 3.70474000e-03 6.99350000e-04 5.18169000e-03 -1.49292000e-03 -4.96040000e-04 2.59948000e-03 1.86980000e-04 -2.52490000e-04 1.03976000e-03 4.64830000e-04 -1.47606000e-03 2.09990000e-04 2.59285000e-03 -7.71440000e-04 2.02850000e-04 -2.97074000e-03 4.91900000e-04 3.32125200e-02 4.65490000e-04 1.37350000e-04 -1.66544000e-03 -1.01879000e-03 1.60720000e-04 -1.68364000e-03 -4.28940000e-04 -6.47070000e-04 2.60900000e-04 3.15400000e-05 1.77650000e-04 1.72584000e-03 -6.36350000e-04 3.18643000e-03 -4.52830000e-04 -9.52150000e-04 9.06510000e-04 1.44837000e-03 6.70740000e-04 5.72300000e-04 -7.79730000e-04 2.85970000e-04 6.77550000e-04 2.30748000e-03 -1.23160000e-04 7.65190000e-04 1.39256000e-03 1.01795000e-03 5.22290000e-04 2.18391000e-03 1.43225000e-03
-2.88940000e-04 6.78980000e-04 -5.45020000e-04 -4.82720000e-04 3.49090000e-04 1.11089000e-03 9.95810000e-04 5.15720000e-04 6.45000000e-04 2.57150000e-04 2.61090000e-04 -8.04200000e-05 9.83660000e-04 7.15840000e-04 -9.86340000e-04 -4.77000000e-04 1.68609000e-03 -3.51190000e-04 9.44170000e-04 1.13977000e-03 2.50010000e-04 -3.64520000e-04 -2.66450000e-04 5.18520000e-04 1.19054000e-03 6.73650000e-04 7.18530000e-04 -3.20720000e-04 4.12420000e-04 5.25930000e-04 -5.03420000e-04 8.12370000e-04 2.99010000e-04 6.17240000e-04 -4.12900000e-05 -1.12380000e-04 9.13510000e-04 -5.12820000e-04 1.13685000e-03 -5.22790000e-04 1.59329000e-03 3.20530000e-04 3.62400000e-04 -7.42120000e-04 -5.90840000e-04 -7.69860000e-04 -6.88240000e-04 6.09460000e-04 2.44220000e-04 5.21660000e-04 -1.74550000e-04 2.89210000e-04 -1.42810000e-04 5.38260000e-04 6.31200000e-05 5.40150000e-04 1.55540000e-03 -7.69270000e-04 -2.06291000e-03 -2.33610000e-04 3.07400000e-04 1.92440000e-04 2.07170000e-04 -3.27290000e-04 -3.97540000e-04 4.48530000e-04 5.42900000e-04 -3.62260000e-04 5.81880000e-04 -2.98860000e-04 2.15470000e-04 4.02900000e-04 -2.98790000e-04 1.51888000e-03 3.70600000e-04 4.65490000e-04 3.76519000e-02 -1.11780000e-04 9.28140000e-04 2.05670000e-04 -4.72730000e-04 1.14086000e-03 5.77510000e-04 7.43340000e-04 5.59300000e-04 9.24780000e-04 1.05506000e-03 -1.10605000e-03 -3.14710000e-04 -1.59972000e-03 6.00050000e-04 1.72191000e-03 -3.96640000e-04 -5.72400000e-04 -3.24190000e-04 1.64940000e-04 -4.15440000e-04 -1.56860000e-04 -1.56670000e-04 -5.27340000e-04 3.75970000e-04 -1.22440000e-04 -3.60130000e-04 7.88600000e-05 -3.54410000e-04 -9.52580000e-04 -1.81562000e-03
-6.57300000e-05 4.64350000e-04 -1.43950000e-04 1.65370000e-04 4.53920000e-04 -7.36060000e-04 -4.50220000e-04 6.56900000e-05 -7.26400000e-05 -3.26200000e-05 -1.37140000e-04 1.27542000e-03 1.26150000e-04 -6.19810000e-04 4.90830000e-04 5.32120000e-04 -9.32700000e-04 8.60300000e-05 -4.68300000e-05 -7.97890000e-04 1.31486000e-03 9.09400000e-05 1.37120000e-04 4.40390000e-04 -3.71810000e-04 7.89800000e-05 2.40840000e-04 8.24000000e-05 2.51190000e-04 6.22000000e-06 5.83630000e-04 -4.01270000e-04 1.73380000e-04 -2.34700000e-05 -5.65350000e-04 3.86530000e-04 -8.06400000e-05 4.23640000e-04 -7.05870000e-04 3.46500000e-05 -8.49550000e-04 3.60270000e-04 -5.06300000e-05 5.04350000e-04 8.74270000e-04 3.47070000e-04 1.52013000e-03 -3.47000000e-06 2.82400000e-04 -7.89300000e-05 4.27390000e-04 7.05120000e-04 3.81510000e-04 -2.52550000e-04 3.28090000e-04 1.57160000e-04 -1.23256000e-03 1.91872000e-03 1.74070000e-03 5.35480000e-04 1.66538000e-03 -5.05740000e-04 6.61900000e-05 9.47850000e-04 2.16330000e-04 -1.99870000e-04 1.49460000e-04 3.41240000e-04 -2.33160000e-04 3.64310000e-04 6.34260000e-04 -3.00000000e-07 4.04370000e-04 -1.29372000e-03 1.73100000e-04 1.37350000e-04 -1.11780000e-04 6.61874000e-03 -6.97880000e-04 -1.60130000e-04 9.67400000e-05 -8.31470000e-04 -2.16910000e-04 -3.67130000e-04 -1.91540000e-04 -2.12190000e-04 -1.09400000e-05 7.20640000e-04 -2.15690000e-04 1.39736000e-03 -2.96780000e-04 -5.93020000e-04 2.14450000e-04 5.56630000e-04 2.92770000e-04 1.76400000e-05 -1.59520000e-04 1.17600000e-05 2.80300000e-05 9.59630000e-04 -3.12250000e-04 2.84500000e-04 4.69960000e-04 2.69090000e-04 1.43980000e-04 9.07730000e-04 9.43540000e-04
-6.51500000e-05 -2.24086000e-03 -2.32920000e-04 -1.28606000e-03 -2.65355000e-03 5.35946000e-03 3.52497000e-03 -6.84360000e-04 5.95570000e-04 5.44900000e-04 2.56230000e-04 -7.95293000e-03 7.21200000e-04 4.31817000e-03 -3.74886000e-03 -2.39455000e-03 7.58666000e-03 -1.14372000e-03 3.58730000e-04 6.15452000e-03 -8.14888000e-03 -1.59551000e-03 -7.96890000e-04 -2.02709000e-03 3.54529000e-03 -3.84440000e-04 2.47348000e-03 -1.52120000e-03 -1.21625000e-03 6.04460000e-04 -3.74200000e-03 3.62732000e-03 7.06430000e-04 1.18156000e-03 2.38566000e-03 -1.99238000e-03 9.28260000e-04 -1.99395000e-03 5.35058000e-03 -9.55480000e-04 6.87800000e-03 -1.66879000e-03 1.16236000e-03 -2.80683000e-03 -2.85761000e-03 -2.99497000e-03 -8.92824000e-03 2.82720000e-04 -1.20576000e-03 6.34110000e-04 -1.01728000e-03 -4.29926000e-03 -1.92599000e-03 1.84339000e-03 -1.82612000e-03 -7.45020000e-04 9.07507000e-03 -1.20971900e-02 -1.05362300e-02 -1.83562000e-03 -9.05214000e-03 2.72621000e-03 1.02824000e-03 -4.95824000e-03 -1.34636000e-03 1.35573000e-03 -1.01308000e-03 -1.74849000e-03 3.70986000e-03 -1.14108000e-03 -4.12764000e-03 1.75432000e-03 -1.33940000e-03 9.00171000e-03 -2.98790000e-04 -1.66544000e-03 9.28140000e-04 -6.97880000e-04 3.55027700e-02 2.52906000e-03 -1.29916000e-03 5.94140000e-03 1.96727000e-03 2.84345000e-03 9.30960000e-04 1.88338000e-03 1.48906000e-03 -5.10864000e-03 6.26460000e-04 -8.61104000e-03 2.37557000e-03 5.69900000e-03 -2.11777000e-03 -3.65434000e-03 -1.70158000e-03 -4.66060000e-04 8.13240000e-04 -5.74320000e-04 -1.23337000e-03 -5.22009000e-03 1.38233000e-03 -1.61707000e-03 -3.04902000e-03 -1.44114000e-03 -1.36218000e-03 -5.36966000e-03 -5.58606000e-03
2.51800000e-05 -1.28184000e-03 -2.59970000e-04 -6.17130000e-04 -1.54210000e-03 2.34856000e-03 1.54385000e-03 -6.39010000e-04 -4.29800000e-05 4.30730000e-04 -1.82660000e-04 -3.71054000e-03 2.63340000e-04 2.23954000e-03 -1.77169000e-03 -9.92770000e-04 3.66648000e-03 -7.62390000e-04 -7.02700000e-05 2.77162000e-03 -3.93388000e-03 -7.55120000e-04 -3.43150000e-04 -1.20630000e-03 1.67568000e-03 -5.00270000e-04 1.66977000e-03 -6.93080000e-04 -8.12580000e-04 2.68300000e-05 -1.82521000e-03 1.63956000e-03 6.15150000e-04 3.52440000e-04 4.67440000e-04 -1.09655000e-03 1.89510000e-04 -9.52450000e-04 2.47700000e-03 -5.88300000e-04 3.27823000e-03 -9.01430000e-04 3.87800000e-04 -1.38547000e-03 -8.46200000e-04 -1.42438000e-03 -4.32847000e-03 -8.15000000e-05 -7.61240000e-04 4.51000000e-06 -1.91280000e-04 -2.26999000e-03 -7.61230000e-04 1.16117000e-03 -1.17248000e-03 -5.34560000e-04 4.31101000e-03 -5.77831000e-03 -4.46653000e-03 -6.55080000e-04 -4.26305000e-03 1.03485000e-03 8.06670000e-04 -2.35780000e-03 -8.23800000e-04 4.65380000e-04 -7.90100000e-04 -7.19480000e-04 2.23331000e-03 -4.74170000e-04 -2.18697000e-03 1.06648000e-03 -5.33030000e-04 4.23671000e-03 -3.00780000e-04 -1.01879000e-03 2.05670000e-04 -1.60130000e-04 2.52906000e-03 1.16824000e-02 -7.43720000e-04 2.74570000e-03 9.96140000e-04 1.31899000e-03 7.17300000e-05 7.15120000e-04 6.60440000e-04 -2.23944000e-03 1.31690000e-04 -3.49201000e-03 1.42520000e-03 3.30754000e-03 -8.19650000e-04 -1.53891000e-03 -7.14050000e-04 -2.91900000e-05 6.70540000e-04 -1.37970000e-04 -4.78880000e-04 -2.15737000e-03 7.16110000e-04 -6.42620000e-04 -1.24472000e-03 -3.60300000e-04 -6.60730000e-04 -2.20245000e-03 -2.70588000e-03
2.87670000e-04 3.71060000e-04 8.06340000e-04 1.15622000e-03 7.99980000e-04 -1.39296000e-03 -1.08389000e-03 -2.47000000e-06 -9.10700000e-05 -6.54810000e-04 7.77100000e-05 1.61939000e-03 -6.00140000e-04 -1.41641000e-03 1.95833000e-03 9.21980000e-04 -2.71171000e-03 1.50556000e-03 -3.75560000e-04 -1.44368000e-03 1.85157000e-03 5.70710000e-04 5.60230000e-04 6.16760000e-04 -1.53271000e-03 1.27970000e-04 -6.61520000e-04 5.06780000e-04 3.91680000e-04 -3.98300000e-05 1.83798000e-03 -9.79130000e-04 -3.91450000e-04 -4.20350000e-04 -1.31090000e-04 5.37250000e-04 -3.76440000e-04 1.25346000e-03 -1.56861000e-03 1.35060000e-03 -2.42737000e-03 1.92170000e-04 -2.17650000e-04 1.61408000e-03 3.73120000e-04 2.18421000e-03 2.14415000e-03 -2.42610000e-04 1.80510000e-04 -1.42400000e-04 4.41000000e-05 1.02894000e-03 7.00590000e-04 -1.38043000e-03 7.72370000e-04 -1.66130000e-04 -2.33399000e-03 2.97681000e-03 3.09861000e-03 3.26250000e-04 1.08183000e-03 5.71490000e-04 -4.54250000e-04 8.34920000e-04 1.07202000e-03 -5.31540000e-04 3.21500000e-04 7.51050000e-04 -1.12581000e-03 6.99000000e-04 5.57640000e-04 -4.90920000e-04 5.73010000e-04 -2.21365000e-03 -2.88200000e-04 1.60720000e-04 -4.72730000e-04 9.67400000e-05 -1.29916000e-03 -7.43720000e-04 2.98720000e-02 -1.64715000e-03 -7.75030000e-04 -9.11300000e-04 -3.40980000e-04 -8.48400000e-04 -8.58000000e-04 1.60122000e-03 6.14350000e-04 2.14553000e-03 -1.52195000e-03 -3.99552000e-03 5.35080000e-04 6.20690000e-04 2.60010000e-04 -5.09440000e-04 1.72480000e-04 -4.82200000e-05 1.96710000e-04 4.12210000e-04 -9.13590000e-04 -1.34800000e-04 3.79740000e-04 -5.83860000e-04 4.96560000e-04 1.57151000e-03 2.88926000e-03
-1.71830000e-04 -2.33024000e-03 -4.46160000e-04 -1.51769000e-03 -2.84415000e-03 5.86801000e-03 3.94804000e-03 -6.46560000e-04 6.57260000e-04 6.97280000e-04 2.76710000e-04 -8.55622000e-03 9.53010000e-04 5.00348000e-03 -4.28537000e-03 -2.69903000e-03 8.43470000e-03 -1.47451000e-03 5.45740000e-04 6.57140000e-03 -8.72293000e-03 -1.73436000e-03 -9.06640000e-04 -2.15554000e-03 4.06253000e-03 -3.54550000e-04 2.63475000e-03 -1.63071000e-03 -1.27300000e-03 6.15980000e-04 -4.19764000e-03 3.89780000e-03 8.74570000e-04 1.26385000e-03 2.62048000e-03 -2.22613000e-03 1.09812000e-03 -2.35025000e-03 5.88475000e-03 -1.25152000e-03 7.63489000e-03 -1.69824000e-03 1.19019000e-03 -3.27184000e-03 -3.16175000e-03 -3.53598000e-03 -9.74023000e-03 3.93020000e-04 -1.30396000e-03 6.92570000e-04 -1.15846000e-03 -4.62815000e-03 -2.04341000e-03 2.24347000e-03 -2.09484000e-03 -6.71170000e-04 9.77611000e-03 -1.31289600e-02 -1.17054400e-02 -2.04238000e-03 -9.49555000e-03 2.72637000e-03 1.18577000e-03 -5.40793000e-03 -1.66920000e-03 1.54878000e-03 -9.92820000e-04 -1.93517000e-03 4.09434000e-03 -1.35550000e-03 -4.31258000e-03 1.91451000e-03 -1.60019000e-03 9.81109000e-03 -2.47450000e-04 -1.68364000e-03 1.14086000e-03 -8.31470000e-04 5.94140000e-03 2.74570000e-03 -1.64715000e-03 2.59884500e-02 2.27461000e-03 3.17787000e-03 1.02354000e-03 2.18495000e-03 1.78596000e-03 -5.65243000e-03 5.28690000e-04 -9.47648000e-03 2.81392000e-03 6.75593000e-03 -2.27640000e-03 -3.90936000e-03 -1.87984000e-03 -3.13800000e-04 7.27970000e-04 -5.40930000e-04 -1.25863000e-03 -5.51134000e-03 1.67980000e-03 -1.67797000e-03 -3.23101000e-03 -1.35450000e-03 -1.58374000e-03 -5.99454000e-03 -6.61041000e-03
-1.78620000e-04 -5.28520000e-04 -4.73300000e-04 -7.48770000e-04 -8.86360000e-04 2.01426000e-03 1.47125000e-03 -1.03730000e-04 2.68080000e-04 4.51540000e-04 3.37100000e-05 -2.54807000e-03 6.01480000e-04 1.92104000e-03 -1.74400000e-03 -9.25640000e-04 3.18324000e-03 -6.87860000e-04 3.82870000e-04 2.17298000e-03 -2.52223000e-03 -6.62750000e-04 -3.76670000e-04 -6.07900000e-04 1.68062000e-03 -4.34400000e-05 1.38006000e-03 -6.04570000e-04 -3.65220000e-04 1.85040000e-04 -1.49047000e-03 1.34033000e-03 4.77960000e-04 4.85090000e-04 6.74050000e-04 -7.45030000e-04 4.93820000e-04 -9.42500000e-04 2.09627000e-03 -7.06930000e-04 2.87308000e-03 -3.63890000e-04 3.54020000e-04 -1.26469000e-03 -9.05550000e-04 -1.50442000e-03 -3.09367000e-03 2.75840000e-04 -3.77290000e-04 2.24950000e-04 -2.81660000e-04 -1.43528000e-03 -6.55280000e-04 1.05510000e-03 -7.95470000e-04 -2.09400000e-05 3.27810000e-03 -4.14365000e-03 -3.98332000e-03 -5.70810000e-04 -2.29805000e-03 6.40280000e-04 5.45830000e-04 -1.65209000e-03 -8.04420000e-04 6.26330000e-04 -2.29700000e-04 -6.93650000e-04 1.65673000e-03 -4.24870000e-04 -1.17827000e-03 7.99860000e-04 -6.41860000e-04 3.32035000e-03 1.69860000e-04 -4.28940000e-04 5.77510000e-04 -2.16910000e-04 1.96727000e-03 9.96140000e-04 -7.75030000e-04 2.27461000e-03 1.43347900e-02 1.23100000e-03 3.36970000e-04 9.31120000e-04 8.83370000e-04 -2.00025000e-03 -1.00560000e-04 -3.13784000e-03 1.26998000e-03 3.04455000e-03 -7.44370000e-04 -1.20181000e-03 -6.26820000e-04 1.06820000e-04 7.88200000e-05 -1.20150000e-04 -3.99390000e-04 -1.49160000e-03 6.99570000e-04 -4.26420000e-04 -9.31510000e-04 -1.60130000e-04 -6.48050000e-04 -1.92449000e-03 -2.43708000e-03
-2.33810000e-04 -8.67170000e-04 -4.34470000e-04 -8.69310000e-04 -1.21857000e-03 2.85871000e-03 2.00172000e-03 -1.64910000e-04 4.20410000e-04 4.50720000e-04 1.50300000e-04 -3.79003000e-03 7.31650000e-04 2.36155000e-03 -2.22639000e-03 -1.28319000e-03 4.27213000e-03 -8.14230000e-04 4.41410000e-04 3.16233000e-03 -3.78950000e-03 -9.21780000e-04 -4.86400000e-04 -8.58590000e-04 2.18103000e-03 -2.42800000e-05 1.59513000e-03 -8.65500000e-04 -4.77530000e-04 3.64250000e-04 -2.04412000e-03 1.92222000e-03 5.09060000e-04 7.07670000e-04 1.12128000e-03 -1.02074000e-03 6.78880000e-04 -1.20991000e-03 2.88950000e-03 -7.82170000e-04 3.88303000e-03 -6.55200000e-04 5.76460000e-04 -1.64756000e-03 -1.39372000e-03 -1.88471000e-03 -4.46758000e-03 3.40230000e-04 -5.44410000e-04 3.92780000e-04 -4.89050000e-04 -2.00193000e-03 -1.00117000e-03 1.19481000e-03 -9.89630000e-04 -1.43340000e-04 4.65500000e-03 -6.01911000e-03 -5.69499000e-03 -9.02560000e-04 -3.85329000e-03 1.13250000e-03 6.39430000e-04 -2.44512000e-03 -9.11140000e-04 7.94840000e-04 -3.53000000e-04 -9.56930000e-04 2.09831000e-03 -6.28690000e-04 -1.81193000e-03 1.05640000e-03 -8.29150000e-04 4.71425000e-03 6.51100000e-05 -6.47070000e-04 7.43340000e-04 -3.67130000e-04 2.84345000e-03 1.31899000e-03 -9.11300000e-04 3.17787000e-03 1.23100000e-03 1.25305400e-02 5.39920000e-04 1.24582000e-03 1.11172000e-03 -2.82508000e-03 7.68700000e-05 -4.60312000e-03 1.48954000e-03 3.62673000e-03 -1.16320000e-03 -1.85978000e-03 -9.17680000e-04 -8.71000000e-05 1.21190000e-04 -2.88460000e-04 -6.69360000e-04 -2.44327000e-03 8.16700000e-04 -7.58500000e-04 -1.49628000e-03 -5.29300000e-04 -8.67400000e-04 -2.85820000e-03 -3.31858000e-03
-6.77200000e-05 1.33270000e-04 -5.40800000e-05 -2.68860000e-04 7.51900000e-05 1.01730000e-03 7.79580000e-04 3.94420000e-04 5.06620000e-04 1.17660000e-04 3.78450000e-04 -6.80710000e-04 4.15390000e-04 5.26770000e-04 -6.42040000e-04 -4.48350000e-04 1.21697000e-03 -2.13540000e-04 5.26730000e-04 1.00377000e-03 -6.49110000e-04 -1.71310000e-04 -1.55930000e-04 1.25540000e-04 7.49630000e-04 3.78420000e-04 3.70790000e-04 -1.47020000e-04 1.94320000e-04 4.13450000e-04 -5.55540000e-04 7.05950000e-04 7.85000000e-06 4.82080000e-04 7.60640000e-04 4.73200000e-05 5.41530000e-04 -3.62120000e-04 9.68990000e-04 -2.58610000e-04 1.15372000e-03 1.62330000e-04 4.56940000e-04 -4.78330000e-04 -6.43060000e-04 -6.35080000e-04 -7.90180000e-04 4.33300000e-04 2.28200000e-04 4.72560000e-04 -2.56870000e-04 -1.17250000e-04 -2.21180000e-04 2.81310000e-04 1.58470000e-04 3.30810000e-04 1.31664000e-03 -1.15235000e-03 -1.80856000e-03 -3.00040000e-04 -7.24610000e-04 2.86740000e-04 -1.78300000e-05 -3.05220000e-04 -1.25250000e-04 3.71210000e-04 3.02550000e-04 -2.96400000e-04 1.99030000e-04 -2.72080000e-04 -9.33000000e-06 6.59800000e-05 -2.35190000e-04 1.32542000e-03 1.70570000e-04 2.60900000e-04 5.59300000e-04 -1.91540000e-04 9.30960000e-04 7.17300000e-05 -3.40980000e-04 1.02354000e-03 3.36970000e-04 5.39920000e-04 1.85210800e-02 6.24000000e-04 5.33160000e-04 -8.70260000e-04 6.37600000e-05 -1.59295000e-03 3.00790000e-04 9.11230000e-04 -3.51020000e-04 -5.20470000e-04 -2.21550000e-04 2.59500000e-05 -2.07180000e-04 -1.07490000e-04 -1.11290000e-04 -6.18570000e-04 3.24940000e-04 -1.61300000e-04 -3.95740000e-04 -1.49970000e-04 -9.77100000e-05 -9.96260000e-04 -1.13227000e-03
-3.74910000e-04 1.50200000e-05 -6.50910000e-04 -7.63900000e-04 -2.62290000e-04 2.05454000e-03 1.59526000e-03 3.42550000e-04 6.41230000e-04 4.55790000e-04 2.74160000e-04 -1.70915000e-03 1.06137000e-03 1.42547000e-03 -1.67785000e-03 -8.37520000e-04 3.07155000e-03 -6.92590000e-04 7.35800000e-04 2.11317000e-03 -1.55632000e-03 -6.40110000e-04 -3.87920000e-04 1.21900000e-05 1.82428000e-03 4.72300000e-04 1.08089000e-03 -5.85880000e-04 9.63100000e-05 5.16810000e-04 -1.30356000e-03 1.39246000e-03 4.73890000e-04 7.63530000e-04 6.32700000e-04 -4.00920000e-04 8.38790000e-04 -9.33570000e-04 2.07989000e-03 -8.13170000e-04 2.84062000e-03 3.34200000e-05 5.32970000e-04 -1.18308000e-03 -9.07620000e-04 -1.52927000e-03 -2.33715000e-03 6.32670000e-04 -1.00500000e-05 5.26900000e-04 -3.07450000e-04 -6.39130000e-04 -5.26210000e-04 9.48880000e-04 -3.70240000e-04 3.86010000e-04 3.00305000e-03 -3.08846000e-03 -3.80423000e-03 -5.08630000e-04 -1.34628000e-03 3.76100000e-04 4.33840000e-04 -1.13824000e-03 -7.09080000e-04 6.45250000e-04 1.97550000e-04 -6.36410000e-04 1.27462000e-03 -4.13020000e-04 -5.16370000e-04 7.75950000e-04 -5.62550000e-04 3.03673000e-03 3.48230000e-04 3.15400000e-05 9.24780000e-04 -2.12190000e-04 1.88338000e-03 7.15120000e-04 -8.48400000e-04 2.18495000e-03 9.31120000e-04 1.24582000e-03 6.24000000e-04 2.02025400e-02 1.27270000e-03 -1.95724000e-03 -2.40400000e-04 -3.08984000e-03 1.12960000e-03 2.95104000e-03 -7.98630000e-04 -1.09707000e-03 -5.87540000e-04 1.17580000e-04 -3.80750000e-04 -2.01710000e-04 -4.18330000e-04 -1.20446000e-03 6.60020000e-04 -3.63210000e-04 -8.12730000e-04 -8.44600000e-05 -6.24220000e-04 -1.89888000e-03 -2.57567000e-03
-6.57880000e-04 5.24090000e-04 -8.70310000e-04 -6.80730000e-04 2.14690000e-04 1.75330000e-03 1.48430000e-03 4.95740000e-04 7.24860000e-04 2.93730000e-04 1.93460000e-04 -7.74630000e-04 1.48107000e-03 1.18659000e-03 -1.45908000e-03 -5.02030000e-04 2.66370000e-03 -7.34270000e-04 8.80410000e-04 1.70885000e-03 -4.67040000e-04 -7.88100000e-04 -3.24830000e-04 5.45570000e-04 1.77921000e-03 6.99140000e-04 9.67850000e-04 -7.15240000e-04 4.23240000e-04 6.38070000e-04 -9.28690000e-04 1.23697000e-03 7.40150000e-04 8.33110000e-04 1.10570000e-04 -1.38740000e-04 9.70300000e-04 -7.03150000e-04 1.79080000e-03 -8.65820000e-04 2.47006000e-03 3.89500000e-04 5.53740000e-04 -9.20710000e-04 -3.52350000e-04 -1.37382000e-03 -1.36140000e-03 7.70420000e-04 2.40700000e-04 5.60000000e-04 -6.65000000e-05 -3.15000000e-06 -1.95960000e-04 6.80140000e-04 -1.04740000e-04 6.40450000e-04 2.36881000e-03 -1.78235000e-03 -3.01181000e-03 -1.96610000e-04 -9.01600000e-05 -7.25000000e-06 5.42490000e-04 -5.19810000e-04 -6.16350000e-04 4.92260000e-04 4.34530000e-04 -4.19420000e-04 1.20951000e-03 -1.92750000e-04 1.53600000e-05 8.69180000e-04 -3.30780000e-04 2.39465000e-03 4.47640000e-04 1.77650000e-04 1.05506000e-03 -1.09400000e-05 1.48906000e-03 6.60440000e-04 -8.58000000e-04 1.78596000e-03 8.83370000e-04 1.11172000e-03 5.33160000e-04 1.27270000e-03 3.48689800e-02 -1.79184000e-03 -4.93450000e-04 -2.57067000e-03 8.23790000e-04 2.60460000e-03 -8.74430000e-04 -9.55540000e-04 -6.29580000e-04 -2.09000000e-06 -7.71200000e-04 -3.94150000e-04 -5.75530000e-04 -7.38530000e-04 3.04150000e-04 -3.88150000e-04 -6.93820000e-04 -6.07800000e-05 -7.58980000e-04 -1.61722000e-03 -2.51014000e-03
1.65099000e-03 1.81797000e-03 5.19530000e-04 1.27951000e-03 2.36714000e-03 -5.20607000e-03 -3.52475000e-03 5.60250000e-04 -5.75850000e-04 7.97200000e-04 -1.22300000e-04 7.76491000e-03 -1.28847000e-03 -4.96320000e-03 3.83479000e-03 2.27995000e-03 -7.28567000e-03 1.53049000e-03 -5.45300000e-04 -5.75059000e-03 7.57428000e-03 3.04580000e-03 8.76670000e-04 1.63965000e-03 -3.58295000e-03 2.76200000e-04 -1.00017000e-03 2.92460000e-03 9.32860000e-04 -7.38520000e-04 3.71143000e-03 -3.50621000e-03 -1.04497000e-03 -1.22756000e-03 -2.29517000e-03 2.01037000e-03 -1.12485000e-03 1.90930000e-03 -5.08062000e-03 1.19730000e-03 -6.54343000e-03 1.46134000e-03 -1.16165000e-03 2.83932000e-03 2.46205000e-03 3.21800000e-03 8.45484000e-03 -4.09000000e-04 1.01044000e-03 -7.14530000e-04 1.01642000e-03 4.00162000e-03 1.76527000e-03 -4.63240000e-04 1.65342000e-03 5.27070000e-04 -8.39669000e-03 1.16110600e-02 1.18150800e-02 1.77983000e-03 8.13000000e-03 -2.29238000e-03 -1.03087000e-03 4.73219000e-03 1.30867000e-03 -1.44389000e-03 7.54610000e-04 1.69112000e-03 -3.69486000e-03 1.19541000e-03 3.72084000e-03 -1.72369000e-03 1.39302000e-03 -8.53741000e-03 5.58200000e-05 1.72584000e-03 -1.10605000e-03 7.20640000e-04 -5.10864000e-03 -2.23944000e-03 1.60122000e-03 -5.65243000e-03 -2.00025000e-03 -2.82508000e-03 -8.70260000e-04 -1.95724000e-03 -1.79184000e-03 7.02658900e-02 -3.17240000e-04 1.01003700e-02 -9.67910000e-04 -4.35350000e-03 3.63465000e-03 4.88520000e-03 3.01753000e-03 1.79403000e-03 1.01598000e-03 2.01140000e-03 2.69896000e-03 6.14725000e-03 1.29250000e-04 2.84844000e-03 4.29081000e-03 2.70257000e-03 2.81506000e-03 6.96190000e-03 7.48783000e-03
4.18130000e-04 -8.49110000e-04 8.70890000e-04 6.20600000e-04 -5.27640000e-04 5.59070000e-04 9.44200000e-05 -3.61660000e-04 -1.67600000e-05 -3.13950000e-04 1.09510000e-04 -2.11015000e-03 -5.70600000e-04 3.21240000e-04 3.53730000e-04 -1.15700000e-04 1.09020000e-04 5.99690000e-04 -4.05310000e-04 7.33290000e-04 -2.14415000e-03 7.79700000e-05 2.69180000e-04 -5.43420000e-04 -3.13940000e-04 -2.45030000e-04 6.44600000e-05 5.96900000e-05 -2.85830000e-04 5.79500000e-05 -4.49000000e-05 2.65500000e-04 -1.56680000e-04 -9.24300000e-05 1.31281000e-03 -4.06780000e-04 -1.84220000e-04 3.33870000e-04 3.05260000e-04 7.83770000e-04 1.13780000e-04 -7.67820000e-04 1.29310000e-04 2.26100000e-04 -7.28880000e-04 5.21150000e-04 -1.77117000e-03 -3.30140000e-04 -4.33570000e-04 3.35000000e-05 -3.53390000e-04 -9.83990000e-04 -2.15320000e-04 -3.66300000e-04 -1.34560000e-04 -6.02130000e-04 9.17900000e-04 -2.47115000e-03 -1.28440000e-03 -4.32710000e-04 -3.18441000e-03 1.35834000e-03 -1.10070000e-04 -1.34681000e-03 4.85190000e-04 4.99200000e-05 -3.06620000e-04 2.69700000e-05 5.59900000e-05 -1.64200000e-05 -1.22727000e-03 1.39400000e-05 5.95900000e-05 1.10370000e-03 -4.65240000e-04 -6.36350000e-04 -3.14710000e-04 -2.15690000e-04 6.26460000e-04 1.31690000e-04 6.14350000e-04 5.28690000e-04 -1.00560000e-04 7.68700000e-05 6.37600000e-05 -2.40400000e-04 -4.93450000e-04 -3.17240000e-04 1.59839100e-02 -1.28345000e-03 -3.22190000e-04 -1.19866000e-03 -1.99750000e-04 -5.72500000e-04 -1.81380000e-04 -4.38240000e-04 6.09240000e-04 -4.30000000e-05 -1.07280000e-04 -1.41796000e-03 -3.57000000e-05 -4.28450000e-04 -6.41690000e-04 -8.31050000e-04 1.17970000e-04 -8.47010000e-04 1.97570000e-04
1.63017000e-03 3.55051000e-03 1.30820000e-04 1.59542000e-03 4.08032000e-03 -8.89851000e-03 -5.75540000e-03 1.03970000e-03 -1.14197000e-03 8.71510000e-04 -4.15000000e-04 1.42912700e-02 -1.69779000e-03 -7.69033000e-03 5.97168000e-03 3.80930000e-03 -1.17707400e-02 2.06109000e-03 -6.34340000e-04 -9.70815000e-03 1.40685700e-02 4.09677000e-03 1.18045000e-03 2.94427000e-03 -5.54593000e-03 4.65040000e-04 -1.71679000e-03 3.90648000e-03 1.59511000e-03 -1.29721000e-03 6.11866000e-03 -5.71218000e-03 -1.48329000e-03 -1.91494000e-03 -5.38461000e-03 3.39729000e-03 -1.76408000e-03 2.92851000e-03 -8.43581000e-03 1.26419000e-03 -1.06300100e-02 2.85829000e-03 -1.95288000e-03 4.34535000e-03 4.72002000e-03 5.05555000e-03 1.49749900e-02 -4.88630000e-04 1.93982000e-03 -1.25776000e-03 2.03834000e-03 7.12216000e-03 3.11770000e-03 -1.15707000e-03 2.70861000e-03 1.21822000e-03 -1.40196500e-02 2.06809800e-02 1.95618500e-02 3.32004000e-03 1.56503200e-02 -4.73771000e-03 -1.55597000e-03 8.61669000e-03 1.74748000e-03 -2.28874000e-03 1.37154000e-03 2.73029000e-03 -5.71452000e-03 1.92566000e-03 6.79183000e-03 -2.81889000e-03 2.18675000e-03 -1.44972200e-02 4.88720000e-04 3.18643000e-03 -1.59972000e-03 1.39736000e-03 -8.61104000e-03 -3.49201000e-03 2.14553000e-03 -9.47648000e-03 -3.13784000e-03 -4.60312000e-03 -1.59295000e-03 -3.08984000e-03 -2.57067000e-03 1.01003700e-02 -1.28345000e-03 7.68975900e-02 -1.96473000e-03 -6.75940000e-03 5.34539000e-03 7.60125000e-03 4.32013000e-03 2.48828000e-03 5.90720000e-04 2.54445000e-03 3.70014000e-03 1.02051300e-02 -5.50320000e-04 4.20648000e-03 6.71511000e-03 4.32338000e-03 3.71935000e-03 1.14048800e-02 1.12855500e-02
1.57221000e-03 -1.18125000e-03 -9.76670000e-04 -1.49494000e-03 -1.73665000e-03 2.33611000e-03 1.57584000e-03 -3.76920000e-04 1.57030000e-04 2.73936000e-03 -2.35150000e-04 -3.45930000e-03 1.93020000e-04 1.52393000e-03 -2.87996000e-03 -1.59287000e-03 4.49985000e-03 -1.30509000e-03 3.28910000e-04 2.67467000e-03 -3.73628000e-03 8.27130000e-04 -6.33520000e-04 -1.47400000e-03 2.17466000e-03 -3.30300000e-04 2.80947000e-03 9.16930000e-04 -1.08424000e-03 -3.09500000e-04 -2.53489000e-03 1.36020000e-03 3.62260000e-04 2.67440000e-04 7.45600000e-04 -1.48192000e-03 3.60000000e-04 -1.96098000e-03 2.61907000e-03 -1.37456000e-03 4.13583000e-03 -9.86920000e-04 -1.61510000e-04 -2.41549000e-03 -1.70643000e-03 -2.71654000e-03 -4.86620000e-03 2.69000000e-06 -1.08395000e-03 -1.27820000e-04 -3.47530000e-04 -2.20634000e-03 -1.24903000e-03 3.96431000e-03 -1.81963000e-03 -3.76260000e-04 4.37012000e-03 -6.08372000e-03 -4.02015000e-03 -8.49170000e-04 -3.18698000e-03 5.30290000e-04 7.71470000e-04 -2.66932000e-03 -1.75343000e-03 9.44470000e-04 -8.36860000e-04 -1.19692000e-03 2.11940000e-03 -9.60300000e-04 -1.86175000e-03 1.17922000e-03 -9.86070000e-04 4.20071000e-03 3.37600000e-04 -4.52830000e-04 6.00050000e-04 -2.96780000e-04 2.37557000e-03 1.42520000e-03 -1.52195000e-03 2.81392000e-03 1.26998000e-03 1.48954000e-03 3.00790000e-04 1.12960000e-03 8.23790000e-04 -9.67910000e-04 -3.22190000e-04 -1.96473000e-03 2.72903800e-02 7.75254000e-03 1.10987000e-03 4.95110000e-04 9.66250000e-04 2.52083000e-03 2.07385000e-03 1.95051000e-03 1.61132000e-03 6.81500000e-05 3.41747000e-03 1.65670000e-03 8.53990000e-04 2.39195000e-03 8.14260000e-04 -7.15130000e-04 -2.12687000e-03
1.36738000e-03 -2.11682000e-03 -2.52938000e-03 -3.59253000e-03 -3.49968000e-03 5.72401000e-03 4.11055000e-03 -5.35480000e-04 5.05320000e-04 4.34569000e-03 -4.39510000e-04 -7.39592000e-03 1.38553000e-03 4.55134000e-03 -6.82018000e-03 -3.55685000e-03 1.06386400e-02 -3.58624000e-03 1.11453000e-03 6.41221000e-03 -7.87623000e-03 -1.74070000e-04 -1.65914000e-03 -2.76015000e-03 5.46229000e-03 -4.72400000e-04 5.04693000e-03 5.00100000e-05 -1.99274000e-03 -2.14480000e-04 -5.97023000e-03 3.65144000e-03 1.25317000e-03 1.11021000e-03 1.07291000e-03 -3.02539000e-03 1.22325000e-03 -4.42439000e-03 6.34298000e-03 -3.60502000e-03 9.68789000e-03 -1.70516000e-03 1.96790000e-04 -5.62271000e-03 -3.23436000e-03 -6.52345000e-03 -1.04131800e-02 4.59330000e-04 -1.83514000e-03 1.06630000e-04 -6.54360000e-04 -4.57869000e-03 -2.61041000e-03 7.05534000e-03 -3.62909000e-03 -3.36400000e-04 1.02497500e-02 -1.32555200e-02 -1.10238300e-02 -1.76862000e-03 -6.48870000e-03 5.14100000e-04 1.80854000e-03 -5.37767000e-03 -3.89246000e-03 2.19164000e-03 -1.51517000e-03 -2.73403000e-03 4.96105000e-03 -2.24106000e-03 -3.69623000e-03 2.62231000e-03 -2.22904000e-03 9.82959000e-03 9.04250000e-04 -9.52150000e-04 1.72191000e-03 -5.93020000e-04 5.69900000e-03 3.30754000e-03 -3.99552000e-03 6.75593000e-03 3.04455000e-03 3.62673000e-03 9.11230000e-04 2.95104000e-03 2.60460000e-03 -4.35350000e-03 -1.19866000e-03 -6.75940000e-03 7.75254000e-03 7.00957100e-02 2.70860000e-04 -9.16470000e-04 3.50860000e-04 3.69516000e-03 2.30994000e-03 2.27840000e-03 1.47109000e-03 -1.49949000e-03 5.62987000e-03 1.82610000e-03 -1.91600000e-05 3.49595000e-03 -9.50100000e-05 -3.84513000e-03 -7.60599000e-03
1.83996000e-03 6.09150000e-04 6.42900000e-05 2.81760000e-04 7.33550000e-04 -2.17864000e-03 -1.50586000e-03 1.98670000e-04 -2.47490000e-04 1.59119000e-03 -1.31650000e-04 3.24292000e-03 -8.45550000e-04 -2.26525000e-03 1.27969000e-03 6.74220000e-04 -2.73805000e-03 6.03840000e-04 -1.42140000e-04 -2.40145000e-03 3.08769000e-03 2.32007000e-03 3.11280000e-04 3.82550000e-04 -1.41484000e-03 3.04600000e-05 3.90510000e-04 2.30694000e-03 9.95100000e-05 -5.96560000e-04 1.36771000e-03 -1.61135000e-03 -5.66640000e-04 -7.02350000e-04 -8.97620000e-04 6.10540000e-04 -5.09500000e-04 4.08400000e-04 -1.99488000e-03 3.41680000e-04 -2.41900000e-03 4.97480000e-04 -7.67050000e-04 8.02940000e-04 5.16240000e-04 1.07448000e-03 3.10826000e-03 -2.47650000e-04 1.64520000e-04 -4.74680000e-04 3.47990000e-04 1.49148000e-03 6.66400000e-04 1.33797000e-03 3.37580000e-04 1.45570000e-04 -3.26033000e-03 4.59433000e-03 5.56830000e-03 6.20620000e-04 3.43452000e-03 -9.11710000e-04 -4.00290000e-04 1.71040000e-03 1.45650000e-04 -4.35230000e-04 1.81460000e-04 5.51870000e-04 -1.45499000e-03 3.06640000e-04 1.46868000e-03 -6.99190000e-04 4.15820000e-04 -3.43549000e-03 1.29600000e-04 9.06510000e-04 -3.96640000e-04 2.14450000e-04 -2.11777000e-03 -8.19650000e-04 5.35080000e-04 -2.27640000e-03 -7.44370000e-04 -1.16320000e-03 -3.51020000e-04 -7.98630000e-04 -8.74430000e-04 3.63465000e-03 -1.99750000e-04 5.34539000e-03 1.10987000e-03 2.70860000e-04 4.79928300e-02 3.20994000e-03 2.21872000e-03 2.21140000e-03 1.66602000e-03 2.10431000e-03 2.50325000e-03 3.68247000e-03 1.57115000e-03 2.40517000e-03 2.99334000e-03 2.60730000e-03 2.19086000e-03 3.98818000e-03 3.82432000e-03
1.57929000e-03 1.45997000e-03 -1.51640000e-04 4.98870000e-04 1.69026000e-03 -3.58450000e-03 -2.35943000e-03 5.80640000e-04 -2.58050000e-04 1.50887000e-03 -1.90460000e-04 5.70502000e-03 -6.69440000e-04 -3.58370000e-03 2.15174000e-03 1.46597000e-03 -4.65237000e-03 7.05050000e-04 -1.51400000e-04 -4.12461000e-03 5.63479000e-03 2.55513000e-03 5.12410000e-04 1.21963000e-03 -2.16994000e-03 3.13500000e-04 -9.63200000e-05 2.53719000e-03 6.28870000e-04 -6.27610000e-04 2.34097000e-03 -2.53562000e-03 -5.44890000e-04 -8.35150000e-04 -1.46638000e-03 1.36523000e-03 -6.56140000e-04 9.41110000e-04 -3.41027000e-03 3.36850000e-04 -4.13617000e-03 1.22112000e-03 -9.71050000e-04 1.60375000e-03 1.65982000e-03 1.53820000e-03 5.95475000e-03 -1.26380000e-04 7.04550000e-04 -5.53780000e-04 8.03180000e-04 2.95982000e-03 1.25329000e-03 8.49920000e-04 9.80150000e-04 5.96000000e-04 -5.92957000e-03 8.30828000e-03 8.47076000e-03 1.33903000e-03 6.69311000e-03 -2.05344000e-03 -5.87310000e-04 3.45067000e-03 4.68270000e-04 -7.51660000e-04 5.85740000e-04 1.07854000e-03 -2.40030000e-03 7.53670000e-04 2.97121000e-03 -1.00581000e-03 8.68590000e-04 -6.04599000e-03 4.90710000e-04 1.44837000e-03 -5.72400000e-04 5.56630000e-04 -3.65434000e-03 -1.53891000e-03 6.20690000e-04 -3.90936000e-03 -1.20181000e-03 -1.85978000e-03 -5.20470000e-04 -1.09707000e-03 -9.55540000e-04 4.88520000e-03 -5.72500000e-04 7.60125000e-03 4.95110000e-04 -9.16470000e-04 3.20994000e-03 3.01603800e-02 2.65618000e-03 2.31533000e-03 9.95430000e-04 2.13689000e-03 2.63551000e-03 5.49902000e-03 1.10361000e-03 2.90254000e-03 3.88593000e-03 3.11027000e-03 2.42057000e-03 5.37424000e-03 5.29035000e-03
1.54192000e-03 5.00570000e-04 6.76700000e-05 1.85660000e-04 6.25960000e-04 -1.77387000e-03 -1.25545000e-03 1.65210000e-04 -1.43850000e-04 1.37408000e-03 -6.55000000e-05 2.50956000e-03 -5.84390000e-04 -2.24120000e-03 9.66260000e-04 6.12920000e-04 -2.18152000e-03 2.64170000e-04 -1.47080000e-04 -1.90873000e-03 2.24517000e-03 1.93342000e-03 2.36790000e-04 3.36050000e-04 -1.10282000e-03 6.25200000e-05 5.50470000e-04 1.89299000e-03 1.64980000e-04 -3.53830000e-04 8.96980000e-04 -1.25108000e-03 -4.56180000e-04 -4.43500000e-04 -6.28970000e-04 5.89260000e-04 -3.71350000e-04 3.48940000e-04 -1.67298000e-03 2.04210000e-04 -1.91161000e-03 3.48750000e-04 -5.29720000e-04 6.53650000e-04 7.21520000e-04 6.04370000e-04 2.57635000e-03 -2.16210000e-04 1.90660000e-04 -3.01520000e-04 4.09340000e-04 1.23914000e-03 3.49280000e-04 1.12558000e-03 3.23190000e-04 1.13470000e-04 -2.72713000e-03 3.55869000e-03 4.56673000e-03 6.02190000e-04 2.63855000e-03 -8.82440000e-04 -2.67770000e-04 1.48826000e-03 1.91790000e-04 -4.73160000e-04 8.88800000e-05 4.28780000e-04 -1.26029000e-03 2.63570000e-04 1.17392000e-03 -4.64520000e-04 4.74210000e-04 -2.84364000e-03 4.87400000e-05 6.70740000e-04 -3.24190000e-04 2.92770000e-04 -1.70158000e-03 -7.14050000e-04 2.60010000e-04 -1.87984000e-03 -6.26820000e-04 -9.17680000e-04 -2.21550000e-04 -5.87540000e-04 -6.29580000e-04 3.01753000e-03 -1.81380000e-04 4.32013000e-03 9.66250000e-04 3.50860000e-04 2.21872000e-03 2.65618000e-03 4.56211500e-02 1.77247000e-03 1.36706000e-03 1.74036000e-03 1.94248000e-03 3.14360000e-03 1.28217000e-03 2.10959000e-03 2.47317000e-03 2.15676000e-03 1.88624000e-03 3.21068000e-03 3.13402000e-03
1.68094000e-03 1.47260000e-04 -5.47200000e-04 -5.50100000e-04 -5.13700000e-05 -3.94030000e-04 -2.27820000e-04 1.68830000e-04 5.10600000e-05 2.19136000e-03 -1.44050000e-04 9.23570000e-04 -2.14800000e-04 -7.99100000e-04 -5.14920000e-04 -2.36960000e-04 1.56340000e-04 -3.40510000e-04 2.45630000e-04 -5.35400000e-04 7.90520000e-04 1.73477000e-03 -1.05520000e-04 -1.47930000e-04 1.31010000e-04 3.73700000e-05 1.31106000e-03 1.79815000e-03 -2.33940000e-04 -4.30850000e-04 -2.21440000e-04 -4.76060000e-04 -1.16160000e-04 -2.51140000e-04 -1.55410000e-04 -8.88200000e-05 -1.51300000e-05 -6.41300000e-04 -1.58270000e-04 -5.47740000e-04 2.16570000e-04 1.49700000e-04 -5.05920000e-04 -5.58880000e-04 -3.10190000e-04 -7.02830000e-04 2.99210000e-04 1.49700000e-05 -1.75400000e-04 -2.62900000e-04 9.95100000e-05 2.87190000e-04 -1.25500000e-05 2.57097000e-03 -4.08200000e-04 1.67580000e-04 -4.48360000e-04 8.22500000e-04 1.81402000e-03 9.55800000e-05 1.50628000e-03 -6.25260000e-04 7.53400000e-05 2.68510000e-04 -7.12190000e-04 1.94680000e-04 -5.82100000e-05 -1.48140000e-04 -9.36200000e-05 -2.27430000e-04 5.26050000e-04 4.19300000e-05 -1.59480000e-04 -6.03950000e-04 4.04890000e-04 5.72300000e-04 1.64940000e-04 1.76400000e-05 -4.66060000e-04 -2.91900000e-05 -5.09440000e-04 -3.13800000e-04 1.06820000e-04 -8.71000000e-05 2.59500000e-05 1.17580000e-04 -2.09000000e-06 1.79403000e-03 -4.38240000e-04 2.48828000e-03 2.52083000e-03 3.69516000e-03 2.21140000e-03 2.31533000e-03 1.77247000e-03 3.88037300e-02 1.63061000e-03 2.10695000e-03 2.25740000e-03 2.66444000e-03 2.44742000e-03 2.28616000e-03 2.34051000e-03 2.79809000e-03 1.67605000e-03 2.12652000e-03 1.25140000e-03
2.21612000e-03 -1.35166000e-03 5.55230000e-04 -1.40100000e-05 -1.37112000e-03 4.90500000e-04 -4.28200000e-05 -8.53280000e-04 -3.63920000e-04 1.55784000e-03 -2.43180000e-04 -2.46029000e-03 -1.14204000e-03 9.39200000e-05 -4.18500000e-04 -5.86600000e-04 8.63920000e-04 1.12520000e-04 -5.28230000e-04 8.85170000e-04 -2.89229000e-03 1.54065000e-03 5.92000000e-06 -1.40872000e-03 -1.02950000e-04 -7.83040000e-04 1.48808000e-03 1.53881000e-03 -1.00179000e-03 -5.03990000e-04 -7.57760000e-04 1.46810000e-04 -3.08210000e-04 -4.27880000e-04 7.12780000e-04 -8.70920000e-04 -4.21050000e-04 -3.69970000e-04 5.59230000e-04 3.64230000e-04 7.85430000e-04 -1.17669000e-03 -3.13680000e-04 -5.20880000e-04 -9.63880000e-04 -1.81960000e-04 -2.67755000e-03 -7.26320000e-04 -9.83960000e-04 -4.20620000e-04 -2.31330000e-04 -1.77245000e-03 -6.29210000e-04 2.00921000e-03 -9.68540000e-04 -1.00011000e-03 1.65650000e-03 -3.47340000e-03 -1.73660000e-04 -5.32860000e-04 -3.58723000e-03 1.24102000e-03 1.91130000e-04 -1.76937000e-03 -2.84000000e-04 1.86900000e-05 -9.34610000e-04 -3.67280000e-04 5.87370000e-04 -3.26090000e-04 -1.85227000e-03 2.17940000e-04 -1.23690000e-04 1.49892000e-03 -6.21660000e-04 -7.79730000e-04 -4.15440000e-04 -1.59520000e-04 8.13240000e-04 6.70540000e-04 1.72480000e-04 7.27970000e-04 7.88200000e-05 1.21190000e-04 -2.07180000e-04 -3.80750000e-04 -7.71200000e-04 1.01598000e-03 6.09240000e-04 5.90720000e-04 2.07385000e-03 2.30994000e-03 1.66602000e-03 9.95430000e-04 1.36706000e-03 1.63061000e-03 7.11276000e-02 1.79531000e-03 1.75817000e-03 1.83960000e-04 2.09075000e-03 1.37221000e-03 1.02466000e-03 1.33410000e-03 1.60395000e-03 9.10220000e-04 1.13820000e-03
1.75590000e-03 -1.37530000e-04 -8.05000000e-05 -1.49990000e-04 -1.39790000e-04 -5.82700000e-04 -4.82860000e-04 -4.45100000e-05 -9.85400000e-05 1.80166000e-03 -1.15760000e-04 5.25390000e-04 -5.56930000e-04 -1.00482000e-03 -5.60000000e-07 -5.79800000e-05 -4.11500000e-04 3.87300000e-05 -9.08300000e-05 -6.48880000e-04 3.13390000e-04 1.79524000e-03 6.12200000e-05 -2.89590000e-04 -3.11700000e-04 -1.16260000e-04 1.03189000e-03 1.80544000e-03 -2.83790000e-04 -4.39400000e-04 4.86800000e-05 -6.06340000e-04 -2.76610000e-04 -3.72960000e-04 8.66200000e-05 -9.31500000e-05 -2.51840000e-04 -2.64860000e-04 -4.59730000e-04 -5.19900000e-05 -3.12530000e-04 -1.14650000e-04 -5.03570000e-04 -1.46140000e-04 -2.76460000e-04 -1.36330000e-04 2.00900000e-04 -2.16210000e-04 -2.87110000e-04 -3.15940000e-04 4.30300000e-05 8.69600000e-05 -3.44200000e-05 1.99502000e-03 -3.42710000e-04 -1.25030000e-04 -7.08160000e-04 5.68740000e-04 2.11057000e-03 5.20000000e-05 5.84700000e-04 -2.17800000e-04 -4.15100000e-05 5.83300000e-05 -3.23340000e-04 -5.82000000e-06 -1.91040000e-04 -1.21000000e-06 -3.48630000e-04 -8.42500000e-05 1.66560000e-04 -8.30100000e-05 -3.95000000e-06 -7.88720000e-04 9.39200000e-05 2.85970000e-04 -1.56860000e-04 1.17600000e-05 -5.74320000e-04 -1.37970000e-04 -4.82200000e-05 -5.40930000e-04 -1.20150000e-04 -2.88460000e-04 -1.07490000e-04 -2.01710000e-04 -3.94150000e-04 2.01140000e-03 -4.30000000e-05 2.54445000e-03 1.95051000e-03 2.27840000e-03 2.10431000e-03 2.13689000e-03 1.74036000e-03 2.10695000e-03 1.79531000e-03 1.13652970e-01 2.06887000e-03 2.18734000e-03 2.05477000e-03 2.01035000e-03 2.07984000e-03 2.24308000e-03 1.70951000e-03 2.13476000e-03 1.87222000e-03
1.85440000e-03 2.57840000e-04 4.15000000e-06 4.18100000e-05 3.16370000e-04 -1.21840000e-03 -8.81810000e-04 1.53000000e-04 -7.04900000e-05 1.73924000e-03 -6.71900000e-05 1.78528000e-03 -6.67330000e-04 -1.53762000e-03 5.50410000e-04 1.92670000e-04 -1.44044000e-03 2.94430000e-04 7.12000000e-06 -1.39459000e-03 1.64095000e-03 2.08165000e-03 1.62000000e-04 6.93100000e-05 -7.88630000e-04 2.33500000e-05 6.15630000e-04 2.10393000e-03 -7.75200000e-05 -4.76440000e-04 6.31410000e-04 -1.03413000e-03 -4.39410000e-04 -5.08830000e-04 -2.53570000e-04 2.45870000e-04 -2.73720000e-04 -2.35300000e-05 -1.06887000e-03 1.25880000e-04 -1.23258000e-03 2.18660000e-04 -5.90870000e-04 2.17660000e-04 -1.08080000e-04 3.94920000e-04 1.50118000e-03 -1.63920000e-04 -3.93300000e-05 -3.27100000e-04 9.76000000e-05 7.83590000e-04 3.23960000e-04 1.77399000e-03 3.12700000e-05 6.62400000e-05 -1.76716000e-03 2.43186000e-03 3.53630000e-03 2.30090000e-04 1.83955000e-03 -4.80990000e-04 -2.50310000e-04 8.10660000e-04 -1.25610000e-04 -1.48490000e-04 5.66900000e-05 2.22860000e-04 -9.15840000e-04 1.15100000e-05 8.29840000e-04 -4.30050000e-04 1.48860000e-04 -1.91028000e-03 1.12330000e-04 6.77550000e-04 -1.56670000e-04 2.80300000e-05 -1.23337000e-03 -4.78880000e-04 1.96710000e-04 -1.25863000e-03 -3.99390000e-04 -6.69360000e-04 -1.11290000e-04 -4.18330000e-04 -5.75530000e-04 2.69896000e-03 -1.07280000e-04 3.70014000e-03 1.61132000e-03 1.47109000e-03 2.50325000e-03 2.63551000e-03 1.94248000e-03 2.25740000e-03 1.75817000e-03 2.06887000e-03 5.15370500e-02 2.85665000e-03 1.94965000e-03 2.21576000e-03 2.52294000e-03 2.46972000e-03 1.99210000e-03 2.89033000e-03 2.56328000e-03
1.24714000e-03 2.70901000e-03 -7.36350000e-04 3.74580000e-04 2.82981000e-03 -5.02299000e-03 -3.07023000e-03 1.16636000e-03 -1.85160000e-04 1.63806000e-03 -2.14380000e-04 9.00530000e-03 -2.27710000e-04 -4.72564000e-03 2.77395000e-03 2.22922000e-03 -6.34640000e-03 5.39690000e-04 1.36360000e-04 -5.99677000e-03 9.00437000e-03 2.76144000e-03 5.60520000e-04 2.26663000e-03 -2.61625000e-03 6.67660000e-04 -3.13350000e-04 2.77884000e-03 1.29595000e-03 -6.46670000e-04 3.26062000e-03 -3.39880000e-03 -4.42010000e-04 -8.63520000e-04 -2.44601000e-03 2.44671000e-03 -6.28860000e-04 1.29303000e-03 -4.68480000e-03 -5.52700000e-05 -5.66885000e-03 2.47548000e-03 -1.06372000e-03 2.33463000e-03 3.17588000e-03 1.68200000e-03 9.63293000e-03 2.50870000e-04 1.54856000e-03 -5.80820000e-04 1.42101000e-03 4.71720000e-03 1.95449000e-03 6.03110000e-04 1.77565000e-03 1.42654000e-03 -8.70668000e-03 1.30376500e-02 1.18901900e-02 2.23680000e-03 1.14329600e-02 -3.70677000e-03 -6.54190000e-04 5.93494000e-03 5.35640000e-04 -1.09231000e-03 1.18747000e-03 1.54105000e-03 -3.10177000e-03 1.25553000e-03 5.05090000e-03 -1.31065000e-03 1.23050000e-03 -8.82596000e-03 1.01731000e-03 2.30748000e-03 -5.27340000e-04 9.59630000e-04 -5.22009000e-03 -2.15737000e-03 4.12210000e-04 -5.51134000e-03 -1.49160000e-03 -2.44327000e-03 -6.18570000e-04 -1.20446000e-03 -7.38530000e-04 6.14725000e-03 -1.41796000e-03 1.02051300e-02 6.81500000e-05 -1.49949000e-03 3.68247000e-03 5.49902000e-03 3.14360000e-03 2.66444000e-03 1.83960000e-04 2.18734000e-03 2.85665000e-03 1.89988730e-01 6.62750000e-04 3.52603000e-03 5.03101000e-03 3.94084000e-03 2.67757000e-03 7.14601000e-03 6.82669000e-03
1.81008000e-03 -8.55320000e-04 -4.64860000e-04 -9.07640000e-04 -1.12072000e-03 1.41445000e-03 8.79810000e-04 -1.73350000e-04 1.74400000e-04 2.38898000e-03 -7.13600000e-05 -2.25824000e-03 -1.69420000e-04 6.11640000e-04 -1.78345000e-03 -1.14447000e-03 2.65200000e-03 -7.15210000e-04 2.40410000e-04 1.56334000e-03 -2.50127000e-03 1.33618000e-03 -3.54080000e-04 -1.04444000e-03 1.19754000e-03 -1.70980000e-04 1.89619000e-03 1.40186000e-03 -7.69140000e-04 -2.89640000e-04 -1.59594000e-03 6.65350000e-04 1.23200000e-05 5.62800000e-05 9.42980000e-04 -9.81900000e-04 2.04810000e-04 -1.34915000e-03 1.57021000e-03 -7.55810000e-04 2.47914000e-03 -7.14950000e-04 -2.23880000e-04 -1.61625000e-03 -1.57351000e-03 -1.71617000e-03 -3.23587000e-03 -4.22400000e-05 -7.77930000e-04 -9.33800000e-05 -3.88310000e-04 -1.39910000e-03 -7.97920000e-04 3.26866000e-03 -1.18596000e-03 -2.91610000e-04 2.63628000e-03 -3.91486000e-03 -2.06273000e-03 -6.91540000e-04 -2.34701000e-03 4.77330000e-04 3.28530000e-04 -1.84299000e-03 -1.13583000e-03 6.92460000e-04 -5.20340000e-04 -7.83700000e-04 9.65580000e-04 -7.53180000e-04 -1.17156000e-03 5.58500000e-04 -6.53120000e-04 2.50794000e-03 2.15150000e-04 -1.23160000e-04 3.75970000e-04 -3.12250000e-04 1.38233000e-03 7.16110000e-04 -9.13590000e-04 1.67980000e-03 6.99570000e-04 8.16700000e-04 3.24940000e-04 6.60020000e-04 3.04150000e-04 1.29250000e-04 -3.57000000e-05 -5.50320000e-04 3.41747000e-03 5.62987000e-03 1.57115000e-03 1.10361000e-03 1.28217000e-03 2.44742000e-03 2.09075000e-03 2.05477000e-03 1.94965000e-03 6.62750000e-04 2.14935000e-02 1.82408000e-03 1.29570000e-03 2.31565000e-03 1.29942000e-03 1.39500000e-04 -7.72400000e-04
1.60353000e-03 5.93080000e-04 -3.36050000e-04 -1.39530000e-04 5.41180000e-04 -1.58690000e-03 -1.07282000e-03 2.47460000e-04 -8.20500000e-05 1.82180000e-03 -1.79700000e-04 2.44004000e-03 -3.86950000e-04 -1.95893000e-03 4.44130000e-04 4.11470000e-04 -1.64304000e-03 -3.10900000e-05 5.17100000e-05 -1.79169000e-03 2.29511000e-03 1.94220000e-03 1.11440000e-04 3.09930000e-04 -7.62140000e-04 1.12230000e-04 8.02760000e-04 1.95044000e-03 8.59700000e-05 -4.29810000e-04 6.25170000e-04 -1.20275000e-03 -2.84360000e-04 -4.04770000e-04 -5.71650000e-04 3.98230000e-04 -2.36190000e-04 1.04400000e-05 -1.43093000e-03 -1.96790000e-04 -1.41278000e-03 3.95580000e-04 -6.38520000e-04 2.28200000e-04 5.22170000e-04 5.45000000e-05 2.26345000e-03 -1.16460000e-04 1.24930000e-04 -3.34120000e-04 4.09310000e-04 1.19506000e-03 3.22330000e-04 1.79449000e-03 1.08480000e-04 2.21760000e-04 -2.46690000e-03 3.27529000e-03 4.08002000e-03 5.78180000e-04 3.08891000e-03 -1.08830000e-03 -1.70260000e-04 1.34024000e-03 -1.81730000e-04 -1.72580000e-04 1.15980000e-04 2.79960000e-04 -9.96950000e-04 1.14440000e-04 1.26787000e-03 -3.11500000e-04 3.12540000e-04 -2.61412000e-03 4.08460000e-04 7.65190000e-04 -1.22440000e-04 2.84500000e-04 -1.61707000e-03 -6.42620000e-04 -1.34800000e-04 -1.67797000e-03 -4.26420000e-04 -7.58500000e-04 -1.61300000e-04 -3.63210000e-04 -3.88150000e-04 2.84844000e-03 -4.28450000e-04 4.20648000e-03 1.65670000e-03 1.82610000e-03 2.40517000e-03 2.90254000e-03 2.10959000e-03 2.28616000e-03 1.37221000e-03 2.01035000e-03 2.21576000e-03 3.52603000e-03 1.82408000e-03 5.09660000e-02 2.76105000e-03 2.75197000e-03 1.90556000e-03 3.14884000e-03 2.64202000e-03
1.52145000e-03 1.33187000e-03 -2.98300000e-04 2.37270000e-04 1.44836000e-03 -3.00352000e-03 -1.92719000e-03 5.67480000e-04 -1.65240000e-04 1.63695000e-03 -1.50900000e-04 5.09073000e-03 -5.05060000e-04 -3.11097000e-03 1.63023000e-03 1.15369000e-03 -3.70831000e-03 4.80530000e-04 2.70000000e-07 -3.45234000e-03 5.00409000e-03 2.36371000e-03 3.63590000e-04 1.04770000e-03 -1.66812000e-03 3.19310000e-04 2.28220000e-04 2.35777000e-03 5.26440000e-04 -5.58310000e-04 1.87192000e-03 -2.11267000e-03 -4.74900000e-04 -6.80900000e-04 -1.43220000e-03 1.16474000e-03 -4.82590000e-04 6.14290000e-04 -2.78158000e-03 1.03060000e-04 -3.27814000e-03 1.12253000e-03 -8.54720000e-04 1.18557000e-03 1.36760000e-03 1.10907000e-03 5.10431000e-03 -3.50400000e-05 6.13320000e-04 -4.67160000e-04 7.06280000e-04 2.59690000e-03 1.02414000e-03 1.15313000e-03 7.68110000e-04 6.04910000e-04 -4.90519000e-03 7.19920000e-03 7.32440000e-03 1.14841000e-03 6.05926000e-03 -1.89090000e-03 -4.53410000e-04 3.01897000e-03 2.14340000e-04 -6.04790000e-04 5.20800000e-04 8.36820000e-04 -1.94955000e-03 5.74890000e-04 2.65128000e-03 -8.05880000e-04 6.61520000e-04 -5.05622000e-03 4.88950000e-04 1.39256000e-03 -3.60130000e-04 4.69960000e-04 -3.04902000e-03 -1.24472000e-03 3.79740000e-04 -3.23101000e-03 -9.31510000e-04 -1.49628000e-03 -3.95740000e-04 -8.12730000e-04 -6.93820000e-04 4.29081000e-03 -6.41690000e-04 6.71511000e-03 8.53990000e-04 -1.91600000e-05 2.99334000e-03 3.88593000e-03 2.47317000e-03 2.34051000e-03 1.02466000e-03 2.07984000e-03 2.52294000e-03 5.03101000e-03 1.29570000e-03 2.76105000e-03 5.14742800e-02 3.06055000e-03 2.24227000e-03 4.84065000e-03 4.50549000e-03
1.54488000e-03 6.91090000e-04 -8.18310000e-04 -5.86960000e-04 4.68970000e-04 -1.39354000e-03 -8.00530000e-04 3.60860000e-04 -6.92800000e-05 2.29859000e-03 -2.50560000e-04 2.82869000e-03 -1.61480000e-04 -1.65152000e-03 -8.81300000e-05 1.96260000e-04 -9.22770000e-04 -4.09770000e-04 2.58350000e-04 -1.61383000e-03 2.66299000e-03 1.94190000e-03 -6.07700000e-05 2.75620000e-04 -2.76600000e-04 1.53670000e-04 1.21657000e-03 1.98723000e-03 -1.04600000e-05 -5.51890000e-04 2.98320000e-04 -1.05069000e-03 -1.46490000e-04 -3.69830000e-04 -1.10802000e-03 2.95060000e-04 -1.51120000e-04 -4.60280000e-04 -1.05970000e-03 -7.27670000e-04 -7.59060000e-04 5.61350000e-04 -7.27140000e-04 -2.74510000e-04 4.44920000e-04 -4.60430000e-04 2.12648000e-03 4.27000000e-05 1.13640000e-04 -3.93260000e-04 4.64070000e-04 1.25522000e-03 3.22210000e-04 2.50306000e-03 -1.52770000e-04 4.31620000e-04 -2.01440000e-03 3.35735000e-03 3.83921000e-03 5.97790000e-04 3.81721000e-03 -1.55175000e-03 -1.28400000e-05 1.41361000e-03 -6.84380000e-04 -1.49200000e-05 1.06900000e-04 1.18290000e-04 -6.30490000e-04 -5.84500000e-05 1.48028000e-03 -1.65740000e-04 7.70900000e-05 -2.26958000e-03 6.26370000e-04 1.01795000e-03 7.88600000e-05 2.69090000e-04 -1.44114000e-03 -3.60300000e-04 -5.83860000e-04 -1.35450000e-03 -1.60130000e-04 -5.29300000e-04 -1.49970000e-04 -8.44600000e-05 -6.07800000e-05 2.70257000e-03 -8.31050000e-04 4.32338000e-03 2.39195000e-03 3.49595000e-03 2.60730000e-03 3.11027000e-03 2.15676000e-03 2.79809000e-03 1.33410000e-03 2.24308000e-03 2.46972000e-03 3.94084000e-03 2.31565000e-03 2.75197000e-03 3.06055000e-03 2.97377400e-02 1.84869000e-03 3.26782000e-03 2.00816000e-03
1.75141000e-03 2.65800000e-04 3.66210000e-04 3.75620000e-04 4.95100000e-04 -1.43927000e-03 -1.11684000e-03 1.16440000e-04 -4.16800000e-05 1.26355000e-03 3.07300000e-05 1.80563000e-03 -7.56680000e-04 -2.02028000e-03 1.05978000e-03 4.94540000e-04 -2.09779000e-03 5.15370000e-04 -1.77540000e-04 -1.58171000e-03 1.57382000e-03 1.96822000e-03 2.94170000e-04 2.16760000e-04 -1.17662000e-03 1.79400000e-05 3.60290000e-04 1.95584000e-03 9.81100000e-05 -2.99650000e-04 9.00480000e-04 -1.09834000e-03 -5.30130000e-04 -4.50880000e-04 -1.31700000e-05 5.61250000e-04 -3.45930000e-04 4.20920000e-04 -1.40304000e-03 4.90150000e-04 -1.82808000e-03 2.47290000e-04 -3.91130000e-04 7.55130000e-04 3.24570000e-04 7.84160000e-04 2.05659000e-03 -2.28850000e-04 1.38110000e-04 -2.32460000e-04 2.06030000e-04 9.12090000e-04 3.55180000e-04 1.01038000e-03 4.07290000e-04 2.40000000e-07 -2.25850000e-03 2.82813000e-03 4.07449000e-03 3.77910000e-04 1.60440000e-03 -3.42560000e-04 -3.40410000e-04 1.15266000e-03 3.48810000e-04 -4.23910000e-04 7.35800000e-05 4.04580000e-04 -1.22212000e-03 2.52880000e-04 8.46050000e-04 -5.27880000e-04 4.52520000e-04 -2.34663000e-03 -1.07880000e-04 5.22290000e-04 -3.54410000e-04 1.43980000e-04 -1.36218000e-03 -6.60730000e-04 4.96560000e-04 -1.58374000e-03 -6.48050000e-04 -8.67400000e-04 -9.77100000e-05 -6.24220000e-04 -7.58980000e-04 2.81506000e-03 1.17970000e-04 3.71935000e-03 8.14260000e-04 -9.50100000e-05 2.19086000e-03 2.42057000e-03 1.88624000e-03 1.67605000e-03 1.60395000e-03 1.70951000e-03 1.99210000e-03 2.67757000e-03 1.29942000e-03 1.90556000e-03 2.24227000e-03 1.84869000e-03 2.94181800e-02 2.87849000e-03 3.22041000e-03
1.57397000e-03 2.38234000e-03 -2.01800000e-05 9.31260000e-04 2.65644000e-03 -5.66603000e-03 -3.63041000e-03 7.34100000e-04 -6.22680000e-04 1.15522000e-03 -2.01700000e-04 9.42206000e-03 -1.14270000e-03 -5.13635000e-03 3.80030000e-03 2.43088000e-03 -7.36733000e-03 1.61084000e-03 -3.22650000e-04 -6.15086000e-03 9.30055000e-03 3.10503000e-03 7.52650000e-04 1.93255000e-03 -3.44527000e-03 3.64020000e-04 -4.11050000e-04 2.98204000e-03 1.04048000e-03 -8.58470000e-04 4.08437000e-03 -3.63415000e-03 -1.03735000e-03 -1.19655000e-03 -3.41233000e-03 2.27814000e-03 -1.08706000e-03 1.86453000e-03 -5.29683000e-03 8.45470000e-04 -6.61740000e-03 1.99230000e-03 -1.25958000e-03 2.91015000e-03 2.94608000e-03 3.32540000e-03 9.78407000e-03 -2.21720000e-04 1.25563000e-03 -8.16480000e-04 1.32120000e-03 4.62894000e-03 1.98100000e-03 -2.13210000e-04 1.74967000e-03 8.55510000e-04 -8.89594000e-03 1.35348500e-02 1.31768600e-02 2.16787000e-03 1.05997900e-02 -2.86478000e-03 -9.74380000e-04 5.63713000e-03 1.03752000e-03 -1.44098000e-03 9.62580000e-04 1.71360000e-03 -3.46966000e-03 1.40189000e-03 4.46244000e-03 -1.69945000e-03 1.33730000e-03 -9.20584000e-03 4.38570000e-04 2.18391000e-03 -9.52580000e-04 9.07730000e-04 -5.36966000e-03 -2.20245000e-03 1.57151000e-03 -5.99454000e-03 -1.92449000e-03 -2.85820000e-03 -9.96260000e-04 -1.89888000e-03 -1.61722000e-03 6.96190000e-03 -8.47010000e-04 1.14048800e-02 -7.15130000e-04 -3.84513000e-03 3.98818000e-03 5.37424000e-03 3.21068000e-03 2.12652000e-03 9.10220000e-04 2.13476000e-03 2.89033000e-03 7.14601000e-03 1.39500000e-04 3.14884000e-03 4.84065000e-03 3.26782000e-03 2.87849000e-03 2.74381450e-01 8.37911000e-03
1.95344000e-03 1.86584000e-03 9.39580000e-04 2.01930000e-03 2.64342000e-03 -5.96072000e-03 -4.16616000e-03 4.58430000e-04 -6.59660000e-04 4.93460000e-04 -7.15400000e-05 8.19264000e-03 -1.88029000e-03 -5.58642000e-03 5.14591000e-03 3.06012000e-03 -8.92002000e-03 2.99849000e-03 -1.09656000e-03 -6.63310000e-03 8.21570000e-03 3.25431000e-03 1.28098000e-03 1.89147000e-03 -4.57733000e-03 8.73900000e-05 -9.74250000e-04 3.10677000e-03 1.09938000e-03 -8.07800000e-04 5.16642000e-03 -4.03616000e-03 -1.23176000e-03 -1.38493000e-03 -1.24251000e-03 2.70067000e-03 -1.58337000e-03 3.08165000e-03 -5.96175000e-03 2.14392000e-03 -8.01441000e-03 1.91268000e-03 -1.04629000e-03 4.52866000e-03 3.12789000e-03 4.59838000e-03 1.01716000e-02 -4.97920000e-04 1.26407000e-03 -8.69550000e-04 1.20853000e-03 4.17126000e-03 2.21640000e-03 -1.57623000e-03 2.35503000e-03 3.98700000e-04 -1.00435900e-02 1.33655200e-02 1.42169500e-02 2.22794000e-03 9.46161000e-03 -1.62377000e-03 -1.28865000e-03 5.59927000e-03 2.13936000e-03 -1.59049000e-03 9.57870000e-04 2.21448000e-03 -3.81777000e-03 2.27137000e-03 4.04053000e-03 -1.87336000e-03 1.77390000e-03 -9.92404000e-03 3.37050000e-04 1.43225000e-03 -1.81562000e-03 9.43540000e-04 -5.58606000e-03 -2.70588000e-03 2.88926000e-03 -6.61041000e-03 -2.43708000e-03 -3.31858000e-03 -1.13227000e-03 -2.57567000e-03 -2.51014000e-03 7.48783000e-03 1.97570000e-04 1.12855500e-02 -2.12687000e-03 -7.60599000e-03 3.82432000e-03 5.29035000e-03 3.13402000e-03 1.25140000e-03 1.13820000e-03 1.87222000e-03 2.56328000e-03 6.82669000e-03 -7.72400000e-04 2.64202000e-03 4.50549000e-03 2.00816000e-03 3.22041000e-03 8.37911000e-03 4.49900500e-02
