-1.47230000e-04 2.43750000e-04 1.04319000e-03 -4.90610000e-04 -4.87600000e-04 7.95660000e-04 5.99520000e-04 5.97710000e-04 1.17600000e-05 4.41130000e-04 -2.61770000e-04 -8.92370000e-04 -1.39140000e-04 -8.57100000e-04 -6.12320000e-04 -2.50600000e-04 2.66430000e-04 7.22090000e-04 1.15050000e-04 1.08595000e-03 -8.57880000e-04 -4.89040000e-04 -2.08910000e-04 -2.37100000e-04 9.25570000e-04 2.77480000e-04 1.41820000e-03 -4.54810000e-04 -1.56360000e-04 3.97800000e-05 8.02640000e-04 6.68190000e-04 5.15110000e-04 2.46140000e-04 -9.80530000e-04 -4.60070000e-04 1.72949000e-03 -7.25800000e-05 9.38250000e-04 -5.61810000e-04 7.08530000e-04 6.87430000e-04 6.58000000e-05 -6.37400000e-04 9.03000000e-05 -8.19490000e-04 -1.35095000e-03 1.65200000e-05 -2.74810000e-04 7.98150000e-04 -3.28910000e-04 3.34130000e-04 -3.30520000e-04 7.29880000e-04 -5.51710000e-04 5.70570000e-04 1.66282000e-03 -1.78177000e-03 -1.48291000e-03 -5.99240000e-04 -9.44960000e-04 1.20270000e-04 3.60480000e-04 -6.80170000e-04 -5.38110000e-04 7.32470000e-04 -3.05060000e-04 -2.93910000e-04 1.32338000e-03 2.53010000e-04 -6.63710000e-04 -5.01420000e-04 -1.01210000e-04 1.53902000e-03 -4.57110000e-04 -3.45200000e-04 4.89400000e-05 -1.44340000e-04 9.50640000e-04 8.53160000e-04 -3.46810000e-04 9.88180000e-04 5.36410000e-04 -7.14800000e-05 -1.11190000e-04 4.33080000e-04 -2.48830000e-04 -9.07510000e-04 4.54400000e-04 -9.88860000e-04 8.97750000e-04 2.13391000e-03 -3.51120000e-04 -4.51990000e-04 -1.80110000e-04 1.31130000e-04 1.24730000e-04 -6.59200000e-05 -2.90920000e-04 -3.61740000e-04 2.68410000e-04 -3.38700000e-05 -2.86700000e-04 2.15800000e-04 -3.85900000e-04 -5.15870000e-04 -1.07735000e-03
2.25380000e-04 -5.49400000e-05 3.20570000e-04 -3.29510000e-04 -1.16035000e-03 1.86530000e-03 1.15880000e-03 3.59850000e-04 1.06260000e-04 3.45130000e-04 1.48800000e-05 -3.28402000e-03 -3.43620000e-04 -9.66900000e-04 -3.48003000e-03 -8.48620000e-04 3.26880000e-04 3.66500000e-05 -2.62900000e-05 2.13365000e-03 -3.39198000e-03 -3.66280000e-04 -1.72010000e-04 -5.96510000e-04 1.14315000e-03 6.61600000e-05 1.11907000e-03 -3.28980000e-04 -1.05764000e-03 6.60700000e-05 1.67636000e-03 5.01940000e-04 2.73990000e-04 2.39830000e-04 -1.29877000e-03 -9.08610000e-04 2.65264000e-03 -2.37260000e-04 1.83240000e-03 -2.10480000e-04 5.02460000e-04 1.18161000e-03 2.60100000e-04 -1.01591000e-03 -3.78520000e-04 -1.02362000e-03 -3.64845000e-03 -7.28200000e-05 -6.56740000e-04 8.05840000e-04 -3.11110000e-04 6.79660000e-04 -7.27270000e-04 8.74090000e-04 -8.77440000e-04 1.03992000e-03 3.21225000e-03 -4.87403000e-03 -3.77554000e-03 -1.82619000e-03 -3.03959000e-03 1.15241000e-03 8.77330000e-04 -2.15134000e-03 -4.84530000e-04 7.96480000e-04 -5.32410000e-04 -5.76430000e-04 1.38368000e-03 -3.94850000e-04 -1.75653000e-03 -7.13930000e-04 -4.87680000e-04 3.28972000e-03 2.33200000e-05 -7.57110000e-04 -7.08570000e-04 6.96400000e-05 1.90331000e-03 9.75230000e-04 -9.23740000e-04 2.10346000e-03 7.25630000e-04 3.81270000e-04 2.17800000e-04 5.43570000e-04 -3.90200000e-04 -1.64321000e-03 -2.08140000e-04 -2.99609000e-03 1.07493000e-03 2.17800000e-03 -5.42700000e-04 -1.13440000e-03 -4.61680000e-04 2.62500000e-05 6.18150000e-04 4.52400000e-05 -2.18800000e-04 -1.85375000e-03 7.31680000e-04 -4.19570000e-04 -9.53120000e-04 -3.64650000e-04 -3.43320000e-04 -1.88238000e-03 -1.92006000e-03
-1.98700000e-05 -3.83600000e-05 -5.11890000e-04 4.05040000e-04 6.85460000e-04 -9.84640000e-04 -6.58380000e-04 -3.13040000e-04 1.95300000e-05 -1.66210000e-04 8.16700000e-05 1.67094000e-03 1.73430000e-04 7.95770000e-04 1.75630000e-03 5.15660000e-04 -1.91560000e-04 -2.04710000e-04 -2.27400000e-05 -1.15879000e-03 1.85683000e-03 3.36600000e-04 2.60350000e-04 3.21370000e-04 -7.68350000e-04 -6.28100000e-05 -4.63810000e-04 3.23050000e-04 5.16830000e-04 -5.11600000e-05 -9.52470000e-04 -3.67330000e-04 -2.15870000e-04 -2.03600000e-04 9.60610000e-04 4.57370000e-04 -1.61223000e-03 1.30600000e-04 -1.03783000e-03 3.69600000e-04 -4.09860000e-04 -7.02680000e-04 -2.01730000e-04 7.21750000e-04 4.61200000e-05 8.97170000e-04 1.82473000e-03 5.33800000e-05 2.92030000e-04 -5.15040000e-04 3.88840000e-04 -2.96480000e-04 4.52620000e-04 -5.20780000e-04 5.00290000e-04 -5.52170000e-04 -1.77367000e-03 2.60942000e-03 2.01578000e-03 1.02873000e-03 1.68506000e-03 -2.85940000e-04 -3.79380000e-04 9.48580000e-04 3.97070000e-04 -4.11480000e-04 3.43420000e-04 4.20790000e-04 -8.52680000e-04 7.99300000e-05 9.52500000e-04 4.74430000e-04 2.39100000e-04 -1.76561000e-03 2.04540000e-04 4.80970000e-04 3.07360000e-04 1.66610000e-04 -1.04056000e-03 -6.28780000e-04 5.49630000e-04 -1.15530000e-03 -4.18610000e-04 -1.61950000e-04 -7.71000000e-05 -3.26590000e-04 2.96080000e-04 1.01834000e-03 2.32600000e-04 1.61393000e-03 -6.25780000e-04 -1.56953000e-03 4.31470000e-04 7.01360000e-04 2.36660000e-04 2.42900000e-05 -2.74910000e-04 7.86800000e-05 2.62940000e-04 8.62140000e-04 -3.09010000e-04 2.17340000e-04 5.62810000e-04 1.56340000e-04 2.55780000e-04 1.05819000e-03 1.35893000e-03
-1.15800000e-05 7.97300000e-05 3.97300000e-04 -2.97170000e-04 -7.94160000e-04 1.40554000e-03 9.19010000e-04 3.73290000e-04 8.26000000e-05 1.66910000e-04 -1.60700000e-05 -2.37195000e-03 -2.03610000e-04 -4.32240000e-04 -2.44739000e-03 -6.04930000e-04 3.23240000e-04 7.31100000e-05 4.62600000e-05 1.50800000e-03 -2.32575000e-03 -4.40180000e-04 -1.34530000e-04 -3.82130000e-04 9.39820000e-04 9.42700000e-05 8.19270000e-04 -3.97060000e-04 -6.44580000e-04 6.63200000e-05 1.10275000e-03 4.73520000e-04 3.43980000e-04 2.24960000e-04 -1.05062000e-03 -6.46750000e-04 2.00836000e-03 -1.24770000e-04 1.37577000e-03 -2.58280000e-04 4.38310000e-04 8.56120000e-04 2.00080000e-04 -7.43900000e-04 -2.10210000e-04 -8.48520000e-04 -2.55714000e-03 2.34500000e-05 -4.07390000e-04 5.95150000e-04 -2.84560000e-04 4.99190000e-04 -4.42430000e-04 5.74820000e-04 -6.19420000e-04 8.19990000e-04 2.28592000e-03 -3.44855000e-03 -2.89883000e-03 -1.30168000e-03 -2.10851000e-03 7.66290000e-04 7.09780000e-04 -1.49527000e-03 -4.13920000e-04 8.25700000e-04 -2.76410000e-04 -4.06200000e-04 1.11223000e-03 -2.79330000e-04 -1.14797000e-03 -5.78620000e-04 -3.75730000e-04 2.35285000e-03 -1.12980000e-04 -5.64850000e-04 -4.78980000e-04 2.14500000e-05 1.35650000e-03 6.71880000e-04 -6.53350000e-04 1.54478000e-03 5.90570000e-04 2.12720000e-04 1.50220000e-04 4.57960000e-04 -2.34000000e-04 -1.35682000e-03 1.63020000e-04 -2.31579000e-03 7.27020000e-04 1.64326000e-03 -5.19080000e-04 -8.86890000e-04 -4.85340000e-04 -4.32800000e-05 2.26450000e-04 -7.75000000e-05 -2.82900000e-04 -1.32490000e-03 4.43510000e-04 -3.81060000e-04 -7.63900000e-04 -3.06200000e-04 -4.30390000e-04 -1.49186000e-03 -1.51329000e-03
3.77770000e-04 -7.18300000e-04 -1.31354000e-03 8.33240000e-04 -2.06110000e-04 -4.53690000e-04 -5.69680000e-04 -9.40740000e-04 -2.56600000e-04 -7.61750000e-04 1.18300000e-04 -5.79180000e-04 -2.15950000e-04 6.27500000e-04 -9.50740000e-04 2.57530000e-04 -6.93080000e-04 -5.02130000e-04 -5.14980000e-04 -3.45880000e-04 -7.65660000e-04 2.54120000e-04 3.49370000e-04 -1.79340000e-04 -1.04125000e-03 -4.78200000e-05 -4.47480000e-04 2.13330000e-04 -5.51640000e-04 -9.69700000e-05 2.92550000e-04 -4.20370000e-04 -4.47970000e-04 -3.81170000e-04 1.19019000e-03 1.07440000e-04 -1.36793000e-03 -2.11200000e-04 -5.92530000e-04 1.05515000e-03 -2.19770000e-04 -3.05910000e-04 3.18200000e-05 7.90320000e-04 -2.21070000e-04 1.23726000e-03 5.07000000e-05 -4.64070000e-04 -1.36960000e-04 -5.12270000e-04 6.82590000e-04 -8.82600000e-05 7.18200000e-05 -1.05884000e-03 2.52210000e-04 -7.07680000e-04 -5.05410000e-04 -1.26740000e-04 8.30670000e-04 -4.17950000e-04 -5.43020000e-04 8.79700000e-04 -5.86770000e-04 -1.74110000e-04 7.77040000e-04 -1.28804000e-03 -2.51410000e-04 2.93640000e-04 -5.54060000e-04 -1.58510000e-04 -5.83680000e-04 6.77120000e-04 2.89660000e-04 -4.50200000e-04 9.24280000e-04 -3.76150000e-04 -1.42610000e-04 3.82490000e-04 -2.84860000e-04 -1.70240000e-04 3.67270000e-04 -4.86260000e-04 -4.76910000e-04 -1.53090000e-04 -1.53370000e-04 -7.49100000e-04 -3.79140000e-04 5.08940000e-04 -1.43562000e-03 2.73130000e-04 -1.16696000e-03 -2.89471000e-03 2.74000000e-05 -2.74500000e-04 -4.44600000e-05 -6.78430000e-04 5.84310000e-04 -2.02010000e-04 -7.48700000e-05 -8.19720000e-04 -6.85100000e-04 -5.02410000e-04 -4.00260000e-04 -9.74950000e-04 2.83370000e-04 1.07400000e-04 1.07279000e-03
2.60560000e-04 -5.44600000e-05 -8.21790000e-04 4.36680000e-04 2.08910000e-04 1.30290000e-04 -4.41700000e-05 -2.34980000e-04 1.89200000e-04 -1.74930000e-04 1.91330000e-04 -6.16590000e-04 1.08920000e-04 3.15940000e-04 -8.73900000e-04 -5.50000000e-07 2.46900000e-05 -5.72620000e-04 -8.73600000e-05 -1.02920000e-04 -4.31800000e-04 3.11700000e-04 1.80740000e-04 1.53170000e-04 -3.53520000e-04 -1.69100000e-04 -6.83650000e-04 3.03620000e-04 -1.18800000e-04 1.31100000e-04 -3.65830000e-04 -2.60820000e-04 -1.36610000e-04 -3.13000000e-05 3.80480000e-04 6.08500000e-05 -5.53840000e-04 1.23150000e-04 -1.08050000e-04 5.35990000e-04 -4.06650000e-04 -2.04300000e-04 3.89900000e-05 3.70650000e-04 -1.31340000e-04 3.91710000e-04 -2.26350000e-04 3.34100000e-05 -6.40000000e-07 -3.61800000e-04 3.90840000e-04 5.06000000e-05 1.11020000e-04 -2.74640000e-04 2.75370000e-04 -9.95400000e-05 -2.85120000e-04 -3.06430000e-04 -2.02430000e-04 1.88400000e-05 -2.16340000e-04 5.53850000e-04 2.28000000e-04 -3.21270000e-04 3.79360000e-04 -2.04030000e-04 2.17060000e-04 1.20220000e-04 -5.86500000e-04 -4.00660000e-04 -7.43100000e-05 2.94340000e-04 6.23800000e-05 -1.29060000e-04 3.43020000e-04 -8.08900000e-05 -3.33220000e-04 2.40740000e-04 -1.11530000e-04 -4.54490000e-04 7.33500000e-05 -1.14220000e-04 -2.27000000e-04 2.52000000e-05 1.59220000e-04 -7.79500000e-05 1.06090000e-04 1.87020000e-04 -2.07500000e-04 -3.46300000e-04 -3.33220000e-04 -1.05733000e-03 1.37530000e-04 6.77300000e-05 1.59200000e-05 -4.32200000e-05 9.40200000e-05 1.32990000e-04 2.16130000e-04 -2.95860000e-04 1.09830000e-04 -3.94800000e-05 -3.84100000e-05 -2.73520000e-04 2.61370000e-04 -2.75040000e-04 4.18630000e-04
-3.33920000e-04 6.78420000e-04 1.43979000e-03 -9.69210000e-04 -5.85950000e-04 1.82264000e-03 1.45585000e-03 1.10266000e-03 3.06020000e-04 7.06890000e-04 -3.66200000e-05 -1.73821000e-03 2.84800000e-05 -7.40260000e-04 -1.48849000e-03 -9.43390000e-04 9.36950000e-04 3.30870000e-04 6.38920000e-04 1.81907000e-03 -1.49596000e-03 -6.31620000e-04 -4.52400000e-04 -2.34850000e-04 1.80369000e-03 2.37800000e-05 1.11381000e-03 -5.48940000e-04 -1.11520000e-04 1.55280000e-04 1.00987000e-03 7.08540000e-04 6.13880000e-04 5.50230000e-04 -1.98891000e-03 -7.46730000e-04 3.11805000e-03 9.69900000e-05 1.93246000e-03 -1.11086000e-03 4.14390000e-04 1.13979000e-03 2.18150000e-04 -1.52005000e-03 -7.24300000e-05 -1.74871000e-03 -2.55248000e-03 4.75400000e-04 -2.24190000e-04 9.39170000e-04 -9.02470000e-04 5.96190000e-04 -3.97520000e-04 1.43063000e-03 -7.52620000e-04 1.49444000e-03 2.81276000e-03 -3.17859000e-03 -3.78882000e-03 -8.97990000e-04 -1.51521000e-03 1.05980000e-04 1.24769000e-03 -1.33497000e-03 -1.05611000e-03 1.95155000e-03 5.72400000e-05 -6.76230000e-04 1.44561000e-03 -2.52420000e-04 -5.67380000e-04 -1.20924000e-03 -7.09540000e-04 2.76775000e-03 -8.53440000e-04 -5.70400000e-05 -4.55260000e-04 -3.14920000e-04 1.61014000e-03 7.70710000e-04 -1.05246000e-03 2.01223000e-03 9.84460000e-04 5.87140000e-04 4.10210000e-04 1.09478000e-03 1.73880000e-04 -1.84523000e-03 1.28811000e-03 -2.60149000e-03 1.63281000e-03 3.98665000e-03 -4.93500000e-04 -7.34790000e-04 -5.39790000e-04 5.49890000e-04 -2.69870000e-04 7.47100000e-05 -1.25990000e-04 -8.43280000e-04 1.07264000e-03 -2.21300000e-05 -4.89160000e-04 4.85950000e-04 -6.78290000e-04 -1.69324000e-03 -2.75383000e-03
3.17270000e-04 -7.44620000e-04 -1.49602000e-03 1.10109000e-03 2.46360000e-04 -1.23594000e-03 -1.10036000e-03 -1.09782000e-03 -3.34840000e-04 -8.91460000e-04 5.23900000e-05 6.47950000e-04 -1.42710000e-04 9.01160000e-04 3.76990000e-04 7.44510000e-04 -8.97520000e-04 -3.99970000e-04 -6.53280000e-04 -1.14292000e-03 5.06570000e-04 4.12010000e-04 5.02360000e-04 5.54300000e-05 -1.56219000e-03 1.66500000e-05 -6.46140000e-04 3.39810000e-04 -2.11630000e-04 -1.12890000e-04 -3.47490000e-04 -5.14890000e-04 -4.80590000e-04 -5.01140000e-04 1.87071000e-03 4.20760000e-04 -2.47499000e-03 -1.64390000e-04 -1.38229000e-03 1.27637000e-03 -2.69050000e-04 -7.73500000e-04 -1.11180000e-04 1.35652000e-03 -5.55300000e-05 1.83876000e-03 1.39638000e-03 -5.28820000e-04 2.72000000e-05 -7.67350000e-04 1.00220000e-03 -3.47770000e-04 3.51290000e-04 -1.47406000e-03 5.50670000e-04 -1.23799000e-03 -1.75239000e-03 1.69714000e-03 2.52892000e-03 3.04930000e-04 5.97710000e-04 5.63460000e-04 -9.77320000e-04 5.60260000e-04 1.06017000e-03 -1.73981000e-03 -1.41880000e-04 6.10970000e-04 -9.82290000e-04 8.41000000e-05 -6.89400000e-05 1.07153000e-03 6.14030000e-04 -1.72293000e-03 9.96750000e-04 -2.21010000e-04 2.09530000e-04 4.55610000e-04 -1.02191000e-03 -4.33710000e-04 8.52000000e-04 -1.36600000e-03 -8.01340000e-04 -5.03540000e-04 -3.83770000e-04 -1.02625000e-03 -3.42740000e-04 1.27211000e-03 -1.46113000e-03 1.60927000e-03 -1.62358000e-03 -3.96399000e-03 2.36900000e-04 1.82310000e-04 1.90860000e-04 -7.79460000e-04 4.42840000e-04 -2.21900000e-04 -5.23200000e-05 -1.45640000e-04 -1.07277000e-03 -3.60090000e-04 -3.16700000e-05 -8.99100000e-04 4.25140000e-04 9.92900000e-04 2.10535000e-03
8.83200000e-04 -4.23620000e-04 -6.50300000e-05 -2.76150000e-04 -1.51761000e-03 1.94592000e-03 1.00247000e-03 -1.89200000e-05 1.26350000e-04 6.66880000e-04 2.25700000e-05 -4.02293000e-03 -5.25710000e-04 -1.73673000e-03 -4.31695000e-03 -1.07995000e-03 9.18900000e-05 -7.98900000e-05 -1.57250000e-04 2.47017000e-03 -4.25670000e-03 4.17600000e-05 -1.94140000e-04 -8.79150000e-04 9.13390000e-04 -8.49100000e-05 1.32812000e-03 6.70400000e-05 -1.47552000e-03 -5.50000000e-07 1.88737000e-03 2.27000000e-04 -5.59100000e-05 9.36300000e-05 -1.34675000e-03 -1.18521000e-03 2.67872000e-03 -3.61810000e-04 1.87356000e-03 8.33700000e-05 2.85010000e-04 1.19897000e-03 1.36350000e-04 -1.12518000e-03 -7.23840000e-04 -9.45690000e-04 -4.49141000e-03 -3.47810000e-04 -9.94090000e-04 8.97870000e-04 -2.33300000e-04 8.33760000e-04 -1.12963000e-03 1.25579000e-03 -1.06042000e-03 9.68500000e-04 3.71220000e-03 -5.93330000e-03 -4.02805000e-03 -2.25204000e-03 -3.78798000e-03 1.78911000e-03 8.25850000e-04 -2.77298000e-03 -4.32000000e-04 4.29100000e-04 -8.56020000e-04 -7.57410000e-04 1.31241000e-03 -5.75580000e-04 -2.39808000e-03 -5.96550000e-04 -4.73840000e-04 3.67747000e-03 2.92750000e-04 -9.17440000e-04 -1.00444000e-03 1.39180000e-04 2.16014000e-03 9.94290000e-04 -1.03065000e-03 2.20998000e-03 6.04470000e-04 6.07530000e-04 2.51610000e-04 3.81880000e-04 -6.39900000e-04 -1.44090000e-03 -6.75940000e-04 -3.02493000e-03 1.45762000e-03 2.40811000e-03 -1.68520000e-04 -1.02285000e-03 -9.89100000e-05 3.36110000e-04 1.44039000e-03 4.35700000e-04 2.13530000e-04 -2.10752000e-03 1.20633000e-03 -1.15500000e-04 -8.15190000e-04 -1.86950000e-04 1.60030000e-04 -1.77175000e-03 -1.70671000e-03
-9.41200000e-05 4.13780000e-04 1.83591000e-03 -1.19233000e-03 -1.83169000e-03 3.07813000e-03 2.12782000e-03 1.27463000e-03 1.25660000e-04 9.24770000e-04 -3.10990000e-04 -4.62443000e-03 -4.98160000e-04 -2.09958000e-03 -4.45651000e-03 -1.39075000e-03 8.34350000e-04 8.52510000e-04 2.58450000e-04 3.50987000e-03 -4.62364000e-03 -1.07635000e-03 -5.95780000e-04 -8.96150000e-04 2.58892000e-03 3.78610000e-04 2.41162000e-03 -9.81280000e-04 -1.20314000e-03 9.65000000e-05 2.61965000e-03 1.37069000e-03 9.79730000e-04 5.97360000e-04 -2.92318000e-03 -1.52204000e-03 5.17188000e-03 -3.12550000e-04 3.24548000e-03 -1.18924000e-03 1.39929000e-03 2.07126000e-03 3.52190000e-04 -2.09497000e-03 -2.49060000e-04 -2.51288000e-03 -5.49635000e-03 6.85700000e-05 -9.62210000e-04 1.82706000e-03 -1.01308000e-03 1.10940000e-03 -1.18624000e-03 1.97440000e-03 -1.66056000e-03 1.96206000e-03 5.41167000e-03 -7.37474000e-03 -6.21233000e-03 -2.71795000e-03 -4.37819000e-03 1.08093000e-03 1.48226000e-03 -3.01900000e-03 -1.40658000e-03 2.08129000e-03 -8.16080000e-04 -1.10367000e-03 3.11324000e-03 -2.19320000e-04 -2.48274000e-03 -1.59384000e-03 -8.44290000e-04 5.38804000e-03 -8.54890000e-04 -1.17830000e-03 -8.00190000e-04 -2.97570000e-04 3.11848000e-03 1.96636000e-03 -1.60634000e-03 3.54233000e-03 1.54219000e-03 4.18820000e-04 1.42240000e-04 1.25876000e-03 -6.34460000e-04 -3.08571000e-03 6.02220000e-04 -4.68163000e-03 2.37916000e-03 5.42259000e-03 -1.08696000e-03 -1.80335000e-03 -8.19860000e-04 2.92810000e-04 5.67310000e-04 -4.23300000e-05 -6.03880000e-04 -2.28979000e-03 1.21415000e-03 -4.80230000e-04 -1.38243000e-03 -2.72100000e-05 -9.84880000e-04 -2.87620000e-03 -3.80859000e-03
-9.44900000e-05 1.24320000e-04 -5.81200000e-05 9.17500000e-05 1.31780000e-04 1.68140000e-04 1.29410000e-04 7.20400000e-05 1.21410000e-04 -1.26180000e-04 4.91600000e-05 -1.76040000e-04 1.63480000e-04 3.62690000e-04 -1.61550000e-04 -8.55000000e-06 1.55500000e-04 -1.18550000e-04 1.53380000e-04 6.58900000e-05 5.13000000e-05 -1.25630000e-04 3.88700000e-05 1.15520000e-04 4.86800000e-05 -3.39300000e-05 2.00000000e-06 -1.12170000e-04 1.68840000e-04 1.19380000e-04 -2.20520000e-04 3.01300000e-05 9.75700000e-05 1.30280000e-04 -7.04000000e-06 -2.50000000e-06 2.29000000e-05 1.67450000e-04 7.82500000e-05 6.80600000e-05 -1.01880000e-04 3.68300000e-05 9.60500000e-05 5.54800000e-05 2.67900000e-05 5.16900000e-05 -1.21900000e-05 1.35340000e-04 1.04280000e-04 -9.81600000e-05 7.56500000e-05 4.84500000e-05 1.51860000e-04 -1.32140000e-04 1.55800000e-04 1.25000000e-04 4.60000000e-07 -5.31100000e-05 -4.46020000e-04 5.89200000e-05 6.55200000e-05 2.29420000e-04 2.49220000e-04 -8.16900000e-05 9.96700000e-05 2.85820000e-04 2.42980000e-04 3.80900000e-05 -3.80700000e-05 -8.44900000e-05 1.07460000e-04 2.74800000e-05 -5.58000000e-06 3.84800000e-05 4.46700000e-05 3.16600000e-05 -2.69600000e-05 6.27700000e-05 6.46600000e-05 -1.73360000e-04 2.57000000e-05 6.58900000e-05 3.13500000e-05 3.54900000e-05 1.57060000e-04 9.59100000e-05 1.39780000e-04 -2.03880000e-04 4.84960000e-04 -3.79970000e-04 -1.32790000e-04 -1.95780000e-04 -1.17510000e-04 -9.49200000e-05 -1.67410000e-04 -8.25000000e-05 -2.15070000e-04 -9.51000000e-05 -7.41000000e-05 -1.78840000e-04 -1.78700000e-05 -7.68500000e-05 -1.26320000e-04 -1.37230000e-04 -1.09100000e-04 -2.78790000e-04 -3.25500000e-05
7.92460000e-04 -4.93570000e-04 5.23980000e-04 -8.61300000e-04 -3.32465000e-03 4.84999000e-03 2.92784000e-03 5.47560000e-04 1.26530000e-04 6.51220000e-04 -4.58000000e-05 -8.64916000e-03 -1.06940000e-03 -2.69865000e-03 -8.78060000e-03 -2.62182000e-03 5.72530000e-04 -3.54700000e-05 1.00420000e-04 6.04623000e-03 -8.67437000e-03 -1.04504000e-03 -6.60670000e-04 -1.84480000e-03 2.81188000e-03 -1.41790000e-04 2.56785000e-03 -9.90960000e-04 -2.79475000e-03 9.87800000e-05 4.79041000e-03 1.00864000e-03 2.73170000e-04 4.93920000e-04 -3.26931000e-03 -2.91001000e-03 6.96688000e-03 -6.77550000e-04 4.85328000e-03 -2.07860000e-04 9.29570000e-04 3.19100000e-03 4.90340000e-04 -2.92152000e-03 -1.26450000e-03 -1.95337000e-03 -1.01555300e-02 -4.67470000e-04 -2.06670000e-03 2.02631000e-03 -8.25640000e-04 1.75301000e-03 -2.14360000e-03 2.09539000e-03 -2.47511000e-03 2.66424000e-03 9.25051000e-03 -1.31738600e-02 -1.04358800e-02 -5.00388000e-03 -8.03166000e-03 3.99202000e-03 2.25976000e-03 -6.32448000e-03 -1.29780000e-03 1.79509000e-03 -1.47836000e-03 -1.81530000e-03 3.77052000e-03 -1.34220000e-03 -5.27121000e-03 -1.91523000e-03 -1.46679000e-03 9.09025000e-03 1.20440000e-04 -1.98006000e-03 -2.27468000e-03 7.38700000e-05 5.27561000e-03 2.58825000e-03 -2.64920000e-03 5.60952000e-03 1.75520000e-03 1.30975000e-03 4.64060000e-04 1.18650000e-03 -1.36151000e-03 -4.53120000e-03 -9.02930000e-04 -7.90205000e-03 2.63312000e-03 5.13492000e-03 -1.36312000e-03 -3.51379000e-03 -1.45426000e-03 -1.44010000e-04 2.16847000e-03 -4.40900000e-05 -5.30570000e-04 -5.98387000e-03 1.79027000e-03 -1.42712000e-03 -2.92258000e-03 -1.35146000e-03 -9.54260000e-04 -4.83058000e-03 -5.25276000e-03
-2.55500000e-05 2.31860000e-04 8.39780000e-04 -7.62970000e-04 -9.85130000e-04 1.80639000e-03 1.27957000e-03 5.81530000e-04 1.75330000e-04 5.72460000e-04 1.03600000e-05 -2.48534000e-03 -1.81420000e-04 -8.40170000e-04 -2.30183000e-03 -1.01774000e-03 5.94950000e-04 1.85010000e-04 3.67520000e-04 2.02063000e-03 -2.29728000e-03 -5.56400000e-04 -3.97250000e-04 -5.15210000e-04 1.46562000e-03 -3.17000000e-06 1.25014000e-03 -5.08100000e-04 -5.45890000e-04 5.74300000e-05 1.14174000e-03 4.69430000e-04 2.64300000e-04 4.05360000e-04 -1.69594000e-03 -8.81380000e-04 2.92910000e-03 -7.23500000e-05 1.87563000e-03 -6.77370000e-04 4.13080000e-04 1.16489000e-03 2.08500000e-04 -1.29315000e-03 -3.79990000e-04 -1.32087000e-03 -3.03543000e-03 2.03520000e-04 -4.57060000e-04 8.17210000e-04 -7.42730000e-04 6.08200000e-04 -6.79520000e-04 1.14923000e-03 -8.19290000e-04 1.31584000e-03 3.06428000e-03 -3.96271000e-03 -3.89885000e-03 -1.44947000e-03 -2.22410000e-03 8.38960000e-04 1.08986000e-03 -1.75690000e-03 -8.21400000e-04 1.52712000e-03 -1.96080000e-04 -7.44870000e-04 1.52181000e-03 -3.86240000e-04 -1.15422000e-03 -9.94820000e-04 -7.42610000e-04 3.01666000e-03 -4.58070000e-04 -3.38500000e-04 -6.29540000e-04 -2.09300000e-04 1.84069000e-03 7.44930000e-04 -1.02433000e-03 2.05552000e-03 8.61070000e-04 5.75260000e-04 3.57300000e-04 7.97750000e-04 -1.13400000e-04 -1.81730000e-03 1.06714000e-03 -2.79824000e-03 1.37055000e-03 3.00347000e-03 -5.06730000e-04 -9.90720000e-04 -5.50680000e-04 2.85250000e-04 1.98250000e-04 3.74100000e-05 -1.76970000e-04 -1.41544000e-03 8.96810000e-04 -2.28270000e-04 -7.51250000e-04 2.63600000e-05 -5.23930000e-04 -1.62963000e-03 -1.90527000e-03
2.31900000e-05 3.29510000e-04 9.23670000e-04 -7.73830000e-04 -9.88410000e-04 2.08105000e-03 1.42775000e-03 7.40680000e-04 2.97610000e-04 6.25640000e-04 -1.97300000e-05 -2.96774000e-03 -1.02480000e-04 -1.07277000e-03 -2.89315000e-03 -1.13220000e-03 7.31150000e-04 9.86100000e-05 4.58400000e-04 2.21775000e-03 -2.71535000e-03 -5.65940000e-04 -4.29700000e-04 -4.88830000e-04 1.58476000e-03 -7.87500000e-05 1.01578000e-03 -4.89000000e-04 -5.72060000e-04 1.46900000e-04 1.20897000e-03 5.32820000e-04 3.92190000e-04 4.70450000e-04 -1.93255000e-03 -1.00732000e-03 3.16222000e-03 1.73900000e-05 2.07600000e-03 -7.22860000e-04 2.74590000e-04 1.23993000e-03 2.40020000e-04 -1.50614000e-03 -3.39970000e-04 -1.61291000e-03 -3.51661000e-03 2.39730000e-04 -5.03540000e-04 8.76730000e-04 -7.29890000e-04 7.12460000e-04 -6.97430000e-04 1.34955000e-03 -8.55690000e-04 1.45458000e-03 3.34254000e-03 -4.58946000e-03 -4.55492000e-03 -1.53275000e-03 -2.55269000e-03 8.93280000e-04 1.28341000e-03 -2.04028000e-03 -8.55230000e-04 1.68951000e-03 -1.90270000e-04 -8.03670000e-04 1.46838000e-03 -4.78530000e-04 -1.28273000e-03 -1.05217000e-03 -7.34440000e-04 3.30210000e-03 -4.81990000e-04 -4.27140000e-04 -7.61230000e-04 -1.96790000e-04 1.95873000e-03 7.37770000e-04 -1.15217000e-03 2.23713000e-03 9.08790000e-04 6.77030000e-04 4.71930000e-04 9.26890000e-04 -8.45200000e-05 -2.04781000e-03 9.97550000e-04 -3.30490000e-03 1.55985000e-03 3.51134000e-03 -5.45090000e-04 -1.03119000e-03 -5.63960000e-04 4.13220000e-04 1.96070000e-04 1.01270000e-04 -1.05510000e-04 -1.54269000e-03 1.14003000e-03 -1.42910000e-04 -7.92440000e-04 1.19150000e-04 -5.08300000e-04 -2.09597000e-03 -2.59040000e-03
-7.00190000e-04 8.16710000e-04 2.10068000e-03 -1.19165000e-03 -2.54460000e-04 9.78040000e-04 1.01968000e-03 1.23725000e-03 1.08470000e-04 6.92950000e-04 -2.53620000e-04 9.49000000e-06 9.26600000e-05 -7.63660000e-04 5.25020000e-04 -4.79280000e-04 7.86000000e-04 9.46290000e-04 6.10630000e-04 1.03530000e-03 1.15840000e-04 -8.08840000e-04 -5.23340000e-04 -6.63300000e-05 1.66547000e-03 2.56200000e-04 1.48177000e-03 -7.44790000e-04 4.04490000e-04 7.62700000e-05 5.60310000e-04 8.62340000e-04 7.55640000e-04 5.37660000e-04 -1.78367000e-03 -3.19190000e-04 2.50426000e-03 1.00170000e-04 1.28522000e-03 -1.47910000e-03 7.51450000e-04 8.40470000e-04 1.40430000e-04 -1.27384000e-03 3.37980000e-04 -1.76210000e-03 -7.73260000e-04 4.76260000e-04 8.51000000e-05 9.69480000e-04 -1.04641000e-03 2.74820000e-04 -2.16470000e-04 1.23094000e-03 -5.73800000e-04 1.08972000e-03 1.69227000e-03 -9.59690000e-04 -1.92960000e-03 -1.73460000e-04 -1.82040000e-04 -9.31130000e-04 6.71040000e-04 -4.79600000e-05 -1.12032000e-03 1.73631000e-03 3.94300000e-05 -4.95030000e-04 1.47311000e-03 3.64030000e-04 1.87030000e-04 -1.06407000e-03 -4.20730000e-04 1.48699000e-03 -1.20476000e-03 1.54150000e-04 2.04220000e-04 -5.56280000e-04 9.50860000e-04 8.19210000e-04 -6.26710000e-04 1.22117000e-03 8.82990000e-04 1.94600000e-04 1.14010000e-04 9.52110000e-04 1.84760000e-04 -1.34052000e-03 1.50346000e-03 -1.09337000e-03 1.41284000e-03 3.92987000e-03 -4.99070000e-04 -3.47220000e-04 -3.35560000e-04 4.74980000e-04 -6.50760000e-04 -1.21810000e-04 -3.62060000e-04 2.78870000e-04 5.43240000e-04 1.60040000e-04 -9.78100000e-05 8.02560000e-04 -7.74310000e-04 -6.95800000e-04 -2.17910000e-03
-1.59850000e-04 5.93240000e-04 8.10720000e-04 -5.30040000e-04 1.89160000e-04 5.95840000e-04 6.51390000e-04 6.80820000e-04 2.95050000e-04 6.07160000e-04 2.92700000e-05 3.10660000e-04 2.35200000e-04 9.23700000e-05 7.13750000e-04 -3.64050000e-04 6.62750000e-04 1.36460000e-04 6.54750000e-04 4.25370000e-04 7.38410000e-04 -1.11310000e-04 -2.08240000e-04 1.38160000e-04 8.86820000e-04 -3.21000000e-05 6.03870000e-04 -5.36500000e-05 5.48180000e-04 8.25200000e-05 -1.15610000e-04 2.60660000e-04 3.14440000e-04 3.17930000e-04 -8.92090000e-04 -1.85630000e-04 1.19536000e-03 2.49510000e-04 6.84780000e-04 -6.51280000e-04 -6.63000000e-06 3.01550000e-04 7.19000000e-06 -6.38470000e-04 -9.70000000e-07 -6.57540000e-04 -2.49370000e-04 5.01610000e-04 1.32570000e-04 3.25220000e-04 -4.87930000e-04 2.19610000e-04 1.41930000e-04 9.00590000e-04 -1.35780000e-04 7.94680000e-04 6.83660000e-04 8.30000000e-07 -1.13442000e-03 2.62890000e-04 4.96720000e-04 -1.66000000e-04 7.33060000e-04 -1.32290000e-04 -5.94350000e-04 1.35303000e-03 4.83710000e-04 -2.26330000e-04 5.12180000e-04 -1.18940000e-04 5.03360000e-04 -6.27700000e-04 -4.15900000e-04 6.48290000e-04 -6.43470000e-04 4.83770000e-04 -6.91600000e-05 -1.91410000e-04 3.81540000e-04 4.57100000e-05 -4.16990000e-04 6.17360000e-04 4.79720000e-04 3.78330000e-04 2.95150000e-04 6.57630000e-04 4.47620000e-04 -4.97540000e-04 1.53743000e-03 -4.74370000e-04 9.66910000e-04 2.14125000e-03 1.55840000e-04 1.75420000e-04 -1.18000000e-04 6.73180000e-04 -3.49730000e-04 2.68900000e-04 2.99300000e-04 3.26960000e-04 7.65780000e-04 3.41720000e-04 2.78780000e-04 7.40290000e-04 -2.05790000e-04 -1.69670000e-04 -7.81230000e-04
-3.11720000e-04 -1.03870000e-04 4.00190000e-04 -2.30570000e-04 7.58230000e-04 -2.28833000e-03 -1.30388000e-03 -4.57710000e-04 -4.95820000e-04 2.49930000e-04 -1.75170000e-04 4.27550000e-03 -8.39300000e-05 6.85620000e-04 4.85626000e-03 8.66880000e-04 -5.40100000e-04 5.46260000e-04 -1.79410000e-04 -2.32480000e-03 4.09671000e-03 4.08570000e-04 3.86300000e-05 1.81160000e-04 -9.05460000e-04 1.72380000e-04 2.44720000e-04 3.39440000e-04 9.25540000e-04 -5.39180000e-04 -1.50034000e-03 -4.06690000e-04 -4.01840000e-04 -4.45950000e-04 1.05649000e-03 8.90590000e-04 -2.23277000e-03 -2.39690000e-04 -1.90149000e-03 -3.30780000e-04 1.91600000e-05 -1.21466000e-03 -5.64920000e-04 7.72730000e-04 1.08380000e-04 8.06140000e-04 4.09117000e-03 -2.11300000e-05 5.22990000e-04 -4.30890000e-04 -2.28840000e-04 -7.55190000e-04 4.80060000e-04 -2.83480000e-04 3.70140000e-04 -1.02641000e-03 -3.23153000e-03 5.65738000e-03 4.76793000e-03 1.72897000e-03 3.43777000e-03 -1.86952000e-03 -1.28307000e-03 2.61667000e-03 -6.65600000e-05 -4.59450000e-04 1.41500000e-04 4.69350000e-04 -7.59120000e-04 7.72790000e-04 1.98647000e-03 3.89980000e-04 2.06950000e-04 -3.48430000e-03 -4.40920000e-04 9.84690000e-04 1.06577000e-03 -3.19850000e-04 -1.94002000e-03 -5.61460000e-04 8.52760000e-04 -2.16366000e-03 -4.68220000e-04 -5.14020000e-04 -5.60900000e-04 -5.90800000e-04 2.65160000e-04 1.99680000e-03 8.72560000e-04 4.20732000e-03 -3.75650000e-04 -9.23400000e-04 8.56650000e-04 1.53719000e-03 7.04120000e-04 3.63700000e-04 -4.97420000e-04 2.06920000e-04 3.44600000e-04 2.64422000e-03 -5.57990000e-04 7.24570000e-04 1.44317000e-03 1.04536000e-03 2.79760000e-04 2.96778000e-03 2.61221000e-03
-2.99500000e-04 2.79370000e-04 2.42290000e-04 -3.47900000e-05 5.28270000e-04 -4.64480000e-04 -2.08440000e-04 1.84900000e-04 8.54700000e-05 -7.64500000e-05 -6.22400000e-05 1.19161000e-03 2.64150000e-04 3.99180000e-04 1.36595000e-03 2.73800000e-04 1.17450000e-04 9.02800000e-05 2.18010000e-04 -6.55770000e-04 1.43581000e-03 -9.23500000e-05 4.70000000e-07 3.13870000e-04 -1.24920000e-04 -9.81000000e-06 -1.44110000e-04 -7.50400000e-05 6.31490000e-04 5.34500000e-05 -7.28770000e-04 9.40000000e-07 1.30470000e-04 5.12700000e-05 1.79440000e-04 2.78420000e-04 -6.01360000e-04 2.27040000e-04 -4.63420000e-04 -1.18480000e-04 -1.51390000e-04 -3.40880000e-04 -7.71700000e-05 2.06030000e-04 2.77270000e-04 7.72600000e-05 1.26836000e-03 2.05640000e-04 3.07110000e-04 -1.96150000e-04 2.01000000e-06 -1.95700000e-04 3.29030000e-04 -1.79330000e-04 3.06070000e-04 -1.37180000e-04 -1.01603000e-03 1.72119000e-03 8.50290000e-04 7.66090000e-04 1.24493000e-03 -5.20310000e-04 -6.84700000e-05 7.73800000e-04 4.18800000e-05 1.97880000e-04 3.41000000e-04 1.68110000e-04 -3.29700000e-04 1.68920000e-04 8.28850000e-04 1.49930000e-04 1.08370000e-04 -1.05349000e-03 -2.21360000e-04 3.20480000e-04 2.96030000e-04 -8.65300000e-05 -5.96560000e-04 -3.72580000e-04 2.53180000e-04 -6.17570000e-04 -7.07600000e-05 -1.16090000e-04 5.13000000e-06 3.68200000e-05 2.84150000e-04 2.64920000e-04 6.56830000e-04 7.09270000e-04 -2.27520000e-04 -1.99100000e-04 4.46400000e-05 3.54410000e-04 1.02500000e-05 4.85700000e-05 -5.44370000e-04 -9.37800000e-05 -2.50500000e-05 7.25240000e-04 -1.95180000e-04 1.63990000e-04 3.04790000e-04 2.34690000e-04 -9.61700000e-05 4.00500000e-04 2.28460000e-04
1.07590000e-04 6.92300000e-05 5.82190000e-04 -4.71170000e-04 -1.06069000e-03 1.79201000e-03 1.16437000e-03 4.93000000e-04 1.17090000e-04 4.57910000e-04 -2.89300000e-05 -2.92743000e-03 -2.86990000e-04 -9.96680000e-04 -3.03183000e-03 -8.14320000e-04 4.19940000e-04 1.66520000e-04 4.11600000e-05 2.04142000e-03 -3.00034000e-03 -4.32180000e-04 -2.30730000e-04 -5.35310000e-04 1.24534000e-03 7.80500000e-05 1.22248000e-03 -3.90420000e-04 -8.93660000e-04 6.92600000e-05 1.47690000e-03 5.61980000e-04 3.43460000e-04 3.03460000e-04 -1.41670000e-03 -8.60370000e-04 2.71659000e-03 -1.93590000e-04 1.79197000e-03 -4.12140000e-04 5.32450000e-04 1.15957000e-03 2.43700000e-04 -1.07130000e-03 -3.19700000e-04 -1.17931000e-03 -3.35995000e-03 1.66400000e-05 -5.78910000e-04 8.42400000e-04 -4.27010000e-04 6.34360000e-04 -6.75540000e-04 9.85790000e-04 -8.52510000e-04 1.08433000e-03 3.05152000e-03 -4.48085000e-03 -3.62303000e-03 -1.62683000e-03 -2.72051000e-03 8.78550000e-04 9.05350000e-04 -1.93591000e-03 -5.87010000e-04 1.00577000e-03 -4.63570000e-04 -5.85330000e-04 1.41327000e-03 -2.96590000e-04 -1.51909000e-03 -7.75240000e-04 -4.97340000e-04 3.10710000e-03 -1.47970000e-04 -6.50280000e-04 -5.91430000e-04 -1.55000000e-05 1.83186000e-03 9.55620000e-04 -9.04730000e-04 2.02387000e-03 7.55200000e-04 3.36830000e-04 2.21940000e-04 6.32210000e-04 -3.05260000e-04 -1.63417000e-03 1.64070000e-04 -2.80627000e-03 1.19834000e-03 2.56068000e-03 -5.37670000e-04 -1.00285000e-03 -4.33950000e-04 1.23580000e-04 4.31430000e-04 4.88500000e-05 -2.30690000e-04 -1.54028000e-03 7.69780000e-04 -3.01800000e-04 -8.15010000e-04 -1.62050000e-04 -3.92510000e-04 -1.74310000e-03 -1.89799000e-03
-3.67690000e-04 4.90190000e-04 9.00540000e-04 -4.42790000e-04 3.73270000e-04 -1.18190000e-04 1.36640000e-04 5.24930000e-04 1.06770000e-04 2.66660000e-04 -9.85600000e-05 1.12246000e-03 2.60620000e-04 1.53520000e-04 1.42466000e-03 6.48300000e-05 3.55540000e-04 3.79290000e-04 3.97920000e-04 -2.71090000e-04 1.30693000e-03 -2.25070000e-04 -1.62850000e-04 2.41110000e-04 4.21560000e-04 8.03200000e-05 4.09840000e-04 -1.86380000e-04 6.68040000e-04 5.72900000e-05 -4.48790000e-04 2.39480000e-04 3.20330000e-04 2.24490000e-04 -4.51660000e-04 2.00520000e-04 2.68210000e-04 2.21640000e-04 3.38000000e-06 -6.37080000e-04 1.07130000e-04 -2.44200000e-05 9.45000000e-06 -2.39510000e-04 3.07820000e-04 -5.38650000e-04 9.56040000e-04 3.44150000e-04 3.41250000e-04 1.48000000e-04 -3.83840000e-04 -6.66300000e-05 2.38710000e-04 3.56360000e-04 1.15870000e-04 2.38480000e-04 -3.74190000e-04 1.29826000e-03 3.07970000e-04 6.18370000e-04 1.05724000e-03 -8.14980000e-04 1.26130000e-04 7.54210000e-04 -3.46070000e-04 7.20780000e-04 3.29170000e-04 -1.34400000e-05 1.59900000e-04 2.80650000e-04 8.39310000e-04 -2.51350000e-04 -3.19500000e-05 -4.81180000e-04 -5.73200000e-04 3.93200000e-04 3.48570000e-04 -2.58720000e-04 -2.16220000e-04 -5.61600000e-05 3.38100000e-05 -1.45840000e-04 1.96580000e-04 1.91000000e-06 8.17600000e-05 3.28350000e-04 3.36790000e-04 -6.82300000e-05 1.05461000e-03 4.50360000e-04 3.58290000e-04 1.22688000e-03 1.35900000e-05 3.36560000e-04 1.74600000e-05 3.29740000e-04 -5.70020000e-04 -6.31000000e-06 -2.09000000e-06 9.02550000e-04 1.29440000e-04 3.20910000e-04 3.72560000e-04 6.09920000e-04 -1.97840000e-04 2.78570000e-04 -3.38210000e-04
-2.20000000e-04 2.57100000e-04 3.40450000e-04 -1.23800000e-04 2.14940000e-04 7.76700000e-05 1.19700000e-04 2.79310000e-04 1.30150000e-04 2.38000000e-06 1.23100000e-05 2.98880000e-04 1.81580000e-04 1.25660000e-04 3.72990000e-04 -9.97000000e-06 2.23070000e-04 6.10000000e-05 2.35930000e-04 -1.30100000e-05 4.51170000e-04 -1.59360000e-04 -4.06400000e-05 1.53040000e-04 1.93330000e-04 -2.44400000e-05 3.03500000e-05 -1.34020000e-04 3.06610000e-04 1.12240000e-04 -1.75690000e-04 7.83500000e-05 1.57150000e-04 1.39790000e-04 -1.91390000e-04 5.13500000e-05 1.36390000e-04 1.84490000e-04 6.86500000e-05 -2.36260000e-04 -8.90100000e-05 3.74400000e-05 4.12400000e-05 -1.60820000e-04 1.62910000e-04 -2.40520000e-04 2.22970000e-04 1.83830000e-04 1.59230000e-04 3.16600000e-05 -1.01840000e-04 7.42000000e-06 9.56200000e-05 7.65700000e-05 9.42200000e-05 1.65950000e-04 -2.76000000e-05 3.46670000e-04 -2.48480000e-04 2.96970000e-04 3.81270000e-04 -2.44610000e-04 1.67220000e-04 1.88240000e-04 -9.37300000e-05 3.49950000e-04 1.93410000e-04 -1.56000000e-06 -2.99700000e-05 3.30500000e-05 3.42020000e-04 -1.13180000e-04 -1.49000000e-06 -8.76900000e-05 -1.86410000e-04 1.85770000e-04 6.26300000e-05 -5.57200000e-05 -4.16900000e-05 -8.07300000e-05 2.84000000e-06 1.13500000e-05 7.15200000e-05 1.10910000e-04 1.27790000e-04 1.97130000e-04 2.08910000e-04 -1.86510000e-04 3.74870000e-04 -1.20180000e-04 6.79900000e-05 4.46510000e-04 -9.45100000e-05 2.02000000e-05 -9.11900000e-05 7.01000000e-05 -3.40960000e-04 -7.51600000e-05 -4.95300000e-05 1.45890000e-04 4.65700000e-05 5.71500000e-05 2.87500000e-05 1.55760000e-04 -1.53800000e-04 -1.91240000e-04 -5.47340000e-04
-2.28510000e-04 2.95330000e-04 1.17861000e-03 -6.24530000e-04 -4.84890000e-04 8.25790000e-04 6.80600000e-04 6.64800000e-04 1.22000000e-06 5.54080000e-04 -2.11540000e-04 -7.48040000e-04 -1.49630000e-04 -8.21630000e-04 -5.32610000e-04 -3.11270000e-04 3.58920000e-04 6.49270000e-04 1.22510000e-04 1.04489000e-03 -8.26860000e-04 -4.31000000e-04 -2.41780000e-04 -2.53460000e-04 1.03919000e-03 2.27690000e-04 1.35359000e-03 -4.03910000e-04 -1.88190000e-04 -9.16000000e-06 7.78530000e-04 6.42210000e-04 4.84220000e-04 2.65700000e-04 -1.10749000e-03 -4.33450000e-04 1.87218000e-03 -1.24380000e-04 9.94830000e-04 -7.57440000e-04 6.35710000e-04 6.97940000e-04 6.23400000e-05 -8.22270000e-04 4.14000000e-05 -1.03955000e-03 -1.34590000e-03 9.77900000e-05 -2.32240000e-04 7.87060000e-04 -4.93670000e-04 3.02450000e-04 -3.21460000e-04 9.04450000e-04 -6.16560000e-04 6.74290000e-04 1.62205000e-03 -1.71172000e-03 -1.54161000e-03 -5.47810000e-04 -8.91150000e-04 -2.22830000e-04 4.22440000e-04 -5.99880000e-04 -6.58160000e-04 9.26220000e-04 -2.97850000e-04 -3.19920000e-04 1.18129000e-03 2.36250000e-04 -4.88010000e-04 -6.43070000e-04 -2.18960000e-04 1.52618000e-03 -5.31180000e-04 -2.07880000e-04 5.68100000e-05 -1.93390000e-04 9.32160000e-04 8.20700000e-04 -4.48130000e-04 1.05311000e-03 5.93430000e-04 1.08600000e-05 -3.61900000e-05 5.27000000e-04 -1.26960000e-04 -8.82890000e-04 5.78640000e-04 -9.52860000e-04 1.08111000e-03 2.59718000e-03 -3.02580000e-04 -3.26780000e-04 -1.40900000e-04 2.74540000e-04 -2.15100000e-05 2.83100000e-05 -2.17150000e-04 -1.96340000e-04 4.57070000e-04 6.86100000e-05 -1.68010000e-04 4.18000000e-04 -4.02690000e-04 -5.57360000e-04 -1.30554000e-03
3.11650000e-04 -8.62580000e-04 -8.88630000e-04 1.60310000e-04 -1.60439000e-03 1.20323000e-03 4.05740000e-04 -6.47240000e-04 -2.14520000e-04 -4.80100000e-04 1.76260000e-04 -3.96081000e-03 -6.63440000e-04 -1.37900000e-03 -4.59151000e-03 -6.59460000e-04 -4.80510000e-04 -1.42150000e-04 -7.21450000e-04 1.63784000e-03 -4.52343000e-03 -4.32330000e-04 -5.33800000e-05 -8.09590000e-04 1.49580000e-04 8.66500000e-05 5.13360000e-04 -4.57880000e-04 -1.78390000e-03 -4.74400000e-05 1.66284000e-03 -3.83200000e-05 -3.87330000e-04 -1.73500000e-04 -3.52260000e-04 -7.03080000e-04 1.31611000e-03 -4.97710000e-04 1.04871000e-03 5.76820000e-04 5.07680000e-04 8.30150000e-04 2.34130000e-04 -2.95250000e-04 -5.15200000e-04 -3.76740000e-04 -3.40460000e-03 -6.81540000e-04 -8.52860000e-04 3.65560000e-04 3.71200000e-05 3.64660000e-04 -1.24117000e-03 -3.89610000e-04 -7.26890000e-04 1.68000000e-04 2.34812000e-03 -5.17874000e-03 -2.95493000e-03 -2.41821000e-03 -3.91933000e-03 1.64023000e-03 4.40000000e-07 -2.06806000e-03 1.57260000e-04 -8.28030000e-04 -1.05465000e-03 -5.21330000e-04 9.61930000e-04 -4.74510000e-04 -2.40733000e-03 3.14700000e-05 -2.63990000e-04 2.66710000e-03 6.78880000e-04 -1.29425000e-03 -8.68620000e-04 1.38360000e-04 1.47803000e-03 7.37740000e-04 -5.44000000e-04 1.47037000e-03 2.20050000e-04 2.63120000e-04 -5.45700000e-05 -2.10040000e-04 -9.47800000e-04 -1.45548000e-03 -1.84070000e-03 -3.05807000e-03 -2.77710000e-04 -8.18060000e-04 -1.01305000e-03 -1.73972000e-03 -5.54350000e-04 -1.00079000e-03 8.89360000e-04 -5.02010000e-04 -8.15000000e-04 -2.50767000e-03 -4.31360000e-04 -1.10720000e-03 -1.60532000e-03 -1.62442000e-03 -2.45500000e-04 -1.91363000e-03 -7.57470000e-04
-1.43320000e-04 7.59400000e-05 3.21380000e-04 -3.11600000e-05 3.93500000e-05 -4.58600000e-05 1.26900000e-05 1.36050000e-04 -3.17900000e-05 1.19900000e-05 -9.02200000e-05 2.12010000e-04 4.32600000e-05 3.39800000e-05 2.66540000e-04 1.65900000e-04 2.82000000e-05 2.74510000e-04 -1.54700000e-05 2.69100000e-05 1.71900000e-04 -1.56840000e-04 2.19000000e-05 3.76200000e-05 9.06500000e-05 1.32060000e-04 5.16910000e-04 -1.62510000e-04 9.96000000e-05 3.98600000e-05 -6.82000000e-06 2.14960000e-04 1.96260000e-04 1.07040000e-04 -3.15200000e-05 5.13100000e-05 1.07590000e-04 1.78300000e-05 -1.70100000e-05 -1.26130000e-04 2.18950000e-04 8.50700000e-05 7.31400000e-05 3.03200000e-05 1.38180000e-04 -6.43600000e-05 2.17160000e-04 1.54000000e-05 7.80400000e-05 1.12240000e-04 1.46500000e-05 -9.95000000e-06 9.15400000e-05 -2.22400000e-05 2.04300000e-05 -1.60000000e-05 -2.77500000e-05 2.07050000e-04 1.92500000e-04 9.35900000e-05 1.40980000e-04 -1.90250000e-04 -2.69700000e-05 1.90400000e-04 1.17800000e-05 9.92300000e-05 -1.86000000e-05 8.23200000e-05 1.93460000e-04 2.63730000e-04 6.21900000e-05 2.11100000e-05 1.49290000e-04 -6.29600000e-05 -3.43600000e-05 -4.07200000e-05 2.67610000e-04 4.27000000e-06 4.32200000e-05 1.61090000e-04 1.37700000e-04 -2.20200000e-05 5.32400000e-05 -1.92730000e-04 -4.25500000e-05 3.07700000e-05 -1.24700000e-05 -1.82600000e-05 2.40040000e-04 1.72590000e-04 1.44400000e-05 2.01900000e-04 -1.11800000e-04 2.36600000e-05 1.34600000e-05 -7.54200000e-05 -1.25720000e-04 -9.41400000e-05 -1.70160000e-04 1.63490000e-04 -1.24530000e-04 2.83200000e-05 1.59500000e-05 5.32300000e-05 -9.95300000e-05 9.97200000e-05 5.83100000e-05
-4.86350000e-04 6.51720000e-04 1.62951000e-03 -9.18090000e-04 -4.91900000e-05 5.77420000e-04 6.64720000e-04 9.37370000e-04 1.19900000e-04 5.90020000e-04 -1.96120000e-04 3.54330000e-04 1.37400000e-04 -5.55270000e-04 7.50750000e-04 -3.13660000e-04 6.03080000e-04 6.97860000e-04 5.11550000e-04 5.94130000e-04 4.45810000e-04 -5.11060000e-04 -3.95660000e-04 1.29200000e-05 1.16512000e-03 1.40200000e-04 1.02891000e-03 -4.60530000e-04 4.41810000e-04 6.64400000e-05 2.07450000e-04 5.83170000e-04 5.47720000e-04 4.05670000e-04 -1.31078000e-03 -1.70300000e-04 1.66643000e-03 1.28330000e-04 8.05510000e-04 -1.15071000e-03 4.25390000e-04 5.15160000e-04 6.76500000e-05 -9.53040000e-04 2.84700000e-04 -1.33349000e-03 -2.65460000e-04 3.87690000e-04 1.34930000e-04 6.71120000e-04 -7.95420000e-04 1.61790000e-04 -1.02410000e-04 9.91640000e-04 -3.49680000e-04 7.59650000e-04 9.92580000e-04 -2.57110000e-04 -1.13368000e-03 1.04470000e-04 1.92930000e-04 -8.69310000e-04 4.69340000e-04 1.65010000e-04 -8.32000000e-04 1.30554000e-03 9.00200000e-05 -3.40970000e-04 8.93070000e-04 3.05550000e-04 3.54310000e-04 -7.55280000e-04 -2.58320000e-04 7.85620000e-04 -9.32450000e-04 2.37440000e-04 2.13940000e-04 -4.36120000e-04 5.37310000e-04 4.80820000e-04 -3.98770000e-04 7.14400000e-04 5.92170000e-04 1.67420000e-04 1.20510000e-04 7.05100000e-04 2.22340000e-04 -8.13390000e-04 1.21741000e-03 -4.89270000e-04 1.10498000e-03 3.05672000e-03 -2.35520000e-04 -4.04200000e-05 -1.25690000e-04 4.96480000e-04 -5.14670000e-04 -9.00000000e-08 -1.39460000e-04 4.93810000e-04 5.05050000e-04 3.02670000e-04 1.27160000e-04 8.09720000e-04 -4.73470000e-04 -3.40460000e-04 -1.59113000e-03
-1.73600000e-04 6.97590000e-04 1.84967000e-03 -1.50493000e-03 -1.31213000e-03 2.74469000e-03 2.09736000e-03 1.30791000e-03 3.49260000e-04 1.23026000e-03 -8.25400000e-05 -3.20537000e-03 -1.56530000e-04 -1.41871000e-03 -2.68451000e-03 -1.48721000e-03 1.15882000e-03 6.37300000e-04 7.61020000e-04 2.99014000e-03 -2.81794000e-03 -9.21740000e-04 -7.26260000e-04 -6.24180000e-04 2.63044000e-03 1.45510000e-04 2.31573000e-03 -8.34730000e-04 -4.35170000e-04 1.10610000e-04 1.42076000e-03 9.66130000e-04 6.58680000e-04 7.71570000e-04 -2.98877000e-03 -1.23758000e-03 4.85596000e-03 -5.17000000e-06 2.94172000e-03 -1.44758000e-03 9.29730000e-04 1.80188000e-03 2.99050000e-04 -2.05876000e-03 -3.62580000e-04 -2.44013000e-03 -4.14220000e-03 5.19480000e-04 -5.58450000e-04 1.44111000e-03 -1.38566000e-03 8.86760000e-04 -9.82490000e-04 2.12237000e-03 -1.27943000e-03 2.19112000e-03 4.50623000e-03 -5.44042000e-03 -5.65898000e-03 -1.91776000e-03 -2.84712000e-03 8.14670000e-04 1.78671000e-03 -2.29082000e-03 -1.53984000e-03 2.79201000e-03 -1.33340000e-04 -1.17979000e-03 2.65792000e-03 -3.75990000e-04 -1.33870000e-03 -1.69500000e-03 -1.18431000e-03 4.46937000e-03 -1.13614000e-03 -3.80950000e-04 -7.17350000e-04 -5.01140000e-04 2.75745000e-03 1.18135000e-03 -1.57988000e-03 3.13647000e-03 1.53057000e-03 7.39600000e-04 5.00130000e-04 1.47951000e-03 -2.44200000e-05 -2.76139000e-03 2.41440000e-03 -3.98309000e-03 2.50600000e-03 5.53739000e-03 -7.24420000e-04 -1.24300000e-03 -7.25630000e-04 7.07250000e-04 6.45900000e-05 1.52490000e-04 -2.64040000e-04 -1.44041000e-03 1.50487000e-03 -8.41200000e-05 -8.35840000e-04 4.70540000e-04 -8.66880000e-04 -2.12262000e-03 -2.69723000e-03
1.23310000e-04 -2.30100000e-05 -3.73420000e-04 1.87660000e-04 5.12220000e-04 -7.20740000e-04 -4.64460000e-04 -2.65690000e-04 6.77300000e-05 1.14750000e-04 1.33540000e-04 1.36947000e-03 1.32540000e-04 5.92360000e-04 1.46201000e-03 2.52900000e-04 -7.60700000e-05 -2.55650000e-04 7.96000000e-05 -8.82290000e-04 1.52769000e-03 4.30250000e-04 1.63050000e-04 1.99050000e-04 -5.30970000e-04 -1.36480000e-04 -2.94930000e-04 4.26810000e-04 4.09960000e-04 -8.92100000e-05 -8.20640000e-04 -4.12420000e-04 -2.85360000e-04 -1.63330000e-04 5.88380000e-04 3.21360000e-04 -1.13334000e-03 9.70500000e-05 -7.41720000e-04 1.77480000e-04 -4.76660000e-04 -5.57170000e-04 -2.06760000e-04 3.91070000e-04 -1.18910000e-04 5.70590000e-04 1.34633000e-03 1.07220000e-04 2.22780000e-04 -3.94100000e-04 1.52110000e-04 -1.90010000e-04 3.00050000e-04 -9.65500000e-05 3.43270000e-04 -2.94240000e-04 -1.31618000e-03 2.04271000e-03 1.45843000e-03 8.20370000e-04 1.37263000e-03 -2.52560000e-04 -1.95320000e-04 6.96580000e-04 1.80560000e-04 -1.09360000e-04 3.19530000e-04 2.43950000e-04 -7.48290000e-04 -4.45900000e-05 8.58670000e-04 2.41230000e-04 4.36900000e-05 -1.33608000e-03 1.01740000e-04 5.58170000e-04 1.51550000e-04 9.55600000e-05 -7.79690000e-04 -5.89990000e-04 3.16830000e-04 -8.31940000e-04 -2.91780000e-04 7.56800000e-05 5.62800000e-05 -1.77610000e-04 3.46170000e-04 8.70500000e-04 4.49400000e-04 1.33164000e-03 -1.81450000e-04 -7.31050000e-04 5.57060000e-04 7.43870000e-04 3.00610000e-04 3.20000000e-04 -1.29100000e-04 2.84000000e-04 4.70840000e-04 8.38150000e-04 1.07280000e-04 3.88800000e-04 6.47750000e-04 4.21420000e-04 3.38860000e-04 9.22160000e-04 1.06342000e-03
1.24250000e-04 4.24870000e-04 1.69130000e-03 -1.51757000e-03 -2.41818000e-03 4.40752000e-03 2.96431000e-03 1.39328000e-03 4.31650000e-04 1.18692000e-03 -6.07500000e-05 -6.67650000e-03 -5.26920000e-04 -2.50227000e-03 -6.60403000e-03 -2.31599000e-03 1.25626000e-03 3.44560000e-04 5.91450000e-04 4.91624000e-03 -6.47127000e-03 -1.18820000e-03 -8.30330000e-04 -1.21607000e-03 3.29098000e-03 3.78000000e-06 2.39041000e-03 -1.06439000e-03 -1.67660000e-03 2.01960000e-04 3.19579000e-03 1.21640000e-03 7.57430000e-04 8.20360000e-04 -3.88281000e-03 -2.19421000e-03 6.81089000e-03 -2.51030000e-04 4.46083000e-03 -1.29942000e-03 9.98020000e-04 2.75648000e-03 4.79840000e-04 -2.99293000e-03 -7.51340000e-04 -3.15544000e-03 -7.92082000e-03 2.36890000e-04 -1.31629000e-03 2.01072000e-03 -1.41102000e-03 1.50728000e-03 -1.71469000e-03 2.62227000e-03 -2.06023000e-03 2.89742000e-03 7.45699000e-03 -1.04019400e-02 -9.36869000e-03 -3.68925000e-03 -6.03970000e-03 2.10645000e-03 2.43747000e-03 -4.60493000e-03 -1.75417000e-03 2.95799000e-03 -7.96590000e-04 -1.68689000e-03 3.44380000e-03 -9.51340000e-04 -3.31175000e-03 -2.15647000e-03 -1.50369000e-03 7.45636000e-03 -8.32120000e-04 -1.24539000e-03 -1.64501000e-03 -3.27350000e-04 4.35668000e-03 1.98500000e-03 -2.43510000e-03 4.92168000e-03 1.93552000e-03 1.20640000e-03 6.86500000e-04 1.76084000e-03 -5.38510000e-04 -4.28505000e-03 1.12105000e-03 -7.01223000e-03 3.11484000e-03 6.83535000e-03 -1.28806000e-03 -2.49791000e-03 -1.21613000e-03 5.25310000e-04 7.88090000e-04 9.70900000e-05 -4.55900000e-04 -3.69143000e-03 2.05864000e-03 -6.53350000e-04 -1.95825000e-03 -1.81970000e-04 -1.11245000e-03 -4.32558000e-03 -5.17551000e-03
-1.42660000e-04 1.04590000e-04 -3.15090000e-04 3.34130000e-04 6.53350000e-04 -6.77010000e-04 -3.99470000e-04 -1.14270000e-04 5.75000000e-05 -1.83870000e-04 5.76900000e-05 1.40493000e-03 2.15520000e-04 8.03660000e-04 1.55175000e-03 4.17950000e-04 -3.16500000e-05 -1.58440000e-04 8.64600000e-05 -8.68590000e-04 1.68684000e-03 1.66210000e-04 2.01200000e-04 3.41990000e-04 -4.90630000e-04 -3.75400000e-05 -3.89170000e-04 1.60030000e-04 5.54810000e-04 1.93400000e-05 -7.95430000e-04 -1.88300000e-04 -4.79600000e-05 -7.84000000e-05 7.36730000e-04 3.51960000e-04 -1.16988000e-03 1.78290000e-04 -7.27760000e-04 2.64770000e-04 -3.09070000e-04 -5.10660000e-04 -1.19050000e-04 5.65030000e-04 9.97300000e-05 7.48330000e-04 1.49298000e-03 1.40640000e-04 2.93650000e-04 -4.09130000e-04 3.29140000e-04 -2.16310000e-04 5.01780000e-04 -4.48570000e-04 4.46520000e-04 -3.47250000e-04 -1.34533000e-03 2.18054000e-03 1.41537000e-03 9.22670000e-04 1.50015000e-03 -1.98790000e-04 -1.51480000e-04 7.54290000e-04 2.98410000e-04 -1.13880000e-04 4.22170000e-04 3.61890000e-04 -5.99540000e-04 5.09000000e-05 8.46120000e-04 3.27910000e-04 1.76530000e-04 -1.33731000e-03 7.57300000e-05 4.22330000e-04 2.56760000e-04 1.31630000e-04 -7.85660000e-04 -4.92450000e-04 4.22190000e-04 -8.44120000e-04 -2.82180000e-04 -1.50740000e-04 -3.78600000e-05 -1.65880000e-04 3.02580000e-04 6.84350000e-04 4.34650000e-04 1.16029000e-03 -5.22010000e-04 -1.19976000e-03 2.74030000e-04 4.93960000e-04 6.57500000e-05 -1.70900000e-05 -3.80590000e-04 -6.69000000e-06 1.48020000e-04 6.11150000e-04 -2.70690000e-04 1.02680000e-04 3.84930000e-04 8.98800000e-05 7.49300000e-05 7.46480000e-04 9.51090000e-04
-2.99700000e-04 7.05600000e-04 2.01456000e-03 -1.50523000e-03 -1.47436000e-03 3.09731000e-03 2.27205000e-03 1.45806000e-03 3.39770000e-04 1.06713000e-03 -1.04780000e-04 -3.85521000e-03 -2.42120000e-04 -1.79802000e-03 -3.64732000e-03 -1.64211000e-03 1.19354000e-03 5.11030000e-04 6.58350000e-04 3.29435000e-03 -3.71327000e-03 -1.01011000e-03 -7.52030000e-04 -7.14370000e-04 2.75625000e-03 4.90300000e-05 1.80783000e-03 -8.96050000e-04 -7.98720000e-04 1.45360000e-04 2.09948000e-03 1.07054000e-03 7.91500000e-04 7.29520000e-04 -3.18393000e-03 -1.39348000e-03 5.18178000e-03 -1.00350000e-04 3.26171000e-03 -1.55668000e-03 7.98000000e-04 1.96780000e-03 3.37310000e-04 -2.45973000e-03 -3.01840000e-04 -2.83641000e-03 -5.00624000e-03 4.48670000e-04 -6.83770000e-04 1.59259000e-03 -1.39940000e-03 1.01413000e-03 -1.06294000e-03 2.22991000e-03 -1.46881000e-03 2.28340000e-03 5.09870000e-03 -6.47751000e-03 -6.49269000e-03 -2.16121000e-03 -3.56845000e-03 5.70630000e-04 1.81299000e-03 -2.66455000e-03 -1.62429000e-03 2.67901000e-03 -4.03180000e-04 -1.23017000e-03 2.51188000e-03 -4.74250000e-04 -1.68447000e-03 -1.84116000e-03 -1.15303000e-03 5.01344000e-03 -1.12364000e-03 -5.53440000e-04 -9.39180000e-04 -4.80560000e-04 2.93694000e-03 1.47361000e-03 -1.80380000e-03 3.47510000e-03 1.55123000e-03 8.94230000e-04 5.30050000e-04 1.55620000e-03 -1.12790000e-04 -3.13551000e-03 1.34862000e-03 -4.67204000e-03 2.58097000e-03 6.12917000e-03 -9.33400000e-04 -1.52566000e-03 -8.65640000e-04 6.63700000e-04 3.04200000e-05 7.57300000e-05 -3.31000000e-04 -1.91624000e-03 1.62550000e-03 -2.37530000e-04 -1.10356000e-03 4.17000000e-04 -1.00592000e-03 -2.98955000e-03 -4.36958000e-03
-2.53300000e-05 -2.92920000e-04 -1.12712000e-03 8.90310000e-04 1.94424000e-03 -3.58684000e-03 -2.30873000e-03 -1.11121000e-03 -3.07270000e-04 -4.62630000e-04 1.21740000e-04 6.06671000e-03 3.58640000e-04 2.06973000e-03 6.29587000e-03 1.62463000e-03 -8.87430000e-04 -3.22970000e-04 -2.34270000e-04 -3.97185000e-03 6.03512000e-03 1.16883000e-03 5.73160000e-04 8.42660000e-04 -2.45192000e-03 -1.44940000e-04 -1.47071000e-03 1.07897000e-03 1.51800000e-03 -3.58740000e-04 -2.66933000e-03 -1.16768000e-03 -8.29080000e-04 -7.29060000e-04 2.89240000e-03 1.64293000e-03 -5.19156000e-03 1.30600000e-04 -3.49329000e-03 7.81020000e-04 -1.05730000e-03 -2.26610000e-03 -6.19470000e-04 2.04573000e-03 2.95530000e-04 2.49319000e-03 6.45573000e-03 -3.05000000e-05 1.01850000e-03 -1.54592000e-03 7.88720000e-04 -1.17407000e-03 1.32676000e-03 -1.51254000e-03 1.46216000e-03 -2.03665000e-03 -5.86654000e-03 8.93612000e-03 7.52387000e-03 3.19174000e-03 5.44221000e-03 -1.83288000e-03 -1.80151000e-03 3.73116000e-03 1.03681000e-03 -1.79806000e-03 7.47570000e-04 1.21251000e-03 -2.75296000e-03 6.22460000e-04 3.05962000e-03 1.42476000e-03 8.30690000e-04 -6.01224000e-03 4.13490000e-04 1.51795000e-03 1.23930000e-03 1.58720000e-04 -3.49818000e-03 -1.70044000e-03 1.72696000e-03 -3.88943000e-03 -1.39618000e-03 -5.99970000e-04 -4.48130000e-04 -1.24921000e-03 6.82740000e-04 3.59952000e-03 -8.89100000e-05 6.09884000e-03 -1.88259000e-03 -4.45410000e-03 1.48136000e-03 2.38573000e-03 1.08294000e-03 1.50030000e-04 -6.13180000e-04 2.84480000e-04 8.33840000e-04 3.31016000e-03 -1.08342000e-03 8.69890000e-04 2.00723000e-03 7.87790000e-04 9.71360000e-04 3.93772000e-03 4.19072000e-03
-7.68000000e-06 -7.66500000e-05 -9.59400000e-05 -7.99700000e-05 -5.18730000e-04 8.46260000e-04 4.72890000e-04 3.67000000e-05 7.48200000e-05 -1.08700000e-04 -1.04000000e-05 -1.73528000e-03 -9.73000000e-05 -2.61170000e-04 -1.83186000e-03 -4.29700000e-04 1.14150000e-04 -1.82710000e-04 3.64000000e-06 9.28730000e-04 -1.58760000e-03 -3.37910000e-04 -1.09150000e-04 -2.70220000e-04 3.56590000e-04 -1.10000000e-04 1.49250000e-04 -3.18570000e-04 -4.38320000e-04 4.75900000e-05 4.85180000e-04 1.04150000e-04 2.97600000e-05 9.71200000e-05 -4.81560000e-04 -4.84100000e-04 9.89720000e-04 -3.98700000e-05 7.45550000e-04 1.00350000e-04 9.80000000e-07 4.41400000e-04 8.84300000e-05 -3.73530000e-04 -2.07910000e-04 -3.22440000e-04 -1.71140000e-03 -2.93300000e-05 -3.20580000e-04 1.46140000e-04 -9.01800000e-05 2.44060000e-04 -3.37150000e-04 8.46500000e-05 -3.13050000e-04 4.39090000e-04 1.33080000e-03 -2.32361000e-03 -2.08135000e-03 -8.83230000e-04 -1.42484000e-03 7.89610000e-04 4.74470000e-04 -1.11406000e-03 -8.76100000e-05 4.11310000e-04 -1.71100000e-04 -3.03200000e-04 4.37650000e-04 -3.33010000e-04 -8.21410000e-04 -1.72020000e-04 -2.90890000e-04 1.36592000e-03 1.00350000e-04 -4.28400000e-04 -4.48350000e-04 2.25400000e-05 8.27560000e-04 1.54330000e-04 -4.34140000e-04 8.40140000e-04 2.78590000e-04 1.71290000e-04 1.57040000e-04 1.88430000e-04 -1.72540000e-04 -9.58450000e-04 1.85590000e-04 -1.74210000e-03 1.64760000e-04 4.13040000e-04 -4.30130000e-04 -7.18520000e-04 -4.38230000e-04 -2.18930000e-04 8.53800000e-05 -1.75070000e-04 -2.60780000e-04 -1.16067000e-03 1.41730000e-04 -3.84430000e-04 -6.66730000e-04 -4.84410000e-04 -2.93500000e-04 -1.13210000e-03 -8.18150000e-04
6.33120000e-04 -2.32760000e-04 -3.82260000e-04 8.08500000e-05 -7.12160000e-04 1.16362000e-03 5.49540000e-04 -7.57800000e-05 2.07820000e-04 3.16220000e-04 7.96700000e-05 -2.58468000e-03 -1.59380000e-04 -7.65070000e-04 -2.85645000e-03 -5.60370000e-04 1.15790000e-04 -2.70140000e-04 -5.76500000e-05 1.36324000e-03 -2.55934000e-03 1.23230000e-04 -6.22000000e-06 -3.68890000e-04 3.54780000e-04 -1.22860000e-04 5.38750000e-04 1.43100000e-04 -7.83620000e-04 1.19070000e-04 7.48270000e-04 5.12300000e-05 -2.58500000e-05 1.10970000e-04 -6.09270000e-04 -6.66730000e-04 1.26104000e-03 -5.80100000e-05 9.69850000e-04 2.99260000e-04 -4.14500000e-05 6.00960000e-04 1.32080000e-04 -4.42100000e-04 -4.41000000e-04 -3.58790000e-04 -2.60662000e-03 -1.56050000e-04 -5.29360000e-04 3.27490000e-04 9.79000000e-05 4.96640000e-04 -5.23260000e-04 5.83010000e-04 -4.13660000e-04 5.19410000e-04 1.89237000e-03 -3.50396000e-03 -2.44061000e-03 -1.21676000e-03 -2.18527000e-03 1.35168000e-03 6.44200000e-04 -1.74613000e-03 -1.31800000e-05 2.53290000e-04 -3.03900000e-04 -3.45460000e-04 4.87640000e-04 -4.54660000e-04 -1.36188000e-03 -1.59330000e-04 -1.87320000e-04 1.97923000e-03 3.76160000e-04 -5.62080000e-04 -6.39520000e-04 2.24630000e-04 1.17459000e-03 3.02340000e-04 -4.92960000e-04 1.16646000e-03 2.41200000e-04 3.30940000e-04 2.76370000e-04 2.06150000e-04 -2.75650000e-04 -7.53440000e-04 -1.80470000e-04 -1.92349000e-03 6.80060000e-04 8.98420000e-04 -5.39100000e-05 -5.05780000e-04 -3.13900000e-05 1.77010000e-04 8.15840000e-04 3.01810000e-04 2.00970000e-04 -1.27501000e-03 7.50700000e-04 -1.45500000e-05 -4.54510000e-04 -2.08910000e-04 2.19940000e-04 -1.14388000e-03 -6.53990000e-04
-2.07330000e-04 5.47400000e-05 -5.10810000e-04 5.29750000e-04 4.07530000e-04 -2.61850000e-04 -3.17690000e-04 -4.76800000e-05 9.58000000e-05 -4.96290000e-04 1.62500000e-05 -2.55870000e-04 1.87850000e-04 3.68810000e-04 -4.09920000e-04 4.32380000e-04 -1.96000000e-05 -1.55180000e-04 -2.06030000e-04 -3.63740000e-04 2.83600000e-05 -1.16540000e-04 2.71090000e-04 3.46970000e-04 -4.44320000e-04 2.18700000e-05 -4.59840000e-04 -1.54590000e-04 1.45760000e-04 2.58190000e-04 -8.81700000e-04 -2.50700000e-05 1.26370000e-04 4.19300000e-05 5.94780000e-04 8.51000000e-05 -8.65740000e-04 2.50710000e-04 -5.58050000e-04 4.75670000e-04 -8.19300000e-05 -3.00130000e-04 -3.03900000e-05 6.27380000e-04 2.29050000e-04 4.39290000e-04 2.69920000e-04 -7.05300000e-05 3.06300000e-05 -3.29940000e-04 6.04540000e-04 -1.58450000e-04 7.62300000e-05 -7.71430000e-04 2.98160000e-04 -4.12630000e-04 -8.39070000e-04 1.70880000e-04 2.30920000e-04 3.52110000e-04 1.91820000e-04 3.01940000e-04 3.15700000e-05 -8.69100000e-05 5.38360000e-04 -3.22660000e-04 1.58010000e-04 2.97440000e-04 -4.85970000e-04 -2.50900000e-05 2.54300000e-05 5.00970000e-04 3.78660000e-04 -6.76010000e-04 3.35830000e-04 -2.79500000e-04 6.22500000e-05 2.86810000e-04 -4.56730000e-04 -4.89180000e-04 4.82320000e-04 -5.59120000e-04 -3.04970000e-04 -4.02030000e-04 -1.00180000e-04 -1.42080000e-04 1.06100000e-05 1.70590000e-04 -1.04000000e-05 -8.18500000e-05 -7.51000000e-04 -1.61138000e-03 -3.27710000e-04 -6.69400000e-05 -6.22600000e-05 -5.54070000e-04 -3.77230000e-04 -2.79700000e-04 -4.00490000e-04 -2.23610000e-04 -5.55550000e-04 -1.90460000e-04 -2.24700000e-04 -5.62260000e-04 -1.38160000e-04 -2.25400000e-04 4.60160000e-04
-2.08220000e-04 2.56650000e-04 2.26870000e-04 -4.32900000e-05 2.75700000e-04 4.09000000e-06 7.20400000e-05 2.05410000e-04 1.14730000e-04 -1.90100000e-05 8.43000000e-06 3.45650000e-04 2.14820000e-04 3.62670000e-04 4.71690000e-04 6.75400000e-05 2.17980000e-04 2.87800000e-05 2.14730000e-04 -1.37810000e-04 6.11650000e-04 -1.51230000e-04 -3.95000000e-06 1.92510000e-04 1.09400000e-04 3.55000000e-06 3.22400000e-05 -1.32060000e-04 3.77230000e-04 1.12390000e-04 -4.43200000e-04 7.09200000e-05 1.63940000e-04 1.60310000e-04 -6.90000000e-05 1.07140000e-04 -3.56100000e-05 2.10110000e-04 -3.54600000e-05 -1.48530000e-04 -6.03000000e-05 -4.23100000e-05 5.54700000e-05 3.46200000e-05 1.25970000e-04 -7.68300000e-05 4.55360000e-04 2.15520000e-04 2.11460000e-04 -6.93800000e-05 -3.00000000e-05 -1.89400000e-05 2.05210000e-04 -3.32000000e-05 1.96870000e-04 1.12650000e-04 -2.70420000e-04 5.91200000e-04 -5.85200000e-05 3.39620000e-04 5.29780000e-04 -1.34950000e-04 1.94100000e-04 2.69770000e-04 -8.13000000e-06 4.30980000e-04 3.05680000e-04 5.94000000e-05 -3.81200000e-05 3.70700000e-05 4.33770000e-04 -2.92900000e-05 1.41900000e-05 -2.93850000e-04 -1.55000000e-04 1.72640000e-04 1.17570000e-04 -2.73100000e-05 -1.12410000e-04 -2.01560000e-04 9.42400000e-05 -1.09330000e-04 3.01200000e-05 -1.32400000e-05 1.20800000e-04 1.54700000e-04 2.31520000e-04 -8.86000000e-05 7.55790000e-04 8.52000000e-06 -3.65900000e-05 1.16210000e-04 -6.26400000e-05 9.80900000e-05 -9.63500000e-05 3.61700000e-05 -3.87470000e-04 -7.44300000e-05 -5.35300000e-05 2.41120000e-04 -1.15700000e-05 6.76600000e-05 7.24500000e-05 1.08400000e-04 -1.35750000e-04 -2.57900000e-05 1.10000000e-07
-1.49370000e-04 8.97980000e-04 1.44144000e-03 -9.18520000e-04 3.44710000e-04 7.04500000e-04 7.94030000e-04 1.06304000e-03 5.26680000e-04 9.97460000e-04 -2.71800000e-05 6.18850000e-04 4.48500000e-04 -3.30380000e-04 1.12090000e-03 -6.01030000e-04 9.68920000e-04 2.78860000e-04 1.10971000e-03 4.64010000e-04 1.18304000e-03 -1.25470000e-04 -3.92790000e-04 2.23150000e-04 1.21571000e-03 -1.57530000e-04 6.71130000e-04 -3.05000000e-06 9.23160000e-04 1.55680000e-04 -2.54400000e-04 2.76540000e-04 4.47910000e-04 4.42860000e-04 -1.53057000e-03 -2.79290000e-04 1.57793000e-03 4.85100000e-04 8.34850000e-04 -1.15247000e-03 -2.71680000e-04 3.33790000e-04 -5.06900000e-05 -1.21626000e-03 1.06000000e-04 -1.37843000e-03 -2.33470000e-04 6.80400000e-04 2.21900000e-04 5.36250000e-04 -8.28040000e-04 3.19460000e-04 9.40600000e-05 1.56402000e-03 -1.72780000e-04 1.10025000e-03 8.03620000e-04 1.49200000e-04 -1.66108000e-03 5.63920000e-04 8.25310000e-04 -5.64120000e-04 9.19820000e-04 -2.58100000e-05 -9.39880000e-04 1.85433000e-03 6.30290000e-04 -4.12490000e-04 4.84790000e-04 -1.01190000e-04 8.62170000e-04 -9.16160000e-04 -4.89210000e-04 6.46550000e-04 -1.01817000e-03 7.99500000e-04 -8.18200000e-05 -3.79480000e-04 3.21750000e-04 -5.32700000e-05 -5.99980000e-04 6.82580000e-04 6.20530000e-04 7.73740000e-04 5.34850000e-04 9.65050000e-04 6.93920000e-04 -7.13510000e-04 1.94450000e-03 -5.97560000e-04 1.59404000e-03 3.74861000e-03 3.04000000e-04 4.35190000e-04 2.19600000e-05 1.23363000e-03 -4.87660000e-04 4.78740000e-04 5.94560000e-04 8.17380000e-04 1.31200000e-03 8.11340000e-04 6.01980000e-04 1.43641000e-03 -1.41790000e-04 -3.89210000e-04 -1.91030000e-03
8.57200000e-05 3.18970000e-04 -2.43650000e-04 5.04370000e-04 9.56710000e-04 -6.95570000e-04 -3.52420000e-04 1.39250000e-04 2.27470000e-04 -4.74400000e-05 -4.88500000e-05 1.58335000e-03 4.45140000e-04 4.38490000e-04 1.66139000e-03 6.73520000e-04 8.29900000e-05 1.83400000e-04 2.39130000e-04 -8.17900000e-04 1.68917000e-03 3.20150000e-04 2.76280000e-04 6.29700000e-04 -3.95820000e-04 1.70900000e-04 3.32560000e-04 3.07600000e-04 7.99550000e-04 2.36900000e-04 -6.50800000e-04 1.00770000e-04 2.68370000e-04 9.42400000e-05 7.10980000e-04 5.00860000e-04 -1.12770000e-03 3.80940000e-04 -7.51100000e-04 4.23160000e-04 1.11470000e-04 -4.06010000e-04 7.29800000e-05 8.60250000e-04 4.63990000e-04 7.32340000e-04 1.77248000e-03 1.73950000e-04 4.17180000e-04 -1.39270000e-04 5.87560000e-04 -6.78000000e-05 7.21330000e-04 -3.43440000e-04 6.56780000e-04 -4.07700000e-04 -1.47054000e-03 2.30228000e-03 1.84846000e-03 1.10960000e-03 1.59648000e-03 -1.33520000e-04 -1.37200000e-04 9.05500000e-04 4.90640000e-04 -5.02420000e-04 5.40420000e-04 5.06550000e-04 -4.40470000e-04 4.06090000e-04 7.61880000e-04 5.63830000e-04 5.83200000e-04 -1.31342000e-03 1.90030000e-04 3.53620000e-04 5.62200000e-04 2.19710000e-04 -7.73400000e-04 -2.69500000e-04 5.92290000e-04 -8.53370000e-04 -2.06890000e-04 -3.60560000e-04 -2.63500000e-05 -9.86100000e-05 2.70640000e-04 9.06490000e-04 7.60000000e-06 1.35399000e-03 -4.17280000e-04 -1.05953000e-03 3.30120000e-04 6.49450000e-04 4.07180000e-04 4.95600000e-05 -1.23580000e-04 1.04860000e-04 1.72680000e-04 9.43160000e-04 -2.57860000e-04 3.37170000e-04 5.42900000e-04 2.01900000e-04 3.33480000e-04 9.20860000e-04 1.05787000e-03
5.25600000e-05 -1.14800000e-04 -5.15870000e-04 5.56310000e-04 6.80590000e-04 -1.12403000e-03 -8.19350000e-04 -3.59830000e-04 -3.63500000e-05 -3.30300000e-04 -2.10700000e-05 1.52579000e-03 1.90070000e-04 7.02930000e-04 1.49239000e-03 7.38770000e-04 -3.51540000e-04 -2.55200000e-05 -1.92420000e-04 -1.23376000e-03 1.57491000e-03 2.92710000e-04 3.23330000e-04 3.64430000e-04 -9.54340000e-04 6.40900000e-05 -3.18230000e-04 2.74660000e-04 4.57410000e-04 2.22900000e-05 -9.13240000e-04 -2.31070000e-04 -7.54000000e-05 -1.88960000e-04 1.11700000e-03 5.67050000e-04 -1.88791000e-03 1.36380000e-04 -1.20913000e-03 5.10530000e-04 -2.13520000e-04 -7.24870000e-04 -1.06340000e-04 9.67760000e-04 2.46570000e-04 9.46900000e-04 2.00199000e-03 -9.83900000e-05 3.26720000e-04 -5.02530000e-04 5.81460000e-04 -3.31340000e-04 4.90290000e-04 -7.62550000e-04 6.07870000e-04 -8.18360000e-04 -1.95599000e-03 2.57491000e-03 2.47312000e-03 9.63780000e-04 1.49894000e-03 -2.94010000e-04 -6.06580000e-04 1.10969000e-03 6.11090000e-04 -8.19440000e-04 2.08530000e-04 5.34390000e-04 -8.40140000e-04 3.03500000e-04 7.63180000e-04 7.31670000e-04 5.64390000e-04 -1.95633000e-03 3.51880000e-04 1.85020000e-04 4.92550000e-04 2.15590000e-04 -1.10639000e-03 -5.24650000e-04 7.92980000e-04 -1.33890000e-03 -5.35520000e-04 -4.43470000e-04 -1.94810000e-04 -4.97470000e-04 1.02730000e-04 1.14669000e-03 -2.16850000e-04 1.78314000e-03 -8.84650000e-04 -2.01851000e-03 3.25940000e-04 6.78980000e-04 3.45420000e-04 -1.88260000e-04 -1.26990000e-04 -3.28500000e-05 9.47100000e-05 9.41140000e-04 -5.88560000e-04 1.94310000e-04 5.04350000e-04 -1.68500000e-05 3.43880000e-04 1.12023000e-03 1.58757000e-03
2.50440000e-04 -1.04800000e-04 -1.69940000e-04 8.45600000e-05 -4.46920000e-04 7.22620000e-04 3.64040000e-04 1.51400000e-05 7.78200000e-05 1.44840000e-04 2.71800000e-05 -1.57022000e-03 -1.58480000e-04 -4.13250000e-04 -1.73554000e-03 -2.40330000e-04 5.83800000e-05 -7.58300000e-05 -1.35580000e-04 7.81710000e-04 -1.57764000e-03 -7.65000000e-06 4.90700000e-05 -2.22800000e-04 2.66440000e-04 5.02800000e-05 4.57500000e-04 1.22900000e-05 -5.36590000e-04 3.67900000e-05 5.78470000e-04 1.64110000e-04 1.04210000e-04 2.87400000e-05 -3.05750000e-04 -3.47460000e-04 8.05950000e-04 -1.04670000e-04 6.27690000e-04 1.63420000e-04 1.77230000e-04 3.69280000e-04 7.56000000e-05 -1.72470000e-04 -2.21610000e-04 -2.14150000e-04 -1.54446000e-03 -8.87100000e-05 -3.21190000e-04 2.71220000e-04 1.03190000e-04 3.20240000e-04 -2.66640000e-04 2.85220000e-04 -2.96210000e-04 2.99100000e-04 1.12536000e-03 -2.08578000e-03 -1.37344000e-03 -7.70420000e-04 -1.35700000e-03 7.08980000e-04 3.35480000e-04 -9.82160000e-04 -2.98800000e-05 1.64490000e-04 -2.36750000e-04 -1.32160000e-04 4.62510000e-04 -2.13500000e-04 -8.05420000e-04 -1.06620000e-04 -9.92700000e-05 1.22875000e-03 1.76620000e-04 -4.09450000e-04 -3.25260000e-04 1.65840000e-04 6.92460000e-04 3.27790000e-04 -2.66580000e-04 7.40130000e-04 2.02780000e-04 7.35400000e-05 5.70100000e-05 1.30360000e-04 -1.98680000e-04 -4.93670000e-04 -1.87680000e-04 -1.17567000e-03 3.54030000e-04 4.73730000e-04 -1.24250000e-04 -3.57050000e-04 -1.04960000e-04 1.59800000e-05 3.85560000e-04 1.07380000e-04 3.19000000e-06 -7.42630000e-04 3.13520000e-04 -1.31410000e-04 -3.27880000e-04 -2.01380000e-04 5.57000000e-06 -7.10390000e-04 -3.90330000e-04
-5.51500000e-05 3.73590000e-04 6.44980000e-04 -4.63020000e-04 -3.42470000e-04 1.19922000e-03 8.94300000e-04 6.15040000e-04 2.70330000e-04 4.73840000e-04 1.49500000e-05 -1.30802000e-03 2.89100000e-05 -3.90850000e-04 -1.18908000e-03 -5.84630000e-04 5.75300000e-04 7.24800000e-05 3.81980000e-04 1.18835000e-03 -1.07133000e-03 -2.79210000e-04 -2.00370000e-04 -1.41020000e-04 1.02132000e-03 -2.69400000e-05 6.56120000e-04 -2.20250000e-04 -1.18020000e-04 1.16570000e-04 5.85500000e-04 3.78450000e-04 3.45080000e-04 3.13270000e-04 -1.13721000e-03 -5.14350000e-04 1.85267000e-03 8.75800000e-05 1.20065000e-03 -5.01980000e-04 1.45920000e-04 6.81600000e-04 1.12180000e-04 -8.44250000e-04 -1.34730000e-04 -9.19780000e-04 -1.79359000e-03 2.85130000e-04 -2.02160000e-04 5.34530000e-04 -4.11560000e-04 4.29000000e-04 -2.38210000e-04 8.94700000e-04 -4.41520000e-04 9.35110000e-04 1.78969000e-03 -2.18486000e-03 -2.45440000e-03 -5.86590000e-04 -1.03823000e-03 3.62630000e-04 8.64840000e-04 -1.04749000e-03 -5.58200000e-04 1.18346000e-03 6.44300000e-05 -3.87410000e-04 8.22360000e-04 -2.67200000e-04 -4.45440000e-04 -6.73340000e-04 -4.30110000e-04 1.79584000e-03 -3.83820000e-04 -6.09400000e-05 -3.73750000e-04 -7.66400000e-05 1.04100000e-03 3.96860000e-04 -6.40650000e-04 1.26386000e-03 5.75850000e-04 3.83460000e-04 2.95070000e-04 6.58900000e-04 1.26400000e-04 -1.08396000e-03 8.25400000e-04 -1.71456000e-03 1.01764000e-03 2.27328000e-03 -2.05150000e-04 -4.05050000e-04 -3.08060000e-04 3.91720000e-04 -4.08700000e-05 1.39940000e-04 4.44600000e-05 -6.28750000e-04 7.71440000e-04 1.67800000e-05 -2.76540000e-04 2.75210000e-04 -3.10400000e-04 -1.06998000e-03 -1.49828000e-03
-3.43920000e-04 3.19070000e-04 3.31530000e-04 -1.09040000e-04 4.19680000e-04 -2.45300000e-04 -2.17100000e-05 2.69860000e-04 8.22900000e-05 -2.48500000e-05 -3.34200000e-05 9.55320000e-04 2.12410000e-04 4.20310000e-04 1.11495000e-03 1.66680000e-04 2.00850000e-04 8.98600000e-05 2.35370000e-04 -4.48330000e-04 1.15145000e-03 -1.38640000e-04 -1.39500000e-05 2.60840000e-04 7.88200000e-05 1.70300000e-05 -2.50000000e-06 -1.15900000e-04 5.22610000e-04 3.42300000e-05 -4.79800000e-04 8.40500000e-05 1.83140000e-04 7.62900000e-05 2.47000000e-06 2.04640000e-04 -2.31120000e-04 1.76040000e-04 -2.18800000e-04 -2.24480000e-04 -5.32100000e-05 -1.95150000e-04 -4.41900000e-05 5.98600000e-05 2.23530000e-04 -7.10900000e-05 9.14730000e-04 2.47060000e-04 2.65480000e-04 -8.14800000e-05 -9.19600000e-05 -1.13520000e-04 3.05990000e-04 -4.87500000e-05 1.90170000e-04 3.15700000e-05 -6.74360000e-04 1.28898000e-03 4.53870000e-04 5.94000000e-04 9.83530000e-04 -5.15150000e-04 4.44400000e-05 5.87520000e-04 -7.71700000e-05 3.59380000e-04 3.24200000e-04 1.15950000e-04 -1.49290000e-04 1.21470000e-04 7.22880000e-04 -1.93800000e-05 8.80000000e-07 -6.61850000e-04 -2.75730000e-04 3.12800000e-04 2.28650000e-04 -8.70600000e-05 -4.00010000e-04 -2.24180000e-04 1.14090000e-04 -3.30660000e-04 5.20500000e-05 -5.47900000e-05 2.91000000e-05 1.37620000e-04 2.91040000e-04 7.54500000e-05 6.42620000e-04 4.06090000e-04 -7.38200000e-05 1.57070000e-04 -1.12700000e-05 2.42460000e-04 -7.72900000e-05 7.76000000e-05 -5.53410000e-04 -8.50700000e-05 -4.49900000e-05 5.71440000e-04 -9.68000000e-05 9.37500000e-05 2.17980000e-04 2.34230000e-04 -1.87830000e-04 2.00790000e-04 -5.56100000e-05
-6.23860000e-04 1.39898000e-03 2.01894000e-03 -1.09101000e-03 1.55621000e-03 -1.04148000e-03 -6.57400000e-05 1.27711000e-03 4.68240000e-04 1.27129000e-03 -1.98740000e-04 4.35461000e-03 8.56600000e-04 4.85100000e-04 5.40401000e-03 4.63510000e-04 9.71320000e-04 9.62300000e-04 1.20937000e-03 -1.66473000e-03 5.12264000e-03 5.68000000e-06 -3.15810000e-04 9.27690000e-04 7.55070000e-04 2.32480000e-04 9.74180000e-04 1.06890000e-04 2.33919000e-03 5.49700000e-05 -2.37820000e-03 3.28370000e-04 6.57480000e-04 4.63580000e-04 -8.37920000e-04 8.50500000e-04 -2.29630000e-04 7.41690000e-04 -7.30790000e-04 -1.56404000e-03 8.97000000e-05 -6.81450000e-04 -2.56890000e-04 -1.30610000e-04 7.10420000e-04 -1.04963000e-03 4.00148000e-03 1.05597000e-03 1.06397000e-03 1.45820000e-04 -8.79490000e-04 -3.45140000e-04 8.47540000e-04 1.21733000e-03 5.82200000e-04 3.87380000e-04 -2.52199000e-03 5.52710000e-03 2.50701000e-03 2.48292000e-03 4.26347000e-03 -2.31778000e-03 2.35910000e-04 2.69836000e-03 -8.60370000e-04 1.93065000e-03 1.27464000e-03 1.57550000e-04 2.42000000e-05 7.61150000e-04 3.11770000e-03 -4.33060000e-04 -8.33900000e-05 -2.61562000e-03 -1.62484000e-03 1.55075000e-03 1.15223000e-03 -6.50510000e-04 -1.40302000e-03 -7.80370000e-04 3.80100000e-04 -1.23317000e-03 3.58800000e-04 -5.69600000e-05 1.88660000e-04 8.12900000e-04 1.22679000e-03 8.48120000e-04 3.82489000e-03 2.65520000e-03 1.18392000e-03 2.96106000e-03 7.79450000e-04 1.91688000e-03 6.05490000e-04 1.49190000e-03 -1.48817000e-03 5.30160000e-04 6.25870000e-04 3.78176000e-03 6.73560000e-04 1.54077000e-03 1.94683000e-03 2.32288000e-03 1.19600000e-05 2.08904000e-03 1.02844000e-03
-1.13370000e-04 -2.63000000e-05 -6.04340000e-04 5.61390000e-04 8.82940000e-04 -1.31421000e-03 -8.59860000e-04 -3.89000000e-04 -5.09600000e-05 -3.30750000e-04 6.42100000e-05 2.14359000e-03 2.29710000e-04 1.09154000e-03 2.24477000e-03 7.71590000e-04 -2.75420000e-04 -1.67250000e-04 -9.89200000e-05 -1.58661000e-03 2.35480000e-03 3.37890000e-04 3.38250000e-04 4.54490000e-04 -9.90440000e-04 3.19300000e-05 -5.81760000e-04 3.14100000e-04 6.76990000e-04 -4.69500000e-05 -1.25888000e-03 -3.58520000e-04 -1.72340000e-04 -2.27930000e-04 1.30069000e-03 6.92510000e-04 -2.14489000e-03 1.59080000e-04 -1.37552000e-03 4.68940000e-04 -3.27720000e-04 -9.09790000e-04 -1.79710000e-04 1.07021000e-03 1.67880000e-04 1.15467000e-03 2.58028000e-03 5.89700000e-05 4.51370000e-04 -6.75370000e-04 5.32600000e-04 -4.22340000e-04 6.66000000e-04 -8.36920000e-04 7.10820000e-04 -8.00500000e-04 -2.44049000e-03 3.48389000e-03 2.80312000e-03 1.28424000e-03 2.15128000e-03 -4.62160000e-04 -5.73930000e-04 1.41121000e-03 5.68150000e-04 -5.86120000e-04 4.50740000e-04 6.02850000e-04 -9.89250000e-04 2.16810000e-04 1.23977000e-03 6.68410000e-04 3.90560000e-04 -2.38761000e-03 2.30740000e-04 4.97070000e-04 5.09800000e-04 1.86050000e-04 -1.38929000e-03 -7.45400000e-04 7.96100000e-04 -1.54239000e-03 -5.47640000e-04 -3.82240000e-04 -1.73780000e-04 -4.63030000e-04 3.13590000e-04 1.30511000e-03 2.90260000e-04 2.12296000e-03 -9.73890000e-04 -2.27763000e-03 4.31860000e-04 8.40260000e-04 2.67350000e-04 -1.24850000e-04 -4.29440000e-04 -1.53900000e-05 1.73470000e-04 1.17906000e-03 -6.11710000e-04 1.86420000e-04 6.50310000e-04 6.28500000e-05 2.59940000e-04 1.39233000e-03 1.95039000e-03
2.04730000e-04 -2.43190000e-04 -6.94470000e-04 4.82310000e-04 3.92440000e-04 -7.91980000e-04 -6.73720000e-04 -4.41190000e-04 4.80000000e-07 -2.29900000e-04 2.59000000e-06 7.05550000e-04 9.17300000e-05 3.08270000e-04 5.66520000e-04 4.73400000e-04 -3.36100000e-04 -1.92880000e-04 -2.42930000e-04 -8.11630000e-04 7.13330000e-04 3.23970000e-04 2.42750000e-04 1.93390000e-04 -8.56170000e-04 -8.37900000e-05 -3.45820000e-04 2.96450000e-04 1.47540000e-04 2.04000000e-06 -7.52410000e-04 -3.25110000e-04 -2.25860000e-04 -1.96380000e-04 8.76240000e-04 2.83100000e-04 -1.46432000e-03 6.39500000e-05 -9.35220000e-04 5.89740000e-04 -3.42860000e-04 -5.74350000e-04 -1.42720000e-04 7.30670000e-04 3.72900000e-05 7.70660000e-04 1.06593000e-03 -1.64600000e-04 8.53500000e-05 -4.60640000e-04 5.02180000e-04 -2.48890000e-04 1.99500000e-04 -5.73490000e-04 3.92980000e-04 -6.45980000e-04 -1.38532000e-03 1.36087000e-03 1.57047000e-03 5.38470000e-04 7.58760000e-04 6.85600000e-05 -3.97180000e-04 4.66900000e-04 5.52550000e-04 -7.40160000e-04 5.00700000e-05 3.29690000e-04 -8.18990000e-04 8.09700000e-05 3.09670000e-04 6.71270000e-04 3.76660000e-04 -1.34109000e-03 4.49430000e-04 2.61500000e-05 2.02220000e-04 2.12490000e-04 -7.49110000e-04 -5.26810000e-04 5.26010000e-04 -9.90850000e-04 -4.53500000e-04 -2.87680000e-04 -1.03220000e-04 -4.30450000e-04 1.01300000e-05 8.60490000e-04 -2.49730000e-04 1.08688000e-03 -6.51560000e-04 -1.67655000e-03 2.73310000e-04 4.78660000e-04 3.09720000e-04 -1.49480000e-04 6.36600000e-05 5.03300000e-05 1.31180000e-04 4.70160000e-04 -3.32820000e-04 1.67730000e-04 3.28420000e-04 -1.05930000e-04 3.75400000e-04 7.05380000e-04 1.31046000e-03
-3.79840000e-04 7.59120000e-04 2.02751000e-03 -1.42075000e-03 -9.92670000e-04 2.32033000e-03 1.83588000e-03 1.37462000e-03 2.67070000e-04 9.75430000e-04 -1.50570000e-04 -2.29944000e-03 -1.15920000e-04 -1.38511000e-03 -1.99046000e-03 -1.29716000e-03 1.06202000e-03 5.49920000e-04 7.17590000e-04 2.40459000e-03 -2.17871000e-03 -8.22390000e-04 -7.01570000e-04 -4.81960000e-04 2.35236000e-03 3.97000000e-05 1.50960000e-03 -7.13930000e-04 -3.26400000e-04 7.73800000e-05 1.63161000e-03 9.32800000e-04 7.34280000e-04 6.08550000e-04 -2.69178000e-03 -1.01314000e-03 4.16913000e-03 -4.07100000e-05 2.56246000e-03 -1.53028000e-03 6.28120000e-04 1.50081000e-03 2.24540000e-04 -2.12301000e-03 -9.75500000e-05 -2.44079000e-03 -3.44253000e-03 4.94650000e-04 -3.97270000e-04 1.32994000e-03 -1.32730000e-03 7.54820000e-04 -6.80130000e-04 1.98804000e-03 -1.14887000e-03 1.88634000e-03 3.84030000e-03 -4.32280000e-03 -4.80532000e-03 -1.38022000e-03 -2.22034000e-03 -4.92300000e-05 1.40337000e-03 -1.69002000e-03 -1.49858000e-03 2.35796000e-03 -2.00280000e-04 -9.85050000e-04 1.99479000e-03 -2.51210000e-04 -9.13180000e-04 -1.60334000e-03 -9.60700000e-04 3.68988000e-03 -1.19596000e-03 -1.87360000e-04 -6.02850000e-04 -5.41220000e-04 2.14656000e-03 1.20178000e-03 -1.47851000e-03 2.64656000e-03 1.31687000e-03 7.59470000e-04 4.15280000e-04 1.34583000e-03 4.67000000e-05 -2.41597000e-03 1.27653000e-03 -3.28424000e-03 2.24215000e-03 5.50934000e-03 -6.26770000e-04 -1.00280000e-03 -6.48010000e-04 7.54390000e-04 -1.64580000e-04 1.08630000e-04 -1.60080000e-04 -1.05236000e-03 1.39373000e-03 -2.35400000e-05 -6.35840000e-04 6.97210000e-04 -8.50550000e-04 -2.13710000e-03 -3.79616000e-03
5.69200000e-05 1.09534000e-03 3.54583000e-03 -3.11533000e-03 -3.50798000e-03 6.73670000e-03 4.78856000e-03 2.60549000e-03 8.11800000e-04 2.52267000e-03 -9.32800000e-05 -9.07421000e-03 -6.17930000e-04 -4.11150000e-03 -8.61030000e-03 -3.86339000e-03 2.36819000e-03 7.87730000e-04 1.46878000e-03 7.40987000e-03 -8.66586000e-03 -1.79470000e-03 -1.62269000e-03 -1.78467000e-03 5.65777000e-03 -9.47100000e-05 4.04509000e-03 -1.57096000e-03 -1.97968000e-03 2.44060000e-04 4.46475000e-03 1.84644000e-03 1.17011000e-03 1.45332000e-03 -6.80596000e-03 -3.30130000e-03 1.11020700e-02 -2.29060000e-04 7.02657000e-03 -2.88037000e-03 1.41247000e-03 4.25343000e-03 6.45240000e-04 -5.26568000e-03 -1.12439000e-03 -5.72100000e-03 -1.14860100e-02 7.57180000e-04 -1.77067000e-03 3.29450000e-03 -2.93750000e-03 2.27445000e-03 -2.65211000e-03 4.94756000e-03 -3.23507000e-03 4.93095000e-03 1.13401000e-02 -1.48964000e-02 -1.44117900e-02 -5.15037000e-03 -8.30063000e-03 2.33983000e-03 3.98299000e-03 -6.46694000e-03 -3.34834000e-03 5.48769000e-03 -9.13360000e-04 -2.87910000e-03 5.38646000e-03 -1.37440000e-03 -4.20809000e-03 -3.84555000e-03 -2.67813000e-03 1.12123000e-02 -2.01363000e-03 -1.23891000e-03 -2.39404000e-03 -9.35460000e-04 6.60112000e-03 2.89051000e-03 -4.03210000e-03 7.61809000e-03 3.26126000e-03 2.26720000e-03 1.30226000e-03 3.16418000e-03 -3.88770000e-04 -6.62970000e-03 3.01871000e-03 -1.03262300e-02 5.71229000e-03 1.26887400e-02 -1.66616000e-03 -3.31168000e-03 -1.65813000e-03 1.60209000e-03 8.46090000e-04 4.78040000e-04 -3.20210000e-04 -4.59609000e-03 3.84569000e-03 -3.72310000e-04 -2.37575000e-03 7.72440000e-04 -1.69042000e-03 -6.23943000e-03 -8.41100000e-03
-3.13510000e-04 5.23390000e-04 8.16380000e-04 -3.50590000e-04 5.93430000e-04 -3.66810000e-04 -1.83400000e-05 4.71290000e-04 1.32890000e-04 2.88770000e-04 -7.29900000e-05 1.58323000e-03 3.51430000e-04 3.16700000e-04 1.87983000e-03 1.62950000e-04 3.58300000e-04 2.79470000e-04 4.65990000e-04 -6.39350000e-04 1.82061000e-03 -5.26200000e-05 -1.15570000e-04 3.54690000e-04 2.41970000e-04 3.91000000e-05 1.61590000e-04 -1.14700000e-05 8.58580000e-04 5.92400000e-05 -7.51040000e-04 1.29740000e-04 2.89190000e-04 1.92490000e-04 -2.70660000e-04 3.32710000e-04 -1.70880000e-04 2.91290000e-04 -2.69490000e-04 -5.95440000e-04 -7.20700000e-05 -2.44140000e-04 -2.78300000e-05 -1.30760000e-04 3.26080000e-04 -4.07580000e-04 1.48561000e-03 3.90550000e-04 4.60880000e-04 4.45000000e-06 -3.12410000e-04 -1.23280000e-04 4.09090000e-04 3.47320000e-04 2.76110000e-04 1.15370000e-04 -9.17530000e-04 2.04013000e-03 8.01200000e-04 9.33200000e-04 1.54407000e-03 -9.71820000e-04 5.70000000e-05 1.04797000e-03 -2.67130000e-04 6.85200000e-04 4.80550000e-04 9.45700000e-05 -1.49540000e-04 2.87990000e-04 1.16946000e-03 -1.63800000e-04 3.16000000e-05 -1.01756000e-03 -5.64310000e-04 5.76640000e-04 4.18530000e-04 -2.39250000e-04 -5.58150000e-04 -2.65490000e-04 1.46460000e-04 -4.67290000e-04 8.32800000e-05 3.21900000e-05 1.23100000e-04 2.76100000e-04 4.62200000e-04 2.46440000e-04 1.13971000e-03 9.10530000e-04 3.00700000e-04 1.04183000e-03 2.15560000e-04 6.25760000e-04 1.56250000e-04 4.77610000e-04 -6.21770000e-04 1.13400000e-04 1.90100000e-04 1.25075000e-03 2.03670000e-04 5.06990000e-04 6.20890000e-04 8.00730000e-04 -5.46200000e-05 5.26840000e-04 -1.47500000e-04
6.24380000e-04 -7.05510000e-04 -7.67670000e-04 3.20630000e-04 -1.19731000e-03 1.13981000e-03 3.97290000e-04 -5.00450000e-04 -8.50900000e-05 -1.34130000e-04 3.56400000e-05 -3.33320000e-03 -4.73430000e-04 -7.18680000e-04 -3.79230000e-03 -5.19230000e-04 -3.25750000e-04 -3.10760000e-04 -5.05500000e-04 1.60719000e-03 -3.58180000e-03 -4.78700000e-05 8.92100000e-05 -7.11360000e-04 4.29200000e-05 -6.53100000e-05 5.86710000e-04 -6.51200000e-05 -1.38957000e-03 -2.05600000e-05 1.40200000e-03 8.65000000e-06 -2.24100000e-04 -8.82800000e-05 -2.20660000e-04 -7.92520000e-04 1.13722000e-03 -3.65690000e-04 9.67960000e-04 6.53390000e-04 1.34560000e-04 7.33810000e-04 1.68820000e-04 -2.88490000e-04 -5.71940000e-04 3.63400000e-05 -3.20450000e-03 -5.19780000e-04 -7.80240000e-04 2.79390000e-04 2.86200000e-04 4.62850000e-04 -7.46320000e-04 3.91600000e-05 -5.99940000e-04 2.55320000e-04 2.32138000e-03 -4.42519000e-03 -2.52313000e-03 -1.86107000e-03 -3.08711000e-03 1.72302000e-03 2.79340000e-04 -2.10106000e-03 2.24510000e-04 -3.91360000e-04 -7.86010000e-04 -3.29130000e-04 6.32780000e-04 -4.21350000e-04 -2.08536000e-03 8.76000000e-06 -1.28950000e-04 2.36402000e-03 8.12830000e-04 -1.00608000e-03 -6.97150000e-04 3.51230000e-04 1.42304000e-03 5.92970000e-04 -4.56330000e-04 1.28512000e-03 1.52040000e-04 1.49150000e-04 6.77500000e-05 -1.62610000e-04 -6.87300000e-04 -8.97080000e-04 -1.12290000e-03 -2.21319000e-03 1.58240000e-04 -2.06810000e-04 -3.66700000e-04 -1.04259000e-03 -2.47990000e-04 -4.17840000e-04 1.10545000e-03 -1.91400000e-05 -1.82800000e-04 -2.11697000e-03 2.16610000e-04 -5.41450000e-04 -9.98120000e-04 -9.27250000e-04 8.10200000e-05 -1.38289000e-03 -5.43660000e-04
1.14860000e-04 1.00370000e-04 6.38150000e-04 -6.33880000e-04 -1.32472000e-03 2.34222000e-03 1.50153000e-03 5.70170000e-04 2.37560000e-04 4.44450000e-04 1.32200000e-05 -3.82881000e-03 -2.67250000e-04 -1.22693000e-03 -3.89084000e-03 -1.22629000e-03 5.80510000e-04 5.12000000e-05 2.67350000e-04 2.64616000e-03 -3.71129000e-03 -6.48150000e-04 -3.76320000e-04 -6.72570000e-04 1.56098000e-03 -5.00300000e-05 1.15102000e-03 -5.85440000e-04 -9.90060000e-04 1.45670000e-04 1.71740000e-03 5.40170000e-04 3.13310000e-04 4.16450000e-04 -1.88702000e-03 -1.18193000e-03 3.41042000e-03 -1.08120000e-04 2.30176000e-03 -4.89770000e-04 4.06540000e-04 1.45772000e-03 3.03060000e-04 -1.49320000e-03 -4.53490000e-04 -1.49353000e-03 -4.33566000e-03 5.68400000e-05 -7.17270000e-04 9.61790000e-04 -6.08610000e-04 8.17260000e-04 -9.28060000e-04 1.16695000e-03 -1.00963000e-03 1.46029000e-03 3.96479000e-03 -5.75303000e-03 -5.13408000e-03 -2.06028000e-03 -3.41024000e-03 1.38611000e-03 1.26815000e-03 -2.58158000e-03 -7.49420000e-04 1.38615000e-03 -4.42360000e-04 -8.64390000e-04 1.68968000e-03 -5.69020000e-04 -1.90732000e-03 -1.01939000e-03 -7.35760000e-04 3.96468000e-03 -2.17100000e-04 -7.28660000e-04 -9.37290000e-04 -8.06100000e-05 2.33639000e-03 9.72790000e-04 -1.23149000e-03 2.57967000e-03 9.30540000e-04 6.84500000e-04 4.28170000e-04 8.30320000e-04 -3.22380000e-04 -2.31798000e-03 4.09130000e-04 -3.91752000e-03 1.40874000e-03 3.09554000e-03 -7.59160000e-04 -1.46179000e-03 -7.06240000e-04 1.12460000e-04 4.73440000e-04 -3.55000000e-05 -2.99120000e-04 -2.26003000e-03 9.77180000e-04 -4.62500000e-04 -1.20162000e-03 -3.35970000e-04 -5.66060000e-04 -2.48295000e-03 -2.72732000e-03
5.52670000e-04 -7.14290000e-04 -1.26641000e-03 7.35490000e-04 -5.16970000e-04 2.06630000e-04 -2.00230000e-04 -7.87600000e-04 -1.02880000e-04 -4.75620000e-04 1.39090000e-04 -1.79861000e-03 -2.57030000e-04 1.19530000e-04 -2.28063000e-03 -2.79000000e-05 -4.98530000e-04 -5.47180000e-04 -5.12950000e-04 4.39070000e-04 -1.97174000e-03 2.34440000e-04 3.09390000e-04 -3.32360000e-04 -6.84520000e-04 -1.13580000e-04 -1.24000000e-04 1.96490000e-04 -8.88900000e-04 -6.61000000e-06 5.50430000e-04 -3.17580000e-04 -3.90270000e-04 -2.32330000e-04 6.95580000e-04 -2.66130000e-04 -4.70160000e-04 -2.08350000e-04 -2.66500000e-05 9.94940000e-04 -2.16470000e-04 7.90900000e-05 9.41000000e-05 4.12300000e-04 -4.05060000e-04 8.17720000e-04 -1.33952000e-03 -4.68780000e-04 -3.99520000e-04 -2.73490000e-04 6.38550000e-04 1.39210000e-04 -2.43170000e-04 -6.19370000e-04 -2.75700000e-05 -3.26820000e-04 5.31880000e-04 -1.94319000e-03 -5.92510000e-04 -9.20990000e-04 -1.57146000e-03 1.33526000e-03 -1.30980000e-04 -1.06991000e-03 6.61660000e-04 -9.26550000e-04 -4.03830000e-04 8.40600000e-05 -2.71100000e-04 -3.27770000e-04 -1.18174000e-03 4.80350000e-04 1.59350000e-04 6.34420000e-04 1.00939000e-03 -6.06400000e-04 -3.97220000e-04 4.62280000e-04 3.77810000e-04 -7.39000000e-06 7.93300000e-05 1.84000000e-04 -2.83880000e-04 -1.30600000e-05 1.95900000e-05 -4.97750000e-04 -4.30200000e-04 2.87500000e-05 -1.21942000e-03 -7.80440000e-04 -6.31390000e-04 -1.92968000e-03 -7.62000000e-05 -4.88650000e-04 -5.39300000e-05 -5.33600000e-04 7.93090000e-04 -4.81000000e-05 -4.22900000e-05 -1.35570000e-03 -2.16630000e-04 -4.31290000e-04 -5.83110000e-04 -9.34940000e-04 2.97220000e-04 -5.41230000e-04 5.43700000e-04
6.63200000e-05 6.65490000e-04 1.14398000e-03 -8.53030000e-04 -1.30511000e-03 3.42748000e-03 2.24604000e-03 1.32698000e-03 7.06170000e-04 7.15060000e-04 8.49500000e-05 -5.30500000e-03 2.97700000e-05 -1.75974000e-03 -5.68978000e-03 -1.64115000e-03 1.24936000e-03 -9.19100000e-05 6.99680000e-04 3.25469000e-03 -5.00991000e-03 -8.01900000e-04 -4.71440000e-04 -4.87950000e-04 2.33497000e-03 -7.36700000e-05 7.96580000e-04 -6.10320000e-04 -9.87620000e-04 4.49330000e-04 2.03083000e-03 8.68030000e-04 8.64630000e-04 7.06960000e-04 -2.92997000e-03 -1.33899000e-03 4.57138000e-03 2.30950000e-04 3.21609000e-03 -9.70770000e-04 3.35010000e-04 1.83448000e-03 5.35480000e-04 -2.18280000e-03 -2.48070000e-04 -2.83585000e-03 -5.64453000e-03 4.10270000e-04 -6.62070000e-04 1.33668000e-03 -8.11510000e-04 1.25253000e-03 -9.74580000e-04 1.92969000e-03 -1.09211000e-03 2.18824000e-03 4.87893000e-03 -7.62154000e-03 -7.38747000e-03 -2.37087000e-03 -4.42829000e-03 1.27185000e-03 1.97471000e-03 -3.17537000e-03 -1.07627000e-03 2.21892000e-03 -2.49060000e-04 -1.06062000e-03 1.89597000e-03 -8.45660000e-04 -1.96571000e-03 -1.47354000e-03 -8.71700000e-04 5.08799000e-03 -5.46860000e-04 -8.33800000e-04 -1.30823000e-03 -1.02230000e-04 2.78311000e-03 1.07236000e-03 -1.70692000e-03 3.45361000e-03 1.32064000e-03 1.14488000e-03 8.77230000e-04 1.48542000e-03 -2.51200000e-05 -3.29209000e-03 4.47720000e-04 -5.84608000e-03 2.13003000e-03 5.07480000e-03 -1.02643000e-03 -1.65412000e-03 -8.75070000e-04 5.71140000e-04 1.70200000e-04 1.12590000e-04 -1.78760000e-04 -2.38025000e-03 1.71713000e-03 -2.85060000e-04 -1.34793000e-03 -1.25000000e-06 -6.91210000e-04 -4.09735000e-03 -4.98941000e-03
-8.72000000e-06 -3.26780000e-04 -1.09481000e-03 9.17370000e-04 8.17480000e-04 -1.55404000e-03 -1.18502000e-03 -7.28060000e-04 -1.73490000e-04 -6.70940000e-04 6.10000000e-05 1.81872000e-03 1.16180000e-04 1.07555000e-03 1.66237000e-03 9.64520000e-04 -5.96220000e-04 -3.21960000e-04 -4.69360000e-04 -1.75164000e-03 1.84667000e-03 4.27690000e-04 4.86570000e-04 4.05950000e-04 -1.48138000e-03 7.65000000e-06 -1.05918000e-03 3.76090000e-04 3.46100000e-04 -4.99200000e-05 -1.20157000e-03 -4.94020000e-04 -3.09480000e-04 -3.90450000e-04 1.80651000e-03 7.40280000e-04 -2.79041000e-03 4.82800000e-05 -1.71116000e-03 8.71150000e-04 -4.09800000e-04 -1.06620000e-03 -1.92430000e-04 1.40334000e-03 1.56650000e-04 1.54010000e-03 2.51799000e-03 -2.09010000e-04 3.47130000e-04 -8.69120000e-04 8.78590000e-04 -5.13610000e-04 6.11320000e-04 -1.31256000e-03 7.82980000e-04 -1.21660000e-03 -2.72175000e-03 3.29040000e-03 3.25508000e-03 1.16394000e-03 1.80959000e-03 -2.96260000e-04 -8.85280000e-04 1.32896000e-03 9.21650000e-04 -1.28636000e-03 2.02400000e-04 7.46090000e-04 -1.34943000e-03 2.11800000e-04 9.07480000e-04 1.01412000e-03 6.41220000e-04 -2.65914000e-03 6.20320000e-04 2.03550000e-04 4.78220000e-04 3.49820000e-04 -1.56983000e-03 -7.89830000e-04 1.01922000e-03 -1.84157000e-03 -8.43530000e-04 -5.85820000e-04 -3.18810000e-04 -7.96130000e-04 8.50100000e-05 1.56337000e-03 -6.11720000e-04 2.27304000e-03 -1.48340000e-03 -3.42472000e-03 3.61190000e-04 7.50720000e-04 3.22910000e-04 -4.73500000e-04 -2.34250000e-04 -1.30870000e-04 4.98800000e-05 8.94770000e-04 -9.55160000e-04 8.37000000e-06 4.86880000e-04 -3.37030000e-04 3.79510000e-04 1.35711000e-03 2.20892000e-03
-2.88350000e-04 4.43090000e-04 6.42450000e-04 -2.67010000e-04 5.95950000e-04 -4.60280000e-04 -8.87800000e-05 3.79100000e-04 1.04320000e-04 2.14830000e-04 -3.83300000e-05 1.67223000e-03 3.18430000e-04 4.25450000e-04 1.97215000e-03 2.31340000e-04 2.72300000e-04 2.79580000e-04 3.94300000e-04 -6.57330000e-04 1.86576000e-03 -2.97100000e-05 -6.52500000e-05 3.57960000e-04 1.40730000e-04 6.02100000e-05 2.73000000e-04 -3.95000000e-06 8.20690000e-04 4.99000000e-05 -7.09860000e-04 8.44500000e-05 2.04550000e-04 1.54650000e-04 -8.67400000e-05 3.71740000e-04 -3.05370000e-04 2.64540000e-04 -3.54160000e-04 -4.61820000e-04 -2.49300000e-05 -2.48360000e-04 -2.70200000e-05 2.67900000e-05 3.23890000e-04 -1.78590000e-04 1.57719000e-03 3.43050000e-04 4.45280000e-04 -4.54300000e-05 -2.32680000e-04 -1.72210000e-04 3.93220000e-04 1.74900000e-04 3.04270000e-04 3.03800000e-05 -9.72410000e-04 2.15064000e-03 1.07107000e-03 9.34940000e-04 1.58441000e-03 -8.60550000e-04 -2.56700000e-05 1.06633000e-03 -1.74430000e-04 4.72310000e-04 4.53720000e-04 1.31660000e-04 -1.51990000e-04 3.01460000e-04 1.11567000e-03 -7.62900000e-05 5.76400000e-05 -1.04769000e-03 -4.47740000e-04 5.60510000e-04 4.41800000e-04 -1.90820000e-04 -5.62540000e-04 -2.54490000e-04 2.15750000e-04 -5.20690000e-04 4.06100000e-05 -2.28100000e-05 6.85200000e-05 1.92440000e-04 4.20570000e-04 3.49950000e-04 9.78180000e-04 1.04164000e-03 1.33800000e-04 5.88050000e-04 2.07250000e-04 5.81150000e-04 1.56390000e-04 3.44230000e-04 -5.52910000e-04 6.08700000e-05 1.31560000e-04 1.17524000e-03 3.92900000e-05 4.05270000e-04 5.73290000e-04 6.40790000e-04 -3.36900000e-05 6.90410000e-04 2.10110000e-04
-2.90000000e-05 9.85300000e-05 3.35730000e-04 -6.47200000e-05 3.35190000e-04 -5.91830000e-04 -3.42690000e-04 5.21600000e-05 -4.58100000e-05 1.90190000e-04 -9.47100000e-05 1.24154000e-03 8.69700000e-05 1.81600000e-05 1.38236000e-03 3.60240000e-04 -6.15100000e-05 3.37950000e-04 -1.87200000e-05 -5.73480000e-04 1.16131000e-03 1.30490000e-04 3.32300000e-05 1.67300000e-04 -1.77470000e-04 1.16780000e-04 4.29570000e-04 1.18590000e-04 3.66340000e-04 -2.21100000e-05 -4.81740000e-04 4.39600000e-05 8.07800000e-05 3.68000000e-06 1.99180000e-04 3.13370000e-04 -5.44280000e-04 3.88800000e-05 -5.13490000e-04 -1.59280000e-04 1.03840000e-04 -2.74850000e-04 -7.77600000e-05 2.51360000e-04 1.93970000e-04 7.68200000e-05 1.22120000e-03 3.31100000e-05 2.20550000e-04 8.30000000e-07 5.34000000e-06 -1.61590000e-04 1.85720000e-04 4.85000000e-05 1.90640000e-04 -2.82070000e-04 -8.82610000e-04 1.60320000e-03 1.46308000e-03 6.28910000e-04 1.02125000e-03 -6.16370000e-04 -2.98960000e-04 8.27830000e-04 2.27400000e-05 -1.07250000e-04 5.78800000e-05 1.88490000e-04 -1.72800000e-04 3.81600000e-04 5.84860000e-04 1.75360000e-04 2.69310000e-04 -9.90500000e-04 -1.42730000e-04 2.31460000e-04 4.45200000e-04 -6.11100000e-05 -4.87430000e-04 -6.70600000e-05 3.64310000e-04 -6.14100000e-04 -1.35930000e-04 -2.46170000e-04 -1.28800000e-04 -8.46000000e-05 9.48300000e-05 6.22760000e-04 2.76080000e-04 1.28262000e-03 3.08700000e-05 9.58400000e-05 2.63550000e-04 5.70800000e-04 3.56280000e-04 1.93690000e-04 -1.00650000e-04 1.17380000e-04 1.15270000e-04 9.80720000e-04 -7.07400000e-05 3.89030000e-04 5.33820000e-04 4.72730000e-04 1.78340000e-04 8.77350000e-04 6.78880000e-04
-1.22910000e-04 4.55700000e-05 -1.55490000e-04 7.36600000e-05 -7.87600000e-05 3.89390000e-04 2.68900000e-04 1.69000000e-05 7.03200000e-05 -2.62030000e-04 1.12480000e-04 -6.51560000e-04 7.58300000e-05 4.37310000e-04 -7.00030000e-04 -1.75900000e-04 1.38950000e-04 -2.20030000e-04 1.27490000e-04 3.22370000e-04 -4.81160000e-04 -2.19900000e-04 1.18800000e-05 6.99000000e-06 1.45880000e-04 -6.32400000e-05 -2.29700000e-05 -2.06280000e-04 -4.14700000e-05 1.00980000e-04 1.25730000e-04 2.27000000e-06 1.98700000e-05 1.09940000e-04 -8.83100000e-05 -1.07550000e-04 2.94790000e-04 1.02150000e-04 3.08220000e-04 9.47400000e-05 -6.92800000e-05 1.94890000e-04 1.44730000e-04 -6.17200000e-05 -4.46700000e-05 1.67200000e-05 -5.04470000e-04 1.01940000e-04 2.15800000e-05 -7.80900000e-05 -9.00000000e-08 9.44200000e-05 2.94400000e-05 -2.09990000e-04 4.96100000e-05 2.36590000e-04 4.38690000e-04 -7.34430000e-04 -9.84740000e-04 -2.76520000e-04 -4.11830000e-04 4.20440000e-04 2.89940000e-04 -3.76220000e-04 6.16200000e-05 2.56850000e-04 1.67300000e-04 -6.24900000e-05 8.54700000e-05 -2.17480000e-04 -1.60190000e-04 -7.78500000e-05 -1.44280000e-04 5.03640000e-04 1.06050000e-04 -6.15400000e-05 -2.05130000e-04 5.88800000e-05 3.02220000e-04 -6.42800000e-05 -1.35010000e-04 3.61370000e-04 1.01730000e-04 1.55260000e-04 1.82440000e-04 1.03810000e-04 6.64200000e-05 -4.84700000e-04 1.92220000e-04 -8.84300000e-04 -2.03630000e-04 -3.01950000e-04 -2.77470000e-04 -4.13340000e-04 -3.46490000e-04 -2.39090000e-04 -1.56840000e-04 -2.04660000e-04 -1.91350000e-04 -6.43060000e-04 -8.58300000e-05 -3.21720000e-04 -4.13720000e-04 -4.04550000e-04 -2.29130000e-04 -6.27090000e-04 -3.67440000e-04
-5.14200000e-05 -4.58620000e-04 -1.55729000e-03 1.20019000e-03 8.05710000e-04 -1.48940000e-03 -1.14490000e-03 -9.37070000e-04 -1.92070000e-04 -9.77190000e-04 1.35230000e-04 1.64961000e-03 9.99000000e-05 1.62691000e-03 1.53041000e-03 9.71750000e-04 -6.66930000e-04 -5.42930000e-04 -4.78790000e-04 -1.62969000e-03 1.82540000e-03 3.44020000e-04 5.99780000e-04 3.88090000e-04 -1.63496000e-03 -4.09500000e-05 -1.03433000e-03 2.76950000e-04 2.93740000e-04 -5.03400000e-05 -1.06681000e-03 -5.61010000e-04 -4.15270000e-04 -4.23230000e-04 2.16917000e-03 6.48530000e-04 -2.93385000e-03 4.13400000e-05 -1.69352000e-03 1.25077000e-03 -4.96830000e-04 -1.02444000e-03 -1.54420000e-04 1.63019000e-03 1.89600000e-05 2.14562000e-03 2.35045000e-03 -2.24110000e-04 2.97350000e-04 -1.04576000e-03 1.10324000e-03 -4.98100000e-04 7.66490000e-04 -1.72948000e-03 8.61180000e-04 -1.22282000e-03 -2.59653000e-03 3.16930000e-03 3.02669000e-03 1.05668000e-03 1.76356000e-03 2.82860000e-04 -7.86620000e-04 1.03244000e-03 1.13888000e-03 -1.36563000e-03 3.27090000e-04 8.22270000e-04 -1.33576000e-03 5.27900000e-05 7.26410000e-04 1.12245000e-03 5.74590000e-04 -2.46679000e-03 8.92050000e-04 1.89040000e-04 3.71970000e-04 5.12070000e-04 -1.44394000e-03 -8.36300000e-04 1.02669000e-03 -1.75685000e-03 -8.68950000e-04 -5.92690000e-04 -3.01740000e-04 -9.05960000e-04 6.39500000e-05 1.45564000e-03 -5.66150000e-04 2.01479000e-03 -1.89114000e-03 -4.41698000e-03 2.59900000e-04 4.58380000e-04 3.85700000e-05 -7.95300000e-04 -2.36410000e-04 -3.14310000e-04 -7.53500000e-05 2.78620000e-04 -1.20998000e-03 -3.62380000e-04 1.72850000e-04 -8.19590000e-04 2.48030000e-04 1.26084000e-03 2.58726000e-03
-7.82900000e-05 3.35750000e-04 3.30200000e-04 -1.94290000e-04 -1.01390000e-04 8.83730000e-04 6.60500000e-04 4.60690000e-04 2.87280000e-04 2.75460000e-04 9.44200000e-05 -8.85970000e-04 1.17760000e-04 -1.38950000e-04 -8.19570000e-04 -3.23660000e-04 4.70100000e-04 2.07000000e-06 3.14650000e-04 7.95540000e-04 -6.25070000e-04 -1.97040000e-04 -5.97100000e-05 1.19900000e-05 6.92490000e-04 1.62800000e-05 6.91530000e-04 -1.49030000e-04 9.28000000e-06 1.61870000e-04 2.97750000e-04 2.64650000e-04 2.74380000e-04 2.66460000e-04 -6.41550000e-04 -2.53790000e-04 1.18658000e-03 1.58660000e-04 8.37240000e-04 -2.28650000e-04 9.45800000e-05 4.68580000e-04 1.39450000e-04 -4.24060000e-04 -4.19300000e-05 -5.13500000e-04 -1.09096000e-03 2.89330000e-04 -4.90800000e-05 3.17300000e-04 -1.62210000e-04 3.24410000e-04 -7.64200000e-05 5.02270000e-04 -1.67770000e-04 6.80190000e-04 1.13688000e-03 -1.34177000e-03 -1.71738000e-03 -2.91970000e-04 -5.92420000e-04 3.68500000e-04 6.94050000e-04 -6.44300000e-04 -2.66360000e-04 8.66200000e-04 1.71910000e-04 -1.81650000e-04 5.33060000e-04 -2.07640000e-04 -1.68410000e-04 -3.68340000e-04 -2.64570000e-04 1.18895000e-03 -1.97160000e-04 1.87600000e-05 -2.40400000e-04 2.46400000e-05 7.09350000e-04 1.96870000e-04 -3.65020000e-04 8.66770000e-04 4.13270000e-04 2.98200000e-04 2.78810000e-04 5.06980000e-04 1.95220000e-04 -7.57150000e-04 7.27030000e-04 -1.28923000e-03 5.78580000e-04 1.26909000e-03 -1.79920000e-04 -2.87640000e-04 -2.57670000e-04 2.12440000e-04 -1.46370000e-04 5.96400000e-05 2.50000000e-07 -4.52820000e-04 4.70180000e-04 -3.98800000e-05 -2.16610000e-04 9.78600000e-05 -2.30030000e-04 -7.93560000e-04 -8.90380000e-04
1.31680000e-04 7.02900000e-05 3.28030000e-04 -2.98320000e-04 -7.93720000e-04 1.49409000e-03 9.04560000e-04 4.27530000e-04 2.11880000e-04 3.74260000e-04 -1.71700000e-05 -2.56793000e-03 -2.04780000e-04 -1.05771000e-03 -2.69688000e-03 -6.17860000e-04 3.46880000e-04 1.27760000e-04 -2.88000000e-06 1.70574000e-03 -2.57723000e-03 -3.34630000e-04 -1.42990000e-04 -3.70720000e-04 9.48100000e-04 4.98600000e-05 8.92270000e-04 -2.95900000e-04 -7.46780000e-04 1.27910000e-04 1.09093000e-03 4.48300000e-04 3.03620000e-04 2.35730000e-04 -1.11663000e-03 -7.35590000e-04 2.13250000e-03 -9.87300000e-05 1.41814000e-03 -2.02980000e-04 3.84980000e-04 9.05640000e-04 1.48360000e-04 -7.82000000e-04 -2.34870000e-04 -9.44660000e-04 -2.90577000e-03 -2.27300000e-05 -5.42480000e-04 7.06470000e-04 -2.02490000e-04 5.45710000e-04 -6.37300000e-04 7.66730000e-04 -6.82920000e-04 8.37270000e-04 2.46955000e-03 -3.85208000e-03 -3.05075000e-03 -1.27298000e-03 -2.30580000e-03 8.86920000e-04 7.94410000e-04 -1.73762000e-03 -4.02900000e-04 6.97190000e-04 -4.04360000e-04 -4.60820000e-04 1.08413000e-03 -3.00470000e-04 -1.34008000e-03 -5.10120000e-04 -3.15200000e-04 2.55296000e-03 -6.79500000e-05 -6.13150000e-04 -5.49530000e-04 5.88800000e-05 1.47844000e-03 7.07680000e-04 -6.77350000e-04 1.60466000e-03 5.64090000e-04 2.51590000e-04 1.62450000e-04 5.26230000e-04 -2.67930000e-04 -1.34083000e-03 1.08500000e-05 -2.44125000e-03 9.45470000e-04 1.95364000e-03 -4.71840000e-04 -8.27860000e-04 -3.27010000e-04 6.61500000e-05 3.66390000e-04 3.95700000e-05 -2.05650000e-04 -1.31921000e-03 6.15560000e-04 -2.40600000e-04 -6.86750000e-04 -1.91630000e-04 -2.81430000e-04 -1.52084000e-03 -1.55149000e-03
-6.11450000e-04 4.76210000e-04 3.72450000e-04 -2.74810000e-04 4.51780000e-04 1.10030000e-04 2.70140000e-04 4.97950000e-04 2.46430000e-04 -2.80770000e-04 1.28990000e-04 8.45390000e-04 3.67620000e-04 1.52980000e-04 9.89600000e-04 -1.93900000e-05 3.73480000e-04 7.21300000e-05 4.42440000e-04 2.55000000e-06 9.95380000e-04 -4.34300000e-04 -1.73660000e-04 3.70160000e-04 3.79950000e-04 -6.82800000e-05 -3.81700000e-05 -4.29270000e-04 6.23260000e-04 2.42560000e-04 -2.33060000e-04 4.27200000e-05 7.61700000e-05 2.80630000e-04 -1.73530000e-04 2.63510000e-04 2.33870000e-04 3.50360000e-04 1.51780000e-04 -2.84190000e-04 -6.59400000e-05 1.45280000e-04 1.68350000e-04 -1.11550000e-04 4.61070000e-04 -2.46090000e-04 7.32950000e-04 3.98420000e-04 3.73920000e-04 -8.20200000e-05 -2.63570000e-04 -1.63160000e-04 8.11300000e-05 -3.04920000e-04 2.77310000e-04 2.98990000e-04 -8.63500000e-05 9.42180000e-04 -2.99260000e-04 5.69400000e-04 8.35190000e-04 -4.43320000e-04 2.63220000e-04 5.76670000e-04 -8.66900000e-05 3.01470000e-04 3.86510000e-04 -7.67200000e-05 -8.19100000e-05 2.82500000e-05 6.81230000e-04 -8.74800000e-05 -1.28100000e-04 -1.11420000e-04 -3.24460000e-04 3.85260000e-04 8.15100000e-05 -2.31210000e-04 7.69000000e-06 -1.85780000e-04 -6.51500000e-05 6.10900000e-05 1.85450000e-04 2.31090000e-04 2.22710000e-04 3.64180000e-04 3.85070000e-04 -4.79910000e-04 4.21900000e-04 -4.13310000e-04 -3.18970000e-04 1.04400000e-05 -4.62690000e-04 -3.35120000e-04 -3.64890000e-04 -2.96160000e-04 -8.17420000e-04 -4.56290000e-04 -4.37030000e-04 -2.06000000e-06 -3.95010000e-04 -3.09570000e-04 -2.66300000e-04 -2.28970000e-04 -4.48270000e-04 -3.24700000e-04 -7.11630000e-04
-3.36720000e-04 7.17690000e-04 1.68958000e-03 -1.17625000e-03 -1.10999000e-03 2.71933000e-03 2.00714000e-03 1.37026000e-03 3.81480000e-04 8.21660000e-04 -8.17800000e-05 -3.29115000e-03 -1.04270000e-04 -1.38964000e-03 -3.08349000e-03 -1.30316000e-03 1.10169000e-03 4.73780000e-04 6.17740000e-04 2.86371000e-03 -3.05359000e-03 -9.54470000e-04 -5.78810000e-04 -4.80100000e-04 2.39267000e-03 1.04340000e-04 1.57578000e-03 -8.51120000e-04 -5.54290000e-04 2.30440000e-04 1.74052000e-03 1.01830000e-03 8.07660000e-04 7.02220000e-04 -2.64755000e-03 -1.14264000e-03 4.42495000e-03 2.79200000e-05 2.82027000e-03 -1.25704000e-03 7.60400000e-04 1.73004000e-03 3.57740000e-04 -1.95676000e-03 -1.38500000e-04 -2.31801000e-03 -4.19982000e-03 4.47740000e-04 -5.22620000e-04 1.36355000e-03 -1.05264000e-03 8.89860000e-04 -7.99490000e-04 1.75916000e-03 -1.14826000e-03 1.97564000e-03 4.35679000e-03 -5.45405000e-03 -5.59066000e-03 -1.73065000e-03 -2.93601000e-03 6.11100000e-04 1.65002000e-03 -2.26556000e-03 -1.29582000e-03 2.30685000e-03 -2.25050000e-04 -9.72330000e-04 2.22699000e-03 -3.76780000e-04 -1.40181000e-03 -1.51983000e-03 -8.97010000e-04 4.32633000e-03 -9.32150000e-04 -4.98300000e-04 -7.48810000e-04 -3.37410000e-04 2.54203000e-03 1.26174000e-03 -1.45604000e-03 2.99428000e-03 1.33837000e-03 6.77930000e-04 4.60060000e-04 1.38326000e-03 -4.84900000e-05 -2.75297000e-03 1.24404000e-03 -4.12566000e-03 2.06661000e-03 4.98300000e-03 -9.05170000e-04 -1.38183000e-03 -8.25390000e-04 4.41540000e-04 -8.96700000e-05 -3.96300000e-05 -3.99680000e-04 -1.70745000e-03 1.24913000e-03 -3.04110000e-04 -1.03143000e-03 2.13970000e-04 -9.37860000e-04 -2.62463000e-03 -3.65710000e-03
-1.59060000e-04 3.70220000e-04 6.45740000e-04 -4.40190000e-04 -3.18100000e-04 1.11259000e-03 8.10290000e-04 6.20290000e-04 2.53280000e-04 3.53500000e-04 -3.09900000e-05 -1.29788000e-03 3.41500000e-05 -4.98370000e-04 -1.21944000e-03 -5.08380000e-04 5.23450000e-04 1.09190000e-04 3.15870000e-04 1.08576000e-03 -1.07619000e-03 -3.72000000e-04 -2.04840000e-04 -1.17340000e-04 9.43260000e-04 -1.36000000e-05 5.04000000e-04 -3.11800000e-04 -1.17750000e-04 1.24460000e-04 5.24920000e-04 3.90490000e-04 3.67480000e-04 2.85050000e-04 -1.06589000e-03 -4.72340000e-04 1.70425000e-03 9.16000000e-05 1.09892000e-03 -4.74940000e-04 1.65570000e-04 6.19880000e-04 9.54700000e-05 -7.75020000e-04 -4.39100000e-05 -9.45780000e-04 -1.68166000e-03 2.49430000e-04 -1.99920000e-04 5.04850000e-04 -3.70490000e-04 3.74090000e-04 -2.67400000e-04 7.42160000e-04 -4.19360000e-04 8.35980000e-04 1.62629000e-03 -2.10287000e-03 -2.36246000e-03 -5.54360000e-04 -1.03068000e-03 2.60900000e-04 7.68830000e-04 -9.51130000e-04 -5.06130000e-04 1.05684000e-03 -5.20000000e-07 -3.64000000e-04 7.65200000e-04 -2.18300000e-04 -4.31040000e-04 -5.79170000e-04 -3.70410000e-04 1.63592000e-03 -3.83000000e-04 -1.42910000e-04 -3.37450000e-04 -9.60200000e-05 9.36700000e-04 3.69810000e-04 -5.86180000e-04 1.13693000e-03 5.40700000e-04 3.00730000e-04 2.38360000e-04 6.15960000e-04 8.53600000e-05 -1.11898000e-03 6.85150000e-04 -1.74290000e-03 8.55810000e-04 2.06177000e-03 -3.32750000e-04 -4.69860000e-04 -3.52140000e-04 2.55230000e-04 -1.57400000e-04 2.03500000e-05 -9.65900000e-05 -6.18600000e-04 5.88680000e-04 -6.13000000e-05 -3.50480000e-04 1.60440000e-04 -3.81940000e-04 -1.14747000e-03 -1.57888000e-03
-3.51660000e-04 9.44770000e-04 1.75312000e-03 -1.33500000e-03 -2.23490000e-04 1.27850000e-03 1.28396000e-03 1.21920000e-03 3.73070000e-04 1.15678000e-03 -1.35080000e-04 -3.58010000e-04 2.41010000e-04 -4.01540000e-04 4.15070000e-04 -7.81170000e-04 1.08086000e-03 6.52050000e-04 9.78310000e-04 1.14639000e-03 2.84860000e-04 -6.03750000e-04 -5.90740000e-04 -2.73700000e-05 1.88083000e-03 1.35160000e-04 1.78764000e-03 -5.11840000e-04 6.88930000e-04 4.86200000e-05 -1.54100000e-04 6.77580000e-04 6.04350000e-04 6.30900000e-04 -2.12907000e-03 -4.77060000e-04 2.85434000e-03 2.88820000e-04 1.50906000e-03 -1.37792000e-03 5.76420000e-04 7.92320000e-04 6.04000000e-05 -1.23116000e-03 5.49000000e-06 -1.77071000e-03 -9.86560000e-04 7.55400000e-04 5.37400000e-05 8.25810000e-04 -1.21634000e-03 3.74790000e-04 -2.22450000e-04 1.65340000e-03 -5.44570000e-04 1.51793000e-03 1.70328000e-03 -1.22162000e-03 -2.60028000e-03 -3.12900000e-04 -8.68900000e-05 -2.05700000e-04 1.23943000e-03 -4.48700000e-04 -1.25235000e-03 2.53856000e-03 5.12700000e-04 -6.97250000e-04 1.64662000e-03 -3.08800000e-05 3.84340000e-04 -1.17062000e-03 -8.80510000e-04 1.71836000e-03 -1.30597000e-03 3.39730000e-04 -5.96400000e-05 -5.79510000e-04 1.13791000e-03 2.90290000e-04 -8.86180000e-04 1.43758000e-03 1.12547000e-03 4.06680000e-04 3.83900000e-04 1.19324000e-03 4.59680000e-04 -1.42944000e-03 3.21381000e-03 -1.55365000e-03 1.87685000e-03 4.23352000e-03 -1.67400000e-04 -9.71200000e-05 -3.28290000e-04 9.36530000e-04 -5.67280000e-04 2.51470000e-04 4.67200000e-05 4.68710000e-04 1.11429000e-03 4.39420000e-04 1.56530000e-04 1.02949000e-03 -5.84110000e-04 -4.93350000e-04 -9.64960000e-04
-2.55200000e-05 -1.10670000e-04 -4.88470000e-04 5.98350000e-04 1.02785000e-03 -1.86541000e-03 -1.23634000e-03 -5.00360000e-04 -1.57600000e-04 -3.48150000e-04 -3.59600000e-05 2.86167000e-03 2.51810000e-04 1.08771000e-03 2.93258000e-03 1.04256000e-03 -4.80580000e-04 4.95000000e-05 -1.81890000e-04 -2.07657000e-03 2.87124000e-03 4.67910000e-04 3.79920000e-04 5.23230000e-04 -1.29617000e-03 1.06390000e-04 -4.24290000e-04 4.31930000e-04 8.27310000e-04 -8.06800000e-05 -1.45017000e-03 -3.77970000e-04 -1.64000000e-04 -3.00860000e-04 1.51956000e-03 9.02550000e-04 -2.76084000e-03 1.46140000e-04 -1.87951000e-03 4.66900000e-04 -2.78790000e-04 -1.15549000e-03 -2.22250000e-04 1.26267000e-03 3.44010000e-04 1.23944000e-03 3.41231000e-03 -7.85100000e-05 5.71190000e-04 -7.20650000e-04 5.90380000e-04 -5.70510000e-04 7.56650000e-04 -9.41250000e-04 8.41720000e-04 -1.17926000e-03 -3.16772000e-03 4.45158000e-03 3.98685000e-03 1.57977000e-03 2.64111000e-03 -8.69550000e-04 -9.96500000e-04 1.97774000e-03 6.88880000e-04 -1.02611000e-03 3.74620000e-04 7.45470000e-04 -1.22903000e-03 5.25220000e-04 1.46077000e-03 8.98160000e-04 6.91120000e-04 -3.17755000e-03 2.79480000e-04 5.22020000e-04 8.29050000e-04 1.58510000e-04 -1.83881000e-03 -7.89750000e-04 1.10487000e-03 -2.08620000e-03 -7.27990000e-04 -5.69760000e-04 -3.04490000e-04 -6.93560000e-04 2.41070000e-04 1.82060000e-03 -6.69200000e-05 3.07162000e-03 -1.12492000e-03 -2.53827000e-03 5.97000000e-04 1.18168000e-03 5.80810000e-04 -9.35800000e-05 -3.14220000e-04 3.09300000e-05 2.28050000e-04 1.77580000e-03 -7.79240000e-04 4.29380000e-04 9.51950000e-04 2.64860000e-04 4.71860000e-04 1.95139000e-03 2.31377000e-03
4.29840000e-04 -6.81670000e-04 -1.29729000e-03 7.87410000e-04 -1.83870000e-04 -3.61210000e-04 -5.43570000e-04 -8.70310000e-04 -1.68400000e-04 -6.16960000e-04 1.52110000e-04 -7.58700000e-04 -1.77560000e-04 4.64870000e-04 -1.23470000e-03 2.28190000e-04 -5.98740000e-04 -5.68180000e-04 -5.31230000e-04 -2.64750000e-04 -9.84400000e-04 3.37420000e-04 3.53550000e-04 -1.53750000e-04 -9.99750000e-04 -1.25440000e-04 -4.37990000e-04 2.94280000e-04 -5.97160000e-04 -4.98500000e-05 1.35540000e-04 -4.62090000e-04 -4.62360000e-04 -3.30450000e-04 1.06248000e-03 6.96700000e-05 -1.25815000e-03 -1.72440000e-04 -5.68290000e-04 9.95900000e-04 -3.42380000e-04 -2.90190000e-04 1.93700000e-05 6.96390000e-04 -2.47510000e-04 1.03294000e-03 -1.88570000e-04 -4.22260000e-04 -1.69270000e-04 -5.08800000e-04 6.61580000e-04 -7.91900000e-05 -3.32700000e-05 -8.88100000e-04 2.24230000e-04 -6.30930000e-04 -4.75830000e-04 -4.28950000e-04 6.13650000e-04 -3.87460000e-04 -6.61660000e-04 8.06840000e-04 -4.51650000e-04 -3.23040000e-04 7.69480000e-04 -1.18206000e-03 -2.77460000e-04 2.60960000e-04 -7.27860000e-04 -1.99080000e-04 -5.74770000e-04 6.67950000e-04 2.80010000e-04 -3.89710000e-04 9.65540000e-04 -3.61360000e-04 -1.84260000e-04 4.12530000e-04 -2.32920000e-04 -2.59970000e-04 3.31830000e-04 -4.46160000e-04 -4.73300000e-04 -1.10340000e-04 -5.40800000e-05 -6.50910000e-04 -2.93790000e-04 5.19530000e-04 -1.32373000e-03 1.30820000e-04 -9.76670000e-04 -2.52938000e-03 6.42900000e-05 -1.51640000e-04 6.76700000e-05 -5.47200000e-04 5.55230000e-04 -8.05000000e-05 4.15000000e-06 -7.36350000e-04 -4.64860000e-04 -3.36050000e-04 -2.98300000e-04 -8.18310000e-04 3.66210000e-04 -2.01800000e-05 9.39580000e-04
2.58800000e-05 4.74900000e-05 3.41890000e-04 -3.78850000e-04 -9.86920000e-04 1.77134000e-03 1.12225000e-03 3.66020000e-04 1.59970000e-04 1.95110000e-04 2.41600000e-05 -2.96478000e-03 -1.99680000e-04 -7.51190000e-04 -2.99876000e-03 -8.83530000e-04 4.12240000e-04 -2.44800000e-05 1.58430000e-04 1.99638000e-03 -2.80320000e-03 -5.51230000e-04 -2.49520000e-04 -4.93610000e-04 1.11067000e-03 -4.01100000e-05 8.13420000e-04 -5.15030000e-04 -7.53500000e-04 1.26850000e-04 1.22219000e-03 4.00250000e-04 2.24110000e-04 3.19580000e-04 -1.27937000e-03 -8.94410000e-04 2.47467000e-03 -7.75400000e-05 1.70632000e-03 -2.41210000e-04 3.01300000e-04 1.08574000e-03 2.43640000e-04 -1.00133000e-03 -3.57190000e-04 -9.37730000e-04 -3.26209000e-03 3.93600000e-05 -5.40290000e-04 6.38200000e-04 -3.69090000e-04 5.92470000e-04 -6.57000000e-04 6.79160000e-04 -7.14280000e-04 1.06258000e-03 2.95574000e-03 -4.34033000e-03 -3.91188000e-03 -1.57234000e-03 -2.57339000e-03 1.20493000e-03 9.88970000e-04 -1.99772000e-03 -4.70100000e-04 1.03940000e-03 -2.92610000e-04 -6.12720000e-04 1.25899000e-03 -4.69240000e-04 -1.47480000e-03 -6.93860000e-04 -5.51530000e-04 2.96830000e-03 -9.45400000e-05 -6.00730000e-04 -7.24670000e-04 -1.87200000e-05 1.77381000e-03 6.81060000e-04 -8.83870000e-04 1.92066000e-03 6.70850000e-04 4.48850000e-04 3.05560000e-04 5.85670000e-04 -2.59900000e-04 -1.78246000e-03 4.02060000e-04 -3.03306000e-03 8.70780000e-04 1.91625000e-03 -6.54490000e-04 -1.20557000e-03 -6.36580000e-04 -7.63100000e-05 2.92540000e-04 -1.24580000e-04 -3.28580000e-04 -1.89036000e-03 5.91900000e-04 -4.86720000e-04 -1.02897000e-03 -4.53140000e-04 -5.03200000e-04 -1.90989000e-03 -1.86328000e-03
4.60860000e-04 -3.90870000e-04 -9.76470000e-04 5.74910000e-04 6.05900000e-05 -2.98840000e-04 -4.47430000e-04 -5.24520000e-04 6.88600000e-05 -8.61700000e-05 1.09000000e-04 -3.70460000e-04 -8.34700000e-05 4.98300000e-05 -6.40460000e-04 2.27300000e-04 -3.24340000e-04 -3.71320000e-04 -3.45410000e-04 -2.42490000e-04 -3.98180000e-04 4.50670000e-04 3.21420000e-04 -1.34100000e-05 -7.25600000e-04 -1.11000000e-04 -2.03180000e-04 4.30240000e-04 -3.19830000e-04 -1.21300000e-05 -2.60620000e-04 -3.50310000e-04 -2.92570000e-04 -2.53390000e-04 7.15210000e-04 -1.02100000e-05 -9.43100000e-04 -5.30500000e-05 -5.07020000e-04 7.40390000e-04 -3.47830000e-04 -3.33220000e-04 -1.57160000e-04 5.49940000e-04 -2.59490000e-04 7.25250000e-04 -1.76150000e-04 -2.60900000e-04 -2.07410000e-04 -2.77210000e-04 5.87790000e-04 6.58000000e-06 -6.10800000e-05 -3.15040000e-04 1.25850000e-04 -4.25300000e-04 -5.13610000e-04 -1.49270000e-04 5.75860000e-04 1.08200000e-05 -1.99340000e-04 6.54590000e-04 -1.63660000e-04 -3.65730000e-04 5.04460000e-04 -7.09700000e-04 -1.37830000e-04 2.22890000e-04 -6.02440000e-04 -1.94900000e-04 -2.95350000e-04 5.22350000e-04 2.44650000e-04 -4.06970000e-04 6.38950000e-04 -1.45070000e-04 -1.44930000e-04 3.90510000e-04 -2.75680000e-04 -3.28450000e-04 2.99690000e-04 -4.40320000e-04 -3.60410000e-04 -8.67800000e-05 -4.48600000e-05 -3.63830000e-04 -9.79800000e-05 6.06740000e-04 -5.92630000e-04 3.29900000e-04 -3.48980000e-04 -1.38163000e-03 3.07110000e-04 2.60770000e-04 2.69660000e-04 -6.20900000e-05 4.42220000e-04 2.20730000e-04 2.72500000e-04 -1.69020000e-04 3.04000000e-06 9.00100000e-05 1.35800000e-04 -2.04270000e-04 4.44230000e-04 2.39740000e-04 9.58350000e-04
-1.29070000e-04 2.04610000e-04 1.00249000e-03 -5.46590000e-04 -2.04870000e-04 1.44710000e-04 1.94550000e-04 4.15300000e-04 -5.72400000e-05 5.01440000e-04 -1.94160000e-04 1.63310000e-04 -7.57600000e-05 -6.89270000e-04 3.60750000e-04 -4.14800000e-05 1.60650000e-04 6.61990000e-04 4.11700000e-05 3.25480000e-04 -1.78700000e-05 -2.00810000e-04 -1.96230000e-04 -1.06570000e-04 5.75380000e-04 2.10210000e-04 1.11183000e-03 -2.00110000e-04 4.58200000e-05 -3.35700000e-05 1.44440000e-04 3.95130000e-04 3.01810000e-04 1.74370000e-04 -7.22110000e-04 -9.82500000e-05 9.21730000e-04 -8.14600000e-05 3.06100000e-04 -6.57410000e-04 5.02290000e-04 2.80300000e-04 -1.53200000e-05 -4.43580000e-04 1.30560000e-04 -7.97350000e-04 -1.70430000e-04 3.41600000e-05 -3.60600000e-05 5.26180000e-04 -4.25880000e-04 6.84900000e-05 -2.41010000e-04 6.53000000e-04 -3.27900000e-04 2.40280000e-04 4.98480000e-04 -2.96070000e-04 -1.40020000e-04 -8.21500000e-05 -1.09520000e-04 -5.73540000e-04 3.85000000e-05 1.15490000e-04 -4.57950000e-04 4.83580000e-04 -2.23570000e-04 -1.71600000e-04 6.54020000e-04 3.89970000e-04 -2.34600000e-05 -3.21370000e-04 6.29000000e-06 3.75380000e-04 -4.65110000e-04 -4.38600000e-05 2.88590000e-04 -2.33120000e-04 3.09460000e-04 4.53630000e-04 -8.45300000e-05 2.98850000e-04 2.93910000e-04 -1.20320000e-04 -1.01980000e-04 2.72200000e-04 -7.61900000e-05 -2.09480000e-04 5.10030000e-04 1.31580000e-04 7.62140000e-04 1.84239000e-03 -6.58900000e-05 1.19530000e-04 1.85260000e-04 2.96410000e-04 -2.53600000e-05 9.71300000e-05 -9.94800000e-05 5.09360000e-04 2.61080000e-04 3.25580000e-04 2.09290000e-04 5.67500000e-04 -1.21300000e-04 1.64700000e-04 -4.22460000e-04
2.03600000e-05 1.81640000e-04 5.83820000e-04 -5.30970000e-04 -1.22972000e-03 2.41512000e-03 1.57832000e-03 6.47690000e-04 2.53910000e-04 2.82730000e-04 -1.84000000e-06 -3.86733000e-03 -2.04200000e-04 -9.72490000e-04 -3.87755000e-03 -1.15411000e-03 6.31180000e-04 4.93600000e-05 2.99260000e-04 2.69077000e-03 -3.62900000e-03 -7.58820000e-04 -3.45430000e-04 -5.70100000e-04 1.59920000e-03 -5.88000000e-06 1.12387000e-03 -7.00310000e-04 -8.82470000e-04 2.21600000e-04 1.69073000e-03 6.54150000e-04 4.33550000e-04 4.81430000e-04 -1.79955000e-03 -1.17536000e-03 3.41520000e-03 -4.08500000e-05 2.34357000e-03 -3.80550000e-04 4.95160000e-04 1.49415000e-03 3.62560000e-04 -1.34788000e-03 -3.47860000e-04 -1.32050000e-03 -4.29376000e-03 1.01770000e-04 -6.76130000e-04 9.17320000e-04 -4.95060000e-04 8.07060000e-04 -7.93500000e-04 9.58990000e-04 -9.32370000e-04 1.46454000e-03 3.98435000e-03 -5.72878000e-03 -5.19223000e-03 -2.02729000e-03 -3.34010000e-03 1.54831000e-03 1.36313000e-03 -2.61798000e-03 -6.65520000e-04 1.42233000e-03 -3.17140000e-04 -8.05420000e-04 1.78262000e-03 -5.72140000e-04 -1.92936000e-03 -9.64900000e-04 -6.93800000e-04 4.02522000e-03 -2.10000000e-04 -8.07950000e-04 -9.18720000e-04 -4.23200000e-05 2.37686000e-03 9.82390000e-04 -1.18671000e-03 2.61385000e-03 9.50210000e-04 5.54960000e-04 3.92220000e-04 8.48470000e-04 -3.30550000e-04 -2.40719000e-03 4.98400000e-04 -4.05511000e-03 1.21251000e-03 2.72939000e-03 -8.81850000e-04 -1.60173000e-03 -8.44630000e-04 -7.07500000e-05 3.79790000e-04 -1.69440000e-04 -4.46660000e-04 -2.43330000e-03 7.92490000e-04 -6.33680000e-04 -1.35294000e-03 -5.59980000e-04 -6.88740000e-04 -2.54564000e-03 -2.60999000e-03
7.03550000e-04 -1.13123000e-03 -2.66193000e-03 1.76512000e-03 1.48542000e-03 -3.66264000e-03 -2.80487000e-03 -2.05808000e-03 -3.79700000e-04 -8.65480000e-04 2.80590000e-04 4.21811000e-03 7.90600000e-05 1.85357000e-03 3.68785000e-03 1.77168000e-03 -1.53746000e-03 -9.41470000e-04 -9.87870000e-04 -3.92979000e-03 3.80609000e-03 1.65211000e-03 9.87960000e-04 5.40480000e-04 -3.48217000e-03 -2.39950000e-04 -1.97049000e-03 1.53273000e-03 4.46900000e-04 -3.99720000e-04 -2.37060000e-03 -1.63086000e-03 -1.30157000e-03 -1.10346000e-03 3.79148000e-03 1.57097000e-03 -6.22200000e-03 -1.21640000e-04 -3.87475000e-03 1.88039000e-03 -1.35240000e-03 -2.44875000e-03 -5.80680000e-04 2.67741000e-03 -1.14800000e-04 3.19895000e-03 5.37645000e-03 -6.20060000e-04 6.17280000e-04 -1.91029000e-03 1.58004000e-03 -1.09209000e-03 1.01093000e-03 -2.14900000e-03 1.51749000e-03 -2.65237000e-03 -5.98240000e-03 7.17992000e-03 7.56155000e-03 2.34269000e-03 3.77314000e-03 -7.58750000e-04 -2.19968000e-03 2.89357000e-03 1.86176000e-03 -3.16666000e-03 1.76590000e-04 1.40981000e-03 -3.42268000e-03 3.42270000e-04 1.95447000e-03 2.14205000e-03 1.17463000e-03 -5.90075000e-03 1.58986000e-03 8.21430000e-04 9.00340000e-04 6.96590000e-04 -3.48465000e-03 -1.88641000e-03 1.98568000e-03 -4.07703000e-03 -1.87522000e-03 -7.03970000e-04 -4.63230000e-04 -1.90590000e-03 2.32340000e-04 4.01328000e-03 -1.77059000e-03 5.62528000e-03 -2.58579000e-03 -6.66677000e-03 1.53590000e-03 2.22227000e-03 1.32126000e-03 -2.90030000e-04 2.53690000e-04 3.89840000e-04 9.22800000e-04 2.43286000e-03 -1.27478000e-03 6.62370000e-04 1.68301000e-03 -1.86900000e-05 1.56334000e-03 3.52104000e-03 5.07281000e-03
-1.59710000e-04 2.48150000e-04 1.96060000e-04 -1.17550000e-04 -1.29700000e-05 5.00880000e-04 3.91820000e-04 3.00090000e-04 1.62020000e-04 1.25480000e-04 1.62700000e-05 -5.22310000e-04 8.33500000e-05 7.78200000e-05 -4.22640000e-04 -1.72830000e-04 3.24980000e-04 -3.27600000e-05 1.97490000e-04 3.81990000e-04 -2.30110000e-04 -1.96420000e-04 -3.67300000e-05 3.82100000e-05 4.21680000e-04 -1.39000000e-06 2.09970000e-04 -1.69910000e-04 8.69300000e-05 8.05300000e-05 -6.47000000e-05 1.83160000e-04 2.14970000e-04 1.62150000e-04 -3.95410000e-04 -2.03300000e-04 6.74420000e-04 1.10510000e-04 4.38650000e-04 -1.44890000e-04 3.92700000e-05 2.00640000e-04 2.24900000e-05 -2.24830000e-04 -4.55900000e-05 -2.92100000e-04 -6.18020000e-04 2.04830000e-04 -4.26500000e-05 1.31380000e-04 -9.11900000e-05 1.59230000e-04 2.08000000e-06 2.44190000e-04 -1.17940000e-04 4.09060000e-04 5.13420000e-04 -7.27720000e-04 -1.12347000e-03 -1.28080000e-04 -2.36850000e-04 2.28360000e-04 4.89860000e-04 -4.38100000e-04 -1.79580000e-04 7.05610000e-04 1.85450000e-04 -9.57500000e-05 3.11090000e-04 -1.62860000e-04 -2.53600000e-05 -2.28430000e-04 -2.10930000e-04 5.92010000e-04 -1.81090000e-04 -4.46000000e-06 -1.44800000e-04 1.20000000e-05 3.31480000e-04 -2.59000000e-06 -2.17860000e-04 4.44190000e-04 2.61160000e-04 8.72100000e-05 1.35560000e-04 3.23510000e-04 1.47670000e-04 -5.01320000e-04 7.91360000e-04 -8.23390000e-04 3.10290000e-04 6.97570000e-04 -1.60330000e-04 -1.66790000e-04 -2.42480000e-04 9.05100000e-05 -2.62280000e-04 -3.77000000e-06 -6.19100000e-05 -2.66060000e-04 2.45940000e-04 -5.09500000e-05 -1.47780000e-04 2.82200000e-05 -2.55170000e-04 -5.07220000e-04 -4.39280000e-04
-1.15970000e-04 8.70000000e-06 -7.12060000e-04 6.62170000e-04 1.43534000e-03 -2.12452000e-03 -1.30336000e-03 -5.08400000e-04 -8.06400000e-05 -3.22370000e-04 4.67700000e-05 3.90018000e-03 3.59830000e-04 1.63051000e-03 4.27077000e-03 1.10438000e-03 -3.84820000e-04 -1.50860000e-04 1.83500000e-05 -2.36284000e-03 4.22667000e-03 6.09440000e-04 4.09790000e-04 7.00670000e-04 -1.39928000e-03 -3.90400000e-05 -7.12160000e-04 5.46640000e-04 1.25628000e-03 -1.02970000e-04 -1.91831000e-03 -5.62790000e-04 -3.30120000e-04 -3.19550000e-04 1.85746000e-03 9.45590000e-04 -3.12828000e-03 2.46570000e-04 -2.11515000e-03 6.04490000e-04 -5.81250000e-04 -1.36530000e-03 -3.78330000e-04 1.43623000e-03 2.69550000e-04 1.84161000e-03 4.08333000e-03 1.02970000e-04 6.63080000e-04 -9.76020000e-04 6.61820000e-04 -7.11660000e-04 1.01662000e-03 -1.05306000e-03 9.90400000e-04 -1.17003000e-03 -3.60101000e-03 5.75165000e-03 4.52961000e-03 2.19809000e-03 3.74848000e-03 -7.87810000e-04 -8.35570000e-04 2.18181000e-03 7.02060000e-04 -8.20030000e-04 7.46700000e-04 8.27740000e-04 -1.50208000e-03 3.68520000e-04 1.96789000e-03 9.11120000e-04 5.36830000e-04 -3.65757000e-03 2.02150000e-04 9.61830000e-04 8.17580000e-04 1.80270000e-04 -2.10764000e-03 -1.12278000e-03 1.14530000e-03 -2.37788000e-03 -7.97620000e-04 -5.18480000e-04 -3.00900000e-04 -6.61410000e-04 5.02970000e-04 2.15621000e-03 5.80550000e-04 3.71611000e-03 -1.23033000e-03 -2.99405000e-03 8.69390000e-04 1.42687000e-03 5.32330000e-04 2.25000000e-06 -5.26540000e-04 1.03020000e-04 4.26800000e-04 1.91745000e-03 -7.57550000e-04 4.53910000e-04 1.18102000e-03 3.73150000e-04 4.51400000e-04 2.53325000e-03 2.95460000e-03
-2.81690000e-04 3.06730000e-04 4.91500000e-04 -2.47760000e-04 3.56770000e-04 -2.36140000e-04 -2.77300000e-05 3.13180000e-04 9.94400000e-05 9.35500000e-05 -5.03500000e-05 9.99360000e-04 2.01030000e-04 1.21180000e-04 1.17988000e-03 8.12300000e-05 1.99350000e-04 1.77380000e-04 2.91520000e-04 -3.36630000e-04 1.12882000e-03 -1.17580000e-04 -8.81600000e-05 2.11520000e-04 1.47570000e-04 -2.67100000e-05 1.24600000e-04 -9.43900000e-05 5.26280000e-04 3.56800000e-05 -3.85450000e-04 5.08900000e-05 1.31640000e-04 8.52300000e-05 -1.65400000e-04 1.41240000e-04 -7.55800000e-05 1.79570000e-04 -1.75050000e-04 -3.37660000e-04 -9.93700000e-05 -1.36170000e-04 -7.46900000e-05 -1.33170000e-04 2.38660000e-04 -2.40770000e-04 7.92860000e-04 2.14940000e-04 2.20930000e-04 1.01500000e-05 -2.07150000e-04 -1.10210000e-04 1.48990000e-04 1.31280000e-04 1.08070000e-04 7.66900000e-05 -4.83940000e-04 1.16108000e-03 3.64410000e-04 5.86730000e-04 9.41950000e-04 -5.85660000e-04 2.05300000e-05 5.49400000e-04 -1.73820000e-04 3.37200000e-04 2.31070000e-04 1.73800000e-05 -1.25570000e-04 1.51420000e-04 6.67790000e-04 -8.12100000e-05 -1.30200000e-05 -5.56780000e-04 -3.29740000e-04 3.54290000e-04 2.11620000e-04 -1.54630000e-04 -3.29150000e-04 -1.66230000e-04 5.24600000e-05 -2.82190000e-04 7.68000000e-05 6.46900000e-05 5.42300000e-05 1.75660000e-04 2.71130000e-04 4.53900000e-05 5.30820000e-04 4.27050000e-04 1.11360000e-04 5.76270000e-04 2.76100000e-05 2.54400000e-04 1.44300000e-05 1.86380000e-04 -4.46530000e-04 -3.01700000e-05 1.23700000e-05 6.01120000e-04 2.04300000e-05 2.02600000e-04 2.67810000e-04 3.81350000e-04 -1.31420000e-04 2.09960000e-04 -3.46940000e-04
1.81900000e-05 -9.26700000e-05 -5.21480000e-04 3.53950000e-04 -9.67000000e-05 3.53350000e-04 1.08120000e-04 -1.16510000e-04 9.28500000e-05 -2.76150000e-04 1.00380000e-04 -1.03293000e-03 -6.24000000e-06 2.02790000e-04 -1.23791000e-03 1.04100000e-05 -6.99000000e-06 -2.86800000e-04 -1.57220000e-04 2.70580000e-04 -8.99690000e-04 -8.20400000e-05 1.74090000e-04 -8.92000000e-06 -1.16490000e-04 -2.81000000e-06 -1.99370000e-04 -7.21100000e-05 -2.88090000e-04 9.96600000e-05 8.89800000e-05 -7.57000000e-06 2.54400000e-05 -3.94000000e-06 2.16870000e-04 -8.46100000e-05 -8.11000000e-06 2.90400000e-05 1.69450000e-04 3.95840000e-04 -3.76500000e-05 8.67000000e-05 9.40000000e-05 2.41980000e-04 -9.98500000e-05 2.30430000e-04 -7.07060000e-04 -2.91600000e-05 -1.12360000e-04 -1.06470000e-04 3.33230000e-04 1.28040000e-04 -2.83100000e-05 -3.39600000e-04 4.93300000e-05 3.82300000e-05 2.89200000e-04 -1.01938000e-03 -7.57270000e-04 -3.48520000e-04 -6.96380000e-04 6.31120000e-04 2.07020000e-04 -5.47310000e-04 2.77030000e-04 -6.59100000e-05 -1.20500000e-05 7.75200000e-05 -1.15900000e-05 -2.31700000e-04 -3.79440000e-04 1.60060000e-04 1.73600000e-05 4.37390000e-04 3.43050000e-04 -2.85850000e-04 -2.24550000e-04 2.50100000e-04 2.42080000e-04 -5.47300000e-05 7.45000000e-06 2.32640000e-04 -2.22600000e-05 -4.52200000e-05 7.01700000e-05 -2.55900000e-05 -4.50700000e-05 -2.87330000e-04 -1.37110000e-04 -8.70550000e-04 -3.29670000e-04 -8.26900000e-04 -2.42460000e-04 -3.42180000e-04 -2.49240000e-04 -3.22210000e-04 -9.93000000e-06 -1.45580000e-04 -1.77060000e-04 -6.82880000e-04 -1.51250000e-04 -3.36000000e-04 -3.96730000e-04 -5.38160000e-04 -9.13600000e-05 -6.06580000e-04 5.38500000e-05
-4.64380000e-04 5.04850000e-04 9.96600000e-04 -5.00390000e-04 3.28520000e-04 -5.76400000e-05 2.02150000e-04 5.75440000e-04 7.52700000e-05 2.32640000e-04 -8.27100000e-05 1.13724000e-03 2.23580000e-04 1.18420000e-04 1.46560000e-03 -9.99000000e-06 3.88390000e-04 3.97500000e-04 4.32540000e-04 -1.52620000e-04 1.29007000e-03 -2.91020000e-04 -1.95570000e-04 2.15780000e-04 5.29180000e-04 5.47800000e-05 4.49750000e-04 -2.61130000e-04 6.42420000e-04 5.64200000e-05 -2.81270000e-04 2.50530000e-04 3.05590000e-04 2.30580000e-04 -5.20450000e-04 1.14400000e-04 4.48900000e-04 2.00670000e-04 9.10700000e-05 -7.16140000e-04 1.06240000e-04 5.74100000e-05 -7.34000000e-06 -3.94070000e-04 3.04470000e-04 -5.75440000e-04 7.71680000e-04 3.41350000e-04 2.99160000e-04 2.07630000e-04 -4.51900000e-04 -6.25600000e-05 1.79280000e-04 3.77620000e-04 2.51400000e-05 3.04670000e-04 -1.57690000e-04 1.13902000e-03 7.08500000e-05 5.99530000e-04 1.01429000e-03 -8.49180000e-04 1.55050000e-04 6.36600000e-04 -4.27080000e-04 7.57950000e-04 3.01740000e-04 -6.27100000e-05 2.15950000e-04 2.55450000e-04 7.75840000e-04 -3.63700000e-04 -9.60300000e-05 -2.89010000e-04 -6.21990000e-04 4.40580000e-04 2.96050000e-04 -2.83220000e-04 -1.45790000e-04 3.69500000e-05 -4.82400000e-05 -2.47100000e-05 2.38730000e-04 9.16000000e-05 7.42100000e-05 3.77990000e-04 3.29250000e-04 -1.93070000e-04 9.10030000e-04 3.36420000e-04 3.96710000e-04 1.39461000e-03 -6.06500000e-05 2.04940000e-04 -5.64100000e-05 2.86630000e-04 -6.11270000e-04 -6.07300000e-05 -6.41300000e-05 7.04730000e-04 1.18960000e-04 2.37250000e-04 2.69360000e-04 5.77660000e-04 -3.12320000e-04 1.49520000e-04 -7.40530000e-04
5.96810000e-04 -4.89810000e-04 -5.62630000e-04 8.46600000e-05 -9.67840000e-04 1.11968000e-03 4.21160000e-04 -3.01450000e-04 1.22990000e-04 1.38940000e-04 1.28710000e-04 -2.85493000e-03 -3.44020000e-04 -9.95460000e-04 -3.26114000e-03 -6.46820000e-04 -1.05930000e-04 -3.34410000e-04 -2.51030000e-04 1.47078000e-03 -3.03756000e-03 5.62300000e-05 2.98000000e-06 -5.73640000e-04 1.88840000e-04 -1.93630000e-04 4.14410000e-04 6.74900000e-05 -1.12889000e-03 2.49800000e-05 1.09649000e-03 -1.25810000e-04 -2.64140000e-04 -5.45000000e-05 -5.07750000e-04 -7.46550000e-04 1.19720000e-03 -2.18170000e-04 9.42090000e-04 3.80050000e-04 -1.36680000e-04 6.30770000e-04 5.80500000e-05 -5.35580000e-04 -5.65920000e-04 -3.26530000e-04 -2.99038000e-03 -3.42910000e-04 -6.95160000e-04 3.35310000e-04 7.45200000e-05 4.79200000e-04 -8.24600000e-04 4.07610000e-04 -5.68130000e-04 4.25890000e-04 2.12612000e-03 -3.96285000e-03 -2.61692000e-03 -1.46800000e-03 -2.61177000e-03 1.40779000e-03 4.29000000e-04 -1.93991000e-03 6.89000000e-06 -1.23230000e-04 -6.21860000e-04 -4.20710000e-04 3.98530000e-04 -5.32320000e-04 -1.65147000e-03 -1.37220000e-04 -2.32360000e-04 2.15411000e-03 5.47750000e-04 -6.40110000e-04 -7.82540000e-04 2.48590000e-04 1.24708000e-03 3.80130000e-04 -5.39770000e-04 1.20733000e-03 1.74760000e-04 4.68580000e-04 2.27420000e-04 5.97800000e-05 -4.16000000e-04 -8.74740000e-04 -8.56230000e-04 -2.12927000e-03 4.97310000e-04 5.84000000e-04 -2.01620000e-04 -7.72050000e-04 -1.29920000e-04 -4.02400000e-05 9.03550000e-04 1.58000000e-04 6.47000000e-05 -1.68973000e-03 5.66880000e-04 -2.41780000e-04 -6.98150000e-04 -4.67980000e-04 1.54430000e-04 -1.37321000e-03 -1.01961000e-03
6.28510000e-04 -6.10000000e-04 -1.69982000e-03 1.11833000e-03 1.09281000e-03 -2.24203000e-03 -1.74805000e-03 -1.19266000e-03 -8.36400000e-05 -3.17180000e-04 1.78800000e-04 2.78321000e-03 1.03620000e-04 1.04119000e-03 2.59536000e-03 1.07834000e-03 -8.54250000e-04 -6.00240000e-04 -4.74560000e-04 -2.38135000e-03 2.71300000e-03 1.21513000e-03 6.30710000e-04 4.27410000e-04 -2.13029000e-03 -1.96770000e-04 -1.09854000e-03 1.14462000e-03 4.64720000e-04 -1.95990000e-04 -1.63865000e-03 -1.03773000e-03 -7.90140000e-04 -6.73650000e-04 2.31294000e-03 8.87870000e-04 -3.83398000e-03 2.43300000e-05 -2.40962000e-03 1.25908000e-03 -9.55370000e-04 -1.58438000e-03 -4.79020000e-04 1.68141000e-03 -9.39800000e-05 2.11533000e-03 3.25783000e-03 -3.24880000e-04 3.11540000e-04 -1.12074000e-03 1.07270000e-03 -6.04410000e-04 6.01880000e-04 -1.08977000e-03 9.40380000e-04 -1.57355000e-03 -3.65282000e-03 4.56548000e-03 4.72302000e-03 1.68042000e-03 2.63227000e-03 -2.19190000e-04 -1.18715000e-03 1.60624000e-03 1.11572000e-03 -1.86558000e-03 2.27130000e-04 8.60330000e-04 -2.13420000e-03 1.19030000e-04 1.25502000e-03 1.34197000e-03 7.38480000e-04 -3.64040000e-03 9.26810000e-04 6.39150000e-04 4.64580000e-04 4.84330000e-04 -2.17275000e-03 -1.24972000e-03 1.22542000e-03 -2.55937000e-03 -1.15820000e-03 -3.66770000e-04 -2.77120000e-04 -1.08665000e-03 2.24210000e-04 2.65614000e-03 -9.10220000e-04 3.68418000e-03 -1.34703000e-03 -3.88901000e-03 1.20757000e-03 1.57916000e-03 9.62540000e-04 8.27900000e-05 3.32070000e-04 4.60250000e-04 8.43890000e-04 1.60411000e-03 -5.14290000e-04 6.19560000e-04 1.25477000e-03 2.33920000e-04 1.11940000e-03 2.41613000e-03 3.26714000e-03
3.76930000e-04 -3.76400000e-05 2.24720000e-04 -3.26710000e-04 -9.97220000e-04 1.66893000e-03 9.88450000e-04 3.08270000e-04 1.81260000e-04 5.09970000e-04 3.12700000e-05 -2.96518000e-03 -3.08090000e-04 -1.14544000e-03 -3.15664000e-03 -7.73940000e-04 3.08210000e-04 1.42300000e-05 -5.64300000e-05 1.90496000e-03 -3.07448000e-03 -1.57470000e-04 -1.68120000e-04 -5.17990000e-04 9.96090000e-04 3.04900000e-05 9.82880000e-04 -1.24090000e-04 -9.67730000e-04 6.89900000e-05 1.33321000e-03 3.82460000e-04 1.94710000e-04 2.07620000e-04 -1.21745000e-03 -7.85590000e-04 2.34527000e-03 -2.02580000e-04 1.61122000e-03 -1.61140000e-04 3.91440000e-04 9.89820000e-04 1.79340000e-04 -8.67540000e-04 -3.82500000e-04 -9.82230000e-04 -3.30147000e-03 -5.54000000e-05 -6.28190000e-04 7.49900000e-04 -2.69200000e-04 6.33390000e-04 -7.62570000e-04 9.68460000e-04 -7.74870000e-04 9.27870000e-04 2.82788000e-03 -4.39387000e-03 -3.24434000e-03 -1.57527000e-03 -2.72340000e-03 1.05809000e-03 8.28860000e-04 -1.95322000e-03 -4.51190000e-04 6.74570000e-04 -5.07590000e-04 -5.53930000e-04 1.14371000e-03 -3.96430000e-04 -1.56455000e-03 -5.80840000e-04 -4.09250000e-04 2.88759000e-03 -2.10000000e-07 -6.62280000e-04 -6.95310000e-04 6.57100000e-05 1.69910000e-03 7.93290000e-04 -8.17730000e-04 1.83050000e-03 6.04810000e-04 3.55070000e-04 2.12360000e-04 5.18480000e-04 -3.26170000e-04 -1.31071000e-03 -1.52400000e-04 -2.54890000e-03 1.14826000e-03 2.15007000e-03 -3.13970000e-04 -8.24630000e-04 -2.33410000e-04 2.14380000e-04 6.90770000e-04 2.14550000e-04 -1.54000000e-05 -1.44877000e-03 8.57050000e-04 -1.80370000e-04 -6.66020000e-04 -1.34030000e-04 -1.19160000e-04 -1.52823000e-03 -1.48829000e-03
2.45020000e-04 -3.15860000e-04 -8.17500000e-04 5.52050000e-04 3.33620000e-04 -6.86670000e-04 -5.90660000e-04 -5.29830000e-04 8.39000000e-06 -2.78690000e-04 1.48760000e-04 6.39440000e-04 7.67600000e-05 4.82730000e-04 4.22510000e-04 3.77500000e-04 -3.36720000e-04 -3.40750000e-04 -1.99540000e-04 -6.78710000e-04 5.58160000e-04 4.00500000e-04 3.00310000e-04 1.27950000e-04 -8.53900000e-04 -1.16310000e-04 -3.20480000e-04 3.66600000e-04 3.41100000e-05 3.09000000e-06 -4.60570000e-04 -4.37940000e-04 -3.54230000e-04 -1.96180000e-04 9.51140000e-04 3.03720000e-04 -1.40453000e-03 4.28200000e-05 -8.10810000e-04 6.10270000e-04 -4.40240000e-04 -4.53610000e-04 -4.95900000e-05 6.27630000e-04 -6.67200000e-05 8.68900000e-04 9.19410000e-04 -1.52730000e-04 1.20470000e-04 -4.81480000e-04 5.01330000e-04 -1.85340000e-04 2.00070000e-04 -5.86380000e-04 4.07320000e-04 -5.57060000e-04 -1.13227000e-03 1.23617000e-03 1.36362000e-03 4.63200000e-04 6.33990000e-04 1.55000000e-04 -3.75570000e-04 4.09160000e-04 5.85530000e-04 -7.98280000e-04 5.80700000e-05 3.37290000e-04 -8.82180000e-04 3.29000000e-06 2.76600000e-04 5.66500000e-04 3.16540000e-04 -1.11545000e-03 6.02450000e-04 1.72610000e-04 1.32730000e-04 2.86090000e-04 -6.20140000e-04 -4.73480000e-04 4.70600000e-04 -8.05410000e-04 -4.53330000e-04 -5.19300000e-05 3.03600000e-05 -4.32980000e-04 8.18300000e-05 8.36060000e-04 -4.98750000e-04 9.76700000e-04 -6.81250000e-04 -1.78165000e-03 3.05880000e-04 3.86470000e-04 2.77300000e-04 -1.55490000e-04 1.42270000e-04 7.02200000e-05 2.03830000e-04 2.02980000e-04 -2.65250000e-04 9.14000000e-05 2.47360000e-04 -1.68090000e-04 4.05710000e-04 5.71020000e-04 1.07031000e-03
2.58190000e-04 -2.59630000e-04 -1.72185000e-03 1.29967000e-03 1.19143000e-03 -1.46310000e-03 -1.16589000e-03 -7.92180000e-04 1.30490000e-04 -7.08700000e-04 2.52180000e-04 1.69641000e-03 3.88630000e-04 1.47227000e-03 1.44219000e-03 9.41750000e-04 -4.16740000e-04 -7.83450000e-04 -2.20090000e-04 -1.82956000e-03 2.00561000e-03 7.33700000e-04 6.40810000e-04 6.74070000e-04 -1.69340000e-03 -1.74520000e-04 -1.53823000e-03 6.90350000e-04 5.81180000e-04 1.40050000e-04 -1.59398000e-03 -7.23770000e-04 -3.99960000e-04 -3.18920000e-04 2.07674000e-03 7.44260000e-04 -3.19537000e-03 3.46630000e-04 -1.82809000e-03 1.30013000e-03 -8.78550000e-04 -1.20358000e-03 -1.37540000e-04 1.61597000e-03 9.49600000e-05 1.95152000e-03 2.51357000e-03 -6.68400000e-05 4.09450000e-04 -1.15192000e-03 1.22316000e-03 -4.45870000e-04 8.34720000e-04 -1.40300000e-03 1.09908000e-03 -1.16508000e-03 -3.02797000e-03 3.38543000e-03 3.00526000e-03 1.44934000e-03 2.06484000e-03 2.88590000e-04 -5.47550000e-04 1.04828000e-03 1.23470000e-03 -1.30430000e-03 6.26610000e-04 8.50430000e-04 -1.82968000e-03 -8.59800000e-05 1.03349000e-03 1.21049000e-03 6.78990000e-04 -2.78594000e-03 9.29500000e-04 4.06710000e-04 2.68040000e-04 5.74510000e-04 -1.71105000e-03 -1.24792000e-03 1.05617000e-03 -1.93927000e-03 -9.59500000e-04 -3.74480000e-04 -2.67100000e-05 -7.44270000e-04 3.52300000e-04 1.74636000e-03 -4.48560000e-04 2.06395000e-03 -1.62624000e-03 -4.09479000e-03 5.87470000e-04 9.10610000e-04 3.81940000e-04 -3.41840000e-04 -1.69870000e-04 5.67600000e-05 3.74470000e-04 7.34180000e-04 -6.99020000e-04 1.24250000e-04 5.78880000e-04 -3.93740000e-04 6.46390000e-04 1.23511000e-03 2.49274000e-03
4.49640000e-04 -5.57670000e-04 -1.41472000e-03 9.26750000e-04 4.69940000e-04 -1.22604000e-03 -1.05615000e-03 -9.33970000e-04 -1.31060000e-04 -4.29650000e-04 1.52250000e-04 9.78920000e-04 -3.69200000e-05 7.19020000e-04 6.84160000e-04 6.52930000e-04 -6.48810000e-04 -5.34970000e-04 -4.89490000e-04 -1.30174000e-03 8.72190000e-04 7.27430000e-04 4.78550000e-04 1.76710000e-04 -1.44098000e-03 -1.19440000e-04 -7.54450000e-04 6.73390000e-04 -4.90100000e-05 -1.09670000e-04 -7.67800000e-04 -6.53680000e-04 -5.29100000e-04 -4.72500000e-04 1.61564000e-03 4.51650000e-04 -2.40572000e-03 -7.19800000e-05 -1.41204000e-03 1.06104000e-03 -5.50680000e-04 -9.10240000e-04 -2.32320000e-04 1.16991000e-03 -1.56690000e-04 1.50132000e-03 1.48321000e-03 -3.33770000e-04 7.28400000e-05 -7.60510000e-04 8.48530000e-04 -3.21700000e-04 3.36760000e-04 -9.38140000e-04 5.47970000e-04 -1.05164000e-03 -2.03429000e-03 2.00650000e-03 2.54218000e-03 6.49160000e-04 9.77480000e-04 2.53750000e-04 -7.42350000e-04 6.07260000e-04 8.77460000e-04 -1.37565000e-03 2.68800000e-05 5.66210000e-04 -1.31464000e-03 -4.70500000e-05 3.52500000e-04 9.42810000e-04 4.78910000e-04 -1.93059000e-03 8.34830000e-04 1.18530000e-04 1.39320000e-04 4.31320000e-04 -1.18913000e-03 -6.99420000e-04 7.45630000e-04 -1.42880000e-03 -7.66760000e-04 -2.82890000e-04 -2.02160000e-04 -7.97280000e-04 -3.34400000e-05 1.50844000e-03 -9.91840000e-04 1.80685000e-03 -1.09385000e-03 -3.03364000e-03 5.90520000e-04 6.96010000e-04 4.69050000e-04 -2.23360000e-04 3.48930000e-04 1.82320000e-04 3.80070000e-04 4.55330000e-04 -4.75180000e-04 1.23310000e-04 4.66750000e-04 -2.71740000e-04 6.61450000e-04 1.13921000e-03 2.03161000e-03
2.97800000e-04 -6.95150000e-04 -2.09269000e-03 1.69469000e-03 2.69282000e-03 -5.27791000e-03 -3.62945000e-03 -1.83079000e-03 -4.26750000e-04 -7.66160000e-04 7.00100000e-05 7.91089000e-03 4.37280000e-04 2.51197000e-03 7.99835000e-03 2.51483000e-03 -1.52670000e-03 -4.46220000e-04 -6.13710000e-04 -5.69588000e-03 7.80570000e-03 1.80887000e-03 1.00495000e-03 1.20895000e-03 -3.94160000e-03 -1.80250000e-04 -2.15929000e-03 1.67960000e-03 1.87356000e-03 -4.43810000e-04 -3.83552000e-03 -1.68051000e-03 -1.15418000e-03 -1.18254000e-03 4.43531000e-03 2.15623000e-03 -7.90124000e-03 1.86420000e-04 -5.32685000e-03 1.59109000e-03 -1.53599000e-03 -3.39551000e-03 -9.87980000e-04 3.21364000e-03 4.10660000e-04 3.80895000e-03 8.70976000e-03 -4.03060000e-04 1.16823000e-03 -2.19520000e-03 1.62023000e-03 -1.62804000e-03 1.74848000e-03 -2.36236000e-03 2.05994000e-03 -3.30387000e-03 -8.58980000e-03 1.19392900e-02 1.08592300e-02 4.35897000e-03 7.16067000e-03 -2.08846000e-03 -2.77269000e-03 4.80269000e-03 1.83638000e-03 -3.25559000e-03 8.15630000e-04 1.85194000e-03 -4.06826000e-03 9.04800000e-04 3.75065000e-03 2.43701000e-03 1.55946000e-03 -8.63201000e-03 9.95020000e-04 1.72917000e-03 1.71530000e-03 4.82830000e-04 -5.16264000e-03 -2.42938000e-03 2.70106000e-03 -5.80849000e-03 -2.23531000e-03 -1.07363000e-03 -7.98960000e-04 -2.06146000e-03 6.52230000e-04 5.33869000e-03 -9.60920000e-04 8.62236000e-03 -2.89845000e-03 -7.09390000e-03 2.10682000e-03 3.39767000e-03 1.75376000e-03 4.82700000e-05 -4.51560000e-04 4.47070000e-04 1.17303000e-03 4.50192000e-03 -1.66786000e-03 1.28395000e-03 2.79175000e-03 8.92130000e-04 1.63941000e-03 5.49751000e-03 6.20928000e-03
-2.97080000e-04 3.52980000e-04 4.64690000e-04 -1.93910000e-04 3.58800000e-04 -7.10100000e-05 8.29600000e-05 3.37320000e-04 1.47000000e-04 6.47800000e-05 -3.93400000e-05 7.03440000e-04 2.58000000e-04 2.57810000e-04 8.67380000e-04 6.08400000e-05 2.81750000e-04 1.27660000e-04 3.17140000e-04 -2.15900000e-04 9.26170000e-04 -1.83210000e-04 -6.54900000e-05 2.31750000e-04 2.01490000e-04 -1.65400000e-05 1.18710000e-04 -1.56680000e-04 5.17580000e-04 9.54100000e-05 -4.69690000e-04 1.12670000e-04 2.14960000e-04 1.75620000e-04 -2.17290000e-04 1.12800000e-04 3.39300000e-05 2.33240000e-04 -6.20900000e-05 -3.17630000e-04 -8.82400000e-05 -6.65000000e-05 8.88000000e-06 -1.11910000e-04 2.02860000e-04 -2.64580000e-04 6.33350000e-04 2.63440000e-04 2.50130000e-04 -3.41000000e-06 -1.58080000e-04 -4.62500000e-05 2.29470000e-04 1.08150000e-04 1.62800000e-04 1.55130000e-04 -3.73570000e-04 8.91990000e-04 2.36300000e-05 5.08270000e-04 7.80420000e-04 -4.22180000e-04 1.83910000e-04 4.24240000e-04 -1.26290000e-04 5.18760000e-04 3.24990000e-04 3.10600000e-05 -7.37700000e-05 1.13460000e-04 6.09200000e-04 -9.25100000e-05 2.01000000e-06 -4.12960000e-04 -2.96050000e-04 2.90680000e-04 1.95100000e-04 -1.08790000e-04 -2.04200000e-04 -2.06450000e-04 5.85800000e-05 -1.62330000e-04 9.09600000e-05 2.88500000e-05 1.31190000e-04 2.25550000e-04 2.98970000e-04 -9.23800000e-05 8.22990000e-04 1.46840000e-04 1.02280000e-04 5.72180000e-04 -4.31200000e-05 1.95410000e-04 -6.16500000e-05 1.51210000e-04 -5.09570000e-04 -5.56100000e-05 -3.00900000e-05 4.73630000e-04 6.04000000e-05 1.75340000e-04 1.86720000e-04 3.12230000e-04 -1.71760000e-04 2.03300000e-05 -2.95920000e-04
-4.73100000e-05 -1.17700000e-05 -1.15196000e-03 6.64270000e-04 2.17758000e-03 -3.23490000e-03 -1.96449000e-03 -8.55680000e-04 2.91800000e-05 -3.65760000e-04 5.47650000e-04 6.28695000e-03 6.49780000e-04 1.79441000e-03 6.42182000e-03 1.34252000e-03 -5.20100000e-04 -5.10090000e-04 1.67890000e-04 -3.68248000e-03 6.14313000e-03 1.28303000e-03 4.44320000e-04 1.08338000e-03 -2.08189000e-03 -2.76200000e-04 -1.39280000e-03 1.17706000e-03 1.74160000e-03 -8.65700000e-05 -2.68664000e-03 -1.44131000e-03 -1.09818000e-03 -4.53290000e-04 2.63178000e-03 1.92655000e-03 -4.78913000e-03 4.32810000e-04 -3.12854000e-03 5.69200000e-04 -1.24758000e-03 -1.97134000e-03 -3.38670000e-04 1.79963000e-03 4.54260000e-04 2.12260000e-03 6.62418000e-03 3.02660000e-04 1.32631000e-03 -1.58794000e-03 4.96280000e-04 -1.17967000e-03 1.10935000e-03 -1.39163000e-03 1.71127000e-03 -1.63107000e-03 -5.52707000e-03 9.05378000e-03 6.99981000e-03 3.43420000e-03 5.60287000e-03 -1.96600000e-03 -1.46385000e-03 4.00776000e-03 9.75240000e-04 -1.74261000e-03 1.04017000e-03 1.01806000e-03 -2.99226000e-03 4.21730000e-04 3.44532000e-03 1.23519000e-03 6.31700000e-04 -5.65284000e-03 3.37800000e-04 1.99709000e-03 1.04905000e-03 1.60800000e-05 -3.21765000e-03 -1.89289000e-03 1.54194000e-03 -3.49861000e-03 -1.28966000e-03 5.59100000e-05 1.05900000e-05 -8.71180000e-04 1.08660000e-03 3.38678000e-03 -1.59290000e-04 5.58181000e-03 -1.79470000e-03 -4.17776000e-03 1.39674000e-03 2.23530000e-03 1.13594000e-03 2.29560000e-04 -7.96550000e-04 2.92330000e-04 8.75920000e-04 3.24319000e-03 -9.09080000e-04 8.73900000e-04 1.94712000e-03 7.87820000e-04 1.06256000e-03 3.64457000e-03 3.68474000e-03
-4.11810000e-04 2.12730000e-04 -6.86300000e-05 3.64830000e-04 2.89045000e-03 -5.02003000e-03 -2.88548000e-03 -7.53640000e-04 -3.90000000e-04 1.28240000e-04 -9.97100000e-05 9.82738000e-03 6.31650000e-04 2.53407000e-03 1.08671900e-02 2.19367000e-03 -7.59090000e-04 4.37290000e-04 2.10470000e-04 -5.48643000e-03 1.00387900e-02 1.30083000e-03 4.43520000e-04 1.29297000e-03 -2.48130000e-03 4.60100000e-05 -7.81160000e-04 1.19778000e-03 2.91316000e-03 -5.50520000e-04 -4.08682000e-03 -1.12050000e-03 -7.06860000e-04 -7.14610000e-04 3.03961000e-03 2.23999000e-03 -6.12669000e-03 3.17870000e-04 -4.58464000e-03 3.38200000e-05 -9.17700000e-04 -2.96914000e-03 -9.87220000e-04 2.28906000e-03 6.72970000e-04 2.62051000e-03 9.74240000e-03 3.14710000e-04 1.59424000e-03 -1.58727000e-03 3.84060000e-04 -1.65273000e-03 1.88510000e-03 -1.17658000e-03 1.78401000e-03 -2.35283000e-03 -8.03781000e-03 1.35847200e-02 1.06535100e-02 4.97366000e-03 8.72789000e-03 -3.42673000e-03 -2.27497000e-03 5.80630000e-03 6.43970000e-04 -1.32303000e-03 1.30519000e-03 1.46477000e-03 -2.87764000e-03 1.32840000e-03 4.98020000e-03 1.37560000e-03 9.34730000e-04 -8.38414000e-03 -4.51490000e-04 2.54349000e-03 2.19482000e-03 -2.39510000e-04 -4.81115000e-03 -2.08235000e-03 2.25221000e-03 -5.26042000e-03 -1.45068000e-03 -9.04330000e-04 -7.25680000e-04 -1.20081000e-03 1.17710000e-03 4.80284000e-03 1.65778000e-03 9.13618000e-03 -1.56557000e-03 -3.68017000e-03 2.15422000e-03 3.70387000e-03 1.61416000e-03 8.21720000e-04 -1.28724000e-03 5.32650000e-04 1.17237000e-03 5.76878000e-03 -1.14557000e-03 1.72552000e-03 3.33160000e-03 2.10639000e-03 1.04183000e-03 6.21200000e-03 5.70158000e-03
-6.10200000e-05 4.04000000e-05 -1.24440000e-04 7.11900000e-05 6.67800000e-05 8.49900000e-05 5.43900000e-05 -1.95700000e-05 6.26600000e-05 -1.51180000e-04 3.47500000e-05 -1.61030000e-04 1.00980000e-04 3.09890000e-04 -1.67250000e-04 -3.07600000e-05 6.70000000e-05 -1.53460000e-04 9.21200000e-05 5.09000000e-06 7.50000000e-06 -9.10200000e-05 1.22000000e-05 5.77000000e-05 -3.12300000e-05 -7.18200000e-05 -9.19200000e-05 -8.11400000e-05 9.68200000e-05 5.84700000e-05 -1.74350000e-04 -4.07500000e-05 4.36000000e-06 5.42800000e-05 3.81200000e-05 -1.43000000e-05 -6.93400000e-05 1.02100000e-04 1.58300000e-05 1.08250000e-04 -1.39460000e-04 -1.74000000e-05 4.37400000e-05 5.62700000e-05 -3.52000000e-06 8.43800000e-05 -1.33000000e-05 7.78600000e-05 5.74000000e-05 -1.37500000e-04 4.14300000e-05 3.91000000e-06 9.20600000e-05 -1.61120000e-04 1.13600000e-04 5.93700000e-05 -4.69800000e-05 -4.97700000e-05 -3.23170000e-04 -6.30000000e-07 2.08000000e-05 2.00090000e-04 1.46020000e-04 -7.60600000e-05 9.31800000e-05 1.60550000e-04 1.60300000e-04 5.97000000e-06 -1.05410000e-04 -1.08030000e-04 6.34700000e-05 6.15400000e-05 -4.20700000e-05 -2.52300000e-05 6.30700000e-05 4.89000000e-06 -6.69600000e-05 2.85600000e-05 1.43400000e-05 -1.87400000e-04 -4.29000000e-06 1.48000000e-06 3.97000000e-06 3.98800000e-05 1.10650000e-04 2.42200000e-05 8.28100000e-05 -1.49710000e-04 3.04760000e-04 -3.00820000e-04 -1.72610000e-04 -3.00800000e-04 -9.05700000e-05 -9.87100000e-05 -1.51520000e-04 -9.69500000e-05 -1.49450000e-04 -9.14900000e-05 -5.81400000e-05 -1.86840000e-04 -5.04300000e-05 -9.60500000e-05 -1.26000000e-04 -1.63880000e-04 -8.04300000e-05 -2.22560000e-04 -1.79000000e-06
-4.06680000e-04 1.73890000e-04 3.58030000e-04 -2.90780000e-04 2.33920000e-04 -4.75750000e-04 -1.16370000e-04 -2.20000000e-07 -1.53070000e-04 -9.19300000e-05 5.90000000e-07 1.18893000e-03 1.07260000e-04 8.17920000e-04 1.41552000e-03 7.56600000e-05 7.80100000e-05 4.07100000e-05 1.82700000e-04 -6.95280000e-04 1.30355000e-03 -1.70360000e-04 -1.13630000e-04 1.04730000e-04 1.86900000e-05 1.28000000e-06 8.17800000e-05 -1.75660000e-04 4.81440000e-04 -1.39960000e-04 -6.66350000e-04 -8.31500000e-05 -4.92500000e-05 2.77300000e-05 4.06000000e-06 2.97850000e-04 -3.53800000e-04 3.45600000e-05 -3.53290000e-04 -3.54420000e-04 -6.03000000e-06 -2.84440000e-04 -4.59300000e-05 5.65800000e-05 6.96000000e-05 -7.39700000e-05 1.33414000e-03 2.38250000e-04 3.56910000e-04 -2.43360000e-04 -3.92320000e-04 -2.52830000e-04 2.76300000e-04 -1.57860000e-04 1.85240000e-04 -2.42000000e-05 -9.56740000e-04 1.68547000e-03 7.63220000e-04 4.19870000e-04 1.07954000e-03 -7.15990000e-04 -1.38570000e-04 8.99730000e-04 -1.59380000e-04 4.65320000e-04 3.37230000e-04 3.17000000e-05 -1.81310000e-04 1.31590000e-04 8.99810000e-04 -8.89100000e-05 -1.97780000e-04 -9.78550000e-04 -3.36670000e-04 3.96060000e-04 2.77590000e-04 -2.55500000e-04 -5.04140000e-04 -3.71270000e-04 8.94200000e-05 -4.55320000e-04 4.85500000e-05 -4.40100000e-05 2.55800000e-05 7.93000000e-06 2.76850000e-04 1.63280000e-04 1.03219000e-03 7.15690000e-04 -1.85470000e-04 -6.85900000e-05 3.86000000e-06 2.59910000e-04 -1.09130000e-04 2.33300000e-05 -6.10890000e-04 -1.25980000e-04 -9.16300000e-05 7.05730000e-04 -2.07150000e-04 6.07700000e-05 2.31100000e-04 1.97020000e-04 -2.36700000e-04 4.79650000e-04 4.66390000e-04
-1.90540000e-04 3.21700000e-05 -1.10755000e-03 1.10668000e-03 2.90882000e-03 -4.65267000e-03 -2.93844000e-03 -1.02136000e-03 -1.60460000e-04 -5.10810000e-04 8.28200000e-05 8.05349000e-03 7.89870000e-04 2.67371000e-03 8.40958000e-03 2.23728000e-03 -8.36040000e-04 -2.33610000e-04 5.21000000e-06 -5.42516000e-03 8.31720000e-03 1.35602000e-03 7.37380000e-04 1.43643000e-03 -3.00157000e-03 -8.39700000e-05 -2.00878000e-03 1.30054000e-03 2.47689000e-03 -2.65670000e-04 -4.02765000e-03 -1.31385000e-03 -6.88760000e-04 -7.66000000e-04 3.47344000e-03 2.27241000e-03 -6.77668000e-03 5.23230000e-04 -4.62219000e-03 7.63890000e-04 -1.30992000e-03 -3.05183000e-03 -7.50100000e-04 2.69100000e-03 7.06290000e-04 2.78767000e-03 8.87881000e-03 1.80950000e-04 1.54714000e-03 -1.93910000e-03 1.04132000e-03 -1.48773000e-03 1.91100000e-03 -1.83831000e-03 2.12530000e-03 -2.55417000e-03 -8.13179000e-03 1.20674100e-02 9.66695000e-03 4.53931000e-03 7.52501000e-03 -2.64084000e-03 -2.17514000e-03 5.15821000e-03 1.30827000e-03 -1.96491000e-03 1.30662000e-03 1.64681000e-03 -3.51618000e-03 9.33790000e-04 4.44296000e-03 1.84151000e-03 1.22451000e-03 -8.18567000e-03 2.61320000e-04 2.03678000e-03 1.78073000e-03 1.63210000e-04 -4.84038000e-03 -2.41082000e-03 2.36769000e-03 -5.23789000e-03 -1.74451000e-03 -8.34240000e-04 -4.76460000e-04 -1.38516000e-03 1.11508000e-03 4.52426000e-03 4.90890000e-04 7.74074000e-03 -2.35237000e-03 -5.33367000e-03 1.81384000e-03 3.28751000e-03 1.42382000e-03 3.54650000e-04 -1.21356000e-03 3.39780000e-04 1.03536000e-03 4.88929000e-03 -1.37377000e-03 1.35925000e-03 2.77720000e-03 1.27208000e-03 1.19116000e-03 4.92023000e-03 5.16738000e-03
-3.23810000e-04 9.53190000e-04 1.39933000e-03 -9.81400000e-04 4.98450000e-04 3.09030000e-04 6.28200000e-04 1.02179000e-03 4.14590000e-04 1.11854000e-03 -8.09800000e-05 1.38304000e-03 3.97860000e-04 -3.86700000e-05 2.10812000e-03 -2.77740000e-04 9.14070000e-04 4.67610000e-04 9.18630000e-04 -3.70000000e-05 2.01819000e-03 -1.30160000e-04 -3.62600000e-04 3.10670000e-04 1.15038000e-03 4.51800000e-05 1.00769000e-03 -4.27000000e-05 1.11801000e-03 4.98000000e-06 -9.10640000e-04 3.50360000e-04 4.54620000e-04 4.00960000e-04 -1.27499000e-03 -2.73000000e-06 1.27798000e-03 3.77450000e-04 5.03410000e-04 -1.14169000e-03 1.02460000e-04 7.77900000e-05 -1.58240000e-04 -6.95540000e-04 1.16380000e-04 -1.13456000e-03 7.44470000e-04 7.79910000e-04 3.31150000e-04 4.15000000e-04 -8.52840000e-04 1.05300000e-04 2.24590000e-04 1.37700000e-03 -1.05470000e-04 9.38710000e-04 -4.28300000e-05 1.33846000e-03 -5.04360000e-04 8.10740000e-04 1.52964000e-03 -8.46490000e-04 8.02530000e-04 5.56910000e-04 -9.41840000e-04 1.99990000e-03 7.36290000e-04 -2.74570000e-04 6.34330000e-04 8.53000000e-05 1.33154000e-03 -7.51730000e-04 -5.56900000e-04 -4.54600000e-05 -1.18638000e-03 8.36020000e-04 2.34260000e-04 -4.47320000e-04 2.44400000e-05 -2.11890000e-04 -3.93010000e-04 2.88730000e-04 6.65810000e-04 2.99110000e-04 2.94600000e-04 9.09640000e-04 7.45780000e-04 -3.14470000e-04 2.91004000e-03 1.72680000e-04 1.46690000e-03 3.23459000e-03 3.64120000e-04 7.53410000e-04 7.25900000e-05 1.15784000e-03 -7.82820000e-04 4.66580000e-04 4.57680000e-04 1.53113000e-03 1.01644000e-03 8.29440000e-04 8.77270000e-04 1.45776000e-03 -2.10960000e-04 4.75560000e-04 -2.17870000e-04
2.10700000e-05 1.76530000e-04 6.26210000e-04 -5.79470000e-04 -1.02901000e-03 1.96705000e-03 1.30866000e-03 5.40930000e-04 2.14150000e-04 4.04970000e-04 1.68600000e-05 -3.03467000e-03 -1.66070000e-04 -8.39880000e-04 -2.98926000e-03 -1.01041000e-03 5.71930000e-04 7.08500000e-05 2.91440000e-04 2.18619000e-03 -2.82897000e-03 -5.94420000e-04 -3.31660000e-04 -5.08110000e-04 1.38408000e-03 -2.60100000e-05 1.05482000e-03 -5.44140000e-04 -6.90720000e-04 1.42240000e-04 1.24088000e-03 4.89530000e-04 3.06760000e-04 4.22030000e-04 -1.61575000e-03 -9.52960000e-04 2.90375000e-03 -3.94200000e-05 1.93895000e-03 -4.81870000e-04 3.70140000e-04 1.22353000e-03 2.75010000e-04 -1.21971000e-03 -3.69140000e-04 -1.24445000e-03 -3.43534000e-03 1.40100000e-04 -5.22460000e-04 7.77730000e-04 -5.55820000e-04 6.63320000e-04 -6.92800000e-04 9.81270000e-04 -7.88350000e-04 1.28385000e-03 3.24552000e-03 -4.56083000e-03 -4.26883000e-03 -1.61958000e-03 -2.63144000e-03 1.12823000e-03 1.15799000e-03 -2.05466000e-03 -6.58890000e-04 1.38421000e-03 -2.38110000e-04 -7.15480000e-04 1.46719000e-03 -4.61350000e-04 -1.43469000e-03 -8.90410000e-04 -6.50340000e-04 3.23930000e-03 -2.69240000e-04 -5.40110000e-04 -7.29050000e-04 -9.67800000e-05 1.95828000e-03 7.50030000e-04 -1.00617000e-03 2.14935000e-03 8.07080000e-04 5.31190000e-04 3.84050000e-04 7.58480000e-04 -1.90630000e-04 -1.95201000e-03 7.80700000e-04 -3.21402000e-03 1.19976000e-03 2.64950000e-03 -6.37230000e-04 -1.17385000e-03 -6.27100000e-04 1.13900000e-04 2.63810000e-04 -4.22100000e-05 -2.70180000e-04 -1.78218000e-03 8.21630000e-04 -3.63460000e-04 -9.61760000e-04 -2.33330000e-04 -5.30300000e-04 -1.97899000e-03 -2.06763000e-03
6.27400000e-05 2.40540000e-04 1.63171000e-03 -1.15327000e-03 -2.09329000e-03 3.32291000e-03 2.18961000e-03 1.13112000e-03 1.22670000e-04 9.19370000e-04 -2.56950000e-04 -5.30077000e-03 -6.14290000e-04 -2.39614000e-03 -5.28486000e-03 -1.53554000e-03 7.46680000e-04 7.38940000e-04 1.10380000e-04 3.85237000e-03 -5.43324000e-03 -1.03624000e-03 -5.98640000e-04 -1.06446000e-03 2.56223000e-03 3.19040000e-04 2.41061000e-03 -9.42680000e-04 -1.57385000e-03 8.71400000e-05 2.96034000e-03 1.29135000e-03 8.45640000e-04 5.57580000e-04 -2.95367000e-03 -1.63178000e-03 5.37677000e-03 -4.12490000e-04 3.46161000e-03 -1.06597000e-03 1.35746000e-03 2.22394000e-03 3.95080000e-04 -2.16770000e-03 -4.00930000e-04 -2.54705000e-03 -6.16345000e-03 -3.34500000e-05 -1.11510000e-03 1.87376000e-03 -9.89450000e-04 1.20485000e-03 -1.39711000e-03 2.00586000e-03 -1.76016000e-03 2.01455000e-03 5.92356000e-03 -8.28292000e-03 -6.69261000e-03 -3.09392000e-03 -5.06140000e-03 1.36609000e-03 1.51109000e-03 -3.39874000e-03 -1.36613000e-03 1.91267000e-03 -1.03365000e-03 -1.19939000e-03 3.13758000e-03 -3.46610000e-04 -2.89696000e-03 -1.58574000e-03 -8.82800000e-04 5.87520000e-03 -6.78420000e-04 -1.34703000e-03 -1.00008000e-03 -2.47600000e-04 3.43824000e-03 2.08959000e-03 -1.72330000e-03 3.81427000e-03 1.52535000e-03 5.21660000e-04 1.88130000e-04 1.22331000e-03 -7.61830000e-04 -3.24782000e-03 1.96690000e-04 -5.13248000e-03 2.41635000e-03 5.40890000e-03 -1.13582000e-03 -2.00206000e-03 -8.41140000e-04 2.36690000e-04 8.15050000e-04 -2.70300000e-05 -5.96400000e-04 -2.70142000e-03 1.29516000e-03 -5.81170000e-04 -1.56382000e-03 -1.90480000e-04 -9.05930000e-04 -3.17357000e-03 -3.97738000e-03
2.70800000e-05 -4.32900000e-04 -1.45186000e-03 1.35885000e-03 1.70481000e-03 -3.19610000e-03 -2.13025000e-03 -1.14178000e-03 -3.93970000e-04 -8.66770000e-04 -2.95600000e-05 4.97080000e-03 2.60620000e-04 2.23133000e-03 5.23948000e-03 1.76933000e-03 -1.03109000e-03 -1.87080000e-04 -4.22760000e-04 -3.36375000e-03 5.10320000e-03 8.78970000e-04 7.35320000e-04 7.92260000e-04 -2.44710000e-03 8.36400000e-05 -1.03262000e-03 7.76490000e-04 1.25886000e-03 -2.32750000e-04 -2.03571000e-03 -7.63150000e-04 -5.24950000e-04 -6.83840000e-04 3.18262000e-03 1.35918000e-03 -4.91221000e-03 9.84400000e-05 -3.18192000e-03 1.31748000e-03 -5.97040000e-04 -1.94386000e-03 -4.56950000e-04 2.39869000e-03 3.84470000e-04 3.10195000e-03 5.56721000e-03 -2.48880000e-04 7.69860000e-04 -1.41665000e-03 1.31346000e-03 -1.01148000e-03 1.43739000e-03 -2.00760000e-03 1.39398000e-03 -2.11292000e-03 -5.06393000e-03 7.62475000e-03 6.94735000e-03 2.63491000e-03 4.58384000e-03 -8.08840000e-04 -1.71122000e-03 2.97545000e-03 1.35730000e-03 -2.09529000e-03 6.34150000e-04 1.33371000e-03 -2.05319000e-03 6.71230000e-04 2.13360000e-03 1.61703000e-03 1.05498000e-03 -5.11701000e-03 7.36850000e-04 8.83630000e-04 1.20292000e-03 4.23640000e-04 -2.98797000e-03 -1.21712000e-03 1.80210000e-03 -3.47878000e-03 -1.33805000e-03 -1.01378000e-03 -6.93780000e-04 -1.39305000e-03 2.50220000e-04 3.21154000e-03 -5.43170000e-04 5.36727000e-03 -2.30781000e-03 -5.49705000e-03 1.10797000e-03 1.71974000e-03 7.42570000e-04 -4.59410000e-04 -2.60840000e-04 -5.51600000e-05 4.00840000e-04 2.25889000e-03 -1.58755000e-03 2.83190000e-04 1.34619000e-03 -4.31100000e-05 7.48400000e-04 3.58073000e-03 4.47271000e-03
-2.66530000e-04 4.77100000e-04 8.93100000e-05 -7.37300000e-05 3.26360000e-04 7.49680000e-04 6.13510000e-04 5.60000000e-04 4.71170000e-04 -1.59430000e-04 3.40180000e-04 -2.34900000e-04 4.36740000e-04 -5.16700000e-05 -2.81090000e-04 -1.83160000e-04 5.35410000e-04 -7.54700000e-05 4.81960000e-04 7.09610000e-04 -1.10260000e-04 -2.74680000e-04 -6.54300000e-05 3.77440000e-04 5.76830000e-04 -4.54000000e-05 1.89440000e-04 -2.66860000e-04 3.43440000e-04 4.78010000e-04 1.69160000e-04 7.40800000e-05 1.03780000e-04 4.70340000e-04 -3.10080000e-04 1.77260000e-04 7.69490000e-04 4.67470000e-04 6.69950000e-04 -1.06800000e-04 -2.71200000e-05 5.53790000e-04 4.41450000e-04 -1.59350000e-04 3.77710000e-04 -2.89290000e-04 -2.41470000e-04 4.25390000e-04 3.18080000e-04 5.41400000e-05 -6.23800000e-05 1.07750000e-04 -4.86900000e-05 -1.38450000e-04 3.17900000e-04 5.73590000e-04 8.34840000e-04 -4.42670000e-04 -1.24244000e-03 1.99440000e-04 -3.66600000e-05 2.27350000e-04 6.44120000e-04 -4.07200000e-05 5.51400000e-05 2.74160000e-04 4.06180000e-04 -1.17970000e-04 1.04330000e-04 -1.50610000e-04 1.68040000e-04 -1.49380000e-04 -6.38400000e-05 8.71590000e-04 -3.14900000e-05 2.43760000e-04 -1.48560000e-04 -1.57500000e-05 6.34110000e-04 4.51000000e-06 -1.51760000e-04 6.92570000e-04 2.24950000e-04 4.46590000e-04 4.72560000e-04 5.26900000e-04 3.89350000e-04 -7.14530000e-04 1.28850000e-04 -1.25776000e-03 -1.27820000e-04 1.06630000e-04 -4.74680000e-04 -5.53780000e-04 -3.01520000e-04 -2.62900000e-04 -4.20620000e-04 -3.15940000e-04 -3.27100000e-04 -5.80820000e-04 -9.33800000e-05 -3.34120000e-04 -4.67160000e-04 -3.93260000e-04 -2.32460000e-04 -8.16480000e-04 -8.69550000e-04
-4.69430000e-04 8.39540000e-04 5.56500000e-04 -2.88970000e-04 8.03460000e-04 3.73840000e-04 5.47910000e-04 9.04030000e-04 5.50010000e-04 1.21160000e-04 2.87730000e-04 1.14823000e-03 6.11460000e-04 9.99700000e-05 1.34512000e-03 1.49400000e-05 7.44700000e-04 1.59520000e-04 7.32780000e-04 1.51200000e-04 1.38316000e-03 -2.05430000e-04 -1.06520000e-04 6.57660000e-04 7.20330000e-04 3.12900000e-05 3.11190000e-04 -1.75640000e-04 9.28150000e-04 4.56720000e-04 -2.96490000e-04 1.75670000e-04 2.82110000e-04 5.08180000e-04 -3.71340000e-04 4.41720000e-04 5.70910000e-04 6.00450000e-04 4.03440000e-04 -4.63680000e-04 1.82400000e-05 3.12940000e-04 3.26390000e-04 -1.29040000e-04 6.09980000e-04 -4.29340000e-04 9.17190000e-04 6.77510000e-04 5.81290000e-04 8.90100000e-05 -2.24630000e-04 -1.74500000e-05 2.47260000e-04 1.17300000e-04 4.50290000e-04 5.87660000e-04 4.94400000e-05 1.24878000e-03 -2.63350000e-04 9.57790000e-04 1.21972000e-03 -5.20570000e-04 6.00610000e-04 7.39600000e-04 -1.59960000e-04 5.86970000e-04 7.03910000e-04 -4.73000000e-06 3.35100000e-05 6.05900000e-05 1.02004000e-03 -2.42480000e-04 -6.02700000e-05 9.68500000e-05 -4.53340000e-04 6.80530000e-04 1.62590000e-04 -1.58060000e-04 1.34100000e-04 -1.16150000e-04 -4.31600000e-05 2.95190000e-04 2.89450000e-04 3.86790000e-04 4.21100000e-04 6.95280000e-04 6.91750000e-04 -3.51200000e-04 7.15400000e-04 -3.44710000e-04 1.03790000e-04 7.21400000e-04 -2.28190000e-04 -1.89100000e-05 -1.32620000e-04 9.91400000e-05 -8.10300000e-04 -1.77050000e-04 -1.47310000e-04 4.47200000e-04 6.36000000e-06 8.88000000e-06 7.40000000e-05 2.00420000e-04 -2.36670000e-04 -1.71530000e-04 -6.90130000e-04
-3.23730000e-04 8.52810000e-04 1.75950000e-04 5.64700000e-05 1.59857000e-03 -7.66650000e-04 -1.77500000e-04 6.29950000e-04 5.86730000e-04 -1.06100000e-05 2.80450000e-04 3.16460000e-03 9.10390000e-04 9.09960000e-04 3.57330000e-03 5.29570000e-04 5.46370000e-04 7.56500000e-05 9.24670000e-04 -1.12197000e-03 3.65649000e-03 1.79700000e-04 6.57700000e-05 1.06958000e-03 -6.72200000e-05 -3.60400000e-05 -1.25660000e-04 2.03960000e-04 1.74968000e-03 4.59250000e-04 -1.34900000e-03 -1.71410000e-04 1.14370000e-04 3.63270000e-04 5.00280000e-04 9.28790000e-04 -1.17099000e-03 8.61980000e-04 -7.50320000e-04 -1.14370000e-04 -4.06280000e-04 -4.41270000e-04 1.57630000e-04 5.87660000e-04 8.12100000e-04 4.86470000e-04 3.15227000e-03 7.25000000e-04 9.70920000e-04 -4.39140000e-04 1.17240000e-04 -3.54160000e-04 8.03980000e-04 -3.45400000e-04 1.07509000e-03 -3.14500000e-05 -1.89134000e-03 4.30306000e-03 2.09834000e-03 2.12418000e-03 3.23555000e-03 -7.79300000e-04 1.42990000e-04 1.90647000e-03 2.39050000e-04 9.51400000e-05 1.18802000e-03 3.82250000e-04 -7.85550000e-04 2.46900000e-04 2.05861000e-03 2.78500000e-04 2.81610000e-04 -1.90233000e-03 -3.40210000e-04 1.19974000e-03 5.68040000e-04 -9.67000000e-05 -1.02488000e-03 -7.94450000e-04 5.59190000e-04 -1.02570000e-03 -1.56040000e-04 2.30040000e-04 3.53630000e-04 3.25640000e-04 9.57420000e-04 7.95180000e-04 9.94640000e-04 1.60022000e-03 -5.02800000e-04 -7.89450000e-04 3.40870000e-04 7.93270000e-04 2.39370000e-04 2.38220000e-04 -8.97910000e-04 -5.06900000e-05 2.30880000e-04 1.56065000e-03 -2.85200000e-04 3.92740000e-04 7.70690000e-04 4.91200000e-04 1.72020000e-04 1.17219000e-03 8.09880000e-04
3.01570000e-04 -3.07460000e-04 -1.45209000e-03 1.04898000e-03 8.58040000e-04 -1.23063000e-03 -9.17780000e-04 -7.34270000e-04 1.59100000e-05 -4.71720000e-04 1.44680000e-04 1.69118000e-03 1.82130000e-04 1.35106000e-03 1.77728000e-03 8.46400000e-04 -4.77480000e-04 -4.29000000e-04 -2.28680000e-04 -1.31428000e-03 2.01249000e-03 5.81170000e-04 5.41530000e-04 4.30140000e-04 -1.34062000e-03 -1.35500000e-05 -4.79900000e-04 5.29430000e-04 4.86290000e-04 -5.00000000e-07 -1.05828000e-03 -4.79460000e-04 -3.56450000e-04 -3.08690000e-04 1.84546000e-03 5.65590000e-04 -2.44039000e-03 1.41670000e-04 -1.39204000e-03 1.20554000e-03 -4.24150000e-04 -8.72740000e-04 -1.55690000e-04 1.53359000e-03 -2.05400000e-05 2.06214000e-03 2.15771000e-03 -9.61800000e-05 2.63630000e-04 -8.47130000e-04 1.03095000e-03 -3.50580000e-04 7.43750000e-04 -1.17989000e-03 8.09970000e-04 -9.39660000e-04 -2.17155000e-03 3.03412000e-03 2.90386000e-03 1.09419000e-03 1.86822000e-03 5.86290000e-04 -4.86480000e-04 8.61800000e-04 9.70060000e-04 -1.06251000e-03 4.73740000e-04 7.12970000e-04 -1.00741000e-03 1.56500000e-05 7.12350000e-04 1.00202000e-03 4.89700000e-04 -2.05336000e-03 7.46000000e-04 3.11090000e-04 3.35450000e-04 4.91870000e-04 -1.14372000e-03 -7.62390000e-04 8.92070000e-04 -1.47451000e-03 -6.87860000e-04 -4.78280000e-04 -2.13540000e-04 -6.92590000e-04 1.48160000e-04 1.53049000e-03 -3.08500000e-05 2.06109000e-03 -1.30509000e-03 -3.58624000e-03 6.03840000e-04 7.05050000e-04 2.64170000e-04 -3.40510000e-04 1.12520000e-04 3.87300000e-05 2.94430000e-04 5.39690000e-04 -7.15210000e-04 -3.10900000e-05 4.80530000e-04 -4.09770000e-04 5.15370000e-04 1.61084000e-03 2.99849000e-03
-2.78960000e-04 7.49760000e-04 5.26250000e-04 -3.11950000e-04 3.30180000e-04 1.13519000e-03 9.52460000e-04 9.70300000e-04 6.32460000e-04 1.00570000e-04 2.60670000e-04 -4.16820000e-04 5.37430000e-04 -3.51190000e-04 -2.77420000e-04 -3.82710000e-04 8.20090000e-04 1.16740000e-04 8.10520000e-04 1.11250000e-03 -8.87900000e-05 -4.06960000e-04 -1.97150000e-04 4.30750000e-04 1.05526000e-03 -2.64600000e-05 5.41980000e-04 -3.60500000e-04 5.62760000e-04 5.69540000e-04 3.59210000e-04 3.05970000e-04 3.44720000e-04 6.19190000e-04 -8.39270000e-04 -4.45200000e-05 1.50578000e-03 6.16940000e-04 1.09357000e-03 -3.69100000e-04 6.64800000e-05 7.93820000e-04 4.44170000e-04 -5.33760000e-04 4.89920000e-04 -6.82500000e-04 -7.11930000e-04 5.62790000e-04 2.61460000e-04 3.40890000e-04 -2.30830000e-04 2.58700000e-04 -9.22600000e-05 3.12440000e-04 1.64540000e-04 9.39940000e-04 1.45592000e-03 -9.62960000e-04 -2.04471000e-03 1.73470000e-04 -1.12980000e-04 3.23600000e-04 9.62110000e-04 -3.39430000e-04 -2.26780000e-04 7.42760000e-04 5.17830000e-04 -2.83540000e-04 5.51320000e-04 -1.68170000e-04 9.74800000e-05 -4.26930000e-04 -1.84530000e-04 1.47851000e-03 -3.34580000e-04 2.78960000e-04 -2.24140000e-04 -1.10730000e-04 9.28260000e-04 1.89510000e-04 -3.95440000e-04 1.09812000e-03 4.93820000e-04 6.06180000e-04 5.41530000e-04 8.38790000e-04 4.45430000e-04 -1.12485000e-03 4.78630000e-04 -1.76408000e-03 3.60000000e-04 1.22325000e-03 -5.09500000e-04 -6.56140000e-04 -3.71350000e-04 -1.51300000e-05 -4.21050000e-04 -2.51840000e-04 -2.73720000e-04 -6.28860000e-04 2.04810000e-04 -2.36190000e-04 -4.82590000e-04 -1.51120000e-04 -3.45930000e-04 -1.08706000e-03 -1.58337000e-03
-2.29820000e-04 -1.54920000e-04 4.21920000e-04 9.75900000e-05 7.76400000e-05 -9.72140000e-04 -6.26150000e-04 -1.74920000e-04 -4.32570000e-04 -2.16120000e-04 -3.05130000e-04 1.33496000e-03 -1.54980000e-04 1.17700000e-04 1.48364000e-03 7.00080000e-04 -4.95170000e-04 7.30360000e-04 -4.17230000e-04 -8.41230000e-04 1.02251000e-03 -1.64400000e-04 1.10030000e-04 -2.99000000e-06 -4.35840000e-04 4.59990000e-04 7.17590000e-04 -1.86310000e-04 1.29370000e-04 -1.84260000e-04 -4.16100000e-05 2.83660000e-04 2.11820000e-04 -1.76630000e-04 6.09890000e-04 4.90390000e-04 -9.21910000e-04 -2.27580000e-04 -7.63960000e-04 -5.45200000e-05 6.94740000e-04 -3.23490000e-04 -2.83700000e-05 6.40900000e-04 3.56510000e-04 3.65650000e-04 1.70984000e-03 -2.55470000e-04 2.13670000e-04 7.70600000e-05 1.54090000e-04 -2.56080000e-04 2.54320000e-04 -5.10050000e-04 1.59720000e-04 -7.20010000e-04 -1.14101000e-03 1.93973000e-03 2.39026000e-03 3.38850000e-04 8.40510000e-04 -8.00410000e-04 -9.39120000e-04 1.27291000e-03 1.71890000e-04 -6.93590000e-04 -3.01340000e-04 3.73440000e-04 2.64750000e-04 7.90160000e-04 3.48030000e-04 3.77900000e-04 5.25860000e-04 -1.28474000e-03 -6.13800000e-05 -1.63910000e-04 7.90520000e-04 -6.86800000e-05 -6.46930000e-04 3.66950000e-04 6.43920000e-04 -8.67230000e-04 -2.04520000e-04 -7.37320000e-04 -5.44710000e-04 -4.69350000e-04 -3.15790000e-04 6.95280000e-04 -4.03970000e-04 1.73613000e-03 -5.40380000e-04 -8.93620000e-04 -3.56200000e-05 2.91290000e-04 2.16200000e-04 -3.48000000e-04 -3.97000000e-05 -2.78510000e-04 -3.60540000e-04 9.57240000e-04 -8.65660000e-04 -1.81500000e-05 2.52820000e-04 -4.09000000e-06 -3.33200000e-05 1.15433000e-03 1.14829000e-03
1.89960000e-04 5.76600000e-05 5.62920000e-04 -4.13480000e-04 -1.08010000e-03 1.76484000e-03 1.10282000e-03 4.83560000e-04 1.15900000e-04 4.98300000e-04 -9.13800000e-05 -3.00326000e-03 -3.25300000e-04 -1.18673000e-03 -3.04356000e-03 -7.41860000e-04 3.50510000e-04 2.74800000e-04 -8.71000000e-06 2.00538000e-03 -3.00404000e-03 -4.11460000e-04 -2.04460000e-04 -5.46700000e-04 1.20368000e-03 1.81050000e-04 1.29590000e-03 -3.60290000e-04 -8.92830000e-04 5.92400000e-05 1.47620000e-03 6.31260000e-04 4.20080000e-04 2.52650000e-04 -1.36756000e-03 -8.50100000e-04 2.64790000e-03 -2.09720000e-04 1.76625000e-03 -3.28190000e-04 6.73790000e-04 1.10702000e-03 1.99280000e-04 -9.40380000e-04 -2.91910000e-04 -1.11694000e-03 -3.32665000e-03 -4.26200000e-05 -6.27430000e-04 9.20520000e-04 -3.24060000e-04 6.82050000e-04 -7.03730000e-04 1.00006000e-03 -8.70670000e-04 1.00543000e-03 3.03188000e-03 -4.46523000e-03 -3.45556000e-03 -1.66473000e-03 -2.74934000e-03 1.01071000e-03 8.32930000e-04 -1.92151000e-03 -5.72600000e-04 9.24890000e-04 -5.19990000e-04 -5.49660000e-04 1.59238000e-03 -2.56400000e-04 -1.59687000e-03 -7.02120000e-04 -4.18860000e-04 3.06997000e-03 -1.90180000e-04 -7.62470000e-04 -5.71740000e-04 4.55000000e-06 1.79616000e-03 1.02510000e-03 -8.35850000e-04 1.96343000e-03 7.51720000e-04 2.36970000e-04 1.07250000e-04 5.85250000e-04 -4.03550000e-04 -1.57444000e-03 1.27570000e-04 -2.70802000e-03 1.21139000e-03 2.46150000e-03 -4.95950000e-04 -9.79530000e-04 -3.91230000e-04 1.36850000e-04 5.60940000e-04 7.53400000e-05 -2.13070000e-04 -1.47031000e-03 7.22600000e-04 -2.86310000e-04 -7.83930000e-04 -1.65190000e-04 -3.50380000e-04 -1.61102000e-03 -1.67872000e-03
-6.85200000e-05 7.75500000e-05 -4.80900000e-04 5.98260000e-04 8.64590000e-04 -1.10945000e-03 -7.19000000e-04 -1.92750000e-04 5.72000000e-06 -2.95290000e-04 -3.49100000e-05 1.83312000e-03 2.63300000e-04 9.71300000e-04 1.94198000e-03 9.23040000e-04 -2.48280000e-04 9.54300000e-05 -1.63570000e-04 -1.37199000e-03 2.03144000e-03 2.29290000e-04 3.75600000e-04 5.13580000e-04 -8.33860000e-04 2.56300000e-04 -1.22190000e-04 2.23950000e-04 6.69480000e-04 3.75200000e-05 -1.06091000e-03 -3.81800000e-05 1.18850000e-04 -1.31150000e-04 1.21236000e-03 7.72260000e-04 -1.86887000e-03 1.84240000e-04 -1.16488000e-03 5.18570000e-04 9.46400000e-05 -7.42480000e-04 -4.26500000e-05 1.28501000e-03 3.71270000e-04 1.07286000e-03 2.49139000e-03 7.05600000e-05 4.71550000e-04 -4.85900000e-04 6.50550000e-04 -3.28550000e-04 7.25270000e-04 -8.49610000e-04 7.36700000e-04 -7.64310000e-04 -2.19196000e-03 3.15802000e-03 2.86658000e-03 1.12116000e-03 1.87877000e-03 -3.41940000e-04 -5.36300000e-04 1.43288000e-03 6.16950000e-04 -6.32170000e-04 4.00580000e-04 6.61890000e-04 -5.59950000e-04 4.03290000e-04 1.05230000e-03 7.59800000e-04 5.62550000e-04 -2.08279000e-03 2.15960000e-04 2.09990000e-04 6.61030000e-04 2.25390000e-04 -1.14108000e-03 -4.74170000e-04 8.76080000e-04 -1.35550000e-03 -4.24870000e-04 -6.77630000e-04 -2.72080000e-04 -4.13020000e-04 1.94860000e-04 1.19541000e-03 2.79720000e-04 1.92566000e-03 -9.60300000e-04 -2.24106000e-03 3.06640000e-04 7.53670000e-04 2.63570000e-04 -2.27430000e-04 -3.26090000e-04 -8.42500000e-05 1.15100000e-05 1.25553000e-03 -7.53180000e-04 1.14440000e-04 5.74890000e-04 -5.84500000e-05 2.52880000e-04 1.40189000e-03 2.27137000e-03
-2.42500000e-04 3.21800000e-05 -3.44100000e-04 6.78490000e-04 1.38651000e-03 -2.24623000e-03 -1.43100000e-03 -3.95830000e-04 -1.48630000e-04 -4.67720000e-04 -1.20300000e-04 3.73974000e-03 3.99920000e-04 1.34208000e-03 3.89840000e-03 1.34901000e-03 -4.87040000e-04 1.94410000e-04 -1.38950000e-04 -2.54631000e-03 3.82953000e-03 3.82150000e-04 4.33650000e-04 7.30500000e-04 -1.46268000e-03 1.82350000e-04 -5.72180000e-04 3.57210000e-04 1.18816000e-03 -5.07800000e-05 -1.77291000e-03 -2.98240000e-04 -1.81300000e-05 -2.89640000e-04 1.79534000e-03 1.16040000e-03 -3.27688000e-03 2.53490000e-04 -2.23751000e-03 4.33280000e-04 -2.64610000e-04 -1.36708000e-03 -2.23460000e-04 1.52426000e-03 5.79480000e-04 1.41789000e-03 4.38976000e-03 2.42000000e-06 7.90500000e-04 -8.26060000e-04 7.08570000e-04 -7.04770000e-04 1.06436000e-03 -1.18164000e-03 1.08719000e-03 -1.37919000e-03 -3.89166000e-03 5.74351000e-03 4.86169000e-03 2.10924000e-03 3.47548000e-03 -1.26824000e-03 -1.17282000e-03 2.61219000e-03 7.95810000e-04 -1.09976000e-03 5.28030000e-04 9.49260000e-04 -1.38161000e-03 7.57360000e-04 1.95718000e-03 1.05517000e-03 8.88200000e-04 -3.92565000e-03 1.98580000e-04 6.64890000e-04 1.13720000e-03 1.48160000e-04 -2.25158000e-03 -8.86620000e-04 1.36626000e-03 -2.54634000e-03 -8.31180000e-04 -7.85220000e-04 -3.82140000e-04 -7.51980000e-04 3.56500000e-04 2.06992000e-03 1.09030000e-04 3.70553000e-03 -1.40717000e-03 -2.90533000e-03 5.95440000e-04 1.39993000e-03 5.87950000e-04 -1.64610000e-04 -6.42090000e-04 -1.00360000e-04 1.42070000e-04 2.28826000e-03 -1.06697000e-03 4.65070000e-04 1.13151000e-03 3.41700000e-04 4.16230000e-04 2.31313000e-03 2.60580000e-03
4.76870000e-04 -6.63490000e-04 -1.49625000e-03 1.08576000e-03 -3.89200000e-05 -3.82080000e-04 -5.76110000e-04 -8.65830000e-04 -1.26860000e-04 -6.54520000e-04 9.81600000e-05 -7.66380000e-04 -1.43360000e-04 5.74750000e-04 -1.19345000e-03 4.79100000e-04 -6.36080000e-04 -4.98630000e-04 -6.31540000e-04 -3.01250000e-04 -8.55550000e-04 3.61550000e-04 5.11640000e-04 -5.61000000e-05 -1.12742000e-03 2.84500000e-05 -4.13530000e-04 3.17840000e-04 -5.61710000e-04 7.23000000e-06 7.37900000e-05 -2.94570000e-04 -2.82700000e-04 -3.18240000e-04 1.37905000e-03 1.30810000e-04 -1.47805000e-03 -1.44470000e-04 -6.36210000e-04 1.25541000e-03 -1.69660000e-04 -3.22020000e-04 6.26900000e-05 1.06638000e-03 -2.03540000e-04 1.42005000e-03 -3.18200000e-05 -4.49450000e-04 -1.62750000e-04 -5.13960000e-04 1.02320000e-03 -3.12600000e-05 2.00760000e-04 -1.06876000e-03 3.43000000e-04 -7.64190000e-04 -6.15140000e-04 -2.17130000e-04 9.66640000e-04 -2.78700000e-04 -5.48150000e-04 1.08379000e-03 -4.30750000e-04 -3.09390000e-04 9.72980000e-04 -1.29134000e-03 -2.09720000e-04 4.67030000e-04 -5.76660000e-04 -1.10600000e-04 -6.46170000e-04 8.53260000e-04 4.86720000e-04 -4.66680000e-04 1.08528000e-03 -5.00930000e-04 -5.03300000e-05 5.86800000e-04 -2.58090000e-04 -1.84820000e-04 5.37540000e-04 -5.34960000e-04 -5.41800000e-04 -4.02470000e-04 -1.72840000e-04 -7.24430000e-04 -3.53760000e-04 6.81270000e-04 -1.22875000e-03 3.04680000e-04 -1.14340000e-03 -3.07807000e-03 9.33600000e-05 -9.20200000e-05 7.00700000e-05 -6.56290000e-04 6.05670000e-04 -9.77100000e-05 -2.91300000e-05 -7.16510000e-04 -6.17250000e-04 -3.94900000e-04 -2.80840000e-04 -9.49210000e-04 4.06210000e-04 1.87910000e-04 1.59076000e-03
-2.18680000e-04 9.17510000e-04 2.67057000e-03 -2.28806000e-03 -3.28269000e-03 6.80215000e-03 4.69027000e-03 2.47006000e-03 7.96200000e-04 1.43231000e-03 1.68100000e-04 -9.41936000e-03 -5.55250000e-04 -3.91344000e-03 -9.50198000e-03 -3.25247000e-03 2.05474000e-03 6.84360000e-04 8.58910000e-04 7.65859000e-03 -9.56217000e-03 -1.98112000e-03 -1.25927000e-03 -1.47905000e-03 5.18357000e-03 1.26640000e-04 3.59740000e-03 -1.85155000e-03 -2.41533000e-03 6.52720000e-04 5.17020000e-03 1.96118000e-03 1.18283000e-03 1.56555000e-03 -5.63701000e-03 -2.73218000e-03 1.04114200e-02 -2.16240000e-04 6.93829000e-03 -2.05946000e-03 1.79970000e-03 4.55185000e-03 1.19633000e-03 -4.27839000e-03 -5.78450000e-04 -4.77455000e-03 -1.12617400e-02 5.78940000e-04 -1.55571000e-03 3.02357000e-03 -2.10261000e-03 2.11150000e-03 -2.53540000e-03 3.40037000e-03 -2.71134000e-03 4.40997000e-03 1.14370500e-02 -1.50306100e-02 -1.36197200e-02 -5.14404000e-03 -8.80675000e-03 2.61936000e-03 3.69265000e-03 -6.18710000e-03 -2.43359000e-03 3.92635000e-03 -1.14776000e-03 -2.43263000e-03 5.05928000e-03 -1.17421000e-03 -4.72467000e-03 -3.15289000e-03 -2.00278000e-03 1.13980600e-02 -1.19811000e-03 -1.74337000e-03 -2.23256000e-03 -5.52700000e-04 6.87800000e-03 3.27823000e-03 -3.48679000e-03 7.63489000e-03 2.87308000e-03 1.77153000e-03 1.15372000e-03 2.84062000e-03 -6.43770000e-04 -6.54343000e-03 8.36940000e-04 -1.06300100e-02 4.13583000e-03 9.68789000e-03 -2.41900000e-03 -4.13617000e-03 -1.91161000e-03 2.16570000e-04 7.85430000e-04 -3.12530000e-04 -1.23258000e-03 -5.66885000e-03 2.47914000e-03 -1.41278000e-03 -3.27814000e-03 -7.59060000e-04 -1.82808000e-03 -6.61740000e-03 -8.01441000e-03
-5.51080000e-04 8.22950000e-04 1.51261000e-03 -1.16075000e-03 -1.23888000e-03 3.49939000e-03 2.54287000e-03 1.61406000e-03 5.84390000e-04 4.37220000e-04 2.17710000e-04 -4.15711000e-03 6.45000000e-06 -1.67930000e-03 -4.16025000e-03 -1.50569000e-03 1.29655000e-03 4.06640000e-04 6.74500000e-04 3.81515000e-03 -4.14645000e-03 -1.28003000e-03 -6.33110000e-04 -3.98080000e-04 2.82028000e-03 1.16890000e-04 1.76034000e-03 -1.21024000e-03 -7.99390000e-04 5.64030000e-04 2.50332000e-03 1.09080000e-03 7.47370000e-04 1.00479000e-03 -2.77438000e-03 -1.07425000e-03 5.26777000e-03 1.64200000e-04 3.56589000e-03 -1.15401000e-03 9.74610000e-04 2.40966000e-03 8.07620000e-04 -2.03829000e-03 1.01090000e-04 -2.42881000e-03 -5.03634000e-03 5.74760000e-04 -4.52850000e-04 1.46308000e-03 -1.06005000e-03 9.77910000e-04 -1.09348000e-03 1.34791000e-03 -1.06325000e-03 2.35870000e-03 5.61078000e-03 -6.79747000e-03 -6.84290000e-03 -2.12285000e-03 -3.82695000e-03 1.02821000e-03 2.01201000e-03 -2.62815000e-03 -1.15830000e-03 2.04655000e-03 -2.67330000e-04 -1.13651000e-03 2.50237000e-03 -5.13150000e-04 -1.89048000e-03 -1.59054000e-03 -9.55610000e-04 5.62548000e-03 -7.26030000e-04 -6.43990000e-04 -9.88850000e-04 -3.21520000e-04 3.43391000e-03 1.60079000e-03 -1.66288000e-03 3.86797000e-03 1.51470000e-03 9.47390000e-04 7.09510000e-04 1.65443000e-03 -4.53500000e-05 -3.53482000e-03 4.94940000e-04 -5.56933000e-03 1.69795000e-03 4.52143000e-03 -1.57025000e-03 -2.31249000e-03 -1.21178000e-03 -2.01040000e-04 -1.86340000e-04 -5.16410000e-04 -9.76370000e-04 -2.85367000e-03 8.43770000e-04 -9.97100000e-04 -1.86009000e-03 -6.48470000e-04 -1.22055000e-03 -3.54615000e-03 -4.39478000e-03
-1.47680000e-04 2.29760000e-04 5.42350000e-04 -1.34900000e-04 -1.15250000e-04 3.91170000e-04 3.31340000e-04 3.81550000e-04 1.94200000e-05 1.92540000e-04 -1.38180000e-04 -3.93170000e-04 -1.13600000e-05 -1.56960000e-04 -2.91390000e-04 -4.15000000e-06 2.09620000e-04 3.35280000e-04 6.66800000e-05 3.49210000e-04 -3.06770000e-04 -2.40770000e-04 -1.93600000e-05 -1.49600000e-05 4.68240000e-04 2.22670000e-04 6.74940000e-04 -2.03660000e-04 6.06000000e-06 3.38100000e-05 3.04380000e-04 4.47950000e-04 4.35590000e-04 1.33610000e-04 -4.15390000e-04 -1.32630000e-04 7.45610000e-04 -8.00000000e-07 4.27860000e-04 -2.82990000e-04 4.19270000e-04 2.60860000e-04 6.58000000e-05 -1.96420000e-04 1.05980000e-04 -4.06740000e-04 -4.61470000e-04 9.01900000e-05 -4.20000000e-05 3.72130000e-04 -7.01000000e-05 1.95460000e-04 5.97600000e-05 3.36510000e-04 -1.90990000e-04 2.75860000e-04 5.43620000e-04 -6.43550000e-04 -6.15020000e-04 -1.99830000e-04 -3.26850000e-04 -6.18400000e-05 2.09090000e-04 -1.99940000e-04 -2.26310000e-04 5.02390000e-04 -2.44400000e-05 -9.14000000e-06 6.48520000e-04 1.63230000e-04 -1.37350000e-04 -2.34580000e-04 -2.26000000e-06 5.86450000e-04 -2.54400000e-04 -1.64830000e-04 1.09920000e-04 -8.18000000e-06 3.14810000e-04 4.07770000e-04 -1.07770000e-04 4.24070000e-04 2.90880000e-04 -1.37650000e-04 -5.90700000e-05 2.45530000e-04 -4.16900000e-05 -3.98510000e-04 3.69810000e-04 -4.54860000e-04 4.00810000e-04 1.00250000e-03 -1.63990000e-04 -1.10360000e-04 -1.18560000e-04 9.93900000e-05 -9.71900000e-05 -1.55000000e-05 -1.29430000e-04 1.88600000e-05 1.29100000e-04 2.64000000e-06 -6.84700000e-05 1.54440000e-04 -2.31290000e-04 -2.93470000e-04 -4.96440000e-04
-3.46800000e-05 2.71220000e-04 8.88320000e-04 -5.05600000e-04 -9.35080000e-04 1.89286000e-03 1.28109000e-03 7.78950000e-04 2.00930000e-04 4.60240000e-04 -1.32320000e-04 -2.78006000e-03 -1.96280000e-04 -1.06488000e-03 -2.74836000e-03 -7.29830000e-04 5.20370000e-04 3.81760000e-04 1.68080000e-04 2.11567000e-03 -2.69460000e-03 -6.07820000e-04 -2.36700000e-04 -4.46320000e-04 1.42429000e-03 2.05670000e-04 1.32505000e-03 -5.38250000e-04 -6.74420000e-04 1.40440000e-04 1.56633000e-03 8.03830000e-04 6.13150000e-04 3.77320000e-04 -1.52202000e-03 -8.39520000e-04 2.89940000e-03 -9.50000000e-05 1.93014000e-03 -5.19450000e-04 7.04060000e-04 1.24011000e-03 2.74090000e-04 -1.09626000e-03 -1.06100000e-04 -1.27381000e-03 -3.24266000e-03 8.54600000e-05 -5.22320000e-04 9.95240000e-04 -3.80870000e-04 6.91270000e-04 -5.70670000e-04 1.02794000e-03 -8.46400000e-04 1.16371000e-03 3.20479000e-03 -4.28751000e-03 -3.68803000e-03 -1.48130000e-03 -2.51924000e-03 8.08210000e-04 9.61950000e-04 -1.80413000e-03 -6.57340000e-04 1.15887000e-03 -4.10660000e-04 -5.41280000e-04 1.70991000e-03 -1.68250000e-04 -1.43181000e-03 -8.30590000e-04 -4.08010000e-04 3.19445000e-03 -3.26800000e-04 -6.81650000e-04 -4.72000000e-04 -3.20500000e-05 1.87304000e-03 1.10471000e-03 -8.70380000e-04 2.09038000e-03 8.64610000e-04 2.47090000e-04 1.61040000e-04 7.43460000e-04 -2.88800000e-04 -1.80187000e-03 2.97480000e-04 -2.87321000e-03 1.24703000e-03 2.84185000e-03 -6.39500000e-04 -1.06658000e-03 -5.31190000e-04 1.12720000e-04 3.00050000e-04 -5.18800000e-05 -3.35670000e-04 -1.46484000e-03 6.82000000e-04 -3.44420000e-04 -8.49250000e-04 -1.23840000e-04 -5.42320000e-04 -1.79803000e-03 -2.19421000e-03
-6.15010000e-04 9.34790000e-04 -2.76420000e-04 6.10590000e-04 2.40056000e-03 -1.66922000e-03 -7.90730000e-04 5.45570000e-04 6.25530000e-04 -4.57430000e-04 2.86720000e-04 4.67674000e-03 1.13180000e-03 1.47730000e-03 5.04587000e-03 1.28417000e-03 3.60680000e-04 3.95600000e-05 7.27070000e-04 -2.20232000e-03 5.25934000e-03 2.71320000e-04 3.79600000e-04 1.54258000e-03 -8.05200000e-04 5.27400000e-05 -8.36660000e-04 2.75790000e-04 2.21020000e-03 5.54950000e-04 -2.13146000e-03 -2.69790000e-04 1.58070000e-04 2.32270000e-04 1.60844000e-03 1.50357000e-03 -2.78929000e-03 1.03057000e-03 -1.74129000e-03 3.10620000e-04 -5.37930000e-04 -1.03828000e-03 8.54400000e-05 1.50819000e-03 1.18394000e-03 1.35165000e-03 4.98411000e-03 7.44500000e-04 1.29860000e-03 -8.89160000e-04 7.35290000e-04 -6.94290000e-04 1.31827000e-03 -1.22394000e-03 1.64388000e-03 -7.10440000e-04 -3.63042000e-03 6.76753000e-03 4.17999000e-03 3.21225000e-03 4.74615000e-03 -1.23290000e-03 -2.92580000e-04 2.95956000e-03 7.88100000e-04 -6.24450000e-04 1.42063000e-03 9.30230000e-04 -1.53801000e-03 4.98110000e-04 2.86417000e-03 8.94590000e-04 7.73640000e-04 -3.57089000e-03 -1.15650000e-04 1.39148000e-03 1.00375000e-03 1.16760000e-04 -2.02709000e-03 -1.20630000e-03 1.24700000e-03 -2.15554000e-03 -6.07900000e-04 -2.44980000e-04 1.25540000e-04 1.21900000e-05 1.13746000e-03 1.63965000e-03 6.66810000e-04 2.94427000e-03 -1.47400000e-03 -2.76015000e-03 3.82550000e-04 1.21963000e-03 3.36050000e-04 -1.47930000e-04 -1.40872000e-03 -2.89590000e-04 6.93100000e-05 2.26663000e-03 -1.04444000e-03 3.09930000e-04 1.04770000e-03 2.75620000e-04 2.16760000e-04 1.93255000e-03 1.89147000e-03
1.80030000e-04 -6.03800000e-05 -8.22670000e-04 7.49080000e-04 7.50330000e-04 -9.78760000e-04 -7.17720000e-04 -3.82480000e-04 6.58100000e-05 -2.72320000e-04 4.40300000e-05 1.23630000e-03 2.52600000e-04 9.51500000e-04 1.21062000e-03 7.55530000e-04 -2.63910000e-04 -1.80590000e-04 -1.28200000e-04 -1.28722000e-03 1.50400000e-03 3.91360000e-04 4.25030000e-04 4.39400000e-04 -9.62110000e-04 1.32360000e-04 -3.61520000e-04 4.02300000e-04 4.97970000e-04 3.97800000e-05 -1.03592000e-03 -2.18840000e-04 -1.18300000e-05 -1.92220000e-04 1.21588000e-03 6.12970000e-04 -1.94080000e-03 2.08690000e-04 -1.13189000e-03 6.97720000e-04 -1.73090000e-04 -7.73090000e-04 -6.04400000e-05 1.19910000e-03 1.58310000e-04 1.11144000e-03 1.98927000e-03 4.47000000e-06 3.57290000e-04 -5.66340000e-04 7.43660000e-04 -2.21890000e-04 6.64210000e-04 -7.58310000e-04 7.21100000e-04 -7.32410000e-04 -2.07620000e-03 2.51030000e-03 2.33538000e-03 8.96630000e-04 1.45650000e-03 6.13400000e-05 -4.44270000e-04 1.00904000e-03 6.99820000e-04 -6.57710000e-04 4.18460000e-04 6.17000000e-04 -7.26710000e-04 1.69580000e-04 8.24170000e-04 7.68240000e-04 4.97220000e-04 -1.89277000e-03 4.13070000e-04 1.81380000e-04 4.20840000e-04 3.31590000e-04 -1.11206000e-03 -6.22870000e-04 7.78310000e-04 -1.26783000e-03 -4.83560000e-04 -4.49140000e-04 -1.30440000e-04 -4.57300000e-04 1.90170000e-04 1.14868000e-03 1.50790000e-04 1.54371000e-03 -8.99110000e-04 -2.34154000e-03 4.19820000e-04 7.40700000e-04 2.93220000e-04 -1.06050000e-04 -1.06730000e-04 6.62900000e-05 2.25730000e-04 9.75430000e-04 -4.99760000e-04 1.81160000e-04 5.42200000e-04 -7.89700000e-05 4.18010000e-04 1.09973000e-03 2.11303000e-03
