3.01570000e-04 4.30140000e-04 -3.56300000e-04 1.04898000e-03 8.58040000e-04 -1.23063000e-03 -9.17780000e-04 -7.34270000e-04 1.59100000e-05 -4.71720000e-04 1.44680000e-04 1.69118000e-03 -5.33290000e-04 -1.19704000e-03 1.77728000e-03 8.46400000e-04 -4.77480000e-04 1.71989000e-03 -3.39080000e-04 -1.31428000e-03 2.01249000e-03 5.81170000e-04 5.41530000e-04 6.88370000e-04 -1.34062000e-03 -1.35500000e-05 7.85450000e-04 5.29430000e-04 4.86290000e-04 1.12038000e-03 1.86737000e-03 -4.79460000e-04 -3.56450000e-04 -3.08690000e-04 1.84546000e-03 5.65590000e-04 -2.44039000e-03 1.41670000e-04 -1.39204000e-03 2.30570000e-04 -4.24150000e-04 -8.72740000e-04 4.85420000e-04 -3.50580000e-04 1.99660000e-04 2.06214000e-03 2.15771000e-03 -9.61800000e-05 2.63630000e-04 4.89700000e-04 7.10700000e-04 1.53359000e-03 7.43750000e-04 -1.17989000e-03 8.09970000e-04 -2.21700000e-05 -2.17155000e-03 3.03412000e-03 2.90386000e-03 3.35450000e-04 -7.90210000e-04 5.86290000e-04 -4.73950000e-04 8.61800000e-04 9.70060000e-04 -6.33130000e-04 4.73740000e-04 7.12970000e-04 -1.00741000e-03 1.56500000e-05 7.12350000e-04 1.00202000e-03 -6.71300000e-05 -2.05336000e-03 -2.09500000e-05 3.11090000e-04 1.09419000e-03 8.13110000e-04 -1.14372000e-03 -7.62390000e-04 1.78984000e-03 -1.47451000e-03 -6.87860000e-04 -8.14230000e-04 -2.13540000e-04 -6.92590000e-04 1.48160000e-04 1.53049000e-03 5.99690000e-04 2.06109000e-03 -1.30509000e-03 -3.58624000e-03 6.03840000e-04 7.05050000e-04 2.64170000e-04 -3.40510000e-04 1.12520000e-04 3.87300000e-05 2.94430000e-04 5.39690000e-04 -7.15210000e-04 -3.10900000e-05 4.80530000e-04 -4.09770000e-04 5.15370000e-04 1.61084000e-03 2.99849000e-03
6.96600000e-05 -8.12270000e-04 4.08290000e-04 -1.10759000e-03 -1.63175000e-03 3.10202000e-03 2.11072000e-03 9.96250000e-04 3.55070000e-04 8.41170000e-04 -3.39000000e-05 -4.60679000e-03 5.51440000e-04 2.97472000e-03 -4.49217000e-03 -1.66804000e-03 9.54600000e-04 -2.40060000e-03 4.65890000e-04 3.43747000e-03 -4.34024000e-03 -8.75840000e-04 -6.17940000e-04 -1.21398000e-03 2.33533000e-03 -4.81700000e-05 -1.53599000e-03 -7.84280000e-04 -1.02637000e-03 -1.26673000e-03 -2.25378000e-03 8.17010000e-04 5.18860000e-04 6.40890000e-04 -2.78631000e-03 -1.54564000e-03 4.78316000e-03 -8.55000000e-05 3.12486000e-03 -9.97640000e-04 6.07760000e-04 1.92555000e-03 -1.77469000e-03 1.04658000e-03 -2.13781000e-03 -2.22604000e-03 -5.43937000e-03 2.40750000e-04 -8.61340000e-04 -1.09975000e-03 -8.54140000e-04 -2.12513000e-03 -1.15568000e-03 1.84669000e-03 -1.37129000e-03 -3.48290000e-04 5.17158000e-03 -7.15460000e-03 -6.70371000e-03 -1.15121000e-03 2.09888000e-03 1.53837000e-03 5.82420000e-04 -3.19668000e-03 -1.23232000e-03 1.27564000e-03 -4.23060000e-04 -1.21527000e-03 2.38188000e-03 -6.95950000e-04 -2.20030000e-03 -1.52052000e-03 2.82410000e-04 5.15717000e-03 3.97260000e-04 -7.92890000e-04 -2.51610000e-03 -9.92000000e-06 3.05579000e-03 1.25209000e-03 -2.52979000e-03 3.42985000e-03 1.37542000e-03 1.77542000e-03 5.74750000e-04 1.28261000e-03 -2.92460000e-04 -3.06662000e-03 9.99100000e-05 -4.97665000e-03 2.19077000e-03 4.83320000e-03 -9.01730000e-04 -1.73289000e-03 -8.87750000e-04 4.04370000e-04 4.63680000e-04 5.92100000e-05 -3.03520000e-04 -2.55799000e-03 1.48723000e-03 -4.14690000e-04 -1.35736000e-03 -9.59500000e-05 -7.94730000e-04 -3.04259000e-03 -3.55505000e-03
5.63020000e-04 -8.46510000e-04 -2.66640000e-04 -3.76330000e-04 -1.54443000e-03 2.22454000e-03 1.22699000e-03 1.80770000e-04 2.08810000e-04 4.78830000e-04 5.33300000e-05 -4.33554000e-03 -2.29080000e-04 1.40684000e-03 -4.64451000e-03 -1.24232000e-03 2.63740000e-04 -1.14900000e-03 1.78140000e-04 2.75459000e-03 -4.47713000e-03 -2.96170000e-04 -2.62650000e-04 -1.36001000e-03 1.14848000e-03 -1.71760000e-04 -1.05673000e-03 -2.56300000e-04 -1.46080000e-03 -7.51540000e-04 -1.86370000e-03 2.91830000e-04 1.74800000e-05 1.90830000e-04 -1.58930000e-03 -1.36137000e-03 3.06641000e-03 -2.68540000e-04 2.11390000e-03 -7.72250000e-04 1.79660000e-04 1.38115000e-03 -2.24859000e-03 8.44370000e-04 -1.82980000e-03 -1.19115000e-03 -4.96306000e-03 -2.82480000e-04 -1.02880000e-03 -5.97160000e-04 -8.03540000e-04 -1.42397000e-03 -1.20480000e-03 1.16221000e-03 -1.14441000e-03 -8.06370000e-04 4.09675000e-03 -6.50115000e-03 -4.97412000e-03 -1.14480000e-03 1.75748000e-03 1.81201000e-03 3.44350000e-04 -3.07980000e-03 -5.31830000e-04 2.54180000e-04 -8.03050000e-04 -8.68890000e-04 1.38506000e-03 -6.97720000e-04 -2.49353000e-03 -7.68740000e-04 1.32120000e-04 4.10606000e-03 -7.77760000e-04 -9.28770000e-04 -2.31382000e-03 6.03740000e-04 2.34401000e-03 9.99670000e-04 -1.30363000e-03 2.49294000e-03 7.05220000e-04 1.11832000e-03 3.48780000e-04 5.55390000e-04 -5.80100000e-04 -1.99713000e-03 6.89490000e-04 -3.81076000e-03 1.38863000e-03 2.63718000e-03 -5.40810000e-04 -1.41692000e-03 -4.33510000e-04 1.27260000e-04 1.08412000e-03 1.67340000e-04 -7.41300000e-05 -2.58119000e-03 1.09794000e-03 -3.84710000e-04 -1.17790000e-03 -4.19940000e-04 -1.87950000e-04 -2.42895000e-03 -2.59789000e-03
-2.54180000e-04 2.81970000e-04 9.21760000e-04 -8.02050000e-04 3.72690000e-04 4.79330000e-04 6.64210000e-04 9.66480000e-04 3.98810000e-04 9.21620000e-04 -5.06600000e-05 7.75630000e-04 9.42210000e-04 8.01560000e-04 1.29633000e-03 -2.82250000e-04 8.55500000e-04 -1.25926000e-03 3.23490000e-04 1.59460000e-04 1.28352000e-03 -1.66370000e-04 -2.90440000e-04 5.45820000e-04 1.09870000e-03 8.60900000e-05 -3.09760000e-04 -7.58800000e-05 8.91560000e-04 -6.17470000e-04 -1.79390000e-04 4.01330000e-04 5.22550000e-04 4.27360000e-04 -1.23769000e-03 -2.47600000e-05 1.30244000e-03 3.81300000e-04 6.06830000e-04 -2.09300000e-05 1.56230000e-04 2.09990000e-04 8.83920000e-04 1.99270000e-04 -2.38210000e-04 -1.16243000e-03 3.37710000e-04 6.69360000e-04 3.06890000e-04 -3.96760000e-04 -4.61400000e-05 -6.93470000e-04 1.90380000e-04 1.22772000e-03 -7.70600000e-05 7.38580000e-04 2.36940000e-04 6.37720000e-04 -8.46990000e-04 1.78420000e-04 -4.41130000e-04 -6.59420000e-04 1.99190000e-04 3.38020000e-04 -7.90970000e-04 1.20537000e-03 6.28290000e-04 -2.36400000e-04 6.47330000e-04 8.90700000e-05 9.85080000e-04 -7.05020000e-04 1.86020000e-04 2.54980000e-04 1.45466000e-03 6.21830000e-04 5.44570000e-04 -7.66980000e-04 1.72370000e-04 -5.52700000e-05 -1.28478000e-03 4.52060000e-04 6.01950000e-04 5.08670000e-04 3.32010000e-04 8.42100000e-04 6.19920000e-04 -4.58100000e-04 -7.64030000e-04 -2.21870000e-04 1.29686000e-03 2.96488000e-03 2.06200000e-04 5.19110000e-04 4.03200000e-05 9.71540000e-04 -6.24840000e-04 3.72550000e-04 3.46400000e-04 1.14750000e-03 9.17900000e-04 6.89170000e-04 6.30340000e-04 1.20227000e-03 -1.91940000e-04 6.18300000e-05 -6.35280000e-04
-7.91160000e-04 4.55610000e-04 1.56157000e-03 -1.77185000e-03 6.82120000e-04 8.32200000e-05 7.65510000e-04 1.66553000e-03 3.83090000e-04 1.68598000e-03 -2.78170000e-04 2.71776000e-03 1.64672000e-03 7.17860000e-04 3.86875000e-03 -1.42290000e-04 1.25844000e-03 -2.23815000e-03 6.82800000e-04 -2.92440000e-04 3.31286000e-03 -4.78710000e-04 -6.42070000e-04 9.62790000e-04 1.84142000e-03 3.78680000e-04 -2.59920000e-04 -3.81750000e-04 1.74503000e-03 -1.24287000e-03 -2.69310000e-04 7.93900000e-04 8.71040000e-04 7.16020000e-04 -2.06794000e-03 2.93840000e-04 1.94808000e-03 4.74010000e-04 5.34920000e-04 4.79180000e-04 7.41770000e-04 1.74750000e-04 2.09953000e-03 -1.56100000e-05 8.17170000e-04 -2.14839000e-03 1.97158000e-03 1.08358000e-03 7.03490000e-04 -5.61860000e-04 2.08790000e-04 -1.02032000e-03 2.48530000e-04 1.98337000e-03 -1.55060000e-04 1.37937000e-03 -4.29720000e-04 2.73792000e-03 1.85200000e-04 8.98210000e-04 -8.14580000e-04 -2.13377000e-03 4.82290000e-04 1.65925000e-03 -1.52878000e-03 1.81314000e-03 8.76070000e-04 -3.68250000e-04 1.27656000e-03 7.19810000e-04 2.19866000e-03 -1.15034000e-03 8.13900000e-05 -5.37200000e-04 2.74147000e-03 1.15069000e-03 1.31495000e-03 -2.05977000e-03 -1.00090000e-04 -1.90300000e-05 -2.21222000e-03 1.90810000e-04 9.89040000e-04 7.37490000e-04 2.32580000e-04 1.30040000e-03 9.70310000e-04 -3.60680000e-04 -1.89394000e-03 9.62350000e-04 2.15754000e-03 5.20625000e-03 2.82400000e-04 1.19075000e-03 2.77820000e-04 1.53938000e-03 -1.38800000e-03 4.68110000e-04 2.63810000e-04 2.95376000e-03 1.09400000e-03 1.32197000e-03 1.39775000e-03 2.31153000e-03 -4.57860000e-04 1.14318000e-03 -1.08860000e-04
2.60560000e-04 1.53170000e-04 -7.74700000e-05 4.36680000e-04 2.08910000e-04 1.30290000e-04 -4.41700000e-05 -2.34980000e-04 1.89200000e-04 -1.74930000e-04 1.91330000e-04 -6.16590000e-04 -1.16510000e-04 -1.05950000e-04 -8.73900000e-04 -5.50000000e-07 2.46900000e-05 4.34600000e-04 -2.70100000e-04 -1.02920000e-04 -4.31800000e-04 3.11700000e-04 1.80740000e-04 1.77000000e-04 -3.53520000e-04 -1.69100000e-04 7.37900000e-05 3.03620000e-04 -1.18800000e-04 4.20900000e-04 3.29140000e-04 -2.60820000e-04 -1.36610000e-04 -3.13000000e-05 3.80480000e-04 6.08500000e-05 -5.53840000e-04 1.23150000e-04 -1.08050000e-04 -2.53310000e-04 -4.06650000e-04 -2.04300000e-04 -1.79340000e-04 5.06000000e-05 -6.50690000e-04 3.91710000e-04 -2.26350000e-04 3.34100000e-05 -6.40000000e-07 6.23800000e-05 6.25100000e-05 3.70650000e-04 1.11020000e-04 -2.74640000e-04 2.75370000e-04 -8.39300000e-05 -2.85120000e-04 -3.06430000e-04 -2.02430000e-04 -3.33220000e-04 -4.08450000e-04 5.53850000e-04 -2.71980000e-04 -3.21270000e-04 3.79360000e-04 -4.76700000e-05 2.17060000e-04 1.20220000e-04 -5.86500000e-04 -4.00660000e-04 -7.43100000e-05 2.94340000e-04 1.33830000e-04 -1.29060000e-04 -1.08740000e-04 -8.08900000e-05 1.88400000e-05 5.90170000e-04 -1.11530000e-04 -4.54490000e-04 3.16970000e-04 -1.14220000e-04 -2.27000000e-04 -1.87640000e-04 1.59220000e-04 -7.79500000e-05 1.06090000e-04 1.87020000e-04 4.25530000e-04 -3.46300000e-04 -3.33220000e-04 -1.05733000e-03 1.37530000e-04 6.77300000e-05 1.59200000e-05 -4.32200000e-05 9.40200000e-05 1.32990000e-04 2.16130000e-04 -2.95860000e-04 1.09830000e-04 -3.94800000e-05 -3.84100000e-05 -2.73520000e-04 2.61370000e-04 -2.75040000e-04 4.18630000e-04
-3.33920000e-04 -2.34850000e-04 6.73450000e-04 -9.69210000e-04 -5.85950000e-04 1.82264000e-03 1.45585000e-03 1.10266000e-03 3.06020000e-04 7.06890000e-04 -3.66200000e-05 -1.73821000e-03 8.69490000e-04 2.02210000e-03 -1.48849000e-03 -9.43390000e-04 9.36950000e-04 -1.83642000e-03 4.31790000e-04 1.81907000e-03 -1.49596000e-03 -6.31620000e-04 -4.52400000e-04 -3.01850000e-04 1.80369000e-03 2.37800000e-05 -9.45510000e-04 -5.48940000e-04 -1.11520000e-04 -1.01264000e-03 -1.33467000e-03 7.08540000e-04 6.13880000e-04 5.50230000e-04 -1.98891000e-03 -7.46730000e-04 3.11805000e-03 9.69900000e-05 1.93246000e-03 -4.96990000e-04 4.14390000e-04 1.13979000e-03 -3.66000000e-04 5.96190000e-04 -1.02967000e-03 -1.74871000e-03 -2.55248000e-03 4.75400000e-04 -2.24190000e-04 -7.09540000e-04 -5.34390000e-04 -1.52005000e-03 -3.97520000e-04 1.43063000e-03 -7.52620000e-04 2.57810000e-04 2.81276000e-03 -3.17859000e-03 -3.78882000e-03 -4.55260000e-04 7.99450000e-04 1.05980000e-04 4.56970000e-04 -1.33497000e-03 -1.05611000e-03 1.26764000e-03 5.72400000e-05 -6.76230000e-04 1.44561000e-03 -2.52420000e-04 -5.67380000e-04 -1.20924000e-03 2.42150000e-04 2.76775000e-03 7.30510000e-04 -5.70400000e-05 -8.97990000e-04 -5.31890000e-04 1.61014000e-03 7.70710000e-04 -1.93632000e-03 2.01223000e-03 9.84460000e-04 1.13140000e-03 4.10210000e-04 1.09478000e-03 1.73880000e-04 -1.84523000e-03 -4.14210000e-04 -2.60149000e-03 1.63281000e-03 3.98665000e-03 -4.93500000e-04 -7.34790000e-04 -5.39790000e-04 5.49890000e-04 -2.69870000e-04 7.47100000e-05 -1.25990000e-04 -8.43280000e-04 1.07264000e-03 -2.21300000e-05 -4.89160000e-04 4.85950000e-04 -6.78290000e-04 -1.69324000e-03 -2.75383000e-03
3.39290000e-04 5.84900000e-05 -4.27040000e-04 9.08400000e-04 2.04660000e-04 -8.63740000e-04 -8.25940000e-04 -8.50580000e-04 -1.82050000e-04 -5.74150000e-04 6.80400000e-05 2.50350000e-04 -7.26240000e-04 -9.55830000e-04 -6.26600000e-05 5.68380000e-04 -6.19470000e-04 1.38824000e-03 -2.75490000e-04 -8.18490000e-04 1.55110000e-04 3.94160000e-04 4.31440000e-04 2.56600000e-05 -1.23274000e-03 -4.32200000e-05 5.94910000e-04 3.45940000e-04 -2.18400000e-04 8.77790000e-04 9.04680000e-04 -4.25700000e-04 -3.63340000e-04 -3.27980000e-04 1.40590000e-03 2.91610000e-04 -1.88936000e-03 -7.50000000e-05 -1.05572000e-03 1.78490000e-04 -3.38350000e-04 -5.79960000e-04 -1.76570000e-04 -2.25350000e-04 2.87920000e-04 1.33769000e-03 8.88160000e-04 -3.75550000e-04 1.68600000e-05 5.00540000e-04 3.22350000e-04 1.02099000e-03 2.93830000e-04 -1.02042000e-03 4.70070000e-04 -3.60560000e-04 -1.36551000e-03 1.03702000e-03 1.73925000e-03 1.53240000e-04 -3.77830000e-04 4.93980000e-04 -3.45620000e-04 2.85370000e-04 8.85080000e-04 -7.72950000e-04 -7.89300000e-05 4.90080000e-04 -8.91590000e-04 3.74500000e-05 -6.94000000e-05 8.48570000e-04 -9.65600000e-05 -1.28977000e-03 -5.47160000e-04 -1.71640000e-04 2.30030000e-04 7.83940000e-04 -7.34000000e-04 -4.17930000e-04 1.38328000e-03 -1.02241000e-03 -6.50290000e-04 -6.74850000e-04 -1.67890000e-04 -7.44970000e-04 -1.89930000e-04 9.94350000e-04 7.19310000e-04 1.09378000e-03 -1.13091000e-03 -2.87434000e-03 2.39990000e-04 2.67520000e-04 2.30420000e-04 -4.82380000e-04 3.43870000e-04 -5.83900000e-05 6.30200000e-05 -5.45800000e-05 -6.22660000e-04 -1.24980000e-04 6.68100000e-05 -5.75340000e-04 4.42850000e-04 6.43770000e-04 1.67846000e-03
7.81500000e-05 3.75720000e-04 -9.87000000e-06 4.67590000e-04 6.67480000e-04 -8.75330000e-04 -6.37750000e-04 -1.90050000e-04 4.33800000e-05 -1.82700000e-04 -2.26600000e-05 1.34316000e-03 -8.64000000e-06 -1.03611000e-03 1.35152000e-03 6.53990000e-04 -2.07900000e-04 8.07680000e-04 -9.77600000e-05 -9.73440000e-04 1.43896000e-03 2.80420000e-04 2.82190000e-04 5.95000000e-04 -7.30230000e-04 7.13300000e-05 6.45100000e-04 2.66830000e-04 4.85590000e-04 5.44190000e-04 9.02060000e-04 -1.29080000e-04 2.72200000e-05 -7.98900000e-05 8.82860000e-04 4.95070000e-04 -1.50506000e-03 1.84480000e-04 -9.67070000e-04 4.17860000e-04 -1.67350000e-04 -5.73270000e-04 5.33300000e-04 -2.38650000e-04 6.67590000e-04 7.66370000e-04 1.70949000e-03 -2.04900000e-05 3.14750000e-04 5.34350000e-04 4.25370000e-04 8.18920000e-04 4.57680000e-04 -5.37950000e-04 5.57150000e-04 1.25080000e-04 -1.59047000e-03 2.22675000e-03 2.07437000e-03 4.55530000e-04 -8.99430000e-04 -2.38160000e-04 -1.22150000e-04 9.45970000e-04 5.12070000e-04 -3.01510000e-04 2.43090000e-04 4.74140000e-04 -6.78660000e-04 2.89050000e-04 6.99990000e-04 6.05810000e-04 -1.18400000e-05 -1.62003000e-03 7.02800000e-05 1.90160000e-04 9.26430000e-04 2.23930000e-04 -8.77640000e-04 -4.24230000e-04 7.18910000e-04 -1.09696000e-03 -4.38520000e-04 -5.66390000e-04 -1.26990000e-04 -3.38740000e-04 1.42760000e-04 9.96680000e-04 5.12300000e-05 1.54648000e-03 -6.30270000e-04 -1.48199000e-03 3.29830000e-04 6.59850000e-04 3.53720000e-04 -6.61800000e-05 -1.00610000e-04 3.72400000e-05 1.39990000e-04 8.88300000e-04 -3.88150000e-04 2.67150000e-04 5.10510000e-04 1.06020000e-04 3.35350000e-04 9.90820000e-04 1.34949000e-03
-9.41200000e-05 -8.96150000e-04 1.51440000e-04 -1.19233000e-03 -1.83169000e-03 3.07813000e-03 2.12782000e-03 1.27463000e-03 1.25660000e-04 9.24770000e-04 -3.10990000e-04 -4.62443000e-03 8.13120000e-04 2.92363000e-03 -4.45651000e-03 -1.39075000e-03 8.34350000e-04 -2.51034000e-03 8.50640000e-04 3.50987000e-03 -4.62364000e-03 -1.07635000e-03 -5.95780000e-04 -1.30293000e-03 2.58892000e-03 3.78610000e-04 -1.40033000e-03 -9.81280000e-04 -1.20314000e-03 -1.56523000e-03 -2.56060000e-03 1.37069000e-03 9.79730000e-04 5.97360000e-04 -2.92318000e-03 -1.52204000e-03 5.17188000e-03 -3.12550000e-04 3.24548000e-03 -6.34560000e-04 1.39929000e-03 2.07126000e-03 -1.76001000e-03 1.10940000e-03 -1.07931000e-03 -2.51288000e-03 -5.49635000e-03 6.85700000e-05 -9.62210000e-04 -8.44290000e-04 -6.27150000e-04 -2.09497000e-03 -1.18624000e-03 1.97440000e-03 -1.66056000e-03 -4.41550000e-04 5.41167000e-03 -7.37474000e-03 -6.21233000e-03 -8.00190000e-04 2.56866000e-03 1.08093000e-03 1.17019000e-03 -3.01900000e-03 -1.40658000e-03 1.01576000e-03 -8.16080000e-04 -1.10367000e-03 3.11324000e-03 -2.19320000e-04 -2.48274000e-03 -1.59384000e-03 6.38800000e-05 5.38804000e-03 -9.16000000e-06 -1.17830000e-03 -2.71795000e-03 -4.13970000e-04 3.11848000e-03 1.96636000e-03 -2.72811000e-03 3.54233000e-03 1.54219000e-03 1.88680000e-03 1.42240000e-04 1.25876000e-03 -6.34460000e-04 -3.08571000e-03 -2.26590000e-04 -4.68163000e-03 2.37916000e-03 5.42259000e-03 -1.08696000e-03 -1.80335000e-03 -8.19860000e-04 2.92810000e-04 5.67310000e-04 -4.23300000e-05 -6.03880000e-04 -2.28979000e-03 1.21415000e-03 -4.80230000e-04 -1.38243000e-03 -2.72100000e-05 -9.84880000e-04 -2.87620000e-03 -3.80859000e-03
-9.44900000e-05 1.15520000e-04 2.10070000e-04 9.17500000e-05 1.31780000e-04 1.68140000e-04 1.29410000e-04 7.20400000e-05 1.21410000e-04 -1.26180000e-04 4.91600000e-05 -1.76040000e-04 1.25080000e-04 3.44190000e-04 -1.61550000e-04 -8.55000000e-06 1.55500000e-04 -1.54200000e-05 -2.59300000e-05 6.58900000e-05 5.13000000e-05 -1.25630000e-04 3.88700000e-05 1.66250000e-04 4.86800000e-05 -3.39300000e-05 2.07400000e-05 -1.12170000e-04 1.68840000e-04 1.82060000e-04 1.94250000e-04 3.01300000e-05 9.75700000e-05 1.30280000e-04 -7.04000000e-06 -2.50000000e-06 2.29000000e-05 1.67450000e-04 7.82500000e-05 -8.61000000e-05 -1.01880000e-04 3.68300000e-05 7.61400000e-05 4.84500000e-05 -2.55380000e-04 5.16900000e-05 -1.21900000e-05 1.35340000e-04 1.04280000e-04 -5.58000000e-06 4.84800000e-05 5.54800000e-05 1.51860000e-04 -1.32140000e-04 1.55800000e-04 8.62600000e-05 4.60000000e-07 -5.31100000e-05 -4.46020000e-04 -2.69600000e-05 -1.71160000e-04 2.29420000e-04 -8.65700000e-05 -8.16900000e-05 9.96700000e-05 2.35800000e-04 2.42980000e-04 3.80900000e-05 -3.80700000e-05 -8.44900000e-05 1.07460000e-04 2.74800000e-05 1.27640000e-04 3.84800000e-05 3.46070000e-04 3.16600000e-05 5.89200000e-05 1.91770000e-04 6.46600000e-05 -1.73360000e-04 -6.16000000e-05 6.58900000e-05 3.13500000e-05 3.06900000e-05 1.57060000e-04 9.59100000e-05 1.39780000e-04 -2.03880000e-04 1.13430000e-04 -3.79970000e-04 -1.32790000e-04 -1.95780000e-04 -1.17510000e-04 -9.49200000e-05 -1.67410000e-04 -8.25000000e-05 -2.15070000e-04 -9.51000000e-05 -7.41000000e-05 -1.78840000e-04 -1.78700000e-05 -7.68500000e-05 -1.26320000e-04 -1.37230000e-04 -1.09100000e-04 -2.78790000e-04 -3.25500000e-05
-1.00620000e-04 4.56560000e-04 4.56600000e-05 1.03030000e-04 6.11870000e-04 -4.67900000e-05 5.48700000e-05 1.74480000e-04 3.75980000e-04 -1.62210000e-04 3.94520000e-04 8.96940000e-04 2.12190000e-04 -5.17190000e-04 8.19040000e-04 8.36700000e-05 2.60700000e-04 2.56200000e-04 -1.86090000e-04 -1.26850000e-04 8.99550000e-04 1.27680000e-04 4.12700000e-05 5.19400000e-04 -3.18200000e-05 -1.35070000e-04 1.26540000e-04 1.07500000e-04 4.99110000e-04 1.61120000e-04 2.49590000e-04 -3.01350000e-04 -2.24320000e-04 2.42700000e-04 3.00870000e-04 4.76290000e-04 -3.75800000e-04 4.16340000e-04 -1.05910000e-04 7.01000000e-06 -3.42330000e-04 3.99900000e-05 5.17530000e-04 -1.40470000e-04 -4.39500000e-05 2.11400000e-04 9.50300000e-04 3.32200000e-04 4.47630000e-04 7.24100000e-05 -7.36000000e-06 2.10320000e-04 1.03500000e-04 -3.46720000e-04 5.55810000e-04 4.06860000e-04 -3.88560000e-04 1.21521000e-03 3.66010000e-04 3.09900000e-05 -4.78780000e-04 -1.15740000e-04 -2.38870000e-04 6.39610000e-04 2.73410000e-04 -9.19200000e-05 4.49080000e-04 8.26700000e-05 -5.89680000e-04 -7.78600000e-05 6.86850000e-04 1.70900000e-04 3.65010000e-04 -3.75060000e-04 4.83000000e-06 5.51970000e-04 7.42710000e-04 7.58400000e-05 -1.06590000e-04 -3.85560000e-04 2.78340000e-04 -1.37190000e-04 -1.11020000e-04 -3.00300000e-05 3.93440000e-04 1.96820000e-04 4.77610000e-04 1.56950000e-04 4.16400000e-05 8.29000000e-05 -4.21460000e-04 -7.70380000e-04 -4.09300000e-05 2.23000000e-05 5.66100000e-05 -1.28170000e-04 -3.49710000e-04 -1.24190000e-04 -1.37500000e-05 1.19840000e-04 -1.77490000e-04 -4.89500000e-05 3.08100000e-05 -1.51270000e-04 1.29350000e-04 6.45100000e-05 8.06300000e-05
1.01400000e-05 -7.62000000e-04 2.99750000e-04 -8.88520000e-04 -1.50886000e-03 2.77336000e-03 1.87369000e-03 7.78480000e-04 2.55130000e-04 6.09320000e-04 9.21000000e-06 -4.19042000e-03 3.61910000e-04 2.74663000e-03 -4.08910000e-03 -1.45349000e-03 7.84880000e-04 -1.98244000e-03 4.07850000e-04 3.11663000e-03 -3.96428000e-03 -8.40840000e-04 -5.06460000e-04 -1.14783000e-03 2.01743000e-03 -1.15000000e-05 -1.33875000e-03 -7.76270000e-04 -1.01235000e-03 -1.00300000e-03 -1.90183000e-03 7.16340000e-04 4.15790000e-04 5.70720000e-04 -2.31865000e-03 -1.35407000e-03 4.20673000e-03 -1.21060000e-04 2.79096000e-03 -8.99500000e-04 6.00930000e-04 1.76215000e-03 -1.61196000e-03 9.25390000e-04 -1.90700000e-03 -1.78156000e-03 -4.85747000e-03 1.81430000e-04 -7.63560000e-04 -9.65330000e-04 -7.03990000e-04 -1.77816000e-03 -1.01015000e-03 1.43743000e-03 -1.18747000e-03 -3.67650000e-04 4.67673000e-03 -6.41680000e-03 -5.95968000e-03 -1.02405000e-03 1.96343000e-03 1.51056000e-03 4.94600000e-04 -2.86933000e-03 -1.00976000e-03 1.05398000e-03 -3.93450000e-04 -1.04262000e-03 2.17063000e-03 -6.27730000e-04 -2.05427000e-03 -1.32075000e-03 2.50970000e-04 4.65519000e-03 2.98680000e-04 -7.52930000e-04 -2.32344000e-03 9.05600000e-05 2.80072000e-03 1.16010000e-03 -2.07311000e-03 3.09211000e-03 1.17907000e-03 1.56504000e-03 4.86720000e-04 1.07427000e-03 -3.09480000e-04 -2.75845000e-03 2.08400000e-04 -4.46708000e-03 1.75484000e-03 3.87270000e-03 -8.92500000e-04 -1.68410000e-03 -8.87200000e-04 1.70980000e-04 4.06320000e-04 -5.83000000e-05 -3.89880000e-04 -2.50636000e-03 1.15138000e-03 -5.41290000e-04 -1.35819000e-03 -3.07180000e-04 -7.74100000e-04 -2.71527000e-03 -2.94897000e-03
3.61750000e-04 2.29960000e-04 -2.26410000e-04 7.12950000e-04 4.50010000e-04 -7.87240000e-04 -7.26970000e-04 -5.69500000e-04 3.26000000e-05 -2.89070000e-04 9.64800000e-05 5.65960000e-04 -4.20940000e-04 -1.12826000e-03 3.45840000e-04 5.31200000e-04 -3.76430000e-04 1.10518000e-03 -2.64440000e-04 -8.37670000e-04 5.90700000e-04 4.74630000e-04 3.66360000e-04 3.02020000e-04 -1.02029000e-03 -6.95800000e-05 5.87730000e-04 4.45220000e-04 8.40700000e-05 7.23140000e-04 8.59330000e-04 -4.02580000e-04 -2.63800000e-04 -2.04070000e-04 1.10720000e-03 3.63810000e-04 -1.71294000e-03 1.00890000e-04 -9.90720000e-04 2.19520000e-04 -3.98960000e-04 -5.99290000e-04 5.57300000e-05 -1.87970000e-04 2.03270000e-04 1.01528000e-03 1.09153000e-03 -1.85220000e-04 1.26900000e-04 4.88500000e-04 3.23850000e-04 9.17210000e-04 2.81040000e-04 -6.82420000e-04 5.34140000e-04 -1.39110000e-04 -1.43978000e-03 1.37153000e-03 1.70396000e-03 1.66270000e-04 -7.66520000e-04 3.01110000e-04 -3.14680000e-04 4.44070000e-04 7.31400000e-04 -5.30800000e-04 1.07510000e-04 4.35940000e-04 -9.42170000e-04 2.33500000e-05 2.66870000e-04 7.64420000e-04 -2.00000000e-06 -1.38943000e-03 -2.67430000e-04 3.04500000e-05 5.51110000e-04 6.40180000e-04 -7.69110000e-04 -5.66560000e-04 1.02960000e-03 -1.02868000e-03 -5.77730000e-04 -6.24390000e-04 -5.24900000e-05 -5.09480000e-04 2.51100000e-05 1.02844000e-03 4.88860000e-04 1.16226000e-03 -7.89910000e-04 -2.14832000e-03 3.75810000e-04 5.28880000e-04 3.77130000e-04 -1.64240000e-04 2.19880000e-04 1.14430000e-04 2.40710000e-04 3.79930000e-04 -3.20900000e-04 1.73450000e-04 3.44120000e-04 -1.84600000e-04 5.27780000e-04 7.35770000e-04 1.54982000e-03
4.11680000e-04 -2.34500000e-04 -2.02260000e-04 2.10540000e-04 -4.14400000e-04 6.06570000e-04 2.33200000e-04 -1.71340000e-04 7.27700000e-05 1.29830000e-04 7.96600000e-05 -1.55958000e-03 -2.66230000e-04 2.94610000e-04 -1.78175000e-03 -2.22590000e-04 -2.89900000e-05 6.04800000e-05 2.21000000e-06 6.56730000e-04 -1.57668000e-03 1.84790000e-04 1.12560000e-04 -4.01050000e-04 5.59000000e-05 -2.03600000e-05 -1.85600000e-04 1.91800000e-04 -5.92310000e-04 4.43600000e-05 -2.62420000e-04 2.38000000e-06 -3.62400000e-05 -4.73400000e-05 -1.11940000e-04 -3.25980000e-04 5.00860000e-04 -1.28130000e-04 4.70890000e-04 -2.76240000e-04 2.70900000e-05 2.42050000e-04 -7.56440000e-04 3.08450000e-04 -6.82970000e-04 8.28000000e-06 -1.49477000e-03 -1.35640000e-04 -3.44410000e-04 -7.71500000e-05 -5.89100000e-05 -3.97200000e-05 -2.61480000e-04 2.27550000e-04 -2.41260000e-04 -3.25210000e-04 9.38230000e-04 -1.97354000e-03 -1.14041000e-03 -3.94350000e-04 4.36850000e-04 8.51820000e-04 3.52800000e-05 -1.02071000e-03 8.44800000e-05 -4.12000000e-05 -2.28400000e-04 -9.00900000e-05 2.10010000e-04 -3.07170000e-04 -8.11160000e-04 7.07000000e-06 1.94100000e-05 1.03457000e-03 -3.36720000e-04 -3.77020000e-04 -7.42540000e-04 5.07370000e-04 5.79680000e-04 1.75430000e-04 5.43000000e-06 5.90060000e-04 8.88300000e-05 1.95220000e-04 6.98800000e-05 2.08500000e-05 -1.93200000e-04 -2.50430000e-04 5.08050000e-04 -9.61580000e-04 2.76310000e-04 1.03190000e-04 4.22800000e-05 -2.29140000e-04 -2.60000000e-07 5.97000000e-05 5.36530000e-04 2.22140000e-04 1.60060000e-04 -7.51990000e-04 3.79530000e-04 -6.33000000e-05 -2.36230000e-04 -2.01440000e-04 1.67300000e-04 -5.65580000e-04 -1.01100000e-04
-8.58400000e-05 -4.01120000e-04 7.63780000e-04 -1.17725000e-03 -9.22850000e-04 2.41770000e-03 1.84593000e-03 1.17530000e-03 4.42170000e-04 1.05910000e-03 -2.76700000e-05 -2.72933000e-03 8.42150000e-04 2.60844000e-03 -2.28565000e-03 -1.28415000e-03 1.12278000e-03 -2.27278000e-03 4.76300000e-04 2.52627000e-03 -2.21025000e-03 -7.11400000e-04 -5.75410000e-04 -5.30550000e-04 2.21936000e-03 3.25000000e-05 -1.21141000e-03 -6.19740000e-04 -1.93800000e-04 -1.11631000e-03 -1.47855000e-03 7.85330000e-04 6.07490000e-04 7.20790000e-04 -2.52636000e-03 -1.07291000e-03 4.04115000e-03 1.49300000e-04 2.50473000e-03 -7.21430000e-04 5.69620000e-04 1.48764000e-03 -7.33400000e-04 7.98220000e-04 -1.65159000e-03 -1.98817000e-03 -3.51611000e-03 5.50470000e-04 -4.14330000e-04 -1.00122000e-03 -5.10360000e-04 -1.73110000e-03 -6.71660000e-04 1.83862000e-03 -9.55140000e-04 1.46170000e-04 3.74771000e-03 -4.53400000e-03 -5.01348000e-03 -6.77450000e-04 1.26107000e-03 8.65890000e-04 4.69460000e-04 -2.04251000e-03 -1.23857000e-03 1.51561000e-03 1.13770000e-04 -9.62740000e-04 2.08130000e-03 -4.39920000e-04 -1.00756000e-03 -1.41640000e-03 3.02560000e-04 3.74765000e-03 1.17916000e-03 -2.20890000e-04 -1.45642000e-03 -3.58550000e-04 2.30037000e-03 8.15580000e-04 -2.36144000e-03 2.64687000e-03 1.27683000e-03 1.51789000e-03 5.62540000e-04 1.33245000e-03 1.28860000e-04 -2.33924000e-03 -2.81960000e-04 -3.50468000e-03 2.14298000e-03 4.68262000e-03 -5.18930000e-04 -9.55970000e-04 -6.26910000e-04 7.17310000e-04 -8.30000000e-07 2.09800000e-04 -7.49400000e-05 -1.22817000e-03 1.44649000e-03 1.72600000e-05 -6.39740000e-04 4.70630000e-04 -6.72730000e-04 -1.90817000e-03 -2.34052000e-03
-3.11720000e-04 1.81160000e-04 1.47870000e-04 -2.30570000e-04 7.58230000e-04 -2.28833000e-03 -1.30388000e-03 -4.57710000e-04 -4.95820000e-04 2.49930000e-04 -1.75170000e-04 4.27550000e-03 -3.52810000e-04 -1.68999000e-03 4.85626000e-03 8.66880000e-04 -5.40100000e-04 6.50780000e-04 -1.28600000e-05 -2.32480000e-03 4.09671000e-03 4.08570000e-04 3.86300000e-05 4.89770000e-04 -9.05460000e-04 1.72380000e-04 7.00240000e-04 3.39440000e-04 9.25540000e-04 1.52000000e-04 1.18322000e-03 -4.06690000e-04 -4.01840000e-04 -4.45950000e-04 1.05649000e-03 8.90590000e-04 -2.23277000e-03 -2.39690000e-04 -1.90149000e-03 8.61990000e-04 1.91600000e-05 -1.21466000e-03 1.69081000e-03 -7.55190000e-04 1.67953000e-03 8.06140000e-04 4.09117000e-03 -2.11300000e-05 5.22990000e-04 2.06950000e-04 5.09950000e-04 7.72730000e-04 4.80060000e-04 -2.83480000e-04 3.70140000e-04 5.04420000e-04 -3.23153000e-03 5.65738000e-03 4.76793000e-03 1.06577000e-03 -9.78100000e-04 -1.86952000e-03 -2.21710000e-04 2.61667000e-03 -6.65600000e-05 -2.49140000e-04 1.41500000e-04 4.69350000e-04 -7.59120000e-04 7.72790000e-04 1.98647000e-03 3.89980000e-04 -4.68550000e-04 -3.48430000e-03 6.59490000e-04 9.84690000e-04 1.72897000e-03 -1.05110000e-03 -1.94002000e-03 -5.61460000e-04 1.05982000e-03 -2.16366000e-03 -4.68220000e-04 -8.40760000e-04 -5.60900000e-04 -5.90800000e-04 2.65160000e-04 1.99680000e-03 -8.77000000e-04 4.20732000e-03 -3.75650000e-04 -9.23400000e-04 8.56650000e-04 1.53719000e-03 7.04120000e-04 3.63700000e-04 -4.97420000e-04 2.06920000e-04 3.44600000e-04 2.64422000e-03 -5.57990000e-04 7.24570000e-04 1.44317000e-03 1.04536000e-03 2.79760000e-04 2.96778000e-03 2.61221000e-03
-2.99500000e-04 3.13870000e-04 3.11890000e-04 -3.47900000e-05 5.28270000e-04 -4.64480000e-04 -2.08440000e-04 1.84900000e-04 8.54700000e-05 -7.64500000e-05 -6.22400000e-05 1.19161000e-03 3.59240000e-04 -2.93510000e-04 1.36595000e-03 2.73800000e-04 1.17450000e-04 3.15100000e-05 -3.19600000e-05 -6.55770000e-04 1.43581000e-03 -9.23500000e-05 4.70000000e-07 5.40730000e-04 -1.24920000e-04 -9.81000000e-06 2.33800000e-04 -7.50400000e-05 6.31490000e-04 1.04720000e-04 4.47260000e-04 9.40000000e-07 1.30470000e-04 5.12700000e-05 1.79440000e-04 2.78420000e-04 -6.01360000e-04 2.27040000e-04 -4.63420000e-04 2.04150000e-04 -1.51390000e-04 -3.40880000e-04 6.55520000e-04 -1.95700000e-04 3.47760000e-04 7.72600000e-05 1.26836000e-03 2.05640000e-04 3.07110000e-04 1.08370000e-04 1.65770000e-04 2.06030000e-04 3.29030000e-04 -1.79330000e-04 3.06070000e-04 3.32890000e-04 -1.01603000e-03 1.72119000e-03 8.50290000e-04 2.96030000e-04 -6.32210000e-04 -5.20310000e-04 -8.37600000e-05 7.73800000e-04 4.18800000e-05 2.51000000e-04 3.41000000e-04 1.68110000e-04 -3.29700000e-04 1.68920000e-04 8.28850000e-04 1.49930000e-04 3.35200000e-05 -1.05349000e-03 5.62740000e-04 3.20480000e-04 7.66090000e-04 -2.26150000e-04 -5.96560000e-04 -3.72580000e-04 -1.28700000e-05 -6.17570000e-04 -7.07600000e-05 -1.99360000e-04 5.13000000e-06 3.68200000e-05 2.84150000e-04 2.64920000e-04 -3.37190000e-04 7.09270000e-04 -2.27520000e-04 -1.99100000e-04 4.46400000e-05 3.54410000e-04 1.02500000e-05 4.85700000e-05 -5.44370000e-04 -9.37800000e-05 -2.50500000e-05 7.25240000e-04 -1.95180000e-04 1.63990000e-04 3.04790000e-04 2.34690000e-04 -9.61700000e-05 4.00500000e-04 2.28460000e-04
-3.02100000e-04 2.03647000e-03 1.53820000e-04 1.21289000e-03 4.10388000e-03 -6.48919000e-03 -3.93928000e-03 -1.37589000e-03 -2.17330000e-04 -6.64340000e-04 4.58550000e-04 1.21558700e-02 -5.90360000e-04 -6.13411000e-03 1.26580200e-02 2.93509000e-03 -1.13008000e-03 3.82960000e-03 -9.90720000e-04 -7.31197000e-03 1.20124600e-02 2.08530000e-03 8.28850000e-04 3.15048000e-03 -3.93030000e-03 -1.92760000e-04 2.74269000e-03 1.91693000e-03 3.47362000e-03 1.99459000e-03 4.67012000e-03 -2.10161000e-03 -1.42964000e-03 -9.30230000e-04 4.85718000e-03 3.49520000e-03 -9.14611000e-03 6.98820000e-04 -6.21332000e-03 1.99655000e-03 -1.79793000e-03 -3.93142000e-03 5.08952000e-03 -2.26318000e-03 3.72136000e-03 3.86027000e-03 1.28729500e-02 3.65250000e-04 2.38929000e-03 1.55316000e-03 1.36999000e-03 3.52144000e-03 2.38378000e-03 -2.56462000e-03 3.03248000e-03 1.82504000e-03 -1.08990600e-02 1.74926500e-02 1.39652500e-02 2.46622000e-03 -5.01443000e-03 -4.13929000e-03 -1.52814000e-03 7.78119000e-03 1.70769000e-03 -1.45530000e-03 1.77649000e-03 2.10169000e-03 -5.07347000e-03 1.33169000e-03 6.41099000e-03 2.40438000e-03 -2.22670000e-04 -1.11683300e-02 7.28940000e-04 3.30211000e-03 6.55605000e-03 -9.47160000e-04 -6.45551000e-03 -3.20950000e-03 4.51744000e-03 -7.02711000e-03 -2.40082000e-03 -3.28499000e-03 -5.12520000e-04 -1.80295000e-03 1.68527000e-03 6.47748000e-03 -1.12737000e-03 1.12080700e-02 -3.28080000e-03 -7.35651000e-03 2.54919000e-03 4.42311000e-03 2.16692000e-03 4.15720000e-04 -1.58706000e-03 4.38510000e-04 1.41266000e-03 6.74450000e-03 -1.99633000e-03 1.79037000e-03 3.84458000e-03 1.74220000e-03 1.77127000e-03 7.25067000e-03 7.04341000e-03
-3.67690000e-04 2.41110000e-04 5.38150000e-04 -4.42790000e-04 3.73270000e-04 -1.18190000e-04 1.36640000e-04 5.24930000e-04 1.06770000e-04 2.66660000e-04 -9.85600000e-05 1.12246000e-03 5.87350000e-04 2.02460000e-04 1.42466000e-03 6.48300000e-05 3.55540000e-04 -5.58320000e-04 1.63260000e-04 -2.71090000e-04 1.30693000e-03 -2.25070000e-04 -1.62850000e-04 4.48110000e-04 4.21560000e-04 8.03200000e-05 3.46800000e-05 -1.86380000e-04 6.68040000e-04 -2.55600000e-04 2.73900000e-05 2.39480000e-04 3.20330000e-04 2.24490000e-04 -4.51660000e-04 2.00520000e-04 2.68210000e-04 2.21640000e-04 3.38000000e-06 2.19620000e-04 1.07130000e-04 -2.44200000e-05 7.77060000e-04 -6.66300000e-05 4.11950000e-04 -5.38650000e-04 9.56040000e-04 3.44150000e-04 3.41250000e-04 -3.19500000e-05 4.81500000e-05 -2.39510000e-04 2.38710000e-04 3.56360000e-04 1.15870000e-04 4.83770000e-04 -3.74190000e-04 1.29826000e-03 3.07970000e-04 3.48570000e-04 -4.54590000e-04 -8.14980000e-04 1.19940000e-04 7.54210000e-04 -3.46070000e-04 5.42230000e-04 3.29170000e-04 -1.34400000e-05 1.59900000e-04 2.80650000e-04 8.39310000e-04 -2.51350000e-04 6.59200000e-05 -4.81180000e-04 7.80190000e-04 3.93200000e-04 6.18370000e-04 -5.98280000e-04 -2.16220000e-04 -5.61600000e-05 -5.79130000e-04 -1.45840000e-04 1.96580000e-04 8.34800000e-05 8.17600000e-05 3.28350000e-04 3.36790000e-04 -6.82300000e-05 -6.15170000e-04 4.50360000e-04 3.58290000e-04 1.22688000e-03 1.35900000e-05 3.36560000e-04 1.74600000e-05 3.29740000e-04 -5.70020000e-04 -6.31000000e-06 -2.09000000e-06 9.02550000e-04 1.29440000e-04 3.20910000e-04 3.72560000e-04 6.09920000e-04 -1.97840000e-04 2.78570000e-04 -3.38210000e-04
3.93590000e-04 -5.88330000e-04 9.37000000e-05 -4.11850000e-04 -9.71450000e-04 1.21603000e-03 7.12770000e-04 -2.80500000e-05 5.57000000e-05 4.17690000e-04 1.05690000e-04 -2.32916000e-03 -3.19050000e-04 1.15801000e-03 -2.50453000e-03 -8.44550000e-04 1.66920000e-04 -8.56840000e-04 7.18900000e-05 1.38559000e-03 -2.45181000e-03 -6.08800000e-05 -2.24610000e-04 -9.28670000e-04 6.79990000e-04 -1.33700000e-04 -7.00330000e-04 -3.03100000e-05 -8.19780000e-04 -4.11490000e-04 -1.11278000e-03 9.32000000e-06 -1.37250000e-04 1.12160000e-04 -1.06306000e-03 -6.32340000e-04 1.74452000e-03 -2.05410000e-04 1.21448000e-03 -5.19750000e-04 3.54400000e-05 7.26540000e-04 -9.71540000e-04 4.69420000e-04 -1.16845000e-03 -8.97260000e-04 -2.50375000e-03 -5.81100000e-05 -4.36180000e-04 -5.21300000e-04 -5.15910000e-04 -9.11840000e-04 -6.67140000e-04 8.52970000e-04 -6.02960000e-04 -2.98070000e-04 2.15038000e-03 -3.37768000e-03 -2.71825000e-03 -6.35700000e-04 9.97060000e-04 7.85060000e-04 3.93500000e-05 -1.43702000e-03 -4.27990000e-04 3.54990000e-04 -3.76580000e-04 -5.69030000e-04 6.89280000e-04 -4.29830000e-04 -1.11257000e-03 -5.69700000e-04 8.70500000e-05 2.11011000e-03 -7.32500000e-05 -3.44360000e-04 -1.40824000e-03 1.71290000e-04 1.29032000e-03 4.00610000e-04 -7.31820000e-04 1.39973000e-03 4.39830000e-04 6.20870000e-04 3.50210000e-04 3.21160000e-04 -1.94770000e-04 -1.04035000e-03 3.16610000e-04 -1.97972000e-03 9.50690000e-04 1.80790000e-03 -1.32030000e-04 -5.92630000e-04 -1.67020000e-04 3.14200000e-04 5.98410000e-04 2.50340000e-04 1.55910000e-04 -1.12051000e-03 8.53710000e-04 -2.79500000e-05 -4.63800000e-04 1.45100000e-05 3.57000000e-06 -1.21882000e-03 -1.20750000e-03
-8.66560000e-04 -3.47200000e-05 1.44184000e-03 -2.14086000e-03 -3.26250000e-04 1.61818000e-03 1.73968000e-03 2.03911000e-03 3.83200000e-04 1.76798000e-03 -3.44050000e-04 2.41300000e-05 1.79422000e-03 2.27104000e-03 1.12459000e-03 -8.52680000e-04 1.52318000e-03 -3.17274000e-03 9.60700000e-04 1.51030000e-03 5.92260000e-04 -1.09457000e-03 -8.77250000e-04 1.70910000e-04 2.88482000e-03 4.79950000e-04 -9.53730000e-04 -9.68430000e-04 9.37350000e-04 -1.81767000e-03 -1.45081000e-03 1.30360000e-03 1.16491000e-03 9.50460000e-04 -3.21751000e-03 -4.80180000e-04 4.25758000e-03 2.93000000e-04 2.07706000e-03 4.50200000e-05 1.31664000e-03 1.21171000e-03 9.71320000e-04 4.86770000e-04 1.11470000e-04 -3.06035000e-03 -9.73570000e-04 1.01808000e-03 1.71850000e-04 -9.85750000e-04 -1.22950000e-04 -1.88091000e-03 -4.01540000e-04 2.49241000e-03 -8.95990000e-04 1.00335000e-03 2.30532000e-03 -1.28874000e-03 -3.09266000e-03 3.41920000e-04 5.70560000e-04 -1.24398000e-03 9.13770000e-04 -5.91900000e-05 -1.99459000e-03 2.07244000e-03 4.20620000e-04 -9.04360000e-04 2.64911000e-03 4.59370000e-04 7.10710000e-04 -1.79752000e-03 1.41510000e-04 2.22725000e-03 2.45635000e-03 4.34320000e-04 -2.39500000e-04 -1.98256000e-03 1.50633000e-03 8.80310000e-04 -3.26487000e-03 1.94634000e-03 1.61580000e-03 1.60216000e-03 3.17480000e-04 1.76053000e-03 5.62310000e-04 -2.00745000e-03 -1.70897000e-03 -1.70744000e-03 2.84780000e-03 6.87012000e-03 -4.62120000e-04 -4.33300000e-05 -3.28810000e-04 1.29188000e-03 -1.08989000e-03 2.15610000e-04 -2.39990000e-04 1.24591000e-03 1.36453000e-03 7.27080000e-04 3.49250000e-04 1.76436000e-03 -1.01832000e-03 -5.55300000e-04 -1.90062000e-03
3.11650000e-04 -8.09590000e-04 -1.04415000e-03 1.60310000e-04 -1.60439000e-03 1.20323000e-03 4.05740000e-04 -6.47240000e-04 -2.14520000e-04 -4.80100000e-04 1.76260000e-04 -3.96081000e-03 -9.02500000e-04 5.98050000e-04 -4.59151000e-03 -6.59460000e-04 -4.80510000e-04 -3.40800000e-05 -1.32900000e-05 1.63784000e-03 -4.52343000e-03 -4.32330000e-04 -5.33800000e-05 -1.57356000e-03 1.49580000e-04 8.66500000e-05 -5.15300000e-04 -4.57880000e-04 -1.78390000e-03 -1.61720000e-04 -1.40156000e-03 -3.83200000e-05 -3.87330000e-04 -1.73500000e-04 -3.52260000e-04 -7.03080000e-04 1.31611000e-03 -4.97710000e-04 1.04871000e-03 -4.34250000e-04 5.07680000e-04 8.30150000e-04 -1.98296000e-03 3.64660000e-04 -5.34430000e-04 -3.76740000e-04 -3.40460000e-03 -6.81540000e-04 -8.52860000e-04 -2.63990000e-04 -3.26900000e-04 -2.95250000e-04 -1.24117000e-03 -3.89610000e-04 -7.26890000e-04 -1.08730000e-03 2.34812000e-03 -5.17874000e-03 -2.95493000e-03 -8.68620000e-04 2.01014000e-03 1.64023000e-03 2.36370000e-04 -2.06806000e-03 1.57260000e-04 -9.74930000e-04 -1.05465000e-03 -5.21330000e-04 9.61930000e-04 -4.74510000e-04 -2.40733000e-03 3.14700000e-05 -6.08200000e-05 2.66710000e-03 -1.52549000e-03 -1.29425000e-03 -2.41821000e-03 6.54880000e-04 1.47803000e-03 7.37740000e-04 -9.84800000e-05 1.47037000e-03 2.20050000e-04 6.09650000e-04 -5.45700000e-05 -2.10040000e-04 -9.47800000e-04 -1.45548000e-03 8.62770000e-04 -3.05807000e-03 -2.77710000e-04 -8.18060000e-04 -1.01305000e-03 -1.73972000e-03 -5.54350000e-04 -1.00079000e-03 8.89360000e-04 -5.02010000e-04 -8.15000000e-04 -2.50767000e-03 -4.31360000e-04 -1.10720000e-03 -1.60532000e-03 -1.62442000e-03 -2.45500000e-04 -1.91363000e-03 -7.57470000e-04
-1.43320000e-04 3.76200000e-05 1.01550000e-04 -3.11600000e-05 3.93500000e-05 -4.58600000e-05 1.26900000e-05 1.36050000e-04 -3.17900000e-05 1.19900000e-05 -9.02200000e-05 2.12010000e-04 1.44090000e-04 -3.98000000e-06 2.66540000e-04 1.65900000e-04 2.82000000e-05 -3.40800000e-05 1.43840000e-04 2.69100000e-05 1.71900000e-04 -1.56840000e-04 2.19000000e-05 7.41000000e-05 9.06500000e-05 1.32060000e-04 1.41400000e-04 -1.62510000e-04 9.96000000e-05 5.07000000e-06 3.03300000e-05 2.14960000e-04 1.96260000e-04 1.07040000e-04 -3.15200000e-05 5.13100000e-05 1.07590000e-04 1.78300000e-05 -1.70100000e-05 1.95310000e-04 2.18950000e-04 8.50700000e-05 1.17480000e-04 -9.95000000e-06 4.13580000e-04 -6.43600000e-05 2.17160000e-04 1.54000000e-05 7.80400000e-05 1.49290000e-04 1.25630000e-04 3.03200000e-05 9.15400000e-05 -2.22400000e-05 2.04300000e-05 3.66100000e-05 -2.77500000e-05 2.07050000e-04 1.92500000e-04 2.67610000e-04 -3.67000000e-06 -1.90250000e-04 1.31490000e-04 1.90400000e-04 1.17800000e-05 3.02100000e-05 -1.86000000e-05 8.23200000e-05 1.93460000e-04 2.63730000e-04 6.21900000e-05 2.11100000e-05 -1.04200000e-05 -6.29600000e-05 1.53300000e-04 -4.07200000e-05 9.35900000e-05 -1.08530000e-04 4.32200000e-05 1.61090000e-04 -8.12700000e-05 -2.20200000e-05 5.32400000e-05 3.21700000e-05 -4.25500000e-05 3.07700000e-05 -1.24700000e-05 -1.82600000e-05 -7.19000000e-05 1.72590000e-04 1.44400000e-05 2.01900000e-04 -1.11800000e-04 2.36600000e-05 1.34600000e-05 -7.54200000e-05 -1.25720000e-04 -9.41400000e-05 -1.70160000e-04 1.63490000e-04 -1.24530000e-04 2.83200000e-05 1.59500000e-05 5.32300000e-05 -9.95300000e-05 9.97200000e-05 5.83100000e-05
-7.82900000e-05 1.19900000e-05 3.05090000e-04 -1.94290000e-04 -1.01390000e-04 8.83730000e-04 6.60500000e-04 4.60690000e-04 2.87280000e-04 2.75460000e-04 9.44200000e-05 -8.85970000e-04 3.91940000e-04 8.25430000e-04 -8.19570000e-04 -3.23660000e-04 4.70100000e-04 -5.58770000e-04 1.62500000e-04 7.95540000e-04 -6.25070000e-04 -1.97040000e-04 -5.97100000e-05 1.97800000e-05 6.92490000e-04 1.62800000e-05 -3.37670000e-04 -1.49030000e-04 9.28000000e-06 -2.43270000e-04 -3.24940000e-04 2.64650000e-04 2.74380000e-04 2.66460000e-04 -6.41550000e-04 -2.53790000e-04 1.18658000e-03 1.58660000e-04 8.37240000e-04 -2.63480000e-04 9.45800000e-05 4.68580000e-04 -1.46000000e-04 3.24410000e-04 -6.54810000e-04 -5.13500000e-04 -1.09096000e-03 2.89330000e-04 -4.90800000e-05 -2.64570000e-04 -1.10850000e-04 -4.24060000e-04 -7.64200000e-05 5.02270000e-04 -1.67770000e-04 1.61170000e-04 1.13688000e-03 -1.34177000e-03 -1.71738000e-03 -2.40400000e-04 2.48650000e-04 3.68500000e-04 1.33030000e-04 -6.44300000e-04 -2.66360000e-04 5.95980000e-04 1.71910000e-04 -1.81650000e-04 5.33060000e-04 -2.07640000e-04 -1.68410000e-04 -3.68340000e-04 1.98470000e-04 1.18895000e-03 4.05820000e-04 1.87600000e-05 -2.91970000e-04 3.56600000e-05 7.09350000e-04 1.96870000e-04 -6.39280000e-04 8.66770000e-04 4.13270000e-04 4.94440000e-04 2.78810000e-04 5.06980000e-04 1.95220000e-04 -7.57150000e-04 4.18400000e-05 -1.28923000e-03 5.78580000e-04 1.26909000e-03 -1.79920000e-04 -2.87640000e-04 -2.57670000e-04 2.12440000e-04 -1.46370000e-04 5.96400000e-05 2.50000000e-07 -4.52820000e-04 4.70180000e-04 -3.98800000e-05 -2.16610000e-04 9.78600000e-05 -2.30030000e-04 -7.93560000e-04 -8.90380000e-04
-2.90000000e-05 1.67300000e-04 1.21450000e-04 -6.47200000e-05 3.35190000e-04 -5.91830000e-04 -3.42690000e-04 5.21600000e-05 -4.58100000e-05 1.90190000e-04 -9.47100000e-05 1.24154000e-03 1.11400000e-04 -6.61760000e-04 1.38236000e-03 3.60240000e-04 -6.15100000e-05 1.34000000e-04 7.20400000e-05 -5.73480000e-04 1.16131000e-03 1.30490000e-04 3.32300000e-05 2.97050000e-04 -1.77470000e-04 1.16780000e-04 3.47430000e-04 1.18590000e-04 3.66340000e-04 3.55100000e-05 2.93390000e-04 4.39600000e-05 8.07800000e-05 3.68000000e-06 1.99180000e-04 3.13370000e-04 -5.44280000e-04 3.88800000e-05 -5.13490000e-04 4.11630000e-04 1.03840000e-04 -2.74850000e-04 5.12370000e-04 -1.61590000e-04 7.29730000e-04 7.68200000e-05 1.22120000e-03 3.31100000e-05 2.20550000e-04 2.69310000e-04 2.19900000e-04 2.51360000e-04 1.85720000e-04 4.85000000e-05 1.90640000e-04 1.73520000e-04 -8.82610000e-04 1.60320000e-03 1.46308000e-03 4.45200000e-04 -4.85830000e-04 -6.16370000e-04 6.80600000e-05 8.27830000e-04 2.27400000e-05 -6.10900000e-05 5.78800000e-05 1.88490000e-04 -1.72800000e-04 3.81600000e-04 5.84860000e-04 1.75360000e-04 -7.43900000e-05 -9.90500000e-04 2.06470000e-04 2.31460000e-04 6.28910000e-04 -2.86690000e-04 -4.87430000e-04 -6.70600000e-05 1.15380000e-04 -6.14100000e-04 -1.35930000e-04 -2.32860000e-04 -1.28800000e-04 -8.46000000e-05 9.48300000e-05 6.22760000e-04 -3.01910000e-04 1.28262000e-03 3.08700000e-05 9.58400000e-05 2.63550000e-04 5.70800000e-04 3.56280000e-04 1.93690000e-04 -1.00650000e-04 1.17380000e-04 1.15270000e-04 9.80720000e-04 -7.07400000e-05 3.89030000e-04 5.33820000e-04 4.72730000e-04 1.78340000e-04 8.77350000e-04 6.78880000e-04
3.10890000e-04 1.45230000e-04 -2.93920000e-04 5.78880000e-04 4.59090000e-04 -1.19921000e-03 -1.00749000e-03 -7.31840000e-04 -9.35600000e-05 -1.85770000e-04 5.41100000e-05 1.20840000e-03 -5.78830000e-04 -1.70742000e-03 1.02482000e-03 6.05900000e-04 -5.53530000e-04 1.16113000e-03 -2.89740000e-04 -1.21268000e-03 1.04939000e-03 5.60590000e-04 3.12020000e-04 2.44630000e-04 -1.21232000e-03 -6.98300000e-05 6.69630000e-04 5.18890000e-04 1.45200000e-05 6.22240000e-04 7.97360000e-04 -5.36820000e-04 -4.30680000e-04 -3.64710000e-04 1.23594000e-03 5.03030000e-04 -2.07639000e-03 -5.84200000e-05 -1.29268000e-03 4.06670000e-04 -3.98220000e-04 -8.20620000e-04 2.57900000e-04 -2.93690000e-04 5.14180000e-04 9.85570000e-04 1.63639000e-03 -2.71870000e-04 1.35260000e-04 5.17480000e-04 3.18710000e-04 9.62930000e-04 2.14940000e-04 -6.31610000e-04 5.03830000e-04 -1.39560000e-04 -1.89351000e-03 2.16186000e-03 2.49966000e-03 2.66730000e-04 -9.09700000e-04 -1.64710000e-04 -3.17760000e-04 8.93980000e-04 6.33410000e-04 -6.71370000e-04 -6.63200000e-05 4.40500000e-04 -1.12096000e-03 1.29280000e-04 4.89970000e-04 8.16300000e-04 -1.52940000e-04 -1.94996000e-03 -3.83620000e-04 1.56940000e-04 7.55190000e-04 3.56440000e-04 -1.08291000e-03 -6.04170000e-04 1.15518000e-03 -1.38728000e-03 -7.17250000e-04 -7.98850000e-04 -2.03490000e-04 -6.48240000e-04 -2.04000000e-05 1.35187000e-03 2.45490000e-04 1.88577000e-03 -7.61450000e-04 -2.05407000e-03 5.17670000e-04 7.85620000e-04 5.40300000e-04 -6.03800000e-05 1.78950000e-04 1.70000000e-04 3.14720000e-04 8.49850000e-04 -3.66100000e-04 3.21730000e-04 6.04140000e-04 7.00700000e-05 6.05680000e-04 1.18624000e-03 1.76523000e-03
1.52380000e-04 -8.19480000e-04 2.28000000e-04 -8.16060000e-04 -1.54148000e-03 2.50219000e-03 1.64776000e-03 5.29530000e-04 1.47610000e-04 5.82580000e-04 2.47700000e-05 -4.04229000e-03 1.20270000e-04 2.52845000e-03 -4.02735000e-03 -1.40221000e-03 6.09760000e-04 -1.79000000e-03 3.17790000e-04 2.82935000e-03 -3.93528000e-03 -6.50640000e-04 -4.74610000e-04 -1.25358000e-03 1.74558000e-03 -5.67400000e-05 -1.26979000e-03 -6.00400000e-04 -1.10862000e-03 -8.91220000e-04 -1.82914000e-03 5.46660000e-04 2.48800000e-04 4.45250000e-04 -2.10572000e-03 -1.27715000e-03 3.78204000e-03 -2.15720000e-04 2.52067000e-03 -8.78410000e-04 4.88950000e-04 1.57003000e-03 -1.60360000e-03 8.39370000e-04 -1.84495000e-03 -1.63063000e-03 -4.59867000e-03 7.79000000e-05 -7.65230000e-04 -9.32070000e-04 -7.13680000e-04 -1.66214000e-03 -1.01080000e-03 1.36216000e-03 -1.15166000e-03 -4.36010000e-04 4.28923000e-03 -6.11210000e-03 -5.42926000e-03 -1.01410000e-03 1.89769000e-03 1.42401000e-03 3.83930000e-04 -2.71386000e-03 -9.18230000e-04 9.02900000e-04 -4.66590000e-04 -9.97320000e-04 1.89109000e-03 -6.34140000e-04 -2.00964000e-03 -1.19386000e-03 1.87300000e-04 4.26068000e-03 1.82580000e-04 -7.45670000e-04 -2.32309000e-03 1.23410000e-04 2.56186000e-03 1.03347000e-03 -1.80916000e-03 2.81982000e-03 1.03730000e-03 1.39018000e-03 4.42640000e-04 8.85680000e-04 -3.59770000e-04 -2.42917000e-03 2.63450000e-04 -4.03840000e-03 1.64314000e-03 3.50289000e-03 -7.20780000e-04 -1.50042000e-03 -7.32570000e-04 2.10220000e-04 5.56570000e-04 4.32900000e-05 -2.54680000e-04 -2.33283000e-03 1.14818000e-03 -4.44080000e-04 -1.21214000e-03 -2.63000000e-04 -5.95020000e-04 -2.45427000e-03 -2.59849000e-03
-1.42660000e-04 3.41990000e-04 1.50320000e-04 3.34130000e-04 6.53350000e-04 -6.77010000e-04 -3.99470000e-04 -1.14270000e-04 5.75000000e-05 -1.83870000e-04 5.76900000e-05 1.40493000e-03 3.60200000e-05 -4.94720000e-04 1.55175000e-03 4.17950000e-04 -3.16500000e-05 5.94650000e-04 -1.23820000e-04 -8.68590000e-04 1.68684000e-03 1.66210000e-04 2.01200000e-04 5.82170000e-04 -4.90630000e-04 -3.75400000e-05 3.55800000e-04 1.60030000e-04 5.54810000e-04 4.27630000e-04 9.26070000e-04 -1.88300000e-04 -4.79600000e-05 -7.84000000e-05 7.36730000e-04 3.51960000e-04 -1.16988000e-03 1.78290000e-04 -7.27760000e-04 1.47440000e-04 -3.09070000e-04 -5.10660000e-04 6.35930000e-04 -2.16310000e-04 1.36860000e-04 7.48330000e-04 1.49298000e-03 1.40640000e-04 2.93650000e-04 1.76530000e-04 2.72600000e-04 5.65030000e-04 5.01780000e-04 -4.48570000e-04 4.46520000e-04 2.61290000e-04 -1.34533000e-03 2.18054000e-03 1.41537000e-03 2.56760000e-04 -7.72290000e-04 -1.98790000e-04 -2.45230000e-04 7.54290000e-04 2.98410000e-04 7.06600000e-05 4.22170000e-04 3.61890000e-04 -5.99540000e-04 5.09000000e-05 8.46120000e-04 3.27910000e-04 1.74500000e-05 -1.33731000e-03 3.73690000e-04 4.22330000e-04 9.22670000e-04 1.12460000e-04 -7.85660000e-04 -4.92450000e-04 6.07450000e-04 -8.44120000e-04 -2.82180000e-04 -3.99280000e-04 -3.78600000e-05 -1.65880000e-04 3.02580000e-04 6.84350000e-04 7.32000000e-06 1.16029000e-03 -5.22010000e-04 -1.19976000e-03 2.74030000e-04 4.93960000e-04 6.57500000e-05 -1.70900000e-05 -3.80590000e-04 -6.69000000e-06 1.48020000e-04 6.11150000e-04 -2.70690000e-04 1.02680000e-04 3.84930000e-04 8.98800000e-05 7.49300000e-05 7.46480000e-04 9.51090000e-04
6.38730000e-04 -2.04190000e-04 -6.81150000e-04 8.86800000e-04 -3.73060000e-04 1.15660000e-04 -2.62810000e-04 -6.39560000e-04 -1.04700000e-04 -4.69010000e-04 -1.36200000e-05 -1.64137000e-03 -6.34940000e-04 -1.93600000e-04 -2.05366000e-03 1.98680000e-04 -5.27420000e-04 9.76540000e-04 -1.22490000e-04 3.35870000e-04 -1.74430000e-03 2.84540000e-04 3.88040000e-04 -3.99120000e-04 -7.13130000e-04 3.16900000e-05 2.39810000e-04 2.56060000e-04 -7.23410000e-04 6.29620000e-04 2.78090000e-04 -6.92500000e-05 -1.07460000e-04 -2.42950000e-04 8.03240000e-04 -2.59810000e-04 -6.03790000e-04 -1.69960000e-04 -1.30850000e-04 -1.09850000e-04 -1.95200000e-05 5.18000000e-06 -1.11798000e-03 1.55820000e-04 -2.44500000e-04 9.89410000e-04 -1.16896000e-03 -5.21170000e-04 -4.16860000e-04 3.87860000e-04 1.75490000e-04 6.08720000e-04 -6.43700000e-05 -6.29010000e-04 -8.75000000e-06 -7.18910000e-04 3.78270000e-04 -1.71380000e-03 -1.15340000e-04 -2.42810000e-04 5.59140000e-04 1.37847000e-03 -1.28700000e-05 -1.02380000e-03 7.36040000e-04 -7.73730000e-04 -3.84980000e-04 2.34940000e-04 -1.04990000e-04 -1.61530000e-04 -1.23118000e-03 6.08070000e-04 -7.09900000e-05 5.03840000e-04 -9.90170000e-04 -7.63680000e-04 -7.79080000e-04 1.11619000e-03 2.37520000e-04 1.57750000e-04 8.89750000e-04 3.59000000e-05 -2.83080000e-04 -2.09430000e-04 -1.71100000e-04 -5.45000000e-04 -5.40250000e-04 2.30930000e-04 9.73890000e-04 -4.43990000e-04 -6.43140000e-04 -2.02201000e-03 1.53000000e-05 -3.65410000e-04 4.88900000e-05 -5.15850000e-04 9.50580000e-04 -3.97000000e-06 -1.38500000e-05 -1.16076000e-03 -2.95730000e-04 -3.68190000e-04 -4.74910000e-04 -8.83920000e-04 3.53980000e-04 -2.93670000e-04 7.00330000e-04
4.55160000e-04 4.95850000e-04 -5.95070000e-04 1.33368000e-03 1.19399000e-03 -2.65952000e-03 -2.06572000e-03 -1.38072000e-03 -1.78230000e-04 -6.15040000e-04 1.53460000e-04 3.07737000e-03 -1.05750000e-03 -3.16056000e-03 2.79065000e-03 1.33973000e-03 -1.06046000e-03 2.55008000e-03 -5.88600000e-04 -2.80126000e-03 2.93452000e-03 1.11857000e-03 7.38700000e-04 7.33080000e-04 -2.50434000e-03 -1.67890000e-04 1.31352000e-03 1.03724000e-03 4.39390000e-04 1.33032000e-03 2.04571000e-03 -1.10952000e-03 -8.40420000e-04 -7.94870000e-04 2.74742000e-03 1.01222000e-03 -4.50845000e-03 3.64000000e-06 -2.86875000e-03 6.85190000e-04 -9.82170000e-04 -1.81307000e-03 7.19000000e-04 -7.63860000e-04 1.01601000e-03 2.38612000e-03 3.76836000e-03 -4.69700000e-04 3.49580000e-04 9.28650000e-04 6.41250000e-04 1.98300000e-03 6.88190000e-04 -1.56822000e-03 1.06936000e-03 -9.12700000e-05 -4.34293000e-03 5.14310000e-03 5.34162000e-03 6.18210000e-04 -1.83997000e-03 -3.58440000e-04 -7.65430000e-04 1.88859000e-03 1.35444000e-03 -1.30993000e-03 1.65400000e-04 1.03602000e-03 -2.39766000e-03 2.26960000e-04 1.34384000e-03 1.61553000e-03 -2.71040000e-04 -4.25081000e-03 -6.71570000e-04 5.63680000e-04 1.86057000e-03 7.09520000e-04 -2.57873000e-03 -1.37783000e-03 2.61723000e-03 -3.01536000e-03 -1.37080000e-03 -1.62896000e-03 -4.16170000e-04 -1.32544000e-03 1.42530000e-04 2.83565000e-03 5.82350000e-04 3.99143000e-03 -1.85807000e-03 -4.82255000e-03 1.05099000e-03 1.56694000e-03 9.22880000e-04 -2.47340000e-04 1.24540000e-04 2.35610000e-04 6.03220000e-04 1.68335000e-03 -9.74480000e-04 4.67420000e-04 1.18485000e-03 -3.47700000e-05 1.05464000e-03 2.50975000e-03 3.55801000e-03
-7.68000000e-06 -2.70220000e-04 5.85000000e-06 -7.99700000e-05 -5.18730000e-04 8.46260000e-04 4.72890000e-04 3.67000000e-05 7.48200000e-05 -1.08700000e-04 -1.04000000e-05 -1.73528000e-03 -2.56000000e-06 8.03710000e-04 -1.83186000e-03 -4.29700000e-04 1.14150000e-04 -3.99940000e-04 -2.14800000e-05 9.28730000e-04 -1.58760000e-03 -3.37910000e-04 -1.09150000e-04 -4.10640000e-04 3.56590000e-04 -1.10000000e-04 -3.86690000e-04 -3.18570000e-04 -4.38320000e-04 -1.11100000e-04 -4.83110000e-04 1.04150000e-04 2.97600000e-05 9.71200000e-05 -4.81560000e-04 -4.84100000e-04 9.89720000e-04 -3.98700000e-05 7.45550000e-04 -3.78760000e-04 9.80000000e-07 4.41400000e-04 -7.53650000e-04 2.44060000e-04 -7.95670000e-04 -3.22440000e-04 -1.71140000e-03 -2.93300000e-05 -3.20580000e-04 -2.90890000e-04 -1.89470000e-04 -3.73530000e-04 -3.37150000e-04 8.46500000e-05 -3.13050000e-04 -2.68040000e-04 1.33080000e-03 -2.32361000e-03 -2.08135000e-03 -4.48350000e-04 6.68630000e-04 7.89610000e-04 -1.80000000e-07 -1.11406000e-03 -8.76100000e-05 2.40040000e-04 -1.71100000e-04 -3.03200000e-04 4.37650000e-04 -3.33010000e-04 -8.21410000e-04 -1.72020000e-04 6.65600000e-05 1.36592000e-03 5.65000000e-05 -4.28400000e-04 -8.83230000e-04 3.02130000e-04 8.27560000e-04 1.54330000e-04 -4.67670000e-04 8.40140000e-04 2.78590000e-04 4.01100000e-04 1.57040000e-04 1.88430000e-04 -1.72540000e-04 -9.58450000e-04 2.72770000e-04 -1.74210000e-03 1.64760000e-04 4.13040000e-04 -4.30130000e-04 -7.18520000e-04 -4.38230000e-04 -2.18930000e-04 8.53800000e-05 -1.75070000e-04 -2.60780000e-04 -1.16067000e-03 1.41730000e-04 -3.84430000e-04 -6.66730000e-04 -4.84410000e-04 -2.93500000e-04 -1.13210000e-03 -8.18150000e-04
3.90350000e-04 3.27000000e-06 -2.12340000e-04 4.33250000e-04 3.73500000e-05 -3.33400000e-05 -1.84980000e-04 -3.21830000e-04 7.10800000e-05 -5.90000000e-06 1.12590000e-04 -4.48760000e-04 -3.06700000e-04 -3.73370000e-04 -6.40790000e-04 1.04770000e-04 -1.49620000e-04 5.41200000e-04 -1.25400000e-04 -5.83700000e-05 -4.24970000e-04 3.80870000e-04 2.28500000e-04 -2.99100000e-05 -4.06630000e-04 -5.94200000e-05 1.31520000e-04 3.71810000e-04 -2.50370000e-04 3.15850000e-04 2.80390000e-04 -2.03610000e-04 -1.57030000e-04 -1.37220000e-04 4.61120000e-04 -7.14000000e-06 -5.07410000e-04 -2.29100000e-05 -1.84410000e-04 -8.22900000e-05 -2.00900000e-04 -1.65570000e-04 -3.26170000e-04 8.58800000e-05 -3.54500000e-04 4.98500000e-04 -2.75890000e-04 -1.21230000e-04 -1.27990000e-04 1.36840000e-04 9.48300000e-05 3.78440000e-04 1.53600000e-05 -1.19040000e-04 1.03340000e-04 -1.94280000e-04 -1.62940000e-04 -3.05470000e-04 2.07100000e-04 -1.73360000e-04 -1.48670000e-04 5.60610000e-04 -1.30640000e-04 -3.36130000e-04 3.37380000e-04 -2.15960000e-04 -3.40300000e-05 1.53620000e-04 -3.46960000e-04 -1.99980000e-04 -2.41630000e-04 3.10860000e-04 9.80000000e-06 -8.48200000e-05 -3.09390000e-04 -1.04650000e-04 -6.26200000e-05 5.33620000e-04 -7.73300000e-05 -1.71580000e-04 4.88390000e-04 -1.46510000e-04 -2.08180000e-04 -1.72290000e-04 9.64000000e-06 -1.85840000e-04 -4.72600000e-05 3.88820000e-04 4.68680000e-04 9.18400000e-05 -1.45190000e-04 -8.37590000e-04 2.68860000e-04 1.77220000e-04 1.89370000e-04 3.69100000e-05 3.81650000e-04 2.31910000e-04 2.76930000e-04 -1.84120000e-04 1.32420000e-04 7.58200000e-05 9.63000000e-05 -1.12930000e-04 3.45220000e-04 8.94400000e-05 6.07460000e-04
-2.07330000e-04 3.46970000e-04 -9.72600000e-05 5.29750000e-04 4.07530000e-04 -2.61850000e-04 -3.17690000e-04 -4.76800000e-05 9.58000000e-05 -4.96290000e-04 1.62500000e-05 -2.55870000e-04 1.98820000e-04 -5.05370000e-04 -4.09920000e-04 4.32380000e-04 -1.96000000e-05 6.27160000e-04 -1.28690000e-04 -3.63740000e-04 2.83600000e-05 -1.16540000e-04 2.71090000e-04 4.43340000e-04 -4.44320000e-04 2.18700000e-05 4.19880000e-04 -1.54590000e-04 1.45760000e-04 4.53000000e-04 5.13220000e-04 -2.50700000e-05 1.26370000e-04 4.19300000e-05 5.94780000e-04 8.51000000e-05 -8.65740000e-04 2.50710000e-04 -5.58050000e-04 1.23750000e-04 -8.19300000e-05 -3.00130000e-04 -1.35400000e-04 -1.58450000e-04 2.02450000e-04 4.39290000e-04 2.69920000e-04 -7.05300000e-05 3.06300000e-05 3.78660000e-04 3.19190000e-04 6.27380000e-04 7.62300000e-05 -7.71430000e-04 2.98160000e-04 -9.37400000e-05 -8.39070000e-04 1.70880000e-04 2.30920000e-04 6.22500000e-05 -8.25180000e-04 3.01940000e-04 -7.71000000e-05 -8.69100000e-05 5.38360000e-04 -2.09530000e-04 1.58010000e-04 2.97440000e-04 -4.85970000e-04 -2.50900000e-05 2.54300000e-05 5.00970000e-04 1.02010000e-04 -6.76010000e-04 -2.62600000e-05 -2.79500000e-04 3.52110000e-04 4.97730000e-04 -4.56730000e-04 -4.89180000e-04 2.19400000e-04 -5.59120000e-04 -3.04970000e-04 -2.99290000e-04 -1.00180000e-04 -1.42080000e-04 1.06100000e-05 1.70590000e-04 3.35210000e-04 -8.18500000e-05 -7.51000000e-04 -1.61138000e-03 -3.27710000e-04 -6.69400000e-05 -6.22600000e-05 -5.54070000e-04 -3.77230000e-04 -2.79700000e-04 -4.00490000e-04 -2.23610000e-04 -5.55550000e-04 -1.90460000e-04 -2.24700000e-04 -5.62260000e-04 -1.38160000e-04 -2.25400000e-04 4.60160000e-04
-2.08220000e-04 1.92510000e-04 3.42800000e-04 -4.32900000e-05 2.75700000e-04 4.09000000e-06 7.20400000e-05 2.05410000e-04 1.14730000e-04 -1.90100000e-05 8.43000000e-06 3.45650000e-04 2.82950000e-04 2.18960000e-04 4.71690000e-04 6.75400000e-05 2.17980000e-04 -1.21500000e-04 1.77400000e-05 -1.37810000e-04 6.11650000e-04 -1.51230000e-04 -3.95000000e-06 3.21430000e-04 1.09400000e-04 3.55000000e-06 7.31300000e-05 -1.32060000e-04 3.77230000e-04 9.21200000e-05 2.38450000e-04 7.09200000e-05 1.63940000e-04 1.60310000e-04 -6.90000000e-05 1.07140000e-04 -3.56100000e-05 2.10110000e-04 -3.54600000e-05 3.81900000e-05 -6.03000000e-05 -4.23100000e-05 3.65820000e-04 -1.89400000e-05 -1.56100000e-05 -7.68300000e-05 4.55360000e-04 2.15520000e-04 2.11460000e-04 1.41900000e-05 8.51000000e-05 3.46200000e-05 2.05210000e-04 -3.32000000e-05 1.96870000e-04 2.38820000e-04 -2.70420000e-04 5.91200000e-04 -5.85200000e-05 1.17570000e-04 -4.14580000e-04 -1.34950000e-04 -4.75100000e-05 2.69770000e-04 -8.13000000e-06 3.52130000e-04 3.05680000e-04 5.94000000e-05 -3.81200000e-05 3.70700000e-05 4.33770000e-04 -2.92900000e-05 1.14450000e-04 -2.93850000e-04 5.40200000e-04 1.72640000e-04 3.39620000e-04 -4.67800000e-05 -1.12410000e-04 -2.01560000e-04 -1.90500000e-04 -1.09330000e-04 3.01200000e-05 -5.84000000e-06 1.20800000e-04 1.54700000e-04 2.31520000e-04 -8.86000000e-05 -1.22670000e-04 8.52000000e-06 -3.65900000e-05 1.16210000e-04 -6.26400000e-05 9.80900000e-05 -9.63500000e-05 3.61700000e-05 -3.87470000e-04 -7.44300000e-05 -5.35300000e-05 2.41120000e-04 -1.15700000e-05 6.76600000e-05 7.24500000e-05 1.08400000e-04 -1.35750000e-04 -2.57900000e-05 1.10000000e-07
-1.49370000e-04 2.23150000e-04 1.08234000e-03 -9.18520000e-04 3.44710000e-04 7.04500000e-04 7.94030000e-04 1.06304000e-03 5.26680000e-04 9.97460000e-04 -2.71800000e-05 6.18850000e-04 9.93420000e-04 8.81080000e-04 1.12090000e-03 -6.01030000e-04 9.68920000e-04 -1.54463000e-03 2.48330000e-04 4.64010000e-04 1.18304000e-03 -1.25470000e-04 -3.92790000e-04 5.06120000e-04 1.21571000e-03 -1.57530000e-04 -5.29340000e-04 -3.05000000e-06 9.23160000e-04 -7.82590000e-04 -5.07460000e-04 2.76540000e-04 4.47910000e-04 4.42860000e-04 -1.53057000e-03 -2.79290000e-04 1.57793000e-03 4.85100000e-04 8.34850000e-04 -1.68280000e-04 -2.71680000e-04 3.33790000e-04 6.28520000e-04 3.19460000e-04 -7.96490000e-04 -1.37843000e-03 -2.33470000e-04 6.80400000e-04 2.21900000e-04 -4.89210000e-04 -4.81760000e-04 -1.21626000e-03 9.40600000e-05 1.56402000e-03 -1.72780000e-04 7.40570000e-04 8.03620000e-04 1.49200000e-04 -1.66108000e-03 -8.18200000e-05 -5.35460000e-04 -5.64120000e-04 1.32040000e-04 -2.58100000e-05 -9.39880000e-04 1.44306000e-03 6.30290000e-04 -4.12490000e-04 4.84790000e-04 -1.01190000e-04 8.62170000e-04 -9.16160000e-04 2.89850000e-04 6.46550000e-04 1.31607000e-03 7.99500000e-04 5.63920000e-04 -6.78510000e-04 3.21750000e-04 -5.32700000e-05 -1.55897000e-03 6.82580000e-04 6.20530000e-04 5.63600000e-04 5.34850000e-04 9.65050000e-04 6.93920000e-04 -7.13510000e-04 -7.81320000e-04 -5.97560000e-04 1.59404000e-03 3.74861000e-03 3.04000000e-04 4.35190000e-04 2.19600000e-05 1.23363000e-03 -4.87660000e-04 4.78740000e-04 5.94560000e-04 8.17380000e-04 1.31200000e-03 8.11340000e-04 6.01980000e-04 1.43641000e-03 -1.41790000e-04 -3.89210000e-04 -1.91030000e-03
-2.49470000e-04 3.48110000e-04 2.57660000e-04 -1.42160000e-04 5.37940000e-04 -3.23770000e-04 -6.88000000e-05 3.47570000e-04 2.06130000e-04 1.94620000e-04 -5.07000000e-06 1.16637000e-03 4.40030000e-04 -4.02920000e-04 1.33582000e-03 1.94830000e-04 2.54060000e-04 -1.09000000e-04 5.71200000e-05 -4.72620000e-04 1.32091000e-03 -2.14200000e-05 -1.05400000e-05 5.52550000e-04 1.00580000e-04 2.64100000e-05 1.63420000e-04 3.86000000e-06 5.86280000e-04 -1.20210000e-04 2.26140000e-04 6.58400000e-05 1.75040000e-04 8.85100000e-05 -6.10300000e-05 2.11330000e-04 -2.44620000e-04 2.36330000e-04 -3.01420000e-04 2.19010000e-04 -8.51100000e-05 -2.29820000e-04 5.79230000e-04 -1.18130000e-04 3.24170000e-04 -1.60730000e-04 9.76680000e-04 2.35600000e-04 2.35950000e-04 7.58000000e-05 9.18400000e-05 2.74600000e-05 2.14820000e-04 1.37650000e-04 1.83800000e-04 3.61180000e-04 -7.87670000e-04 1.41970000e-03 6.51950000e-04 2.51620000e-04 -6.66190000e-04 -5.77640000e-04 3.56300000e-05 6.01280000e-04 -1.18250000e-04 2.23210000e-04 3.24410000e-04 1.01540000e-04 -1.84040000e-04 1.54970000e-04 7.63680000e-04 6.45000000e-06 5.27500000e-05 -7.19760000e-04 3.93420000e-04 4.02890000e-04 7.97110000e-04 -3.35290000e-04 -4.81730000e-04 -2.50450000e-04 -2.20750000e-04 -3.99050000e-04 1.63200000e-05 -6.73200000e-05 3.18300000e-05 1.97970000e-04 3.33310000e-04 2.17260000e-04 -3.53690000e-04 5.90890000e-04 1.19500000e-04 4.36170000e-04 1.04500000e-04 4.19110000e-04 1.12000000e-04 2.44500000e-04 -4.94840000e-04 4.79700000e-05 7.21200000e-05 8.34250000e-04 3.65800000e-05 2.86310000e-04 4.09560000e-04 4.55770000e-04 -4.67000000e-05 3.71810000e-04 9.34000000e-06
2.50440000e-04 -2.22800000e-04 -1.47460000e-04 8.45600000e-05 -4.46920000e-04 7.22620000e-04 3.64040000e-04 1.51400000e-05 7.78200000e-05 1.44840000e-04 2.71800000e-05 -1.57022000e-03 -8.21400000e-05 4.39730000e-04 -1.73554000e-03 -2.40330000e-04 5.83800000e-05 -1.39580000e-04 9.94500000e-05 7.81710000e-04 -1.57764000e-03 -7.65000000e-06 4.90700000e-05 -3.76770000e-04 2.66440000e-04 5.02800000e-05 -2.30160000e-04 1.22900000e-05 -5.36590000e-04 -9.31000000e-05 -4.02050000e-04 1.64110000e-04 1.04210000e-04 2.87400000e-05 -3.05750000e-04 -3.47460000e-04 8.05950000e-04 -1.04670000e-04 6.27690000e-04 -2.32630000e-04 1.77230000e-04 3.69280000e-04 -6.87800000e-04 3.20240000e-04 -5.07700000e-04 -2.14150000e-04 -1.54446000e-03 -8.87100000e-05 -3.21190000e-04 -9.92700000e-05 -6.49000000e-05 -1.72470000e-04 -2.66640000e-04 2.85220000e-04 -2.96210000e-04 -2.74210000e-04 1.12536000e-03 -2.08578000e-03 -1.37344000e-03 -3.25260000e-04 5.51780000e-04 7.08980000e-04 1.53220000e-04 -9.82160000e-04 -2.98800000e-05 3.58900000e-05 -2.36750000e-04 -1.32160000e-04 4.62510000e-04 -2.13500000e-04 -8.05420000e-04 -1.06620000e-04 2.52400000e-05 1.22875000e-03 -2.54510000e-04 -4.09450000e-04 -7.70420000e-04 3.31230000e-04 6.92460000e-04 3.27790000e-04 -2.31430000e-04 7.40130000e-04 2.02780000e-04 3.19750000e-04 5.70100000e-05 1.30360000e-04 -1.98680000e-04 -4.93670000e-04 3.59680000e-04 -1.17567000e-03 3.54030000e-04 4.73730000e-04 -1.24250000e-04 -3.57050000e-04 -1.04960000e-04 1.59800000e-05 3.85560000e-04 1.07380000e-04 3.19000000e-06 -7.42630000e-04 3.13520000e-04 -1.31410000e-04 -3.27880000e-04 -2.01380000e-04 5.57000000e-06 -7.10390000e-04 -3.90330000e-04
3.43410000e-04 8.31800000e-05 -2.49580000e-04 6.53380000e-04 2.71550000e-04 -8.82200000e-04 -7.58290000e-04 -7.15890000e-04 -1.43260000e-04 -3.71530000e-04 6.98500000e-05 5.92690000e-04 -6.05530000e-04 -8.17290000e-04 3.81410000e-04 4.93130000e-04 -5.08370000e-04 1.08008000e-03 -2.52960000e-04 -9.31750000e-04 5.22140000e-04 4.55240000e-04 3.39970000e-04 9.87300000e-05 -1.05484000e-03 -3.52000000e-05 5.28550000e-04 4.17190000e-04 -2.33200000e-05 7.46880000e-04 8.27440000e-04 -4.18010000e-04 -3.30250000e-04 -2.89350000e-04 1.12982000e-03 3.70520000e-04 -1.74030000e-03 -4.99000000e-05 -1.00611000e-03 1.88160000e-04 -3.15280000e-04 -6.21290000e-04 1.04990000e-04 -2.32390000e-04 2.83910000e-04 1.04522000e-03 1.17007000e-03 -2.56940000e-04 1.21390000e-04 4.01790000e-04 3.08610000e-04 8.77020000e-04 2.90870000e-04 -7.40800000e-04 4.44590000e-04 -1.67690000e-04 -1.45699000e-03 1.42887000e-03 1.86821000e-03 1.94790000e-04 -4.81550000e-04 1.96910000e-04 -3.28490000e-04 5.47560000e-04 6.75450000e-04 -5.67810000e-04 2.17800000e-05 4.16730000e-04 -8.72820000e-04 5.26700000e-05 2.34030000e-04 7.06670000e-04 -8.78800000e-05 -1.43623000e-03 -2.72140000e-04 -9.97000000e-06 3.45670000e-04 5.36170000e-04 -8.01270000e-04 -5.10050000e-04 1.16701000e-03 -1.03283000e-03 -5.44820000e-04 -6.52180000e-04 -1.25090000e-04 -6.29670000e-04 -6.46400000e-05 1.06155000e-03 4.55590000e-04 1.31509000e-03 -8.54900000e-04 -2.26034000e-03 3.85180000e-04 4.81180000e-04 3.28980000e-04 -2.17130000e-04 2.85910000e-04 8.55400000e-05 2.14070000e-04 3.49720000e-04 -4.04720000e-04 9.04600000e-05 2.99350000e-04 -2.44390000e-04 4.76730000e-04 8.34020000e-04 1.63967000e-03
7.03550000e-04 5.40480000e-04 -7.45260000e-04 1.76512000e-03 1.48542000e-03 -3.66264000e-03 -2.80487000e-03 -2.05808000e-03 -3.79700000e-04 -8.65480000e-04 2.80590000e-04 4.21811000e-03 -1.68289000e-03 -3.99820000e-03 3.68785000e-03 1.77168000e-03 -1.53746000e-03 3.48392000e-03 -8.32480000e-04 -3.92979000e-03 3.80609000e-03 1.65211000e-03 9.87960000e-04 7.85290000e-04 -3.48217000e-03 -2.39950000e-04 1.71998000e-03 1.53273000e-03 4.46900000e-04 1.88806000e-03 2.70429000e-03 -1.63086000e-03 -1.30157000e-03 -1.10346000e-03 3.79148000e-03 1.57097000e-03 -6.22200000e-03 -1.21640000e-04 -3.87475000e-03 8.43450000e-04 -1.35240000e-03 -2.44875000e-03 1.19105000e-03 -1.09209000e-03 1.44178000e-03 3.19895000e-03 5.37645000e-03 -6.20060000e-04 6.17280000e-04 1.17463000e-03 8.27100000e-04 2.67741000e-03 1.01093000e-03 -2.14900000e-03 1.51749000e-03 -4.11000000e-05 -5.98240000e-03 7.17992000e-03 7.56155000e-03 9.00340000e-04 -2.27694000e-03 -7.58750000e-04 -1.18289000e-03 2.89357000e-03 1.86176000e-03 -1.80215000e-03 1.76590000e-04 1.40981000e-03 -3.42268000e-03 3.42270000e-04 1.95447000e-03 2.14205000e-03 -3.77710000e-04 -5.90075000e-03 -8.71490000e-04 8.21430000e-04 2.34269000e-03 8.51820000e-04 -3.48465000e-03 -1.88641000e-03 3.81428000e-03 -4.07703000e-03 -1.87522000e-03 -2.26629000e-03 -4.63230000e-04 -1.90590000e-03 2.32340000e-04 4.01328000e-03 8.46990000e-04 5.62528000e-03 -2.58579000e-03 -6.66677000e-03 1.53590000e-03 2.22227000e-03 1.32126000e-03 -2.90030000e-04 2.53690000e-04 3.89840000e-04 9.22800000e-04 2.43286000e-03 -1.27478000e-03 6.62370000e-04 1.68301000e-03 -1.86900000e-05 1.56334000e-03 3.52104000e-03 5.07281000e-03
-3.43920000e-04 2.60840000e-04 3.21860000e-04 -1.09040000e-04 4.19680000e-04 -2.45300000e-04 -2.17100000e-05 2.69860000e-04 8.22900000e-05 -2.48500000e-05 -3.34200000e-05 9.55320000e-04 3.83120000e-04 5.86500000e-05 1.11495000e-03 1.66680000e-04 2.00850000e-04 -1.09400000e-04 3.78600000e-05 -4.48330000e-04 1.15145000e-03 -1.38640000e-04 -1.39500000e-05 4.40590000e-04 7.88200000e-05 1.70300000e-05 9.88500000e-05 -1.15900000e-04 5.22610000e-04 -1.47000000e-05 2.91690000e-04 8.40500000e-05 1.83140000e-04 7.62900000e-05 2.47000000e-06 2.04640000e-04 -2.31120000e-04 1.76040000e-04 -2.18800000e-04 1.08970000e-04 -5.32100000e-05 -1.95150000e-04 6.05000000e-04 -1.13520000e-04 2.37060000e-04 -7.10900000e-05 9.14730000e-04 2.47060000e-04 2.65480000e-04 8.80000000e-07 1.11380000e-04 5.98600000e-05 3.05990000e-04 -4.87500000e-05 1.90170000e-04 3.57350000e-04 -6.74360000e-04 1.28898000e-03 4.53870000e-04 2.28650000e-04 -4.46740000e-04 -5.15150000e-04 -2.37600000e-05 5.87520000e-04 -7.71700000e-05 3.29370000e-04 3.24200000e-04 1.15950000e-04 -1.49290000e-04 1.21470000e-04 7.22880000e-04 -1.93800000e-05 4.05400000e-05 -6.61850000e-04 5.28650000e-04 3.12800000e-04 5.94000000e-04 -2.93740000e-04 -4.00010000e-04 -2.24180000e-04 -1.31920000e-04 -3.30660000e-04 5.20500000e-05 -5.99500000e-05 2.91000000e-05 1.37620000e-04 2.91040000e-04 7.54500000e-05 -3.11370000e-04 4.06090000e-04 -7.38200000e-05 1.57070000e-04 -1.12700000e-05 2.42460000e-04 -7.72900000e-05 7.76000000e-05 -5.53410000e-04 -8.50700000e-05 -4.49900000e-05 5.71440000e-04 -9.68000000e-05 9.37500000e-05 2.17980000e-04 2.34230000e-04 -1.87830000e-04 2.00790000e-04 -5.56100000e-05
-6.23860000e-04 9.27690000e-04 1.48053000e-03 -1.09101000e-03 1.55621000e-03 -1.04148000e-03 -6.57400000e-05 1.27711000e-03 4.68240000e-04 1.27129000e-03 -1.98740000e-04 4.35461000e-03 1.50306000e-03 -4.69320000e-04 5.40401000e-03 4.63510000e-04 9.71320000e-04 -1.14720000e-03 3.60260000e-04 -1.66473000e-03 5.12264000e-03 5.68000000e-06 -3.15810000e-04 1.68151000e-03 7.55070000e-04 2.32480000e-04 3.50980000e-04 1.06890000e-04 2.33919000e-03 -5.50640000e-04 8.40190000e-04 3.28370000e-04 6.57480000e-04 4.63580000e-04 -8.37920000e-04 8.50500000e-04 -2.29630000e-04 7.41690000e-04 -7.30790000e-04 7.21550000e-04 8.97000000e-05 -6.81450000e-04 2.70124000e-03 -3.45140000e-04 1.14969000e-03 -1.04963000e-03 4.00148000e-03 1.05597000e-03 1.06397000e-03 -8.33900000e-05 4.54730000e-04 -1.30610000e-04 8.47540000e-04 1.21733000e-03 5.82200000e-04 1.55104000e-03 -2.52199000e-03 5.52710000e-03 2.50701000e-03 1.15223000e-03 -1.93840000e-03 -2.31778000e-03 1.05370000e-04 2.69836000e-03 -8.60370000e-04 1.43247000e-03 1.27464000e-03 1.57550000e-04 2.42000000e-05 7.61150000e-04 3.11770000e-03 -4.33060000e-04 1.11680000e-04 -2.61562000e-03 2.59850000e-03 1.55075000e-03 2.48292000e-03 -1.66026000e-03 -1.40302000e-03 -7.80370000e-04 -1.13071000e-03 -1.23317000e-03 3.58800000e-04 -4.89200000e-05 1.88660000e-04 8.12900000e-04 1.22679000e-03 8.48120000e-04 -1.73548000e-03 2.65520000e-03 1.18392000e-03 2.96106000e-03 7.79450000e-04 1.91688000e-03 6.05490000e-04 1.49190000e-03 -1.48817000e-03 5.30160000e-04 6.25870000e-04 3.78176000e-03 6.73560000e-04 1.54077000e-03 1.94683000e-03 2.32288000e-03 1.19600000e-05 2.08904000e-03 1.02844000e-03
6.16160000e-04 -1.62782000e-03 -3.27740000e-04 -1.10349000e-03 -2.88732000e-03 3.70069000e-03 2.20473000e-03 4.47240000e-04 4.45500000e-05 8.78250000e-04 -3.96200000e-05 -6.93180000e-03 -3.14060000e-04 2.99757000e-03 -7.29809000e-03 -2.12197000e-03 4.19780000e-04 -2.41909000e-03 5.43000000e-04 4.54478000e-03 -7.39247000e-03 -7.92380000e-04 -6.45170000e-04 -2.54134000e-03 2.31434000e-03 -2.69300000e-05 -1.91568000e-03 -7.26220000e-04 -2.47554000e-03 -1.58177000e-03 -3.47714000e-03 7.34240000e-04 1.46940000e-04 3.53480000e-04 -3.04073000e-03 -2.07875000e-03 5.66348000e-03 -6.77910000e-04 3.77695000e-03 -1.17541000e-03 8.88700000e-04 2.47688000e-03 -3.24881000e-03 1.35008000e-03 -2.35757000e-03 -2.53423000e-03 -7.84974000e-03 -3.95510000e-04 -1.56401000e-03 -1.19707000e-03 -1.27462000e-03 -2.59183000e-03 -2.05458000e-03 2.09964000e-03 -2.09217000e-03 -1.14435000e-03 6.98825000e-03 -1.05380500e-02 -8.05592000e-03 -1.62214000e-03 3.55771000e-03 2.25651000e-03 8.00110000e-04 -4.51591000e-03 -1.27177000e-03 5.31960000e-04 -1.51579000e-03 -1.56691000e-03 2.90904000e-03 -8.29690000e-04 -3.93553000e-03 -1.63163000e-03 7.45900000e-05 6.91049000e-03 -1.01553000e-03 -1.56940000e-03 -4.15645000e-03 2.79450000e-04 4.04494000e-03 2.04957000e-03 -2.42296000e-03 4.36167000e-03 1.45698000e-03 2.07111000e-03 4.48190000e-04 9.92800000e-04 -1.04091000e-03 -3.55476000e-03 6.62530000e-04 -6.17419000e-03 2.50672000e-03 5.17706000e-03 -1.10160000e-03 -2.46989000e-03 -8.36140000e-04 1.88970000e-04 1.58972000e-03 1.23340000e-04 -3.94860000e-04 -3.89760000e-03 1.64685000e-03 -7.34290000e-04 -1.99239000e-03 -5.77540000e-04 -6.06490000e-04 -3.86700000e-03 -4.37517000e-03
2.04730000e-04 1.93390000e-04 -1.77010000e-04 4.82310000e-04 3.92440000e-04 -7.91980000e-04 -6.73720000e-04 -4.41190000e-04 4.80000000e-07 -2.29900000e-04 2.59000000e-06 7.05550000e-04 -2.75120000e-04 -1.10335000e-03 5.66520000e-04 4.73400000e-04 -3.36100000e-04 8.37910000e-04 -2.36150000e-04 -8.11630000e-04 7.13330000e-04 3.23970000e-04 2.42750000e-04 2.77410000e-04 -8.56170000e-04 -8.37900000e-05 4.94900000e-04 2.96450000e-04 1.47540000e-04 5.10310000e-04 6.88680000e-04 -3.25110000e-04 -2.25860000e-04 -1.96380000e-04 8.76240000e-04 2.83100000e-04 -1.46432000e-03 6.39500000e-05 -9.35220000e-04 2.37250000e-04 -3.42860000e-04 -5.74350000e-04 7.67200000e-05 -2.48890000e-04 3.07000000e-04 7.70660000e-04 1.06593000e-03 -1.64600000e-04 8.53500000e-05 3.76660000e-04 2.81820000e-04 7.30670000e-04 1.99500000e-04 -5.73490000e-04 3.92980000e-04 -1.10850000e-04 -1.38532000e-03 1.36087000e-03 1.57047000e-03 2.02220000e-04 -6.34900000e-04 6.85600000e-05 -2.72940000e-04 4.66900000e-04 5.52550000e-04 -4.32710000e-04 5.00700000e-05 3.29690000e-04 -8.18990000e-04 8.09700000e-05 3.09670000e-04 6.71270000e-04 -6.35000000e-05 -1.34109000e-03 -1.19310000e-04 2.61500000e-05 5.38470000e-04 3.75390000e-04 -7.49110000e-04 -5.26810000e-04 7.60150000e-04 -9.90850000e-04 -4.53500000e-04 -5.25210000e-04 -1.03220000e-04 -4.30450000e-04 1.01300000e-05 8.60490000e-04 2.63400000e-04 1.08688000e-03 -6.51560000e-04 -1.67655000e-03 2.73310000e-04 4.78660000e-04 3.09720000e-04 -1.49480000e-04 6.36600000e-05 5.03300000e-05 1.31180000e-04 4.70160000e-04 -3.32820000e-04 1.67730000e-04 3.28420000e-04 -1.05930000e-04 3.75400000e-04 7.05380000e-04 1.31046000e-03
-4.61100000e-05 -3.03190000e-04 6.91630000e-04 -9.63210000e-04 -7.35910000e-04 2.08647000e-03 1.57587000e-03 1.06376000e-03 4.08550000e-04 8.50980000e-04 -3.36800000e-05 -2.34600000e-03 7.92110000e-04 2.20984000e-03 -2.06368000e-03 -1.10690000e-03 9.76710000e-04 -1.96769000e-03 4.17150000e-04 2.14386000e-03 -1.96170000e-03 -5.79440000e-04 -4.81610000e-04 -4.08450000e-04 1.87814000e-03 -2.50000000e-07 -1.01407000e-03 -4.82310000e-04 -1.46460000e-04 -9.64620000e-04 -1.38452000e-03 6.91590000e-04 5.95120000e-04 6.20670000e-04 -2.19033000e-03 -9.04410000e-04 3.39430000e-03 1.77490000e-04 2.14640000e-03 -5.93520000e-04 3.91280000e-04 1.27432000e-03 -6.30260000e-04 7.30580000e-04 -1.37223000e-03 -1.79780000e-03 -3.03686000e-03 4.58840000e-04 -3.13720000e-04 -7.52460000e-04 -5.58360000e-04 -1.58495000e-03 -5.11480000e-04 1.61658000e-03 -7.72350000e-04 1.44010000e-04 3.23036000e-03 -3.90804000e-03 -4.35168000e-03 -5.88410000e-04 9.74100000e-04 6.31430000e-04 4.46070000e-04 -1.71766000e-03 -1.03888000e-03 1.30297000e-03 9.06200000e-05 -7.93960000e-04 1.65553000e-03 -3.55110000e-04 -8.60170000e-04 -1.22137000e-03 3.04350000e-04 3.18937000e-03 8.33860000e-04 -1.71410000e-04 -1.18787000e-03 -2.77590000e-04 1.90544000e-03 7.52420000e-04 -2.06266000e-03 2.25371000e-03 1.05211000e-03 1.24682000e-03 5.32080000e-04 1.14027000e-03 1.21470000e-04 -2.01084000e-03 -2.63920000e-04 -3.02757000e-03 1.83221000e-03 4.16243000e-03 -4.27010000e-04 -8.07620000e-04 -4.99570000e-04 6.69980000e-04 3.77100000e-05 1.93130000e-04 1.75000000e-06 -1.05618000e-03 1.29951000e-03 6.56900000e-05 -5.38650000e-04 4.76770000e-04 -5.27580000e-04 -1.82384000e-03 -2.57611000e-03
-1.03360000e-04 -1.46125000e-03 1.11402000e-03 -2.77332000e-03 -2.88341000e-03 5.44754000e-03 3.97516000e-03 2.23662000e-03 6.10640000e-04 2.25459000e-03 -1.60320000e-04 -7.12783000e-03 1.35494000e-03 5.46509000e-03 -6.47148000e-03 -3.11570000e-03 2.02245000e-03 -5.13921000e-03 1.08237000e-03 5.98088000e-03 -6.62639000e-03 -1.62769000e-03 -1.40733000e-03 -2.08567000e-03 4.84523000e-03 6.72900000e-05 -2.95825000e-03 -1.45171000e-03 -1.41496000e-03 -2.89645000e-03 -4.28606000e-03 1.65582000e-03 1.05352000e-03 1.26082000e-03 -5.75673000e-03 -2.68004000e-03 9.32741000e-03 -2.00510000e-04 5.75801000e-03 -1.62789000e-03 1.46389000e-03 3.47016000e-03 -2.45270000e-03 1.80925000e-03 -3.45400000e-03 -4.79260000e-03 -9.04392000e-03 7.24400000e-04 -1.40339000e-03 -2.32493000e-03 -1.50291000e-03 -4.24354000e-03 -2.15937000e-03 4.15518000e-03 -2.70725000e-03 -1.95890000e-04 9.11411000e-03 -1.17973300e-02 -1.16218100e-02 -1.77806000e-03 3.73528000e-03 1.81235000e-03 1.22792000e-03 -5.08576000e-03 -2.92099000e-03 2.78281000e-03 -6.36450000e-04 -2.39834000e-03 4.81210000e-03 -9.94140000e-04 -3.21873000e-03 -3.24014000e-03 3.94810000e-04 9.05244000e-03 1.50902000e-03 -9.82630000e-04 -4.18582000e-03 -9.89170000e-04 5.40822000e-03 2.34437000e-03 -5.24386000e-03 6.21138000e-03 2.83360000e-03 3.46719000e-03 9.73130000e-04 2.68714000e-03 -2.85590000e-04 -5.47090000e-03 -6.01460000e-04 -8.26031000e-03 4.85053000e-03 1.06869300e-02 -1.39758000e-03 -2.61844000e-03 -1.39882000e-03 1.35890000e-03 4.88610000e-04 3.72730000e-04 -3.77760000e-04 -3.39774000e-03 3.09557000e-03 -2.46430000e-04 -1.83335000e-03 7.56450000e-04 -1.53971000e-03 -4.73169000e-03 -6.16100000e-03
-6.24770000e-04 4.95630000e-04 8.00090000e-04 -5.91820000e-04 8.62810000e-04 -8.21030000e-04 -1.75080000e-04 6.46080000e-04 7.53200000e-05 4.30140000e-04 -1.45790000e-04 2.81545000e-03 7.88740000e-04 -2.75700000e-04 3.38120000e-03 3.90080000e-04 4.12990000e-04 -5.14130000e-04 2.26730000e-04 -1.11514000e-03 3.08207000e-03 -1.69270000e-04 -1.67740000e-04 8.91180000e-04 3.17500000e-04 1.72620000e-04 2.92390000e-04 -1.36520000e-04 1.27678000e-03 -2.64970000e-04 4.81220000e-04 2.15040000e-04 3.69350000e-04 2.18960000e-04 -2.65990000e-04 5.72320000e-04 -3.55700000e-04 3.19210000e-04 -5.93270000e-04 5.36050000e-04 1.30820000e-04 -4.20660000e-04 1.63267000e-03 -3.08630000e-04 1.03532000e-03 -4.77950000e-04 2.59450000e-03 5.21170000e-04 6.66160000e-04 4.44200000e-05 2.49980000e-04 -3.38700000e-05 5.32570000e-04 3.65620000e-04 3.45140000e-04 8.62540000e-04 -1.62119000e-03 3.53721000e-03 1.78535000e-03 7.97480000e-04 -1.07032000e-03 -1.63546000e-03 8.81500000e-05 1.80426000e-03 -4.38110000e-04 6.93510000e-04 6.11480000e-04 1.73840000e-04 -6.22700000e-05 5.87080000e-04 1.82520000e-03 -2.09470000e-04 8.56000000e-06 -1.75029000e-03 1.31179000e-03 8.74120000e-04 1.47737000e-03 -1.07282000e-03 -9.43420000e-04 -3.22710000e-04 -4.75730000e-04 -8.68570000e-04 1.18800000e-04 -1.31690000e-04 -9.56000000e-06 3.28760000e-04 6.18700000e-04 5.05980000e-04 -1.05287000e-03 1.78510000e-03 3.39220000e-04 1.29011000e-03 2.51120000e-04 9.42700000e-04 2.31820000e-04 5.52310000e-04 -1.03161000e-03 5.51300000e-05 9.35000000e-05 2.05010000e-03 1.20100000e-05 6.63410000e-04 9.48160000e-04 1.12434000e-03 -1.91640000e-04 1.19920000e-03 3.46530000e-04
-3.08000000e-06 1.56548000e-03 -3.77180000e-04 1.80448000e-03 3.45870000e-03 -6.55909000e-03 -4.27072000e-03 -1.97348000e-03 -6.68280000e-04 -1.01721000e-03 1.94500000e-05 1.07763900e-02 -1.15969000e-03 -5.92580000e-03 1.12655400e-02 3.14052000e-03 -1.76915000e-03 4.45574000e-03 -9.37570000e-04 -7.05152000e-03 1.06992000e-02 1.97299000e-03 1.06424000e-03 2.58844000e-03 -4.48598000e-03 -6.54800000e-05 2.90429000e-03 1.79184000e-03 2.71422000e-03 2.37529000e-03 5.00819000e-03 -1.82809000e-03 -1.27938000e-03 -1.32440000e-03 5.40011000e-03 2.87116000e-03 -9.42472000e-03 2.27640000e-04 -6.37960000e-03 2.01214000e-03 -1.51414000e-03 -4.02635000e-03 3.92888000e-03 -2.12068000e-03 3.68217000e-03 4.76911000e-03 1.15683600e-02 -2.75120000e-04 1.70681000e-03 1.80110000e-03 1.62420000e-03 3.93744000e-03 2.40513000e-03 -2.98569000e-03 2.60838000e-03 9.41340000e-04 -1.04612100e-02 1.58594100e-02 1.38816700e-02 2.36702000e-03 -4.26737000e-03 -3.01661000e-03 -1.34413000e-03 6.60055000e-03 2.02881000e-03 -1.90562000e-03 1.19328000e-03 2.26785000e-03 -4.57010000e-03 1.35486000e-03 5.05234000e-03 2.77314000e-03 -6.53420000e-04 -1.07108200e-02 1.56530000e-04 2.35454000e-03 5.64902000e-03 -2.32020000e-04 -6.28294000e-03 -2.72550000e-03 5.00153000e-03 -7.07598000e-03 -2.56547000e-03 -3.45926000e-03 -1.11252000e-03 -2.40693000e-03 8.70950000e-04 6.49570000e-03 -5.55120000e-04 1.11058900e-02 -3.62705000e-03 -8.53113000e-03 2.49802000e-03 4.05661000e-03 1.96181000e-03 -5.21800000e-05 -8.32550000e-04 3.21600000e-04 1.23074000e-03 5.74231000e-03 -2.36592000e-03 1.37793000e-03 3.39798000e-03 1.09685000e-03 1.70326000e-03 7.22590000e-03 7.71879000e-03
6.31300000e-05 -1.11257000e-03 2.90120000e-04 -1.37082000e-03 -2.14618000e-03 3.73727000e-03 2.51295000e-03 1.14110000e-03 3.33520000e-04 9.91830000e-04 -5.77900000e-05 -5.69001000e-03 5.59790000e-04 3.45135000e-03 -5.65166000e-03 -2.04852000e-03 1.02689000e-03 -2.87722000e-03 5.86550000e-04 4.19350000e-03 -5.58447000e-03 -1.04427000e-03 -7.55320000e-04 -1.67482000e-03 2.80067000e-03 -5.03600000e-05 -1.94119000e-03 -9.36420000e-04 -1.50590000e-03 -1.69804000e-03 -2.98143000e-03 9.75840000e-04 5.59850000e-04 6.36650000e-04 -3.35257000e-03 -1.91425000e-03 5.84387000e-03 -2.77270000e-04 3.81418000e-03 -1.21281000e-03 7.94430000e-04 2.34259000e-03 -2.31711000e-03 1.26860000e-03 -2.48314000e-03 -2.75653000e-03 -6.84754000e-03 1.74070000e-04 -1.17312000e-03 -1.36762000e-03 -1.12262000e-03 -2.65480000e-03 -1.54276000e-03 2.25146000e-03 -1.83528000e-03 -5.14260000e-04 6.40760000e-03 -8.95194000e-03 -8.08898000e-03 -1.45867000e-03 2.79888000e-03 1.72119000e-03 7.75440000e-04 -3.95867000e-03 -1.55840000e-03 1.36935000e-03 -7.64810000e-04 -1.50157000e-03 2.89763000e-03 -8.45740000e-04 -2.85188000e-03 -1.87122000e-03 2.42390000e-04 6.39537000e-03 9.17300000e-05 -1.04007000e-03 -3.21704000e-03 -1.31350000e-04 3.71471000e-03 1.70029000e-03 -3.00050000e-03 4.21504000e-03 1.67534000e-03 2.16838000e-03 5.81430000e-04 1.48523000e-03 -4.79120000e-04 -3.72690000e-03 1.03090000e-04 -6.05401000e-03 2.66557000e-03 5.91926000e-03 -1.13071000e-03 -2.19302000e-03 -1.08440000e-03 4.39050000e-04 6.48650000e-04 5.30900000e-05 -4.05960000e-04 -3.21420000e-03 1.74979000e-03 -6.04170000e-04 -1.71502000e-03 -1.67750000e-04 -9.93130000e-04 -3.76898000e-03 -4.63385000e-03
5.52670000e-04 -3.32360000e-04 -5.75500000e-04 7.35490000e-04 -5.16970000e-04 2.06630000e-04 -2.00230000e-04 -7.87600000e-04 -1.02880000e-04 -4.75620000e-04 1.39090000e-04 -1.79861000e-03 -8.57710000e-04 -6.08500000e-05 -2.28063000e-03 -2.79000000e-05 -4.98530000e-04 8.59520000e-04 -2.19180000e-04 4.39070000e-04 -1.97174000e-03 2.34440000e-04 3.09390000e-04 -6.18310000e-04 -6.84520000e-04 -1.13580000e-04 6.18000000e-05 1.96490000e-04 -8.88900000e-04 5.76730000e-04 6.71800000e-05 -3.17580000e-04 -3.90270000e-04 -2.32330000e-04 6.95580000e-04 -2.66130000e-04 -4.70160000e-04 -2.08350000e-04 -2.66500000e-05 -2.61800000e-04 -2.16470000e-04 7.90900000e-05 -1.13287000e-03 1.39210000e-04 -5.91560000e-04 8.17720000e-04 -1.33952000e-03 -4.68780000e-04 -3.99520000e-04 1.59350000e-04 -1.45200000e-05 4.12300000e-04 -2.43170000e-04 -6.19370000e-04 -2.75700000e-05 -6.73840000e-04 5.31880000e-04 -1.94319000e-03 -5.92510000e-04 -3.97220000e-04 5.70010000e-04 1.33526000e-03 -2.27360000e-04 -1.06991000e-03 6.61660000e-04 -6.75690000e-04 -4.03830000e-04 8.40600000e-05 -2.71100000e-04 -3.27770000e-04 -1.18174000e-03 4.80350000e-04 -1.41800000e-05 6.34420000e-04 -8.85110000e-04 -6.06400000e-04 -9.20990000e-04 1.05727000e-03 3.77810000e-04 -7.39000000e-06 8.74680000e-04 1.84000000e-04 -2.83880000e-04 -1.48360000e-04 1.95900000e-05 -4.97750000e-04 -4.30200000e-04 2.87500000e-05 1.05975000e-03 -7.80440000e-04 -6.31390000e-04 -1.92968000e-03 -7.62000000e-05 -4.88650000e-04 -5.39300000e-05 -5.33600000e-04 7.93090000e-04 -4.81000000e-05 -4.22900000e-05 -1.35570000e-03 -2.16630000e-04 -4.31290000e-04 -5.83110000e-04 -9.34940000e-04 2.97220000e-04 -5.41230000e-04 5.43700000e-04
6.63200000e-05 -4.87950000e-04 5.85380000e-04 -8.53030000e-04 -1.30511000e-03 3.42748000e-03 2.24604000e-03 1.32698000e-03 7.06170000e-04 7.15060000e-04 8.49500000e-05 -5.30500000e-03 1.01058000e-03 2.93773000e-03 -5.68978000e-03 -1.64115000e-03 1.24936000e-03 -2.44193000e-03 4.92190000e-04 3.25469000e-03 -5.00991000e-03 -8.01900000e-04 -4.71440000e-04 -8.62570000e-04 2.33497000e-03 -7.36700000e-05 -1.49326000e-03 -6.10320000e-04 -9.87620000e-04 -1.28012000e-03 -2.59503000e-03 8.68030000e-04 8.64630000e-04 7.06960000e-04 -2.92997000e-03 -1.33899000e-03 4.57138000e-03 2.30950000e-04 3.21609000e-03 -1.09136000e-03 3.35010000e-04 1.83448000e-03 -1.63170000e-03 1.25253000e-03 -2.18640000e-03 -2.83585000e-03 -5.64453000e-03 4.10270000e-04 -6.62070000e-04 -8.71700000e-04 -1.03609000e-03 -2.18280000e-03 -9.74580000e-04 1.92969000e-03 -1.09211000e-03 -1.03460000e-04 4.87893000e-03 -7.62154000e-03 -7.38747000e-03 -1.30823000e-03 1.44390000e-03 1.27185000e-03 6.59840000e-04 -3.17537000e-03 -1.07627000e-03 1.43889000e-03 -2.49060000e-04 -1.06062000e-03 1.89597000e-03 -8.45660000e-04 -1.96571000e-03 -1.47354000e-03 5.42930000e-04 5.08799000e-03 1.31120000e-04 -8.33800000e-04 -2.37087000e-03 1.38500000e-04 2.78311000e-03 1.07236000e-03 -2.82001000e-03 3.45361000e-03 1.32064000e-03 1.71093000e-03 8.77230000e-04 1.48542000e-03 -2.51200000e-05 -3.29209000e-03 1.77670000e-04 -5.84608000e-03 2.13003000e-03 5.07480000e-03 -1.02643000e-03 -1.65412000e-03 -8.75070000e-04 5.71140000e-04 1.70200000e-04 1.12590000e-04 -1.78760000e-04 -2.38025000e-03 1.71713000e-03 -2.85060000e-04 -1.34793000e-03 -1.25000000e-06 -6.91210000e-04 -4.09735000e-03 -4.98941000e-03
-8.72000000e-06 4.05950000e-04 -3.00460000e-04 9.17370000e-04 8.17480000e-04 -1.55404000e-03 -1.18502000e-03 -7.28060000e-04 -1.73490000e-04 -6.70940000e-04 6.10000000e-05 1.81872000e-03 -4.45900000e-04 -1.57132000e-03 1.66237000e-03 9.64520000e-04 -5.96220000e-04 1.63182000e-03 -3.21270000e-04 -1.75164000e-03 1.84667000e-03 4.27690000e-04 4.86570000e-04 6.06830000e-04 -1.48138000e-03 7.65000000e-06 8.85360000e-04 3.76090000e-04 3.46100000e-04 9.60960000e-04 1.43443000e-03 -4.94020000e-04 -3.09480000e-04 -3.90450000e-04 1.80651000e-03 7.40280000e-04 -2.79041000e-03 4.82800000e-05 -1.71116000e-03 4.37430000e-04 -4.09800000e-04 -1.06620000e-03 6.45300000e-04 -5.13610000e-04 8.53500000e-04 1.54010000e-03 2.51799000e-03 -2.09010000e-04 3.47130000e-04 6.41220000e-04 5.64810000e-04 1.40334000e-03 6.11320000e-04 -1.31256000e-03 7.82980000e-04 1.47100000e-05 -2.72175000e-03 3.29040000e-03 3.25508000e-03 4.78220000e-04 -1.17169000e-03 -2.96260000e-04 -4.08900000e-04 1.32896000e-03 9.21650000e-04 -7.21830000e-04 2.02400000e-04 7.46090000e-04 -1.34943000e-03 2.11800000e-04 9.07480000e-04 1.01412000e-03 -1.31580000e-04 -2.65914000e-03 -2.50400000e-04 2.03550000e-04 1.16394000e-03 4.25230000e-04 -1.56983000e-03 -7.89830000e-04 1.59170000e-03 -1.84157000e-03 -8.43530000e-04 -1.00981000e-03 -3.18810000e-04 -7.96130000e-04 8.50100000e-05 1.56337000e-03 3.13840000e-04 2.27304000e-03 -1.48340000e-03 -3.42472000e-03 3.61190000e-04 7.50720000e-04 3.22910000e-04 -4.73500000e-04 -2.34250000e-04 -1.30870000e-04 4.98800000e-05 8.94770000e-04 -9.55160000e-04 8.37000000e-06 4.86880000e-04 -3.37030000e-04 3.79510000e-04 1.35711000e-03 2.20892000e-03
-4.54990000e-04 9.60300000e-05 5.70720000e-04 -6.83150000e-04 1.12710000e-04 1.63710000e-04 3.63360000e-04 6.53570000e-04 4.39400000e-05 3.69680000e-04 -1.41530000e-04 7.44910000e-04 6.56070000e-04 5.64430000e-04 1.08418000e-03 -1.44080000e-04 4.37150000e-04 -9.26140000e-04 2.47960000e-04 8.80900000e-05 8.58780000e-04 -3.74430000e-04 -2.93550000e-04 2.24280000e-04 7.53180000e-04 8.90200000e-05 -1.82610000e-04 -3.38130000e-04 5.17080000e-04 -5.20860000e-04 -3.54930000e-04 3.60740000e-04 3.66320000e-04 2.73660000e-04 -8.34700000e-04 1.79000000e-06 9.03010000e-04 1.32580000e-04 3.47530000e-04 1.38860000e-04 2.53500000e-04 2.03690000e-04 6.02260000e-04 9.20000000e-07 3.28270000e-04 -8.94660000e-04 3.72960000e-04 3.42690000e-04 2.21480000e-04 -2.05430000e-04 -1.02120000e-04 -5.92140000e-04 5.44100000e-05 6.05820000e-04 -1.39680000e-04 4.38480000e-04 2.17870000e-04 5.34690000e-04 -3.78790000e-04 2.58060000e-04 -1.08900000e-04 -8.62550000e-04 2.28960000e-04 4.58500000e-04 -5.87310000e-04 6.78080000e-04 1.97440000e-04 -1.91820000e-04 4.85650000e-04 2.68220000e-04 5.94410000e-04 -5.01380000e-04 4.31000000e-05 9.09800000e-05 7.89180000e-04 3.13740000e-04 3.06300000e-04 -7.85170000e-04 1.00340000e-04 1.77550000e-04 -9.36080000e-04 2.42880000e-04 3.88800000e-04 3.15760000e-04 7.89000000e-05 4.71770000e-04 2.56340000e-04 -4.31090000e-04 -7.24680000e-04 -1.40000000e-06 6.61220000e-04 1.98936000e-03 -1.31250000e-04 1.12850000e-04 -8.49100000e-05 3.61120000e-04 -5.61160000e-04 -3.09100000e-05 -1.01870000e-04 6.55170000e-04 2.58340000e-04 2.59490000e-04 2.11930000e-04 6.43330000e-04 -3.68470000e-04 -2.25500000e-05 -9.17190000e-04
-1.73600000e-04 -6.24180000e-04 7.14240000e-04 -1.50493000e-03 -1.31213000e-03 2.74469000e-03 2.09736000e-03 1.30791000e-03 3.49260000e-04 1.23026000e-03 -8.25400000e-05 -3.20537000e-03 8.65310000e-04 2.94944000e-03 -2.68451000e-03 -1.48721000e-03 1.15882000e-03 -2.70219000e-03 6.33600000e-04 2.99014000e-03 -2.81794000e-03 -9.21740000e-04 -7.26260000e-04 -8.64900000e-04 2.63044000e-03 1.45510000e-04 -1.43583000e-03 -8.34730000e-04 -4.35170000e-04 -1.45688000e-03 -1.96577000e-03 9.66130000e-04 6.58680000e-04 7.71570000e-04 -2.98877000e-03 -1.23758000e-03 4.85596000e-03 -5.17000000e-06 2.94172000e-03 -7.34450000e-04 9.29730000e-04 1.80188000e-03 -9.18950000e-04 8.86760000e-04 -1.56313000e-03 -2.44013000e-03 -4.14220000e-03 5.19480000e-04 -5.58450000e-04 -1.18431000e-03 -5.81530000e-04 -2.05876000e-03 -9.82490000e-04 2.12237000e-03 -1.27943000e-03 8.05100000e-05 4.50623000e-03 -5.44042000e-03 -5.65898000e-03 -7.17350000e-04 1.81154000e-03 8.14670000e-04 6.76230000e-04 -2.29082000e-03 -1.53984000e-03 1.55473000e-03 -1.33340000e-04 -1.17979000e-03 2.65792000e-03 -3.75990000e-04 -1.33870000e-03 -1.69500000e-03 2.38770000e-04 4.46937000e-03 1.14684000e-03 -3.80950000e-04 -1.91776000e-03 -6.41480000e-04 2.75745000e-03 1.18135000e-03 -2.75107000e-03 3.13647000e-03 1.53057000e-03 1.82390000e-03 5.00130000e-04 1.47951000e-03 -2.44200000e-05 -2.76139000e-03 -4.43590000e-04 -3.98309000e-03 2.50600000e-03 5.53739000e-03 -7.24420000e-04 -1.24300000e-03 -7.25630000e-04 7.07250000e-04 6.45900000e-05 1.52490000e-04 -2.64040000e-04 -1.44041000e-03 1.50487000e-03 -8.41200000e-05 -8.35840000e-04 4.70540000e-04 -8.66880000e-04 -2.12262000e-03 -2.69723000e-03
-1.22910000e-04 6.99000000e-06 1.09230000e-04 7.36600000e-05 -7.87600000e-05 3.89390000e-04 2.68900000e-04 1.69000000e-05 7.03200000e-05 -2.62030000e-04 1.12480000e-04 -6.51560000e-04 9.83000000e-06 7.75410000e-04 -7.00030000e-04 -1.75900000e-04 1.38950000e-04 -7.08900000e-05 -4.71500000e-05 3.22370000e-04 -4.81160000e-04 -2.19900000e-04 1.18800000e-05 -5.20800000e-05 1.45880000e-04 -6.32400000e-05 -1.47090000e-04 -2.06280000e-04 -4.14700000e-05 1.30120000e-04 5.40000000e-06 2.27000000e-06 1.98700000e-05 1.09940000e-04 -8.83100000e-05 -1.07550000e-04 2.94790000e-04 1.02150000e-04 3.08220000e-04 -2.41400000e-04 -6.92800000e-05 1.94890000e-04 -1.32800000e-04 9.44200000e-05 -4.54410000e-04 1.67200000e-05 -5.04470000e-04 1.01940000e-04 2.15800000e-05 -1.44280000e-04 -5.90000000e-05 -6.17200000e-05 2.94400000e-05 -2.09990000e-04 4.96100000e-05 1.88800000e-05 4.38690000e-04 -7.34430000e-04 -9.84740000e-04 -2.05130000e-04 1.44980000e-04 4.20440000e-04 -9.09900000e-05 -3.76220000e-04 6.16200000e-05 1.83970000e-04 1.67300000e-04 -6.24900000e-05 8.54700000e-05 -2.17480000e-04 -1.60190000e-04 -7.78500000e-05 1.45460000e-04 5.03640000e-04 1.50960000e-04 -6.15400000e-05 -2.76520000e-04 2.38940000e-04 3.02220000e-04 -6.42800000e-05 -7.38500000e-05 3.61370000e-04 1.01730000e-04 1.40450000e-04 1.82440000e-04 1.03810000e-04 6.64200000e-05 -4.84700000e-04 2.29080000e-04 -8.84300000e-04 -2.03630000e-04 -3.01950000e-04 -2.77470000e-04 -4.13340000e-04 -3.46490000e-04 -2.39090000e-04 -1.56840000e-04 -2.04660000e-04 -1.91350000e-04 -6.43060000e-04 -8.58300000e-05 -3.21720000e-04 -4.13720000e-04 -4.04550000e-04 -2.29130000e-04 -6.27090000e-04 -3.67440000e-04
-5.14200000e-05 3.88090000e-04 -4.03740000e-04 1.20019000e-03 8.05710000e-04 -1.48940000e-03 -1.14490000e-03 -9.37070000e-04 -1.92070000e-04 -9.77190000e-04 1.35230000e-04 1.64961000e-03 -6.63850000e-04 -1.20002000e-03 1.53041000e-03 9.71750000e-04 -6.66930000e-04 1.97607000e-03 -3.99870000e-04 -1.62969000e-03 1.82540000e-03 3.44020000e-04 5.99780000e-04 5.75980000e-04 -1.63496000e-03 -4.09500000e-05 8.75390000e-04 2.76950000e-04 2.93740000e-04 1.25629000e-03 1.83099000e-03 -5.61010000e-04 -4.15270000e-04 -4.23230000e-04 2.16917000e-03 6.48530000e-04 -2.93385000e-03 4.13400000e-05 -1.69352000e-03 2.69390000e-04 -4.96830000e-04 -1.02444000e-03 4.84200000e-04 -4.98100000e-04 4.87490000e-04 2.14562000e-03 2.35045000e-03 -2.24110000e-04 2.97350000e-04 5.74590000e-04 6.51320000e-04 1.63019000e-03 7.66490000e-04 -1.72948000e-03 8.61180000e-04 -9.09900000e-05 -2.59653000e-03 3.16930000e-03 3.02669000e-03 3.71970000e-04 -9.18030000e-04 2.82860000e-04 -5.57900000e-04 1.03244000e-03 1.13888000e-03 -7.81510000e-04 3.27090000e-04 8.22270000e-04 -1.33576000e-03 5.27900000e-05 7.26410000e-04 1.12245000e-03 -1.12710000e-04 -2.46679000e-03 -2.46380000e-04 1.89040000e-04 1.05668000e-03 7.90000000e-04 -1.44394000e-03 -8.36300000e-04 2.00607000e-03 -1.75685000e-03 -8.68950000e-04 -1.00777000e-03 -3.01740000e-04 -9.05960000e-04 6.39500000e-05 1.45564000e-03 6.70940000e-04 2.01479000e-03 -1.89114000e-03 -4.41698000e-03 2.59900000e-04 4.58380000e-04 3.85700000e-05 -7.95300000e-04 -2.36410000e-04 -3.14310000e-04 -7.53500000e-05 2.78620000e-04 -1.20998000e-03 -3.62380000e-04 1.72850000e-04 -8.19590000e-04 2.48030000e-04 1.26084000e-03 2.58726000e-03
2.16840000e-04 -6.15270000e-04 1.26150000e-04 -4.43660000e-04 -1.16662000e-03 1.94664000e-03 1.19952000e-03 3.44170000e-04 1.69710000e-04 3.59810000e-04 -9.87000000e-06 -3.42997000e-03 7.35800000e-05 1.77449000e-03 -3.55250000e-03 -1.02076000e-03 4.13570000e-04 -1.22600000e-03 2.11120000e-04 2.17318000e-03 -3.33352000e-03 -4.56580000e-04 -2.84890000e-04 -9.41340000e-04 1.17282000e-03 -7.54100000e-05 -8.98620000e-04 -4.04850000e-04 -9.34160000e-04 -5.70360000e-04 -1.38455000e-03 4.12060000e-04 2.34060000e-04 3.05690000e-04 -1.50424000e-03 -1.02070000e-03 2.71086000e-03 -1.36650000e-04 1.87215000e-03 -6.81430000e-04 2.66590000e-04 1.15083000e-03 -1.42175000e-03 6.96160000e-04 -1.48806000e-03 -1.17359000e-03 -3.73495000e-03 -1.15200000e-05 -6.42910000e-04 -5.88740000e-04 -5.43530000e-04 -1.18487000e-03 -7.44540000e-04 9.61440000e-04 -8.38640000e-04 -4.37350000e-04 3.24669000e-03 -4.98317000e-03 -4.28095000e-03 -8.23420000e-04 1.38090000e-03 1.28048000e-03 2.79820000e-04 -2.25867000e-03 -5.47580000e-04 6.22040000e-04 -4.03600000e-04 -7.00340000e-04 1.30199000e-03 -5.22640000e-04 -1.69985000e-03 -7.63470000e-04 1.54010000e-04 3.25566000e-03 6.50000000e-07 -7.08910000e-04 -1.83624000e-03 3.21960000e-04 1.93130000e-03 7.43650000e-04 -1.31049000e-03 2.10170000e-03 7.20310000e-04 9.89930000e-04 3.58000000e-04 6.06930000e-04 -3.23830000e-04 -1.85167000e-03 3.60270000e-04 -3.26852000e-03 1.15409000e-03 2.43680000e-03 -5.57950000e-04 -1.15761000e-03 -5.45650000e-04 1.20840000e-04 5.11850000e-04 4.26300000e-05 -1.67520000e-04 -1.91943000e-03 8.86860000e-04 -3.39120000e-04 -9.75150000e-04 -2.91420000e-04 -3.75750000e-04 -2.08330000e-03 -2.09829000e-03
1.31680000e-04 -3.70720000e-04 -7.07800000e-05 -2.98320000e-04 -7.93720000e-04 1.49409000e-03 9.04560000e-04 4.27530000e-04 2.11880000e-04 3.74260000e-04 -1.71700000e-05 -2.56793000e-03 2.24960000e-04 9.39720000e-04 -2.69688000e-03 -6.17860000e-04 3.46880000e-04 -8.34030000e-04 2.51670000e-04 1.70574000e-03 -2.57723000e-03 -3.34630000e-04 -1.42990000e-04 -5.98050000e-04 9.48100000e-04 4.98600000e-05 -5.90020000e-04 -2.95900000e-04 -7.46780000e-04 -5.63460000e-04 -1.11051000e-03 4.48300000e-04 3.03620000e-04 2.35730000e-04 -1.11663000e-03 -7.35590000e-04 2.13250000e-03 -9.87300000e-05 1.41814000e-03 -3.81680000e-04 3.84980000e-04 9.05640000e-04 -1.14430000e-03 5.45710000e-04 -8.41980000e-04 -9.44660000e-04 -2.90577000e-03 -2.27300000e-05 -5.42480000e-04 -3.15200000e-04 -2.88280000e-04 -7.82000000e-04 -6.37300000e-04 7.66730000e-04 -6.82920000e-04 -3.33550000e-04 2.46955000e-03 -3.85208000e-03 -3.05075000e-03 -5.49530000e-04 9.66730000e-04 8.86920000e-04 3.83080000e-04 -1.73762000e-03 -4.02900000e-04 3.07230000e-04 -4.04360000e-04 -4.60820000e-04 1.08413000e-03 -3.00470000e-04 -1.34008000e-03 -5.10120000e-04 9.57100000e-05 2.55296000e-03 -2.44010000e-04 -6.13150000e-04 -1.27298000e-03 1.82120000e-04 1.47844000e-03 7.07680000e-04 -1.05708000e-03 1.60466000e-03 5.64090000e-04 7.94020000e-04 1.62450000e-04 5.26230000e-04 -2.67930000e-04 -1.34083000e-03 2.57550000e-04 -2.44125000e-03 9.45470000e-04 1.95364000e-03 -4.71840000e-04 -8.27860000e-04 -3.27010000e-04 6.61500000e-05 3.66390000e-04 3.95700000e-05 -2.05650000e-04 -1.31921000e-03 6.15560000e-04 -2.40600000e-04 -6.86750000e-04 -1.91630000e-04 -2.81430000e-04 -1.52084000e-03 -1.55149000e-03
-6.11450000e-04 3.70160000e-04 2.28820000e-04 -2.74810000e-04 4.51780000e-04 1.10030000e-04 2.70140000e-04 4.97950000e-04 2.46430000e-04 -2.80770000e-04 1.28990000e-04 8.45390000e-04 6.12980000e-04 1.20650000e-04 9.89600000e-04 -1.93900000e-05 3.73480000e-04 -3.22180000e-04 -4.89900000e-05 2.55000000e-06 9.95380000e-04 -4.34300000e-04 -1.73660000e-04 4.99270000e-04 3.79950000e-04 -6.82800000e-05 -6.44700000e-05 -4.29270000e-04 6.23260000e-04 -1.69090000e-04 -3.55000000e-06 4.27200000e-05 7.61700000e-05 2.80630000e-04 -1.73530000e-04 2.63510000e-04 2.33870000e-04 3.50360000e-04 1.51780000e-04 8.86000000e-06 -6.59400000e-05 1.45280000e-04 5.86480000e-04 -1.63160000e-04 1.48710000e-04 -2.46090000e-04 7.32950000e-04 3.98420000e-04 3.73920000e-04 -1.28100000e-04 -1.74200000e-05 -1.11550000e-04 8.11300000e-05 -3.04920000e-04 2.77310000e-04 4.63320000e-04 -8.63500000e-05 9.42180000e-04 -2.99260000e-04 8.15100000e-05 -1.47610000e-04 -4.43320000e-04 -4.03200000e-05 5.76670000e-04 -8.66900000e-05 2.59520000e-04 3.86510000e-04 -7.67200000e-05 -8.19100000e-05 2.82500000e-05 6.81230000e-04 -8.74800000e-05 2.40020000e-04 -1.11420000e-04 4.03390000e-04 3.85260000e-04 5.69400000e-04 -3.72740000e-04 7.69000000e-06 -1.85780000e-04 -3.45590000e-04 6.10900000e-05 1.85450000e-04 1.94250000e-04 2.22710000e-04 3.64180000e-04 3.85070000e-04 -4.79910000e-04 -4.13120000e-04 -4.13310000e-04 -3.18970000e-04 1.04400000e-05 -4.62690000e-04 -3.35120000e-04 -3.64890000e-04 -2.96160000e-04 -8.17420000e-04 -4.56290000e-04 -4.37030000e-04 -2.06000000e-06 -3.95010000e-04 -3.09570000e-04 -2.66300000e-04 -2.28970000e-04 -4.48270000e-04 -3.24700000e-04 -7.11630000e-04
7.63100000e-05 -9.83400000e-05 3.26200000e-04 -2.32350000e-04 -1.18830000e-04 3.76590000e-04 2.91050000e-04 6.74200000e-05 1.39310000e-04 3.06030000e-04 1.12760000e-04 -4.15390000e-04 -2.25000000e-06 5.22280000e-04 -4.28850000e-04 -3.40820000e-04 2.43430000e-04 -4.20280000e-04 -1.73800000e-05 2.05150000e-04 -2.88180000e-04 8.08600000e-05 -8.29800000e-05 -1.34520000e-04 2.83510000e-04 -1.42610000e-04 -3.19990000e-04 1.17230000e-04 -4.15000000e-05 -1.60200000e-04 -2.28870000e-04 -1.06850000e-04 -6.92500000e-05 4.40900000e-05 -4.45030000e-04 -1.42430000e-04 5.07390000e-04 1.89000000e-05 3.57190000e-04 -2.94470000e-04 -2.26110000e-04 7.97600000e-05 2.54000000e-06 1.54600000e-04 -7.14560000e-04 -4.17610000e-04 -5.26320000e-04 1.93050000e-04 -2.62400000e-05 -3.54990000e-04 -2.06660000e-04 -3.69040000e-04 -7.88000000e-05 4.89070000e-04 -1.26610000e-04 1.54870000e-04 3.45600000e-04 -5.78320000e-04 -9.40650000e-04 -2.49230000e-04 1.56300000e-05 6.39300000e-05 -1.54660000e-04 -3.08790000e-04 -2.52280000e-04 5.05620000e-04 1.31610000e-04 -1.83610000e-04 -8.79000000e-06 -2.77650000e-04 1.16750000e-04 -2.76450000e-04 8.16000000e-05 3.93380000e-04 4.46400000e-04 1.91670000e-04 -1.98240000e-04 -5.65000000e-05 2.20770000e-04 -1.70200000e-04 -3.23000000e-04 3.62670000e-04 2.09480000e-04 2.07930000e-04 2.73190000e-04 2.50680000e-04 2.27320000e-04 -2.75020000e-04 2.85700000e-05 -5.80330000e-04 4.97260000e-04 9.51980000e-04 1.36670000e-04 9.48300000e-05 -4.97300000e-05 4.03350000e-04 -7.42800000e-05 2.49850000e-04 2.85370000e-04 7.90000000e-07 5.71340000e-04 1.93980000e-04 1.12490000e-04 3.22530000e-04 1.88200000e-05 -3.57350000e-04 -3.86280000e-04
-9.45500000e-05 9.18800000e-05 1.95030000e-04 4.12600000e-05 1.60870000e-04 2.31810000e-04 1.64440000e-04 1.43860000e-04 1.91470000e-04 1.82600000e-05 5.01000000e-05 -1.32650000e-04 1.81950000e-04 1.89840000e-04 -7.76600000e-05 -8.53000000e-05 2.09020000e-04 -6.22500000e-05 -5.23700000e-05 1.28430000e-04 1.65940000e-04 -5.09600000e-05 3.38900000e-05 1.92510000e-04 9.95100000e-05 -1.30260000e-04 -1.18090000e-04 -2.64800000e-05 1.47370000e-04 1.38800000e-05 1.51780000e-04 -2.26800000e-05 4.85900000e-05 4.80000000e-05 -6.09400000e-05 -1.38350000e-04 1.41520000e-04 1.35290000e-04 1.40460000e-04 -1.88720000e-04 -2.57430000e-04 2.75000000e-06 -5.14800000e-05 7.39400000e-05 -5.66340000e-04 4.65600000e-05 -3.05810000e-04 1.62240000e-04 -3.19000000e-05 -1.40460000e-04 -3.96200000e-05 -7.26100000e-05 7.47500000e-05 6.18400000e-05 8.23000000e-06 1.09300000e-04 1.41170000e-04 -1.65130000e-04 -6.46610000e-04 -1.69880000e-04 -2.17350000e-04 2.43120000e-04 -1.23670000e-04 -3.17390000e-04 -2.17100000e-05 3.71110000e-04 2.05630000e-04 -1.07200000e-05 -9.72900000e-05 -2.25820000e-04 1.15130000e-04 -5.30200000e-05 8.91600000e-05 1.74000000e-04 3.17470000e-04 1.24370000e-04 1.44890000e-04 1.52980000e-04 6.93300000e-05 -1.96640000e-04 -1.39680000e-04 1.21510000e-04 7.88800000e-05 8.22300000e-05 1.35570000e-04 1.79800000e-04 2.00690000e-04 -2.17330000e-04 9.96100000e-05 -4.46410000e-04 7.75500000e-05 1.43870000e-04 -1.21700000e-05 -2.62500000e-05 -1.82030000e-04 7.90400000e-05 -2.35450000e-04 1.78700000e-05 6.59600000e-05 -2.14930000e-04 1.81250000e-04 -2.87700000e-05 -4.20200000e-05 1.38400000e-05 -1.24370000e-04 -3.13700000e-04 -2.94510000e-04
-3.51660000e-04 -2.73700000e-05 1.01094000e-03 -1.33500000e-03 -2.23490000e-04 1.27850000e-03 1.28396000e-03 1.21920000e-03 3.73070000e-04 1.15678000e-03 -1.35080000e-04 -3.58010000e-04 1.06960000e-03 1.93844000e-03 4.15070000e-04 -7.81170000e-04 1.08086000e-03 -2.10028000e-03 4.57840000e-04 1.14639000e-03 2.84860000e-04 -6.03750000e-04 -5.90740000e-04 1.06810000e-04 1.88083000e-03 1.35160000e-04 -7.97570000e-04 -5.11840000e-04 6.88930000e-04 -1.03422000e-03 -7.30340000e-04 6.77580000e-04 6.04350000e-04 6.30900000e-04 -2.12907000e-03 -4.77060000e-04 2.85434000e-03 2.88820000e-04 1.50906000e-03 -2.85370000e-04 5.76420000e-04 7.92320000e-04 4.75520000e-04 3.74790000e-04 -6.79800000e-04 -1.77071000e-03 -9.86560000e-04 7.55400000e-04 5.37400000e-05 -8.80510000e-04 -1.24470000e-04 -1.23116000e-03 -2.22450000e-04 1.65340000e-03 -5.44570000e-04 6.35930000e-04 1.70328000e-03 -1.22162000e-03 -2.60028000e-03 -5.96400000e-05 5.06650000e-04 -2.05700000e-04 3.62370000e-04 -4.48700000e-04 -1.25235000e-03 1.54044000e-03 5.12700000e-04 -6.97250000e-04 1.64662000e-03 -3.08800000e-05 3.84340000e-04 -1.17062000e-03 1.72390000e-04 1.71836000e-03 1.88780000e-03 3.39730000e-04 -3.12900000e-04 -9.77860000e-04 1.13791000e-03 2.90290000e-04 -2.07666000e-03 1.43758000e-03 1.12547000e-03 1.12114000e-03 3.83900000e-04 1.19324000e-03 4.59680000e-04 -1.42944000e-03 -8.95340000e-04 -1.55365000e-03 1.87685000e-03 4.23352000e-03 -1.67400000e-04 -9.71200000e-05 -3.28290000e-04 9.36530000e-04 -5.67280000e-04 2.51470000e-04 4.67200000e-05 4.68710000e-04 1.11429000e-03 4.39420000e-04 1.56530000e-04 1.02949000e-03 -5.84110000e-04 -4.93350000e-04 -9.64960000e-04
4.18390000e-04 7.48200000e-04 -8.52830000e-04 2.06530000e-03 1.76134000e-03 -3.95538000e-03 -2.92717000e-03 -2.00422000e-03 -5.43480000e-04 -1.27689000e-03 1.05600000e-04 4.86760000e-03 -1.47465000e-03 -3.81711000e-03 4.64158000e-03 2.13537000e-03 -1.62124000e-03 3.86480000e-03 -7.81430000e-04 -4.17571000e-03 4.73614000e-03 1.38581000e-03 1.07013000e-03 1.16352000e-03 -3.61096000e-03 -5.59500000e-05 2.01053000e-03 1.24234000e-03 8.09330000e-04 2.21038000e-03 3.42165000e-03 -1.35027000e-03 -1.03578000e-03 -1.07470000e-03 4.30377000e-03 1.63617000e-03 -6.64106000e-03 -5.29800000e-05 -4.14069000e-03 1.03024000e-03 -1.05800000e-03 -2.54829000e-03 1.45145000e-03 -1.22382000e-03 1.92452000e-03 3.93566000e-03 6.11247000e-03 -6.37500000e-04 7.16520000e-04 1.40128000e-03 1.18944000e-03 3.15346000e-03 1.44571000e-03 -2.75122000e-03 1.71611000e-03 -8.82800000e-05 -6.35999000e-03 8.16994000e-03 8.31390000e-03 1.16562000e-03 -2.24536000e-03 -5.86640000e-04 -1.03344000e-03 3.17669000e-03 2.07358000e-03 -1.90906000e-03 3.93020000e-04 1.66283000e-03 -3.14263000e-03 5.61050000e-04 2.03995000e-03 2.34217000e-03 -4.48380000e-04 -6.30314000e-03 -7.52170000e-04 7.14420000e-04 2.68389000e-03 9.65660000e-04 -3.72304000e-03 -1.74144000e-03 4.11262000e-03 -4.40045000e-03 -1.96778000e-03 -2.40256000e-03 -7.77920000e-04 -2.06199000e-03 9.23100000e-05 4.12502000e-03 7.47710000e-04 6.15559000e-03 -3.17491000e-03 -7.79907000e-03 1.36358000e-03 2.04260000e-03 1.07664000e-03 -7.49320000e-04 7.12700000e-05 3.01000000e-05 5.75120000e-04 2.30605000e-03 -1.93822000e-03 2.99790000e-04 1.48298000e-03 -4.36940000e-04 1.27286000e-03 3.93253000e-03 5.66723000e-03
-2.54810000e-04 -2.56151000e-03 1.49623000e-03 -4.72584000e-03 -5.12123000e-03 9.60855000e-03 6.94216000e-03 4.12509000e-03 9.69400000e-04 3.44398000e-03 -4.67710000e-04 -1.26915000e-02 2.64109000e-03 9.41297000e-03 -1.18145800e-02 -5.46127000e-03 3.34370000e-03 -8.95980000e-03 1.90556000e-03 1.07290000e-02 -1.21967700e-02 -2.98648000e-03 -2.49691000e-03 -3.69273000e-03 8.44807000e-03 6.05300000e-05 -5.21695000e-03 -2.65625000e-03 -2.67461000e-03 -5.33827000e-03 -8.09078000e-03 3.11180000e-03 2.05029000e-03 2.05547000e-03 -1.00343800e-02 -4.87380000e-03 1.63607600e-02 -4.11240000e-04 1.02076400e-02 -2.76928000e-03 2.53123000e-03 6.23473000e-03 -4.80428000e-03 3.19493000e-03 -5.61191000e-03 -8.43704000e-03 -1.64754000e-02 9.81810000e-04 -2.63991000e-03 -3.76765000e-03 -2.99701000e-03 -7.75075000e-03 -3.82715000e-03 7.06013000e-03 -4.92358000e-03 -5.70160000e-04 1.65965600e-02 -2.13777300e-02 -2.05385800e-02 -3.24399000e-03 6.96259000e-03 2.96216000e-03 2.50058000e-03 -9.17392000e-03 -5.06923000e-03 4.40142000e-03 -1.53174000e-03 -4.19887000e-03 8.33468000e-03 -1.63807000e-03 -6.23443000e-03 -5.64350000e-03 6.41580000e-04 1.63283500e-02 1.36289000e-03 -2.03599000e-03 -7.44521000e-03 -1.73716000e-03 9.48103000e-03 4.68473000e-03 -9.25480000e-03 1.10114600e-02 4.91594000e-03 6.01219000e-03 1.47929000e-03 4.56667000e-03 -8.56310000e-04 -9.82716000e-03 -1.20245000e-03 -1.47640500e-02 8.18987000e-03 1.87095500e-02 -2.71837000e-03 -5.10996000e-03 -2.57402000e-03 2.04945000e-03 1.15278000e-03 3.58000000e-04 -8.76130000e-04 -6.64864000e-03 5.08227000e-03 -8.08400000e-04 -3.66487000e-03 9.85830000e-04 -2.83572000e-03 -8.97907000e-03 -1.29627900e-02
2.58800000e-05 -4.93610000e-04 9.59300000e-05 -3.78850000e-04 -9.86920000e-04 1.77134000e-03 1.12225000e-03 3.66020000e-04 1.59970000e-04 1.95110000e-04 2.41600000e-05 -2.96478000e-03 1.33330000e-04 1.68243000e-03 -2.99876000e-03 -8.83530000e-04 4.12240000e-04 -1.05643000e-03 1.97770000e-04 1.99638000e-03 -2.80320000e-03 -5.51230000e-04 -2.49520000e-04 -7.69180000e-04 1.11067000e-03 -4.01100000e-05 -8.01830000e-04 -5.15030000e-04 -7.53500000e-04 -4.88300000e-04 -1.13639000e-03 4.00250000e-04 2.24110000e-04 3.19580000e-04 -1.27937000e-03 -8.94410000e-04 2.47467000e-03 -7.75400000e-05 1.70632000e-03 -6.09720000e-04 3.01300000e-04 1.08574000e-03 -1.21610000e-03 5.92470000e-04 -1.30807000e-03 -9.37730000e-04 -3.26209000e-03 3.93600000e-05 -5.40290000e-04 -5.51530000e-04 -4.32360000e-04 -1.00133000e-03 -6.57000000e-04 6.79160000e-04 -7.14280000e-04 -3.48510000e-04 2.95574000e-03 -4.34033000e-03 -3.91188000e-03 -7.24670000e-04 1.26521000e-03 1.20493000e-03 2.60910000e-04 -1.99772000e-03 -4.70100000e-04 5.64860000e-04 -2.92610000e-04 -6.12720000e-04 1.25899000e-03 -4.69240000e-04 -1.47480000e-03 -6.93860000e-04 1.71600000e-04 2.96830000e-03 4.72200000e-05 -6.00730000e-04 -1.57234000e-03 2.85000000e-04 1.77381000e-03 6.81060000e-04 -1.15297000e-03 1.92066000e-03 6.70850000e-04 9.35810000e-04 3.05560000e-04 5.85670000e-04 -2.59900000e-04 -1.78246000e-03 3.17210000e-04 -3.03306000e-03 8.70780000e-04 1.91625000e-03 -6.54490000e-04 -1.20557000e-03 -6.36580000e-04 -7.63100000e-05 2.92540000e-04 -1.24580000e-04 -3.28580000e-04 -1.89036000e-03 5.91900000e-04 -4.86720000e-04 -1.02897000e-03 -4.53140000e-04 -5.03200000e-04 -1.90989000e-03 -1.86328000e-03
4.60860000e-04 -1.34100000e-05 -3.46870000e-04 5.74910000e-04 6.05900000e-05 -2.98840000e-04 -4.47430000e-04 -5.24520000e-04 6.88600000e-05 -8.61700000e-05 1.09000000e-04 -3.70460000e-04 -5.04280000e-04 -8.51440000e-04 -6.40460000e-04 2.27300000e-04 -3.24340000e-04 8.27320000e-04 -2.00990000e-04 -2.42490000e-04 -3.98180000e-04 4.50670000e-04 3.21420000e-04 -6.22600000e-05 -7.25600000e-04 -1.11000000e-04 2.61290000e-04 4.30240000e-04 -3.19830000e-04 4.26460000e-04 4.01320000e-04 -3.50310000e-04 -2.92570000e-04 -2.53390000e-04 7.15210000e-04 -1.02100000e-05 -9.43100000e-04 -5.30500000e-05 -5.07020000e-04 -6.62000000e-06 -3.47830000e-04 -3.33220000e-04 -5.06470000e-04 6.58000000e-06 -3.03000000e-04 7.25250000e-04 -1.76150000e-04 -2.60900000e-04 -2.07410000e-04 2.44650000e-04 1.34710000e-04 5.49940000e-04 -6.10800000e-05 -3.15040000e-04 1.25850000e-04 -3.11820000e-04 -5.13610000e-04 -1.49270000e-04 5.75860000e-04 -1.44930000e-04 -3.15340000e-04 6.54590000e-04 -2.30700000e-04 -3.65730000e-04 5.04460000e-04 -4.51250000e-04 -1.37830000e-04 2.22890000e-04 -6.02440000e-04 -1.94900000e-04 -2.95350000e-04 5.22350000e-04 -4.39300000e-05 -4.06970000e-04 -4.88410000e-04 -1.45070000e-04 1.08200000e-05 6.82050000e-04 -2.75680000e-04 -3.28450000e-04 7.35430000e-04 -4.40320000e-04 -3.60410000e-04 -3.35290000e-04 -4.48600000e-05 -3.63830000e-04 -9.79800000e-05 6.06740000e-04 6.35960000e-04 3.29900000e-04 -3.48980000e-04 -1.38163000e-03 3.07110000e-04 2.60770000e-04 2.69660000e-04 -6.20900000e-05 4.42220000e-04 2.20730000e-04 2.72500000e-04 -1.69020000e-04 3.04000000e-06 9.00100000e-05 1.35800000e-04 -2.04270000e-04 4.44230000e-04 2.39740000e-04 9.58350000e-04
-1.29070000e-04 -1.06570000e-04 1.93640000e-04 -5.46590000e-04 -2.04870000e-04 1.44710000e-04 1.94550000e-04 4.15300000e-04 -5.72400000e-05 5.01440000e-04 -1.94160000e-04 1.63310000e-04 3.27770000e-04 1.50300000e-05 3.60750000e-04 -4.14800000e-05 1.60650000e-04 -6.77650000e-04 3.14360000e-04 3.25480000e-04 -1.78700000e-05 -2.00810000e-04 -1.96230000e-04 -1.19220000e-04 5.75380000e-04 2.10210000e-04 -5.03300000e-05 -2.00110000e-04 4.58200000e-05 -5.09990000e-04 -5.47920000e-04 3.95130000e-04 3.01810000e-04 1.74370000e-04 -7.22110000e-04 -9.82500000e-05 9.21730000e-04 -8.14600000e-05 3.06100000e-04 2.96180000e-04 5.02290000e-04 2.80300000e-04 7.45300000e-05 6.84900000e-05 5.82130000e-04 -7.97350000e-04 -1.70430000e-04 3.41600000e-05 -3.60600000e-05 6.29000000e-06 -8.32000000e-06 -4.43580000e-04 -2.41010000e-04 6.53000000e-04 -3.27900000e-04 7.18000000e-05 4.98480000e-04 -2.96070000e-04 -1.40020000e-04 2.88590000e-04 1.61720000e-04 -5.73540000e-04 3.82820000e-04 1.15490000e-04 -4.57950000e-04 2.01280000e-04 -2.23570000e-04 -1.71600000e-04 6.54020000e-04 3.89970000e-04 -2.34600000e-05 -3.21370000e-04 -8.28800000e-05 3.75380000e-04 2.35070000e-04 -4.38600000e-05 -8.21500000e-05 -5.87450000e-04 3.09460000e-04 4.53630000e-04 -7.48810000e-04 2.98850000e-04 2.93910000e-04 2.87010000e-04 -1.01980000e-04 2.72200000e-04 -7.61900000e-05 -2.09480000e-04 -4.80910000e-04 1.31580000e-04 7.62140000e-04 1.84239000e-03 -6.58900000e-05 1.19530000e-04 1.85260000e-04 2.96410000e-04 -2.53600000e-05 9.71300000e-05 -9.94800000e-05 5.09360000e-04 2.61080000e-04 3.25580000e-04 2.09290000e-04 5.67500000e-04 -1.21300000e-04 1.64700000e-04 -4.22460000e-04
-9.50300000e-05 3.03500000e-04 5.95100000e-05 4.19220000e-04 6.10090000e-04 -8.94860000e-04 -5.96360000e-04 -3.10310000e-04 -2.41100000e-05 -2.27060000e-04 7.73400000e-05 1.43338000e-03 -1.56370000e-04 -7.44140000e-04 1.49222000e-03 5.29500000e-04 -1.79270000e-04 7.96260000e-04 -1.43010000e-04 -1.10500000e-03 1.60909000e-03 2.44090000e-04 2.60770000e-04 4.86430000e-04 -7.09140000e-04 3.96000000e-06 4.63210000e-04 2.24120000e-04 4.41320000e-04 5.23400000e-04 9.82260000e-04 -2.87800000e-04 -1.50660000e-04 -1.61900000e-04 9.36650000e-04 4.68980000e-04 -1.50881000e-03 1.04020000e-04 -9.63010000e-04 2.20380000e-04 -2.74790000e-04 -6.48440000e-04 6.62110000e-04 -2.81100000e-04 3.41460000e-04 8.35700000e-04 1.74298000e-03 5.59100000e-05 3.04490000e-04 2.39470000e-04 3.52880000e-04 7.56380000e-04 4.55920000e-04 -5.92270000e-04 4.93980000e-04 2.08380000e-04 -1.71951000e-03 2.38386000e-03 1.85122000e-03 3.27950000e-04 -8.10410000e-04 -2.69850000e-04 -2.91890000e-04 9.24800000e-04 4.12390000e-04 -1.13900000e-04 3.30950000e-04 4.30900000e-04 -7.33330000e-04 1.05230000e-04 8.80500000e-04 4.67060000e-04 -3.38900000e-05 -1.66681000e-03 2.90270000e-04 3.74240000e-04 8.88700000e-04 1.25880000e-04 -9.62640000e-04 -5.73810000e-04 8.33760000e-04 -1.06810000e-03 -3.86070000e-04 -5.10150000e-04 -8.92900000e-05 -3.13280000e-04 2.54220000e-04 9.01120000e-04 8.47900000e-05 1.42241000e-03 -6.79380000e-04 -1.63410000e-03 3.01650000e-04 5.93070000e-04 1.64840000e-04 -8.61100000e-05 -3.46100000e-04 2.56000000e-06 1.30480000e-04 7.71040000e-04 -3.93310000e-04 1.26540000e-04 4.47640000e-04 3.36600000e-05 1.66670000e-04 9.27930000e-04 1.40880000e-03
-5.51500000e-05 -1.41020000e-04 3.85050000e-04 -4.63020000e-04 -3.42470000e-04 1.19922000e-03 8.94300000e-04 6.15040000e-04 2.70330000e-04 4.73840000e-04 1.49500000e-05 -1.30802000e-03 4.63500000e-04 1.20354000e-03 -1.18908000e-03 -5.84630000e-04 5.75300000e-04 -9.97400000e-04 2.24760000e-04 1.18835000e-03 -1.07133000e-03 -2.79210000e-04 -2.00370000e-04 -1.72060000e-04 1.02132000e-03 -2.69400000e-05 -5.79840000e-04 -2.20250000e-04 -1.18020000e-04 -5.29090000e-04 -7.04890000e-04 3.78450000e-04 3.45080000e-04 3.13270000e-04 -1.13721000e-03 -5.14350000e-04 1.85267000e-03 8.75800000e-05 1.20065000e-03 -3.80630000e-04 1.45920000e-04 6.81600000e-04 -3.79120000e-04 4.29000000e-04 -8.96900000e-04 -9.19780000e-04 -1.79359000e-03 2.85130000e-04 -2.02160000e-04 -4.30110000e-04 -3.00360000e-04 -8.44250000e-04 -2.38210000e-04 8.94700000e-04 -4.41520000e-04 1.10860000e-04 1.78969000e-03 -2.18486000e-03 -2.45440000e-03 -3.73750000e-04 4.37540000e-04 3.62630000e-04 2.18430000e-04 -1.04749000e-03 -5.58200000e-04 7.82090000e-04 6.44300000e-05 -3.87410000e-04 8.22360000e-04 -2.67200000e-04 -4.45440000e-04 -6.73340000e-04 1.70860000e-04 1.79584000e-03 4.28530000e-04 -6.09400000e-05 -5.86590000e-04 -1.05930000e-04 1.04100000e-03 3.96860000e-04 -1.08831000e-03 1.26386000e-03 5.75850000e-04 6.80630000e-04 2.95070000e-04 6.58900000e-04 1.26400000e-04 -1.08396000e-03 -6.30200000e-05 -1.71456000e-03 1.01764000e-03 2.27328000e-03 -2.05150000e-04 -4.05050000e-04 -3.08060000e-04 3.91720000e-04 -4.08700000e-05 1.39940000e-04 4.44600000e-05 -6.28750000e-04 7.71440000e-04 1.67800000e-05 -2.76540000e-04 2.75210000e-04 -3.10400000e-04 -1.06998000e-03 -1.49828000e-03
-5.16110000e-04 1.77520000e-04 5.09500000e-04 -5.58950000e-04 2.44290000e-04 6.80400000e-05 2.92790000e-04 6.51200000e-04 6.71900000e-05 2.90100000e-04 -1.53120000e-04 8.77620000e-04 7.13390000e-04 4.07240000e-04 1.21956000e-03 -1.28100000e-05 4.17070000e-04 -7.51120000e-04 2.29810000e-04 -8.18100000e-05 1.06439000e-03 -3.64270000e-04 -2.22540000e-04 3.65320000e-04 6.43130000e-04 1.12660000e-04 -1.05990000e-04 -3.28020000e-04 5.72460000e-04 -4.41170000e-04 -1.50400000e-04 3.74970000e-04 4.07610000e-04 2.23300000e-04 -6.39460000e-04 5.65600000e-05 6.62820000e-04 1.40600000e-04 2.15370000e-04 1.50290000e-04 2.53060000e-04 7.85700000e-05 6.65100000e-04 -3.53900000e-05 3.69380000e-04 -7.10450000e-04 5.56060000e-04 3.52620000e-04 2.25180000e-04 -1.61750000e-04 2.50400000e-05 -3.89800000e-04 1.48090000e-04 4.48580000e-04 -8.66800000e-05 4.53990000e-04 -6.03100000e-05 8.23220000e-04 -1.33500000e-04 2.81010000e-04 -2.06010000e-04 -8.43210000e-04 2.19620000e-04 5.18940000e-04 -5.00640000e-04 6.48150000e-04 2.44770000e-04 -9.09600000e-05 3.98670000e-04 2.51560000e-04 6.88200000e-04 -3.81570000e-04 1.43200000e-05 -1.25490000e-04 8.00630000e-04 2.94030000e-04 4.44760000e-04 -7.36570000e-04 -5.91500000e-05 9.39700000e-05 -8.02510000e-04 8.40700000e-05 3.49550000e-04 2.47040000e-04 2.98000000e-06 4.33660000e-04 2.76180000e-04 -3.25700000e-04 -7.06030000e-04 1.06610000e-04 4.99840000e-04 1.60192000e-03 -1.35600000e-04 1.60930000e-04 -1.22490000e-04 2.82310000e-04 -6.69350000e-04 -6.62800000e-05 -1.37480000e-04 7.11080000e-04 1.33920000e-04 1.97070000e-04 2.28250000e-04 5.55740000e-04 -4.02990000e-04 5.73000000e-05 -6.76790000e-04
-1.15970000e-04 7.00670000e-04 8.52900000e-05 6.62170000e-04 1.43534000e-03 -2.12452000e-03 -1.30336000e-03 -5.08400000e-04 -8.06400000e-05 -3.22370000e-04 4.67700000e-05 3.90018000e-03 -1.93610000e-04 -1.73773000e-03 4.27077000e-03 1.10438000e-03 -3.84820000e-04 1.51299000e-03 -3.26470000e-04 -2.36284000e-03 4.22667000e-03 6.09440000e-04 4.09790000e-04 1.19200000e-03 -1.39928000e-03 -3.90400000e-05 9.92840000e-04 5.46640000e-04 1.25628000e-03 9.45650000e-04 2.12068000e-03 -5.62790000e-04 -3.30120000e-04 -3.19550000e-04 1.85746000e-03 9.45590000e-04 -3.12828000e-03 2.46570000e-04 -2.11515000e-03 5.94750000e-04 -5.81250000e-04 -1.36530000e-03 1.51338000e-03 -7.11660000e-04 9.18670000e-04 1.84161000e-03 4.08333000e-03 1.02970000e-04 6.63080000e-04 5.36830000e-04 6.97140000e-04 1.43623000e-03 1.01662000e-03 -1.05306000e-03 9.90400000e-04 4.80860000e-04 -3.60101000e-03 5.75165000e-03 4.52961000e-03 8.17580000e-04 -1.69458000e-03 -7.87810000e-04 -5.42960000e-04 2.18181000e-03 7.02060000e-04 -3.21270000e-04 7.46700000e-04 8.27740000e-04 -1.50208000e-03 3.68520000e-04 1.96789000e-03 9.11120000e-04 -1.30900000e-04 -3.65757000e-03 5.61350000e-04 9.61830000e-04 2.19809000e-03 4.71200000e-05 -2.10764000e-03 -1.12278000e-03 1.66115000e-03 -2.37788000e-03 -7.97620000e-04 -1.12674000e-03 -3.00900000e-04 -6.61410000e-04 5.02970000e-04 2.15621000e-03 -1.43370000e-04 3.71611000e-03 -1.23033000e-03 -2.99405000e-03 8.69390000e-04 1.42687000e-03 5.32330000e-04 2.25000000e-06 -5.26540000e-04 1.03020000e-04 4.26800000e-04 1.91745000e-03 -7.57550000e-04 4.53910000e-04 1.18102000e-03 3.73150000e-04 4.51400000e-04 2.53325000e-03 2.95460000e-03
-2.81690000e-04 2.11520000e-04 3.23960000e-04 -2.47760000e-04 3.56770000e-04 -2.36140000e-04 -2.77300000e-05 3.13180000e-04 9.94400000e-05 9.35500000e-05 -5.03500000e-05 9.99360000e-04 3.89210000e-04 -1.11010000e-04 1.17988000e-03 8.12300000e-05 1.99350000e-04 -2.65180000e-04 4.02400000e-05 -3.36630000e-04 1.12882000e-03 -1.17580000e-04 -8.81600000e-05 3.69410000e-04 1.47570000e-04 -2.67100000e-05 4.79100000e-05 -9.43900000e-05 5.26280000e-04 -1.62080000e-04 8.26400000e-05 5.08900000e-05 1.31640000e-04 8.52300000e-05 -1.65400000e-04 1.41240000e-04 -7.55800000e-05 1.79570000e-04 -1.75050000e-04 1.51550000e-04 -9.93700000e-05 -1.36170000e-04 5.05030000e-04 -1.10210000e-04 2.42340000e-04 -2.40770000e-04 7.92860000e-04 2.14940000e-04 2.20930000e-04 -1.30200000e-05 -1.32700000e-05 -1.33170000e-04 1.48990000e-04 1.31280000e-04 1.08070000e-04 3.40440000e-04 -4.83940000e-04 1.16108000e-03 3.64410000e-04 2.11620000e-04 -4.17480000e-04 -5.85660000e-04 4.77000000e-06 5.49400000e-04 -1.73820000e-04 3.20060000e-04 2.31070000e-04 1.73800000e-05 -1.25570000e-04 1.51420000e-04 6.67790000e-04 -8.12100000e-05 4.38600000e-05 -5.56780000e-04 4.46050000e-04 3.54290000e-04 5.86730000e-04 -3.77070000e-04 -3.29150000e-04 -1.66230000e-04 -2.82670000e-04 -2.82190000e-04 7.68000000e-05 -1.71000000e-05 5.42300000e-05 1.75660000e-04 2.71130000e-04 4.53900000e-05 -4.03780000e-04 4.27050000e-04 1.11360000e-04 5.76270000e-04 2.76100000e-05 2.54400000e-04 1.44300000e-05 1.86380000e-04 -4.46530000e-04 -3.01700000e-05 1.23700000e-05 6.01120000e-04 2.04300000e-05 2.02600000e-04 2.67810000e-04 3.81350000e-04 -1.31420000e-04 2.09960000e-04 -3.46940000e-04
-1.34750000e-04 -2.34000000e-05 2.13230000e-04 -1.74060000e-04 -1.95430000e-04 9.43870000e-04 6.51280000e-04 4.64600000e-04 2.58470000e-04 1.60480000e-04 4.02800000e-05 -1.24418000e-03 4.07780000e-04 8.37680000e-04 -1.24179000e-03 -3.31620000e-04 4.28520000e-04 -5.70760000e-04 1.62590000e-04 8.66290000e-04 -9.96700000e-04 -3.16940000e-04 -6.69200000e-05 -4.45200000e-05 6.76920000e-04 2.64400000e-05 -3.53990000e-04 -2.65760000e-04 -1.11290000e-04 -2.85730000e-04 -4.43090000e-04 3.05400000e-04 3.15980000e-04 2.45940000e-04 -6.89020000e-04 -3.18130000e-04 1.23251000e-03 1.35310000e-04 8.60020000e-04 -2.81060000e-04 1.47460000e-04 4.93930000e-04 -3.16150000e-04 3.22700000e-04 -5.98800000e-04 -6.04030000e-04 -1.35382000e-03 2.17600000e-04 -1.29930000e-04 -2.41090000e-04 -1.17710000e-04 -4.26980000e-04 -1.66810000e-04 3.94160000e-04 -2.25850000e-04 7.05300000e-05 1.22734000e-03 -1.76591000e-03 -1.95000000e-03 -2.88880000e-04 2.75700000e-04 4.14010000e-04 1.73150000e-04 -8.12170000e-04 -2.51320000e-04 4.95410000e-04 6.80200000e-05 -2.08510000e-04 5.90420000e-04 -2.20810000e-04 -3.66280000e-04 -3.67190000e-04 1.72360000e-04 1.31868000e-03 2.59080000e-04 -1.68140000e-04 -4.54160000e-04 5.91200000e-05 7.52640000e-04 2.38880000e-04 -7.34890000e-04 9.08030000e-04 3.93510000e-04 4.97730000e-04 2.21200000e-04 4.76270000e-04 9.46300000e-05 -9.21510000e-04 7.23400000e-05 -1.58340000e-03 4.78050000e-04 1.15065000e-03 -3.49580000e-04 -4.56850000e-04 -3.50880000e-04 5.94400000e-05 -1.75380000e-04 -5.70900000e-05 -1.56380000e-04 -6.32530000e-04 3.39160000e-04 -1.68560000e-04 -3.88650000e-04 -8.45200000e-05 -3.20080000e-04 -1.03245000e-03 -1.05034000e-03
-4.64380000e-04 2.15780000e-04 5.28420000e-04 -5.00390000e-04 3.28520000e-04 -5.76400000e-05 2.02150000e-04 5.75440000e-04 7.52700000e-05 2.32640000e-04 -8.27100000e-05 1.13724000e-03 6.07730000e-04 3.22890000e-04 1.46560000e-03 -9.99000000e-06 3.88390000e-04 -6.32390000e-04 1.80400000e-04 -1.52620000e-04 1.29007000e-03 -2.91020000e-04 -1.95570000e-04 3.94910000e-04 5.29180000e-04 5.47800000e-05 -5.01900000e-05 -2.61130000e-04 6.42420000e-04 -3.54790000e-04 -8.18400000e-05 2.50530000e-04 3.05590000e-04 2.30580000e-04 -5.20450000e-04 1.14400000e-04 4.48900000e-04 2.00670000e-04 9.10700000e-05 1.84260000e-04 1.06240000e-04 5.74100000e-05 7.08780000e-04 -6.25600000e-05 3.53560000e-04 -5.75440000e-04 7.71680000e-04 3.41350000e-04 2.99160000e-04 -9.60300000e-05 -5.85000000e-05 -3.94070000e-04 1.79280000e-04 3.77620000e-04 2.51400000e-05 4.82220000e-04 -1.57690000e-04 1.13902000e-03 7.08500000e-05 2.96050000e-04 -3.83270000e-04 -8.49180000e-04 1.46750000e-04 6.36600000e-04 -4.27080000e-04 5.77250000e-04 3.01740000e-04 -6.27100000e-05 2.15950000e-04 2.55450000e-04 7.75840000e-04 -3.63700000e-04 7.46000000e-05 -2.89010000e-04 6.89350000e-04 4.40580000e-04 5.99530000e-04 -6.56110000e-04 -1.45790000e-04 3.69500000e-05 -6.52040000e-04 -2.47100000e-05 2.38730000e-04 1.48950000e-04 7.42100000e-05 3.77990000e-04 3.29250000e-04 -1.93070000e-04 -6.38430000e-04 3.36420000e-04 3.96710000e-04 1.39461000e-03 -6.06500000e-05 2.04940000e-04 -5.64100000e-05 2.86630000e-04 -6.11270000e-04 -6.07300000e-05 -6.41300000e-05 7.04730000e-04 1.18960000e-04 2.37250000e-04 2.69360000e-04 5.77660000e-04 -3.12320000e-04 1.49520000e-04 -7.40530000e-04
5.96810000e-04 -5.73640000e-04 -3.75070000e-04 8.46600000e-05 -9.67840000e-04 1.11968000e-03 4.21160000e-04 -3.01450000e-04 1.22990000e-04 1.38940000e-04 1.28710000e-04 -2.85493000e-03 -5.51030000e-04 3.44040000e-04 -3.26114000e-03 -6.46820000e-04 -1.05930000e-04 -1.99170000e-04 -5.24100000e-05 1.47078000e-03 -3.03756000e-03 5.62300000e-05 2.98000000e-06 -9.63150000e-04 1.88840000e-04 -1.93630000e-04 -4.94200000e-04 6.74900000e-05 -1.12889000e-03 -1.77880000e-04 -9.65950000e-04 -1.25810000e-04 -2.64140000e-04 -5.45000000e-05 -5.07750000e-04 -7.46550000e-04 1.19720000e-03 -2.18170000e-04 9.42090000e-04 -4.71530000e-04 -1.36680000e-04 6.30770000e-04 -1.62408000e-03 4.79200000e-04 -1.23449000e-03 -3.26530000e-04 -2.99038000e-03 -3.42910000e-04 -6.95160000e-04 -2.32360000e-04 -4.50960000e-04 -5.35580000e-04 -8.24600000e-04 4.07610000e-04 -5.68130000e-04 -6.66200000e-04 2.12612000e-03 -3.96285000e-03 -2.61692000e-03 -7.82540000e-04 9.41490000e-04 1.40779000e-03 1.13300000e-05 -1.93991000e-03 6.89000000e-06 -1.81190000e-04 -6.21860000e-04 -4.20710000e-04 3.98530000e-04 -5.32320000e-04 -1.65147000e-03 -1.37220000e-04 6.25900000e-05 2.15411000e-03 -8.07080000e-04 -6.40110000e-04 -1.46800000e-03 7.37720000e-04 1.24708000e-03 3.80130000e-04 -2.79970000e-04 1.20733000e-03 1.74760000e-04 4.47300000e-04 2.27420000e-04 5.97800000e-05 -4.16000000e-04 -8.74740000e-04 7.89130000e-04 -2.12927000e-03 4.97310000e-04 5.84000000e-04 -2.01620000e-04 -7.72050000e-04 -1.29920000e-04 -4.02400000e-05 9.03550000e-04 1.58000000e-04 6.47000000e-05 -1.68973000e-03 5.66880000e-04 -2.41780000e-04 -6.98150000e-04 -4.67980000e-04 1.54430000e-04 -1.37321000e-03 -1.01961000e-03
3.76930000e-04 -5.17990000e-04 -1.31140000e-04 -3.26710000e-04 -9.97220000e-04 1.66893000e-03 9.88450000e-04 3.08270000e-04 1.81260000e-04 5.09970000e-04 3.12700000e-05 -2.96518000e-03 3.11000000e-05 1.13518000e-03 -3.15664000e-03 -7.73940000e-04 3.08210000e-04 -8.97110000e-04 2.33860000e-04 1.90496000e-03 -3.07448000e-03 -1.57470000e-04 -1.68120000e-04 -8.29490000e-04 9.96090000e-04 3.04900000e-05 -7.10290000e-04 -1.24090000e-04 -9.67730000e-04 -5.87210000e-04 -1.27227000e-03 3.82460000e-04 1.94710000e-04 2.07620000e-04 -1.21745000e-03 -7.85590000e-04 2.34527000e-03 -2.02580000e-04 1.61122000e-03 -4.97530000e-04 3.91440000e-04 9.89820000e-04 -1.32118000e-03 6.33390000e-04 -1.07922000e-03 -9.82230000e-04 -3.30147000e-03 -5.54000000e-05 -6.28190000e-04 -4.09250000e-04 -3.64790000e-04 -8.67540000e-04 -7.62570000e-04 9.68460000e-04 -7.74870000e-04 -4.13140000e-04 2.82788000e-03 -4.39387000e-03 -3.24434000e-03 -6.95310000e-04 1.24563000e-03 1.05809000e-03 3.68380000e-04 -1.95322000e-03 -4.51190000e-04 2.86090000e-04 -5.07590000e-04 -5.53930000e-04 1.14371000e-03 -3.96430000e-04 -1.56455000e-03 -5.80840000e-04 8.30500000e-05 2.88759000e-03 -3.69930000e-04 -6.62280000e-04 -1.57527000e-03 2.58480000e-04 1.69910000e-03 7.93290000e-04 -1.02033000e-03 1.83050000e-03 6.04810000e-04 8.67080000e-04 2.12360000e-04 5.18480000e-04 -3.26170000e-04 -1.31071000e-03 3.66680000e-04 -2.54890000e-03 1.14826000e-03 2.15007000e-03 -3.13970000e-04 -8.24630000e-04 -2.33410000e-04 2.14380000e-04 6.90770000e-04 2.14550000e-04 -1.54000000e-05 -1.44877000e-03 8.57050000e-04 -1.80370000e-04 -6.66020000e-04 -1.34030000e-04 -1.19160000e-04 -1.52823000e-03 -1.48829000e-03
6.28510000e-04 4.27410000e-04 -4.40750000e-04 1.11833000e-03 1.09281000e-03 -2.24203000e-03 -1.74805000e-03 -1.19266000e-03 -8.36400000e-05 -3.17180000e-04 1.78800000e-04 2.78321000e-03 -9.50470000e-04 -2.67201000e-03 2.59536000e-03 1.07834000e-03 -8.54250000e-04 2.14924000e-03 -5.42330000e-04 -2.38135000e-03 2.71300000e-03 1.21513000e-03 6.30710000e-04 6.71460000e-04 -2.13029000e-03 -1.96770000e-04 1.08030000e-03 1.14462000e-03 4.64720000e-04 1.15315000e-03 1.84432000e-03 -1.03773000e-03 -7.90140000e-04 -6.73650000e-04 2.31294000e-03 8.87870000e-04 -3.83398000e-03 2.43300000e-05 -2.40962000e-03 5.19980000e-04 -9.55370000e-04 -1.58438000e-03 6.57020000e-04 -6.04410000e-04 5.97710000e-04 2.11533000e-03 3.25783000e-03 -3.24880000e-04 3.11540000e-04 7.38480000e-04 5.31960000e-04 1.68141000e-03 6.01880000e-04 -1.08977000e-03 9.40380000e-04 -5.37000000e-06 -3.65282000e-03 4.56548000e-03 4.72302000e-03 4.64580000e-04 -1.61703000e-03 -2.19190000e-04 -7.18020000e-04 1.60624000e-03 1.11572000e-03 -1.00257000e-03 2.27130000e-04 8.60330000e-04 -2.13420000e-03 1.19030000e-04 1.25502000e-03 1.34197000e-03 -2.07740000e-04 -3.64040000e-03 -4.78450000e-04 6.39150000e-04 1.68042000e-03 6.73940000e-04 -2.17275000e-03 -1.24972000e-03 2.29041000e-03 -2.55937000e-03 -1.15820000e-03 -1.39180000e-03 -2.77120000e-04 -1.08665000e-03 2.24210000e-04 2.65614000e-03 5.23510000e-04 3.68418000e-03 -1.34703000e-03 -3.88901000e-03 1.20757000e-03 1.57916000e-03 9.62540000e-04 8.27900000e-05 3.32070000e-04 4.60250000e-04 8.43890000e-04 1.60411000e-03 -5.14290000e-04 6.19560000e-04 1.25477000e-03 2.33920000e-04 1.11940000e-03 2.41613000e-03 3.26714000e-03
2.45020000e-04 1.27950000e-04 -1.78190000e-04 5.52050000e-04 3.33620000e-04 -6.86670000e-04 -5.90660000e-04 -5.29830000e-04 8.39000000e-06 -2.78690000e-04 1.48760000e-04 6.39440000e-04 -4.68640000e-04 -9.14710000e-04 4.22510000e-04 3.77500000e-04 -3.36720000e-04 9.28220000e-04 -2.29140000e-04 -6.78710000e-04 5.58160000e-04 4.00500000e-04 3.00310000e-04 1.51250000e-04 -8.53900000e-04 -1.16310000e-04 4.06330000e-04 3.66600000e-04 3.41100000e-05 5.63580000e-04 6.37340000e-04 -4.37940000e-04 -3.54230000e-04 -1.96180000e-04 9.51140000e-04 3.03720000e-04 -1.40453000e-03 4.28200000e-05 -8.10810000e-04 1.29070000e-04 -4.40240000e-04 -4.53610000e-04 5.72300000e-05 -1.85340000e-04 8.76600000e-05 8.68900000e-04 9.19410000e-04 -1.52730000e-04 1.20470000e-04 3.16540000e-04 1.47270000e-04 6.27630000e-04 2.00070000e-04 -5.86380000e-04 4.07320000e-04 -6.90100000e-05 -1.13227000e-03 1.23617000e-03 1.36362000e-03 1.32730000e-04 -5.09510000e-04 1.55000000e-04 -3.47810000e-04 4.09160000e-04 5.85530000e-04 -4.43850000e-04 5.80700000e-05 3.37290000e-04 -8.82180000e-04 3.29000000e-06 2.76600000e-04 5.66500000e-04 1.04200000e-05 -1.11545000e-03 -2.80060000e-04 1.72610000e-04 4.63200000e-04 4.74920000e-04 -6.20140000e-04 -4.73480000e-04 9.88950000e-04 -8.05410000e-04 -4.53330000e-04 -4.94570000e-04 3.03600000e-05 -4.32980000e-04 8.18300000e-05 8.36060000e-04 4.61730000e-04 9.76700000e-04 -6.81250000e-04 -1.78165000e-03 3.05880000e-04 3.86470000e-04 2.77300000e-04 -1.55490000e-04 1.42270000e-04 7.02200000e-05 2.03830000e-04 2.02980000e-04 -2.65250000e-04 9.14000000e-05 2.47360000e-04 -1.68090000e-04 4.05710000e-04 5.71020000e-04 1.07031000e-03
8.57200000e-05 6.29700000e-04 -3.69300000e-05 5.04370000e-04 9.56710000e-04 -6.95570000e-04 -3.52420000e-04 1.39250000e-04 2.27470000e-04 -4.74400000e-05 -4.88500000e-05 1.58335000e-03 3.52980000e-04 -7.25430000e-04 1.66139000e-03 6.73520000e-04 8.29900000e-05 6.71150000e-04 6.32400000e-05 -8.17900000e-04 1.68917000e-03 3.20150000e-04 2.76280000e-04 9.15460000e-04 -3.95820000e-04 1.70900000e-04 6.78700000e-04 3.07600000e-04 7.99550000e-04 4.02610000e-04 9.35300000e-04 1.00770000e-04 2.68370000e-04 9.42400000e-05 7.10980000e-04 5.00860000e-04 -1.12770000e-03 3.80940000e-04 -7.51100000e-04 4.18730000e-04 1.11470000e-04 -4.06010000e-04 7.33190000e-04 -6.78000000e-05 7.92070000e-04 7.32340000e-04 1.77248000e-03 1.73950000e-04 4.17180000e-04 5.83200000e-04 5.25820000e-04 8.60250000e-04 7.21330000e-04 -3.43440000e-04 6.56780000e-04 2.81200000e-04 -1.47054000e-03 2.30228000e-03 1.84846000e-03 5.62200000e-04 -6.58650000e-04 -1.33520000e-04 9.79500000e-05 9.05500000e-04 4.90640000e-04 -2.99950000e-04 5.40420000e-04 5.06550000e-04 -4.40470000e-04 4.06090000e-04 7.61880000e-04 5.63830000e-04 8.12300000e-05 -1.31342000e-03 9.83100000e-05 3.53620000e-04 1.10960000e-03 2.21120000e-04 -7.73400000e-04 -2.69500000e-04 6.23910000e-04 -8.53370000e-04 -2.06890000e-04 -3.55550000e-04 -2.63500000e-05 -9.86100000e-05 2.70640000e-04 9.06490000e-04 2.83600000e-05 1.35399000e-03 -4.17280000e-04 -1.05953000e-03 3.30120000e-04 6.49450000e-04 4.07180000e-04 4.95600000e-05 -1.23580000e-04 1.04860000e-04 1.72680000e-04 9.43160000e-04 -2.57860000e-04 3.37170000e-04 5.42900000e-04 2.01900000e-04 3.33480000e-04 9.20860000e-04 1.05787000e-03
4.49640000e-04 1.76710000e-04 -4.65630000e-04 9.26750000e-04 4.69940000e-04 -1.22604000e-03 -1.05615000e-03 -9.33970000e-04 -1.31060000e-04 -4.29650000e-04 1.52250000e-04 9.78920000e-04 -7.83550000e-04 -1.44902000e-03 6.84160000e-04 6.52930000e-04 -6.48810000e-04 1.56150000e-03 -3.79920000e-04 -1.30174000e-03 8.72190000e-04 7.27430000e-04 4.78550000e-04 2.01550000e-04 -1.44098000e-03 -1.19440000e-04 6.54720000e-04 6.73390000e-04 -4.90100000e-05 8.75030000e-04 1.11861000e-03 -6.53680000e-04 -5.29100000e-04 -4.72500000e-04 1.61564000e-03 4.51650000e-04 -2.40572000e-03 -7.19800000e-05 -1.41204000e-03 1.99900000e-04 -5.50680000e-04 -9.10240000e-04 7.10000000e-05 -3.21700000e-04 2.35030000e-04 1.50132000e-03 1.48321000e-03 -3.33770000e-04 7.28400000e-05 4.78910000e-04 3.40040000e-04 1.16991000e-03 3.36760000e-04 -9.38140000e-04 5.47970000e-04 -2.22710000e-04 -2.03429000e-03 2.00650000e-03 2.54218000e-03 1.39320000e-04 -7.54390000e-04 2.53750000e-04 -4.63690000e-04 6.07260000e-04 8.77460000e-04 -8.03350000e-04 2.68800000e-05 5.66210000e-04 -1.31464000e-03 -4.70500000e-05 3.52500000e-04 9.42810000e-04 -1.29120000e-04 -1.93059000e-03 -5.78930000e-04 1.18530000e-04 6.49160000e-04 7.03270000e-04 -1.18913000e-03 -6.99420000e-04 1.61277000e-03 -1.42880000e-03 -7.66760000e-04 -8.61700000e-04 -2.02160000e-04 -7.97280000e-04 -3.34400000e-05 1.50844000e-03 6.26050000e-04 1.80685000e-03 -1.09385000e-03 -3.03364000e-03 5.90520000e-04 6.96010000e-04 4.69050000e-04 -2.23360000e-04 3.48930000e-04 1.82320000e-04 3.80070000e-04 4.55330000e-04 -4.75180000e-04 1.23310000e-04 4.66750000e-04 -2.71740000e-04 6.61450000e-04 1.13921000e-03 2.03161000e-03
2.97800000e-04 1.20895000e-03 -4.04090000e-04 1.69469000e-03 2.69282000e-03 -5.27791000e-03 -3.62945000e-03 -1.83079000e-03 -4.26750000e-04 -7.66160000e-04 7.00100000e-05 7.91089000e-03 -1.18413000e-03 -5.21420000e-03 7.99835000e-03 2.51483000e-03 -1.52670000e-03 3.82956000e-03 -8.55370000e-04 -5.69588000e-03 7.80570000e-03 1.80887000e-03 1.00495000e-03 1.93096000e-03 -3.94160000e-03 -1.80250000e-04 2.38989000e-03 1.67960000e-03 1.87356000e-03 2.02268000e-03 3.91343000e-03 -1.68051000e-03 -1.15418000e-03 -1.18254000e-03 4.43531000e-03 2.15623000e-03 -7.90124000e-03 1.86420000e-04 -5.32685000e-03 1.55855000e-03 -1.53599000e-03 -3.39551000e-03 2.65766000e-03 -1.62804000e-03 2.64388000e-03 3.80895000e-03 8.70976000e-03 -4.03060000e-04 1.16823000e-03 1.55946000e-03 1.19921000e-03 3.21364000e-03 1.74848000e-03 -2.36236000e-03 2.05994000e-03 5.34590000e-04 -8.58980000e-03 1.19392900e-02 1.08592300e-02 1.71530000e-03 -3.75236000e-03 -2.08846000e-03 -1.21014000e-03 4.80269000e-03 1.83638000e-03 -1.69870000e-03 8.15630000e-04 1.85194000e-03 -4.06826000e-03 9.04800000e-04 3.75065000e-03 2.43701000e-03 -5.11360000e-04 -8.63201000e-03 -1.66100000e-04 1.72917000e-03 4.35897000e-03 1.94100000e-04 -5.16264000e-03 -2.42938000e-03 4.11179000e-03 -5.80849000e-03 -2.23531000e-03 -2.90735000e-03 -7.98960000e-04 -2.06146000e-03 6.52230000e-04 5.33869000e-03 -3.86500000e-05 8.62236000e-03 -2.89845000e-03 -7.09390000e-03 2.10682000e-03 3.39767000e-03 1.75376000e-03 4.82700000e-05 -4.51560000e-04 4.47070000e-04 1.17303000e-03 4.50192000e-03 -1.66786000e-03 1.28395000e-03 2.79175000e-03 8.92130000e-04 1.63941000e-03 5.49751000e-03 6.20928000e-03
2.55070000e-04 1.95050000e-04 -3.57250000e-04 7.40020000e-04 3.82500000e-04 -8.00720000e-04 -7.27850000e-04 -6.11630000e-04 -5.49000000e-06 -4.05390000e-04 1.42010000e-04 5.33940000e-04 -4.95340000e-04 -1.10788000e-03 2.48810000e-04 5.13510000e-04 -4.27810000e-04 1.18364000e-03 -2.62450000e-04 -8.52590000e-04 4.66500000e-04 4.20060000e-04 3.90950000e-04 2.03000000e-04 -1.03875000e-03 -7.57200000e-05 5.14830000e-04 3.91450000e-04 -3.67100000e-05 6.57410000e-04 7.84490000e-04 -4.35610000e-04 -3.24660000e-04 -2.91410000e-04 1.18054000e-03 3.37340000e-04 -1.72000000e-03 2.61800000e-05 -9.92820000e-04 1.63920000e-04 -4.07920000e-04 -5.96840000e-04 -1.98300000e-05 -2.15670000e-04 2.08150000e-04 1.05592000e-03 9.66270000e-04 -2.29520000e-04 6.74600000e-05 4.14530000e-04 2.64150000e-04 8.84650000e-04 2.28950000e-04 -8.04440000e-04 4.52960000e-04 -1.61190000e-04 -1.42884000e-03 1.25327000e-03 1.62744000e-03 1.05480000e-04 -6.12350000e-04 2.65260000e-04 -3.19710000e-04 3.65950000e-04 7.19290000e-04 -6.36140000e-04 3.28400000e-05 4.37970000e-04 -9.53350000e-04 -3.07600000e-05 2.07040000e-04 7.38830000e-04 -3.23000000e-05 -1.29315000e-03 -4.86270000e-04 3.33700000e-05 4.77650000e-04 5.87510000e-04 -8.00630000e-04 -5.07540000e-04 1.13029000e-03 -9.82770000e-04 -5.57360000e-04 -5.95380000e-04 -9.47100000e-05 -5.40350000e-04 4.00000000e-07 9.42220000e-04 5.41940000e-04 1.01007000e-03 -9.16950000e-04 -2.35715000e-03 2.68560000e-04 3.79250000e-04 2.59180000e-04 -2.96820000e-04 1.45400000e-04 1.38900000e-05 1.38970000e-04 1.99430000e-04 -4.58370000e-04 -1.12700000e-05 2.06470000e-04 -3.50620000e-04 4.17530000e-04 5.93450000e-04 1.34127000e-03
-4.73100000e-05 1.08338000e-03 5.29400000e-05 6.64270000e-04 2.17758000e-03 -3.23490000e-03 -1.96449000e-03 -8.55680000e-04 2.91800000e-05 -3.65760000e-04 5.47650000e-04 6.28695000e-03 -5.27170000e-04 -3.23910000e-03 6.42182000e-03 1.34252000e-03 -5.20100000e-04 2.10980000e-03 -6.86050000e-04 -3.68248000e-03 6.14313000e-03 1.28303000e-03 4.44320000e-04 1.56922000e-03 -2.08189000e-03 -2.76200000e-04 1.28574000e-03 1.17706000e-03 1.74160000e-03 1.10324000e-03 2.39886000e-03 -1.44131000e-03 -1.09818000e-03 -4.53290000e-04 2.63178000e-03 1.92655000e-03 -4.78913000e-03 4.32810000e-04 -3.12854000e-03 8.22530000e-04 -1.24758000e-03 -1.97134000e-03 2.64510000e-03 -1.17967000e-03 1.42922000e-03 2.12260000e-03 6.62418000e-03 3.02660000e-04 1.32631000e-03 6.31700000e-04 5.51220000e-04 1.79963000e-03 1.10935000e-03 -1.39163000e-03 1.71127000e-03 1.05225000e-03 -5.52707000e-03 9.05378000e-03 6.99981000e-03 1.04905000e-03 -2.62613000e-03 -1.96600000e-03 -1.05830000e-03 4.00776000e-03 9.75240000e-04 -7.79350000e-04 1.04017000e-03 1.01806000e-03 -2.99226000e-03 4.21730000e-04 3.44532000e-03 1.23519000e-03 5.47500000e-05 -5.65284000e-03 2.77410000e-04 1.99709000e-03 3.43420000e-03 -3.39980000e-04 -3.21765000e-03 -1.89289000e-03 2.59265000e-03 -3.49861000e-03 -1.28966000e-03 -1.66354000e-03 1.05900000e-05 -8.71180000e-04 1.08660000e-03 3.38678000e-03 -3.54840000e-04 5.58181000e-03 -1.79470000e-03 -4.17776000e-03 1.39674000e-03 2.23530000e-03 1.13594000e-03 2.29560000e-04 -7.96550000e-04 2.92330000e-04 8.75920000e-04 3.24319000e-03 -9.09080000e-04 8.73900000e-04 1.94712000e-03 7.87820000e-04 1.06256000e-03 3.64457000e-03 3.68474000e-03
-4.11810000e-04 1.29297000e-03 5.36760000e-04 3.64830000e-04 2.89045000e-03 -5.02003000e-03 -2.88548000e-03 -7.53640000e-04 -3.90000000e-04 1.28240000e-04 -9.97100000e-05 9.82738000e-03 -2.30940000e-04 -4.06940000e-03 1.08671900e-02 2.19367000e-03 -7.59090000e-04 2.20858000e-03 -4.02680000e-04 -5.48643000e-03 1.00387900e-02 1.30083000e-03 4.43520000e-04 2.31492000e-03 -2.48130000e-03 4.60100000e-05 1.94711000e-03 1.19778000e-03 2.91316000e-03 1.10614000e-03 3.65394000e-03 -1.12050000e-03 -7.06860000e-04 -7.14610000e-04 3.03961000e-03 2.23999000e-03 -6.12669000e-03 3.17870000e-04 -4.58464000e-03 1.69852000e-03 -9.17700000e-04 -2.96914000e-03 4.00925000e-03 -1.65273000e-03 2.98390000e-03 2.62051000e-03 9.74240000e-03 3.14710000e-04 1.59424000e-03 9.34730000e-04 1.19501000e-03 2.28906000e-03 1.88510000e-03 -1.17658000e-03 1.78401000e-03 1.42368000e-03 -8.03781000e-03 1.35847200e-02 1.06535100e-02 2.19482000e-03 -3.60304000e-03 -3.42673000e-03 -8.83380000e-04 5.80630000e-03 6.43970000e-04 -4.61330000e-04 1.30519000e-03 1.46477000e-03 -2.87764000e-03 1.32840000e-03 4.98020000e-03 1.37560000e-03 -4.99650000e-04 -8.38414000e-03 1.50417000e-03 2.54349000e-03 4.97366000e-03 -1.29165000e-03 -4.81115000e-03 -2.08235000e-03 2.76086000e-03 -5.26042000e-03 -1.45068000e-03 -2.26419000e-03 -7.25680000e-04 -1.20081000e-03 1.17710000e-03 4.80284000e-03 -1.38005000e-03 9.13618000e-03 -1.56557000e-03 -3.68017000e-03 2.15422000e-03 3.70387000e-03 1.61416000e-03 8.21720000e-04 -1.28724000e-03 5.32650000e-04 1.17237000e-03 5.76878000e-03 -1.14557000e-03 1.72552000e-03 3.33160000e-03 2.10639000e-03 1.04183000e-03 6.21200000e-03 5.70158000e-03
1.81150000e-04 -9.81400000e-04 5.99170000e-04 -1.39241000e-03 -2.00161000e-03 4.15234000e-03 2.79034000e-03 1.40592000e-03 6.14340000e-04 1.17995000e-03 1.14900000e-05 -6.07513000e-03 8.18410000e-04 3.62638000e-03 -6.07271000e-03 -2.22328000e-03 1.34797000e-03 -3.14738000e-03 5.88430000e-04 4.54882000e-03 -5.77902000e-03 -1.00467000e-03 -7.70700000e-04 -1.47913000e-03 3.04442000e-03 -1.61440000e-04 -2.01292000e-03 -8.65650000e-04 -1.34499000e-03 -1.70599000e-03 -3.10141000e-03 1.02207000e-03 7.12480000e-04 8.64690000e-04 -3.70624000e-03 -2.03385000e-03 6.23172000e-03 -1.87300000e-05 4.12218000e-03 -1.32771000e-03 5.51910000e-04 2.52764000e-03 -2.38833000e-03 1.44854000e-03 -2.96744000e-03 -3.05907000e-03 -7.30503000e-03 3.42390000e-04 -1.11269000e-03 -1.34325000e-03 -1.29531000e-03 -2.93750000e-03 -1.48892000e-03 2.59745000e-03 -1.74750000e-03 -4.12030000e-04 6.83255000e-03 -9.49234000e-03 -8.97279000e-03 -1.58645000e-03 2.42274000e-03 1.92775000e-03 7.45680000e-04 -4.27601000e-03 -1.59396000e-03 1.72752000e-03 -5.33870000e-04 -1.56769000e-03 2.84163000e-03 -9.77260000e-04 -2.85342000e-03 -2.01640000e-03 4.62190000e-04 6.79694000e-03 3.23590000e-04 -9.36400000e-04 -3.12399000e-03 7.33500000e-05 3.96665000e-03 1.60948000e-03 -3.39654000e-03 4.51802000e-03 1.72849000e-03 2.27733000e-03 8.85170000e-04 1.75708000e-03 -2.76940000e-04 -3.97703000e-03 1.85540000e-04 -6.60755000e-03 3.01045000e-03 6.68918000e-03 -1.07749000e-03 -2.14473000e-03 -1.04521000e-03 7.17900000e-04 6.38690000e-04 2.09720000e-04 -2.05790000e-04 -3.31687000e-03 2.20687000e-03 -3.73680000e-04 -1.66434000e-03 8.19900000e-05 -8.98750000e-04 -4.22165000e-03 -5.28496000e-03
5.69200000e-05 -1.78467000e-03 1.19007000e-03 -3.11533000e-03 -3.50798000e-03 6.73670000e-03 4.78856000e-03 2.60549000e-03 8.11800000e-04 2.52267000e-03 -9.32800000e-05 -9.07421000e-03 1.52165000e-03 6.38920000e-03 -8.61030000e-03 -3.86339000e-03 2.36819000e-03 -6.00067000e-03 1.18720000e-03 7.40987000e-03 -8.66586000e-03 -1.79470000e-03 -1.62269000e-03 -2.60981000e-03 5.65777000e-03 -9.47100000e-05 -3.61808000e-03 -1.57096000e-03 -1.97968000e-03 -3.44428000e-03 -5.43747000e-03 1.84644000e-03 1.17011000e-03 1.45332000e-03 -6.80596000e-03 -3.30130000e-03 1.11020700e-02 -2.29060000e-04 7.02657000e-03 -2.08820000e-03 1.41247000e-03 4.25343000e-03 -3.33925000e-03 2.27445000e-03 -4.46259000e-03 -5.72100000e-03 -1.14860100e-02 7.57180000e-04 -1.77067000e-03 -2.67813000e-03 -2.11479000e-03 -5.26568000e-03 -2.65211000e-03 4.94756000e-03 -3.23507000e-03 -3.68260000e-04 1.13401000e-02 -1.48964000e-02 -1.44117900e-02 -2.39404000e-03 4.46048000e-03 2.33983000e-03 1.41858000e-03 -6.46694000e-03 -3.34834000e-03 3.17603000e-03 -9.13360000e-04 -2.87910000e-03 5.38646000e-03 -1.37440000e-03 -4.20809000e-03 -3.84555000e-03 5.71840000e-04 1.12123000e-02 1.15760000e-03 -1.23891000e-03 -5.15037000e-03 -8.84790000e-04 6.60112000e-03 2.89051000e-03 -6.16494000e-03 7.61809000e-03 3.26126000e-03 4.08808000e-03 1.30226000e-03 3.16418000e-03 -3.88770000e-04 -6.62970000e-03 -4.61370000e-04 -1.03262300e-02 5.71229000e-03 1.26887400e-02 -1.66616000e-03 -3.31168000e-03 -1.65813000e-03 1.60209000e-03 8.46090000e-04 4.78040000e-04 -3.20210000e-04 -4.59609000e-03 3.84569000e-03 -3.72310000e-04 -2.37575000e-03 7.72440000e-04 -1.69042000e-03 -6.23943000e-03 -8.41100000e-03
-1.59060000e-04 -1.17340000e-04 3.30520000e-04 -4.40190000e-04 -3.18100000e-04 1.11259000e-03 8.10290000e-04 6.20290000e-04 2.53280000e-04 3.53500000e-04 -3.09900000e-05 -1.29788000e-03 5.27710000e-04 1.00920000e-03 -1.21944000e-03 -5.08380000e-04 5.23450000e-04 -9.53070000e-04 2.12380000e-04 1.08576000e-03 -1.07619000e-03 -3.72000000e-04 -2.04840000e-04 -1.34460000e-04 9.43260000e-04 -1.36000000e-05 -5.22290000e-04 -3.11800000e-04 -1.17750000e-04 -5.35720000e-04 -7.36650000e-04 3.90490000e-04 3.67480000e-04 2.85050000e-04 -1.06589000e-03 -4.72340000e-04 1.70425000e-03 9.16000000e-05 1.09892000e-03 -3.17670000e-04 1.65570000e-04 6.19880000e-04 -3.75920000e-04 3.74090000e-04 -7.10270000e-04 -9.45780000e-04 -1.68166000e-03 2.49430000e-04 -1.99920000e-04 -3.70410000e-04 -2.67600000e-04 -7.75020000e-04 -2.67400000e-04 7.42160000e-04 -4.19360000e-04 9.03200000e-05 1.62629000e-03 -2.10287000e-03 -2.36246000e-03 -3.37450000e-04 4.14480000e-04 2.60900000e-04 2.42010000e-04 -9.51130000e-04 -5.06130000e-04 7.02950000e-04 -5.20000000e-07 -3.64000000e-04 7.65200000e-04 -2.18300000e-04 -4.31040000e-04 -5.79170000e-04 1.46090000e-04 1.63592000e-03 3.67210000e-04 -1.42910000e-04 -5.54360000e-04 -1.46960000e-04 9.36700000e-04 3.69810000e-04 -1.09448000e-03 1.13693000e-03 5.40700000e-04 6.38720000e-04 2.38360000e-04 6.15960000e-04 8.53600000e-05 -1.11898000e-03 -1.24910000e-04 -1.74290000e-03 8.55810000e-04 2.06177000e-03 -3.32750000e-04 -4.69860000e-04 -3.52140000e-04 2.55230000e-04 -1.57400000e-04 2.03500000e-05 -9.65900000e-05 -6.18600000e-04 5.88680000e-04 -6.13000000e-05 -3.50480000e-04 1.60440000e-04 -3.81940000e-04 -1.14747000e-03 -1.57888000e-03
5.00560000e-04 -6.57510000e-04 -5.69500000e-04 3.15880000e-04 -1.09669000e-03 1.03780000e-03 3.94840000e-04 -4.70240000e-04 -1.24250000e-04 -2.07130000e-04 6.37900000e-05 -2.88632000e-03 -7.10480000e-04 6.83450000e-04 -3.27082000e-03 -5.01150000e-04 -3.09310000e-04 1.14510000e-04 -4.10000000e-07 1.48236000e-03 -3.13776000e-03 -7.38500000e-05 7.25700000e-05 -1.07413000e-03 6.41100000e-05 -5.45700000e-05 -4.05350000e-04 -9.45900000e-05 -1.26603000e-03 5.84500000e-05 -7.35300000e-04 7.41000000e-06 -2.27210000e-04 -9.35200000e-05 -1.25780000e-04 -7.18550000e-04 1.04746000e-03 -3.56700000e-04 9.24860000e-04 -4.45390000e-04 1.25050000e-04 7.09770000e-04 -1.62775000e-03 4.24620000e-04 -9.24370000e-04 1.44230000e-04 -2.86714000e-03 -4.73350000e-04 -6.89020000e-04 -1.43940000e-04 -3.07590000e-04 -3.10770000e-04 -6.24600000e-04 -2.76800000e-05 -5.43960000e-04 -8.18910000e-04 2.20702000e-03 -3.89936000e-03 -2.30154000e-03 -6.53370000e-04 1.42561000e-03 1.55894000e-03 8.17500000e-05 -1.86938000e-03 1.87540000e-04 -4.16900000e-04 -6.97700000e-04 -2.89420000e-04 6.20580000e-04 -3.92890000e-04 -1.89593000e-03 -5.14400000e-05 -2.12700000e-05 2.21705000e-03 -9.91520000e-04 -8.39390000e-04 -1.66996000e-03 8.45040000e-04 1.30436000e-03 6.40480000e-04 1.40960000e-04 1.22460000e-03 1.36980000e-04 4.02970000e-04 4.92000000e-05 -1.58150000e-04 -6.35670000e-04 -8.55890000e-04 9.19040000e-04 -1.98008000e-03 6.84300000e-05 -2.82720000e-04 -3.59380000e-04 -1.05639000e-03 -3.04130000e-04 -4.41570000e-04 9.95080000e-04 -8.29800000e-05 -1.93360000e-04 -2.07460000e-03 1.22730000e-04 -6.07370000e-04 -9.91550000e-04 -9.13090000e-04 5.24000000e-06 -1.27521000e-03 -6.99540000e-04
3.20420000e-04 -3.47760000e-04 -4.60000000e-05 -2.55130000e-04 -7.02750000e-04 1.30212000e-03 7.77650000e-04 3.13670000e-04 1.84750000e-04 4.79160000e-04 1.78900000e-05 -2.23613000e-03 1.09620000e-04 8.39750000e-04 -2.35679000e-03 -5.56690000e-04 2.91970000e-04 -7.16920000e-04 2.14420000e-04 1.45225000e-03 -2.27015000e-03 -8.48800000e-05 -1.06620000e-04 -5.56420000e-04 8.05540000e-04 5.38200000e-05 -5.12900000e-04 -5.21700000e-05 -6.71240000e-04 -4.56650000e-04 -9.38710000e-04 3.41590000e-04 2.23490000e-04 1.91210000e-04 -9.76010000e-04 -5.87550000e-04 1.82850000e-03 -1.09250000e-04 1.24683000e-03 -3.50380000e-04 3.39340000e-04 7.58690000e-04 -9.49010000e-04 5.20260000e-04 -8.06260000e-04 -8.06790000e-04 -2.48385000e-03 -6.29000000e-06 -4.51990000e-04 -2.77530000e-04 -2.31980000e-04 -6.42760000e-04 -5.42750000e-04 8.37140000e-04 -5.75830000e-04 -2.69180000e-04 2.14034000e-03 -3.29985000e-03 -2.45801000e-03 -4.91280000e-04 8.45640000e-04 8.03500000e-04 3.21000000e-04 -1.46560000e-03 -3.56220000e-04 2.83270000e-04 -3.37430000e-04 -3.94390000e-04 9.09920000e-04 -2.80040000e-04 -1.13239000e-03 -4.47260000e-04 8.48800000e-05 2.18541000e-03 -1.95220000e-04 -4.92040000e-04 -1.13804000e-03 1.97000000e-04 1.29142000e-03 6.00940000e-04 -8.42390000e-04 1.39655000e-03 4.84680000e-04 6.68000000e-04 1.70290000e-04 4.44400000e-04 -2.13840000e-04 -9.61610000e-04 2.51320000e-04 -1.90528000e-03 9.80530000e-04 1.82410000e-03 -1.90700000e-04 -5.29480000e-04 -1.17260000e-04 2.54240000e-04 5.30240000e-04 2.35040000e-04 4.17000000e-05 -9.73640000e-04 7.41840000e-04 -3.53200000e-05 -4.13840000e-04 1.15900000e-05 -5.14400000e-05 -1.11986000e-03 -1.09698000e-03
6.27400000e-05 -1.06446000e-03 -2.68000000e-06 -1.15327000e-03 -2.09329000e-03 3.32291000e-03 2.18961000e-03 1.13112000e-03 1.22670000e-04 9.19370000e-04 -2.56950000e-04 -5.30077000e-03 6.06310000e-04 2.89591000e-03 -5.28486000e-03 -1.53554000e-03 7.46680000e-04 -2.47738000e-03 8.02220000e-04 3.85237000e-03 -5.43324000e-03 -1.03624000e-03 -5.98640000e-04 -1.58427000e-03 2.56223000e-03 3.19040000e-04 -1.50809000e-03 -9.42680000e-04 -1.57385000e-03 -1.59102000e-03 -2.82264000e-03 1.29135000e-03 8.45640000e-04 5.57580000e-04 -2.95367000e-03 -1.63178000e-03 5.37677000e-03 -4.12490000e-04 3.46161000e-03 -7.37830000e-04 1.35746000e-03 2.22394000e-03 -2.14296000e-03 1.20485000e-03 -1.32393000e-03 -2.54705000e-03 -6.16345000e-03 -3.34500000e-05 -1.11510000e-03 -8.82800000e-04 -7.36640000e-04 -2.16770000e-03 -1.39711000e-03 2.00586000e-03 -1.76016000e-03 -6.25850000e-04 5.92356000e-03 -8.28292000e-03 -6.69261000e-03 -1.00008000e-03 2.83509000e-03 1.36609000e-03 1.14755000e-03 -3.39874000e-03 -1.36613000e-03 8.80500000e-04 -1.03365000e-03 -1.19939000e-03 3.13758000e-03 -3.46610000e-04 -2.89696000e-03 -1.58574000e-03 6.46100000e-05 5.87520000e-03 -3.22620000e-04 -1.34703000e-03 -3.09392000e-03 -2.47610000e-04 3.43824000e-03 2.08959000e-03 -2.69975000e-03 3.81427000e-03 1.52535000e-03 1.96018000e-03 1.88130000e-04 1.22331000e-03 -7.61830000e-04 -3.24782000e-03 -2.62100000e-05 -5.13248000e-03 2.41635000e-03 5.40890000e-03 -1.13582000e-03 -2.00206000e-03 -8.41140000e-04 2.36690000e-04 8.15050000e-04 -2.70300000e-05 -5.96400000e-04 -2.70142000e-03 1.29516000e-03 -5.81170000e-04 -1.56382000e-03 -1.90480000e-04 -9.05930000e-04 -3.17357000e-03 -3.97738000e-03
2.70800000e-05 7.92260000e-04 -4.15580000e-04 1.35885000e-03 1.70481000e-03 -3.19610000e-03 -2.13025000e-03 -1.14178000e-03 -3.93970000e-04 -8.66770000e-04 -2.95600000e-05 4.97080000e-03 -7.03550000e-04 -2.65704000e-03 5.23948000e-03 1.76933000e-03 -1.03109000e-03 2.72629000e-03 -4.50600000e-04 -3.36375000e-03 5.10320000e-03 8.78970000e-04 7.35320000e-04 1.32677000e-03 -2.44710000e-03 8.36400000e-05 1.60001000e-03 7.76490000e-04 1.25886000e-03 1.58572000e-03 2.99666000e-03 -7.63150000e-04 -5.24950000e-04 -6.83840000e-04 3.18262000e-03 1.35918000e-03 -4.91221000e-03 9.84400000e-05 -3.18192000e-03 9.64830000e-04 -5.97040000e-04 -1.94386000e-03 1.71693000e-03 -1.01148000e-03 1.80844000e-03 3.10195000e-03 5.56721000e-03 -2.48880000e-04 7.69860000e-04 1.05498000e-03 1.08437000e-03 2.39869000e-03 1.43739000e-03 -2.00760000e-03 1.39398000e-03 2.54060000e-04 -5.06393000e-03 7.62475000e-03 6.94735000e-03 1.20292000e-03 -1.81271000e-03 -8.08840000e-04 -6.35810000e-04 2.97545000e-03 1.35730000e-03 -1.16560000e-03 6.34150000e-04 1.33371000e-03 -2.05319000e-03 6.71230000e-04 2.13360000e-03 1.61703000e-03 -3.50950000e-04 -5.11701000e-03 -6.40700000e-05 8.83630000e-04 2.63491000e-03 3.66070000e-04 -2.98797000e-03 -1.21712000e-03 2.96360000e-03 -3.47878000e-03 -1.33805000e-03 -1.76851000e-03 -6.93780000e-04 -1.39305000e-03 2.50220000e-04 3.21154000e-03 1.19250000e-04 5.36727000e-03 -2.30781000e-03 -5.49705000e-03 1.10797000e-03 1.71974000e-03 7.42570000e-04 -4.59410000e-04 -2.60840000e-04 -5.51600000e-05 4.00840000e-04 2.25889000e-03 -1.58755000e-03 2.83190000e-04 1.34619000e-03 -4.31100000e-05 7.48400000e-04 3.58073000e-03 4.47271000e-03
1.27390000e-04 -6.12780000e-04 1.17890000e-04 -7.75710000e-04 -1.18710000e-03 2.01576000e-03 1.36483000e-03 7.71690000e-04 1.49370000e-04 7.88330000e-04 -1.48540000e-04 -2.98172000e-03 4.29420000e-04 1.66557000e-03 -2.94590000e-03 -9.50610000e-04 5.41300000e-04 -1.61218000e-03 5.30470000e-04 2.30131000e-03 -3.07261000e-03 -4.98360000e-04 -3.71460000e-04 -8.89160000e-04 1.63166000e-03 1.86930000e-04 -9.19850000e-04 -4.27440000e-04 -8.62700000e-04 -1.03768000e-03 -1.73913000e-03 7.98270000e-04 5.55020000e-04 3.62630000e-04 -1.91443000e-03 -9.70290000e-04 3.33457000e-03 -2.21300000e-04 2.12385000e-03 -4.18450000e-04 7.72770000e-04 1.33253000e-03 -1.17700000e-03 7.84850000e-04 -8.46010000e-04 -1.67340000e-03 -3.64040000e-03 4.67800000e-05 -6.35060000e-04 -5.34590000e-04 -4.85900000e-04 -1.41538000e-03 -7.84850000e-04 1.50292000e-03 -1.06612000e-03 -2.89080000e-04 3.54916000e-03 -4.80701000e-03 -3.96426000e-03 -5.64310000e-04 1.59117000e-03 6.91740000e-04 7.13180000e-04 -1.97352000e-03 -9.21080000e-04 6.65260000e-04 -5.63970000e-04 -7.24650000e-04 1.87530000e-03 -1.83500000e-04 -1.59863000e-03 -1.02763000e-03 5.41400000e-05 3.50943000e-03 -8.74600000e-05 -6.66430000e-04 -1.73031000e-03 -2.28730000e-04 2.04998000e-03 1.26705000e-03 -1.72303000e-03 2.31614000e-03 9.60480000e-04 1.20222000e-03 1.77900000e-04 8.25340000e-04 -3.62670000e-04 -1.85234000e-03 -9.06100000e-05 -2.91472000e-03 1.74397000e-03 3.81247000e-03 -4.97480000e-04 -9.74760000e-04 -3.65220000e-04 4.23130000e-04 5.33690000e-04 1.70660000e-04 -1.46140000e-04 -1.33519000e-03 1.05869000e-03 -1.13410000e-04 -7.03000000e-04 2.19610000e-04 -4.23510000e-04 -1.78577000e-03 -2.47527000e-03
-1.62330000e-04 -1.07720000e-03 -7.85400000e-05 -1.03256000e-03 -2.06013000e-03 3.19009000e-03 2.18015000e-03 1.00885000e-03 -2.29200000e-05 4.97600000e-04 -2.33800000e-04 -4.83056000e-03 4.71110000e-04 3.28972000e-03 -4.76575000e-03 -1.50148000e-03 6.21690000e-04 -2.24679000e-03 7.50040000e-04 3.78250000e-03 -5.01772000e-03 -1.20278000e-03 -5.79950000e-04 -1.59387000e-03 2.44424000e-03 2.80860000e-04 -1.51777000e-03 -1.11953000e-03 -1.52360000e-03 -1.42353000e-03 -2.57233000e-03 1.27096000e-03 7.70250000e-04 4.99560000e-04 -2.61525000e-03 -1.57477000e-03 5.15721000e-03 -4.76070000e-04 3.41486000e-03 -7.88380000e-04 1.29867000e-03 2.25540000e-03 -2.01120000e-03 1.11481000e-03 -1.28262000e-03 -2.06740000e-03 -5.83834000e-03 -4.33200000e-05 -1.02212000e-03 -9.11650000e-04 -7.62990000e-04 -2.09663000e-03 -1.14209000e-03 1.54882000e-03 -1.66331000e-03 -6.09560000e-04 5.92843000e-03 -7.73600000e-03 -6.43964000e-03 -9.62520000e-04 3.13410000e-03 1.36556000e-03 1.06783000e-03 -3.21091000e-03 -1.27116000e-03 7.82100000e-04 -9.66770000e-04 -1.11810000e-03 3.08915000e-03 -3.34260000e-04 -2.84297000e-03 -1.57529000e-03 4.40900000e-05 5.81535000e-03 -4.70220000e-04 -1.23503000e-03 -3.02485000e-03 -2.27970000e-04 3.40476000e-03 2.21194000e-03 -2.30062000e-03 3.78408000e-03 1.48345000e-03 1.88714000e-03 1.42000000e-04 1.07346000e-03 -7.85580000e-04 -3.30298000e-03 1.95800000e-05 -4.98162000e-03 1.91816000e-03 4.62460000e-03 -1.26737000e-03 -2.29332000e-03 -1.14135000e-03 -1.09620000e-04 6.98340000e-04 -3.29350000e-04 -7.82770000e-04 -3.09247000e-03 8.81870000e-04 -9.93600000e-04 -1.84242000e-03 -5.70920000e-04 -1.12174000e-03 -3.15376000e-03 -4.12964000e-03
-3.23730000e-04 1.06958000e-03 4.74680000e-04 5.64700000e-05 1.59857000e-03 -7.66650000e-04 -1.77500000e-04 6.29950000e-04 5.86730000e-04 -1.06100000e-05 2.80450000e-04 3.16460000e-03 8.68870000e-04 -7.91390000e-04 3.57330000e-03 5.29570000e-04 5.46370000e-04 2.81180000e-04 -1.29970000e-04 -1.12197000e-03 3.65649000e-03 1.79700000e-04 6.57700000e-05 1.56440000e-03 -6.72200000e-05 -3.60400000e-05 5.14900000e-04 2.03960000e-04 1.74968000e-03 2.75440000e-04 1.17905000e-03 -1.71410000e-04 1.14370000e-04 3.63270000e-04 5.00280000e-04 9.28790000e-04 -1.17099000e-03 8.61980000e-04 -7.50320000e-04 3.63560000e-04 -4.06280000e-04 -4.41270000e-04 1.71819000e-03 -3.54160000e-04 5.49610000e-04 4.86470000e-04 3.15227000e-03 7.25000000e-04 9.70920000e-04 2.81610000e-04 3.52340000e-04 5.87660000e-04 8.03980000e-04 -3.45400000e-04 1.07509000e-03 1.02432000e-03 -1.89134000e-03 4.30306000e-03 2.09834000e-03 5.68040000e-04 -1.44424000e-03 -7.79300000e-04 -2.09930000e-04 1.90647000e-03 2.39050000e-04 2.51620000e-04 1.18802000e-03 3.82250000e-04 -7.85550000e-04 2.46900000e-04 2.05861000e-03 2.78500000e-04 4.27120000e-04 -1.90233000e-03 8.46190000e-04 1.19974000e-03 2.12418000e-03 -2.77290000e-04 -1.02488000e-03 -7.94450000e-04 2.77090000e-04 -1.02570000e-03 -1.56040000e-04 -3.02620000e-04 3.53630000e-04 3.25640000e-04 9.57420000e-04 7.95180000e-04 -5.50980000e-04 1.60022000e-03 -5.02800000e-04 -7.89450000e-04 3.40870000e-04 7.93270000e-04 2.39370000e-04 2.38220000e-04 -8.97910000e-04 -5.06900000e-05 2.30880000e-04 1.56065000e-03 -2.85200000e-04 3.92740000e-04 7.70690000e-04 4.91200000e-04 1.72020000e-04 1.17219000e-03 8.09880000e-04
-2.22660000e-04 -2.91700000e-05 1.85390000e-04 -3.75400000e-04 -9.34400000e-05 1.43150000e-04 2.12730000e-04 4.45340000e-04 -2.35200000e-05 3.25080000e-04 -2.29760000e-04 2.15020000e-04 4.09410000e-04 2.02990000e-04 4.79000000e-04 4.63400000e-05 1.63550000e-04 -5.41330000e-04 3.48680000e-04 2.48870000e-04 2.22360000e-04 -3.27440000e-04 -1.29330000e-04 3.95600000e-05 5.19500000e-04 2.71210000e-04 6.08000000e-06 -2.97740000e-04 1.78790000e-04 -3.74300000e-04 -2.96980000e-04 4.80940000e-04 4.24400000e-04 1.55640000e-04 -5.44270000e-04 -7.31400000e-05 7.64990000e-04 -5.94000000e-06 2.92880000e-04 2.93150000e-04 5.33850000e-04 2.47180000e-04 1.81830000e-04 1.06760000e-04 5.98920000e-04 -5.57290000e-04 -2.01000000e-06 6.70700000e-05 1.10600000e-05 5.17500000e-05 9.54300000e-05 -2.80250000e-04 -2.89600000e-05 4.41640000e-04 -2.18000000e-04 1.03960000e-04 4.05840000e-04 -5.35600000e-05 -1.46150000e-04 3.18600000e-04 2.36190000e-04 -3.87310000e-04 4.24750000e-04 1.64200000e-04 -3.62570000e-04 2.25000000e-04 -9.61000000e-05 -6.85400000e-05 7.74240000e-04 3.91750000e-04 3.32900000e-05 -2.51670000e-04 -7.54700000e-05 3.21580000e-04 2.93250000e-04 -5.99500000e-05 -8.71000000e-06 -4.71040000e-04 2.33540000e-04 4.71510000e-04 -6.06660000e-04 2.52940000e-04 3.04940000e-04 2.68420000e-04 -1.33450000e-04 2.41530000e-04 -6.65400000e-05 -3.14000000e-04 -4.48820000e-04 2.14400000e-05 5.21090000e-04 1.39438000e-03 -1.50350000e-04 7.50000000e-07 -2.26000000e-06 1.60970000e-04 -1.36500000e-04 -4.98900000e-05 -1.84770000e-04 3.95890000e-04 5.36400000e-05 1.43950000e-04 8.60200000e-05 3.76430000e-04 -2.38120000e-04 8.48100000e-05 -3.99300000e-04
-2.78960000e-04 4.30750000e-04 2.79710000e-04 -3.11950000e-04 3.30180000e-04 1.13519000e-03 9.52460000e-04 9.70300000e-04 6.32460000e-04 1.00570000e-04 2.60670000e-04 -4.16820000e-04 9.41810000e-04 7.02110000e-04 -2.77420000e-04 -3.82710000e-04 8.20090000e-04 -7.63730000e-04 1.13410000e-04 1.11250000e-03 -8.87900000e-05 -4.06960000e-04 -1.97150000e-04 5.16870000e-04 1.05526000e-03 -2.64600000e-05 -3.34610000e-04 -3.60500000e-04 5.62760000e-04 -3.85450000e-04 -4.33300000e-04 3.05970000e-04 3.44720000e-04 6.19190000e-04 -8.39270000e-04 -4.45200000e-05 1.50578000e-03 6.16940000e-04 1.09357000e-03 -2.21820000e-04 6.64800000e-05 7.93820000e-04 1.34120000e-04 2.58700000e-04 -4.89480000e-04 -6.82500000e-04 -7.11930000e-04 5.62790000e-04 2.61460000e-04 -1.84530000e-04 -1.91810000e-04 -5.33760000e-04 -9.22600000e-05 3.12440000e-04 1.64540000e-04 4.58570000e-04 1.45592000e-03 -9.62960000e-04 -2.04471000e-03 -2.24140000e-04 1.18750000e-04 3.23600000e-04 2.10020000e-04 -3.39430000e-04 -2.26780000e-04 4.88350000e-04 5.17830000e-04 -2.83540000e-04 5.51320000e-04 -1.68170000e-04 9.74800000e-05 -4.26930000e-04 5.31100000e-04 1.47851000e-03 2.86080000e-04 2.78960000e-04 1.73470000e-04 -4.28300000e-05 9.28260000e-04 1.89510000e-04 -9.41960000e-04 1.09812000e-03 4.93820000e-04 6.78880000e-04 5.41530000e-04 8.38790000e-04 4.45430000e-04 -1.12485000e-03 -1.84220000e-04 -1.76408000e-03 3.60000000e-04 1.22325000e-03 -5.09500000e-04 -6.56140000e-04 -3.71350000e-04 -1.51300000e-05 -4.21050000e-04 -2.51840000e-04 -2.73720000e-04 -6.28860000e-04 2.04810000e-04 -2.36190000e-04 -4.82590000e-04 -1.51120000e-04 -3.45930000e-04 -1.08706000e-03 -1.58337000e-03
-2.29820000e-04 -2.99000000e-06 -2.39760000e-04 9.75900000e-05 7.76400000e-05 -9.72140000e-04 -6.26150000e-04 -1.74920000e-04 -4.32570000e-04 -2.16120000e-04 -3.05130000e-04 1.33496000e-03 -1.00410000e-04 -6.38930000e-04 1.48364000e-03 7.00080000e-04 -4.95170000e-04 4.69660000e-04 2.54270000e-04 -8.41230000e-04 1.02251000e-03 -1.64400000e-04 1.10030000e-04 6.62900000e-05 -4.35840000e-04 4.59990000e-04 6.00390000e-04 -1.86310000e-04 1.29370000e-04 1.65140000e-04 3.66160000e-04 2.83660000e-04 2.11820000e-04 -1.76630000e-04 6.09890000e-04 4.90390000e-04 -9.21910000e-04 -2.27580000e-04 -7.63960000e-04 7.37350000e-04 6.94740000e-04 -3.23490000e-04 5.85560000e-04 -2.56080000e-04 1.75956000e-03 3.65650000e-04 1.70984000e-03 -2.55470000e-04 2.13670000e-04 5.25860000e-04 5.13170000e-04 6.40900000e-04 2.54320000e-04 -5.10050000e-04 1.59720000e-04 -2.94700000e-05 -1.14101000e-03 1.93973000e-03 2.39026000e-03 7.90520000e-04 1.03970000e-04 -8.00410000e-04 3.62320000e-04 1.27291000e-03 1.71890000e-04 -5.93640000e-04 -3.01340000e-04 3.73440000e-04 2.64750000e-04 7.90160000e-04 3.48030000e-04 3.77900000e-04 -3.18100000e-04 -1.28474000e-03 -2.09200000e-04 -1.63910000e-04 3.38850000e-04 -4.32520000e-04 -6.46930000e-04 3.66950000e-04 5.41420000e-04 -8.67230000e-04 -2.04520000e-04 -3.68550000e-04 -5.44710000e-04 -4.69350000e-04 -3.15790000e-04 6.95280000e-04 -3.89150000e-04 1.73613000e-03 -5.40380000e-04 -8.93620000e-04 -3.56200000e-05 2.91290000e-04 2.16200000e-04 -3.48000000e-04 -3.97000000e-05 -2.78510000e-04 -3.60540000e-04 9.57240000e-04 -8.65660000e-04 -1.81500000e-05 2.52820000e-04 -4.09000000e-06 -3.33200000e-05 1.15433000e-03 1.14829000e-03
2.38700000e-05 4.02300000e-05 -8.97800000e-05 -7.11500000e-05 -2.40300000e-04 1.25534000e-03 8.37460000e-04 3.30890000e-04 4.05340000e-04 -1.35890000e-04 3.94730000e-04 -1.62560000e-03 1.94960000e-04 7.98710000e-04 -1.84213000e-03 -5.55280000e-04 4.36650000e-04 -4.06590000e-04 -4.71400000e-05 1.33939000e-03 -1.62231000e-03 -2.38970000e-04 -1.15670000e-04 -1.70500000e-04 6.89740000e-04 -1.07860000e-04 -4.39860000e-04 -2.33670000e-04 -2.52660000e-04 -1.54510000e-04 -6.73450000e-04 7.81000000e-06 -6.40300000e-05 4.06540000e-04 -5.58460000e-04 -1.69040000e-04 1.35233000e-03 2.82370000e-04 1.14769000e-03 -4.49320000e-04 2.26000000e-06 8.41900000e-04 -5.04280000e-04 3.08700000e-04 -8.59850000e-04 -4.38440000e-04 -1.59904000e-03 2.37100000e-04 -1.87000000e-06 -2.64130000e-04 -3.05730000e-04 -4.28720000e-04 -4.03050000e-04 3.42600000e-05 1.24700000e-05 2.16500000e-05 1.82758000e-03 -2.31845000e-03 -2.42621000e-03 -5.47330000e-04 6.37780000e-04 8.60090000e-04 2.60800000e-05 -8.98290000e-04 3.78000000e-06 6.53900000e-05 1.16620000e-04 -3.53890000e-04 3.78330000e-04 -4.24240000e-04 -6.49130000e-04 -2.78720000e-04 4.48330000e-04 1.90111000e-03 -2.94920000e-04 -9.51600000e-05 -6.55700000e-04 3.61140000e-04 1.19992000e-03 2.16710000e-04 -4.48920000e-04 1.29964000e-03 3.28730000e-04 6.05210000e-04 5.29630000e-04 4.99480000e-04 1.21320000e-04 -1.12632000e-03 3.49410000e-04 -2.22497000e-03 7.81100000e-05 2.98750000e-04 -5.61410000e-04 -9.72060000e-04 -3.95950000e-04 -3.02670000e-04 6.34400000e-05 -2.45640000e-04 -3.00080000e-04 -1.40186000e-03 1.36080000e-04 -5.11580000e-04 -8.38300000e-04 -6.70800000e-04 -1.82140000e-04 -1.41376000e-03 -1.25202000e-03
1.67510000e-04 4.72110000e-04 -3.73490000e-04 1.16809000e-03 8.13380000e-04 -1.08711000e-03 -9.19340000e-04 -5.07330000e-04 3.63900000e-05 -6.02810000e-04 -2.32300000e-05 1.02569000e-03 -2.04080000e-04 -1.41103000e-03 8.79660000e-04 9.72010000e-04 -4.55890000e-04 1.65120000e-03 -1.87010000e-04 -1.24230000e-03 1.29541000e-03 3.71720000e-04 5.92440000e-04 7.35290000e-04 -1.31093000e-03 9.80500000e-05 8.88220000e-04 3.56980000e-04 3.41470000e-04 1.00591000e-03 1.48738000e-03 -2.04920000e-04 4.44000000e-06 -2.85830000e-04 1.71902000e-03 4.86840000e-04 -2.37010000e-03 1.95880000e-04 -1.34938000e-03 3.72520000e-04 -2.92480000e-04 -8.27720000e-04 2.60880000e-04 -2.57220000e-04 6.18070000e-04 1.63975000e-03 1.71554000e-03 -2.10420000e-04 1.85660000e-04 7.63430000e-04 6.50550000e-04 1.42925000e-03 7.02010000e-04 -1.18536000e-03 7.41970000e-04 -1.29610000e-04 -2.08534000e-03 2.26849000e-03 2.43712000e-03 3.97560000e-04 -9.09110000e-04 3.98440000e-04 -2.07110000e-04 6.85850000e-04 1.03723000e-03 -6.75050000e-04 2.53390000e-04 7.91780000e-04 -9.28180000e-04 1.78360000e-04 4.43230000e-04 1.05634000e-03 -6.23800000e-05 -1.91719000e-03 -3.19030000e-04 -5.08700000e-05 9.67730000e-04 8.20940000e-04 -1.19281000e-03 -5.50790000e-04 1.45139000e-03 -1.44777000e-03 -6.94590000e-04 -8.00690000e-04 -2.85010000e-04 -6.61280000e-04 1.41000000e-06 1.24019000e-03 5.60990000e-04 1.54196000e-03 -1.32246000e-03 -3.26196000e-03 2.93140000e-04 5.46660000e-04 2.31870000e-04 -4.66460000e-04 -6.44000000e-06 -1.02930000e-04 5.83300000e-05 4.53100000e-04 -8.18810000e-04 -5.61900000e-05 2.99040000e-04 -4.73810000e-04 3.86100000e-04 9.45130000e-04 1.97666000e-03
-2.42500000e-04 7.30500000e-04 7.27200000e-05 6.78490000e-04 1.38651000e-03 -2.24623000e-03 -1.43100000e-03 -3.95830000e-04 -1.48630000e-04 -4.67720000e-04 -1.20300000e-04 3.73974000e-03 -1.36700000e-05 -1.94008000e-03 3.89840000e-03 1.34901000e-03 -4.87040000e-04 1.47484000e-03 -1.44590000e-04 -2.54631000e-03 3.82953000e-03 3.82150000e-04 4.33650000e-04 1.19095000e-03 -1.46268000e-03 1.82350000e-04 1.24078000e-03 3.57210000e-04 1.18816000e-03 9.07360000e-04 1.81820000e-03 -2.98240000e-04 -1.81300000e-05 -2.89640000e-04 1.79534000e-03 1.16040000e-03 -3.27688000e-03 2.53490000e-04 -2.23751000e-03 9.24130000e-04 -2.64610000e-04 -1.36708000e-03 1.64577000e-03 -7.04770000e-04 1.83004000e-03 1.41789000e-03 4.38976000e-03 2.42000000e-06 7.90500000e-04 8.88200000e-04 7.95670000e-04 1.52426000e-03 1.06436000e-03 -1.18164000e-03 1.08719000e-03 4.66290000e-04 -3.89166000e-03 5.74351000e-03 4.86169000e-03 1.13720000e-03 -1.70340000e-03 -1.26824000e-03 -2.70120000e-04 2.61219000e-03 7.95810000e-04 -5.57030000e-04 5.28030000e-04 9.49260000e-04 -1.38161000e-03 7.57360000e-04 1.95718000e-03 1.05517000e-03 -1.67860000e-04 -3.92565000e-03 3.48820000e-04 6.64890000e-04 2.10924000e-03 -1.48190000e-04 -2.25158000e-03 -8.86620000e-04 1.50634000e-03 -2.54634000e-03 -8.31180000e-04 -1.19980000e-03 -3.82140000e-04 -7.51980000e-04 3.56500000e-04 2.06992000e-03 -3.11590000e-04 3.70553000e-03 -1.40717000e-03 -2.90533000e-03 5.95440000e-04 1.39993000e-03 5.87950000e-04 -1.64610000e-04 -6.42090000e-04 -1.00360000e-04 1.42070000e-04 2.28826000e-03 -1.06697000e-03 4.65070000e-04 1.13151000e-03 3.41700000e-04 4.16230000e-04 2.31313000e-03 2.60580000e-03
1.88360000e-04 -1.42400000e-05 -1.55510000e-04 3.92550000e-04 -2.53100000e-05 1.21640000e-04 -2.81300000e-05 -1.21060000e-04 6.41900000e-05 -6.07500000e-05 -7.03000000e-06 -5.92980000e-04 -1.00910000e-04 -1.20800000e-04 -7.27210000e-04 1.37830000e-04 -8.67700000e-05 3.95110000e-04 2.48700000e-05 1.25510000e-04 -5.05890000e-04 9.99700000e-05 2.11200000e-04 -4.97000000e-06 -2.14730000e-04 4.53600000e-05 9.98300000e-05 1.13230000e-04 -2.10940000e-04 2.25330000e-04 2.01450000e-04 5.02600000e-05 7.06600000e-05 -6.86800000e-05 3.20870000e-04 -9.49300000e-05 -1.77640000e-04 -8.93000000e-06 3.09000000e-06 -4.45800000e-05 -1.59700000e-05 -1.51000000e-06 -3.32760000e-04 1.24370000e-04 -1.56830000e-04 3.64740000e-04 -4.47580000e-04 -1.04710000e-04 -1.44520000e-04 1.44820000e-04 1.29510000e-04 2.64260000e-04 9.01800000e-05 -1.32260000e-04 1.99200000e-05 -1.83740000e-04 1.03380000e-04 -5.61280000e-04 -1.49030000e-04 -5.37200000e-05 1.01560000e-04 5.21270000e-04 1.43800000e-05 -4.02510000e-04 2.74690000e-04 -1.22000000e-04 -6.77700000e-05 1.60420000e-04 9.19000000e-06 -5.94200000e-05 -3.35020000e-04 2.20540000e-04 -1.15500000e-05 2.04240000e-04 -1.97510000e-04 -2.25450000e-04 -1.57890000e-04 4.27920000e-04 8.12500000e-05 5.08400000e-05 3.05890000e-04 4.20500000e-05 -5.58000000e-05 -2.71700000e-05 -2.88400000e-05 -1.05590000e-04 -9.31700000e-05 5.50600000e-05 4.03890000e-04 -2.48660000e-04 -1.28910000e-04 -5.63940000e-04 3.36500000e-05 -3.02200000e-05 -6.45000000e-06 -8.80800000e-05 2.12090000e-04 5.01400000e-05 4.78700000e-05 -3.09070000e-04 -6.53000000e-06 -7.62800000e-05 -8.53400000e-05 -2.09220000e-04 1.08510000e-04 -1.57720000e-04 2.78480000e-04
-2.18680000e-04 -1.47905000e-03 3.23420000e-04 -2.28806000e-03 -3.28269000e-03 6.80215000e-03 4.69027000e-03 2.47006000e-03 7.96200000e-04 1.43231000e-03 1.68100000e-04 -9.41936000e-03 1.46753000e-03 5.69688000e-03 -9.50198000e-03 -3.25247000e-03 2.05474000e-03 -4.77512000e-03 1.08983000e-03 7.65859000e-03 -9.56217000e-03 -1.98112000e-03 -1.25927000e-03 -2.42660000e-03 5.18357000e-03 1.26640000e-04 -3.10792000e-03 -1.85155000e-03 -2.41533000e-03 -2.87359000e-03 -5.18513000e-03 1.96118000e-03 1.18283000e-03 1.56555000e-03 -5.63701000e-03 -2.73218000e-03 1.04114200e-02 -2.16240000e-04 6.93829000e-03 -1.87771000e-03 1.79970000e-03 4.55185000e-03 -3.54276000e-03 2.11150000e-03 -3.52827000e-03 -4.77455000e-03 -1.12617400e-02 5.78940000e-04 -1.55571000e-03 -2.00278000e-03 -1.68290000e-03 -4.27839000e-03 -2.53540000e-03 3.40037000e-03 -2.71134000e-03 -5.98550000e-04 1.14370500e-02 -1.50306100e-02 -1.36197200e-02 -2.23256000e-03 4.74022000e-03 2.61936000e-03 1.55117000e-03 -6.18710000e-03 -2.43359000e-03 2.00123000e-03 -1.14776000e-03 -2.43263000e-03 5.05928000e-03 -1.17421000e-03 -4.72467000e-03 -3.15289000e-03 7.44070000e-04 1.13980600e-02 -2.22340000e-04 -1.74337000e-03 -5.14404000e-03 -3.35750000e-04 6.87800000e-03 3.27823000e-03 -5.14653000e-03 7.63489000e-03 2.87308000e-03 3.88303000e-03 1.15372000e-03 2.84062000e-03 -6.43770000e-04 -6.54343000e-03 1.13780000e-04 -1.06300100e-02 4.13583000e-03 9.68789000e-03 -2.41900000e-03 -4.13617000e-03 -1.91161000e-03 2.16570000e-04 7.85430000e-04 -3.12530000e-04 -1.23258000e-03 -5.66885000e-03 2.47914000e-03 -1.41278000e-03 -3.27814000e-03 -7.59060000e-04 -1.82808000e-03 -6.61740000e-03 -8.01441000e-03
-5.51080000e-04 -3.98080000e-04 2.55810000e-04 -1.16075000e-03 -1.23888000e-03 3.49939000e-03 2.54287000e-03 1.61406000e-03 5.84390000e-04 4.37220000e-04 2.17710000e-04 -4.15711000e-03 1.18365000e-03 2.97254000e-03 -4.16025000e-03 -1.50569000e-03 1.29655000e-03 -2.40684000e-03 5.72160000e-04 3.81515000e-03 -4.14645000e-03 -1.28003000e-03 -6.33110000e-04 -7.74720000e-04 2.82028000e-03 1.16890000e-04 -1.49343000e-03 -1.21024000e-03 -7.99390000e-04 -1.44905000e-03 -2.47882000e-03 1.09080000e-03 7.47370000e-04 1.00479000e-03 -2.77438000e-03 -1.07425000e-03 5.26777000e-03 1.64200000e-04 3.56589000e-03 -8.85800000e-04 9.74610000e-04 2.40966000e-03 -1.29712000e-03 9.77910000e-04 -1.49430000e-03 -2.42881000e-03 -5.03634000e-03 5.74760000e-04 -4.52850000e-04 -9.55610000e-04 -7.46750000e-04 -2.03829000e-03 -1.09348000e-03 1.34791000e-03 -1.06325000e-03 5.13500000e-05 5.61078000e-03 -6.79747000e-03 -6.84290000e-03 -9.88850000e-04 2.18207000e-03 1.02821000e-03 8.21140000e-04 -2.62815000e-03 -1.15830000e-03 1.07420000e-03 -2.67330000e-04 -1.13651000e-03 2.50237000e-03 -5.13150000e-04 -1.89048000e-03 -1.59054000e-03 5.76710000e-04 5.62548000e-03 1.42900000e-05 -6.43990000e-04 -2.12285000e-03 -3.32560000e-04 3.43391000e-03 1.60079000e-03 -2.65886000e-03 3.86797000e-03 1.51470000e-03 2.03520000e-03 7.09510000e-04 1.65443000e-03 -4.53500000e-05 -3.53482000e-03 -1.09690000e-04 -5.56933000e-03 1.69795000e-03 4.52143000e-03 -1.57025000e-03 -2.31249000e-03 -1.21178000e-03 -2.01040000e-04 -1.86340000e-04 -5.16410000e-04 -9.76370000e-04 -2.85367000e-03 8.43770000e-04 -9.97100000e-04 -1.86009000e-03 -6.48470000e-04 -1.22055000e-03 -3.54615000e-03 -4.39478000e-03
-1.47680000e-04 -1.49600000e-05 1.50920000e-04 -1.34900000e-04 -1.15250000e-04 3.91170000e-04 3.31340000e-04 3.81550000e-04 1.94200000e-05 1.92540000e-04 -1.38180000e-04 -3.93170000e-04 3.62020000e-04 5.24740000e-04 -2.91390000e-04 -4.15000000e-06 2.09620000e-04 -3.70810000e-04 2.92020000e-04 3.49210000e-04 -3.06770000e-04 -2.40770000e-04 -1.93600000e-05 1.61300000e-05 4.68240000e-04 2.22670000e-04 -7.47000000e-05 -2.03660000e-04 6.06000000e-06 -2.23230000e-04 -2.12510000e-04 4.47950000e-04 4.35590000e-04 1.33610000e-04 -4.15390000e-04 -1.32630000e-04 7.45610000e-04 -8.00000000e-07 4.27860000e-04 5.52100000e-05 4.19270000e-04 2.60860000e-04 1.64600000e-05 1.95460000e-04 1.98430000e-04 -4.06740000e-04 -4.61470000e-04 9.01900000e-05 -4.20000000e-05 -2.26000000e-06 7.87600000e-05 -1.96420000e-04 5.97600000e-05 3.36510000e-04 -1.90990000e-04 5.80800000e-05 5.43620000e-04 -6.43550000e-04 -6.15020000e-04 1.09920000e-04 2.59470000e-04 -6.18400000e-05 3.36790000e-04 -1.99940000e-04 -2.26310000e-04 2.87700000e-04 -2.44400000e-05 -9.14000000e-06 6.48520000e-04 1.63230000e-04 -1.37350000e-04 -2.34580000e-04 -1.34900000e-05 5.86450000e-04 2.09130000e-04 -1.64830000e-04 -1.99830000e-04 -1.84290000e-04 3.14810000e-04 4.07770000e-04 -4.69700000e-04 4.24070000e-04 2.90880000e-04 2.83830000e-04 -5.90700000e-05 2.45530000e-04 -4.16900000e-05 -3.98510000e-04 -1.53600000e-04 -4.54860000e-04 4.00810000e-04 1.00250000e-03 -1.63990000e-04 -1.10360000e-04 -1.18560000e-04 9.93900000e-05 -9.71900000e-05 -1.55000000e-05 -1.29430000e-04 1.88600000e-05 1.29100000e-04 2.64000000e-06 -6.84700000e-05 1.54440000e-04 -2.31290000e-04 -2.93470000e-04 -4.96440000e-04
-3.46800000e-05 -4.46320000e-04 9.18900000e-05 -5.05600000e-04 -9.35080000e-04 1.89286000e-03 1.28109000e-03 7.78950000e-04 2.00930000e-04 4.60240000e-04 -1.32320000e-04 -2.78006000e-03 5.26190000e-04 1.61489000e-03 -2.74836000e-03 -7.29830000e-04 5.20370000e-04 -1.26473000e-03 4.81890000e-04 2.11567000e-03 -2.69460000e-03 -6.07820000e-04 -2.36700000e-04 -6.13350000e-04 1.42429000e-03 2.05670000e-04 -7.63990000e-04 -5.38250000e-04 -6.74420000e-04 -7.72490000e-04 -1.33703000e-03 8.03830000e-04 6.13150000e-04 3.77320000e-04 -1.52202000e-03 -8.39520000e-04 2.89940000e-03 -9.50000000e-05 1.93014000e-03 -4.03950000e-04 7.04060000e-04 1.24011000e-03 -1.04701000e-03 6.91270000e-04 -7.56350000e-04 -1.27381000e-03 -3.24266000e-03 8.54600000e-05 -5.22320000e-04 -4.08010000e-04 -3.09640000e-04 -1.09626000e-03 -5.70670000e-04 1.02794000e-03 -8.46400000e-04 -2.21000000e-04 3.20479000e-03 -4.28751000e-03 -3.68803000e-03 -4.72000000e-04 1.41839000e-03 8.08210000e-04 6.34910000e-04 -1.80413000e-03 -6.57340000e-04 6.00900000e-04 -4.10660000e-04 -5.41280000e-04 1.70991000e-03 -1.68250000e-04 -1.43181000e-03 -8.30590000e-04 1.05090000e-04 3.19445000e-03 -3.35200000e-05 -6.81650000e-04 -1.48130000e-03 -3.80900000e-05 1.87304000e-03 1.10471000e-03 -1.42632000e-03 2.09038000e-03 8.64610000e-04 1.07600000e-03 1.61040000e-04 7.43460000e-04 -2.88800000e-04 -1.80187000e-03 4.72000000e-05 -2.87321000e-03 1.24703000e-03 2.84185000e-03 -6.39500000e-04 -1.06658000e-03 -5.31190000e-04 1.12720000e-04 3.00050000e-04 -5.18800000e-05 -3.35670000e-04 -1.46484000e-03 6.82000000e-04 -3.44420000e-04 -8.49250000e-04 -1.23840000e-04 -5.42320000e-04 -1.79803000e-03 -2.19421000e-03
-2.63170000e-04 -3.79510000e-04 3.19340000e-04 -1.10245000e-03 -1.09995000e-03 3.25936000e-03 2.36470000e-03 1.42232000e-03 6.54940000e-04 6.28250000e-04 2.86540000e-04 -3.75128000e-03 9.77410000e-04 2.70060000e-03 -3.73679000e-03 -1.51290000e-03 1.24297000e-03 -2.25652000e-03 4.57140000e-04 3.50565000e-03 -3.67736000e-03 -9.47110000e-04 -5.92160000e-04 -7.10440000e-04 2.57071000e-03 5.04000000e-06 -1.45706000e-03 -8.63030000e-04 -6.82020000e-04 -1.32557000e-03 -2.23304000e-03 8.35410000e-04 5.46990000e-04 9.04430000e-04 -2.61148000e-03 -9.81810000e-04 4.82887000e-03 1.96200000e-04 3.32206000e-03 -9.20500000e-04 6.75080000e-04 2.17656000e-03 -1.15256000e-03 9.60270000e-04 -1.74992000e-03 -2.22098000e-03 -4.62722000e-03 6.01370000e-04 -3.99990000e-04 -9.86500000e-04 -7.64310000e-04 -1.93512000e-03 -9.96770000e-04 1.49612000e-03 -9.30840000e-04 1.17020000e-04 5.17352000e-03 -6.13968000e-03 -6.31143000e-03 -1.01877000e-03 1.94051000e-03 1.07971000e-03 6.22690000e-04 -2.44015000e-03 -1.10647000e-03 1.09929000e-03 -1.40440000e-04 -1.10010000e-03 2.17257000e-03 -6.13110000e-04 -1.61476000e-03 -1.50002000e-03 5.73590000e-04 5.17358000e-03 1.32080000e-04 -4.00710000e-04 -1.89987000e-03 -2.32630000e-04 3.17629000e-03 1.32447000e-03 -2.39262000e-03 3.58381000e-03 1.39588000e-03 1.87287000e-03 8.02010000e-04 1.56298000e-03 8.79000000e-05 -3.12007000e-03 -4.40700000e-05 -5.04621000e-03 1.78650000e-03 4.39595000e-03 -1.15900000e-03 -1.90717000e-03 -9.85820000e-04 1.27060000e-04 -1.52000000e-06 -2.33400000e-04 -5.59360000e-04 -2.45542000e-03 1.11552000e-03 -7.01120000e-04 -1.48258000e-03 -3.42700000e-04 -8.86290000e-04 -3.11415000e-03 -3.84917000e-03
1.80030000e-04 4.39400000e-04 -9.35100000e-05 7.49080000e-04 7.50330000e-04 -9.78760000e-04 -7.17720000e-04 -3.82480000e-04 6.58100000e-05 -2.72320000e-04 4.40300000e-05 1.23630000e-03 -1.61040000e-04 -8.76550000e-04 1.21062000e-03 7.55530000e-04 -2.63910000e-04 1.13568000e-03 -1.29280000e-04 -1.28722000e-03 1.50400000e-03 3.91360000e-04 4.25030000e-04 6.66100000e-04 -9.62110000e-04 1.32360000e-04 7.06720000e-04 4.02300000e-04 4.97970000e-04 7.93320000e-04 1.29124000e-03 -2.18840000e-04 -1.18300000e-05 -1.92220000e-04 1.21588000e-03 6.12970000e-04 -1.94080000e-03 2.08690000e-04 -1.13189000e-03 3.13100000e-04 -1.73090000e-04 -7.73090000e-04 6.82830000e-04 -2.21890000e-04 5.62380000e-04 1.11144000e-03 1.98927000e-03 4.47000000e-06 3.57290000e-04 4.97220000e-04 6.16470000e-04 1.19910000e-03 6.64210000e-04 -7.58310000e-04 7.21100000e-04 1.46520000e-04 -2.07620000e-03 2.51030000e-03 2.33538000e-03 4.20840000e-04 -8.58760000e-04 6.13400000e-05 -2.16580000e-04 1.00904000e-03 6.99820000e-04 -3.76130000e-04 4.18460000e-04 6.17000000e-04 -7.26710000e-04 1.69580000e-04 8.24170000e-04 7.68240000e-04 -2.50700000e-05 -1.89277000e-03 1.65100000e-04 1.81380000e-04 8.96630000e-04 4.30430000e-04 -1.11206000e-03 -6.22870000e-04 1.10982000e-03 -1.26783000e-03 -4.83560000e-04 -6.46700000e-04 -1.30440000e-04 -4.57300000e-04 1.90170000e-04 1.14868000e-03 2.68910000e-04 1.54371000e-03 -8.99110000e-04 -2.34154000e-03 4.19820000e-04 7.40700000e-04 2.93220000e-04 -1.06050000e-04 -1.06730000e-04 6.62900000e-05 2.25730000e-04 9.75430000e-04 -4.99760000e-04 1.81160000e-04 5.42200000e-04 -7.89700000e-05 4.18010000e-04 1.09973000e-03 2.11303000e-03
