2.09877700e-02 -7.85110000e-04 -3.88320000e-04 -4.24840000e-04 -1.03231000e-03 4.62200000e-04 -8.60010000e-04 8.15770000e-04 4.25940000e-04 -1.28146000e-03 1.93110000e-04 1.46290000e-04 -5.29500000e-04 6.93080000e-04 2.56350000e-04 -5.36820000e-04 1.90160000e-04 -8.03000000e-06 1.43785000e-03 -4.08160000e-04 -2.79260000e-04 -1.44081000e-03 -1.05250000e-04 -8.99000000e-05 -4.75500000e-05 -8.26500000e-05 5.31550000e-04 -4.94900000e-04 5.30940000e-04 7.08050000e-04 1.28714000e-03 2.83500000e-05 4.72610000e-04 3.54770000e-04 4.94900000e-05 -6.96260000e-04 -1.36480000e-04 6.74100000e-05 6.56770000e-04 1.64984000e-03 -7.69300000e-05 -5.06080000e-04 -1.16969000e-03 4.82350000e-04 -6.83630000e-04 -1.84498000e-03 -4.41290000e-04 2.07447000e-03 -1.14759000e-03 6.78690000e-04 -1.38618000e-03 8.11370000e-04 -6.71810000e-04 -8.21950000e-04 1.69020000e-04 1.38254000e-03 -3.41670000e-04 -3.23500000e-04 -2.39670000e-04 -3.46700000e-05 2.17680000e-04 -5.00700000e-04 2.06693000e-03 -4.04303000e-03 -2.01950000e-04 6.27290000e-04 -6.09750000e-04 5.78380000e-04 -3.03060000e-04 -5.22470000e-04 1.11500000e-03 -2.58530000e-04 -1.39360000e-04 -4.96990000e-04 6.27400000e-05 -3.06380000e-04 1.23763000e-03 5.39150000e-04 4.31920000e-04 9.14450000e-04 1.73700000e-03 6.57730000e-04 9.36370000e-04 1.09840000e-03 -1.22118000e-03 -2.42685000e-03 -4.03390000e-04 2.55970000e-04 -2.25710000e-04 -1.28535000e-03 1.63536000e-03 -8.47130000e-04 -1.12557000e-03 3.16530000e-04 -4.29000000e-04 -2.74330000e-04 -1.71540000e-04 -5.95600000e-05 1.03095000e-03 5.36470000e-04 3.43410000e-04 -2.15947000e-03 -1.17667000e-03 -2.39350000e-04 -5.74390000e-04 -9.39660000e-04 8.36520000e-04
-7.85110000e-04 2.56036800e-02 1.41229000e-03 1.22313000e-03 1.62804000e-03 -3.25800000e-05 1.67408000e-03 -8.81960000e-04 -6.78290000e-04 2.11355000e-03 3.23960000e-04 -2.25660000e-04 2.30926000e-03 -6.94540000e-04 2.81840000e-04 2.57689000e-03 -1.02743000e-03 -4.67000000e-06 -4.23983000e-03 2.99810000e-04 1.03648000e-03 2.53907000e-03 5.26900000e-05 -4.00900000e-05 8.28280000e-04 -3.67010000e-04 -1.02189000e-03 2.09661000e-03 -2.37660000e-04 -4.39720000e-04 -2.09029000e-03 7.67040000e-04 -1.66220000e-04 -3.20980000e-04 2.89850000e-04 1.49131000e-03 -4.80800000e-05 3.54430000e-04 -7.23590000e-04 -2.93884000e-03 8.34600000e-05 7.73650000e-04 2.36461000e-03 -5.65470000e-04 2.06631000e-03 5.18230000e-03 1.00600000e-04 -4.35127000e-03 2.94110000e-03 -2.32900000e-04 2.38173000e-03 -1.33024000e-03 5.31670000e-04 2.78617000e-03 3.82190000e-04 -1.18399000e-03 1.54083000e-03 8.87620000e-04 1.62840000e-04 6.63690000e-04 4.35820000e-04 2.20779000e-03 -3.13052000e-03 8.21215000e-03 1.40612000e-03 -3.76790000e-04 1.66350000e-04 -4.55080000e-04 1.11967000e-03 4.32900000e-04 -1.06386000e-03 1.09020000e-04 7.50420000e-04 3.09800000e-04 5.66790000e-04 9.66520000e-04 -1.64954000e-03 -5.91540000e-04 -6.22900000e-04 -1.10504000e-03 -3.57767000e-03 -8.38980000e-04 -2.14494000e-03 -2.40152000e-03 3.35619000e-03 5.91639000e-03 9.90540000e-04 3.25220000e-04 7.87540000e-04 2.11168000e-03 -2.22581000e-03 1.34910000e-03 1.92826000e-03 -2.50240000e-04 2.08540000e-04 7.39640000e-04 -1.01083000e-03 5.48850000e-04 -1.04167000e-03 -1.53373000e-03 -3.81300000e-05 4.34447000e-03 2.05168000e-03 2.74580000e-04 1.21832000e-03 2.10097000e-03 -6.63840000e-04
-3.88320000e-04 1.41229000e-03 2.30897600e-02 -3.57230000e-04 -1.19761000e-03 1.06500000e-04 4.24400000e-04 -1.78000000e-05 -3.97750000e-04 1.22412000e-03 -4.84800000e-05 -5.94800000e-05 1.25000000e-03 -4.48700000e-05 5.54090000e-04 7.21860000e-04 -1.20941000e-03 -4.73670000e-04 -3.14442000e-03 -4.69460000e-04 8.42480000e-04 -4.56140000e-04 1.41812000e-03 -1.53650000e-04 2.51200000e-04 -3.45050000e-04 -1.33050000e-04 1.21383000e-03 -4.32140000e-04 5.95300000e-04 -4.49310000e-04 4.48750000e-04 2.69380000e-04 -8.97800000e-05 -2.40820000e-04 4.34800000e-05 -2.45210000e-04 4.92550000e-04 -1.49420000e-04 -8.61210000e-04 -4.13850000e-04 -1.55518000e-03 2.47464000e-03 -1.23640000e-04 6.74900000e-04 2.11056000e-03 -1.03919000e-03 -2.78749000e-03 1.82191000e-03 7.03710000e-04 1.47902000e-03 -6.12580000e-04 -3.72460000e-04 8.41450000e-04 1.16120000e-04 -5.32630000e-04 1.03968000e-03 8.68720000e-04 -3.11860000e-04 1.29400000e-04 8.08200000e-05 -1.48120000e-04 -1.28893000e-03 4.03175000e-03 8.91440000e-04 4.13350000e-04 -4.08100000e-05 -4.86020000e-04 4.04030000e-04 -4.73020000e-04 -1.07993000e-03 -2.70220000e-04 2.92050000e-04 -3.92940000e-04 1.31526000e-03 1.00183000e-03 -3.60810000e-04 9.95000000e-06 -5.07460000e-04 -7.43400000e-05 -1.80570000e-03 3.93800000e-05 -1.42878000e-03 -2.64603000e-03 2.02239000e-03 2.92088000e-03 3.41670000e-04 1.09521000e-03 7.49960000e-04 1.52302000e-03 -1.38424000e-03 9.32870000e-04 1.39174000e-03 -7.88690000e-04 -1.15420000e-04 2.67710000e-04 -6.18950000e-04 6.34550000e-04 -3.38520000e-04 -1.25324000e-03 1.83990000e-04 2.81970000e-03 1.14970000e-03 -5.93200000e-05 7.49170000e-04 1.18050000e-03 -5.05550000e-04
-4.24840000e-04 1.22313000e-03 -3.57230000e-04 2.16558900e-02 3.58835000e-03 -1.20320000e-04 1.43532000e-03 -1.01006000e-03 -1.50990000e-04 7.53100000e-04 3.98310000e-04 -5.43400000e-05 9.60430000e-04 -5.62300000e-04 -2.64160000e-04 2.04686000e-03 3.33720000e-04 5.71210000e-04 -4.32290000e-04 9.68310000e-04 1.91350000e-04 3.53594000e-03 -1.77700000e-03 1.14950000e-04 7.24240000e-04 1.32640000e-04 -7.34710000e-04 7.45630000e-04 3.04810000e-04 -1.31822000e-03 -1.37129000e-03 1.51720000e-04 -3.65300000e-04 -1.87200000e-04 6.23710000e-04 2.11289000e-03 5.39500000e-04 -1.44870000e-04 -6.41650000e-04 -1.93813000e-03 6.11690000e-04 3.20962000e-03 -3.73500000e-04 -3.85460000e-04 1.60211000e-03 3.26036000e-03 1.51404000e-03 -1.23167000e-03 1.05420000e-03 -1.19676000e-03 1.16454000e-03 -7.59070000e-04 1.05170000e-03 2.06075000e-03 1.90750000e-04 -8.27980000e-04 4.16580000e-04 8.43400000e-05 4.30590000e-04 6.93420000e-04 4.78680000e-04 2.66916000e-03 -1.98169000e-03 4.30414000e-03 3.98610000e-04 -6.31130000e-04 3.63700000e-04 1.19820000e-04 8.91470000e-04 1.04272000e-03 1.94510000e-04 5.51580000e-04 5.57380000e-04 9.03540000e-04 -7.04690000e-04 -3.98900000e-05 -1.01978000e-03 -5.42340000e-04 3.85000000e-05 -1.00688000e-03 -1.24857000e-03 -7.97840000e-04 -3.32120000e-04 8.98630000e-04 1.50478000e-03 3.24452000e-03 7.72080000e-04 -1.10487000e-03 1.04280000e-04 4.04800000e-04 -9.06750000e-04 4.55670000e-04 1.18830000e-04 9.25800000e-04 4.27030000e-04 6.21260000e-04 -6.02420000e-04 -1.76100000e-04 -7.02210000e-04 -1.28910000e-04 -2.28780000e-04 1.22645000e-03 7.30200000e-04 3.72110000e-04 4.02800000e-04 8.85090000e-04 -6.68900000e-05
-1.03231000e-03 1.62804000e-03 -1.19761000e-03 3.58835000e-03 4.41363900e-02 -9.43540000e-04 2.21276000e-03 -1.96912000e-03 -2.01570000e-04 1.58320000e-03 3.83600000e-04 -2.80810000e-04 1.25962000e-03 -1.24181000e-03 -9.04750000e-04 3.28537000e-03 1.88959000e-03 1.03055000e-03 2.36860000e-04 1.94949000e-03 -5.29500000e-05 7.40035000e-03 -2.81060000e-03 4.98480000e-04 8.57560000e-04 7.00660000e-04 -1.18945000e-03 8.83610000e-04 2.92540000e-04 -2.73962000e-03 -2.47066000e-03 -6.84100000e-05 -1.06473000e-03 -4.64170000e-04 9.53610000e-04 3.13207000e-03 1.07425000e-03 -5.15140000e-04 -1.28009000e-03 -3.48545000e-03 1.05974000e-03 6.35930000e-03 -8.69800000e-04 -6.97390000e-04 2.35186000e-03 5.52880000e-03 3.27863000e-03 -1.16713000e-03 1.34414000e-03 -2.59569000e-03 6.68150000e-04 -1.33232000e-03 2.22333000e-03 3.72858000e-03 -6.46600000e-05 -1.72553000e-03 1.89360000e-04 -1.78800000e-05 8.70950000e-04 7.46820000e-04 3.58520000e-04 4.96121000e-03 -3.35126000e-03 7.10832000e-03 2.76600000e-04 -1.47627000e-03 1.40177000e-03 1.12720000e-04 1.15017000e-03 2.16685000e-03 4.39100000e-04 1.04842000e-03 6.20560000e-04 1.82699000e-03 -1.76161000e-03 -3.30580000e-04 -2.04401000e-03 -1.19463000e-03 3.20800000e-05 -2.08539000e-03 -1.74812000e-03 -1.64724000e-03 -3.85050000e-04 2.90570000e-03 1.62890000e-03 4.94341000e-03 1.04801000e-03 -2.28030000e-03 -4.28100000e-05 9.02300000e-04 -1.22126000e-03 8.43030000e-04 3.23600000e-04 1.48341000e-03 1.35437000e-03 7.73230000e-04 1.36380000e-04 -7.54070000e-04 -1.52931000e-03 2.75690000e-04 -6.78550000e-04 1.80559000e-03 1.15897000e-03 7.72750000e-04 6.36820000e-04 1.17768000e-03 -3.01910000e-04
4.62200000e-04 -3.25800000e-05 1.06500000e-04 -1.20320000e-04 -9.43540000e-04 1.22059700e-02 -1.18350000e-04 2.98050000e-04 1.11190000e-04 -6.64460000e-04 2.52090000e-04 1.69890000e-04 -2.47400000e-05 4.17110000e-04 3.49470000e-04 -7.87500000e-05 -8.50530000e-04 2.61000000e-05 -1.50820000e-04 -2.44140000e-04 1.19160000e-04 -1.13290000e-03 -6.71000000e-06 -2.61360000e-04 2.10500000e-04 -2.78150000e-04 2.67160000e-04 3.89600000e-05 2.44550000e-04 2.86680000e-04 4.35120000e-04 2.50400000e-04 4.28360000e-04 4.81130000e-04 1.36810000e-04 -2.60600000e-05 -3.17400000e-05 1.75160000e-04 3.04170000e-04 5.26650000e-04 7.96000000e-06 -5.29730000e-04 -4.52830000e-04 2.51330000e-04 -4.48300000e-05 -5.87990000e-04 -5.08770000e-04 -1.81660000e-04 -1.81900000e-04 3.87970000e-04 5.04420000e-04 3.18270000e-04 -4.04420000e-04 -4.26880000e-04 2.46300000e-04 4.85320000e-04 1.79610000e-04 4.14400000e-05 -7.89700000e-05 3.00350000e-04 3.28580000e-04 -3.51170000e-04 4.06570000e-04 -1.32421000e-03 1.15420000e-04 4.30510000e-04 -6.05830000e-04 2.08650000e-04 1.02030000e-04 -2.99990000e-04 1.61770000e-04 -1.46990000e-04 1.65620000e-04 -3.29220000e-04 2.68670000e-04 9.58300000e-05 4.88170000e-04 2.18550000e-04 -1.21490000e-04 4.68430000e-04 1.72750000e-04 3.48610000e-04 1.68240000e-04 -6.99790000e-04 1.14090000e-04 -4.81170000e-04 6.96800000e-05 6.63000000e-05 1.01890000e-04 -5.91740000e-04 -1.86000000e-05 -3.61800000e-04 -7.08620000e-04 5.63700000e-05 -5.72620000e-04 1.46500000e-05 -8.42610000e-04 2.60100000e-04 3.90840000e-04 -1.77750000e-04 1.76120000e-04 -4.64280000e-04 -2.74270000e-04 -2.08540000e-04 -2.61420000e-04 -9.95400000e-05 3.46150000e-04
-8.60010000e-04 1.67408000e-03 4.24400000e-04 1.43532000e-03 2.21276000e-03 -1.18350000e-04 1.57390200e-02 -9.81920000e-04 -4.14680000e-04 1.46045000e-03 2.62880000e-04 -1.43210000e-04 1.39987000e-03 -7.06610000e-04 -4.31500000e-05 1.92767000e-03 -4.08200000e-04 2.30310000e-04 -2.17601000e-03 6.37840000e-04 4.66270000e-04 2.64117000e-03 -1.02445000e-03 7.36200000e-05 7.11910000e-04 -8.12600000e-05 -9.03890000e-04 1.19814000e-03 -8.49000000e-06 -8.98630000e-04 -1.75460000e-03 2.84910000e-04 -3.00920000e-04 -2.60070000e-04 3.86950000e-04 1.67483000e-03 2.63810000e-04 7.28300000e-05 -7.38270000e-04 -2.41042000e-03 3.60370000e-04 1.62975000e-03 8.82230000e-04 -5.82090000e-04 1.64932000e-03 3.62292000e-03 7.86230000e-04 -2.69281000e-03 1.82569000e-03 -7.98680000e-04 1.82986000e-03 -9.83330000e-04 8.27830000e-04 2.02734000e-03 2.24200000e-04 -1.05569000e-03 8.20700000e-04 4.66290000e-04 2.84120000e-04 5.59320000e-04 3.86770000e-04 1.91151000e-03 -2.54028000e-03 5.81786000e-03 7.45780000e-04 -5.78420000e-04 3.21900000e-04 -2.32720000e-04 9.74460000e-04 7.73810000e-04 -5.42140000e-04 3.47580000e-04 6.13940000e-04 6.88420000e-04 -1.81850000e-04 4.38750000e-04 -1.39108000e-03 -5.86950000e-04 -3.22030000e-04 -1.06691000e-03 -2.36570000e-03 -8.17680000e-04 -1.19306000e-03 -8.53170000e-04 2.24834000e-03 4.13383000e-03 8.65310000e-04 -4.33220000e-04 4.13260000e-04 1.29557000e-03 -1.57669000e-03 9.39170000e-04 1.17999000e-03 2.23140000e-04 3.30870000e-04 6.30970000e-04 -6.65740000e-04 1.32980000e-04 -9.02470000e-04 -7.76390000e-04 -1.56970000e-04 2.83262000e-03 1.51648000e-03 3.87280000e-04 8.45830000e-04 1.49444000e-03 -5.26150000e-04
8.15770000e-04 -8.81960000e-04 -1.78000000e-05 -1.01006000e-03 -1.96912000e-03 2.98050000e-04 -9.81920000e-04 9.73046000e-03 3.29330000e-04 -1.04210000e-03 1.51300000e-05 1.19740000e-04 -6.66130000e-04 6.75020000e-04 2.52910000e-04 -1.12227000e-03 -1.88200000e-04 -1.90440000e-04 8.29590000e-04 -5.36620000e-04 -1.03120000e-04 -2.19999000e-03 6.11810000e-04 -1.98800000e-05 -2.73750000e-04 -6.24700000e-05 6.15590000e-04 -5.34700000e-04 1.29990000e-04 9.05070000e-04 1.24688000e-03 -1.15700000e-05 4.03670000e-04 3.41280000e-04 -1.45340000e-04 -1.08768000e-03 -2.96040000e-04 1.11010000e-04 6.68870000e-04 1.77915000e-03 -2.59160000e-04 -1.50275000e-03 -3.98590000e-04 4.65870000e-04 -9.41780000e-04 -2.34656000e-03 -7.80840000e-04 1.35825000e-03 -1.04431000e-03 9.21640000e-04 -8.63780000e-04 7.51680000e-04 -7.13750000e-04 -1.33096000e-03 5.79500000e-05 1.00036000e-03 -2.64100000e-04 -1.99240000e-04 -3.40690000e-04 -2.05450000e-04 -7.51100000e-05 -1.40605000e-03 1.82954000e-03 -4.02734000e-03 -2.45620000e-04 6.03910000e-04 -4.29660000e-04 2.69900000e-04 -4.92910000e-04 -6.86890000e-04 3.65800000e-04 -3.18550000e-04 -2.55240000e-04 -5.78090000e-04 3.95990000e-04 -1.55170000e-04 1.03673000e-03 6.00910000e-04 2.06410000e-04 8.94580000e-04 1.38974000e-03 7.13650000e-04 5.84360000e-04 7.66000000e-06 -1.12271000e-03 -2.56154000e-03 -4.85160000e-04 6.03790000e-04 -1.55010000e-04 -8.84490000e-04 1.01746000e-03 -6.27210000e-04 -7.65170000e-04 -2.84000000e-04 -3.97210000e-04 -4.26910000e-04 1.21580000e-04 4.86400000e-05 8.32320000e-04 4.01020000e-04 3.12170000e-04 -1.70610000e-03 -9.71290000e-04 -2.47430000e-04 -4.71310000e-04 -9.02410000e-04 4.83080000e-04
4.25940000e-04 -6.78290000e-04 -3.97750000e-04 -1.50990000e-04 -2.01570000e-04 1.11190000e-04 -4.14680000e-04 3.29330000e-04 8.38480000e-03 -6.06300000e-04 5.36300000e-05 7.10500000e-05 -5.86640000e-04 3.94460000e-04 -5.80000000e-07 -5.32580000e-04 1.63440000e-04 1.15210000e-04 1.06321000e-03 2.40400000e-05 -3.26590000e-04 -5.15320000e-04 -3.67100000e-04 1.10340000e-04 -9.88700000e-05 2.20020000e-04 3.93380000e-04 -5.79130000e-04 1.91440000e-04 2.31680000e-04 6.59270000e-04 -1.69130000e-04 1.48460000e-04 3.53740000e-04 8.38400000e-05 -2.24450000e-04 8.47800000e-05 -4.77200000e-05 2.99000000e-04 7.87390000e-04 3.50600000e-05 1.21850000e-04 -8.93470000e-04 2.97870000e-04 -4.20030000e-04 -1.43296000e-03 9.79700000e-05 1.22280000e-03 -9.01960000e-04 9.43000000e-05 -5.92930000e-04 4.58470000e-04 -1.19180000e-04 -6.79600000e-04 -6.37400000e-05 4.32820000e-04 -3.61320000e-04 -1.74340000e-04 -8.82300000e-05 -1.76250000e-04 -6.65000000e-06 -4.49120000e-04 9.15410000e-04 -2.51641000e-03 -3.25770000e-04 2.44340000e-04 2.37600000e-05 2.25780000e-04 -2.09400000e-04 -7.72000000e-05 4.70840000e-04 2.13900000e-05 -1.02360000e-04 -2.95700000e-05 -1.22410000e-04 -2.33800000e-04 5.84150000e-04 2.42290000e-04 3.73040000e-04 3.48100000e-04 1.07958000e-03 3.01700000e-04 4.64530000e-04 7.46720000e-04 -8.25150000e-04 -1.69793000e-03 -1.92490000e-04 -1.54510000e-04 -1.33140000e-04 -6.37490000e-04 7.17270000e-04 -3.74660000e-04 -7.16710000e-04 2.64000000e-04 2.45700000e-05 -1.01280000e-04 2.61610000e-04 -1.87210000e-04 5.26440000e-04 6.04770000e-04 1.01980000e-04 -1.33119000e-03 -6.38490000e-04 -7.00000000e-06 -2.77610000e-04 -6.31540000e-04 3.73270000e-04
-1.28146000e-03 2.11355000e-03 1.22412000e-03 7.53100000e-04 1.58320000e-03 -6.64460000e-04 1.46045000e-03 -1.04210000e-03 -6.06300000e-04 1.48739200e-02 -1.31060000e-04 -5.51070000e-04 1.83481000e-03 -9.60280000e-04 1.02960000e-04 1.85698000e-03 -5.28200000e-04 -2.30770000e-04 -4.33050000e-03 2.98790000e-04 5.33630000e-04 2.76805000e-03 6.00240000e-04 2.13100000e-04 4.60030000e-04 -2.09000000e-05 -1.03125000e-03 1.57542000e-03 -6.18260000e-04 -3.10130000e-04 -2.23988000e-03 2.63110000e-04 -3.94310000e-04 -3.80700000e-04 -5.57000000e-05 7.08960000e-04 2.12000000e-06 3.54960000e-04 -9.37960000e-04 -3.28180000e-03 -7.03700000e-05 4.13470000e-04 2.59793000e-03 -7.79130000e-04 1.55285000e-03 4.45341000e-03 1.99470000e-04 -4.09420000e-03 2.64474000e-03 -5.32400000e-04 1.85834000e-03 -1.33514000e-03 6.46080000e-04 2.42124000e-03 -7.51300000e-05 -1.56541000e-03 1.07671000e-03 1.02137000e-03 -1.88300000e-05 -4.51000000e-05 -1.21130000e-04 1.54749000e-03 -3.16213000e-03 8.04664000e-03 1.01092000e-03 -6.16720000e-04 8.45400000e-04 -7.59510000e-04 7.85260000e-04 5.58800000e-04 -1.43184000e-03 3.62300000e-05 5.22060000e-04 3.91450000e-04 2.67410000e-04 1.04250000e-03 -1.98757000e-03 -8.88460000e-04 -3.22980000e-04 -1.33050000e-03 -3.61164000e-03 -9.72510000e-04 -2.65988000e-03 -2.35976000e-03 2.62994000e-03 5.06640000e-03 7.70400000e-04 3.15740000e-04 8.54600000e-04 2.96621000e-03 -2.07316000e-03 1.82706000e-03 2.77634000e-03 -6.44230000e-04 8.52510000e-04 5.52160000e-04 3.07860000e-04 2.16280000e-04 -1.01308000e-03 -1.20607000e-03 -8.65100000e-05 4.65347000e-03 2.32070000e-03 6.45230000e-04 1.59529000e-03 1.96206000e-03 -8.47120000e-04
1.93110000e-04 3.23960000e-04 -4.84800000e-05 3.98310000e-04 3.83600000e-04 2.52090000e-04 2.62880000e-04 1.51300000e-05 5.36300000e-05 -1.31060000e-04 9.50196000e-03 6.03500000e-05 2.99190000e-04 8.25800000e-05 6.03500000e-05 4.97280000e-04 -2.81970000e-04 1.84880000e-04 -2.83050000e-04 1.42680000e-04 1.29540000e-04 3.18580000e-04 -4.64880000e-04 6.70000000e-06 2.69660000e-04 -8.56700000e-05 -1.14770000e-04 2.63750000e-04 2.12820000e-04 -6.34900000e-05 -1.72230000e-04 2.20180000e-04 5.71900000e-05 1.70880000e-04 2.67250000e-04 4.43630000e-04 2.59500000e-05 2.36600000e-05 5.88100000e-05 -2.01360000e-04 1.61610000e-04 4.62640000e-04 -2.44880000e-04 4.58600000e-05 3.89630000e-04 5.01640000e-04 1.55180000e-04 -3.58690000e-04 1.61010000e-04 2.03900000e-05 3.88550000e-04 -1.14600000e-05 8.95000000e-05 3.44600000e-04 2.41800000e-04 1.48330000e-04 2.40160000e-04 -1.51800000e-05 9.59700000e-05 2.77960000e-04 2.60960000e-04 5.07030000e-04 -1.74220000e-04 3.20850000e-04 2.26900000e-04 4.20000000e-06 -1.86760000e-04 1.60970000e-04 2.37040000e-04 1.03240000e-04 1.70350000e-04 7.81500000e-05 2.01480000e-04 8.95700000e-05 -4.44600000e-05 -3.80800000e-05 -8.06500000e-05 4.85800000e-05 1.75800000e-05 -4.36800000e-05 -2.61100000e-04 -3.00900000e-05 -8.22000000e-05 -9.51600000e-05 4.06680000e-04 4.94050000e-04 1.88160000e-04 -1.02350000e-04 6.52000000e-06 -1.99090000e-04 -9.05100000e-05 -9.81600000e-05 -2.19720000e-04 2.42630000e-04 -1.18550000e-04 1.58610000e-04 -4.22970000e-04 8.66300000e-05 7.56500000e-05 -1.81900000e-05 6.27400000e-05 2.86900000e-05 3.29200000e-05 1.38600000e-05 7.04000000e-06 1.25000000e-04 1.67190000e-04
1.46290000e-04 -2.25660000e-04 -5.94800000e-05 -5.43400000e-05 -2.80810000e-04 1.69890000e-04 -1.43210000e-04 1.19740000e-04 7.10500000e-05 -5.51070000e-04 6.03500000e-05 9.21099000e-03 -2.00990000e-04 1.73020000e-04 -3.04000000e-06 -2.01130000e-04 -1.37350000e-04 2.80500000e-05 9.09630000e-04 -4.16300000e-05 1.25300000e-05 -4.81200000e-04 8.81000000e-06 -6.46200000e-05 3.82100000e-05 -3.41400000e-05 1.30820000e-04 -1.77510000e-04 8.83200000e-05 -2.12600000e-05 3.20240000e-04 -3.93300000e-05 8.74300000e-05 4.63100000e-05 3.27600000e-05 6.11000000e-05 5.00000000e-05 -4.98000000e-05 1.07590000e-04 4.85000000e-04 4.05000000e-06 -5.43300000e-05 -3.03150000e-04 1.01940000e-04 -1.27850000e-04 -5.68240000e-04 -5.54100000e-05 4.12300000e-04 -3.09530000e-04 1.07560000e-04 -7.30000000e-06 1.30400000e-04 -1.08590000e-04 -3.18380000e-04 7.47800000e-05 1.55140000e-04 -1.21080000e-04 -1.18910000e-04 2.04350000e-04 7.68600000e-05 4.86600000e-05 -2.40660000e-04 2.98580000e-04 -1.03502000e-03 -9.72300000e-05 1.13240000e-04 -1.87520000e-04 9.96300000e-05 -6.12000000e-05 -1.32560000e-04 1.44670000e-04 2.81400000e-05 -1.71000000e-05 -3.54400000e-05 7.79100000e-05 -1.09470000e-04 3.10420000e-04 2.17620000e-04 7.62600000e-05 1.96540000e-04 4.25810000e-04 1.91680000e-04 7.58350000e-04 1.73570000e-04 -1.83200000e-04 -5.16830000e-04 -7.57600000e-05 -2.93800000e-05 -9.02100000e-05 -5.12140000e-04 1.13800000e-04 -2.88690000e-04 -4.98300000e-04 4.51000000e-04 -2.20660000e-04 3.08020000e-04 -2.81220000e-04 3.56030000e-04 7.14000000e-05 6.95700000e-05 -1.49200000e-05 -2.84940000e-04 8.57000000e-06 -1.76180000e-04 -2.58800000e-04 9.74200000e-05 8.22500000e-05
-5.29500000e-04 2.30926000e-03 1.25000000e-03 9.60430000e-04 1.25962000e-03 -2.47400000e-05 1.39987000e-03 -6.66130000e-04 -5.86640000e-04 1.83481000e-03 2.99190000e-04 -2.00990000e-04 2.59329100e-02 -5.67610000e-04 2.87860000e-04 2.24919000e-03 -8.53740000e-04 -8.70600000e-05 -3.74427000e-03 1.83130000e-04 9.34640000e-04 2.10837000e-03 1.94840000e-04 -2.73700000e-05 7.22000000e-04 -3.41950000e-04 -8.55960000e-04 1.90391000e-03 -1.72640000e-04 -3.11610000e-04 -1.78295000e-03 6.49430000e-04 -1.03690000e-04 -2.49780000e-04 2.59060000e-04 1.11984000e-03 -1.28860000e-04 3.39790000e-04 -5.68720000e-04 -2.49641000e-03 9.94000000e-06 4.61600000e-04 2.11931000e-03 -5.31260000e-04 1.75574000e-03 4.48527000e-03 -1.39000000e-06 -3.75348000e-03 2.53338000e-03 -8.79100000e-05 1.90108000e-03 -1.08542000e-03 3.74420000e-04 2.45864000e-03 3.80250000e-04 -8.62260000e-04 1.35671000e-03 7.65960000e-04 4.72300000e-05 5.42300000e-04 3.49630000e-04 1.84694000e-03 -2.56987000e-03 6.88851000e-03 1.28307000e-03 -2.95680000e-04 1.06650000e-04 -3.36440000e-04 9.49270000e-04 2.76430000e-04 -8.68290000e-04 -4.61000000e-06 6.45560000e-04 2.04470000e-04 5.28720000e-04 8.48140000e-04 -1.41391000e-03 -4.81270000e-04 -6.40790000e-04 -9.01910000e-04 -3.13264000e-03 -6.91280000e-04 -1.84947000e-03 -2.10584000e-03 2.86743000e-03 5.06005000e-03 7.97290000e-04 4.16520000e-04 6.90360000e-04 1.85052000e-03 -1.80691000e-03 1.15361000e-03 1.73705000e-03 -3.06010000e-04 1.56750000e-04 5.86080000e-04 -8.21130000e-04 5.24760000e-04 -8.54450000e-04 -1.35863000e-03 -1.19500000e-05 3.81948000e-03 1.79641000e-03 2.36640000e-04 1.06029000e-03 1.82665000e-03 -5.30080000e-04
6.93080000e-04 -6.94540000e-04 -4.48700000e-05 -5.62300000e-04 -1.24181000e-03 4.17110000e-04 -7.06610000e-04 6.75020000e-04 3.94460000e-04 -9.60280000e-04 8.25800000e-05 1.73020000e-04 -5.67610000e-04 1.02279400e-02 2.57800000e-04 -7.67750000e-04 -2.06570000e-04 -4.51800000e-05 8.82980000e-04 -3.24180000e-04 -1.02900000e-04 -1.55025000e-03 1.67770000e-04 -4.19700000e-05 -1.22100000e-04 2.86500000e-05 6.43150000e-04 -4.84620000e-04 1.89440000e-04 6.10240000e-04 1.10269000e-03 -1.35600000e-05 4.16750000e-04 4.60000000e-04 -9.81000000e-06 -5.72880000e-04 -9.13300000e-05 9.66300000e-05 5.43190000e-04 1.42005000e-03 -1.34150000e-04 -7.68510000e-04 -5.93380000e-04 4.68870000e-04 -6.31570000e-04 -1.82557000e-03 -4.73580000e-04 1.15856000e-03 -8.98850000e-04 6.14230000e-04 -5.19910000e-04 6.29240000e-04 -5.22660000e-04 -1.01414000e-03 4.32700000e-05 7.46920000e-04 -2.15700000e-04 -1.15580000e-04 -2.39960000e-04 -7.72800000e-05 5.45800000e-05 -9.45130000e-04 1.36521000e-03 -3.29367000e-03 -2.17880000e-04 5.98950000e-04 -3.12140000e-04 2.78690000e-04 -2.95500000e-04 -4.76390000e-04 4.10500000e-04 -1.70010000e-04 -1.20980000e-04 -3.88930000e-04 3.32710000e-04 -8.99100000e-05 9.87270000e-04 4.96470000e-04 3.17970000e-04 7.49360000e-04 1.27350000e-03 6.07040000e-04 5.95660000e-04 1.85790000e-04 -8.02560000e-04 -1.99534000e-03 -2.94020000e-04 2.60910000e-04 -5.31500000e-05 -8.49770000e-04 7.38750000e-04 -5.36530000e-04 -9.39090000e-04 1.66800000e-05 -3.27240000e-04 -2.24080000e-04 -8.50100000e-05 3.73900000e-05 7.05630000e-04 3.83300000e-04 2.31770000e-04 -1.50585000e-03 -8.40110000e-04 -2.14550000e-04 -4.42970000e-04 -7.24130000e-04 4.72370000e-04
2.56350000e-04 2.81840000e-04 5.54090000e-04 -2.64160000e-04 -9.04750000e-04 3.49470000e-04 -4.31500000e-05 2.52910000e-04 -5.80000000e-07 1.02960000e-04 6.03500000e-05 -3.04000000e-06 2.87860000e-04 2.57800000e-04 1.37546000e-02 5.73500000e-05 -5.52980000e-04 -1.93000000e-04 -9.25060000e-04 -3.31130000e-04 2.85460000e-04 -7.45160000e-04 4.21510000e-04 -1.15130000e-04 1.60550000e-04 -1.66810000e-04 1.89830000e-04 3.09510000e-04 3.53000000e-06 4.74280000e-04 2.38060000e-04 1.89840000e-04 3.73600000e-04 1.97850000e-04 -5.88600000e-05 -2.44780000e-04 -1.74210000e-04 3.05200000e-04 1.90460000e-04 2.50080000e-04 -1.61250000e-04 -8.66250000e-04 5.67620000e-04 1.09580000e-04 4.06400000e-05 1.43260000e-04 -5.92660000e-04 -6.56200000e-04 3.59650000e-04 5.11250000e-04 4.43690000e-04 7.85800000e-05 -3.88610000e-04 -1.82700000e-05 1.18950000e-04 2.13510000e-04 3.34610000e-04 3.02290000e-04 -2.59460000e-04 1.36070000e-04 1.43450000e-04 -3.38130000e-04 8.75500000e-05 1.22730000e-04 2.84840000e-04 4.37030000e-04 -2.38090000e-04 3.16500000e-05 1.18390000e-04 -3.43750000e-04 -1.69400000e-04 -2.07590000e-04 1.51210000e-04 -3.42850000e-04 5.65230000e-04 4.06520000e-04 2.96530000e-04 1.84050000e-04 2.22000000e-05 3.38690000e-04 -2.69710000e-04 2.63090000e-04 -3.13110000e-04 -9.68540000e-04 4.40350000e-04 3.30740000e-04 7.39600000e-05 4.68510000e-04 3.37860000e-04 2.43480000e-04 -2.06880000e-04 1.47430000e-04 1.40680000e-04 -3.36520000e-04 -2.48720000e-04 -6.52500000e-05 -3.60670000e-04 2.25870000e-04 2.06660000e-04 -3.64830000e-04 2.17570000e-04 4.83480000e-04 1.16960000e-04 -5.17400000e-05 1.35540000e-04 1.88670000e-04 1.12630000e-04
-5.36820000e-04 2.57689000e-03 7.21860000e-04 2.04686000e-03 3.28537000e-03 -7.87500000e-05 1.92767000e-03 -1.12227000e-03 -5.32580000e-04 1.85698000e-03 4.97280000e-04 -2.01130000e-04 2.24919000e-03 -7.67750000e-04 5.73500000e-05 4.79166100e-02 -4.24140000e-04 2.97310000e-04 -3.22233000e-03 7.28380000e-04 8.24800000e-04 3.90870000e-03 -9.66960000e-04 5.82000000e-05 9.92120000e-04 -1.83540000e-04 -1.14634000e-03 1.96545000e-03 6.79100000e-05 -1.01133000e-03 -2.24118000e-03 6.45630000e-04 -3.10880000e-04 -2.81780000e-04 5.93050000e-04 2.10541000e-03 2.23470000e-04 1.65060000e-04 -8.13100000e-04 -3.15263000e-03 3.81130000e-04 2.40383000e-03 1.35695000e-03 -5.98070000e-04 2.35802000e-03 5.58364000e-03 9.21840000e-04 -3.63530000e-03 2.60606000e-03 -7.80600000e-04 2.00432000e-03 -1.31339000e-03 9.20810000e-04 3.27550000e-03 4.22960000e-04 -1.12410000e-03 1.31640000e-03 6.40850000e-04 3.19620000e-04 8.36910000e-04 5.82580000e-04 3.23325000e-03 -3.16989000e-03 8.00376000e-03 1.25998000e-03 -6.03740000e-04 3.00870000e-04 -1.78240000e-04 1.27695000e-03 8.53120000e-04 -4.67080000e-04 3.22210000e-04 8.30450000e-04 6.80710000e-04 -4.64100000e-05 6.34370000e-04 -1.71060000e-03 -7.10330000e-04 -4.42850000e-04 -1.31919000e-03 -3.20127000e-03 -1.03435000e-03 -1.67946000e-03 -1.00457000e-03 3.11199000e-03 5.92617000e-03 1.07761000e-03 -3.60080000e-04 5.94750000e-04 1.63792000e-03 -1.87543000e-03 1.12544000e-03 1.37108000e-03 3.70420000e-04 3.71680000e-04 8.36980000e-04 -1.03440000e-03 2.85560000e-04 -1.07733000e-03 -1.13567000e-03 -1.49130000e-04 3.69576000e-03 1.81260000e-03 3.83670000e-04 1.04990000e-03 1.94347000e-03 -4.17960000e-04
1.90160000e-04 -1.02743000e-03 -1.20941000e-03 3.33720000e-04 1.88959000e-03 -8.50530000e-04 -4.08200000e-04 -1.88200000e-04 1.63440000e-04 -5.28200000e-04 -2.81970000e-04 -1.37350000e-04 -8.53740000e-04 -2.06570000e-04 -5.52980000e-04 -4.24140000e-04 4.38710600e-02 2.50940000e-04 3.19671000e-03 4.32770000e-04 -5.15620000e-04 1.43028000e-03 -5.20110000e-04 2.10720000e-04 -3.50380000e-04 5.80170000e-04 2.92240000e-04 -8.03450000e-04 2.02060000e-04 -8.50360000e-04 5.41270000e-04 -5.32270000e-04 -3.79000000e-04 -4.10800000e-04 -7.72000000e-06 -1.21330000e-04 2.49350000e-04 -4.54880000e-04 -3.17900000e-05 7.78430000e-04 1.96590000e-04 1.66488000e-03 -1.19732000e-03 2.16000000e-06 -6.38470000e-04 -7.50550000e-04 1.18211000e-03 3.01007000e-03 -1.14155000e-03 -7.77250000e-04 -2.19992000e-03 3.04260000e-04 5.08870000e-04 -7.63700000e-05 -3.92640000e-04 1.63280000e-04 -9.53320000e-04 -6.30220000e-04 1.44890000e-04 -1.93150000e-04 -2.73160000e-04 5.57580000e-04 1.01537000e-03 -1.98912000e-03 -7.34570000e-04 -3.46030000e-04 6.29780000e-04 3.62660000e-04 -4.42980000e-04 5.10130000e-04 9.87910000e-04 2.78450000e-04 -4.62690000e-04 4.66460000e-04 -8.79440000e-04 -7.09700000e-04 4.30040000e-04 -9.28200000e-05 -8.27600000e-05 -3.58300000e-05 1.91369000e-03 -1.65560000e-04 1.52046000e-03 3.44012000e-03 -1.76319000e-03 -1.62340000e-03 -4.08050000e-04 -7.69460000e-04 -5.58360000e-04 -7.07360000e-04 1.29559000e-03 -4.30890000e-04 -6.52280000e-04 2.79490000e-04 5.46260000e-04 -5.91940000e-04 1.17464000e-03 -8.27920000e-04 -2.28840000e-04 9.65800000e-04 -3.43570000e-04 -2.04280000e-03 -1.01557000e-03 4.54200000e-05 -5.55070000e-04 -1.02641000e-03 6.72000000e-05
-8.03000000e-06 -4.67000000e-06 -4.73670000e-04 5.71210000e-04 1.03055000e-03 2.61000000e-05 2.30310000e-04 -1.90440000e-04 1.15210000e-04 -2.30770000e-04 1.84880000e-04 2.80500000e-05 -8.70600000e-05 -4.51800000e-05 -1.93000000e-04 2.97310000e-04 2.50940000e-04 1.35903000e-02 6.01540000e-04 3.92680000e-04 -1.62320000e-04 7.88010000e-04 -8.26320000e-04 6.20800000e-05 1.63440000e-04 1.05610000e-04 -9.10300000e-05 -1.18710000e-04 2.27260000e-04 -3.96750000e-04 -1.40800000e-04 1.12310000e-04 -1.32460000e-04 1.07930000e-04 2.75920000e-04 5.99470000e-04 2.20720000e-04 -1.60040000e-04 -6.92400000e-05 -2.03470000e-04 3.23160000e-04 1.14948000e-03 -7.61380000e-04 9.35300000e-05 2.31600000e-04 1.89710000e-04 6.07460000e-04 3.92890000e-04 -1.60940000e-04 -4.04780000e-04 4.22100000e-05 1.89900000e-05 3.78760000e-04 1.97100000e-04 6.39100000e-05 -2.20500000e-05 -7.42200000e-05 -1.82960000e-04 3.41870000e-04 1.94800000e-04 2.24800000e-04 6.70280000e-04 -1.22120000e-04 5.86100000e-05 -6.60300000e-05 -1.98310000e-04 3.52100000e-05 1.62450000e-04 1.26640000e-04 4.29730000e-04 3.40860000e-04 3.07500000e-04 9.65900000e-05 3.37430000e-04 -4.16350000e-04 -2.80650000e-04 -8.98300000e-05 -8.04300000e-05 8.24200000e-05 -1.80770000e-04 2.08450000e-04 -1.56320000e-04 2.17120000e-04 7.61100000e-04 -5.68300000e-05 3.37500000e-05 1.81030000e-04 -5.32570000e-04 -1.84620000e-04 -3.75430000e-04 9.80000000e-05 -1.96150000e-04 -4.23880000e-04 4.60510000e-04 9.02800000e-05 1.33080000e-04 -1.14780000e-04 -1.95350000e-04 2.01000000e-06 3.17600000e-04 -6.18400000e-05 -5.43830000e-04 -1.77730000e-04 5.80600000e-05 -1.12220000e-04 -1.37180000e-04 1.05340000e-04
1.43785000e-03 -4.23983000e-03 -3.14442000e-03 -4.32290000e-04 2.36860000e-04 -1.50820000e-04 -2.17601000e-03 8.29590000e-04 1.06321000e-03 -4.33050000e-03 -2.83050000e-04 9.09630000e-04 -3.74427000e-03 8.82980000e-04 -9.25060000e-04 -3.22233000e-03 3.19671000e-03 6.01540000e-04 4.89213000e-02 2.99390000e-04 -1.59302000e-03 -1.94506000e-03 -1.73992000e-03 -3.36600000e-05 -9.70140000e-04 8.11480000e-04 1.60544000e-03 -3.42172000e-03 9.60050000e-04 -7.73710000e-04 3.41435000e-03 -1.38832000e-03 5.30000000e-06 5.24600000e-05 1.58900000e-05 -6.04500000e-04 5.86380000e-04 -1.06796000e-03 9.57970000e-04 4.86119000e-03 3.93620000e-04 1.72982000e-03 -5.08265000e-03 7.82230000e-04 -2.72251000e-03 -7.22961000e-03 1.35935000e-03 8.93832000e-03 -5.01544000e-03 -6.26260000e-04 -4.37993000e-03 1.97500000e-03 -7.18500000e-05 -3.60280000e-03 -5.09460000e-04 1.77806000e-03 -2.82068000e-03 -2.07507000e-03 3.69240000e-04 -3.80310000e-04 -3.22420000e-04 -1.72842000e-03 4.93461000e-03 -1.27343000e-02 -2.47860000e-03 2.02890000e-04 -2.18700000e-04 1.23392000e-03 -1.50548000e-03 8.13000000e-06 2.84093000e-03 4.22370000e-04 -1.19194000e-03 3.07370000e-04 -1.63604000e-03 -2.24851000e-03 2.95446000e-03 9.36900000e-04 7.96920000e-04 1.50506000e-03 6.96575000e-03 9.88800000e-04 5.61223000e-03 7.09435000e-03 -5.49928000e-03 -8.73147000e-03 -1.43385000e-03 -1.64795000e-03 -1.75260000e-03 -4.58468000e-03 4.03942000e-03 -2.70195000e-03 -4.32322000e-03 1.83426000e-03 -2.97320000e-04 -7.84580000e-04 1.09610000e-03 -9.77590000e-04 1.06015000e-03 2.87263000e-03 -3.62020000e-04 -8.20931000e-03 -3.77623000e-03 -6.28960000e-04 -2.58725000e-03 -3.42486000e-03 1.10980000e-03
-4.08160000e-04 2.99810000e-04 -4.69460000e-04 9.68310000e-04 1.94949000e-03 -2.44140000e-04 6.37840000e-04 -5.36620000e-04 2.40400000e-05 2.98790000e-04 1.42680000e-04 -4.16300000e-05 1.83130000e-04 -3.24180000e-04 -3.31130000e-04 7.28380000e-04 4.32770000e-04 3.92680000e-04 2.99390000e-04 1.19469700e-02 -9.91700000e-05 1.83991000e-03 -1.05826000e-03 1.71190000e-04 2.31350000e-04 2.34740000e-04 -3.28870000e-04 8.76100000e-05 1.15920000e-04 -7.79170000e-04 -6.87510000e-04 -3.74500000e-05 -3.37490000e-04 -9.09000000e-05 3.27200000e-04 9.93760000e-04 3.33660000e-04 -2.13570000e-04 -3.33090000e-04 -9.33390000e-04 3.75370000e-04 1.78453000e-03 -4.95000000e-04 -1.72470000e-04 6.13660000e-04 1.10520000e-03 1.00357000e-03 -1.45680000e-04 1.88830000e-04 -7.82010000e-04 2.90920000e-04 -3.08000000e-04 7.10910000e-04 7.71030000e-04 6.56000000e-06 -4.82360000e-04 -1.73100000e-05 -9.88500000e-05 3.37670000e-04 1.85640000e-04 1.19580000e-04 1.18008000e-03 -8.80370000e-04 1.58067000e-03 -9.42000000e-06 -4.80370000e-04 3.76030000e-04 2.51200000e-05 3.07340000e-04 6.81100000e-04 1.38860000e-04 3.93140000e-04 1.60520000e-04 6.25440000e-04 -5.92170000e-04 -2.06830000e-04 -5.67730000e-04 -3.09630000e-04 1.94000000e-05 -5.95460000e-04 -3.58320000e-04 -4.59420000e-04 -3.00900000e-05 8.56120000e-04 3.50700000e-04 1.02374000e-03 3.09570000e-04 -7.34230000e-04 -1.05120000e-04 9.45700000e-05 -2.92860000e-04 1.48000000e-04 7.05000000e-06 5.23720000e-04 3.79290000e-04 2.66800000e-04 7.51100000e-05 -2.40640000e-04 -3.83840000e-04 2.34230000e-04 -2.07580000e-04 2.40210000e-04 2.61180000e-04 2.27540000e-04 1.31330000e-04 2.38480000e-04 -1.06950000e-04
-2.79260000e-04 1.03648000e-03 8.42480000e-04 1.91350000e-04 -5.29500000e-05 1.19160000e-04 4.66270000e-04 -1.03120000e-04 -3.26590000e-04 5.33630000e-04 1.29540000e-04 1.25300000e-05 9.34640000e-04 -1.02900000e-04 2.85460000e-04 8.24800000e-04 -5.15620000e-04 -1.62320000e-04 -1.59302000e-03 -9.91700000e-05 1.93156500e-02 2.78030000e-04 4.56780000e-04 -1.13290000e-04 2.91150000e-04 -2.54150000e-04 -2.07850000e-04 9.56870000e-04 -1.53440000e-04 1.83700000e-05 -5.00490000e-04 3.66440000e-04 9.12800000e-05 -2.49980000e-04 3.85100000e-05 4.03290000e-04 -1.98470000e-04 2.18420000e-04 -5.10900000e-05 -5.17800000e-04 -1.16270000e-04 -3.23590000e-04 1.35600000e-03 -1.54790000e-04 6.78770000e-04 1.81440000e-03 -3.21350000e-04 -1.76183000e-03 1.18474000e-03 3.18400000e-04 1.03721000e-03 -4.53890000e-04 -4.03100000e-05 8.75240000e-04 2.34700000e-04 -3.52070000e-04 7.37390000e-04 3.36400000e-04 -1.08240000e-04 4.28370000e-04 1.48870000e-04 4.78560000e-04 -9.61580000e-04 2.69800000e-03 6.17370000e-04 8.20500000e-05 -1.23980000e-04 -1.53130000e-04 3.72780000e-04 -1.47620000e-04 -5.49450000e-04 -8.57100000e-05 2.34630000e-04 -1.04910000e-04 6.31490000e-04 4.88090000e-04 -3.19170000e-04 1.79300000e-05 -5.05550000e-04 -1.54700000e-04 -1.24321000e-03 -1.25290000e-04 -5.45610000e-04 -1.24768000e-03 1.37045000e-03 2.23689000e-03 2.80600000e-04 4.73780000e-04 3.63430000e-04 6.68920000e-04 -9.81240000e-04 4.37800000e-04 6.05350000e-04 -3.74220000e-04 -1.78330000e-04 9.47800000e-05 -5.92800000e-04 3.85490000e-04 -4.87680000e-04 -7.75910000e-04 1.40700000e-05 1.58085000e-03 6.15160000e-04 -8.00700000e-05 3.29680000e-04 7.71170000e-04 -2.64070000e-04
-1.44081000e-03 2.53907000e-03 -4.56140000e-04 3.53594000e-03 7.40035000e-03 -1.13290000e-03 2.64117000e-03 -2.19999000e-03 -5.15320000e-04 2.76805000e-03 3.18580000e-04 -4.81200000e-04 2.10837000e-03 -1.55025000e-03 -7.45160000e-04 3.90870000e-03 1.43028000e-03 7.88010000e-04 -1.94506000e-03 1.83991000e-03 2.78030000e-04 2.95105900e-02 -2.06735000e-03 5.13290000e-04 9.92180000e-04 5.55530000e-04 -1.56766000e-03 1.65083000e-03 -1.56700000e-05 -2.60023000e-03 -3.28176000e-03 1.34770000e-04 -1.13095000e-03 -5.69180000e-04 8.52380000e-04 3.06088000e-03 8.98430000e-04 -2.88940000e-04 -1.56637000e-03 -4.66818000e-03 8.92080000e-04 5.79080000e-03 5.26710000e-04 -9.91860000e-04 2.85430000e-03 7.19868000e-03 2.96311000e-03 -3.07501000e-03 2.51679000e-03 -2.48742000e-03 1.42248000e-03 -1.80660000e-03 2.24982000e-03 4.58615000e-03 -6.75000000e-06 -2.17748000e-03 7.31840000e-04 4.55170000e-04 7.91260000e-04 6.84410000e-04 2.85290000e-04 5.25748000e-03 -4.46966000e-03 1.01925900e-02 8.10320000e-04 -1.59774000e-03 1.57276000e-03 -2.22340000e-04 1.39759000e-03 2.14502000e-03 -2.74700000e-04 9.13770000e-04 8.21500000e-04 1.77617000e-03 -1.39179000e-03 1.95110000e-04 -2.78408000e-03 -1.47482000e-03 -2.34180000e-04 -2.47076000e-03 -3.35287000e-03 -1.91278000e-03 -1.58622000e-03 1.40792000e-03 2.73322000e-03 6.91747000e-03 1.28535000e-03 -1.81737000e-03 3.48310000e-04 2.16748000e-03 -2.07686000e-03 1.54742000e-03 1.58693000e-03 1.00250000e-03 1.54050000e-03 9.58920000e-04 1.95120000e-04 -4.88080000e-04 -1.87704000e-03 -4.07400000e-04 -6.63280000e-04 3.87433000e-03 2.16951000e-03 9.41350000e-04 1.27011000e-03 2.03165000e-03 -6.53190000e-04
-1.05250000e-04 5.26900000e-05 1.41812000e-03 -1.77700000e-03 -2.81060000e-03 -6.71000000e-06 -1.02445000e-03 6.11810000e-04 -3.67100000e-04 6.00240000e-04 -4.64880000e-04 8.81000000e-06 1.94840000e-04 1.67770000e-04 4.21510000e-04 -9.66960000e-04 -5.20110000e-04 -8.26320000e-04 -1.73992000e-03 -1.05826000e-03 4.56780000e-04 -2.06735000e-03 1.23376580e-01 -2.34350000e-04 -4.95940000e-04 -3.32000000e-04 3.92090000e-04 3.81700000e-04 -7.59250000e-04 1.14156000e-03 6.45950000e-04 1.69300000e-04 2.31540000e-04 4.22400000e-05 -7.35670000e-04 -2.07972000e-03 -4.10010000e-04 4.72200000e-04 2.96080000e-04 6.36470000e-04 -8.17350000e-04 -3.15761000e-03 2.27586000e-03 1.10090000e-04 -9.18800000e-04 -4.30090000e-04 -1.69799000e-03 -1.14683000e-03 5.22160000e-04 1.20497000e-03 -1.55410000e-04 1.16170000e-04 -9.69190000e-04 -5.35430000e-04 -1.07740000e-04 1.16480000e-04 2.76170000e-04 5.57720000e-04 -3.88840000e-04 -5.43680000e-04 -6.57810000e-04 -1.61232000e-03 4.38550000e-04 -7.14800000e-05 2.97690000e-04 5.47280000e-04 -6.68700000e-05 -4.52820000e-04 -6.79740000e-04 -1.03010000e-03 -1.13027000e-03 -7.02650000e-04 -3.11270000e-04 -1.01596000e-03 1.31971000e-03 6.95880000e-04 1.65770000e-04 1.22430000e-04 -1.11027000e-03 5.61400000e-04 -4.71860000e-04 5.98790000e-04 -6.87480000e-04 -2.43014000e-03 -1.44720000e-04 -2.96210000e-04 -5.50520000e-04 1.51173000e-03 3.63670000e-04 1.04066000e-03 -4.28200000e-04 3.65560000e-04 1.00250000e-03 -1.35138000e-03 -1.42150000e-04 -3.33510000e-04 5.92100000e-04 7.20630000e-04 3.71200000e-05 -7.69460000e-04 1.02040000e-04 1.15416000e-03 3.72770000e-04 -2.66780000e-04 1.31600000e-04 1.68000000e-04 -1.80510000e-04
-8.99000000e-05 -4.00900000e-05 -1.53650000e-04 1.14950000e-04 4.98480000e-04 -2.61360000e-04 7.36200000e-05 -1.98800000e-05 1.10340000e-04 2.13100000e-04 6.70000000e-06 -6.46200000e-05 -2.73700000e-05 -4.19700000e-05 -1.15130000e-04 5.82000000e-05 2.10720000e-04 6.20800000e-05 -3.36600000e-05 1.71190000e-04 -1.13290000e-04 5.13290000e-04 -2.34350000e-04 1.47499100e-02 -6.87000000e-06 1.93350000e-04 -7.64900000e-05 -7.02600000e-05 -2.75200000e-05 -4.13700000e-05 -1.57280000e-04 -7.59200000e-05 -1.29640000e-04 1.08600000e-05 5.24000000e-05 -3.46000000e-06 6.04200000e-05 -4.31800000e-05 -3.83300000e-05 -1.75000000e-04 5.83700000e-05 3.52770000e-04 -7.92900000e-05 4.76000000e-06 4.33000000e-05 4.48500000e-05 2.85780000e-04 3.62700000e-05 -8.62700000e-05 -1.15880000e-04 -1.90840000e-04 -3.80100000e-05 1.97420000e-04 1.24640000e-04 -6.95500000e-05 -8.50100000e-05 -6.14600000e-05 1.16000000e-05 1.37500000e-05 -1.18290000e-04 -8.29900000e-05 1.59530000e-04 -8.10000000e-05 3.75200000e-05 -5.07500000e-05 -1.19690000e-04 2.98830000e-04 -1.54700000e-05 -3.06000000e-06 1.70410000e-04 2.00800000e-05 7.32600000e-05 -1.54400000e-05 1.60250000e-04 -1.77110000e-04 -4.46700000e-05 -1.83670000e-04 -1.89300000e-05 2.07700000e-04 -1.66630000e-04 -5.02600000e-05 -8.88400000e-05 -1.78890000e-04 2.46420000e-04 -8.89900000e-05 -6.49100000e-05 5.96000000e-06 -8.26500000e-05 -1.70100000e-05 1.53120000e-04 6.72400000e-05 1.12240000e-04 1.52190000e-04 2.01600000e-05 2.74510000e-04 -4.93000000e-06 3.64820000e-04 -1.47930000e-04 1.46500000e-05 2.37810000e-04 1.40900000e-05 8.80000000e-05 8.94800000e-05 1.57850000e-04 1.37780000e-04 -1.60000000e-05 -1.30500000e-05
-4.75500000e-05 8.28280000e-04 2.51200000e-04 7.24240000e-04 8.57560000e-04 2.10500000e-04 7.11910000e-04 -2.73750000e-04 -9.88700000e-05 4.60030000e-04 2.69660000e-04 3.82100000e-05 7.22000000e-04 -1.22100000e-04 1.60550000e-04 9.92120000e-04 -3.50380000e-04 1.63440000e-04 -9.70140000e-04 2.31350000e-04 2.91150000e-04 9.92180000e-04 -4.95940000e-04 -6.87000000e-06 1.48926400e-02 -1.09140000e-04 -3.07860000e-04 6.27350000e-04 1.75480000e-04 -2.53910000e-04 -5.60740000e-04 2.68190000e-04 6.20700000e-05 6.88400000e-05 2.83760000e-04 8.17140000e-04 1.09950000e-04 1.48340000e-04 -1.77020000e-04 -8.08320000e-04 2.05680000e-04 7.22270000e-04 2.75140000e-04 -1.38120000e-04 8.01720000e-04 1.61215000e-03 2.60350000e-04 -1.17902000e-03 8.22680000e-04 -1.55470000e-04 9.65700000e-04 -2.85340000e-04 2.45460000e-04 9.30240000e-04 2.44460000e-04 -1.72490000e-04 4.80780000e-04 2.54990000e-04 1.25940000e-04 4.28000000e-04 3.71610000e-04 9.22500000e-04 -8.94970000e-04 2.21327000e-03 4.58920000e-04 -4.21300000e-05 -5.86900000e-05 8.22500000e-05 5.31900000e-04 2.72790000e-04 -5.78600000e-05 1.39360000e-04 4.09550000e-04 2.19960000e-04 6.46100000e-05 2.46750000e-04 -3.76080000e-04 -1.08950000e-04 -1.38830000e-04 -2.65760000e-04 -9.29690000e-04 -1.93560000e-04 -4.03210000e-04 -4.47190000e-04 1.10215000e-03 1.80998000e-03 4.57700000e-04 -1.11380000e-04 2.55990000e-04 3.99480000e-04 -5.86550000e-04 3.17300000e-04 3.02830000e-04 2.08240000e-04 2.07000000e-06 3.36400000e-04 -5.67880000e-04 1.71540000e-04 -1.62210000e-04 -3.43900000e-04 7.63800000e-05 1.11109000e-03 6.00960000e-04 1.54690000e-04 3.57390000e-04 6.80190000e-04 -1.98000000e-06
-8.26500000e-05 -3.67010000e-04 -3.45050000e-04 1.32640000e-04 7.00660000e-04 -2.78150000e-04 -8.12600000e-05 -6.24700000e-05 2.20020000e-04 -2.09000000e-05 -8.56700000e-05 -3.41400000e-05 -3.41950000e-04 2.86500000e-05 -1.66810000e-04 -1.83540000e-04 5.80170000e-04 1.05610000e-04 8.11480000e-04 2.34740000e-04 -2.54150000e-04 5.55530000e-04 -3.32000000e-04 1.93350000e-04 -1.09140000e-04 2.07755900e-02 1.89770000e-04 -3.60530000e-04 -3.48000000e-06 -2.09860000e-04 1.26520000e-04 -2.43050000e-04 -1.03610000e-04 2.66200000e-05 3.13400000e-05 1.48100000e-05 1.64520000e-04 -1.18180000e-04 -2.59700000e-05 7.78900000e-05 6.74400000e-05 6.37300000e-04 -4.31940000e-04 7.22500000e-05 -1.56170000e-04 -3.93100000e-04 4.59130000e-04 7.84220000e-04 -4.39200000e-04 -3.07840000e-04 -5.36470000e-04 7.69100000e-05 2.40090000e-04 -9.83700000e-05 -2.02770000e-04 -1.10850000e-04 -3.14480000e-04 -8.58400000e-05 1.56600000e-05 -1.92160000e-04 -1.47640000e-04 7.29300000e-05 1.55140000e-04 -6.69620000e-04 -2.80940000e-04 -7.63500000e-05 4.21500000e-04 3.06800000e-05 -1.19600000e-04 2.18670000e-04 1.97060000e-04 1.31140000e-04 -1.24370000e-04 2.28440000e-04 -2.67440000e-04 -1.46930000e-04 8.27900000e-05 -3.57700000e-05 2.73250000e-04 -7.09200000e-05 5.38260000e-04 -4.39300000e-05 2.45200000e-04 9.05670000e-04 -4.94830000e-04 -6.09340000e-04 -9.04200000e-05 -3.13080000e-04 -7.55300000e-05 -7.14600000e-05 2.84800000e-04 8.30000000e-07 -1.75010000e-04 1.61690000e-04 3.37950000e-04 -7.52700000e-05 5.36400000e-04 -2.78690000e-04 5.34000000e-06 4.35750000e-04 -9.04900000e-05 -4.79680000e-04 -2.03480000e-04 1.12140000e-04 -7.82600000e-05 -2.82070000e-04 1.67400000e-05
5.31550000e-04 -1.02189000e-03 -1.33050000e-04 -7.34710000e-04 -1.18945000e-03 2.67160000e-04 -9.03890000e-04 6.15590000e-04 3.93380000e-04 -1.03125000e-03 -1.14770000e-04 1.30820000e-04 -8.55960000e-04 6.43150000e-04 1.89830000e-04 -1.14634000e-03 2.92240000e-04 -9.10300000e-05 1.60544000e-03 -3.28870000e-04 -2.07850000e-04 -1.56766000e-03 3.92090000e-04 -7.64900000e-05 -3.07860000e-04 1.89770000e-04 1.09902060e-01 -7.35640000e-04 1.02680000e-04 3.83630000e-04 1.36598000e-03 -1.94660000e-04 4.03120000e-04 3.77220000e-04 -1.37680000e-04 -7.66860000e-04 -4.11000000e-05 3.20400000e-05 4.99940000e-04 1.66709000e-03 -1.93680000e-04 -7.78350000e-04 -6.23940000e-04 4.74530000e-04 -9.54320000e-04 -2.20827000e-03 -3.87850000e-04 1.81162000e-03 -1.13923000e-03 4.36870000e-04 -9.38100000e-04 7.09060000e-04 -4.93360000e-04 -1.26952000e-03 -1.65120000e-04 6.46640000e-04 -4.64390000e-04 -1.66420000e-04 -2.66610000e-04 -2.19100000e-04 -1.16350000e-04 -1.20973000e-03 1.56130000e-03 -3.77961000e-03 -4.45520000e-04 5.96420000e-04 -1.14060000e-04 2.46870000e-04 -4.92950000e-04 -4.52970000e-04 4.12770000e-04 -1.70500000e-04 -2.97330000e-04 -3.62880000e-04 2.95050000e-04 -1.57250000e-04 1.14903000e-03 4.35450000e-04 3.08560000e-04 8.06910000e-04 1.74229000e-03 6.09250000e-04 9.38710000e-04 7.06370000e-04 -1.22369000e-03 -2.45163000e-03 -4.36410000e-04 1.58040000e-04 -1.00180000e-04 -8.49330000e-04 8.53410000e-04 -5.24550000e-04 -1.01284000e-03 -1.30830000e-04 -2.03760000e-04 -4.34100000e-04 2.72190000e-04 -1.09600000e-04 5.82330000e-04 4.92410000e-04 1.04670000e-04 -1.83067000e-03 -1.03286000e-03 -2.59000000e-04 -6.02530000e-04 -9.50390000e-04 3.59590000e-04
-4.94900000e-04 2.09661000e-03 1.21383000e-03 7.45630000e-04 8.83610000e-04 3.89600000e-05 1.19814000e-03 -5.34700000e-04 -5.79130000e-04 1.57542000e-03 2.63750000e-04 -1.77510000e-04 1.90391000e-03 -4.84620000e-04 3.09510000e-04 1.96545000e-03 -8.03450000e-04 -1.18710000e-04 -3.42172000e-03 8.76100000e-05 9.56870000e-04 1.65083000e-03 3.81700000e-04 -7.02600000e-05 6.27350000e-04 -3.60530000e-04 -7.35640000e-04 2.69380800e-02 -1.90140000e-04 -2.16650000e-04 -1.54641000e-03 6.41460000e-04 -5.80100000e-05 -2.72780000e-04 1.99130000e-04 9.06300000e-04 -1.89850000e-04 3.29940000e-04 -4.44160000e-04 -2.09289000e-03 -3.81800000e-05 1.66140000e-04 2.05845000e-03 -4.53400000e-04 1.52794000e-03 4.00727000e-03 -1.38330000e-04 -3.43667000e-03 2.32241000e-03 4.47400000e-05 1.72842000e-03 -9.64300000e-04 2.66800000e-04 2.15263000e-03 3.70900000e-04 -7.54290000e-04 1.28002000e-03 6.79980000e-04 8.96000000e-06 5.45940000e-04 3.04640000e-04 1.55113000e-03 -2.25003000e-03 6.12968000e-03 1.18790000e-03 -2.22990000e-04 2.56100000e-05 -3.12030000e-04 8.19540000e-04 1.65160000e-04 -8.46410000e-04 -4.64700000e-05 5.46750000e-04 1.02330000e-04 5.87540000e-04 8.00640000e-04 -1.21114000e-03 -3.87180000e-04 -7.39090000e-04 -7.32680000e-04 -2.82300000e-03 -5.79060000e-04 -1.62065000e-03 -2.05141000e-03 2.59395000e-03 4.56134000e-03 6.83150000e-04 4.87720000e-04 6.29580000e-04 1.63275000e-03 -1.68489000e-03 1.00596000e-03 1.54463000e-03 -4.20000000e-04 4.35900000e-05 4.30760000e-04 -8.09830000e-04 5.14510000e-04 -8.27590000e-04 -1.31509000e-03 -1.66300000e-05 3.42125000e-03 1.55324000e-03 1.44330000e-04 8.96560000e-04 1.61263000e-03 -5.09370000e-04
5.30940000e-04 -2.37660000e-04 -4.32140000e-04 3.04810000e-04 2.92540000e-04 2.44550000e-04 -8.49000000e-06 1.29990000e-04 1.91440000e-04 -6.18260000e-04 2.12820000e-04 8.83200000e-05 -1.72640000e-04 1.89440000e-04 3.53000000e-06 6.79100000e-05 2.02060000e-04 2.27260000e-04 9.60050000e-04 1.15920000e-04 -1.53440000e-04 -1.56700000e-05 -7.59250000e-04 -2.75200000e-05 1.75480000e-04 -3.48000000e-06 1.02680000e-04 -1.90140000e-04 1.97060000e-02 -1.09160000e-04 3.44950000e-04 1.64200000e-05 1.25980000e-04 1.95810000e-04 2.40300000e-04 3.07390000e-04 1.07000000e-04 -6.37200000e-05 1.56580000e-04 4.40390000e-04 1.97950000e-04 5.68130000e-04 -9.27640000e-04 1.20390000e-04 -2.54000000e-06 -4.53100000e-04 2.68160000e-04 9.33950000e-04 -4.57180000e-04 -6.02600000e-05 -2.84460000e-04 3.12730000e-04 1.14600000e-05 -1.30830000e-04 1.47790000e-04 5.05300000e-04 -1.46490000e-04 -2.33600000e-04 5.85300000e-05 2.02600000e-04 2.88560000e-04 2.10150000e-04 5.91660000e-04 -1.34273000e-03 -7.93600000e-05 1.00830000e-04 -2.53980000e-04 3.74890000e-04 8.14500000e-05 8.84900000e-05 6.48020000e-04 9.73500000e-05 8.16500000e-05 9.36500000e-05 -2.47750000e-04 -2.73260000e-04 3.88920000e-04 1.48980000e-04 7.83000000e-05 2.16460000e-04 7.25220000e-04 1.28240000e-04 5.84800000e-04 9.10790000e-04 -3.27970000e-04 -6.69270000e-04 2.92100000e-05 -2.79370000e-04 -1.79710000e-04 -7.18090000e-04 5.90420000e-04 -4.09130000e-04 -6.74430000e-04 4.02550000e-04 -1.58440000e-04 -1.34200000e-05 -2.87190000e-04 -1.32130000e-04 3.29140000e-04 3.22320000e-04 8.25600000e-05 -1.03010000e-03 -4.76640000e-04 -2.68900000e-05 -2.63360000e-04 -3.47250000e-04 3.37850000e-04
7.08050000e-04 -4.39720000e-04 5.95300000e-04 -1.31822000e-03 -2.73962000e-03 2.86680000e-04 -8.98630000e-04 9.05070000e-04 2.31680000e-04 -3.10130000e-04 -6.34900000e-05 -2.12600000e-05 -3.11610000e-04 6.10240000e-04 4.74280000e-04 -1.01133000e-03 -8.50360000e-04 -3.96750000e-04 -7.73710000e-04 -7.79170000e-04 1.83700000e-05 -2.60023000e-03 1.14156000e-03 -4.13700000e-05 -2.53910000e-04 -2.09860000e-04 3.83630000e-04 -2.16650000e-04 -1.09160000e-04 1.14548910e-01 9.31280000e-04 1.32580000e-04 4.78520000e-04 3.32010000e-04 -3.37400000e-04 -1.33739000e-03 -4.41180000e-04 3.32780000e-04 6.13100000e-04 1.24334000e-03 -4.37810000e-04 -2.36951000e-03 4.88260000e-04 4.03780000e-04 -7.76720000e-04 -1.84999000e-03 -1.32610000e-03 1.85660000e-04 -4.10010000e-04 1.21627000e-03 -3.37220000e-04 5.01380000e-04 -9.26230000e-04 -1.16907000e-03 4.36100000e-05 7.69610000e-04 7.55000000e-05 1.68280000e-04 -4.66230000e-04 -3.61850000e-04 -1.23780000e-04 -1.64216000e-03 1.35595000e-03 -2.50629000e-03 3.29100000e-05 7.10070000e-04 -4.35160000e-04 -3.20000000e-05 -4.00580000e-04 -8.74650000e-04 -1.07720000e-04 -4.57930000e-04 -1.71600000e-04 -8.06930000e-04 7.80840000e-04 2.75680000e-04 7.93560000e-04 5.19880000e-04 3.03840000e-04 8.27920000e-04 5.03970000e-04 6.94000000e-04 -3.58590000e-04 -1.32747000e-03 -5.10090000e-04 -1.77603000e-03 -3.81010000e-04 1.06343000e-03 1.71040000e-04 -9.86600000e-05 6.14420000e-04 -1.82260000e-04 4.54200000e-05 -5.83530000e-04 -3.60520000e-04 -2.74460000e-04 1.05330000e-04 2.41000000e-04 8.71800000e-04 -1.10900000e-05 4.46330000e-04 -5.56140000e-04 -4.51850000e-04 -1.64650000e-04 -9.46000000e-06 -4.73900000e-04 3.44680000e-04
1.28714000e-03 -2.09029000e-03 -4.49310000e-04 -1.37129000e-03 -2.47066000e-03 4.35120000e-04 -1.75460000e-03 1.24688000e-03 6.59270000e-04 -2.23988000e-03 -1.72230000e-04 3.20240000e-04 -1.78295000e-03 1.10269000e-03 2.38060000e-04 -2.24118000e-03 5.41270000e-04 -1.40800000e-04 3.41435000e-03 -6.87510000e-04 -5.00490000e-04 -3.28176000e-03 6.45950000e-04 -1.57280000e-04 -5.60740000e-04 1.26520000e-04 1.36598000e-03 -1.54641000e-03 3.44950000e-04 9.31280000e-04 2.77019800e-02 -3.74390000e-04 6.42510000e-04 5.69800000e-04 -2.94270000e-04 -1.42631000e-03 -3.06900000e-05 -1.39000000e-05 1.00060000e-03 3.52393000e-03 -2.64530000e-04 -1.50493000e-03 -1.49333000e-03 8.49870000e-04 -1.88397000e-03 -4.54604000e-03 -7.64200000e-04 3.79792000e-03 -2.32887000e-03 9.57480000e-04 -1.92634000e-03 1.40728000e-03 -1.00953000e-03 -2.56806000e-03 -1.79510000e-04 1.53491000e-03 -1.00890000e-03 -5.05830000e-04 -4.12540000e-04 -3.17710000e-04 -8.71700000e-05 -2.28167000e-03 3.33968000e-03 -7.68646000e-03 -9.25450000e-04 1.09441000e-03 -5.18630000e-04 5.89460000e-04 -9.18320000e-04 -8.88520000e-04 1.06518000e-03 -2.64130000e-04 -5.44290000e-04 -7.13260000e-04 4.10130000e-04 -5.13920000e-04 2.29095000e-03 9.69740000e-04 3.20350000e-04 1.60763000e-03 3.65193000e-03 1.27199000e-03 2.06116000e-03 1.65819000e-03 -2.56444000e-03 -5.05811000e-03 -8.61690000e-04 3.21120000e-04 -4.28120000e-04 -2.04845000e-03 2.03055000e-03 -1.29483000e-03 -2.05633000e-03 -2.38500000e-05 -5.70520000e-04 -7.69190000e-04 2.51090000e-04 -2.42450000e-04 1.28042000e-03 1.04309000e-03 3.13820000e-04 -4.01424000e-03 -2.15410000e-03 -5.04020000e-04 -1.17744000e-03 -1.94566000e-03 8.06730000e-04
2.83500000e-05 7.67040000e-04 4.48750000e-04 1.51720000e-04 -6.84100000e-05 2.50400000e-04 2.84910000e-04 -1.15700000e-05 -1.69130000e-04 2.63110000e-04 2.20180000e-04 -3.93300000e-05 6.49430000e-04 -1.35600000e-05 1.89840000e-04 6.45630000e-04 -5.32270000e-04 1.12310000e-04 -1.38832000e-03 -3.74500000e-05 3.66440000e-04 1.34770000e-04 1.69300000e-04 -7.59200000e-05 2.68190000e-04 -2.43050000e-04 -1.94660000e-04 6.41460000e-04 1.64200000e-05 1.32580000e-04 -3.74390000e-04 1.97764500e-02 7.09500000e-05 5.77500000e-05 1.24400000e-04 2.27600000e-04 -1.24480000e-04 1.50510000e-04 -8.45000000e-06 -4.69190000e-04 5.36400000e-05 -1.50380000e-04 5.99510000e-04 8.80600000e-05 4.65690000e-04 1.20492000e-03 -2.38400000e-04 -1.21851000e-03 8.07360000e-04 2.48020000e-04 6.72730000e-04 -2.12300000e-04 -1.23000000e-05 5.87500000e-04 2.44430000e-04 -2.49100000e-05 5.74000000e-04 2.21860000e-04 1.72730000e-04 3.23770000e-04 2.96120000e-04 5.26170000e-04 -5.38020000e-04 1.77213000e-03 5.05340000e-04 5.69200000e-05 -2.42830000e-04 -3.80200000e-05 2.62450000e-04 2.29100000e-05 -2.23880000e-04 2.40500000e-05 2.33430000e-04 -9.96100000e-05 3.22700000e-04 2.64380000e-04 -2.57040000e-04 -1.35600000e-05 -2.21360000e-04 -9.18800000e-05 -9.17030000e-04 -8.06400000e-05 -6.38050000e-04 -9.91500000e-04 8.97140000e-04 1.37288000e-03 2.91260000e-04 2.62510000e-04 1.81390000e-04 3.14550000e-04 -5.31080000e-04 1.46140000e-04 3.00760000e-04 -1.67570000e-04 -1.82710000e-04 1.22380000e-04 -5.48710000e-04 2.13410000e-04 -9.01800000e-05 -4.57020000e-04 1.05010000e-04 8.83420000e-04 3.62730000e-04 -6.01900000e-05 2.19090000e-04 4.39090000e-04 -6.13300000e-05
4.72610000e-04 -1.66220000e-04 2.69380000e-04 -3.65300000e-04 -1.06473000e-03 4.28360000e-04 -3.00920000e-04 4.03670000e-04 1.48460000e-04 -3.94310000e-04 5.71900000e-05 8.74300000e-05 -1.03690000e-04 4.16750000e-04 3.73600000e-04 -3.10880000e-04 -3.79000000e-04 -1.32460000e-04 5.30000000e-06 -3.37490000e-04 9.12800000e-05 -1.13095000e-03 2.31540000e-04 -1.29640000e-04 6.20700000e-05 -1.03610000e-04 4.03120000e-04 -5.80100000e-05 1.25980000e-04 4.78520000e-04 6.42510000e-04 7.09500000e-05 2.54506900e-02 3.02580000e-04 -4.24200000e-05 -3.30530000e-04 -1.21990000e-04 2.15670000e-04 3.16340000e-04 7.71120000e-04 -1.36250000e-04 -8.08160000e-04 -7.64000000e-06 2.32290000e-04 -2.55190000e-04 -7.32260000e-04 -5.36450000e-04 2.38420000e-04 -1.94860000e-04 5.07920000e-04 3.65000000e-05 3.33650000e-04 -4.55050000e-04 -4.75340000e-04 8.28300000e-05 4.68570000e-04 6.38500000e-05 1.07760000e-04 -2.51220000e-04 6.84500000e-05 1.38340000e-04 -6.18370000e-04 6.69100000e-04 -1.37554000e-03 4.65600000e-05 5.11940000e-04 -3.17700000e-04 1.65310000e-04 -3.71200000e-05 -3.93130000e-04 1.34640000e-04 -1.90170000e-04 4.47900000e-05 -3.52400000e-04 4.34230000e-04 1.79110000e-04 6.39840000e-04 3.03060000e-04 1.55250000e-04 5.42380000e-04 4.65730000e-04 4.10960000e-04 1.86510000e-04 -3.74340000e-04 -1.08020000e-04 -6.79930000e-04 -7.15700000e-05 3.36970000e-04 1.65940000e-04 -2.68750000e-04 2.41510000e-04 -1.61500000e-04 -3.55530000e-04 -1.45300000e-04 -3.19690000e-04 -1.24060000e-04 -3.10030000e-04 1.43300000e-04 4.26610000e-04 -6.74400000e-05 2.21550000e-04 -4.14480000e-04 -3.05040000e-04 -1.26560000e-04 -1.38430000e-04 -1.99280000e-04 2.67570000e-04
3.54770000e-04 -3.20980000e-04 -8.97800000e-05 -1.87200000e-04 -4.64170000e-04 4.81130000e-04 -2.60070000e-04 3.41280000e-04 3.53740000e-04 -3.80700000e-04 1.70880000e-04 4.63100000e-05 -2.49780000e-04 4.60000000e-04 1.97850000e-04 -2.81780000e-04 -4.10800000e-04 1.07930000e-04 5.24600000e-05 -9.09000000e-05 -2.49980000e-04 -5.69180000e-04 4.22400000e-05 1.08600000e-05 6.88400000e-05 2.66200000e-05 3.77220000e-04 -2.72780000e-04 1.95810000e-04 3.32010000e-04 5.69800000e-04 5.77500000e-05 3.02580000e-04 2.06332600e-02 1.82230000e-04 -3.20190000e-04 1.32030000e-04 1.18490000e-04 2.87800000e-04 4.67780000e-04 4.03500000e-05 -2.09900000e-04 -6.48480000e-04 3.25740000e-04 -2.73190000e-04 -9.56410000e-04 -1.55300000e-04 2.14190000e-04 -5.23120000e-04 2.59050000e-04 1.66200000e-05 5.32830000e-04 -2.22940000e-04 -4.54040000e-04 1.18820000e-04 5.11950000e-04 -1.03470000e-04 9.99300000e-05 -7.60200000e-05 -9.92700000e-05 1.64440000e-04 -3.99630000e-04 5.69820000e-04 -1.88989000e-03 -3.63800000e-05 4.20930000e-04 -1.17900000e-04 2.42770000e-04 -6.07500000e-05 -1.13060000e-04 2.67280000e-04 -4.96900000e-05 1.48530000e-04 -1.21690000e-04 9.57300000e-05 -5.87000000e-06 4.38550000e-04 1.92910000e-04 9.81100000e-05 3.83840000e-04 5.03580000e-04 3.79150000e-04 -2.69000000e-05 -2.37670000e-04 -3.57280000e-04 -1.14902000e-03 -7.26000000e-06 -5.36900000e-05 5.99600000e-05 -4.05550000e-04 2.36190000e-04 -3.29940000e-04 -7.27810000e-04 4.12000000e-05 -1.55180000e-04 4.89000000e-06 -1.47810000e-04 2.64200000e-05 6.04540000e-04 2.61540000e-04 1.73610000e-04 -7.43200000e-04 -2.98330000e-04 -8.68000000e-06 -1.44300000e-04 -4.12630000e-04 3.64890000e-04
4.94900000e-05 2.89850000e-04 -2.40820000e-04 6.23710000e-04 9.53610000e-04 1.36810000e-04 3.86950000e-04 -1.45340000e-04 8.38400000e-05 -5.57000000e-05 2.67250000e-04 3.27600000e-05 2.59060000e-04 -9.81000000e-06 -5.88600000e-05 5.93050000e-04 -7.72000000e-06 2.75920000e-04 1.58900000e-05 3.27200000e-04 3.85100000e-05 8.52380000e-04 -7.35670000e-04 5.24000000e-05 2.83760000e-04 3.13400000e-05 -1.37680000e-04 1.99130000e-04 2.40300000e-04 -3.37400000e-04 -2.94270000e-04 1.24400000e-04 -4.24200000e-05 1.82230000e-04 1.09921100e-02 6.53730000e-04 1.27230000e-04 -5.57100000e-05 -4.91300000e-05 -4.05410000e-04 2.42420000e-04 9.76950000e-04 -4.46030000e-04 -2.00100000e-05 4.64770000e-04 6.58490000e-04 4.79980000e-04 -1.96430000e-04 1.04090000e-04 -2.60650000e-04 3.31840000e-04 -3.45500000e-05 2.95200000e-04 4.90040000e-04 1.85290000e-04 1.27400000e-05 1.37170000e-04 -6.25300000e-05 1.54120000e-04 2.61360000e-04 2.48650000e-04 7.42140000e-04 -3.40240000e-04 5.22340000e-04 1.52880000e-04 -1.33150000e-04 -1.73400000e-05 1.82550000e-04 2.72600000e-04 2.99450000e-04 2.39630000e-04 1.81080000e-04 2.14600000e-04 2.85680000e-04 -2.46230000e-04 -1.25420000e-04 -1.94330000e-04 -6.19400000e-05 -6.11900000e-05 -1.95260000e-04 -2.13840000e-04 -1.52890000e-04 5.15000000e-06 3.23430000e-04 3.51340000e-04 5.88040000e-04 2.34380000e-04 -3.53560000e-04 -3.99800000e-05 -1.73170000e-04 -1.06280000e-04 -6.93800000e-05 -2.54950000e-04 3.62120000e-04 2.87800000e-05 1.85100000e-04 -2.79320000e-04 -3.40400000e-05 -3.00000000e-05 9.97300000e-05 -2.61500000e-05 -1.74800000e-05 5.45700000e-05 8.39400000e-05 1.29700000e-05 1.12650000e-04 1.23220000e-04
-6.96260000e-04 1.49131000e-03 4.34800000e-05 2.11289000e-03 3.13207000e-03 -2.60600000e-05 1.67483000e-03 -1.08768000e-03 -2.24450000e-04 7.08960000e-04 4.43630000e-04 6.11000000e-05 1.11984000e-03 -5.72880000e-04 -2.44780000e-04 2.10541000e-03 -1.21330000e-04 5.99470000e-04 -6.04500000e-04 9.93760000e-04 4.03290000e-04 3.06088000e-03 -2.07972000e-03 -3.46000000e-06 8.17140000e-04 1.48100000e-05 -7.66860000e-04 9.06300000e-04 3.07390000e-04 -1.33739000e-03 -1.42631000e-03 2.27600000e-04 -3.30530000e-04 -3.20190000e-04 6.53730000e-04 5.93727500e-02 5.58320000e-04 -1.69980000e-04 -7.09850000e-04 -2.06102000e-03 6.16920000e-04 3.00023000e-03 -4.27500000e-05 -4.43840000e-04 1.87806000e-03 3.43754000e-03 1.38809000e-03 -1.57342000e-03 1.38862000e-03 -1.15612000e-03 1.86766000e-03 -9.37080000e-04 1.07651000e-03 1.96258000e-03 2.58730000e-04 -1.05436000e-03 6.38110000e-04 1.16090000e-04 4.72610000e-04 8.36700000e-04 6.28990000e-04 2.44251000e-03 -2.31531000e-03 5.19998000e-03 5.32090000e-04 -6.03640000e-04 1.94940000e-04 -7.62000000e-06 1.07305000e-03 9.87950000e-04 2.13000000e-05 6.69070000e-04 6.20030000e-04 9.99750000e-04 -4.25020000e-04 1.18000000e-05 -9.82420000e-04 -4.72330000e-04 -1.01730000e-04 -1.04249000e-03 -1.38346000e-03 -8.23290000e-04 -3.10060000e-04 5.17190000e-04 2.14726000e-03 3.90362000e-03 9.33080000e-04 -9.97490000e-04 1.31400000e-04 4.17000000e-04 -1.24592000e-03 5.36250000e-04 2.09290000e-04 1.04932000e-03 2.78860000e-04 8.59720000e-04 -1.06083000e-03 -1.16400000e-05 -8.28040000e-04 -3.62620000e-04 -2.44940000e-04 1.49748000e-03 8.31220000e-04 2.65250000e-04 4.46750000e-04 1.10025000e-03 -3.02950000e-04
-1.36480000e-04 -4.80800000e-05 -2.45210000e-04 5.39500000e-04 1.07425000e-03 -3.17400000e-05 2.63810000e-04 -2.96040000e-04 8.47800000e-05 2.12000000e-06 2.59500000e-05 5.00000000e-05 -1.28860000e-04 -9.13300000e-05 -1.74210000e-04 2.23470000e-04 2.49350000e-04 2.20720000e-04 5.86380000e-04 3.33660000e-04 -1.98470000e-04 8.98430000e-04 -4.10010000e-04 6.04200000e-05 1.09950000e-04 1.64520000e-04 -4.11000000e-05 -1.89850000e-04 1.07000000e-04 -4.41180000e-04 -3.06900000e-05 -1.24480000e-04 -1.21990000e-04 1.32030000e-04 1.27230000e-04 5.58320000e-04 1.20698200e-02 -1.04530000e-04 -1.86250000e-04 -2.54280000e-04 2.25180000e-04 1.09051000e-03 -5.21790000e-04 9.29000000e-06 1.81620000e-04 2.45930000e-04 5.54600000e-04 2.67780000e-04 -9.93600000e-05 -4.84980000e-04 1.00840000e-04 -6.12800000e-05 3.25420000e-04 2.00340000e-04 -7.17900000e-05 -2.06460000e-04 -1.66780000e-04 1.35500000e-05 1.87390000e-04 7.13100000e-05 9.40700000e-05 5.24480000e-04 -3.05040000e-04 3.35360000e-04 -1.54960000e-04 -8.72200000e-05 2.29920000e-04 4.57000000e-05 1.44870000e-04 3.71770000e-04 2.00410000e-04 2.42410000e-04 8.72400000e-05 3.25230000e-04 -2.95250000e-04 -1.25280000e-04 -8.39200000e-05 -1.31600000e-04 4.93600000e-05 -1.92190000e-04 2.76460000e-04 -8.28000000e-05 2.04020000e-04 6.99670000e-04 5.84000000e-06 1.76850000e-04 1.55790000e-04 -5.33110000e-04 -5.05600000e-05 -1.27750000e-04 -4.90300000e-05 8.95000000e-06 -2.72740000e-04 4.26840000e-04 2.01000000e-04 1.91160000e-04 -3.29800000e-05 -1.52230000e-04 -6.81100000e-05 2.23460000e-04 -7.86100000e-05 -1.87550000e-04 6.90000000e-06 1.11090000e-04 -1.83900000e-05 1.27800000e-05 3.15000000e-05
6.74100000e-05 3.54430000e-04 4.92550000e-04 -1.44870000e-04 -5.15140000e-04 1.75160000e-04 7.28300000e-05 1.11010000e-04 -4.77200000e-05 3.54960000e-04 2.36600000e-05 -4.98000000e-05 3.39790000e-04 9.66300000e-05 3.05200000e-04 1.65060000e-04 -4.54880000e-04 -1.60040000e-04 -1.06796000e-03 -2.13570000e-04 2.18420000e-04 -2.88940000e-04 4.72200000e-04 -4.31800000e-05 1.48340000e-04 -1.18180000e-04 3.20400000e-05 3.29940000e-04 -6.37200000e-05 3.32780000e-04 -1.39000000e-05 1.50510000e-04 2.15670000e-04 1.18490000e-04 -5.57100000e-05 -1.69980000e-04 -1.04530000e-04 1.16434500e-02 5.00400000e-05 -9.62100000e-05 -1.23160000e-04 -5.97100000e-04 6.25810000e-04 1.62900000e-05 1.29660000e-04 4.32590000e-04 -4.06740000e-04 -8.42520000e-04 4.59260000e-04 3.23510000e-04 4.78520000e-04 -3.88500000e-05 -2.23410000e-04 1.69950000e-04 6.78900000e-05 3.04400000e-05 3.13740000e-04 3.17120000e-04 -1.83050000e-04 6.37700000e-05 6.98100000e-05 -1.37850000e-04 -1.86710000e-04 7.02180000e-04 2.77050000e-04 2.49530000e-04 -8.11600000e-05 -4.51000000e-05 1.30290000e-04 -1.93910000e-04 -2.71920000e-04 -1.52790000e-04 1.55540000e-04 -2.19480000e-04 4.13260000e-04 3.71750000e-04 5.75000000e-06 4.97400000e-05 -5.28100000e-05 1.21510000e-04 -5.04190000e-04 1.23280000e-04 -4.92580000e-04 -9.40470000e-04 4.98360000e-04 6.01380000e-04 1.08910000e-04 3.71540000e-04 3.05370000e-04 4.51810000e-04 -3.17110000e-04 2.71220000e-04 3.62680000e-04 -3.10350000e-04 -7.58300000e-05 4.66000000e-06 -1.77150000e-04 1.80430000e-04 1.03190000e-04 -3.31420000e-04 1.69820000e-04 7.49260000e-04 3.00330000e-04 4.50700000e-05 2.56610000e-04 2.99100000e-04 3.11100000e-05
6.56770000e-04 -7.23590000e-04 -1.49420000e-04 -6.41650000e-04 -1.28009000e-03 3.04170000e-04 -7.38270000e-04 6.68870000e-04 2.99000000e-04 -9.37960000e-04 5.88100000e-05 1.07590000e-04 -5.68720000e-04 5.43190000e-04 1.90460000e-04 -8.13100000e-04 -3.17900000e-05 -6.92400000e-05 9.57970000e-04 -3.33090000e-04 -5.10900000e-05 -1.56637000e-03 2.96080000e-04 -3.83300000e-05 -1.77020000e-04 -2.59700000e-05 4.99940000e-04 -4.44160000e-04 1.56580000e-04 6.13100000e-04 1.00060000e-03 -8.45000000e-06 3.16340000e-04 2.87800000e-04 -4.91300000e-05 -7.09850000e-04 -1.86250000e-04 5.00400000e-05 1.72218000e-02 1.46801000e-03 -1.33130000e-04 -8.75660000e-04 -5.12940000e-04 3.81430000e-04 -6.94210000e-04 -1.82557000e-03 -4.74780000e-04 1.22803000e-03 -9.01980000e-04 6.44890000e-04 -6.93200000e-04 6.04790000e-04 -4.97620000e-04 -9.98220000e-04 7.99500000e-05 7.71120000e-04 -2.36340000e-04 -2.26210000e-04 -2.30350000e-04 -6.12400000e-05 -1.61900000e-05 -9.27580000e-04 1.42952000e-03 -3.28079000e-03 -2.32820000e-04 4.67860000e-04 -3.46110000e-04 2.66650000e-04 -3.57750000e-04 -4.67330000e-04 4.05940000e-04 -1.88900000e-04 -1.95490000e-04 -3.93350000e-04 2.33510000e-04 -1.71010000e-04 8.90820000e-04 4.77820000e-04 1.04480000e-04 7.06140000e-04 1.21084000e-03 5.39830000e-04 6.45340000e-04 2.74410000e-04 -9.42920000e-04 -2.04838000e-03 -3.63480000e-04 3.20740000e-04 -1.43430000e-04 -8.53570000e-04 8.19270000e-04 -5.72630000e-04 -8.00110000e-04 -1.12870000e-04 -3.37880000e-04 -3.60060000e-04 4.04700000e-05 -2.89000000e-06 5.82550000e-04 3.83610000e-04 1.90940000e-04 -1.57914000e-03 -8.86000000e-04 -2.20950000e-04 -4.44050000e-04 -7.79580000e-04 4.30250000e-04
1.64984000e-03 -2.93884000e-03 -8.61210000e-04 -1.93813000e-03 -3.48545000e-03 5.26650000e-04 -2.41042000e-03 1.77915000e-03 7.87390000e-04 -3.28180000e-03 -2.01360000e-04 4.85000000e-04 -2.49641000e-03 1.42005000e-03 2.50080000e-04 -3.15263000e-03 7.78430000e-04 -2.03470000e-04 4.86119000e-03 -9.33390000e-04 -5.17800000e-04 -4.66818000e-03 6.36470000e-04 -1.75000000e-04 -8.08320000e-04 7.78900000e-05 1.66709000e-03 -2.09289000e-03 4.40390000e-04 1.24334000e-03 3.52393000e-03 -4.69190000e-04 7.71120000e-04 4.67780000e-04 -4.05410000e-04 -2.06102000e-03 -2.54280000e-04 -9.62100000e-05 1.46801000e-03 4.24406100e-02 -3.34980000e-04 -2.18712000e-03 -2.03614000e-03 1.09413000e-03 -2.63448000e-03 -6.39757000e-03 -1.05303000e-03 5.13539000e-03 -3.27582000e-03 1.43308000e-03 -2.64896000e-03 1.90101000e-03 -1.35434000e-03 -3.61851000e-03 -1.61870000e-04 2.12454000e-03 -1.36840000e-03 -9.06250000e-04 -5.28100000e-04 -2.70070000e-04 -1.61990000e-04 -3.17200000e-03 4.67234000e-03 -1.09314000e-02 -1.31705000e-03 1.31400000e-03 -8.55480000e-04 8.22460000e-04 -1.30060000e-03 -1.23787000e-03 1.38283000e-03 -3.84500000e-04 -8.12200000e-04 -1.00712000e-03 4.16840000e-04 -8.16780000e-04 3.02727000e-03 1.43304000e-03 3.59870000e-04 2.16009000e-03 4.84204000e-03 1.66020000e-03 3.03850000e-03 2.23382000e-03 -3.64848000e-03 -7.08539000e-03 -1.23704000e-03 5.03150000e-04 -7.22190000e-04 -3.01621000e-03 2.74006000e-03 -1.91029000e-03 -2.84008000e-03 -1.63680000e-04 -9.41470000e-04 -1.21346000e-03 3.16730000e-04 -3.12190000e-04 1.58004000e-03 1.43951000e-03 4.25880000e-04 -5.59599000e-03 -2.98367000e-03 -7.41360000e-04 -1.66540000e-03 -2.65237000e-03 1.06720000e-03
-7.69300000e-05 8.34600000e-05 -4.13850000e-04 6.11690000e-04 1.05974000e-03 7.96000000e-06 3.60370000e-04 -2.59160000e-04 3.50600000e-05 -7.03700000e-05 1.61610000e-04 4.05000000e-06 9.94000000e-06 -1.34150000e-04 -1.61250000e-04 3.81130000e-04 1.96590000e-04 3.23160000e-04 3.93620000e-04 3.75370000e-04 -1.16270000e-04 8.92080000e-04 -8.17350000e-04 5.83700000e-05 2.05680000e-04 6.74400000e-05 -1.93680000e-04 -3.81800000e-05 1.97950000e-04 -4.37810000e-04 -2.64530000e-04 5.36400000e-05 -1.36250000e-04 4.03500000e-05 2.42420000e-04 6.16920000e-04 2.25180000e-04 -1.23160000e-04 -1.33130000e-04 -3.34980000e-04 7.71831000e-03 1.08903000e-03 -6.01800000e-04 -2.83000000e-05 3.08800000e-04 4.05710000e-04 5.88530000e-04 1.31680000e-04 -1.27600000e-05 -4.26650000e-04 1.85030000e-04 -6.58200000e-05 3.85200000e-04 3.12780000e-04 8.27600000e-05 -7.89300000e-05 -4.46700000e-05 -1.18880000e-04 2.82800000e-04 2.24030000e-04 2.10070000e-04 7.01950000e-04 -3.07170000e-04 4.47540000e-04 -3.39100000e-05 -2.19380000e-04 4.67800000e-05 1.31970000e-04 2.07400000e-04 4.29480000e-04 2.48310000e-04 2.73110000e-04 1.44360000e-04 3.50660000e-04 -4.10970000e-04 -1.99520000e-04 -1.97630000e-04 -1.16210000e-04 8.10200000e-05 -2.35440000e-04 -8.15000000e-06 -1.90020000e-04 1.37000000e-04 6.17130000e-04 8.57400000e-05 3.16310000e-04 2.17610000e-04 -5.07630000e-04 -1.19980000e-04 -2.19050000e-04 -2.37300000e-05 -8.14800000e-05 -2.28720000e-04 3.92130000e-04 8.98600000e-05 1.34000000e-04 -1.50610000e-04 -1.71500000e-04 -9.19600000e-05 2.03920000e-04 -6.15400000e-05 -2.14890000e-04 1.04400000e-05 1.10450000e-04 -1.54800000e-05 3.15700000e-05 5.24400000e-05
-5.06080000e-04 7.73650000e-04 -1.55518000e-03 3.20962000e-03 6.35930000e-03 -5.29730000e-04 1.62975000e-03 -1.50275000e-03 1.21850000e-04 4.13470000e-04 4.62640000e-04 -5.43300000e-05 4.61600000e-04 -7.68510000e-04 -8.66250000e-04 2.40383000e-03 1.66488000e-03 1.14948000e-03 1.72982000e-03 1.78453000e-03 -3.23590000e-04 5.79080000e-03 -3.15761000e-03 3.52770000e-04 7.22270000e-04 6.37300000e-04 -7.78350000e-04 1.66140000e-04 5.68130000e-04 -2.36951000e-03 -1.50493000e-03 -1.50380000e-04 -8.08160000e-04 -2.09900000e-04 9.76950000e-04 3.00023000e-03 1.09051000e-03 -5.97100000e-04 -8.75660000e-04 -2.18712000e-03 1.08903000e-03 4.52308400e-02 -1.93036000e-03 -3.57740000e-04 1.76302000e-03 3.41726000e-03 3.02330000e-03 3.55630000e-04 2.89260000e-04 -2.29321000e-03 3.51410000e-04 -7.57340000e-04 1.86681000e-03 2.49276000e-03 -1.13100000e-05 -1.08791000e-03 -1.92050000e-04 -3.76450000e-04 8.55320000e-04 7.23490000e-04 4.82310000e-04 4.03736000e-03 -2.05234000e-03 3.83885000e-03 -1.14770000e-04 -1.14039000e-03 9.12100000e-04 3.72180000e-04 8.82190000e-04 1.86960000e-03 9.48650000e-04 1.05562000e-03 4.83880000e-04 1.63136000e-03 -1.76090000e-03 -7.05500000e-04 -1.15251000e-03 -8.05990000e-04 3.13360000e-04 -1.47632000e-03 -3.06570000e-04 -1.17947000e-03 4.98510000e-04 3.45256000e-03 7.21400000e-04 2.78208000e-03 8.09280000e-04 -2.33719000e-03 -3.33730000e-04 -2.53060000e-04 -3.95110000e-04 1.45820000e-04 -7.45950000e-04 1.86313000e-03 9.62300000e-04 7.19870000e-04 -1.03870000e-04 -7.77670000e-04 -8.79490000e-04 7.74020000e-04 -5.35600000e-04 -1.39540000e-04 2.08770000e-04 5.47480000e-04 9.53000000e-05 3.87380000e-04 1.21410000e-04
-1.16969000e-03 2.36461000e-03 2.47464000e-03 -3.73500000e-04 -8.69800000e-04 -4.52830000e-04 8.82230000e-04 -3.98590000e-04 -8.93470000e-04 2.59793000e-03 -2.44880000e-04 -3.03150000e-04 2.11931000e-03 -5.93380000e-04 5.67620000e-04 1.35695000e-03 -1.19732000e-03 -7.61380000e-04 -5.08265000e-03 -4.95000000e-04 1.35600000e-03 5.26710000e-04 2.27586000e-03 -7.92900000e-05 2.75140000e-04 -4.31940000e-04 -6.23940000e-04 2.05845000e-03 -9.27640000e-04 4.88260000e-04 -1.49333000e-03 5.99510000e-04 -7.64000000e-06 -6.48480000e-04 -4.46030000e-04 -4.27500000e-05 -5.21790000e-04 6.25810000e-04 -5.12940000e-04 -2.03614000e-03 -6.01800000e-04 -1.93036000e-03 3.84072800e-02 -5.60050000e-04 1.16951000e-03 4.16867000e-03 -1.17325000e-03 -4.73176000e-03 3.14623000e-03 6.99520000e-04 2.10298000e-03 -1.30393000e-03 -1.66820000e-04 1.89733000e-03 6.06000000e-05 -1.31633000e-03 1.56329000e-03 1.24109000e-03 -3.48690000e-04 1.19780000e-04 -1.85240000e-04 3.36250000e-04 -2.63422000e-03 7.76874000e-03 1.36057000e-03 4.47600000e-05 3.26300000e-04 -9.32240000e-04 5.68810000e-04 -3.97790000e-04 -2.00641000e-03 -3.68580000e-04 3.58650000e-04 -3.68600000e-04 1.60603000e-03 1.50213000e-03 -1.30863000e-03 -3.20830000e-04 -9.29120000e-04 -6.66930000e-04 -3.59532000e-03 -4.37100000e-04 -2.47282000e-03 -3.88056000e-03 3.09047000e-03 5.28245000e-03 5.16230000e-04 1.57624000e-03 1.08257000e-03 2.99791000e-03 -2.44001000e-03 1.77899000e-03 2.91390000e-03 -1.47741000e-03 2.01230000e-04 2.80190000e-04 -2.58720000e-04 8.23240000e-04 -1.09501000e-03 -1.96805000e-03 7.45800000e-05 5.10965000e-03 2.22777000e-03 1.10600000e-04 1.43561000e-03 2.11156000e-03 -1.07406000e-03
4.82350000e-04 -5.65470000e-04 -1.23640000e-04 -3.85460000e-04 -6.97390000e-04 2.51330000e-04 -5.82090000e-04 4.65870000e-04 2.97870000e-04 -7.79130000e-04 4.58600000e-05 1.01940000e-04 -5.31260000e-04 4.68870000e-04 1.09580000e-04 -5.98070000e-04 2.16000000e-06 9.35300000e-05 7.82230000e-04 -1.72470000e-04 -1.54790000e-04 -9.91860000e-04 1.10090000e-04 4.76000000e-06 -1.38120000e-04 7.22500000e-05 4.74530000e-04 -4.53400000e-04 1.20390000e-04 4.03780000e-04 8.49870000e-04 8.80600000e-05 2.32290000e-04 3.25740000e-04 -2.00100000e-05 -4.43840000e-04 9.29000000e-06 1.62900000e-05 3.81430000e-04 1.09413000e-03 -2.83000000e-05 -3.57740000e-04 -5.60050000e-04 8.26034000e-03 -5.37540000e-04 -1.36444000e-03 -2.47480000e-04 1.03690000e-03 -7.07100000e-04 3.81790000e-04 -5.66870000e-04 4.53890000e-04 -2.95150000e-04 -7.67440000e-04 -2.46600000e-05 5.08540000e-04 -2.06100000e-04 -1.09540000e-04 -1.42000000e-05 -5.12300000e-05 7.03900000e-05 -5.44090000e-04 1.03984000e-03 -2.40709000e-03 -2.24660000e-04 4.13460000e-04 -1.62980000e-04 1.84600000e-04 -2.75080000e-04 -2.25890000e-04 3.49640000e-04 -2.32800000e-05 -1.36970000e-04 -2.54100000e-04 1.76210000e-04 -1.20310000e-04 7.46320000e-04 3.50940000e-04 2.83440000e-04 5.22540000e-04 1.08487000e-03 4.28460000e-04 4.36240000e-04 3.40520000e-04 -7.29820000e-04 -1.57722000e-03 -2.03840000e-04 8.70600000e-05 -1.05470000e-04 -7.13120000e-04 5.81890000e-04 -4.60640000e-04 -7.93900000e-04 3.19400000e-05 -1.92880000e-04 -2.08720000e-04 -2.01000000e-05 -8.68000000e-05 5.02180000e-04 3.74860000e-04 1.56640000e-04 -1.30322000e-03 -7.23930000e-04 -1.86480000e-04 -3.82920000e-04 -6.45980000e-04 3.16720000e-04
-6.83630000e-04 2.06631000e-03 6.74900000e-04 1.60211000e-03 2.35186000e-03 -4.48300000e-05 1.64932000e-03 -9.41780000e-04 -4.20030000e-04 1.55285000e-03 3.89630000e-04 -1.27850000e-04 1.75574000e-03 -6.31570000e-04 4.06400000e-05 2.35802000e-03 -6.38470000e-04 2.31600000e-04 -2.72251000e-03 6.13660000e-04 6.78770000e-04 2.85430000e-03 -9.18800000e-04 4.33000000e-05 8.01720000e-04 -1.56170000e-04 -9.54320000e-04 1.52794000e-03 -2.54000000e-06 -7.76720000e-04 -1.88397000e-03 4.65690000e-04 -2.55190000e-04 -2.73190000e-04 4.64770000e-04 1.87806000e-03 1.81620000e-04 1.29660000e-04 -6.94210000e-04 -2.63448000e-03 3.08800000e-04 1.76302000e-03 1.16951000e-03 -5.37540000e-04 2.46967300e-02 4.29117000e-03 6.96270000e-04 -3.14618000e-03 2.13159000e-03 -6.47270000e-04 2.03358000e-03 -1.12375000e-03 7.68240000e-04 2.42838000e-03 3.29830000e-04 -1.07768000e-03 1.09244000e-03 5.33080000e-04 2.48130000e-04 6.53770000e-04 4.48690000e-04 2.31189000e-03 -2.73230000e-03 6.58719000e-03 9.90230000e-04 -5.23670000e-04 2.33070000e-04 -2.46330000e-04 1.06955000e-03 6.76970000e-04 -5.66780000e-04 3.02350000e-04 6.84400000e-04 6.05340000e-04 9.48000000e-06 5.25750000e-04 -1.44713000e-03 -5.67240000e-04 -2.64520000e-04 -1.10544000e-03 -2.69482000e-03 -8.47770000e-04 -1.44118000e-03 -1.14106000e-03 2.68337000e-03 4.80785000e-03 9.17690000e-04 -2.80860000e-04 5.00350000e-04 1.39141000e-03 -1.70621000e-03 9.94970000e-04 1.20778000e-03 3.30180000e-04 2.96180000e-04 7.82540000e-04 -8.78070000e-04 2.86180000e-04 -8.86620000e-04 -9.32330000e-04 -1.22090000e-04 3.10034000e-03 1.55344000e-03 3.38840000e-04 9.06910000e-04 1.64295000e-03 -4.29400000e-04
-1.84498000e-03 5.18230000e-03 2.11056000e-03 3.26036000e-03 5.52880000e-03 -5.87990000e-04 3.62292000e-03 -2.34656000e-03 -1.43296000e-03 4.45341000e-03 5.01640000e-04 -5.68240000e-04 4.48527000e-03 -1.82557000e-03 1.43260000e-04 5.58364000e-03 -7.50550000e-04 1.89710000e-04 -7.22961000e-03 1.10520000e-03 1.81440000e-03 7.19868000e-03 -4.30090000e-04 4.48500000e-05 1.61215000e-03 -3.93100000e-04 -2.20827000e-03 4.00727000e-03 -4.53100000e-04 -1.84999000e-03 -4.54604000e-03 1.20492000e-03 -7.32260000e-04 -9.56410000e-04 6.58490000e-04 3.43754000e-03 2.45930000e-04 4.32590000e-04 -1.82557000e-03 -6.39757000e-03 4.05710000e-04 3.41726000e-03 4.16867000e-03 -1.36444000e-03 4.29117000e-03 6.09194100e-02 1.26983000e-03 -7.92341000e-03 5.73406000e-03 -1.39867000e-03 4.07499000e-03 -2.88413000e-03 1.68366000e-03 6.29450000e-03 5.14630000e-04 -2.80602000e-03 2.66735000e-03 1.56715000e-03 5.30590000e-04 1.33349000e-03 7.22310000e-04 5.59380000e-03 -6.70505000e-03 1.72756900e-02 2.50162000e-03 -1.24179000e-03 9.00540000e-04 -8.39440000e-04 2.25626000e-03 1.48230000e-03 -1.81432000e-03 4.73760000e-04 1.41630000e-03 1.12426000e-03 3.88060000e-04 1.63556000e-03 -3.65207000e-03 -1.57321000e-03 -1.28561000e-03 -2.70470000e-03 -6.89351000e-03 -2.11525000e-03 -3.80561000e-03 -3.01625000e-03 6.29940000e-03 1.22554900e-02 1.99410000e-03 -1.67030000e-04 1.37896000e-03 4.25234000e-03 -4.34260000e-03 2.77369000e-03 3.74559000e-03 -1.49930000e-04 9.04510000e-04 1.40806000e-03 -1.50243000e-03 6.51860000e-04 -2.59434000e-03 -2.74341000e-03 -4.07820000e-04 8.47288000e-03 4.07105000e-03 7.28460000e-04 2.35511000e-03 4.13122000e-03 -1.42726000e-03
-4.41290000e-04 1.00600000e-04 -1.03919000e-03 1.51404000e-03 3.27863000e-03 -5.08770000e-04 7.86230000e-04 -7.80840000e-04 9.79700000e-05 1.99470000e-04 1.55180000e-04 -5.54100000e-05 -1.39000000e-06 -4.73580000e-04 -5.92660000e-04 9.21840000e-04 1.18211000e-03 6.07460000e-04 1.35935000e-03 1.00357000e-03 -3.21350000e-04 2.96311000e-03 -1.69799000e-03 2.85780000e-04 2.60350000e-04 4.59130000e-04 -3.87850000e-04 -1.38330000e-04 2.68160000e-04 -1.32610000e-03 -7.64200000e-04 -2.38400000e-04 -5.36450000e-04 -1.55300000e-04 4.79980000e-04 1.38809000e-03 5.54600000e-04 -4.06740000e-04 -4.74780000e-04 -1.05303000e-03 5.88530000e-04 3.02330000e-03 -1.17325000e-03 -2.47480000e-04 6.96270000e-04 1.26983000e-03 1.68143200e-02 6.27720000e-04 -1.25810000e-04 -1.31116000e-03 -1.26350000e-04 -3.06330000e-04 1.09083000e-03 1.03530000e-03 -8.09700000e-05 -5.64400000e-04 -3.11820000e-04 -3.15410000e-04 4.78000000e-04 2.25830000e-04 1.17410000e-04 1.81026000e-03 -9.03930000e-04 1.40734000e-03 -2.29880000e-04 -7.33610000e-04 6.42770000e-04 1.92850000e-04 3.29630000e-04 1.06488000e-03 5.16680000e-04 5.98100000e-04 1.38700000e-04 9.80210000e-04 -1.10518000e-03 -5.19610000e-04 -6.55780000e-04 -4.38930000e-04 1.14150000e-04 -8.06190000e-04 7.69000000e-05 -6.46430000e-04 4.29310000e-04 2.14322000e-03 -1.02000000e-05 8.90700000e-04 3.21970000e-04 -1.28699000e-03 -3.02930000e-04 -1.62060000e-04 -2.67700000e-05 4.17900000e-05 -3.10910000e-04 8.91060000e-04 6.37490000e-04 2.56490000e-04 3.27280000e-04 -5.35030000e-04 -5.07350000e-04 6.13540000e-04 -3.52140000e-04 -3.16180000e-04 6.16300000e-05 3.47210000e-04 4.30000000e-07 3.46700000e-05 -4.26800000e-05
2.07447000e-03 -4.35127000e-03 -2.78749000e-03 -1.23167000e-03 -1.16713000e-03 -1.81660000e-04 -2.69281000e-03 1.35825000e-03 1.22280000e-03 -4.09420000e-03 -3.58690000e-04 4.12300000e-04 -3.75348000e-03 1.15856000e-03 -6.56200000e-04 -3.63530000e-03 3.01007000e-03 3.92890000e-04 8.93832000e-03 -1.45680000e-04 -1.76183000e-03 -3.07501000e-03 -1.14683000e-03 3.62700000e-05 -1.17902000e-03 7.84220000e-04 1.81162000e-03 -3.43667000e-03 9.33950000e-04 1.85660000e-04 3.79792000e-03 -1.21851000e-03 2.38420000e-04 2.14190000e-04 -1.96430000e-04 -1.57342000e-03 2.67780000e-04 -8.42520000e-04 1.22803000e-03 5.13539000e-03 1.31680000e-04 3.55630000e-04 -4.73176000e-03 1.03690000e-03 -3.14618000e-03 -7.92341000e-03 6.27720000e-04 5.17241200e-02 -5.08306000e-03 4.23000000e-06 -5.08429000e-03 2.25056000e-03 -5.51940000e-04 -4.01085000e-03 -5.68670000e-04 2.35190000e-03 -2.71760000e-03 -1.89095000e-03 -5.45900000e-05 -7.81940000e-04 -3.79510000e-04 -2.43006000e-03 5.78289000e-03 -1.35584300e-02 -2.35070000e-03 5.66530000e-04 -3.01490000e-04 1.20062000e-03 -1.73553000e-03 -3.79270000e-04 2.92149000e-03 1.25290000e-04 -1.32454000e-03 -1.50150000e-04 -1.28878000e-03 -2.05570000e-03 3.24981000e-03 1.03813000e-03 1.07226000e-03 1.88905000e-03 7.14496000e-03 1.26089000e-03 4.66868000e-03 6.51433000e-03 -5.81975000e-03 -9.58748000e-03 -1.63444000e-03 -9.57210000e-04 -1.62886000e-03 -4.25582000e-03 4.72427000e-03 -2.62615000e-03 -3.81806000e-03 1.15027000e-03 -2.41660000e-04 -1.25014000e-03 1.52706000e-03 -1.26712000e-03 1.70868000e-03 2.91130000e-03 -4.43500000e-05 -8.50712000e-03 -4.18547000e-03 -5.69330000e-04 -2.42069000e-03 -3.93738000e-03 1.30663000e-03
-1.14759000e-03 2.94110000e-03 1.82191000e-03 1.05420000e-03 1.34414000e-03 -1.81900000e-04 1.82569000e-03 -1.04431000e-03 -9.01960000e-04 2.64474000e-03 1.61010000e-04 -3.09530000e-04 2.53338000e-03 -8.98850000e-04 3.59650000e-04 2.60606000e-03 -1.14155000e-03 -1.60940000e-04 -5.01544000e-03 1.88830000e-04 1.18474000e-03 2.51679000e-03 5.22160000e-04 -8.62700000e-05 8.22680000e-04 -4.39200000e-04 -1.13923000e-03 2.32241000e-03 -4.57180000e-04 -4.10010000e-04 -2.32887000e-03 8.07360000e-04 -1.94860000e-04 -5.23120000e-04 1.04090000e-04 1.38862000e-03 -9.93600000e-05 4.59260000e-04 -9.01980000e-04 -3.27582000e-03 -1.27600000e-05 2.89260000e-04 3.14623000e-03 -7.07100000e-04 2.13159000e-03 5.73406000e-03 -1.25810000e-04 -5.08306000e-03 2.65366100e-02 -2.09360000e-04 2.74477000e-03 -1.56703000e-03 5.17870000e-04 2.95371000e-03 3.01540000e-04 -1.50416000e-03 1.71055000e-03 1.12853000e-03 1.48800000e-04 6.39840000e-04 3.73870000e-04 2.07196000e-03 -3.62076000e-03 9.62893000e-03 1.54123000e-03 -3.96760000e-04 2.63890000e-04 -6.76750000e-04 1.18338000e-03 4.14470000e-04 -1.49962000e-03 7.39500000e-05 7.82530000e-04 2.59120000e-04 8.13240000e-04 1.25481000e-03 -1.88277000e-03 -7.08060000e-04 -8.05670000e-04 -1.22662000e-03 -4.14652000e-03 -9.25650000e-04 -2.54098000e-03 -3.06890000e-03 3.77625000e-03 6.72357000e-03 1.08710000e-03 5.52550000e-04 9.78070000e-04 2.73067000e-03 -2.69069000e-03 1.72018000e-03 2.56991000e-03 -6.01780000e-04 2.67240000e-04 7.33070000e-04 -9.70630000e-04 6.26900000e-04 -1.29850000e-03 -1.90345000e-03 -4.80100000e-05 5.29299000e-03 2.50576000e-03 3.14420000e-04 1.49179000e-03 2.48412000e-03 -9.62340000e-04
6.78690000e-04 -2.32900000e-04 7.03710000e-04 -1.19676000e-03 -2.59569000e-03 3.87970000e-04 -7.98680000e-04 9.21640000e-04 9.43000000e-05 -5.32400000e-04 2.03900000e-05 1.07560000e-04 -8.79100000e-05 6.14230000e-04 5.11250000e-04 -7.80600000e-04 -7.77250000e-04 -4.04780000e-04 -6.26260000e-04 -7.82010000e-04 3.18400000e-04 -2.48742000e-03 1.20497000e-03 -1.15880000e-04 -1.55470000e-04 -3.07840000e-04 4.36870000e-04 4.47400000e-05 -6.02600000e-05 1.21627000e-03 9.57480000e-04 2.48020000e-04 5.07920000e-04 2.59050000e-04 -2.60650000e-04 -1.15612000e-03 -4.84980000e-04 3.23510000e-04 6.44890000e-04 1.43308000e-03 -4.26650000e-04 -2.29321000e-03 6.99520000e-04 3.81790000e-04 -6.47270000e-04 -1.39867000e-03 -1.31116000e-03 4.23000000e-06 -2.09360000e-04 1.71043400e-02 -1.92280000e-04 4.65640000e-04 -9.18080000e-04 -9.42170000e-04 1.78050000e-04 8.11310000e-04 2.25200000e-04 1.34410000e-04 -4.30680000e-04 -8.24200000e-05 -1.90600000e-05 -1.42914000e-03 1.26493000e-03 -2.26023000e-03 1.72080000e-04 7.47280000e-04 -5.65720000e-04 6.20700000e-05 -3.12660000e-04 -9.18250000e-04 -1.15970000e-04 -4.61180000e-04 -1.18880000e-04 -8.06520000e-04 9.33920000e-04 2.85250000e-04 8.42200000e-04 6.21930000e-04 -3.45000000e-06 8.59000000e-04 4.37940000e-04 7.02960000e-04 -3.12800000e-05 -1.28548000e-03 -2.52780000e-04 -1.27457000e-03 -3.35730000e-04 1.11849000e-03 1.57010000e-04 -2.61660000e-04 3.90750000e-04 -2.73490000e-04 -1.33030000e-04 -6.47350000e-04 -5.47180000e-04 -3.21820000e-04 -2.25180000e-04 3.82530000e-04 6.38550000e-04 -2.08160000e-04 3.97240000e-04 -4.27170000e-04 -4.20190000e-04 -3.04220000e-04 -1.33960000e-04 -3.26820000e-04 2.77850000e-04
-1.38618000e-03 2.38173000e-03 1.47902000e-03 1.16454000e-03 6.68150000e-04 5.04420000e-04 1.82986000e-03 -8.63780000e-04 -5.92930000e-04 1.85834000e-03 3.88550000e-04 -7.30000000e-06 1.90108000e-03 -5.19910000e-04 4.43690000e-04 2.00432000e-03 -2.19992000e-03 4.22100000e-05 -4.37993000e-03 2.90920000e-04 1.03721000e-03 1.42248000e-03 -1.55410000e-04 -1.90840000e-04 9.65700000e-04 -5.36470000e-04 -9.38100000e-04 1.72842000e-03 -2.84460000e-04 -3.37220000e-04 -1.92634000e-03 6.72730000e-04 3.65000000e-05 1.66200000e-05 3.31840000e-04 1.86766000e-03 1.00840000e-04 4.78520000e-04 -6.93200000e-04 -2.64896000e-03 1.85030000e-04 3.51410000e-04 2.10298000e-03 -5.66870000e-04 2.03358000e-03 4.07499000e-03 -1.26350000e-04 -5.08429000e-03 2.74477000e-03 -1.92280000e-04 1.57479100e-02 -1.18347000e-03 4.22050000e-04 1.88090000e-03 4.56120000e-04 -1.40962000e-03 1.54771000e-03 9.80730000e-04 1.50330000e-04 8.35170000e-04 5.42760000e-04 1.25355000e-03 -3.38397000e-03 7.30008000e-03 1.23603000e-03 -2.25930000e-04 -1.47680000e-04 -5.21740000e-04 1.24350000e-03 3.48240000e-04 -1.59873000e-03 1.85890000e-04 9.92220000e-04 3.01080000e-04 7.22700000e-04 1.04531000e-03 -1.55234000e-03 -4.68220000e-04 -4.64410000e-04 -9.43940000e-04 -3.64975000e-03 -5.94470000e-04 -2.14887000e-03 -3.65829000e-03 3.60918000e-03 5.39422000e-03 1.19548000e-03 1.51130000e-04 8.92240000e-04 1.90986000e-03 -2.93167000e-03 1.33668000e-03 1.53815000e-03 -1.42700000e-04 -9.19100000e-05 9.96070000e-04 -1.50481000e-03 7.94360000e-04 -8.11510000e-04 -1.51970000e-03 9.06500000e-05 4.17580000e-03 2.14467000e-03 3.34460000e-04 1.22922000e-03 2.18824000e-03 -5.65570000e-04
8.11370000e-04 -1.33024000e-03 -6.12580000e-04 -7.59070000e-04 -1.33232000e-03 3.18270000e-04 -9.83330000e-04 7.51680000e-04 4.58470000e-04 -1.33514000e-03 -1.14600000e-05 1.30400000e-04 -1.08542000e-03 6.29240000e-04 7.85800000e-05 -1.31339000e-03 3.04260000e-04 1.89900000e-05 1.97500000e-03 -3.08000000e-04 -4.53890000e-04 -1.80660000e-03 1.16170000e-04 -3.80100000e-05 -2.85340000e-04 7.69100000e-05 7.09060000e-04 -9.64300000e-04 3.12730000e-04 5.01380000e-04 1.40728000e-03 -2.12300000e-04 3.33650000e-04 5.32830000e-04 -3.45500000e-05 -9.37080000e-04 -6.12800000e-05 -3.88500000e-05 6.04790000e-04 1.90101000e-03 -6.58200000e-05 -7.57340000e-04 -1.30393000e-03 4.53890000e-04 -1.12375000e-03 -2.88413000e-03 -3.06330000e-04 2.25056000e-03 -1.56703000e-03 4.65640000e-04 -1.18347000e-03 2.42599500e-02 -5.10730000e-04 -1.53197000e-03 -2.43000000e-05 1.07276000e-03 -6.57130000e-04 -3.98140000e-04 -1.91290000e-04 -2.25450000e-04 -2.31300000e-05 -1.29986000e-03 2.04252000e-03 -5.02611000e-03 -5.56020000e-04 4.89700000e-04 -3.47750000e-04 4.53750000e-04 -5.39580000e-04 -3.99490000e-04 7.37410000e-04 -1.54450000e-04 -2.61480000e-04 -3.40250000e-04 -6.33000000e-05 -4.35950000e-04 1.16053000e-03 4.86390000e-04 1.01080000e-04 8.76900000e-04 2.00629000e-03 6.78500000e-04 1.10590000e-03 9.89140000e-04 -1.71278000e-03 -3.32756000e-03 -4.85550000e-04 4.16300000e-05 -3.41050000e-04 -1.28765000e-03 1.32772000e-03 -8.69120000e-04 -1.25270000e-03 1.39300000e-05 -3.21960000e-04 -4.70120000e-04 2.66540000e-04 -2.03870000e-04 8.78590000e-04 7.67510000e-04 1.95410000e-04 -2.51121000e-03 -1.24093000e-03 -1.96000000e-04 -6.77630000e-04 -1.21660000e-03 5.87560000e-04
-6.71810000e-04 5.31670000e-04 -3.72460000e-04 1.05170000e-03 2.22333000e-03 -4.04420000e-04 8.27830000e-04 -7.13750000e-04 -1.19180000e-04 6.46080000e-04 8.95000000e-05 -1.08590000e-04 3.74420000e-04 -5.22660000e-04 -3.88610000e-04 9.20810000e-04 5.08870000e-04 3.78760000e-04 -7.18500000e-05 7.10910000e-04 -4.03100000e-05 2.24982000e-03 -9.69190000e-04 1.97420000e-04 2.45460000e-04 2.40090000e-04 -4.93360000e-04 2.66800000e-04 1.14600000e-05 -9.26230000e-04 -1.00953000e-03 -1.23000000e-05 -4.55050000e-04 -2.22940000e-04 2.95200000e-04 1.07651000e-03 3.25420000e-04 -2.23410000e-04 -4.97620000e-04 -1.35434000e-03 3.85200000e-04 1.86681000e-03 -1.66820000e-04 -2.95150000e-04 7.68240000e-04 1.68366000e-03 1.09083000e-03 -5.51940000e-04 5.17870000e-04 -9.18080000e-04 4.22050000e-04 -5.10730000e-04 9.16004000e-03 1.06820000e-03 -2.57800000e-05 -7.32230000e-04 7.33700000e-05 -2.71300000e-05 4.02920000e-04 1.86210000e-04 7.48900000e-05 1.39783000e-03 -1.30002000e-03 2.67995000e-03 7.79300000e-05 -6.41730000e-04 5.13990000e-04 -9.07100000e-05 3.70210000e-04 8.07070000e-04 -5.31200000e-05 4.31840000e-04 1.74470000e-04 7.22070000e-04 -6.24690000e-04 -1.41920000e-04 -8.82080000e-04 -4.51940000e-04 -8.11800000e-05 -8.05100000e-04 -7.76900000e-04 -6.33040000e-04 -2.63580000e-04 7.02340000e-04 6.13000000e-04 1.67290000e-03 3.85490000e-04 -7.34920000e-04 -6.24600000e-05 4.36210000e-04 -5.62680000e-04 3.51890000e-04 3.68210000e-04 4.09520000e-04 4.91890000e-04 2.93950000e-04 1.44340000e-04 -2.46150000e-04 -6.27060000e-04 7.22500000e-05 -2.76890000e-04 7.97440000e-04 5.45980000e-04 2.86750000e-04 2.75200000e-04 4.61900000e-04 -3.10880000e-04
-8.21950000e-04 2.78617000e-03 8.41450000e-04 2.06075000e-03 3.72858000e-03 -4.26880000e-04 2.02734000e-03 -1.33096000e-03 -6.79600000e-04 2.42124000e-03 3.44600000e-04 -3.18380000e-04 2.45864000e-03 -1.01414000e-03 -1.82700000e-05 3.27550000e-03 -7.63700000e-05 1.97100000e-04 -3.60280000e-03 7.71030000e-04 8.75240000e-04 4.58615000e-03 -5.35430000e-04 1.24640000e-04 9.30240000e-04 -9.83700000e-05 -1.26952000e-03 2.15263000e-03 -1.30830000e-04 -1.16907000e-03 -2.56806000e-03 5.87500000e-04 -4.75340000e-04 -4.54040000e-04 4.90040000e-04 1.96258000e-03 2.00340000e-04 1.69950000e-04 -9.98220000e-04 -3.61851000e-03 3.12780000e-04 2.49276000e-03 1.89733000e-03 -7.67440000e-04 2.42838000e-03 6.29450000e-03 1.03530000e-03 -4.01085000e-03 2.95371000e-03 -9.42170000e-04 1.88090000e-03 -1.53197000e-03 1.06820000e-03 3.70852100e-02 3.05290000e-04 -1.43688000e-03 1.34538000e-03 7.63780000e-04 3.26830000e-04 7.10530000e-04 3.95560000e-04 3.49465000e-03 -3.60820000e-03 9.23704000e-03 1.32674000e-03 -7.79840000e-04 6.15930000e-04 -3.30250000e-04 1.25577000e-03 9.64250000e-04 -7.13660000e-04 3.06120000e-04 7.93500000e-04 7.54870000e-04 -5.88800000e-05 7.57120000e-04 -2.05595000e-03 -9.09800000e-04 -6.40320000e-04 -1.57483000e-03 -3.65424000e-03 -1.23254000e-03 -1.95612000e-03 -1.04550000e-03 3.24239000e-03 6.59286000e-03 1.07563000e-03 -3.08580000e-04 6.82610000e-04 2.21269000e-03 -2.11850000e-03 1.44111000e-03 1.91449000e-03 1.51360000e-04 6.37300000e-04 8.02990000e-04 -6.44130000e-04 2.56200000e-04 -1.38566000e-03 -1.27862000e-03 -2.59360000e-04 4.41644000e-03 2.17309000e-03 4.81920000e-04 1.26763000e-03 2.19112000e-03 -6.35040000e-04
1.69020000e-04 3.82190000e-04 1.16120000e-04 1.90750000e-04 -6.46600000e-05 2.46300000e-04 2.24200000e-04 5.79500000e-05 -6.37400000e-05 -7.51300000e-05 2.41800000e-04 7.47800000e-05 3.80250000e-04 4.32700000e-05 1.18950000e-04 4.22960000e-04 -3.92640000e-04 6.39100000e-05 -5.09460000e-04 6.56000000e-06 2.34700000e-04 -6.75000000e-06 -1.07740000e-04 -6.95500000e-05 2.44460000e-04 -2.02770000e-04 -1.65120000e-04 3.70900000e-04 1.47790000e-04 4.36100000e-05 -1.79510000e-04 2.44430000e-04 8.28300000e-05 1.18820000e-04 1.85290000e-04 2.58730000e-04 -7.17900000e-05 6.78900000e-05 7.99500000e-05 -1.61870000e-04 8.27600000e-05 -1.13100000e-05 6.06000000e-05 -2.46600000e-05 3.29830000e-04 5.14630000e-04 -8.09700000e-05 -5.68670000e-04 3.01540000e-04 1.78050000e-04 4.56120000e-04 -2.43000000e-05 -2.57800000e-05 3.05290000e-04 1.31913800e-02 1.91290000e-04 2.95330000e-04 1.74200000e-05 6.27500000e-05 2.77460000e-04 2.26690000e-04 3.14910000e-04 -1.73510000e-04 4.82770000e-04 2.94490000e-04 3.28700000e-05 -2.96590000e-04 1.09550000e-04 2.14630000e-04 -2.70700000e-05 3.69300000e-05 -4.04000000e-06 1.92990000e-04 -7.50000000e-06 9.79200000e-05 3.34400000e-05 -9.37400000e-05 5.96900000e-05 -1.70320000e-04 1.46700000e-05 -4.15290000e-04 1.38400000e-05 -1.09060000e-04 -4.34490000e-04 4.64220000e-04 5.89080000e-04 1.52010000e-04 9.49500000e-05 3.57800000e-05 -9.51900000e-05 -1.65390000e-04 -7.80900000e-05 -2.39300000e-05 9.19200000e-05 -2.20030000e-04 1.39740000e-04 -4.64090000e-04 2.19650000e-04 -9.00000000e-08 -2.02240000e-04 5.81000000e-05 2.55960000e-04 1.53600000e-04 -3.69500000e-05 2.53700000e-05 2.36590000e-04 1.02010000e-04
1.38254000e-03 -1.18399000e-03 -5.32630000e-04 -8.27980000e-04 -1.72553000e-03 4.85320000e-04 -1.05569000e-03 1.00036000e-03 4.32820000e-04 -1.56541000e-03 1.48330000e-04 1.55140000e-04 -8.62260000e-04 7.46920000e-04 2.13510000e-04 -1.12410000e-03 1.63280000e-04 -2.20500000e-05 1.77806000e-03 -4.82360000e-04 -3.52070000e-04 -2.17748000e-03 1.16480000e-04 -8.50100000e-05 -1.72490000e-04 -1.10850000e-04 6.46640000e-04 -7.54290000e-04 5.05300000e-04 7.69610000e-04 1.53491000e-03 -2.49100000e-05 4.68570000e-04 5.11950000e-04 1.27400000e-05 -1.05436000e-03 -2.06460000e-04 3.04400000e-05 7.71120000e-04 2.12454000e-03 -7.89300000e-05 -1.08791000e-03 -1.31633000e-03 5.08540000e-04 -1.07768000e-03 -2.80602000e-03 -5.64400000e-04 2.35190000e-03 -1.50416000e-03 8.11310000e-04 -1.40962000e-03 1.07276000e-03 -7.32230000e-04 -1.43688000e-03 1.91290000e-04 4.25662100e-02 -5.05260000e-04 -4.42290000e-04 -2.34290000e-04 -9.66900000e-05 1.46970000e-04 -1.19440000e-03 2.44556000e-03 -5.33034000e-03 -3.58340000e-04 6.36260000e-04 -6.88350000e-04 6.20720000e-04 -4.84200000e-04 -5.90220000e-04 1.01888000e-03 -2.71920000e-04 -2.14160000e-04 -5.23620000e-04 4.99600000e-05 -4.46250000e-04 1.33609000e-03 6.47570000e-04 1.74510000e-04 1.07731000e-03 2.04393000e-03 8.05550000e-04 1.14163000e-03 9.54540000e-04 -1.65116000e-03 -3.34307000e-03 -5.16050000e-04 3.22140000e-04 -3.70470000e-04 -1.52008000e-03 1.70084000e-03 -1.04576000e-03 -1.27752000e-03 3.80900000e-05 -5.42930000e-04 -4.93700000e-04 -2.79000000e-05 -9.63600000e-05 1.10324000e-03 6.75070000e-04 3.44150000e-04 -2.64694000e-03 -1.35199000e-03 -2.73420000e-04 -7.27250000e-04 -1.22282000e-03 7.85750000e-04
-3.41670000e-04 1.54083000e-03 1.03968000e-03 4.16580000e-04 1.89360000e-04 1.79610000e-04 8.20700000e-04 -2.64100000e-04 -3.61320000e-04 1.07671000e-03 2.40160000e-04 -1.21080000e-04 1.35671000e-03 -2.15700000e-04 3.34610000e-04 1.31640000e-03 -9.53320000e-04 -7.42200000e-05 -2.82068000e-03 -1.73100000e-05 7.37390000e-04 7.31840000e-04 2.76170000e-04 -6.14600000e-05 4.80780000e-04 -3.14480000e-04 -4.64390000e-04 1.28002000e-03 -1.46490000e-04 7.55000000e-05 -1.00890000e-03 5.74000000e-04 6.38500000e-05 -1.03470000e-04 1.37170000e-04 6.38110000e-04 -1.66780000e-04 3.13740000e-04 -2.36340000e-04 -1.36840000e-03 -4.46700000e-05 -1.92050000e-04 1.56329000e-03 -2.06100000e-04 1.09244000e-03 2.66735000e-03 -3.11820000e-04 -2.71760000e-03 1.71055000e-03 2.25200000e-04 1.54771000e-03 -6.57130000e-04 7.33700000e-05 1.34538000e-03 2.95330000e-04 -5.05260000e-04 1.62426400e-02 5.69830000e-04 -2.26400000e-05 4.28060000e-04 2.93980000e-04 8.72120000e-04 -1.56975000e-03 4.24347000e-03 9.08110000e-04 -1.60500000e-05 -9.28100000e-05 -2.51720000e-04 6.11340000e-04 1.95100000e-05 -7.14360000e-04 -4.61500000e-05 4.39850000e-04 -3.52600000e-05 6.07690000e-04 6.71020000e-04 -7.68540000e-04 -1.74490000e-04 -3.80510000e-04 -4.17710000e-04 -2.07690000e-03 -3.07700000e-04 -1.35898000e-03 -1.94392000e-03 2.01460000e-03 3.19809000e-03 5.40980000e-04 4.81910000e-04 5.24320000e-04 1.16064000e-03 -1.31681000e-03 7.29600000e-04 1.06854000e-03 -3.68310000e-04 -6.41100000e-05 3.27490000e-04 -7.44170000e-04 4.20980000e-04 -4.36280000e-04 -9.78550000e-04 9.79200000e-05 2.45721000e-03 1.08173000e-03 8.07200000e-05 6.83160000e-04 1.14813000e-03 -3.19690000e-04
-3.23500000e-04 8.87620000e-04 8.68720000e-04 8.43400000e-05 -1.78800000e-05 4.14400000e-05 4.66290000e-04 -1.99240000e-04 -1.74340000e-04 1.02137000e-03 -1.51800000e-05 -1.18910000e-04 7.65960000e-04 -1.15580000e-04 3.02290000e-04 6.40850000e-04 -6.30220000e-04 -1.82960000e-04 -2.07507000e-03 -9.88500000e-05 3.36400000e-04 4.55170000e-04 5.57720000e-04 1.16000000e-05 2.54990000e-04 -8.58400000e-05 -1.66420000e-04 6.79980000e-04 -2.33600000e-04 1.68280000e-04 -5.05830000e-04 2.21860000e-04 1.07760000e-04 9.99300000e-05 -6.25300000e-05 1.16090000e-04 1.35500000e-05 3.17120000e-04 -2.26210000e-04 -9.06250000e-04 -1.18880000e-04 -3.76450000e-04 1.24109000e-03 -1.09540000e-04 5.33080000e-04 1.56715000e-03 -3.15410000e-04 -1.89095000e-03 1.12853000e-03 1.34410000e-04 9.80730000e-04 -3.98140000e-04 -2.71300000e-05 7.63780000e-04 1.74200000e-05 -4.42290000e-04 5.69830000e-04 4.57402200e-02 -1.20560000e-04 6.03500000e-05 8.32200000e-05 2.69350000e-04 -1.08792000e-03 2.79588000e-03 5.04330000e-04 1.56790000e-04 1.87350000e-04 -2.68960000e-04 3.56470000e-04 -2.16600000e-05 -6.37910000e-04 -8.13300000e-05 2.98500000e-04 -7.85600000e-05 5.43870000e-04 6.55720000e-04 -4.36320000e-04 -1.51160000e-04 -1.49320000e-04 -2.28310000e-04 -1.31990000e-03 -9.12700000e-05 -1.10437000e-03 -1.49131000e-03 1.23193000e-03 1.93868000e-03 3.43630000e-04 3.66150000e-04 5.30840000e-04 1.12584000e-03 -9.49500000e-04 7.06470000e-04 9.21610000e-04 -3.94040000e-04 1.27760000e-04 2.13580000e-04 -2.23490000e-04 2.45360000e-04 -2.02490000e-04 -6.46230000e-04 1.14420000e-04 1.96416000e-03 9.21150000e-04 1.50170000e-04 6.15720000e-04 8.37270000e-04 -2.57870000e-04
-2.39670000e-04 1.62840000e-04 -3.11860000e-04 4.30590000e-04 8.70950000e-04 -7.89700000e-05 2.84120000e-04 -3.40690000e-04 -8.82300000e-05 -1.88300000e-05 9.59700000e-05 2.04350000e-04 4.72300000e-05 -2.39960000e-04 -2.59460000e-04 3.19620000e-04 1.44890000e-04 3.41870000e-04 3.69240000e-04 3.37670000e-04 -1.08240000e-04 7.91260000e-04 -3.88840000e-04 1.37500000e-05 1.25940000e-04 1.56600000e-05 -2.66610000e-04 8.96000000e-06 5.85300000e-05 -4.66230000e-04 -4.12540000e-04 1.72730000e-04 -2.51220000e-04 -7.60200000e-05 1.54120000e-04 4.72610000e-04 1.87390000e-04 -1.83050000e-04 -2.30350000e-04 -5.28100000e-04 2.82800000e-04 8.55320000e-04 -3.48690000e-04 -1.42000000e-05 2.48130000e-04 5.30590000e-04 4.78000000e-04 -5.45900000e-05 1.48800000e-04 -4.30680000e-04 1.50330000e-04 -1.91290000e-04 4.02920000e-04 3.26830000e-04 6.27500000e-05 -2.34290000e-04 -2.26400000e-05 -1.20560000e-04 8.99127000e-03 1.43620000e-04 1.39000000e-04 6.77400000e-04 -4.95320000e-04 9.74240000e-04 8.19000000e-06 -3.43910000e-04 3.76400000e-05 -1.71700000e-05 9.83800000e-05 4.33360000e-04 6.05700000e-05 3.10580000e-04 7.46400000e-05 3.24690000e-04 -3.57920000e-04 -1.91300000e-04 -3.61160000e-04 -1.76680000e-04 9.80000000e-06 -3.38610000e-04 -2.66590000e-04 -2.61560000e-04 1.94540000e-04 3.41490000e-04 1.21210000e-04 5.00910000e-04 1.91060000e-04 -4.27970000e-04 -1.69780000e-04 -1.15210000e-04 -1.94000000e-04 -8.20200000e-05 -5.48900000e-05 5.01050000e-04 7.21300000e-05 3.72120000e-04 -1.28740000e-04 8.49300000e-05 -2.63570000e-04 5.72000000e-05 -1.60530000e-04 2.04190000e-04 3.26340000e-04 -3.13000000e-06 -3.14400000e-05 2.98990000e-04 -1.38160000e-04
-3.46700000e-05 6.63690000e-04 1.29400000e-04 6.93420000e-04 7.46820000e-04 3.00350000e-04 5.59320000e-04 -2.05450000e-04 -1.76250000e-04 -4.51000000e-05 2.77960000e-04 7.68600000e-05 5.42300000e-04 -7.72800000e-05 1.36070000e-04 8.36910000e-04 -1.93150000e-04 1.94800000e-04 -3.80310000e-04 1.85640000e-04 4.28370000e-04 6.84410000e-04 -5.43680000e-04 -1.18290000e-04 4.28000000e-04 -1.92160000e-04 -2.19100000e-04 5.45940000e-04 2.02600000e-04 -3.61850000e-04 -3.17710000e-04 3.23770000e-04 6.84500000e-05 -9.92700000e-05 2.61360000e-04 8.36700000e-04 7.13100000e-05 6.37700000e-05 -6.12400000e-05 -2.70070000e-04 2.24030000e-04 7.23490000e-04 1.19780000e-04 -5.12300000e-05 6.53770000e-04 1.33349000e-03 2.25830000e-04 -7.81940000e-04 6.39840000e-04 -8.24200000e-05 8.35170000e-04 -2.25450000e-04 1.86210000e-04 7.10530000e-04 2.77460000e-04 -9.66900000e-05 4.28060000e-04 6.03500000e-05 1.43620000e-04 1.60092000e-02 4.13770000e-04 8.79530000e-04 -6.22250000e-04 1.54458000e-03 3.50810000e-04 -8.20000000e-07 -2.49550000e-04 1.55310000e-04 4.47560000e-04 2.00230000e-04 3.21200000e-05 1.55560000e-04 3.09220000e-04 1.43040000e-04 9.04200000e-05 1.27290000e-04 -1.06660000e-04 1.42800000e-05 -2.76460000e-04 -1.14980000e-04 -5.21140000e-04 -1.25480000e-04 5.43700000e-05 -1.32470000e-04 8.84310000e-04 1.50613000e-03 3.74770000e-04 -1.65320000e-04 1.10680000e-04 -7.64800000e-05 -5.39860000e-04 3.69600000e-05 -1.45040000e-04 1.44290000e-04 -2.38590000e-04 1.10830000e-04 -8.10290000e-04 1.10150000e-04 -2.91490000e-04 -3.43170000e-04 1.26800000e-05 4.74090000e-04 1.89400000e-04 -3.96400000e-05 4.54600000e-05 4.13650000e-04 6.70000000e-07
2.17680000e-04 4.35820000e-04 8.08200000e-05 4.78680000e-04 3.58520000e-04 3.28580000e-04 3.86770000e-04 -7.51100000e-05 -6.65000000e-06 -1.21130000e-04 2.60960000e-04 4.86600000e-05 3.49630000e-04 5.45800000e-05 1.43450000e-04 5.82580000e-04 -2.73160000e-04 2.24800000e-04 -3.22420000e-04 1.19580000e-04 1.48870000e-04 2.85290000e-04 -6.57810000e-04 -8.29900000e-05 3.71610000e-04 -1.47640000e-04 -1.16350000e-04 3.04640000e-04 2.88560000e-04 -1.23780000e-04 -8.71700000e-05 2.96120000e-04 1.38340000e-04 1.64440000e-04 2.48650000e-04 6.28990000e-04 9.40700000e-05 6.98100000e-05 -1.61900000e-05 -1.61990000e-04 2.10070000e-04 4.82310000e-04 -1.85240000e-04 7.03900000e-05 4.48690000e-04 7.22310000e-04 1.17410000e-04 -3.79510000e-04 3.73870000e-04 -1.90600000e-05 5.42760000e-04 -2.31300000e-05 7.48900000e-05 3.95560000e-04 2.26690000e-04 1.46970000e-04 2.93980000e-04 8.32200000e-05 1.39000000e-04 4.13770000e-04 1.55140700e-02 5.55840000e-04 -2.47860000e-04 7.83220000e-04 2.74180000e-04 1.23700000e-04 -2.67860000e-04 1.92030000e-04 3.72110000e-04 1.54380000e-04 2.29880000e-04 1.47160000e-04 2.95170000e-04 9.62200000e-05 6.75800000e-05 6.71700000e-05 6.24900000e-05 5.47100000e-05 -8.98000000e-05 1.10300000e-05 -1.99000000e-04 -3.30000000e-06 -4.05400000e-05 -5.23500000e-05 6.11250000e-04 8.26840000e-04 3.35370000e-04 -1.36510000e-04 8.34900000e-05 -1.65880000e-04 -1.67650000e-04 -5.81200000e-05 -2.07100000e-04 2.25400000e-04 -2.05850000e-04 1.57850000e-04 -7.00210000e-04 3.41200000e-05 6.34700000e-05 -1.67060000e-04 1.13030000e-04 1.62490000e-04 7.87100000e-05 -1.72100000e-05 5.69800000e-05 2.24700000e-04 9.58500000e-05
-5.00700000e-04 2.20779000e-03 -1.48120000e-04 2.66916000e-03 4.96121000e-03 -3.51170000e-04 1.91151000e-03 -1.40605000e-03 -4.49120000e-04 1.54749000e-03 5.07030000e-04 -2.40660000e-04 1.84694000e-03 -9.45130000e-04 -3.38130000e-04 3.23325000e-03 5.57580000e-04 6.70280000e-04 -1.72842000e-03 1.18008000e-03 4.78560000e-04 5.25748000e-03 -1.61232000e-03 1.59530000e-04 9.22500000e-04 7.29300000e-05 -1.20973000e-03 1.55113000e-03 2.10150000e-04 -1.64216000e-03 -2.28167000e-03 5.26170000e-04 -6.18370000e-04 -3.99630000e-04 7.42140000e-04 2.44251000e-03 5.24480000e-04 -1.37850000e-04 -9.27580000e-04 -3.17200000e-03 7.01950000e-04 4.03736000e-03 3.36250000e-04 -5.44090000e-04 2.31189000e-03 5.59380000e-03 1.81026000e-03 -2.43006000e-03 2.07196000e-03 -1.42914000e-03 1.25355000e-03 -1.29986000e-03 1.39783000e-03 3.49465000e-03 3.14910000e-04 -1.19440000e-03 8.72120000e-04 2.69350000e-04 6.77400000e-04 8.79530000e-04 5.55840000e-04 3.30695400e-02 -3.04027000e-03 7.54557000e-03 8.85900000e-04 -9.59280000e-04 5.57940000e-04 -1.15500000e-05 1.16680000e-03 1.37301000e-03 4.22500000e-05 6.24330000e-04 7.13650000e-04 1.05842000e-03 -7.80510000e-04 1.68110000e-04 -1.76459000e-03 -8.95520000e-04 -1.96270000e-04 -1.55899000e-03 -2.51956000e-03 -1.26705000e-03 -1.07862000e-03 7.03030000e-04 2.36573000e-03 5.42021000e-03 1.02657000e-03 -1.12221000e-03 2.43190000e-04 1.12228000e-03 -1.41693000e-03 8.25810000e-04 8.09080000e-04 9.02330000e-04 6.52050000e-04 7.86580000e-04 -6.69220000e-04 -1.26420000e-04 -1.21634000e-03 -5.65510000e-04 -3.57640000e-04 2.59907000e-03 1.36235000e-03 4.49470000e-04 7.52500000e-04 1.51793000e-03 -2.57570000e-04
2.06693000e-03 -3.13052000e-03 -1.28893000e-03 -1.98169000e-03 -3.35126000e-03 4.06570000e-04 -2.54028000e-03 1.82954000e-03 9.15410000e-04 -3.16213000e-03 -1.74220000e-04 2.98580000e-04 -2.56987000e-03 1.36521000e-03 8.75500000e-05 -3.16989000e-03 1.01537000e-03 -1.22120000e-04 4.93461000e-03 -8.80370000e-04 -9.61580000e-04 -4.46966000e-03 4.38550000e-04 -8.10000000e-05 -8.94970000e-04 1.55140000e-04 1.56130000e-03 -2.25003000e-03 5.91660000e-04 1.35595000e-03 3.33968000e-03 -5.38020000e-04 6.69100000e-04 5.69820000e-04 -3.40240000e-04 -2.31531000e-03 -3.05040000e-04 -1.86710000e-04 1.42952000e-03 4.67234000e-03 -3.07170000e-04 -2.05234000e-03 -2.63422000e-03 1.03984000e-03 -2.73230000e-03 -6.70505000e-03 -9.03930000e-04 5.78289000e-03 -3.62076000e-03 1.26493000e-03 -3.38397000e-03 2.04252000e-03 -1.30002000e-03 -3.60820000e-03 -1.73510000e-04 2.44556000e-03 -1.56975000e-03 -1.08792000e-03 -4.95320000e-04 -6.22250000e-04 -2.47860000e-04 -3.04027000e-03 4.52201600e-02 -1.14441600e-02 -1.37220000e-03 1.06390000e-03 -8.29020000e-04 8.98030000e-04 -1.44070000e-03 -1.12741000e-03 1.76861000e-03 -4.34780000e-04 -9.07350000e-04 -9.40990000e-04 -7.44800000e-05 -1.08352000e-03 2.81656000e-03 1.22382000e-03 6.78900000e-04 2.06439000e-03 4.92928000e-03 1.51927000e-03 2.78285000e-03 2.71801000e-03 -4.14052000e-03 -7.74638000e-03 -1.37033000e-03 4.10850000e-04 -9.16540000e-04 -3.03102000e-03 3.46513000e-03 -2.01061000e-03 -2.65588000e-03 3.92300000e-05 -7.18340000e-04 -1.16917000e-03 7.84880000e-04 -4.88600000e-04 1.92142000e-03 1.74515000e-03 4.38140000e-04 -6.00452000e-03 -3.11784000e-03 -5.82830000e-04 -1.65667000e-03 -2.93204000e-03 1.25837000e-03
-4.04303000e-03 8.21215000e-03 4.03175000e-03 4.30414000e-03 7.10832000e-03 -1.32421000e-03 5.81786000e-03 -4.02734000e-03 -2.51641000e-03 8.04664000e-03 3.20850000e-04 -1.03502000e-03 6.88851000e-03 -3.29367000e-03 1.22730000e-04 8.00376000e-03 -1.98912000e-03 5.86100000e-05 -1.27343000e-02 1.58067000e-03 2.69800000e-03 1.01925900e-02 -7.14800000e-05 3.75200000e-05 2.21327000e-03 -6.69620000e-04 -3.77961000e-03 6.12968000e-03 -1.34273000e-03 -2.50629000e-03 -7.68646000e-03 1.77213000e-03 -1.37554000e-03 -1.88989000e-03 5.22340000e-04 5.19998000e-03 3.35360000e-04 7.02180000e-04 -3.28079000e-03 -1.09314000e-02 4.47540000e-04 3.83885000e-03 7.76874000e-03 -2.40709000e-03 6.58719000e-03 1.72756900e-02 1.40734000e-03 -1.35584300e-02 9.62893000e-03 -2.26023000e-03 7.30008000e-03 -5.02611000e-03 2.67995000e-03 9.23704000e-03 4.82770000e-04 -5.33034000e-03 4.24347000e-03 2.79588000e-03 9.74240000e-04 1.54458000e-03 7.83220000e-04 7.54557000e-03 -1.14441600e-02 9.58869000e-02 3.84591000e-03 -2.20637000e-03 1.66437000e-03 -2.13310000e-03 3.44354000e-03 2.30559000e-03 -3.95109000e-03 8.22440000e-04 2.07318000e-03 1.79823000e-03 9.00270000e-04 2.92064000e-03 -6.32904000e-03 -2.77078000e-03 -1.84952000e-03 -4.59742000e-03 -1.17728800e-02 -3.53803000e-03 -7.01936000e-03 -6.45213000e-03 1.03932700e-02 1.97302700e-02 3.21542000e-03 1.29130000e-04 2.35554000e-03 7.86715000e-03 -7.59032000e-03 5.07228000e-03 7.35020000e-03 -6.34450000e-04 1.67105000e-03 2.52412000e-03 -1.92619000e-03 1.16490000e-03 -4.37488000e-03 -4.72024000e-03 -7.11620000e-04 1.47922400e-02 7.25762000e-03 1.26482000e-03 4.27080000e-03 7.03060000e-03 -3.02867000e-03
-2.01950000e-04 1.40612000e-03 8.91440000e-04 3.98610000e-04 2.76600000e-04 1.15420000e-04 7.45780000e-04 -2.45620000e-04 -3.25770000e-04 1.01092000e-03 2.26900000e-04 -9.72300000e-05 1.28307000e-03 -2.17880000e-04 2.84840000e-04 1.25998000e-03 -7.34570000e-04 -6.60300000e-05 -2.47860000e-03 -9.42000000e-06 6.17370000e-04 8.10320000e-04 2.97690000e-04 -5.07500000e-05 4.58920000e-04 -2.80940000e-04 -4.45520000e-04 1.18790000e-03 -7.93600000e-05 3.29100000e-05 -9.25450000e-04 5.05340000e-04 4.65600000e-05 -3.63800000e-05 1.52880000e-04 5.32090000e-04 -1.54960000e-04 2.77050000e-04 -2.32820000e-04 -1.31705000e-03 -3.39100000e-05 -1.14770000e-04 1.36057000e-03 -2.24660000e-04 9.90230000e-04 2.50162000e-03 -2.29880000e-04 -2.35070000e-03 1.54123000e-03 1.72080000e-04 1.23603000e-03 -5.56020000e-04 7.79300000e-05 1.32674000e-03 2.94490000e-04 -3.58340000e-04 9.08110000e-04 5.04330000e-04 8.19000000e-06 3.50810000e-04 2.74180000e-04 8.85900000e-04 -1.37220000e-03 3.84591000e-03 1.87826300e-02 -3.59400000e-05 -7.46700000e-05 -1.71030000e-04 5.53000000e-04 3.94400000e-05 -5.41460000e-04 -5.10600000e-05 4.14970000e-04 -4.24000000e-06 4.96850000e-04 5.68440000e-04 -7.16280000e-04 -1.88810000e-04 -4.20740000e-04 -3.89250000e-04 -1.86859000e-03 -2.88820000e-04 -1.18097000e-03 -1.59842000e-03 1.76400000e-03 2.89371000e-03 4.77090000e-04 4.28440000e-04 4.52900000e-04 1.06560000e-03 -1.06734000e-03 6.38200000e-04 1.00633000e-03 -2.77940000e-04 -2.44800000e-05 3.32800000e-04 -6.12110000e-04 3.97970000e-04 -3.69090000e-04 -8.70990000e-04 7.61800000e-05 2.24833000e-03 1.03171000e-03 9.26800000e-05 6.23760000e-04 1.06258000e-03 -2.62060000e-04
6.27290000e-04 -3.76790000e-04 4.13350000e-04 -6.31130000e-04 -1.47627000e-03 4.30510000e-04 -5.78420000e-04 6.03910000e-04 2.44340000e-04 -6.16720000e-04 4.20000000e-06 1.13240000e-04 -2.95680000e-04 5.98950000e-04 4.37030000e-04 -6.03740000e-04 -3.46030000e-04 -1.98310000e-04 2.02890000e-04 -4.80370000e-04 8.20500000e-05 -1.59774000e-03 5.47280000e-04 -1.19690000e-04 -4.21300000e-05 -7.63500000e-05 5.96420000e-04 -2.22990000e-04 1.00830000e-04 7.10070000e-04 1.09441000e-03 5.69200000e-05 5.11940000e-04 4.20930000e-04 -1.33150000e-04 -6.03640000e-04 -8.72200000e-05 2.49530000e-04 4.67860000e-04 1.31400000e-03 -2.19380000e-04 -1.14039000e-03 4.47600000e-05 4.13460000e-04 -5.23670000e-04 -1.24179000e-03 -7.33610000e-04 5.66530000e-04 -3.96760000e-04 7.47280000e-04 -2.25930000e-04 4.89700000e-04 -6.41730000e-04 -7.79840000e-04 3.28700000e-05 6.36260000e-04 -1.60500000e-05 1.56790000e-04 -3.43910000e-04 -8.20000000e-07 1.23700000e-04 -9.59280000e-04 1.06390000e-03 -2.20637000e-03 -3.59400000e-05 1.37296500e-02 -3.13690000e-04 1.89810000e-04 -1.59190000e-04 -5.70910000e-04 1.96020000e-04 -2.30900000e-04 -2.23400000e-05 -5.01900000e-04 6.81820000e-04 2.21950000e-04 1.00208000e-03 4.91880000e-04 1.09620000e-04 7.78350000e-04 9.47920000e-04 6.53350000e-04 3.23410000e-04 -3.05800000e-04 -3.51750000e-04 -1.22936000e-03 -1.80950000e-04 4.93060000e-04 1.76490000e-04 -4.37380000e-04 4.18330000e-04 -2.77210000e-04 -5.71490000e-04 -2.55280000e-04 -3.71320000e-04 -2.49890000e-04 -2.80390000e-04 1.09880000e-04 5.87790000e-04 2.10700000e-05 2.90640000e-04 -7.92980000e-04 -5.53640000e-04 -2.21510000e-04 -2.32840000e-04 -4.25300000e-04 3.26810000e-04
-6.09750000e-04 1.66350000e-04 -4.08100000e-05 3.63700000e-04 1.40177000e-03 -6.05830000e-04 3.21900000e-04 -4.29660000e-04 2.37600000e-05 8.45400000e-04 -1.86760000e-04 -1.87520000e-04 1.06650000e-04 -3.12140000e-04 -2.38090000e-04 3.00870000e-04 6.29780000e-04 3.52100000e-05 -2.18700000e-04 3.76030000e-04 -1.23980000e-04 1.57276000e-03 -6.68700000e-05 2.98830000e-04 -5.86900000e-05 4.21500000e-04 -1.14060000e-04 2.56100000e-05 -2.53980000e-04 -4.35160000e-04 -5.18630000e-04 -2.42830000e-04 -3.17700000e-04 -1.17900000e-04 -1.73400000e-05 1.94940000e-04 2.29920000e-04 -8.11600000e-05 -3.46110000e-04 -8.55480000e-04 4.67800000e-05 9.12100000e-04 3.26300000e-04 -1.62980000e-04 2.33070000e-04 9.00540000e-04 6.42770000e-04 -3.01490000e-04 2.63890000e-04 -5.65720000e-04 -1.47680000e-04 -3.47750000e-04 5.13990000e-04 6.15930000e-04 -2.96590000e-04 -6.88350000e-04 -9.28100000e-05 1.87350000e-04 3.76400000e-05 -2.49550000e-04 -2.67860000e-04 5.57940000e-04 -8.29020000e-04 1.66437000e-03 -7.46700000e-05 -3.13690000e-04 7.50686000e-03 -2.29850000e-04 5.06800000e-05 4.39510000e-04 -2.53250000e-04 1.79110000e-04 -3.75400000e-05 4.07000000e-04 -2.41210000e-04 1.05280000e-04 -5.42860000e-04 -3.17240000e-04 8.15200000e-05 -5.27100000e-04 -4.07740000e-04 -3.57530000e-04 -4.26850000e-04 4.36730000e-04 1.55320000e-04 8.19910000e-04 8.82100000e-05 -3.08260000e-04 1.22640000e-04 7.75880000e-04 -3.69170000e-04 5.26180000e-04 5.82080000e-04 -5.22000000e-05 6.61990000e-04 3.86100000e-05 7.42470000e-04 -2.75050000e-04 -4.25880000e-04 1.36000000e-04 -1.97520000e-04 8.34230000e-04 4.55980000e-04 2.87360000e-04 3.36240000e-04 2.40280000e-04 -3.26220000e-04
5.78380000e-04 -4.55080000e-04 -4.86020000e-04 1.19820000e-04 1.12720000e-04 2.08650000e-04 -2.32720000e-04 2.69900000e-04 2.25780000e-04 -7.59510000e-04 1.60970000e-04 9.96300000e-05 -3.36440000e-04 2.78690000e-04 3.16500000e-05 -1.78240000e-04 3.62660000e-04 1.62450000e-04 1.23392000e-03 2.51200000e-05 -1.53130000e-04 -2.22340000e-04 -4.52820000e-04 -1.54700000e-05 8.22500000e-05 3.06800000e-05 2.46870000e-04 -3.12030000e-04 3.74890000e-04 -3.20000000e-05 5.89460000e-04 -3.80200000e-05 1.65310000e-04 2.42770000e-04 1.82550000e-04 -7.62000000e-06 4.57000000e-05 -4.51000000e-05 2.66650000e-04 8.22460000e-04 1.31970000e-04 3.72180000e-04 -9.32240000e-04 1.84600000e-04 -2.46330000e-04 -8.39440000e-04 1.92850000e-04 1.20062000e-03 -6.76750000e-04 6.20700000e-05 -5.21740000e-04 4.53750000e-04 -9.07100000e-05 -3.30250000e-04 1.09550000e-04 6.20720000e-04 -2.51720000e-04 -2.68960000e-04 -1.71700000e-05 1.55310000e-04 1.92030000e-04 -1.15500000e-05 8.98030000e-04 -2.13310000e-03 -1.71030000e-04 1.89810000e-04 -2.29850000e-04 2.49521900e-02 -6.62900000e-05 -1.70800000e-05 6.51330000e-04 2.62400000e-05 8.67000000e-06 -1.05500000e-05 -1.89350000e-04 -3.00350000e-04 5.61220000e-04 2.34920000e-04 3.10400000e-05 3.62970000e-04 9.99830000e-04 2.50040000e-04 7.65570000e-04 1.00675000e-03 -6.53460000e-04 -1.16812000e-03 -1.01640000e-04 -2.04580000e-04 -2.02190000e-04 -8.21710000e-04 7.09460000e-04 -4.99000000e-04 -8.27690000e-04 2.58920000e-04 -1.75730000e-04 -1.75950000e-04 -1.17670000e-04 -1.51360000e-04 3.89380000e-04 4.14800000e-04 9.29900000e-05 -1.34010000e-03 -6.53370000e-04 -5.87300000e-05 -3.69840000e-04 -5.37610000e-04 4.11510000e-04
-3.03060000e-04 1.11967000e-03 4.04030000e-04 8.91470000e-04 1.15017000e-03 1.02030000e-04 9.74460000e-04 -4.92910000e-04 -2.09400000e-04 7.85260000e-04 2.37040000e-04 -6.12000000e-05 9.49270000e-04 -2.95500000e-04 1.18390000e-04 1.27695000e-03 -4.42980000e-04 1.26640000e-04 -1.50548000e-03 3.07340000e-04 3.72780000e-04 1.39759000e-03 -6.79740000e-04 -3.06000000e-06 5.31900000e-04 -1.19600000e-04 -4.92950000e-04 8.19540000e-04 8.14500000e-05 -4.00580000e-04 -9.18320000e-04 2.62450000e-04 -3.71200000e-05 -6.07500000e-05 2.72600000e-04 1.07305000e-03 1.44870000e-04 1.30290000e-04 -3.57750000e-04 -1.30060000e-03 2.07400000e-04 8.82190000e-04 5.68810000e-04 -2.75080000e-04 1.06955000e-03 2.25626000e-03 3.29630000e-04 -1.73553000e-03 1.18338000e-03 -3.12660000e-04 1.24350000e-03 -5.39580000e-04 3.70210000e-04 1.25577000e-03 2.14630000e-04 -4.84200000e-04 6.11340000e-04 3.56470000e-04 9.83800000e-05 4.47560000e-04 3.72110000e-04 1.16680000e-03 -1.44070000e-03 3.44354000e-03 5.53000000e-04 -1.59190000e-04 5.06800000e-05 -6.62900000e-05 1.24101500e-02 3.63260000e-04 -2.49530000e-04 1.73710000e-04 4.60290000e-04 3.19160000e-04 6.92800000e-05 3.64000000e-04 -6.49640000e-04 -2.48450000e-04 -1.81590000e-04 -5.06230000e-04 -1.39607000e-03 -3.77950000e-04 -7.41490000e-04 -6.69460000e-04 1.53040000e-03 2.60332000e-03 5.80120000e-04 -1.61300000e-04 3.37650000e-04 7.09920000e-04 -9.36140000e-04 5.34530000e-04 6.04070000e-04 1.50700000e-04 7.24800000e-05 3.98030000e-04 -6.58470000e-04 1.36860000e-04 -4.11560000e-04 -5.47350000e-04 4.54000000e-06 1.70696000e-03 8.68610000e-04 1.93890000e-04 5.22260000e-04 9.35110000e-04 -2.07790000e-04
-5.22470000e-04 4.32900000e-04 -4.73020000e-04 1.04272000e-03 2.16685000e-03 -2.99990000e-04 7.73810000e-04 -6.86890000e-04 -7.72000000e-05 5.58800000e-04 1.03240000e-04 -1.32560000e-04 2.76430000e-04 -4.76390000e-04 -3.43750000e-04 8.53120000e-04 5.10130000e-04 4.29730000e-04 8.13000000e-06 6.81100000e-04 -1.47620000e-04 2.14502000e-03 -1.03010000e-03 1.70410000e-04 2.72790000e-04 2.18670000e-04 -4.52970000e-04 1.65160000e-04 8.84900000e-05 -8.74650000e-04 -8.88520000e-04 2.29100000e-05 -3.93130000e-04 -1.13060000e-04 2.99450000e-04 9.87950000e-04 3.71770000e-04 -1.93910000e-04 -4.67330000e-04 -1.23787000e-03 4.29480000e-04 1.86960000e-03 -3.97790000e-04 -2.25890000e-04 6.76970000e-04 1.48230000e-03 1.06488000e-03 -3.79270000e-04 4.14470000e-04 -9.18250000e-04 3.48240000e-04 -3.99490000e-04 8.07070000e-04 9.64250000e-04 -2.70700000e-05 -5.90220000e-04 1.95100000e-05 -2.16600000e-05 4.33360000e-04 2.00230000e-04 1.54380000e-04 1.37301000e-03 -1.12741000e-03 2.30559000e-03 3.94400000e-05 -5.70910000e-04 4.39510000e-04 -1.70800000e-05 3.63260000e-04 9.60819000e-03 6.79600000e-05 4.35460000e-04 2.05210000e-04 6.74710000e-04 -6.76530000e-04 -1.40630000e-04 -7.60170000e-04 -4.45580000e-04 -1.81800000e-05 -7.15310000e-04 -6.28260000e-04 -5.70600000e-04 -2.44310000e-04 7.69010000e-04 4.61150000e-04 1.39508000e-03 4.03590000e-04 -7.97170000e-04 -6.38200000e-05 3.32390000e-04 -4.26120000e-04 2.77270000e-04 2.47220000e-04 4.26920000e-04 4.46610000e-04 2.52910000e-04 9.69700000e-05 -3.06230000e-04 -4.80130000e-04 1.30410000e-04 -2.18880000e-04 5.84030000e-04 4.55770000e-04 2.96190000e-04 2.49920000e-04 3.67300000e-04 -2.08290000e-04
1.11500000e-03 -1.06386000e-03 -1.07993000e-03 1.94510000e-04 4.39100000e-04 1.61770000e-04 -5.42140000e-04 3.65800000e-04 4.70840000e-04 -1.43184000e-03 1.70350000e-04 1.44670000e-04 -8.68290000e-04 4.10500000e-04 -1.69400000e-04 -4.67080000e-04 9.87910000e-04 3.40860000e-04 2.84093000e-03 1.38860000e-04 -5.49450000e-04 -2.74700000e-04 -1.13027000e-03 2.00800000e-05 -5.78600000e-05 1.97060000e-04 4.12770000e-04 -8.46410000e-04 6.48020000e-04 -1.07720000e-04 1.06518000e-03 -2.23880000e-04 1.34640000e-04 2.67280000e-04 2.39630000e-04 2.13000000e-05 2.00410000e-04 -2.71920000e-04 4.05940000e-04 1.38283000e-03 2.48310000e-04 9.48650000e-04 -2.00641000e-03 3.49640000e-04 -5.66780000e-04 -1.81432000e-03 5.16680000e-04 2.92149000e-03 -1.49962000e-03 -1.15970000e-04 -1.59873000e-03 7.37410000e-04 -5.31200000e-05 -7.13660000e-04 3.69300000e-05 1.01888000e-03 -7.14360000e-04 -6.37910000e-04 6.05700000e-05 3.21200000e-05 2.29880000e-04 4.22500000e-05 1.76861000e-03 -3.95109000e-03 -5.41460000e-04 1.96020000e-04 -2.53250000e-04 6.51330000e-04 -2.49530000e-04 6.79600000e-05 3.81290300e-02 1.35930000e-04 -1.98380000e-04 9.69800000e-05 -6.04320000e-04 -7.22160000e-04 1.03787000e-03 3.34660000e-04 3.56330000e-04 5.45450000e-04 2.20804000e-03 3.30950000e-04 1.53257000e-03 2.54999000e-03 -1.54453000e-03 -2.51743000e-03 -3.11090000e-04 -5.47280000e-04 -5.27150000e-04 -1.62310000e-03 1.68997000e-03 -9.76020000e-04 -1.50262000e-03 7.46700000e-04 -1.50860000e-04 -2.52480000e-04 4.14400000e-05 -4.46730000e-04 6.61820000e-04 9.57860000e-04 5.11200000e-05 -2.79598000e-03 -1.36246000e-03 -1.42810000e-04 -7.58210000e-04 -1.17003000e-03 6.44050000e-04
-2.58530000e-04 1.09020000e-04 -2.70220000e-04 5.51580000e-04 1.04842000e-03 -1.46990000e-04 3.47580000e-04 -3.18550000e-04 2.13900000e-05 3.62300000e-05 7.81500000e-05 2.81400000e-05 -4.61000000e-06 -1.70010000e-04 -2.07590000e-04 3.22210000e-04 2.78450000e-04 3.07500000e-04 4.22370000e-04 3.93140000e-04 -8.57100000e-05 9.13770000e-04 -7.02650000e-04 7.32600000e-05 1.39360000e-04 1.31140000e-04 -1.70500000e-04 -4.64700000e-05 9.73500000e-05 -4.57930000e-04 -2.64130000e-04 2.40500000e-05 -1.90170000e-04 -4.96900000e-05 1.81080000e-04 6.69070000e-04 2.42410000e-04 -1.52790000e-04 -1.88900000e-04 -3.84500000e-04 2.73110000e-04 1.05562000e-03 -3.68580000e-04 -2.32800000e-05 3.02350000e-04 4.73760000e-04 5.98100000e-04 1.25290000e-04 7.39500000e-05 -4.61180000e-04 1.85890000e-04 -1.54450000e-04 4.31840000e-04 3.06120000e-04 -4.04000000e-06 -2.71920000e-04 -4.61500000e-05 -8.13300000e-05 3.10580000e-04 1.55560000e-04 1.47160000e-04 6.24330000e-04 -4.34780000e-04 8.22440000e-04 -5.10600000e-05 -2.30900000e-04 1.79110000e-04 2.62400000e-05 1.73710000e-04 4.35460000e-04 1.35930000e-04 9.98501000e-03 8.82800000e-05 3.93080000e-04 -3.06400000e-04 -1.62760000e-04 -2.01470000e-04 -1.26650000e-04 2.13800000e-05 -2.88400000e-04 1.40900000e-05 -2.17970000e-04 1.38970000e-04 6.30350000e-04 1.59530000e-04 4.74680000e-04 2.10420000e-04 -4.70340000e-04 -1.01820000e-04 -8.03900000e-05 -1.34940000e-04 1.01500000e-05 -1.14310000e-04 3.81470000e-04 1.77380000e-04 1.81040000e-04 -5.02000000e-05 -1.61820000e-04 -2.07150000e-04 1.73960000e-04 -1.16460000e-04 -6.52700000e-05 6.54600000e-05 8.37000000e-05 1.39900000e-05 7.66900000e-05 -9.49900000e-05
-1.39360000e-04 7.50420000e-04 2.92050000e-04 5.57380000e-04 6.20560000e-04 1.65620000e-04 6.13940000e-04 -2.55240000e-04 -1.02360000e-04 5.22060000e-04 2.01480000e-04 -1.71000000e-05 6.45560000e-04 -1.20980000e-04 1.51210000e-04 8.30450000e-04 -4.62690000e-04 9.65900000e-05 -1.19194000e-03 1.60520000e-04 2.34630000e-04 8.21500000e-04 -3.11270000e-04 -1.54400000e-05 4.09550000e-04 -1.24370000e-04 -2.97330000e-04 5.46750000e-04 8.16500000e-05 -1.71600000e-04 -5.44290000e-04 2.33430000e-04 4.47900000e-05 1.48530000e-04 2.14600000e-04 6.20030000e-04 8.72400000e-05 1.55540000e-04 -1.95490000e-04 -8.12200000e-04 1.44360000e-04 4.83880000e-04 3.58650000e-04 -1.36970000e-04 6.84400000e-04 1.41630000e-03 1.38700000e-04 -1.32454000e-03 7.82530000e-04 -1.18880000e-04 9.92220000e-04 -2.61480000e-04 1.74470000e-04 7.93500000e-04 1.92990000e-04 -2.14160000e-04 4.39850000e-04 2.98500000e-04 7.46400000e-05 3.09220000e-04 2.95170000e-04 7.13650000e-04 -9.07350000e-04 2.07318000e-03 4.14970000e-04 -2.23400000e-05 -3.75400000e-05 8.67000000e-06 4.60290000e-04 2.05210000e-04 -1.98380000e-04 8.82800000e-05 1.29789400e-02 1.50200000e-04 1.08180000e-04 2.79720000e-04 -4.07490000e-04 -1.35890000e-04 -1.43550000e-04 -2.69280000e-04 -9.89930000e-04 -1.66730000e-04 -5.81800000e-04 -7.05550000e-04 1.02470000e-03 1.62878000e-03 4.17870000e-04 -6.81100000e-05 2.68680000e-04 4.83400000e-04 -6.61950000e-04 3.33540000e-04 3.47430000e-04 8.54000000e-05 5.24000000e-06 3.03290000e-04 -4.80360000e-04 1.57600000e-04 -1.27560000e-04 -3.60290000e-04 7.48300000e-05 1.14593000e-03 6.22630000e-04 1.52250000e-04 3.82980000e-04 6.42700000e-04 -2.87800000e-05
-4.96990000e-04 3.09800000e-04 -3.92940000e-04 9.03540000e-04 1.82699000e-03 -3.29220000e-04 6.88420000e-04 -5.78090000e-04 -2.95700000e-05 3.91450000e-04 8.95700000e-05 -3.54400000e-05 2.04470000e-04 -3.88930000e-04 -3.42850000e-04 6.80710000e-04 4.66460000e-04 3.37430000e-04 3.07370000e-04 6.25440000e-04 -1.04910000e-04 1.77617000e-03 -1.01596000e-03 1.60250000e-04 2.19960000e-04 2.28440000e-04 -3.62880000e-04 1.02330000e-04 9.36500000e-05 -8.06930000e-04 -7.13260000e-04 -9.96100000e-05 -3.52400000e-04 -1.21690000e-04 2.85680000e-04 9.99750000e-04 3.25230000e-04 -2.19480000e-04 -3.93350000e-04 -1.00712000e-03 3.50660000e-04 1.63136000e-03 -3.68600000e-04 -2.54100000e-04 6.05340000e-04 1.12426000e-03 9.80210000e-04 -1.50150000e-04 2.59120000e-04 -8.06520000e-04 3.01080000e-04 -3.40250000e-04 7.22070000e-04 7.54870000e-04 -7.50000000e-06 -5.23620000e-04 -3.52600000e-05 -7.85600000e-05 3.24690000e-04 1.43040000e-04 9.62200000e-05 1.05842000e-03 -9.40990000e-04 1.79823000e-03 -4.24000000e-06 -5.01900000e-04 4.07000000e-04 -1.05500000e-05 3.19160000e-04 6.74710000e-04 9.69800000e-05 3.93080000e-04 1.50200000e-04 1.13556900e-02 -5.65310000e-04 -1.98410000e-04 -6.11110000e-04 -3.32480000e-04 -4.70900000e-05 -6.13920000e-04 -3.81470000e-04 -4.75810000e-04 -5.30000000e-06 8.44800000e-04 4.01130000e-04 1.12099000e-03 3.09180000e-04 -6.90530000e-04 -9.86500000e-05 1.94910000e-04 -3.17060000e-04 2.07630000e-04 1.58880000e-04 4.83290000e-04 3.97500000e-04 2.87970000e-04 9.97800000e-05 -2.18740000e-04 -4.51900000e-04 1.64610000e-04 -2.35680000e-04 4.03280000e-04 3.64300000e-04 2.37460000e-04 1.62940000e-04 3.04670000e-04 -2.17950000e-04
6.27400000e-05 5.66790000e-04 1.31526000e-03 -7.04690000e-04 -1.76161000e-03 2.68670000e-04 -1.81850000e-04 3.95990000e-04 -1.22410000e-04 2.67410000e-04 -4.44600000e-05 7.79100000e-05 5.28720000e-04 3.32710000e-04 5.65230000e-04 -4.64100000e-05 -8.79440000e-04 -4.16350000e-04 -1.63604000e-03 -5.92170000e-04 6.31490000e-04 -1.39179000e-03 1.31971000e-03 -1.77110000e-04 6.46100000e-05 -2.67440000e-04 2.95050000e-04 5.87540000e-04 -2.47750000e-04 7.80840000e-04 4.10130000e-04 3.22700000e-04 4.34230000e-04 9.57300000e-05 -2.46230000e-04 -4.25020000e-04 -2.95250000e-04 4.13260000e-04 2.33510000e-04 4.16840000e-04 -4.10970000e-04 -1.76090000e-03 1.60603000e-03 1.76210000e-04 9.48000000e-06 3.88060000e-04 -1.10518000e-03 -1.28878000e-03 8.13240000e-04 9.33920000e-04 7.22700000e-04 -6.33000000e-05 -6.24690000e-04 -5.88800000e-05 9.79200000e-05 4.99600000e-05 6.07690000e-04 5.43870000e-04 -3.57920000e-04 9.04200000e-05 6.75800000e-05 -7.80510000e-04 -7.44800000e-05 9.00270000e-04 4.96850000e-04 6.81820000e-04 -2.41210000e-04 -1.89350000e-04 6.92800000e-05 -6.76530000e-04 -6.04320000e-04 -3.06400000e-04 1.08180000e-04 -5.65310000e-04 1.76017100e-02 6.91080000e-04 4.04440000e-04 3.41840000e-04 -3.57330000e-04 4.40730000e-04 -4.92860000e-04 4.22460000e-04 -5.37080000e-04 -1.80001000e-03 9.16190000e-04 8.96310000e-04 3.85100000e-05 1.01562000e-03 5.02930000e-04 5.92880000e-04 -6.10640000e-04 3.35310000e-04 4.70020000e-04 -6.83200000e-04 -3.34410000e-04 -3.41500000e-05 -4.80890000e-04 4.91910000e-04 7.45200000e-05 -7.37420000e-04 2.43710000e-04 1.13307000e-03 3.15560000e-04 -2.27620000e-04 2.41880000e-04 4.25890000e-04 -1.43980000e-04
-3.06380000e-04 9.66520000e-04 1.00183000e-03 -3.98900000e-05 -3.30580000e-04 9.58300000e-05 4.38750000e-04 -1.55170000e-04 -2.33800000e-04 1.04250000e-03 -3.80800000e-05 -1.09470000e-04 8.48140000e-04 -8.99100000e-05 4.06520000e-04 6.34370000e-04 -7.09700000e-04 -2.80650000e-04 -2.24851000e-03 -2.06830000e-04 4.88090000e-04 1.95110000e-04 6.95880000e-04 -4.46700000e-05 2.46750000e-04 -1.46930000e-04 -1.57250000e-04 8.00640000e-04 -2.73260000e-04 2.75680000e-04 -5.13920000e-04 2.64380000e-04 1.79110000e-04 -5.87000000e-06 -1.25420000e-04 1.18000000e-05 -1.25280000e-04 3.71750000e-04 -1.71010000e-04 -8.16780000e-04 -1.99520000e-04 -7.05500000e-04 1.50213000e-03 -1.20310000e-04 5.25750000e-04 1.63556000e-03 -5.19610000e-04 -2.05570000e-03 1.25481000e-03 2.85250000e-04 1.04531000e-03 -4.35950000e-04 -1.41920000e-04 7.57120000e-04 3.34400000e-05 -4.46250000e-04 6.71020000e-04 6.55720000e-04 -1.91300000e-04 1.27290000e-04 6.71700000e-05 1.68110000e-04 -1.08352000e-03 2.92064000e-03 5.68440000e-04 2.21950000e-04 1.05280000e-04 -3.00350000e-04 3.64000000e-04 -1.40630000e-04 -7.22160000e-04 -1.62760000e-04 2.79720000e-04 -1.98410000e-04 6.91080000e-04 1.40509000e-02 -3.83090000e-04 -1.13300000e-04 -1.86780000e-04 -1.52680000e-04 -1.45773000e-03 -7.40900000e-05 -1.09757000e-03 -1.74053000e-03 1.33314000e-03 2.08718000e-03 3.28700000e-04 5.31380000e-04 6.13130000e-04 1.20436000e-03 -1.03126000e-03 7.49900000e-04 1.02640000e-03 -5.26990000e-04 1.42300000e-05 1.54390000e-04 -2.96840000e-04 3.33780000e-04 -2.69200000e-04 -8.15780000e-04 1.28720000e-04 2.15062000e-03 9.54390000e-04 9.77000000e-05 6.25410000e-04 9.27870000e-04 -2.81410000e-04
1.23763000e-03 -1.64954000e-03 -3.60810000e-04 -1.01978000e-03 -2.04401000e-03 4.88170000e-04 -1.39108000e-03 1.03673000e-03 5.84150000e-04 -1.98757000e-03 -8.06500000e-05 3.10420000e-04 -1.41391000e-03 9.87270000e-04 2.96530000e-04 -1.71060000e-03 4.30040000e-04 -8.98300000e-05 2.95446000e-03 -5.67730000e-04 -3.19170000e-04 -2.78408000e-03 1.65770000e-04 -1.83670000e-04 -3.76080000e-04 8.27900000e-05 1.14903000e-03 -1.21114000e-03 3.88920000e-04 7.93560000e-04 2.29095000e-03 -2.57040000e-04 6.39840000e-04 4.38550000e-04 -1.94330000e-04 -9.82420000e-04 -8.39200000e-05 5.75000000e-06 8.90820000e-04 3.02727000e-03 -1.97630000e-04 -1.15251000e-03 -1.30863000e-03 7.46320000e-04 -1.44713000e-03 -3.65207000e-03 -6.55780000e-04 3.24981000e-03 -1.88277000e-03 8.42200000e-04 -1.55234000e-03 1.16053000e-03 -8.82080000e-04 -2.05595000e-03 -9.37400000e-05 1.33609000e-03 -7.68540000e-04 -4.36320000e-04 -3.61160000e-04 -1.06660000e-04 6.24900000e-05 -1.76459000e-03 2.81656000e-03 -6.32904000e-03 -7.16280000e-04 1.00208000e-03 -5.42860000e-04 5.61220000e-04 -6.49640000e-04 -7.60170000e-04 1.03787000e-03 -2.01470000e-04 -4.07490000e-04 -6.11110000e-04 4.04440000e-04 -3.83090000e-04 2.42358700e-02 8.75680000e-04 3.63100000e-04 1.41952000e-03 3.09952000e-03 1.06641000e-03 1.87518000e-03 1.52020000e-03 -1.99365000e-03 -4.04168000e-03 -6.48360000e-04 2.54390000e-04 -2.94540000e-04 -1.82510000e-03 1.74001000e-03 -1.12074000e-03 -1.83534000e-03 1.03240000e-04 -6.00240000e-04 -6.14020000e-04 -2.66000000e-05 -1.83160000e-04 1.07270000e-03 8.00300000e-04 2.79290000e-04 -3.39659000e-03 -1.86870000e-03 -4.81180000e-04 -1.01136000e-03 -1.57355000e-03 7.28860000e-04
5.39150000e-04 -5.91540000e-04 9.95000000e-06 -5.42340000e-04 -1.19463000e-03 2.18550000e-04 -5.86950000e-04 6.00910000e-04 2.42290000e-04 -8.88460000e-04 4.85800000e-05 2.17620000e-04 -4.81270000e-04 4.96470000e-04 1.84050000e-04 -7.10330000e-04 -9.28200000e-05 -8.04300000e-05 9.36900000e-04 -3.09630000e-04 1.79300000e-05 -1.47482000e-03 1.22430000e-04 -1.89300000e-05 -1.08950000e-04 -3.57700000e-05 4.35450000e-04 -3.87180000e-04 1.48980000e-04 5.19880000e-04 9.69740000e-04 -1.35600000e-05 3.03060000e-04 1.92910000e-04 -6.19400000e-05 -4.72330000e-04 -1.31600000e-04 4.97400000e-05 4.77820000e-04 1.43304000e-03 -1.16210000e-04 -8.05990000e-04 -3.20830000e-04 3.50940000e-04 -5.67240000e-04 -1.57321000e-03 -4.38930000e-04 1.03813000e-03 -7.08060000e-04 6.21930000e-04 -4.68220000e-04 4.86390000e-04 -4.51940000e-04 -9.09800000e-04 5.96900000e-05 6.47570000e-04 -1.74490000e-04 -1.51160000e-04 -1.76680000e-04 1.42800000e-05 5.47100000e-05 -8.95520000e-04 1.22382000e-03 -2.77078000e-03 -1.88810000e-04 4.91880000e-04 -3.17240000e-04 2.34920000e-04 -2.48450000e-04 -4.45580000e-04 3.34660000e-04 -1.26650000e-04 -1.35890000e-04 -3.32480000e-04 3.41840000e-04 -1.13300000e-04 8.75680000e-04 1.09984700e-02 1.73580000e-04 6.48500000e-04 1.13945000e-03 5.29160000e-04 7.14960000e-04 2.38870000e-04 -6.57770000e-04 -1.63530000e-03 -2.68700000e-04 3.40590000e-04 -1.01400000e-04 -7.85570000e-04 6.36430000e-04 -4.81480000e-04 -7.28430000e-04 -3.65900000e-05 -3.40750000e-04 -2.24320000e-04 -1.34140000e-04 6.77400000e-05 5.01330000e-04 2.85250000e-04 2.13370000e-04 -1.24463000e-03 -6.88750000e-04 -2.27250000e-04 -3.67520000e-04 -5.57060000e-04 3.05900000e-04
4.31920000e-04 -6.22900000e-04 -5.07460000e-04 3.85000000e-05 3.20800000e-05 -1.21490000e-04 -3.22030000e-04 2.06410000e-04 3.73040000e-04 -3.22980000e-04 1.75800000e-05 7.62600000e-05 -6.40790000e-04 3.17970000e-04 2.22000000e-05 -4.42850000e-04 -8.27600000e-05 8.24200000e-05 7.96920000e-04 1.94000000e-05 -5.05550000e-04 -2.34180000e-04 -1.11027000e-03 2.07700000e-04 -1.38830000e-04 2.73250000e-04 3.08560000e-04 -7.39090000e-04 7.83000000e-05 3.03840000e-04 3.20350000e-04 -2.21360000e-04 1.55250000e-04 9.81100000e-05 -6.11900000e-05 -1.01730000e-04 4.93600000e-05 -5.28100000e-05 1.04480000e-04 3.59870000e-04 8.10200000e-05 3.13360000e-04 -9.29120000e-04 2.83440000e-04 -2.64520000e-04 -1.28561000e-03 1.14150000e-04 1.07226000e-03 -8.05670000e-04 -3.45000000e-06 -4.64410000e-04 1.01080000e-04 -8.11800000e-05 -6.40320000e-04 -1.70320000e-04 1.74510000e-04 -3.80510000e-04 -1.49320000e-04 9.80000000e-06 -2.76460000e-04 -8.98000000e-05 -1.96270000e-04 6.78900000e-04 -1.84952000e-03 -4.20740000e-04 1.09620000e-04 8.15200000e-05 3.10400000e-05 -1.81590000e-04 -1.81800000e-05 3.56330000e-04 2.13800000e-05 -1.43550000e-04 -4.70900000e-05 -3.57330000e-04 -1.86780000e-04 3.63100000e-04 1.73580000e-04 2.21521400e-02 1.93040000e-04 7.40190000e-04 9.70600000e-05 1.50120000e-04 5.86560000e-04 -7.16650000e-04 -1.51987000e-03 -1.61550000e-04 -2.23710000e-04 -4.92700000e-05 -4.24960000e-04 7.03980000e-04 -1.39270000e-04 -4.34800000e-04 6.01600000e-04 1.83400000e-04 1.92560000e-04 3.49660000e-04 -1.39050000e-04 5.87560000e-04 6.18780000e-04 1.87070000e-04 -1.00013000e-03 -3.89260000e-04 1.31950000e-04 -1.63030000e-04 -4.07700000e-04 4.14720000e-04
9.14450000e-04 -1.10504000e-03 -7.43400000e-05 -1.00688000e-03 -2.08539000e-03 4.68430000e-04 -1.06691000e-03 8.94580000e-04 3.48100000e-04 -1.33050000e-03 -4.36800000e-05 1.96540000e-04 -9.01910000e-04 7.49360000e-04 3.38690000e-04 -1.31919000e-03 -3.58300000e-05 -1.80770000e-04 1.50506000e-03 -5.95460000e-04 -1.54700000e-04 -2.47076000e-03 5.61400000e-04 -1.66630000e-04 -2.65760000e-04 -7.09200000e-05 8.06910000e-04 -7.32680000e-04 2.16460000e-04 8.27920000e-04 1.60763000e-03 -9.18800000e-05 5.42380000e-04 3.83840000e-04 -1.95260000e-04 -1.04249000e-03 -1.92190000e-04 1.21510000e-04 7.06140000e-04 2.16009000e-03 -2.35440000e-04 -1.47632000e-03 -6.66930000e-04 5.22540000e-04 -1.10544000e-03 -2.70470000e-03 -8.06190000e-04 1.88905000e-03 -1.22662000e-03 8.59000000e-04 -9.43940000e-04 8.76900000e-04 -8.05100000e-04 -1.57483000e-03 1.46700000e-05 1.07731000e-03 -4.17710000e-04 -2.28310000e-04 -3.38610000e-04 -1.14980000e-04 1.10300000e-05 -1.55899000e-03 2.06439000e-03 -4.59742000e-03 -3.89250000e-04 7.78350000e-04 -5.27100000e-04 3.62970000e-04 -5.06230000e-04 -7.15310000e-04 5.45450000e-04 -2.88400000e-04 -2.69280000e-04 -6.13920000e-04 4.40730000e-04 -1.52680000e-04 1.41952000e-03 6.48500000e-04 1.93040000e-04 1.69123900e-02 1.91121000e-03 8.47910000e-04 1.05223000e-03 3.85330000e-04 -1.34635000e-03 -2.91827000e-03 -5.00010000e-04 4.54830000e-04 -1.43770000e-04 -1.15723000e-03 1.14456000e-03 -7.60510000e-04 -1.10929000e-03 -1.84940000e-04 -5.34970000e-04 -4.86170000e-04 -6.15500000e-05 1.50900000e-05 8.48530000e-04 4.05910000e-04 2.82390000e-04 -2.14696000e-03 -1.20030000e-03 -3.39970000e-04 -6.66430000e-04 -1.05164000e-03 5.30190000e-04
1.73700000e-03 -3.57767000e-03 -1.80570000e-03 -1.24857000e-03 -1.74812000e-03 1.72750000e-04 -2.36570000e-03 1.38974000e-03 1.07958000e-03 -3.61164000e-03 -2.61100000e-04 4.25810000e-04 -3.13264000e-03 1.27350000e-03 -2.69710000e-04 -3.20127000e-03 1.91369000e-03 2.08450000e-04 6.96575000e-03 -3.58320000e-04 -1.24321000e-03 -3.35287000e-03 -4.71860000e-04 -5.02600000e-05 -9.29690000e-04 5.38260000e-04 1.74229000e-03 -2.82300000e-03 7.25220000e-04 5.03970000e-04 3.65193000e-03 -9.17030000e-04 4.65730000e-04 5.03580000e-04 -2.13840000e-04 -1.38346000e-03 2.76460000e-04 -5.04190000e-04 1.21084000e-03 4.84204000e-03 -8.15000000e-06 -3.06570000e-04 -3.59532000e-03 1.08487000e-03 -2.69482000e-03 -6.89351000e-03 7.69000000e-05 7.14496000e-03 -4.14652000e-03 4.37940000e-04 -3.64975000e-03 2.00629000e-03 -7.76900000e-04 -3.65424000e-03 -4.15290000e-04 2.04393000e-03 -2.07690000e-03 -1.31990000e-03 -2.66590000e-04 -5.21140000e-04 -1.99000000e-04 -2.51956000e-03 4.92928000e-03 -1.17728800e-02 -1.86859000e-03 9.47920000e-04 -4.07740000e-04 9.99830000e-04 -1.39607000e-03 -6.28260000e-04 2.20804000e-03 1.40900000e-05 -9.89930000e-04 -3.81470000e-04 -4.92860000e-04 -1.45773000e-03 3.09952000e-03 1.13945000e-03 7.40190000e-04 1.91121000e-03 3.81677500e-02 1.43075000e-03 3.78371000e-03 4.63133000e-03 -4.55158000e-03 -8.04395000e-03 -1.30460000e-03 -5.19640000e-04 -1.15328000e-03 -3.61917000e-03 3.60011000e-03 -2.19520000e-03 -3.48164000e-03 7.21960000e-04 -4.46220000e-04 -1.08992000e-03 8.35200000e-04 -8.97090000e-04 1.62023000e-03 2.25130000e-03 1.35710000e-04 -7.08872000e-03 -3.60419000e-03 -5.91210000e-04 -2.03144000e-03 -3.30387000e-03 1.18067000e-03
6.57730000e-04 -8.38980000e-04 3.93800000e-05 -7.97840000e-04 -1.64724000e-03 3.48610000e-04 -8.17680000e-04 7.13650000e-04 3.01700000e-04 -9.72510000e-04 -3.00900000e-05 1.91680000e-04 -6.91280000e-04 6.07040000e-04 2.63090000e-04 -1.03435000e-03 -1.65560000e-04 -1.56320000e-04 9.88800000e-04 -4.59420000e-04 -1.25290000e-04 -1.91278000e-03 5.98790000e-04 -8.88400000e-05 -1.93560000e-04 -4.39300000e-05 6.09250000e-04 -5.79060000e-04 1.28240000e-04 6.94000000e-04 1.27199000e-03 -8.06400000e-05 4.10960000e-04 3.79150000e-04 -1.52890000e-04 -8.23290000e-04 -8.28000000e-05 1.23280000e-04 5.39830000e-04 1.66020000e-03 -1.90020000e-04 -1.17947000e-03 -4.37100000e-04 4.28460000e-04 -8.47770000e-04 -2.11525000e-03 -6.46430000e-04 1.26089000e-03 -9.25650000e-04 7.02960000e-04 -5.94470000e-04 6.78500000e-04 -6.33040000e-04 -1.23254000e-03 1.38400000e-05 8.05550000e-04 -3.07700000e-04 -9.12700000e-05 -2.61560000e-04 -1.25480000e-04 -3.30000000e-06 -1.26705000e-03 1.51927000e-03 -3.53803000e-03 -2.88820000e-04 6.53350000e-04 -3.57530000e-04 2.50040000e-04 -3.77950000e-04 -5.70600000e-04 3.30950000e-04 -2.17970000e-04 -1.66730000e-04 -4.75810000e-04 4.22460000e-04 -7.40900000e-05 1.06641000e-03 5.29160000e-04 9.70600000e-05 8.47910000e-04 1.43075000e-03 1.06187500e-02 7.09530000e-04 1.01030000e-04 -9.72510000e-04 -2.24213000e-03 -3.67060000e-04 3.81820000e-04 -7.45100000e-05 -8.31460000e-04 7.85940000e-04 -5.45940000e-04 -8.31310000e-04 -1.31650000e-04 -3.76410000e-04 -3.01890000e-04 -3.85600000e-05 6.42000000e-05 7.00030000e-04 3.28770000e-04 2.49210000e-04 -1.52206000e-03 -8.24470000e-04 -2.37250000e-04 -4.52690000e-04 -7.39920000e-04 4.18440000e-04
9.36370000e-04 -2.14494000e-03 -1.42878000e-03 -3.32120000e-04 -3.85050000e-04 1.68240000e-04 -1.19306000e-03 5.84360000e-04 4.64530000e-04 -2.65988000e-03 -8.22000000e-05 7.58350000e-04 -1.84947000e-03 5.95660000e-04 -3.13110000e-04 -1.67946000e-03 1.52046000e-03 2.17120000e-04 5.61223000e-03 -3.00900000e-05 -5.45610000e-04 -1.58622000e-03 -6.87480000e-04 -1.78890000e-04 -4.03210000e-04 2.45200000e-04 9.38710000e-04 -1.62065000e-03 5.84800000e-04 -3.58590000e-04 2.06116000e-03 -6.38050000e-04 1.86510000e-04 -2.69000000e-05 5.15000000e-06 -3.10060000e-04 2.04020000e-04 -4.92580000e-04 6.45340000e-04 3.03850000e-03 1.37000000e-04 4.98510000e-04 -2.47282000e-03 4.36240000e-04 -1.44118000e-03 -3.80561000e-03 4.29310000e-04 4.66868000e-03 -2.54098000e-03 -3.12800000e-05 -2.14887000e-03 1.10590000e-03 -2.63580000e-04 -1.95612000e-03 -1.09060000e-04 1.14163000e-03 -1.35898000e-03 -1.10437000e-03 1.94540000e-04 5.43700000e-05 -4.05400000e-05 -1.07862000e-03 2.78285000e-03 -7.01936000e-03 -1.18097000e-03 3.23410000e-04 -4.26850000e-04 7.65570000e-04 -7.41490000e-04 -2.44310000e-04 1.53257000e-03 1.38970000e-04 -5.81800000e-04 -5.30000000e-06 -5.37080000e-04 -1.09757000e-03 1.87518000e-03 7.14960000e-04 1.50120000e-04 1.05223000e-03 3.78371000e-03 7.09530000e-04 3.02673500e-02 3.56301000e-03 -2.72707000e-03 -4.46428000e-03 -7.69980000e-04 -6.48240000e-04 -8.80890000e-04 -2.69485000e-03 2.05409000e-03 -1.58794000e-03 -2.52259000e-03 9.92470000e-04 -5.10090000e-04 -3.64300000e-04 9.69100000e-05 -1.97010000e-04 4.96280000e-04 1.25509000e-03 -1.65930000e-04 -4.26630000e-03 -1.97095000e-03 -5.39820000e-04 -1.53250000e-03 -1.63107000e-03 5.99980000e-04
1.09840000e-03 -2.40152000e-03 -2.64603000e-03 8.98630000e-04 2.90570000e-03 -6.99790000e-04 -8.53170000e-04 7.66000000e-06 7.46720000e-04 -2.35976000e-03 -9.51600000e-05 1.73570000e-04 -2.10584000e-03 1.85790000e-04 -9.68540000e-04 -1.00457000e-03 3.44012000e-03 7.61100000e-04 7.09435000e-03 8.56120000e-04 -1.24768000e-03 1.40792000e-03 -2.43014000e-03 2.46420000e-04 -4.47190000e-04 9.05670000e-04 7.06370000e-04 -2.05141000e-03 9.10790000e-04 -1.32747000e-03 1.65819000e-03 -9.91500000e-04 -3.74340000e-04 -2.37670000e-04 3.23430000e-04 5.17190000e-04 6.99670000e-04 -9.40470000e-04 2.74410000e-04 2.23382000e-03 6.17130000e-04 3.45256000e-03 -3.88056000e-03 3.40520000e-04 -1.14106000e-03 -3.01625000e-03 2.14322000e-03 6.51433000e-03 -3.06890000e-03 -1.28548000e-03 -3.65829000e-03 9.89140000e-04 7.02340000e-04 -1.04550000e-03 -4.34490000e-04 9.54540000e-04 -1.94392000e-03 -1.49131000e-03 3.41490000e-04 -1.32470000e-04 -5.23500000e-05 7.03030000e-04 2.71801000e-03 -6.45213000e-03 -1.59842000e-03 -3.05800000e-04 4.36730000e-04 1.00675000e-03 -6.69460000e-04 7.69010000e-04 2.54999000e-03 6.30350000e-04 -7.05550000e-04 8.44800000e-04 -1.80001000e-03 -1.74053000e-03 1.52020000e-03 2.38870000e-04 5.86560000e-04 3.85330000e-04 4.63133000e-03 1.01030000e-04 3.56301000e-03 5.20777200e-02 -3.48854000e-03 -4.51888000e-03 -7.09730000e-04 -1.80851000e-03 -1.28740000e-03 -2.82132000e-03 3.03957000e-03 -1.58727000e-03 -2.67570000e-03 1.58432000e-03 4.37290000e-04 -6.23590000e-04 1.11079000e-03 -1.36998000e-03 3.84060000e-04 2.24794000e-03 -4.11910000e-04 -5.50496000e-03 -2.61505000e-03 -1.05360000e-04 -1.52909000e-03 -2.35283000e-03 7.28210000e-04
-1.22118000e-03 3.35619000e-03 2.02239000e-03 1.50478000e-03 1.62890000e-03 1.14090000e-04 2.24834000e-03 -1.12271000e-03 -8.25150000e-04 2.62994000e-03 4.06680000e-04 -1.83200000e-04 2.86743000e-03 -8.02560000e-04 4.40350000e-04 3.11199000e-03 -1.76319000e-03 -5.68300000e-05 -5.49928000e-03 3.50700000e-04 1.37045000e-03 2.73322000e-03 -1.44720000e-04 -8.89900000e-05 1.10215000e-03 -4.94830000e-04 -1.22369000e-03 2.59395000e-03 -3.27970000e-04 -5.10090000e-04 -2.56444000e-03 8.97140000e-04 -1.08020000e-04 -3.57280000e-04 3.51340000e-04 2.14726000e-03 5.84000000e-06 4.98360000e-04 -9.42920000e-04 -3.64848000e-03 8.57400000e-05 7.21400000e-04 3.09047000e-03 -7.29820000e-04 2.68337000e-03 6.29940000e-03 -1.02000000e-05 -5.81975000e-03 3.77625000e-03 -2.52780000e-04 3.60918000e-03 -1.71278000e-03 6.13000000e-04 3.24239000e-03 4.64220000e-04 -1.65116000e-03 2.01460000e-03 1.23193000e-03 1.21210000e-04 8.84310000e-04 6.11250000e-04 2.36573000e-03 -4.14052000e-03 1.03932700e-02 1.76400000e-03 -3.51750000e-04 1.55320000e-04 -6.53460000e-04 1.53040000e-03 4.61150000e-04 -1.54453000e-03 1.59530000e-04 1.02470000e-03 4.01130000e-04 9.16190000e-04 1.33314000e-03 -1.99365000e-03 -6.57770000e-04 -7.16650000e-04 -1.34635000e-03 -4.55158000e-03 -9.72510000e-04 -2.72707000e-03 -3.48854000e-03 2.54739900e-02 7.57233000e-03 1.35152000e-03 4.38830000e-04 1.09848000e-03 2.68088000e-03 -3.11682000e-03 1.79785000e-03 2.39664000e-03 -2.95240000e-04 1.62430000e-04 1.06354000e-03 -1.55841000e-03 7.96050000e-04 -1.28899000e-03 -2.03507000e-03 5.80000000e-07 5.69255000e-03 2.70649000e-03 3.36170000e-04 1.59520000e-03 2.79394000e-03 -9.35690000e-04
-2.42685000e-03 5.91639000e-03 2.92088000e-03 3.24452000e-03 4.94341000e-03 -4.81170000e-04 4.13383000e-03 -2.56154000e-03 -1.69793000e-03 5.06640000e-03 4.94050000e-04 -5.16830000e-04 5.06005000e-03 -1.99534000e-03 3.30740000e-04 5.92617000e-03 -1.62340000e-03 3.37500000e-05 -8.73147000e-03 1.02374000e-03 2.23689000e-03 6.91747000e-03 -2.96210000e-04 -6.49100000e-05 1.80998000e-03 -6.09340000e-04 -2.45163000e-03 4.56134000e-03 -6.69270000e-04 -1.77603000e-03 -5.05811000e-03 1.37288000e-03 -6.79930000e-04 -1.14902000e-03 5.88040000e-04 3.90362000e-03 1.76850000e-04 6.01380000e-04 -2.04838000e-03 -7.08539000e-03 3.16310000e-04 2.78208000e-03 5.28245000e-03 -1.57722000e-03 4.80785000e-03 1.22554900e-02 8.90700000e-04 -9.58748000e-03 6.72357000e-03 -1.27457000e-03 5.39422000e-03 -3.32756000e-03 1.67290000e-03 6.59286000e-03 5.89080000e-04 -3.34307000e-03 3.19809000e-03 1.93868000e-03 5.00910000e-04 1.50613000e-03 8.26840000e-04 5.42021000e-03 -7.74638000e-03 1.97302700e-02 2.89371000e-03 -1.22936000e-03 8.19910000e-04 -1.16812000e-03 2.60332000e-03 1.39508000e-03 -2.51743000e-03 4.74680000e-04 1.62878000e-03 1.12099000e-03 8.96310000e-04 2.08718000e-03 -4.04168000e-03 -1.63530000e-03 -1.51987000e-03 -2.91827000e-03 -8.04395000e-03 -2.24213000e-03 -4.46428000e-03 -4.51888000e-03 7.57233000e-03 4.36667000e-02 2.31570000e-03 1.75670000e-04 1.71266000e-03 4.99183000e-03 -5.34901000e-03 3.29450000e-03 4.50137000e-03 -3.83670000e-04 7.87730000e-04 1.71438000e-03 -2.02653000e-03 1.00736000e-03 -2.93750000e-03 -3.42080000e-03 -3.79250000e-04 1.00936900e-02 4.85440000e-03 7.33200000e-04 2.77918000e-03 4.93095000e-03 -1.85541000e-03
-4.03390000e-04 9.90540000e-04 3.41670000e-04 7.72080000e-04 1.04801000e-03 6.96800000e-05 8.65310000e-04 -4.85160000e-04 -1.92490000e-04 7.70400000e-04 1.88160000e-04 -7.57600000e-05 7.97290000e-04 -2.94020000e-04 7.39600000e-05 1.07761000e-03 -4.08050000e-04 1.81030000e-04 -1.43385000e-03 3.09570000e-04 2.80600000e-04 1.28535000e-03 -5.50520000e-04 5.96000000e-06 4.57700000e-04 -9.04200000e-05 -4.36410000e-04 6.83150000e-04 2.92100000e-05 -3.81010000e-04 -8.61690000e-04 2.91260000e-04 -7.15700000e-05 -7.26000000e-06 2.34380000e-04 9.33080000e-04 1.55790000e-04 1.08910000e-04 -3.63480000e-04 -1.23704000e-03 2.17610000e-04 8.09280000e-04 5.16230000e-04 -2.03840000e-04 9.17690000e-04 1.99410000e-03 3.21970000e-04 -1.63444000e-03 1.08710000e-03 -3.35730000e-04 1.19548000e-03 -4.85550000e-04 3.85490000e-04 1.07563000e-03 1.52010000e-04 -5.16050000e-04 5.40980000e-04 3.43630000e-04 1.91060000e-04 3.74770000e-04 3.35370000e-04 1.02657000e-03 -1.37033000e-03 3.21542000e-03 4.77090000e-04 -1.80950000e-04 8.82100000e-05 -1.01640000e-04 5.80120000e-04 4.03590000e-04 -3.11090000e-04 2.10420000e-04 4.17870000e-04 3.09180000e-04 3.85100000e-05 3.28700000e-04 -6.48360000e-04 -2.68700000e-04 -1.61550000e-04 -5.00010000e-04 -1.30460000e-03 -3.67060000e-04 -7.69980000e-04 -7.09730000e-04 1.35152000e-03 2.31570000e-03 1.26358500e-02 -1.91850000e-04 2.96660000e-04 7.09710000e-04 -9.37010000e-04 5.04850000e-04 5.76320000e-04 1.01010000e-04 1.09190000e-04 3.68460000e-04 -5.24060000e-04 9.42600000e-05 -3.70490000e-04 -4.67760000e-04 -6.00000000e-08 1.56360000e-03 8.22320000e-04 1.90110000e-04 4.99480000e-04 8.35980000e-04 -2.28460000e-04
2.55970000e-04 3.25220000e-04 1.09521000e-03 -1.10487000e-03 -2.28030000e-03 6.63000000e-05 -4.33220000e-04 6.03790000e-04 -1.54510000e-04 3.15740000e-04 -1.02350000e-04 -2.93800000e-05 4.16520000e-04 2.60910000e-04 4.68510000e-04 -3.60080000e-04 -7.69460000e-04 -5.32570000e-04 -1.64795000e-03 -7.34230000e-04 4.73780000e-04 -1.81737000e-03 1.51173000e-03 -8.26500000e-05 -1.11380000e-04 -3.13080000e-04 1.58040000e-04 4.87720000e-04 -2.79370000e-04 1.06343000e-03 3.21120000e-04 2.62510000e-04 3.36970000e-04 -5.36900000e-05 -3.53560000e-04 -9.97490000e-04 -5.33110000e-04 3.71540000e-04 3.20740000e-04 5.03150000e-04 -5.07630000e-04 -2.33719000e-03 1.57624000e-03 8.70600000e-05 -2.80860000e-04 -1.67030000e-04 -1.28699000e-03 -9.57210000e-04 5.52550000e-04 1.11849000e-03 1.51130000e-04 4.16300000e-05 -7.34920000e-04 -3.08580000e-04 9.49500000e-05 3.22140000e-04 4.81910000e-04 3.66150000e-04 -4.27970000e-04 -1.65320000e-04 -1.36510000e-04 -1.12221000e-03 4.10850000e-04 1.29130000e-04 4.28440000e-04 4.93060000e-04 -3.08260000e-04 -2.04580000e-04 -1.61300000e-04 -7.97170000e-04 -5.47280000e-04 -4.70340000e-04 -6.81100000e-05 -6.90530000e-04 1.01562000e-03 5.31380000e-04 2.54390000e-04 3.40590000e-04 -2.23710000e-04 4.54830000e-04 -5.19640000e-04 3.81820000e-04 -6.48240000e-04 -1.80851000e-03 4.38830000e-04 1.75670000e-04 -1.91850000e-04 3.71145200e-02 3.34810000e-04 6.14490000e-04 -1.27440000e-04 2.63060000e-04 7.88080000e-04 -8.72840000e-04 -2.87620000e-04 -1.84960000e-04 -4.68300000e-05 4.55780000e-04 2.52210000e-04 -5.96950000e-04 3.10750000e-04 9.37110000e-04 2.45500000e-04 -1.64990000e-04 2.80490000e-04 2.38390000e-04 -9.03300000e-05
-2.25710000e-04 7.87540000e-04 7.49960000e-04 1.04280000e-04 -4.28100000e-05 1.01890000e-04 4.13260000e-04 -1.55010000e-04 -1.33140000e-04 8.54600000e-04 6.52000000e-06 -9.02100000e-05 6.90360000e-04 -5.31500000e-05 3.37860000e-04 5.94750000e-04 -5.58360000e-04 -1.84620000e-04 -1.75260000e-03 -1.05120000e-04 3.63430000e-04 3.48310000e-04 3.63670000e-04 -1.70100000e-05 2.55990000e-04 -7.55300000e-05 -1.00180000e-04 6.29580000e-04 -1.79710000e-04 1.71040000e-04 -4.28120000e-04 1.81390000e-04 1.65940000e-04 5.99600000e-05 -3.99800000e-05 1.31400000e-04 -5.05600000e-05 3.05370000e-04 -1.43430000e-04 -7.22190000e-04 -1.19980000e-04 -3.33730000e-04 1.08257000e-03 -1.05470000e-04 5.00350000e-04 1.37896000e-03 -3.02930000e-04 -1.62886000e-03 9.78070000e-04 1.57010000e-04 8.92240000e-04 -3.41050000e-04 -6.24600000e-05 6.82610000e-04 3.57800000e-05 -3.70470000e-04 5.24320000e-04 5.30840000e-04 -1.69780000e-04 1.10680000e-04 8.34900000e-05 2.43190000e-04 -9.16540000e-04 2.35554000e-03 4.52900000e-04 1.76490000e-04 1.22640000e-04 -2.02190000e-04 3.37650000e-04 -6.38200000e-05 -5.27150000e-04 -1.01820000e-04 2.68680000e-04 -9.86500000e-05 5.02930000e-04 6.13130000e-04 -2.94540000e-04 -1.01400000e-04 -4.92700000e-05 -1.43770000e-04 -1.15328000e-03 -7.45100000e-05 -8.80890000e-04 -1.28740000e-03 1.09848000e-03 1.71266000e-03 2.96660000e-04 3.34810000e-04 2.83673000e-02 9.57730000e-04 -8.21210000e-04 6.18210000e-04 7.56250000e-04 -3.31590000e-04 6.10600000e-05 1.64370000e-04 -2.41820000e-04 2.38740000e-04 -1.85310000e-04 -5.91230000e-04 1.04160000e-04 1.68922000e-03 7.63790000e-04 1.19680000e-04 5.17450000e-04 7.37130000e-04 -1.78400000e-04
-1.28535000e-03 2.11168000e-03 1.52302000e-03 4.04800000e-04 9.02300000e-04 -5.91740000e-04 1.29557000e-03 -8.84490000e-04 -6.37490000e-04 2.96621000e-03 -1.99090000e-04 -5.12140000e-04 1.85052000e-03 -8.49770000e-04 2.43480000e-04 1.63792000e-03 -7.07360000e-04 -3.75430000e-04 -4.58468000e-03 9.45700000e-05 6.68920000e-04 2.16748000e-03 1.04066000e-03 1.53120000e-04 3.99480000e-04 -7.14600000e-05 -8.49330000e-04 1.63275000e-03 -7.18090000e-04 -9.86600000e-05 -2.04845000e-03 3.14550000e-04 -2.68750000e-04 -4.05550000e-04 -1.73170000e-04 4.17000000e-04 -1.27750000e-04 4.51810000e-04 -8.53570000e-04 -3.01621000e-03 -2.19050000e-04 -2.53060000e-04 2.99791000e-03 -7.13120000e-04 1.39141000e-03 4.25234000e-03 -1.62060000e-04 -4.25582000e-03 2.73067000e-03 -2.61660000e-04 1.90986000e-03 -1.28765000e-03 4.36210000e-04 2.21269000e-03 -9.51900000e-05 -1.52008000e-03 1.16064000e-03 1.12584000e-03 -1.15210000e-04 -7.64800000e-05 -1.65880000e-04 1.12228000e-03 -3.03102000e-03 7.86715000e-03 1.06560000e-03 -4.37380000e-04 7.75880000e-04 -8.21710000e-04 7.09920000e-04 3.32390000e-04 -1.62310000e-03 -8.03900000e-05 4.83400000e-04 1.94910000e-04 5.92880000e-04 1.20436000e-03 -1.82510000e-03 -7.85570000e-04 -4.24960000e-04 -1.15723000e-03 -3.61917000e-03 -8.31460000e-04 -2.69485000e-03 -2.82132000e-03 2.68088000e-03 4.99183000e-03 7.09710000e-04 6.14490000e-04 9.57730000e-04 2.34094700e-02 -2.17409000e-03 1.87376000e-03 2.87818000e-03 -9.00970000e-04 7.38940000e-04 4.71020000e-04 2.79540000e-04 3.44700000e-04 -9.89450000e-04 -1.37402000e-03 -3.72500000e-05 4.84861000e-03 2.35827000e-03 5.50620000e-04 1.59083000e-03 2.01455000e-03 -9.06710000e-04
1.63536000e-03 -2.22581000e-03 -1.38424000e-03 -9.06750000e-04 -1.22126000e-03 -1.86000000e-05 -1.57669000e-03 1.01746000e-03 7.17270000e-04 -2.07316000e-03 -9.05100000e-05 1.13800000e-04 -1.80691000e-03 7.38750000e-04 -2.06880000e-04 -1.87543000e-03 1.29559000e-03 9.80000000e-05 4.03942000e-03 -2.92860000e-04 -9.81240000e-04 -2.07686000e-03 -4.28200000e-04 6.72400000e-05 -5.86550000e-04 2.84800000e-04 8.53410000e-04 -1.68489000e-03 5.90420000e-04 6.14420000e-04 2.03055000e-03 -5.31080000e-04 2.41510000e-04 2.36190000e-04 -1.06280000e-04 -1.24592000e-03 -4.90300000e-05 -3.17110000e-04 8.19270000e-04 2.74006000e-03 -2.37300000e-05 -3.95110000e-04 -2.44001000e-03 5.81890000e-04 -1.70621000e-03 -4.34260000e-03 -2.67700000e-05 4.72427000e-03 -2.69069000e-03 3.90750000e-04 -2.93167000e-03 1.32772000e-03 -5.62680000e-04 -2.11850000e-03 -1.65390000e-04 1.70084000e-03 -1.31681000e-03 -9.49500000e-04 -1.94000000e-04 -5.39860000e-04 -1.67650000e-04 -1.41693000e-03 3.46513000e-03 -7.59032000e-03 -1.06734000e-03 4.18330000e-04 -3.69170000e-04 7.09460000e-04 -9.36140000e-04 -4.26120000e-04 1.68997000e-03 -1.34940000e-04 -6.61950000e-04 -3.17060000e-04 -6.10640000e-04 -1.03126000e-03 1.74001000e-03 6.36430000e-04 7.03980000e-04 1.14456000e-03 3.60011000e-03 7.85940000e-04 2.05409000e-03 3.03957000e-03 -3.11682000e-03 -5.34901000e-03 -9.37010000e-04 -1.27440000e-04 -8.21210000e-04 -2.17409000e-03 5.73373400e-02 -1.41665000e-03 -1.76750000e-03 5.01820000e-04 -1.87080000e-04 -6.81240000e-04 8.54250000e-04 -6.06320000e-04 1.31346000e-03 1.53635000e-03 1.96590000e-04 -4.44837000e-03 -2.21231000e-03 -2.40750000e-04 -1.12377000e-03 -2.11292000e-03 9.38070000e-04
-8.47130000e-04 1.34910000e-03 9.32870000e-04 4.55670000e-04 8.43030000e-04 -3.61800000e-04 9.39170000e-04 -6.27210000e-04 -3.74660000e-04 1.82706000e-03 -9.81600000e-05 -2.88690000e-04 1.15361000e-03 -5.36530000e-04 1.47430000e-04 1.12544000e-03 -4.30890000e-04 -1.96150000e-04 -2.70195000e-03 1.48000000e-04 4.37800000e-04 1.54742000e-03 3.65560000e-04 1.12240000e-04 3.17300000e-04 8.30000000e-07 -5.24550000e-04 1.00596000e-03 -4.09130000e-04 -1.82260000e-04 -1.29483000e-03 1.46140000e-04 -1.61500000e-04 -3.29940000e-04 -6.93800000e-05 5.36250000e-04 8.95000000e-06 2.71220000e-04 -5.72630000e-04 -1.91029000e-03 -8.14800000e-05 1.45820000e-04 1.77899000e-03 -4.60640000e-04 9.94970000e-04 2.77369000e-03 4.17900000e-05 -2.62615000e-03 1.72018000e-03 -2.73490000e-04 1.33668000e-03 -8.69120000e-04 3.51890000e-04 1.44111000e-03 -7.80900000e-05 -1.04576000e-03 7.29600000e-04 7.06470000e-04 -8.20200000e-05 3.69600000e-05 -5.81200000e-05 8.25810000e-04 -2.01061000e-03 5.07228000e-03 6.38200000e-04 -2.77210000e-04 5.26180000e-04 -4.99000000e-04 5.34530000e-04 2.77270000e-04 -9.76020000e-04 1.01500000e-05 3.33540000e-04 2.07630000e-04 3.35310000e-04 7.49900000e-04 -1.12074000e-03 -4.81480000e-04 -1.39270000e-04 -7.60510000e-04 -2.19520000e-03 -5.45940000e-04 -1.58794000e-03 -1.58727000e-03 1.79785000e-03 3.29450000e-03 5.04850000e-04 2.63060000e-04 6.18210000e-04 1.87376000e-03 -1.41665000e-03 2.67505000e-02 1.72081000e-03 -4.39140000e-04 4.89630000e-04 3.40890000e-04 7.70600000e-05 1.80800000e-04 -6.60790000e-04 -8.26060000e-04 -2.72200000e-05 3.02357000e-03 1.46308000e-03 3.72130000e-04 9.95240000e-04 1.29989000e-03 -5.66340000e-04
-1.12557000e-03 1.92826000e-03 1.39174000e-03 1.18830000e-04 3.23600000e-04 -7.08620000e-04 1.17999000e-03 -7.65170000e-04 -7.16710000e-04 2.77634000e-03 -2.19720000e-04 -4.98300000e-04 1.73705000e-03 -9.39090000e-04 1.40680000e-04 1.37108000e-03 -6.52280000e-04 -4.23880000e-04 -4.32322000e-03 7.05000000e-06 6.05350000e-04 1.58693000e-03 1.00250000e-03 1.52190000e-04 3.02830000e-04 -1.75010000e-04 -1.01284000e-03 1.54463000e-03 -6.74430000e-04 4.54200000e-05 -2.05633000e-03 3.00760000e-04 -3.55530000e-04 -7.27810000e-04 -2.54950000e-04 2.09290000e-04 -2.72740000e-04 3.62680000e-04 -8.00110000e-04 -2.84008000e-03 -2.28720000e-04 -7.45950000e-04 2.91390000e-03 -7.93900000e-04 1.20778000e-03 3.74559000e-03 -3.10910000e-04 -3.81806000e-03 2.56991000e-03 -1.33030000e-04 1.53815000e-03 -1.25270000e-03 3.68210000e-04 1.91449000e-03 -2.39300000e-05 -1.27752000e-03 1.06854000e-03 9.21610000e-04 -5.48900000e-05 -1.45040000e-04 -2.07100000e-04 8.09080000e-04 -2.65588000e-03 7.35020000e-03 1.00633000e-03 -5.71490000e-04 5.82080000e-04 -8.27690000e-04 6.04070000e-04 2.47220000e-04 -1.50262000e-03 -1.14310000e-04 3.47430000e-04 1.58880000e-04 4.70020000e-04 1.02640000e-03 -1.83534000e-03 -7.28430000e-04 -4.34800000e-04 -1.10929000e-03 -3.48164000e-03 -8.31310000e-04 -2.52259000e-03 -2.67570000e-03 2.39664000e-03 4.50137000e-03 5.76320000e-04 7.88080000e-04 7.56250000e-04 2.87818000e-03 -1.76750000e-03 1.72081000e-03 2.80171900e-02 -9.04570000e-04 6.49220000e-04 4.13050000e-04 3.69170000e-04 3.53270000e-04 -9.57470000e-04 -1.31913000e-03 -2.71000000e-05 4.59817000e-03 2.28128000e-03 5.04470000e-04 1.52013000e-03 1.93588000e-03 -9.51090000e-04
3.16530000e-04 -2.50240000e-04 -7.88690000e-04 9.25800000e-04 1.48341000e-03 5.63700000e-05 2.23140000e-04 -2.84000000e-04 2.64000000e-04 -6.44230000e-04 2.42630000e-04 4.51000000e-04 -3.06010000e-04 1.66800000e-05 -3.36520000e-04 3.70420000e-04 2.79490000e-04 4.60510000e-04 1.83426000e-03 5.23720000e-04 -3.74220000e-04 1.00250000e-03 -1.35138000e-03 2.01600000e-05 2.08240000e-04 1.61690000e-04 -1.30830000e-04 -4.20000000e-04 4.02550000e-04 -5.83530000e-04 -2.38500000e-05 -1.67570000e-04 -1.45300000e-04 4.12000000e-05 3.62120000e-04 1.04932000e-03 4.26840000e-04 -3.10350000e-04 -1.12870000e-04 -1.63680000e-04 3.92130000e-04 1.86313000e-03 -1.47741000e-03 3.19400000e-05 3.30180000e-04 -1.49930000e-04 8.91060000e-04 1.15027000e-03 -6.01780000e-04 -6.47350000e-04 -1.42700000e-04 1.39300000e-05 4.09520000e-04 1.51360000e-04 9.19200000e-05 3.80900000e-05 -3.68310000e-04 -3.94040000e-04 5.01050000e-04 1.44290000e-04 2.25400000e-04 9.02330000e-04 3.92300000e-05 -6.34450000e-04 -2.77940000e-04 -2.55280000e-04 -5.22000000e-05 2.58920000e-04 1.50700000e-04 4.26920000e-04 7.46700000e-04 3.81470000e-04 8.54000000e-05 4.83290000e-04 -6.83200000e-04 -5.26990000e-04 1.03240000e-04 -3.65900000e-05 6.01600000e-04 -1.84940000e-04 7.21960000e-04 -1.31650000e-04 9.92470000e-04 1.58432000e-03 -2.95240000e-04 -3.83670000e-04 1.01010000e-04 -8.72840000e-04 -3.31590000e-04 -9.00970000e-04 5.01820000e-04 -4.39140000e-04 -9.04570000e-04 3.94793400e-02 7.56500000e-05 6.84110000e-04 -2.66820000e-04 5.72900000e-05 1.17240000e-04 5.66960000e-04 -1.42200000e-04 -9.84410000e-04 -1.93000000e-04 9.61000000e-06 -3.27660000e-04 -3.14500000e-05 3.30000000e-04
-4.29000000e-04 2.08540000e-04 -1.15420000e-04 4.27030000e-04 1.35437000e-03 -5.72620000e-04 3.30870000e-04 -3.97210000e-04 2.45700000e-05 8.52510000e-04 -1.18550000e-04 -2.20660000e-04 1.56750000e-04 -3.27240000e-04 -2.48720000e-04 3.71680000e-04 5.46260000e-04 9.02800000e-05 -2.97320000e-04 3.79290000e-04 -1.78330000e-04 1.54050000e-03 -1.42150000e-04 2.74510000e-04 2.07000000e-06 3.37950000e-04 -2.03760000e-04 4.35900000e-05 -1.58440000e-04 -3.60520000e-04 -5.70520000e-04 -1.82710000e-04 -3.19690000e-04 -1.55180000e-04 2.87800000e-05 2.78860000e-04 2.01000000e-04 -7.58300000e-05 -3.37880000e-04 -9.41470000e-04 8.98600000e-05 9.62300000e-04 2.01230000e-04 -1.92880000e-04 2.96180000e-04 9.04510000e-04 6.37490000e-04 -2.41660000e-04 2.67240000e-04 -5.47180000e-04 -9.19100000e-05 -3.21960000e-04 4.91890000e-04 6.37300000e-04 -2.20030000e-04 -5.42930000e-04 -6.41100000e-05 1.27760000e-04 7.21300000e-05 -2.38590000e-04 -2.05850000e-04 6.52050000e-04 -7.18340000e-04 1.67105000e-03 -2.44800000e-05 -3.71320000e-04 6.61990000e-04 -1.75730000e-04 7.24800000e-05 4.46610000e-04 -1.50860000e-04 1.77380000e-04 5.24000000e-06 3.97500000e-04 -3.34410000e-04 1.42300000e-05 -6.00240000e-04 -3.40750000e-04 1.83400000e-04 -5.34970000e-04 -4.46220000e-04 -3.76410000e-04 -5.10090000e-04 4.37290000e-04 1.62430000e-04 7.87730000e-04 1.09190000e-04 -2.87620000e-04 6.10600000e-05 7.38940000e-04 -1.87080000e-04 4.89630000e-04 6.49220000e-04 7.56500000e-05 3.91546700e-02 1.16740000e-04 7.30360000e-04 -2.63370000e-04 -2.58060000e-04 1.94410000e-04 -1.24820000e-04 6.84360000e-04 4.06640000e-04 3.35280000e-04 3.81760000e-04 2.17690000e-04 -1.80590000e-04
-2.74330000e-04 7.39640000e-04 2.67710000e-04 6.21260000e-04 7.73230000e-04 1.46500000e-05 6.30970000e-04 -4.26910000e-04 -1.01280000e-04 5.52160000e-04 1.58610000e-04 3.08020000e-04 5.86080000e-04 -2.24080000e-04 -6.52500000e-05 8.36980000e-04 -5.91940000e-04 1.33080000e-04 -7.84580000e-04 2.66800000e-04 9.47800000e-05 9.58920000e-04 -3.33510000e-04 -4.93000000e-06 3.36400000e-04 -7.52700000e-05 -4.34100000e-04 4.30760000e-04 -1.34200000e-05 -2.74460000e-04 -7.69190000e-04 1.22380000e-04 -1.24060000e-04 4.89000000e-06 1.85100000e-04 8.59720000e-04 1.91160000e-04 4.66000000e-06 -3.60060000e-04 -1.21346000e-03 1.34000000e-04 7.19870000e-04 2.80190000e-04 -2.08720000e-04 7.82540000e-04 1.40806000e-03 2.56490000e-04 -1.25014000e-03 7.33070000e-04 -3.21820000e-04 9.96070000e-04 -4.70120000e-04 2.93950000e-04 8.02990000e-04 1.39740000e-04 -4.93700000e-04 3.27490000e-04 2.13580000e-04 3.72120000e-04 1.10830000e-04 1.57850000e-04 7.86580000e-04 -1.16917000e-03 2.52412000e-03 3.32800000e-04 -2.49890000e-04 3.86100000e-05 -1.75950000e-04 3.98030000e-04 2.52910000e-04 -2.52480000e-04 1.81040000e-04 3.03290000e-04 2.87970000e-04 -3.41500000e-05 1.54390000e-04 -6.14020000e-04 -2.24320000e-04 1.92560000e-04 -4.86170000e-04 -1.08992000e-03 -3.01890000e-04 -3.64300000e-04 -6.23590000e-04 1.06354000e-03 1.71438000e-03 3.68460000e-04 -1.84960000e-04 1.64370000e-04 4.71020000e-04 -6.81240000e-04 3.40890000e-04 4.13050000e-04 6.84110000e-04 1.16740000e-04 2.54427000e-02 -4.18450000e-04 4.69000000e-04 -2.30830000e-04 -3.18950000e-04 -6.24700000e-05 1.42465000e-03 9.45870000e-04 1.07970000e-04 3.63940000e-04 9.39940000e-04 -1.45920000e-04
-1.71540000e-04 -1.01083000e-03 -6.18950000e-04 -6.02420000e-04 1.36380000e-04 -8.42610000e-04 -6.65740000e-04 1.21580000e-04 2.61610000e-04 3.07860000e-04 -4.22970000e-04 -2.81220000e-04 -8.21130000e-04 -8.50100000e-05 -3.60670000e-04 -1.03440000e-03 1.17464000e-03 -1.14780000e-04 1.09610000e-03 7.51100000e-05 -5.92800000e-04 1.95120000e-04 5.92100000e-04 3.64820000e-04 -5.67880000e-04 5.36400000e-04 2.72190000e-04 -8.09830000e-04 -2.87190000e-04 1.05330000e-04 2.51090000e-04 -5.48710000e-04 -3.10030000e-04 -1.47810000e-04 -2.79320000e-04 -1.06083000e-03 -3.29800000e-05 -1.77150000e-04 4.04700000e-05 3.16730000e-04 -1.50610000e-04 -1.03870000e-04 -2.58720000e-04 -2.01000000e-05 -8.78070000e-04 -1.50243000e-03 3.27280000e-04 1.52706000e-03 -9.70630000e-04 -2.25180000e-04 -1.50481000e-03 2.66540000e-04 1.44340000e-04 -6.44130000e-04 -4.64090000e-04 -2.79000000e-05 -7.44170000e-04 -2.23490000e-04 -1.28740000e-04 -8.10290000e-04 -7.00210000e-04 -6.69220000e-04 7.84880000e-04 -1.92619000e-03 -6.12110000e-04 -2.80390000e-04 7.42470000e-04 -1.17670000e-04 -6.58470000e-04 9.69700000e-05 4.14400000e-05 -5.02000000e-05 -4.80360000e-04 9.97800000e-05 -4.80890000e-04 -2.96840000e-04 -2.66000000e-05 -1.34140000e-04 3.49660000e-04 -6.15500000e-05 8.35200000e-04 -3.85600000e-05 9.69100000e-05 1.11079000e-03 -1.55841000e-03 -2.02653000e-03 -5.24060000e-04 -4.68300000e-05 -2.41820000e-04 2.79540000e-04 8.54250000e-04 7.70600000e-05 3.69170000e-04 -2.66820000e-04 7.30360000e-04 -4.18450000e-04 1.88499700e-02 -4.88770000e-04 1.54090000e-04 8.27960000e-04 -1.18700000e-04 -9.01200000e-04 -3.67240000e-04 2.65170000e-04 -4.72000000e-06 -7.20010000e-04 2.93600000e-05
-5.95600000e-05 5.48850000e-04 6.34550000e-04 -1.76100000e-04 -7.54070000e-04 2.60100000e-04 1.32980000e-04 4.86400000e-05 -1.87210000e-04 2.16280000e-04 8.66300000e-05 3.56030000e-04 5.24760000e-04 3.73900000e-05 2.25870000e-04 2.85560000e-04 -8.27920000e-04 -1.95350000e-04 -9.77590000e-04 -2.40640000e-04 3.85490000e-04 -4.88080000e-04 7.20630000e-04 -1.47930000e-04 1.71540000e-04 -2.78690000e-04 -1.09600000e-04 5.14510000e-04 -1.32130000e-04 2.41000000e-04 -2.42450000e-04 2.13410000e-04 1.43300000e-04 2.64200000e-05 -3.40400000e-05 -1.16400000e-05 -1.52230000e-04 1.80430000e-04 -2.89000000e-06 -3.12190000e-04 -1.71500000e-04 -7.77670000e-04 8.23240000e-04 -8.68000000e-05 2.86180000e-04 6.51860000e-04 -5.35030000e-04 -1.26712000e-03 6.26900000e-04 3.82530000e-04 7.94360000e-04 -2.03870000e-04 -2.46150000e-04 2.56200000e-04 2.19650000e-04 -9.63600000e-05 4.20980000e-04 2.45360000e-04 8.49300000e-05 1.10150000e-04 3.41200000e-05 -1.26420000e-04 -4.88600000e-04 1.16490000e-03 3.97970000e-04 1.09880000e-04 -2.75050000e-04 -1.51360000e-04 1.36860000e-04 -3.06230000e-04 -4.46730000e-04 -1.61820000e-04 1.57600000e-04 -2.18740000e-04 4.91910000e-04 3.33780000e-04 -1.83160000e-04 6.77400000e-05 -1.39050000e-04 1.50900000e-05 -8.97090000e-04 6.42000000e-05 -1.97010000e-04 -1.36998000e-03 7.96050000e-04 1.00736000e-03 9.42600000e-05 4.55780000e-04 2.38740000e-04 3.44700000e-04 -6.06320000e-04 1.80800000e-04 3.53270000e-04 5.72900000e-05 -2.63370000e-04 4.69000000e-04 -4.88770000e-04 2.19348900e-02 -1.22740000e-04 -5.73670000e-04 4.19000000e-05 1.25973000e-03 7.15320000e-04 -1.29380000e-04 1.71770000e-04 7.53220000e-04 -1.02980000e-04
1.03095000e-03 -1.04167000e-03 -3.38520000e-04 -7.02210000e-04 -1.52931000e-03 3.90840000e-04 -9.02470000e-04 8.32320000e-04 5.26440000e-04 -1.01308000e-03 7.56500000e-05 7.14000000e-05 -8.54450000e-04 7.05630000e-04 2.06660000e-04 -1.07733000e-03 -2.28840000e-04 2.01000000e-06 1.06015000e-03 -3.83840000e-04 -4.87680000e-04 -1.87704000e-03 3.71200000e-05 1.46500000e-05 -1.62210000e-04 5.34000000e-06 5.82330000e-04 -8.27590000e-04 3.29140000e-04 8.71800000e-04 1.28042000e-03 -9.01800000e-05 4.26610000e-04 6.04540000e-04 -3.00000000e-05 -8.28040000e-04 -6.81100000e-05 1.03190000e-04 5.82550000e-04 1.58004000e-03 -9.19600000e-05 -8.79490000e-04 -1.09501000e-03 5.02180000e-04 -8.86620000e-04 -2.59434000e-03 -5.07350000e-04 1.70868000e-03 -1.29850000e-03 6.38550000e-04 -8.11510000e-04 8.78590000e-04 -6.27060000e-04 -1.38566000e-03 -9.00000000e-08 1.10324000e-03 -4.36280000e-04 -2.02490000e-04 -2.63570000e-04 -2.91490000e-04 6.34700000e-05 -1.21634000e-03 1.92142000e-03 -4.37488000e-03 -3.69090000e-04 5.87790000e-04 -4.25880000e-04 3.89380000e-04 -4.11560000e-04 -4.80130000e-04 6.61820000e-04 -2.07150000e-04 -1.27560000e-04 -4.51900000e-04 7.45200000e-05 -2.69200000e-04 1.07270000e-03 5.01330000e-04 5.87560000e-04 8.48530000e-04 1.62023000e-03 7.00030000e-04 4.96280000e-04 3.84060000e-04 -1.28899000e-03 -2.93750000e-03 -3.70490000e-04 2.52210000e-04 -1.85310000e-04 -9.89450000e-04 1.31346000e-03 -6.60790000e-04 -9.57470000e-04 1.17240000e-04 -2.58060000e-04 -2.30830000e-04 1.54090000e-04 -1.22740000e-04 3.16010500e-02 7.08570000e-04 4.19900000e-04 -2.10261000e-03 -1.06005000e-03 -7.01000000e-05 -3.80870000e-04 -1.03165000e-03 7.43660000e-04
5.36470000e-04 -1.53373000e-03 -1.25324000e-03 -1.28910000e-04 2.75690000e-04 -1.77750000e-04 -7.76390000e-04 4.01020000e-04 6.04770000e-04 -1.20607000e-03 -1.81900000e-05 6.95700000e-05 -1.35863000e-03 3.83300000e-04 -3.64830000e-04 -1.13567000e-03 9.65800000e-04 3.17600000e-04 2.87263000e-03 2.34230000e-04 -7.75910000e-04 -4.07400000e-04 -7.69460000e-04 2.37810000e-04 -3.43900000e-04 4.35750000e-04 4.92410000e-04 -1.31509000e-03 3.22320000e-04 -1.10900000e-05 1.04309000e-03 -4.57020000e-04 -6.74400000e-05 2.61540000e-04 9.97300000e-05 -3.62620000e-04 2.23460000e-04 -3.31420000e-04 3.83610000e-04 1.43951000e-03 2.03920000e-04 7.74020000e-04 -1.96805000e-03 3.74860000e-04 -9.32330000e-04 -2.74341000e-03 6.13540000e-04 2.91130000e-03 -1.90345000e-03 -2.08160000e-04 -1.51970000e-03 7.67510000e-04 7.22500000e-05 -1.27862000e-03 -2.02240000e-04 6.75070000e-04 -9.78550000e-04 -6.46230000e-04 5.72000000e-05 -3.43170000e-04 -1.67060000e-04 -5.65510000e-04 1.74515000e-03 -4.72024000e-03 -8.70990000e-04 2.10700000e-05 1.36000000e-04 4.14800000e-04 -5.47350000e-04 1.30410000e-04 9.57860000e-04 1.73960000e-04 -3.60290000e-04 1.64610000e-04 -7.37420000e-04 -8.15780000e-04 8.00300000e-04 2.85250000e-04 6.18780000e-04 4.05910000e-04 2.25130000e-03 3.28770000e-04 1.25509000e-03 2.24794000e-03 -2.03507000e-03 -3.42080000e-03 -4.67760000e-04 -5.96950000e-04 -5.91230000e-04 -1.37402000e-03 1.53635000e-03 -8.26060000e-04 -1.31913000e-03 5.66960000e-04 1.94410000e-04 -3.18950000e-04 8.27960000e-04 -5.73670000e-04 7.08570000e-04 2.18572500e-02 1.94700000e-05 -2.97129000e-03 -1.34987000e-03 3.07000000e-05 -6.60660000e-04 -1.37919000e-03 5.85270000e-04
3.43410000e-04 -3.81300000e-05 1.83990000e-04 -2.28780000e-04 -6.78550000e-04 1.76120000e-04 -1.56970000e-04 3.12170000e-04 1.01980000e-04 -8.65100000e-05 6.27400000e-05 -1.49200000e-05 -1.19500000e-05 2.31770000e-04 2.17570000e-04 -1.49130000e-04 -3.43570000e-04 -6.18400000e-05 -3.62020000e-04 -2.07580000e-04 1.40700000e-05 -6.63280000e-04 1.02040000e-04 1.40900000e-05 7.63800000e-05 -9.04900000e-05 1.04670000e-04 -1.66300000e-05 8.25600000e-05 4.46330000e-04 3.13820000e-04 1.05010000e-04 2.21550000e-04 1.73610000e-04 -2.61500000e-05 -2.44940000e-04 -7.86100000e-05 1.69820000e-04 1.90940000e-04 4.25880000e-04 -6.15400000e-05 -5.35600000e-04 7.45800000e-05 1.56640000e-04 -1.22090000e-04 -4.07820000e-04 -3.52140000e-04 -4.43500000e-05 -4.80100000e-05 3.97240000e-04 9.06500000e-05 1.95410000e-04 -2.76890000e-04 -2.59360000e-04 5.81000000e-05 3.44150000e-04 9.79200000e-05 1.14420000e-04 -1.60530000e-04 1.26800000e-05 1.13030000e-04 -3.57640000e-04 4.38140000e-04 -7.11620000e-04 7.61800000e-05 2.90640000e-04 -1.97520000e-04 9.29900000e-05 4.54000000e-06 -2.18880000e-04 5.11200000e-05 -1.16460000e-04 7.48300000e-05 -2.35680000e-04 2.43710000e-04 1.28720000e-04 2.79290000e-04 2.13370000e-04 1.87070000e-04 2.82390000e-04 1.35710000e-04 2.49210000e-04 -1.65930000e-04 -4.11910000e-04 5.80000000e-07 -3.79250000e-04 -6.00000000e-08 3.10750000e-04 1.04160000e-04 -3.72500000e-05 1.96590000e-04 -2.72200000e-05 -2.71000000e-05 -1.42200000e-04 -1.24820000e-04 -6.24700000e-05 -1.18700000e-04 4.19000000e-05 4.19900000e-04 1.94700000e-05 2.18196100e-02 -1.40500000e-04 -1.18840000e-04 1.97600000e-05 9.23800000e-05 -9.03100000e-05 2.23040000e-04
-2.15947000e-03 4.34447000e-03 2.81970000e-03 1.22645000e-03 1.80559000e-03 -4.64280000e-04 2.83262000e-03 -1.70610000e-03 -1.33119000e-03 4.65347000e-03 2.86900000e-05 -2.84940000e-04 3.81948000e-03 -1.50585000e-03 4.83480000e-04 3.69576000e-03 -2.04280000e-03 -5.43830000e-04 -8.20931000e-03 2.40210000e-04 1.58085000e-03 3.87433000e-03 1.15416000e-03 8.80000000e-05 1.11109000e-03 -4.79680000e-04 -1.83067000e-03 3.42125000e-03 -1.03010000e-03 -5.56140000e-04 -4.01424000e-03 8.83420000e-04 -4.14480000e-04 -7.43200000e-04 -1.74800000e-05 1.49748000e-03 -1.87550000e-04 7.49260000e-04 -1.57914000e-03 -5.59599000e-03 -2.14890000e-04 -1.39540000e-04 5.10965000e-03 -1.30322000e-03 3.10034000e-03 8.47288000e-03 -3.16180000e-04 -8.50712000e-03 5.29299000e-03 -4.27170000e-04 4.17580000e-03 -2.51121000e-03 7.97440000e-04 4.41644000e-03 2.55960000e-04 -2.64694000e-03 2.45721000e-03 1.96416000e-03 2.04190000e-04 4.74090000e-04 1.62490000e-04 2.59907000e-03 -6.00452000e-03 1.47922400e-02 2.24833000e-03 -7.92980000e-04 8.34230000e-04 -1.34010000e-03 1.70696000e-03 5.84030000e-04 -2.79598000e-03 -6.52700000e-05 1.14593000e-03 4.03280000e-04 1.13307000e-03 2.15062000e-03 -3.39659000e-03 -1.24463000e-03 -1.00013000e-03 -2.14696000e-03 -7.08872000e-03 -1.52206000e-03 -4.26630000e-03 -5.50496000e-03 5.69255000e-03 1.00936900e-02 1.56360000e-03 9.37110000e-04 1.68922000e-03 4.84861000e-03 -4.44837000e-03 3.02357000e-03 4.59817000e-03 -9.84410000e-04 6.84360000e-04 1.42465000e-03 -9.01200000e-04 1.25973000e-03 -2.10261000e-03 -2.97129000e-03 -1.40500000e-04 2.36570700e-02 4.78376000e-03 6.67580000e-04 2.62534000e-03 4.40997000e-03 -1.72932000e-03
-1.17667000e-03 2.05168000e-03 1.14970000e-03 7.30200000e-04 1.15897000e-03 -2.74270000e-04 1.51648000e-03 -9.71290000e-04 -6.38490000e-04 2.32070000e-03 3.29200000e-05 8.57000000e-06 1.79641000e-03 -8.40110000e-04 1.16960000e-04 1.81260000e-03 -1.01557000e-03 -1.77730000e-04 -3.77623000e-03 2.61180000e-04 6.15160000e-04 2.16951000e-03 3.72770000e-04 8.94800000e-05 6.00960000e-04 -2.03480000e-04 -1.03286000e-03 1.55324000e-03 -4.76640000e-04 -4.51850000e-04 -2.15410000e-03 3.62730000e-04 -3.05040000e-04 -2.98330000e-04 5.45700000e-05 8.31220000e-04 6.90000000e-06 3.00330000e-04 -8.86000000e-04 -2.98367000e-03 1.04400000e-05 2.08770000e-04 2.22777000e-03 -7.23930000e-04 1.55344000e-03 4.07105000e-03 6.16300000e-05 -4.18547000e-03 2.50576000e-03 -4.20190000e-04 2.14467000e-03 -1.24093000e-03 5.45980000e-04 2.17309000e-03 1.53600000e-04 -1.35199000e-03 1.08173000e-03 9.21150000e-04 3.26340000e-04 1.89400000e-04 7.87100000e-05 1.36235000e-03 -3.11784000e-03 7.25762000e-03 1.03171000e-03 -5.53640000e-04 4.55980000e-04 -6.53370000e-04 8.68610000e-04 4.55770000e-04 -1.36246000e-03 6.54600000e-05 6.22630000e-04 3.64300000e-04 3.15560000e-04 9.54390000e-04 -1.86870000e-03 -6.88750000e-04 -3.89260000e-04 -1.20030000e-03 -3.60419000e-03 -8.24470000e-04 -1.97095000e-03 -2.61505000e-03 2.70649000e-03 4.85440000e-03 8.22320000e-04 2.45500000e-04 7.63790000e-04 2.35827000e-03 -2.21231000e-03 1.46308000e-03 2.28128000e-03 -1.93000000e-04 4.06640000e-04 9.45870000e-04 -3.67240000e-04 7.15320000e-04 -1.06005000e-03 -1.34987000e-03 -1.18840000e-04 4.78376000e-03 3.39609100e-02 4.03950000e-04 1.32804000e-03 2.35870000e-03 -8.59450000e-04
-2.39350000e-04 2.74580000e-04 -5.93200000e-05 3.72110000e-04 7.72750000e-04 -2.08540000e-04 3.87280000e-04 -2.47430000e-04 -7.00000000e-06 6.45230000e-04 1.38600000e-05 -1.76180000e-04 2.36640000e-04 -2.14550000e-04 -5.17400000e-05 3.83670000e-04 4.54200000e-05 5.80600000e-05 -6.28960000e-04 2.27540000e-04 -8.00700000e-05 9.41350000e-04 -2.66780000e-04 1.57850000e-04 1.54690000e-04 1.12140000e-04 -2.59000000e-04 1.44330000e-04 -2.68900000e-05 -1.64650000e-04 -5.04020000e-04 -6.01900000e-05 -1.26560000e-04 -8.68000000e-06 8.39400000e-05 2.65250000e-04 1.11090000e-04 4.50700000e-05 -2.20950000e-04 -7.41360000e-04 1.10450000e-04 5.47480000e-04 1.10600000e-04 -1.86480000e-04 3.38840000e-04 7.28460000e-04 3.47210000e-04 -5.69330000e-04 3.14420000e-04 -3.04220000e-04 3.34460000e-04 -1.96000000e-04 2.86750000e-04 4.81920000e-04 -3.69500000e-05 -2.73420000e-04 8.07200000e-05 1.50170000e-04 -3.13000000e-06 -3.96400000e-05 -1.72100000e-05 4.49470000e-04 -5.82830000e-04 1.26482000e-03 9.26800000e-05 -2.21510000e-04 2.87360000e-04 -5.87300000e-05 1.93890000e-04 2.96190000e-04 -1.42810000e-04 8.37000000e-05 1.52250000e-04 2.37460000e-04 -2.27620000e-04 9.77000000e-05 -4.81180000e-04 -2.27250000e-04 1.31950000e-04 -3.39970000e-04 -5.91210000e-04 -2.37250000e-04 -5.39820000e-04 -1.05360000e-04 3.36170000e-04 7.33200000e-04 1.90110000e-04 -1.64990000e-04 1.19680000e-04 5.50620000e-04 -2.40750000e-04 3.72130000e-04 5.04470000e-04 9.61000000e-06 3.35280000e-04 1.07970000e-04 2.65170000e-04 -1.29380000e-04 -7.01000000e-05 3.07000000e-05 1.97600000e-05 6.67580000e-04 4.03950000e-04 9.73006000e-03 3.68330000e-04 2.75860000e-04 -3.61500000e-05
-5.74390000e-04 1.21832000e-03 7.49170000e-04 4.02800000e-04 6.36820000e-04 -2.61420000e-04 8.45830000e-04 -4.71310000e-04 -2.77610000e-04 1.59529000e-03 7.04000000e-06 -2.58800000e-04 1.06029000e-03 -4.42970000e-04 1.35540000e-04 1.04990000e-03 -5.55070000e-04 -1.12220000e-04 -2.58725000e-03 1.31330000e-04 3.29680000e-04 1.27011000e-03 1.31600000e-04 1.37780000e-04 3.57390000e-04 -7.82600000e-05 -6.02530000e-04 8.96560000e-04 -2.63360000e-04 -9.46000000e-06 -1.17744000e-03 2.19090000e-04 -1.38430000e-04 -1.44300000e-04 1.29700000e-05 4.46750000e-04 -1.83900000e-05 2.56610000e-04 -4.44050000e-04 -1.66540000e-03 -1.54800000e-05 9.53000000e-05 1.43561000e-03 -3.82920000e-04 9.06910000e-04 2.35511000e-03 4.30000000e-07 -2.42069000e-03 1.49179000e-03 -1.33960000e-04 1.22922000e-03 -6.77630000e-04 2.75200000e-04 1.26763000e-03 2.53700000e-05 -7.27250000e-04 6.83160000e-04 6.15720000e-04 -3.14400000e-05 4.54600000e-05 5.69800000e-05 7.52500000e-04 -1.65667000e-03 4.27080000e-03 6.23760000e-04 -2.32840000e-04 3.36240000e-04 -3.69840000e-04 5.22260000e-04 2.49920000e-04 -7.58210000e-04 1.39900000e-05 3.82980000e-04 1.62940000e-04 2.41880000e-04 6.25410000e-04 -1.01136000e-03 -3.67520000e-04 -1.63030000e-04 -6.66430000e-04 -2.03144000e-03 -4.52690000e-04 -1.53250000e-03 -1.52909000e-03 1.59520000e-03 2.77918000e-03 4.99480000e-04 2.80490000e-04 5.17450000e-04 1.59083000e-03 -1.12377000e-03 9.95240000e-04 1.52013000e-03 -3.27660000e-04 3.81760000e-04 3.63940000e-04 -4.72000000e-06 1.71770000e-04 -3.80870000e-04 -6.60660000e-04 9.23800000e-05 2.62534000e-03 1.32804000e-03 3.68330000e-04 3.19272200e-02 1.16371000e-03 -3.81040000e-04
-9.39660000e-04 2.10097000e-03 1.18050000e-03 8.85090000e-04 1.17768000e-03 -9.95400000e-05 1.49444000e-03 -9.02410000e-04 -6.31540000e-04 1.96206000e-03 1.25000000e-04 9.74200000e-05 1.82665000e-03 -7.24130000e-04 1.88670000e-04 1.94347000e-03 -1.02641000e-03 -1.37180000e-04 -3.42486000e-03 2.38480000e-04 7.71170000e-04 2.03165000e-03 1.68000000e-04 -1.60000000e-05 6.80190000e-04 -2.82070000e-04 -9.50390000e-04 1.61263000e-03 -3.47250000e-04 -4.73900000e-04 -1.94566000e-03 4.39090000e-04 -1.99280000e-04 -4.12630000e-04 1.12650000e-04 1.10025000e-03 1.27800000e-05 2.99100000e-04 -7.79580000e-04 -2.65237000e-03 3.15700000e-05 3.87380000e-04 2.11156000e-03 -6.45980000e-04 1.64295000e-03 4.13122000e-03 3.46700000e-05 -3.93738000e-03 2.48412000e-03 -3.26820000e-04 2.18824000e-03 -1.21660000e-03 4.61900000e-04 2.19112000e-03 2.36590000e-04 -1.22282000e-03 1.14813000e-03 8.37270000e-04 2.98990000e-04 4.13650000e-04 2.24700000e-04 1.51793000e-03 -2.93204000e-03 7.03060000e-03 1.06258000e-03 -4.25300000e-04 2.40280000e-04 -5.37610000e-04 9.35110000e-04 3.67300000e-04 -1.17003000e-03 7.66900000e-05 6.42700000e-04 3.04670000e-04 4.25890000e-04 9.27870000e-04 -1.57355000e-03 -5.57060000e-04 -4.07700000e-04 -1.05164000e-03 -3.30387000e-03 -7.39920000e-04 -1.63107000e-03 -2.35283000e-03 2.79394000e-03 4.93095000e-03 8.35980000e-04 2.38390000e-04 7.37130000e-04 2.01455000e-03 -2.11292000e-03 1.29989000e-03 1.93588000e-03 -3.14500000e-05 2.17690000e-04 9.39940000e-04 -7.20010000e-04 7.53220000e-04 -1.03165000e-03 -1.37919000e-03 -9.03100000e-05 4.40997000e-03 2.35870000e-03 2.75860000e-04 1.16371000e-03 2.39210900e-02 -7.32410000e-04
8.36520000e-04 -6.63840000e-04 -5.05550000e-04 -6.68900000e-05 -3.01910000e-04 3.46150000e-04 -5.26150000e-04 4.83080000e-04 3.73270000e-04 -8.47120000e-04 1.67190000e-04 8.22500000e-05 -5.30080000e-04 4.72370000e-04 1.12630000e-04 -4.17960000e-04 6.72000000e-05 1.05340000e-04 1.10980000e-03 -1.06950000e-04 -2.64070000e-04 -6.53190000e-04 -1.80510000e-04 -1.30500000e-05 -1.98000000e-06 1.67400000e-05 3.59590000e-04 -5.09370000e-04 3.37850000e-04 3.44680000e-04 8.06730000e-04 -6.13300000e-05 2.67570000e-04 3.64890000e-04 1.23220000e-04 -3.02950000e-04 3.15000000e-05 3.11100000e-05 4.30250000e-04 1.06720000e-03 5.24400000e-05 1.21410000e-04 -1.07406000e-03 3.16720000e-04 -4.29400000e-04 -1.42726000e-03 -4.26800000e-05 1.30663000e-03 -9.62340000e-04 2.77850000e-04 -5.65570000e-04 5.87560000e-04 -3.10880000e-04 -6.35040000e-04 1.02010000e-04 7.85750000e-04 -3.19690000e-04 -2.57870000e-04 -1.38160000e-04 6.70000000e-07 9.58500000e-05 -2.57570000e-04 1.25837000e-03 -3.02867000e-03 -2.62060000e-04 3.26810000e-04 -3.26220000e-04 4.11510000e-04 -2.07790000e-04 -2.08290000e-04 6.44050000e-04 -9.49900000e-05 -2.87800000e-05 -2.17950000e-04 -1.43980000e-04 -2.81410000e-04 7.28860000e-04 3.05900000e-04 4.14720000e-04 5.30190000e-04 1.18067000e-03 4.18440000e-04 5.99980000e-04 7.28210000e-04 -9.35690000e-04 -1.85541000e-03 -2.28460000e-04 -9.03300000e-05 -1.78400000e-04 -9.06710000e-04 9.38070000e-04 -5.66340000e-04 -9.51090000e-04 3.30000000e-04 -1.80590000e-04 -1.45920000e-04 2.93600000e-05 -1.02980000e-04 7.43660000e-04 5.85270000e-04 2.23040000e-04 -1.72932000e-03 -8.59450000e-04 -3.61500000e-05 -3.81040000e-04 -7.32410000e-04 1.78187800e-02
