1.29374000e-02 3.13270000e-04 -3.21320000e-04 2.53080000e-04 -4.99080000e-04 -6.24530000e-04 4.86950000e-04 -4.40590000e-04 3.25740000e-04 1.34191000e-03 -1.52790000e-04 9.31870000e-04 4.25310000e-04 3.24230000e-04 1.02892000e-03 1.50350000e-04 3.26750000e-04 -3.27000000e-05 4.19270000e-04 2.89730000e-04 3.13300000e-05 8.04080000e-04 8.77600000e-05 2.69940000e-04 7.26130000e-04 9.80990000e-04 -3.57360000e-04 9.51430000e-04 -2.57170000e-04 8.49220000e-04 -7.88140000e-04 -9.48100000e-05 -7.77500000e-05 -1.52110000e-04 -2.22000000e-05 2.59660000e-04 1.05590000e-04 -1.50690000e-04 4.34700000e-05 1.96510000e-04 -1.59700000e-05 6.35790000e-04 -3.51180000e-04 -2.77780000e-04 7.62690000e-04 1.62352000e-03 1.19990000e-04 -3.84000000e-05 3.78210000e-04 -4.47940000e-04 1.59040000e-04 -4.96610000e-04 1.48360000e-04 2.89850000e-04 -2.19710000e-04 -6.85030000e-04 6.69800000e-05 3.69670000e-04 -1.13500000e-05 7.82510000e-04 2.15820000e-04 7.10270000e-04 -1.90880000e-04 -5.74940000e-04 2.24330000e-04 -3.27410000e-04 7.25920000e-04 3.85230000e-04 -1.39150000e-03 -1.15300000e-05 -3.83630000e-04 1.05140000e-04 -2.53280000e-04 3.42760000e-04 -8.77700000e-05 -7.90970000e-04 2.82200000e-04 -4.19700000e-04 -1.00521000e-03 -6.36300000e-04 -1.03588000e-03 4.15700000e-05 -1.01879000e-03 -1.62620000e-04 -1.91790000e-04 -1.45430000e-04 -9.09470000e-04 3.79950000e-04 3.30870000e-04 1.28278000e-03 -4.71120000e-04 -5.31700000e-05 9.64000000e-05 -1.15890000e-04 -4.95470000e-04 2.11410000e-04 7.01900000e-04 5.72890000e-04 -5.09700000e-05 -1.18530000e-04 -4.75920000e-04 1.56996000e-03 8.06060000e-04 3.82870000e-04 6.66330000e-04 -2.62000000e-04 -3.30050000e-04
3.13270000e-04 1.23295800e-02 -3.39260000e-04 5.99470000e-04 5.62900000e-05 -3.85300000e-05 5.40700000e-04 -2.47600000e-04 9.56170000e-04 1.20340000e-03 -8.17000000e-06 2.12872000e-03 6.29700000e-04 6.70020000e-04 1.62320000e-04 7.67000000e-05 -7.88780000e-04 -3.14240000e-04 7.69650000e-04 -2.12740000e-04 -5.93700000e-05 3.46670000e-04 6.75130000e-04 4.55000000e-06 3.17900000e-05 8.73400000e-04 -2.38270000e-04 1.63049000e-03 -2.95710000e-04 1.01582000e-03 -1.27472000e-03 2.86330000e-04 5.27540000e-04 -1.31040000e-04 -1.22250000e-04 4.68000000e-06 -2.42300000e-04 -3.90550000e-04 3.65430000e-04 3.98540000e-04 -1.86890000e-04 -8.35650000e-04 -4.98040000e-04 -2.56800000e-04 6.86580000e-04 2.31610000e-03 -3.32850000e-04 7.24730000e-04 8.89930000e-04 3.46510000e-04 1.14120000e-03 -5.17490000e-04 -3.08760000e-04 -2.38420000e-04 1.19610000e-04 -4.32900000e-04 2.80520000e-04 6.22720000e-04 -1.91550000e-04 8.78750000e-04 3.38480000e-04 1.96520000e-04 -6.54020000e-04 1.02360000e-04 6.53100000e-04 7.68800000e-05 5.49600000e-05 8.73820000e-04 -9.79400000e-04 1.29260000e-04 -8.09240000e-04 -1.78880000e-04 1.78760000e-04 -1.67870000e-04 6.29080000e-04 -6.13760000e-04 7.29920000e-04 -1.19600000e-04 -5.09360000e-04 -2.64570000e-04 -1.76175000e-03 -1.60000000e-04 -1.27173000e-03 -1.93826000e-03 -2.87700000e-05 -2.80090000e-04 -1.80233000e-03 -1.59620000e-04 6.93640000e-04 1.32725000e-03 -1.05544000e-03 9.70800000e-05 -1.13350000e-04 -5.98260000e-04 -3.59910000e-04 1.75820000e-04 -2.69350000e-04 7.46140000e-04 -4.26130000e-04 -8.59510000e-04 9.94800000e-05 2.39665000e-03 1.11788000e-03 1.58490000e-04 7.57840000e-04 -9.62280000e-04 -3.37480000e-04
-3.21320000e-04 -3.39260000e-04 1.98888100e-02 -2.11060000e-04 1.35930000e-04 2.07870000e-04 -2.61850000e-04 2.71290000e-04 -3.77020000e-04 -8.30650000e-04 1.26300000e-04 -8.88940000e-04 -2.20550000e-04 -2.75240000e-04 -3.86840000e-04 1.26300000e-04 3.55640000e-04 1.52740000e-04 -3.40280000e-04 4.96000000e-06 6.01400000e-05 -3.04560000e-04 -5.09240000e-04 -4.87400000e-05 -2.49180000e-04 -4.24680000e-04 4.17750000e-04 -7.73440000e-04 3.72060000e-04 -5.98690000e-04 8.96250000e-04 -5.54900000e-05 -9.28900000e-05 1.96770000e-04 1.43170000e-04 7.12100000e-05 5.49700000e-05 2.54450000e-04 -6.04900000e-05 -6.11900000e-05 1.19710000e-04 3.19150000e-04 4.65640000e-04 2.13770000e-04 -5.16170000e-04 -1.19810000e-03 1.01280000e-04 -1.88790000e-04 -3.57260000e-04 8.56200000e-05 -5.34130000e-04 4.41090000e-04 1.14260000e-04 2.92000000e-05 8.43800000e-05 6.01230000e-04 5.83400000e-05 -2.63570000e-04 -1.80600000e-05 -4.88680000e-04 -1.00920000e-04 -1.02010000e-04 3.62790000e-04 1.70710000e-04 -2.07470000e-04 2.58840000e-04 -2.51250000e-04 -3.55090000e-04 9.42540000e-04 1.06410000e-04 6.78980000e-04 5.65600000e-05 1.37750000e-04 -1.44300000e-05 -1.01780000e-04 6.95250000e-04 -2.89250000e-04 2.82010000e-04 6.71200000e-04 4.10120000e-04 1.16838000e-03 8.80800000e-05 8.64640000e-04 1.09613000e-03 1.03030000e-04 1.54930000e-04 1.13778000e-03 1.86920000e-04 -2.39020000e-04 -8.74320000e-04 7.46210000e-04 -3.77700000e-05 1.72800000e-05 3.14810000e-04 5.90510000e-04 -1.47260000e-04 -1.83790000e-04 -3.56010000e-04 2.98790000e-04 4.04350000e-04 2.17930000e-04 -1.42221000e-03 -7.10610000e-04 -1.10490000e-04 -3.91170000e-04 5.39600000e-04 3.74770000e-04
2.53080000e-04 5.99470000e-04 -2.11060000e-04 2.06271100e-02 -9.12500000e-05 5.49500000e-05 6.02340000e-04 -3.24100000e-04 5.09530000e-04 9.64890000e-04 9.88800000e-05 1.39700000e-03 5.83710000e-04 6.17970000e-04 3.12190000e-04 2.61170000e-04 -5.72190000e-04 -1.18280000e-04 5.58230000e-04 4.39000000e-06 5.80300000e-05 2.78660000e-04 2.98640000e-04 1.30200000e-05 1.80200000e-04 8.96950000e-04 -1.25770000e-04 1.32695000e-03 -1.27860000e-04 9.34320000e-04 -9.82480000e-04 2.40520000e-04 3.16140000e-04 2.94900000e-05 5.75500000e-05 2.52000000e-04 -3.51250000e-04 -2.75160000e-04 2.51510000e-04 4.23210000e-04 -1.57800000e-05 -1.84050000e-04 -2.99180000e-04 -2.50030000e-04 6.74750000e-04 1.98305000e-03 -7.54200000e-05 3.33460000e-04 7.00770000e-04 8.87600000e-05 1.00981000e-03 -3.97020000e-04 -8.89600000e-05 -1.71000000e-04 1.88030000e-04 -3.32230000e-04 3.31910000e-04 4.54450000e-04 -8.60600000e-05 8.36220000e-04 3.59860000e-04 4.93740000e-04 -4.60390000e-04 -7.44100000e-05 5.46230000e-04 -2.74600000e-05 5.83300000e-05 7.38980000e-04 -1.01319000e-03 2.34370000e-04 -5.13830000e-04 -5.29300000e-05 1.66460000e-04 2.67600000e-05 3.14020000e-04 -6.07970000e-04 5.06420000e-04 -1.82580000e-04 -3.85770000e-04 -3.16730000e-04 -1.46729000e-03 1.69000000e-05 -1.02977000e-03 -1.33321000e-03 5.13000000e-05 -2.48700000e-05 -1.26321000e-03 1.92800000e-04 6.18050000e-04 9.79600000e-04 -8.52680000e-04 9.01500000e-05 -8.60000000e-07 -3.24380000e-04 -2.84820000e-04 1.82270000e-04 -2.57750000e-04 5.54400000e-04 -2.49910000e-04 -5.96350000e-04 -7.06500000e-05 1.80320000e-03 8.87840000e-04 1.87340000e-04 6.02170000e-04 -6.06160000e-04 -1.96950000e-04
-4.99080000e-04 5.62900000e-05 1.35930000e-04 -9.12500000e-05 2.89531100e-02 2.69630000e-04 -1.06369000e-03 1.32810000e-03 4.02860000e-04 -8.15250000e-04 -7.14700000e-05 5.83460000e-04 -5.12760000e-04 -6.37960000e-04 -1.39007000e-03 -8.64550000e-04 -3.58260000e-04 -3.62640000e-04 -2.22250000e-04 -7.52890000e-04 -2.84240000e-04 -6.77180000e-04 1.27596000e-03 -1.61590000e-04 -1.13799000e-03 -1.35120000e-03 8.23000000e-06 -8.90890000e-04 -1.93100000e-05 -1.29199000e-03 4.32150000e-04 6.85700000e-05 2.79710000e-04 1.22600000e-04 -3.14090000e-04 -1.36107000e-03 -3.28200000e-05 3.04130000e-04 1.75920000e-04 -5.60310000e-04 -3.98600000e-04 -2.26701000e-03 1.78960000e-04 3.33010000e-04 -1.32894000e-03 -2.27668000e-03 -7.82050000e-04 9.43860000e-04 -2.35940000e-04 1.14572000e-03 -7.34690000e-04 6.38210000e-04 -6.14740000e-04 -2.55520000e-04 1.24200000e-04 9.58590000e-04 -3.38540000e-04 -1.58490000e-04 -3.49600000e-04 -1.11832000e-03 -5.51350000e-04 -1.66896000e-03 2.54270000e-04 1.14381000e-03 -1.10640000e-04 5.84750000e-04 -5.97710000e-04 -2.28740000e-04 1.69172000e-03 -3.42650000e-04 1.05360000e-04 -4.39220000e-04 3.10210000e-04 -7.56430000e-04 6.20790000e-04 9.58930000e-04 -2.31000000e-05 5.60620000e-04 7.77020000e-04 9.25540000e-04 1.00941000e-03 -5.00920000e-04 4.30940000e-04 -5.98670000e-04 6.55000000e-06 -3.55790000e-04 1.12920000e-04 -1.63355000e-03 -3.51670000e-04 -5.90420000e-04 8.90330000e-04 -9.75000000e-05 -6.15810000e-04 -5.04760000e-04 7.49420000e-04 -4.27950000e-04 1.48190000e-04 -1.64290000e-04 1.55170000e-04 9.70400000e-05 1.20477000e-03 -1.27724000e-03 -7.75710000e-04 -3.24160000e-04 -3.79390000e-04 -3.70010000e-04 3.62980000e-04
-6.24530000e-04 -3.85300000e-05 2.07870000e-04 5.49500000e-05 2.69630000e-04 1.22059700e-02 -1.18350000e-04 2.19500000e-04 4.83900000e-05 -6.64460000e-04 2.52090000e-04 -1.11780000e-04 -1.09080000e-04 8.76200000e-05 -8.26380000e-04 5.26700000e-05 -8.50530000e-04 2.61000000e-05 -1.16660000e-04 -2.44140000e-04 1.90600000e-05 -6.21000000e-04 -6.71000000e-06 -2.61360000e-04 -5.64430000e-04 -4.26880000e-04 2.52760000e-04 -1.43800000e-04 2.44550000e-04 -2.87720000e-04 4.54000000e-05 2.50400000e-04 4.02840000e-04 4.81130000e-04 1.36810000e-04 -2.60600000e-05 -1.21490000e-04 9.47200000e-05 1.75160000e-04 1.02030000e-04 7.96000000e-06 -5.29730000e-04 2.00710000e-04 2.51330000e-04 -3.90510000e-04 -4.81170000e-04 -1.26880000e-04 1.47620000e-04 2.04600000e-05 3.87970000e-04 5.04420000e-04 3.18270000e-04 -1.99340000e-04 -2.78150000e-04 2.46300000e-04 4.85320000e-04 2.10500000e-04 4.14400000e-05 -7.89700000e-05 -2.15810000e-04 6.96800000e-05 -3.51170000e-04 -5.48000000e-05 3.81900000e-04 1.15420000e-04 4.30510000e-04 -6.05830000e-04 1.05790000e-04 5.26650000e-04 2.17660000e-04 1.61770000e-04 -1.46990000e-04 3.73190000e-04 -3.29220000e-04 2.68670000e-04 4.88170000e-04 9.58300000e-05 2.18550000e-04 9.13080000e-04 4.68430000e-04 1.72750000e-04 1.87900000e-05 1.68240000e-04 -6.99790000e-04 2.25510000e-04 -6.88000000e-05 1.44400000e-04 -1.40020000e-04 6.00400000e-05 -5.91740000e-04 -1.86000000e-05 1.33830000e-04 -2.81400000e-05 5.63700000e-05 4.62200000e-04 1.46500000e-05 -8.42610000e-04 -1.37250000e-04 6.25100000e-05 -1.77750000e-04 4.40420000e-04 -4.64280000e-04 -2.74270000e-04 -2.08540000e-04 -2.61420000e-04 1.77000000e-04 3.46150000e-04
4.86950000e-04 5.40700000e-04 -2.61850000e-04 6.02340000e-04 -1.06369000e-03 -1.18350000e-04 1.57390200e-02 -1.42183000e-03 1.90650000e-04 1.46045000e-03 2.62880000e-04 1.16686000e-03 1.11868000e-03 1.31738000e-03 1.38856000e-03 1.15963000e-03 -4.08200000e-04 2.30310000e-04 7.08420000e-04 6.37840000e-04 3.53760000e-04 6.87880000e-04 -1.02445000e-03 7.36200000e-05 1.08571000e-03 2.02734000e-03 -1.61000000e-05 2.17012000e-03 -8.49000000e-06 2.08880000e-03 -1.23909000e-03 2.84910000e-04 1.38280000e-04 -2.60070000e-04 3.86950000e-04 1.67483000e-03 -3.22030000e-04 -6.16550000e-04 7.28300000e-05 9.74460000e-04 3.60370000e-04 1.62975000e-03 -4.18060000e-04 -5.82090000e-04 1.91056000e-03 4.13383000e-03 6.66090000e-04 -4.56780000e-04 1.01128000e-03 -7.98680000e-04 1.82986000e-03 -9.83330000e-04 4.55840000e-04 -8.12600000e-05 2.24200000e-04 -1.05569000e-03 7.11910000e-04 4.66290000e-04 2.84120000e-04 1.79517000e-03 8.65310000e-04 1.91151000e-03 -7.53040000e-04 -9.58370000e-04 7.45780000e-04 -5.78420000e-04 3.21900000e-04 1.03682000e-03 -2.41042000e-03 5.77600000e-04 -5.42140000e-04 3.47580000e-04 -7.53800000e-05 6.88420000e-04 -1.81850000e-04 -1.39108000e-03 4.38750000e-04 -5.86950000e-04 -9.07020000e-04 -1.06691000e-03 -2.36570000e-03 4.94870000e-04 -1.19306000e-03 -8.53170000e-04 1.54540000e-04 3.89320000e-04 -1.28828000e-03 1.62437000e-03 1.01678000e-03 1.29557000e-03 -1.57669000e-03 2.42150000e-04 5.42000000e-04 2.23140000e-04 -8.60010000e-04 6.30970000e-04 -6.65740000e-04 5.97960000e-04 -5.34390000e-04 -7.76390000e-04 -1.07904000e-03 2.83262000e-03 1.51648000e-03 3.87280000e-04 8.45830000e-04 -3.01850000e-04 -5.26150000e-04
-4.40590000e-04 -2.47600000e-04 2.71290000e-04 -3.24100000e-04 1.32810000e-03 2.19500000e-04 -1.42183000e-03 2.02908000e-02 1.06950000e-04 -1.16322000e-03 -1.41250000e-04 -1.54590000e-04 -8.54010000e-04 -1.05998000e-03 -1.48459000e-03 -1.04909000e-03 5.05900000e-05 -3.07910000e-04 -4.97910000e-04 -7.51520000e-04 -3.19530000e-04 -6.99380000e-04 1.16687000e-03 -9.45900000e-05 -1.20086000e-03 -1.81538000e-03 3.37700000e-05 -1.64740000e-03 8.56200000e-05 -1.84602000e-03 9.32280000e-04 -1.24740000e-04 7.58200000e-05 3.34980000e-04 -3.28560000e-04 -1.66805000e-03 1.77750000e-04 5.55540000e-04 9.31600000e-05 -8.01840000e-04 -4.00270000e-04 -2.15869000e-03 4.03080000e-04 4.90030000e-04 -1.78610000e-03 -3.57196000e-03 -7.87560000e-04 7.67390000e-04 -6.63240000e-04 1.07987000e-03 -1.48374000e-03 9.66360000e-04 -5.74750000e-04 -6.72300000e-05 -1.90000000e-05 1.24544000e-03 -5.06770000e-04 -3.16960000e-04 -3.93360000e-04 -1.55309000e-03 -7.55680000e-04 -1.97284000e-03 5.96990000e-04 1.14368000e-03 -4.15300000e-04 6.66860000e-04 -4.92960000e-04 -6.24630000e-04 2.16726000e-03 -4.44770000e-04 4.83520000e-04 -4.40030000e-04 2.57880000e-04 -7.57810000e-04 4.09810000e-04 1.30782000e-03 -2.52710000e-04 6.23050000e-04 9.87390000e-04 1.12446000e-03 1.87500000e-03 -5.31920000e-04 8.07370000e-04 2.10170000e-04 -6.56400000e-05 -4.25400000e-04 7.69630000e-04 -1.78943000e-03 -7.01880000e-04 -9.73170000e-04 1.52284000e-03 -1.95340000e-04 -6.48070000e-04 -3.88860000e-04 1.02562000e-03 -5.74700000e-04 5.16850000e-04 -3.59620000e-04 4.59140000e-04 5.32430000e-04 1.32705000e-03 -2.26320000e-03 -1.24982000e-03 -3.19030000e-04 -6.07080000e-04 2.92800000e-05 5.48810000e-04
3.25740000e-04 9.56170000e-04 -3.77020000e-04 5.09530000e-04 4.02860000e-04 4.83900000e-05 1.90650000e-04 1.06950000e-04 3.54142000e-02 1.13883000e-03 -1.09490000e-04 3.08588000e-03 6.47660000e-04 6.85000000e-04 -3.32200000e-04 -2.22930000e-04 -9.73000000e-04 -5.24460000e-04 7.86490000e-04 -5.44430000e-04 -2.04430000e-04 1.52990000e-04 1.35034000e-03 -1.29550000e-04 -3.20340000e-04 6.77070000e-04 -2.27840000e-04 1.78564000e-03 -4.44680000e-04 7.67180000e-04 -1.37723000e-03 3.79550000e-04 9.86700000e-04 -1.84190000e-04 -3.10540000e-04 -2.28070000e-04 -1.31170000e-04 -3.65850000e-04 5.06960000e-04 2.60680000e-04 -4.86520000e-04 -1.64292000e-03 -6.54090000e-04 -5.11500000e-05 3.49110000e-04 2.40160000e-03 -6.91920000e-04 1.27006000e-03 1.08425000e-03 7.80150000e-04 1.08269000e-03 -5.25140000e-04 -6.30010000e-04 -2.47460000e-04 1.98500000e-05 -4.43690000e-04 1.49690000e-04 7.90530000e-04 -4.16500000e-04 6.05220000e-04 2.02050000e-04 -2.73130000e-04 -7.44230000e-04 4.44710000e-04 7.74340000e-04 4.68510000e-04 8.00000000e-07 9.69440000e-04 -5.75350000e-04 -6.06900000e-05 -9.74390000e-04 -3.48650000e-04 1.79260000e-04 -5.06190000e-04 1.28395000e-03 -1.46720000e-04 9.97690000e-04 6.25700000e-05 -4.52210000e-04 6.16600000e-05 -1.53673000e-03 -3.90970000e-04 -1.28507000e-03 -2.36720000e-03 -7.83400000e-05 -6.87230000e-04 -2.09193000e-03 -6.56200000e-04 7.59130000e-04 1.46604000e-03 -1.10028000e-03 3.75600000e-05 -4.33980000e-04 -8.32040000e-04 -2.11130000e-04 1.14860000e-04 -3.57030000e-04 8.80310000e-04 -6.21690000e-04 -1.11562000e-03 3.94890000e-04 2.46798000e-03 9.13490000e-04 -6.26800000e-05 6.67850000e-04 -1.38093000e-03 -3.84550000e-04
1.34191000e-03 1.20340000e-03 -8.30650000e-04 9.64890000e-04 -8.15250000e-04 -6.64460000e-04 1.46045000e-03 -1.16322000e-03 1.13883000e-03 1.48739200e-02 -1.31060000e-04 3.09889000e-03 1.30635000e-03 1.32981000e-03 1.66330000e-03 5.14040000e-04 -5.28200000e-04 -2.30770000e-04 1.26894000e-03 2.98790000e-04 4.80800000e-05 1.27329000e-03 6.00240000e-04 2.13100000e-04 1.10932000e-03 2.42124000e-03 -7.18630000e-04 3.12244000e-03 -6.18260000e-04 2.47462000e-03 -2.48594000e-03 2.63110000e-04 3.24740000e-04 -3.80700000e-04 -5.57000000e-05 7.08960000e-04 -3.22980000e-04 -7.80160000e-04 3.54960000e-04 7.85260000e-04 -7.03700000e-05 4.13470000e-04 -9.99270000e-04 -7.79130000e-04 2.06550000e-03 5.06640000e-03 3.31700000e-05 3.32680000e-04 1.45578000e-03 -5.32400000e-04 1.85834000e-03 -1.33514000e-03 -1.49600000e-05 -2.09000000e-05 -7.51300000e-05 -1.56541000e-03 4.60030000e-04 1.02137000e-03 -1.88300000e-05 2.16054000e-03 7.70400000e-04 1.54749000e-03 -1.08616000e-03 -8.95000000e-04 1.01092000e-03 -6.16720000e-04 8.45400000e-04 1.48121000e-03 -3.28180000e-03 2.54650000e-04 -1.43184000e-03 3.62300000e-05 -1.67950000e-04 3.91450000e-04 2.67410000e-04 -1.98757000e-03 1.04250000e-03 -8.88460000e-04 -1.88822000e-03 -1.33050000e-03 -3.61164000e-03 1.27000000e-05 -2.65988000e-03 -2.35976000e-03 -1.86910000e-04 -2.12140000e-04 -3.06471000e-03 7.41030000e-04 1.22524000e-03 2.96621000e-03 -2.07316000e-03 6.38800000e-05 1.48830000e-04 -6.44230000e-04 -1.28146000e-03 5.52160000e-04 3.07860000e-04 1.43619000e-03 -6.27150000e-04 -1.20607000e-03 -8.55130000e-04 4.65347000e-03 2.32070000e-03 6.45230000e-04 1.59529000e-03 -1.30293000e-03 -8.47120000e-04
-1.52790000e-04 -8.17000000e-06 1.26300000e-04 9.88800000e-05 -7.14700000e-05 2.52090000e-04 2.62880000e-04 -1.41250000e-04 -1.09490000e-04 -1.31060000e-04 9.50196000e-03 -2.85000000e-05 2.40000000e-04 3.27630000e-04 4.43000000e-06 3.59260000e-04 -2.81970000e-04 1.84880000e-04 2.08300000e-05 1.42680000e-04 1.37670000e-04 -1.26480000e-04 -4.64880000e-04 6.70000000e-06 4.21600000e-05 3.44600000e-04 1.71670000e-04 2.47790000e-04 2.12820000e-04 1.90620000e-04 -5.55000000e-05 2.20180000e-04 1.60160000e-04 1.70880000e-04 2.67250000e-04 4.43630000e-04 1.75800000e-05 5.53000000e-06 2.36600000e-05 2.37040000e-04 1.61610000e-04 4.62640000e-04 1.39160000e-04 4.58600000e-05 1.40200000e-04 4.94050000e-04 2.24770000e-04 -6.66700000e-05 1.94470000e-04 2.03900000e-05 3.88550000e-04 -1.14600000e-05 1.47080000e-04 -8.56700000e-05 2.41800000e-04 1.48330000e-04 2.69660000e-04 -1.51800000e-05 9.59700000e-05 2.02960000e-04 1.88160000e-04 5.07030000e-04 -3.08800000e-05 -2.54200000e-05 2.26900000e-04 4.20000000e-06 -1.86760000e-04 2.65990000e-04 -2.01360000e-04 2.73990000e-04 1.70350000e-04 7.81500000e-05 1.57920000e-04 8.95700000e-05 -4.44600000e-05 -8.06500000e-05 -3.80800000e-05 4.85800000e-05 3.05600000e-04 -4.36800000e-05 -2.61100000e-04 2.33520000e-04 -8.22000000e-05 -9.51600000e-05 2.25970000e-04 2.43620000e-04 7.11400000e-05 4.66320000e-04 2.76510000e-04 -1.99090000e-04 -9.05100000e-05 1.27640000e-04 1.08690000e-04 2.42630000e-04 1.93110000e-04 1.58610000e-04 -4.22970000e-04 -3.81700000e-05 4.84800000e-05 -1.81900000e-05 5.77000000e-06 2.86900000e-05 3.29200000e-05 1.38600000e-05 7.04000000e-06 1.66250000e-04 1.67190000e-04
9.31870000e-04 2.12872000e-03 -8.88940000e-04 1.39700000e-03 5.83460000e-04 -1.11780000e-04 1.16686000e-03 -1.54590000e-04 3.08588000e-03 3.09889000e-03 -2.85000000e-05 3.32437400e-02 1.98048000e-03 1.96164000e-03 7.44200000e-05 2.20310000e-04 -2.03562000e-03 -9.23870000e-04 1.80633000e-03 -8.26870000e-04 -2.73380000e-04 5.70160000e-04 2.25093000e-03 -2.52980000e-04 -2.04230000e-04 2.51488000e-03 -6.07250000e-04 4.68294000e-03 -7.23720000e-04 2.47748000e-03 -3.37013000e-03 9.91560000e-04 1.63481000e-03 -6.28060000e-04 -3.98210000e-04 8.81500000e-05 -8.71200000e-04 -1.15399000e-03 8.65720000e-04 9.26630000e-04 -7.62670000e-04 -2.87049000e-03 -1.40763000e-03 -6.83770000e-04 1.61644000e-03 6.67477000e-03 -1.18244000e-03 2.25046000e-03 2.66554000e-03 1.15791000e-03 2.37709000e-03 -1.50789000e-03 -1.06310000e-03 -8.15200000e-04 3.78280000e-04 -9.41970000e-04 5.70450000e-04 1.51133000e-03 -5.07240000e-04 2.09779000e-03 7.16360000e-04 5.34950000e-04 -1.94773000e-03 3.55360000e-04 2.05958000e-03 2.10010000e-04 -1.66740000e-04 2.69342000e-03 -2.90853000e-03 2.08750000e-04 -1.87129000e-03 -6.01750000e-04 3.00090000e-04 -6.30460000e-04 2.00174000e-03 -1.45631000e-03 1.84886000e-03 -3.78630000e-04 -1.37281000e-03 -6.23820000e-04 -4.58582000e-03 -6.13090000e-04 -3.39386000e-03 -4.97382000e-03 -2.12000000e-06 -9.18500000e-04 -5.09022000e-03 -6.58410000e-04 2.11149000e-03 3.51094000e-03 -2.30369000e-03 1.81280000e-04 -6.59950000e-04 -1.47142000e-03 -4.44710000e-04 6.18780000e-04 -8.97380000e-04 1.96073000e-03 -1.44437000e-03 -2.63654000e-03 3.55210000e-04 6.30346000e-03 2.69875000e-03 8.21300000e-05 1.82303000e-03 -2.79938000e-03 -1.06374000e-03
4.25310000e-04 6.29700000e-04 -2.20550000e-04 5.83710000e-04 -5.12760000e-04 -1.09080000e-04 1.11868000e-03 -8.54010000e-04 6.47660000e-04 1.30635000e-03 2.40000000e-04 1.98048000e-03 2.21253400e-02 1.21678000e-03 8.10660000e-04 8.31230000e-04 -3.18510000e-04 1.60700000e-05 7.06630000e-04 2.71490000e-04 1.42360000e-04 4.42830000e-04 -6.55600000e-05 -1.63000000e-06 5.72860000e-04 2.00446000e-03 1.73200000e-05 2.18180000e-03 -6.40100000e-05 1.63441000e-03 -1.21564000e-03 4.40750000e-04 4.16630000e-04 -2.63490000e-04 2.58840000e-04 1.04413000e-03 -5.26430000e-04 -5.66110000e-04 1.83990000e-04 7.40490000e-04 8.66400000e-05 8.33400000e-04 -3.69470000e-04 -4.23980000e-04 1.30915000e-03 3.87620000e-03 2.17050000e-04 1.52880000e-04 1.13827000e-03 -2.40900000e-04 1.27434000e-03 -8.34350000e-04 1.37180000e-04 -1.85670000e-04 2.77940000e-04 -6.78160000e-04 5.73290000e-04 4.87250000e-04 9.29400000e-05 1.38770000e-03 6.09900000e-04 1.68736000e-03 -7.50720000e-04 -5.10550000e-04 9.11360000e-04 -2.97380000e-04 1.57320000e-04 1.15213000e-03 -1.87562000e-03 4.61130000e-04 -4.95300000e-04 8.24700000e-05 4.58700000e-05 2.86310000e-04 2.58050000e-04 -1.04837000e-03 5.37600000e-04 -3.89480000e-04 -7.62180000e-04 -7.38500000e-04 -2.17116000e-03 2.22000000e-04 -1.14301000e-03 -1.04821000e-03 1.70470000e-04 3.00370000e-04 -1.52132000e-03 1.15867000e-03 1.11910000e-03 1.27212000e-03 -1.27281000e-03 1.62660000e-04 1.51280000e-04 -8.81500000e-05 -3.93290000e-04 4.26450000e-04 -5.77660000e-04 6.86300000e-04 -4.86520000e-04 -9.18600000e-04 -5.79410000e-04 2.66418000e-03 1.25396000e-03 1.88850000e-04 7.23700000e-04 -7.51470000e-04 -3.84450000e-04
3.24230000e-04 6.70020000e-04 -2.75240000e-04 6.17970000e-04 -6.37960000e-04 8.76200000e-05 1.31738000e-03 -1.05998000e-03 6.85000000e-04 1.32981000e-03 3.27630000e-04 1.96164000e-03 1.21678000e-03 3.99056500e-02 8.43460000e-04 9.28560000e-04 -7.91100000e-04 1.31090000e-04 7.55230000e-04 3.40840000e-04 2.49380000e-04 3.99820000e-04 -3.50670000e-04 -3.19400000e-05 6.60030000e-04 1.95845000e-03 -1.64400000e-05 2.38548000e-03 -6.48700000e-05 1.88475000e-03 -1.45001000e-03 5.77220000e-04 5.53060000e-04 -1.88900000e-04 3.33240000e-04 1.37886000e-03 -4.73870000e-04 -6.08730000e-04 2.10600000e-04 8.80990000e-04 1.65870000e-04 8.74520000e-04 -4.67410000e-04 -3.83340000e-04 1.57570000e-03 4.23872000e-03 3.61630000e-04 1.19020000e-04 1.26387000e-03 -2.71920000e-04 1.92701000e-03 -9.17840000e-04 1.67150000e-04 -2.56320000e-04 3.18980000e-04 -8.53940000e-04 6.82800000e-04 5.57100000e-04 1.82130000e-04 1.58806000e-03 7.93090000e-04 1.66831000e-03 -8.74920000e-04 -5.41660000e-04 9.91460000e-04 -3.12400000e-04 5.90700000e-05 1.27708000e-03 -2.08117000e-03 5.51770000e-04 -6.80380000e-04 1.74220000e-04 9.20500000e-05 3.32820000e-04 3.07950000e-04 -1.17052000e-03 6.00120000e-04 -4.01030000e-04 -6.53720000e-04 -8.11930000e-04 -2.47562000e-03 3.48820000e-04 -1.39128000e-03 -1.57387000e-03 2.60650000e-04 2.38700000e-04 -1.66771000e-03 1.24162000e-03 1.20025000e-03 1.30030000e-03 -1.64030000e-03 2.36470000e-04 2.26720000e-04 -3.70000000e-05 -6.16800000e-04 5.71950000e-04 -8.99300000e-04 6.90560000e-04 -6.31240000e-04 -1.01387000e-03 -6.59610000e-04 2.88202000e-03 1.37211000e-03 1.98560000e-04 8.03850000e-04 -7.04250000e-04 -4.41050000e-04
1.02892000e-03 1.62320000e-04 -3.86840000e-04 3.12190000e-04 -1.39007000e-03 -8.26380000e-04 1.38856000e-03 -1.48459000e-03 -3.32200000e-04 1.66330000e-03 4.43000000e-06 7.44200000e-05 8.10660000e-04 8.43460000e-04 2.51956800e-02 9.12030000e-04 6.45320000e-04 3.64120000e-04 4.65860000e-04 9.79490000e-04 3.43680000e-04 1.15407000e-03 -1.09655000e-03 3.53270000e-04 1.63555000e-03 1.90903000e-03 -2.88790000e-04 1.45657000e-03 -1.71810000e-04 1.86059000e-03 -8.81880000e-04 -8.63100000e-05 -4.91660000e-04 -4.20490000e-04 3.12400000e-04 1.45805000e-03 -1.29950000e-04 -4.38040000e-04 -2.15920000e-04 6.22900000e-04 4.29310000e-04 2.45409000e-03 -4.13070000e-04 -6.27740000e-04 1.90798000e-03 3.23418000e-03 9.09260000e-04 -9.46720000e-04 4.91250000e-04 -1.37259000e-03 8.38060000e-04 -9.78780000e-04 7.46210000e-04 3.75880000e-04 -1.42160000e-04 -1.36449000e-03 3.65370000e-04 2.31060000e-04 4.61230000e-04 1.59306000e-03 6.32620000e-04 2.03045000e-03 -3.55350000e-04 -1.38820000e-03 2.77990000e-04 -9.98630000e-04 9.87280000e-04 4.88220000e-04 -2.57509000e-03 2.87340000e-04 -4.24490000e-04 5.37020000e-04 -4.94040000e-04 1.04238000e-03 -7.73940000e-04 -1.64009000e-03 6.75400000e-05 -8.22180000e-04 -1.57120000e-03 -1.39558000e-03 -1.82557000e-03 5.39660000e-04 -9.72710000e-04 4.44500000e-04 -7.40500000e-05 5.04260000e-04 -7.33300000e-04 1.69281000e-03 5.65090000e-04 1.38893000e-03 -1.15705000e-03 8.05600000e-05 6.34230000e-04 3.64470000e-04 -1.20825000e-03 5.19780000e-04 4.60420000e-04 4.66580000e-04 -2.57840000e-04 -1.43040000e-04 -1.50032000e-03 2.24415000e-03 1.33899000e-03 5.69610000e-04 7.94090000e-04 2.78000000e-05 -6.47300000e-04
1.50350000e-04 7.67000000e-05 1.26300000e-04 2.61170000e-04 -8.64550000e-04 5.26700000e-05 1.15963000e-03 -1.04909000e-03 -2.22930000e-04 5.14040000e-04 3.59260000e-04 2.20310000e-04 8.31230000e-04 9.28560000e-04 9.12030000e-04 2.82474800e-02 3.83800000e-05 3.67300000e-04 2.42190000e-04 6.09060000e-04 3.24010000e-04 2.87960000e-04 -1.43666000e-03 3.95000000e-06 7.55300000e-04 1.56095000e-03 3.41050000e-04 1.20327000e-03 3.29000000e-04 1.25839000e-03 -2.76190000e-04 1.97730000e-04 2.00200000e-05 -1.85340000e-04 4.79510000e-04 1.63585000e-03 -1.01130000e-04 -3.41920000e-04 -5.38700000e-05 7.77080000e-04 4.27540000e-04 2.01053000e-03 5.20300000e-05 -3.41010000e-04 1.21981000e-03 2.67010000e-03 7.33980000e-04 -6.78110000e-04 5.40370000e-04 -7.27100000e-04 9.70910000e-04 -5.63370000e-04 5.61730000e-04 -4.40800000e-05 2.61240000e-04 -4.43220000e-04 6.41180000e-04 8.10900000e-05 2.72680000e-04 1.10784000e-03 6.26210000e-04 1.88024000e-03 -3.32160000e-04 -8.11180000e-04 4.54880000e-04 -3.95870000e-04 4.79400000e-05 6.02430000e-04 -1.44656000e-03 5.93050000e-04 2.16140000e-04 3.53960000e-04 -3.56300000e-05 6.05430000e-04 -3.92000000e-04 -6.91760000e-04 4.48400000e-05 -3.42130000e-04 -2.42620000e-04 -6.58390000e-04 -1.05699000e-03 5.30640000e-04 -2.46980000e-04 4.52920000e-04 2.45030000e-04 5.54980000e-04 -5.75000000e-05 1.80022000e-03 6.89380000e-04 2.83250000e-04 -6.21010000e-04 1.76110000e-04 5.29730000e-04 6.55480000e-04 -1.37030000e-04 4.93960000e-04 -7.47690000e-04 1.59490000e-04 -1.56490000e-04 -2.99490000e-04 -8.36380000e-04 1.12146000e-03 6.23730000e-04 2.21820000e-04 3.30770000e-04 3.10710000e-04 -8.35500000e-05
3.26750000e-04 -7.88780000e-04 3.55640000e-04 -5.72190000e-04 -3.58260000e-04 -8.50530000e-04 -4.08200000e-04 5.05900000e-05 -9.73000000e-04 -5.28200000e-04 -2.81970000e-04 -2.03562000e-03 -3.18510000e-04 -7.91100000e-04 6.45320000e-04 3.83800000e-05 4.38710600e-02 2.50940000e-04 -5.98570000e-04 4.32770000e-04 -5.43300000e-05 3.46320000e-04 -5.20110000e-04 2.10720000e-04 4.80380000e-04 -7.63700000e-05 2.91980000e-04 -1.41767000e-03 2.02060000e-04 -6.69480000e-04 1.65889000e-03 -5.32270000e-04 -9.94900000e-04 -4.10800000e-04 -7.72000000e-06 -1.21330000e-04 -8.27600000e-05 2.56570000e-04 -4.54880000e-04 -4.42980000e-04 1.96590000e-04 1.66488000e-03 5.19570000e-04 2.16000000e-06 -3.15660000e-04 -1.62340000e-03 3.87600000e-04 -8.93530000e-04 -9.51440000e-04 -7.77250000e-04 -2.19992000e-03 3.04260000e-04 5.01880000e-04 5.80170000e-04 -3.92640000e-04 1.63280000e-04 -3.50380000e-04 -6.30220000e-04 1.44890000e-04 -6.75660000e-04 -4.08050000e-04 5.57580000e-04 7.53750000e-04 -5.05980000e-04 -7.34570000e-04 -3.46030000e-04 6.29780000e-04 -1.06402000e-03 7.78430000e-04 -1.99600000e-04 9.87910000e-04 2.78450000e-04 -4.90930000e-04 4.66460000e-04 -8.79440000e-04 4.30040000e-04 -7.09700000e-04 -9.28200000e-05 -4.44300000e-04 -3.58300000e-05 1.91369000e-03 6.52600000e-05 1.52046000e-03 3.44012000e-03 -2.16390000e-04 6.16040000e-04 1.92462000e-03 7.24970000e-04 -7.03000000e-04 -7.07360000e-04 1.29559000e-03 -4.68550000e-04 -1.35800000e-05 2.79490000e-04 1.90160000e-04 -5.91940000e-04 1.17464000e-03 -4.92610000e-04 5.09950000e-04 9.65800000e-04 -5.56310000e-04 -2.04280000e-03 -1.01557000e-03 4.54200000e-05 -5.55070000e-04 4.89770000e-04 6.72000000e-05
-3.27000000e-05 -3.14240000e-04 1.52740000e-04 -1.18280000e-04 -3.62640000e-04 2.61000000e-05 2.30310000e-04 -3.07910000e-04 -5.24460000e-04 -2.30770000e-04 1.84880000e-04 -9.23870000e-04 1.60700000e-05 1.31090000e-04 3.64120000e-04 3.67300000e-04 2.50940000e-04 1.35903000e-02 -1.99990000e-04 3.92680000e-04 1.98750000e-04 1.46600000e-05 -8.26320000e-04 6.20800000e-05 3.56260000e-04 1.97100000e-04 1.39770000e-04 -1.97670000e-04 2.27260000e-04 1.27540000e-04 3.20060000e-04 1.12310000e-04 -2.03170000e-04 1.07930000e-04 2.75920000e-04 5.99470000e-04 8.24200000e-05 8.88400000e-05 -1.60040000e-04 1.26640000e-04 3.23160000e-04 1.14948000e-03 2.01740000e-04 9.35300000e-05 2.70710000e-04 3.37500000e-05 4.81700000e-04 -5.11470000e-04 -1.45990000e-04 -4.04780000e-04 4.22100000e-05 1.89900000e-05 3.70440000e-04 1.05610000e-04 6.39100000e-05 -2.20500000e-05 1.63440000e-04 -1.82960000e-04 3.41870000e-04 1.11600000e-04 1.81030000e-04 6.70280000e-04 1.62290000e-04 -3.08880000e-04 -6.60300000e-05 -1.98310000e-04 3.52100000e-05 -9.25200000e-05 -2.03470000e-04 2.20910000e-04 3.40860000e-04 3.07500000e-04 -4.25600000e-05 3.37430000e-04 -4.16350000e-04 -8.98300000e-05 -2.80650000e-04 -8.04300000e-05 1.09380000e-04 -1.80770000e-04 2.08450000e-04 3.53520000e-04 2.17120000e-04 7.61100000e-04 1.83120000e-04 3.79010000e-04 6.52250000e-04 7.65680000e-04 -2.30200000e-05 -3.75430000e-04 9.80000000e-05 3.35200000e-05 2.44680000e-04 4.60510000e-04 -8.03000000e-06 1.33080000e-04 -1.14780000e-04 -2.23800000e-04 1.65770000e-04 3.17600000e-04 -3.51520000e-04 -5.43830000e-04 -1.77730000e-04 5.80600000e-05 -1.12220000e-04 5.40730000e-04 1.05340000e-04
4.19270000e-04 7.69650000e-04 -3.40280000e-04 5.58230000e-04 -2.22250000e-04 -1.16660000e-04 7.08420000e-04 -4.97910000e-04 7.86490000e-04 1.26894000e-03 2.08300000e-05 1.80633000e-03 7.06630000e-04 7.55230000e-04 4.65860000e-04 2.42190000e-04 -5.98570000e-04 -1.99990000e-04 1.39029400e-02 -1.85400000e-05 3.20000000e-07 4.88230000e-04 3.71910000e-04 7.25300000e-05 2.85570000e-04 1.12218000e-03 -2.25110000e-04 1.67392000e-03 -2.67700000e-04 1.19754000e-03 -1.25519000e-03 2.72150000e-04 4.31670000e-04 -1.49550000e-04 -2.85300000e-05 2.57220000e-04 -2.09400000e-04 -4.11250000e-04 2.95550000e-04 4.71670000e-04 -8.27400000e-05 -2.57680000e-04 -4.83250000e-04 -2.79870000e-04 8.99480000e-04 2.60034000e-03 -1.33070000e-04 4.92960000e-04 8.69360000e-04 9.04800000e-05 1.12857000e-03 -6.00460000e-04 -1.40240000e-04 -1.36550000e-04 8.96200000e-05 -5.71630000e-04 3.25970000e-04 6.00840000e-04 -9.73100000e-05 1.03215000e-03 4.17990000e-04 5.82390000e-04 -6.40630000e-04 -1.35290000e-04 6.35010000e-04 -6.20900000e-05 2.09000000e-04 8.53440000e-04 -1.24945000e-03 1.90560000e-04 -7.59020000e-04 -7.07200000e-05 9.90800000e-05 1.50000000e-05 4.40300000e-04 -7.77920000e-04 6.71670000e-04 -2.21070000e-04 -6.38450000e-04 -4.44410000e-04 -1.82942000e-03 -2.80100000e-05 -1.28477000e-03 -1.61492000e-03 -1.32400000e-05 -1.40920000e-04 -1.68252000e-03 2.15570000e-04 7.28580000e-04 1.34482000e-03 -1.13308000e-03 9.35800000e-05 -2.10000000e-06 -4.75950000e-04 -4.72020000e-04 2.18000000e-04 -2.26250000e-04 7.17760000e-04 -4.02370000e-04 -7.81810000e-04 -1.50420000e-04 2.45994000e-03 1.17702000e-03 2.21690000e-04 7.66300000e-04 -8.44840000e-04 -3.79690000e-04
2.89730000e-04 -2.12740000e-04 4.96000000e-06 4.39000000e-06 -7.52890000e-04 -2.44140000e-04 6.37840000e-04 -7.51520000e-04 -5.44430000e-04 2.98790000e-04 1.42680000e-04 -8.26870000e-04 2.71490000e-04 3.40840000e-04 9.79490000e-04 6.09060000e-04 4.32770000e-04 3.92680000e-04 -1.85400000e-05 1.19469700e-02 2.74540000e-04 3.81020000e-04 -1.05826000e-03 1.71190000e-04 8.23200000e-04 7.71030000e-04 5.81300000e-05 2.49420000e-04 1.15920000e-04 6.65290000e-04 1.95700000e-05 -3.74500000e-05 -3.33130000e-04 -9.09000000e-05 3.27200000e-04 9.93760000e-04 1.94000000e-05 -5.77200000e-05 -2.13570000e-04 3.07340000e-04 3.75370000e-04 1.78453000e-03 3.44000000e-05 -1.72470000e-04 7.88080000e-04 1.02374000e-03 6.98710000e-04 -7.50950000e-04 1.28900000e-05 -7.82010000e-04 2.90920000e-04 -3.08000000e-04 5.69990000e-04 2.34740000e-04 6.56000000e-06 -4.82360000e-04 2.31350000e-04 -9.88500000e-05 3.37670000e-04 5.79240000e-04 3.09570000e-04 1.18008000e-03 5.33300000e-05 -7.08020000e-04 -9.42000000e-06 -4.80370000e-04 3.76030000e-04 3.14400000e-05 -9.33390000e-04 2.31140000e-04 1.38860000e-04 3.93140000e-04 -2.21550000e-04 6.25440000e-04 -5.92170000e-04 -5.67730000e-04 -2.06830000e-04 -3.09630000e-04 -4.19060000e-04 -5.95460000e-04 -3.58320000e-04 4.53480000e-04 -3.00900000e-05 8.56120000e-04 8.85400000e-05 4.70280000e-04 3.68440000e-04 1.15265000e-03 1.48950000e-04 9.45700000e-05 -2.92860000e-04 6.59200000e-05 4.22760000e-04 5.23720000e-04 -4.08160000e-04 2.66800000e-04 7.51100000e-05 -6.12900000e-05 4.81500000e-05 2.34230000e-04 -7.82340000e-04 2.40210000e-04 2.61180000e-04 2.27540000e-04 1.31330000e-04 4.48110000e-04 -1.06950000e-04
3.13300000e-05 -5.93700000e-05 6.01400000e-05 5.80300000e-05 -2.84240000e-04 1.90600000e-05 3.53760000e-04 -3.19530000e-04 -2.04430000e-04 4.80800000e-05 1.37670000e-04 -2.73380000e-04 1.42360000e-04 2.49380000e-04 3.43680000e-04 3.24010000e-04 -5.43300000e-05 1.98750000e-04 3.20000000e-07 2.74540000e-04 7.72602000e-03 8.55200000e-05 -5.48970000e-04 3.92300000e-05 3.23360000e-04 2.61960000e-04 1.01430000e-04 1.84850000e-04 1.16870000e-04 3.46830000e-04 -1.19300000e-05 3.51400000e-05 -5.95400000e-05 9.23600000e-05 2.11690000e-04 5.84430000e-04 -1.28140000e-04 -8.84000000e-06 -5.80900000e-05 2.19620000e-04 1.86030000e-04 6.52890000e-04 3.95500000e-05 -6.20900000e-05 3.66250000e-04 5.15610000e-04 3.34270000e-04 -2.86480000e-04 9.43200000e-05 -2.56140000e-04 4.33560000e-04 -8.09400000e-05 2.42120000e-04 4.08600000e-05 9.05100000e-05 -1.48650000e-04 1.97300000e-04 -9.13000000e-06 1.52990000e-04 3.08300000e-04 2.11100000e-04 3.79530000e-04 -2.97000000e-06 -2.23940000e-04 7.33500000e-05 -1.23010000e-04 5.10200000e-05 9.45800000e-05 -3.50480000e-04 1.66480000e-04 5.20900000e-05 1.96360000e-04 -1.89000000e-06 2.83120000e-04 -1.37760000e-04 -1.80800000e-04 -6.99700000e-05 -5.86200000e-05 -2.97200000e-05 -1.95860000e-04 -1.78030000e-04 2.46090000e-04 1.39800000e-05 1.50490000e-04 9.40500000e-05 1.63130000e-04 1.72020000e-04 4.45170000e-04 1.35490000e-04 -2.58300000e-05 -2.20050000e-04 1.17080000e-04 2.22270000e-04 2.71360000e-04 -1.84550000e-04 2.02300000e-04 -1.83670000e-04 -3.87000000e-05 -5.74200000e-05 5.31200000e-05 -2.90560000e-04 1.37100000e-04 1.53590000e-04 7.62800000e-05 7.05800000e-05 2.51840000e-04 -3.80200000e-05
8.04080000e-04 3.46670000e-04 -3.04560000e-04 2.78660000e-04 -6.77180000e-04 -6.21000000e-04 6.87880000e-04 -6.99380000e-04 1.52990000e-04 1.27329000e-03 -1.26480000e-04 5.70160000e-04 4.42830000e-04 3.99820000e-04 1.15407000e-03 2.87960000e-04 3.46320000e-04 1.46600000e-05 4.88230000e-04 3.81020000e-04 8.55200000e-05 1.40522100e-02 -2.45930000e-04 2.96810000e-04 8.45800000e-04 1.03130000e-03 -2.82870000e-04 9.84210000e-04 -2.31090000e-04 1.05645000e-03 -7.08580000e-04 -9.70300000e-05 -1.56800000e-04 -2.35470000e-04 1.35000000e-05 4.33730000e-04 -7.21000000e-06 -2.41450000e-04 1.20000000e-05 3.06680000e-04 9.11500000e-05 8.45220000e-04 -3.54260000e-04 -3.33600000e-04 9.95200000e-04 1.83530000e-03 2.54340000e-04 -1.71800000e-04 3.60630000e-04 -5.53430000e-04 3.51590000e-04 -5.54190000e-04 2.39060000e-04 2.63870000e-04 -1.98420000e-04 -7.72400000e-04 1.45290000e-04 3.44250000e-04 5.33100000e-05 9.20230000e-04 3.12290000e-04 8.21250000e-04 -2.48690000e-04 -6.41380000e-04 1.93560000e-04 -4.05500000e-04 7.21290000e-04 3.27990000e-04 -1.35784000e-03 6.61000000e-05 -4.15990000e-04 1.80240000e-04 -2.53820000e-04 4.42300000e-04 -1.96260000e-04 -8.77860000e-04 2.72350000e-04 -4.02160000e-04 -1.02173000e-03 -7.13930000e-04 -1.12718000e-03 1.35670000e-04 -8.84450000e-04 -1.00160000e-04 -1.72130000e-04 9.10000000e-06 -8.44070000e-04 5.88320000e-04 3.27550000e-04 1.18965000e-03 -6.64070000e-04 -4.53300000e-05 1.89900000e-04 -1.53510000e-04 -6.78750000e-04 1.58870000e-04 5.04550000e-04 4.98960000e-04 -1.53780000e-04 -1.59230000e-04 -6.21640000e-04 1.69000000e-03 9.02130000e-04 3.99140000e-04 6.70840000e-04 -2.97640000e-04 -4.32740000e-04
8.77600000e-05 6.75130000e-04 -5.09240000e-04 2.98640000e-04 1.27596000e-03 -6.71000000e-06 -1.02445000e-03 1.16687000e-03 1.35034000e-03 6.00240000e-04 -4.64880000e-04 2.25093000e-03 -6.55600000e-05 -3.50670000e-04 -1.09655000e-03 -1.43666000e-03 -5.20110000e-04 -8.26320000e-04 3.71910000e-04 -1.05826000e-03 -5.48970000e-04 -2.45930000e-04 1.23376580e-01 -2.34350000e-04 -1.09176000e-03 -5.35430000e-04 -6.08700000e-04 4.95460000e-04 -7.59250000e-04 -5.17990000e-04 -1.04884000e-03 1.69300000e-04 5.47460000e-04 4.22400000e-05 -7.35670000e-04 -2.07972000e-03 -1.11027000e-03 -8.49200000e-05 4.72200000e-04 -6.79740000e-04 -8.17350000e-04 -3.15761000e-03 -5.22820000e-04 1.10090000e-04 -9.47200000e-04 -2.96210000e-04 -1.40172000e-03 1.54758000e-03 4.06810000e-04 1.20497000e-03 -1.55410000e-04 1.16170000e-04 -1.09589000e-03 -3.32000000e-04 -1.07740000e-04 1.16480000e-04 -4.95940000e-04 5.57720000e-04 -3.88840000e-04 -5.54780000e-04 -5.50520000e-04 -1.61232000e-03 -3.35330000e-04 1.04695000e-03 2.97690000e-04 5.47280000e-04 -6.68700000e-05 2.97170000e-04 6.36470000e-04 -5.78960000e-04 -1.13027000e-03 -7.02650000e-04 2.21940000e-04 -1.01596000e-03 1.31971000e-03 1.65770000e-04 6.95880000e-04 1.22430000e-04 -3.02730000e-04 5.61400000e-04 -4.71860000e-04 -9.52500000e-04 -6.87480000e-04 -2.43014000e-03 -2.96350000e-04 -7.75620000e-04 -1.82941000e-03 -2.15485000e-03 4.67200000e-05 1.04066000e-03 -4.28200000e-04 -6.08200000e-05 -7.80300000e-04 -1.35138000e-03 -1.05250000e-04 -3.33510000e-04 5.92100000e-04 6.28700000e-04 -3.26900000e-04 -7.69460000e-04 9.79710000e-04 1.15416000e-03 3.72770000e-04 -2.66780000e-04 1.31600000e-04 -1.57356000e-03 -1.80510000e-04
2.69940000e-04 4.55000000e-06 -4.87400000e-05 1.30200000e-05 -1.61590000e-04 -2.61360000e-04 7.36200000e-05 -9.45900000e-05 -1.29550000e-04 2.13100000e-04 6.70000000e-06 -2.52980000e-04 -1.63000000e-06 -3.19400000e-05 3.53270000e-04 3.95000000e-06 2.10720000e-04 6.20800000e-05 7.25300000e-05 1.71190000e-04 3.92300000e-05 2.96810000e-04 -2.34350000e-04 1.47499100e-02 2.73570000e-04 1.24640000e-04 -9.88600000e-05 -6.28300000e-05 -2.75200000e-05 6.75200000e-05 -3.11200000e-05 -7.59200000e-05 -1.07520000e-04 1.08600000e-05 5.24000000e-05 -3.46000000e-06 2.07700000e-04 8.14800000e-05 -4.31800000e-05 -3.06000000e-06 5.83700000e-05 3.52770000e-04 -8.62000000e-06 4.76000000e-06 9.12800000e-05 -6.49100000e-05 1.39200000e-04 -5.61600000e-05 -5.42800000e-05 -1.15880000e-04 -1.90840000e-04 -3.80100000e-05 1.44550000e-04 1.93350000e-04 -6.95500000e-05 -8.50100000e-05 -6.87000000e-06 1.16000000e-05 1.37500000e-05 9.30900000e-05 5.96000000e-06 1.59530000e-04 1.28720000e-04 -1.29700000e-04 -5.07500000e-05 -1.19690000e-04 2.98830000e-04 -4.16500000e-05 -1.75000000e-04 -1.12500000e-05 2.00800000e-05 7.32600000e-05 -8.14400000e-05 1.60250000e-04 -1.77110000e-04 -1.83670000e-04 -4.46700000e-05 -1.89300000e-05 -1.85880000e-04 -1.66630000e-04 -5.02600000e-05 9.84900000e-05 -1.78890000e-04 2.46420000e-04 -3.40000000e-05 4.70300000e-05 5.56000000e-06 9.83800000e-05 -1.70200000e-05 1.53120000e-04 6.72400000e-05 -1.04200000e-05 5.05700000e-05 2.01600000e-05 -8.99000000e-05 -4.93000000e-06 3.64820000e-04 4.27600000e-05 1.25630000e-04 2.37810000e-04 -6.15900000e-05 8.80000000e-05 8.94800000e-05 1.57850000e-04 1.37780000e-04 7.41000000e-05 -1.30500000e-05
7.26130000e-04 3.17900000e-05 -2.49180000e-04 1.80200000e-04 -1.13799000e-03 -5.64430000e-04 1.08571000e-03 -1.20086000e-03 -3.20340000e-04 1.10932000e-03 4.21600000e-05 -2.04230000e-04 5.72860000e-04 6.60030000e-04 1.63555000e-03 7.55300000e-04 4.80380000e-04 3.56260000e-04 2.85570000e-04 8.23200000e-04 3.23360000e-04 8.45800000e-04 -1.09176000e-03 2.73570000e-04 8.45176000e-03 1.38028000e-03 -1.54830000e-04 9.97600000e-04 -8.64200000e-05 1.39943000e-03 -5.47490000e-04 -6.65100000e-05 -3.70450000e-04 -2.86410000e-04 2.94710000e-04 1.29388000e-03 -7.01400000e-05 -2.86670000e-04 -2.04860000e-04 5.01950000e-04 3.80510000e-04 2.06833000e-03 -2.86920000e-04 -4.20460000e-04 1.47523000e-03 2.38096000e-03 8.06820000e-04 -8.15870000e-04 3.22860000e-04 -1.10208000e-03 6.92480000e-04 -7.26290000e-04 6.43790000e-04 3.28680000e-04 -1.12530000e-04 -1.06721000e-03 2.96920000e-04 1.35070000e-04 3.85230000e-04 1.18802000e-03 5.12080000e-04 1.56391000e-03 -2.17540000e-04 -1.08686000e-03 1.63930000e-04 -7.41450000e-04 7.55160000e-04 3.03440000e-04 -1.87571000e-03 2.35940000e-04 -2.55200000e-04 4.80640000e-04 -3.99400000e-04 8.58220000e-04 -6.10930000e-04 -1.15635000e-03 6.83000000e-06 -5.86150000e-04 -1.11389000e-03 -1.05207000e-03 -1.21728000e-03 4.99270000e-04 -6.11250000e-04 5.04650000e-04 -2.31900000e-05 4.08880000e-04 -3.47040000e-04 1.39150000e-03 3.94580000e-04 8.92660000e-04 -8.85210000e-04 7.27600000e-05 5.21920000e-04 3.83550000e-04 -9.48890000e-04 4.14890000e-04 2.55890000e-04 2.59840000e-04 -2.10500000e-04 -3.17200000e-05 -1.20830000e-03 1.50134000e-03 9.10010000e-04 4.04430000e-04 5.34460000e-04 1.41200000e-04 -4.90290000e-04
9.80990000e-04 8.73400000e-04 -4.24680000e-04 8.96950000e-04 -1.35120000e-03 -4.26880000e-04 2.02734000e-03 -1.81538000e-03 6.77070000e-04 2.42124000e-03 3.44600000e-04 2.51488000e-03 2.00446000e-03 1.95845000e-03 1.90903000e-03 1.56095000e-03 -7.63700000e-05 1.97100000e-04 1.12218000e-03 7.71030000e-04 2.61960000e-04 1.03130000e-03 -5.35430000e-04 1.24640000e-04 1.38028000e-03 3.70852100e-02 -6.64300000e-05 3.52972000e-03 -1.30830000e-04 2.88618000e-03 -1.99990000e-03 5.87500000e-04 3.85290000e-04 -4.54040000e-04 4.90040000e-04 1.96258000e-03 -6.40320000e-04 -9.26290000e-04 1.69950000e-04 1.25577000e-03 3.12780000e-04 2.49276000e-03 -5.99960000e-04 -7.67440000e-04 2.43673000e-03 6.59286000e-03 6.46580000e-04 -2.37740000e-04 1.68658000e-03 -9.42170000e-04 1.88090000e-03 -1.53197000e-03 5.14440000e-04 -9.83700000e-05 3.05290000e-04 -1.43688000e-03 9.30240000e-04 7.63780000e-04 3.26830000e-04 2.49339000e-03 1.07563000e-03 3.49465000e-03 -1.13475000e-03 -1.34083000e-03 1.32674000e-03 -7.79840000e-04 6.15930000e-04 1.75405000e-03 -3.61851000e-03 8.06680000e-04 -7.13660000e-04 3.06120000e-04 -1.19430000e-04 7.54870000e-04 -5.88800000e-05 -2.05595000e-03 7.57120000e-04 -9.09800000e-04 -1.58657000e-03 -1.57483000e-03 -3.65424000e-03 5.21200000e-04 -1.95612000e-03 -1.04550000e-03 2.17070000e-04 6.82310000e-04 -2.27834000e-03 2.55370000e-03 1.74783000e-03 2.21269000e-03 -2.11850000e-03 2.38770000e-04 5.12560000e-04 1.51360000e-04 -8.21950000e-04 8.02990000e-04 -6.44130000e-04 1.12481000e-03 -5.81530000e-04 -1.27862000e-03 -1.40015000e-03 4.41644000e-03 2.17309000e-03 4.81920000e-04 1.26763000e-03 -8.64900000e-04 -6.35040000e-04
-3.57360000e-04 -2.38270000e-04 4.17750000e-04 -1.25770000e-04 8.23000000e-06 2.52760000e-04 -1.61000000e-05 3.37700000e-05 -2.27840000e-04 -7.18630000e-04 1.71670000e-04 -6.07250000e-04 1.73200000e-05 -1.64400000e-05 -2.88790000e-04 3.41050000e-04 2.91980000e-04 1.39770000e-04 -2.25110000e-04 5.81300000e-05 1.01430000e-04 -2.82870000e-04 -6.08700000e-04 -9.88600000e-05 -1.54830000e-04 -6.64300000e-05 1.90097600e-02 -3.69980000e-04 3.65640000e-04 -2.69880000e-04 7.64510000e-04 2.97000000e-06 1.79900000e-05 7.35300000e-05 1.90880000e-04 4.06910000e-04 -1.15280000e-04 1.15780000e-04 -3.76800000e-05 1.14630000e-04 1.36480000e-04 5.33610000e-04 3.90170000e-04 1.25900000e-04 -2.41770000e-04 -3.70010000e-04 1.75020000e-04 -1.94510000e-04 -1.42380000e-04 3.24700000e-05 -1.98360000e-04 2.56350000e-04 1.56290000e-04 -2.43600000e-05 1.42530000e-04 4.20640000e-04 1.80390000e-04 -1.94890000e-04 -2.94100000e-05 -2.42030000e-04 2.25100000e-05 2.14830000e-04 2.01560000e-04 8.25000000e-05 -5.87800000e-05 2.38570000e-04 -2.63840000e-04 -1.85360000e-04 7.23300000e-04 1.89900000e-04 5.82940000e-04 8.28700000e-05 1.27860000e-04 4.38900000e-05 9.60000000e-07 5.88720000e-04 -1.71080000e-04 2.51900000e-04 5.63350000e-04 3.06450000e-04 8.53250000e-04 1.43170000e-04 8.42880000e-04 9.75640000e-04 1.36080000e-04 2.34900000e-04 9.61710000e-04 4.69760000e-04 -3.30700000e-05 -7.50130000e-04 4.21510000e-04 -6.37000000e-06 5.77300000e-05 3.18560000e-04 4.68590000e-04 -8.68200000e-05 -4.56290000e-04 -2.88190000e-04 1.14940000e-04 1.74770000e-04 4.98800000e-05 -9.77270000e-04 -5.35370000e-04 -1.36190000e-04 -3.30880000e-04 3.59110000e-04 2.68880000e-04
9.51430000e-04 1.63049000e-03 -7.73440000e-04 1.32695000e-03 -8.90890000e-04 -1.43800000e-04 2.17012000e-03 -1.64740000e-03 1.78564000e-03 3.12244000e-03 2.47790000e-04 4.68294000e-03 2.18180000e-03 2.38548000e-03 1.45657000e-03 1.20327000e-03 -1.41767000e-03 -1.97670000e-04 1.67392000e-03 2.49420000e-04 1.84850000e-04 9.84210000e-04 4.95460000e-04 -6.28300000e-05 9.97600000e-04 3.52972000e-03 -3.69980000e-04 3.79049000e-02 -4.77640000e-04 3.43344000e-03 -3.14364000e-03 8.84900000e-04 1.03355000e-03 -4.63810000e-04 1.98840000e-04 1.65412000e-03 -9.09940000e-04 -1.21635000e-03 5.57740000e-04 1.42422000e-03 -1.95300000e-05 4.69170000e-04 -1.16160000e-03 -8.50170000e-04 2.73674000e-03 7.80301000e-03 7.14700000e-05 7.00310000e-04 2.41111000e-03 -2.58440000e-04 3.21838000e-03 -1.78246000e-03 -8.81800000e-05 -4.83230000e-04 3.82770000e-04 -1.69353000e-03 1.00750000e-03 1.33091000e-03 8.24000000e-05 2.91668000e-03 1.27089000e-03 2.48413000e-03 -1.77634000e-03 -8.24970000e-04 1.82347000e-03 -4.53200000e-04 3.29300000e-04 2.41853000e-03 -3.93340000e-03 7.25650000e-04 -1.67426000e-03 4.47500000e-05 1.26240000e-04 3.19710000e-04 8.87650000e-04 -2.22994000e-03 1.45848000e-03 -8.37570000e-04 -1.68887000e-03 -1.44555000e-03 -4.89359000e-03 1.98060000e-04 -3.04627000e-03 -3.58495000e-03 1.71080000e-04 -8.40000000e-07 -3.96882000e-03 1.48918000e-03 2.14052000e-03 3.18440000e-03 -3.08152000e-03 3.30040000e-04 2.05910000e-04 -6.17360000e-04 -1.23177000e-03 9.12250000e-04 -1.11973000e-03 1.67092000e-03 -1.21106000e-03 -2.16232000e-03 -9.76550000e-04 6.18248000e-03 2.93961000e-03 4.25560000e-04 1.77877000e-03 -1.83633000e-03 -1.01717000e-03
-2.57170000e-04 -2.95710000e-04 3.72060000e-04 -1.27860000e-04 -1.93100000e-05 2.44550000e-04 -8.49000000e-06 8.56200000e-05 -4.44680000e-04 -6.18260000e-04 2.12820000e-04 -7.23720000e-04 -6.40100000e-05 -6.48700000e-05 -1.71810000e-04 3.29000000e-04 2.02060000e-04 2.27260000e-04 -2.67700000e-04 1.15920000e-04 1.16870000e-04 -2.31090000e-04 -7.59250000e-04 -2.75200000e-05 -8.64200000e-05 -1.30830000e-04 3.65640000e-04 -4.77640000e-04 1.97060000e-02 -3.02300000e-04 6.64750000e-04 1.64200000e-05 -9.16400000e-05 1.95810000e-04 2.40300000e-04 3.07390000e-04 7.83000000e-05 1.70100000e-04 -6.37200000e-05 8.14500000e-05 1.97950000e-04 5.68130000e-04 4.27790000e-04 1.20390000e-04 -2.25080000e-04 -6.69270000e-04 2.33020000e-04 -3.13570000e-04 -2.26430000e-04 -6.02600000e-05 -2.84460000e-04 3.12730000e-04 1.94760000e-04 -3.48000000e-06 1.47790000e-04 5.05300000e-04 1.75480000e-04 -2.33600000e-04 5.85300000e-05 -2.12500000e-04 2.92100000e-05 2.10150000e-04 2.51140000e-04 -1.04500000e-05 -7.93600000e-05 1.00830000e-04 -2.53980000e-04 -1.58590000e-04 4.40390000e-04 2.25200000e-04 6.48020000e-04 9.73500000e-05 1.34660000e-04 9.36500000e-05 -2.47750000e-04 3.88920000e-04 -2.73260000e-04 1.48980000e-04 5.93180000e-04 2.16460000e-04 7.25220000e-04 1.88410000e-04 5.84800000e-04 9.10790000e-04 1.64400000e-04 2.36690000e-04 9.06990000e-04 4.38880000e-04 -7.79100000e-05 -7.18090000e-04 5.90420000e-04 1.74500000e-05 1.17000000e-04 4.02550000e-04 5.30940000e-04 -1.34200000e-05 -2.87190000e-04 -2.86640000e-04 2.72600000e-04 3.22320000e-04 8.69600000e-05 -1.03010000e-03 -4.76640000e-04 -2.68900000e-05 -2.63360000e-04 5.82170000e-04 3.37850000e-04
8.49220000e-04 1.01582000e-03 -5.98690000e-04 9.34320000e-04 -1.29199000e-03 -2.87720000e-04 2.08880000e-03 -1.84602000e-03 7.67180000e-04 2.47462000e-03 1.90620000e-04 2.47748000e-03 1.63441000e-03 1.88475000e-03 1.86059000e-03 1.25839000e-03 -6.69480000e-04 1.27540000e-04 1.19754000e-03 6.65290000e-04 3.46830000e-04 1.05645000e-03 -5.17990000e-04 6.75200000e-05 1.39943000e-03 2.88618000e-03 -2.69880000e-04 3.43344000e-03 -3.02300000e-04 3.46279200e-02 -2.19422000e-03 5.10400000e-04 3.54090000e-04 -4.77170000e-04 3.18220000e-04 1.87135000e-03 -7.16000000e-04 -9.77910000e-04 2.22820000e-04 1.23626000e-03 2.85380000e-04 1.51368000e-03 -8.60090000e-04 -8.15170000e-04 2.69743000e-03 6.20440000e-03 5.93750000e-04 -1.91340000e-04 1.63222000e-03 -8.90510000e-04 2.62590000e-03 -1.50030000e-03 3.49970000e-04 -1.64770000e-04 2.01320000e-04 -1.68458000e-03 8.58250000e-04 8.71130000e-04 3.33930000e-04 2.56082000e-03 1.15772000e-03 2.38484000e-03 -1.27582000e-03 -1.16912000e-03 1.18438000e-03 -7.54830000e-04 5.48730000e-04 1.61306000e-03 -3.49148000e-03 6.45540000e-04 -1.21737000e-03 3.47510000e-04 -1.13420000e-04 7.40570000e-04 1.08790000e-04 -2.07772000e-03 8.92030000e-04 -8.79650000e-04 -1.63327000e-03 -1.50422000e-03 -3.77545000e-03 4.50960000e-04 -2.12107000e-03 -1.98546000e-03 1.16690000e-04 3.11610000e-04 -2.56666000e-03 1.79949000e-03 1.50955000e-03 2.38791000e-03 -2.54777000e-03 2.61020000e-04 5.06570000e-04 -1.75500000e-04 -1.43594000e-03 7.77590000e-04 -7.16640000e-04 1.12319000e-03 -9.27430000e-04 -1.40100000e-03 -1.39108000e-03 4.69079000e-03 2.39148000e-03 5.01320000e-04 1.37212000e-03 -1.02231000e-03 -9.51090000e-04
-7.88140000e-04 -1.27472000e-03 8.96250000e-04 -9.82480000e-04 4.32150000e-04 4.54000000e-05 -1.23909000e-03 9.32280000e-04 -1.37723000e-03 -2.48594000e-03 -5.55000000e-05 -3.37013000e-03 -1.21564000e-03 -1.45001000e-03 -8.81880000e-04 -2.76190000e-04 1.65889000e-03 3.20060000e-04 -1.25519000e-03 1.95700000e-05 -1.19300000e-05 -7.08580000e-04 -1.04884000e-03 -3.11200000e-05 -5.47490000e-04 -1.99990000e-03 7.64510000e-04 -3.14364000e-03 6.64750000e-04 -2.19422000e-03 3.87886200e-02 -5.56380000e-04 -7.99450000e-04 6.28900000e-05 4.03800000e-05 -4.67830000e-04 3.14690000e-04 7.73070000e-04 -4.67750000e-04 -7.46110000e-04 2.00170000e-04 5.50770000e-04 1.08418000e-03 5.58360000e-04 -1.65599000e-03 -4.81605000e-03 2.25780000e-04 -7.64750000e-04 -1.63569000e-03 -1.81700000e-05 -2.47473000e-03 1.22199000e-03 3.10390000e-04 3.42350000e-04 -1.64650000e-04 1.33137000e-03 -4.46660000e-04 -1.08108000e-03 3.14000000e-05 -1.93750000e-03 -7.37750000e-04 -1.03134000e-03 1.27319000e-03 4.09010000e-04 -1.19206000e-03 3.43560000e-04 -3.22910000e-04 -1.71099000e-03 2.97130000e-03 -2.62040000e-04 1.71061000e-03 1.61300000e-04 -1.05850000e-04 1.37000000e-06 -6.81880000e-04 1.85691000e-03 -1.13691000e-03 6.67490000e-04 1.27393000e-03 1.04852000e-03 3.89809000e-03 4.04700000e-05 2.85460000e-03 3.72522000e-03 1.16000000e-06 3.82980000e-04 3.47313000e-03 -1.80720000e-04 -1.35060000e-03 -2.58498000e-03 2.40463000e-03 -3.09410000e-04 -6.63800000e-05 7.04100000e-04 1.13766000e-03 -7.05040000e-04 3.96560000e-04 -1.30499000e-03 7.92610000e-04 1.50328000e-03 4.03610000e-04 -4.67642000e-03 -2.30648000e-03 -3.75270000e-04 -1.39156000e-03 1.40695000e-03 7.23200000e-04
-9.48100000e-05 2.86330000e-04 -5.54900000e-05 2.40520000e-04 6.85700000e-05 2.50400000e-04 2.84910000e-04 -1.24740000e-04 3.79550000e-04 2.63110000e-04 2.20180000e-04 9.91560000e-04 4.40750000e-04 5.77220000e-04 -8.63100000e-05 1.97730000e-04 -5.32270000e-04 1.12310000e-04 2.72150000e-04 -3.74500000e-05 3.51400000e-05 -9.70300000e-05 1.69300000e-04 -7.59200000e-05 -6.65100000e-05 5.87500000e-04 2.97000000e-06 8.84900000e-04 1.64200000e-05 5.10400000e-04 -5.56380000e-04 1.97764500e-02 4.02160000e-04 5.77500000e-05 1.24400000e-04 2.27600000e-04 -2.21360000e-04 -1.82060000e-04 1.50510000e-04 2.62450000e-04 5.36400000e-05 -1.50380000e-04 -1.27020000e-04 8.80600000e-05 3.63770000e-04 1.37288000e-03 -3.89300000e-05 3.75000000e-04 5.44310000e-04 2.48020000e-04 6.72730000e-04 -2.12300000e-04 -1.00850000e-04 -2.43050000e-04 2.44430000e-04 -2.49100000e-05 2.68190000e-04 2.21860000e-04 1.72730000e-04 4.07500000e-04 2.91260000e-04 5.26170000e-04 -3.72970000e-04 1.31920000e-04 5.05340000e-04 5.69200000e-05 -2.42830000e-04 5.99780000e-04 -4.69190000e-04 2.70120000e-04 -2.23880000e-04 2.40500000e-05 2.13300000e-04 -9.96100000e-05 3.22700000e-04 -2.57040000e-04 2.64380000e-04 -1.35600000e-05 5.35100000e-05 -9.18800000e-05 -9.17030000e-04 1.01500000e-04 -6.38050000e-04 -9.91500000e-04 2.60790000e-04 1.47660000e-04 -7.54720000e-04 2.93070000e-04 5.05990000e-04 3.14550000e-04 -5.31080000e-04 6.65600000e-05 -1.06480000e-04 -1.67570000e-04 2.83500000e-05 1.22380000e-04 -5.48710000e-04 2.30400000e-04 -1.89470000e-04 -4.57020000e-04 6.62700000e-05 8.83420000e-04 3.62730000e-04 -6.01900000e-05 2.19090000e-04 -4.10640000e-04 -6.13300000e-05
-7.77500000e-05 5.27540000e-04 -9.28900000e-05 3.16140000e-04 2.79710000e-04 4.02840000e-04 1.38280000e-04 7.58200000e-05 9.86700000e-04 3.24740000e-04 1.60160000e-04 1.63481000e-03 4.16630000e-04 5.53060000e-04 -4.91660000e-04 2.00200000e-05 -9.94900000e-04 -2.03170000e-04 4.31670000e-04 -3.33130000e-04 -5.95400000e-05 -1.56800000e-04 5.47460000e-04 -1.07520000e-04 -3.70450000e-04 3.85290000e-04 1.79900000e-05 1.03355000e-03 -9.16400000e-05 3.54090000e-04 -7.99450000e-04 4.02160000e-04 2.57932900e-02 1.51770000e-04 -1.27100000e-05 4.13900000e-05 2.62000000e-05 -1.36540000e-04 3.61680000e-04 2.69260000e-04 -2.17640000e-04 -8.64940000e-04 -2.43900000e-04 1.43080000e-04 5.11300000e-05 1.35217000e-03 -3.38320000e-04 8.03480000e-04 7.04700000e-04 6.38590000e-04 9.21700000e-04 -1.87730000e-04 -3.52120000e-04 -2.42960000e-04 1.89150000e-04 -1.48300000e-05 2.48870000e-04 4.68740000e-04 -2.48150000e-04 3.10740000e-04 2.04620000e-04 -3.45500000e-05 -4.18670000e-04 4.00110000e-04 5.70010000e-04 4.49150000e-04 -2.50460000e-04 6.95610000e-04 -1.62050000e-04 1.49710000e-04 -4.24280000e-04 -2.13850000e-04 3.00120000e-04 -3.79470000e-04 8.32420000e-04 8.06900000e-05 5.87600000e-04 1.82790000e-04 2.53230000e-04 1.90810000e-04 -8.60730000e-04 -1.03890000e-04 -7.61630000e-04 -1.62853000e-03 1.37770000e-04 -3.44330000e-04 -1.08699000e-03 -2.15200000e-04 5.69390000e-04 5.01880000e-04 -6.49580000e-04 1.26550000e-04 -2.21930000e-04 -3.27960000e-04 1.58290000e-04 1.49290000e-04 -6.69930000e-04 4.20360000e-04 -2.86370000e-04 -6.47650000e-04 4.25710000e-04 1.18989000e-03 3.83380000e-04 -9.69300000e-05 2.84710000e-04 -6.33520000e-04 7.21000000e-06
-1.52110000e-04 -1.31040000e-04 1.96770000e-04 2.94900000e-05 1.22600000e-04 4.81130000e-04 -2.60070000e-04 3.34980000e-04 -1.84190000e-04 -3.80700000e-04 1.70880000e-04 -6.28060000e-04 -2.63490000e-04 -1.88900000e-04 -4.20490000e-04 -1.85340000e-04 -4.10800000e-04 1.07930000e-04 -1.49550000e-04 -9.09000000e-05 9.23600000e-05 -2.35470000e-04 4.22400000e-05 1.08600000e-05 -2.86410000e-04 -4.54040000e-04 7.35300000e-05 -4.63810000e-04 1.95810000e-04 -4.77170000e-04 6.28900000e-05 5.77500000e-05 1.51770000e-04 2.06332600e-02 1.82230000e-04 -3.20190000e-04 9.81100000e-05 3.49330000e-04 1.18490000e-04 -6.07500000e-05 4.03500000e-05 -2.09900000e-04 2.83320000e-04 3.25740000e-04 -6.17080000e-04 -1.14902000e-03 -8.50000000e-05 7.82300000e-05 -1.72250000e-04 2.59050000e-04 1.66200000e-05 5.32830000e-04 -7.20700000e-05 2.66200000e-05 1.18820000e-04 5.11950000e-04 6.88400000e-05 9.99300000e-05 -7.60200000e-05 -2.68850000e-04 -7.26000000e-06 -3.99630000e-04 2.68470000e-04 2.58890000e-04 -3.63800000e-05 4.20930000e-04 -1.17900000e-04 -6.20300000e-05 4.67780000e-04 1.53890000e-04 2.67280000e-04 -4.96900000e-05 3.32140000e-04 -1.21690000e-04 9.57300000e-05 4.38550000e-04 -5.87000000e-06 1.92910000e-04 7.60440000e-04 3.83840000e-04 5.03580000e-04 6.85500000e-05 -2.69000000e-05 -2.37670000e-04 1.05160000e-04 -1.23080000e-04 3.47650000e-04 -2.86540000e-04 -9.02700000e-05 -4.05550000e-04 2.36190000e-04 1.02010000e-04 -7.80000000e-06 4.12000000e-05 3.54770000e-04 4.89000000e-06 -1.47810000e-04 -9.96800000e-05 3.19190000e-04 2.61540000e-04 4.01060000e-04 -7.43200000e-04 -2.98330000e-04 -8.68000000e-06 -1.44300000e-04 4.43340000e-04 3.64890000e-04
-2.22000000e-05 -1.22250000e-04 1.43170000e-04 5.75500000e-05 -3.14090000e-04 1.36810000e-04 3.86950000e-04 -3.28560000e-04 -3.10540000e-04 -5.57000000e-05 2.67250000e-04 -3.98210000e-04 2.58840000e-04 3.33240000e-04 3.12400000e-04 4.79510000e-04 -7.72000000e-06 2.75920000e-04 -2.85300000e-05 3.27200000e-04 2.11690000e-04 1.35000000e-05 -7.35670000e-04 5.24000000e-05 2.94710000e-04 4.90040000e-04 1.90880000e-04 1.98840000e-04 2.40300000e-04 3.18220000e-04 4.03800000e-05 1.24400000e-04 -1.27100000e-05 1.82230000e-04 1.09921100e-02 6.53730000e-04 -6.11900000e-05 1.40600000e-05 -5.57100000e-05 2.72600000e-04 2.42420000e-04 9.76950000e-04 1.76380000e-04 -2.00100000e-05 3.06580000e-04 5.88040000e-04 4.10860000e-04 -3.38430000e-04 1.15410000e-04 -2.60650000e-04 3.31840000e-04 -3.45500000e-05 3.09300000e-04 3.13400000e-05 1.85290000e-04 1.27400000e-05 2.83760000e-04 -6.25300000e-05 1.54120000e-04 3.12030000e-04 2.34380000e-04 7.42140000e-04 3.13600000e-05 -2.61400000e-04 1.52880000e-04 -1.33150000e-04 -1.73400000e-05 1.74490000e-04 -4.05410000e-04 2.96420000e-04 2.39630000e-04 1.81080000e-04 6.92000000e-05 2.85680000e-04 -2.46230000e-04 -1.94330000e-04 -1.25420000e-04 -6.19400000e-05 1.45140000e-04 -1.95260000e-04 -2.13840000e-04 3.22650000e-04 5.15000000e-06 3.23430000e-04 1.95930000e-04 3.39310000e-04 2.86860000e-04 7.34380000e-04 2.44410000e-04 -1.73170000e-04 -1.06280000e-04 1.14450000e-04 2.18000000e-04 3.62120000e-04 4.94900000e-05 1.85100000e-04 -2.79320000e-04 -6.68100000e-05 8.51000000e-05 9.97300000e-05 -2.48420000e-04 -1.74800000e-05 5.45700000e-05 8.39400000e-05 1.29700000e-05 3.21430000e-04 1.23220000e-04
2.59660000e-04 4.68000000e-06 7.12100000e-05 2.52000000e-04 -1.36107000e-03 -2.60600000e-05 1.67483000e-03 -1.66805000e-03 -2.28070000e-04 7.08960000e-04 4.43630000e-04 8.81500000e-05 1.04413000e-03 1.37886000e-03 1.45805000e-03 1.63585000e-03 -1.21330000e-04 5.99470000e-04 2.57220000e-04 9.93760000e-04 5.84430000e-04 4.33730000e-04 -2.07972000e-03 -3.46000000e-06 1.29388000e-03 1.96258000e-03 4.06910000e-04 1.65412000e-03 3.07390000e-04 1.87135000e-03 -4.67830000e-04 2.27600000e-04 4.13900000e-05 -3.20190000e-04 6.53730000e-04 5.93727500e-02 -1.01730000e-04 -4.55320000e-04 -1.69980000e-04 1.07305000e-03 6.16920000e-04 3.00023000e-03 -1.25380000e-04 -4.43840000e-04 1.90360000e-03 3.90362000e-03 1.21325000e-03 -1.04582000e-03 7.72020000e-04 -1.15612000e-03 1.86766000e-03 -9.37080000e-04 8.79200000e-04 1.48100000e-05 2.58730000e-04 -1.05436000e-03 8.17140000e-04 1.16090000e-04 4.72610000e-04 1.59162000e-03 9.33080000e-04 2.44251000e-03 -4.52040000e-04 -1.22394000e-03 5.32090000e-04 -6.03640000e-04 1.94940000e-04 7.34640000e-04 -2.06102000e-03 6.90530000e-04 2.13000000e-05 6.69070000e-04 -2.20670000e-04 9.99750000e-04 -4.25020000e-04 -9.82420000e-04 1.18000000e-05 -4.72330000e-04 -5.07910000e-04 -1.04249000e-03 -1.38346000e-03 8.53740000e-04 -3.10060000e-04 5.17190000e-04 3.05980000e-04 6.26370000e-04 5.33200000e-05 2.45317000e-03 8.76720000e-04 4.17000000e-04 -1.24592000e-03 2.89850000e-04 8.12250000e-04 1.04932000e-03 -6.96260000e-04 8.59720000e-04 -1.06083000e-03 1.31230000e-04 -4.81760000e-04 -3.62620000e-04 -1.44838000e-03 1.49748000e-03 8.31220000e-04 2.65250000e-04 4.46750000e-04 5.06120000e-04 -3.02950000e-04
1.05590000e-04 -2.42300000e-04 5.49700000e-05 -3.51250000e-04 -3.28200000e-05 -1.21490000e-04 -3.22030000e-04 1.77750000e-04 -1.31170000e-04 -3.22980000e-04 1.75800000e-05 -8.71200000e-04 -5.26430000e-04 -4.73870000e-04 -1.29950000e-04 -1.01130000e-04 -8.27600000e-05 8.24200000e-05 -2.09400000e-04 1.94000000e-05 -1.28140000e-04 -7.21000000e-06 -1.11027000e-03 2.07700000e-04 -7.01400000e-05 -6.40320000e-04 -1.15280000e-04 -9.09940000e-04 7.83000000e-05 -7.16000000e-04 3.14690000e-04 -2.21360000e-04 2.62000000e-05 9.81100000e-05 -6.11900000e-05 -1.01730000e-04 2.21521400e-02 2.93560000e-04 -5.28100000e-05 -1.81590000e-04 8.10200000e-05 3.13360000e-04 1.27360000e-04 2.83440000e-04 -4.66610000e-04 -1.51987000e-03 1.01460000e-04 -1.63680000e-04 -4.68720000e-04 -3.45000000e-06 -4.64410000e-04 1.01080000e-04 1.15800000e-04 2.73250000e-04 -1.70320000e-04 1.74510000e-04 -1.38830000e-04 -1.49320000e-04 9.80000000e-06 -4.39440000e-04 -1.61550000e-04 -1.96270000e-04 3.97740000e-04 -1.95100000e-05 -4.20740000e-04 1.09620000e-04 8.15200000e-05 -3.68130000e-04 3.59870000e-04 -1.22640000e-04 3.56330000e-04 2.13800000e-05 -1.09170000e-04 -4.70900000e-05 -3.57330000e-04 3.63100000e-04 -1.86780000e-04 1.73580000e-04 4.17710000e-04 1.93040000e-04 7.40190000e-04 9.15400000e-05 1.50120000e-04 5.86560000e-04 -4.16000000e-05 -2.15350000e-04 6.90190000e-04 -3.47200000e-05 -4.44570000e-04 -4.24960000e-04 7.03980000e-04 8.12300000e-05 2.68330000e-04 6.01600000e-04 4.31920000e-04 1.92560000e-04 3.49660000e-04 -2.16740000e-04 5.25820000e-04 6.18780000e-04 2.61840000e-04 -1.00013000e-03 -3.89260000e-04 1.31950000e-04 -1.63030000e-04 9.15460000e-04 4.14720000e-04
-1.50690000e-04 -3.90550000e-04 2.54450000e-04 -2.75160000e-04 3.04130000e-04 9.47200000e-05 -6.16550000e-04 5.55540000e-04 -3.65850000e-04 -7.80160000e-04 5.53000000e-06 -1.15399000e-03 -5.66110000e-04 -6.08730000e-04 -4.38040000e-04 -3.41920000e-04 2.56570000e-04 8.88400000e-05 -4.11250000e-04 -5.77200000e-05 -8.84000000e-06 -2.41450000e-04 -8.49200000e-05 8.14800000e-05 -2.86670000e-04 -9.26290000e-04 1.15780000e-04 -1.21635000e-03 1.70100000e-04 -9.77910000e-04 7.73070000e-04 -1.82060000e-04 -1.36540000e-04 3.49330000e-04 1.40600000e-05 -4.55320000e-04 2.93560000e-04 1.48712100e-02 -6.71800000e-05 -3.47310000e-04 3.74000000e-06 -1.12440000e-04 3.59270000e-04 3.50430000e-04 -8.51370000e-04 -2.17214000e-03 -3.26100000e-05 -4.47800000e-05 -5.86680000e-04 1.98640000e-04 -8.12160000e-04 5.68090000e-04 2.29600000e-05 1.92190000e-04 -6.88000000e-05 5.59350000e-04 -1.97050000e-04 -2.46150000e-04 -8.68400000e-05 -7.77830000e-04 -3.05460000e-04 -6.67250000e-04 5.67150000e-04 3.10080000e-04 -4.20230000e-04 2.85420000e-04 -3.83900000e-05 -5.59340000e-04 1.11154000e-03 -1.44140000e-04 5.03760000e-04 -9.99000000e-06 5.97600000e-05 -1.10080000e-04 -1.03980000e-04 7.11940000e-04 -3.13590000e-04 3.02310000e-04 5.83990000e-04 4.69440000e-04 1.36578000e-03 -1.26600000e-05 6.33770000e-04 8.43630000e-04 -3.41000000e-06 -8.44600000e-05 1.04640000e-03 -4.26810000e-04 -5.06350000e-04 -7.93070000e-04 8.88270000e-04 -6.72400000e-05 -9.09100000e-05 1.88820000e-04 4.83980000e-04 -2.10260000e-04 3.53490000e-04 -3.60510000e-04 4.61140000e-04 6.77870000e-04 4.25910000e-04 -1.69490000e-03 -8.25430000e-04 -6.60300000e-05 -3.88470000e-04 5.67030000e-04 4.13590000e-04
4.34700000e-05 3.65430000e-04 -6.04900000e-05 2.51510000e-04 1.75920000e-04 1.75160000e-04 7.28300000e-05 9.31600000e-05 5.06960000e-04 3.54960000e-04 2.36600000e-05 8.65720000e-04 1.83990000e-04 2.10600000e-04 -2.15920000e-04 -5.38700000e-05 -4.54880000e-04 -1.60040000e-04 2.95550000e-04 -2.13570000e-04 -5.80900000e-05 1.20000000e-05 4.72200000e-04 -4.31800000e-05 -2.04860000e-04 1.69950000e-04 -3.76800000e-05 5.57740000e-04 -6.37200000e-05 2.22820000e-04 -4.67750000e-04 1.50510000e-04 3.61680000e-04 1.18490000e-04 -5.57100000e-05 -1.69980000e-04 -5.28100000e-05 -6.71800000e-05 1.16434500e-02 1.30290000e-04 -1.23160000e-04 -5.97100000e-04 -1.09450000e-04 1.62900000e-05 4.05700000e-05 6.01380000e-04 -2.49600000e-04 4.27980000e-04 3.40210000e-04 3.23510000e-04 4.78520000e-04 -3.88500000e-05 -2.31140000e-04 -1.18180000e-04 6.78900000e-05 3.04400000e-05 1.48340000e-04 3.17120000e-04 -1.83050000e-04 2.11890000e-04 1.08910000e-04 -1.37850000e-04 -2.11920000e-04 2.14090000e-04 2.77050000e-04 2.49530000e-04 -8.11600000e-05 3.44440000e-04 -9.62100000e-05 7.93500000e-05 -2.71920000e-04 -1.52790000e-04 2.07730000e-04 -2.19480000e-04 4.13260000e-04 5.75000000e-06 3.71750000e-04 4.97400000e-05 6.06000000e-05 1.21510000e-04 -5.04190000e-04 -1.25470000e-04 -4.92580000e-04 -9.40470000e-04 1.05000000e-05 -2.27170000e-04 -6.62270000e-04 -2.14650000e-04 2.56830000e-04 4.51810000e-04 -3.17110000e-04 2.52400000e-05 -1.25840000e-04 -3.10350000e-04 6.74100000e-05 4.66000000e-06 -1.77150000e-04 3.36570000e-04 -6.49000000e-05 -3.31420000e-04 2.79380000e-04 7.49260000e-04 3.00330000e-04 4.50700000e-05 2.56610000e-04 -3.76770000e-04 3.11100000e-05
1.96510000e-04 3.98540000e-04 -6.11900000e-05 4.23210000e-04 -5.60310000e-04 1.02030000e-04 9.74460000e-04 -8.01840000e-04 2.60680000e-04 7.85260000e-04 2.37040000e-04 9.26630000e-04 7.40490000e-04 8.80990000e-04 6.22900000e-04 7.77080000e-04 -4.42980000e-04 1.26640000e-04 4.71670000e-04 3.07340000e-04 2.19620000e-04 3.06680000e-04 -6.79740000e-04 -3.06000000e-06 5.01950000e-04 1.25577000e-03 1.14630000e-04 1.42422000e-03 8.14500000e-05 1.23626000e-03 -7.46110000e-04 2.62450000e-04 2.69260000e-04 -6.07500000e-05 2.72600000e-04 1.07305000e-03 -1.81590000e-04 -3.47310000e-04 1.30290000e-04 1.24101500e-02 2.07400000e-04 8.82190000e-04 -1.93540000e-04 -2.75080000e-04 1.06479000e-03 2.60332000e-03 3.40340000e-04 -1.29760000e-04 7.13870000e-04 -3.12660000e-04 1.24350000e-03 -5.39580000e-04 2.19830000e-04 -1.19600000e-04 2.14630000e-04 -4.84200000e-04 5.31900000e-04 3.56470000e-04 9.83800000e-05 1.08633000e-03 5.80120000e-04 1.16680000e-03 -4.87810000e-04 -4.53610000e-04 5.53000000e-04 -1.59190000e-04 5.06800000e-05 7.38700000e-04 -1.30060000e-03 4.38800000e-04 -2.49530000e-04 1.73710000e-04 8.33300000e-05 3.19160000e-04 6.92800000e-05 -6.49640000e-04 3.64000000e-04 -2.48450000e-04 -3.05530000e-04 -5.06230000e-04 -1.39607000e-03 3.01740000e-04 -7.41490000e-04 -6.69460000e-04 1.54830000e-04 1.79230000e-04 -7.86900000e-04 1.02337000e-03 7.14700000e-04 7.09920000e-04 -9.36140000e-04 1.70860000e-04 2.96370000e-04 1.50700000e-04 -3.03060000e-04 3.98030000e-04 -6.58470000e-04 3.96850000e-04 -3.00360000e-04 -5.47350000e-04 -4.92410000e-04 1.70696000e-03 8.68610000e-04 1.93890000e-04 5.22260000e-04 -1.72060000e-04 -2.07790000e-04
-1.59700000e-05 -1.86890000e-04 1.19710000e-04 -1.57800000e-05 -3.98600000e-04 7.96000000e-06 3.60370000e-04 -4.00270000e-04 -4.86520000e-04 -7.03700000e-05 1.61610000e-04 -7.62670000e-04 8.66400000e-05 1.65870000e-04 4.29310000e-04 4.27540000e-04 1.96590000e-04 3.23160000e-04 -8.27400000e-05 3.75370000e-04 1.86030000e-04 9.11500000e-05 -8.17350000e-04 5.83700000e-05 3.80510000e-04 3.12780000e-04 1.36480000e-04 -1.95300000e-05 1.97950000e-04 2.85380000e-04 2.00170000e-04 5.36400000e-05 -2.17640000e-04 4.03500000e-05 2.42420000e-04 6.16920000e-04 8.10200000e-05 3.74000000e-06 -1.23160000e-04 2.07400000e-04 7.71831000e-03 1.08903000e-03 1.51210000e-04 -2.83000000e-05 3.96060000e-04 3.16310000e-04 4.47710000e-04 -5.11030000e-04 -7.39400000e-05 -4.26650000e-04 1.85030000e-04 -6.58200000e-05 3.56260000e-04 6.74400000e-05 8.27600000e-05 -7.89300000e-05 2.05680000e-04 -1.18880000e-04 2.82800000e-04 2.59500000e-04 2.17610000e-04 7.01950000e-04 7.70900000e-05 -3.43570000e-04 -3.39100000e-05 -2.19380000e-04 4.67800000e-05 -2.94300000e-05 -3.34980000e-04 2.32770000e-04 2.48310000e-04 2.73110000e-04 -3.37300000e-05 3.50660000e-04 -4.10970000e-04 -1.97630000e-04 -1.99520000e-04 -1.16210000e-04 1.04500000e-05 -2.35440000e-04 -8.15000000e-06 3.28930000e-04 1.37000000e-04 6.17130000e-04 1.35320000e-04 3.78550000e-04 4.68760000e-04 7.77820000e-04 3.23800000e-05 -2.19050000e-04 -2.37300000e-05 4.05400000e-05 2.84790000e-04 3.92130000e-04 -7.69300000e-05 1.34000000e-04 -1.50610000e-04 -1.45880000e-04 1.11380000e-04 2.03920000e-04 -3.87110000e-04 -2.14890000e-04 1.04400000e-05 1.10450000e-04 -1.54800000e-05 4.40590000e-04 5.24400000e-05
6.35790000e-04 -8.35650000e-04 3.19150000e-04 -1.84050000e-04 -2.26701000e-03 -5.29730000e-04 1.62975000e-03 -2.15869000e-03 -1.64292000e-03 4.13470000e-04 4.62640000e-04 -2.87049000e-03 8.33400000e-04 8.74520000e-04 2.45409000e-03 2.01053000e-03 1.66488000e-03 1.14948000e-03 -2.57680000e-04 1.78453000e-03 6.52890000e-04 8.45220000e-04 -3.15761000e-03 3.52770000e-04 2.06833000e-03 2.49276000e-03 5.33610000e-04 4.69170000e-04 5.68130000e-04 1.51368000e-03 5.50770000e-04 -1.50380000e-04 -8.64940000e-04 -2.09900000e-04 9.76950000e-04 3.00023000e-03 3.13360000e-04 -1.12440000e-04 -5.97100000e-04 8.82190000e-04 1.08903000e-03 4.52308400e-02 4.39530000e-04 -3.57740000e-04 1.82264000e-03 2.78208000e-03 1.98550000e-03 -2.32966000e-03 -1.27670000e-04 -2.29321000e-03 3.51410000e-04 -7.57340000e-04 1.68186000e-03 6.37300000e-04 -1.13100000e-05 -1.08791000e-03 7.22270000e-04 -3.76450000e-04 8.55320000e-04 1.36960000e-03 8.09280000e-04 4.03736000e-03 3.02090000e-04 -2.14919000e-03 -1.14770000e-04 -1.14039000e-03 9.12100000e-04 -7.02500000e-05 -2.18712000e-03 8.16640000e-04 9.48650000e-04 1.05562000e-03 -5.73240000e-04 1.63136000e-03 -1.76090000e-03 -1.15251000e-03 -7.05500000e-04 -8.05990000e-04 -7.72550000e-04 -1.47632000e-03 -3.06570000e-04 1.28205000e-03 4.98510000e-04 3.45256000e-03 2.74450000e-04 1.44436000e-03 1.80587000e-03 4.00991000e-03 3.81130000e-04 -2.53060000e-04 -3.95110000e-04 1.11680000e-04 1.27341000e-03 1.86313000e-03 -5.06080000e-04 7.19870000e-04 -1.03870000e-04 -2.94960000e-04 4.54730000e-04 7.74020000e-04 -2.18772000e-03 -1.39540000e-04 2.08770000e-04 5.47480000e-04 9.53000000e-05 1.68151000e-03 1.21410000e-04
-3.51180000e-04 -4.98040000e-04 4.65640000e-04 -2.99180000e-04 1.78960000e-04 2.00710000e-04 -4.18060000e-04 4.03080000e-04 -6.54090000e-04 -9.99270000e-04 1.39160000e-04 -1.40763000e-03 -3.69470000e-04 -4.67410000e-04 -4.13070000e-04 5.20300000e-05 5.19570000e-04 2.01740000e-04 -4.83250000e-04 3.44000000e-05 3.95500000e-05 -3.54260000e-04 -5.22820000e-04 -8.62000000e-06 -2.86920000e-04 -5.99960000e-04 3.90170000e-04 -1.16160000e-03 4.27790000e-04 -8.60090000e-04 1.08418000e-03 -1.27020000e-04 -2.43900000e-04 2.83320000e-04 1.76380000e-04 -1.25380000e-04 1.27360000e-04 3.59270000e-04 -1.09450000e-04 -1.93540000e-04 1.51210000e-04 4.39530000e-04 2.18364000e-02 2.43630000e-04 -7.26130000e-04 -1.86129000e-03 1.43790000e-04 -3.31650000e-04 -5.78500000e-04 3.22400000e-05 -8.45630000e-04 6.04580000e-04 1.63050000e-04 8.16700000e-05 7.42400000e-05 7.68110000e-04 -6.96000000e-06 -4.03340000e-04 -3.61000000e-06 -6.88720000e-04 -2.13420000e-04 -1.47890000e-04 5.35820000e-04 1.61700000e-04 -3.44490000e-04 1.88510000e-04 -2.49190000e-04 -5.27380000e-04 1.08661000e-03 8.57300000e-05 8.34290000e-04 3.51600000e-05 1.40680000e-04 -1.15600000e-05 -3.33830000e-04 7.19280000e-04 -4.57130000e-04 2.67050000e-04 7.85380000e-04 4.54080000e-04 1.42628000e-03 9.07900000e-05 1.00917000e-03 1.40167000e-03 1.06480000e-04 2.48410000e-04 1.43294000e-03 1.49910000e-04 -3.93060000e-04 -1.08950000e-03 1.03661000e-03 -6.44100000e-05 2.30800000e-05 3.78610000e-04 7.14510000e-04 -2.21950000e-04 3.07800000e-05 -4.64540000e-04 5.08900000e-04 6.42110000e-04 2.89870000e-04 -1.91890000e-03 -9.13980000e-04 -7.29800000e-05 -5.11130000e-04 7.27380000e-04 5.29980000e-04
-2.77780000e-04 -2.56800000e-04 2.13770000e-04 -2.50030000e-04 3.33010000e-04 2.51330000e-04 -5.82090000e-04 4.90030000e-04 -5.11500000e-05 -7.79130000e-04 4.58600000e-05 -6.83770000e-04 -4.23980000e-04 -3.83340000e-04 -6.27740000e-04 -3.41010000e-04 2.16000000e-06 9.35300000e-05 -2.79870000e-04 -1.72470000e-04 -6.20900000e-05 -3.33600000e-04 1.10090000e-04 4.76000000e-06 -4.20460000e-04 -7.67440000e-04 1.25900000e-04 -8.50170000e-04 1.20390000e-04 -8.15170000e-04 5.58360000e-04 8.80600000e-05 1.43080000e-04 3.25740000e-04 -2.00100000e-05 -4.43840000e-04 2.83440000e-04 3.50430000e-04 1.62900000e-05 -2.75080000e-04 -2.83000000e-05 -3.57740000e-04 2.43630000e-04 8.26034000e-03 -7.54520000e-04 -1.57722000e-03 -1.46520000e-04 2.16420000e-04 -3.59050000e-04 3.81790000e-04 -5.66870000e-04 4.53890000e-04 -1.09380000e-04 7.22500000e-05 -2.46600000e-05 5.08540000e-04 -1.38120000e-04 -1.09540000e-04 -1.42000000e-05 -6.95630000e-04 -2.03840000e-04 -5.44090000e-04 3.44490000e-04 4.40010000e-04 -2.24660000e-04 4.13460000e-04 -1.62980000e-04 -3.49490000e-04 1.09413000e-03 -6.97300000e-05 3.49640000e-04 -2.32800000e-05 1.35210000e-04 -2.54100000e-04 1.76210000e-04 7.46320000e-04 -1.20310000e-04 3.50940000e-04 6.52450000e-04 5.22540000e-04 1.08487000e-03 -2.74100000e-05 4.36240000e-04 3.40520000e-04 9.21900000e-05 -1.00940000e-04 6.80800000e-04 -3.62790000e-04 -3.30080000e-04 -7.13120000e-04 5.81890000e-04 -6.35000000e-05 -1.86380000e-04 3.19400000e-05 4.82350000e-04 -2.08720000e-04 -2.01000000e-05 -2.88110000e-04 2.81820000e-04 3.74860000e-04 4.71010000e-04 -1.30322000e-03 -7.23930000e-04 -1.86480000e-04 -3.82920000e-04 2.77410000e-04 3.16720000e-04
7.62690000e-04 6.86580000e-04 -5.16170000e-04 6.74750000e-04 -1.32894000e-03 -3.90510000e-04 1.91056000e-03 -1.78610000e-03 3.49110000e-04 2.06550000e-03 1.40200000e-04 1.61644000e-03 1.30915000e-03 1.57570000e-03 1.90798000e-03 1.21981000e-03 -3.15660000e-04 2.70710000e-04 8.99480000e-04 7.88080000e-04 3.66250000e-04 9.95200000e-04 -9.47200000e-04 9.12800000e-05 1.47523000e-03 2.43673000e-03 -2.41770000e-04 2.73674000e-03 -2.25080000e-04 2.69743000e-03 -1.65599000e-03 3.63770000e-04 5.11300000e-05 -6.17080000e-04 3.06580000e-04 1.90360000e-03 -4.66610000e-04 -8.51370000e-04 4.05700000e-05 1.06479000e-03 3.96060000e-04 1.82264000e-03 -7.26130000e-04 -7.54520000e-04 1.82453700e-02 5.23712000e-03 7.71870000e-04 -5.36220000e-04 1.22082000e-03 -1.09992000e-03 2.16964000e-03 -1.37146000e-03 5.05380000e-04 -5.13400000e-05 1.03610000e-04 -1.61299000e-03 7.13880000e-04 5.81620000e-04 4.72060000e-04 2.23398000e-03 1.02782000e-03 2.23858000e-03 -1.02096000e-03 -1.24439000e-03 8.49000000e-04 -8.88520000e-04 5.58130000e-04 1.20351000e-03 -3.15492000e-03 5.39420000e-04 -9.42080000e-04 4.73320000e-04 -2.69020000e-04 8.61160000e-04 -2.36360000e-04 -1.90587000e-03 5.71900000e-04 -8.65270000e-04 -1.56391000e-03 -1.46148000e-03 -3.07848000e-03 5.20550000e-04 -1.62616000e-03 -1.15950000e-03 9.99300000e-05 4.23050000e-04 -1.85568000e-03 1.83496000e-03 1.14446000e-03 1.91702000e-03 -2.09754000e-03 1.88550000e-04 5.81100000e-04 7.76000000e-05 -1.40508000e-03 7.09410000e-04 -5.09560000e-04 8.12880000e-04 -7.85300000e-04 -1.01962000e-03 -1.49637000e-03 3.75554000e-03 1.98122000e-03 4.78570000e-04 1.11741000e-03 -6.23380000e-04 -8.94710000e-04
1.62352000e-03 2.31610000e-03 -1.19810000e-03 1.98305000e-03 -2.27668000e-03 -4.81170000e-04 4.13383000e-03 -3.57196000e-03 2.40160000e-03 5.06640000e-03 4.94050000e-04 6.67477000e-03 3.87620000e-03 4.23872000e-03 3.23418000e-03 2.67010000e-03 -1.62340000e-03 3.37500000e-05 2.60034000e-03 1.02374000e-03 5.15610000e-04 1.83530000e-03 -2.96210000e-04 -6.49100000e-05 2.38096000e-03 6.59286000e-03 -3.70010000e-04 7.80301000e-03 -6.69270000e-04 6.20440000e-03 -4.81605000e-03 1.37288000e-03 1.35217000e-03 -1.14902000e-03 5.88040000e-04 3.90362000e-03 -1.51987000e-03 -2.17214000e-03 6.01380000e-04 2.60332000e-03 3.16310000e-04 2.78208000e-03 -1.86129000e-03 -1.57722000e-03 5.23712000e-03 4.36667000e-02 8.30920000e-04 2.89040000e-04 3.90366000e-03 -1.27457000e-03 5.39422000e-03 -3.32756000e-03 4.42760000e-04 -6.09340000e-04 5.89080000e-04 -3.34307000e-03 1.80998000e-03 1.93868000e-03 5.00910000e-04 5.19674000e-03 2.31570000e-03 5.42021000e-03 -2.90450000e-03 -2.10834000e-03 2.89371000e-03 -1.22936000e-03 8.19910000e-04 3.83349000e-03 -7.08539000e-03 1.36207000e-03 -2.51743000e-03 4.74680000e-04 -1.40710000e-04 1.12099000e-03 8.96310000e-04 -4.04168000e-03 2.08718000e-03 -1.63530000e-03 -3.21529000e-03 -2.91827000e-03 -8.04395000e-03 7.53200000e-04 -4.46428000e-03 -4.51888000e-03 3.49480000e-04 5.75740000e-04 -5.80802000e-03 3.82509000e-03 3.59853000e-03 4.99183000e-03 -5.34901000e-03 5.71840000e-04 7.72340000e-04 -3.83670000e-04 -2.42685000e-03 1.71438000e-03 -2.02653000e-03 2.48742000e-03 -2.11479000e-03 -3.42080000e-03 -2.56314000e-03 1.00936900e-02 4.85440000e-03 7.33200000e-04 2.77918000e-03 -2.60981000e-03 -1.85541000e-03
1.19990000e-04 -3.32850000e-04 1.01280000e-04 -7.54200000e-05 -7.82050000e-04 -1.26880000e-04 6.66090000e-04 -7.87560000e-04 -6.91920000e-04 3.31700000e-05 2.24770000e-04 -1.18244000e-03 2.17050000e-04 3.61630000e-04 9.09260000e-04 7.33980000e-04 3.87600000e-04 4.81700000e-04 -1.33070000e-04 6.98710000e-04 3.34270000e-04 2.54340000e-04 -1.40172000e-03 1.39200000e-04 8.06820000e-04 6.46580000e-04 1.75020000e-04 7.14700000e-05 2.33020000e-04 5.93750000e-04 2.25780000e-04 -3.89300000e-05 -3.38320000e-04 -8.50000000e-05 4.10860000e-04 1.21325000e-03 1.01460000e-04 -3.26100000e-05 -2.49600000e-04 3.40340000e-04 4.47710000e-04 1.98550000e-03 1.43790000e-04 -1.46520000e-04 7.71870000e-04 8.30920000e-04 1.57519600e-02 -9.02740000e-04 -6.16400000e-05 -8.22070000e-04 4.03190000e-04 -2.43410000e-04 6.49510000e-04 2.10830000e-04 5.14300000e-05 -4.09280000e-04 2.87890000e-04 -2.16450000e-04 3.61280000e-04 5.06400000e-04 3.30230000e-04 1.18774000e-03 1.18720000e-04 -7.15940000e-04 -5.68000000e-05 -4.85770000e-04 2.50530000e-04 -4.64800000e-05 -7.76690000e-04 2.94890000e-04 2.76040000e-04 4.41420000e-04 -1.98160000e-04 6.64140000e-04 -6.81990000e-04 -4.58200000e-04 -3.24450000e-04 -2.52030000e-04 -1.99800000e-04 -5.35500000e-04 -1.47530000e-04 5.39600000e-04 2.09220000e-04 1.05600000e-03 1.53510000e-04 5.41880000e-04 7.08310000e-04 1.29087000e-03 1.03200000e-04 -2.03610000e-04 -2.13350000e-04 8.78300000e-05 4.79220000e-04 6.83110000e-04 -3.52060000e-04 2.86230000e-04 -1.11080000e-04 -1.99240000e-04 5.80900000e-05 3.25210000e-04 -7.97420000e-04 -1.49280000e-04 6.81400000e-05 2.04590000e-04 5.10000000e-06 6.24780000e-04 -1.75500000e-05
-3.84000000e-05 7.24730000e-04 -1.88790000e-04 3.33460000e-04 9.43860000e-04 1.47620000e-04 -4.56780000e-04 7.67390000e-04 1.27006000e-03 3.32680000e-04 -6.66700000e-05 2.25046000e-03 1.52880000e-04 1.19020000e-04 -9.46720000e-04 -6.78110000e-04 -8.93530000e-04 -5.11470000e-04 4.92960000e-04 -7.50950000e-04 -2.86480000e-04 -1.71800000e-04 1.54758000e-03 -5.61600000e-05 -8.15870000e-04 -2.37740000e-04 -1.94510000e-04 7.00310000e-04 -3.13570000e-04 -1.91340000e-04 -7.64750000e-04 3.75000000e-04 8.03480000e-04 7.82300000e-05 -3.38430000e-04 -1.04582000e-03 -1.63680000e-04 -4.47800000e-05 4.27980000e-04 -1.29760000e-04 -5.11030000e-04 -2.32966000e-03 -3.31650000e-04 2.16420000e-04 -5.36220000e-04 2.89040000e-04 -9.02740000e-04 2.64820700e-02 6.01960000e-04 1.23452000e-03 2.44930000e-04 4.15900000e-05 -7.47730000e-04 -3.03520000e-04 1.07190000e-04 3.09200000e-04 -8.81900000e-05 4.70120000e-04 -4.42770000e-04 -1.76600000e-04 -1.40090000e-04 -1.03110000e-03 -3.51400000e-04 9.72610000e-04 4.85660000e-04 6.22000000e-04 -2.85280000e-04 5.53210000e-04 5.73740000e-04 -1.83290000e-04 -6.05080000e-04 -4.68250000e-04 3.50980000e-04 -7.57200000e-04 1.15528000e-03 3.16210000e-04 6.53750000e-04 4.01470000e-04 1.75310000e-04 4.92040000e-04 -6.03010000e-04 -4.88630000e-04 -8.29760000e-04 -2.03337000e-03 -1.27700000e-05 -5.93580000e-04 -1.45179000e-03 -1.33783000e-03 3.48860000e-04 6.54780000e-04 -2.66820000e-04 -3.07300000e-05 -6.61870000e-04 -9.49400000e-04 2.79990000e-04 -2.14670000e-04 -1.26750000e-04 4.93480000e-04 -2.70150000e-04 -6.28880000e-04 1.01302000e-03 1.02437000e-03 2.46120000e-04 -1.87630000e-04 3.22940000e-04 -1.15797000e-03 -5.14100000e-05
3.78210000e-04 8.89930000e-04 -3.57260000e-04 7.00770000e-04 -2.35940000e-04 2.04600000e-05 1.01128000e-03 -6.63240000e-04 1.08425000e-03 1.45578000e-03 1.94470000e-04 2.66554000e-03 1.13827000e-03 1.26387000e-03 4.91250000e-04 5.40370000e-04 -9.51440000e-04 -1.45990000e-04 8.69360000e-04 1.28900000e-05 9.43200000e-05 3.60630000e-04 4.06810000e-04 -5.42800000e-05 3.22860000e-04 1.68658000e-03 -1.42380000e-04 2.41111000e-03 -2.26430000e-04 1.63222000e-03 -1.63569000e-03 5.44310000e-04 7.04700000e-04 -1.72250000e-04 1.15410000e-04 7.72020000e-04 -4.68720000e-04 -5.86680000e-04 3.40210000e-04 7.13870000e-04 -7.39400000e-05 -1.27670000e-04 -5.78500000e-04 -3.59050000e-04 1.22082000e-03 3.90366000e-03 -6.16400000e-05 6.01960000e-04 1.94279900e-02 1.37190000e-04 1.75335000e-03 -8.43000000e-04 -1.42050000e-04 -3.19280000e-04 2.86260000e-04 -7.12090000e-04 5.32980000e-04 6.96660000e-04 -1.92400000e-05 1.38752000e-03 6.20790000e-04 1.06207000e-03 -9.16600000e-04 -1.90100000e-04 1.03111000e-03 -8.86000000e-05 2.67600000e-05 1.32830000e-03 -1.77845000e-03 3.68150000e-04 -8.83140000e-04 -4.07200000e-05 1.68220000e-04 4.15100000e-05 6.77620000e-04 -9.93750000e-04 7.84120000e-04 -2.80160000e-04 -6.74440000e-04 -5.91890000e-04 -2.47638000e-03 7.23200000e-05 -1.55713000e-03 -2.12894000e-03 1.45630000e-04 -5.94400000e-05 -2.09529000e-03 5.35990000e-04 1.17056000e-03 1.54145000e-03 -1.56675000e-03 2.17140000e-04 6.98000000e-06 -3.76350000e-04 -5.10840000e-04 4.68010000e-04 -7.02610000e-04 8.50030000e-04 -6.66500000e-04 -1.15714000e-03 -2.78390000e-04 3.10080000e-03 1.43478000e-03 1.44510000e-04 8.73080000e-04 -1.04574000e-03 -4.58690000e-04
-4.47940000e-04 3.46510000e-04 8.56200000e-05 8.87600000e-05 1.14572000e-03 3.87970000e-04 -7.98680000e-04 1.07987000e-03 7.80150000e-04 -5.32400000e-04 2.03900000e-05 1.15791000e-03 -2.40900000e-04 -2.71920000e-04 -1.37259000e-03 -7.27100000e-04 -7.77250000e-04 -4.04780000e-04 9.04800000e-05 -7.82010000e-04 -2.56140000e-04 -5.53430000e-04 1.20497000e-03 -1.15880000e-04 -1.10208000e-03 -9.42170000e-04 3.24700000e-05 -2.58440000e-04 -6.02600000e-05 -8.90510000e-04 -1.81700000e-05 2.48020000e-04 6.38590000e-04 2.59050000e-04 -2.60650000e-04 -1.15612000e-03 -3.45000000e-06 1.98640000e-04 3.23510000e-04 -3.12660000e-04 -4.26650000e-04 -2.29321000e-03 3.22400000e-05 3.81790000e-04 -1.09992000e-03 -1.27457000e-03 -8.22070000e-04 1.23452000e-03 1.37190000e-04 1.71043400e-02 -1.92280000e-04 4.65640000e-04 -6.75970000e-04 -3.07840000e-04 1.78050000e-04 8.11310000e-04 -1.55470000e-04 1.34410000e-04 -4.30680000e-04 -7.56300000e-04 -3.35730000e-04 -1.42914000e-03 1.39200000e-05 1.16491000e-03 1.72080000e-04 7.47280000e-04 -5.65720000e-04 1.20240000e-04 1.43308000e-03 -1.92690000e-04 -1.15970000e-04 -4.61180000e-04 4.29770000e-04 -8.06520000e-04 9.33920000e-04 8.42200000e-04 2.85250000e-04 6.21930000e-04 7.97830000e-04 8.59000000e-04 4.37940000e-04 -4.44340000e-04 -3.12800000e-05 -1.28548000e-03 5.92900000e-05 -4.75700000e-04 -4.41850000e-04 -1.46377000e-03 -1.93600000e-05 -2.61660000e-04 3.90750000e-04 -1.41800000e-05 -6.12750000e-04 -6.47350000e-04 6.78690000e-04 -3.21820000e-04 -2.25180000e-04 5.83400000e-05 -1.45200000e-05 -2.08160000e-04 1.23795000e-03 -4.27170000e-04 -4.20190000e-04 -3.04220000e-04 -1.33960000e-04 -6.18310000e-04 2.77850000e-04
1.59040000e-04 1.14120000e-03 -5.34130000e-04 1.00981000e-03 -7.34690000e-04 5.04420000e-04 1.82986000e-03 -1.48374000e-03 1.08269000e-03 1.85834000e-03 3.88550000e-04 2.37709000e-03 1.27434000e-03 1.92701000e-03 8.38060000e-04 9.70910000e-04 -2.19992000e-03 4.22100000e-05 1.12857000e-03 2.90920000e-04 4.33560000e-04 3.51590000e-04 -1.55410000e-04 -1.90840000e-04 6.92480000e-04 1.88090000e-03 -1.98360000e-04 3.21838000e-03 -2.84460000e-04 2.62590000e-03 -2.47473000e-03 6.72730000e-04 9.21700000e-04 1.66200000e-05 3.31840000e-04 1.86766000e-03 -4.64410000e-04 -8.12160000e-04 4.78520000e-04 1.24350000e-03 1.85030000e-04 3.51410000e-04 -8.45630000e-04 -5.66870000e-04 2.16964000e-03 5.39422000e-03 4.03190000e-04 2.44930000e-04 1.75335000e-03 -1.92280000e-04 1.57479100e-02 -1.18347000e-03 3.69700000e-05 -5.36470000e-04 4.56120000e-04 -1.40962000e-03 9.65700000e-04 9.80730000e-04 1.50330000e-04 2.24791000e-03 1.19548000e-03 1.25355000e-03 -1.29637000e-03 -4.74680000e-04 1.23603000e-03 -2.25930000e-04 -1.47680000e-04 1.69624000e-03 -2.64896000e-03 6.59960000e-04 -1.59873000e-03 1.85890000e-04 3.35060000e-04 3.01080000e-04 7.22700000e-04 -1.55234000e-03 1.04531000e-03 -4.68220000e-04 -6.20770000e-04 -9.43940000e-04 -3.64975000e-03 3.99760000e-04 -2.14887000e-03 -3.65829000e-03 2.74430000e-04 -1.36320000e-04 -2.53399000e-03 9.69810000e-04 1.45831000e-03 1.90986000e-03 -2.93167000e-03 5.42930000e-04 4.88400000e-04 -1.42700000e-04 -1.38618000e-03 9.96070000e-04 -1.50481000e-03 1.01921000e-03 -1.03609000e-03 -1.51970000e-03 -7.33370000e-04 4.17580000e-03 2.14467000e-03 3.34460000e-04 1.22922000e-03 -8.62570000e-04 -5.65570000e-04
-4.96610000e-04 -5.17490000e-04 4.41090000e-04 -3.97020000e-04 6.38210000e-04 3.18270000e-04 -9.83330000e-04 9.66360000e-04 -5.25140000e-04 -1.33514000e-03 -1.14600000e-05 -1.50789000e-03 -8.34350000e-04 -9.17840000e-04 -9.78780000e-04 -5.63370000e-04 3.04260000e-04 1.89900000e-05 -6.00460000e-04 -3.08000000e-04 -8.09400000e-05 -5.54190000e-04 1.16170000e-04 -3.80100000e-05 -7.26290000e-04 -1.53197000e-03 2.56350000e-04 -1.78246000e-03 3.12730000e-04 -1.50030000e-03 1.22199000e-03 -2.12300000e-04 -1.87730000e-04 5.32830000e-04 -3.45500000e-05 -9.37080000e-04 1.01080000e-04 5.68090000e-04 -3.88500000e-05 -5.39580000e-04 -6.58200000e-05 -7.57340000e-04 6.04580000e-04 4.53890000e-04 -1.37146000e-03 -3.32756000e-03 -2.43410000e-04 4.15900000e-05 -8.43000000e-04 4.65640000e-04 -1.18347000e-03 2.42599500e-02 -1.56550000e-04 7.69100000e-05 -2.43000000e-05 1.07276000e-03 -2.85340000e-04 -3.98140000e-04 -1.91290000e-04 -1.24118000e-03 -4.85550000e-04 -1.29986000e-03 6.93840000e-04 6.38320000e-04 -5.56020000e-04 4.89700000e-04 -3.47750000e-04 -8.12630000e-04 1.90101000e-03 -1.74110000e-04 7.37410000e-04 -1.54450000e-04 2.36440000e-04 -3.40250000e-04 -6.33000000e-05 1.16053000e-03 -4.35950000e-04 4.86390000e-04 1.06096000e-03 8.76900000e-04 2.00629000e-03 -1.71480000e-04 1.10590000e-03 9.89140000e-04 5.70000000e-06 -1.15690000e-04 1.46276000e-03 -8.66280000e-04 -7.36510000e-04 -1.28765000e-03 1.32772000e-03 -1.31580000e-04 -2.53420000e-04 1.39300000e-05 8.11370000e-04 -4.70120000e-04 2.66540000e-04 -5.53320000e-04 5.64810000e-04 7.67510000e-04 7.90550000e-04 -2.51121000e-03 -1.24093000e-03 -1.96000000e-04 -6.77630000e-04 6.06830000e-04 5.87560000e-04
1.48360000e-04 -3.08760000e-04 1.14260000e-04 -8.89600000e-05 -6.14740000e-04 -1.99340000e-04 4.55840000e-04 -5.74750000e-04 -6.30010000e-04 -1.49600000e-05 1.47080000e-04 -1.06310000e-03 1.37180000e-04 1.67150000e-04 7.46210000e-04 5.61730000e-04 5.01880000e-04 3.70440000e-04 -1.40240000e-04 5.69990000e-04 2.42120000e-04 2.39060000e-04 -1.09589000e-03 1.44550000e-04 6.43790000e-04 5.14440000e-04 1.56290000e-04 -8.81800000e-05 1.94760000e-04 3.49970000e-04 3.10390000e-04 -1.00850000e-04 -3.52120000e-04 -7.20700000e-05 3.09300000e-04 8.79200000e-04 1.15800000e-04 2.29600000e-05 -2.31140000e-04 2.19830000e-04 3.56260000e-04 1.68186000e-03 1.63050000e-04 -1.09380000e-04 5.05380000e-04 4.42760000e-04 6.49510000e-04 -7.47730000e-04 -1.42050000e-04 -6.75970000e-04 3.69700000e-05 -1.56550000e-04 1.47353600e-02 2.20770000e-04 2.04800000e-05 -2.61300000e-04 1.86990000e-04 -2.08610000e-04 2.91640000e-04 3.17860000e-04 1.98790000e-04 9.94010000e-04 1.80240000e-04 -5.81000000e-04 -1.18290000e-04 -3.85380000e-04 2.61470000e-04 -1.22600000e-04 -5.24630000e-04 1.98630000e-04 3.30140000e-04 3.52700000e-04 -1.91650000e-04 5.48690000e-04 -6.04370000e-04 -3.15470000e-04 -3.15060000e-04 -1.89010000e-04 -1.93040000e-04 -4.11390000e-04 7.54600000e-05 4.11570000e-04 3.00460000e-04 1.14486000e-03 8.88400000e-05 4.64380000e-04 7.05720000e-04 1.04666000e-03 1.56600000e-05 -2.22980000e-04 1.19200000e-05 6.69400000e-05 4.13570000e-04 6.13670000e-04 -1.84760000e-04 2.18480000e-04 4.68900000e-05 -1.95790000e-04 1.38460000e-04 3.56690000e-04 -6.30720000e-04 -2.70620000e-04 3.85000000e-06 1.67170000e-04 -3.10900000e-05 6.03760000e-04 2.41600000e-05
2.89850000e-04 -2.38420000e-04 2.92000000e-05 -1.71000000e-04 -2.55520000e-04 -2.78150000e-04 -8.12600000e-05 -6.72300000e-05 -2.47460000e-04 -2.09000000e-05 -8.56700000e-05 -8.15200000e-04 -1.85670000e-04 -2.56320000e-04 3.75880000e-04 -4.40800000e-05 5.80170000e-04 1.05610000e-04 -1.36550000e-04 2.34740000e-04 4.08600000e-05 2.63870000e-04 -3.32000000e-04 1.93350000e-04 3.28680000e-04 -9.83700000e-05 -2.43600000e-05 -4.83230000e-04 -3.48000000e-06 -1.64770000e-04 3.42350000e-04 -2.43050000e-04 -2.42960000e-04 2.66200000e-05 3.13400000e-05 1.48100000e-05 2.73250000e-04 1.92190000e-04 -1.18180000e-04 -1.19600000e-04 6.74400000e-05 6.37300000e-04 8.16700000e-05 7.22500000e-05 -5.13400000e-05 -6.09340000e-04 2.10830000e-04 -3.03520000e-04 -3.19280000e-04 -3.07840000e-04 -5.36470000e-04 7.69100000e-05 2.20770000e-04 2.07755900e-02 -2.02770000e-04 -1.10850000e-04 -1.09140000e-04 -8.58400000e-05 1.56600000e-05 -1.30250000e-04 -9.04200000e-05 7.29300000e-05 3.11420000e-04 -2.24480000e-04 -2.80940000e-04 -7.63500000e-05 4.21500000e-04 -3.47990000e-04 7.78900000e-05 -1.04990000e-04 1.97060000e-04 1.31140000e-04 -1.93020000e-04 2.28440000e-04 -2.67440000e-04 8.27900000e-05 -1.46930000e-04 -3.57700000e-05 -1.92640000e-04 -7.09200000e-05 5.38260000e-04 9.46000000e-05 2.45200000e-04 9.05670000e-04 -1.04370000e-04 3.07600000e-05 5.23090000e-04 1.52330000e-04 -2.49250000e-04 -7.14600000e-05 2.84800000e-04 -7.43900000e-05 8.62700000e-05 1.61690000e-04 -8.26500000e-05 -7.52700000e-05 5.36400000e-04 -9.53900000e-05 2.19900000e-04 4.35750000e-04 -1.99020000e-04 -4.79680000e-04 -2.03480000e-04 1.12140000e-04 -7.82600000e-05 2.97050000e-04 1.67400000e-05
-2.19710000e-04 1.19610000e-04 8.43800000e-05 1.88030000e-04 1.24200000e-04 2.46300000e-04 2.24200000e-04 -1.90000000e-05 1.98500000e-05 -7.51300000e-05 2.41800000e-04 3.78280000e-04 2.77940000e-04 3.18980000e-04 -1.42160000e-04 2.61240000e-04 -3.92640000e-04 6.39100000e-05 8.96200000e-05 6.56000000e-06 9.05100000e-05 -1.98420000e-04 -1.07740000e-04 -6.95500000e-05 -1.12530000e-04 3.05290000e-04 1.42530000e-04 3.82770000e-04 1.47790000e-04 2.01320000e-04 -1.64650000e-04 2.44430000e-04 1.89150000e-04 1.18820000e-04 1.85290000e-04 2.58730000e-04 -1.70320000e-04 -6.88000000e-05 6.78900000e-05 2.14630000e-04 8.27600000e-05 -1.13100000e-05 7.42400000e-05 -2.46600000e-05 1.03610000e-04 5.89080000e-04 5.14300000e-05 1.07190000e-04 2.86260000e-04 1.78050000e-04 4.56120000e-04 -2.43000000e-05 2.04800000e-05 -2.02770000e-04 1.31913800e-02 1.91290000e-04 2.44460000e-04 1.74200000e-05 6.27500000e-05 1.95900000e-04 1.52010000e-04 3.14910000e-04 -1.32410000e-04 1.28440000e-04 2.94490000e-04 3.28700000e-05 -2.96590000e-04 3.50120000e-04 -1.61870000e-04 2.28070000e-04 3.69300000e-05 -4.04000000e-06 2.05810000e-04 -7.50000000e-06 9.79200000e-05 -9.37400000e-05 3.34400000e-05 5.96900000e-05 2.56080000e-04 1.46700000e-05 -4.15290000e-04 1.12200000e-04 -1.09060000e-04 -4.34490000e-04 2.09260000e-04 2.22870000e-04 -1.79800000e-04 2.06460000e-04 3.20900000e-04 -9.51900000e-05 -1.65390000e-04 1.45460000e-04 4.40900000e-05 9.19200000e-05 1.69020000e-04 1.39740000e-04 -4.64090000e-04 1.42900000e-05 -5.90000000e-05 -2.02240000e-04 9.65100000e-05 2.55960000e-04 1.53600000e-04 -3.69500000e-05 2.53700000e-05 -5.20800000e-05 1.02010000e-04
-6.85030000e-04 -4.32900000e-04 6.01230000e-04 -3.32230000e-04 9.58590000e-04 4.85320000e-04 -1.05569000e-03 1.24544000e-03 -4.43690000e-04 -1.56541000e-03 1.48330000e-04 -9.41970000e-04 -6.78160000e-04 -8.53940000e-04 -1.36449000e-03 -4.43220000e-04 1.63280000e-04 -2.20500000e-05 -5.71630000e-04 -4.82360000e-04 -1.48650000e-04 -7.72400000e-04 1.16480000e-04 -8.50100000e-05 -1.06721000e-03 -1.43688000e-03 4.20640000e-04 -1.69353000e-03 5.05300000e-04 -1.68458000e-03 1.33137000e-03 -2.49100000e-05 -1.48300000e-05 5.11950000e-04 1.27400000e-05 -1.05436000e-03 1.74510000e-04 5.59350000e-04 3.04400000e-05 -4.84200000e-04 -7.89300000e-05 -1.08791000e-03 7.68110000e-04 5.08540000e-04 -1.61299000e-03 -3.34307000e-03 -4.09280000e-04 3.09200000e-04 -7.12090000e-04 8.11310000e-04 -1.40962000e-03 1.07276000e-03 -2.61300000e-04 -1.10850000e-04 1.91290000e-04 4.25662100e-02 -1.72490000e-04 -4.42290000e-04 -2.34290000e-04 -1.35751000e-03 -5.16050000e-04 -1.19440000e-03 6.52200000e-04 8.93420000e-04 -3.58340000e-04 6.36260000e-04 -6.88350000e-04 -5.96420000e-04 2.12454000e-03 -4.58600000e-05 1.01888000e-03 -2.71920000e-04 4.15640000e-04 -5.23620000e-04 4.99600000e-05 1.33609000e-03 -4.46250000e-04 6.47570000e-04 1.43758000e-03 1.07731000e-03 2.04393000e-03 -2.03750000e-04 1.14163000e-03 9.54540000e-04 1.44950000e-04 -1.37200000e-05 1.41582000e-03 -8.55870000e-04 -5.63560000e-04 -1.52008000e-03 1.70084000e-03 -1.12710000e-04 -3.60640000e-04 3.80900000e-05 1.38254000e-03 -4.93700000e-04 -2.79000000e-05 -5.73880000e-04 6.51320000e-04 6.75070000e-04 1.15025000e-03 -2.64694000e-03 -1.35199000e-03 -2.73420000e-04 -7.27250000e-04 5.75980000e-04 7.85750000e-04
6.69800000e-05 2.80520000e-04 5.83400000e-05 3.31910000e-04 -3.38540000e-04 2.10500000e-04 7.11910000e-04 -5.06770000e-04 1.49690000e-04 4.60030000e-04 2.69660000e-04 5.70450000e-04 5.73290000e-04 6.82800000e-04 3.65370000e-04 6.41180000e-04 -3.50380000e-04 1.63440000e-04 3.25970000e-04 2.31350000e-04 1.97300000e-04 1.45290000e-04 -4.95940000e-04 -6.87000000e-06 2.96920000e-04 9.30240000e-04 1.80390000e-04 1.00750000e-03 1.75480000e-04 8.58250000e-04 -4.46660000e-04 2.68190000e-04 2.48870000e-04 6.88400000e-05 2.83760000e-04 8.17140000e-04 -1.38830000e-04 -1.97050000e-04 1.48340000e-04 5.31900000e-04 2.05680000e-04 7.22270000e-04 -6.96000000e-06 -1.38120000e-04 7.13880000e-04 1.80998000e-03 2.87890000e-04 -8.81900000e-05 5.32980000e-04 -1.55470000e-04 9.65700000e-04 -2.85340000e-04 1.86990000e-04 -1.09140000e-04 2.44460000e-04 -1.72490000e-04 1.48926400e-02 2.54990000e-04 1.25940000e-04 7.69640000e-04 4.57700000e-04 9.22500000e-04 -2.99730000e-04 -2.54310000e-04 4.58920000e-04 -4.21300000e-05 -5.86900000e-05 5.74350000e-04 -8.08320000e-04 4.23970000e-04 -5.78600000e-05 1.39360000e-04 1.76110000e-04 2.19960000e-04 6.46100000e-05 -3.76080000e-04 2.46750000e-04 -1.08950000e-04 -2.65800000e-05 -2.65760000e-04 -9.29690000e-04 2.67340000e-04 -4.03210000e-04 -4.47190000e-04 1.95970000e-04 2.08320000e-04 -4.24990000e-04 8.49460000e-04 5.64470000e-04 3.99480000e-04 -5.86550000e-04 1.98470000e-04 2.77740000e-04 2.08240000e-04 -4.75500000e-05 3.36400000e-04 -5.67880000e-04 2.87160000e-04 -1.10850000e-04 -3.43900000e-04 -2.50700000e-04 1.11109000e-03 6.00960000e-04 1.54690000e-04 3.57390000e-04 1.97800000e-05 -1.98000000e-06
3.69670000e-04 6.22720000e-04 -2.63570000e-04 4.54450000e-04 -1.58490000e-04 4.14400000e-05 4.66290000e-04 -3.16960000e-04 7.90530000e-04 1.02137000e-03 -1.51800000e-05 1.51133000e-03 4.87250000e-04 5.57100000e-04 2.31060000e-04 8.10900000e-05 -6.30220000e-04 -1.82960000e-04 6.00840000e-04 -9.88500000e-05 -9.13000000e-06 3.44250000e-04 5.57720000e-04 1.16000000e-05 1.35070000e-04 7.63780000e-04 -1.94890000e-04 1.33091000e-03 -2.33600000e-04 8.71130000e-04 -1.08108000e-03 2.21860000e-04 4.68740000e-04 9.99300000e-05 -6.25300000e-05 1.16090000e-04 -1.49320000e-04 -2.46150000e-04 3.17120000e-04 3.56470000e-04 -1.18880000e-04 -3.76450000e-04 -4.03340000e-04 -1.09540000e-04 5.81620000e-04 1.93868000e-03 -2.16450000e-04 4.70120000e-04 6.96660000e-04 1.34410000e-04 9.80730000e-04 -3.98140000e-04 -2.08610000e-04 -8.58400000e-05 1.74200000e-05 -4.42290000e-04 2.54990000e-04 4.57402200e-02 -1.20560000e-04 7.76470000e-04 3.43630000e-04 2.69350000e-04 -4.97680000e-04 -5.85000000e-05 5.04330000e-04 1.56790000e-04 1.87350000e-04 6.83400000e-04 -9.06250000e-04 1.40660000e-04 -6.37910000e-04 -8.13300000e-05 1.35720000e-04 -7.85600000e-05 5.43870000e-04 -4.36320000e-04 6.55720000e-04 -1.51160000e-04 -4.05060000e-04 -2.28310000e-04 -1.31990000e-03 -6.63100000e-05 -1.10437000e-03 -1.49131000e-03 -3.90400000e-05 -3.27410000e-04 -1.38475000e-03 3.64000000e-05 5.50780000e-04 1.12584000e-03 -9.49500000e-04 9.57100000e-05 -1.21500000e-05 -3.94040000e-04 -3.23500000e-04 2.13580000e-04 -2.23490000e-04 6.37060000e-04 -2.88280000e-04 -6.46230000e-04 -3.71300000e-05 1.96416000e-03 9.21150000e-04 1.50170000e-04 6.15720000e-04 -5.98050000e-04 -2.57870000e-04
-1.13500000e-05 -1.91550000e-04 -1.80600000e-05 -8.60600000e-05 -3.49600000e-04 -7.89700000e-05 2.84120000e-04 -3.93360000e-04 -4.16500000e-04 -1.88300000e-05 9.59700000e-05 -5.07240000e-04 9.29400000e-05 1.82130000e-04 4.61230000e-04 2.72680000e-04 1.44890000e-04 3.41870000e-04 -9.73100000e-05 3.37670000e-04 1.52990000e-04 5.33100000e-05 -3.88840000e-04 1.37500000e-05 3.85230000e-04 3.26830000e-04 -2.94100000e-05 8.24000000e-05 5.85300000e-05 3.33930000e-04 3.14000000e-05 1.72730000e-04 -2.48150000e-04 -7.60200000e-05 1.54120000e-04 4.72610000e-04 9.80000000e-06 -8.68400000e-05 -1.83050000e-04 9.83800000e-05 2.82800000e-04 8.55320000e-04 -3.61000000e-06 -1.42000000e-05 4.72060000e-04 5.00910000e-04 3.61280000e-04 -4.42770000e-04 -1.92400000e-05 -4.30680000e-04 1.50330000e-04 -1.91290000e-04 2.91640000e-04 1.56600000e-05 6.27500000e-05 -2.34290000e-04 1.25940000e-04 -1.20560000e-04 8.99127000e-03 2.61630000e-04 1.91060000e-04 6.77400000e-04 -5.75600000e-05 -3.23180000e-04 8.19000000e-06 -3.43910000e-04 3.76400000e-05 2.80500000e-05 -5.28100000e-04 1.38820000e-04 6.05700000e-05 3.10580000e-04 -1.05410000e-04 3.24690000e-04 -3.57920000e-04 -3.61160000e-04 -1.91300000e-04 -1.76680000e-04 -1.92420000e-04 -3.38610000e-04 -2.66590000e-04 2.76210000e-04 1.94540000e-04 3.41490000e-04 1.44750000e-04 3.69420000e-04 1.77410000e-04 6.32650000e-04 3.25900000e-05 -1.15210000e-04 -1.94000000e-04 2.40020000e-04 4.31900000e-04 5.01050000e-04 -2.39670000e-04 3.72120000e-04 -1.28740000e-04 -1.54410000e-04 -1.74200000e-05 5.72000000e-05 -4.86240000e-04 2.04190000e-04 3.26340000e-04 -3.13000000e-06 -3.14400000e-05 4.99270000e-04 -1.38160000e-04
7.82510000e-04 8.78750000e-04 -4.88680000e-04 8.36220000e-04 -1.11832000e-03 -2.15810000e-04 1.79517000e-03 -1.55309000e-03 6.05220000e-04 2.16054000e-03 2.02960000e-04 2.09779000e-03 1.38770000e-03 1.58806000e-03 1.59306000e-03 1.10784000e-03 -6.75660000e-04 1.11600000e-04 1.03215000e-03 5.79240000e-04 3.08300000e-04 9.20230000e-04 -5.54780000e-04 9.30900000e-05 1.18802000e-03 2.49339000e-03 -2.42030000e-04 2.91668000e-03 -2.12500000e-04 2.56082000e-03 -1.93750000e-03 4.07500000e-04 3.10740000e-04 -2.68850000e-04 3.12030000e-04 1.59162000e-03 -4.39440000e-04 -7.77830000e-04 2.11890000e-04 1.08633000e-03 2.59500000e-04 1.36960000e-03 -6.88720000e-04 -6.95630000e-04 2.23398000e-03 5.19674000e-03 5.06400000e-04 -1.76600000e-04 1.38752000e-03 -7.56300000e-04 2.24791000e-03 -1.24118000e-03 3.17860000e-04 -1.30250000e-04 1.95900000e-04 -1.35751000e-03 7.69640000e-04 7.76470000e-04 2.61630000e-04 1.32024500e-02 1.00317000e-03 2.07953000e-03 -1.04938000e-03 -1.02723000e-03 1.01770000e-03 -6.17430000e-04 4.67090000e-04 1.42030000e-03 -3.06100000e-03 5.88260000e-04 -9.71760000e-04 2.77200000e-04 -4.98600000e-05 6.34090000e-04 4.14600000e-05 -1.78860000e-03 7.63150000e-04 -7.51820000e-04 -1.29982000e-03 -1.29233000e-03 -3.25966000e-03 4.07910000e-04 -1.91418000e-03 -1.72485000e-03 1.00120000e-04 2.18700000e-04 -2.19216000e-03 1.55981000e-03 1.30601000e-03 2.05135000e-03 -2.08826000e-03 2.82950000e-04 5.08840000e-04 -3.89900000e-05 -1.10095000e-03 7.54840000e-04 -5.85320000e-04 9.88760000e-04 -6.67480000e-04 -1.12635000e-03 -1.11653000e-03 4.01681000e-03 2.09588000e-03 4.85690000e-04 1.23677000e-03 -6.78430000e-04 -7.04460000e-04
2.15820000e-04 3.38480000e-04 -1.00920000e-04 3.59860000e-04 -5.51350000e-04 6.96800000e-05 8.65310000e-04 -7.55680000e-04 2.02050000e-04 7.70400000e-04 1.88160000e-04 7.16360000e-04 6.09900000e-04 7.93090000e-04 6.32620000e-04 6.26210000e-04 -4.08050000e-04 1.81030000e-04 4.17990000e-04 3.09570000e-04 2.11100000e-04 3.12290000e-04 -5.50520000e-04 5.96000000e-06 5.12080000e-04 1.07563000e-03 2.25100000e-05 1.27089000e-03 2.92100000e-05 1.15772000e-03 -7.37750000e-04 2.91260000e-04 2.04620000e-04 -7.26000000e-06 2.34380000e-04 9.33080000e-04 -1.61550000e-04 -3.05460000e-04 1.08910000e-04 5.80120000e-04 2.17610000e-04 8.09280000e-04 -2.13420000e-04 -2.03840000e-04 1.02782000e-03 2.31570000e-03 3.30230000e-04 -1.40090000e-04 6.20790000e-04 -3.35730000e-04 1.19548000e-03 -4.85550000e-04 1.98790000e-04 -9.04200000e-05 1.52010000e-04 -5.16050000e-04 4.57700000e-04 3.43630000e-04 1.91060000e-04 1.00317000e-03 1.26358500e-02 1.02657000e-03 -4.50110000e-04 -4.33990000e-04 4.77090000e-04 -1.80950000e-04 8.82100000e-05 6.42060000e-04 -1.23704000e-03 3.88470000e-04 -3.11090000e-04 2.10420000e-04 6.76500000e-05 3.09180000e-04 3.85100000e-05 -6.48360000e-04 3.28700000e-04 -2.68700000e-04 -3.39570000e-04 -5.00010000e-04 -1.30460000e-03 2.90670000e-04 -7.69980000e-04 -7.09730000e-04 1.46600000e-04 1.52700000e-04 -7.46650000e-04 9.07130000e-04 6.00900000e-04 7.09710000e-04 -9.37010000e-04 1.46090000e-04 2.76150000e-04 1.01010000e-04 -4.03390000e-04 3.68460000e-04 -5.24060000e-04 3.70620000e-04 -2.67600000e-04 -4.67760000e-04 -4.98410000e-04 1.56360000e-03 8.22320000e-04 1.90110000e-04 4.99480000e-04 -1.34460000e-04 -2.28460000e-04
7.10270000e-04 1.96520000e-04 -1.02010000e-04 4.93740000e-04 -1.66896000e-03 -3.51170000e-04 1.91151000e-03 -1.97284000e-03 -2.73130000e-04 1.54749000e-03 5.07030000e-04 5.34950000e-04 1.68736000e-03 1.66831000e-03 2.03045000e-03 1.88024000e-03 5.57580000e-04 6.70280000e-04 5.82390000e-04 1.18008000e-03 3.79530000e-04 8.21250000e-04 -1.61232000e-03 1.59530000e-04 1.56391000e-03 3.49465000e-03 2.14830000e-04 2.48413000e-03 2.10150000e-04 2.38484000e-03 -1.03134000e-03 5.26170000e-04 -3.45500000e-05 -3.99630000e-04 7.42140000e-04 2.44251000e-03 -1.96270000e-04 -6.67250000e-04 -1.37850000e-04 1.16680000e-03 7.01950000e-04 4.03736000e-03 -1.47890000e-04 -5.44090000e-04 2.23858000e-03 5.42021000e-03 1.18774000e-03 -1.03110000e-03 1.06207000e-03 -1.42914000e-03 1.25355000e-03 -1.29986000e-03 9.94010000e-04 7.29300000e-05 3.14910000e-04 -1.19440000e-03 9.22500000e-04 2.69350000e-04 6.77400000e-04 2.07953000e-03 1.02657000e-03 3.30695400e-02 -6.49200000e-04 -1.63311000e-03 8.85900000e-04 -9.59280000e-04 5.57940000e-04 1.19595000e-03 -3.17200000e-03 9.37550000e-04 4.22500000e-05 6.24330000e-04 -2.43300000e-04 1.05842000e-03 -7.80510000e-04 -1.76459000e-03 1.68110000e-04 -8.95520000e-04 -1.15703000e-03 -1.55899000e-03 -2.51956000e-03 8.85920000e-04 -1.07862000e-03 7.03030000e-04 3.87680000e-04 1.22426000e-03 -7.31280000e-04 3.44111000e-03 1.34186000e-03 1.12228000e-03 -1.41693000e-03 1.72390000e-04 7.90790000e-04 9.02330000e-04 -5.00700000e-04 7.86580000e-04 -6.69220000e-04 5.31080000e-04 -1.24470000e-04 -5.65510000e-04 -1.70283000e-03 2.59907000e-03 1.36235000e-03 4.49470000e-04 7.52500000e-04 1.06810000e-04 -2.57570000e-04
-1.90880000e-04 -6.54020000e-04 3.62790000e-04 -4.60390000e-04 2.54270000e-04 -5.48000000e-05 -7.53040000e-04 5.96990000e-04 -7.44230000e-04 -1.08616000e-03 -3.08800000e-05 -1.94773000e-03 -7.50720000e-04 -8.74920000e-04 -3.55350000e-04 -3.32160000e-04 7.53750000e-04 1.62290000e-04 -6.40630000e-04 5.33300000e-05 -2.97000000e-06 -2.48690000e-04 -3.35330000e-04 1.28720000e-04 -2.17540000e-04 -1.13475000e-03 2.01560000e-04 -1.77634000e-03 2.51140000e-04 -1.27582000e-03 1.27319000e-03 -3.72970000e-04 -4.18670000e-04 2.68470000e-04 3.13600000e-05 -4.52040000e-04 3.97740000e-04 5.67150000e-04 -2.11920000e-04 -4.87810000e-04 7.70900000e-05 3.02090000e-04 5.35820000e-04 3.44490000e-04 -1.02096000e-03 -2.90450000e-03 1.18720000e-04 -3.51400000e-04 -9.16600000e-04 1.39200000e-05 -1.29637000e-03 6.93840000e-04 1.80240000e-04 3.11420000e-04 -1.32410000e-04 6.52200000e-04 -2.99730000e-04 -4.97680000e-04 -5.75600000e-05 -1.04938000e-03 -4.50110000e-04 -6.49200000e-04 2.15355700e-02 2.19210000e-04 -6.82890000e-04 1.75210000e-04 3.78800000e-05 -9.08890000e-04 1.43000000e-03 -2.05430000e-04 7.85880000e-04 5.82400000e-05 -5.71000000e-05 9.88000000e-06 -4.08640000e-04 8.55040000e-04 -5.90090000e-04 3.22000000e-04 6.13230000e-04 5.04390000e-04 1.98047000e-03 2.84200000e-05 1.14906000e-03 1.73006000e-03 -4.37300000e-05 9.10500000e-05 1.71522000e-03 -3.08770000e-04 -7.65700000e-04 -1.17707000e-03 1.28263000e-03 -1.46560000e-04 -4.51400000e-05 3.61440000e-04 5.38090000e-04 -3.30240000e-04 5.95390000e-04 -5.94560000e-04 6.05830000e-04 1.00945000e-03 3.22350000e-04 -2.49778000e-03 -1.19350000e-03 -5.70900000e-05 -6.19020000e-04 8.17150000e-04 5.01250000e-04
-5.74940000e-04 1.02360000e-04 1.70710000e-04 -7.44100000e-05 1.14381000e-03 3.81900000e-04 -9.58370000e-04 1.14368000e-03 4.44710000e-04 -8.95000000e-04 -2.54200000e-05 3.55360000e-04 -5.10550000e-04 -5.41660000e-04 -1.38820000e-03 -8.11180000e-04 -5.05980000e-04 -3.08880000e-04 -1.35290000e-04 -7.08020000e-04 -2.23940000e-04 -6.41380000e-04 1.04695000e-03 -1.29700000e-04 -1.08686000e-03 -1.34083000e-03 8.25000000e-05 -8.24970000e-04 -1.04500000e-05 -1.16912000e-03 4.09010000e-04 1.31920000e-04 4.00110000e-04 2.58890000e-04 -2.61400000e-04 -1.22394000e-03 -1.95100000e-05 3.10080000e-04 2.14090000e-04 -4.53610000e-04 -3.43570000e-04 -2.14919000e-03 1.61700000e-04 4.40010000e-04 -1.24439000e-03 -2.10834000e-03 -7.15940000e-04 9.72610000e-04 -1.90100000e-04 1.16491000e-03 -4.74680000e-04 6.38320000e-04 -5.81000000e-04 -2.24480000e-04 1.28440000e-04 8.93420000e-04 -2.54310000e-04 -5.85000000e-05 -3.23180000e-04 -1.02723000e-03 -4.33990000e-04 -1.63311000e-03 2.19210000e-04 3.26473200e-02 -8.98200000e-05 7.07800000e-04 -5.61160000e-04 -2.25500000e-04 1.79264000e-03 -2.65640000e-04 4.65400000e-05 -3.70790000e-04 3.76490000e-04 -7.26960000e-04 7.35860000e-04 1.03448000e-03 8.06600000e-05 6.46400000e-04 8.68180000e-04 9.56240000e-04 9.95920000e-04 -4.11890000e-04 4.25710000e-04 -7.39660000e-04 4.50400000e-05 -3.66690000e-04 1.29570000e-04 -1.51158000e-03 -3.12760000e-04 -6.42360000e-04 6.47730000e-04 -4.97500000e-05 -5.57200000e-04 -5.24980000e-04 6.46120000e-04 -4.17950000e-04 -8.31200000e-05 -1.76560000e-04 9.12400000e-05 5.62700000e-05 1.16262000e-03 -1.15313000e-03 -7.15830000e-04 -3.40430000e-04 -3.75310000e-04 -3.65320000e-04 3.21730000e-04
2.24330000e-04 6.53100000e-04 -2.07470000e-04 5.46230000e-04 -1.10640000e-04 1.15420000e-04 7.45780000e-04 -4.15300000e-04 7.74340000e-04 1.01092000e-03 2.26900000e-04 2.05958000e-03 9.11360000e-04 9.91460000e-04 2.77990000e-04 4.54880000e-04 -7.34570000e-04 -6.60300000e-05 6.35010000e-04 -9.42000000e-06 7.33500000e-05 1.93560000e-04 2.97690000e-04 -5.07500000e-05 1.63930000e-04 1.32674000e-03 -5.87800000e-05 1.82347000e-03 -7.93600000e-05 1.18438000e-03 -1.19206000e-03 5.05340000e-04 5.70010000e-04 -3.63800000e-05 1.52880000e-04 5.32090000e-04 -4.20740000e-04 -4.20230000e-04 2.77050000e-04 5.53000000e-04 -3.39100000e-05 -1.14770000e-04 -3.44490000e-04 -2.24660000e-04 8.49000000e-04 2.89371000e-03 -5.68000000e-05 4.85660000e-04 1.03111000e-03 1.72080000e-04 1.23603000e-03 -5.56020000e-04 -1.18290000e-04 -2.80940000e-04 2.94490000e-04 -3.58340000e-04 4.58920000e-04 5.04330000e-04 8.19000000e-06 1.01770000e-03 4.77090000e-04 8.85900000e-04 -6.82890000e-04 -8.98200000e-05 1.87826300e-02 -3.59400000e-05 -7.46700000e-05 1.07267000e-03 -1.31705000e-03 3.61200000e-04 -5.41460000e-04 -5.10600000e-05 2.09020000e-04 -4.24000000e-06 4.96850000e-04 -7.16280000e-04 5.68440000e-04 -1.88810000e-04 -3.62210000e-04 -3.89250000e-04 -1.86859000e-03 7.37200000e-05 -1.18097000e-03 -1.59842000e-03 1.86630000e-04 3.46400000e-05 -1.56209000e-03 4.59610000e-04 9.46670000e-04 1.06560000e-03 -1.06734000e-03 1.71600000e-04 -2.83300000e-05 -2.77940000e-04 -2.01950000e-04 3.32800000e-04 -6.12110000e-04 6.29170000e-04 -4.32360000e-04 -8.70990000e-04 -1.12440000e-04 2.24833000e-03 1.03171000e-03 9.26800000e-05 6.23760000e-04 -7.69180000e-04 -2.62060000e-04
-3.27410000e-04 7.68800000e-05 2.58840000e-04 -2.74600000e-05 5.84750000e-04 4.30510000e-04 -5.78420000e-04 6.66860000e-04 4.68510000e-04 -6.16720000e-04 4.20000000e-06 2.10010000e-04 -2.97380000e-04 -3.12400000e-04 -9.98630000e-04 -3.95870000e-04 -3.46030000e-04 -1.98310000e-04 -6.20900000e-05 -4.80370000e-04 -1.23010000e-04 -4.05500000e-04 5.47280000e-04 -1.19690000e-04 -7.41450000e-04 -7.79840000e-04 2.38570000e-04 -4.53200000e-04 1.00830000e-04 -7.54830000e-04 3.43560000e-04 5.69200000e-05 4.49150000e-04 4.20930000e-04 -1.33150000e-04 -6.03640000e-04 1.09620000e-04 2.85420000e-04 2.49530000e-04 -1.59190000e-04 -2.19380000e-04 -1.14039000e-03 1.88510000e-04 4.13460000e-04 -8.88520000e-04 -1.22936000e-03 -4.85770000e-04 6.22000000e-04 -8.86000000e-05 7.47280000e-04 -2.25930000e-04 4.89700000e-04 -3.85380000e-04 -7.63500000e-05 3.28700000e-05 6.36260000e-04 -4.21300000e-05 1.56790000e-04 -3.43910000e-04 -6.17430000e-04 -1.80950000e-04 -9.59280000e-04 1.75210000e-04 7.07800000e-04 -3.59400000e-05 1.37296500e-02 -3.13690000e-04 -1.33870000e-04 1.31400000e-03 -6.10800000e-05 1.96020000e-04 -2.30900000e-04 3.28780000e-04 -5.01900000e-04 6.81820000e-04 1.00208000e-03 2.21950000e-04 4.91880000e-04 7.83910000e-04 7.78350000e-04 9.47920000e-04 -2.34230000e-04 3.23410000e-04 -3.05800000e-04 1.02600000e-05 -4.21520000e-04 2.64470000e-04 -7.37950000e-04 -1.57680000e-04 -4.37380000e-04 4.18330000e-04 -4.39300000e-05 -3.19410000e-04 -2.55280000e-04 6.27290000e-04 -2.49890000e-04 -2.80390000e-04 -3.89800000e-05 1.34710000e-04 2.10700000e-05 7.74660000e-04 -7.92980000e-04 -5.53640000e-04 -2.21510000e-04 -2.32840000e-04 -6.22600000e-05 3.26810000e-04
7.25920000e-04 5.49600000e-05 -2.51250000e-04 5.83300000e-05 -5.97710000e-04 -6.05830000e-04 3.21900000e-04 -4.92960000e-04 8.00000000e-07 8.45400000e-04 -1.86760000e-04 -1.66740000e-04 1.57320000e-04 5.90700000e-05 9.87280000e-04 4.79400000e-05 6.29780000e-04 3.52100000e-05 2.09000000e-04 3.76030000e-04 5.10200000e-05 7.21290000e-04 -6.68700000e-05 2.98830000e-04 7.55160000e-04 6.15930000e-04 -2.63840000e-04 3.29300000e-04 -2.53980000e-04 5.48730000e-04 -3.22910000e-04 -2.42830000e-04 -2.50460000e-04 -1.17900000e-04 -1.73400000e-05 1.94940000e-04 8.15200000e-05 -3.83900000e-05 -8.11600000e-05 5.06800000e-05 4.67800000e-05 9.12100000e-04 -2.49190000e-04 -1.62980000e-04 5.58130000e-04 8.19910000e-04 2.50530000e-04 -2.85280000e-04 2.67600000e-05 -5.65720000e-04 -1.47680000e-04 -3.47750000e-04 2.61470000e-04 4.21500000e-04 -2.96590000e-04 -6.88350000e-04 -5.86900000e-05 1.87350000e-04 3.76400000e-05 4.67090000e-04 8.82100000e-05 5.57940000e-04 3.78800000e-05 -5.61160000e-04 -7.46700000e-05 -3.13690000e-04 7.50686000e-03 -3.50100000e-05 -8.55480000e-04 -9.41100000e-05 -2.53250000e-04 1.79110000e-04 -3.37030000e-04 4.07000000e-04 -2.41210000e-04 -5.42860000e-04 1.05280000e-04 -3.17240000e-04 -8.96960000e-04 -5.27100000e-04 -4.07740000e-04 1.06280000e-04 -4.26850000e-04 4.36730000e-04 -2.14220000e-04 9.18000000e-06 -2.93040000e-04 3.89830000e-04 3.47100000e-05 7.75880000e-04 -3.69170000e-04 -8.28800000e-05 1.40860000e-04 -5.22000000e-05 -6.09750000e-04 3.86100000e-05 7.42470000e-04 2.67180000e-04 -8.32000000e-06 1.36000000e-04 -5.83690000e-04 8.34230000e-04 4.55980000e-04 2.87360000e-04 3.36240000e-04 -1.19220000e-04 -3.26220000e-04
3.85230000e-04 8.73820000e-04 -3.55090000e-04 7.38980000e-04 -2.28740000e-04 1.05790000e-04 1.03682000e-03 -6.24630000e-04 9.69440000e-04 1.48121000e-03 2.65990000e-04 2.69342000e-03 1.15213000e-03 1.27708000e-03 4.88220000e-04 6.02430000e-04 -1.06402000e-03 -9.25200000e-05 8.53440000e-04 3.14400000e-05 9.45800000e-05 3.27990000e-04 2.97170000e-04 -4.16500000e-05 3.03440000e-04 1.75405000e-03 -1.85360000e-04 2.41853000e-03 -1.58590000e-04 1.61306000e-03 -1.71099000e-03 5.99780000e-04 6.95610000e-04 -6.20300000e-05 1.74490000e-04 7.34640000e-04 -3.68130000e-04 -5.59340000e-04 3.44440000e-04 7.38700000e-04 -2.94300000e-05 -7.02500000e-05 -5.27380000e-04 -3.49490000e-04 1.20351000e-03 3.83349000e-03 -4.64800000e-05 5.53210000e-04 1.32830000e-03 1.20240000e-04 1.69624000e-03 -8.12630000e-04 -1.22600000e-04 -3.47990000e-04 3.50120000e-04 -5.96420000e-04 5.74350000e-04 6.83400000e-04 2.80500000e-05 1.42030000e-03 6.42060000e-04 1.19595000e-03 -9.08890000e-04 -2.25500000e-04 1.07267000e-03 -1.33870000e-04 -3.50100000e-05 2.05442200e-02 -1.97398000e-03 4.43380000e-04 -7.80200000e-04 -5.17600000e-05 2.13990000e-04 4.16500000e-05 5.43910000e-04 -1.08937000e-03 7.49620000e-04 -3.37080000e-04 -5.74880000e-04 -6.21460000e-04 -2.60258000e-03 1.06360000e-04 -1.72391000e-03 -2.19220000e-03 2.04520000e-04 -1.02400000e-05 -2.15746000e-03 6.08970000e-04 1.20789000e-03 1.51413000e-03 -1.44613000e-03 2.50360000e-04 4.99300000e-05 -2.78080000e-04 -3.50330000e-04 5.35250000e-04 -7.22810000e-04 8.54240000e-04 -5.41290000e-04 -1.12208000e-03 -2.21940000e-04 3.09468000e-03 1.47180000e-03 1.85570000e-04 8.99430000e-04 -8.99350000e-04 -3.65250000e-04
-1.39150000e-03 -9.79400000e-04 9.42540000e-04 -1.01319000e-03 1.69172000e-03 5.26650000e-04 -2.41042000e-03 2.16726000e-03 -5.75350000e-04 -3.28180000e-03 -2.01360000e-04 -2.90853000e-03 -1.87562000e-03 -2.08117000e-03 -2.57509000e-03 -1.44656000e-03 7.78430000e-04 -2.03470000e-04 -1.24945000e-03 -9.33390000e-04 -3.50480000e-04 -1.35784000e-03 6.36470000e-04 -1.75000000e-04 -1.87571000e-03 -3.61851000e-03 7.23300000e-04 -3.93340000e-03 4.40390000e-04 -3.49148000e-03 2.97130000e-03 -4.69190000e-04 -1.62050000e-04 4.67780000e-04 -4.05410000e-04 -2.06102000e-03 3.59870000e-04 1.11154000e-03 -9.62100000e-05 -1.30060000e-03 -3.34980000e-04 -2.18712000e-03 1.08661000e-03 1.09413000e-03 -3.15492000e-03 -7.08539000e-03 -7.76690000e-04 5.73740000e-04 -1.77845000e-03 1.43308000e-03 -2.64896000e-03 1.90101000e-03 -5.24630000e-04 7.78900000e-05 -1.61870000e-04 2.12454000e-03 -8.08320000e-04 -9.06250000e-04 -5.28100000e-04 -3.06100000e-03 -1.23704000e-03 -3.17200000e-03 1.43000000e-03 1.79264000e-03 -1.31705000e-03 1.31400000e-03 -8.55480000e-04 -1.97398000e-03 4.24406100e-02 -6.63490000e-04 1.38283000e-03 -3.84500000e-04 3.51210000e-04 -1.00712000e-03 4.16840000e-04 3.02727000e-03 -8.16780000e-04 1.43304000e-03 2.21368000e-03 2.16009000e-03 4.84204000e-03 -5.47660000e-04 3.03850000e-03 2.23382000e-03 -7.96800000e-05 -3.55260000e-04 3.25371000e-03 -2.16637000e-03 -1.72647000e-03 -3.01621000e-03 2.74006000e-03 -3.77710000e-04 -7.59820000e-04 -1.63680000e-04 1.64984000e-03 -1.21346000e-03 3.16730000e-04 -1.33492000e-03 8.27100000e-04 1.43951000e-03 1.83110000e-03 -5.59599000e-03 -2.98367000e-03 -7.41360000e-04 -1.66540000e-03 7.85290000e-04 1.06720000e-03
-1.15300000e-05 1.29260000e-04 1.06410000e-04 2.34370000e-04 -3.42650000e-04 2.17660000e-04 5.77600000e-04 -4.44770000e-04 -6.06900000e-05 2.54650000e-04 2.73990000e-04 2.08750000e-04 4.61130000e-04 5.51770000e-04 2.87340000e-04 5.93050000e-04 -1.99600000e-04 2.20910000e-04 1.90560000e-04 2.31140000e-04 1.66480000e-04 6.61000000e-05 -5.78960000e-04 -1.12500000e-05 2.35940000e-04 8.06680000e-04 1.89900000e-04 7.25650000e-04 2.25200000e-04 6.45540000e-04 -2.62040000e-04 2.70120000e-04 1.49710000e-04 1.53890000e-04 2.96420000e-04 6.90530000e-04 -1.22640000e-04 -1.44140000e-04 7.93500000e-05 4.38800000e-04 2.32770000e-04 8.16640000e-04 8.57300000e-05 -6.97300000e-05 5.39420000e-04 1.36207000e-03 2.94890000e-04 -1.83290000e-04 3.68150000e-04 -1.92690000e-04 6.59960000e-04 -1.74110000e-04 1.98630000e-04 -1.04990000e-04 2.28070000e-04 -4.58600000e-05 4.23970000e-04 1.40660000e-04 1.38820000e-04 5.88260000e-04 3.88470000e-04 9.37550000e-04 -2.05430000e-04 -2.65640000e-04 3.61200000e-04 -6.10800000e-05 -9.41100000e-05 4.43380000e-04 -6.63490000e-04 2.14535400e-02 1.05060000e-04 1.41570000e-04 1.67900000e-04 1.99130000e-04 -8.29800000e-05 -3.02440000e-04 1.10420000e-04 -1.16040000e-04 9.57400000e-05 -2.23720000e-04 -6.69520000e-04 2.74520000e-04 -3.27080000e-04 -1.58390000e-04 2.16530000e-04 2.91670000e-04 -1.78140000e-04 8.77260000e-04 4.48810000e-04 1.51260000e-04 -3.80450000e-04 1.00810000e-04 1.98600000e-04 2.00160000e-04 5.95500000e-05 2.07950000e-04 -5.37920000e-04 1.52500000e-04 -1.49500000e-05 -2.16740000e-04 -2.34890000e-04 6.30220000e-04 3.39290000e-04 1.15390000e-04 2.11500000e-04 8.39500000e-05 6.18500000e-05
-3.83630000e-04 -8.09240000e-04 6.78980000e-04 -5.13830000e-04 1.05360000e-04 1.61770000e-04 -5.42140000e-04 4.83520000e-04 -9.74390000e-04 -1.43184000e-03 1.70350000e-04 -1.87129000e-03 -4.95300000e-04 -6.80380000e-04 -4.24490000e-04 2.16140000e-04 9.87910000e-04 3.40860000e-04 -7.59020000e-04 1.38860000e-04 5.20900000e-05 -4.15990000e-04 -1.13027000e-03 2.00800000e-05 -2.55200000e-04 -7.13660000e-04 5.82940000e-04 -1.67426000e-03 6.48020000e-04 -1.21737000e-03 1.71061000e-03 -2.23880000e-04 -4.24280000e-04 2.67280000e-04 2.39630000e-04 2.13000000e-05 3.56330000e-04 5.03760000e-04 -2.71920000e-04 -2.49530000e-04 2.48310000e-04 9.48650000e-04 8.34290000e-04 3.49640000e-04 -9.42080000e-04 -2.51743000e-03 2.76040000e-04 -6.05080000e-04 -8.83140000e-04 -1.15970000e-04 -1.59873000e-03 7.37410000e-04 3.30140000e-04 1.97060000e-04 3.69300000e-05 1.01888000e-03 -5.78600000e-05 -6.37910000e-04 6.05700000e-05 -9.71760000e-04 -3.11090000e-04 4.22500000e-05 7.85880000e-04 4.65400000e-05 -5.41460000e-04 1.96020000e-04 -2.53250000e-04 -7.80200000e-04 1.38283000e-03 1.05060000e-04 3.81290300e-02 1.35930000e-04 2.03800000e-05 9.69800000e-05 -6.04320000e-04 1.03787000e-03 -7.22160000e-04 3.34660000e-04 9.92700000e-04 5.45450000e-04 2.20804000e-03 1.86480000e-04 1.53257000e-03 2.54999000e-03 1.34840000e-04 3.78030000e-04 2.15900000e-03 4.54590000e-04 -5.85480000e-04 -1.62310000e-03 1.68997000e-03 -1.30900000e-04 8.31900000e-05 7.46700000e-04 1.11500000e-03 -2.52480000e-04 4.14400000e-05 -7.46080000e-04 6.97140000e-04 9.57860000e-04 2.36150000e-04 -2.79598000e-03 -1.36246000e-03 -1.42810000e-04 -7.58210000e-04 1.19200000e-03 6.44050000e-04
1.05140000e-04 -1.78880000e-04 5.65600000e-05 -5.29300000e-05 -4.39220000e-04 -1.46990000e-04 3.47580000e-04 -4.40030000e-04 -3.48650000e-04 3.62300000e-05 7.81500000e-05 -6.01750000e-04 8.24700000e-05 1.74220000e-04 5.37020000e-04 3.53960000e-04 2.78450000e-04 3.07500000e-04 -7.07200000e-05 3.93140000e-04 1.96360000e-04 1.80240000e-04 -7.02650000e-04 7.32600000e-05 4.80640000e-04 3.06120000e-04 8.28700000e-05 4.47500000e-05 9.73500000e-05 3.47510000e-04 1.61300000e-04 2.40500000e-05 -2.13850000e-04 -4.96900000e-05 1.81080000e-04 6.69070000e-04 2.13800000e-05 -9.99000000e-06 -1.52790000e-04 1.73710000e-04 2.73110000e-04 1.05562000e-03 3.51600000e-05 -2.32800000e-05 4.73320000e-04 4.74680000e-04 4.41420000e-04 -4.68250000e-04 -4.07200000e-05 -4.61180000e-04 1.85890000e-04 -1.54450000e-04 3.52700000e-04 1.31140000e-04 -4.04000000e-06 -2.71920000e-04 1.39360000e-04 -8.13300000e-05 3.10580000e-04 2.77200000e-04 2.10420000e-04 6.24330000e-04 5.82400000e-05 -3.70790000e-04 -5.10600000e-05 -2.30900000e-04 1.79110000e-04 -5.17600000e-05 -3.84500000e-04 1.41570000e-04 1.35930000e-04 9.98501000e-03 -1.34600000e-04 3.93080000e-04 -3.06400000e-04 -2.01470000e-04 -1.62760000e-04 -1.26650000e-04 -1.93570000e-04 -2.88400000e-04 1.40900000e-05 3.04370000e-04 1.38970000e-04 6.30350000e-04 7.97300000e-05 2.78180000e-04 3.99550000e-04 6.97750000e-04 1.32600000e-05 -8.03900000e-05 -1.34940000e-04 4.38600000e-05 2.79090000e-04 3.81470000e-04 -2.58530000e-04 1.81040000e-04 -5.02000000e-05 -1.16260000e-04 -1.32700000e-05 1.73960000e-04 -4.97930000e-04 -6.52700000e-05 6.54600000e-05 8.37000000e-05 1.39900000e-05 3.69410000e-04 -9.49900000e-05
-2.53280000e-04 1.78760000e-04 1.37750000e-04 1.66460000e-04 3.10210000e-04 3.73190000e-04 -7.53800000e-05 2.57880000e-04 1.79260000e-04 -1.67950000e-04 1.57920000e-04 3.00090000e-04 4.58700000e-05 9.20500000e-05 -4.94040000e-04 -3.56300000e-05 -4.90930000e-04 -4.25600000e-05 9.90800000e-05 -2.21550000e-04 -1.89000000e-06 -2.53820000e-04 2.21940000e-04 -8.14400000e-05 -3.99400000e-04 -1.19430000e-04 1.27860000e-04 1.26240000e-04 1.34660000e-04 -1.13420000e-04 -1.05850000e-04 2.13300000e-04 3.00120000e-04 3.32140000e-04 6.92000000e-05 -2.20670000e-04 -1.09170000e-04 5.97600000e-05 2.07730000e-04 8.33300000e-05 -3.37300000e-05 -5.73240000e-04 1.40680000e-04 1.35210000e-04 -2.69020000e-04 -1.40710000e-04 -1.98160000e-04 3.50980000e-04 1.68220000e-04 4.29770000e-04 3.35060000e-04 2.36440000e-04 -1.91650000e-04 -1.93020000e-04 2.05810000e-04 4.15640000e-04 1.76110000e-04 1.35720000e-04 -1.05410000e-04 -4.98600000e-05 6.76500000e-05 -2.43300000e-04 -5.71000000e-05 3.76490000e-04 2.09020000e-04 3.28780000e-04 -3.37030000e-04 2.13990000e-04 3.51210000e-04 1.67900000e-04 2.03800000e-05 -1.34600000e-04 2.43531300e-02 -2.55730000e-04 3.12460000e-04 2.55610000e-04 1.69410000e-04 1.98590000e-04 5.03200000e-04 3.11470000e-04 -8.97500000e-05 -5.22900000e-05 -1.34190000e-04 -6.78900000e-04 1.34040000e-04 -7.18600000e-05 -1.58300000e-04 -2.17640000e-04 1.57440000e-04 -1.01750000e-04 -8.56000000e-06 8.20500000e-05 -1.00120000e-04 -1.53830000e-04 3.46720000e-04 -3.17400000e-05 -3.65760000e-04 9.27100000e-05 9.21500000e-05 -1.37820000e-04 4.52330000e-04 1.06800000e-05 -7.96000000e-06 -4.12600000e-05 2.80600000e-05 -7.30600000e-05 2.45900000e-04
3.42760000e-04 -1.67870000e-04 -1.44300000e-05 2.67600000e-05 -7.56430000e-04 -3.29220000e-04 6.88420000e-04 -7.57810000e-04 -5.06190000e-04 3.91450000e-04 8.95700000e-05 -6.30460000e-04 2.86310000e-04 3.32820000e-04 1.04238000e-03 6.05430000e-04 4.66460000e-04 3.37430000e-04 1.50000000e-05 6.25440000e-04 2.83120000e-04 4.42300000e-04 -1.01596000e-03 1.60250000e-04 8.58220000e-04 7.54870000e-04 4.38900000e-05 3.19710000e-04 9.36500000e-05 7.40570000e-04 1.37000000e-06 -9.96100000e-05 -3.79470000e-04 -1.21690000e-04 2.85680000e-04 9.99750000e-04 -4.70900000e-05 -1.10080000e-04 -2.19480000e-04 3.19160000e-04 3.50660000e-04 1.63136000e-03 -1.15600000e-05 -2.54100000e-04 8.61160000e-04 1.12099000e-03 6.64140000e-04 -7.57200000e-04 4.15100000e-05 -8.06520000e-04 3.01080000e-04 -3.40250000e-04 5.48690000e-04 2.28440000e-04 -7.50000000e-06 -5.23620000e-04 2.19960000e-04 -7.85600000e-05 3.24690000e-04 6.34090000e-04 3.09180000e-04 1.05842000e-03 9.88000000e-06 -7.26960000e-04 -4.24000000e-06 -5.01900000e-04 4.07000000e-04 4.16500000e-05 -1.00712000e-03 1.99130000e-04 9.69800000e-05 3.93080000e-04 -2.55730000e-04 1.13556900e-02 -5.65310000e-04 -6.11110000e-04 -1.98410000e-04 -3.32480000e-04 -5.31700000e-04 -6.13920000e-04 -3.81470000e-04 4.14020000e-04 -5.30000000e-06 8.44800000e-04 3.65700000e-05 4.19400000e-04 2.88950000e-04 1.05195000e-03 1.49970000e-04 1.94910000e-04 -3.17060000e-04 7.46000000e-05 4.38950000e-04 4.83290000e-04 -4.96990000e-04 2.87970000e-04 9.97800000e-05 -3.57000000e-05 -5.85000000e-05 1.64610000e-04 -8.39640000e-04 4.03280000e-04 3.64300000e-04 2.37460000e-04 1.62940000e-04 3.94910000e-04 -2.17950000e-04
-8.77700000e-05 6.29080000e-04 -1.01780000e-04 3.14020000e-04 6.20790000e-04 2.68670000e-04 -1.81850000e-04 4.09810000e-04 1.28395000e-03 2.67410000e-04 -4.44600000e-05 2.00174000e-03 2.58050000e-04 3.07950000e-04 -7.73940000e-04 -3.92000000e-04 -8.79440000e-04 -4.16350000e-04 4.40300000e-04 -5.92170000e-04 -1.37760000e-04 -1.96260000e-04 1.31971000e-03 -1.77110000e-04 -6.10930000e-04 -5.88800000e-05 9.60000000e-07 8.87650000e-04 -2.47750000e-04 1.08790000e-04 -6.81880000e-04 3.22700000e-04 8.32420000e-04 9.57300000e-05 -2.46230000e-04 -4.25020000e-04 -3.57330000e-04 -1.03980000e-04 4.13260000e-04 6.92800000e-05 -4.10970000e-04 -1.76090000e-03 -3.33830000e-04 1.76210000e-04 -2.36360000e-04 8.96310000e-04 -6.81990000e-04 1.15528000e-03 6.77620000e-04 9.33920000e-04 7.22700000e-04 -6.33000000e-05 -6.04370000e-04 -2.67440000e-04 9.79200000e-05 4.99600000e-05 6.46100000e-05 5.43870000e-04 -3.57920000e-04 4.14600000e-05 3.85100000e-05 -7.80510000e-04 -4.08640000e-04 7.35860000e-04 4.96850000e-04 6.81820000e-04 -2.41210000e-04 5.43910000e-04 4.16840000e-04 -8.29800000e-05 -6.04320000e-04 -3.06400000e-04 3.12460000e-04 -5.65310000e-04 1.76017100e-02 4.04440000e-04 6.91080000e-04 3.41840000e-04 1.35710000e-04 4.40730000e-04 -4.92860000e-04 -3.47540000e-04 -5.37080000e-04 -1.80001000e-03 -6.93000000e-06 -5.95110000e-04 -1.17151000e-03 -9.02090000e-04 4.13980000e-04 5.92880000e-04 -6.10640000e-04 6.25900000e-05 -4.36620000e-04 -6.83200000e-04 6.27400000e-05 -3.41500000e-05 -4.80890000e-04 4.55720000e-04 -4.50960000e-04 -7.37420000e-04 6.24810000e-04 1.13307000e-03 3.15560000e-04 -2.27620000e-04 2.41880000e-04 -9.63150000e-04 -1.43980000e-04
-7.90970000e-04 -6.13760000e-04 6.95250000e-04 -6.07970000e-04 9.58930000e-04 4.88170000e-04 -1.39108000e-03 1.30782000e-03 -1.46720000e-04 -1.98757000e-03 -8.06500000e-05 -1.45631000e-03 -1.04837000e-03 -1.17052000e-03 -1.64009000e-03 -6.91760000e-04 4.30040000e-04 -8.98300000e-05 -7.77920000e-04 -5.67730000e-04 -1.80800000e-04 -8.77860000e-04 1.65770000e-04 -1.83670000e-04 -1.15635000e-03 -2.05595000e-03 5.88720000e-04 -2.22994000e-03 3.88920000e-04 -2.07772000e-03 1.85691000e-03 -2.57040000e-04 8.06900000e-05 4.38550000e-04 -1.94330000e-04 -9.82420000e-04 3.63100000e-04 7.11940000e-04 5.75000000e-06 -6.49640000e-04 -1.97630000e-04 -1.15251000e-03 7.19280000e-04 7.46320000e-04 -1.90587000e-03 -4.04168000e-03 -4.58200000e-04 3.16210000e-04 -9.93750000e-04 8.42200000e-04 -1.55234000e-03 1.16053000e-03 -3.15470000e-04 8.27900000e-05 -9.37400000e-05 1.33609000e-03 -3.76080000e-04 -4.36320000e-04 -3.61160000e-04 -1.78860000e-03 -6.48360000e-04 -1.76459000e-03 8.55040000e-04 1.03448000e-03 -7.16280000e-04 1.00208000e-03 -5.42860000e-04 -1.08937000e-03 3.02727000e-03 -3.02440000e-04 1.03787000e-03 -2.01470000e-04 2.55610000e-04 -6.11110000e-04 4.04440000e-04 2.42358700e-02 -3.83090000e-04 8.75680000e-04 1.50342000e-03 1.41952000e-03 3.09952000e-03 -2.94800000e-04 1.87518000e-03 1.52020000e-03 -2.17500000e-05 -3.41990000e-04 2.09293000e-03 -1.08768000e-03 -9.55760000e-04 -1.82510000e-03 1.74001000e-03 -2.07740000e-04 -4.02720000e-04 1.03240000e-04 1.23763000e-03 -6.14020000e-04 -2.66000000e-05 -7.35110000e-04 5.31960000e-04 8.00300000e-04 1.08736000e-03 -3.39659000e-03 -1.86870000e-03 -4.81180000e-04 -1.01136000e-03 6.71460000e-04 7.28860000e-04
2.82200000e-04 7.29920000e-04 -2.89250000e-04 5.06420000e-04 -2.31000000e-05 9.58300000e-05 4.38750000e-04 -2.52710000e-04 9.97690000e-04 1.04250000e-03 -3.80800000e-05 1.84886000e-03 5.37600000e-04 6.00120000e-04 6.75400000e-05 4.48400000e-05 -7.09700000e-04 -2.80650000e-04 6.71670000e-04 -2.06830000e-04 -6.99700000e-05 2.72350000e-04 6.95880000e-04 -4.46700000e-05 6.83000000e-06 7.57120000e-04 -1.71080000e-04 1.45848000e-03 -2.73260000e-04 8.92030000e-04 -1.13691000e-03 2.64380000e-04 5.87600000e-04 -5.87000000e-06 -1.25420000e-04 1.18000000e-05 -1.86780000e-04 -3.13590000e-04 3.71750000e-04 3.64000000e-04 -1.99520000e-04 -7.05500000e-04 -4.57130000e-04 -1.20310000e-04 5.71900000e-04 2.08718000e-03 -3.24450000e-04 6.53750000e-04 7.84120000e-04 2.85250000e-04 1.04531000e-03 -4.35950000e-04 -3.15060000e-04 -1.46930000e-04 3.34400000e-05 -4.46250000e-04 2.46750000e-04 6.55720000e-04 -1.91300000e-04 7.63150000e-04 3.28700000e-04 1.68110000e-04 -5.90090000e-04 8.06600000e-05 5.68440000e-04 2.21950000e-04 1.05280000e-04 7.49620000e-04 -8.16780000e-04 1.10420000e-04 -7.22160000e-04 -1.62760000e-04 1.69410000e-04 -1.98410000e-04 6.91080000e-04 -3.83090000e-04 1.40509000e-02 -1.13300000e-04 -4.25890000e-04 -1.52680000e-04 -1.45773000e-03 -1.52840000e-04 -1.09757000e-03 -1.74053000e-03 -3.95600000e-05 -3.48920000e-04 -1.56671000e-03 -9.34900000e-05 6.03100000e-04 1.20436000e-03 -1.03126000e-03 8.30500000e-05 -9.37100000e-05 -5.26990000e-04 -3.06380000e-04 1.54390000e-04 -2.96840000e-04 7.06310000e-04 -3.64790000e-04 -8.15780000e-04 7.00300000e-05 2.15062000e-03 9.54390000e-04 9.77000000e-05 6.25410000e-04 -8.29490000e-04 -2.81410000e-04
-4.19700000e-04 -1.19600000e-04 2.82010000e-04 -1.82580000e-04 5.60620000e-04 2.18550000e-04 -5.86950000e-04 6.23050000e-04 6.25700000e-05 -8.88460000e-04 4.85800000e-05 -3.78630000e-04 -3.89480000e-04 -4.01030000e-04 -8.22180000e-04 -3.42130000e-04 -9.28200000e-05 -8.04300000e-05 -2.21070000e-04 -3.09630000e-04 -5.86200000e-05 -4.02160000e-04 1.22430000e-04 -1.89300000e-05 -5.86150000e-04 -9.09800000e-04 2.51900000e-04 -8.37570000e-04 1.48980000e-04 -8.79650000e-04 6.67490000e-04 -1.35600000e-05 1.82790000e-04 1.92910000e-04 -6.19400000e-05 -4.72330000e-04 1.73580000e-04 3.02310000e-04 4.97400000e-05 -2.48450000e-04 -1.16210000e-04 -8.05990000e-04 2.67050000e-04 3.50940000e-04 -8.65270000e-04 -1.63530000e-03 -2.52030000e-04 4.01470000e-04 -2.80160000e-04 6.21930000e-04 -4.68220000e-04 4.86390000e-04 -1.89010000e-04 -3.57700000e-05 5.96900000e-05 6.47570000e-04 -1.08950000e-04 -1.51160000e-04 -1.76680000e-04 -7.51820000e-04 -2.68700000e-04 -8.95520000e-04 3.22000000e-04 6.46400000e-04 -1.88810000e-04 4.91880000e-04 -3.17240000e-04 -3.37080000e-04 1.43304000e-03 -1.16040000e-04 3.34660000e-04 -1.26650000e-04 1.98590000e-04 -3.32480000e-04 3.41840000e-04 8.75680000e-04 -1.13300000e-04 1.09984700e-02 7.41600000e-04 6.48500000e-04 1.13945000e-03 -1.15670000e-04 7.14960000e-04 2.38870000e-04 4.85800000e-05 -1.60550000e-04 6.77880000e-04 -6.52760000e-04 -2.95080000e-04 -7.85570000e-04 6.36430000e-04 1.04200000e-05 -2.06550000e-04 -3.65900000e-05 5.39150000e-04 -2.24320000e-04 -1.34140000e-04 -3.00640000e-04 1.47270000e-04 2.85250000e-04 6.59180000e-04 -1.24463000e-03 -6.88750000e-04 -2.27250000e-04 -3.67520000e-04 1.51250000e-04 3.05900000e-04
-1.00521000e-03 -5.09360000e-04 6.71200000e-04 -3.85770000e-04 7.77020000e-04 9.13080000e-04 -9.07020000e-04 9.87390000e-04 -4.52210000e-04 -1.88822000e-03 3.05600000e-04 -1.37281000e-03 -7.62180000e-04 -6.53720000e-04 -1.57120000e-03 -2.42620000e-04 -4.44300000e-04 1.09380000e-04 -6.38450000e-04 -4.19060000e-04 -2.97200000e-05 -1.02173000e-03 -3.02730000e-04 -1.85880000e-04 -1.11389000e-03 -1.58657000e-03 5.63350000e-04 -1.68887000e-03 5.93180000e-04 -1.63327000e-03 1.27393000e-03 5.35100000e-05 2.53230000e-04 7.60440000e-04 1.45140000e-04 -5.07910000e-04 4.17710000e-04 5.83990000e-04 6.06000000e-05 -3.05530000e-04 1.04500000e-05 -7.72550000e-04 7.85380000e-04 6.52450000e-04 -1.56391000e-03 -3.21529000e-03 -1.99800000e-04 1.75310000e-04 -6.74440000e-04 7.97830000e-04 -6.20770000e-04 1.06096000e-03 -1.93040000e-04 -1.92640000e-04 2.56080000e-04 1.43758000e-03 -2.65800000e-05 -4.05060000e-04 -1.92420000e-04 -1.29982000e-03 -3.39570000e-04 -1.15703000e-03 6.13230000e-04 8.68180000e-04 -3.62210000e-04 7.83910000e-04 -8.96960000e-04 -5.74880000e-04 2.21368000e-03 9.57400000e-05 9.92700000e-04 -1.93570000e-04 5.03200000e-04 -5.31700000e-04 1.35710000e-04 1.50342000e-03 -4.25890000e-04 7.41600000e-04 1.74004200e-02 1.15450000e-03 2.10232000e-03 -2.64900000e-05 1.27761000e-03 6.23290000e-04 2.71540000e-04 -1.12000000e-04 1.68762000e-03 -6.06610000e-04 -5.30460000e-04 -1.86532000e-03 1.36691000e-03 7.13700000e-05 -1.25700000e-04 3.94650000e-04 1.32356000e-03 -2.16100000e-04 -6.54060000e-04 -7.03880000e-04 5.55080000e-04 6.24880000e-04 1.09269000e-03 -2.83102000e-03 -1.44349000e-03 -3.54540000e-04 -8.37000000e-04 9.44860000e-04 9.20730000e-04
-6.36300000e-04 -2.64570000e-04 4.10120000e-04 -3.16730000e-04 9.25540000e-04 4.68430000e-04 -1.06691000e-03 1.12446000e-03 6.16600000e-05 -1.33050000e-03 -4.36800000e-05 -6.23820000e-04 -7.38500000e-04 -8.11930000e-04 -1.39558000e-03 -6.58390000e-04 -3.58300000e-05 -1.80770000e-04 -4.44410000e-04 -5.95460000e-04 -1.95860000e-04 -7.13930000e-04 5.61400000e-04 -1.66630000e-04 -1.05207000e-03 -1.57483000e-03 3.06450000e-04 -1.44555000e-03 2.16460000e-04 -1.50422000e-03 1.04852000e-03 -9.18800000e-05 1.90810000e-04 3.83840000e-04 -1.95260000e-04 -1.04249000e-03 1.93040000e-04 4.69440000e-04 1.21510000e-04 -5.06230000e-04 -2.35440000e-04 -1.47632000e-03 4.54080000e-04 5.22540000e-04 -1.46148000e-03 -2.91827000e-03 -5.35500000e-04 4.92040000e-04 -5.91890000e-04 8.59000000e-04 -9.43940000e-04 8.76900000e-04 -4.11390000e-04 -7.09200000e-05 1.46700000e-05 1.07731000e-03 -2.65760000e-04 -2.28310000e-04 -3.38610000e-04 -1.29233000e-03 -5.00010000e-04 -1.55899000e-03 5.04390000e-04 9.56240000e-04 -3.89250000e-04 7.78350000e-04 -5.27100000e-04 -6.21460000e-04 2.16009000e-03 -2.23720000e-04 5.45450000e-04 -2.88400000e-04 3.11470000e-04 -6.13920000e-04 4.40730000e-04 1.41952000e-03 -1.52680000e-04 6.48500000e-04 1.15450000e-03 1.69123900e-02 1.91121000e-03 -3.37130000e-04 1.05223000e-03 3.85330000e-04 6.09000000e-06 -3.27810000e-04 1.05831000e-03 -1.15347000e-03 -6.04350000e-04 -1.15723000e-03 1.14456000e-03 -1.29120000e-04 -4.18460000e-04 -1.84940000e-04 9.14450000e-04 -4.86170000e-04 -6.15500000e-05 -4.20150000e-04 3.40040000e-04 4.05910000e-04 1.03099000e-03 -2.14696000e-03 -1.20030000e-03 -3.39970000e-04 -6.66430000e-04 2.01550000e-04 5.30190000e-04
-1.03588000e-03 -1.76175000e-03 1.16838000e-03 -1.46729000e-03 1.00941000e-03 1.72750000e-04 -2.36570000e-03 1.87500000e-03 -1.53673000e-03 -3.61164000e-03 -2.61100000e-04 -4.58582000e-03 -2.17116000e-03 -2.47562000e-03 -1.82557000e-03 -1.05699000e-03 1.91369000e-03 2.08450000e-04 -1.82942000e-03 -3.58320000e-04 -1.78030000e-04 -1.12718000e-03 -4.71860000e-04 -5.02600000e-05 -1.21728000e-03 -3.65424000e-03 8.53250000e-04 -4.89359000e-03 7.25220000e-04 -3.77545000e-03 3.89809000e-03 -9.17030000e-04 -8.60730000e-04 5.03580000e-04 -2.13840000e-04 -1.38346000e-03 7.40190000e-04 1.36578000e-03 -5.04190000e-04 -1.39607000e-03 -8.15000000e-06 -3.06570000e-04 1.42628000e-03 1.08487000e-03 -3.07848000e-03 -8.04395000e-03 -1.47530000e-04 -6.03010000e-04 -2.47638000e-03 4.37940000e-04 -3.64975000e-03 2.00629000e-03 7.54600000e-05 5.38260000e-04 -4.15290000e-04 2.04393000e-03 -9.29690000e-04 -1.31990000e-03 -2.66590000e-04 -3.25966000e-03 -1.30460000e-03 -2.51956000e-03 1.98047000e-03 9.95920000e-04 -1.86859000e-03 9.47920000e-04 -4.07740000e-04 -2.60258000e-03 4.84204000e-03 -6.69520000e-04 2.20804000e-03 1.40900000e-05 -8.97500000e-05 -3.81470000e-04 -4.92860000e-04 3.09952000e-03 -1.45773000e-03 1.13945000e-03 2.10232000e-03 1.91121000e-03 3.81677500e-02 -2.25550000e-04 3.78371000e-03 4.63133000e-03 -1.66620000e-04 -9.92600000e-05 4.78355000e-03 -1.25688000e-03 -2.20618000e-03 -3.61917000e-03 3.60011000e-03 -5.11360000e-04 -3.69300000e-04 7.21960000e-04 1.73700000e-03 -1.08992000e-03 8.35200000e-04 -1.78855000e-03 1.19921000e-03 2.25130000e-03 1.09077000e-03 -7.08872000e-03 -3.60419000e-03 -5.91210000e-04 -2.03144000e-03 1.93096000e-03 1.18067000e-03
4.15700000e-05 -1.60000000e-04 8.80800000e-05 1.69000000e-05 -5.00920000e-04 1.87900000e-05 4.94870000e-04 -5.31920000e-04 -3.90970000e-04 1.27000000e-05 2.33520000e-04 -6.13090000e-04 2.22000000e-04 3.48820000e-04 5.39660000e-04 5.30640000e-04 6.52600000e-05 3.53520000e-04 -2.80100000e-05 4.53480000e-04 2.46090000e-04 1.35670000e-04 -9.52500000e-04 9.84900000e-05 4.99270000e-04 5.21200000e-04 1.43170000e-04 1.98060000e-04 1.88410000e-04 4.50960000e-04 4.04700000e-05 1.01500000e-04 -1.03890000e-04 6.85500000e-05 3.22650000e-04 8.53740000e-04 9.15400000e-05 -1.26600000e-05 -1.25470000e-04 3.01740000e-04 3.28930000e-04 1.28205000e-03 9.07900000e-05 -2.74100000e-05 5.20550000e-04 7.53200000e-04 5.39600000e-04 -4.88630000e-04 7.23200000e-05 -4.44340000e-04 3.99760000e-04 -1.71480000e-04 4.11570000e-04 9.46000000e-05 1.12200000e-04 -2.03750000e-04 2.67340000e-04 -6.63100000e-05 2.76210000e-04 4.07910000e-04 2.90670000e-04 8.85920000e-04 2.84200000e-05 -4.11890000e-04 7.37200000e-05 -2.34230000e-04 1.06280000e-04 1.06360000e-04 -5.47660000e-04 2.74520000e-04 1.86480000e-04 3.04370000e-04 -5.22900000e-05 4.14020000e-04 -3.47540000e-04 -2.94800000e-04 -1.52840000e-04 -1.15670000e-04 -2.64900000e-05 -3.37130000e-04 -2.25550000e-04 2.05533700e-02 -5.50000000e-06 4.83310000e-04 1.74320000e-04 3.77490000e-04 3.38950000e-04 9.11300000e-04 1.82970000e-04 -1.38980000e-04 -2.18490000e-04 9.98600000e-05 3.12160000e-04 4.50960000e-04 -1.54600000e-04 2.35160000e-04 -2.50560000e-04 -1.10070000e-04 2.81300000e-05 1.53210000e-04 -4.61860000e-04 3.78900000e-05 1.10520000e-04 1.14140000e-04 4.43100000e-05 4.04540000e-04 9.57000000e-06
-1.01879000e-03 -1.27173000e-03 8.64640000e-04 -1.02977000e-03 4.30940000e-04 1.68240000e-04 -1.19306000e-03 8.07370000e-04 -1.28507000e-03 -2.65988000e-03 -8.22000000e-05 -3.39386000e-03 -1.14301000e-03 -1.39128000e-03 -9.72710000e-04 -2.46980000e-04 1.52046000e-03 2.17120000e-04 -1.28477000e-03 -3.00900000e-05 1.39800000e-05 -8.84450000e-04 -6.87480000e-04 -1.78890000e-04 -6.11250000e-04 -1.95612000e-03 8.42880000e-04 -3.04627000e-03 5.84800000e-04 -2.12107000e-03 2.85460000e-03 -6.38050000e-04 -7.61630000e-04 -2.69000000e-05 5.15000000e-06 -3.10060000e-04 1.50120000e-04 6.33770000e-04 -4.92580000e-04 -7.41490000e-04 1.37000000e-04 4.98510000e-04 1.00917000e-03 4.36240000e-04 -1.62616000e-03 -4.46428000e-03 2.09220000e-04 -8.29760000e-04 -1.55713000e-03 -3.12800000e-05 -2.14887000e-03 1.10590000e-03 3.00460000e-04 2.45200000e-04 -1.09060000e-04 1.14163000e-03 -4.03210000e-04 -1.10437000e-03 1.94540000e-04 -1.91418000e-03 -7.69980000e-04 -1.07862000e-03 1.14906000e-03 4.25710000e-04 -1.18097000e-03 3.23410000e-04 -4.26850000e-04 -1.72391000e-03 3.03850000e-03 -3.27080000e-04 1.53257000e-03 1.38970000e-04 -1.34190000e-04 -5.30000000e-06 -5.37080000e-04 1.87518000e-03 -1.09757000e-03 7.14960000e-04 1.27761000e-03 1.05223000e-03 3.78371000e-03 -5.50000000e-06 3.02673500e-02 3.56301000e-03 -3.18900000e-05 3.95670000e-04 3.46310000e-03 -2.15180000e-04 -1.31221000e-03 -2.69485000e-03 2.05409000e-03 5.47500000e-05 2.76830000e-04 9.92470000e-04 9.36370000e-04 -3.64300000e-04 9.69100000e-05 -1.38402000e-03 5.51220000e-04 1.25509000e-03 2.43030000e-04 -4.26630000e-03 -1.97095000e-03 -5.39820000e-04 -1.53250000e-03 1.56922000e-03 5.99980000e-04
-1.62620000e-04 -1.93826000e-03 1.09613000e-03 -1.33321000e-03 -5.98670000e-04 -6.99790000e-04 -8.53170000e-04 2.10170000e-04 -2.36720000e-03 -2.35976000e-03 -9.51600000e-05 -4.97382000e-03 -1.04821000e-03 -1.57387000e-03 4.44500000e-04 4.52920000e-04 3.44012000e-03 7.61100000e-04 -1.61492000e-03 8.56120000e-04 1.50490000e-04 -1.00160000e-04 -2.43014000e-03 2.46420000e-04 5.04650000e-04 -1.04550000e-03 9.75640000e-04 -3.58495000e-03 9.10790000e-04 -1.98546000e-03 3.72522000e-03 -9.91500000e-04 -1.62853000e-03 -2.37670000e-04 3.23430000e-04 5.17190000e-04 5.86560000e-04 8.43630000e-04 -9.40470000e-04 -6.69460000e-04 6.17130000e-04 3.45256000e-03 1.40167000e-03 3.40520000e-04 -1.15950000e-03 -4.51888000e-03 1.05600000e-03 -2.03337000e-03 -2.12894000e-03 -1.28548000e-03 -3.65829000e-03 9.89140000e-04 1.14486000e-03 9.05670000e-04 -4.34490000e-04 9.54540000e-04 -4.47190000e-04 -1.49131000e-03 3.41490000e-04 -1.72485000e-03 -7.09730000e-04 7.03030000e-04 1.73006000e-03 -7.39660000e-04 -1.59842000e-03 -3.05800000e-04 4.36730000e-04 -2.19220000e-03 2.23382000e-03 -1.58390000e-04 2.54999000e-03 6.30350000e-04 -6.78900000e-04 8.44800000e-04 -1.80001000e-03 1.52020000e-03 -1.74053000e-03 2.38870000e-04 6.23290000e-04 3.85330000e-04 4.63133000e-03 4.83310000e-04 3.56301000e-03 5.20777200e-02 -1.05830000e-04 1.04838000e-03 4.84709000e-03 1.52309000e-03 -1.54440000e-03 -2.82132000e-03 3.03957000e-03 -4.99650000e-04 4.02730000e-04 1.58432000e-03 1.09840000e-03 -6.23590000e-04 1.11079000e-03 -1.58605000e-03 1.19501000e-03 2.24794000e-03 -6.88870000e-04 -5.50496000e-03 -2.61505000e-03 -1.05360000e-04 -1.52909000e-03 2.31492000e-03 7.28210000e-04
-1.91790000e-04 -2.87700000e-05 1.03030000e-04 5.13000000e-05 6.55000000e-06 2.25510000e-04 1.54540000e-04 -6.56400000e-05 -7.83400000e-05 -1.86910000e-04 2.25970000e-04 -2.12000000e-06 1.70470000e-04 2.60650000e-04 -7.40500000e-05 2.45030000e-04 -2.16390000e-04 1.83120000e-04 -1.32400000e-05 8.85400000e-05 9.40500000e-05 -1.72130000e-04 -2.96350000e-04 -3.40000000e-05 -2.31900000e-05 2.17070000e-04 1.36080000e-04 1.71080000e-04 1.64400000e-04 1.16690000e-04 1.16000000e-06 2.60790000e-04 1.37770000e-04 1.05160000e-04 1.95930000e-04 3.05980000e-04 -4.16000000e-05 -3.41000000e-06 1.05000000e-05 1.54830000e-04 1.35320000e-04 2.74450000e-04 1.06480000e-04 9.21900000e-05 9.99300000e-05 3.49480000e-04 1.53510000e-04 -1.27700000e-05 1.45630000e-04 5.92900000e-05 2.74430000e-04 5.70000000e-06 8.88400000e-05 -1.04370000e-04 2.09260000e-04 1.44950000e-04 1.95970000e-04 -3.90400000e-05 1.44750000e-04 1.00120000e-04 1.46600000e-04 3.87680000e-04 -4.37300000e-05 4.50400000e-05 1.86630000e-04 1.02600000e-05 -2.14220000e-04 2.04520000e-04 -7.96800000e-05 2.16530000e-04 1.34840000e-04 7.97300000e-05 1.34040000e-04 3.65700000e-05 -6.93000000e-06 -2.17500000e-05 -3.95600000e-05 4.85800000e-05 2.71540000e-04 6.09000000e-06 -1.66620000e-04 1.74320000e-04 -3.18900000e-05 -1.05830000e-04 1.01019800e-02 2.40230000e-04 6.73800000e-05 3.50700000e-04 2.02080000e-04 -2.20890000e-04 -6.51000000e-05 7.67200000e-05 3.90100000e-05 1.59360000e-04 1.62310000e-04 9.11700000e-05 -3.85330000e-04 -6.70500000e-05 1.64200000e-05 -4.45500000e-05 1.78400000e-05 -6.73900000e-05 -3.48000000e-05 -4.51100000e-05 -5.06200000e-05 8.03200000e-05 1.15730000e-04
-1.45430000e-04 -2.80090000e-04 1.54930000e-04 -2.48700000e-05 -3.55790000e-04 -6.88000000e-05 3.89320000e-04 -4.25400000e-04 -6.87230000e-04 -2.12140000e-04 2.43620000e-04 -9.18500000e-04 3.00370000e-04 2.38700000e-04 5.04260000e-04 5.54980000e-04 6.16040000e-04 3.79010000e-04 -1.40920000e-04 4.70280000e-04 1.63130000e-04 9.10000000e-06 -7.75620000e-04 4.70300000e-05 4.08880000e-04 6.82310000e-04 2.34900000e-04 -8.40000000e-07 2.36690000e-04 3.11610000e-04 3.82980000e-04 1.47660000e-04 -3.44330000e-04 -1.23080000e-04 3.39310000e-04 6.26370000e-04 -2.15350000e-04 -8.44600000e-05 -2.27170000e-04 1.79230000e-04 3.78550000e-04 1.44436000e-03 2.48410000e-04 -1.00940000e-04 4.23050000e-04 5.75740000e-04 5.41880000e-04 -5.93580000e-04 -5.94400000e-05 -4.75700000e-04 -1.36320000e-04 -1.15690000e-04 4.64380000e-04 3.07600000e-05 2.22870000e-04 -1.37200000e-05 2.08320000e-04 -3.27410000e-04 3.69420000e-04 2.18700000e-04 1.52700000e-04 1.22426000e-03 9.10500000e-05 -3.66690000e-04 3.46400000e-05 -4.21520000e-04 9.18000000e-06 -1.02400000e-05 -3.55260000e-04 2.91670000e-04 3.78030000e-04 2.78180000e-04 -7.18600000e-05 4.19400000e-04 -5.95110000e-04 -3.41990000e-04 -3.48920000e-04 -1.60550000e-04 -1.12000000e-04 -3.27810000e-04 -9.92600000e-05 3.77490000e-04 3.95670000e-04 1.04838000e-03 2.40230000e-04 3.44249600e-02 5.99540000e-04 1.09124000e-03 1.46380000e-04 -4.02500000e-04 2.39100000e-05 -2.71900000e-05 1.98510000e-04 3.52800000e-04 -3.89100000e-05 -2.73500000e-05 -1.32650000e-04 -2.62730000e-04 1.09430000e-04 1.76020000e-04 -5.13440000e-04 -3.77010000e-04 -1.03130000e-04 3.58300000e-05 -1.89610000e-04 1.84960000e-04 4.70000000e-05
-9.09470000e-04 -1.80233000e-03 1.13778000e-03 -1.26321000e-03 1.12920000e-04 1.44400000e-04 -1.28828000e-03 7.69630000e-04 -2.09193000e-03 -3.06471000e-03 7.11400000e-05 -5.09022000e-03 -1.52132000e-03 -1.66771000e-03 -7.33300000e-04 -5.75000000e-05 1.92462000e-03 6.52250000e-04 -1.68252000e-03 3.68440000e-04 1.72020000e-04 -8.44070000e-04 -1.82941000e-03 5.56000000e-06 -3.47040000e-04 -2.27834000e-03 9.61710000e-04 -3.96882000e-03 9.06990000e-04 -2.56666000e-03 3.47313000e-03 -7.54720000e-04 -1.08699000e-03 3.47650000e-04 2.86860000e-04 5.33200000e-05 6.90190000e-04 1.04640000e-03 -6.62270000e-04 -7.86900000e-04 4.68760000e-04 1.80587000e-03 1.43294000e-03 6.80800000e-04 -1.85568000e-03 -5.80802000e-03 7.08310000e-04 -1.45179000e-03 -2.09529000e-03 -4.41850000e-04 -2.53399000e-03 1.46276000e-03 7.05720000e-04 5.23090000e-04 -1.79800000e-04 1.41582000e-03 -4.24990000e-04 -1.38475000e-03 1.77410000e-04 -2.19216000e-03 -7.46650000e-04 -7.31280000e-04 1.71522000e-03 1.29570000e-04 -1.56209000e-03 2.64470000e-04 -2.93040000e-04 -2.15746000e-03 3.25371000e-03 -1.78140000e-04 2.15900000e-03 3.99550000e-04 -1.58300000e-04 2.88950000e-04 -1.17151000e-03 2.09293000e-03 -1.56671000e-03 6.77880000e-04 1.68762000e-03 1.05831000e-03 4.78355000e-03 3.38950000e-04 3.46310000e-03 4.84709000e-03 6.73800000e-05 5.99540000e-04 4.14563900e-02 3.72940000e-04 -1.67269000e-03 -3.33547000e-03 2.76888000e-03 -2.64160000e-04 2.45630000e-04 1.36710000e-03 1.21512000e-03 -5.77790000e-04 4.34520000e-04 -1.70645000e-03 1.14032000e-03 2.13058000e-03 1.50680000e-04 -6.08101000e-03 -2.88587000e-03 -3.13620000e-04 -1.72813000e-03 2.32023000e-03 1.08775000e-03
3.79950000e-04 -1.59620000e-04 1.86920000e-04 1.92800000e-04 -1.63355000e-03 -1.40020000e-04 1.62437000e-03 -1.78943000e-03 -6.56200000e-04 7.41030000e-04 4.66320000e-04 -6.58410000e-04 1.15867000e-03 1.24162000e-03 1.69281000e-03 1.80022000e-03 7.24970000e-04 7.65680000e-04 2.15570000e-04 1.15265000e-03 4.45170000e-04 5.88320000e-04 -2.15485000e-03 9.83800000e-05 1.39150000e-03 2.55370000e-03 4.69760000e-04 1.48918000e-03 4.38880000e-04 1.79949000e-03 -1.80720000e-04 2.93070000e-04 -2.15200000e-04 -2.86540000e-04 7.34380000e-04 2.45317000e-03 -3.47200000e-05 -4.26810000e-04 -2.14650000e-04 1.02337000e-03 7.77820000e-04 4.00991000e-03 1.49910000e-04 -3.62790000e-04 1.83496000e-03 3.82509000e-03 1.29087000e-03 -1.33783000e-03 5.35990000e-04 -1.46377000e-03 9.69810000e-04 -8.66280000e-04 1.04666000e-03 1.52330000e-04 2.06460000e-04 -8.55870000e-04 8.49460000e-04 3.64000000e-05 6.32650000e-04 1.55981000e-03 9.07130000e-04 3.44111000e-03 -3.08770000e-04 -1.51158000e-03 4.59610000e-04 -7.37950000e-04 3.89830000e-04 6.08970000e-04 -2.16637000e-03 8.77260000e-04 4.54590000e-04 6.97750000e-04 -2.17640000e-04 1.05195000e-03 -9.02090000e-04 -1.08768000e-03 -9.34900000e-05 -6.52760000e-04 -6.06610000e-04 -1.15347000e-03 -1.25688000e-03 9.11300000e-04 -2.15180000e-04 1.52309000e-03 3.50700000e-04 1.09124000e-03 3.72940000e-04 2.52730700e-02 8.41860000e-04 3.22800000e-04 -8.62250000e-04 1.20720000e-04 8.55610000e-04 1.10698000e-03 -3.03540000e-04 6.25170000e-04 -7.65560000e-04 1.37850000e-04 2.06600000e-05 -1.41150000e-04 -1.57505000e-03 1.21214000e-03 7.02960000e-04 3.63640000e-04 3.72560000e-04 6.73360000e-04 -6.72100000e-05
3.30870000e-04 6.93640000e-04 -2.39020000e-04 6.18050000e-04 -3.51670000e-04 6.00400000e-05 1.01678000e-03 -7.01880000e-04 7.59130000e-04 1.22524000e-03 2.76510000e-04 2.11149000e-03 1.11910000e-03 1.20025000e-03 5.65090000e-04 6.89380000e-04 -7.03000000e-04 -2.30200000e-05 7.28580000e-04 1.48950000e-04 1.35490000e-04 3.27550000e-04 4.67200000e-05 -1.70200000e-05 3.94580000e-04 1.74783000e-03 -3.30700000e-05 2.14052000e-03 -7.79100000e-05 1.50955000e-03 -1.35060000e-03 5.05990000e-04 5.69390000e-04 -9.02700000e-05 2.44410000e-04 8.76720000e-04 -4.44570000e-04 -5.06350000e-04 2.56830000e-04 7.14700000e-04 3.23800000e-05 3.81130000e-04 -3.93060000e-04 -3.30080000e-04 1.14446000e-03 3.59853000e-03 1.03200000e-04 3.48860000e-04 1.17056000e-03 -1.93600000e-05 1.45831000e-03 -7.36510000e-04 1.56600000e-05 -2.49250000e-04 3.20900000e-04 -5.63560000e-04 5.64470000e-04 5.50780000e-04 3.25900000e-05 1.30601000e-03 6.00900000e-04 1.34186000e-03 -7.65700000e-04 -3.12760000e-04 9.46670000e-04 -1.57680000e-04 3.47100000e-05 1.20789000e-03 -1.72647000e-03 4.48810000e-04 -5.85480000e-04 1.32600000e-05 1.57440000e-04 1.49970000e-04 4.13980000e-04 -9.55760000e-04 6.03100000e-04 -2.95080000e-04 -5.30460000e-04 -6.04350000e-04 -2.20618000e-03 1.82970000e-04 -1.31221000e-03 -1.54440000e-03 2.02080000e-04 1.46380000e-04 -1.67269000e-03 8.41860000e-04 2.02981000e-02 1.23523000e-03 -1.30623000e-03 2.08310000e-04 8.53200000e-05 -1.74880000e-04 -3.34240000e-04 4.39890000e-04 -6.83460000e-04 6.97990000e-04 -4.87480000e-04 -9.47950000e-04 -3.47830000e-04 2.64346000e-03 1.23792000e-03 1.58970000e-04 7.33100000e-04 -7.74120000e-04 -3.23750000e-04
1.28278000e-03 1.32725000e-03 -8.74320000e-04 9.79600000e-04 -5.90420000e-04 -5.91740000e-04 1.29557000e-03 -9.73170000e-04 1.46604000e-03 2.96621000e-03 -1.99090000e-04 3.51094000e-03 1.27212000e-03 1.30030000e-03 1.38893000e-03 2.83250000e-04 -7.07360000e-04 -3.75430000e-04 1.34482000e-03 9.45700000e-05 -2.58300000e-05 1.18965000e-03 1.04066000e-03 1.53120000e-04 8.92660000e-04 2.21269000e-03 -7.50130000e-04 3.18440000e-03 -7.18090000e-04 2.38791000e-03 -2.58498000e-03 3.14550000e-04 5.01880000e-04 -4.05550000e-04 -1.73170000e-04 4.17000000e-04 -4.24960000e-04 -7.93070000e-04 4.51810000e-04 7.09920000e-04 -2.19050000e-04 -2.53060000e-04 -1.08950000e-03 -7.13120000e-04 1.91702000e-03 4.99183000e-03 -2.03610000e-04 6.54780000e-04 1.54145000e-03 -2.61660000e-04 1.90986000e-03 -1.28765000e-03 -2.22980000e-04 -7.14600000e-05 -9.51900000e-05 -1.52008000e-03 3.99480000e-04 1.12584000e-03 -1.15210000e-04 2.05135000e-03 7.09710000e-04 1.12228000e-03 -1.17707000e-03 -6.42360000e-04 1.06560000e-03 -4.37380000e-04 7.75880000e-04 1.51413000e-03 -3.01621000e-03 1.51260000e-04 -1.62310000e-03 -8.03900000e-05 -1.01750000e-04 1.94910000e-04 5.92880000e-04 -1.82510000e-03 1.20436000e-03 -7.85570000e-04 -1.86532000e-03 -1.15723000e-03 -3.61917000e-03 -1.38980000e-04 -2.69485000e-03 -2.82132000e-03 -2.20890000e-04 -4.02500000e-04 -3.33547000e-03 3.22800000e-04 1.23523000e-03 2.34094700e-02 -2.17409000e-03 6.46100000e-05 -2.06000000e-06 -9.00970000e-04 -1.28535000e-03 4.71020000e-04 2.79540000e-04 1.51526000e-03 -7.36640000e-04 -1.37402000e-03 -6.44210000e-04 4.84861000e-03 2.35827000e-03 5.50620000e-04 1.59083000e-03 -1.58427000e-03 -9.06710000e-04
-4.71120000e-04 -1.05544000e-03 7.46210000e-04 -8.52680000e-04 8.90330000e-04 -1.86000000e-05 -1.57669000e-03 1.52284000e-03 -1.10028000e-03 -2.07316000e-03 -9.05100000e-05 -2.30369000e-03 -1.27281000e-03 -1.64030000e-03 -1.15705000e-03 -6.21010000e-04 1.29559000e-03 9.80000000e-05 -1.13308000e-03 -2.92860000e-04 -2.20050000e-04 -6.64070000e-04 -4.28200000e-04 6.72400000e-05 -8.85210000e-04 -2.11850000e-03 4.21510000e-04 -3.08152000e-03 5.90420000e-04 -2.54777000e-03 2.40463000e-03 -5.31080000e-04 -6.49580000e-04 2.36190000e-04 -1.06280000e-04 -1.24592000e-03 7.03980000e-04 8.88270000e-04 -3.17110000e-04 -9.36140000e-04 -2.37300000e-05 -3.95110000e-04 1.03661000e-03 5.81890000e-04 -2.09754000e-03 -5.34901000e-03 -2.13350000e-04 -2.66820000e-04 -1.56675000e-03 3.90750000e-04 -2.93167000e-03 1.32772000e-03 1.19200000e-05 2.84800000e-04 -1.65390000e-04 1.70084000e-03 -5.86550000e-04 -9.49500000e-04 -1.94000000e-04 -2.08826000e-03 -9.37010000e-04 -1.41693000e-03 1.28263000e-03 6.47730000e-04 -1.06734000e-03 4.18330000e-04 -3.69170000e-04 -1.44613000e-03 2.74006000e-03 -3.80450000e-04 1.68997000e-03 -1.34940000e-04 -8.56000000e-06 -3.17060000e-04 -6.10640000e-04 1.74001000e-03 -1.03126000e-03 6.36430000e-04 1.36691000e-03 1.14456000e-03 3.60011000e-03 -2.18490000e-04 2.05409000e-03 3.03957000e-03 -6.51000000e-05 2.39100000e-05 2.76888000e-03 -8.62250000e-04 -1.30623000e-03 -2.17409000e-03 5.73373400e-02 -3.50950000e-04 -3.06420000e-04 5.01820000e-04 1.63536000e-03 -6.81240000e-04 8.54250000e-04 -1.02388000e-03 1.08437000e-03 1.53635000e-03 1.00493000e-03 -4.44837000e-03 -2.21231000e-03 -2.40750000e-04 -1.12377000e-03 1.32677000e-03 9.38070000e-04
-5.31700000e-05 9.70800000e-05 -3.77700000e-05 9.01500000e-05 -9.75000000e-05 1.33830000e-04 2.42150000e-04 -1.95340000e-04 3.75600000e-05 6.38800000e-05 1.27640000e-04 1.81280000e-04 1.62660000e-04 2.36470000e-04 8.05600000e-05 1.76110000e-04 -4.68550000e-04 3.35200000e-05 9.35800000e-05 6.59200000e-05 1.17080000e-04 -4.53300000e-05 -6.08200000e-05 -1.04200000e-05 7.27600000e-05 2.38770000e-04 -6.37000000e-06 3.30040000e-04 1.74500000e-05 2.61020000e-04 -3.09410000e-04 6.65600000e-05 1.26550000e-04 1.02010000e-04 1.14450000e-04 2.89850000e-04 8.12300000e-05 -6.72400000e-05 2.52400000e-05 1.70860000e-04 4.05400000e-05 1.11680000e-04 -6.44100000e-05 -6.35000000e-05 1.88550000e-04 5.71840000e-04 8.78300000e-05 -3.07300000e-05 2.17140000e-04 -1.41800000e-05 5.42930000e-04 -1.31580000e-04 6.69400000e-05 -7.43900000e-05 1.45460000e-04 -1.12710000e-04 1.98470000e-04 9.57100000e-05 2.40020000e-04 2.82950000e-04 1.46090000e-04 1.72390000e-04 -1.46560000e-04 -4.97500000e-05 1.71600000e-04 -4.39300000e-05 -8.28800000e-05 2.50360000e-04 -3.77710000e-04 1.00810000e-04 -1.30900000e-04 4.38600000e-05 8.20500000e-05 7.46000000e-05 6.25900000e-05 -2.07740000e-04 8.30500000e-05 1.04200000e-05 7.13700000e-05 -1.29120000e-04 -5.11360000e-04 9.98600000e-05 5.47500000e-05 -4.99650000e-04 7.67200000e-05 -2.71900000e-05 -2.64160000e-04 1.20720000e-04 2.08310000e-04 6.46100000e-05 -3.50950000e-04 9.44985000e-03 4.41930000e-04 4.27120000e-04 -6.71300000e-05 5.31100000e-04 -3.18100000e-04 4.22700000e-05 -8.06300000e-05 -1.67860000e-04 -7.76300000e-05 7.44070000e-04 5.76710000e-04 -1.34900000e-05 1.05090000e-04 3.94180000e-04 -2.50700000e-05
9.64000000e-05 -1.13350000e-04 1.72800000e-05 -8.60000000e-07 -6.15810000e-04 -2.81400000e-05 5.42000000e-04 -6.48070000e-04 -4.33980000e-04 1.48830000e-04 1.08690000e-04 -6.59950000e-04 1.51280000e-04 2.26720000e-04 6.34230000e-04 5.29730000e-04 -1.35800000e-05 2.44680000e-04 -2.10000000e-06 4.22760000e-04 2.22270000e-04 1.89900000e-04 -7.80300000e-04 5.05700000e-05 5.21920000e-04 5.12560000e-04 5.77300000e-05 2.05910000e-04 1.17000000e-04 5.06570000e-04 -6.63800000e-05 -1.06480000e-04 -2.21930000e-04 -7.80000000e-06 2.18000000e-04 8.12250000e-04 2.68330000e-04 -9.09100000e-05 -1.25840000e-04 2.96370000e-04 2.84790000e-04 1.27341000e-03 2.30800000e-05 -1.86380000e-04 5.81100000e-04 7.72340000e-04 4.79220000e-04 -6.61870000e-04 6.98000000e-06 -6.12750000e-04 4.88400000e-04 -2.53420000e-04 4.13570000e-04 8.62700000e-05 4.40900000e-05 -3.60640000e-04 2.77740000e-04 -1.21500000e-05 4.31900000e-04 5.08840000e-04 2.76150000e-04 7.90790000e-04 -4.51400000e-05 -5.57200000e-04 -2.83300000e-05 -3.19410000e-04 1.40860000e-04 4.99300000e-05 -7.59820000e-04 1.98600000e-04 8.31900000e-05 2.79090000e-04 -1.00120000e-04 4.38950000e-04 -4.36620000e-04 -4.02720000e-04 -9.37100000e-05 -2.06550000e-04 -1.25700000e-04 -4.18460000e-04 -3.69300000e-04 3.12160000e-04 2.76830000e-04 4.02730000e-04 3.90100000e-05 1.98510000e-04 2.45630000e-04 8.55610000e-04 8.53200000e-05 -2.06000000e-06 -3.06420000e-04 4.41930000e-04 2.30038600e-02 8.22730000e-04 -2.34810000e-04 6.45100000e-04 -2.14080000e-04 -6.02900000e-05 4.74500000e-05 6.63300000e-05 -5.87490000e-04 5.73600000e-04 6.06130000e-04 1.42800000e-04 1.11400000e-04 8.82280000e-04 -3.94300000e-05
-1.15890000e-04 -5.98260000e-04 3.14810000e-04 -3.24380000e-04 -5.04760000e-04 5.63700000e-05 2.23140000e-04 -3.88860000e-04 -8.32040000e-04 -6.44230000e-04 2.42630000e-04 -1.47142000e-03 -8.81500000e-05 -3.70000000e-05 3.64470000e-04 6.55480000e-04 2.79490000e-04 4.60510000e-04 -4.75950000e-04 5.23720000e-04 2.71360000e-04 -1.53510000e-04 -1.35138000e-03 2.01600000e-05 3.83550000e-04 1.51360000e-04 3.18560000e-04 -6.17360000e-04 4.02550000e-04 -1.75500000e-04 7.04100000e-04 -1.67570000e-04 -3.27960000e-04 4.12000000e-05 3.62120000e-04 1.04932000e-03 6.01600000e-04 1.88820000e-04 -3.10350000e-04 1.50700000e-04 3.92130000e-04 1.86313000e-03 3.78610000e-04 3.19400000e-05 7.76000000e-05 -3.83670000e-04 6.83110000e-04 -9.49400000e-04 -3.76350000e-04 -6.47350000e-04 -1.42700000e-04 1.39300000e-05 6.13670000e-04 1.61690000e-04 9.19200000e-05 3.80900000e-05 2.08240000e-04 -3.94040000e-04 5.01050000e-04 -3.89900000e-05 1.01010000e-04 9.02330000e-04 3.61440000e-04 -5.24980000e-04 -2.77940000e-04 -2.55280000e-04 -5.22000000e-05 -2.78080000e-04 -1.63680000e-04 2.00160000e-04 7.46700000e-04 3.81470000e-04 -1.53830000e-04 4.83290000e-04 -6.83200000e-04 1.03240000e-04 -5.26990000e-04 -3.65900000e-05 3.94650000e-04 -1.84940000e-04 7.21960000e-04 4.50960000e-04 9.92470000e-04 1.58432000e-03 1.59360000e-04 3.52800000e-04 1.36710000e-03 1.10698000e-03 -1.74880000e-04 -9.00970000e-04 5.01820000e-04 4.27120000e-04 8.22730000e-04 3.94793400e-02 3.16530000e-04 6.84110000e-04 -2.66820000e-04 -4.91520000e-04 3.52340000e-04 5.66960000e-04 -4.98240000e-04 -9.84410000e-04 -1.93000000e-04 9.61000000e-06 -3.27660000e-04 1.56440000e-03 3.30000000e-04
-4.95470000e-04 -3.59910000e-04 5.90510000e-04 -2.84820000e-04 7.49420000e-04 4.62200000e-04 -8.60010000e-04 1.02562000e-03 -2.11130000e-04 -1.28146000e-03 1.93110000e-04 -4.44710000e-04 -3.93290000e-04 -6.16800000e-04 -1.20825000e-03 -1.37030000e-04 1.90160000e-04 -8.03000000e-06 -4.72020000e-04 -4.08160000e-04 -1.84550000e-04 -6.78750000e-04 -1.05250000e-04 -8.99000000e-05 -9.48890000e-04 -8.21950000e-04 4.68590000e-04 -1.23177000e-03 5.30940000e-04 -1.43594000e-03 1.13766000e-03 2.83500000e-05 1.58290000e-04 3.54770000e-04 4.94900000e-05 -6.96260000e-04 4.31920000e-04 4.83980000e-04 6.74100000e-05 -3.03060000e-04 -7.69300000e-05 -5.06080000e-04 7.14510000e-04 4.82350000e-04 -1.40508000e-03 -2.42685000e-03 -3.52060000e-04 2.79990000e-04 -5.10840000e-04 6.78690000e-04 -1.38618000e-03 8.11370000e-04 -1.84760000e-04 -8.26500000e-05 1.69020000e-04 1.38254000e-03 -4.75500000e-05 -3.23500000e-04 -2.39670000e-04 -1.10095000e-03 -4.03390000e-04 -5.00700000e-04 5.38090000e-04 6.46120000e-04 -2.01950000e-04 6.27290000e-04 -6.09750000e-04 -3.50330000e-04 1.64984000e-03 5.95500000e-05 1.11500000e-03 -2.58530000e-04 3.46720000e-04 -4.96990000e-04 6.27400000e-05 1.23763000e-03 -3.06380000e-04 5.39150000e-04 1.32356000e-03 9.14450000e-04 1.73700000e-03 -1.54600000e-04 9.36370000e-04 1.09840000e-03 1.62310000e-04 -3.89100000e-05 1.21512000e-03 -3.03540000e-04 -3.34240000e-04 -1.28535000e-03 1.63536000e-03 -6.71300000e-05 -2.34810000e-04 3.16530000e-04 2.09877700e-02 -2.74330000e-04 -1.71540000e-04 -4.03140000e-04 7.10700000e-04 5.36470000e-04 1.01151000e-03 -2.15947000e-03 -1.17667000e-03 -2.39350000e-04 -5.74390000e-04 6.88370000e-04 8.36520000e-04
2.11410000e-04 1.75820000e-04 -1.47260000e-04 1.82270000e-04 -4.27950000e-04 1.46500000e-05 6.30970000e-04 -5.74700000e-04 1.14860000e-04 5.52160000e-04 1.58610000e-04 6.18780000e-04 4.26450000e-04 5.71950000e-04 5.19780000e-04 4.93960000e-04 -5.91940000e-04 1.33080000e-04 2.18000000e-04 2.66800000e-04 2.02300000e-04 1.58870000e-04 -3.33510000e-04 -4.93000000e-06 4.14890000e-04 8.02990000e-04 -8.68200000e-05 9.12250000e-04 -1.34200000e-05 7.77590000e-04 -7.05040000e-04 1.22380000e-04 1.49290000e-04 4.89000000e-06 1.85100000e-04 8.59720000e-04 1.92560000e-04 -2.10260000e-04 4.66000000e-06 3.98030000e-04 1.34000000e-04 7.19870000e-04 -2.21950000e-04 -2.08720000e-04 7.09410000e-04 1.71438000e-03 2.86230000e-04 -2.14670000e-04 4.68010000e-04 -3.21820000e-04 9.96070000e-04 -4.70120000e-04 2.18480000e-04 -7.52700000e-05 1.39740000e-04 -4.93700000e-04 3.36400000e-04 2.13580000e-04 3.72120000e-04 7.54840000e-04 3.68460000e-04 7.86580000e-04 -3.30240000e-04 -4.17950000e-04 3.32800000e-04 -2.49890000e-04 3.86100000e-05 5.35250000e-04 -1.21346000e-03 2.07950000e-04 -2.52480000e-04 1.81040000e-04 -3.17400000e-05 2.87970000e-04 -3.41500000e-05 -6.14020000e-04 1.54390000e-04 -2.24320000e-04 -2.16100000e-04 -4.86170000e-04 -1.08992000e-03 2.35160000e-04 -3.64300000e-04 -6.23590000e-04 9.11700000e-05 -2.73500000e-05 -5.77790000e-04 6.25170000e-04 4.39890000e-04 4.71020000e-04 -6.81240000e-04 5.31100000e-04 6.45100000e-04 6.84110000e-04 -2.74330000e-04 2.54427000e-02 -4.18450000e-04 2.12450000e-04 -1.91810000e-04 -3.18950000e-04 -4.43000000e-04 1.42465000e-03 9.45870000e-04 1.07970000e-04 3.63940000e-04 5.16870000e-04 -1.45920000e-04
7.01900000e-04 -2.69350000e-04 -1.83790000e-04 -2.57750000e-04 1.48190000e-04 -8.42610000e-04 -6.65740000e-04 5.16850000e-04 -3.57030000e-04 3.07860000e-04 -4.22970000e-04 -8.97380000e-04 -5.77660000e-04 -8.99300000e-04 4.60420000e-04 -7.47690000e-04 1.17464000e-03 -1.14780000e-04 -2.26250000e-04 7.51100000e-05 -1.83670000e-04 5.04550000e-04 5.92100000e-04 3.64820000e-04 2.55890000e-04 -6.44130000e-04 -4.56290000e-04 -1.11973000e-03 -2.87190000e-04 -7.16640000e-04 3.96560000e-04 -5.48710000e-04 -6.69930000e-04 -1.47810000e-04 -2.79320000e-04 -1.06083000e-03 3.49660000e-04 3.53490000e-04 -1.77150000e-04 -6.58470000e-04 -1.50610000e-04 -1.03870000e-04 3.07800000e-05 -2.01000000e-05 -5.09560000e-04 -2.02653000e-03 -1.11080000e-04 -1.26750000e-04 -7.02610000e-04 -2.25180000e-04 -1.50481000e-03 2.66540000e-04 4.68900000e-05 5.36400000e-04 -4.64090000e-04 -2.79000000e-05 -5.67880000e-04 -2.23490000e-04 -1.28740000e-04 -5.85320000e-04 -5.24060000e-04 -6.69220000e-04 5.95390000e-04 -8.31200000e-05 -6.12110000e-04 -2.80390000e-04 7.42470000e-04 -7.22810000e-04 3.16730000e-04 -5.37920000e-04 4.14400000e-05 -5.02000000e-05 -3.65760000e-04 9.97800000e-05 -4.80890000e-04 -2.66000000e-05 -2.96840000e-04 -1.34140000e-04 -6.54060000e-04 -6.15500000e-05 8.35200000e-04 -2.50560000e-04 9.69100000e-05 1.11079000e-03 -3.85330000e-04 -1.32650000e-04 4.34520000e-04 -7.65560000e-04 -6.83460000e-04 2.79540000e-04 8.54250000e-04 -3.18100000e-04 -2.14080000e-04 -2.66820000e-04 -1.71540000e-04 -4.18450000e-04 1.88499700e-02 -1.16000000e-06 5.13170000e-04 8.27960000e-04 7.40600000e-05 -9.01200000e-04 -3.67240000e-04 2.65170000e-04 -4.72000000e-06 6.62900000e-05 2.93600000e-05
5.72890000e-04 7.46140000e-04 -3.56010000e-04 5.54400000e-04 -1.64290000e-04 -1.37250000e-04 5.97960000e-04 -3.59620000e-04 8.80310000e-04 1.43619000e-03 -3.81700000e-05 1.96073000e-03 6.86300000e-04 6.90560000e-04 4.66580000e-04 1.59490000e-04 -4.92610000e-04 -2.23800000e-04 7.17760000e-04 -6.12900000e-05 -3.87000000e-05 4.98960000e-04 6.28700000e-04 4.27600000e-05 2.59840000e-04 1.12481000e-03 -2.88190000e-04 1.67092000e-03 -2.86640000e-04 1.12319000e-03 -1.30499000e-03 2.30400000e-04 4.20360000e-04 -9.96800000e-05 -6.68100000e-05 1.31230000e-04 -2.16740000e-04 -3.60510000e-04 3.36570000e-04 3.96850000e-04 -1.45880000e-04 -2.94960000e-04 -4.64540000e-04 -2.88110000e-04 8.12880000e-04 2.48742000e-03 -1.99240000e-04 4.93480000e-04 8.50030000e-04 5.83400000e-05 1.01921000e-03 -5.53320000e-04 -1.95790000e-04 -9.53900000e-05 1.42900000e-05 -5.73880000e-04 2.87160000e-04 6.37060000e-04 -1.54410000e-04 9.88760000e-04 3.70620000e-04 5.31080000e-04 -5.94560000e-04 -1.76560000e-04 6.29170000e-04 -3.89800000e-05 2.67180000e-04 8.54240000e-04 -1.33492000e-03 1.52500000e-04 -7.46080000e-04 -1.16260000e-04 9.27100000e-05 -3.57000000e-05 4.55720000e-04 -7.35110000e-04 7.06310000e-04 -3.00640000e-04 -7.03880000e-04 -4.20150000e-04 -1.78855000e-03 -1.10070000e-04 -1.38402000e-03 -1.58605000e-03 -6.70500000e-05 -2.62730000e-04 -1.70645000e-03 1.37850000e-04 6.97990000e-04 1.51526000e-03 -1.02388000e-03 4.22700000e-05 -6.02900000e-05 -4.91520000e-04 -4.03140000e-04 2.12450000e-04 -1.16000000e-06 9.70806000e-03 -2.89730000e-04 -7.39590000e-04 -1.06330000e-04 2.40770000e-03 1.12589000e-03 2.65400000e-04 8.16160000e-04 -8.22320000e-04 -3.04320000e-04
-5.09700000e-05 -4.26130000e-04 2.98790000e-04 -2.49910000e-04 1.55170000e-04 6.25100000e-05 -5.34390000e-04 4.59140000e-04 -6.21690000e-04 -6.27150000e-04 4.84800000e-05 -1.44437000e-03 -4.86520000e-04 -6.31240000e-04 -2.57840000e-04 -1.56490000e-04 5.09950000e-04 1.65770000e-04 -4.02370000e-04 4.81500000e-05 -5.74200000e-05 -1.53780000e-04 -3.26900000e-04 1.25630000e-04 -2.10500000e-04 -5.81530000e-04 1.14940000e-04 -1.21106000e-03 2.72600000e-04 -9.27430000e-04 7.92610000e-04 -1.89470000e-04 -2.86370000e-04 3.19190000e-04 8.51000000e-05 -4.81760000e-04 5.25820000e-04 4.61140000e-04 -6.49000000e-05 -3.00360000e-04 1.11380000e-04 4.54730000e-04 5.08900000e-04 2.81820000e-04 -7.85300000e-04 -2.11479000e-03 5.80900000e-05 -2.70150000e-04 -6.66500000e-04 -1.45200000e-05 -1.03609000e-03 5.64810000e-04 1.38460000e-04 2.19900000e-04 -5.90000000e-05 6.51320000e-04 -1.10850000e-04 -2.88280000e-04 -1.74200000e-05 -6.67480000e-04 -2.67600000e-04 -1.24470000e-04 6.05830000e-04 9.12400000e-05 -4.32360000e-04 1.34710000e-04 -8.32000000e-06 -5.41290000e-04 8.27100000e-04 -1.49500000e-05 6.97140000e-04 -1.32700000e-05 9.21500000e-05 -5.85000000e-05 -4.50960000e-04 5.31960000e-04 -3.64790000e-04 1.47270000e-04 5.55080000e-04 3.40040000e-04 1.19921000e-03 2.81300000e-05 5.51220000e-04 1.19501000e-03 1.64200000e-05 1.09430000e-04 1.14032000e-03 2.06600000e-05 -4.87480000e-04 -7.36640000e-04 1.08437000e-03 -8.06300000e-05 4.74500000e-05 3.52340000e-04 7.10700000e-04 -1.91810000e-04 5.13170000e-04 -2.89730000e-04 2.19863900e-02 7.95670000e-04 3.75790000e-04 -1.68290000e-03 -7.46750000e-04 7.87600000e-05 -3.09640000e-04 8.16990000e-04 6.16470000e-04
-1.18530000e-04 -8.59510000e-04 4.04350000e-04 -5.96350000e-04 9.70400000e-05 -1.77750000e-04 -7.76390000e-04 5.32430000e-04 -1.11562000e-03 -1.20607000e-03 -1.81900000e-05 -2.63654000e-03 -9.18600000e-04 -1.01387000e-03 -1.43040000e-04 -2.99490000e-04 9.65800000e-04 3.17600000e-04 -7.81810000e-04 2.34230000e-04 5.31200000e-05 -1.59230000e-04 -7.69460000e-04 2.37810000e-04 -3.17200000e-05 -1.27862000e-03 1.74770000e-04 -2.16232000e-03 3.22320000e-04 -1.40100000e-03 1.50328000e-03 -4.57020000e-04 -6.47650000e-04 2.61540000e-04 9.97300000e-05 -3.62620000e-04 6.18780000e-04 6.77870000e-04 -3.31420000e-04 -5.47350000e-04 2.03920000e-04 7.74020000e-04 6.42110000e-04 3.74860000e-04 -1.01962000e-03 -3.42080000e-03 3.25210000e-04 -6.28880000e-04 -1.15714000e-03 -2.08160000e-04 -1.51970000e-03 7.67510000e-04 3.56690000e-04 4.35750000e-04 -2.02240000e-04 6.75070000e-04 -3.43900000e-04 -6.46230000e-04 5.72000000e-05 -1.12635000e-03 -4.67760000e-04 -5.65510000e-04 1.00945000e-03 5.62700000e-05 -8.70990000e-04 2.10700000e-05 1.36000000e-04 -1.12208000e-03 1.43951000e-03 -2.16740000e-04 9.57860000e-04 1.73960000e-04 -1.37820000e-04 1.64610000e-04 -7.37420000e-04 8.00300000e-04 -8.15780000e-04 2.85250000e-04 6.24880000e-04 4.05910000e-04 2.25130000e-03 1.53210000e-04 1.25509000e-03 2.24794000e-03 -4.45500000e-05 1.76020000e-04 2.13058000e-03 -1.41150000e-04 -9.47950000e-04 -1.37402000e-03 1.53635000e-03 -1.67860000e-04 6.63300000e-05 5.66960000e-04 5.36470000e-04 -3.18950000e-04 8.27960000e-04 -7.39590000e-04 7.95670000e-04 2.18572500e-02 2.22800000e-04 -2.97129000e-03 -1.34987000e-03 3.07000000e-05 -6.60660000e-04 1.19095000e-03 5.85270000e-04
-4.75920000e-04 9.94800000e-05 2.17930000e-04 -7.06500000e-05 1.20477000e-03 4.40420000e-04 -1.07904000e-03 1.32705000e-03 3.94890000e-04 -8.55130000e-04 5.77000000e-06 3.55210000e-04 -5.79410000e-04 -6.59610000e-04 -1.50032000e-03 -8.36380000e-04 -5.56310000e-04 -3.51520000e-04 -1.50420000e-04 -7.82340000e-04 -2.90560000e-04 -6.21640000e-04 9.79710000e-04 -6.15900000e-05 -1.20830000e-03 -1.40015000e-03 4.98800000e-05 -9.76550000e-04 8.69600000e-05 -1.39108000e-03 4.03610000e-04 6.62700000e-05 4.25710000e-04 4.01060000e-04 -2.48420000e-04 -1.44838000e-03 2.61840000e-04 4.25910000e-04 2.79380000e-04 -4.92410000e-04 -3.87110000e-04 -2.18772000e-03 2.89870000e-04 4.71010000e-04 -1.49637000e-03 -2.56314000e-03 -7.97420000e-04 1.01302000e-03 -2.78390000e-04 1.23795000e-03 -7.33370000e-04 7.90550000e-04 -6.30720000e-04 -1.99020000e-04 9.65100000e-05 1.15025000e-03 -2.50700000e-04 -3.71300000e-05 -4.86240000e-04 -1.11653000e-03 -4.98410000e-04 -1.70283000e-03 3.22350000e-04 1.16262000e-03 -1.12440000e-04 7.74660000e-04 -5.83690000e-04 -2.21940000e-04 1.83110000e-03 -2.34890000e-04 2.36150000e-04 -4.97930000e-04 4.52330000e-04 -8.39640000e-04 6.24810000e-04 1.08736000e-03 7.00300000e-05 6.59180000e-04 1.09269000e-03 1.03099000e-03 1.09077000e-03 -4.61860000e-04 2.43030000e-04 -6.88870000e-04 1.78400000e-05 -5.13440000e-04 1.50680000e-04 -1.57505000e-03 -3.47830000e-04 -6.44210000e-04 1.00493000e-03 -7.76300000e-05 -5.87490000e-04 -4.98240000e-04 1.01151000e-03 -4.43000000e-04 7.40600000e-05 -1.06330000e-04 3.75790000e-04 2.22800000e-04 2.34872800e-02 -1.33509000e-03 -8.13960000e-04 -2.35720000e-04 -2.90940000e-04 -1.56800000e-04 5.69890000e-04
1.56996000e-03 2.39665000e-03 -1.42221000e-03 1.80320000e-03 -1.27724000e-03 -4.64280000e-04 2.83262000e-03 -2.26320000e-03 2.46798000e-03 4.65347000e-03 2.86900000e-05 6.30346000e-03 2.66418000e-03 2.88202000e-03 2.24415000e-03 1.12146000e-03 -2.04280000e-03 -5.43830000e-04 2.45994000e-03 2.40210000e-04 1.37100000e-04 1.69000000e-03 1.15416000e-03 8.80000000e-05 1.50134000e-03 4.41644000e-03 -9.77270000e-04 6.18248000e-03 -1.03010000e-03 4.69079000e-03 -4.67642000e-03 8.83420000e-04 1.18989000e-03 -7.43200000e-04 -1.74800000e-05 1.49748000e-03 -1.00013000e-03 -1.69490000e-03 7.49260000e-04 1.70696000e-03 -2.14890000e-04 -1.39540000e-04 -1.91890000e-03 -1.30322000e-03 3.75554000e-03 1.00936900e-02 -1.49280000e-04 1.02437000e-03 3.10080000e-03 -4.27170000e-04 4.17580000e-03 -2.51121000e-03 -2.70620000e-04 -4.79680000e-04 2.55960000e-04 -2.64694000e-03 1.11109000e-03 1.96416000e-03 2.04190000e-04 4.01681000e-03 1.56360000e-03 2.59907000e-03 -2.49778000e-03 -1.15313000e-03 2.24833000e-03 -7.92980000e-04 8.34230000e-04 3.09468000e-03 -5.59599000e-03 6.30220000e-04 -2.79598000e-03 -6.52700000e-05 1.06800000e-05 4.03280000e-04 1.13307000e-03 -3.39659000e-03 2.15062000e-03 -1.24463000e-03 -2.83102000e-03 -2.14696000e-03 -7.08872000e-03 3.78900000e-05 -4.26630000e-03 -5.50496000e-03 -6.73900000e-05 -3.77010000e-04 -6.08101000e-03 1.21214000e-03 2.64346000e-03 4.84861000e-03 -4.44837000e-03 7.44070000e-04 5.73600000e-04 -9.84410000e-04 -2.15947000e-03 1.42465000e-03 -9.01200000e-04 2.40770000e-03 -1.68290000e-03 -2.97129000e-03 -1.33509000e-03 2.36570700e-02 4.78376000e-03 6.67580000e-04 2.62534000e-03 -2.42660000e-03 -1.72932000e-03
8.06060000e-04 1.11788000e-03 -7.10610000e-04 8.87840000e-04 -7.75710000e-04 -2.74270000e-04 1.51648000e-03 -1.24982000e-03 9.13490000e-04 2.32070000e-03 3.29200000e-05 2.69875000e-03 1.25396000e-03 1.37211000e-03 1.33899000e-03 6.23730000e-04 -1.01557000e-03 -1.77730000e-04 1.17702000e-03 2.61180000e-04 1.53590000e-04 9.02130000e-04 3.72770000e-04 8.94800000e-05 9.10010000e-04 2.17309000e-03 -5.35370000e-04 2.93961000e-03 -4.76640000e-04 2.39148000e-03 -2.30648000e-03 3.62730000e-04 3.83380000e-04 -2.98330000e-04 5.45700000e-05 8.31220000e-04 -3.89260000e-04 -8.25430000e-04 3.00330000e-04 8.68610000e-04 1.04400000e-05 2.08770000e-04 -9.13980000e-04 -7.23930000e-04 1.98122000e-03 4.85440000e-03 6.81400000e-05 2.46120000e-04 1.43478000e-03 -4.20190000e-04 2.14467000e-03 -1.24093000e-03 3.85000000e-06 -2.03480000e-04 1.53600000e-04 -1.35199000e-03 6.00960000e-04 9.21150000e-04 3.26340000e-04 2.09588000e-03 8.22320000e-04 1.36235000e-03 -1.19350000e-03 -7.15830000e-04 1.03171000e-03 -5.53640000e-04 4.55980000e-04 1.47180000e-03 -2.98367000e-03 3.39290000e-04 -1.36246000e-03 6.54600000e-05 -7.96000000e-06 3.64300000e-04 3.15560000e-04 -1.86870000e-03 9.54390000e-04 -6.88750000e-04 -1.44349000e-03 -1.20030000e-03 -3.60419000e-03 1.10520000e-04 -1.97095000e-03 -2.61505000e-03 -3.48000000e-05 -1.03130000e-04 -2.88587000e-03 7.02960000e-04 1.23792000e-03 2.35827000e-03 -2.21231000e-03 5.76710000e-04 6.06130000e-04 -1.93000000e-04 -1.17667000e-03 9.45870000e-04 -3.67240000e-04 1.12589000e-03 -7.46750000e-04 -1.34987000e-03 -8.13960000e-04 4.78376000e-03 3.39609100e-02 4.03950000e-04 1.32804000e-03 -7.74720000e-04 -8.59450000e-04
3.82870000e-04 1.58490000e-04 -1.10490000e-04 1.87340000e-04 -3.24160000e-04 -2.08540000e-04 3.87280000e-04 -3.19030000e-04 -6.26800000e-05 6.45230000e-04 1.38600000e-05 8.21300000e-05 1.88850000e-04 1.98560000e-04 5.69610000e-04 2.21820000e-04 4.54200000e-05 5.80600000e-05 2.21690000e-04 2.27540000e-04 7.62800000e-05 3.99140000e-04 -2.66780000e-04 1.57850000e-04 4.04430000e-04 4.81920000e-04 -1.36190000e-04 4.25560000e-04 -2.68900000e-05 5.01320000e-04 -3.75270000e-04 -6.01900000e-05 -9.69300000e-05 -8.68000000e-06 8.39400000e-05 2.65250000e-04 1.31950000e-04 -6.60300000e-05 4.50700000e-05 1.93890000e-04 1.10450000e-04 5.47480000e-04 -7.29800000e-05 -1.86480000e-04 4.78570000e-04 7.33200000e-04 2.04590000e-04 -1.87630000e-04 1.44510000e-04 -3.04220000e-04 3.34460000e-04 -1.96000000e-04 1.67170000e-04 1.12140000e-04 -3.69500000e-05 -2.73420000e-04 1.54690000e-04 1.50170000e-04 -3.13000000e-06 4.85690000e-04 1.90110000e-04 4.49470000e-04 -5.70900000e-05 -3.40430000e-04 9.26800000e-05 -2.21510000e-04 2.87360000e-04 1.85570000e-04 -7.41360000e-04 1.15390000e-04 -1.42810000e-04 8.37000000e-05 -4.12600000e-05 2.37460000e-04 -2.27620000e-04 -4.81180000e-04 9.77000000e-05 -2.27250000e-04 -3.54540000e-04 -3.39970000e-04 -5.91210000e-04 1.14140000e-04 -5.39820000e-04 -1.05360000e-04 -4.51100000e-05 3.58300000e-05 -3.13620000e-04 3.63640000e-04 1.58970000e-04 5.50620000e-04 -2.40750000e-04 -1.34900000e-05 1.42800000e-04 9.61000000e-06 -2.39350000e-04 1.07970000e-04 2.65170000e-04 2.65400000e-04 7.87600000e-05 3.07000000e-05 -2.35720000e-04 6.67580000e-04 4.03950000e-04 9.73006000e-03 3.68330000e-04 1.61300000e-05 -3.61500000e-05
6.66330000e-04 7.57840000e-04 -3.91170000e-04 6.02170000e-04 -3.79390000e-04 -2.61420000e-04 8.45830000e-04 -6.07080000e-04 6.67850000e-04 1.59529000e-03 7.04000000e-06 1.82303000e-03 7.23700000e-04 8.03850000e-04 7.94090000e-04 3.30770000e-04 -5.55070000e-04 -1.12220000e-04 7.66300000e-04 1.31330000e-04 7.05800000e-05 6.70840000e-04 1.31600000e-04 1.37780000e-04 5.34460000e-04 1.26763000e-03 -3.30880000e-04 1.77877000e-03 -2.63360000e-04 1.37212000e-03 -1.39156000e-03 2.19090000e-04 2.84710000e-04 -1.44300000e-04 1.29700000e-05 4.46750000e-04 -1.63030000e-04 -3.88470000e-04 2.56610000e-04 5.22260000e-04 -1.54800000e-05 9.53000000e-05 -5.11130000e-04 -3.82920000e-04 1.11741000e-03 2.77918000e-03 5.10000000e-06 3.22940000e-04 8.73080000e-04 -1.33960000e-04 1.22922000e-03 -6.77630000e-04 -3.10900000e-05 -7.82600000e-05 2.53700000e-05 -7.27250000e-04 3.57390000e-04 6.15720000e-04 -3.14400000e-05 1.23677000e-03 4.99480000e-04 7.52500000e-04 -6.19020000e-04 -3.75310000e-04 6.23760000e-04 -2.32840000e-04 3.36240000e-04 8.99430000e-04 -1.66540000e-03 2.11500000e-04 -7.58210000e-04 1.39900000e-05 2.80600000e-05 1.62940000e-04 2.41880000e-04 -1.01136000e-03 6.25410000e-04 -3.67520000e-04 -8.37000000e-04 -6.66430000e-04 -2.03144000e-03 4.43100000e-05 -1.53250000e-03 -1.52909000e-03 -5.06200000e-05 -1.89610000e-04 -1.72813000e-03 3.72560000e-04 7.33100000e-04 1.59083000e-03 -1.12377000e-03 1.05090000e-04 1.11400000e-04 -3.27660000e-04 -5.74390000e-04 3.63940000e-04 -4.72000000e-06 8.16160000e-04 -3.09640000e-04 -6.60660000e-04 -2.90940000e-04 2.62534000e-03 1.32804000e-03 3.68330000e-04 3.19272200e-02 -6.13350000e-04 -3.81040000e-04
-2.62000000e-04 -9.62280000e-04 5.39600000e-04 -6.06160000e-04 -3.70010000e-04 1.77000000e-04 -3.01850000e-04 2.92800000e-05 -1.38093000e-03 -1.30293000e-03 1.66250000e-04 -2.79938000e-03 -7.51470000e-04 -7.04250000e-04 2.78000000e-05 3.10710000e-04 4.89770000e-04 5.40730000e-04 -8.44840000e-04 4.48110000e-04 2.51840000e-04 -2.97640000e-04 -1.57356000e-03 7.41000000e-05 1.41200000e-04 -8.64900000e-04 3.59110000e-04 -1.83633000e-03 5.82170000e-04 -1.02231000e-03 1.40695000e-03 -4.10640000e-04 -6.33520000e-04 4.43340000e-04 3.21430000e-04 5.06120000e-04 9.15460000e-04 5.67030000e-04 -3.76770000e-04 -1.72060000e-04 4.40590000e-04 1.68151000e-03 7.27380000e-04 2.77410000e-04 -6.23380000e-04 -2.60981000e-03 6.24780000e-04 -1.15797000e-03 -1.04574000e-03 -6.18310000e-04 -8.62570000e-04 6.06830000e-04 6.03760000e-04 2.97050000e-04 -5.20800000e-05 5.75980000e-04 1.97800000e-05 -5.98050000e-04 4.99270000e-04 -6.78430000e-04 -1.34460000e-04 1.06810000e-04 8.17150000e-04 -3.65320000e-04 -7.69180000e-04 -6.22600000e-05 -1.19220000e-04 -8.99350000e-04 7.85290000e-04 8.39500000e-05 1.19200000e-03 3.69410000e-04 -7.30600000e-05 3.94910000e-04 -9.63150000e-04 6.71460000e-04 -8.29490000e-04 1.51250000e-04 9.44860000e-04 2.01550000e-04 1.93096000e-03 4.04540000e-04 1.56922000e-03 2.31492000e-03 8.03200000e-05 1.84960000e-04 2.32023000e-03 6.73360000e-04 -7.74120000e-04 -1.58427000e-03 1.32677000e-03 3.94180000e-04 8.82280000e-04 1.56440000e-03 6.88370000e-04 5.16870000e-04 6.62900000e-05 -8.22320000e-04 8.16990000e-04 1.19095000e-03 -1.56800000e-04 -2.42660000e-03 -7.74720000e-04 1.61300000e-05 -6.13350000e-04 3.05694800e-02 6.66100000e-04
-3.30050000e-04 -3.37480000e-04 3.74770000e-04 -1.96950000e-04 3.62980000e-04 3.46150000e-04 -5.26150000e-04 5.48810000e-04 -3.84550000e-04 -8.47120000e-04 1.67190000e-04 -1.06374000e-03 -3.84450000e-04 -4.41050000e-04 -6.47300000e-04 -8.35500000e-05 6.72000000e-05 1.05340000e-04 -3.79690000e-04 -1.06950000e-04 -3.80200000e-05 -4.32740000e-04 -1.80510000e-04 -1.30500000e-05 -4.90290000e-04 -6.35040000e-04 2.68880000e-04 -1.01717000e-03 3.37850000e-04 -9.51090000e-04 7.23200000e-04 -6.13300000e-05 7.21000000e-06 3.64890000e-04 1.23220000e-04 -3.02950000e-04 4.14720000e-04 4.13590000e-04 3.11100000e-05 -2.07790000e-04 5.24400000e-05 1.21410000e-04 5.29980000e-04 3.16720000e-04 -8.94710000e-04 -1.85541000e-03 -1.75500000e-05 -5.14100000e-05 -4.58690000e-04 2.77850000e-04 -5.65570000e-04 5.87560000e-04 2.41600000e-05 1.67400000e-05 1.02010000e-04 7.85750000e-04 -1.98000000e-06 -2.57870000e-04 -1.38160000e-04 -7.04460000e-04 -2.28460000e-04 -2.57570000e-04 5.01250000e-04 3.21730000e-04 -2.62060000e-04 3.26810000e-04 -3.26220000e-04 -3.65250000e-04 1.06720000e-03 6.18500000e-05 6.44050000e-04 -9.49900000e-05 2.45900000e-04 -2.17950000e-04 -1.43980000e-04 7.28860000e-04 -2.81410000e-04 3.05900000e-04 9.20730000e-04 5.30190000e-04 1.18067000e-03 9.57000000e-06 5.99980000e-04 7.28210000e-04 1.15730000e-04 4.70000000e-05 1.08775000e-03 -6.72100000e-05 -3.23750000e-04 -9.06710000e-04 9.38070000e-04 -2.50700000e-05 -3.94300000e-05 3.30000000e-04 8.36520000e-04 -1.45920000e-04 2.93600000e-05 -3.04320000e-04 6.16470000e-04 5.85270000e-04 5.69890000e-04 -1.72932000e-03 -8.59450000e-04 -3.61500000e-05 -3.81040000e-04 6.66100000e-04 1.78187800e-02
