3.81016600e-02 -6.06700000e-04 -5.29720000e-04 1.50600000e-04 -5.00530000e-04 -1.92760000e-04 -3.99320000e-04 -6.57880000e-04 -1.05440000e-04 1.46236000e-03 -8.38600000e-05 -7.86330000e-04 -3.64720000e-04 -7.67650000e-04 -9.43560000e-04 -1.58700000e-04 -3.97300000e-04 -2.22660000e-04 -2.79210000e-04 -1.06750000e-04 -1.03201000e-03 1.69191000e-03 1.32500000e-04 -4.51840000e-04 -4.71180000e-04 -3.93300000e-05 9.65690000e-04 1.70327000e-03 -5.81470000e-04 -3.45030000e-04 3.42000000e-05 -3.35050000e-04 -3.49690000e-04 -3.73960000e-04 -6.92200000e-05 -2.48850000e-04 -2.93410000e-04 -3.54870000e-04 -1.83860000e-04 4.05340000e-04 -1.94850000e-04 -3.49670000e-04 -3.07410000e-04 1.81600000e-05 -6.82920000e-04 1.21430000e-04 -7.32010000e-04 -4.21750000e-04 -4.68080000e-04 1.27390000e-04 1.67510000e-04 2.84960000e-04 -2.02090000e-04 1.62133000e-03 -3.27960000e-04 -2.63170000e-04 2.15600000e-05 -9.12850000e-04 1.35017000e-03 -6.00100000e-04 -7.85240000e-04 6.42990000e-04 -2.65080000e-04 -5.81060000e-04 -1.54600000e-05 -3.42870000e-04 -3.95900000e-04 -5.34500000e-05 -1.68310000e-04 -1.08850000e-04 -6.35190000e-04 1.51010000e-04 8.94600000e-05 -4.08600000e-05 3.78840000e-04 -1.99610000e-04 -1.91890000e-04 2.06030000e-04 -6.51500000e-05 2.51800000e-05 -7.11200000e-05 -1.71830000e-04 -1.78620000e-04 7.66000000e-05 -6.77200000e-05 -3.74910000e-04 -3.44070000e-04 1.65099000e-03 -3.15190000e-04 1.63017000e-03 1.57221000e-03 1.36738000e-03 1.83996000e-03 1.57929000e-03 1.54192000e-03 1.68094000e-03 2.21612000e-03 1.75590000e-03 1.85440000e-03 1.24714000e-03 1.81008000e-03 1.60353000e-03 1.52145000e-03 1.54488000e-03 1.75141000e-03 1.57397000e-03 1.95344000e-03
-6.06700000e-04 5.24993600e-02 7.28490000e-04 -3.34540000e-04 7.72060000e-04 6.53510000e-04 7.48730000e-04 1.10846000e-03 6.11110000e-04 7.24000000e-05 2.43250000e-04 8.29470000e-04 6.43210000e-04 1.83100000e-05 1.07105000e-03 -2.44300000e-05 8.57930000e-04 2.59420000e-04 7.85090000e-04 4.30290000e-04 1.16029000e-03 -4.19260000e-04 -1.35360000e-04 6.75770000e-04 9.45240000e-04 9.44500000e-05 3.93690000e-04 -3.73090000e-04 9.39340000e-04 5.32040000e-04 -1.30390000e-04 3.63110000e-04 4.64790000e-04 5.99490000e-04 -5.54720000e-04 3.69820000e-04 9.50640000e-04 6.51690000e-04 6.76530000e-04 -5.32790000e-04 1.71980000e-04 4.89760000e-04 3.90800000e-04 -2.01880000e-04 7.04960000e-04 -5.83610000e-04 5.91010000e-04 7.34260000e-04 5.59920000e-04 2.27390000e-04 -2.28230000e-04 7.07400000e-05 2.31020000e-04 1.23900000e-04 3.99500000e-04 7.47770000e-04 4.57920000e-04 8.00170000e-04 -7.91430000e-04 8.47000000e-04 9.93390000e-04 -4.20190000e-04 7.62420000e-04 5.69480000e-04 -2.24900000e-04 7.70420000e-04 7.06950000e-04 -4.49800000e-05 3.20980000e-04 6.50200000e-05 8.86880000e-04 -3.29240000e-04 -6.73800000e-05 4.96750000e-04 -5.50830000e-04 5.59420000e-04 1.31740000e-04 -1.65220000e-04 3.76060000e-04 3.69300000e-05 -1.15120000e-04 5.58930000e-04 4.12900000e-04 3.44760000e-04 4.17000000e-04 8.29150000e-04 6.69180000e-04 -7.00410000e-04 8.05210000e-04 -8.27610000e-04 1.39170000e-04 9.60590000e-04 -4.42340000e-04 -2.58210000e-04 -3.14410000e-04 -7.87000000e-06 -9.23320000e-04 -3.16170000e-04 -3.28630000e-04 2.09470000e-04 -5.89100000e-05 -1.47160000e-04 -1.35990000e-04 6.92000000e-05 -4.30260000e-04 -4.97910000e-04 -1.06325000e-03
-5.29720000e-04 7.28490000e-04 1.07595200e-02 -1.31511000e-03 -5.61120000e-04 1.29773000e-03 1.18934000e-03 1.23109000e-03 7.96700000e-05 8.01750000e-04 -2.51300000e-04 -6.54690000e-04 -1.72100000e-05 -1.04889000e-03 -2.42010000e-04 -7.28970000e-04 7.87820000e-04 9.11150000e-04 5.91880000e-04 1.44061000e-03 -6.89880000e-04 -7.70390000e-04 -5.98930000e-04 -2.55070000e-04 1.83846000e-03 2.04360000e-04 1.57570000e-03 -6.99860000e-04 1.13070000e-04 5.64800000e-05 9.97780000e-04 8.77370000e-04 7.28370000e-04 5.45050000e-04 -2.10596000e-03 -5.15620000e-04 2.98516000e-03 7.21000000e-06 1.62146000e-03 -1.57645000e-03 7.49830000e-04 1.05537000e-03 1.79140000e-04 -1.60739000e-03 2.26320000e-04 -2.06228000e-03 -1.55650000e-03 3.97230000e-04 -6.15300000e-05 1.13007000e-03 -1.19051000e-03 4.07350000e-04 -4.22170000e-04 1.52076000e-03 -7.81350000e-04 1.25245000e-03 2.37427000e-03 -2.00338000e-03 -2.60792000e-03 -5.93660000e-04 -8.86180000e-04 -8.06320000e-04 7.46010000e-04 -4.64890000e-04 -1.25571000e-03 1.77953000e-03 -1.50620000e-04 -6.62080000e-04 1.61327000e-03 2.72620000e-04 -2.18110000e-04 -1.24227000e-03 -5.04650000e-04 2.10740000e-03 -1.18926000e-03 1.66300000e-05 1.62000000e-05 -5.85920000e-04 1.30039000e-03 1.02219000e-03 -8.45810000e-04 1.61284000e-03 9.66630000e-04 3.63750000e-04 1.77190000e-04 1.00268000e-03 6.47600000e-05 -1.57068000e-03 1.15716000e-03 -1.54756000e-03 1.71561000e-03 4.56496000e-03 -4.92590000e-04 -4.98600000e-04 -3.09780000e-04 5.96080000e-04 -3.55030000e-04 -1.51900000e-05 -2.70910000e-04 -4.32800000e-05 8.21450000e-04 1.92320000e-04 -2.08020000e-04 8.61970000e-04 -7.14990000e-04 -1.04993000e-03 -2.79303000e-03
1.50600000e-04 -3.34540000e-04 -1.31511000e-03 2.51578100e-02 7.44840000e-04 -1.19152000e-03 -9.86390000e-04 -6.80730000e-04 -6.54400000e-05 -7.42200000e-04 2.26800000e-05 1.04369000e-03 1.63480000e-04 1.10016000e-03 8.39640000e-04 9.33710000e-04 -5.39640000e-04 -3.75400000e-04 -3.88880000e-04 -1.37741000e-03 1.23839000e-03 3.82440000e-04 5.90570000e-04 4.19340000e-04 -1.42252000e-03 5.74600000e-05 -8.22690000e-04 3.59270000e-04 2.65890000e-04 5.64300000e-05 -8.49640000e-04 -3.18500000e-04 -1.16100000e-04 -3.43680000e-04 1.81761000e-03 5.24280000e-04 -2.54809000e-03 1.34820000e-04 -1.44399000e-03 1.15945000e-03 -3.53810000e-04 -8.90510000e-04 -9.45100000e-05 1.45013000e-03 1.47280000e-04 1.72223000e-03 1.82732000e-03 -2.44530000e-04 2.17460000e-04 -7.75710000e-04 1.16809000e-03 -3.04490000e-04 7.26620000e-04 -1.33123000e-03 7.73130000e-04 -1.10245000e-03 -2.24233000e-03 2.36087000e-03 2.52575000e-03 8.78510000e-04 1.28119000e-03 3.65030000e-04 -6.69320000e-04 7.54380000e-04 1.07409000e-03 -1.27598000e-03 2.58360000e-04 7.91720000e-04 -1.06198000e-03 1.32090000e-04 4.65950000e-04 1.06473000e-03 7.09230000e-04 -2.05431000e-03 8.23420000e-04 -2.17700000e-05 3.64000000e-04 5.42400000e-04 -1.28606000e-03 -6.17130000e-04 9.49020000e-04 -1.51769000e-03 -7.48770000e-04 -5.87550000e-04 -2.68860000e-04 -7.63900000e-04 -1.35300000e-05 1.27951000e-03 -7.44480000e-04 1.59542000e-03 -1.49494000e-03 -3.59253000e-03 2.81760000e-04 4.98870000e-04 1.85660000e-04 -5.50100000e-04 -1.40100000e-05 -1.49990000e-04 4.18100000e-05 3.74580000e-04 -9.07640000e-04 -1.39530000e-04 2.37270000e-04 -5.86960000e-04 3.75620000e-04 9.31260000e-04 2.01930000e-03
-5.00530000e-04 7.72060000e-04 -5.61120000e-04 7.44840000e-04 3.84724300e-02 -2.34392000e-03 -1.24925000e-03 2.14690000e-04 5.19850000e-04 -4.90940000e-04 3.45130000e-04 5.64994000e-03 1.13216000e-03 1.78274000e-03 5.99216000e-03 1.49446000e-03 1.44320000e-04 -9.34400000e-05 6.43210000e-04 -2.91464000e-03 6.11452000e-03 5.97760000e-04 4.65970000e-04 1.61306000e-03 -1.29563000e-03 -2.72600000e-05 -1.09210000e-03 5.72620000e-04 2.35608000e-03 4.42730000e-04 -2.57614000e-03 -5.88310000e-04 -1.17200000e-04 5.93500000e-05 2.09829000e-03 1.75645000e-03 -3.73526000e-03 9.88200000e-04 -2.39855000e-03 4.59560000e-04 -7.95120000e-04 -1.46233000e-03 -4.75400000e-05 1.79979000e-03 1.12932000e-03 1.76294000e-03 6.00536000e-03 6.78190000e-04 1.43191000e-03 -1.18710000e-03 8.13380000e-04 -9.07800000e-04 1.46071000e-03 -1.41753000e-03 1.84964000e-03 -1.09995000e-03 -4.66951000e-03 8.17169000e-03 5.50834000e-03 3.65998000e-03 5.54793000e-03 -1.54745000e-03 -6.62380000e-04 3.53652000e-03 9.62440000e-04 -1.02504000e-03 1.48820000e-03 1.09679000e-03 -2.13709000e-03 5.61050000e-04 3.32029000e-03 1.13445000e-03 8.77560000e-04 -4.62836000e-03 2.20500000e-05 1.67347000e-03 1.16170000e-03 1.34220000e-04 -2.65355000e-03 -1.54210000e-03 1.50875000e-03 -2.84415000e-03 -8.86360000e-04 -2.65400000e-04 7.51900000e-05 -2.62290000e-04 1.22564000e-03 2.36714000e-03 5.08450000e-04 4.08032000e-03 -1.73665000e-03 -3.49968000e-03 7.33550000e-04 1.69026000e-03 6.25960000e-04 -5.13700000e-05 -1.37112000e-03 -1.39790000e-04 3.16370000e-04 2.82981000e-03 -1.12072000e-03 5.41180000e-04 1.44836000e-03 4.68970000e-04 4.95100000e-04 2.65644000e-03 2.64342000e-03
-1.92760000e-04 6.53510000e-04 1.29773000e-03 -1.19152000e-03 -2.34392000e-03 2.92783700e-02 3.61509000e-03 1.75330000e-03 7.90470000e-04 5.09820000e-04 2.95030000e-04 -7.92321000e-03 -2.54180000e-04 -2.59326000e-03 -8.27504000e-03 -2.33040000e-03 1.52470000e-03 1.43150000e-04 5.53730000e-04 5.94636000e-03 -7.90143000e-03 -1.62213000e-03 -7.38070000e-04 -9.50760000e-04 3.63203000e-03 8.44900000e-05 2.11597000e-03 -1.50547000e-03 -1.96540000e-03 7.35660000e-04 4.02844000e-03 1.43439000e-03 9.23560000e-04 1.23581000e-03 -3.76705000e-03 -1.90220000e-03 7.48362000e-03 1.35500000e-05 5.33153000e-03 -9.82350000e-04 1.23800000e-03 3.51323000e-03 1.17346000e-03 -2.75038000e-03 -3.25650000e-04 -3.15373000e-03 -8.74098000e-03 4.60020000e-04 -1.08281000e-03 2.01576000e-03 -1.08711000e-03 1.67427000e-03 -1.75248000e-03 1.84538000e-03 -1.67956000e-03 3.25936000e-03 8.72626000e-03 -1.18627600e-02 -1.07428200e-02 -4.02254000e-03 -7.11168000e-03 2.63085000e-03 2.92889000e-03 -4.87490000e-03 -1.32623000e-03 2.56074000e-03 -7.44520000e-04 -1.65418000e-03 3.59813000e-03 -1.09704000e-03 -3.80337000e-03 -2.03223000e-03 -1.31854000e-03 8.82353000e-03 -4.40700000e-04 -1.57524000e-03 -1.86481000e-03 -1.42100000e-04 5.35946000e-03 2.34856000e-03 -2.48310000e-03 5.86801000e-03 2.01426000e-03 1.29673000e-03 1.01730000e-03 2.05454000e-03 -4.75090000e-04 -5.20607000e-03 1.04130000e-04 -8.89851000e-03 2.33611000e-03 5.72401000e-03 -2.17864000e-03 -3.58450000e-03 -1.77387000e-03 -3.94030000e-04 4.90500000e-04 -5.82700000e-04 -1.21840000e-03 -5.02299000e-03 1.41445000e-03 -1.58690000e-03 -3.00352000e-03 -1.39354000e-03 -1.43927000e-03 -5.66603000e-03 -5.96072000e-03
-3.99320000e-04 7.48730000e-04 1.18934000e-03 -9.86390000e-04 -1.24925000e-03 3.61509000e-03 2.65828900e-02 1.48430000e-03 6.38090000e-04 3.65750000e-04 2.83590000e-04 -4.44338000e-03 2.37900000e-05 -1.50711000e-03 -4.51386000e-03 -1.53901000e-03 1.26550000e-03 2.12730000e-04 6.69730000e-04 3.88800000e-03 -4.38234000e-03 -1.18604000e-03 -5.68320000e-04 -4.07960000e-04 2.70965000e-03 8.15700000e-05 1.60643000e-03 -1.10827000e-03 -8.86740000e-04 5.83250000e-04 2.59506000e-03 1.02741000e-03 6.94280000e-04 9.87330000e-04 -2.62889000e-03 -1.07300000e-03 5.16378000e-03 1.73780000e-04 3.63564000e-03 -9.17400000e-04 8.77340000e-04 2.42130000e-03 8.71250000e-04 -1.91310000e-03 7.70000000e-06 -2.20344000e-03 -5.19092000e-03 5.68530000e-04 -4.57120000e-04 1.36483000e-03 -9.19340000e-04 1.04509000e-03 -9.95620000e-04 1.25208000e-03 -9.75010000e-04 2.36470000e-03 5.70233000e-03 -7.00141000e-03 -6.97534000e-03 -2.24213000e-03 -4.01296000e-03 1.37059000e-03 2.08584000e-03 -2.77638000e-03 -1.02336000e-03 1.96170000e-03 -2.00520000e-04 -1.10126000e-03 2.43483000e-03 -6.47950000e-04 -2.01489000e-03 -1.50545000e-03 -9.54510000e-04 5.75659000e-03 -5.54930000e-04 -6.89130000e-04 -1.10024000e-03 -2.24880000e-04 3.52497000e-03 1.54385000e-03 -1.67404000e-03 3.94804000e-03 1.47125000e-03 9.91480000e-04 7.79580000e-04 1.59526000e-03 -5.03900000e-05 -3.52475000e-03 4.09510000e-04 -5.75540000e-03 1.57584000e-03 4.11055000e-03 -1.50586000e-03 -2.35943000e-03 -1.25545000e-03 -2.27820000e-04 -4.28200000e-05 -4.82860000e-04 -8.81810000e-04 -3.07023000e-03 8.79810000e-04 -1.07282000e-03 -1.92719000e-03 -8.00530000e-04 -1.11684000e-03 -3.63041000e-03 -4.16616000e-03
-6.57880000e-04 1.10846000e-03 1.23109000e-03 -6.80730000e-04 2.14690000e-04 1.75330000e-03 1.48430000e-03 3.48689800e-02 7.24860000e-04 2.93730000e-04 1.93460000e-04 -7.74630000e-04 5.28700000e-04 -7.18740000e-04 -5.52070000e-04 -5.02030000e-04 1.16050000e-03 4.45340000e-04 8.80410000e-04 1.70885000e-03 -4.67040000e-04 -7.88100000e-04 -3.24830000e-04 4.23240000e-04 1.77921000e-03 1.40840000e-04 9.67850000e-04 -7.15240000e-04 5.24090000e-04 6.38070000e-04 7.93060000e-04 7.65380000e-04 7.40150000e-04 8.33110000e-04 -1.47408000e-03 -1.38740000e-04 2.66370000e-03 6.01880000e-04 1.79080000e-03 -8.65820000e-04 4.98870000e-04 1.23697000e-03 5.53740000e-04 -9.20710000e-04 6.63460000e-04 -1.37382000e-03 -1.36140000e-03 7.70420000e-04 2.40700000e-04 7.71690000e-04 -5.07330000e-04 4.14310000e-04 -1.95960000e-04 6.80140000e-04 -1.04740000e-04 1.42232000e-03 2.36881000e-03 -1.78235000e-03 -3.01181000e-03 -3.15000000e-06 -5.06910000e-04 -7.25000000e-06 1.32047000e-03 -5.19810000e-04 -6.16350000e-04 1.35595000e-03 4.34530000e-04 -4.19420000e-04 1.20951000e-03 -6.65000000e-05 1.53600000e-05 -8.26850000e-04 -3.30780000e-04 2.39465000e-03 -7.39020000e-04 1.77650000e-04 -1.96610000e-04 -2.29030000e-04 1.48906000e-03 6.60440000e-04 -6.65980000e-04 1.78596000e-03 8.83370000e-04 5.47860000e-04 5.33160000e-04 1.27270000e-03 4.95740000e-04 -1.79184000e-03 8.06350000e-04 -2.57067000e-03 8.23790000e-04 2.60460000e-03 -8.74430000e-04 -9.55540000e-04 -6.29580000e-04 -2.09000000e-06 -7.71200000e-04 -3.94150000e-04 -5.75530000e-04 -7.38530000e-04 3.04150000e-04 -3.88150000e-04 -6.93820000e-04 -6.07800000e-05 -7.58980000e-04 -1.61722000e-03 -2.51014000e-03
-1.05440000e-04 6.11110000e-04 7.96700000e-05 -6.54400000e-05 5.19850000e-04 7.90470000e-04 6.38090000e-04 7.24860000e-04 3.07984900e-02 1.52200000e-04 3.32560000e-04 -5.51900000e-05 5.32330000e-04 -3.28810000e-04 -5.13400000e-05 -1.21700000e-04 6.40750000e-04 -2.35200000e-05 5.84640000e-04 6.87190000e-04 1.91760000e-04 -1.09460000e-04 -1.75400000e-05 4.81770000e-04 6.07340000e-04 -2.23400000e-05 3.04690000e-04 -6.38400000e-05 4.92210000e-04 5.11720000e-04 4.49500000e-05 1.09700000e-04 1.90800000e-04 4.65710000e-04 -3.58960000e-04 2.19820000e-04 7.75410000e-04 5.67090000e-04 6.96380000e-04 -8.12500000e-05 -8.05200000e-05 4.98340000e-04 3.73240000e-04 -9.84700000e-05 4.01440000e-04 -3.39540000e-04 -1.59460000e-04 5.13960000e-04 3.13710000e-04 1.49370000e-04 3.63900000e-05 1.95020000e-04 3.50000000e-07 1.57420000e-04 3.55360000e-04 6.54940000e-04 7.59010000e-04 -1.96220000e-04 -1.08239000e-03 4.43320000e-04 2.16180000e-04 2.65190000e-04 7.60390000e-04 3.52000000e-06 2.12100000e-05 3.57030000e-04 4.75340000e-04 -7.69300000e-05 1.26590000e-04 -1.57410000e-04 3.35260000e-04 -1.05400000e-04 -2.00700000e-05 8.29940000e-04 -9.16200000e-05 3.47190000e-04 -1.26900000e-04 4.53500000e-05 5.95570000e-04 -4.29800000e-05 -1.33180000e-04 6.57260000e-04 2.68080000e-04 4.76910000e-04 5.06620000e-04 6.41230000e-04 5.13700000e-04 -5.75850000e-04 3.51780000e-04 -1.14197000e-03 1.57030000e-04 5.05320000e-04 -2.47490000e-04 -2.58050000e-04 -1.43850000e-04 5.10600000e-05 -3.63920000e-04 -9.85400000e-05 -7.04900000e-05 -1.85160000e-04 1.74400000e-04 -8.20500000e-05 -1.65240000e-04 -6.92800000e-05 -4.16800000e-05 -6.22680000e-04 -6.59660000e-04
1.46236000e-03 7.24000000e-05 8.01750000e-04 -7.42200000e-04 -4.90940000e-04 5.09820000e-04 3.65750000e-04 2.93730000e-04 1.52200000e-04 1.20162780e-01 -1.01220000e-04 -4.53920000e-04 -2.50840000e-04 -1.55245000e-03 -2.59790000e-04 -5.33510000e-04 3.03610000e-04 3.25080000e-04 2.07130000e-04 5.72880000e-04 -6.26480000e-04 1.27421000e-03 -2.21500000e-04 -4.01830000e-04 7.57930000e-04 5.89900000e-05 1.84790000e-03 1.32629000e-03 -2.55620000e-04 -2.81750000e-04 2.17770000e-04 1.09450000e-04 2.85700000e-05 -1.86000000e-06 -1.31094000e-03 -4.02890000e-04 1.48749000e-03 -2.40290000e-04 7.24630000e-04 -6.84050000e-04 1.63200000e-04 1.99610000e-04 -2.84250000e-04 -9.08770000e-04 -5.40110000e-04 -1.17086000e-03 -1.19119000e-03 4.94800000e-05 -3.93110000e-04 7.88330000e-04 -6.02810000e-04 4.62850000e-04 -4.26390000e-04 2.64948000e-03 -7.20260000e-04 6.28250000e-04 1.07343000e-03 -1.27488000e-03 -1.11500000e-05 -4.26460000e-04 -6.19240000e-04 -1.46800000e-04 3.70010000e-04 -5.67470000e-04 -8.76200000e-04 9.62060000e-04 -2.79120000e-04 -4.18870000e-04 6.54890000e-04 4.99000000e-06 -2.29150000e-04 -6.51890000e-04 -3.45820000e-04 9.60970000e-04 -5.20750000e-04 2.00650000e-04 -1.34510000e-04 -1.69770000e-04 5.44900000e-04 4.30730000e-04 -5.80630000e-04 6.97280000e-04 4.51540000e-04 4.10160000e-04 1.17660000e-04 4.55790000e-04 1.71700000e-05 7.97200000e-04 9.23290000e-04 8.71510000e-04 2.73936000e-03 4.34569000e-03 1.59119000e-03 1.50887000e-03 1.37408000e-03 2.19136000e-03 1.55784000e-03 1.80166000e-03 1.73924000e-03 1.63806000e-03 2.38898000e-03 1.82180000e-03 1.63695000e-03 2.29859000e-03 1.26355000e-03 1.15522000e-03 4.93460000e-04
-8.38600000e-05 2.43250000e-04 -2.51300000e-04 2.26800000e-05 3.45130000e-04 2.95030000e-04 2.83590000e-04 1.93460000e-04 3.32560000e-04 -1.01220000e-04 7.83463000e-03 2.87420000e-04 3.03230000e-04 1.04720000e-04 1.98750000e-04 -7.88900000e-05 2.94460000e-04 -2.29760000e-04 2.88700000e-04 2.37460000e-04 2.56360000e-04 6.11700000e-05 8.65000000e-06 3.03130000e-04 1.92600000e-04 -9.11300000e-05 3.78700000e-05 4.18400000e-05 2.37030000e-04 2.94510000e-04 -2.66100000e-05 -2.01090000e-04 -1.91610000e-04 2.54940000e-04 8.16800000e-05 3.28510000e-04 1.35970000e-04 2.95950000e-04 2.56260000e-04 5.84300000e-05 -1.67510000e-04 2.46620000e-04 2.98120000e-04 7.20200000e-05 1.84720000e-04 5.99900000e-05 2.95840000e-04 3.19440000e-04 3.19060000e-04 -1.48540000e-04 -2.32300000e-05 -2.27300000e-05 -1.51400000e-05 -2.06910000e-04 3.59030000e-04 2.86540000e-04 1.99350000e-04 3.43330000e-04 -2.47300000e-04 3.32910000e-04 3.08470000e-04 7.63800000e-05 3.36740000e-04 2.67020000e-04 1.44080000e-04 -5.82400000e-05 3.40700000e-04 -2.29000000e-05 -2.71720000e-04 -1.74160000e-04 3.62720000e-04 4.06000000e-06 -7.58200000e-05 2.41960000e-04 1.02850000e-04 3.91680000e-04 -1.11580000e-04 1.14700000e-05 2.56230000e-04 -1.82660000e-04 -2.61900000e-05 2.76710000e-04 3.37100000e-05 4.22870000e-04 3.78450000e-04 2.74160000e-04 3.81210000e-04 -1.22300000e-04 -6.13600000e-05 -4.15000000e-04 -2.35150000e-04 -4.39510000e-04 -1.31650000e-04 -1.90460000e-04 -6.55000000e-05 -1.44050000e-04 -2.43180000e-04 -1.15760000e-04 -6.71900000e-05 -2.14380000e-04 -7.13600000e-05 -1.79700000e-04 -1.50900000e-04 -2.50560000e-04 3.07300000e-05 -2.01700000e-04 -7.15400000e-05
-7.86330000e-04 8.29470000e-04 -6.54690000e-04 1.04369000e-03 5.64994000e-03 -7.92321000e-03 -4.44338000e-03 -7.74630000e-04 -5.51900000e-05 -4.53920000e-04 2.87420000e-04 8.65165200e-02 1.72470000e-03 4.50163000e-03 1.78628300e-02 3.69280000e-03 -8.30880000e-04 2.15020000e-04 8.85800000e-04 -8.94023000e-03 1.68669500e-02 2.22761000e-03 8.36760000e-04 2.91228000e-03 -4.08013000e-03 -1.39850000e-04 -2.32445000e-03 2.07197000e-03 5.37344000e-03 -2.39370000e-04 -6.51978000e-03 -1.98773000e-03 -1.10790000e-03 -8.20730000e-04 5.37928000e-03 4.20099000e-03 -1.05019800e-02 1.19512000e-03 -7.40797000e-03 4.53680000e-04 -2.00937000e-03 -4.69636000e-03 -1.09728000e-03 4.00680000e-03 1.85564000e-03 4.57277000e-03 1.65941100e-02 9.03880000e-04 3.17859000e-03 -2.98172000e-03 1.02569000e-03 -2.77690000e-03 3.48495000e-03 -2.64185000e-03 3.73637000e-03 -3.75128000e-03 -1.33190100e-02 2.29741500e-02 1.73325600e-02 8.96086000e-03 1.49242100e-02 -5.55593000e-03 -3.38336000e-03 9.94794000e-03 1.59941000e-03 -2.87622000e-03 2.78151000e-03 2.59050000e-03 -5.60844000e-03 1.95273000e-03 8.63641000e-03 2.55110000e-03 1.85323000e-03 -1.37482000e-02 -4.26260000e-04 4.53864000e-03 3.42970000e-03 -2.53680000e-04 -7.95293000e-03 -3.71054000e-03 3.79721000e-03 -8.55622000e-03 -2.54807000e-03 -9.94080000e-04 -6.80710000e-04 -1.70915000e-03 2.41725000e-03 7.76491000e-03 1.29150000e-03 1.42912700e-02 -3.45930000e-03 -7.39592000e-03 3.24292000e-03 5.70502000e-03 2.50956000e-03 9.23570000e-04 -2.46029000e-03 5.25390000e-04 1.78528000e-03 9.00530000e-03 -2.25824000e-03 2.44004000e-03 5.09073000e-03 2.82869000e-03 1.80563000e-03 9.42206000e-03 8.19264000e-03
-3.64720000e-04 6.43210000e-04 -1.72100000e-05 1.63480000e-04 1.13216000e-03 -2.54180000e-04 2.37900000e-05 5.28700000e-04 5.32330000e-04 -2.50840000e-04 3.03230000e-04 1.72470000e-03 2.06142400e-02 5.48890000e-04 1.83225000e-03 3.89150000e-04 4.52220000e-04 -8.97000000e-06 6.06650000e-04 -4.96760000e-04 2.01929000e-03 -5.42800000e-05 9.29500000e-05 8.26580000e-04 3.65000000e-06 -1.04600000e-05 -1.73590000e-04 -3.97800000e-05 1.10927000e-03 4.98620000e-04 -7.92410000e-04 -8.26100000e-05 1.16440000e-04 3.79600000e-04 4.02280000e-04 7.23850000e-04 -6.81580000e-04 7.06000000e-04 -3.26590000e-04 2.44500000e-05 -2.47460000e-04 -1.00370000e-04 3.11670000e-04 4.83750000e-04 6.98260000e-04 2.87910000e-04 1.91675000e-03 5.47050000e-04 7.34410000e-04 -3.27100000e-04 2.10500000e-04 -2.12960000e-04 4.91660000e-04 -5.33220000e-04 8.69270000e-04 5.33900000e-05 -1.01765000e-03 2.46742000e-03 9.52180000e-04 1.37686000e-03 1.86386000e-03 -3.90320000e-04 2.32570000e-04 1.21999000e-03 3.43800000e-04 -7.64500000e-05 8.10900000e-04 2.82700000e-04 -5.64540000e-04 1.40110000e-04 1.27529000e-03 2.77180000e-04 2.79990000e-04 -9.76730000e-04 -6.34900000e-05 7.05100000e-04 3.42510000e-04 1.05600000e-05 -4.55210000e-04 -5.13460000e-04 4.15060000e-04 -4.84960000e-04 -1.08430000e-04 1.90200000e-04 3.68210000e-04 3.04360000e-04 6.91230000e-04 2.32240000e-04 4.11640000e-04 4.44330000e-04 -6.39210000e-04 -9.61590000e-04 -1.11350000e-04 1.99210000e-04 -8.38000000e-06 -1.70120000e-04 -7.92440000e-04 -2.85680000e-04 -1.40160000e-04 6.57580000e-04 -4.42290000e-04 -1.05500000e-05 1.81220000e-04 -6.94000000e-05 -6.68000000e-06 2.97290000e-04 2.64410000e-04
-7.67650000e-04 1.83100000e-05 -1.04889000e-03 1.10016000e-03 1.78274000e-03 -2.59326000e-03 -1.50711000e-03 -7.18740000e-04 -3.28810000e-04 -1.55245000e-03 1.04720000e-04 4.50163000e-03 5.48890000e-04 6.28539300e-02 4.73411000e-03 1.46508000e-03 -5.41850000e-04 -4.29820000e-04 1.57400000e-05 -3.13991000e-03 4.90135000e-03 7.35000000e-05 6.11110000e-04 9.92810000e-04 -1.85619000e-03 1.45100000e-05 -1.50466000e-03 3.37500000e-05 1.58302000e-03 -5.16100000e-05 -1.95886000e-03 -5.52540000e-04 -1.96820000e-04 -3.57650000e-04 2.60234000e-03 1.40858000e-03 -4.22035000e-03 3.73200000e-04 -2.63617000e-03 8.81840000e-04 -5.73560000e-04 -1.62501000e-03 -1.11820000e-04 2.09738000e-03 6.33360000e-04 2.54109000e-03 5.40173000e-03 2.01550000e-04 1.15346000e-03 -1.55323000e-03 8.66910000e-04 -9.76040000e-04 1.73929000e-03 -2.48058000e-03 1.58107000e-03 -1.53988000e-03 -4.70384000e-03 7.15318000e-03 5.30026000e-03 2.41148000e-03 4.43356000e-03 -1.00623000e-03 -1.22458000e-03 2.95835000e-03 1.17133000e-03 -1.20686000e-03 1.18182000e-03 1.20525000e-03 -1.91021000e-03 4.51920000e-04 2.50605000e-03 1.19028000e-03 7.12710000e-04 -4.60813000e-03 4.81360000e-04 9.53550000e-04 1.05998000e-03 2.73900000e-04 -2.70168000e-03 -1.37267000e-03 1.52255000e-03 -2.91462000e-03 -1.01185000e-03 -8.44060000e-04 -3.37910000e-04 -1.02513000e-03 6.05820000e-04 2.05398000e-03 1.20050000e-04 3.78355000e-03 -2.80598000e-03 -5.50703000e-03 3.00150000e-04 9.46720000e-04 -1.54240000e-04 -9.73830000e-04 -1.27195000e-03 -7.26990000e-04 -2.53980000e-04 1.59764000e-03 -1.99413000e-03 -4.03550000e-04 5.73660000e-04 -6.71890000e-04 -8.95200000e-05 2.24501000e-03 3.07184000e-03
-9.43560000e-04 1.07105000e-03 -2.42010000e-04 8.39640000e-04 5.99216000e-03 -8.27504000e-03 -4.51386000e-03 -5.52070000e-04 -5.13400000e-05 -2.59790000e-04 1.98750000e-04 1.78628300e-02 1.83225000e-03 4.73411000e-03 9.12405700e-02 3.80840000e-03 -7.19020000e-04 4.79000000e-04 1.16125000e-03 -9.27260000e-03 1.83881900e-02 2.21511000e-03 7.59920000e-04 3.07719000e-03 -3.95571000e-03 -9.73600000e-05 -2.05351000e-03 2.05932000e-03 5.94581000e-03 -2.80060000e-04 -6.85060000e-03 -1.91658000e-03 -1.02727000e-03 -7.86740000e-04 5.36680000e-03 4.29505000e-03 -1.06038400e-02 1.29696000e-03 -7.61729000e-03 2.09580000e-04 -1.96722000e-03 -4.84096000e-03 -1.23705000e-03 4.00520000e-03 2.00243000e-03 4.71616000e-03 1.75393700e-02 1.06556000e-03 3.33630000e-03 -2.94590000e-03 8.79660000e-04 -2.90002000e-03 3.70365000e-03 -2.48920000e-03 3.79779000e-03 -3.73679000e-03 -1.37407400e-02 2.44682200e-02 1.81368200e-02 9.58347000e-03 1.61168500e-02 -5.91771000e-03 -3.41769000e-03 1.04905800e-02 1.39443000e-03 -2.58672000e-03 3.04438000e-03 2.62982000e-03 -5.48782000e-03 2.12730000e-03 9.22992000e-03 2.44152000e-03 1.81440000e-03 -1.42912700e-02 -7.95070000e-04 4.92726000e-03 3.67835000e-03 -3.98200000e-04 -8.26143000e-03 -3.76199000e-03 3.88025000e-03 -8.86498000e-03 -2.49079000e-03 -1.03949000e-03 -7.84920000e-04 -1.61849000e-03 2.59098000e-03 8.03529000e-03 1.94922000e-03 1.51896600e-02 -3.29773000e-03 -7.02500000e-03 3.46623000e-03 6.02862000e-03 2.57751000e-03 1.15188000e-03 -2.66346000e-03 5.79360000e-04 1.90472000e-03 9.62034000e-03 -2.25802000e-03 2.64056000e-03 5.45278000e-03 3.23693000e-03 1.73860000e-03 1.01535600e-02 8.50745000e-03
-1.58700000e-04 -2.44300000e-05 -7.28970000e-04 9.33710000e-04 1.49446000e-03 -2.33040000e-03 -1.53901000e-03 -5.02030000e-04 -1.21700000e-04 -5.33510000e-04 -7.88900000e-05 3.69280000e-03 3.89150000e-04 1.46508000e-03 3.80840000e-03 7.29290100e-02 -5.45000000e-04 4.63400000e-05 -2.45290000e-04 -2.68202000e-03 3.86108000e-03 5.21430000e-04 5.64760000e-04 8.04890000e-04 -1.66698000e-03 1.83710000e-04 -7.44840000e-04 4.87550000e-04 1.15423000e-03 -3.94700000e-05 -1.91007000e-03 -3.62090000e-04 -5.85800000e-05 -3.71770000e-04 2.12168000e-03 1.18267000e-03 -3.60931000e-03 2.57470000e-04 -2.40046000e-03 7.27130000e-04 -3.17570000e-04 -1.50376000e-03 -2.81380000e-04 1.81119000e-03 5.40750000e-04 1.77443000e-03 4.42189000e-03 -2.98800000e-05 7.35870000e-04 -9.50610000e-04 9.72010000e-04 -7.23960000e-04 1.13033000e-03 -1.36205000e-03 1.15362000e-03 -1.51290000e-03 -4.14833000e-03 5.84072000e-03 5.11748000e-03 2.19098000e-03 3.54959000e-03 -1.02670000e-03 -1.17643000e-03 2.50638000e-03 9.78110000e-04 -1.28953000e-03 5.68990000e-04 1.07320000e-03 -1.52798000e-03 6.66760000e-04 1.93003000e-03 1.22963000e-03 9.38130000e-04 -4.07795000e-03 3.65460000e-04 6.21970000e-04 1.08540000e-03 2.96150000e-04 -2.39455000e-03 -9.92770000e-04 1.46174000e-03 -2.69903000e-03 -9.25640000e-04 -8.84150000e-04 -4.48350000e-04 -8.37520000e-04 3.51310000e-04 2.27995000e-03 -1.63500000e-05 3.80930000e-03 -1.59287000e-03 -3.55685000e-03 6.74220000e-04 1.46597000e-03 6.12920000e-04 -2.36960000e-04 -5.86600000e-04 -5.79800000e-05 1.92670000e-04 2.22922000e-03 -1.14447000e-03 4.11470000e-04 1.15369000e-03 1.96260000e-04 4.94540000e-04 2.43088000e-03 3.06012000e-03
-3.97300000e-04 8.57930000e-04 7.87820000e-04 -5.39640000e-04 1.44320000e-04 1.52470000e-03 1.26550000e-03 1.16050000e-03 6.40750000e-04 3.03610000e-04 2.94460000e-04 -8.30880000e-04 4.52220000e-04 -5.41850000e-04 -7.19020000e-04 -5.45000000e-04 2.20811800e-02 1.63550000e-04 7.68070000e-04 1.46351000e-03 -5.94410000e-04 -4.92980000e-04 -2.68060000e-04 3.34100000e-04 1.44440000e-03 1.71000000e-05 7.69170000e-04 -4.45430000e-04 3.56380000e-04 5.40550000e-04 5.63020000e-04 4.53800000e-04 4.35750000e-04 7.06330000e-04 -1.22409000e-03 -1.30610000e-04 2.20121000e-03 5.15760000e-04 1.51520000e-03 -6.44220000e-04 2.53340000e-04 1.03046000e-03 4.88490000e-04 -7.94130000e-04 3.96040000e-04 -1.11204000e-03 -1.27743000e-03 6.66650000e-04 2.02960000e-04 5.41300000e-04 -4.55890000e-04 3.63710000e-04 -2.15310000e-04 6.24390000e-04 -4.75500000e-05 1.24297000e-03 1.99094000e-03 -1.68987000e-03 -2.70751000e-03 -8.52200000e-05 -5.61030000e-04 1.69320000e-04 1.20426000e-03 -5.72370000e-04 -4.73340000e-04 1.15221000e-03 4.39440000e-04 -4.02700000e-04 8.22950000e-04 -2.16970000e-04 -9.29000000e-06 -6.96700000e-04 -3.75410000e-04 2.06309000e-03 -5.06500000e-04 2.39840000e-04 -3.03820000e-04 -1.68770000e-04 1.29011000e-03 3.88510000e-04 -6.20430000e-04 1.55599000e-03 7.01170000e-04 6.39150000e-04 5.87220000e-04 1.06914000e-03 4.82590000e-04 -1.43565000e-03 7.44010000e-04 -2.25804000e-03 7.37180000e-04 2.08545000e-03 -6.21110000e-04 -7.51390000e-04 -4.54540000e-04 8.79500000e-05 -5.40830000e-04 -2.00920000e-04 -3.29550000e-04 -7.12840000e-04 4.39350000e-04 -2.52080000e-04 -5.44550000e-04 -3.78100000e-05 -4.93950000e-04 -1.39095000e-03 -1.94124000e-03
-2.22660000e-04 2.59420000e-04 9.11150000e-04 -3.75400000e-04 -9.34400000e-05 1.43150000e-04 2.12730000e-04 4.45340000e-04 -2.35200000e-05 3.25080000e-04 -2.29760000e-04 2.15020000e-04 -8.97000000e-06 -4.29820000e-04 4.79000000e-04 4.63400000e-05 1.63550000e-04 3.91546700e-02 1.19680000e-04 2.48870000e-04 2.22360000e-04 -3.27440000e-04 -1.29330000e-04 -2.91700000e-05 5.19500000e-04 2.71210000e-04 1.04758000e-03 -2.97740000e-04 1.78790000e-04 -5.86000000e-06 2.10770000e-04 4.80940000e-04 4.24400000e-04 1.55640000e-04 -5.44270000e-04 -7.31400000e-05 7.64990000e-04 -5.94000000e-06 2.92880000e-04 -5.13120000e-04 5.33850000e-04 2.47180000e-04 1.16800000e-05 -2.80250000e-04 2.05200000e-04 -5.57290000e-04 -2.01000000e-06 6.70700000e-05 1.10600000e-05 4.89630000e-04 -2.58060000e-04 1.06760000e-04 -2.89600000e-05 4.41640000e-04 -2.18000000e-04 2.17690000e-04 4.05840000e-04 -5.35600000e-05 -1.46150000e-04 -8.71000000e-06 5.79100000e-05 -3.87310000e-04 3.61100000e-05 1.64200000e-04 -3.62570000e-04 4.80320000e-04 -9.61000000e-05 -6.85400000e-05 7.74240000e-04 3.91750000e-04 3.32900000e-05 -2.51670000e-04 5.17500000e-05 3.21580000e-04 -4.42730000e-04 -5.99500000e-05 3.18600000e-04 -1.65890000e-04 2.33540000e-04 4.71510000e-04 -2.89000000e-05 2.52940000e-04 3.04940000e-04 -1.73910000e-04 -1.33450000e-04 2.41530000e-04 -6.65400000e-05 -3.14000000e-04 5.40800000e-04 2.14400000e-05 5.21090000e-04 1.39438000e-03 -1.50350000e-04 7.50000000e-07 -2.26000000e-06 1.60970000e-04 -1.36500000e-04 -4.98900000e-05 -1.84770000e-04 3.95890000e-04 5.36400000e-05 1.43950000e-04 8.60200000e-05 3.76430000e-04 -2.38120000e-04 8.48100000e-05 -3.99300000e-04
-2.79210000e-04 7.85090000e-04 5.91880000e-04 -3.88880000e-04 6.43210000e-04 5.53730000e-04 6.69730000e-04 8.80410000e-04 5.84640000e-04 2.07130000e-04 2.88700000e-04 8.85800000e-04 6.06650000e-04 1.57400000e-05 1.16125000e-03 -2.45290000e-04 7.68070000e-04 1.19680000e-04 2.99126300e-02 4.48950000e-04 1.18933000e-03 -1.77370000e-04 -1.96320000e-04 5.46690000e-04 8.42930000e-04 -6.94300000e-05 4.87510000e-04 -1.35790000e-04 9.38970000e-04 4.52610000e-04 -2.85500000e-05 1.11540000e-04 1.96860000e-04 5.20810000e-04 -6.17420000e-04 2.13920000e-04 8.88280000e-04 6.35270000e-04 6.15170000e-04 -4.74190000e-04 -1.12720000e-04 4.52540000e-04 3.16340000e-04 -4.27020000e-04 5.15990000e-04 -4.82960000e-04 4.59180000e-04 6.43590000e-04 4.79270000e-04 1.68970000e-04 -3.48350000e-04 8.04900000e-05 1.34030000e-04 3.44500000e-04 3.35600000e-04 7.57990000e-04 5.56150000e-04 7.23650000e-04 -8.36810000e-04 7.46360000e-04 9.80560000e-04 -1.85970000e-04 7.03670000e-04 3.90320000e-04 -2.69850000e-04 6.82010000e-04 7.16040000e-04 -1.76060000e-04 1.79330000e-04 -5.78500000e-05 7.83200000e-04 -3.86670000e-04 -1.88020000e-04 5.26150000e-04 -4.55850000e-04 7.23410000e-04 -7.07000000e-06 -2.01600000e-04 3.58730000e-04 -7.02700000e-05 -2.40770000e-04 5.45740000e-04 3.82870000e-04 6.65100000e-04 5.26730000e-04 7.35800000e-04 6.50700000e-04 -5.45300000e-04 6.87450000e-04 -6.34340000e-04 3.28910000e-04 1.11453000e-03 -1.42140000e-04 -1.51400000e-04 -1.47080000e-04 2.45630000e-04 -5.28230000e-04 -9.08300000e-05 7.12000000e-06 1.36360000e-04 2.40410000e-04 5.17100000e-05 2.70000000e-07 2.58350000e-04 -1.77540000e-04 -3.22650000e-04 -1.09656000e-03
-1.06750000e-04 4.30290000e-04 1.44061000e-03 -1.37741000e-03 -2.91464000e-03 5.94636000e-03 3.88800000e-03 1.70885000e-03 6.87190000e-04 5.72880000e-04 2.37460000e-04 -8.94023000e-03 -4.96760000e-04 -3.13991000e-03 -9.27260000e-03 -2.68202000e-03 1.46351000e-03 2.48870000e-04 4.48950000e-04 2.57045700e-02 -9.07240000e-03 -1.80368000e-03 -8.77700000e-04 -1.31879000e-03 3.93480000e-03 7.88000000e-06 2.63529000e-03 -1.72625000e-03 -2.45240000e-03 7.09450000e-04 4.73274000e-03 1.51814000e-03 8.17130000e-04 1.29572000e-03 -4.15802000e-03 -2.40308000e-03 8.43207000e-03 -1.77390000e-04 5.88601000e-03 -1.02555000e-03 1.34406000e-03 4.00225000e-03 1.19289000e-03 -3.23806000e-03 -5.45290000e-04 -3.31686000e-03 -1.01943300e-02 2.52830000e-04 -1.46037000e-03 2.30131000e-03 -1.24230000e-03 1.81326000e-03 -2.19953000e-03 2.06469000e-03 -2.12149000e-03 3.50565000e-03 1.01193800e-02 -1.36952600e-02 -1.20027800e-02 -4.71758000e-03 -8.22991000e-03 3.13607000e-03 3.11634000e-03 -5.79728000e-03 -1.49421000e-03 2.62206000e-03 -1.13401000e-03 -1.95847000e-03 4.07036000e-03 -1.17914000e-03 -4.71640000e-03 -2.26360000e-03 -1.47096000e-03 1.00617900e-02 -3.51120000e-04 -1.87754000e-03 -2.11112000e-03 -1.69870000e-04 6.15452000e-03 2.77162000e-03 -2.80054000e-03 6.57140000e-03 2.17298000e-03 1.41990000e-03 1.00377000e-03 2.11317000e-03 -7.91800000e-04 -5.75059000e-03 -1.63730000e-04 -9.70815000e-03 2.67467000e-03 6.41221000e-03 -2.40145000e-03 -4.12461000e-03 -1.90873000e-03 -5.35400000e-04 8.85170000e-04 -6.48880000e-04 -1.39459000e-03 -5.99677000e-03 1.56334000e-03 -1.79169000e-03 -3.45234000e-03 -1.61383000e-03 -1.58171000e-03 -6.15086000e-03 -6.63310000e-03
-1.03201000e-03 1.16029000e-03 -6.89880000e-04 1.23839000e-03 6.11452000e-03 -7.90143000e-03 -4.38234000e-03 -4.67040000e-04 1.91760000e-04 -6.26480000e-04 2.56360000e-04 1.68669500e-02 2.01929000e-03 4.90135000e-03 1.83881900e-02 3.86108000e-03 -5.94410000e-04 2.22360000e-04 1.18933000e-03 -9.07240000e-03 6.87926400e-02 1.99219000e-03 9.24900000e-04 3.25358000e-03 -4.04720000e-03 -1.10570000e-04 -2.53808000e-03 1.88036000e-03 5.91699000e-03 -4.27300000e-05 -6.94334000e-03 -1.86122000e-03 -8.46190000e-04 -7.11060000e-04 5.52724000e-03 4.23484000e-03 -1.07018200e-02 1.54635000e-03 -7.48657000e-03 5.75980000e-04 -2.08671000e-03 -4.78530000e-03 -1.10398000e-03 4.25079000e-03 2.10246000e-03 4.83236000e-03 1.69964400e-02 1.11577000e-03 3.31045000e-03 -3.07261000e-03 1.29541000e-03 -2.77190000e-03 3.77483000e-03 -2.90420000e-03 3.99265000e-03 -3.67736000e-03 -1.36176400e-02 2.36107300e-02 1.71871700e-02 9.45330000e-03 1.56229200e-02 -5.29780000e-03 -3.13360000e-03 1.00178800e-02 1.72133000e-03 -2.60727000e-03 3.19375000e-03 2.73194000e-03 -5.53461000e-03 1.91035000e-03 8.99660000e-03 2.63969000e-03 1.92319000e-03 -1.39768000e-02 -5.21030000e-04 4.65024000e-03 3.47737000e-03 -1.54130000e-04 -8.14888000e-03 -3.93388000e-03 3.93128000e-03 -8.72293000e-03 -2.52223000e-03 -1.06452000e-03 -6.49110000e-04 -1.55632000e-03 2.63527000e-03 7.57428000e-03 1.88393000e-03 1.40685700e-02 -3.73628000e-03 -7.87623000e-03 3.08769000e-03 5.63479000e-03 2.24517000e-03 7.90520000e-04 -2.89229000e-03 3.13390000e-04 1.64095000e-03 9.00437000e-03 -2.50127000e-03 2.29511000e-03 5.00409000e-03 2.66299000e-03 1.57382000e-03 9.30055000e-03 8.21570000e-03
1.69191000e-03 -4.19260000e-04 -7.70390000e-04 3.82440000e-04 5.97760000e-04 -1.62213000e-03 -1.18604000e-03 -7.88100000e-04 -1.09460000e-04 1.27421000e-03 6.11700000e-05 2.22761000e-03 -5.42800000e-05 7.35000000e-05 2.21511000e-03 5.21430000e-04 -4.92980000e-04 -3.27440000e-04 -1.77370000e-04 -1.80368000e-03 1.99219000e-03 7.68989100e-02 3.12450000e-04 1.34190000e-04 -1.21121000e-03 -1.03590000e-04 2.43610000e-04 2.05577000e-03 3.40310000e-04 -3.69920000e-04 -1.26109000e-03 -7.63750000e-04 -6.07680000e-04 -5.27110000e-04 9.99050000e-04 5.53340000e-04 -2.26312000e-03 -1.49770000e-04 -1.56109000e-03 4.96670000e-04 -6.20040000e-04 -1.24103000e-03 -5.17420000e-04 7.54980000e-04 -3.54550000e-04 9.45030000e-04 2.26603000e-03 -2.15540000e-04 1.24450000e-04 -4.98360000e-04 3.71720000e-04 -2.72550000e-04 4.02930000e-04 1.01330000e-03 3.48880000e-04 -9.47110000e-04 -2.53275000e-03 3.27612000e-03 4.38022000e-03 1.10582000e-03 1.94147000e-03 -4.98970000e-04 -8.19180000e-04 1.21362000e-03 3.01670000e-04 -8.72140000e-04 1.35830000e-04 4.45820000e-04 -1.39480000e-03 1.53310000e-04 1.02072000e-03 6.02840000e-04 3.66190000e-04 -2.59346000e-03 3.16780000e-04 6.83850000e-04 3.64460000e-04 1.81450000e-04 -1.59551000e-03 -7.55120000e-04 5.97770000e-04 -1.73436000e-03 -6.62750000e-04 -6.84900000e-05 -1.71310000e-04 -6.40110000e-04 1.75670000e-04 3.04580000e-03 -1.78020000e-04 4.09677000e-03 8.27130000e-04 -1.74070000e-04 2.32007000e-03 2.55513000e-03 1.93342000e-03 1.73477000e-03 1.54065000e-03 1.79524000e-03 2.08165000e-03 2.76144000e-03 1.33618000e-03 1.94220000e-03 2.36371000e-03 1.94190000e-03 1.96822000e-03 3.10503000e-03 3.25431000e-03
1.32500000e-04 -1.35360000e-04 -5.98930000e-04 5.90570000e-04 4.65970000e-04 -7.38070000e-04 -5.68320000e-04 -3.24830000e-04 -1.75400000e-05 -2.21500000e-04 8.65000000e-06 8.36760000e-04 9.29500000e-05 6.11110000e-04 7.59920000e-04 5.64760000e-04 -2.68060000e-04 -1.29330000e-04 -1.96320000e-04 -8.77700000e-04 9.24900000e-04 3.12450000e-04 1.40572400e-02 2.45310000e-04 -7.50780000e-04 7.85900000e-05 -1.97620000e-04 3.08450000e-04 2.15190000e-04 -9.70000000e-06 -5.56960000e-04 -1.53200000e-04 -2.90500000e-05 -2.01630000e-04 9.52530000e-04 3.55370000e-04 -1.41105000e-03 6.20100000e-05 -8.43810000e-04 5.40320000e-04 -1.50900000e-04 -5.45810000e-04 -9.50800000e-05 8.00230000e-04 7.69400000e-05 8.65200000e-04 1.21517000e-03 -9.26700000e-05 1.59040000e-04 -3.71460000e-04 5.92440000e-04 -1.58610000e-04 4.32200000e-04 -5.44410000e-04 4.12470000e-04 -5.92160000e-04 -1.39080000e-03 1.61353000e-03 1.69018000e-03 6.00440000e-04 9.15840000e-04 1.89300000e-05 -3.94450000e-04 5.84570000e-04 5.19580000e-04 -6.04210000e-04 1.57760000e-04 4.68460000e-04 -5.73210000e-04 1.42350000e-04 4.39580000e-04 5.57590000e-04 3.94650000e-04 -1.28883000e-03 3.82860000e-04 8.66400000e-05 2.94250000e-04 2.93720000e-04 -7.96890000e-04 -3.43150000e-04 5.59120000e-04 -9.06640000e-04 -3.76670000e-04 -3.35240000e-04 -1.55930000e-04 -3.87920000e-04 6.17300000e-05 8.76670000e-04 -2.27040000e-04 1.18045000e-03 -6.33520000e-04 -1.65914000e-03 3.11280000e-04 5.12410000e-04 2.36790000e-04 -1.05520000e-04 5.92000000e-06 6.12200000e-05 1.62000000e-04 5.60520000e-04 -3.54080000e-04 1.11440000e-04 3.63590000e-04 -6.07700000e-05 2.94170000e-04 7.52650000e-04 1.28098000e-03
-4.51840000e-04 6.75770000e-04 -2.55070000e-04 4.19340000e-04 1.61306000e-03 -9.50760000e-04 -4.07960000e-04 4.23240000e-04 4.81770000e-04 -4.01830000e-04 3.03130000e-04 2.91228000e-03 8.26580000e-04 9.92810000e-04 3.07719000e-03 8.04890000e-04 3.34100000e-04 -2.91700000e-05 5.46690000e-04 -1.31879000e-03 3.25358000e-03 1.34190000e-04 2.45310000e-04 2.07653200e-02 -4.30800000e-04 2.34900000e-05 -4.91500000e-04 1.26990000e-04 1.47499000e-03 4.82220000e-04 -1.37557000e-03 -1.96340000e-04 8.62700000e-05 2.54110000e-04 1.02070000e-03 1.04059000e-03 -1.70873000e-03 7.71390000e-04 -1.04280000e-03 2.24990000e-04 -3.40280000e-04 -5.69870000e-04 1.77080000e-04 9.96080000e-04 8.63640000e-04 8.31980000e-04 3.19457000e-03 5.59050000e-04 9.23390000e-04 -6.12780000e-04 4.72110000e-04 -4.59790000e-04 8.14110000e-04 -9.21200000e-04 1.16231000e-03 -3.79510000e-04 -2.27804000e-03 4.22080000e-03 2.47103000e-03 2.07961000e-03 2.99649000e-03 -7.35640000e-04 -7.86100000e-05 1.89861000e-03 5.80170000e-04 -4.43460000e-04 1.01896000e-03 5.85940000e-04 -1.04187000e-03 2.78990000e-04 1.87005000e-03 5.91490000e-04 4.92580000e-04 -2.16164000e-03 -2.18100000e-05 9.33160000e-04 6.06730000e-04 8.08700000e-05 -1.21625000e-03 -8.12580000e-04 7.93770000e-04 -1.27300000e-03 -3.65220000e-04 -5.70800000e-05 1.94320000e-04 9.63100000e-05 8.10460000e-04 9.32860000e-04 3.35380000e-04 1.59511000e-03 -1.08424000e-03 -1.99274000e-03 9.95100000e-05 6.28870000e-04 1.64980000e-04 -2.33940000e-04 -1.00179000e-03 -2.83790000e-04 -7.75200000e-05 1.29595000e-03 -7.69140000e-04 8.59700000e-05 5.26440000e-04 -1.04600000e-05 9.81100000e-05 1.04048000e-03 1.09938000e-03
-4.71180000e-04 9.45240000e-04 1.83846000e-03 -1.42252000e-03 -1.29563000e-03 3.63203000e-03 2.70965000e-03 1.77921000e-03 6.07340000e-04 7.57930000e-04 1.92600000e-04 -4.08013000e-03 3.65000000e-06 -1.85619000e-03 -3.95571000e-03 -1.66698000e-03 1.44440000e-03 5.19500000e-04 8.42930000e-04 3.93480000e-03 -4.04720000e-03 -1.21121000e-03 -7.50780000e-04 -4.30800000e-04 1.68803700e-02 1.28360000e-04 2.05975000e-03 -1.13290000e-03 -7.00530000e-04 5.28670000e-04 2.52385000e-03 1.16525000e-03 8.06890000e-04 1.06715000e-03 -3.16448000e-03 -1.16243000e-03 5.70888000e-03 1.63360000e-04 3.77051000e-03 -1.42192000e-03 1.04815000e-03 2.49231000e-03 7.72570000e-04 -2.31829000e-03 6.75900000e-05 -2.75439000e-03 -5.15947000e-03 6.59350000e-04 -4.63090000e-04 1.63166000e-03 -1.31093000e-03 1.04092000e-03 -1.14563000e-03 1.79819000e-03 -1.20470000e-03 2.57071000e-03 5.84734000e-03 -6.90445000e-03 -7.05702000e-03 -2.15709000e-03 -3.79395000e-03 9.00650000e-04 2.14846000e-03 -2.66760000e-03 -1.42710000e-03 2.40545000e-03 -2.12790000e-04 -1.26749000e-03 2.72073000e-03 -5.10470000e-04 -1.82318000e-03 -1.82261000e-03 -1.10015000e-03 5.84130000e-03 -9.80650000e-04 -5.33340000e-04 -1.00444000e-03 -4.46560000e-04 3.54529000e-03 1.67568000e-03 -1.83348000e-03 4.06253000e-03 1.68062000e-03 1.06731000e-03 7.49630000e-04 1.82428000e-03 7.20000000e-06 -3.58295000e-03 8.60960000e-04 -5.54593000e-03 2.17466000e-03 5.46229000e-03 -1.41484000e-03 -2.16994000e-03 -1.10282000e-03 1.31010000e-04 -1.02950000e-04 -3.11700000e-04 -7.88630000e-04 -2.61625000e-03 1.19754000e-03 -7.62140000e-04 -1.66812000e-03 -2.76600000e-04 -1.17662000e-03 -3.44527000e-03 -4.57733000e-03
-3.93300000e-05 9.44500000e-05 2.04360000e-04 5.74600000e-05 -2.72600000e-05 8.44900000e-05 8.15700000e-05 1.40840000e-04 -2.23400000e-05 5.89900000e-05 -9.11300000e-05 -1.39850000e-04 -1.04600000e-05 1.45100000e-05 -9.73600000e-05 1.83710000e-04 1.71000000e-05 2.71210000e-04 -6.94300000e-05 7.88000000e-06 -1.10570000e-04 -1.03590000e-04 7.85900000e-05 2.34900000e-05 1.28360000e-04 4.87171500e-02 5.47370000e-04 -7.93900000e-05 5.35000000e-06 7.44000000e-06 1.19630000e-04 3.07940000e-04 3.04910000e-04 3.97000000e-05 -2.14800000e-05 1.01180000e-04 1.54630000e-04 -2.14500000e-05 1.08950000e-04 -3.60700000e-05 4.27920000e-04 6.67300000e-05 8.30500000e-05 1.87620000e-04 1.22750000e-04 -7.35800000e-05 1.05790000e-04 1.93700000e-05 4.96500000e-05 1.86930000e-04 9.80500000e-05 1.01850000e-04 1.28510000e-04 2.87600000e-05 1.54000000e-06 5.04000000e-06 1.62000000e-05 -2.61500000e-05 1.69470000e-04 -1.06830000e-04 -1.08380000e-04 -2.71000000e-05 -3.78300000e-05 1.49660000e-04 2.34000000e-06 1.04110000e-04 -2.35500000e-05 1.24950000e-04 4.39600000e-04 2.12750000e-04 -1.32200000e-05 2.50700000e-05 1.30130000e-04 8.22200000e-05 -7.17700000e-05 -1.78580000e-04 2.07490000e-04 5.04800000e-05 6.26000000e-05 2.57200000e-04 1.14220000e-04 8.19200000e-05 1.24350000e-04 -2.56240000e-04 -1.17880000e-04 2.87300000e-05 -7.17400000e-05 -4.03800000e-05 1.73010000e-04 1.90000000e-06 4.73400000e-05 9.49900000e-05 -7.34300000e-05 1.54900000e-05 -1.15900000e-05 -2.82300000e-05 -7.84000000e-06 -3.21100000e-05 -1.14350000e-04 2.14450000e-04 -1.13010000e-04 -2.15600000e-05 1.26400000e-05 1.08000000e-06 -6.44500000e-05 7.12100000e-05 2.80360000e-04
9.65690000e-04 3.93690000e-04 1.57570000e-03 -8.22690000e-04 -1.09210000e-03 2.11597000e-03 1.60643000e-03 9.67850000e-04 3.04690000e-04 1.84790000e-03 3.78700000e-05 -2.32445000e-03 -1.73590000e-04 -1.50466000e-03 -2.05351000e-03 -7.44840000e-04 7.69170000e-04 1.04758000e-03 4.87510000e-04 2.63529000e-03 -2.53808000e-03 2.43610000e-04 -1.97620000e-04 -4.91500000e-04 2.05975000e-03 5.47370000e-04 4.47954100e-02 3.02780000e-04 -5.34740000e-04 1.58850000e-04 1.95253000e-03 1.05463000e-03 6.71190000e-04 6.42730000e-04 -1.95828000e-03 -7.55120000e-04 3.92538000e-03 -8.52900000e-05 2.40166000e-03 -7.12840000e-04 1.32754000e-03 1.66655000e-03 4.13740000e-04 -1.23054000e-03 -1.57110000e-04 -1.49166000e-03 -3.18025000e-03 2.76780000e-04 -4.19680000e-04 1.63335000e-03 -6.70860000e-04 1.01734000e-03 -6.33670000e-04 2.49307000e-03 -9.70800000e-04 1.61068000e-03 3.91737000e-03 -4.33151000e-03 -2.87136000e-03 -1.57136000e-03 -2.43393000e-03 9.61710000e-04 1.16253000e-03 -1.60957000e-03 -8.82890000e-04 1.65235000e-03 -3.60480000e-04 -5.90930000e-04 2.48755000e-03 2.82770000e-04 -1.32727000e-03 -9.17140000e-04 -3.89450000e-04 3.82781000e-03 -3.70250000e-04 -2.79150000e-04 -8.21800000e-05 -1.91600000e-05 2.47348000e-03 1.66977000e-03 -8.60030000e-04 2.63475000e-03 1.38006000e-03 5.93570000e-04 3.70790000e-04 1.08089000e-03 -1.66940000e-04 -1.00017000e-03 1.08524000e-03 -1.71679000e-03 2.80947000e-03 5.04693000e-03 3.90510000e-04 -9.63200000e-05 5.50470000e-04 1.31106000e-03 1.48808000e-03 1.03189000e-03 6.15630000e-04 -3.13350000e-04 1.89619000e-03 8.02760000e-04 2.28220000e-04 1.21657000e-03 3.60290000e-04 -4.11050000e-04 -9.74250000e-04
1.70327000e-03 -3.73090000e-04 -6.99860000e-04 3.59270000e-04 5.72620000e-04 -1.50547000e-03 -1.10827000e-03 -7.15240000e-04 -6.38400000e-05 1.32629000e-03 4.18400000e-05 2.07197000e-03 -3.97800000e-05 3.37500000e-05 2.05932000e-03 4.87550000e-04 -4.45430000e-04 -2.97740000e-04 -1.35790000e-04 -1.72625000e-03 1.88036000e-03 2.05577000e-03 3.08450000e-04 1.26990000e-04 -1.13290000e-03 -7.93900000e-05 3.02780000e-04 2.30954100e-02 3.34670000e-04 -3.63210000e-04 -1.16567000e-03 -6.98760000e-04 -5.26950000e-04 -5.16540000e-04 8.90730000e-04 5.31700000e-04 -2.12245000e-03 -1.29350000e-04 -1.44486000e-03 4.52990000e-04 -5.89570000e-04 -1.19368000e-03 -5.00500000e-04 7.07790000e-04 -3.48670000e-04 8.31640000e-04 2.13153000e-03 -1.84460000e-04 1.17560000e-04 -4.27440000e-04 3.56980000e-04 -2.02240000e-04 4.21040000e-04 1.11061000e-03 3.32940000e-04 -8.63030000e-04 -2.39939000e-03 3.09342000e-03 4.17999000e-03 1.04301000e-03 1.83069000e-03 -4.67810000e-04 -7.68500000e-04 1.15733000e-03 2.53940000e-04 -7.70490000e-04 1.40050000e-04 4.30430000e-04 -1.27643000e-03 1.45500000e-04 9.99550000e-04 5.57170000e-04 3.52120000e-04 -2.44647000e-03 2.75260000e-04 6.55430000e-04 3.44500000e-04 1.85310000e-04 -1.52120000e-03 -6.93080000e-04 5.50870000e-04 -1.63071000e-03 -6.04570000e-04 -4.53400000e-05 -1.47020000e-04 -5.85880000e-04 1.85970000e-04 2.92460000e-03 -1.27450000e-04 3.90648000e-03 9.16930000e-04 5.00100000e-05 2.30694000e-03 2.53719000e-03 1.89299000e-03 1.79815000e-03 1.53881000e-03 1.80544000e-03 2.10393000e-03 2.77884000e-03 1.40186000e-03 1.95044000e-03 2.35777000e-03 1.98723000e-03 1.95584000e-03 2.98204000e-03 3.10677000e-03
-5.81470000e-04 9.39340000e-04 1.13070000e-04 2.65890000e-04 2.35608000e-03 -1.96540000e-03 -8.86740000e-04 5.24090000e-04 4.92210000e-04 -2.55620000e-04 2.37030000e-04 5.37344000e-03 1.10927000e-03 1.58302000e-03 5.94581000e-03 1.15423000e-03 3.56380000e-04 1.78790000e-04 9.38970000e-04 -2.45240000e-03 5.91699000e-03 3.40310000e-04 2.15190000e-04 1.47499000e-03 -7.00530000e-04 5.35000000e-06 -5.34740000e-04 3.34670000e-04 5.43199600e-02 4.19310000e-04 -2.29238000e-03 -3.67450000e-04 4.48200000e-05 2.12330000e-04 1.33333000e-03 1.48392000e-03 -2.74602000e-03 1.00109000e-03 -1.90347000e-03 -2.14000000e-05 -5.78200000e-04 -1.14538000e-03 -3.02200000e-05 1.22146000e-03 1.15886000e-03 1.15009000e-03 5.46195000e-03 7.68020000e-04 1.36620000e-03 -8.62700000e-04 3.41470000e-04 -7.97940000e-04 1.26108000e-03 -9.25710000e-04 1.54899000e-03 -6.82020000e-04 -3.87991000e-03 7.43018000e-03 4.55431000e-03 3.32873000e-03 5.24716000e-03 -1.60113000e-03 -4.39990000e-04 3.26792000e-03 5.19130000e-04 -4.05750000e-04 1.48851000e-03 7.95730000e-04 -1.52151000e-03 5.98290000e-04 3.17795000e-03 6.97160000e-04 6.12850000e-04 -3.92307000e-03 -3.77250000e-04 1.67099000e-03 1.11067000e-03 -1.09250000e-04 -2.24086000e-03 -1.28184000e-03 1.16743000e-03 -2.33024000e-03 -5.28520000e-04 -8.27200000e-05 1.33270000e-04 1.50200000e-05 1.19498000e-03 1.81797000e-03 1.04264000e-03 3.55051000e-03 -1.18125000e-03 -2.11682000e-03 6.09150000e-04 1.45997000e-03 5.00570000e-04 1.47260000e-04 -1.35166000e-03 -1.37530000e-04 2.57840000e-04 2.70901000e-03 -8.55320000e-04 5.93080000e-04 1.33187000e-03 6.91090000e-04 2.65800000e-04 2.38234000e-03 1.86584000e-03
-3.45030000e-04 5.32040000e-04 5.64800000e-05 5.64300000e-05 4.42730000e-04 7.35660000e-04 5.83250000e-04 6.38070000e-04 5.11720000e-04 -2.81750000e-04 2.94510000e-04 -2.39370000e-04 4.98620000e-04 -5.16100000e-05 -2.80060000e-04 -3.94700000e-05 5.40550000e-04 -5.86000000e-06 4.52610000e-04 7.09450000e-04 -4.27300000e-05 -3.69920000e-04 -9.70000000e-06 4.82220000e-04 5.28670000e-04 7.44000000e-06 1.58850000e-04 -3.63210000e-04 4.19310000e-04 1.27767300e-02 1.04430000e-04 1.76530000e-04 2.26380000e-04 5.09300000e-04 -1.79090000e-04 2.00200000e-04 6.59710000e-04 5.41330000e-04 6.07870000e-04 2.30000000e-07 4.00600000e-05 5.50560000e-04 4.69170000e-04 3.39000000e-06 5.11120000e-04 -1.62250000e-04 -1.69160000e-04 4.16380000e-04 3.29790000e-04 4.83900000e-05 1.17360000e-04 9.28900000e-05 1.83200000e-05 -3.27740000e-04 3.96580000e-04 4.94750000e-04 7.58690000e-04 -3.80650000e-04 -1.16448000e-03 3.09470000e-04 3.82200000e-05 3.10020000e-04 6.54760000e-04 -3.71100000e-05 1.78430000e-04 1.74210000e-04 4.30270000e-04 -3.04800000e-05 1.34800000e-04 -8.26800000e-05 1.33620000e-04 -2.70600000e-05 7.89700000e-05 8.15930000e-04 1.47500000e-05 1.42240000e-04 -7.83300000e-05 4.94700000e-05 6.04460000e-04 2.68300000e-05 -3.25600000e-05 6.15980000e-04 1.85040000e-04 2.92090000e-04 4.13450000e-04 5.16810000e-04 3.58900000e-04 -7.38520000e-04 6.99700000e-05 -1.29721000e-03 -3.09500000e-04 -2.14480000e-04 -5.96560000e-04 -6.27610000e-04 -3.53830000e-04 -4.30850000e-04 -5.03990000e-04 -4.39400000e-04 -4.76440000e-04 -6.46670000e-04 -2.89640000e-04 -4.29810000e-04 -5.58310000e-04 -5.51890000e-04 -2.99650000e-04 -8.58470000e-04 -8.07800000e-04
3.42000000e-05 -1.30390000e-04 9.97780000e-04 -8.49640000e-04 -2.57614000e-03 4.02844000e-03 2.59506000e-03 7.93060000e-04 4.49500000e-05 2.17770000e-04 -2.66100000e-05 -6.51978000e-03 -7.92410000e-04 -1.95886000e-03 -6.85060000e-03 -1.91007000e-03 5.63020000e-04 2.10770000e-04 -2.85500000e-05 4.73274000e-03 -6.94334000e-03 -1.26109000e-03 -5.56960000e-04 -1.37557000e-03 2.52385000e-03 1.19630000e-04 1.95253000e-03 -1.16567000e-03 -2.29238000e-03 1.04430000e-04 3.60814000e-02 1.18150000e-03 5.85260000e-04 5.11940000e-04 -2.70095000e-03 -1.82003000e-03 5.79853000e-03 -6.20210000e-04 4.16630000e-03 -6.08860000e-04 1.13947000e-03 2.76175000e-03 7.37240000e-04 -2.32940000e-03 -6.33580000e-04 -2.06525000e-03 -7.49892000e-03 -1.52450000e-04 -1.24781000e-03 1.75771000e-03 -8.74530000e-04 1.39879000e-03 -1.37114000e-03 1.42310000e-03 -1.78974000e-03 2.23332000e-03 7.36031000e-03 -9.95721000e-03 -8.06706000e-03 -3.92581000e-03 -6.38057000e-03 2.15054000e-03 1.62756000e-03 -4.16724000e-03 -1.13647000e-03 1.45122000e-03 -1.24173000e-03 -1.29798000e-03 3.15526000e-03 -7.39340000e-04 -3.77677000e-03 -1.65368000e-03 -1.05079000e-03 7.24909000e-03 -1.30660000e-04 -1.57589000e-03 -1.49137000e-03 -7.89000000e-05 4.29790000e-03 2.52369000e-03 -2.08288000e-03 4.68256000e-03 1.52675000e-03 8.75830000e-04 3.88410000e-04 1.07840000e-03 -9.69460000e-04 -3.97858000e-03 -1.21161000e-03 -6.52012000e-03 1.78149000e-03 4.36852000e-03 -1.55425000e-03 -3.02585000e-03 -1.48540000e-03 -4.11840000e-04 1.07630000e-03 -4.71860000e-04 -8.79670000e-04 -4.44918000e-03 9.77020000e-04 -1.50752000e-03 -2.53776000e-03 -1.21719000e-03 -1.13430000e-03 -4.27350000e-03 -4.99355000e-03
-3.35050000e-04 3.63110000e-04 8.77370000e-04 -3.18500000e-04 -5.88310000e-04 1.43439000e-03 1.02741000e-03 7.65380000e-04 1.09700000e-04 1.09450000e-04 -2.01090000e-04 -1.98773000e-03 -8.26100000e-05 -5.52540000e-04 -1.91658000e-03 -3.62090000e-04 4.53800000e-04 4.80940000e-04 1.11540000e-04 1.51814000e-03 -1.86122000e-03 -7.63750000e-04 -1.53200000e-04 -1.96340000e-04 1.16525000e-03 3.07940000e-04 1.05463000e-03 -6.98760000e-04 -3.67450000e-04 1.76530000e-04 1.18150000e-03 2.10039300e-02 7.75150000e-04 3.70720000e-04 -1.10660000e-03 -5.46330000e-04 2.19531000e-03 -2.28700000e-05 1.45179000e-03 -4.36900000e-04 7.98780000e-04 9.56590000e-04 2.97160000e-04 -6.50890000e-04 1.36040000e-04 -9.46850000e-04 -2.17349000e-03 1.26680000e-04 -2.78950000e-04 7.98270000e-04 -2.04920000e-04 5.10030000e-04 -1.89660000e-04 4.98600000e-04 -5.35860000e-04 8.35410000e-04 2.25510000e-03 -2.99861000e-03 -2.70318000e-03 -1.03122000e-03 -1.75402000e-03 4.74350000e-04 7.24080000e-04 -1.17305000e-03 -4.51600000e-04 9.64160000e-04 -2.07670000e-04 -2.80590000e-04 1.50733000e-03 4.16500000e-05 -9.93590000e-04 -5.76430000e-04 -1.68800000e-04 2.31835000e-03 -3.61310000e-04 -6.45230000e-04 -1.74150000e-04 -2.59900000e-05 1.36188000e-03 9.80430000e-04 -5.32540000e-04 1.54100000e-03 6.91230000e-04 -9.74300000e-05 1.24800000e-05 5.89190000e-04 -2.49520000e-04 -1.54717000e-03 3.31290000e-04 -2.26442000e-03 6.69980000e-04 1.91178000e-03 -7.66920000e-04 -9.70140000e-04 -6.22290000e-04 -1.89650000e-04 -9.62700000e-05 -3.20330000e-04 -5.83290000e-04 -1.09147000e-03 1.53640000e-04 -4.86870000e-04 -8.22900000e-04 -3.11130000e-04 -6.87780000e-04 -1.48394000e-03 -1.71643000e-03
-3.49690000e-04 4.64790000e-04 7.28370000e-04 -1.16100000e-04 -1.17200000e-04 9.23560000e-04 6.94280000e-04 7.40150000e-04 1.90800000e-04 2.85700000e-05 -1.91610000e-04 -1.10790000e-03 1.16440000e-04 -1.96820000e-04 -1.02727000e-03 -5.85800000e-05 4.35750000e-04 4.24400000e-04 1.96860000e-04 8.17130000e-04 -8.46190000e-04 -6.07680000e-04 -2.90500000e-05 8.62700000e-05 8.06890000e-04 3.04910000e-04 6.71190000e-04 -5.26950000e-04 4.48200000e-05 2.26380000e-04 5.85260000e-04 7.75150000e-04 1.32788400e-02 3.16340000e-04 -7.15700000e-04 -2.47010000e-04 1.31650000e-03 1.58100000e-04 8.82450000e-04 -3.21440000e-04 5.97610000e-04 5.53540000e-04 2.32850000e-04 -2.85790000e-04 3.07250000e-04 -6.72470000e-04 -1.07699000e-03 2.00100000e-04 -4.61800000e-05 5.55020000e-04 4.44000000e-06 3.69530000e-04 1.07940000e-04 2.74800000e-04 -1.93130000e-04 5.46990000e-04 1.16764000e-03 -1.54833000e-03 -1.65314000e-03 -3.98290000e-04 -8.00660000e-04 1.99640000e-04 5.34770000e-04 -5.59780000e-04 -2.45070000e-04 7.71020000e-04 5.28400000e-05 -3.99300000e-05 1.03906000e-03 1.34690000e-04 -3.85090000e-04 -3.19600000e-04 4.23700000e-05 1.27673000e-03 -3.31470000e-04 -4.09430000e-04 3.37000000e-05 3.63200000e-05 7.06430000e-04 6.15150000e-04 -2.12520000e-04 8.74570000e-04 4.77960000e-04 -1.90100000e-04 7.85000000e-06 4.73890000e-04 -5.08900000e-05 -1.04497000e-03 4.25640000e-04 -1.48329000e-03 3.62260000e-04 1.25317000e-03 -5.66640000e-04 -5.44890000e-04 -4.56180000e-04 -1.16160000e-04 -3.08210000e-04 -2.76610000e-04 -4.39410000e-04 -4.42010000e-04 1.23200000e-05 -2.84360000e-04 -4.74900000e-04 -1.46490000e-04 -5.30130000e-04 -1.03735000e-03 -1.23176000e-03
-3.73960000e-04 5.99490000e-04 5.45050000e-04 -3.43680000e-04 5.93500000e-05 1.23581000e-03 9.87330000e-04 8.33110000e-04 4.65710000e-04 -1.86000000e-06 2.54940000e-04 -8.20730000e-04 3.79600000e-04 -3.57650000e-04 -7.86740000e-04 -3.71770000e-04 7.06330000e-04 1.55640000e-04 5.20810000e-04 1.29572000e-03 -7.11060000e-04 -5.27110000e-04 -2.01630000e-04 2.54110000e-04 1.06715000e-03 3.97000000e-05 6.42730000e-04 -5.16540000e-04 2.12330000e-04 5.09300000e-04 5.11940000e-04 3.70720000e-04 3.16340000e-04 9.64755000e-03 -8.36720000e-04 -3.53700000e-05 1.68975000e-03 4.19670000e-04 1.20741000e-03 -4.00710000e-04 2.76210000e-04 9.31040000e-04 5.37400000e-04 -5.03520000e-04 3.86510000e-04 -7.45300000e-04 -9.84800000e-04 4.73410000e-04 2.18210000e-04 3.62630000e-04 -2.85830000e-04 2.46130000e-04 -1.97790000e-04 1.68810000e-04 6.92900000e-05 9.04430000e-04 1.70237000e-03 -1.47273000e-03 -2.15496000e-03 -1.75640000e-04 -6.26050000e-04 2.66890000e-04 9.10920000e-04 -4.07330000e-04 -2.03500000e-04 7.10660000e-04 2.98270000e-04 -2.98050000e-04 6.60130000e-04 -9.79900000e-05 -1.69150000e-04 -4.30470000e-04 -1.77050000e-04 1.70045000e-03 -2.44080000e-04 5.46600000e-05 -1.80480000e-04 -1.15860000e-04 1.18156000e-03 3.52440000e-04 -3.80730000e-04 1.26385000e-03 4.85090000e-04 4.14320000e-04 4.82080000e-04 7.63530000e-04 2.95230000e-04 -1.22756000e-03 4.43880000e-04 -1.91494000e-03 2.67440000e-04 1.11021000e-03 -7.02350000e-04 -8.35150000e-04 -4.43500000e-04 -2.51140000e-04 -4.27880000e-04 -3.72960000e-04 -5.08830000e-04 -8.63520000e-04 5.62800000e-05 -4.04770000e-04 -6.80900000e-04 -3.69830000e-04 -4.50880000e-04 -1.19655000e-03 -1.38493000e-03
-6.92200000e-05 -5.54720000e-04 -2.10596000e-03 1.81761000e-03 2.09829000e-03 -3.76705000e-03 -2.62889000e-03 -1.47408000e-03 -3.58960000e-04 -1.31094000e-03 8.16800000e-05 5.37928000e-03 4.02280000e-04 2.60234000e-03 5.36680000e-03 2.12168000e-03 -1.22409000e-03 -5.44270000e-04 -6.17420000e-04 -4.15802000e-03 5.52724000e-03 9.99050000e-04 9.52530000e-04 1.02070000e-03 -3.16448000e-03 -2.14800000e-05 -1.95828000e-03 8.90730000e-04 1.33333000e-03 -1.79090000e-04 -2.70095000e-03 -1.10660000e-03 -7.15700000e-04 -8.36720000e-04 3.46137900e-02 1.71516000e-03 -6.24066000e-03 2.12010000e-04 -3.92794000e-03 1.73100000e-03 -9.95340000e-04 -2.44342000e-03 -4.87120000e-04 2.97019000e-03 4.52010000e-04 3.57084000e-03 6.50013000e-03 -2.96670000e-04 9.57170000e-04 -1.91443000e-03 1.71902000e-03 -1.22713000e-03 1.64407000e-03 -2.70663000e-03 1.83152000e-03 -2.61148000e-03 -6.36694000e-03 8.73850000e-03 7.86769000e-03 3.10648000e-03 5.12056000e-03 -9.56320000e-04 -2.01466000e-03 3.47904000e-03 1.85500000e-03 -2.67845000e-03 7.48830000e-04 1.63617000e-03 -2.94260000e-03 6.21480000e-04 2.56476000e-03 2.11460000e-03 1.31279000e-03 -6.30260000e-03 1.10241000e-03 9.56400000e-04 1.27414000e-03 5.96150000e-04 -3.72324000e-03 -1.78011000e-03 2.20365000e-03 -4.28026000e-03 -1.75531000e-03 -1.12102000e-03 -6.65330000e-04 -1.69483000e-03 3.85680000e-04 3.67693000e-03 -9.21650000e-04 5.81303000e-03 -3.11824000e-03 -7.15942000e-03 1.07968000e-03 1.92517000e-03 7.80740000e-04 -7.61590000e-04 -5.98320000e-04 -2.09280000e-04 3.35060000e-04 2.49295000e-03 -2.02343000e-03 2.12580000e-04 1.40817000e-03 -3.44430000e-04 8.68710000e-04 3.64705000e-03 4.99723000e-03
-2.48850000e-04 3.69820000e-04 -5.15620000e-04 5.24280000e-04 1.75645000e-03 -1.90220000e-03 -1.07300000e-03 -1.38740000e-04 2.19820000e-04 -4.02890000e-04 3.28510000e-04 4.20099000e-03 7.23850000e-04 1.40858000e-03 4.29505000e-03 1.18267000e-03 -1.30610000e-04 -7.31400000e-05 2.13920000e-04 -2.40308000e-03 4.23484000e-03 5.53340000e-04 3.55370000e-04 1.04059000e-03 -1.16243000e-03 1.01180000e-04 -7.55120000e-04 5.31700000e-04 1.48392000e-03 2.00200000e-04 -1.82003000e-03 -5.46330000e-04 -2.47010000e-04 -3.53700000e-05 1.71516000e-03 3.72378900e-02 -3.05501000e-03 5.43140000e-04 -1.86612000e-03 3.30940000e-04 -3.96690000e-04 -1.14160000e-03 1.10840000e-04 1.58074000e-03 7.73410000e-04 1.26086000e-03 4.95460000e-03 4.49820000e-04 1.22579000e-03 -9.70290000e-04 4.86840000e-04 -7.17920000e-04 1.06058000e-03 -1.18827000e-03 1.50220000e-03 -9.81810000e-04 -3.73601000e-03 6.39524000e-03 4.81947000e-03 2.45924000e-03 3.91363000e-03 -1.42557000e-03 -8.37200000e-04 3.18443000e-03 7.93100000e-04 -1.04774000e-03 9.28680000e-04 8.58450000e-04 -1.63664000e-03 5.41270000e-04 2.57101000e-03 9.51830000e-04 6.94280000e-04 -3.74758000e-03 1.16510000e-04 1.16868000e-03 9.92710000e-04 3.08400000e-05 -1.99238000e-03 -1.09655000e-03 1.24104000e-03 -2.22613000e-03 -7.45030000e-04 -2.88190000e-04 4.73200000e-05 -4.00920000e-04 8.35900000e-04 2.01037000e-03 1.74580000e-04 3.39729000e-03 -1.48192000e-03 -3.02539000e-03 6.10540000e-04 1.36523000e-03 5.89260000e-04 -8.88200000e-05 -8.70920000e-04 -9.31500000e-05 2.45870000e-04 2.44671000e-03 -9.81900000e-04 3.98230000e-04 1.16474000e-03 2.95060000e-04 5.61250000e-04 2.27814000e-03 2.70067000e-03
-2.93410000e-04 9.50640000e-04 2.98516000e-03 -2.54809000e-03 -3.73526000e-03 7.48362000e-03 5.16378000e-03 2.66370000e-03 7.75410000e-04 1.48749000e-03 1.35970000e-04 -1.05019800e-02 -6.81580000e-04 -4.22035000e-03 -1.06038400e-02 -3.60931000e-03 2.20121000e-03 7.64990000e-04 8.88280000e-04 8.43207000e-03 -1.07018200e-02 -2.26312000e-03 -1.41105000e-03 -1.70873000e-03 5.70888000e-03 1.54630000e-04 3.92538000e-03 -2.12245000e-03 -2.74602000e-03 6.59710000e-04 5.79853000e-03 2.19531000e-03 1.31650000e-03 1.68975000e-03 -6.24066000e-03 -3.05501000e-03 2.63391400e-02 -3.16210000e-04 7.65542000e-03 -2.29258000e-03 2.04562000e-03 5.01886000e-03 1.31230000e-03 -4.75057000e-03 -6.61410000e-04 -5.28962000e-03 -1.24916700e-02 5.83940000e-04 -1.74628000e-03 3.33457000e-03 -2.37010000e-03 2.31658000e-03 -2.79498000e-03 3.68658000e-03 -3.05377000e-03 4.82887000e-03 1.26400300e-02 -1.67159700e-02 -1.50733500e-02 -5.82619000e-03 -9.86272000e-03 2.85512000e-03 3.99724000e-03 -6.85429000e-03 -2.71086000e-03 4.32442000e-03 -1.32880000e-03 -2.70002000e-03 5.63857000e-03 -1.27763000e-03 -5.30203000e-03 -3.50249000e-03 -2.23396000e-03 1.25945300e-02 -1.33093000e-03 -2.01260000e-03 -2.46018000e-03 -6.40250000e-04 7.58666000e-03 3.66648000e-03 -3.87360000e-03 8.43470000e-03 3.18324000e-03 1.89452000e-03 1.21697000e-03 3.07155000e-03 -7.92980000e-04 -7.28567000e-03 8.53330000e-04 -1.17707400e-02 4.49985000e-03 1.06386400e-02 -2.73805000e-03 -4.65237000e-03 -2.18152000e-03 1.56340000e-04 8.63920000e-04 -4.11500000e-04 -1.44044000e-03 -6.34640000e-03 2.65200000e-03 -1.64304000e-03 -3.70831000e-03 -9.22770000e-04 -2.09779000e-03 -7.36733000e-03 -8.92002000e-03
-3.54870000e-04 6.51690000e-04 7.21000000e-06 1.34820000e-04 9.88200000e-04 1.35500000e-05 1.73780000e-04 6.01880000e-04 5.67090000e-04 -2.40290000e-04 2.95950000e-04 1.19512000e-03 7.06000000e-04 3.73200000e-04 1.29696000e-03 2.57470000e-04 5.15760000e-04 -5.94000000e-06 6.35270000e-04 -1.77390000e-04 1.54635000e-03 -1.49770000e-04 6.20100000e-05 7.71390000e-04 1.63360000e-04 -2.14500000e-05 -8.52900000e-05 -1.29350000e-04 1.00109000e-03 5.41330000e-04 -6.20210000e-04 -2.28700000e-05 1.58100000e-04 4.19670000e-04 2.12010000e-04 5.43140000e-04 -3.16210000e-04 2.27146100e-02 -9.06200000e-05 1.48600000e-05 -2.07980000e-04 5.83300000e-05 3.24940000e-04 3.31690000e-04 6.68410000e-04 1.53030000e-04 1.33457000e-03 5.27980000e-04 6.11110000e-04 -2.21300000e-04 1.95880000e-04 -1.25970000e-04 3.47530000e-04 -4.49520000e-04 7.43630000e-04 1.96200000e-04 -5.57990000e-04 1.69242000e-03 2.89310000e-04 1.13845000e-03 1.43470000e-03 -1.43830000e-04 3.82080000e-04 8.24940000e-04 2.88310000e-04 3.32900000e-05 7.55130000e-04 1.83140000e-04 -3.63700000e-04 5.45400000e-05 9.91400000e-04 1.83650000e-04 2.11120000e-04 -4.96290000e-04 -6.59000000e-05 5.78710000e-04 2.03510000e-04 2.40800000e-05 -2.06600000e-04 -4.14260000e-04 2.83200000e-04 -2.05890000e-04 -1.65100000e-05 2.59310000e-04 3.93580000e-04 3.94030000e-04 6.27820000e-04 -6.43500000e-05 3.85760000e-04 -8.43000000e-05 -5.23150000e-04 -7.23100000e-04 -2.41010000e-04 -2.35400000e-05 -1.07410000e-04 -2.10770000e-04 -7.31930000e-04 -3.20810000e-04 -2.15410000e-04 3.08300000e-04 -3.80410000e-04 -1.00380000e-04 -1.15500000e-05 -1.79490000e-04 -9.45200000e-05 -4.62600000e-05 -9.65600000e-05
-1.83860000e-04 6.76530000e-04 1.62146000e-03 -1.44399000e-03 -2.39855000e-03 5.33153000e-03 3.63564000e-03 1.79080000e-03 6.96380000e-04 7.24630000e-04 2.56260000e-04 -7.40797000e-03 -3.26590000e-04 -2.63617000e-03 -7.61729000e-03 -2.40046000e-03 1.51520000e-03 2.92880000e-04 6.15170000e-04 5.88601000e-03 -7.48657000e-03 -1.56109000e-03 -8.43810000e-04 -1.04280000e-03 3.77051000e-03 1.08950000e-04 2.40166000e-03 -1.44486000e-03 -1.90347000e-03 6.07870000e-04 4.16630000e-03 1.45179000e-03 8.82450000e-04 1.20741000e-03 -3.92794000e-03 -1.86612000e-03 7.65542000e-03 -9.06200000e-05 4.58624700e-02 -1.23714000e-03 1.32272000e-03 3.52918000e-03 1.12181000e-03 -2.93324000e-03 -3.56640000e-04 -3.28545000e-03 -8.46844000e-03 4.91180000e-04 -1.04214000e-03 2.12385000e-03 -1.34938000e-03 1.65021000e-03 -1.73993000e-03 2.12674000e-03 -1.78209000e-03 3.32206000e-03 8.77972000e-03 -1.14046500e-02 -1.03883600e-02 -3.96098000e-03 -6.83538000e-03 2.29029000e-03 2.82245000e-03 -4.59469000e-03 -1.56189000e-03 2.69405000e-03 -7.82640000e-04 -1.72680000e-03 3.73225000e-03 -9.96680000e-04 -3.62480000e-03 -2.20831000e-03 -1.42477000e-03 8.76067000e-03 -6.58630000e-04 -1.40112000e-03 -1.77357000e-03 -2.93760000e-04 5.35058000e-03 2.47700000e-03 -2.56696000e-03 5.88475000e-03 2.09627000e-03 1.35638000e-03 9.68990000e-04 2.07989000e-03 -4.60240000e-04 -5.08062000e-03 2.24560000e-04 -8.43581000e-03 2.61907000e-03 6.34298000e-03 -1.99488000e-03 -3.41027000e-03 -1.67298000e-03 -1.58270000e-04 5.59230000e-04 -4.59730000e-04 -1.06887000e-03 -4.68480000e-03 1.57021000e-03 -1.43093000e-03 -2.78158000e-03 -1.05970000e-03 -1.40304000e-03 -5.29683000e-03 -5.96175000e-03
4.05340000e-04 -5.32790000e-04 -1.57645000e-03 1.15945000e-03 4.59560000e-04 -9.82350000e-04 -9.17400000e-04 -8.65820000e-04 -8.12500000e-05 -6.84050000e-04 5.84300000e-05 4.53680000e-04 2.44500000e-05 8.81840000e-04 2.09580000e-04 7.27130000e-04 -6.44220000e-04 -5.13120000e-04 -4.74190000e-04 -1.02555000e-03 5.75980000e-04 4.96670000e-04 5.40320000e-04 2.24990000e-04 -1.42192000e-03 -3.60700000e-05 -7.12840000e-04 4.52990000e-04 -2.14000000e-05 2.30000000e-07 -6.08860000e-04 -4.36900000e-04 -3.21440000e-04 -4.00710000e-04 1.73100000e-03 3.30940000e-04 -2.29258000e-03 1.48600000e-05 -1.23714000e-03 2.50926200e-02 -4.01780000e-04 -7.71750000e-04 -1.29210000e-04 1.36566000e-03 -4.58600000e-05 1.78106000e-03 1.14903000e-03 -3.60340000e-04 9.95000000e-06 -7.60430000e-04 1.12419000e-03 -2.47030000e-04 4.70760000e-04 -1.24163000e-03 5.98480000e-04 -1.03170000e-03 -1.71064000e-03 1.48824000e-03 2.09580000e-03 4.62320000e-04 6.88990000e-04 8.02590000e-04 -5.94710000e-04 2.83670000e-04 1.06158000e-03 -1.38865000e-03 8.89800000e-05 6.26820000e-04 -1.00058000e-03 -5.38300000e-05 1.71800000e-05 1.07123000e-03 5.74240000e-04 -1.55347000e-03 9.59960000e-04 -1.78850000e-04 1.21130000e-04 5.47030000e-04 -9.55480000e-04 -5.88300000e-04 7.73470000e-04 -1.25152000e-03 -7.06930000e-04 -4.85340000e-04 -2.58610000e-04 -8.13170000e-04 -1.66860000e-04 1.19730000e-03 -9.34230000e-04 1.26419000e-03 -1.37456000e-03 -3.60502000e-03 3.41680000e-04 3.36850000e-04 2.04210000e-04 -5.47740000e-04 3.64230000e-04 -5.19900000e-05 1.25880000e-04 -5.52700000e-05 -7.55810000e-04 -1.96790000e-04 1.03060000e-04 -7.27670000e-04 4.90150000e-04 8.45470000e-04 2.14392000e-03
-1.94850000e-04 1.71980000e-04 7.49830000e-04 -3.53810000e-04 -7.95120000e-04 1.23800000e-03 8.77340000e-04 4.98870000e-04 -8.05200000e-05 1.63200000e-04 -1.67510000e-04 -2.00937000e-03 -2.47460000e-04 -5.73560000e-04 -1.96722000e-03 -3.17570000e-04 2.53340000e-04 5.33850000e-04 -1.12720000e-04 1.34406000e-03 -2.08671000e-03 -6.20040000e-04 -1.50900000e-04 -3.40280000e-04 1.04815000e-03 4.27920000e-04 1.32754000e-03 -5.89570000e-04 -5.78200000e-04 4.00600000e-05 1.13947000e-03 7.98780000e-04 5.97610000e-04 2.76210000e-04 -9.95340000e-04 -3.96690000e-04 2.04562000e-03 -2.07980000e-04 1.32272000e-03 -4.01780000e-04 4.98132700e-02 8.86690000e-04 3.00800000e-04 -4.52740000e-04 3.11000000e-05 -9.05460000e-04 -1.92579000e-03 1.95000000e-05 -2.77330000e-04 7.72770000e-04 -2.92480000e-04 4.47900000e-04 -3.33460000e-04 4.47880000e-04 -5.74400000e-04 6.75080000e-04 2.04479000e-03 -2.89579000e-03 -2.13243000e-03 -1.28468000e-03 -1.93097000e-03 4.01580000e-04 4.64440000e-04 -9.43090000e-04 -4.33970000e-04 7.39330000e-04 -3.64270000e-04 -2.87780000e-04 1.58152000e-03 1.22930000e-04 -1.04097000e-03 -5.10040000e-04 -1.98370000e-04 2.12924000e-03 -3.05120000e-04 -7.31690000e-04 -9.96300000e-05 -7.92700000e-05 1.30993000e-03 9.99740000e-04 -4.61030000e-04 1.43947000e-03 6.63400000e-04 -2.12440000e-04 -9.79100000e-05 4.21100000e-04 -3.80740000e-04 -1.26931000e-03 2.64480000e-04 -1.87932000e-03 6.29140000e-04 1.57061000e-03 -6.79500000e-04 -8.81030000e-04 -4.52040000e-04 -2.25470000e-04 1.21900000e-04 -2.41570000e-04 -5.80550000e-04 -8.91200000e-04 5.57700000e-05 -4.55080000e-04 -7.40260000e-04 -3.55310000e-04 -5.51890000e-04 -1.08584000e-03 -9.29920000e-04
-3.49670000e-04 4.89760000e-04 1.05537000e-03 -8.90510000e-04 -1.46233000e-03 3.51323000e-03 2.42130000e-03 1.23697000e-03 4.98340000e-04 1.99610000e-04 2.46620000e-04 -4.69636000e-03 -1.00370000e-04 -1.62501000e-03 -4.84096000e-03 -1.50376000e-03 1.03046000e-03 2.47180000e-04 4.52540000e-04 4.00225000e-03 -4.78530000e-03 -1.24103000e-03 -5.45810000e-04 -5.69870000e-04 2.49231000e-03 6.67300000e-05 1.66655000e-03 -1.19368000e-03 -1.14538000e-03 5.50560000e-04 2.76175000e-03 9.56590000e-04 5.53540000e-04 9.31040000e-04 -2.44342000e-03 -1.14160000e-03 5.01886000e-03 5.83300000e-05 3.52918000e-03 -7.71750000e-04 8.86690000e-04 1.86226200e-02 8.86840000e-04 -1.85794000e-03 -6.59400000e-05 -2.01486000e-03 -5.39214000e-03 3.60300000e-04 -5.68970000e-04 1.33253000e-03 -8.27720000e-04 1.00160000e-03 -1.15013000e-03 1.02075000e-03 -1.02082000e-03 2.17656000e-03 5.84882000e-03 -7.34415000e-03 -6.90094000e-03 -2.46102000e-03 -4.35993000e-03 1.53717000e-03 1.88878000e-03 -2.91074000e-03 -8.76650000e-04 1.61350000e-03 -4.50220000e-04 -1.10738000e-03 2.41313000e-03 -5.77720000e-04 -2.36454000e-03 -1.37647000e-03 -8.44620000e-04 5.80686000e-03 -3.23600000e-04 -8.76470000e-04 -1.08202000e-03 -1.80150000e-04 3.62732000e-03 1.63956000e-03 -1.58211000e-03 3.89780000e-03 1.34033000e-03 9.04840000e-04 7.05950000e-04 1.39246000e-03 -2.59030000e-04 -3.50621000e-03 3.03700000e-05 -5.71218000e-03 1.36020000e-03 3.65144000e-03 -1.61135000e-03 -2.53562000e-03 -1.25108000e-03 -4.76060000e-04 1.46810000e-04 -6.06340000e-04 -1.03413000e-03 -3.39880000e-03 6.65350000e-04 -1.20275000e-03 -2.11267000e-03 -1.05069000e-03 -1.09834000e-03 -3.63415000e-03 -4.03616000e-03
-3.07410000e-04 3.90800000e-04 1.79140000e-04 -9.45100000e-05 -4.75400000e-05 1.17346000e-03 8.71250000e-04 5.53740000e-04 3.73240000e-04 -2.84250000e-04 2.98120000e-04 -1.09728000e-03 3.11670000e-04 -1.11820000e-04 -1.23705000e-03 -2.81380000e-04 4.88490000e-04 1.16800000e-05 3.16340000e-04 1.19289000e-03 -1.10398000e-03 -5.17420000e-04 -9.50800000e-05 1.77080000e-04 7.72570000e-04 8.30500000e-05 4.13740000e-04 -5.00500000e-04 -3.02200000e-05 4.69170000e-04 7.37240000e-04 2.97160000e-04 2.32850000e-04 5.37400000e-04 -4.87120000e-04 1.10840000e-04 1.31230000e-03 3.24940000e-04 1.12181000e-03 -1.29210000e-04 3.00800000e-04 8.86840000e-04 1.90055200e-02 -2.16910000e-04 3.37700000e-04 -4.57030000e-04 -9.00250000e-04 3.67150000e-04 2.52470000e-04 2.17980000e-04 -1.07070000e-04 2.52140000e-04 -1.06730000e-04 -2.03270000e-04 2.04980000e-04 7.16300000e-04 1.58160000e-03 -1.52098000e-03 -1.89637000e-03 -3.98490000e-04 -9.18860000e-04 4.32380000e-04 6.94350000e-04 -3.09880000e-04 3.49200000e-05 3.21540000e-04 2.01490000e-04 -1.85830000e-04 5.64090000e-04 -1.09100000e-04 -3.13430000e-04 -2.40310000e-04 -7.79700000e-05 1.60766000e-03 2.80800000e-05 -1.06870000e-04 -1.87960000e-04 -1.58900000e-05 1.16236000e-03 3.87800000e-04 -2.71670000e-04 1.19019000e-03 3.54020000e-04 3.27410000e-04 4.56940000e-04 5.32970000e-04 1.80980000e-04 -1.16165000e-03 -3.95400000e-05 -1.95288000e-03 -1.61510000e-04 1.96790000e-04 -7.67050000e-04 -9.71050000e-04 -5.29720000e-04 -5.05920000e-04 -3.13680000e-04 -5.03570000e-04 -5.90870000e-04 -1.06372000e-03 -2.23880000e-04 -6.38520000e-04 -8.54720000e-04 -7.27140000e-04 -3.91130000e-04 -1.25958000e-03 -1.04629000e-03
1.81600000e-05 -2.01880000e-04 -1.60739000e-03 1.45013000e-03 1.79979000e-03 -2.75038000e-03 -1.91310000e-03 -9.20710000e-04 -9.84700000e-05 -9.08770000e-04 7.20200000e-05 4.00680000e-03 4.83750000e-04 2.09738000e-03 4.00520000e-03 1.81119000e-03 -7.94130000e-04 -2.80250000e-04 -4.27020000e-04 -3.23806000e-03 4.25079000e-03 7.54980000e-04 8.00230000e-04 9.96080000e-04 -2.31829000e-03 1.87620000e-04 -1.23054000e-03 7.07790000e-04 1.22146000e-03 3.39000000e-06 -2.32940000e-03 -6.50890000e-04 -2.85790000e-04 -5.03520000e-04 2.97019000e-03 1.58074000e-03 -4.75057000e-03 3.31690000e-04 -2.93324000e-03 1.36566000e-03 -4.52740000e-04 -1.85794000e-03 -2.16910000e-04 2.84117200e-02 5.56110000e-04 2.62139000e-03 5.32843000e-03 -5.80000000e-05 9.18510000e-04 -1.41538000e-03 1.42925000e-03 -8.65120000e-04 1.39743000e-03 -2.08963000e-03 1.63742000e-03 -1.93512000e-03 -5.08284000e-03 6.87309000e-03 6.27673000e-03 2.43991000e-03 4.00695000e-03 -6.62570000e-04 -1.41989000e-03 2.93799000e-03 1.51440000e-03 -1.94163000e-03 7.63240000e-04 1.35958000e-03 -2.02628000e-03 5.82810000e-04 2.16807000e-03 1.75720000e-03 1.14765000e-03 -4.89987000e-03 7.92160000e-04 6.20960000e-04 1.12635000e-03 5.01010000e-04 -2.80683000e-03 -1.38547000e-03 1.84548000e-03 -3.27184000e-03 -1.26469000e-03 -1.08558000e-03 -4.78330000e-04 -1.18308000e-03 3.89740000e-04 2.83932000e-03 -2.79440000e-04 4.34535000e-03 -2.41549000e-03 -5.62271000e-03 8.02940000e-04 1.60375000e-03 6.53650000e-04 -5.58880000e-04 -5.20880000e-04 -1.46140000e-04 2.17660000e-04 2.33463000e-03 -1.61625000e-03 2.28200000e-04 1.18557000e-03 -2.74510000e-04 7.55130000e-04 2.91015000e-03 4.52866000e-03
-6.82920000e-04 7.04960000e-04 2.26320000e-04 1.47280000e-04 1.12932000e-03 -3.25650000e-04 7.70000000e-06 6.63460000e-04 4.01440000e-04 -5.40110000e-04 1.84720000e-04 1.85564000e-03 6.98260000e-04 6.33360000e-04 2.00243000e-03 5.40750000e-04 3.96040000e-04 2.05200000e-04 5.15990000e-04 -5.45290000e-04 2.10246000e-03 -3.54550000e-04 7.69400000e-05 8.63640000e-04 6.75900000e-05 1.22750000e-04 -1.57110000e-04 -3.48670000e-04 1.15886000e-03 5.11120000e-04 -6.33580000e-04 1.36040000e-04 3.07250000e-04 3.86510000e-04 4.52010000e-04 7.73410000e-04 -6.61410000e-04 6.68410000e-04 -3.56640000e-04 -4.58600000e-05 3.11000000e-05 -6.59400000e-05 3.37700000e-04 5.56110000e-04 2.01287800e-02 2.76930000e-04 2.09413000e-03 5.07190000e-04 7.64190000e-04 -2.65200000e-04 2.20680000e-04 -2.96440000e-04 5.22030000e-04 -8.40750000e-04 8.34920000e-04 -5.09300000e-05 -1.04493000e-03 2.60420000e-03 1.11015000e-03 1.37725000e-03 1.91574000e-03 -6.27490000e-04 7.41200000e-05 1.39800000e-03 3.42730000e-04 -1.88390000e-04 7.18940000e-04 3.41380000e-04 -3.62270000e-04 3.25430000e-04 1.25201000e-03 2.97470000e-04 3.78060000e-04 -1.02741000e-03 -1.68070000e-04 5.34830000e-04 4.91360000e-04 -4.39400000e-05 -5.05770000e-04 -3.10880000e-04 4.93860000e-04 -5.34410000e-04 -6.39100000e-05 -5.53400000e-05 1.75400000e-04 2.69040000e-04 5.67420000e-04 6.75800000e-05 1.40910000e-04 4.35020000e-04 -9.30980000e-04 -1.22416000e-03 -4.29970000e-04 -6.50200000e-05 -2.03760000e-04 -5.21450000e-04 -1.01522000e-03 -6.02220000e-04 -5.29790000e-04 5.42130000e-04 -8.92400000e-04 -2.99550000e-04 -7.22900000e-05 -3.53040000e-04 -3.15210000e-04 1.99300000e-04 -1.98100000e-05
1.21430000e-04 -5.83610000e-04 -2.06228000e-03 1.72223000e-03 1.76294000e-03 -3.15373000e-03 -2.20344000e-03 -1.37382000e-03 -3.39540000e-04 -1.17086000e-03 5.99900000e-05 4.57277000e-03 2.87910000e-04 2.54109000e-03 4.71616000e-03 1.77443000e-03 -1.11204000e-03 -5.57290000e-04 -4.82960000e-04 -3.31686000e-03 4.83236000e-03 9.45030000e-04 8.65200000e-04 8.31980000e-04 -2.75439000e-03 -7.35800000e-05 -1.49166000e-03 8.31640000e-04 1.15009000e-03 -1.62250000e-04 -2.06525000e-03 -9.46850000e-04 -6.72470000e-04 -7.45300000e-04 3.57084000e-03 1.26086000e-03 -5.28962000e-03 1.53030000e-04 -3.28545000e-03 1.78106000e-03 -9.05460000e-04 -2.01486000e-03 -4.57030000e-04 2.62139000e-03 2.76930000e-04 6.96089100e-02 5.25612000e-03 -3.15250000e-04 6.81060000e-04 -1.67340000e-03 1.63975000e-03 -1.00995000e-03 1.50329000e-03 -2.39227000e-03 1.51846000e-03 -2.22098000e-03 -5.08064000e-03 7.29516000e-03 6.68675000e-03 2.58929000e-03 4.40887000e-03 -2.41960000e-04 -1.61914000e-03 2.57557000e-03 1.66589000e-03 -2.35704000e-03 7.09720000e-04 1.40920000e-03 -2.38407000e-03 4.18620000e-04 1.90052000e-03 1.83506000e-03 1.08684000e-03 -5.07145000e-03 1.09285000e-03 8.01110000e-04 9.80330000e-04 6.23460000e-04 -2.99497000e-03 -1.42438000e-03 1.83945000e-03 -3.53598000e-03 -1.50442000e-03 -9.77100000e-04 -6.35080000e-04 -1.52927000e-03 2.30110000e-04 3.21800000e-03 -8.48610000e-04 5.05555000e-03 -2.71654000e-03 -6.52345000e-03 1.07448000e-03 1.53820000e-03 6.04370000e-04 -7.02830000e-04 -1.81960000e-04 -1.36330000e-04 3.94920000e-04 1.68200000e-03 -1.71617000e-03 5.45000000e-05 1.10907000e-03 -4.60430000e-04 7.84160000e-04 3.32540000e-03 4.59838000e-03
-7.32010000e-04 5.91010000e-04 -1.55650000e-03 1.82732000e-03 6.00536000e-03 -8.74098000e-03 -5.19092000e-03 -1.36140000e-03 -1.59460000e-04 -1.19119000e-03 2.95840000e-04 1.65941100e-02 1.91675000e-03 5.40173000e-03 1.75393700e-02 4.42189000e-03 -1.27743000e-03 -2.01000000e-06 4.59180000e-04 -1.01943300e-02 1.69964400e-02 2.26603000e-03 1.21517000e-03 3.19457000e-03 -5.15947000e-03 1.05790000e-04 -3.18025000e-03 2.13153000e-03 5.46195000e-03 -1.69160000e-04 -7.49892000e-03 -2.17349000e-03 -1.07699000e-03 -9.84800000e-04 6.50013000e-03 4.95460000e-03 -1.24916700e-02 1.33457000e-03 -8.46844000e-03 1.14903000e-03 -1.92579000e-03 -5.39214000e-03 -9.00250000e-04 5.32843000e-03 2.09413000e-03 5.25612000e-03 5.73667200e-02 7.61120000e-04 3.59324000e-03 -3.64040000e-03 1.71554000e-03 -3.00771000e-03 3.94558000e-03 -3.87079000e-03 4.53772000e-03 -4.62722000e-03 -1.53674300e-02 2.44639800e-02 1.91498100e-02 9.14919000e-03 1.52970200e-02 -5.50766000e-03 -4.04851000e-03 1.10022800e-02 2.47649000e-03 -3.77300000e-03 2.94997000e-03 3.14864000e-03 -6.25698000e-03 2.17491000e-03 9.09717000e-03 3.44605000e-03 2.44976000e-03 -1.55478100e-02 1.36200000e-04 4.16719000e-03 3.82358000e-03 1.41000000e-06 -8.92824000e-03 -4.32847000e-03 4.62999000e-03 -9.74023000e-03 -3.09367000e-03 -1.63383000e-03 -7.90180000e-04 -2.33715000e-03 2.35621000e-03 8.45484000e-03 1.09849000e-03 1.49749900e-02 -4.86620000e-03 -1.04131800e-02 3.10826000e-03 5.95475000e-03 2.57635000e-03 2.99210000e-04 -2.67755000e-03 2.00900000e-04 1.50118000e-03 9.63293000e-03 -3.23587000e-03 2.26345000e-03 5.10431000e-03 2.12648000e-03 2.05659000e-03 9.78407000e-03 1.01716000e-02
-4.21750000e-04 7.34260000e-04 3.97230000e-04 -2.44530000e-04 6.78190000e-04 4.60020000e-04 5.68530000e-04 7.70420000e-04 5.13960000e-04 4.94800000e-05 3.19440000e-04 9.03880000e-04 5.47050000e-04 2.01550000e-04 1.06556000e-03 -2.98800000e-05 6.66650000e-04 6.70700000e-05 6.43590000e-04 2.52830000e-04 1.11577000e-03 -2.15540000e-04 -9.26700000e-05 5.59050000e-04 6.59350000e-04 1.93700000e-05 2.76780000e-04 -1.84460000e-04 7.68020000e-04 4.16380000e-04 -1.52450000e-04 1.26680000e-04 2.00100000e-04 4.73410000e-04 -2.96670000e-04 4.49820000e-04 5.83940000e-04 5.27980000e-04 4.91180000e-04 -3.60340000e-04 1.95000000e-05 3.60300000e-04 3.67150000e-04 -5.80000000e-05 5.07190000e-04 -3.15250000e-04 7.61120000e-04 4.85714400e-02 5.54280000e-04 4.67800000e-05 -2.10420000e-04 1.57800000e-05 2.27940000e-04 2.22500000e-05 4.56750000e-04 6.01370000e-04 2.24600000e-04 1.02083000e-03 -3.58670000e-04 7.63490000e-04 9.85130000e-04 -3.46780000e-04 5.91150000e-04 6.60890000e-04 -1.12610000e-04 5.36820000e-04 6.43690000e-04 -1.98900000e-05 6.70800000e-05 -6.96000000e-06 8.92620000e-04 -2.18750000e-04 -1.06220000e-04 2.46930000e-04 -3.53630000e-04 6.11390000e-04 8.98200000e-05 -1.31110000e-04 2.82720000e-04 -8.15000000e-05 -7.36800000e-05 3.93020000e-04 2.75840000e-04 3.83930000e-04 4.33300000e-04 6.32670000e-04 6.42520000e-04 -4.09000000e-04 6.67560000e-04 -4.88630000e-04 2.69000000e-06 4.59330000e-04 -2.47650000e-04 -1.26380000e-04 -2.16210000e-04 1.49700000e-05 -7.26320000e-04 -2.16210000e-04 -1.63920000e-04 2.50870000e-04 -4.22400000e-05 -1.16460000e-04 -3.50400000e-05 4.27000000e-05 -2.28850000e-04 -2.21720000e-04 -4.97920000e-04
-4.68080000e-04 5.59920000e-04 -6.15300000e-05 2.17460000e-04 1.43191000e-03 -1.08281000e-03 -4.57120000e-04 2.40700000e-04 3.13710000e-04 -3.93110000e-04 3.19060000e-04 3.17859000e-03 7.34410000e-04 1.15346000e-03 3.33630000e-03 7.35870000e-04 2.02960000e-04 1.10600000e-05 4.79270000e-04 -1.46037000e-03 3.31045000e-03 1.24450000e-04 1.59040000e-04 9.23390000e-04 -4.63090000e-04 4.96500000e-05 -4.19680000e-04 1.17560000e-04 1.36620000e-03 3.29790000e-04 -1.24781000e-03 -2.78950000e-04 -4.61800000e-05 2.18210000e-04 9.57170000e-04 1.22579000e-03 -1.74628000e-03 6.11110000e-04 -1.04214000e-03 9.95000000e-06 -2.77330000e-04 -5.68970000e-04 2.52470000e-04 9.18510000e-04 7.64190000e-04 6.81060000e-04 3.59324000e-03 5.54280000e-04 3.04098100e-02 -6.35060000e-04 1.85660000e-04 -4.93290000e-04 8.28430000e-04 -8.85260000e-04 1.18506000e-03 -3.99990000e-04 -2.34208000e-03 4.63157000e-03 2.83870000e-03 1.93640000e-03 3.01551000e-03 -1.10274000e-03 -3.07930000e-04 2.35653000e-03 4.69150000e-04 -4.19900000e-04 9.23680000e-04 5.36530000e-04 -1.04283000e-03 3.83160000e-04 2.04452000e-03 4.98620000e-04 4.24810000e-04 -2.37052000e-03 -9.18700000e-05 1.02507000e-03 7.16250000e-04 -7.09600000e-05 -1.20576000e-03 -7.61240000e-04 7.88560000e-04 -1.30396000e-03 -3.77290000e-04 -1.20100000e-05 2.28200000e-04 -1.00500000e-05 8.01070000e-04 1.01044000e-03 4.08470000e-04 1.93982000e-03 -1.08395000e-03 -1.83514000e-03 1.64520000e-04 7.04550000e-04 1.90660000e-04 -1.75400000e-04 -9.83960000e-04 -2.87110000e-04 -3.93300000e-05 1.54856000e-03 -7.77930000e-04 1.24930000e-04 6.13320000e-04 1.13640000e-04 1.38110000e-04 1.25563000e-03 1.26407000e-03
1.27390000e-04 2.27390000e-04 1.13007000e-03 -7.75710000e-04 -1.18710000e-03 2.01576000e-03 1.36483000e-03 7.71690000e-04 1.49370000e-04 7.88330000e-04 -1.48540000e-04 -2.98172000e-03 -3.27100000e-04 -1.55323000e-03 -2.94590000e-03 -9.50610000e-04 5.41300000e-04 4.89630000e-04 1.68970000e-04 2.30131000e-03 -3.07261000e-03 -4.98360000e-04 -3.71460000e-04 -6.12780000e-04 1.63166000e-03 1.86930000e-04 1.63335000e-03 -4.27440000e-04 -8.62700000e-04 4.83900000e-05 1.75771000e-03 7.98270000e-04 5.55020000e-04 3.62630000e-04 -1.91443000e-03 -9.70290000e-04 3.33457000e-03 -2.21300000e-04 2.12385000e-03 -7.60430000e-04 7.72770000e-04 1.33253000e-03 2.17980000e-04 -1.41538000e-03 -2.65200000e-04 -1.67340000e-03 -3.64040000e-03 4.67800000e-05 -6.35060000e-04 2.67505000e-02 -6.60790000e-04 7.84850000e-04 -7.84850000e-04 1.50292000e-03 -1.06612000e-03 1.29989000e-03 3.54916000e-03 -4.80701000e-03 -3.96426000e-03 -1.73031000e-03 -2.87998000e-03 6.91740000e-04 9.77770000e-04 -1.97352000e-03 -9.21080000e-04 1.30654000e-03 -5.63970000e-04 -7.24650000e-04 1.87530000e-03 -1.83500000e-04 -1.59863000e-03 -1.02763000e-03 -5.34590000e-04 3.50943000e-03 -4.98020000e-04 -6.66430000e-04 -5.64310000e-04 -1.62310000e-04 2.04998000e-03 1.26705000e-03 -1.06643000e-03 2.31614000e-03 9.60480000e-04 4.03650000e-04 1.77900000e-04 8.25340000e-04 -3.62670000e-04 -1.85234000e-03 2.82150000e-04 -2.91472000e-03 1.74397000e-03 3.81247000e-03 -4.97480000e-04 -9.74760000e-04 -3.65220000e-04 4.23130000e-04 5.33690000e-04 1.70660000e-04 -1.46140000e-04 -1.33519000e-03 1.05869000e-03 -1.13410000e-04 -7.03000000e-04 2.19610000e-04 -4.23510000e-04 -1.78577000e-03 -2.47527000e-03
1.67510000e-04 -2.28230000e-04 -1.19051000e-03 1.16809000e-03 8.13380000e-04 -1.08711000e-03 -9.19340000e-04 -5.07330000e-04 3.63900000e-05 -6.02810000e-04 -2.32300000e-05 1.02569000e-03 2.10500000e-04 8.66910000e-04 8.79660000e-04 9.72010000e-04 -4.55890000e-04 -2.58060000e-04 -3.48350000e-04 -1.24230000e-03 1.29541000e-03 3.71720000e-04 5.92440000e-04 4.72110000e-04 -1.31093000e-03 9.80500000e-05 -6.70860000e-04 3.56980000e-04 3.41470000e-04 1.17360000e-04 -8.74530000e-04 -2.04920000e-04 4.44000000e-06 -2.85830000e-04 1.71902000e-03 4.86840000e-04 -2.37010000e-03 1.95880000e-04 -1.34938000e-03 1.12419000e-03 -2.92480000e-04 -8.27720000e-04 -1.07070000e-04 1.42925000e-03 2.20680000e-04 1.63975000e-03 1.71554000e-03 -2.10420000e-04 1.85660000e-04 -6.60790000e-04 3.16010500e-02 -2.57220000e-04 7.02010000e-04 -1.18536000e-03 7.41970000e-04 -1.03165000e-03 -2.08534000e-03 2.26849000e-03 2.43712000e-03 9.67730000e-04 1.31587000e-03 3.98440000e-04 -5.58750000e-04 6.85850000e-04 1.03723000e-03 -1.18090000e-03 2.53390000e-04 7.91780000e-04 -9.28180000e-04 1.78360000e-04 4.43230000e-04 1.05634000e-03 7.63430000e-04 -1.91719000e-03 7.56240000e-04 -5.08700000e-05 3.97560000e-04 5.62340000e-04 -1.19281000e-03 -5.50790000e-04 9.56430000e-04 -1.44777000e-03 -6.94590000e-04 -6.37430000e-04 -2.85010000e-04 -6.61280000e-04 1.41000000e-06 1.24019000e-03 -6.05570000e-04 1.54196000e-03 -1.32246000e-03 -3.26196000e-03 2.93140000e-04 5.46660000e-04 2.31870000e-04 -4.66460000e-04 -6.44000000e-06 -1.02930000e-04 5.83300000e-05 4.53100000e-04 -8.18810000e-04 -5.61900000e-05 2.99040000e-04 -4.73810000e-04 3.86100000e-04 9.45130000e-04 1.97666000e-03
2.84960000e-04 7.07400000e-05 4.07350000e-04 -3.04490000e-04 -9.07800000e-04 1.67427000e-03 1.04509000e-03 4.14310000e-04 1.95020000e-04 4.62850000e-04 -2.27300000e-05 -2.77690000e-03 -2.12960000e-04 -9.76040000e-04 -2.90002000e-03 -7.23960000e-04 3.63710000e-04 1.06760000e-04 8.04900000e-05 1.81326000e-03 -2.77190000e-03 -2.72550000e-04 -1.58610000e-04 -4.59790000e-04 1.04092000e-03 1.01850000e-04 1.01734000e-03 -2.02240000e-04 -7.97940000e-04 9.28900000e-05 1.39879000e-03 5.10030000e-04 3.69530000e-04 2.46130000e-04 -1.22713000e-03 -7.17920000e-04 2.31658000e-03 -1.25970000e-04 1.65021000e-03 -2.47030000e-04 4.47900000e-04 1.00160000e-03 2.52140000e-04 -8.65120000e-04 -2.96440000e-04 -1.00995000e-03 -3.00771000e-03 1.57800000e-05 -4.93290000e-04 7.84850000e-04 -2.57220000e-04 4.18190400e-02 -5.11240000e-04 9.64280000e-04 -6.67430000e-04 9.60270000e-04 2.74887000e-03 -4.02387000e-03 -3.22401000e-03 -1.47393000e-03 -2.50438000e-03 9.73920000e-04 8.15220000e-04 -1.71796000e-03 -4.64320000e-04 8.34490000e-04 -3.73930000e-04 -4.75550000e-04 1.28190000e-03 -3.07240000e-04 -1.38366000e-03 -6.24280000e-04 -3.54810000e-04 2.78416000e-03 -9.72000000e-05 -6.09280000e-04 -5.75580000e-04 4.54700000e-05 1.63365000e-03 8.63520000e-04 -7.76540000e-04 1.81280000e-03 6.40660000e-04 3.49070000e-04 2.36140000e-04 5.40870000e-04 -2.78170000e-04 -1.40668000e-03 2.49400000e-05 -2.53730000e-03 1.10632000e-03 2.25510000e-03 -3.44650000e-04 -8.11710000e-04 -3.28240000e-04 2.44840000e-04 5.60980000e-04 1.48480000e-04 -2.69800000e-05 -1.30670000e-03 8.09250000e-04 -1.87090000e-04 -6.47670000e-04 -7.32300000e-05 -1.87700000e-04 -1.57337000e-03 -1.65914000e-03
-2.02090000e-04 2.31020000e-04 -4.22170000e-04 7.26620000e-04 1.46071000e-03 -1.75248000e-03 -9.95620000e-04 -1.95960000e-04 3.50000000e-07 -4.26390000e-04 -1.51400000e-05 3.48495000e-03 4.91660000e-04 1.73929000e-03 3.70365000e-03 1.13033000e-03 -2.15310000e-04 -2.89600000e-05 1.34030000e-04 -2.19953000e-03 3.77483000e-03 4.02930000e-04 4.32200000e-04 8.14110000e-04 -1.14563000e-03 1.28510000e-04 -6.33670000e-04 4.21040000e-04 1.26108000e-03 1.83200000e-05 -1.37114000e-03 -1.89660000e-04 1.07940000e-04 -1.97790000e-04 1.64407000e-03 1.06058000e-03 -2.79498000e-03 3.47530000e-04 -1.73993000e-03 4.70760000e-04 -3.33460000e-04 -1.15013000e-03 -1.06730000e-04 1.39743000e-03 5.22030000e-04 1.50329000e-03 3.94558000e-03 2.27940000e-04 8.28430000e-04 -7.84850000e-04 7.02010000e-04 -5.11240000e-04 4.86995200e-02 -1.00310000e-03 1.12336000e-03 -9.96770000e-04 -3.31101000e-03 5.35327000e-03 4.12336000e-03 2.03725000e-03 3.38347000e-03 -9.22960000e-04 -7.68750000e-04 2.28169000e-03 6.92740000e-04 -7.13740000e-04 8.33840000e-04 9.14500000e-04 -1.18181000e-03 4.95880000e-04 1.93553000e-03 8.24300000e-04 6.80980000e-04 -3.25954000e-03 1.22980000e-04 7.94900000e-04 8.97900000e-04 2.00220000e-04 -1.92599000e-03 -7.61230000e-04 1.08754000e-03 -2.04341000e-03 -6.55280000e-04 -5.66910000e-04 -2.21180000e-04 -5.26210000e-04 5.09330000e-04 1.76527000e-03 2.25530000e-04 3.11770000e-03 -1.24903000e-03 -2.61041000e-03 6.66400000e-04 1.25329000e-03 3.49280000e-04 -1.25500000e-05 -6.29210000e-04 -3.44200000e-05 3.23960000e-04 1.95449000e-03 -7.97920000e-04 3.22330000e-04 1.02414000e-03 3.22210000e-04 3.55180000e-04 1.98100000e-03 2.21640000e-03
1.62133000e-03 1.23900000e-04 1.52076000e-03 -1.33123000e-03 -1.41753000e-03 1.84538000e-03 1.25208000e-03 6.80140000e-04 1.57420000e-04 2.64948000e-03 -2.06910000e-04 -2.64185000e-03 -5.33220000e-04 -2.48058000e-03 -2.48920000e-03 -1.36205000e-03 6.24390000e-04 4.41640000e-04 3.44500000e-04 2.06469000e-03 -2.90420000e-03 1.01330000e-03 -5.44410000e-04 -9.21200000e-04 1.79819000e-03 2.87600000e-05 2.49307000e-03 1.11061000e-03 -9.25710000e-04 -3.27740000e-04 1.42310000e-03 4.98600000e-04 2.74800000e-04 1.68810000e-04 -2.70663000e-03 -1.18827000e-03 3.68658000e-03 -4.49520000e-04 2.12674000e-03 -1.24163000e-03 4.47880000e-04 1.02075000e-03 -2.03270000e-04 -2.08963000e-03 -8.40750000e-04 -2.39227000e-03 -3.87079000e-03 2.22500000e-05 -8.85260000e-04 1.50292000e-03 -1.18536000e-03 9.64280000e-04 -1.00310000e-03 2.65105500e-02 -1.52788000e-03 1.49612000e-03 3.47794000e-03 -4.77120000e-03 -2.93296000e-03 -1.74354000e-03 -2.73030000e-03 2.82830000e-04 9.95490000e-04 -2.06778000e-03 -1.56963000e-03 1.87486000e-03 -6.82410000e-04 -1.00859000e-03 1.69418000e-03 -2.70080000e-04 -1.38143000e-03 -1.44717000e-03 -8.31920000e-04 3.30492000e-03 -8.59690000e-04 -2.39950000e-04 -6.84090000e-04 -3.43100000e-04 1.84339000e-03 1.16117000e-03 -1.44586000e-03 2.24347000e-03 1.05510000e-03 8.27220000e-04 2.81310000e-04 9.48880000e-04 -2.56500000e-04 -4.63240000e-04 9.46310000e-04 -1.15707000e-03 3.96431000e-03 7.05534000e-03 1.33797000e-03 8.49920000e-04 1.12558000e-03 2.57097000e-03 2.00921000e-03 1.99502000e-03 1.77399000e-03 6.03110000e-04 3.26866000e-03 1.79449000e-03 1.15313000e-03 2.50306000e-03 1.01038000e-03 -2.13210000e-04 -1.57623000e-03
-3.27960000e-04 3.99500000e-04 -7.81350000e-04 7.73130000e-04 1.84964000e-03 -1.67956000e-03 -9.75010000e-04 -1.04740000e-04 3.55360000e-04 -7.20260000e-04 3.59030000e-04 3.73637000e-03 8.69270000e-04 1.58107000e-03 3.79779000e-03 1.15362000e-03 -4.75500000e-05 -2.18000000e-04 3.35600000e-04 -2.12149000e-03 3.99265000e-03 3.48880000e-04 4.12470000e-04 1.16231000e-03 -1.20470000e-03 1.54000000e-06 -9.70800000e-04 3.32940000e-04 1.54899000e-03 3.96580000e-04 -1.78974000e-03 -5.35860000e-04 -1.93130000e-04 6.92900000e-05 1.83152000e-03 1.50220000e-03 -3.05377000e-03 7.43630000e-04 -1.78209000e-03 5.98480000e-04 -5.74400000e-04 -1.02082000e-03 2.04980000e-04 1.63742000e-03 8.34920000e-04 1.51846000e-03 4.53772000e-03 4.56750000e-04 1.18506000e-03 -1.06612000e-03 7.41970000e-04 -6.67430000e-04 1.12336000e-03 -1.52788000e-03 3.49014300e-02 -9.30840000e-04 -3.46631000e-03 5.85205000e-03 4.08582000e-03 2.44374000e-03 3.71748000e-03 -8.68430000e-04 -6.04060000e-04 2.74047000e-03 1.01709000e-03 -1.09543000e-03 1.08021000e-03 8.73900000e-04 -1.67378000e-03 3.97230000e-04 2.31107000e-03 1.05963000e-03 7.66960000e-04 -3.42704000e-03 3.24460000e-04 1.06284000e-03 8.44480000e-04 1.68820000e-04 -1.82612000e-03 -1.17248000e-03 1.25039000e-03 -2.09484000e-03 -7.95470000e-04 -2.32250000e-04 1.58470000e-04 -3.70240000e-04 8.34970000e-04 1.65342000e-03 8.74900000e-05 2.70861000e-03 -1.81963000e-03 -3.62909000e-03 3.37580000e-04 9.80150000e-04 3.23190000e-04 -4.08200000e-04 -9.68540000e-04 -3.42710000e-04 3.12700000e-05 1.77565000e-03 -1.18596000e-03 1.08480000e-04 7.68110000e-04 -1.52770000e-04 4.07290000e-04 1.74967000e-03 2.35503000e-03
-2.63170000e-04 7.47770000e-04 1.25245000e-03 -1.10245000e-03 -1.09995000e-03 3.25936000e-03 2.36470000e-03 1.42232000e-03 6.54940000e-04 6.28250000e-04 2.86540000e-04 -3.75128000e-03 5.33900000e-05 -1.53988000e-03 -3.73679000e-03 -1.51290000e-03 1.24297000e-03 2.17690000e-04 7.57990000e-04 3.50565000e-03 -3.67736000e-03 -9.47110000e-04 -5.92160000e-04 -3.79510000e-04 2.57071000e-03 5.04000000e-06 1.61068000e-03 -8.63030000e-04 -6.82020000e-04 4.94750000e-04 2.23332000e-03 8.35410000e-04 5.46990000e-04 9.04430000e-04 -2.61148000e-03 -9.81810000e-04 4.82887000e-03 1.96200000e-04 3.32206000e-03 -1.03170000e-03 6.75080000e-04 2.17656000e-03 7.16300000e-04 -1.93512000e-03 -5.09300000e-05 -2.22098000e-03 -4.62722000e-03 6.01370000e-04 -3.99990000e-04 1.29989000e-03 -1.03165000e-03 9.60270000e-04 -9.96770000e-04 1.49612000e-03 -9.30840000e-04 2.39210900e-02 5.17352000e-03 -6.13968000e-03 -6.31143000e-03 -1.89987000e-03 -3.40539000e-03 1.07971000e-03 1.95076000e-03 -2.44015000e-03 -1.10647000e-03 1.98560000e-03 -1.40440000e-04 -1.10010000e-03 2.17257000e-03 -6.13110000e-04 -1.61476000e-03 -1.50002000e-03 -9.86500000e-04 5.17358000e-03 -6.46620000e-04 -4.00710000e-04 -1.01877000e-03 -2.89580000e-04 3.17629000e-03 1.32447000e-03 -1.61564000e-03 3.58381000e-03 1.39588000e-03 1.09562000e-03 8.02010000e-04 1.56298000e-03 8.79000000e-05 -3.12007000e-03 6.65340000e-04 -5.04621000e-03 1.78650000e-03 4.39595000e-03 -1.15900000e-03 -1.90717000e-03 -9.85820000e-04 1.27060000e-04 -1.52000000e-06 -2.33400000e-04 -5.59360000e-04 -2.45542000e-03 1.11552000e-03 -7.01120000e-04 -1.48258000e-03 -3.42700000e-04 -8.86290000e-04 -3.11415000e-03 -3.84917000e-03
2.15600000e-05 4.57920000e-04 2.37427000e-03 -2.24233000e-03 -4.66951000e-03 8.72626000e-03 5.70233000e-03 2.36881000e-03 7.59010000e-04 1.07343000e-03 1.99350000e-04 -1.33190100e-02 -1.01765000e-03 -4.70384000e-03 -1.37407400e-02 -4.14833000e-03 1.99094000e-03 4.05840000e-04 5.56150000e-04 1.01193800e-02 -1.36176400e-02 -2.53275000e-03 -1.39080000e-03 -2.27804000e-03 5.84734000e-03 1.62000000e-05 3.91737000e-03 -2.39939000e-03 -3.87991000e-03 7.58690000e-04 7.36031000e-03 2.25510000e-03 1.16764000e-03 1.70237000e-03 -6.36694000e-03 -3.73601000e-03 1.26400300e-02 -5.57990000e-04 8.77972000e-03 -1.71064000e-03 2.04479000e-03 5.84882000e-03 1.58160000e-03 -5.08284000e-03 -1.04493000e-03 -5.08064000e-03 -1.53674300e-02 2.24600000e-04 -2.34208000e-03 3.54916000e-03 -2.08534000e-03 2.74887000e-03 -3.31101000e-03 3.47794000e-03 -3.46631000e-03 5.17352000e-03 6.00851500e-02 -2.05008100e-02 -1.76619500e-02 -7.32409000e-03 -1.24425100e-02 4.45026000e-03 4.38298000e-03 -8.67620000e-03 -2.51178000e-03 4.00354000e-03 -1.92745000e-03 -3.00854000e-03 6.21494000e-03 -1.75235000e-03 -7.14564000e-03 -3.58269000e-03 -2.34279000e-03 1.49687400e-02 -6.95570000e-04 -2.84022000e-03 -3.19584000e-03 -3.65360000e-04 9.07507000e-03 4.31101000e-03 -4.34128000e-03 9.77611000e-03 3.27810000e-03 2.11584000e-03 1.31664000e-03 3.00305000e-03 -1.36137000e-03 -8.39669000e-03 -3.97390000e-04 -1.40196500e-02 4.37012000e-03 1.02497500e-02 -3.26033000e-03 -5.92957000e-03 -2.72713000e-03 -4.48360000e-04 1.65650000e-03 -7.08160000e-04 -1.76716000e-03 -8.70668000e-03 2.63628000e-03 -2.46690000e-03 -4.90519000e-03 -2.01440000e-03 -2.25850000e-03 -8.89594000e-03 -1.00435900e-02
-9.12850000e-04 8.00170000e-04 -2.00338000e-03 2.36087000e-03 8.17169000e-03 -1.18627600e-02 -7.00141000e-03 -1.78235000e-03 -1.96220000e-04 -1.27488000e-03 3.43330000e-04 2.29741500e-02 2.46742000e-03 7.15318000e-03 2.44682200e-02 5.84072000e-03 -1.68987000e-03 -5.35600000e-05 7.23650000e-04 -1.36952600e-02 2.36107300e-02 3.27612000e-03 1.61353000e-03 4.22080000e-03 -6.90445000e-03 -2.61500000e-05 -4.33151000e-03 3.09342000e-03 7.43018000e-03 -3.80650000e-04 -9.95721000e-03 -2.99861000e-03 -1.54833000e-03 -1.47273000e-03 8.73850000e-03 6.39524000e-03 -1.67159700e-02 1.69242000e-03 -1.14046500e-02 1.48824000e-03 -2.89579000e-03 -7.34415000e-03 -1.52098000e-03 6.87309000e-03 2.60420000e-03 7.29516000e-03 2.44639800e-02 1.02083000e-03 4.63157000e-03 -4.80701000e-03 2.26849000e-03 -4.02387000e-03 5.35327000e-03 -4.77120000e-03 5.85205000e-03 -6.13968000e-03 -2.05008100e-02 8.55144200e-02 2.58798500e-02 1.26431800e-02 2.11021100e-02 -7.45565000e-03 -5.36102000e-03 1.45556100e-02 3.08269000e-03 -4.88552000e-03 3.95659000e-03 4.19649000e-03 -8.50662000e-03 2.79775000e-03 1.23173100e-02 4.43999000e-03 3.12877000e-03 -2.08781900e-02 3.18500000e-05 5.92794000e-03 5.03003000e-03 1.87600000e-05 -1.20971900e-02 -5.77831000e-03 6.05623000e-03 -1.31289600e-02 -4.14365000e-03 -2.03211000e-03 -1.15235000e-03 -3.08846000e-03 3.24304000e-03 1.16110600e-02 1.53178000e-03 2.06809800e-02 -6.08372000e-03 -1.32555200e-02 4.59433000e-03 8.30828000e-03 3.55869000e-03 8.22500000e-04 -3.47340000e-03 5.68740000e-04 2.43186000e-03 1.30376500e-02 -3.91486000e-03 3.27529000e-03 7.19920000e-03 3.35735000e-03 2.82813000e-03 1.35348500e-02 1.33655200e-02
1.35017000e-03 -7.91430000e-04 -2.60792000e-03 2.52575000e-03 5.50834000e-03 -1.07428200e-02 -6.97534000e-03 -3.01181000e-03 -1.08239000e-03 -1.11500000e-05 -2.47300000e-04 1.73325600e-02 9.52180000e-04 5.30026000e-03 1.81368200e-02 5.11748000e-03 -2.70751000e-03 -1.46150000e-04 -8.36810000e-04 -1.20027800e-02 1.71871700e-02 4.38022000e-03 1.69018000e-03 2.47103000e-03 -7.05702000e-03 1.69470000e-04 -2.87136000e-03 4.17999000e-03 4.55431000e-03 -1.16448000e-03 -8.06706000e-03 -2.70318000e-03 -1.65314000e-03 -2.15496000e-03 7.86769000e-03 4.81947000e-03 -1.50733500e-02 2.89310000e-04 -1.03883600e-02 2.09580000e-03 -2.13243000e-03 -6.90094000e-03 -1.89637000e-03 6.27673000e-03 1.11015000e-03 6.68675000e-03 1.91498100e-02 -3.58670000e-04 2.83870000e-03 -3.96426000e-03 2.43712000e-03 -3.22401000e-03 4.12336000e-03 -2.93296000e-03 4.08582000e-03 -6.31143000e-03 -1.76619500e-02 2.58798500e-02 1.10710130e-01 8.97962000e-03 1.55881300e-02 -5.52018000e-03 -5.64995000e-03 1.11397000e-02 2.84217000e-03 -5.24657000e-03 2.00486000e-03 3.68005000e-03 -7.17295000e-03 2.49734000e-03 8.61212000e-03 4.28569000e-03 2.99937000e-03 -1.79566400e-02 8.52770000e-04 3.70474000e-03 4.17405000e-03 4.14070000e-04 -1.05362300e-02 -4.46653000e-03 5.30960000e-03 -1.17054400e-02 -3.98332000e-03 -2.64130000e-03 -1.80856000e-03 -3.80423000e-03 1.46693000e-03 1.18150800e-02 -7.00000000e-07 1.95618500e-02 -4.02015000e-03 -1.10238300e-02 5.56830000e-03 8.47076000e-03 4.56673000e-03 1.81402000e-03 -1.73660000e-04 2.11057000e-03 3.53630000e-03 1.18901900e-02 -2.06273000e-03 4.08002000e-03 7.32440000e-03 3.83921000e-03 4.07449000e-03 1.31768600e-02 1.42169500e-02
-6.00100000e-04 8.47000000e-04 -5.93660000e-04 8.78510000e-04 3.65998000e-03 -4.02254000e-03 -2.24213000e-03 -3.15000000e-06 4.43320000e-04 -4.26460000e-04 3.32910000e-04 8.96086000e-03 1.37686000e-03 2.41148000e-03 9.58347000e-03 2.19098000e-03 -8.52200000e-05 -8.71000000e-06 7.46360000e-04 -4.71758000e-03 9.45330000e-03 1.10582000e-03 6.00440000e-04 2.07961000e-03 -2.15709000e-03 -1.06830000e-04 -1.57136000e-03 1.04301000e-03 3.32873000e-03 3.09470000e-04 -3.92581000e-03 -1.03122000e-03 -3.98290000e-04 -1.75640000e-04 3.10648000e-03 2.45924000e-03 -5.82619000e-03 1.13845000e-03 -3.96098000e-03 4.62320000e-04 -1.28468000e-03 -2.46102000e-03 -3.98490000e-04 2.43991000e-03 1.37725000e-03 2.58929000e-03 9.14919000e-03 7.63490000e-04 1.93640000e-03 -1.73031000e-03 9.67730000e-04 -1.47393000e-03 2.03725000e-03 -1.74354000e-03 2.44374000e-03 -1.89987000e-03 -7.32409000e-03 1.26431800e-02 8.97962000e-03 4.56751600e-02 8.47684000e-03 -2.74767000e-03 -1.40383000e-03 5.39919000e-03 1.19093000e-03 -1.56383000e-03 1.89673000e-03 1.56577000e-03 -3.29515000e-03 9.63600000e-04 4.96166000e-03 1.59291000e-03 1.22617000e-03 -7.42888000e-03 -1.01700000e-04 2.57726000e-03 1.83169000e-03 6.11900000e-05 -4.29926000e-03 -2.26999000e-03 2.23554000e-03 -4.62815000e-03 -1.43528000e-03 -4.51670000e-04 -1.17250000e-04 -6.39130000e-04 1.64465000e-03 4.00162000e-03 7.92910000e-04 7.12216000e-03 -2.20634000e-03 -4.57869000e-03 1.49148000e-03 2.95982000e-03 1.23914000e-03 2.87190000e-04 -1.77245000e-03 8.69600000e-05 7.83590000e-04 4.71720000e-03 -1.39910000e-03 1.19506000e-03 2.59690000e-03 1.25522000e-03 9.12090000e-04 4.62894000e-03 4.17126000e-03
-7.85240000e-04 9.93390000e-04 -8.86180000e-04 1.28119000e-03 5.54793000e-03 -7.11168000e-03 -4.01296000e-03 -5.06910000e-04 2.16180000e-04 -6.19240000e-04 3.08470000e-04 1.49242100e-02 1.86386000e-03 4.43356000e-03 1.61168500e-02 3.54959000e-03 -5.61030000e-04 5.79100000e-05 9.80560000e-04 -8.22991000e-03 1.56229200e-02 1.94147000e-03 9.15840000e-04 2.99649000e-03 -3.79395000e-03 -1.08380000e-04 -2.43393000e-03 1.83069000e-03 5.24716000e-03 3.82200000e-05 -6.38057000e-03 -1.75402000e-03 -8.00660000e-04 -6.26050000e-04 5.12056000e-03 3.91363000e-03 -9.86272000e-03 1.43470000e-03 -6.83538000e-03 6.88990000e-04 -1.93097000e-03 -4.35993000e-03 -9.18860000e-04 4.00695000e-03 1.91574000e-03 4.40887000e-03 1.52970200e-02 9.85130000e-04 3.01551000e-03 -2.87998000e-03 1.31587000e-03 -2.50438000e-03 3.38347000e-03 -2.73030000e-03 3.71748000e-03 -3.40539000e-03 -1.24425100e-02 2.11021100e-02 1.55881300e-02 8.47684000e-03 7.41179000e-02 -4.67136000e-03 -2.82381000e-03 9.00160000e-03 1.74142000e-03 -2.55219000e-03 2.88296000e-03 2.52931000e-03 -5.21102000e-03 1.68301000e-03 8.05721000e-03 2.53249000e-03 1.83602000e-03 -1.26866000e-02 -2.74340000e-04 4.10367000e-03 3.10551000e-03 -4.51700000e-05 -7.38372000e-03 -3.65535000e-03 3.63270000e-03 -7.93023000e-03 -2.36801000e-03 -9.90650000e-04 -5.21840000e-04 -1.45431000e-03 2.38345000e-03 6.97329000e-03 1.48536000e-03 1.26208000e-02 -3.50011000e-03 -7.50520000e-03 2.80844000e-03 5.13527000e-03 2.14016000e-03 6.66470000e-04 -2.50844000e-03 3.40310000e-04 1.51569000e-03 8.11122000e-03 -2.25326000e-03 2.10676000e-03 4.52078000e-03 2.29683000e-03 1.58100000e-03 8.32256000e-03 7.64349000e-03
6.42990000e-04 -4.20190000e-04 -8.06320000e-04 3.65030000e-04 -1.54745000e-03 2.63085000e-03 1.37059000e-03 -7.25000000e-06 2.65190000e-04 -1.46800000e-04 7.63800000e-05 -5.55593000e-03 -3.90320000e-04 -1.00623000e-03 -5.91771000e-03 -1.02670000e-03 1.69320000e-04 -3.87310000e-04 -1.85970000e-04 3.13607000e-03 -5.29780000e-03 -4.98970000e-04 1.89300000e-05 -7.35640000e-04 9.00650000e-04 -2.71000000e-05 9.61710000e-04 -4.67810000e-04 -1.60113000e-03 3.10020000e-04 2.15054000e-03 4.74350000e-04 1.99640000e-04 2.66890000e-04 -9.56320000e-04 -1.42557000e-03 2.85512000e-03 -1.43830000e-04 2.29029000e-03 8.02590000e-04 4.01580000e-04 1.53717000e-03 4.32380000e-04 -6.62570000e-04 -6.27490000e-04 -2.41960000e-04 -5.50766000e-03 -3.46780000e-04 -1.10274000e-03 6.91740000e-04 3.98440000e-04 9.73920000e-04 -9.22960000e-04 2.82830000e-04 -8.68430000e-04 1.07971000e-03 4.45026000e-03 -7.45565000e-03 -5.52018000e-03 -2.74767000e-03 -4.67136000e-03 2.93652000e-02 1.30241000e-03 -3.71758000e-03 8.37100000e-05 3.95280000e-04 -6.17690000e-04 -6.29330000e-04 1.69742000e-03 -8.77610000e-04 -3.14176000e-03 -3.50230000e-04 -4.01670000e-04 4.65269000e-03 7.53790000e-04 -1.49292000e-03 -1.28671000e-03 4.93140000e-04 2.72621000e-03 1.03485000e-03 -1.00491000e-03 2.72637000e-03 6.40280000e-04 3.58800000e-04 2.86740000e-04 3.76100000e-04 -8.00890000e-04 -2.29238000e-03 -6.88020000e-04 -4.73771000e-03 5.30290000e-04 5.14100000e-04 -9.11710000e-04 -2.05344000e-03 -8.82440000e-04 -6.25260000e-04 1.24102000e-03 -2.17800000e-04 -4.80990000e-04 -3.70677000e-03 4.77330000e-04 -1.08830000e-03 -1.89090000e-03 -1.55175000e-03 -3.42560000e-04 -2.86478000e-03 -1.62377000e-03
-2.65080000e-04 7.62420000e-04 7.46010000e-04 -6.69320000e-04 -6.62380000e-04 2.92889000e-03 2.08584000e-03 1.32047000e-03 7.60390000e-04 3.70010000e-04 3.36740000e-04 -3.38336000e-03 2.32570000e-04 -1.22458000e-03 -3.41769000e-03 -1.17643000e-03 1.20426000e-03 3.61100000e-05 7.03670000e-04 3.11634000e-03 -3.13360000e-03 -8.19180000e-04 -3.94450000e-04 -7.86100000e-05 2.14846000e-03 -3.78300000e-05 1.16253000e-03 -7.68500000e-04 -4.39990000e-04 6.54760000e-04 1.62756000e-03 7.24080000e-04 5.34770000e-04 9.10920000e-04 -2.01466000e-03 -8.37200000e-04 3.99724000e-03 3.82080000e-04 2.82245000e-03 -5.94710000e-04 4.64440000e-04 1.88878000e-03 6.94350000e-04 -1.41989000e-03 7.41200000e-05 -1.61914000e-03 -4.04851000e-03 5.91150000e-04 -3.07930000e-04 9.77770000e-04 -5.58750000e-04 8.15220000e-04 -7.68750000e-04 9.95490000e-04 -6.04060000e-04 1.95076000e-03 4.38298000e-03 -5.36102000e-03 -5.64995000e-03 -1.40383000e-03 -2.82381000e-03 1.30241000e-03 2.18579200e-02 -2.30546000e-03 -6.83050000e-04 1.64151000e-03 9.07500000e-05 -8.35180000e-04 1.67575000e-03 -6.34300000e-04 -1.41949000e-03 -1.09556000e-03 -7.14090000e-04 4.48352000e-03 -3.76160000e-04 -3.79710000e-04 -9.32560000e-04 -8.14700000e-05 2.75720000e-03 9.48060000e-04 -1.26317000e-03 3.06290000e-03 1.11692000e-03 8.82150000e-04 7.70490000e-04 1.41832000e-03 1.72670000e-04 -2.70798000e-03 6.43020000e-04 -4.64013000e-03 1.26580000e-03 3.12599000e-03 -1.12568000e-03 -1.74729000e-03 -9.10790000e-04 -1.09030000e-04 -1.40540000e-04 -2.96800000e-04 -6.02150000e-04 -2.41659000e-03 8.30250000e-04 -7.25210000e-04 -1.42828000e-03 -5.87670000e-04 -7.88080000e-04 -2.87565000e-03 -3.15219000e-03
-5.81060000e-04 5.69480000e-04 -4.64890000e-04 7.54380000e-04 3.53652000e-03 -4.87490000e-03 -2.77638000e-03 -5.19810000e-04 3.52000000e-06 -5.67470000e-04 2.67020000e-04 9.94794000e-03 1.21999000e-03 2.95835000e-03 1.04905800e-02 2.50638000e-03 -5.72370000e-04 1.64200000e-04 3.90320000e-04 -5.79728000e-03 1.00178800e-02 1.21362000e-03 5.84570000e-04 1.89861000e-03 -2.66760000e-03 1.49660000e-04 -1.60957000e-03 1.15733000e-03 3.26792000e-03 -3.71100000e-05 -4.16724000e-03 -1.17305000e-03 -5.59780000e-04 -4.07330000e-04 3.47904000e-03 3.18443000e-03 -6.85429000e-03 8.24940000e-04 -4.59469000e-03 2.83670000e-04 -9.43090000e-04 -2.91074000e-03 -3.09880000e-04 2.93799000e-03 1.39800000e-03 2.57557000e-03 1.10022800e-02 6.60890000e-04 2.35653000e-03 -1.97352000e-03 6.85850000e-04 -1.71796000e-03 2.28169000e-03 -2.06778000e-03 2.74047000e-03 -2.44015000e-03 -8.67620000e-03 1.45556100e-02 1.11397000e-02 5.39919000e-03 9.00160000e-03 -3.71758000e-03 -2.30546000e-03 4.46230700e-02 1.25276000e-03 -1.99909000e-03 1.73900000e-03 1.75483000e-03 -3.48725000e-03 1.39617000e-03 5.63287000e-03 1.82175000e-03 1.37878000e-03 -8.89233000e-03 -1.64690000e-04 2.59948000e-03 2.34170000e-03 -1.82150000e-04 -4.95824000e-03 -2.35780000e-03 2.62404000e-03 -5.40793000e-03 -1.65209000e-03 -8.03070000e-04 -3.05220000e-04 -1.13824000e-03 1.54452000e-03 4.73219000e-03 7.50410000e-04 8.61669000e-03 -2.66932000e-03 -5.37767000e-03 1.71040000e-03 3.45067000e-03 1.48826000e-03 2.68510000e-04 -1.76937000e-03 5.83300000e-05 8.10660000e-04 5.93494000e-03 -1.84299000e-03 1.34024000e-03 3.01897000e-03 1.41361000e-03 1.15266000e-03 5.63713000e-03 5.59927000e-03
-1.54600000e-05 -2.24900000e-04 -1.25571000e-03 1.07409000e-03 9.62440000e-04 -1.32623000e-03 -1.02336000e-03 -6.16350000e-04 2.12100000e-05 -8.76200000e-04 1.44080000e-04 1.59941000e-03 3.43800000e-04 1.17133000e-03 1.39443000e-03 9.78110000e-04 -4.73340000e-04 -3.62570000e-04 -2.69850000e-04 -1.49421000e-03 1.72133000e-03 3.01670000e-04 5.19580000e-04 5.80170000e-04 -1.42710000e-03 2.34000000e-06 -8.82890000e-04 2.53940000e-04 5.19130000e-04 1.78430000e-04 -1.13647000e-03 -4.51600000e-04 -2.45070000e-04 -2.03500000e-04 1.85500000e-03 7.93100000e-04 -2.71086000e-03 2.88310000e-04 -1.56189000e-03 1.06158000e-03 -4.33970000e-04 -8.76650000e-04 3.49200000e-05 1.51440000e-03 3.42730000e-04 1.66589000e-03 2.47649000e-03 -1.12610000e-04 4.69150000e-04 -9.21080000e-04 1.03723000e-03 -4.64320000e-04 6.92740000e-04 -1.56963000e-03 1.01709000e-03 -1.10647000e-03 -2.51178000e-03 3.08269000e-03 2.84217000e-03 1.19093000e-03 1.74142000e-03 8.37100000e-05 -6.83050000e-04 1.25276000e-03 9.20868000e-03 -1.37544000e-03 3.95580000e-04 7.68120000e-04 -1.31924000e-03 2.03940000e-04 8.37840000e-04 1.13822000e-03 7.44320000e-04 -2.39059000e-03 7.99120000e-04 1.86980000e-04 4.77060000e-04 4.24980000e-04 -1.34636000e-03 -8.23800000e-04 1.05776000e-03 -1.66920000e-03 -8.04420000e-04 -4.95660000e-04 -1.25250000e-04 -7.09080000e-04 1.62130000e-04 1.30867000e-03 -6.27450000e-04 1.74748000e-03 -1.75343000e-03 -3.89246000e-03 1.45650000e-04 4.68270000e-04 1.91790000e-04 -7.12190000e-04 -2.84000000e-04 -3.23340000e-04 -1.25610000e-04 5.35640000e-04 -1.13583000e-03 -1.81730000e-04 2.14340000e-04 -6.84380000e-04 3.48810000e-04 1.03752000e-03 2.13936000e-03
-3.42870000e-04 7.70420000e-04 1.77953000e-03 -1.27598000e-03 -1.02504000e-03 2.56074000e-03 1.96170000e-03 1.35595000e-03 3.57030000e-04 9.62060000e-04 -5.82400000e-05 -2.87622000e-03 -7.64500000e-05 -1.20686000e-03 -2.58672000e-03 -1.28953000e-03 1.15221000e-03 4.80320000e-04 6.82010000e-04 2.62206000e-03 -2.60727000e-03 -8.72140000e-04 -6.04210000e-04 -4.43460000e-04 2.40545000e-03 1.04110000e-04 1.65235000e-03 -7.70490000e-04 -4.05750000e-04 1.74210000e-04 1.45122000e-03 9.64160000e-04 7.71020000e-04 7.10660000e-04 -2.67845000e-03 -1.04774000e-03 4.32442000e-03 3.32900000e-05 2.69405000e-03 -1.38865000e-03 7.39330000e-04 1.61350000e-03 3.21540000e-04 -1.94163000e-03 -1.88390000e-04 -2.35704000e-03 -3.77300000e-03 5.36820000e-04 -4.19900000e-04 1.30654000e-03 -1.18090000e-03 8.34490000e-04 -7.13740000e-04 1.87486000e-03 -1.09543000e-03 1.98560000e-03 4.00354000e-03 -4.88552000e-03 -5.24657000e-03 -1.56383000e-03 -2.55219000e-03 3.95280000e-04 1.64151000e-03 -1.99909000e-03 -1.37544000e-03 1.80573100e-02 -9.25200000e-05 -9.60490000e-04 2.15821000e-03 -3.49920000e-04 -1.08331000e-03 -1.56993000e-03 -9.71200000e-04 3.99364000e-03 -1.05093000e-03 -3.15600000e-04 -6.63810000e-04 -4.03320000e-04 2.36866000e-03 1.12995000e-03 -1.43112000e-03 2.84266000e-03 1.34241000e-03 6.88580000e-04 4.89310000e-04 1.40803000e-03 7.05400000e-05 -2.56858000e-03 1.69275000e-03 -3.75585000e-03 2.17707000e-03 5.15408000e-03 -7.51450000e-04 -1.13362000e-03 -7.33640000e-04 6.18190000e-04 -1.85320000e-04 7.43300000e-05 -2.71420000e-04 -1.31325000e-03 1.36197000e-03 -1.29400000e-04 -7.95250000e-04 4.52750000e-04 -8.83150000e-04 -2.31841000e-03 -3.30097000e-03
-3.95900000e-04 7.06950000e-04 -1.50620000e-04 2.58360000e-04 1.48820000e-03 -7.44520000e-04 -2.00520000e-04 4.34530000e-04 4.75340000e-04 -2.79120000e-04 3.40700000e-04 2.78151000e-03 8.10900000e-04 1.18182000e-03 3.04438000e-03 5.68990000e-04 4.39440000e-04 -9.61000000e-05 7.16040000e-04 -1.13401000e-03 3.19375000e-03 1.35830000e-04 1.57760000e-04 1.01896000e-03 -2.12790000e-04 -2.35500000e-05 -3.60480000e-04 1.40050000e-04 1.48851000e-03 4.30270000e-04 -1.24173000e-03 -2.07670000e-04 5.28400000e-05 2.98270000e-04 7.48830000e-04 9.28680000e-04 -1.32880000e-03 7.55130000e-04 -7.82640000e-04 8.89800000e-05 -3.64270000e-04 -4.50220000e-04 2.01490000e-04 7.63240000e-04 7.18940000e-04 7.09720000e-04 2.94997000e-03 6.43690000e-04 9.23680000e-04 -5.63970000e-04 2.53390000e-04 -3.73930000e-04 8.33840000e-04 -6.82410000e-04 1.08021000e-03 -1.40440000e-04 -1.92745000e-03 3.95659000e-03 2.00486000e-03 1.89673000e-03 2.88296000e-03 -6.17690000e-04 9.07500000e-05 1.73900000e-03 3.95580000e-04 -9.25200000e-05 3.79576900e-02 4.54540000e-04 -8.65960000e-04 1.58210000e-04 1.85418000e-03 3.62600000e-04 2.76640000e-04 -1.82773000e-03 -1.38270000e-04 1.03976000e-03 4.90400000e-04 5.18000000e-06 -1.01308000e-03 -7.90100000e-04 5.88120000e-04 -9.92820000e-04 -2.29700000e-04 1.28200000e-04 3.02550000e-04 1.97550000e-04 8.65110000e-04 7.54610000e-04 6.90800000e-04 1.37154000e-03 -8.36860000e-04 -1.51517000e-03 1.81460000e-04 5.85740000e-04 8.88800000e-05 -5.82100000e-05 -9.34610000e-04 -1.91040000e-04 5.66900000e-05 1.18747000e-03 -5.20340000e-04 1.15980000e-04 5.20800000e-04 1.06900000e-04 7.35800000e-05 9.62580000e-04 9.57870000e-04
-5.34500000e-05 -4.49800000e-05 -6.62080000e-04 7.91720000e-04 1.09679000e-03 -1.65418000e-03 -1.10126000e-03 -4.19420000e-04 -7.69300000e-05 -4.18870000e-04 -2.29000000e-05 2.59050000e-03 2.82700000e-04 1.20525000e-03 2.62982000e-03 1.07320000e-03 -4.02700000e-04 -6.85400000e-05 -1.76060000e-04 -1.95847000e-03 2.73194000e-03 4.45820000e-04 4.68460000e-04 5.85940000e-04 -1.26749000e-03 1.24950000e-04 -5.90930000e-04 4.30430000e-04 7.95730000e-04 -3.04800000e-05 -1.29798000e-03 -2.80590000e-04 -3.99300000e-05 -2.98050000e-04 1.63617000e-03 8.58450000e-04 -2.70002000e-03 1.83140000e-04 -1.72680000e-03 6.26820000e-04 -2.87780000e-04 -1.10738000e-03 -1.85830000e-04 1.35958000e-03 3.41380000e-04 1.40920000e-03 3.14864000e-03 -1.98900000e-05 5.36530000e-04 -7.24650000e-04 7.91780000e-04 -4.75550000e-04 9.14500000e-04 -1.00859000e-03 8.73900000e-04 -1.10010000e-03 -3.00854000e-03 4.19649000e-03 3.68005000e-03 1.56577000e-03 2.52931000e-03 -6.29330000e-04 -8.35180000e-04 1.75483000e-03 7.68120000e-04 -9.60490000e-04 4.54540000e-04 2.99350100e-02 -1.15887000e-03 4.24720000e-04 1.37830000e-03 9.09930000e-04 6.88320000e-04 -2.92877000e-03 3.46630000e-04 4.64830000e-04 7.42660000e-04 2.86210000e-04 -1.74849000e-03 -7.19480000e-04 1.05948000e-03 -1.93517000e-03 -6.93650000e-04 -6.03440000e-04 -2.96400000e-04 -6.36410000e-04 2.70210000e-04 1.69112000e-03 -1.16670000e-04 2.73029000e-03 -1.19692000e-03 -2.73403000e-03 5.51870000e-04 1.07854000e-03 4.28780000e-04 -1.48140000e-04 -3.67280000e-04 -1.21000000e-06 2.22860000e-04 1.54105000e-03 -7.83700000e-04 2.79960000e-04 8.36820000e-04 1.18290000e-04 4.04580000e-04 1.71360000e-03 2.21448000e-03
-1.68310000e-04 3.20980000e-04 1.61327000e-03 -1.06198000e-03 -2.13709000e-03 3.59813000e-03 2.43483000e-03 1.20951000e-03 1.26590000e-04 6.54890000e-04 -2.71720000e-04 -5.60844000e-03 -5.64540000e-04 -1.91021000e-03 -5.48782000e-03 -1.52798000e-03 8.22950000e-04 7.74240000e-04 1.79330000e-04 4.07036000e-03 -5.53461000e-03 -1.39480000e-03 -5.73210000e-04 -1.04187000e-03 2.72073000e-03 4.39600000e-04 2.48755000e-03 -1.27643000e-03 -1.52151000e-03 1.34800000e-04 3.15526000e-03 1.50733000e-03 1.03906000e-03 6.60130000e-04 -2.94260000e-03 -1.63664000e-03 5.63857000e-03 -3.63700000e-04 3.73225000e-03 -1.00058000e-03 1.58152000e-03 2.41313000e-03 5.64090000e-04 -2.02628000e-03 -3.62270000e-04 -2.38407000e-03 -6.25698000e-03 6.70800000e-05 -1.04283000e-03 1.87530000e-03 -9.28180000e-04 1.28190000e-03 -1.18181000e-03 1.69418000e-03 -1.67378000e-03 2.17257000e-03 6.21494000e-03 -8.50662000e-03 -7.17295000e-03 -3.29515000e-03 -5.21102000e-03 1.69742000e-03 1.67575000e-03 -3.48725000e-03 -1.31924000e-03 2.15821000e-03 -8.65960000e-04 -1.15887000e-03 1.51244300e-02 -3.55370000e-04 -2.98156000e-03 -1.63092000e-03 -9.39070000e-04 6.24828000e-03 -6.85390000e-04 -1.47606000e-03 -9.76760000e-04 -2.08720000e-04 3.70986000e-03 2.23331000e-03 -1.74890000e-03 4.09434000e-03 1.65673000e-03 3.92310000e-04 1.99030000e-04 1.27462000e-03 -7.75130000e-04 -3.69486000e-03 5.91870000e-04 -5.71452000e-03 2.11940000e-03 4.96105000e-03 -1.45499000e-03 -2.40030000e-03 -1.26029000e-03 -9.36200000e-05 5.87370000e-04 -3.48630000e-04 -9.15840000e-04 -3.10177000e-03 9.65580000e-04 -9.96950000e-04 -1.94955000e-03 -6.30490000e-04 -1.22212000e-03 -3.46966000e-03 -3.81777000e-03
-1.08850000e-04 6.50200000e-05 2.72620000e-04 1.32090000e-04 5.61050000e-04 -1.09704000e-03 -6.47950000e-04 -6.65000000e-05 -1.57410000e-04 4.99000000e-06 -1.74160000e-04 1.95273000e-03 1.40110000e-04 4.51920000e-04 2.12730000e-03 6.66760000e-04 -2.16970000e-04 3.91750000e-04 -5.78500000e-05 -1.17914000e-03 1.91035000e-03 1.53310000e-04 1.42350000e-04 2.78990000e-04 -5.10470000e-04 2.12750000e-04 2.82770000e-04 1.45500000e-04 5.98290000e-04 -8.26800000e-05 -7.39340000e-04 4.16500000e-05 1.34690000e-04 -9.79900000e-05 6.21480000e-04 5.41270000e-04 -1.27763000e-03 5.45400000e-05 -9.96680000e-04 -5.38300000e-05 1.22930000e-04 -5.77720000e-04 -1.09100000e-04 5.82810000e-04 3.25430000e-04 4.18620000e-04 2.17491000e-03 -6.96000000e-06 3.83160000e-04 -1.83500000e-04 1.78360000e-04 -3.07240000e-04 4.95880000e-04 -2.70080000e-04 3.97230000e-04 -6.13110000e-04 -1.75235000e-03 2.79775000e-03 2.49734000e-03 9.63600000e-04 1.68301000e-03 -8.77610000e-04 -6.34300000e-04 1.39617000e-03 2.03940000e-04 -3.49920000e-04 1.58210000e-04 4.24720000e-04 -3.55370000e-04 1.80618900e-02 9.55940000e-04 3.81790000e-04 4.51060000e-04 -1.83101000e-03 -8.60100000e-05 3.01690000e-04 7.28490000e-04 -2.32000000e-05 -1.01728000e-03 -1.91280000e-04 6.44700000e-04 -1.15846000e-03 -2.81660000e-04 -4.65740000e-04 -2.56870000e-04 -3.07450000e-04 1.10420000e-04 1.01642000e-03 2.50330000e-04 2.03834000e-03 -3.47530000e-04 -6.54360000e-04 3.47990000e-04 8.03180000e-04 4.09340000e-04 9.95100000e-05 -2.31330000e-04 4.30300000e-05 9.76000000e-05 1.42101000e-03 -3.88310000e-04 4.09310000e-04 7.06280000e-04 4.64070000e-04 2.06030000e-04 1.32120000e-03 1.20853000e-03
-6.35190000e-04 8.86880000e-04 -2.18110000e-04 4.65950000e-04 3.32029000e-03 -3.80337000e-03 -2.01489000e-03 1.53600000e-05 3.35260000e-04 -2.29150000e-04 3.62720000e-04 8.63641000e-03 1.27529000e-03 2.50605000e-03 9.22992000e-03 1.93003000e-03 -9.29000000e-06 3.32900000e-05 7.83200000e-04 -4.71640000e-03 8.99660000e-03 1.02072000e-03 4.39580000e-04 1.87005000e-03 -1.82318000e-03 -1.32200000e-05 -1.32727000e-03 9.99550000e-04 3.17795000e-03 1.33620000e-04 -3.77677000e-03 -9.93590000e-04 -3.85090000e-04 -1.69150000e-04 2.56476000e-03 2.57101000e-03 -5.30203000e-03 9.91400000e-04 -3.62480000e-03 1.71800000e-05 -1.04097000e-03 -2.36454000e-03 -3.13430000e-04 2.16807000e-03 1.25201000e-03 1.90052000e-03 9.09717000e-03 8.92620000e-04 2.04452000e-03 -1.59863000e-03 4.43230000e-04 -1.38366000e-03 1.93553000e-03 -1.38143000e-03 2.31107000e-03 -1.61476000e-03 -7.14564000e-03 1.23173100e-02 8.61212000e-03 4.96166000e-03 8.05721000e-03 -3.14176000e-03 -1.41949000e-03 5.63287000e-03 8.37840000e-04 -1.08331000e-03 1.85418000e-03 1.37830000e-03 -2.98156000e-03 9.55940000e-04 6.92436500e-02 1.26905000e-03 9.17690000e-04 -7.21428000e-03 -3.91610000e-04 2.59285000e-03 1.80744000e-03 -1.70960000e-04 -4.12764000e-03 -2.18697000e-03 1.98208000e-03 -4.31258000e-03 -1.17827000e-03 -3.14510000e-04 -9.33000000e-06 -5.16370000e-04 1.70011000e-03 3.72084000e-03 1.25813000e-03 6.79183000e-03 -1.86175000e-03 -3.69623000e-03 1.46868000e-03 2.97121000e-03 1.17392000e-03 5.26050000e-04 -1.85227000e-03 1.66560000e-04 8.29840000e-04 5.05090000e-03 -1.17156000e-03 1.26787000e-03 2.65128000e-03 1.48028000e-03 8.46050000e-04 4.46244000e-03 4.04053000e-03
1.51010000e-04 -3.29240000e-04 -1.24227000e-03 1.06473000e-03 1.13445000e-03 -2.03223000e-03 -1.50545000e-03 -8.26850000e-04 -1.05400000e-04 -6.51890000e-04 4.06000000e-06 2.55110000e-03 2.77180000e-04 1.19028000e-03 2.44152000e-03 1.22963000e-03 -6.96700000e-04 -2.51670000e-04 -3.86670000e-04 -2.26360000e-03 2.63969000e-03 6.02840000e-04 5.57590000e-04 5.91490000e-04 -1.82261000e-03 2.50700000e-05 -9.17140000e-04 5.57170000e-04 6.97160000e-04 -2.70600000e-05 -1.65368000e-03 -5.76430000e-04 -3.19600000e-04 -4.30470000e-04 2.11460000e-03 9.51830000e-04 -3.50249000e-03 1.83650000e-04 -2.20831000e-03 1.07123000e-03 -5.10040000e-04 -1.37647000e-03 -2.40310000e-04 1.75720000e-03 2.97470000e-04 1.83506000e-03 3.44605000e-03 -2.18750000e-04 4.98620000e-04 -1.02763000e-03 1.05634000e-03 -6.24280000e-04 8.24300000e-04 -1.44717000e-03 1.05963000e-03 -1.50002000e-03 -3.58269000e-03 4.43999000e-03 4.28569000e-03 1.59291000e-03 2.53249000e-03 -3.50230000e-04 -1.09556000e-03 1.82175000e-03 1.13822000e-03 -1.56993000e-03 3.62600000e-04 9.09930000e-04 -1.63092000e-03 3.81790000e-04 1.26905000e-03 4.17862400e-02 8.70520000e-04 -3.49330000e-03 7.09590000e-04 3.27940000e-04 7.22310000e-04 3.79350000e-04 -2.02924000e-03 -1.05436000e-03 1.30636000e-03 -2.41237000e-03 -9.89330000e-04 -7.07780000e-04 -3.37220000e-04 -9.57220000e-04 1.50150000e-04 2.05151000e-03 -4.76510000e-04 3.04109000e-03 -1.67738000e-03 -3.96060000e-03 6.00580000e-04 1.13791000e-03 5.71080000e-04 -3.81090000e-04 -1.81380000e-04 -4.35300000e-05 2.08900000e-04 1.48835000e-03 -1.05410000e-03 2.58720000e-04 8.24860000e-04 -1.78910000e-04 6.42870000e-04 1.93934000e-03 2.98136000e-03
8.94600000e-05 -6.73800000e-05 -5.04650000e-04 7.09230000e-04 8.77560000e-04 -1.31854000e-03 -9.54510000e-04 -3.30780000e-04 -2.00700000e-05 -3.45820000e-04 -7.58200000e-05 1.85323000e-03 2.79990000e-04 7.12710000e-04 1.81440000e-03 9.38130000e-04 -3.75410000e-04 5.17500000e-05 -1.88020000e-04 -1.47096000e-03 1.92319000e-03 3.66190000e-04 3.94650000e-04 4.92580000e-04 -1.10015000e-03 1.30130000e-04 -3.89450000e-04 3.52120000e-04 6.12850000e-04 7.89700000e-05 -1.05079000e-03 -1.68800000e-04 4.23700000e-05 -1.77050000e-04 1.31279000e-03 6.94280000e-04 -2.23396000e-03 2.11120000e-04 -1.42477000e-03 5.74240000e-04 -1.98370000e-04 -8.44620000e-04 -7.79700000e-05 1.14765000e-03 3.78060000e-04 1.08684000e-03 2.44976000e-03 -1.06220000e-04 4.24810000e-04 -5.34590000e-04 7.63430000e-04 -3.54810000e-04 6.80980000e-04 -8.31920000e-04 7.66960000e-04 -9.86500000e-04 -2.34279000e-03 3.12877000e-03 2.99937000e-03 1.22617000e-03 1.83602000e-03 -4.01670000e-04 -7.14090000e-04 1.37878000e-03 7.44320000e-04 -9.71200000e-04 2.76640000e-04 6.88320000e-04 -9.39070000e-04 4.51060000e-04 9.17690000e-04 8.70520000e-04 1.82535800e-02 -2.34345000e-03 3.84110000e-04 2.02850000e-04 6.63320000e-04 2.69220000e-04 -1.33940000e-03 -5.33030000e-04 9.79390000e-04 -1.60019000e-03 -6.41860000e-04 -5.74000000e-04 -2.35190000e-04 -5.62550000e-04 1.15400000e-04 1.39302000e-03 -3.04220000e-04 2.18675000e-03 -9.86070000e-04 -2.22904000e-03 4.15820000e-04 8.68590000e-04 4.74210000e-04 -1.59480000e-04 -1.23690000e-04 -3.95000000e-06 1.48860000e-04 1.23050000e-03 -6.53120000e-04 3.12540000e-04 6.61520000e-04 7.70900000e-05 4.52520000e-04 1.33730000e-03 1.77390000e-03
-4.08600000e-05 4.96750000e-04 2.10740000e-03 -2.05431000e-03 -4.62836000e-03 8.82353000e-03 5.75659000e-03 2.39465000e-03 8.29940000e-04 9.60970000e-04 2.41960000e-04 -1.37482000e-02 -9.76730000e-04 -4.60813000e-03 -1.42912700e-02 -4.07795000e-03 2.06309000e-03 3.21580000e-04 5.26150000e-04 1.00617900e-02 -1.39768000e-02 -2.59346000e-03 -1.28883000e-03 -2.16164000e-03 5.84130000e-03 8.22200000e-05 3.82781000e-03 -2.44647000e-03 -3.92307000e-03 8.15930000e-04 7.24909000e-03 2.31835000e-03 1.27673000e-03 1.70045000e-03 -6.30260000e-03 -3.74758000e-03 1.25945300e-02 -4.96290000e-04 8.76067000e-03 -1.55347000e-03 2.12924000e-03 5.80686000e-03 1.60766000e-03 -4.89987000e-03 -1.02741000e-03 -5.07145000e-03 -1.55478100e-02 2.46930000e-04 -2.37052000e-03 3.50943000e-03 -1.91719000e-03 2.78416000e-03 -3.25954000e-03 3.30492000e-03 -3.42704000e-03 5.17358000e-03 1.49687400e-02 -2.08781900e-02 -1.79566400e-02 -7.42888000e-03 -1.26866000e-02 4.65269000e-03 4.48352000e-03 -8.89233000e-03 -2.39059000e-03 3.99364000e-03 -1.82773000e-03 -2.92877000e-03 6.24828000e-03 -1.83101000e-03 -7.21428000e-03 -3.49330000e-03 -2.34345000e-03 3.45336100e-02 -5.97790000e-04 -2.97074000e-03 -3.24512000e-03 -2.48350000e-04 9.00171000e-03 4.23671000e-03 -4.32782000e-03 9.81109000e-03 3.32035000e-03 2.04108000e-03 1.32542000e-03 3.03673000e-03 -1.34343000e-03 -8.53741000e-03 -3.79820000e-04 -1.44972200e-02 4.20071000e-03 9.82959000e-03 -3.43549000e-03 -6.04599000e-03 -2.84364000e-03 -6.03950000e-04 1.49892000e-03 -7.88720000e-04 -1.91028000e-03 -8.82596000e-03 2.50794000e-03 -2.61412000e-03 -5.05622000e-03 -2.26958000e-03 -2.34663000e-03 -9.20584000e-03 -9.92404000e-03
3.78840000e-04 -5.50830000e-04 -1.18926000e-03 8.23420000e-04 2.20500000e-05 -4.40700000e-04 -5.54930000e-04 -7.39020000e-04 -9.16200000e-05 -5.20750000e-04 1.02850000e-04 -4.26260000e-04 -6.34900000e-05 4.81360000e-04 -7.95070000e-04 3.65460000e-04 -5.06500000e-04 -4.42730000e-04 -4.55850000e-04 -3.51120000e-04 -5.21030000e-04 3.16780000e-04 3.82860000e-04 -2.18100000e-05 -9.80650000e-04 -7.17700000e-05 -3.70250000e-04 2.75260000e-04 -3.77250000e-04 1.47500000e-05 -1.30660000e-04 -3.61310000e-04 -3.31470000e-04 -2.44080000e-04 1.10241000e-03 1.16510000e-04 -1.33093000e-03 -6.59000000e-05 -6.58630000e-04 9.59960000e-04 -3.05120000e-04 -3.23600000e-04 2.80800000e-05 7.92160000e-04 -1.68070000e-04 1.09285000e-03 1.36200000e-04 -3.53630000e-04 -9.18700000e-05 -4.98020000e-04 7.56240000e-04 -9.72000000e-05 1.22980000e-04 -8.59690000e-04 3.24460000e-04 -6.46620000e-04 -6.95570000e-04 3.18500000e-05 8.52770000e-04 -1.01700000e-04 -2.74340000e-04 7.53790000e-04 -3.76160000e-04 -1.64690000e-04 7.99120000e-04 -1.05093000e-03 -1.38270000e-04 3.46630000e-04 -6.85390000e-04 -8.60100000e-05 -3.91610000e-04 7.09590000e-04 3.84110000e-04 -5.97790000e-04 1.89386600e-02 -2.93610000e-04 -2.31000000e-05 4.36900000e-04 -3.23670000e-04 -3.04800000e-04 4.54230000e-04 -5.73020000e-04 -4.92750000e-04 -2.35250000e-04 -6.10200000e-05 -5.93830000e-04 -2.14800000e-04 6.15150000e-04 -9.16270000e-04 3.64940000e-04 -9.31260000e-04 -2.44821000e-03 1.02880000e-04 1.11100000e-05 1.23410000e-04 -4.87350000e-04 4.24320000e-04 -6.25400000e-05 1.05500000e-05 -4.71470000e-04 -4.60270000e-04 -2.15630000e-04 -1.51970000e-04 -6.79090000e-04 3.73900000e-04 1.83000000e-04 1.22404000e-03
-1.99610000e-04 5.59420000e-04 1.66300000e-05 -2.17700000e-05 1.67347000e-03 -1.57524000e-03 -6.89130000e-04 1.77650000e-04 3.47190000e-04 2.00650000e-04 3.91680000e-04 4.53864000e-03 7.05100000e-04 9.53550000e-04 4.92726000e-03 6.21970000e-04 2.39840000e-04 -5.99500000e-05 7.23410000e-04 -1.87754000e-03 4.65024000e-03 6.83850000e-04 8.66400000e-05 9.33160000e-04 -5.33340000e-04 -1.78580000e-04 -2.79150000e-04 6.55430000e-04 1.67099000e-03 1.42240000e-04 -1.57589000e-03 -6.45230000e-04 -4.09430000e-04 5.46600000e-05 9.56400000e-04 1.16868000e-03 -2.01260000e-03 5.78710000e-04 -1.40112000e-03 -1.78850000e-04 -7.31690000e-04 -8.76470000e-04 -1.06870000e-04 6.20960000e-04 5.34830000e-04 8.01110000e-04 4.16719000e-03 6.11390000e-04 1.02507000e-03 -6.66430000e-04 -5.08700000e-05 -6.09280000e-04 7.94900000e-04 -2.39950000e-04 1.06284000e-03 -4.00710000e-04 -2.84022000e-03 5.92794000e-03 3.70474000e-03 2.57726000e-03 4.10367000e-03 -1.49292000e-03 -3.79710000e-04 2.59948000e-03 1.86980000e-04 -3.15600000e-04 1.03976000e-03 4.64830000e-04 -1.47606000e-03 3.01690000e-04 2.59285000e-03 3.27940000e-04 2.02850000e-04 -2.97074000e-03 -2.93610000e-04 3.32125200e-02 6.99350000e-04 -1.73140000e-04 -1.66544000e-03 -1.01879000e-03 6.83620000e-04 -1.68364000e-03 -4.28940000e-04 3.81890000e-04 2.60900000e-04 3.15400000e-05 1.05639000e-03 1.72584000e-03 6.53790000e-04 3.18643000e-03 -4.52830000e-04 -9.52150000e-04 9.06510000e-04 1.44837000e-03 6.70740000e-04 5.72300000e-04 -7.79730000e-04 2.85970000e-04 6.77550000e-04 2.30748000e-03 -1.23160000e-04 7.65190000e-04 1.39256000e-03 1.01795000e-03 5.22290000e-04 2.18391000e-03 1.43225000e-03
-1.91890000e-04 1.31740000e-04 1.62000000e-05 3.64000000e-04 1.16170000e-03 -1.86481000e-03 -1.10024000e-03 -1.96610000e-04 -1.26900000e-04 -1.34510000e-04 -1.11580000e-04 3.42970000e-03 3.42510000e-04 1.05998000e-03 3.67835000e-03 1.08540000e-03 -3.03820000e-04 3.18600000e-04 -7.07000000e-06 -2.11112000e-03 3.47737000e-03 3.64460000e-04 2.94250000e-04 6.06730000e-04 -1.00444000e-03 2.07490000e-04 -8.21800000e-05 3.44500000e-04 1.11067000e-03 -7.83300000e-05 -1.49137000e-03 -1.74150000e-04 3.37000000e-05 -1.80480000e-04 1.27414000e-03 9.92710000e-04 -2.46018000e-03 2.03510000e-04 -1.77357000e-03 1.21130000e-04 -9.96300000e-05 -1.08202000e-03 -1.87960000e-04 1.12635000e-03 4.91360000e-04 9.80330000e-04 3.82358000e-03 8.98200000e-05 7.16250000e-04 -5.64310000e-04 3.97560000e-04 -5.75580000e-04 8.97900000e-04 -6.84090000e-04 8.44480000e-04 -1.01877000e-03 -3.19584000e-03 5.03003000e-03 4.17405000e-03 1.83169000e-03 3.10551000e-03 -1.28671000e-03 -9.32560000e-04 2.34170000e-03 4.77060000e-04 -6.63810000e-04 4.90400000e-04 7.42660000e-04 -9.76760000e-04 7.28490000e-04 1.80744000e-03 7.22310000e-04 6.63320000e-04 -3.24512000e-03 -2.31000000e-05 6.99350000e-04 2.47987900e-02 2.89500000e-05 -1.83562000e-03 -6.55080000e-04 1.07936000e-03 -2.04238000e-03 -5.70810000e-04 -6.14540000e-04 -3.00040000e-04 -5.08630000e-04 3.71330000e-04 1.77983000e-03 4.40420000e-04 3.32004000e-03 -8.49170000e-04 -1.76862000e-03 6.20620000e-04 1.33903000e-03 6.02190000e-04 9.55800000e-05 -5.32860000e-04 5.20000000e-05 2.30090000e-04 2.23680000e-03 -6.91540000e-04 5.78180000e-04 1.14841000e-03 5.97790000e-04 3.77910000e-04 2.16787000e-03 2.22794000e-03
2.06030000e-04 -1.65220000e-04 -5.85920000e-04 5.42400000e-04 1.34220000e-04 -1.42100000e-04 -2.24880000e-04 -2.29030000e-04 4.53500000e-05 -1.69770000e-04 1.14700000e-05 -2.53680000e-04 1.05600000e-05 2.73900000e-04 -3.98200000e-04 2.96150000e-04 -1.68770000e-04 -1.65890000e-04 -2.01600000e-04 -1.69870000e-04 -1.54130000e-04 1.81450000e-04 2.93720000e-04 8.08700000e-05 -4.46560000e-04 5.04800000e-05 -1.91600000e-05 1.85310000e-04 -1.09250000e-04 4.94700000e-05 -7.89000000e-05 -2.59900000e-05 3.63200000e-05 -1.15860000e-04 5.96150000e-04 3.08400000e-05 -6.40250000e-04 2.40800000e-05 -2.93760000e-04 5.47030000e-04 -7.92700000e-05 -1.80150000e-04 -1.58900000e-05 5.01010000e-04 -4.39400000e-05 6.23460000e-04 1.41000000e-06 -1.31110000e-04 -7.09600000e-05 -1.62310000e-04 5.62340000e-04 4.54700000e-05 2.00220000e-04 -3.43100000e-04 1.68820000e-04 -2.89580000e-04 -3.65360000e-04 1.87600000e-05 4.14070000e-04 6.11900000e-05 -4.51700000e-05 4.93140000e-04 -8.14700000e-05 -1.82150000e-04 4.24980000e-04 -4.03320000e-04 5.18000000e-06 2.86210000e-04 -2.08720000e-04 -2.32000000e-05 -1.70960000e-04 3.79350000e-04 2.69220000e-04 -2.48350000e-04 4.36900000e-04 -1.73140000e-04 2.89500000e-05 1.39345200e-02 -1.89800000e-04 -8.48100000e-05 2.81240000e-04 -2.70210000e-04 -2.00880000e-04 -2.14960000e-04 -7.46800000e-05 -2.29800000e-04 -7.04200000e-05 3.32320000e-04 -3.25190000e-04 1.62410000e-04 -3.69760000e-04 -1.12634000e-03 1.10940000e-04 1.06820000e-04 6.35400000e-05 -1.53340000e-04 1.94780000e-04 3.86800000e-05 7.12200000e-05 -1.43660000e-04 -1.55110000e-04 -5.56000000e-05 8.82000000e-06 -2.50520000e-04 1.85390000e-04 9.64300000e-05 6.55060000e-04
-6.51500000e-05 3.76060000e-04 1.30039000e-03 -1.28606000e-03 -2.65355000e-03 5.35946000e-03 3.52497000e-03 1.48906000e-03 5.95570000e-04 5.44900000e-04 2.56230000e-04 -7.95293000e-03 -4.55210000e-04 -2.70168000e-03 -8.26143000e-03 -2.39455000e-03 1.29011000e-03 2.33540000e-04 3.58730000e-04 6.15452000e-03 -8.14888000e-03 -1.59551000e-03 -7.96890000e-04 -1.21625000e-03 3.54529000e-03 6.26000000e-05 2.47348000e-03 -1.52120000e-03 -2.24086000e-03 6.04460000e-04 4.29790000e-03 1.36188000e-03 7.06430000e-04 1.18156000e-03 -3.72324000e-03 -1.99238000e-03 7.58666000e-03 -2.06600000e-04 5.35058000e-03 -9.55480000e-04 1.30993000e-03 3.62732000e-03 1.16236000e-03 -2.80683000e-03 -5.05770000e-04 -2.99497000e-03 -8.92824000e-03 2.82720000e-04 -1.20576000e-03 2.04998000e-03 -1.19281000e-03 1.63365000e-03 -1.92599000e-03 1.84339000e-03 -1.82612000e-03 3.17629000e-03 9.07507000e-03 -1.20971900e-02 -1.05362300e-02 -4.29926000e-03 -7.38372000e-03 2.72621000e-03 2.75720000e-03 -4.95824000e-03 -1.34636000e-03 2.36866000e-03 -1.01308000e-03 -1.74849000e-03 3.70986000e-03 -1.01728000e-03 -4.12764000e-03 -2.02924000e-03 -1.33940000e-03 9.00171000e-03 -3.23670000e-04 -1.66544000e-03 -1.83562000e-03 -1.89800000e-04 3.55027700e-02 2.52906000e-03 -2.49531000e-03 5.94140000e-03 1.96727000e-03 1.24055000e-03 9.30960000e-04 1.88338000e-03 -6.84360000e-04 -5.10864000e-03 -3.42600000e-05 -8.61104000e-03 2.37557000e-03 5.69900000e-03 -2.11777000e-03 -3.65434000e-03 -1.70158000e-03 -4.66060000e-04 8.13240000e-04 -5.74320000e-04 -1.23337000e-03 -5.22009000e-03 1.38233000e-03 -1.61707000e-03 -3.04902000e-03 -1.44114000e-03 -1.36218000e-03 -5.36966000e-03 -5.58606000e-03
2.51800000e-05 3.69300000e-05 1.02219000e-03 -6.17130000e-04 -1.54210000e-03 2.34856000e-03 1.54385000e-03 6.60440000e-04 -4.29800000e-05 4.30730000e-04 -1.82660000e-04 -3.71054000e-03 -5.13460000e-04 -1.37267000e-03 -3.76199000e-03 -9.92770000e-04 3.88510000e-04 4.71510000e-04 -7.02700000e-05 2.77162000e-03 -3.93388000e-03 -7.55120000e-04 -3.43150000e-04 -8.12580000e-04 1.67568000e-03 2.57200000e-04 1.66977000e-03 -6.93080000e-04 -1.28184000e-03 2.68300000e-05 2.52369000e-03 9.80430000e-04 6.15150000e-04 3.52440000e-04 -1.78011000e-03 -1.09655000e-03 3.66648000e-03 -4.14260000e-04 2.47700000e-03 -5.88300000e-04 9.99740000e-04 1.63956000e-03 3.87800000e-04 -1.38547000e-03 -3.10880000e-04 -1.42438000e-03 -4.32847000e-03 -8.15000000e-05 -7.61240000e-04 1.26705000e-03 -5.50790000e-04 8.63520000e-04 -7.61230000e-04 1.16117000e-03 -1.17248000e-03 1.32447000e-03 4.31101000e-03 -5.77831000e-03 -4.46653000e-03 -2.26999000e-03 -3.65535000e-03 1.03485000e-03 9.48060000e-04 -2.35780000e-03 -8.23800000e-04 1.12995000e-03 -7.90100000e-04 -7.19480000e-04 2.23331000e-03 -1.91280000e-04 -2.18697000e-03 -1.05436000e-03 -5.33030000e-04 4.23671000e-03 -3.04800000e-04 -1.01879000e-03 -6.55080000e-04 -8.48100000e-05 2.52906000e-03 1.16824000e-02 -1.16354000e-03 2.74570000e-03 9.96140000e-04 2.51560000e-04 7.17300000e-05 7.15120000e-04 -6.39010000e-04 -2.23944000e-03 -2.92980000e-04 -3.49201000e-03 1.42520000e-03 3.30754000e-03 -8.19650000e-04 -1.53891000e-03 -7.14050000e-04 -2.91900000e-05 6.70540000e-04 -1.37970000e-04 -4.78880000e-04 -2.15737000e-03 7.16110000e-04 -6.42620000e-04 -1.24472000e-03 -3.60300000e-04 -6.60730000e-04 -2.20245000e-03 -2.70588000e-03
-7.11200000e-05 -1.15120000e-04 -8.45810000e-04 9.49020000e-04 1.50875000e-03 -2.48310000e-03 -1.67404000e-03 -6.65980000e-04 -1.33180000e-04 -5.80630000e-04 -2.61900000e-05 3.79721000e-03 4.15060000e-04 1.52255000e-03 3.88025000e-03 1.46174000e-03 -6.20430000e-04 -2.89000000e-05 -2.40770000e-04 -2.80054000e-03 3.93128000e-03 5.97770000e-04 5.59120000e-04 7.93770000e-04 -1.83348000e-03 1.14220000e-04 -8.60030000e-04 5.50870000e-04 1.16743000e-03 -3.25600000e-05 -2.08288000e-03 -5.32540000e-04 -2.12520000e-04 -3.80730000e-04 2.20365000e-03 1.24104000e-03 -3.87360000e-03 2.83200000e-04 -2.56696000e-03 7.73470000e-04 -4.61030000e-04 -1.58211000e-03 -2.71670000e-04 1.84548000e-03 4.93860000e-04 1.83945000e-03 4.62999000e-03 -7.36800000e-05 7.88560000e-04 -1.06643000e-03 9.56430000e-04 -7.76540000e-04 1.08754000e-03 -1.44586000e-03 1.25039000e-03 -1.61564000e-03 -4.34128000e-03 6.05623000e-03 5.30960000e-03 2.23554000e-03 3.63270000e-03 -1.00491000e-03 -1.26317000e-03 2.62404000e-03 1.05776000e-03 -1.43112000e-03 5.88120000e-04 1.05948000e-03 -1.74890000e-03 6.44700000e-04 1.98208000e-03 1.30636000e-03 9.79390000e-04 -4.32782000e-03 4.54230000e-04 6.83620000e-04 1.07936000e-03 2.81240000e-04 -2.49531000e-03 -1.16354000e-03 1.15234800e-02 -2.86248000e-03 -1.04870000e-03 -8.05710000e-04 -3.84710000e-04 -9.33940000e-04 3.63610000e-04 2.41995000e-03 -5.09500000e-05 4.00105000e-03 -1.70170000e-03 -3.82115000e-03 7.38970000e-04 1.53051000e-03 7.02490000e-04 -2.41820000e-04 -5.18690000e-04 -3.82000000e-05 2.49950000e-04 2.26704000e-03 -1.15514000e-03 4.83000000e-04 1.20049000e-03 1.95330000e-04 6.12550000e-04 2.53742000e-03 3.23480000e-03
-1.71830000e-04 5.58930000e-04 1.61284000e-03 -1.51769000e-03 -2.84415000e-03 5.86801000e-03 3.94804000e-03 1.78596000e-03 6.57260000e-04 6.97280000e-04 2.76710000e-04 -8.55622000e-03 -4.84960000e-04 -2.91462000e-03 -8.86498000e-03 -2.69903000e-03 1.55599000e-03 2.52940000e-04 5.45740000e-04 6.57140000e-03 -8.72293000e-03 -1.73436000e-03 -9.06640000e-04 -1.27300000e-03 4.06253000e-03 8.19200000e-05 2.63475000e-03 -1.63071000e-03 -2.33024000e-03 6.15980000e-04 4.68256000e-03 1.54100000e-03 8.74570000e-04 1.26385000e-03 -4.28026000e-03 -2.22613000e-03 8.43470000e-03 -2.05890000e-04 5.88475000e-03 -1.25152000e-03 1.43947000e-03 3.89780000e-03 1.19019000e-03 -3.27184000e-03 -5.34410000e-04 -3.53598000e-03 -9.74023000e-03 3.93020000e-04 -1.30396000e-03 2.31614000e-03 -1.44777000e-03 1.81280000e-03 -2.04341000e-03 2.24347000e-03 -2.09484000e-03 3.58381000e-03 9.77611000e-03 -1.31289600e-02 -1.17054400e-02 -4.62815000e-03 -7.93023000e-03 2.72637000e-03 3.06290000e-03 -5.40793000e-03 -1.66920000e-03 2.84266000e-03 -9.92820000e-04 -1.93517000e-03 4.09434000e-03 -1.15846000e-03 -4.31258000e-03 -2.41237000e-03 -1.60019000e-03 9.81109000e-03 -5.73020000e-04 -1.68364000e-03 -2.04238000e-03 -2.70210000e-04 5.94140000e-03 2.74570000e-03 -2.86248000e-03 2.59884500e-02 2.27461000e-03 1.48226000e-03 1.02354000e-03 2.18495000e-03 -6.46560000e-04 -5.65243000e-03 4.07100000e-05 -9.47648000e-03 2.81392000e-03 6.75593000e-03 -2.27640000e-03 -3.90936000e-03 -1.87984000e-03 -3.13800000e-04 7.27970000e-04 -5.40930000e-04 -1.25863000e-03 -5.51134000e-03 1.67980000e-03 -1.67797000e-03 -3.23101000e-03 -1.35450000e-03 -1.58374000e-03 -5.99454000e-03 -6.61041000e-03
-1.78620000e-04 4.12900000e-04 9.66630000e-04 -7.48770000e-04 -8.86360000e-04 2.01426000e-03 1.47125000e-03 8.83370000e-04 2.68080000e-04 4.51540000e-04 3.37100000e-05 -2.54807000e-03 -1.08430000e-04 -1.01185000e-03 -2.49079000e-03 -9.25640000e-04 7.01170000e-04 3.04940000e-04 3.82870000e-04 2.17298000e-03 -2.52223000e-03 -6.62750000e-04 -3.76670000e-04 -3.65220000e-04 1.68062000e-03 1.24350000e-04 1.38006000e-03 -6.04570000e-04 -5.28520000e-04 1.85040000e-04 1.52675000e-03 6.91230000e-04 4.77960000e-04 4.85090000e-04 -1.75531000e-03 -7.45030000e-04 3.18324000e-03 -1.65100000e-05 2.09627000e-03 -7.06930000e-04 6.63400000e-04 1.34033000e-03 3.54020000e-04 -1.26469000e-03 -6.39100000e-05 -1.50442000e-03 -3.09367000e-03 2.75840000e-04 -3.77290000e-04 9.60480000e-04 -6.94590000e-04 6.40660000e-04 -6.55280000e-04 1.05510000e-03 -7.95470000e-04 1.39588000e-03 3.27810000e-03 -4.14365000e-03 -3.98332000e-03 -1.43528000e-03 -2.36801000e-03 6.40280000e-04 1.11692000e-03 -1.65209000e-03 -8.04420000e-04 1.34241000e-03 -2.29700000e-04 -6.93650000e-04 1.65673000e-03 -2.81660000e-04 -1.17827000e-03 -9.89330000e-04 -6.41860000e-04 3.32035000e-03 -4.92750000e-04 -4.28940000e-04 -5.70810000e-04 -2.00880000e-04 1.96727000e-03 9.96140000e-04 -1.04870000e-03 2.27461000e-03 1.43347900e-02 5.28110000e-04 3.36970000e-04 9.31120000e-04 -1.03730000e-04 -2.00025000e-03 4.78260000e-04 -3.13784000e-03 1.26998000e-03 3.04455000e-03 -7.44370000e-04 -1.20181000e-03 -6.26820000e-04 1.06820000e-04 7.88200000e-05 -1.20150000e-04 -3.99390000e-04 -1.49160000e-03 6.99570000e-04 -4.26420000e-04 -9.31510000e-04 -1.60130000e-04 -6.48050000e-04 -1.92449000e-03 -2.43708000e-03
7.66000000e-05 3.44760000e-04 3.63750000e-04 -5.87550000e-04 -2.65400000e-04 1.29673000e-03 9.91480000e-04 5.47860000e-04 4.76910000e-04 4.10160000e-04 4.22870000e-04 -9.94080000e-04 1.90200000e-04 -8.44060000e-04 -1.03949000e-03 -8.84150000e-04 6.39150000e-04 -1.73910000e-04 6.65100000e-04 1.41990000e-03 -1.06452000e-03 -6.84900000e-05 -3.35240000e-04 -5.70800000e-05 1.06731000e-03 -2.56240000e-04 5.93570000e-04 -4.53400000e-05 -8.27200000e-05 2.92090000e-04 8.75830000e-04 -9.74300000e-05 -1.90100000e-04 4.14320000e-04 -1.12102000e-03 -2.88190000e-04 1.89452000e-03 2.59310000e-04 1.35638000e-03 -4.85340000e-04 -2.12440000e-04 9.04840000e-04 3.27410000e-04 -1.08558000e-03 -5.53400000e-05 -9.77100000e-04 -1.63383000e-03 3.83930000e-04 -1.20100000e-05 4.03650000e-04 -6.37430000e-04 3.49070000e-04 -5.66910000e-04 8.27220000e-04 -2.32250000e-04 1.09562000e-03 2.11584000e-03 -2.03211000e-03 -2.64130000e-03 -4.51670000e-04 -9.90650000e-04 3.58800000e-04 8.82150000e-04 -8.03070000e-04 -4.95660000e-04 6.88580000e-04 1.28200000e-04 -6.03440000e-04 3.92310000e-04 -4.65740000e-04 -3.14510000e-04 -7.07780000e-04 -5.74000000e-04 2.04108000e-03 -2.35250000e-04 3.81890000e-04 -6.14540000e-04 -2.14960000e-04 1.24055000e-03 2.51560000e-04 -8.05710000e-04 1.48226000e-03 5.28110000e-04 2.58103800e-02 6.79260000e-04 7.68100000e-04 3.38030000e-04 -1.12576000e-03 1.31000000e-05 -1.95322000e-03 8.77110000e-04 2.01437000e-03 -2.20500000e-04 -6.50270000e-04 -1.94520000e-04 3.43620000e-04 8.73000000e-05 1.05880000e-04 1.23140000e-04 -9.44960000e-04 7.91250000e-04 -6.87500000e-05 -4.16730000e-04 1.12620000e-04 -8.56200000e-05 -1.22263000e-03 -2.02011000e-03
-6.77200000e-05 4.17000000e-04 1.77190000e-04 -2.68860000e-04 7.51900000e-05 1.01730000e-03 7.79580000e-04 5.33160000e-04 5.06620000e-04 1.17660000e-04 3.78450000e-04 -6.80710000e-04 3.68210000e-04 -3.37910000e-04 -7.84920000e-04 -4.48350000e-04 5.87220000e-04 -1.33450000e-04 5.26730000e-04 1.00377000e-03 -6.49110000e-04 -1.71310000e-04 -1.55930000e-04 1.94320000e-04 7.49630000e-04 -1.17880000e-04 3.70790000e-04 -1.47020000e-04 1.33270000e-04 4.13450000e-04 3.88410000e-04 1.24800000e-05 7.85000000e-06 4.82080000e-04 -6.65330000e-04 4.73200000e-05 1.21697000e-03 3.93580000e-04 9.68990000e-04 -2.58610000e-04 -9.79100000e-05 7.05950000e-04 4.56940000e-04 -4.78330000e-04 1.75400000e-04 -6.35080000e-04 -7.90180000e-04 4.33300000e-04 2.28200000e-04 1.77900000e-04 -2.85010000e-04 2.36140000e-04 -2.21180000e-04 2.81310000e-04 1.58470000e-04 8.02010000e-04 1.31664000e-03 -1.15235000e-03 -1.80856000e-03 -1.17250000e-04 -5.21840000e-04 2.86740000e-04 7.70490000e-04 -3.05220000e-04 -1.25250000e-04 4.89310000e-04 3.02550000e-04 -2.96400000e-04 1.99030000e-04 -2.56870000e-04 -9.33000000e-06 -3.37220000e-04 -2.35190000e-04 1.32542000e-03 -6.10200000e-05 2.60900000e-04 -3.00040000e-04 -7.46800000e-05 9.30960000e-04 7.17300000e-05 -3.84710000e-04 1.02354000e-03 3.36970000e-04 6.79260000e-04 1.85210800e-02 6.24000000e-04 3.94420000e-04 -8.70260000e-04 2.42970000e-04 -1.59295000e-03 3.00790000e-04 9.11230000e-04 -3.51020000e-04 -5.20470000e-04 -2.21550000e-04 2.59500000e-05 -2.07180000e-04 -1.07490000e-04 -1.11290000e-04 -6.18570000e-04 3.24940000e-04 -1.61300000e-04 -3.95740000e-04 -1.49970000e-04 -9.77100000e-05 -9.96260000e-04 -1.13227000e-03
-3.74910000e-04 8.29150000e-04 1.00268000e-03 -7.63900000e-04 -2.62290000e-04 2.05454000e-03 1.59526000e-03 1.27270000e-03 6.41230000e-04 4.55790000e-04 2.74160000e-04 -1.70915000e-03 3.04360000e-04 -1.02513000e-03 -1.61849000e-03 -8.37520000e-04 1.06914000e-03 2.41530000e-04 7.35800000e-04 2.11317000e-03 -1.55632000e-03 -6.40110000e-04 -3.87920000e-04 9.63100000e-05 1.82428000e-03 2.87300000e-05 1.08089000e-03 -5.85880000e-04 1.50200000e-05 5.16810000e-04 1.07840000e-03 5.89190000e-04 4.73890000e-04 7.63530000e-04 -1.69483000e-03 -4.00920000e-04 3.07155000e-03 3.94030000e-04 2.07989000e-03 -8.13170000e-04 4.21100000e-04 1.39246000e-03 5.32970000e-04 -1.18308000e-03 2.69040000e-04 -1.52927000e-03 -2.33715000e-03 6.32670000e-04 -1.00500000e-05 8.25340000e-04 -6.61280000e-04 5.40870000e-04 -5.26210000e-04 9.48880000e-04 -3.70240000e-04 1.56298000e-03 3.00305000e-03 -3.08846000e-03 -3.80423000e-03 -6.39130000e-04 -1.45431000e-03 3.76100000e-04 1.41832000e-03 -1.13824000e-03 -7.09080000e-04 1.40803000e-03 1.97550000e-04 -6.36410000e-04 1.27462000e-03 -3.07450000e-04 -5.16370000e-04 -9.57220000e-04 -5.62550000e-04 3.03673000e-03 -5.93830000e-04 3.15400000e-05 -5.08630000e-04 -2.29800000e-04 1.88338000e-03 7.15120000e-04 -9.33940000e-04 2.18495000e-03 9.31120000e-04 7.68100000e-04 6.24000000e-04 2.02025400e-02 3.42550000e-04 -1.95724000e-03 7.11010000e-04 -3.08984000e-03 1.12960000e-03 2.95104000e-03 -7.98630000e-04 -1.09707000e-03 -5.87540000e-04 1.17580000e-04 -3.80750000e-04 -2.01710000e-04 -4.18330000e-04 -1.20446000e-03 6.60020000e-04 -3.63210000e-04 -8.12730000e-04 -8.44600000e-05 -6.24220000e-04 -1.89888000e-03 -2.57567000e-03
-3.44070000e-04 6.69180000e-04 6.47600000e-05 -1.35300000e-05 1.22564000e-03 -4.75090000e-04 -5.03900000e-05 4.95740000e-04 5.13700000e-04 1.71700000e-05 3.81210000e-04 2.41725000e-03 6.91230000e-04 6.05820000e-04 2.59098000e-03 3.51310000e-04 4.82590000e-04 -6.65400000e-05 6.50700000e-04 -7.91800000e-04 2.63527000e-03 1.75670000e-04 6.17300000e-05 8.10460000e-04 7.20000000e-06 -7.17400000e-05 -1.66940000e-04 1.85970000e-04 1.19498000e-03 3.58900000e-04 -9.69460000e-04 -2.49520000e-04 -5.08900000e-05 2.95230000e-04 3.85680000e-04 8.35900000e-04 -7.92980000e-04 6.27820000e-04 -4.60240000e-04 -1.66860000e-04 -3.80740000e-04 -2.59030000e-04 1.80980000e-04 3.89740000e-04 5.67420000e-04 2.30110000e-04 2.35621000e-03 6.42520000e-04 8.01070000e-04 -3.62670000e-04 1.41000000e-06 -2.78170000e-04 5.09330000e-04 -2.56500000e-04 8.34970000e-04 8.79000000e-05 -1.36137000e-03 3.24304000e-03 1.46693000e-03 1.64465000e-03 2.38345000e-03 -8.00890000e-04 1.72670000e-04 1.54452000e-03 1.62130000e-04 7.05400000e-05 8.65110000e-04 2.70210000e-04 -7.75130000e-04 1.10420000e-04 1.70011000e-03 1.50150000e-04 1.15400000e-04 -1.34343000e-03 -2.14800000e-04 1.05639000e-03 3.71330000e-04 -7.04200000e-05 -6.84360000e-04 -6.39010000e-04 3.63610000e-04 -6.46560000e-04 -1.03730000e-04 3.38030000e-04 3.94420000e-04 3.42550000e-04 2.88294700e-02 5.60250000e-04 6.51200000e-04 1.03970000e-03 -3.76920000e-04 -5.35480000e-04 1.98670000e-04 5.80640000e-04 1.65210000e-04 1.68830000e-04 -8.53280000e-04 -4.45100000e-05 1.53000000e-04 1.16636000e-03 -1.73350000e-04 2.47460000e-04 5.67480000e-04 3.60860000e-04 1.16440000e-04 7.34100000e-04 4.58430000e-04
1.65099000e-03 -7.00410000e-04 -1.57068000e-03 1.27951000e-03 2.36714000e-03 -5.20607000e-03 -3.52475000e-03 -1.79184000e-03 -5.75850000e-04 7.97200000e-04 -1.22300000e-04 7.76491000e-03 2.32240000e-04 2.05398000e-03 8.03529000e-03 2.27995000e-03 -1.43565000e-03 -3.14000000e-04 -5.45300000e-04 -5.75059000e-03 7.57428000e-03 3.04580000e-03 8.76670000e-04 9.32860000e-04 -3.58295000e-03 -4.03800000e-05 -1.00017000e-03 2.92460000e-03 1.81797000e-03 -7.38520000e-04 -3.97858000e-03 -1.54717000e-03 -1.04497000e-03 -1.22756000e-03 3.67693000e-03 2.01037000e-03 -7.28567000e-03 -6.43500000e-05 -5.08062000e-03 1.19730000e-03 -1.26931000e-03 -3.50621000e-03 -1.16165000e-03 2.83932000e-03 6.75800000e-05 3.21800000e-03 8.45484000e-03 -4.09000000e-04 1.01044000e-03 -1.85234000e-03 1.24019000e-03 -1.40668000e-03 1.76527000e-03 -4.63240000e-04 1.65342000e-03 -3.12007000e-03 -8.39669000e-03 1.16110600e-02 1.18150800e-02 4.00162000e-03 6.97329000e-03 -2.29238000e-03 -2.70798000e-03 4.73219000e-03 1.30867000e-03 -2.56858000e-03 7.54610000e-04 1.69112000e-03 -3.69486000e-03 1.01642000e-03 3.72084000e-03 2.05151000e-03 1.39302000e-03 -8.53741000e-03 6.15150000e-04 1.72584000e-03 1.77983000e-03 3.32320000e-04 -5.10864000e-03 -2.23944000e-03 2.41995000e-03 -5.65243000e-03 -2.00025000e-03 -1.12576000e-03 -8.70260000e-04 -1.95724000e-03 5.60250000e-04 7.02658900e-02 -1.17550000e-04 1.01003700e-02 -9.67910000e-04 -4.35350000e-03 3.63465000e-03 4.88520000e-03 3.01753000e-03 1.79403000e-03 1.01598000e-03 2.01140000e-03 2.69896000e-03 6.14725000e-03 1.29250000e-04 2.84844000e-03 4.29081000e-03 2.70257000e-03 2.81506000e-03 6.96190000e-03 7.48783000e-03
-3.15190000e-04 8.05210000e-04 1.15716000e-03 -7.44480000e-04 5.08450000e-04 1.04130000e-04 4.09510000e-04 8.06350000e-04 3.51780000e-04 9.23290000e-04 -6.13600000e-05 1.29150000e-03 4.11640000e-04 1.20050000e-04 1.94922000e-03 -1.63500000e-05 7.44010000e-04 5.40800000e-04 6.87450000e-04 -1.63730000e-04 1.88393000e-03 -1.78020000e-04 -2.27040000e-04 3.35380000e-04 8.60960000e-04 1.73010000e-04 1.08524000e-03 -1.27450000e-04 1.04264000e-03 6.99700000e-05 -1.21161000e-03 3.31290000e-04 4.25640000e-04 4.43880000e-04 -9.21650000e-04 1.74580000e-04 8.53330000e-04 3.85760000e-04 2.24560000e-04 -9.34230000e-04 2.64480000e-04 3.03700000e-05 -3.95400000e-05 -2.79440000e-04 1.40910000e-04 -8.48610000e-04 1.09849000e-03 6.67560000e-04 4.08470000e-04 2.82150000e-04 -6.05570000e-04 2.49400000e-05 2.25530000e-04 9.46310000e-04 8.74900000e-05 6.65340000e-04 -3.97390000e-04 1.53178000e-03 -7.00000000e-07 7.92910000e-04 1.48536000e-03 -6.88020000e-04 6.43020000e-04 7.50410000e-04 -6.27450000e-04 1.69275000e-03 6.90800000e-04 -1.16670000e-04 5.91870000e-04 2.50330000e-04 1.25813000e-03 -4.76510000e-04 -3.04220000e-04 -3.79820000e-04 -9.16270000e-04 6.53790000e-04 4.40420000e-04 -3.25190000e-04 -3.42600000e-05 -2.92980000e-04 -5.09500000e-05 4.07100000e-05 4.78260000e-04 1.31000000e-05 2.42970000e-04 7.11010000e-04 6.51200000e-04 -1.17550000e-04 3.81891700e-02 4.05150000e-04 1.05421000e-03 2.26588000e-03 2.30140000e-04 7.30600000e-04 1.32500000e-04 8.23620000e-04 -7.75960000e-04 3.13910000e-04 2.22680000e-04 1.52433000e-03 6.41240000e-04 7.39550000e-04 7.87030000e-04 1.14182000e-03 -1.58340000e-04 6.84630000e-04 6.89610000e-04
1.63017000e-03 -8.27610000e-04 -1.54756000e-03 1.59542000e-03 4.08032000e-03 -8.89851000e-03 -5.75540000e-03 -2.57067000e-03 -1.14197000e-03 8.71510000e-04 -4.15000000e-04 1.42912700e-02 4.44330000e-04 3.78355000e-03 1.51896600e-02 3.80930000e-03 -2.25804000e-03 2.14400000e-05 -6.34340000e-04 -9.70815000e-03 1.40685700e-02 4.09677000e-03 1.18045000e-03 1.59511000e-03 -5.54593000e-03 1.90000000e-06 -1.71679000e-03 3.90648000e-03 3.55051000e-03 -1.29721000e-03 -6.52012000e-03 -2.26442000e-03 -1.48329000e-03 -1.91494000e-03 5.81303000e-03 3.39729000e-03 -1.17707400e-02 -8.43000000e-05 -8.43581000e-03 1.26419000e-03 -1.87932000e-03 -5.71218000e-03 -1.95288000e-03 4.34535000e-03 4.35020000e-04 5.05555000e-03 1.49749900e-02 -4.88630000e-04 1.93982000e-03 -2.91472000e-03 1.54196000e-03 -2.53730000e-03 3.11770000e-03 -1.15707000e-03 2.70861000e-03 -5.04621000e-03 -1.40196500e-02 2.06809800e-02 1.95618500e-02 7.12216000e-03 1.26208000e-02 -4.73771000e-03 -4.64013000e-03 8.61669000e-03 1.74748000e-03 -3.75585000e-03 1.37154000e-03 2.73029000e-03 -5.71452000e-03 2.03834000e-03 6.79183000e-03 3.04109000e-03 2.18675000e-03 -1.44972200e-02 3.64940000e-04 3.18643000e-03 3.32004000e-03 1.62410000e-04 -8.61104000e-03 -3.49201000e-03 4.00105000e-03 -9.47648000e-03 -3.13784000e-03 -1.95322000e-03 -1.59295000e-03 -3.08984000e-03 1.03970000e-03 1.01003700e-02 4.05150000e-04 7.68975900e-02 -1.96473000e-03 -6.75940000e-03 5.34539000e-03 7.60125000e-03 4.32013000e-03 2.48828000e-03 5.90720000e-04 2.54445000e-03 3.70014000e-03 1.02051300e-02 -5.50320000e-04 4.20648000e-03 6.71511000e-03 4.32338000e-03 3.71935000e-03 1.14048800e-02 1.12855500e-02
1.57221000e-03 1.39170000e-04 1.71561000e-03 -1.49494000e-03 -1.73665000e-03 2.33611000e-03 1.57584000e-03 8.23790000e-04 1.57030000e-04 2.73936000e-03 -2.35150000e-04 -3.45930000e-03 -6.39210000e-04 -2.80598000e-03 -3.29773000e-03 -1.59287000e-03 7.37180000e-04 5.21090000e-04 3.28910000e-04 2.67467000e-03 -3.73628000e-03 8.27130000e-04 -6.33520000e-04 -1.08424000e-03 2.17466000e-03 4.73400000e-05 2.80947000e-03 9.16930000e-04 -1.18125000e-03 -3.09500000e-04 1.78149000e-03 6.69980000e-04 3.62260000e-04 2.67440000e-04 -3.11824000e-03 -1.48192000e-03 4.49985000e-03 -5.23150000e-04 2.61907000e-03 -1.37456000e-03 6.29140000e-04 1.36020000e-03 -1.61510000e-04 -2.41549000e-03 -9.30980000e-04 -2.71654000e-03 -4.86620000e-03 2.69000000e-06 -1.08395000e-03 1.74397000e-03 -1.32246000e-03 1.10632000e-03 -1.24903000e-03 3.96431000e-03 -1.81963000e-03 1.78650000e-03 4.37012000e-03 -6.08372000e-03 -4.02015000e-03 -2.20634000e-03 -3.50011000e-03 5.30290000e-04 1.26580000e-03 -2.66932000e-03 -1.75343000e-03 2.17707000e-03 -8.36860000e-04 -1.19692000e-03 2.11940000e-03 -3.47530000e-04 -1.86175000e-03 -1.67738000e-03 -9.86070000e-04 4.20071000e-03 -9.31260000e-04 -4.52830000e-04 -8.49170000e-04 -3.69760000e-04 2.37557000e-03 1.42520000e-03 -1.70170000e-03 2.81392000e-03 1.26998000e-03 8.77110000e-04 3.00790000e-04 1.12960000e-03 -3.76920000e-04 -9.67910000e-04 1.05421000e-03 -1.96473000e-03 2.72903800e-02 7.75254000e-03 1.10987000e-03 4.95110000e-04 9.66250000e-04 2.52083000e-03 2.07385000e-03 1.95051000e-03 1.61132000e-03 6.81500000e-05 3.41747000e-03 1.65670000e-03 8.53990000e-04 2.39195000e-03 8.14260000e-04 -7.15130000e-04 -2.12687000e-03
1.36738000e-03 9.60590000e-04 4.56496000e-03 -3.59253000e-03 -3.49968000e-03 5.72401000e-03 4.11055000e-03 2.60460000e-03 5.05320000e-04 4.34569000e-03 -4.39510000e-04 -7.39592000e-03 -9.61590000e-04 -5.50703000e-03 -7.02500000e-03 -3.55685000e-03 2.08545000e-03 1.39438000e-03 1.11453000e-03 6.41221000e-03 -7.87623000e-03 -1.74070000e-04 -1.65914000e-03 -1.99274000e-03 5.46229000e-03 9.49900000e-05 5.04693000e-03 5.00100000e-05 -2.11682000e-03 -2.14480000e-04 4.36852000e-03 1.91178000e-03 1.25317000e-03 1.11021000e-03 -7.15942000e-03 -3.02539000e-03 1.06386400e-02 -7.23100000e-04 6.34298000e-03 -3.60502000e-03 1.57061000e-03 3.65144000e-03 1.96790000e-04 -5.62271000e-03 -1.22416000e-03 -6.52345000e-03 -1.04131800e-02 4.59330000e-04 -1.83514000e-03 3.81247000e-03 -3.26196000e-03 2.25510000e-03 -2.61041000e-03 7.05534000e-03 -3.62909000e-03 4.39595000e-03 1.02497500e-02 -1.32555200e-02 -1.10238300e-02 -4.57869000e-03 -7.50520000e-03 5.14100000e-04 3.12599000e-03 -5.37767000e-03 -3.89246000e-03 5.15408000e-03 -1.51517000e-03 -2.73403000e-03 4.96105000e-03 -6.54360000e-04 -3.69623000e-03 -3.96060000e-03 -2.22904000e-03 9.82959000e-03 -2.44821000e-03 -9.52150000e-04 -1.76862000e-03 -1.12634000e-03 5.69900000e-03 3.30754000e-03 -3.82115000e-03 6.75593000e-03 3.04455000e-03 2.01437000e-03 9.11230000e-04 2.95104000e-03 -5.35480000e-04 -4.35350000e-03 2.26588000e-03 -6.75940000e-03 7.75254000e-03 7.00957100e-02 2.70860000e-04 -9.16470000e-04 3.50860000e-04 3.69516000e-03 2.30994000e-03 2.27840000e-03 1.47109000e-03 -1.49949000e-03 5.62987000e-03 1.82610000e-03 -1.91600000e-05 3.49595000e-03 -9.50100000e-05 -3.84513000e-03 -7.60599000e-03
1.83996000e-03 -4.42340000e-04 -4.92590000e-04 2.81760000e-04 7.33550000e-04 -2.17864000e-03 -1.50586000e-03 -8.74430000e-04 -2.47490000e-04 1.59119000e-03 -1.31650000e-04 3.24292000e-03 -1.11350000e-04 3.00150000e-04 3.46623000e-03 6.74220000e-04 -6.21110000e-04 -1.50350000e-04 -1.42140000e-04 -2.40145000e-03 3.08769000e-03 2.32007000e-03 3.11280000e-04 9.95100000e-05 -1.41484000e-03 -7.34300000e-05 3.90510000e-04 2.30694000e-03 6.09150000e-04 -5.96560000e-04 -1.55425000e-03 -7.66920000e-04 -5.66640000e-04 -7.02350000e-04 1.07968000e-03 6.10540000e-04 -2.73805000e-03 -2.41010000e-04 -1.99488000e-03 3.41680000e-04 -6.79500000e-04 -1.61135000e-03 -7.67050000e-04 8.02940000e-04 -4.29970000e-04 1.07448000e-03 3.10826000e-03 -2.47650000e-04 1.64520000e-04 -4.97480000e-04 2.93140000e-04 -3.44650000e-04 6.66400000e-04 1.33797000e-03 3.37580000e-04 -1.15900000e-03 -3.26033000e-03 4.59433000e-03 5.56830000e-03 1.49148000e-03 2.80844000e-03 -9.11710000e-04 -1.12568000e-03 1.71040000e-03 1.45650000e-04 -7.51450000e-04 1.81460000e-04 5.51870000e-04 -1.45499000e-03 3.47990000e-04 1.46868000e-03 6.00580000e-04 4.15820000e-04 -3.43549000e-03 1.02880000e-04 9.06510000e-04 6.20620000e-04 1.10940000e-04 -2.11777000e-03 -8.19650000e-04 7.38970000e-04 -2.27640000e-03 -7.44370000e-04 -2.20500000e-04 -3.51020000e-04 -7.98630000e-04 1.98670000e-04 3.63465000e-03 2.30140000e-04 5.34539000e-03 1.10987000e-03 2.70860000e-04 4.79928300e-02 3.20994000e-03 2.21872000e-03 2.21140000e-03 1.66602000e-03 2.10431000e-03 2.50325000e-03 3.68247000e-03 1.57115000e-03 2.40517000e-03 2.99334000e-03 2.60730000e-03 2.19086000e-03 3.98818000e-03 3.82432000e-03
1.57929000e-03 -2.58210000e-04 -4.98600000e-04 4.98870000e-04 1.69026000e-03 -3.58450000e-03 -2.35943000e-03 -9.55540000e-04 -2.58050000e-04 1.50887000e-03 -1.90460000e-04 5.70502000e-03 1.99210000e-04 9.46720000e-04 6.02862000e-03 1.46597000e-03 -7.51390000e-04 7.50000000e-07 -1.51400000e-04 -4.12461000e-03 5.63479000e-03 2.55513000e-03 5.12410000e-04 6.28870000e-04 -2.16994000e-03 1.54900000e-05 -9.63200000e-05 2.53719000e-03 1.45997000e-03 -6.27610000e-04 -3.02585000e-03 -9.70140000e-04 -5.44890000e-04 -8.35150000e-04 1.92517000e-03 1.36523000e-03 -4.65237000e-03 -2.35400000e-05 -3.41027000e-03 3.36850000e-04 -8.81030000e-04 -2.53562000e-03 -9.71050000e-04 1.60375000e-03 -6.50200000e-05 1.53820000e-03 5.95475000e-03 -1.26380000e-04 7.04550000e-04 -9.74760000e-04 5.46660000e-04 -8.11710000e-04 1.25329000e-03 8.49920000e-04 9.80150000e-04 -1.90717000e-03 -5.92957000e-03 8.30828000e-03 8.47076000e-03 2.95982000e-03 5.13527000e-03 -2.05344000e-03 -1.74729000e-03 3.45067000e-03 4.68270000e-04 -1.13362000e-03 5.85740000e-04 1.07854000e-03 -2.40030000e-03 8.03180000e-04 2.97121000e-03 1.13791000e-03 8.68590000e-04 -6.04599000e-03 1.11100000e-05 1.44837000e-03 1.33903000e-03 1.06820000e-04 -3.65434000e-03 -1.53891000e-03 1.53051000e-03 -3.90936000e-03 -1.20181000e-03 -6.50270000e-04 -5.20470000e-04 -1.09707000e-03 5.80640000e-04 4.88520000e-03 7.30600000e-04 7.60125000e-03 4.95110000e-04 -9.16470000e-04 3.20994000e-03 3.01603800e-02 2.65618000e-03 2.31533000e-03 9.95430000e-04 2.13689000e-03 2.63551000e-03 5.49902000e-03 1.10361000e-03 2.90254000e-03 3.88593000e-03 3.11027000e-03 2.42057000e-03 5.37424000e-03 5.29035000e-03
1.54192000e-03 -3.14410000e-04 -3.09780000e-04 1.85660000e-04 6.25960000e-04 -1.77387000e-03 -1.25545000e-03 -6.29580000e-04 -1.43850000e-04 1.37408000e-03 -6.55000000e-05 2.50956000e-03 -8.38000000e-06 -1.54240000e-04 2.57751000e-03 6.12920000e-04 -4.54540000e-04 -2.26000000e-06 -1.47080000e-04 -1.90873000e-03 2.24517000e-03 1.93342000e-03 2.36790000e-04 1.64980000e-04 -1.10282000e-03 -1.15900000e-05 5.50470000e-04 1.89299000e-03 5.00570000e-04 -3.53830000e-04 -1.48540000e-03 -6.22290000e-04 -4.56180000e-04 -4.43500000e-04 7.80740000e-04 5.89260000e-04 -2.18152000e-03 -1.07410000e-04 -1.67298000e-03 2.04210000e-04 -4.52040000e-04 -1.25108000e-03 -5.29720000e-04 6.53650000e-04 -2.03760000e-04 6.04370000e-04 2.57635000e-03 -2.16210000e-04 1.90660000e-04 -3.65220000e-04 2.31870000e-04 -3.28240000e-04 3.49280000e-04 1.12558000e-03 3.23190000e-04 -9.85820000e-04 -2.72713000e-03 3.55869000e-03 4.56673000e-03 1.23914000e-03 2.14016000e-03 -8.82440000e-04 -9.10790000e-04 1.48826000e-03 1.91790000e-04 -7.33640000e-04 8.88800000e-05 4.28780000e-04 -1.26029000e-03 4.09340000e-04 1.17392000e-03 5.71080000e-04 4.74210000e-04 -2.84364000e-03 1.23410000e-04 6.70740000e-04 6.02190000e-04 6.35400000e-05 -1.70158000e-03 -7.14050000e-04 7.02490000e-04 -1.87984000e-03 -6.26820000e-04 -1.94520000e-04 -2.21550000e-04 -5.87540000e-04 1.65210000e-04 3.01753000e-03 1.32500000e-04 4.32013000e-03 9.66250000e-04 3.50860000e-04 2.21872000e-03 2.65618000e-03 4.56211500e-02 1.77247000e-03 1.36706000e-03 1.74036000e-03 1.94248000e-03 3.14360000e-03 1.28217000e-03 2.10959000e-03 2.47317000e-03 2.15676000e-03 1.88624000e-03 3.21068000e-03 3.13402000e-03
1.68094000e-03 -7.87000000e-06 5.96080000e-04 -5.50100000e-04 -5.13700000e-05 -3.94030000e-04 -2.27820000e-04 -2.09000000e-06 5.10600000e-05 2.19136000e-03 -1.44050000e-04 9.23570000e-04 -1.70120000e-04 -9.73830000e-04 1.15188000e-03 -2.36960000e-04 8.79500000e-05 1.60970000e-04 2.45630000e-04 -5.35400000e-04 7.90520000e-04 1.73477000e-03 -1.05520000e-04 -2.33940000e-04 1.31010000e-04 -2.82300000e-05 1.31106000e-03 1.79815000e-03 1.47260000e-04 -4.30850000e-04 -4.11840000e-04 -1.89650000e-04 -1.16160000e-04 -2.51140000e-04 -7.61590000e-04 -8.88200000e-05 1.56340000e-04 -2.10770000e-04 -1.58270000e-04 -5.47740000e-04 -2.25470000e-04 -4.76060000e-04 -5.05920000e-04 -5.58880000e-04 -5.21450000e-04 -7.02830000e-04 2.99210000e-04 1.49700000e-05 -1.75400000e-04 4.23130000e-04 -4.66460000e-04 2.44840000e-04 -1.25500000e-05 2.57097000e-03 -4.08200000e-04 1.27060000e-04 -4.48360000e-04 8.22500000e-04 1.81402000e-03 2.87190000e-04 6.66470000e-04 -6.25260000e-04 -1.09030000e-04 2.68510000e-04 -7.12190000e-04 6.18190000e-04 -5.82100000e-05 -1.48140000e-04 -9.36200000e-05 9.95100000e-05 5.26050000e-04 -3.81090000e-04 -1.59480000e-04 -6.03950000e-04 -4.87350000e-04 5.72300000e-04 9.55800000e-05 -1.53340000e-04 -4.66060000e-04 -2.91900000e-05 -2.41820000e-04 -3.13800000e-04 1.06820000e-04 3.43620000e-04 2.59500000e-05 1.17580000e-04 1.68830000e-04 1.79403000e-03 8.23620000e-04 2.48828000e-03 2.52083000e-03 3.69516000e-03 2.21140000e-03 2.31533000e-03 1.77247000e-03 3.88037300e-02 1.63061000e-03 2.10695000e-03 2.25740000e-03 2.66444000e-03 2.44742000e-03 2.28616000e-03 2.34051000e-03 2.79809000e-03 1.67605000e-03 2.12652000e-03 1.25140000e-03
2.21612000e-03 -9.23320000e-04 -3.55030000e-04 -1.40100000e-05 -1.37112000e-03 4.90500000e-04 -4.28200000e-05 -7.71200000e-04 -3.63920000e-04 1.55784000e-03 -2.43180000e-04 -2.46029000e-03 -7.92440000e-04 -1.27195000e-03 -2.66346000e-03 -5.86600000e-04 -5.40830000e-04 -1.36500000e-04 -5.28230000e-04 8.85170000e-04 -2.89229000e-03 1.54065000e-03 5.92000000e-06 -1.00179000e-03 -1.02950000e-04 -7.84000000e-06 1.48808000e-03 1.53881000e-03 -1.35166000e-03 -5.03990000e-04 1.07630000e-03 -9.62700000e-05 -3.08210000e-04 -4.27880000e-04 -5.98320000e-04 -8.70920000e-04 8.63920000e-04 -7.31930000e-04 5.59230000e-04 3.64230000e-04 1.21900000e-04 1.46810000e-04 -3.13680000e-04 -5.20880000e-04 -1.01522000e-03 -1.81960000e-04 -2.67755000e-03 -7.26320000e-04 -9.83960000e-04 5.33690000e-04 -6.44000000e-06 5.60980000e-04 -6.29210000e-04 2.00921000e-03 -9.68540000e-04 -1.52000000e-06 1.65650000e-03 -3.47340000e-03 -1.73660000e-04 -1.77245000e-03 -2.50844000e-03 1.24102000e-03 -1.40540000e-04 -1.76937000e-03 -2.84000000e-04 -1.85320000e-04 -9.34610000e-04 -3.67280000e-04 5.87370000e-04 -2.31330000e-04 -1.85227000e-03 -1.81380000e-04 -1.23690000e-04 1.49892000e-03 4.24320000e-04 -7.79730000e-04 -5.32860000e-04 1.94780000e-04 8.13240000e-04 6.70540000e-04 -5.18690000e-04 7.27970000e-04 7.88200000e-05 8.73000000e-05 -2.07180000e-04 -3.80750000e-04 -8.53280000e-04 1.01598000e-03 -7.75960000e-04 5.90720000e-04 2.07385000e-03 2.30994000e-03 1.66602000e-03 9.95430000e-04 1.36706000e-03 1.63061000e-03 7.11276000e-02 1.79531000e-03 1.75817000e-03 1.83960000e-04 2.09075000e-03 1.37221000e-03 1.02466000e-03 1.33410000e-03 1.60395000e-03 9.10220000e-04 1.13820000e-03
1.75590000e-03 -3.16170000e-04 -1.51900000e-05 -1.49990000e-04 -1.39790000e-04 -5.82700000e-04 -4.82860000e-04 -3.94150000e-04 -9.85400000e-05 1.80166000e-03 -1.15760000e-04 5.25390000e-04 -2.85680000e-04 -7.26990000e-04 5.79360000e-04 -5.79800000e-05 -2.00920000e-04 -4.98900000e-05 -9.08300000e-05 -6.48880000e-04 3.13390000e-04 1.79524000e-03 6.12200000e-05 -2.83790000e-04 -3.11700000e-04 -3.21100000e-05 1.03189000e-03 1.80544000e-03 -1.37530000e-04 -4.39400000e-04 -4.71860000e-04 -3.20330000e-04 -2.76610000e-04 -3.72960000e-04 -2.09280000e-04 -9.31500000e-05 -4.11500000e-04 -3.20810000e-04 -4.59730000e-04 -5.19900000e-05 -2.41570000e-04 -6.06340000e-04 -5.03570000e-04 -1.46140000e-04 -6.02220000e-04 -1.36330000e-04 2.00900000e-04 -2.16210000e-04 -2.87110000e-04 1.70660000e-04 -1.02930000e-04 1.48480000e-04 -3.44200000e-05 1.99502000e-03 -3.42710000e-04 -2.33400000e-04 -7.08160000e-04 5.68740000e-04 2.11057000e-03 8.69600000e-05 3.40310000e-04 -2.17800000e-04 -2.96800000e-04 5.83300000e-05 -3.23340000e-04 7.43300000e-05 -1.91040000e-04 -1.21000000e-06 -3.48630000e-04 4.30300000e-05 1.66560000e-04 -4.35300000e-05 -3.95000000e-06 -7.88720000e-04 -6.25400000e-05 2.85970000e-04 5.20000000e-05 3.86800000e-05 -5.74320000e-04 -1.37970000e-04 -3.82000000e-05 -5.40930000e-04 -1.20150000e-04 1.05880000e-04 -1.07490000e-04 -2.01710000e-04 -4.45100000e-05 2.01140000e-03 3.13910000e-04 2.54445000e-03 1.95051000e-03 2.27840000e-03 2.10431000e-03 2.13689000e-03 1.74036000e-03 2.10695000e-03 1.79531000e-03 1.13652970e-01 2.06887000e-03 2.18734000e-03 2.05477000e-03 2.01035000e-03 2.07984000e-03 2.24308000e-03 1.70951000e-03 2.13476000e-03 1.87222000e-03
1.85440000e-03 -3.28630000e-04 -2.70910000e-04 4.18100000e-05 3.16370000e-04 -1.21840000e-03 -8.81810000e-04 -5.75530000e-04 -7.04900000e-05 1.73924000e-03 -6.71900000e-05 1.78528000e-03 -1.40160000e-04 -2.53980000e-04 1.90472000e-03 1.92670000e-04 -3.29550000e-04 -1.84770000e-04 7.12000000e-06 -1.39459000e-03 1.64095000e-03 2.08165000e-03 1.62000000e-04 -7.75200000e-05 -7.88630000e-04 -1.14350000e-04 6.15630000e-04 2.10393000e-03 2.57840000e-04 -4.76440000e-04 -8.79670000e-04 -5.83290000e-04 -4.39410000e-04 -5.08830000e-04 3.35060000e-04 2.45870000e-04 -1.44044000e-03 -2.15410000e-04 -1.06887000e-03 1.25880000e-04 -5.80550000e-04 -1.03413000e-03 -5.90870000e-04 2.17660000e-04 -5.29790000e-04 3.94920000e-04 1.50118000e-03 -1.63920000e-04 -3.93300000e-05 -1.46140000e-04 5.83300000e-05 -2.69800000e-05 3.23960000e-04 1.77399000e-03 3.12700000e-05 -5.59360000e-04 -1.76716000e-03 2.43186000e-03 3.53630000e-03 7.83590000e-04 1.51569000e-03 -4.80990000e-04 -6.02150000e-04 8.10660000e-04 -1.25610000e-04 -2.71420000e-04 5.66900000e-05 2.22860000e-04 -9.15840000e-04 9.76000000e-05 8.29840000e-04 2.08900000e-04 1.48860000e-04 -1.91028000e-03 1.05500000e-05 6.77550000e-04 2.30090000e-04 7.12200000e-05 -1.23337000e-03 -4.78880000e-04 2.49950000e-04 -1.25863000e-03 -3.99390000e-04 1.23140000e-04 -1.11290000e-04 -4.18330000e-04 1.53000000e-04 2.69896000e-03 2.22680000e-04 3.70014000e-03 1.61132000e-03 1.47109000e-03 2.50325000e-03 2.63551000e-03 1.94248000e-03 2.25740000e-03 1.75817000e-03 2.06887000e-03 5.15370500e-02 2.85665000e-03 1.94965000e-03 2.21576000e-03 2.52294000e-03 2.46972000e-03 1.99210000e-03 2.89033000e-03 2.56328000e-03
1.24714000e-03 2.09470000e-04 -4.32800000e-05 3.74580000e-04 2.82981000e-03 -5.02299000e-03 -3.07023000e-03 -7.38530000e-04 -1.85160000e-04 1.63806000e-03 -2.14380000e-04 9.00530000e-03 6.57580000e-04 1.59764000e-03 9.62034000e-03 2.22922000e-03 -7.12840000e-04 3.95890000e-04 1.36360000e-04 -5.99677000e-03 9.00437000e-03 2.76144000e-03 5.60520000e-04 1.29595000e-03 -2.61625000e-03 2.14450000e-04 -3.13350000e-04 2.77884000e-03 2.70901000e-03 -6.46670000e-04 -4.44918000e-03 -1.09147000e-03 -4.42010000e-04 -8.63520000e-04 2.49295000e-03 2.44671000e-03 -6.34640000e-03 3.08300000e-04 -4.68480000e-03 -5.52700000e-05 -8.91200000e-04 -3.39880000e-03 -1.06372000e-03 2.33463000e-03 5.42130000e-04 1.68200000e-03 9.63293000e-03 2.50870000e-04 1.54856000e-03 -1.33519000e-03 4.53100000e-04 -1.30670000e-03 1.95449000e-03 6.03110000e-04 1.77565000e-03 -2.45542000e-03 -8.70668000e-03 1.30376500e-02 1.18901900e-02 4.71720000e-03 8.11122000e-03 -3.70677000e-03 -2.41659000e-03 5.93494000e-03 5.35640000e-04 -1.31325000e-03 1.18747000e-03 1.54105000e-03 -3.10177000e-03 1.42101000e-03 5.05090000e-03 1.48835000e-03 1.23050000e-03 -8.82596000e-03 -4.71470000e-04 2.30748000e-03 2.23680000e-03 -1.43660000e-04 -5.22009000e-03 -2.15737000e-03 2.26704000e-03 -5.51134000e-03 -1.49160000e-03 -9.44960000e-04 -6.18570000e-04 -1.20446000e-03 1.16636000e-03 6.14725000e-03 1.52433000e-03 1.02051300e-02 6.81500000e-05 -1.49949000e-03 3.68247000e-03 5.49902000e-03 3.14360000e-03 2.66444000e-03 1.83960000e-04 2.18734000e-03 2.85665000e-03 1.89988730e-01 6.62750000e-04 3.52603000e-03 5.03101000e-03 3.94084000e-03 2.67757000e-03 7.14601000e-03 6.82669000e-03
1.81008000e-03 -5.89100000e-05 8.21450000e-04 -9.07640000e-04 -1.12072000e-03 1.41445000e-03 8.79810000e-04 3.04150000e-04 1.74400000e-04 2.38898000e-03 -7.13600000e-05 -2.25824000e-03 -4.42290000e-04 -1.99413000e-03 -2.25802000e-03 -1.14447000e-03 4.39350000e-04 5.36400000e-05 2.40410000e-04 1.56334000e-03 -2.50127000e-03 1.33618000e-03 -3.54080000e-04 -7.69140000e-04 1.19754000e-03 -1.13010000e-04 1.89619000e-03 1.40186000e-03 -8.55320000e-04 -2.89640000e-04 9.77020000e-04 1.53640000e-04 1.23200000e-05 5.62800000e-05 -2.02343000e-03 -9.81900000e-04 2.65200000e-03 -3.80410000e-04 1.57021000e-03 -7.55810000e-04 5.57700000e-05 6.65350000e-04 -2.23880000e-04 -1.61625000e-03 -8.92400000e-04 -1.71617000e-03 -3.23587000e-03 -4.22400000e-05 -7.77930000e-04 1.05869000e-03 -8.18810000e-04 8.09250000e-04 -7.97920000e-04 3.26866000e-03 -1.18596000e-03 1.11552000e-03 2.63628000e-03 -3.91486000e-03 -2.06273000e-03 -1.39910000e-03 -2.25326000e-03 4.77330000e-04 8.30250000e-04 -1.84299000e-03 -1.13583000e-03 1.36197000e-03 -5.20340000e-04 -7.83700000e-04 9.65580000e-04 -3.88310000e-04 -1.17156000e-03 -1.05410000e-03 -6.53120000e-04 2.50794000e-03 -4.60270000e-04 -1.23160000e-04 -6.91540000e-04 -1.55110000e-04 1.38233000e-03 7.16110000e-04 -1.15514000e-03 1.67980000e-03 6.99570000e-04 7.91250000e-04 3.24940000e-04 6.60020000e-04 -1.73350000e-04 1.29250000e-04 6.41240000e-04 -5.50320000e-04 3.41747000e-03 5.62987000e-03 1.57115000e-03 1.10361000e-03 1.28217000e-03 2.44742000e-03 2.09075000e-03 2.05477000e-03 1.94965000e-03 6.62750000e-04 2.14935000e-02 1.82408000e-03 1.29570000e-03 2.31565000e-03 1.29942000e-03 1.39500000e-04 -7.72400000e-04
1.60353000e-03 -1.47160000e-04 1.92320000e-04 -1.39530000e-04 5.41180000e-04 -1.58690000e-03 -1.07282000e-03 -3.88150000e-04 -8.20500000e-05 1.82180000e-03 -1.79700000e-04 2.44004000e-03 -1.05500000e-05 -4.03550000e-04 2.64056000e-03 4.11470000e-04 -2.52080000e-04 1.43950000e-04 5.17100000e-05 -1.79169000e-03 2.29511000e-03 1.94220000e-03 1.11440000e-04 8.59700000e-05 -7.62140000e-04 -2.15600000e-05 8.02760000e-04 1.95044000e-03 5.93080000e-04 -4.29810000e-04 -1.50752000e-03 -4.86870000e-04 -2.84360000e-04 -4.04770000e-04 2.12580000e-04 3.98230000e-04 -1.64304000e-03 -1.00380000e-04 -1.43093000e-03 -1.96790000e-04 -4.55080000e-04 -1.20275000e-03 -6.38520000e-04 2.28200000e-04 -2.99550000e-04 5.45000000e-05 2.26345000e-03 -1.16460000e-04 1.24930000e-04 -1.13410000e-04 -5.61900000e-05 -1.87090000e-04 3.22330000e-04 1.79449000e-03 1.08480000e-04 -7.01120000e-04 -2.46690000e-03 3.27529000e-03 4.08002000e-03 1.19506000e-03 2.10676000e-03 -1.08830000e-03 -7.25210000e-04 1.34024000e-03 -1.81730000e-04 -1.29400000e-04 1.15980000e-04 2.79960000e-04 -9.96950000e-04 4.09310000e-04 1.26787000e-03 2.58720000e-04 3.12540000e-04 -2.61412000e-03 -2.15630000e-04 7.65190000e-04 5.78180000e-04 -5.56000000e-05 -1.61707000e-03 -6.42620000e-04 4.83000000e-04 -1.67797000e-03 -4.26420000e-04 -6.87500000e-05 -1.61300000e-04 -3.63210000e-04 2.47460000e-04 2.84844000e-03 7.39550000e-04 4.20648000e-03 1.65670000e-03 1.82610000e-03 2.40517000e-03 2.90254000e-03 2.10959000e-03 2.28616000e-03 1.37221000e-03 2.01035000e-03 2.21576000e-03 3.52603000e-03 1.82408000e-03 5.09660000e-02 2.76105000e-03 2.75197000e-03 1.90556000e-03 3.14884000e-03 2.64202000e-03
1.52145000e-03 -1.35990000e-04 -2.08020000e-04 2.37270000e-04 1.44836000e-03 -3.00352000e-03 -1.92719000e-03 -6.93820000e-04 -1.65240000e-04 1.63695000e-03 -1.50900000e-04 5.09073000e-03 1.81220000e-04 5.73660000e-04 5.45278000e-03 1.15369000e-03 -5.44550000e-04 8.60200000e-05 2.70000000e-07 -3.45234000e-03 5.00409000e-03 2.36371000e-03 3.63590000e-04 5.26440000e-04 -1.66812000e-03 1.26400000e-05 2.28220000e-04 2.35777000e-03 1.33187000e-03 -5.58310000e-04 -2.53776000e-03 -8.22900000e-04 -4.74900000e-04 -6.80900000e-04 1.40817000e-03 1.16474000e-03 -3.70831000e-03 -1.15500000e-05 -2.78158000e-03 1.03060000e-04 -7.40260000e-04 -2.11267000e-03 -8.54720000e-04 1.18557000e-03 -7.22900000e-05 1.10907000e-03 5.10431000e-03 -3.50400000e-05 6.13320000e-04 -7.03000000e-04 2.99040000e-04 -6.47670000e-04 1.02414000e-03 1.15313000e-03 7.68110000e-04 -1.48258000e-03 -4.90519000e-03 7.19920000e-03 7.32440000e-03 2.59690000e-03 4.52078000e-03 -1.89090000e-03 -1.42828000e-03 3.01897000e-03 2.14340000e-04 -7.95250000e-04 5.20800000e-04 8.36820000e-04 -1.94955000e-03 7.06280000e-04 2.65128000e-03 8.24860000e-04 6.61520000e-04 -5.05622000e-03 -1.51970000e-04 1.39256000e-03 1.14841000e-03 8.82000000e-06 -3.04902000e-03 -1.24472000e-03 1.20049000e-03 -3.23101000e-03 -9.31510000e-04 -4.16730000e-04 -3.95740000e-04 -8.12730000e-04 5.67480000e-04 4.29081000e-03 7.87030000e-04 6.71511000e-03 8.53990000e-04 -1.91600000e-05 2.99334000e-03 3.88593000e-03 2.47317000e-03 2.34051000e-03 1.02466000e-03 2.07984000e-03 2.52294000e-03 5.03101000e-03 1.29570000e-03 2.76105000e-03 5.14742800e-02 3.06055000e-03 2.24227000e-03 4.84065000e-03 4.50549000e-03
1.54488000e-03 6.92000000e-05 8.61970000e-04 -5.86960000e-04 4.68970000e-04 -1.39354000e-03 -8.00530000e-04 -6.07800000e-05 -6.92800000e-05 2.29859000e-03 -2.50560000e-04 2.82869000e-03 -6.94000000e-05 -6.71890000e-04 3.23693000e-03 1.96260000e-04 -3.78100000e-05 3.76430000e-04 2.58350000e-04 -1.61383000e-03 2.66299000e-03 1.94190000e-03 -6.07700000e-05 -1.04600000e-05 -2.76600000e-04 1.08000000e-06 1.21657000e-03 1.98723000e-03 6.91090000e-04 -5.51890000e-04 -1.21719000e-03 -3.11130000e-04 -1.46490000e-04 -3.69830000e-04 -3.44430000e-04 2.95060000e-04 -9.22770000e-04 -1.79490000e-04 -1.05970000e-03 -7.27670000e-04 -3.55310000e-04 -1.05069000e-03 -7.27140000e-04 -2.74510000e-04 -3.53040000e-04 -4.60430000e-04 2.12648000e-03 4.27000000e-05 1.13640000e-04 2.19610000e-04 -4.73810000e-04 -7.32300000e-05 3.22210000e-04 2.50306000e-03 -1.52770000e-04 -3.42700000e-04 -2.01440000e-03 3.35735000e-03 3.83921000e-03 1.25522000e-03 2.29683000e-03 -1.55175000e-03 -5.87670000e-04 1.41361000e-03 -6.84380000e-04 4.52750000e-04 1.06900000e-04 1.18290000e-04 -6.30490000e-04 4.64070000e-04 1.48028000e-03 -1.78910000e-04 7.70900000e-05 -2.26958000e-03 -6.79090000e-04 1.01795000e-03 5.97790000e-04 -2.50520000e-04 -1.44114000e-03 -3.60300000e-04 1.95330000e-04 -1.35450000e-03 -1.60130000e-04 1.12620000e-04 -1.49970000e-04 -8.44600000e-05 3.60860000e-04 2.70257000e-03 1.14182000e-03 4.32338000e-03 2.39195000e-03 3.49595000e-03 2.60730000e-03 3.11027000e-03 2.15676000e-03 2.79809000e-03 1.33410000e-03 2.24308000e-03 2.46972000e-03 3.94084000e-03 2.31565000e-03 2.75197000e-03 3.06055000e-03 2.97377400e-02 1.84869000e-03 3.26782000e-03 2.00816000e-03
1.75141000e-03 -4.30260000e-04 -7.14990000e-04 3.75620000e-04 4.95100000e-04 -1.43927000e-03 -1.11684000e-03 -7.58980000e-04 -4.16800000e-05 1.26355000e-03 3.07300000e-05 1.80563000e-03 -6.68000000e-06 -8.95200000e-05 1.73860000e-03 4.94540000e-04 -4.93950000e-04 -2.38120000e-04 -1.77540000e-04 -1.58171000e-03 1.57382000e-03 1.96822000e-03 2.94170000e-04 9.81100000e-05 -1.17662000e-03 -6.44500000e-05 3.60290000e-04 1.95584000e-03 2.65800000e-04 -2.99650000e-04 -1.13430000e-03 -6.87780000e-04 -5.30130000e-04 -4.50880000e-04 8.68710000e-04 5.61250000e-04 -2.09779000e-03 -9.45200000e-05 -1.40304000e-03 4.90150000e-04 -5.51890000e-04 -1.09834000e-03 -3.91130000e-04 7.55130000e-04 -3.15210000e-04 7.84160000e-04 2.05659000e-03 -2.28850000e-04 1.38110000e-04 -4.23510000e-04 3.86100000e-04 -1.87700000e-04 3.55180000e-04 1.01038000e-03 4.07290000e-04 -8.86290000e-04 -2.25850000e-03 2.82813000e-03 4.07449000e-03 9.12090000e-04 1.58100000e-03 -3.42560000e-04 -7.88080000e-04 1.15266000e-03 3.48810000e-04 -8.83150000e-04 7.35800000e-05 4.04580000e-04 -1.22212000e-03 2.06030000e-04 8.46050000e-04 6.42870000e-04 4.52520000e-04 -2.34663000e-03 3.73900000e-04 5.22290000e-04 3.77910000e-04 1.85390000e-04 -1.36218000e-03 -6.60730000e-04 6.12550000e-04 -1.58374000e-03 -6.48050000e-04 -8.56200000e-05 -9.77100000e-05 -6.24220000e-04 1.16440000e-04 2.81506000e-03 -1.58340000e-04 3.71935000e-03 8.14260000e-04 -9.50100000e-05 2.19086000e-03 2.42057000e-03 1.88624000e-03 1.67605000e-03 1.60395000e-03 1.70951000e-03 1.99210000e-03 2.67757000e-03 1.29942000e-03 1.90556000e-03 2.24227000e-03 1.84869000e-03 2.94181800e-02 2.87849000e-03 3.22041000e-03
1.57397000e-03 -4.97910000e-04 -1.04993000e-03 9.31260000e-04 2.65644000e-03 -5.66603000e-03 -3.63041000e-03 -1.61722000e-03 -6.22680000e-04 1.15522000e-03 -2.01700000e-04 9.42206000e-03 2.97290000e-04 2.24501000e-03 1.01535600e-02 2.43088000e-03 -1.39095000e-03 8.48100000e-05 -3.22650000e-04 -6.15086000e-03 9.30055000e-03 3.10503000e-03 7.52650000e-04 1.04048000e-03 -3.44527000e-03 7.12100000e-05 -4.11050000e-04 2.98204000e-03 2.38234000e-03 -8.58470000e-04 -4.27350000e-03 -1.48394000e-03 -1.03735000e-03 -1.19655000e-03 3.64705000e-03 2.27814000e-03 -7.36733000e-03 -4.62600000e-05 -5.29683000e-03 8.45470000e-04 -1.08584000e-03 -3.63415000e-03 -1.25958000e-03 2.91015000e-03 1.99300000e-04 3.32540000e-03 9.78407000e-03 -2.21720000e-04 1.25563000e-03 -1.78577000e-03 9.45130000e-04 -1.57337000e-03 1.98100000e-03 -2.13210000e-04 1.74967000e-03 -3.11415000e-03 -8.89594000e-03 1.35348500e-02 1.31768600e-02 4.62894000e-03 8.32256000e-03 -2.86478000e-03 -2.87565000e-03 5.63713000e-03 1.03752000e-03 -2.31841000e-03 9.62580000e-04 1.71360000e-03 -3.46966000e-03 1.32120000e-03 4.46244000e-03 1.93934000e-03 1.33730000e-03 -9.20584000e-03 1.83000000e-04 2.18391000e-03 2.16787000e-03 9.64300000e-05 -5.36966000e-03 -2.20245000e-03 2.53742000e-03 -5.99454000e-03 -1.92449000e-03 -1.22263000e-03 -9.96260000e-04 -1.89888000e-03 7.34100000e-04 6.96190000e-03 6.84630000e-04 1.14048800e-02 -7.15130000e-04 -3.84513000e-03 3.98818000e-03 5.37424000e-03 3.21068000e-03 2.12652000e-03 9.10220000e-04 2.13476000e-03 2.89033000e-03 7.14601000e-03 1.39500000e-04 3.14884000e-03 4.84065000e-03 3.26782000e-03 2.87849000e-03 2.74381450e-01 8.37911000e-03
1.95344000e-03 -1.06325000e-03 -2.79303000e-03 2.01930000e-03 2.64342000e-03 -5.96072000e-03 -4.16616000e-03 -2.51014000e-03 -6.59660000e-04 4.93460000e-04 -7.15400000e-05 8.19264000e-03 2.64410000e-04 3.07184000e-03 8.50745000e-03 3.06012000e-03 -1.94124000e-03 -3.99300000e-04 -1.09656000e-03 -6.63310000e-03 8.21570000e-03 3.25431000e-03 1.28098000e-03 1.09938000e-03 -4.57733000e-03 2.80360000e-04 -9.74250000e-04 3.10677000e-03 1.86584000e-03 -8.07800000e-04 -4.99355000e-03 -1.71643000e-03 -1.23176000e-03 -1.38493000e-03 4.99723000e-03 2.70067000e-03 -8.92002000e-03 -9.65600000e-05 -5.96175000e-03 2.14392000e-03 -9.29920000e-04 -4.03616000e-03 -1.04629000e-03 4.52866000e-03 -1.98100000e-05 4.59838000e-03 1.01716000e-02 -4.97920000e-04 1.26407000e-03 -2.47527000e-03 1.97666000e-03 -1.65914000e-03 2.21640000e-03 -1.57623000e-03 2.35503000e-03 -3.84917000e-03 -1.00435900e-02 1.33655200e-02 1.42169500e-02 4.17126000e-03 7.64349000e-03 -1.62377000e-03 -3.15219000e-03 5.59927000e-03 2.13936000e-03 -3.30097000e-03 9.57870000e-04 2.21448000e-03 -3.81777000e-03 1.20853000e-03 4.04053000e-03 2.98136000e-03 1.77390000e-03 -9.92404000e-03 1.22404000e-03 1.43225000e-03 2.22794000e-03 6.55060000e-04 -5.58606000e-03 -2.70588000e-03 3.23480000e-03 -6.61041000e-03 -2.43708000e-03 -2.02011000e-03 -1.13227000e-03 -2.57567000e-03 4.58430000e-04 7.48783000e-03 6.89610000e-04 1.12855500e-02 -2.12687000e-03 -7.60599000e-03 3.82432000e-03 5.29035000e-03 3.13402000e-03 1.25140000e-03 1.13820000e-03 1.87222000e-03 2.56328000e-03 6.82669000e-03 -7.72400000e-04 2.64202000e-03 4.50549000e-03 2.00816000e-03 3.22041000e-03 8.37911000e-03 4.49900500e-02
