1.10710130e-01 4.56673000e-03 -7.91430000e-04 -1.21278600e-02 2.52575000e-03 4.17999000e-03 5.50834000e-03 -2.93296000e-03 -1.05362300e-02 -6.97534000e-03 1.46693000e-03 -1.08239000e-03 -1.11500000e-05 -2.47300000e-04 1.73325600e-02 -1.74800000e-03 1.36078300e-02 1.81368200e-02 5.11748000e-03 -2.70751000e-03 -1.46150000e-04 1.26260000e-04 -1.20027800e-02 1.71871700e-02 -1.07428200e-02 1.69018000e-03 2.47103000e-03 -7.05702000e-03 7.81640000e-04 4.77776000e-03 4.81947000e-03 4.55431000e-03 -2.15496000e-03 -8.06706000e-03 3.93938000e-03 1.05107000e-02 -1.16448000e-03 7.86769000e-03 1.91498100e-02 -1.50733500e-02 2.89310000e-04 -8.29901000e-03 4.87527000e-03 -2.13243000e-03 -6.90094000e-03 6.87030000e-03 -3.22401000e-03 6.32425000e-03 6.68675000e-03 3.98100000e-03 -3.58670000e-04 2.83870000e-03 -3.96426000e-03 2.43712000e-03 4.17405000e-03 7.47876000e-03 1.35017000e-03 -5.14672000e-03 4.38022000e-03 -6.31143000e-03 -1.76619500e-02 -1.03883600e-02 5.56830000e-03 8.97962000e-03 1.90391900e-02 -5.52018000e-03 -1.94177000e-03 4.12336000e-03 -3.97034000e-03 -7.77928000e-03 2.00486000e-03 3.68005000e-03 -1.65314000e-03 2.49734000e-03 8.61212000e-03 4.28569000e-03 -1.24244000e-03 -1.79566400e-02 3.53120000e-04 3.70474000e-03 -2.06291000e-03 4.14070000e-04 4.88926000e-03 -4.46653000e-03 7.48825000e-03 -1.17054400e-02 -3.98332000e-03 -9.63950000e-04 2.80950000e-03 -3.80423000e-03 -6.43964000e-03 1.18150800e-02 -1.28440000e-03 1.74955000e-03 -4.02015000e-03 -1.10238300e-02 -1.73660000e-04 1.95618500e-02 -7.17295000e-03 7.32440000e-03 1.81402000e-03 1.44056000e-03 2.11057000e-03 1.31768600e-02 4.08002000e-03 -2.06273000e-03 3.83921000e-03 3.53630000e-03 8.47076000e-03 1.18901900e-02 4.07449000e-03 2.58798500e-02 1.12012700e-02 1.11397000e-02 1.16447700e-02 8.93478000e-03 1.42169500e-02
4.56673000e-03 4.56211500e-02 -3.14410000e-04 -1.48102000e-03 1.85660000e-04 1.89299000e-03 6.25960000e-04 1.12558000e-03 -1.70158000e-03 -1.25545000e-03 1.65210000e-04 -1.43850000e-04 1.37408000e-03 -6.55000000e-05 2.50956000e-03 -5.84390000e-04 1.85109000e-03 2.57751000e-03 6.12920000e-04 -4.54540000e-04 -2.26000000e-06 8.52000000e-06 -1.90873000e-03 2.24517000e-03 -1.77387000e-03 2.36790000e-04 1.64980000e-04 -1.10282000e-03 6.25200000e-05 6.90410000e-04 5.89260000e-04 5.00570000e-04 -4.43500000e-04 -1.48540000e-03 3.48750000e-04 1.32389000e-03 -3.53830000e-04 7.80740000e-04 2.57635000e-03 -2.18152000e-03 -1.07410000e-04 -1.29008000e-03 6.21180000e-04 -4.52040000e-04 -1.25108000e-03 7.89690000e-04 -3.28240000e-04 7.21520000e-04 6.04370000e-04 4.44400000e-04 -2.16210000e-04 1.90660000e-04 -3.65220000e-04 2.31870000e-04 6.02190000e-04 8.71690000e-04 1.54192000e-03 -1.03449000e-03 1.93342000e-03 -9.85820000e-04 -2.72713000e-03 -1.67298000e-03 2.21872000e-03 1.23914000e-03 2.63855000e-03 -8.82440000e-04 -2.67770000e-04 3.49280000e-04 -6.80110000e-04 -1.03058000e-03 8.88800000e-05 4.28780000e-04 -4.56180000e-04 4.09340000e-04 1.17392000e-03 5.71080000e-04 -3.01520000e-04 -2.84364000e-03 4.87400000e-05 6.70740000e-04 -3.24190000e-04 6.35400000e-05 5.06870000e-04 -7.14050000e-04 1.00949000e-03 -1.87984000e-03 -6.26820000e-04 -5.68700000e-05 2.70770000e-04 -5.87540000e-04 -1.14135000e-03 3.01753000e-03 -1.81380000e-04 1.79653000e-03 9.66250000e-04 3.50860000e-04 1.36706000e-03 4.32013000e-03 -1.26029000e-03 2.47317000e-03 1.77247000e-03 1.57357000e-03 1.74036000e-03 3.21068000e-03 2.10959000e-03 1.28217000e-03 2.15676000e-03 1.94248000e-03 2.65618000e-03 3.14360000e-03 1.88624000e-03 3.55869000e-03 2.96124000e-03 1.48826000e-03 2.83009000e-03 2.65097000e-03 3.13402000e-03
-7.91430000e-04 -3.14410000e-04 5.24993600e-02 -1.99550000e-04 -3.34540000e-04 -3.73090000e-04 7.72060000e-04 1.23900000e-04 3.76060000e-04 7.48730000e-04 6.69180000e-04 6.11110000e-04 7.24000000e-05 2.43250000e-04 8.29470000e-04 1.17617000e-03 6.75210000e-04 1.07105000e-03 -2.44300000e-05 8.57930000e-04 2.59420000e-04 5.88810000e-04 4.30290000e-04 1.16029000e-03 6.53510000e-04 -1.35360000e-04 6.75770000e-04 9.45240000e-04 7.68080000e-04 -9.74500000e-05 3.69820000e-04 9.39340000e-04 5.99490000e-04 -1.30390000e-04 7.93720000e-04 5.20310000e-04 5.32040000e-04 -5.54720000e-04 5.91010000e-04 9.50640000e-04 6.51690000e-04 6.51800000e-04 4.77060000e-04 1.71980000e-04 4.89760000e-04 8.73630000e-04 7.07400000e-05 1.10270000e-04 -5.83610000e-04 7.74920000e-04 7.34260000e-04 5.59920000e-04 2.27390000e-04 -2.28230000e-04 1.31740000e-04 4.14590000e-04 -6.06700000e-04 4.96950000e-04 -4.19260000e-04 7.47770000e-04 4.57920000e-04 6.76530000e-04 -4.42340000e-04 8.47000000e-04 1.66989000e-03 -4.20190000e-04 2.21150000e-04 2.31020000e-04 -7.37450000e-04 8.28320000e-04 7.06950000e-04 -4.49800000e-05 4.64790000e-04 6.50200000e-05 8.86880000e-04 -3.29240000e-04 4.77100000e-04 4.96750000e-04 5.14200000e-04 5.59420000e-04 8.05480000e-04 -1.65220000e-04 3.21990000e-04 3.69300000e-05 -7.66650000e-04 5.58930000e-04 4.12900000e-04 -1.86630000e-04 -3.23480000e-04 8.29150000e-04 1.52780000e-04 -7.00410000e-04 -5.00650000e-04 -1.02000000e-06 1.39170000e-04 9.60590000e-04 -9.23320000e-04 -8.27610000e-04 3.20980000e-04 -1.35990000e-04 -7.87000000e-06 -8.98500000e-05 -3.16170000e-04 -4.97910000e-04 -1.47160000e-04 -5.89100000e-05 6.92000000e-05 -3.28630000e-04 -2.58210000e-04 2.09470000e-04 -4.30260000e-04 8.00170000e-04 -6.38490000e-04 5.69480000e-04 -8.51230000e-04 -2.44590000e-04 -1.06325000e-03
-1.21278600e-02 -1.48102000e-03 -1.99550000e-04 4.68716900e-02 -1.76423000e-03 -1.26715000e-03 -3.91146000e-03 3.15182000e-03 6.04248000e-03 3.60188000e-03 -1.34210000e-03 1.72270000e-04 1.25660000e-03 -1.12330000e-04 -9.63581000e-03 9.62100000e-05 -7.90374000e-03 -9.85744000e-03 -3.15775000e-03 9.73690000e-04 3.89460000e-04 -4.96240000e-04 6.82032000e-03 -9.99439000e-03 5.67442000e-03 -1.05159000e-03 -2.12870000e-03 3.85706000e-03 -1.08824000e-03 -2.90825000e-03 -3.09966000e-03 -3.09890000e-03 7.38630000e-04 5.36757000e-03 -2.70566000e-03 -6.65507000e-03 4.61700000e-05 -4.71315000e-03 -1.13158600e-02 8.77326000e-03 -7.90710000e-04 4.68296000e-03 -3.33136000e-03 1.39012000e-03 3.78313000e-03 -4.40074000e-03 1.99207000e-03 -3.59493000e-03 -3.70995000e-03 -2.67195000e-03 -2.88800000e-04 -2.13343000e-03 2.68340000e-03 -1.71249000e-03 -2.34688000e-03 -4.85399000e-03 6.15250000e-04 2.97322000e-03 -1.37542000e-03 3.40444000e-03 1.05136000e-02 5.84040000e-03 -1.69301000e-03 -5.74011000e-03 -1.11007200e-02 3.24402000e-03 1.28540000e-03 -2.67772000e-03 2.53282000e-03 4.34986000e-03 -1.80486000e-03 -2.31146000e-03 5.45390000e-04 -1.22758000e-03 -5.47272000e-03 -2.63787000e-03 2.13040000e-04 1.03664300e-02 -6.71890000e-04 -2.10940000e-03 9.59940000e-04 -3.35690000e-04 -3.28979000e-03 3.09605000e-03 -3.92527000e-03 6.62611000e-03 2.35112000e-03 4.29820000e-04 -1.85055000e-03 1.76097000e-03 4.48968000e-03 -5.48568000e-03 6.50840000e-04 3.65750000e-04 3.77654000e-03 8.07485000e-03 2.00739000e-03 -9.17696000e-03 4.55168000e-03 -2.98730000e-03 3.07820000e-04 2.45340000e-04 6.65000000e-05 -5.71456000e-03 -1.19182000e-03 2.42499000e-03 -7.88190000e-04 -6.54250000e-04 -3.73699000e-03 -5.76478000e-03 -1.20036000e-03 -1.49867400e-02 -4.98042000e-03 -6.56348000e-03 -5.51581000e-03 -3.91999000e-03 -6.88687000e-03
2.52575000e-03 1.85660000e-04 -3.34540000e-04 -1.76423000e-03 2.51578100e-02 3.59270000e-04 7.44840000e-04 -1.33123000e-03 -1.28606000e-03 -9.86390000e-04 -1.35300000e-05 -6.54400000e-05 -7.42200000e-04 2.26800000e-05 1.04369000e-03 -3.90530000e-04 1.08965000e-03 8.39640000e-04 9.33710000e-04 -5.39640000e-04 -3.75400000e-04 -1.04120000e-04 -1.37741000e-03 1.23839000e-03 -1.19152000e-03 5.90570000e-04 4.19340000e-04 -1.42252000e-03 1.07740000e-04 8.68920000e-04 5.24280000e-04 2.65890000e-04 -3.43680000e-04 -8.49640000e-04 1.42680000e-04 1.26457000e-03 5.64300000e-05 1.81761000e-03 1.82732000e-03 -2.54809000e-03 1.34820000e-04 -1.22444000e-03 7.27010000e-04 -3.53810000e-04 -8.90510000e-04 2.97500000e-04 -3.04490000e-04 5.88120000e-04 1.72223000e-03 8.37600000e-05 -2.44530000e-04 2.17460000e-04 -7.75710000e-04 1.16809000e-03 3.64000000e-04 1.01152000e-03 1.50600000e-04 -8.00410000e-04 3.82440000e-04 -1.10245000e-03 -2.24233000e-03 -1.44399000e-03 2.81760000e-04 8.78510000e-04 4.94270000e-04 3.65030000e-04 -3.03550000e-04 7.26620000e-04 7.94760000e-04 -1.68837000e-03 2.58360000e-04 7.91720000e-04 -1.16100000e-04 1.32090000e-04 4.65950000e-04 1.06473000e-03 -7.37300000e-05 -2.05431000e-03 -3.19100000e-04 -2.17700000e-05 -4.82720000e-04 5.42400000e-04 7.66570000e-04 -6.17130000e-04 1.61295000e-03 -1.51769000e-03 -7.48770000e-04 4.55290000e-04 1.10379000e-03 -7.63900000e-04 -1.03256000e-03 1.27951000e-03 6.20600000e-04 -7.44800000e-04 -1.49494000e-03 -3.59253000e-03 -1.40100000e-05 1.59542000e-03 -1.06198000e-03 2.37270000e-04 -5.50100000e-04 -3.21810000e-04 -1.49990000e-04 9.31260000e-04 -1.39530000e-04 -9.07640000e-04 -5.86960000e-04 4.18100000e-05 4.98870000e-04 3.74580000e-04 3.75620000e-04 2.36087000e-03 1.06681000e-03 7.54380000e-04 1.54931000e-03 5.12660000e-04 2.01930000e-03
4.17999000e-03 1.89299000e-03 -3.73090000e-04 -1.26715000e-03 3.59270000e-04 2.30954100e-02 5.72620000e-04 1.11061000e-03 -1.52120000e-03 -1.10827000e-03 1.85970000e-04 -6.38400000e-05 1.32629000e-03 4.18400000e-05 2.07197000e-03 -7.08460000e-04 1.68962000e-03 2.05932000e-03 4.87550000e-04 -4.45430000e-04 -2.97740000e-04 -6.30100000e-05 -1.72625000e-03 1.88036000e-03 -1.50547000e-03 3.08450000e-04 1.26990000e-04 -1.13290000e-03 7.97100000e-05 5.41840000e-04 5.31700000e-04 3.34670000e-04 -5.16540000e-04 -1.16567000e-03 3.09180000e-04 1.02557000e-03 -3.63210000e-04 8.90730000e-04 2.13153000e-03 -2.12245000e-03 -1.29350000e-04 -1.11928000e-03 6.43780000e-04 -5.89570000e-04 -1.19368000e-03 6.32420000e-04 -2.02240000e-04 2.24750000e-04 8.31640000e-04 3.35020000e-04 -1.84460000e-04 1.17560000e-04 -4.27440000e-04 3.56980000e-04 3.44500000e-04 7.50570000e-04 1.70327000e-03 -1.15811000e-03 2.05577000e-03 -8.63030000e-04 -2.39939000e-03 -1.44486000e-03 2.30694000e-03 1.04301000e-03 1.91857000e-03 -4.67810000e-04 -3.48150000e-04 4.21040000e-04 -3.01230000e-04 -1.07290000e-03 1.40050000e-04 4.30430000e-04 -5.26950000e-04 1.45500000e-04 9.99550000e-04 5.57170000e-04 -2.66860000e-04 -2.44647000e-03 -8.32300000e-05 6.55430000e-04 -3.20720000e-04 1.85310000e-04 5.27300000e-04 -6.93080000e-04 1.21028000e-03 -1.63071000e-03 -6.04570000e-04 1.76630000e-04 4.52710000e-04 -5.85880000e-04 -1.11953000e-03 2.92460000e-03 5.96900000e-05 1.67701000e-03 9.16930000e-04 5.00100000e-05 1.53881000e-03 3.90648000e-03 -1.27643000e-03 2.35777000e-03 1.79815000e-03 1.62557000e-03 1.80544000e-03 2.98204000e-03 1.95044000e-03 1.40186000e-03 1.98723000e-03 2.10393000e-03 2.53719000e-03 2.77884000e-03 1.95584000e-03 3.09342000e-03 2.90523000e-03 1.15733000e-03 2.77167000e-03 2.49009000e-03 3.10677000e-03
5.50834000e-03 6.25960000e-04 7.72060000e-04 -3.91146000e-03 7.44840000e-04 5.72620000e-04 3.84724300e-02 -1.41753000e-03 -2.65355000e-03 -1.24925000e-03 1.22564000e-03 5.19850000e-04 -4.90940000e-04 3.45130000e-04 5.64994000e-03 7.32620000e-04 4.65820000e-03 5.99216000e-03 1.49446000e-03 1.44320000e-04 -9.34400000e-05 7.36330000e-04 -2.91464000e-03 6.11452000e-03 -2.34392000e-03 4.65970000e-04 1.61306000e-03 -1.29563000e-03 1.24863000e-03 1.35258000e-03 1.75645000e-03 2.35608000e-03 5.93500000e-05 -2.57614000e-03 1.82330000e-03 3.64214000e-03 4.42730000e-04 2.09829000e-03 6.00536000e-03 -3.73526000e-03 9.88200000e-04 -1.83022000e-03 2.16242000e-03 -7.95120000e-04 -1.46233000e-03 2.67261000e-03 -9.07800000e-04 1.57657000e-03 1.76294000e-03 1.81958000e-03 6.78190000e-04 1.43191000e-03 -1.18710000e-03 8.13380000e-04 1.16170000e-03 2.69623000e-03 -5.00530000e-04 -1.33204000e-03 5.97760000e-04 -1.09995000e-03 -4.66951000e-03 -2.39855000e-03 7.33550000e-04 3.65998000e-03 6.50539000e-03 -1.54745000e-03 -5.46650000e-04 1.46071000e-03 -1.42893000e-03 -1.77217000e-03 1.48820000e-03 1.09679000e-03 -1.17200000e-04 5.61050000e-04 3.32029000e-03 1.13445000e-03 3.26360000e-04 -4.62836000e-03 4.99190000e-04 1.67347000e-03 3.49090000e-04 1.34220000e-04 1.91669000e-03 -1.54210000e-03 1.63762000e-03 -2.84415000e-03 -8.86360000e-04 -2.21010000e-04 7.76300000e-04 -2.62290000e-04 -2.06013000e-03 2.36714000e-03 -5.27640000e-04 -1.60370000e-04 -1.73665000e-03 -3.49968000e-03 -1.37112000e-03 4.08032000e-03 -2.13709000e-03 1.44836000e-03 -5.13700000e-05 -1.03360000e-04 -1.39790000e-04 2.65644000e-03 5.41180000e-04 -1.12072000e-03 4.68970000e-04 3.16370000e-04 1.69026000e-03 2.82981000e-03 4.95100000e-04 8.17169000e-03 2.16070000e-03 3.53652000e-03 2.10587000e-03 1.80890000e-03 2.64342000e-03
-2.93296000e-03 1.12558000e-03 1.23900000e-04 3.15182000e-03 -1.33123000e-03 1.11061000e-03 -1.41753000e-03 2.65105500e-02 1.84339000e-03 1.25208000e-03 -2.56500000e-04 1.57420000e-04 2.64948000e-03 -2.06910000e-04 -2.64185000e-03 1.22780000e-04 -2.42161000e-03 -2.48920000e-03 -1.36205000e-03 6.24390000e-04 4.41640000e-04 -9.58000000e-05 2.06469000e-03 -2.90420000e-03 1.84538000e-03 -5.44410000e-04 -9.21200000e-04 1.79819000e-03 -2.64080000e-04 -1.22125000e-03 -1.18827000e-03 -9.25710000e-04 1.68810000e-04 1.42310000e-03 -7.38070000e-04 -2.58609000e-03 -3.27740000e-04 -2.70663000e-03 -3.87079000e-03 3.68658000e-03 -4.49520000e-04 1.80430000e-03 -1.32008000e-03 4.47880000e-04 1.02075000e-03 -1.17085000e-03 9.64280000e-04 -1.44616000e-03 -2.39227000e-03 -6.56800000e-04 2.22500000e-05 -8.85260000e-04 1.50292000e-03 -1.18536000e-03 -6.84090000e-04 -2.02377000e-03 1.62133000e-03 1.11649000e-03 1.01330000e-03 1.49612000e-03 3.47794000e-03 2.12674000e-03 1.33797000e-03 -1.74354000e-03 -2.31722000e-03 2.82830000e-04 6.44710000e-04 -1.00310000e-03 -3.49320000e-04 2.58124000e-03 -6.82410000e-04 -1.00859000e-03 2.74800000e-04 -2.70080000e-04 -1.38143000e-03 -1.44717000e-03 -1.38450000e-04 3.30492000e-03 3.30040000e-04 -2.39950000e-04 5.38260000e-04 -3.43100000e-04 -1.53007000e-03 1.16117000e-03 -2.11876000e-03 2.24347000e-03 1.05510000e-03 -4.84400000e-05 -1.22209000e-03 9.48880000e-04 1.54882000e-03 -4.63240000e-04 -3.66300000e-04 2.73293000e-03 3.96431000e-03 7.05534000e-03 2.00921000e-03 -1.15707000e-03 1.69418000e-03 1.15313000e-03 2.57097000e-03 2.16295000e-03 1.99502000e-03 -2.13210000e-04 1.79449000e-03 3.26866000e-03 2.50306000e-03 1.77399000e-03 8.49920000e-04 6.03110000e-04 1.01038000e-03 -4.77120000e-03 -7.29500000e-05 -2.06778000e-03 -8.71770000e-04 6.04180000e-04 -1.57623000e-03
-1.05362300e-02 -1.70158000e-03 3.76060000e-04 6.04248000e-03 -1.28606000e-03 -1.52120000e-03 -2.65355000e-03 1.84339000e-03 3.55027700e-02 3.52497000e-03 -6.84360000e-04 5.95570000e-04 5.44900000e-04 2.56230000e-04 -7.95293000e-03 7.21200000e-04 -6.38330000e-03 -8.26143000e-03 -2.39455000e-03 1.29011000e-03 2.33540000e-04 3.57900000e-05 6.15452000e-03 -8.14888000e-03 5.35946000e-03 -7.96890000e-04 -1.21625000e-03 3.54529000e-03 -3.84440000e-04 -2.23259000e-03 -1.99238000e-03 -2.24086000e-03 1.18156000e-03 4.29790000e-03 -1.66879000e-03 -4.83922000e-03 6.04460000e-04 -3.72324000e-03 -8.92824000e-03 7.58666000e-03 -2.06600000e-04 4.34994000e-03 -2.32297000e-03 1.30993000e-03 3.62732000e-03 -3.09608000e-03 1.63365000e-03 -2.85761000e-03 -2.99497000e-03 -1.69308000e-03 2.82720000e-04 -1.20576000e-03 2.04998000e-03 -1.19281000e-03 -1.83562000e-03 -3.32866000e-03 -6.51500000e-05 2.72382000e-03 -1.59551000e-03 3.17629000e-03 9.07507000e-03 5.35058000e-03 -2.11777000e-03 -4.29926000e-03 -9.05214000e-03 2.72621000e-03 1.02824000e-03 -1.92599000e-03 2.10348000e-03 3.57434000e-03 -1.01308000e-03 -1.74849000e-03 7.06430000e-04 -1.01728000e-03 -4.12764000e-03 -2.02924000e-03 6.34110000e-04 9.00171000e-03 -2.98790000e-04 -1.66544000e-03 9.28140000e-04 -1.89800000e-04 -2.10827000e-03 2.52906000e-03 -3.30249000e-03 5.94140000e-03 1.96727000e-03 4.69300000e-04 -1.31411000e-03 1.88338000e-03 3.40476000e-03 -5.10864000e-03 6.26460000e-04 -3.92420000e-04 2.37557000e-03 5.69900000e-03 8.13240000e-04 -8.61104000e-03 3.70986000e-03 -3.04902000e-03 -4.66060000e-04 -2.81800000e-04 -5.74320000e-04 -5.36966000e-03 -1.61707000e-03 1.38233000e-03 -1.44114000e-03 -1.23337000e-03 -3.65434000e-03 -5.22009000e-03 -1.36218000e-03 -1.20971900e-02 -4.61071000e-03 -4.95824000e-03 -4.73350000e-03 -3.67353000e-03 -5.58606000e-03
-6.97534000e-03 -1.25545000e-03 7.48730000e-04 3.60188000e-03 -9.86390000e-04 -1.10827000e-03 -1.24925000e-03 1.25208000e-03 3.52497000e-03 2.65828900e-02 -5.03900000e-05 6.38090000e-04 3.65750000e-04 2.83590000e-04 -4.44338000e-03 1.04774000e-03 -3.51525000e-03 -4.51386000e-03 -1.53901000e-03 1.26550000e-03 2.12730000e-04 2.85020000e-04 3.88800000e-03 -4.38234000e-03 3.61509000e-03 -5.68320000e-04 -4.07960000e-04 2.70965000e-03 1.42800000e-04 -1.49800000e-03 -1.07300000e-03 -8.86740000e-04 9.87330000e-04 2.59506000e-03 -5.54820000e-04 -2.80588000e-03 5.83250000e-04 -2.62889000e-03 -5.19092000e-03 5.16378000e-03 1.73780000e-04 2.99393000e-03 -1.17209000e-03 8.77340000e-04 2.42130000e-03 -1.37910000e-03 1.04509000e-03 -1.77420000e-03 -2.20344000e-03 -6.14680000e-04 5.68530000e-04 -4.57120000e-04 1.36483000e-03 -9.19340000e-04 -1.10024000e-03 -1.87878000e-03 -3.99320000e-04 1.90497000e-03 -1.18604000e-03 2.36470000e-03 5.70233000e-03 3.63564000e-03 -1.50586000e-03 -2.24213000e-03 -4.58392000e-03 1.37059000e-03 7.37230000e-04 -9.95620000e-04 7.72550000e-04 2.73394000e-03 -2.00520000e-04 -1.10126000e-03 6.94280000e-04 -6.47950000e-04 -2.01489000e-03 -1.50545000e-03 6.13510000e-04 5.75659000e-03 1.17580000e-04 -6.89130000e-04 9.95810000e-04 -2.24880000e-04 -1.13775000e-03 1.54385000e-03 -2.44381000e-03 3.94804000e-03 1.47125000e-03 1.78970000e-04 -9.90470000e-04 1.59526000e-03 2.18015000e-03 -3.52475000e-03 9.44200000e-05 -2.08280000e-04 1.57584000e-03 4.11055000e-03 -4.28200000e-05 -5.75540000e-03 2.43483000e-03 -1.92719000e-03 -2.27820000e-04 -1.89140000e-04 -4.82860000e-04 -3.63041000e-03 -1.07282000e-03 8.79810000e-04 -8.00530000e-04 -8.81810000e-04 -2.35943000e-03 -3.07023000e-03 -1.11684000e-03 -7.00141000e-03 -3.21228000e-03 -2.77638000e-03 -3.44377000e-03 -2.40656000e-03 -4.16616000e-03
1.46693000e-03 1.65210000e-04 6.69180000e-04 -1.34210000e-03 -1.35300000e-05 1.85970000e-04 1.22564000e-03 -2.56500000e-04 -6.84360000e-04 -5.03900000e-05 2.88294700e-02 5.13700000e-04 1.71700000e-05 3.81210000e-04 2.41725000e-03 6.22120000e-04 2.08406000e-03 2.59098000e-03 3.51310000e-04 4.82590000e-04 -6.65400000e-05 5.81390000e-04 -7.91800000e-04 2.63527000e-03 -4.75090000e-04 6.17300000e-05 8.10460000e-04 7.20000000e-06 7.91290000e-04 2.99250000e-04 8.35900000e-04 1.19498000e-03 2.95230000e-04 -9.69460000e-04 1.03147000e-03 1.41733000e-03 3.58900000e-04 3.85680000e-04 2.35621000e-03 -7.92980000e-04 6.27820000e-04 -2.64490000e-04 1.00576000e-03 -3.80740000e-04 -2.59030000e-04 1.38834000e-03 -2.78170000e-04 3.27460000e-04 2.30110000e-04 1.03085000e-03 6.42520000e-04 8.01070000e-04 -3.62670000e-04 1.41000000e-06 3.71330000e-04 1.12719000e-03 -3.44070000e-04 -4.56740000e-04 1.75670000e-04 8.79000000e-05 -1.36137000e-03 -4.60240000e-04 1.98670000e-04 1.64465000e-03 3.06034000e-03 -8.00890000e-04 -2.48200000e-04 5.09330000e-04 -9.92960000e-04 -2.03970000e-04 8.65110000e-04 2.70210000e-04 -5.08900000e-05 1.10420000e-04 1.70011000e-03 1.50150000e-04 3.89350000e-04 -1.34343000e-03 4.65840000e-04 1.05639000e-03 5.15720000e-04 -7.04200000e-05 8.62990000e-04 -6.39010000e-04 2.65750000e-04 -6.46560000e-04 -1.03730000e-04 -1.67840000e-04 6.23600000e-05 3.42550000e-04 -7.85580000e-04 5.60250000e-04 -3.61660000e-04 1.07810000e-04 -3.76920000e-04 -5.35480000e-04 -8.53280000e-04 1.03970000e-03 -7.75130000e-04 5.67480000e-04 1.68830000e-04 9.48600000e-05 -4.45100000e-05 7.34100000e-04 2.47460000e-04 -1.73350000e-04 3.60860000e-04 1.53000000e-04 5.80640000e-04 1.16636000e-03 1.16440000e-04 3.24304000e-03 5.57850000e-04 1.54452000e-03 3.37740000e-04 6.17430000e-04 4.58430000e-04
-1.08239000e-03 -1.43850000e-04 6.11110000e-04 1.72270000e-04 -6.54400000e-05 -6.38400000e-05 5.19850000e-04 1.57420000e-04 5.95570000e-04 6.38090000e-04 5.13700000e-04 3.07984900e-02 1.52200000e-04 3.32560000e-04 -5.51900000e-05 7.19490000e-04 1.14290000e-04 -5.13400000e-05 -1.21700000e-04 6.40750000e-04 -2.35200000e-05 4.99340000e-04 6.87190000e-04 1.91760000e-04 7.90470000e-04 -1.75400000e-05 4.81770000e-04 6.07340000e-04 6.43740000e-04 -1.10000000e-04 2.19820000e-04 4.92210000e-04 4.65710000e-04 4.49500000e-05 3.52520000e-04 1.74910000e-04 5.11720000e-04 -3.58960000e-04 -1.59460000e-04 7.75410000e-04 5.67090000e-04 6.63310000e-04 3.71030000e-04 -8.05200000e-05 4.98340000e-04 2.65840000e-04 1.95020000e-04 -3.77100000e-04 -3.39540000e-04 3.62770000e-04 5.13960000e-04 3.13710000e-04 1.49370000e-04 3.63900000e-05 -1.26900000e-04 2.20330000e-04 -1.05440000e-04 1.63480000e-04 -1.09460000e-04 6.54940000e-04 7.59010000e-04 6.96380000e-04 -2.47490000e-04 4.43320000e-04 8.69700000e-05 2.65190000e-04 6.89200000e-05 3.50000000e-07 5.49200000e-05 4.07710000e-04 4.75340000e-04 -7.69300000e-05 1.90800000e-04 -1.57410000e-04 3.35260000e-04 -1.05400000e-04 4.71170000e-04 8.29940000e-04 1.99940000e-04 3.47190000e-04 6.45000000e-04 4.53500000e-05 2.48040000e-04 -4.29800000e-05 -4.32350000e-04 6.57260000e-04 2.68080000e-04 1.36640000e-04 -6.00200000e-05 6.41230000e-04 -2.29200000e-05 -5.75850000e-04 -1.67600000e-05 -4.15400000e-05 1.57030000e-04 5.05320000e-04 -3.63920000e-04 -1.14197000e-03 1.26590000e-04 -1.65240000e-04 5.10600000e-05 8.16900000e-05 -9.85400000e-05 -6.22680000e-04 -8.20500000e-05 1.74400000e-04 -6.92800000e-05 -7.04900000e-05 -2.58050000e-04 -1.85160000e-04 -4.16800000e-05 -1.96220000e-04 -4.97070000e-04 3.52000000e-06 -5.80590000e-04 -2.68280000e-04 -6.59660000e-04
-1.11500000e-05 1.37408000e-03 7.24000000e-05 1.25660000e-03 -7.42200000e-04 1.32629000e-03 -4.90940000e-04 2.64948000e-03 5.44900000e-04 3.65750000e-04 1.71700000e-05 1.52200000e-04 1.20162780e-01 -1.01220000e-04 -4.53920000e-04 -2.82300000e-05 -5.86950000e-04 -2.59790000e-04 -5.33510000e-04 3.03610000e-04 3.25080000e-04 1.60100000e-05 5.72880000e-04 -6.26480000e-04 5.09820000e-04 -2.21500000e-04 -4.01830000e-04 7.57930000e-04 -2.21900000e-05 -4.61610000e-04 -4.02890000e-04 -2.55620000e-04 -1.86000000e-06 2.17770000e-04 -1.67590000e-04 -9.50480000e-04 -2.81750000e-04 -1.31094000e-03 -1.19119000e-03 1.48749000e-03 -2.40290000e-04 6.80940000e-04 -4.78940000e-04 1.63200000e-04 1.99610000e-04 -2.52930000e-04 4.62850000e-04 -5.78240000e-04 -1.17086000e-03 -9.57600000e-05 4.94800000e-05 -3.93110000e-04 7.88330000e-04 -6.02810000e-04 -1.34510000e-04 -7.93370000e-04 1.46236000e-03 4.46690000e-04 1.27421000e-03 6.28250000e-04 1.07343000e-03 7.24630000e-04 1.59119000e-03 -4.26460000e-04 2.53700000e-05 -1.46800000e-04 2.99240000e-04 -4.26390000e-04 -4.86900000e-04 1.19763000e-03 -2.79120000e-04 -4.18870000e-04 2.85700000e-05 4.99000000e-06 -2.29150000e-04 -6.51890000e-04 -1.59430000e-04 9.60970000e-04 3.46690000e-04 2.00650000e-04 2.57150000e-04 -1.69770000e-04 -6.76580000e-04 4.30730000e-04 -8.96780000e-04 6.97280000e-04 4.51540000e-04 -6.68200000e-05 -6.15260000e-04 4.55790000e-04 4.97600000e-04 7.97200000e-04 -3.13950000e-04 2.26468000e-03 2.73936000e-03 4.34569000e-03 1.55784000e-03 8.71510000e-04 6.54890000e-04 1.63695000e-03 2.19136000e-03 1.87917000e-03 1.80166000e-03 1.15522000e-03 1.82180000e-03 2.38898000e-03 2.29859000e-03 1.73924000e-03 1.50887000e-03 1.63806000e-03 1.26355000e-03 -1.27488000e-03 1.09715000e-03 -5.67470000e-04 6.19010000e-04 1.42058000e-03 4.93460000e-04
-2.47300000e-04 -6.55000000e-05 2.43250000e-04 -1.12330000e-04 2.26800000e-05 4.18400000e-05 3.45130000e-04 -2.06910000e-04 2.56230000e-04 2.83590000e-04 3.81210000e-04 3.32560000e-04 -1.01220000e-04 7.83463000e-03 2.87420000e-04 1.56390000e-04 4.00270000e-04 1.98750000e-04 -7.88900000e-05 2.94460000e-04 -2.29760000e-04 2.99360000e-04 2.37460000e-04 2.56360000e-04 2.95030000e-04 8.65000000e-06 3.03130000e-04 1.92600000e-04 3.43720000e-04 -5.52600000e-05 3.28510000e-04 2.37030000e-04 2.54940000e-04 -2.66100000e-05 2.95870000e-04 2.74340000e-04 2.94510000e-04 8.16800000e-05 2.95840000e-04 1.35970000e-04 2.95950000e-04 2.62950000e-04 4.13220000e-04 -1.67510000e-04 2.46620000e-04 3.07430000e-04 -2.27300000e-05 -2.56160000e-04 5.99900000e-05 2.94090000e-04 3.19440000e-04 3.19060000e-04 -1.48540000e-04 -2.32300000e-05 -1.11580000e-04 3.41370000e-04 -8.38600000e-05 -2.48190000e-04 6.11700000e-05 2.86540000e-04 1.99350000e-04 2.56260000e-04 -1.31650000e-04 3.32910000e-04 9.58900000e-05 7.63800000e-05 -1.61690000e-04 -1.51400000e-05 4.03100000e-05 -1.29210000e-04 3.40700000e-04 -2.29000000e-05 -1.91610000e-04 -1.74160000e-04 3.62720000e-04 4.06000000e-06 3.40180000e-04 2.41960000e-04 -2.47000000e-05 3.91680000e-04 2.61090000e-04 1.14700000e-05 3.79870000e-04 -1.82660000e-04 1.33700000e-04 2.76710000e-04 3.37100000e-05 8.12100000e-05 5.33300000e-05 2.74160000e-04 -2.33800000e-04 -1.22300000e-04 1.09510000e-04 -2.32380000e-04 -2.35150000e-04 -4.39510000e-04 -2.43180000e-04 -4.15000000e-04 -2.71720000e-04 -1.50900000e-04 -1.44050000e-04 -7.23500000e-05 -1.15760000e-04 -2.01700000e-04 -1.79700000e-04 -7.13600000e-05 -2.50560000e-04 -6.71900000e-05 -1.90460000e-04 -2.14380000e-04 3.07300000e-05 3.43330000e-04 -1.31220000e-04 2.67020000e-04 -1.28930000e-04 -1.25360000e-04 -7.15400000e-05
1.73325600e-02 2.50956000e-03 8.29470000e-04 -9.63581000e-03 1.04369000e-03 2.07197000e-03 5.64994000e-03 -2.64185000e-03 -7.95293000e-03 -4.44338000e-03 2.41725000e-03 -5.51900000e-05 -4.53920000e-04 2.87420000e-04 8.65165200e-02 2.51550000e-04 1.29542400e-02 1.78628300e-02 3.69280000e-03 -8.30880000e-04 2.15020000e-04 1.03191000e-03 -8.94023000e-03 1.68669500e-02 -7.92321000e-03 8.36760000e-04 2.91228000e-03 -4.08013000e-03 1.88282000e-03 3.35022000e-03 4.20099000e-03 5.37344000e-03 -8.20730000e-04 -6.51978000e-03 4.33415000e-03 9.00829000e-03 -2.39370000e-04 5.37928000e-03 1.65941100e-02 -1.05019800e-02 1.19512000e-03 -5.78649000e-03 4.74057000e-03 -2.00937000e-03 -4.69636000e-03 6.97213000e-03 -2.77690000e-03 4.79673000e-03 4.57277000e-03 4.42194000e-03 9.03880000e-04 3.17859000e-03 -2.98172000e-03 1.02569000e-03 3.42970000e-03 6.42706000e-03 -7.86330000e-04 -3.79402000e-03 2.22761000e-03 -3.75128000e-03 -1.33190100e-02 -7.40797000e-03 3.24292000e-03 8.96086000e-03 1.88066900e-02 -5.55593000e-03 -1.58569000e-03 3.48495000e-03 -5.11226000e-03 -4.80035000e-03 2.78151000e-03 2.59050000e-03 -1.10790000e-03 1.95273000e-03 8.63641000e-03 2.55110000e-03 -2.34900000e-04 -1.37482000e-02 1.14214000e-03 4.53864000e-03 -8.04200000e-05 -2.53680000e-04 4.32120000e-03 -3.71054000e-03 4.77688000e-03 -8.55622000e-03 -2.54807000e-03 -1.47068000e-03 1.32915000e-03 -1.70915000e-03 -4.83056000e-03 7.76491000e-03 -2.11015000e-03 1.03024000e-03 -3.45930000e-03 -7.39592000e-03 -2.46029000e-03 1.42912700e-02 -5.60844000e-03 5.09073000e-03 9.23570000e-04 3.75860000e-04 5.25390000e-04 9.42206000e-03 2.44004000e-03 -2.25824000e-03 2.82869000e-03 1.78528000e-03 5.70502000e-03 9.00530000e-03 1.80563000e-03 2.29741500e-02 7.35046000e-03 9.94794000e-03 6.62988000e-03 6.12870000e-03 8.19264000e-03
-1.74800000e-03 -5.84390000e-04 1.17617000e-03 9.62100000e-05 -3.90530000e-04 -7.08460000e-04 7.32620000e-04 1.22780000e-04 7.21200000e-04 1.04774000e-03 6.22120000e-04 7.19490000e-04 -2.82300000e-05 1.56390000e-04 2.51550000e-04 2.46418200e-02 1.32350000e-04 5.03360000e-04 -7.58500000e-05 1.05654000e-03 4.09410000e-04 6.46150000e-04 8.91050000e-04 7.05920000e-04 1.08972000e-03 -1.87290000e-04 7.39310000e-04 1.29827000e-03 8.63700000e-04 -1.94270000e-04 1.85970000e-04 9.54620000e-04 7.56670000e-04 1.02190000e-04 6.86330000e-04 3.02560000e-04 6.88470000e-04 -8.57150000e-04 -5.70600000e-05 1.55647000e-03 7.61830000e-04 9.65000000e-04 3.34510000e-04 3.43330000e-04 7.68340000e-04 6.56080000e-04 1.63760000e-04 1.24770000e-04 -8.85370000e-04 6.92840000e-04 7.94290000e-04 4.77000000e-04 4.29420000e-04 -2.04080000e-04 7.31500000e-05 1.81060000e-04 -8.54500000e-04 8.64240000e-04 -7.72870000e-04 9.77410000e-04 1.07430000e-03 1.06224000e-03 -8.45550000e-04 7.00440000e-04 1.15939000e-03 -3.01990000e-04 4.24520000e-04 1.48990000e-04 -6.69100000e-04 1.21764000e-03 6.75190000e-04 -1.16990000e-04 7.62840000e-04 7.91500000e-05 6.15950000e-04 -4.43970000e-04 5.46710000e-04 1.14673000e-03 5.29350000e-04 3.30490000e-04 9.83660000e-04 -1.67940000e-04 9.88000000e-05 2.63340000e-04 -1.24165000e-03 9.53010000e-04 6.01480000e-04 -1.98530000e-04 -4.52460000e-04 1.06137000e-03 4.71110000e-04 -1.28847000e-03 -5.70600000e-04 -1.45160000e-04 1.93020000e-04 1.38553000e-03 -1.14204000e-03 -1.69779000e-03 6.86960000e-04 -5.05060000e-04 -2.14800000e-04 -2.63770000e-04 -5.56930000e-04 -1.14270000e-03 -3.86950000e-04 -1.69420000e-04 -1.61480000e-04 -6.67330000e-04 -6.69440000e-04 -2.27710000e-04 -7.56680000e-04 -8.89500000e-05 -1.25508000e-03 1.84420000e-04 -1.44619000e-03 -6.89760000e-04 -1.88029000e-03
1.36078300e-02 1.85109000e-03 6.75210000e-04 -7.90374000e-03 1.08965000e-03 1.68962000e-03 4.65820000e-03 -2.42161000e-03 -6.38330000e-03 -3.51525000e-03 2.08406000e-03 1.14290000e-04 -5.86950000e-04 4.00270000e-04 1.29542400e-02 1.32350000e-04 5.65262300e-02 1.38763700e-02 2.95822000e-03 -6.13960000e-04 -1.31100000e-04 8.90640000e-04 -7.20473000e-03 1.33638400e-02 -6.22309000e-03 7.88230000e-04 2.44709000e-03 -3.41926000e-03 1.61012000e-03 2.70184000e-03 3.49134000e-03 4.33450000e-03 -6.38650000e-04 -5.34644000e-03 3.57910000e-03 7.27327000e-03 -8.61400000e-05 4.53684000e-03 1.33331500e-02 -8.68194000e-03 1.10929000e-03 -4.64219000e-03 3.97091000e-03 -1.78456000e-03 -3.79456000e-03 5.63942000e-03 -2.17396000e-03 3.52527000e-03 3.87996000e-03 3.56730000e-03 8.21470000e-04 2.65633000e-03 -2.59905000e-03 1.01339000e-03 2.61235000e-03 5.33386000e-03 -6.08730000e-04 -3.23611000e-03 1.79157000e-03 -2.96627000e-03 -1.08072200e-02 -5.92717000e-03 2.51195000e-03 7.17325000e-03 1.48040800e-02 -4.08785000e-03 -1.43018000e-03 2.89836000e-03 -3.76608000e-03 -4.03376000e-03 2.43663000e-03 2.15298000e-03 -9.59600000e-04 1.36283000e-03 7.00917000e-03 2.17953000e-03 -4.51200000e-05 -1.10331900e-02 9.82750000e-04 3.67541000e-03 -3.41300000e-05 -6.50400000e-05 3.70630000e-03 -3.22392000e-03 4.08500000e-03 -6.84252000e-03 -2.09754000e-03 -9.47330000e-04 1.33836000e-03 -1.37636000e-03 -4.18871000e-03 6.11869000e-03 -1.40973000e-03 4.69300000e-04 -3.12960000e-03 -6.74935000e-03 -2.08857000e-03 1.09976400e-02 -4.69464000e-03 3.90721000e-03 5.81030000e-04 1.94040000e-04 3.24190000e-04 7.24228000e-03 1.76889000e-03 -1.92886000e-03 1.93808000e-03 1.40812000e-03 4.43827000e-03 6.96255000e-03 1.46358000e-03 1.83682400e-02 5.79995000e-03 7.93232000e-03 5.35484000e-03 4.74625000e-03 6.74833000e-03
1.81368200e-02 2.57751000e-03 1.07105000e-03 -9.85744000e-03 8.39640000e-04 2.05932000e-03 5.99216000e-03 -2.48920000e-03 -8.26143000e-03 -4.51386000e-03 2.59098000e-03 -5.13400000e-05 -2.59790000e-04 1.98750000e-04 1.78628300e-02 5.03360000e-04 1.38763700e-02 9.12405700e-02 3.80840000e-03 -7.19020000e-04 4.79000000e-04 1.09843000e-03 -9.27260000e-03 1.83881900e-02 -8.27504000e-03 7.59920000e-04 3.07719000e-03 -3.95571000e-03 2.07582000e-03 3.41816000e-03 4.29505000e-03 5.94581000e-03 -7.86740000e-04 -6.85060000e-03 4.70777000e-03 9.36019000e-03 -2.80060000e-04 5.36680000e-03 1.75393700e-02 -1.06038400e-02 1.29696000e-03 -5.95922000e-03 4.92067000e-03 -1.96722000e-03 -4.84096000e-03 7.49953000e-03 -2.90002000e-03 5.02532000e-03 4.71616000e-03 4.77040000e-03 1.06556000e-03 3.33630000e-03 -2.94590000e-03 8.79660000e-04 3.67835000e-03 6.62333000e-03 -9.43560000e-04 -3.55617000e-03 2.21511000e-03 -3.73679000e-03 -1.37407400e-02 -7.61729000e-03 3.46623000e-03 9.58347000e-03 2.07446800e-02 -5.91771000e-03 -1.54043000e-03 3.70365000e-03 -5.63467000e-03 -4.59802000e-03 3.04438000e-03 2.62982000e-03 -1.02727000e-03 2.12730000e-03 9.22992000e-03 2.44152000e-03 -2.81090000e-04 -1.42912700e-02 1.49934000e-03 4.92726000e-03 1.72260000e-04 -3.98200000e-04 4.40122000e-03 -3.76199000e-03 4.71133000e-03 -8.86498000e-03 -2.49079000e-03 -1.70928000e-03 1.17455000e-03 -1.61849000e-03 -4.76575000e-03 8.03529000e-03 -2.51650000e-03 1.24428000e-03 -3.29773000e-03 -7.02500000e-03 -2.66346000e-03 1.51896600e-02 -5.48782000e-03 5.45278000e-03 1.15188000e-03 4.15240000e-04 5.79360000e-04 1.01535600e-02 2.64056000e-03 -2.25802000e-03 3.23693000e-03 1.90472000e-03 6.02862000e-03 9.62034000e-03 1.73860000e-03 2.44682200e-02 7.73596000e-03 1.04905800e-02 6.76816000e-03 6.54127000e-03 8.50745000e-03
5.11748000e-03 6.12920000e-04 -2.44300000e-05 -3.15775000e-03 9.33710000e-04 4.87550000e-04 1.49446000e-03 -1.36205000e-03 -2.39455000e-03 -1.53901000e-03 3.51310000e-04 -1.21700000e-04 -5.33510000e-04 -7.88900000e-05 3.69280000e-03 -7.58500000e-05 2.95822000e-03 3.80840000e-03 7.29290100e-02 -5.45000000e-04 4.63400000e-05 1.06530000e-04 -2.68202000e-03 3.86108000e-03 -2.33040000e-03 5.64760000e-04 8.04890000e-04 -1.66698000e-03 3.28250000e-04 1.32364000e-03 1.18267000e-03 1.15423000e-03 -3.71770000e-04 -1.91007000e-03 9.30160000e-04 2.67497000e-03 -3.94700000e-05 2.12168000e-03 4.42189000e-03 -3.60931000e-03 2.57470000e-04 -1.92450000e-03 1.23061000e-03 -3.17570000e-04 -1.50376000e-03 1.56877000e-03 -7.23960000e-04 1.74085000e-03 1.77443000e-03 9.37960000e-04 -2.98800000e-05 7.35870000e-04 -9.50610000e-04 9.72010000e-04 1.08540000e-03 1.91130000e-03 -1.58700000e-04 -9.21830000e-04 5.21430000e-04 -1.51290000e-03 -4.14833000e-03 -2.40046000e-03 6.74220000e-04 2.19098000e-03 4.12625000e-03 -1.02670000e-03 -3.26690000e-04 1.13033000e-03 -5.91270000e-04 -1.92024000e-03 5.68990000e-04 1.07320000e-03 -5.85800000e-05 6.66760000e-04 1.93003000e-03 1.22963000e-03 -1.83160000e-04 -4.07795000e-03 1.06950000e-04 6.21970000e-04 -4.77000000e-04 2.96150000e-04 1.22918000e-03 -9.92770000e-04 1.78929000e-03 -2.69903000e-03 -9.25640000e-04 -7.51500000e-05 9.22980000e-04 -8.37520000e-04 -1.50148000e-03 2.27995000e-03 -1.15700000e-04 -2.56050000e-04 -1.59287000e-03 -3.55685000e-03 -5.86600000e-04 3.80930000e-03 -1.52798000e-03 1.15369000e-03 -2.36960000e-04 -1.66270000e-04 -5.79800000e-05 2.43088000e-03 4.11470000e-04 -1.14447000e-03 1.96260000e-04 1.92670000e-04 1.46597000e-03 2.22922000e-03 4.94540000e-04 5.84072000e-03 2.06468000e-03 2.50638000e-03 2.43783000e-03 1.57133000e-03 3.06012000e-03
-2.70751000e-03 -4.54540000e-04 8.57930000e-04 9.73690000e-04 -5.39640000e-04 -4.45430000e-04 1.44320000e-04 6.24390000e-04 1.29011000e-03 1.26550000e-03 4.82590000e-04 6.40750000e-04 3.03610000e-04 2.94460000e-04 -8.30880000e-04 1.05654000e-03 -6.13960000e-04 -7.19020000e-04 -5.45000000e-04 2.20811800e-02 1.63550000e-04 5.08060000e-04 1.46351000e-03 -5.94410000e-04 1.52470000e-03 -2.68060000e-04 3.34100000e-04 1.44440000e-03 6.07310000e-04 -5.50680000e-04 -1.30610000e-04 3.56380000e-04 7.06330000e-04 5.63020000e-04 2.97040000e-04 -5.75790000e-04 5.40550000e-04 -1.22409000e-03 -1.27743000e-03 2.20121000e-03 5.15760000e-04 1.31449000e-03 -3.17000000e-06 2.53340000e-04 1.03046000e-03 9.45500000e-05 3.63710000e-04 -6.27270000e-04 -1.11204000e-03 2.82910000e-04 6.66650000e-04 2.02960000e-04 5.41300000e-04 -4.55890000e-04 -3.03820000e-04 -3.50200000e-04 -3.97300000e-04 7.85000000e-04 -4.92980000e-04 1.24297000e-03 1.99094000e-03 1.51520000e-03 -6.21110000e-04 -8.52200000e-05 -3.37860000e-04 1.69320000e-04 2.97270000e-04 -2.15310000e-04 -2.74030000e-04 1.40364000e-03 4.39440000e-04 -4.02700000e-04 4.35750000e-04 -2.16970000e-04 -9.29000000e-06 -6.96700000e-04 5.35410000e-04 2.06309000e-03 4.23120000e-04 2.39840000e-04 8.83910000e-04 -1.68770000e-04 -1.63660000e-04 3.88510000e-04 -1.29377000e-03 1.55599000e-03 7.01170000e-04 -3.57400000e-05 -5.30490000e-04 1.06914000e-03 6.21690000e-04 -1.43565000e-03 -2.43290000e-04 8.28700000e-05 7.37180000e-04 2.08545000e-03 -5.40830000e-04 -2.25804000e-03 8.22950000e-04 -5.44550000e-04 8.79500000e-05 3.51500000e-05 -2.00920000e-04 -1.39095000e-03 -2.52080000e-04 4.39350000e-04 -3.78100000e-05 -3.29550000e-04 -7.51390000e-04 -7.12840000e-04 -4.93950000e-04 -1.68987000e-03 -1.30173000e-03 -5.72370000e-04 -1.57183000e-03 -7.77280000e-04 -1.94124000e-03
-1.46150000e-04 -2.26000000e-06 2.59420000e-04 3.89460000e-04 -3.75400000e-04 -2.97740000e-04 -9.34400000e-05 4.41640000e-04 2.33540000e-04 2.12730000e-04 -6.65400000e-05 -2.35200000e-05 3.25080000e-04 -2.29760000e-04 2.15020000e-04 4.09410000e-04 -1.31100000e-04 4.79000000e-04 4.63400000e-05 1.63550000e-04 3.91546700e-02 6.92300000e-05 2.48870000e-04 2.22360000e-04 1.43150000e-04 -1.29330000e-04 -2.91700000e-05 5.19500000e-04 -3.23400000e-05 6.08000000e-06 -7.31400000e-05 1.78790000e-04 1.55640000e-04 2.10770000e-04 1.19050000e-04 -3.79000000e-06 -5.86000000e-06 -5.44270000e-04 -2.01000000e-06 7.64990000e-04 -5.94000000e-06 2.84050000e-04 -2.66060000e-04 5.33850000e-04 2.47180000e-04 1.81830000e-04 1.06760000e-04 5.98920000e-04 -5.57290000e-04 1.62650000e-04 6.70700000e-05 1.10600000e-05 4.89630000e-04 -2.58060000e-04 3.18600000e-04 -1.27380000e-04 -2.22660000e-04 7.75370000e-04 -3.27440000e-04 2.17690000e-04 4.05840000e-04 2.92880000e-04 -1.50350000e-04 -8.71000000e-06 8.42750000e-04 -3.87310000e-04 4.24750000e-04 -2.89600000e-05 -4.34240000e-04 6.35990000e-04 -9.61000000e-05 -6.85400000e-05 4.24400000e-04 3.91750000e-04 3.32900000e-05 -2.51670000e-04 -7.54700000e-05 3.21580000e-04 2.49360000e-04 -5.99500000e-05 1.67570000e-04 -1.65890000e-04 -2.49650000e-04 4.71510000e-04 -6.06660000e-04 2.52940000e-04 3.04940000e-04 -3.10570000e-04 -3.73960000e-04 2.41530000e-04 6.49220000e-04 -3.14000000e-04 -4.48820000e-04 3.38920000e-04 5.21090000e-04 1.39438000e-03 -1.36500000e-04 2.14400000e-05 7.74240000e-04 8.60200000e-05 1.60970000e-04 5.08200000e-05 -4.98900000e-05 8.48100000e-05 1.43950000e-04 5.36400000e-05 3.76430000e-04 -1.84770000e-04 7.50000000e-07 3.95890000e-04 -2.38120000e-04 -5.35600000e-05 -2.24100000e-04 1.64200000e-04 -3.02100000e-04 3.93400000e-05 -3.99300000e-04
1.26260000e-04 8.52000000e-06 5.88810000e-04 -4.96240000e-04 -1.04120000e-04 -6.30100000e-05 7.36330000e-04 -9.58000000e-05 3.57900000e-05 2.85020000e-04 5.81390000e-04 4.99340000e-04 1.60100000e-05 2.99360000e-04 1.03191000e-03 6.46150000e-04 8.90640000e-04 1.09843000e-03 1.06530000e-04 5.08060000e-04 6.92300000e-05 2.13524800e-02 2.43700000e-05 1.16119000e-03 1.55750000e-04 -3.16700000e-05 5.77680000e-04 3.43300000e-04 5.97260000e-04 1.19480000e-04 5.03460000e-04 7.65340000e-04 4.23580000e-04 -3.85100000e-04 6.28470000e-04 7.89450000e-04 4.36320000e-04 -7.24300000e-05 1.03236000e-03 9.61900000e-05 5.53080000e-04 2.10980000e-04 5.65150000e-04 -1.07920000e-04 1.96730000e-04 7.61920000e-04 -6.64300000e-05 1.85410000e-04 -1.79200000e-04 6.43500000e-04 5.08170000e-04 5.53720000e-04 -6.16000000e-05 -5.42000000e-05 1.89030000e-04 6.57780000e-04 -2.69200000e-04 -6.11500000e-05 -7.48500000e-05 3.29150000e-04 -1.91370000e-04 1.37460000e-04 -1.52270000e-04 8.84900000e-04 1.39800000e-03 -3.47180000e-04 -3.21300000e-05 1.84680000e-04 -4.80230000e-04 1.14770000e-04 5.65790000e-04 5.59800000e-05 9.68800000e-05 8.66800000e-05 8.73280000e-04 8.00000000e-06 4.13110000e-04 -1.92710000e-04 2.96600000e-04 5.76000000e-04 5.23750000e-04 -7.42500000e-05 5.27870000e-04 -2.37210000e-04 -1.77080000e-04 4.44300000e-05 8.45000000e-05 -1.05820000e-04 -7.71100000e-05 4.52700000e-04 -2.84690000e-04 -9.70900000e-05 -2.33980000e-04 -9.01000000e-06 -1.39040000e-04 5.96800000e-05 -5.80830000e-04 -9.48800000e-05 -2.26260000e-04 9.13000000e-05 -3.73000000e-06 -1.62700000e-05 -1.61030000e-04 -1.74900000e-05 4.48100000e-05 -9.97500000e-05 7.14100000e-05 -1.05810000e-04 4.43100000e-05 4.07630000e-04 -2.00300000e-05 1.29048000e-03 -8.62900000e-05 7.85750000e-04 -1.90030000e-04 7.85500000e-05 -2.17840000e-04
-1.20027800e-02 -1.90873000e-03 4.30290000e-04 6.82032000e-03 -1.37741000e-03 -1.72625000e-03 -2.91464000e-03 2.06469000e-03 6.15452000e-03 3.88800000e-03 -7.91800000e-04 6.87190000e-04 5.72880000e-04 2.37460000e-04 -8.94023000e-03 8.91050000e-04 -7.20473000e-03 -9.27260000e-03 -2.68202000e-03 1.46351000e-03 2.48870000e-04 2.43700000e-05 2.57045700e-02 -9.07240000e-03 5.94636000e-03 -8.77700000e-04 -1.31879000e-03 3.93480000e-03 -3.48880000e-04 -2.49667000e-03 -2.40308000e-03 -2.45240000e-03 1.29572000e-03 4.73274000e-03 -2.03879000e-03 -5.51055000e-03 7.09450000e-04 -4.15802000e-03 -1.01943300e-02 8.43207000e-03 -1.77390000e-04 4.76347000e-03 -2.56881000e-03 1.34406000e-03 4.00225000e-03 -3.65502000e-03 1.81326000e-03 -3.29030000e-03 -3.31686000e-03 -2.02453000e-03 2.52830000e-04 -1.46037000e-03 2.30131000e-03 -1.24230000e-03 -2.11112000e-03 -3.87349000e-03 -1.06750000e-04 2.96207000e-03 -1.80368000e-03 3.50565000e-03 1.01193800e-02 5.88601000e-03 -2.40145000e-03 -4.71758000e-03 -1.03286300e-02 3.13607000e-03 1.15844000e-03 -2.19953000e-03 2.40946000e-03 4.02249000e-03 -1.13401000e-03 -1.95847000e-03 8.17130000e-04 -1.17914000e-03 -4.71640000e-03 -2.26360000e-03 7.09610000e-04 1.00617900e-02 -3.95570000e-04 -1.87754000e-03 1.13977000e-03 -1.69870000e-04 -2.49782000e-03 2.77162000e-03 -3.78125000e-03 6.57140000e-03 2.17298000e-03 5.67400000e-04 -1.47365000e-03 2.11317000e-03 3.78250000e-03 -5.75059000e-03 7.33290000e-04 -4.38420000e-04 2.67467000e-03 6.41221000e-03 8.85170000e-04 -9.70815000e-03 4.07036000e-03 -3.45234000e-03 -5.35400000e-04 -3.30320000e-04 -6.48880000e-04 -6.15086000e-03 -1.79169000e-03 1.56334000e-03 -1.61383000e-03 -1.39459000e-03 -4.12461000e-03 -5.99677000e-03 -1.58171000e-03 -1.36952600e-02 -5.27627000e-03 -5.79728000e-03 -5.51719000e-03 -4.20209000e-03 -6.63310000e-03
1.71871700e-02 2.24517000e-03 1.16029000e-03 -9.99439000e-03 1.23839000e-03 1.88036000e-03 6.11452000e-03 -2.90420000e-03 -8.14888000e-03 -4.38234000e-03 2.63527000e-03 1.91760000e-04 -6.26480000e-04 2.56360000e-04 1.68669500e-02 7.05920000e-04 1.33638400e-02 1.83881900e-02 3.86108000e-03 -5.94410000e-04 2.22360000e-04 1.16119000e-03 -9.07240000e-03 6.87926400e-02 -7.90143000e-03 9.24900000e-04 3.25358000e-03 -4.04720000e-03 2.24604000e-03 3.46636000e-03 4.23484000e-03 5.91699000e-03 -7.11060000e-04 -6.94334000e-03 4.60411000e-03 9.27765000e-03 -4.27300000e-05 5.52724000e-03 1.69964400e-02 -1.07018200e-02 1.54635000e-03 -5.88510000e-03 4.99650000e-03 -2.08671000e-03 -4.78530000e-03 7.23079000e-03 -2.77190000e-03 4.70539000e-03 4.83236000e-03 4.60656000e-03 1.11577000e-03 3.31045000e-03 -3.07261000e-03 1.29541000e-03 3.47737000e-03 6.62661000e-03 -1.03201000e-03 -3.58126000e-03 1.99219000e-03 -3.67736000e-03 -1.36176400e-02 -7.48657000e-03 3.08769000e-03 9.45330000e-03 1.97545000e-02 -5.29780000e-03 -1.56844000e-03 3.77483000e-03 -5.03744000e-03 -4.65776000e-03 3.19375000e-03 2.73194000e-03 -8.46190000e-04 1.91035000e-03 8.99660000e-03 2.63969000e-03 -1.10260000e-04 -1.39768000e-02 1.52742000e-03 4.65024000e-03 2.50010000e-04 -1.54130000e-04 4.45667000e-03 -3.93388000e-03 4.69718000e-03 -8.72293000e-03 -2.52223000e-03 -1.36707000e-03 1.49943000e-03 -1.55632000e-03 -5.01772000e-03 7.57428000e-03 -2.14415000e-03 7.09220000e-04 -3.73628000e-03 -7.87623000e-03 -2.89229000e-03 1.40685700e-02 -5.53461000e-03 5.00409000e-03 7.90520000e-04 1.78580000e-04 3.13390000e-04 9.30055000e-03 2.29511000e-03 -2.50127000e-03 2.66299000e-03 1.64095000e-03 5.63479000e-03 9.00437000e-03 1.57382000e-03 2.36107300e-02 7.22808000e-03 1.00178800e-02 6.49307000e-03 6.04491000e-03 8.21570000e-03
-1.07428200e-02 -1.77387000e-03 6.53510000e-04 5.67442000e-03 -1.19152000e-03 -1.50547000e-03 -2.34392000e-03 1.84538000e-03 5.35946000e-03 3.61509000e-03 -4.75090000e-04 7.90470000e-04 5.09820000e-04 2.95030000e-04 -7.92321000e-03 1.08972000e-03 -6.22309000e-03 -8.27504000e-03 -2.33040000e-03 1.52470000e-03 1.43150000e-04 1.55750000e-04 5.94636000e-03 -7.90143000e-03 2.92783700e-02 -7.38070000e-04 -9.50760000e-04 3.63203000e-03 -1.32110000e-04 -2.21251000e-03 -1.90220000e-03 -1.96540000e-03 1.23581000e-03 4.02844000e-03 -1.44821000e-03 -4.65668000e-03 7.35660000e-04 -3.76705000e-03 -8.74098000e-03 7.48362000e-03 1.35500000e-05 4.34735000e-03 -2.10009000e-03 1.23800000e-03 3.51323000e-03 -2.84658000e-03 1.67427000e-03 -2.89600000e-03 -3.15373000e-03 -1.50393000e-03 4.60020000e-04 -1.08281000e-03 2.01576000e-03 -1.08711000e-03 -1.86481000e-03 -3.19328000e-03 -1.92760000e-04 2.67457000e-03 -1.62213000e-03 3.25936000e-03 8.72626000e-03 5.33153000e-03 -2.17864000e-03 -4.02254000e-03 -8.66869000e-03 2.63085000e-03 1.06661000e-03 -1.75248000e-03 1.91927000e-03 3.76080000e-03 -7.44520000e-04 -1.65418000e-03 9.23560000e-04 -1.09704000e-03 -3.80337000e-03 -2.03223000e-03 7.49680000e-04 8.82353000e-03 -1.42460000e-04 -1.57524000e-03 1.11089000e-03 -1.42100000e-04 -2.00763000e-03 2.34856000e-03 -3.47282000e-03 5.86801000e-03 2.01426000e-03 5.43300000e-04 -1.26118000e-03 2.05454000e-03 3.19009000e-03 -5.20607000e-03 5.59070000e-04 -3.96730000e-04 2.33611000e-03 5.72401000e-03 4.90500000e-04 -8.89851000e-03 3.59813000e-03 -3.00352000e-03 -3.94030000e-04 -2.20160000e-04 -5.82700000e-04 -5.66603000e-03 -1.58690000e-03 1.41445000e-03 -1.39354000e-03 -1.21840000e-03 -3.58450000e-03 -5.02299000e-03 -1.43927000e-03 -1.18627600e-02 -4.78440000e-03 -4.87490000e-03 -4.90882000e-03 -3.72066000e-03 -5.96072000e-03
1.69018000e-03 2.36790000e-04 -1.35360000e-04 -1.05159000e-03 5.90570000e-04 3.08450000e-04 4.65970000e-04 -5.44410000e-04 -7.96890000e-04 -5.68320000e-04 6.17300000e-05 -1.75400000e-05 -2.21500000e-04 8.65000000e-06 8.36760000e-04 -1.87290000e-04 7.88230000e-04 7.59920000e-04 5.64760000e-04 -2.68060000e-04 -1.29330000e-04 -3.16700000e-05 -8.77700000e-04 9.24900000e-04 -7.38070000e-04 1.40572400e-02 2.45310000e-04 -7.50780000e-04 8.47700000e-05 5.04260000e-04 3.55370000e-04 2.15190000e-04 -2.01630000e-04 -5.56960000e-04 1.65620000e-04 7.88910000e-04 -9.70000000e-06 9.52530000e-04 1.21517000e-03 -1.41105000e-03 6.20100000e-05 -6.92830000e-04 4.26720000e-04 -1.50900000e-04 -5.45810000e-04 3.13390000e-04 -1.58610000e-04 4.25870000e-04 8.65200000e-04 1.56000000e-04 -9.26700000e-05 1.59040000e-04 -3.71460000e-04 5.92440000e-04 2.94250000e-04 6.06740000e-04 1.32500000e-04 -3.92170000e-04 3.12450000e-04 -5.92160000e-04 -1.39080000e-03 -8.43810000e-04 3.11280000e-04 6.00440000e-04 7.01500000e-04 1.89300000e-05 -1.34780000e-04 4.32200000e-04 2.18690000e-04 -8.51670000e-04 1.57760000e-04 4.68460000e-04 -2.90500000e-05 1.42350000e-04 4.39580000e-04 5.57590000e-04 -6.54300000e-05 -1.28883000e-03 -9.14900000e-05 8.66400000e-05 -2.66450000e-04 2.93720000e-04 4.22080000e-04 -3.43150000e-04 8.74320000e-04 -9.06640000e-04 -3.76670000e-04 2.14440000e-04 5.69470000e-04 -3.87920000e-04 -5.79950000e-04 8.76670000e-04 2.69180000e-04 -1.86620000e-04 -6.33520000e-04 -1.65914000e-03 5.92000000e-06 1.18045000e-03 -5.73210000e-04 3.63590000e-04 -1.05520000e-04 -8.84000000e-06 6.12200000e-05 7.52650000e-04 1.11440000e-04 -3.54080000e-04 -6.07700000e-05 1.62000000e-04 5.12410000e-04 5.60520000e-04 2.94170000e-04 1.61353000e-03 7.79890000e-04 5.84570000e-04 1.01392000e-03 5.13190000e-04 1.28098000e-03
2.47103000e-03 1.64980000e-04 6.75770000e-04 -2.12870000e-03 4.19340000e-04 1.26990000e-04 1.61306000e-03 -9.21200000e-04 -1.21625000e-03 -4.07960000e-04 8.10460000e-04 4.81770000e-04 -4.01830000e-04 3.03130000e-04 2.91228000e-03 7.39310000e-04 2.44709000e-03 3.07719000e-03 8.04890000e-04 3.34100000e-04 -2.91700000e-05 5.77680000e-04 -1.31879000e-03 3.25358000e-03 -9.50760000e-04 2.45310000e-04 2.07653200e-02 -4.30800000e-04 8.92580000e-04 7.21070000e-04 1.04059000e-03 1.47499000e-03 2.54110000e-04 -1.37557000e-03 1.13327000e-03 2.08237000e-03 4.82220000e-04 1.02070000e-03 3.19457000e-03 -1.70873000e-03 7.71390000e-04 -7.54510000e-04 1.31133000e-03 -3.40280000e-04 -5.69870000e-04 1.54877000e-03 -4.59790000e-04 8.72900000e-04 8.31980000e-04 1.11623000e-03 5.59050000e-04 9.23390000e-04 -6.12780000e-04 4.72110000e-04 6.06730000e-04 1.57229000e-03 -4.51840000e-04 -5.62490000e-04 1.34190000e-04 -3.79510000e-04 -2.27804000e-03 -1.04280000e-03 9.95100000e-05 2.07961000e-03 3.50410000e-03 -7.35640000e-04 -2.25800000e-04 8.14110000e-04 -6.86940000e-04 -8.28560000e-04 1.01896000e-03 5.85940000e-04 8.62700000e-05 2.78990000e-04 1.87005000e-03 5.91490000e-04 3.77440000e-04 -2.16164000e-03 3.22750000e-04 9.33160000e-04 4.12420000e-04 8.08700000e-05 1.15294000e-03 -8.12580000e-04 6.80320000e-04 -1.27300000e-03 -3.65220000e-04 -9.01700000e-05 4.09550000e-04 9.63100000e-05 -1.07720000e-03 9.32860000e-04 -2.85830000e-04 -3.34080000e-04 -1.08424000e-03 -1.99274000e-03 -1.00179000e-03 1.59511000e-03 -1.04187000e-03 5.26440000e-04 -2.33940000e-04 -2.25240000e-04 -2.83790000e-04 1.04048000e-03 8.59700000e-05 -7.69140000e-04 -1.04600000e-05 -7.75200000e-05 6.28870000e-04 1.29595000e-03 9.81100000e-05 4.22080000e-03 8.03380000e-04 1.89861000e-03 8.61830000e-04 7.15790000e-04 1.09938000e-03
-7.05702000e-03 -1.10282000e-03 9.45240000e-04 3.85706000e-03 -1.42252000e-03 -1.13290000e-03 -1.29563000e-03 1.79819000e-03 3.54529000e-03 2.70965000e-03 7.20000000e-06 6.07340000e-04 7.57930000e-04 1.92600000e-04 -4.08013000e-03 1.29827000e-03 -3.41926000e-03 -3.95571000e-03 -1.66698000e-03 1.44440000e-03 5.19500000e-04 3.43300000e-04 3.93480000e-03 -4.04720000e-03 3.63203000e-03 -7.50780000e-04 -4.30800000e-04 1.68803700e-02 1.74710000e-04 -1.63715000e-03 -1.16243000e-03 -7.00530000e-04 1.06715000e-03 2.52385000e-03 -4.70040000e-04 -2.89096000e-03 5.28670000e-04 -3.16448000e-03 -5.15947000e-03 5.70888000e-03 1.63360000e-04 3.13572000e-03 -1.28585000e-03 1.04815000e-03 2.49231000e-03 -1.20981000e-03 1.04092000e-03 -1.59986000e-03 -2.75439000e-03 -4.74650000e-04 6.59350000e-04 -4.63090000e-04 1.63166000e-03 -1.31093000e-03 -1.00444000e-03 -2.06234000e-03 -4.71180000e-04 2.19898000e-03 -1.21121000e-03 2.57071000e-03 5.84734000e-03 3.77051000e-03 -1.41484000e-03 -2.15709000e-03 -3.72413000e-03 9.00650000e-04 8.97380000e-04 -1.14563000e-03 1.75410000e-04 3.27819000e-03 -2.12790000e-04 -1.26749000e-03 8.06890000e-04 -5.10470000e-04 -1.82318000e-03 -1.82261000e-03 5.76830000e-04 5.84130000e-03 3.39100000e-04 -5.33340000e-04 1.19054000e-03 -4.46560000e-04 -1.37396000e-03 1.67568000e-03 -2.98480000e-03 4.06253000e-03 1.68062000e-03 -1.02370000e-04 -1.41295000e-03 1.82428000e-03 2.44424000e-03 -3.58295000e-03 -3.13940000e-04 2.58710000e-04 2.17466000e-03 5.46229000e-03 -1.02950000e-04 -5.54593000e-03 2.72073000e-03 -1.66812000e-03 1.31010000e-04 2.82200000e-05 -3.11700000e-04 -3.44527000e-03 -7.62140000e-04 1.19754000e-03 -2.76600000e-04 -7.88630000e-04 -2.16994000e-03 -2.61625000e-03 -1.17662000e-03 -6.90445000e-03 -3.24149000e-03 -2.66760000e-03 -3.68228000e-03 -2.20998000e-03 -4.57733000e-03
7.81640000e-04 6.25200000e-05 7.68080000e-04 -1.08824000e-03 1.07740000e-04 7.97100000e-05 1.24863000e-03 -2.64080000e-04 -3.84440000e-04 1.42800000e-04 7.91290000e-04 6.43740000e-04 -2.21900000e-05 3.43720000e-04 1.88282000e-03 8.63700000e-04 1.61012000e-03 2.07582000e-03 3.28250000e-04 6.07310000e-04 -3.23400000e-05 5.97260000e-04 -3.48880000e-04 2.24604000e-03 -1.32110000e-04 8.47700000e-05 8.92580000e-04 1.74710000e-04 2.62559600e-02 2.80150000e-04 6.10610000e-04 1.18243000e-03 4.07570000e-04 -8.12720000e-04 8.18110000e-04 1.17239000e-03 5.29320000e-04 3.06450000e-04 1.68624000e-03 -4.35220000e-04 7.38600000e-04 -7.53400000e-05 9.72880000e-04 -3.26440000e-04 -5.57200000e-05 1.02789000e-03 -1.76780000e-04 1.35510000e-04 2.83720000e-04 8.34950000e-04 6.28330000e-04 6.55580000e-04 -2.40060000e-04 2.08470000e-04 2.47160000e-04 8.94970000e-04 -3.37370000e-04 -2.44890000e-04 7.44100000e-05 2.02550000e-04 -8.12220000e-04 -2.04030000e-04 3.04600000e-05 1.56689000e-03 2.27016000e-03 -3.63960000e-04 -1.20890000e-04 4.56690000e-04 -5.65470000e-04 -8.26200000e-05 8.75490000e-04 2.46390000e-04 1.21420000e-04 3.92700000e-05 1.30991000e-03 1.62210000e-04 4.60190000e-04 -7.64080000e-04 3.71720000e-04 8.56130000e-04 6.73650000e-04 3.32300000e-05 6.94110000e-04 -5.00270000e-04 5.43900000e-05 -3.54550000e-04 -4.34400000e-05 -1.15400000e-05 1.07670000e-04 4.72300000e-04 -6.19650000e-04 2.76200000e-04 -2.45030000e-04 -3.02000000e-05 -3.30300000e-04 -4.72400000e-04 -7.83040000e-04 4.65040000e-04 -5.66640000e-04 3.19310000e-04 3.73700000e-05 1.38400000e-05 -1.16260000e-04 3.64020000e-04 1.12230000e-04 -1.70980000e-04 1.53670000e-04 2.33500000e-05 3.13500000e-04 6.67660000e-04 1.79400000e-05 2.42311000e-03 2.52530000e-04 1.00960000e-03 4.41700000e-05 3.47730000e-04 8.73900000e-05
4.77776000e-03 6.90410000e-04 -9.74500000e-05 -2.90825000e-03 8.68920000e-04 5.41840000e-04 1.35258000e-03 -1.22125000e-03 -2.23259000e-03 -1.49800000e-03 2.99250000e-04 -1.10000000e-04 -4.61610000e-04 -5.52600000e-05 3.35022000e-03 -1.94270000e-04 2.70184000e-03 3.41816000e-03 1.32364000e-03 -5.50680000e-04 6.08000000e-06 1.19480000e-04 -2.49667000e-03 3.46636000e-03 -2.21251000e-03 5.04260000e-04 7.21070000e-04 -1.63715000e-03 2.80150000e-04 2.01744800e-02 1.08971000e-03 1.04857000e-03 -3.34030000e-04 -1.85170000e-03 8.02790000e-04 2.48982000e-03 -1.94300000e-05 1.94772000e-03 4.10468000e-03 -3.45304000e-03 2.60000000e-04 -1.84448000e-03 1.13817000e-03 -3.88720000e-04 -1.42006000e-03 1.38570000e-03 -6.67990000e-04 1.55123000e-03 1.63141000e-03 8.06410000e-04 -7.97400000e-05 6.89930000e-04 -9.19850000e-04 8.88220000e-04 9.82730000e-04 1.80115000e-03 8.77000000e-06 -1.00581000e-03 5.80010000e-04 -1.45706000e-03 -3.88560000e-03 -2.29553000e-03 7.13280000e-04 1.98928000e-03 3.64893000e-03 -8.67310000e-04 -3.59450000e-04 1.00026000e-03 -4.47800000e-04 -1.87262000e-03 5.24720000e-04 9.58910000e-04 -1.41680000e-04 6.03710000e-04 1.72816000e-03 1.19222000e-03 -1.43270000e-04 -3.85843000e-03 8.63900000e-05 5.75620000e-04 -4.36750000e-04 2.62770000e-04 1.20002000e-03 -1.00826000e-03 1.67915000e-03 -2.56294000e-03 -9.34700000e-04 -4.07000000e-05 8.66100000e-04 -8.35540000e-04 -1.51777000e-03 2.20595000e-03 -6.15200000e-05 -1.83630000e-04 -1.45092000e-03 -3.31304000e-03 -3.84510000e-04 3.61219000e-03 -1.53757000e-03 1.12881000e-03 -1.52800000e-04 -1.00240000e-04 2.51500000e-05 2.30114000e-03 5.03630000e-04 -9.66370000e-04 2.40930000e-04 2.78820000e-04 1.42662000e-03 2.08987000e-03 6.09900000e-04 5.35291000e-03 2.00626000e-03 2.31127000e-03 2.32911000e-03 1.51241000e-03 2.91937000e-03
4.81947000e-03 5.89260000e-04 3.69820000e-04 -3.09966000e-03 5.24280000e-04 5.31700000e-04 1.75645000e-03 -1.18827000e-03 -1.99238000e-03 -1.07300000e-03 8.35900000e-04 2.19820000e-04 -4.02890000e-04 3.28510000e-04 4.20099000e-03 1.85970000e-04 3.49134000e-03 4.29505000e-03 1.18267000e-03 -1.30610000e-04 -7.31400000e-05 5.03460000e-04 -2.40308000e-03 4.23484000e-03 -1.90220000e-03 3.55370000e-04 1.04059000e-03 -1.16243000e-03 6.10610000e-04 1.08971000e-03 3.72378900e-02 1.48392000e-03 -3.53700000e-05 -1.82003000e-03 1.53098000e-03 2.99595000e-03 2.00200000e-04 1.71516000e-03 4.95460000e-03 -3.05501000e-03 5.43140000e-04 -1.39073000e-03 1.53666000e-03 -3.96690000e-04 -1.14160000e-03 2.24793000e-03 -7.17920000e-04 1.56423000e-03 1.26086000e-03 1.49879000e-03 4.49820000e-04 1.22579000e-03 -9.70290000e-04 4.86840000e-04 9.92710000e-04 2.32431000e-03 -2.48850000e-04 -1.09346000e-03 5.53340000e-04 -9.81810000e-04 -3.73601000e-03 -1.86612000e-03 6.10540000e-04 2.45924000e-03 4.88986000e-03 -1.42557000e-03 -4.40980000e-04 1.06058000e-03 -1.10894000e-03 -1.66108000e-03 9.28680000e-04 8.58450000e-04 -2.47010000e-04 5.41270000e-04 2.57101000e-03 9.51830000e-04 1.77260000e-04 -3.74758000e-03 2.46200000e-04 1.16868000e-03 -1.12380000e-04 3.08400000e-05 1.67673000e-03 -1.09655000e-03 1.55542000e-03 -2.22613000e-03 -7.45030000e-04 -2.64510000e-04 6.19310000e-04 -4.00920000e-04 -1.57477000e-03 2.01037000e-03 -4.06780000e-04 -1.54180000e-04 -1.48192000e-03 -3.02539000e-03 -8.70920000e-04 3.39729000e-03 -1.63664000e-03 1.16474000e-03 -8.88200000e-05 -7.53300000e-05 -9.31500000e-05 2.27814000e-03 3.98230000e-04 -9.81900000e-04 2.95060000e-04 2.45870000e-04 1.36523000e-03 2.44671000e-03 5.61250000e-04 6.39524000e-03 1.87998000e-03 3.18443000e-03 2.12185000e-03 1.52603000e-03 2.70067000e-03
4.55431000e-03 5.00570000e-04 9.39340000e-04 -3.09890000e-03 2.65890000e-04 3.34670000e-04 2.35608000e-03 -9.25710000e-04 -2.24086000e-03 -8.86740000e-04 1.19498000e-03 4.92210000e-04 -2.55620000e-04 2.37030000e-04 5.37344000e-03 9.54620000e-04 4.33450000e-03 5.94581000e-03 1.15423000e-03 3.56380000e-04 1.78790000e-04 7.65340000e-04 -2.45240000e-03 5.91699000e-03 -1.96540000e-03 2.15190000e-04 1.47499000e-03 -7.00530000e-04 1.18243000e-03 1.04857000e-03 1.48392000e-03 5.43199600e-02 2.12330000e-04 -2.29238000e-03 1.82532000e-03 3.16872000e-03 4.19310000e-04 1.33333000e-03 5.46195000e-03 -2.74602000e-03 1.00109000e-03 -1.43121000e-03 1.82688000e-03 -5.78200000e-04 -1.14538000e-03 2.61298000e-03 -7.97940000e-04 1.45644000e-03 1.15009000e-03 1.79538000e-03 7.68020000e-04 1.36620000e-03 -8.62700000e-04 3.41470000e-04 1.11067000e-03 2.31702000e-03 -5.81470000e-04 -8.08530000e-04 3.40310000e-04 -6.82020000e-04 -3.87991000e-03 -1.90347000e-03 6.09150000e-04 3.32873000e-03 6.79802000e-03 -1.60113000e-03 -3.64020000e-04 1.26108000e-03 -1.69954000e-03 -9.96370000e-04 1.48851000e-03 7.95730000e-04 4.48200000e-05 5.98290000e-04 3.17795000e-03 6.97160000e-04 3.43440000e-04 -3.92307000e-03 7.92140000e-04 1.67099000e-03 6.78980000e-04 -1.09250000e-04 1.62449000e-03 -1.28184000e-03 9.40810000e-04 -2.33024000e-03 -5.28520000e-04 -4.45870000e-04 3.34700000e-04 1.50200000e-05 -1.52360000e-03 1.81797000e-03 -8.49110000e-04 3.30000000e-05 -1.18125000e-03 -2.11682000e-03 -1.35166000e-03 3.55051000e-03 -1.52151000e-03 1.33187000e-03 1.47260000e-04 -9.80100000e-05 -1.37530000e-04 2.38234000e-03 5.93080000e-04 -8.55320000e-04 6.91090000e-04 2.57840000e-04 1.45997000e-03 2.70901000e-03 2.65800000e-04 7.43018000e-03 1.72788000e-03 3.26792000e-03 1.46316000e-03 1.59379000e-03 1.86584000e-03
-2.15496000e-03 -4.43500000e-04 5.99490000e-04 7.38630000e-04 -3.43680000e-04 -5.16540000e-04 5.93500000e-05 1.68810000e-04 1.18156000e-03 9.87330000e-04 2.95230000e-04 4.65710000e-04 -1.86000000e-06 2.54940000e-04 -8.20730000e-04 7.56670000e-04 -6.38650000e-04 -7.86740000e-04 -3.71770000e-04 7.06330000e-04 1.55640000e-04 4.23580000e-04 1.29572000e-03 -7.11060000e-04 1.23581000e-03 -2.01630000e-04 2.54110000e-04 1.06715000e-03 4.07570000e-04 -3.34030000e-04 -3.53700000e-05 2.12330000e-04 9.64755000e-03 5.11940000e-04 1.87010000e-04 -3.45770000e-04 5.09300000e-04 -8.36720000e-04 -9.84800000e-04 1.68975000e-03 4.19670000e-04 1.03683000e-03 -3.51000000e-05 2.76210000e-04 9.31040000e-04 -4.00000000e-07 2.46130000e-04 -3.44300000e-04 -7.45300000e-04 1.74760000e-04 4.73410000e-04 2.18210000e-04 3.62630000e-04 -2.85830000e-04 -1.80480000e-04 -1.50230000e-04 -3.73960000e-04 6.54640000e-04 -5.27110000e-04 9.04430000e-04 1.70237000e-03 1.20741000e-03 -7.02350000e-04 -1.75640000e-04 -6.23380000e-04 2.66890000e-04 2.21580000e-04 -1.97790000e-04 2.02600000e-05 8.95520000e-04 2.98270000e-04 -2.98050000e-04 3.16340000e-04 -9.79900000e-05 -1.69150000e-04 -4.30470000e-04 4.70340000e-04 1.70045000e-03 2.55910000e-04 5.46600000e-05 6.17240000e-04 -1.15860000e-04 -9.66000000e-06 3.52440000e-04 -9.01150000e-04 1.26385000e-03 4.85090000e-04 -1.71900000e-05 -3.37660000e-04 7.63530000e-04 4.99560000e-04 -1.22756000e-03 -9.24300000e-05 -2.31330000e-04 2.67440000e-04 1.11021000e-03 -4.27880000e-04 -1.91494000e-03 6.60130000e-04 -6.80900000e-04 -2.51140000e-04 -2.25160000e-04 -3.72960000e-04 -1.19655000e-03 -4.04770000e-04 5.62800000e-05 -3.69830000e-04 -5.08830000e-04 -8.35150000e-04 -8.63520000e-04 -4.50880000e-04 -1.47273000e-03 -1.12836000e-03 -4.07330000e-04 -1.20133000e-03 -7.86350000e-04 -1.38493000e-03
-8.06706000e-03 -1.48540000e-03 -1.30390000e-04 5.36757000e-03 -8.49640000e-04 -1.16567000e-03 -2.57614000e-03 1.42310000e-03 4.29790000e-03 2.59506000e-03 -9.69460000e-04 4.49500000e-05 2.17770000e-04 -2.66100000e-05 -6.51978000e-03 1.02190000e-04 -5.34644000e-03 -6.85060000e-03 -1.91007000e-03 5.63020000e-04 2.10770000e-04 -3.85100000e-04 4.73274000e-03 -6.94334000e-03 4.02844000e-03 -5.56960000e-04 -1.37557000e-03 2.52385000e-03 -8.12720000e-04 -1.85170000e-03 -1.82003000e-03 -2.29238000e-03 5.11940000e-04 3.60814000e-02 -1.63619000e-03 -4.26200000e-03 1.04430000e-04 -2.70095000e-03 -7.49892000e-03 5.79853000e-03 -6.20210000e-04 3.35464000e-03 -2.17759000e-03 1.13947000e-03 2.76175000e-03 -2.78369000e-03 1.39879000e-03 -2.10216000e-03 -2.06525000e-03 -1.67265000e-03 -1.52450000e-04 -1.24781000e-03 1.75771000e-03 -8.74530000e-04 -1.49137000e-03 -2.97491000e-03 3.42000000e-05 2.03053000e-03 -1.26109000e-03 2.23332000e-03 7.36031000e-03 4.16630000e-03 -1.55425000e-03 -3.92581000e-03 -8.21542000e-03 2.15054000e-03 9.77950000e-04 -1.37114000e-03 1.87609000e-03 2.65417000e-03 -1.24173000e-03 -1.29798000e-03 5.85260000e-04 -7.39340000e-04 -3.77677000e-03 -1.65368000e-03 1.69160000e-04 7.24909000e-03 -8.59220000e-04 -1.57589000e-03 3.96550000e-04 -7.89000000e-05 -1.90574000e-03 2.52369000e-03 -2.19376000e-03 4.68256000e-03 1.52675000e-03 3.94300000e-04 -9.44100000e-04 1.07840000e-03 3.37373000e-03 -3.97858000e-03 5.78130000e-04 -2.57840000e-04 1.78149000e-03 4.36852000e-03 1.07630000e-03 -6.52012000e-03 3.15526000e-03 -2.53776000e-03 -4.11840000e-04 -2.67910000e-04 -4.71860000e-04 -4.27350000e-03 -1.50752000e-03 9.77020000e-04 -1.21719000e-03 -8.79670000e-04 -3.02585000e-03 -4.44918000e-03 -1.13430000e-03 -9.95721000e-03 -3.71612000e-03 -4.16724000e-03 -3.94783000e-03 -3.18077000e-03 -4.99355000e-03
3.93938000e-03 3.48750000e-04 7.93720000e-04 -2.70566000e-03 1.42680000e-04 3.09180000e-04 1.82330000e-03 -7.38070000e-04 -1.66879000e-03 -5.54820000e-04 1.03147000e-03 3.52520000e-04 -1.67590000e-04 2.95870000e-04 4.33415000e-03 6.86330000e-04 3.57910000e-03 4.70777000e-03 9.30160000e-04 2.97040000e-04 1.19050000e-04 6.28470000e-04 -2.03879000e-03 4.60411000e-03 -1.44821000e-03 1.65620000e-04 1.13327000e-03 -4.70040000e-04 8.18110000e-04 8.02790000e-04 1.53098000e-03 1.82532000e-03 1.87010000e-04 -1.63619000e-03 5.91253600e-02 2.69979000e-03 2.61550000e-04 1.08061000e-03 4.73903000e-03 -2.11264000e-03 6.87800000e-04 -9.35580000e-04 1.46749000e-03 -2.22530000e-04 -8.41530000e-04 2.54497000e-03 -5.88280000e-04 1.35721000e-03 7.78700000e-04 1.73476000e-03 7.57140000e-04 1.31429000e-03 -6.93920000e-04 1.24530000e-04 9.61920000e-04 2.13781000e-03 -5.05500000e-04 -5.53770000e-04 2.90270000e-04 -4.51110000e-04 -3.12211000e-03 -1.30200000e-03 4.97480000e-04 2.51491000e-03 5.74443000e-03 -1.57932000e-03 -2.67620000e-04 1.17978000e-03 -1.59217000e-03 -7.80740000e-04 1.21353000e-03 6.80220000e-04 4.51400000e-05 5.17700000e-04 2.78074000e-03 4.95880000e-04 2.70260000e-04 -3.12663000e-03 6.93980000e-04 1.37404000e-03 3.20530000e-04 -1.60560000e-04 1.57108000e-03 -9.01430000e-04 9.08660000e-04 -1.69824000e-03 -3.63890000e-04 -4.40520000e-04 2.87120000e-04 3.34200000e-05 -1.16392000e-03 1.46134000e-03 -7.67820000e-04 5.50600000e-05 -9.86920000e-04 -1.70516000e-03 -1.17669000e-03 2.85829000e-03 -1.09454000e-03 1.12253000e-03 1.49700000e-04 -1.55500000e-05 -1.14650000e-04 1.99230000e-03 3.95580000e-04 -7.14950000e-04 5.61350000e-04 2.18660000e-04 1.22112000e-03 2.47548000e-03 2.47290000e-04 6.24549000e-03 1.47714000e-03 3.11073000e-03 1.43981000e-03 1.36631000e-03 1.91268000e-03
1.05107000e-02 1.32389000e-03 5.20310000e-04 -6.65507000e-03 1.26457000e-03 1.02557000e-03 3.64214000e-03 -2.58609000e-03 -4.83922000e-03 -2.80588000e-03 1.41733000e-03 1.74910000e-04 -9.50480000e-04 2.74340000e-04 9.00829000e-03 3.02560000e-04 7.27327000e-03 9.36019000e-03 2.67497000e-03 -5.75790000e-04 -3.79000000e-06 7.89450000e-04 -5.51055000e-03 9.27765000e-03 -4.65668000e-03 7.88910000e-04 2.08237000e-03 -2.89096000e-03 1.17239000e-03 2.48982000e-03 2.99595000e-03 3.16872000e-03 -3.45770000e-04 -4.26200000e-03 2.69979000e-03 2.81284200e-02 2.34710000e-04 3.81363000e-03 1.03035200e-02 -7.06273000e-03 1.02327000e-03 -3.61398000e-03 3.06728000e-03 -1.03174000e-03 -2.85928000e-03 4.21347000e-03 -1.67358000e-03 3.44143000e-03 2.97621000e-03 2.70755000e-03 5.38770000e-04 2.17775000e-03 -2.09174000e-03 1.27108000e-03 2.18504000e-03 4.52705000e-03 -5.50500000e-04 -2.37681000e-03 1.09402000e-03 -2.57856000e-03 -8.53961000e-03 -4.65312000e-03 1.37211000e-03 5.30627000e-03 1.03635200e-02 -2.92083000e-03 -9.21140000e-04 2.23365000e-03 -2.26091000e-03 -3.63994000e-03 1.75265000e-03 1.88744000e-03 -4.37430000e-04 1.26035000e-03 5.09522000e-03 2.17509000e-03 7.85500000e-05 -8.57315000e-03 5.00690000e-04 2.19995000e-03 -3.15490000e-04 1.37390000e-04 3.10064000e-03 -2.44901000e-03 3.22331000e-03 -5.38282000e-03 -1.79087000e-03 -5.79390000e-04 1.34622000e-03 -1.19060000e-03 -3.41933000e-03 4.51226000e-03 -8.51040000e-04 -2.73850000e-04 -3.15805000e-03 -6.51875000e-03 -1.74374000e-03 7.81520000e-03 -3.59825000e-03 2.56102000e-03 -2.19670000e-04 -2.54100000e-04 -1.81170000e-04 5.04392000e-03 1.01598000e-03 -2.17478000e-03 7.47880000e-04 5.00380000e-04 3.05954000e-03 5.14902000e-03 1.08164000e-03 1.35383100e-02 4.12383000e-03 6.23639000e-03 4.47960000e-03 3.31900000e-03 5.58088000e-03
-1.16448000e-03 -3.53830000e-04 5.32040000e-04 4.61700000e-05 5.64300000e-05 -3.63210000e-04 4.42730000e-04 -3.27740000e-04 6.04460000e-04 5.83250000e-04 3.58900000e-04 5.11720000e-04 -2.81750000e-04 2.94510000e-04 -2.39370000e-04 6.88470000e-04 -8.61400000e-05 -2.80060000e-04 -3.94700000e-05 5.40550000e-04 -5.86000000e-06 4.36320000e-04 7.09450000e-04 -4.27300000e-05 7.35660000e-04 -9.70000000e-06 4.82220000e-04 5.28670000e-04 5.29320000e-04 -1.94300000e-05 2.00200000e-04 4.19310000e-04 5.09300000e-04 1.04430000e-04 2.61550000e-04 2.34710000e-04 1.27767300e-02 -1.79090000e-04 -1.69160000e-04 6.59710000e-04 5.41330000e-04 5.48680000e-04 3.30150000e-04 4.00600000e-05 5.50560000e-04 1.61270000e-04 9.28900000e-05 -1.34670000e-04 -1.62250000e-04 2.59550000e-04 4.16380000e-04 3.29790000e-04 4.83900000e-05 1.17360000e-04 -7.83300000e-05 2.61730000e-04 -3.45030000e-04 2.08070000e-04 -3.69920000e-04 4.94750000e-04 7.58690000e-04 6.07870000e-04 -5.96560000e-04 3.09470000e-04 -2.66920000e-04 3.10020000e-04 8.28200000e-05 1.83200000e-05 2.25930000e-04 2.32520000e-04 4.30270000e-04 -3.04800000e-05 2.26380000e-04 -8.26800000e-05 1.33620000e-04 -2.70600000e-05 4.78010000e-04 8.15930000e-04 8.30800000e-05 1.42240000e-04 5.25930000e-04 4.94700000e-05 2.85890000e-04 2.68300000e-05 -3.53270000e-04 6.15980000e-04 1.85040000e-04 1.16620000e-04 7.54000000e-06 5.16810000e-04 3.54500000e-05 -7.38520000e-04 5.79500000e-05 -4.82910000e-04 -3.09500000e-04 -2.14480000e-04 -5.03990000e-04 -1.29721000e-03 1.34800000e-04 -5.58310000e-04 -4.30850000e-04 -3.32500000e-04 -4.39400000e-04 -8.58470000e-04 -4.29810000e-04 -2.89640000e-04 -5.51890000e-04 -4.76440000e-04 -6.27610000e-04 -6.46670000e-04 -2.99650000e-04 -3.80650000e-04 -7.57140000e-04 -3.71100000e-05 -7.05470000e-04 -5.92860000e-04 -8.07800000e-04
7.86769000e-03 7.80740000e-04 -5.54720000e-04 -4.71315000e-03 1.81761000e-03 8.90730000e-04 2.09829000e-03 -2.70663000e-03 -3.72324000e-03 -2.62889000e-03 3.85680000e-04 -3.58960000e-04 -1.31094000e-03 8.16800000e-05 5.37928000e-03 -8.57150000e-04 4.53684000e-03 5.36680000e-03 2.12168000e-03 -1.22409000e-03 -5.44270000e-04 -7.24300000e-05 -4.15802000e-03 5.52724000e-03 -3.76705000e-03 9.52530000e-04 1.02070000e-03 -3.16448000e-03 3.06450000e-04 1.94772000e-03 1.71516000e-03 1.33333000e-03 -8.36720000e-04 -2.70095000e-03 1.08061000e-03 3.81363000e-03 -1.79090000e-04 3.46137900e-02 6.50013000e-03 -6.24066000e-03 2.12010000e-04 -3.23772000e-03 1.98715000e-03 -9.95340000e-04 -2.44342000e-03 1.94875000e-03 -1.22713000e-03 2.00027000e-03 3.57084000e-03 1.04132000e-03 -2.96670000e-04 9.57170000e-04 -1.91443000e-03 1.71902000e-03 1.27414000e-03 2.84834000e-03 -6.92200000e-05 -2.19116000e-03 9.99050000e-04 -2.61148000e-03 -6.36694000e-03 -3.92794000e-03 1.07968000e-03 3.10648000e-03 4.97774000e-03 -9.56320000e-04 -9.36900000e-04 1.64407000e-03 -1.48010000e-04 -3.75327000e-03 7.48830000e-04 1.63617000e-03 -7.15700000e-04 6.21480000e-04 2.56476000e-03 2.11460000e-03 -3.10080000e-04 -6.30260000e-03 -3.26190000e-04 9.56400000e-04 -9.96620000e-04 5.96150000e-04 2.00685000e-03 -1.78011000e-03 3.58245000e-03 -4.28026000e-03 -1.75531000e-03 1.54050000e-04 1.78367000e-03 -1.69483000e-03 -2.61525000e-03 3.67693000e-03 3.56590000e-04 -9.52030000e-04 -3.11824000e-03 -7.15942000e-03 -5.98320000e-04 5.81303000e-03 -2.94260000e-03 1.40817000e-03 -7.61590000e-04 -5.37550000e-04 -2.09280000e-04 3.64705000e-03 2.12580000e-04 -2.02343000e-03 -3.44430000e-04 3.35060000e-04 1.92517000e-03 2.49295000e-03 8.68710000e-04 8.73850000e-03 3.27892000e-03 3.47904000e-03 3.85331000e-03 2.12036000e-03 4.99723000e-03
1.91498100e-02 2.57635000e-03 5.91010000e-04 -1.13158600e-02 1.82732000e-03 2.13153000e-03 6.00536000e-03 -3.87079000e-03 -8.92824000e-03 -5.19092000e-03 2.35621000e-03 -1.59460000e-04 -1.19119000e-03 2.95840000e-04 1.65941100e-02 -5.70600000e-05 1.33331500e-02 1.75393700e-02 4.42189000e-03 -1.27743000e-03 -2.01000000e-06 1.03236000e-03 -1.01943300e-02 1.69964400e-02 -8.74098000e-03 1.21517000e-03 3.19457000e-03 -5.15947000e-03 1.68624000e-03 4.10468000e-03 4.95460000e-03 5.46195000e-03 -9.84800000e-04 -7.49892000e-03 4.73903000e-03 1.03035200e-02 -1.69160000e-04 6.50013000e-03 5.73667200e-02 -1.24916700e-02 1.33457000e-03 -6.66359000e-03 5.11348000e-03 -1.92579000e-03 -5.39214000e-03 7.51693000e-03 -3.00771000e-03 5.74611000e-03 5.25612000e-03 4.67377000e-03 7.61120000e-04 3.59324000e-03 -3.64040000e-03 1.71554000e-03 3.82358000e-03 7.56237000e-03 -7.32010000e-04 -4.21981000e-03 2.26603000e-03 -4.62722000e-03 -1.53674300e-02 -8.46844000e-03 3.10826000e-03 9.14919000e-03 1.93783800e-02 -5.50766000e-03 -1.75964000e-03 3.94558000e-03 -4.57779000e-03 -6.08651000e-03 2.94997000e-03 3.14864000e-03 -1.07699000e-03 2.17491000e-03 9.09717000e-03 3.44605000e-03 -2.41470000e-04 -1.55478100e-02 1.14944000e-03 4.16719000e-03 -6.88240000e-04 1.41000000e-06 5.17001000e-03 -4.32847000e-03 5.77425000e-03 -9.74023000e-03 -3.09367000e-03 -1.27125000e-03 2.10465000e-03 -2.33715000e-03 -5.83834000e-03 8.45484000e-03 -1.77117000e-03 1.63760000e-04 -4.86620000e-03 -1.04131800e-02 -2.67755000e-03 1.49749900e-02 -6.25698000e-03 5.10431000e-03 2.99210000e-04 -5.56500000e-05 2.00900000e-04 9.78407000e-03 2.26345000e-03 -3.23587000e-03 2.12648000e-03 1.50118000e-03 5.95475000e-03 9.63293000e-03 2.05659000e-03 2.44639800e-02 7.91902000e-03 1.10022800e-02 8.10223000e-03 6.41590000e-03 1.01716000e-02
-1.50733500e-02 -2.18152000e-03 9.50640000e-04 8.77326000e-03 -2.54809000e-03 -2.12245000e-03 -3.73526000e-03 3.68658000e-03 7.58666000e-03 5.16378000e-03 -7.92980000e-04 7.75410000e-04 1.48749000e-03 1.35970000e-04 -1.05019800e-02 1.55647000e-03 -8.68194000e-03 -1.06038400e-02 -3.60931000e-03 2.20121000e-03 7.64990000e-04 9.61900000e-05 8.43207000e-03 -1.07018200e-02 7.48362000e-03 -1.41105000e-03 -1.70873000e-03 5.70888000e-03 -4.35220000e-04 -3.45304000e-03 -3.05501000e-03 -2.74602000e-03 1.68975000e-03 5.79853000e-03 -2.11264000e-03 -7.06273000e-03 6.59710000e-04 -6.24066000e-03 -1.24916700e-02 2.63391400e-02 -3.16210000e-04 6.25825000e-03 -3.42081000e-03 2.04562000e-03 5.01886000e-03 -3.94628000e-03 2.31658000e-03 -3.83622000e-03 -5.28962000e-03 -2.09621000e-03 5.83940000e-04 -1.74628000e-03 3.33457000e-03 -2.37010000e-03 -2.46018000e-03 -5.08378000e-03 -2.93410000e-04 4.27849000e-03 -2.26312000e-03 4.82887000e-03 1.26400300e-02 7.65542000e-03 -2.73805000e-03 -5.82619000e-03 -1.09238700e-02 2.85512000e-03 1.72668000e-03 -2.79498000e-03 1.63473000e-03 6.19233000e-03 -1.32880000e-03 -2.70002000e-03 1.31650000e-03 -1.27763000e-03 -5.30203000e-03 -3.50249000e-03 7.69490000e-04 1.25945300e-02 8.69000000e-05 -2.01260000e-03 1.68609000e-03 -6.40250000e-04 -3.43394000e-03 3.66648000e-03 -5.67958000e-03 8.43470000e-03 3.18324000e-03 1.86690000e-04 -2.57313000e-03 3.07155000e-03 5.15721000e-03 -7.28567000e-03 1.09020000e-04 4.06450000e-04 4.49985000e-03 1.06386400e-02 8.63920000e-04 -1.17707400e-02 5.63857000e-03 -3.70831000e-03 1.56340000e-04 1.13860000e-04 -4.11500000e-04 -7.36733000e-03 -1.64304000e-03 2.65200000e-03 -9.22770000e-04 -1.44044000e-03 -4.65237000e-03 -6.34640000e-03 -2.09779000e-03 -1.67159700e-02 -6.58582000e-03 -6.85429000e-03 -7.22469000e-03 -4.79739000e-03 -8.92002000e-03
2.89310000e-04 -1.07410000e-04 6.51690000e-04 -7.90710000e-04 1.34820000e-04 -1.29350000e-04 9.88200000e-04 -4.49520000e-04 -2.06600000e-04 1.73780000e-04 6.27820000e-04 5.67090000e-04 -2.40290000e-04 2.95950000e-04 1.19512000e-03 7.61830000e-04 1.10929000e-03 1.29696000e-03 2.57470000e-04 5.15760000e-04 -5.94000000e-06 5.53080000e-04 -1.77390000e-04 1.54635000e-03 1.35500000e-05 6.20100000e-05 7.71390000e-04 1.63360000e-04 7.38600000e-04 2.60000000e-04 5.43140000e-04 1.00109000e-03 4.19670000e-04 -6.20210000e-04 6.87800000e-04 1.02327000e-03 5.41330000e-04 2.12010000e-04 1.33457000e-03 -3.16210000e-04 2.27146100e-02 -2.50000000e-07 7.58600000e-04 -2.07980000e-04 5.83300000e-05 8.15060000e-04 -1.25970000e-04 2.09120000e-04 1.53030000e-04 6.65370000e-04 5.27980000e-04 6.11110000e-04 -2.21300000e-04 1.95880000e-04 2.03510000e-04 8.24540000e-04 -3.54870000e-04 -1.41390000e-04 -1.49770000e-04 1.96200000e-04 -5.57990000e-04 -9.06200000e-05 -2.41010000e-04 1.13845000e-03 1.63869000e-03 -1.43830000e-04 -7.21900000e-05 3.47530000e-04 -2.58850000e-04 -9.80600000e-05 7.55130000e-04 1.83140000e-04 1.58100000e-04 5.45400000e-05 9.91400000e-04 1.83650000e-04 4.67470000e-04 -4.96290000e-04 3.11960000e-04 5.78710000e-04 6.13200000e-04 2.40800000e-05 6.61010000e-04 -4.14260000e-04 -2.14300000e-05 -2.05890000e-04 -1.65100000e-05 -2.23000000e-06 1.16620000e-04 3.94030000e-04 -4.76070000e-04 -6.43500000e-05 -1.46840000e-04 -3.26600000e-04 -5.23150000e-04 -7.23100000e-04 -7.31930000e-04 -8.43000000e-05 -3.63700000e-04 -1.15500000e-05 -2.10770000e-04 -2.15660000e-04 -3.20810000e-04 -4.62600000e-05 -1.00380000e-04 -3.80410000e-04 -1.79490000e-04 -2.15410000e-04 -2.35400000e-05 3.08300000e-04 -9.45200000e-05 1.69242000e-03 -9.30000000e-05 8.24940000e-04 -1.30050000e-04 5.46000000e-06 -9.65600000e-05
-8.29901000e-03 -1.29008000e-03 6.51800000e-04 4.68296000e-03 -1.22444000e-03 -1.11928000e-03 -1.83022000e-03 1.80430000e-03 4.34994000e-03 2.99393000e-03 -2.64490000e-04 6.63310000e-04 6.80940000e-04 2.62950000e-04 -5.78649000e-03 9.65000000e-04 -4.64219000e-03 -5.95922000e-03 -1.92450000e-03 1.31449000e-03 2.84050000e-04 2.10980000e-04 4.76347000e-03 -5.88510000e-03 4.34735000e-03 -6.92830000e-04 -7.54510000e-04 3.13572000e-03 -7.53400000e-05 -1.84448000e-03 -1.39073000e-03 -1.43121000e-03 1.03683000e-03 3.35464000e-03 -9.35580000e-04 -3.61398000e-03 5.48680000e-04 -3.23772000e-03 -6.66359000e-03 6.25825000e-03 -2.50000000e-07 3.27475200e-02 -1.66005000e-03 1.08858000e-03 2.89145000e-03 -1.96853000e-03 1.34748000e-03 -2.16027000e-03 -2.75851000e-03 -9.63380000e-04 4.95700000e-04 -7.48100000e-04 1.75882000e-03 -1.13423000e-03 -1.38904000e-03 -2.47954000e-03 -1.42630000e-04 2.23235000e-03 -1.22203000e-03 2.76545000e-03 7.07366000e-03 4.39920000e-03 -1.58204000e-03 -3.06334000e-03 -6.21466000e-03 1.73383000e-03 9.26380000e-04 -1.40043000e-03 1.12907000e-03 3.21113000e-03 -5.68080000e-04 -1.39406000e-03 7.32700000e-04 -7.69080000e-04 -2.75934000e-03 -1.79461000e-03 5.99950000e-04 7.07069000e-03 -5.95800000e-05 -1.01485000e-03 9.97910000e-04 -2.60310000e-04 -1.56766000e-03 2.01115000e-03 -2.90588000e-03 4.78774000e-03 1.73590000e-03 2.43250000e-04 -1.23264000e-03 1.77910000e-03 2.75759000e-03 -4.08361000e-03 1.77050000e-04 2.29600000e-05 2.19076000e-03 5.30733000e-03 4.03970000e-04 -6.78877000e-03 3.00912000e-03 -2.15626000e-03 -4.38700000e-05 1.32900000e-05 -3.36010000e-04 -4.22299000e-03 -1.08561000e-03 1.32371000e-03 -7.52040000e-04 -8.21130000e-04 -2.68205000e-03 -3.59366000e-03 -1.07718000e-03 -8.99751000e-03 -3.68833000e-03 -3.54117000e-03 -3.93283000e-03 -2.76068000e-03 -4.81910000e-03
4.87527000e-03 6.21180000e-04 4.77060000e-04 -3.33136000e-03 7.27010000e-04 6.43780000e-04 2.16242000e-03 -1.32008000e-03 -2.32297000e-03 -1.17209000e-03 1.00576000e-03 3.71030000e-04 -4.78940000e-04 4.13220000e-04 4.74057000e-03 3.34510000e-04 3.97091000e-03 4.92067000e-03 1.23061000e-03 -3.17000000e-06 -2.66060000e-04 5.65150000e-04 -2.56881000e-03 4.99650000e-03 -2.10009000e-03 4.26720000e-04 1.31133000e-03 -1.28585000e-03 9.72880000e-04 1.13817000e-03 1.53666000e-03 1.82688000e-03 -3.51000000e-05 -2.17759000e-03 1.46749000e-03 3.06728000e-03 3.30150000e-04 1.98715000e-03 5.11348000e-03 -3.42081000e-03 7.58600000e-04 -1.66005000e-03 2.83808400e-02 -7.79780000e-04 -1.31208000e-03 2.18719000e-03 -8.24980000e-04 1.22624000e-03 1.68216000e-03 1.46431000e-03 4.94570000e-04 1.19355000e-03 -1.14836000e-03 7.15390000e-04 8.85460000e-04 2.31595000e-03 -2.87900000e-04 -1.42251000e-03 6.94260000e-04 -1.05165000e-03 -4.09393000e-03 -2.15745000e-03 7.14880000e-04 3.01005000e-03 5.14647000e-03 -1.22105000e-03 -5.94010000e-04 1.15687000e-03 -1.01375000e-03 -1.82220000e-03 1.21389000e-03 9.28690000e-04 -3.44730000e-04 3.69800000e-04 2.74705000e-03 1.04085000e-03 2.76840000e-04 -4.02493000e-03 2.22950000e-04 1.45232000e-03 1.63480000e-04 1.40950000e-04 1.70009000e-03 -1.41017000e-03 1.68529000e-03 -2.48602000e-03 -8.60430000e-04 -1.24440000e-04 7.53030000e-04 -3.52170000e-04 -1.89493000e-03 2.21052000e-03 -2.87630000e-04 -2.28570000e-04 -1.61093000e-03 -3.45341000e-03 -9.97100000e-04 3.59848000e-03 -2.04902000e-03 1.22535000e-03 -8.99400000e-05 -8.52700000e-05 -5.45700000e-05 2.35381000e-03 4.33580000e-04 -9.64410000e-04 2.85270000e-04 3.50160000e-04 1.44586000e-03 2.28686000e-03 5.61720000e-04 6.91935000e-03 1.98132000e-03 2.98792000e-03 2.00257000e-03 1.57603000e-03 2.51042000e-03
-2.13243000e-03 -4.52040000e-04 1.71980000e-04 1.39012000e-03 -3.53810000e-04 -5.89570000e-04 -7.95120000e-04 4.47880000e-04 1.30993000e-03 8.77340000e-04 -3.80740000e-04 -8.05200000e-05 1.63200000e-04 -1.67510000e-04 -2.00937000e-03 3.43330000e-04 -1.78456000e-03 -1.96722000e-03 -3.17570000e-04 2.53340000e-04 5.33850000e-04 -1.07920000e-04 1.34406000e-03 -2.08671000e-03 1.23800000e-03 -1.50900000e-04 -3.40280000e-04 1.04815000e-03 -3.26440000e-04 -3.88720000e-04 -3.96690000e-04 -5.78200000e-04 2.76210000e-04 1.13947000e-03 -2.22530000e-04 -1.03174000e-03 4.00600000e-05 -9.95340000e-04 -1.92579000e-03 2.04562000e-03 -2.07980000e-04 1.08858000e-03 -7.79780000e-04 4.98132700e-02 8.86690000e-04 -5.11090000e-04 4.47900000e-04 1.25420000e-04 -9.05460000e-04 -2.69460000e-04 1.95000000e-05 -2.77330000e-04 7.72770000e-04 -2.92480000e-04 -9.96300000e-05 -7.48700000e-04 -1.94850000e-04 1.42023000e-03 -6.20040000e-04 6.75080000e-04 2.04479000e-03 1.32272000e-03 -6.79500000e-04 -1.28468000e-03 -1.58873000e-03 4.01580000e-04 6.55830000e-04 -3.33460000e-04 4.34350000e-04 1.04388000e-03 -3.64270000e-04 -2.87780000e-04 5.97610000e-04 1.22930000e-04 -1.04097000e-03 -5.10040000e-04 -2.71200000e-05 2.12924000e-03 2.56400000e-05 -7.31690000e-04 7.17000000e-06 -7.92700000e-05 -5.95460000e-04 9.99740000e-04 -9.21130000e-04 1.43947000e-03 6.63400000e-04 -4.55700000e-05 -3.62530000e-04 4.21100000e-04 1.29867000e-03 -1.26931000e-03 -7.56300000e-05 -1.56690000e-04 6.29140000e-04 1.57061000e-03 1.21900000e-04 -1.87932000e-03 1.58152000e-03 -7.40260000e-04 -2.25470000e-04 -1.92470000e-04 -2.41570000e-04 -1.08584000e-03 -4.55080000e-04 5.57700000e-05 -3.55310000e-04 -5.80550000e-04 -8.81030000e-04 -8.91200000e-04 -5.51890000e-04 -2.89579000e-03 -1.13626000e-03 -9.43090000e-04 -8.15280000e-04 -7.92240000e-04 -9.29920000e-04
-6.90094000e-03 -1.25108000e-03 4.89760000e-04 3.78313000e-03 -8.90510000e-04 -1.19368000e-03 -1.46233000e-03 1.02075000e-03 3.62732000e-03 2.42130000e-03 -2.59030000e-04 4.98340000e-04 1.99610000e-04 2.46620000e-04 -4.69636000e-03 7.68340000e-04 -3.79456000e-03 -4.84096000e-03 -1.50376000e-03 1.03046000e-03 2.47180000e-04 1.96730000e-04 4.00225000e-03 -4.78530000e-03 3.51323000e-03 -5.45810000e-04 -5.69870000e-04 2.49231000e-03 -5.57200000e-05 -1.42006000e-03 -1.14160000e-03 -1.14538000e-03 9.31040000e-04 2.76175000e-03 -8.41530000e-04 -2.85928000e-03 5.50560000e-04 -2.44342000e-03 -5.39214000e-03 5.01886000e-03 5.83300000e-05 2.89145000e-03 -1.31208000e-03 8.86690000e-04 1.86226200e-02 -1.69684000e-03 1.00160000e-03 -1.65232000e-03 -2.01486000e-03 -8.51780000e-04 3.60300000e-04 -5.68970000e-04 1.33253000e-03 -8.27720000e-04 -1.08202000e-03 -1.94117000e-03 -3.49670000e-04 1.81991000e-03 -1.24103000e-03 2.17656000e-03 5.84882000e-03 3.52918000e-03 -1.61135000e-03 -2.46102000e-03 -5.28780000e-03 1.53717000e-03 7.09510000e-04 -1.15013000e-03 1.09797000e-03 2.41382000e-03 -4.50220000e-04 -1.10738000e-03 5.53540000e-04 -5.77720000e-04 -2.36454000e-03 -1.37647000e-03 5.53790000e-04 5.80686000e-03 -1.29620000e-04 -8.76470000e-04 8.12370000e-04 -1.80150000e-04 -1.20426000e-03 1.63956000e-03 -2.24439000e-03 3.89780000e-03 1.34033000e-03 1.93760000e-04 -9.25160000e-04 1.39246000e-03 2.25540000e-03 -3.50621000e-03 2.65500000e-04 -3.92050000e-04 1.36020000e-03 3.65144000e-03 1.46810000e-04 -5.71218000e-03 2.41313000e-03 -2.11267000e-03 -4.76060000e-04 -3.60310000e-04 -6.06340000e-04 -3.63415000e-03 -1.20275000e-03 6.65350000e-04 -1.05069000e-03 -1.03413000e-03 -2.53562000e-03 -3.39880000e-03 -1.09834000e-03 -7.34415000e-03 -3.22896000e-03 -2.91074000e-03 -3.37554000e-03 -2.53718000e-03 -4.03616000e-03
6.87030000e-03 7.89690000e-04 8.73630000e-04 -4.40074000e-03 2.97500000e-04 6.32420000e-04 2.67261000e-03 -1.17085000e-03 -3.09608000e-03 -1.37910000e-03 1.38834000e-03 2.65840000e-04 -2.52930000e-04 3.07430000e-04 6.97213000e-03 6.56080000e-04 5.63942000e-03 7.49953000e-03 1.56877000e-03 9.45500000e-05 1.81830000e-04 7.61920000e-04 -3.65502000e-03 7.23079000e-03 -2.84658000e-03 3.13390000e-04 1.54877000e-03 -1.20981000e-03 1.02789000e-03 1.38570000e-03 2.24793000e-03 2.61298000e-03 -4.00000000e-07 -2.78369000e-03 2.54497000e-03 4.21347000e-03 1.61270000e-04 1.94875000e-03 7.51693000e-03 -3.94628000e-03 8.15060000e-04 -1.96853000e-03 2.18719000e-03 -5.11090000e-04 -1.69684000e-03 5.50148400e-02 -1.05160000e-03 2.28248000e-03 1.39749000e-03 2.45280000e-03 8.49490000e-04 1.82979000e-03 -1.17700000e-03 2.60880000e-04 1.57102000e-03 3.20039000e-03 -6.70640000e-04 -1.21153000e-03 6.35990000e-04 -1.15256000e-03 -5.49989000e-03 -2.62224000e-03 1.00557000e-03 3.91064000e-03 8.83080000e-03 -2.65779000e-03 -5.13570000e-04 1.71550000e-03 -2.55992000e-03 -1.57210000e-03 1.58115000e-03 1.12673000e-03 -1.22690000e-04 8.88010000e-04 4.21698000e-03 9.18190000e-04 1.83120000e-04 -5.56358000e-03 8.88200000e-04 2.05912000e-03 1.84460000e-04 -2.14320000e-04 2.24884000e-03 -1.52705000e-03 1.68040000e-03 -3.20940000e-03 -8.16850000e-04 -7.16230000e-04 4.84800000e-04 -3.09560000e-04 -2.01120000e-03 2.76976000e-03 -1.14011000e-03 2.67600000e-04 -1.56026000e-03 -2.87817000e-03 -1.62891000e-03 5.27509000e-03 -2.04983000e-03 1.99214000e-03 3.04880000e-04 6.35400000e-05 -2.68000000e-05 3.50926000e-03 8.41470000e-04 -1.10523000e-03 1.07217000e-03 4.84250000e-04 2.21424000e-03 4.08129000e-03 5.30790000e-04 1.00092500e-02 2.67630000e-03 4.82301000e-03 2.56221000e-03 2.39335000e-03 3.23349000e-03
-3.22401000e-03 -3.28240000e-04 7.07400000e-05 1.99207000e-03 -3.04490000e-04 -2.02240000e-04 -9.07800000e-04 9.64280000e-04 1.63365000e-03 1.04509000e-03 -2.78170000e-04 1.95020000e-04 4.62850000e-04 -2.27300000e-05 -2.77690000e-03 1.63760000e-04 -2.17396000e-03 -2.90002000e-03 -7.23960000e-04 3.63710000e-04 1.06760000e-04 -6.64300000e-05 1.81326000e-03 -2.77190000e-03 1.67427000e-03 -1.58610000e-04 -4.59790000e-04 1.04092000e-03 -1.76780000e-04 -6.67990000e-04 -7.17920000e-04 -7.97940000e-04 2.46130000e-04 1.39879000e-03 -5.88280000e-04 -1.67358000e-03 9.28900000e-05 -1.22713000e-03 -3.00771000e-03 2.31658000e-03 -1.25970000e-04 1.34748000e-03 -8.24980000e-04 4.47900000e-04 1.00160000e-03 -1.05160000e-03 4.18190400e-02 -9.54560000e-04 -1.00995000e-03 -6.17380000e-04 1.57800000e-05 -4.93290000e-04 7.84850000e-04 -2.57220000e-04 -5.75580000e-04 -1.16459000e-03 2.84960000e-04 9.01410000e-04 -2.72550000e-04 9.60270000e-04 2.74887000e-03 1.65021000e-03 -3.44650000e-04 -1.47393000e-03 -3.03149000e-03 9.73920000e-04 4.37170000e-04 -5.11240000e-04 7.62020000e-04 1.25454000e-03 -3.73930000e-04 -4.75550000e-04 3.69530000e-04 -3.07240000e-04 -1.38366000e-03 -6.24280000e-04 1.07750000e-04 2.78416000e-03 -5.54600000e-05 -6.09280000e-04 2.50710000e-04 4.54700000e-05 -7.62550000e-04 8.63520000e-04 -1.03781000e-03 1.81280000e-03 6.40660000e-04 2.86700000e-04 -3.21470000e-04 5.40870000e-04 1.11481000e-03 -1.40668000e-03 2.55220000e-04 2.27190000e-04 1.10632000e-03 2.25510000e-03 5.60980000e-04 -2.53730000e-03 1.28190000e-03 -6.47670000e-04 2.44840000e-04 2.58600000e-04 1.48480000e-04 -1.57337000e-03 -1.87090000e-04 8.09250000e-04 -7.32300000e-05 -2.69800000e-05 -8.11710000e-04 -1.30670000e-03 -1.87700000e-04 -4.02387000e-03 -1.24005000e-03 -1.71796000e-03 -1.31211000e-03 -9.33670000e-04 -1.65914000e-03
6.32425000e-03 7.21520000e-04 1.10270000e-04 -3.59493000e-03 5.88120000e-04 2.24750000e-04 1.57657000e-03 -1.44616000e-03 -2.85761000e-03 -1.77420000e-03 3.27460000e-04 -3.77100000e-04 -5.78240000e-04 -2.56160000e-04 4.79673000e-03 1.24770000e-04 3.52527000e-03 5.02532000e-03 1.74085000e-03 -6.27270000e-04 5.98920000e-04 1.85410000e-04 -3.29030000e-03 4.70539000e-03 -2.89600000e-03 4.25870000e-04 8.72900000e-04 -1.59986000e-03 1.35510000e-04 1.55123000e-03 1.56423000e-03 1.45644000e-03 -3.44300000e-04 -2.10216000e-03 1.35721000e-03 3.44143000e-03 -1.34670000e-04 2.00027000e-03 5.74611000e-03 -3.83622000e-03 2.09120000e-04 -2.16027000e-03 1.22624000e-03 1.25420000e-04 -1.65232000e-03 2.28248000e-03 -9.54560000e-04 7.90561400e-02 1.34273000e-03 1.39906000e-03 -1.13900000e-05 1.04808000e-03 -8.46010000e-04 6.18070000e-04 1.62529000e-03 2.37461000e-03 -5.35140000e-04 -7.07590000e-04 2.58670000e-04 -1.74992000e-03 -4.95243000e-03 -2.76973000e-03 5.16240000e-04 2.48603000e-03 5.90653000e-03 -2.12210000e-03 -9.34800000e-05 1.23060000e-03 -1.47712000e-03 -1.92142000e-03 5.07790000e-04 1.13629000e-03 1.26020000e-04 1.21272000e-03 2.51239000e-03 1.19315000e-03 -3.02840000e-04 -4.95303000e-03 1.70890000e-04 7.08340000e-04 -5.90840000e-04 -1.42800000e-05 1.40763000e-03 -8.46200000e-04 1.61389000e-03 -3.16175000e-03 -9.05550000e-04 -6.35160000e-04 5.80390000e-04 -9.07620000e-04 -1.28262000e-03 2.46205000e-03 -7.28880000e-04 -1.01650000e-04 -1.70643000e-03 -3.23436000e-03 -9.63880000e-04 4.72002000e-03 -1.36848000e-03 1.36760000e-03 -3.10190000e-04 -3.20730000e-04 -2.76460000e-04 2.94608000e-03 5.22170000e-04 -1.57351000e-03 4.44920000e-04 -1.08080000e-04 1.65982000e-03 3.17588000e-03 3.24570000e-04 7.24814000e-03 2.16931000e-03 3.61631000e-03 2.64371000e-03 1.83152000e-03 3.12789000e-03
6.68675000e-03 6.04370000e-04 -5.83610000e-04 -3.70995000e-03 1.72223000e-03 8.31640000e-04 1.76294000e-03 -2.39227000e-03 -2.99497000e-03 -2.20344000e-03 2.30110000e-04 -3.39540000e-04 -1.17086000e-03 5.99900000e-05 4.57277000e-03 -8.85370000e-04 3.87996000e-03 4.71616000e-03 1.77443000e-03 -1.11204000e-03 -5.57290000e-04 -1.79200000e-04 -3.31686000e-03 4.83236000e-03 -3.15373000e-03 8.65200000e-04 8.31980000e-04 -2.75439000e-03 2.83720000e-04 1.63141000e-03 1.26086000e-03 1.15009000e-03 -7.45300000e-04 -2.06525000e-03 7.78700000e-04 2.97621000e-03 -1.62250000e-04 3.57084000e-03 5.25612000e-03 -5.28962000e-03 1.53030000e-04 -2.75851000e-03 1.68216000e-03 -9.05460000e-04 -2.01486000e-03 1.39749000e-03 -1.00995000e-03 1.34273000e-03 6.96089100e-02 6.89410000e-04 -3.15250000e-04 6.81060000e-04 -1.67340000e-03 1.63975000e-03 9.80330000e-04 2.26710000e-03 1.21430000e-04 -1.75721000e-03 9.45030000e-04 -2.22098000e-03 -5.08064000e-03 -3.28545000e-03 1.07448000e-03 2.58929000e-03 3.91930000e-03 -2.41960000e-04 -8.45040000e-04 1.50329000e-03 4.02730000e-04 -3.31845000e-03 7.09720000e-04 1.40920000e-03 -6.72470000e-04 4.18620000e-04 1.90052000e-03 1.83506000e-03 -2.89290000e-04 -5.07145000e-03 -3.43620000e-04 8.01110000e-04 -7.69860000e-04 6.23460000e-04 1.67623000e-03 -1.42438000e-03 3.31133000e-03 -3.53598000e-03 -1.50442000e-03 3.16500000e-04 1.70631000e-03 -1.52927000e-03 -2.06740000e-03 3.21800000e-03 5.21150000e-04 -9.92710000e-04 -2.71654000e-03 -6.52345000e-03 -1.81960000e-04 5.05555000e-03 -2.38407000e-03 1.10907000e-03 -7.02830000e-04 -5.48870000e-04 -1.36330000e-04 3.32540000e-03 5.45000000e-05 -1.71617000e-03 -4.60430000e-04 3.94920000e-04 1.53820000e-03 1.68200000e-03 7.84160000e-04 7.29516000e-03 2.96976000e-03 2.57557000e-03 3.38851000e-03 1.78774000e-03 4.59838000e-03
3.98100000e-03 4.44400000e-04 7.74920000e-04 -2.67195000e-03 8.37600000e-05 3.35020000e-04 1.81958000e-03 -6.56800000e-04 -1.69308000e-03 -6.14680000e-04 1.03085000e-03 3.62770000e-04 -9.57600000e-05 2.94090000e-04 4.42194000e-03 6.92840000e-04 3.56730000e-03 4.77040000e-03 9.37960000e-04 2.82910000e-04 1.62650000e-04 6.43500000e-04 -2.02453000e-03 4.60656000e-03 -1.50393000e-03 1.56000000e-04 1.11623000e-03 -4.74650000e-04 8.34950000e-04 8.06410000e-04 1.49879000e-03 1.79538000e-03 1.74760000e-04 -1.67265000e-03 1.73476000e-03 2.70755000e-03 2.59550000e-04 1.04132000e-03 4.67377000e-03 -2.09621000e-03 6.65370000e-04 -9.63380000e-04 1.46431000e-03 -2.69460000e-04 -8.51780000e-04 2.45280000e-03 -6.17380000e-04 1.39906000e-03 6.89410000e-04 2.92533800e-02 7.16850000e-04 1.26238000e-03 -6.50170000e-04 9.90200000e-05 9.73560000e-04 2.06607000e-03 -5.09920000e-04 -6.34430000e-04 3.31480000e-04 -4.77270000e-04 -3.11906000e-03 -1.35984000e-03 5.14950000e-04 2.58354000e-03 5.64856000e-03 -1.70296000e-03 -2.63220000e-04 1.04465000e-03 -1.70049000e-03 -7.94350000e-04 1.11254000e-03 6.57150000e-04 8.90000000e-07 5.47470000e-04 2.76725000e-03 4.92530000e-04 2.58120000e-04 -3.15993000e-03 6.06630000e-04 1.40390000e-03 3.17240000e-04 -1.66390000e-04 1.46321000e-03 -9.03850000e-04 8.50330000e-04 -1.74245000e-03 -3.80340000e-04 -4.72280000e-04 2.06550000e-04 4.82600000e-05 -1.17641000e-03 1.52525000e-03 -7.97710000e-04 1.84380000e-04 -8.86280000e-04 -1.49213000e-03 -1.16799000e-03 2.96318000e-03 -1.18589000e-03 1.18303000e-03 1.91720000e-04 4.95400000e-05 -6.95700000e-05 2.02348000e-03 4.82200000e-04 -6.55320000e-04 6.62590000e-04 2.30130000e-04 1.27825000e-03 2.51916000e-03 2.72190000e-04 6.21938000e-03 1.48581000e-03 3.08256000e-03 1.38896000e-03 1.41121000e-03 1.75070000e-03
-3.58670000e-04 -2.16210000e-04 7.34260000e-04 -2.88800000e-04 -2.44530000e-04 -1.84460000e-04 6.78190000e-04 2.22500000e-05 2.82720000e-04 5.68530000e-04 6.42520000e-04 5.13960000e-04 4.94800000e-05 3.19440000e-04 9.03880000e-04 7.94290000e-04 8.21470000e-04 1.06556000e-03 -2.98800000e-05 6.66650000e-04 6.70700000e-05 5.08170000e-04 2.52830000e-04 1.11577000e-03 4.60020000e-04 -9.26700000e-05 5.59050000e-04 6.59350000e-04 6.28330000e-04 -7.97400000e-05 4.49820000e-04 7.68020000e-04 4.73410000e-04 -1.52450000e-04 7.57140000e-04 5.38770000e-04 4.16380000e-04 -2.96670000e-04 7.61120000e-04 5.83940000e-04 5.27980000e-04 4.95700000e-04 4.94570000e-04 1.95000000e-05 3.60300000e-04 8.49490000e-04 1.57800000e-05 -1.13900000e-05 -3.15250000e-04 7.16850000e-04 4.85714400e-02 5.54280000e-04 4.67800000e-05 -2.10420000e-04 8.98200000e-05 4.98850000e-04 -4.21750000e-04 2.12930000e-04 -2.15540000e-04 6.01370000e-04 2.24600000e-04 4.91180000e-04 -2.47650000e-04 7.63490000e-04 1.53778000e-03 -3.46780000e-04 3.13400000e-05 2.27940000e-04 -6.04030000e-04 4.92190000e-04 6.43690000e-04 -1.98900000e-05 2.00100000e-04 -6.96000000e-06 8.92620000e-04 -2.18750000e-04 4.25390000e-04 2.46930000e-04 4.32210000e-04 6.11390000e-04 6.09460000e-04 -1.31110000e-04 4.36510000e-04 -8.15000000e-05 -3.84990000e-04 3.93020000e-04 2.75840000e-04 -1.30070000e-04 -1.86350000e-04 6.32670000e-04 -4.33200000e-05 -4.09000000e-04 -3.30140000e-04 -3.12700000e-05 2.69000000e-06 4.59330000e-04 -7.26320000e-04 -4.88630000e-04 6.70800000e-05 -3.50400000e-05 1.49700000e-05 -4.44100000e-05 -2.16210000e-04 -2.21720000e-04 -1.16460000e-04 -4.22400000e-05 4.27000000e-05 -1.63920000e-04 -1.26380000e-04 2.50870000e-04 -2.28850000e-04 1.02083000e-03 -3.15110000e-04 6.60890000e-04 -4.75940000e-04 -8.00000000e-05 -4.97920000e-04
2.83870000e-03 1.90660000e-04 5.59920000e-04 -2.13343000e-03 2.17460000e-04 1.17560000e-04 1.43191000e-03 -8.85260000e-04 -1.20576000e-03 -4.57120000e-04 8.01070000e-04 3.13710000e-04 -3.93110000e-04 3.19060000e-04 3.17859000e-03 4.77000000e-04 2.65633000e-03 3.33630000e-03 7.35870000e-04 2.02960000e-04 1.10600000e-05 5.53720000e-04 -1.46037000e-03 3.31045000e-03 -1.08281000e-03 1.59040000e-04 9.23390000e-04 -4.63090000e-04 6.55580000e-04 6.89930000e-04 1.22579000e-03 1.36620000e-03 2.18210000e-04 -1.24781000e-03 1.31429000e-03 2.17775000e-03 3.29790000e-04 9.57170000e-04 3.59324000e-03 -1.74628000e-03 6.11110000e-04 -7.48100000e-04 1.19355000e-03 -2.77330000e-04 -5.68970000e-04 1.82979000e-03 -4.93290000e-04 1.04808000e-03 6.81060000e-04 1.26238000e-03 5.54280000e-04 3.04098100e-02 -6.35060000e-04 1.85660000e-04 7.16250000e-04 1.73403000e-03 -4.68080000e-04 -6.22560000e-04 1.24450000e-04 -3.99990000e-04 -2.34208000e-03 -1.04214000e-03 1.64520000e-04 1.93640000e-03 3.89818000e-03 -1.10274000e-03 -2.83030000e-04 8.28430000e-04 -1.04466000e-03 -8.19660000e-04 9.23680000e-04 5.36530000e-04 -4.61800000e-05 3.83160000e-04 2.04452000e-03 4.98620000e-04 3.18080000e-04 -2.37052000e-03 3.91290000e-04 1.02507000e-03 2.44220000e-04 -7.09600000e-05 1.30515000e-03 -7.61240000e-04 7.92410000e-04 -1.30396000e-03 -3.77290000e-04 -2.69810000e-04 2.97550000e-04 -1.00500000e-05 -1.02212000e-03 1.01044000e-03 -4.33570000e-04 -2.18990000e-04 -1.08395000e-03 -1.83514000e-03 -9.83960000e-04 1.93982000e-03 -1.04283000e-03 6.13320000e-04 -1.75400000e-04 -2.16240000e-04 -2.87110000e-04 1.25563000e-03 1.24930000e-04 -7.77930000e-04 1.13640000e-04 -3.93300000e-05 7.04550000e-04 1.54856000e-03 1.38110000e-04 4.63157000e-03 9.41840000e-04 2.35653000e-03 9.59040000e-04 8.11590000e-04 1.26407000e-03
-3.96426000e-03 -3.65220000e-04 2.27390000e-04 2.68340000e-03 -7.75710000e-04 -4.27440000e-04 -1.18710000e-03 1.50292000e-03 2.04998000e-03 1.36483000e-03 -3.62670000e-04 1.49370000e-04 7.88330000e-04 -1.48540000e-04 -2.98172000e-03 4.29420000e-04 -2.59905000e-03 -2.94590000e-03 -9.50610000e-04 5.41300000e-04 4.89630000e-04 -6.16000000e-05 2.30131000e-03 -3.07261000e-03 2.01576000e-03 -3.71460000e-04 -6.12780000e-04 1.63166000e-03 -2.40060000e-04 -9.19850000e-04 -9.70290000e-04 -8.62700000e-04 3.62630000e-04 1.75771000e-03 -6.93920000e-04 -2.09174000e-03 4.83900000e-05 -1.91443000e-03 -3.64040000e-03 3.33457000e-03 -2.21300000e-04 1.75882000e-03 -1.14836000e-03 7.72770000e-04 1.33253000e-03 -1.17700000e-03 7.84850000e-04 -8.46010000e-04 -1.67340000e-03 -6.50170000e-04 4.67800000e-05 -6.35060000e-04 2.67505000e-02 -6.60790000e-04 -5.64310000e-04 -1.59945000e-03 1.27390000e-04 1.42253000e-03 -4.98360000e-04 1.29989000e-03 3.54916000e-03 2.12385000e-03 -4.97480000e-04 -1.73031000e-03 -3.00003000e-03 6.91740000e-04 7.13180000e-04 -7.84850000e-04 3.83030000e-04 1.93567000e-03 -5.63970000e-04 -7.24650000e-04 5.55020000e-04 -1.83500000e-04 -1.59863000e-03 -1.02763000e-03 5.41400000e-05 3.50943000e-03 1.59900000e-05 -6.66430000e-04 4.14710000e-04 -1.62310000e-04 -1.18499000e-03 1.26705000e-03 -1.72303000e-03 2.31614000e-03 9.60480000e-04 2.30700000e-05 -7.99760000e-04 8.25340000e-04 1.72081000e-03 -1.85234000e-03 -9.06100000e-05 5.75290000e-04 1.74397000e-03 3.81247000e-03 5.33690000e-04 -2.91472000e-03 1.87530000e-03 -7.03000000e-04 4.23130000e-04 3.53080000e-04 1.70660000e-04 -1.78577000e-03 -1.13410000e-04 1.05869000e-03 2.19610000e-04 -1.46140000e-04 -9.74760000e-04 -1.33519000e-03 -4.23510000e-04 -4.80701000e-03 -1.64432000e-03 -1.97352000e-03 -1.88948000e-03 -1.07789000e-03 -2.47527000e-03
2.43712000e-03 2.31870000e-04 -2.28230000e-04 -1.71249000e-03 1.16809000e-03 3.56980000e-04 8.13380000e-04 -1.18536000e-03 -1.19281000e-03 -9.19340000e-04 1.41000000e-06 3.63900000e-05 -6.02810000e-04 -2.32300000e-05 1.02569000e-03 -2.04080000e-04 1.01339000e-03 8.79660000e-04 9.72010000e-04 -4.55890000e-04 -2.58060000e-04 -5.42000000e-05 -1.24230000e-03 1.29541000e-03 -1.08711000e-03 5.92440000e-04 4.72110000e-04 -1.31093000e-03 2.08470000e-04 8.88220000e-04 4.86840000e-04 3.41470000e-04 -2.85830000e-04 -8.74530000e-04 1.24530000e-04 1.27108000e-03 1.17360000e-04 1.71902000e-03 1.71554000e-03 -2.37010000e-03 1.95880000e-04 -1.13423000e-03 7.15390000e-04 -2.92480000e-04 -8.27720000e-04 2.60880000e-04 -2.57220000e-04 6.18070000e-04 1.63975000e-03 9.90200000e-05 -2.10420000e-04 1.85660000e-04 -6.60790000e-04 3.16010500e-02 3.97560000e-04 9.63590000e-04 1.67510000e-04 -6.32850000e-04 3.71720000e-04 -1.03165000e-03 -2.08534000e-03 -1.34938000e-03 2.93140000e-04 9.67730000e-04 5.43330000e-04 3.98440000e-04 -2.07110000e-04 7.02010000e-04 7.96780000e-04 -1.55818000e-03 2.53390000e-04 7.91780000e-04 4.44000000e-06 1.78360000e-04 4.43230000e-04 1.05634000e-03 -6.23800000e-05 -1.91719000e-03 -2.71360000e-04 -5.08700000e-05 -3.93530000e-04 5.62340000e-04 6.81400000e-04 -5.50790000e-04 1.45139000e-03 -1.44777000e-03 -6.94590000e-04 4.60470000e-04 1.06219000e-03 -6.61280000e-04 -9.57470000e-04 1.24019000e-03 5.60990000e-04 -6.29200000e-04 -1.32246000e-03 -3.26196000e-03 -6.44000000e-06 1.54196000e-03 -9.28180000e-04 2.99040000e-04 -4.66460000e-04 -2.40140000e-04 -1.02930000e-04 9.45130000e-04 -5.61900000e-05 -8.18810000e-04 -4.73810000e-04 5.83300000e-05 5.46660000e-04 4.53100000e-04 3.86100000e-04 2.26849000e-03 1.05281000e-03 6.85850000e-04 1.51819000e-03 5.63260000e-04 1.97666000e-03
4.17405000e-03 6.02190000e-04 1.31740000e-04 -2.34688000e-03 3.64000000e-04 3.44500000e-04 1.16170000e-03 -6.84090000e-04 -1.83562000e-03 -1.10024000e-03 3.71330000e-04 -1.26900000e-04 -1.34510000e-04 -1.11580000e-04 3.42970000e-03 7.31500000e-05 2.61235000e-03 3.67835000e-03 1.08540000e-03 -3.03820000e-04 3.18600000e-04 1.89030000e-04 -2.11112000e-03 3.47737000e-03 -1.86481000e-03 2.94250000e-04 6.06730000e-04 -1.00444000e-03 2.47160000e-04 9.82730000e-04 9.92710000e-04 1.11067000e-03 -1.80480000e-04 -1.49137000e-03 9.61920000e-04 2.18504000e-03 -7.83300000e-05 1.27414000e-03 3.82358000e-03 -2.46018000e-03 2.03510000e-04 -1.38904000e-03 8.85460000e-04 -9.96300000e-05 -1.08202000e-03 1.57102000e-03 -5.75580000e-04 1.62529000e-03 9.80330000e-04 9.73560000e-04 8.98200000e-05 7.16250000e-04 -5.64310000e-04 3.97560000e-04 2.47987900e-02 1.56122000e-03 -1.91890000e-04 -4.88980000e-04 3.64460000e-04 -1.01877000e-03 -3.19584000e-03 -1.77357000e-03 6.20620000e-04 1.83169000e-03 4.20472000e-03 -1.28671000e-03 -1.59170000e-04 8.97900000e-04 -1.06364000e-03 -1.11085000e-03 4.90400000e-04 7.42660000e-04 3.37000000e-05 7.28490000e-04 1.80744000e-03 7.22310000e-04 -1.48560000e-04 -3.24512000e-03 3.41510000e-04 6.99350000e-04 -2.33610000e-04 2.89500000e-05 9.75210000e-04 -6.55080000e-04 1.09307000e-03 -2.04238000e-03 -5.70810000e-04 -3.36150000e-04 4.21820000e-04 -5.08630000e-04 -9.62520000e-04 1.77983000e-03 -4.32710000e-04 1.84920000e-04 -8.49170000e-04 -1.76862000e-03 -5.32860000e-04 3.32004000e-03 -9.76760000e-04 1.14841000e-03 9.55800000e-05 2.26300000e-05 5.20000000e-05 2.16787000e-03 5.78180000e-04 -6.91540000e-04 5.97790000e-04 2.30090000e-04 1.33903000e-03 2.23680000e-03 3.77910000e-04 5.03003000e-03 1.68742000e-03 2.34170000e-03 1.79287000e-03 1.43925000e-03 2.22794000e-03
7.47876000e-03 8.71690000e-04 4.14590000e-04 -4.85399000e-03 1.01152000e-03 7.50570000e-04 2.69623000e-03 -2.02377000e-03 -3.32866000e-03 -1.87878000e-03 1.12719000e-03 2.20330000e-04 -7.93370000e-04 3.41370000e-04 6.42706000e-03 1.81060000e-04 5.33386000e-03 6.62333000e-03 1.91130000e-03 -3.50200000e-04 -1.27380000e-04 6.57780000e-04 -3.87349000e-03 6.62661000e-03 -3.19328000e-03 6.06740000e-04 1.57229000e-03 -2.06234000e-03 8.94970000e-04 1.80115000e-03 2.32431000e-03 2.31702000e-03 -1.50230000e-04 -2.97491000e-03 2.13781000e-03 4.52705000e-03 2.61730000e-04 2.84834000e-03 7.56237000e-03 -5.08378000e-03 8.24540000e-04 -2.47954000e-03 2.31595000e-03 -7.48700000e-04 -1.94117000e-03 3.20039000e-03 -1.16459000e-03 2.37461000e-03 2.26710000e-03 2.06607000e-03 4.98850000e-04 1.73403000e-03 -1.59945000e-03 9.63590000e-04 1.56122000e-03 3.78958500e-02 -3.74470000e-04 -1.73147000e-03 7.95730000e-04 -1.76149000e-03 -6.05113000e-03 -3.20185000e-03 9.39970000e-04 3.80481000e-03 7.38389000e-03 -1.94159000e-03 -7.29990000e-04 1.73854000e-03 -1.47436000e-03 -2.71201000e-03 1.42301000e-03 1.39824000e-03 -3.48820000e-04 8.54910000e-04 3.74848000e-03 1.60169000e-03 1.80540000e-04 -6.04501000e-03 4.07860000e-04 1.65763000e-03 -1.95320000e-04 1.39220000e-04 2.50796000e-03 -1.79431000e-03 2.51308000e-03 -3.72429000e-03 -1.28116000e-03 -3.32580000e-04 1.11723000e-03 -8.22820000e-04 -2.52733000e-03 3.18096000e-03 -4.85360000e-04 -3.86990000e-04 -2.46599000e-03 -5.09516000e-03 -1.28347000e-03 5.40853000e-03 -2.61128000e-03 1.73361000e-03 -2.58400000e-04 -2.54530000e-04 -1.99400000e-04 3.53438000e-03 5.99130000e-04 -1.63758000e-03 3.45280000e-04 3.37810000e-04 2.09287000e-03 3.57001000e-03 8.15230000e-04 9.83367000e-03 2.94964000e-03 4.62734000e-03 3.28309000e-03 2.30919000e-03 4.21558000e-03
1.35017000e-03 1.54192000e-03 -6.06700000e-04 6.15250000e-04 1.50600000e-04 1.70327000e-03 -5.00530000e-04 1.62133000e-03 -6.51500000e-05 -3.99320000e-04 -3.44070000e-04 -1.05440000e-04 1.46236000e-03 -8.38600000e-05 -7.86330000e-04 -8.54500000e-04 -6.08730000e-04 -9.43560000e-04 -1.58700000e-04 -3.97300000e-04 -2.22660000e-04 -2.69200000e-04 -1.06750000e-04 -1.03201000e-03 -1.92760000e-04 1.32500000e-04 -4.51840000e-04 -4.71180000e-04 -3.37370000e-04 8.77000000e-06 -2.48850000e-04 -5.81470000e-04 -3.73960000e-04 3.42000000e-05 -5.05500000e-04 -5.50500000e-04 -3.45030000e-04 -6.92200000e-05 -7.32010000e-04 -2.93410000e-04 -3.54870000e-04 -1.42630000e-04 -2.87900000e-04 -1.94850000e-04 -3.49670000e-04 -6.70640000e-04 2.84960000e-04 -5.35140000e-04 1.21430000e-04 -5.09920000e-04 -4.21750000e-04 -4.68080000e-04 1.27390000e-04 1.67510000e-04 -1.91890000e-04 -3.74470000e-04 3.81016600e-02 -4.01910000e-04 1.69191000e-03 -2.63170000e-04 2.15600000e-05 -1.83860000e-04 1.83996000e-03 -6.00100000e-04 -1.32398000e-03 6.42990000e-04 -4.40700000e-05 -2.02090000e-04 7.62820000e-04 -2.98970000e-04 -3.95900000e-04 -5.34500000e-05 -3.49690000e-04 -1.08850000e-04 -6.35190000e-04 1.51010000e-04 -2.66530000e-04 -4.08600000e-05 -2.82640000e-04 -1.99610000e-04 -2.88940000e-04 2.06030000e-04 -2.26460000e-04 2.51800000e-05 3.99380000e-04 -1.71830000e-04 -1.78620000e-04 4.04140000e-04 2.12110000e-04 -3.74910000e-04 -1.62330000e-04 1.65099000e-03 4.18130000e-04 1.52376000e-03 1.57221000e-03 1.36738000e-03 2.21612000e-03 1.63017000e-03 -1.68310000e-04 1.52145000e-03 1.68094000e-03 1.55067000e-03 1.75590000e-03 1.57397000e-03 1.60353000e-03 1.81008000e-03 1.54488000e-03 1.85440000e-03 1.57929000e-03 1.24714000e-03 1.75141000e-03 -9.12850000e-04 1.77340000e-03 -5.81060000e-04 1.76671000e-03 1.50874000e-03 1.95344000e-03
-5.14672000e-03 -1.03449000e-03 4.96950000e-04 2.97322000e-03 -8.00410000e-04 -1.15811000e-03 -1.33204000e-03 1.11649000e-03 2.72382000e-03 1.90497000e-03 -4.56740000e-04 1.63480000e-04 4.46690000e-04 -2.48190000e-04 -3.79402000e-03 8.64240000e-04 -3.23611000e-03 -3.55617000e-03 -9.21830000e-04 7.85000000e-04 7.75370000e-04 -6.11500000e-05 2.96207000e-03 -3.58126000e-03 2.67457000e-03 -3.92170000e-04 -5.62490000e-04 2.19898000e-03 -2.44890000e-04 -1.00581000e-03 -1.09346000e-03 -8.08530000e-04 6.54640000e-04 2.03053000e-03 -5.53770000e-04 -2.37681000e-03 2.08070000e-04 -2.19116000e-03 -4.21981000e-03 4.27849000e-03 -1.41390000e-04 2.23235000e-03 -1.42251000e-03 1.42023000e-03 1.81991000e-03 -1.21153000e-03 9.01410000e-04 -7.07590000e-04 -1.75721000e-03 -6.34430000e-04 2.12930000e-04 -6.22560000e-04 1.42253000e-03 -6.32850000e-04 -4.88980000e-04 -1.73147000e-03 -4.01910000e-04 1.42278700e-02 -1.23686000e-03 1.66817000e-03 4.40217000e-03 2.76002000e-03 -1.25250000e-03 -2.15781000e-03 -3.01547000e-03 1.11675000e-03 1.00051000e-03 -7.01120000e-04 7.22160000e-04 2.44505000e-03 -4.38690000e-04 -7.45010000e-04 1.03666000e-03 -9.48600000e-05 -1.93111000e-03 -1.18839000e-03 1.19210000e-04 4.48530000e-03 3.96590000e-04 -1.07350000e-03 5.11450000e-04 -1.49450000e-04 -1.29583000e-03 1.65259000e-03 -2.12548000e-03 2.98882000e-03 1.32851000e-03 1.32100000e-05 -7.91970000e-04 1.09031000e-03 2.27489000e-03 -2.79538000e-03 -9.20000000e-05 -1.66540000e-04 1.48282000e-03 3.63165000e-03 6.74500000e-05 -4.16838000e-03 2.83870000e-03 -1.45623000e-03 -2.11320000e-04 -2.57640000e-04 -4.10960000e-04 -2.45563000e-03 -8.04090000e-04 5.02270000e-04 -5.20600000e-04 -9.22820000e-04 -1.77268000e-03 -2.10083000e-03 -1.12612000e-03 -5.80112000e-03 -2.40491000e-03 -2.34122000e-03 -2.28575000e-03 -1.69504000e-03 -2.53046000e-03
4.38022000e-03 1.93342000e-03 -4.19260000e-04 -1.37542000e-03 3.82440000e-04 2.05577000e-03 5.97760000e-04 1.01330000e-03 -1.59551000e-03 -1.18604000e-03 1.75670000e-04 -1.09460000e-04 1.27421000e-03 6.11700000e-05 2.22761000e-03 -7.72870000e-04 1.79157000e-03 2.21511000e-03 5.21430000e-04 -4.92980000e-04 -3.27440000e-04 -7.48500000e-05 -1.80368000e-03 1.99219000e-03 -1.62213000e-03 3.12450000e-04 1.34190000e-04 -1.21121000e-03 7.44100000e-05 5.80010000e-04 5.53340000e-04 3.40310000e-04 -5.27110000e-04 -1.26109000e-03 2.90270000e-04 1.09402000e-03 -3.69920000e-04 9.99050000e-04 2.26603000e-03 -2.26312000e-03 -1.49770000e-04 -1.22203000e-03 6.94260000e-04 -6.20040000e-04 -1.24103000e-03 6.35990000e-04 -2.72550000e-04 2.58670000e-04 9.45030000e-04 3.31480000e-04 -2.15540000e-04 1.24450000e-04 -4.98360000e-04 3.71720000e-04 3.64460000e-04 7.95730000e-04 1.69191000e-03 -1.23686000e-03 7.68989100e-02 -9.47110000e-04 -2.53275000e-03 -1.56109000e-03 2.32007000e-03 1.10582000e-03 1.97700000e-03 -4.98970000e-04 -4.00490000e-04 4.02930000e-04 -2.99940000e-04 -1.20827000e-03 1.35830000e-04 4.45820000e-04 -6.07680000e-04 1.53310000e-04 1.02072000e-03 6.02840000e-04 -2.74680000e-04 -2.59346000e-03 -1.19510000e-04 6.83850000e-04 -3.64520000e-04 1.81450000e-04 5.60950000e-04 -7.55120000e-04 1.31645000e-03 -1.73436000e-03 -6.62750000e-04 1.64130000e-04 4.75300000e-04 -6.40110000e-04 -1.20278000e-03 3.04580000e-03 7.79700000e-05 1.62685000e-03 8.27130000e-04 -1.74070000e-04 1.54065000e-03 4.09677000e-03 -1.39480000e-03 2.36371000e-03 1.73477000e-03 1.57817000e-03 1.79524000e-03 3.10503000e-03 1.94220000e-03 1.33618000e-03 1.94190000e-03 2.08165000e-03 2.55513000e-03 2.76144000e-03 1.96822000e-03 3.27612000e-03 2.99903000e-03 1.21362000e-03 2.87886000e-03 2.54348000e-03 3.25431000e-03
-6.31143000e-03 -9.85820000e-04 7.47770000e-04 3.40444000e-03 -1.10245000e-03 -8.63030000e-04 -1.09995000e-03 1.49612000e-03 3.17629000e-03 2.36470000e-03 8.79000000e-05 6.54940000e-04 6.28250000e-04 2.86540000e-04 -3.75128000e-03 9.77410000e-04 -2.96627000e-03 -3.73679000e-03 -1.51290000e-03 1.24297000e-03 2.17690000e-04 3.29150000e-04 3.50565000e-03 -3.67736000e-03 3.25936000e-03 -5.92160000e-04 -3.79510000e-04 2.57071000e-03 2.02550000e-04 -1.45706000e-03 -9.81810000e-04 -6.82020000e-04 9.04430000e-04 2.23332000e-03 -4.51110000e-04 -2.57856000e-03 4.94750000e-04 -2.61148000e-03 -4.62722000e-03 4.82887000e-03 1.96200000e-04 2.76545000e-03 -1.05165000e-03 6.75080000e-04 2.17656000e-03 -1.15256000e-03 9.60270000e-04 -1.74992000e-03 -2.22098000e-03 -4.77270000e-04 6.01370000e-04 -3.99990000e-04 1.29989000e-03 -1.03165000e-03 -1.01877000e-03 -1.76149000e-03 -2.63170000e-04 1.66817000e-03 -9.47110000e-04 2.39210900e-02 5.17352000e-03 3.32206000e-03 -1.15900000e-03 -1.89987000e-03 -3.66474000e-03 1.07971000e-03 6.22690000e-04 -9.96770000e-04 4.11950000e-04 2.68973000e-03 -1.40440000e-04 -1.10010000e-03 5.46990000e-04 -6.13110000e-04 -1.61476000e-03 -1.50002000e-03 5.73590000e-04 5.17358000e-03 2.58970000e-04 -4.00710000e-04 1.04895000e-03 -2.89580000e-04 -1.09655000e-03 1.32447000e-03 -2.39262000e-03 3.58381000e-03 1.39588000e-03 8.02900000e-05 -1.07132000e-03 1.56298000e-03 1.93588000e-03 -3.12007000e-03 -4.40700000e-05 1.42590000e-04 1.78650000e-03 4.39595000e-03 -1.52000000e-06 -5.04621000e-03 2.17257000e-03 -1.48258000e-03 1.27060000e-04 7.32800000e-05 -2.33400000e-04 -3.11415000e-03 -7.01120000e-04 1.11552000e-03 -3.42700000e-04 -5.59360000e-04 -1.90717000e-03 -2.45542000e-03 -8.86290000e-04 -6.13968000e-03 -2.77842000e-03 -2.44015000e-03 -3.17011000e-03 -1.97149000e-03 -3.84917000e-03
-1.76619500e-02 -2.72713000e-03 4.57920000e-04 1.05136000e-02 -2.24233000e-03 -2.39939000e-03 -4.66951000e-03 3.47794000e-03 9.07507000e-03 5.70233000e-03 -1.36137000e-03 7.59010000e-04 1.07343000e-03 1.99350000e-04 -1.33190100e-02 1.07430000e-03 -1.08072200e-02 -1.37407400e-02 -4.14833000e-03 1.99094000e-03 4.05840000e-04 -1.91370000e-04 1.01193800e-02 -1.36176400e-02 8.72626000e-03 -1.39080000e-03 -2.27804000e-03 5.84734000e-03 -8.12220000e-04 -3.88560000e-03 -3.73601000e-03 -3.87991000e-03 1.70237000e-03 7.36031000e-03 -3.12211000e-03 -8.53961000e-03 7.58690000e-04 -6.36694000e-03 -1.53674300e-02 1.26400300e-02 -5.57990000e-04 7.07366000e-03 -4.09393000e-03 2.04479000e-03 5.84882000e-03 -5.49989000e-03 2.74887000e-03 -4.95243000e-03 -5.08064000e-03 -3.11906000e-03 2.24600000e-04 -2.34208000e-03 3.54916000e-03 -2.08534000e-03 -3.19584000e-03 -6.05113000e-03 2.15600000e-05 4.40217000e-03 -2.53275000e-03 5.17352000e-03 6.00851500e-02 8.77972000e-03 -3.26033000e-03 -7.32409000e-03 -1.53878800e-02 4.45026000e-03 1.78337000e-03 -3.31101000e-03 3.34106000e-03 6.20170000e-03 -1.92745000e-03 -3.00854000e-03 1.16764000e-03 -1.75235000e-03 -7.14564000e-03 -3.58269000e-03 8.34840000e-04 1.49687400e-02 -6.69700000e-04 -2.84022000e-03 1.55540000e-03 -3.65360000e-04 -3.94919000e-03 4.31101000e-03 -5.65887000e-03 9.77611000e-03 3.27810000e-03 7.36310000e-04 -2.36597000e-03 3.00305000e-03 5.92843000e-03 -8.39669000e-03 9.17900000e-04 -2.64060000e-04 4.37012000e-03 1.02497500e-02 1.65650000e-03 -1.40196500e-02 6.21494000e-03 -4.90519000e-03 -4.48360000e-04 -2.60120000e-04 -7.08160000e-04 -8.89594000e-03 -2.46690000e-03 2.63628000e-03 -2.01440000e-03 -1.76716000e-03 -5.92957000e-03 -8.70668000e-03 -2.25850000e-03 -2.05008100e-02 -7.67784000e-03 -8.67620000e-03 -8.22998000e-03 -6.11093000e-03 -1.00435900e-02
-1.03883600e-02 -1.67298000e-03 6.76530000e-04 5.84040000e-03 -1.44399000e-03 -1.44486000e-03 -2.39855000e-03 2.12674000e-03 5.35058000e-03 3.63564000e-03 -4.60240000e-04 6.96380000e-04 7.24630000e-04 2.56260000e-04 -7.40797000e-03 1.06224000e-03 -5.92717000e-03 -7.61729000e-03 -2.40046000e-03 1.51520000e-03 2.92880000e-04 1.37460000e-04 5.88601000e-03 -7.48657000e-03 5.33153000e-03 -8.43810000e-04 -1.04280000e-03 3.77051000e-03 -2.04030000e-04 -2.29553000e-03 -1.86612000e-03 -1.90347000e-03 1.20741000e-03 4.16630000e-03 -1.30200000e-03 -4.65312000e-03 6.07870000e-04 -3.92794000e-03 -8.46844000e-03 7.65542000e-03 -9.06200000e-05 4.39920000e-03 -2.15745000e-03 1.32272000e-03 3.52918000e-03 -2.62224000e-03 1.65021000e-03 -2.76973000e-03 -3.28545000e-03 -1.35984000e-03 4.91180000e-04 -1.04214000e-03 2.12385000e-03 -1.34938000e-03 -1.77357000e-03 -3.20185000e-03 -1.83860000e-04 2.76002000e-03 -1.56109000e-03 3.32206000e-03 8.77972000e-03 4.58624700e-02 -1.99488000e-03 -3.96098000e-03 -8.01277000e-03 2.29029000e-03 1.11507000e-03 -1.73993000e-03 1.53411000e-03 3.93509000e-03 -7.82640000e-04 -1.72680000e-03 8.82450000e-04 -9.96680000e-04 -3.62480000e-03 -2.20831000e-03 6.69950000e-04 8.76067000e-03 -9.59100000e-05 -1.40112000e-03 1.13685000e-03 -2.93760000e-04 -2.03203000e-03 2.47700000e-03 -3.53259000e-03 5.88475000e-03 2.09627000e-03 3.42200000e-04 -1.46566000e-03 2.07989000e-03 3.41486000e-03 -5.08062000e-03 3.05260000e-04 -9.39300000e-05 2.61907000e-03 6.34298000e-03 5.59230000e-04 -8.43581000e-03 3.73225000e-03 -2.78158000e-03 -1.58270000e-04 -8.32600000e-05 -4.59730000e-04 -5.29683000e-03 -1.43093000e-03 1.57021000e-03 -1.05970000e-03 -1.06887000e-03 -3.41027000e-03 -4.68480000e-03 -1.40304000e-03 -1.14046500e-02 -4.60215000e-03 -4.59469000e-03 -4.89461000e-03 -3.51495000e-03 -5.96175000e-03
5.56830000e-03 2.21872000e-03 -4.42340000e-04 -1.69301000e-03 2.81760000e-04 2.30694000e-03 7.33550000e-04 1.33797000e-03 -2.11777000e-03 -1.50586000e-03 1.98670000e-04 -2.47490000e-04 1.59119000e-03 -1.31650000e-04 3.24292000e-03 -8.45550000e-04 2.51195000e-03 3.46623000e-03 6.74220000e-04 -6.21110000e-04 -1.50350000e-04 -1.52270000e-04 -2.40145000e-03 3.08769000e-03 -2.17864000e-03 3.11280000e-04 9.95100000e-05 -1.41484000e-03 3.04600000e-05 7.13280000e-04 6.10540000e-04 6.09150000e-04 -7.02350000e-04 -1.55425000e-03 4.97480000e-04 1.37211000e-03 -5.96560000e-04 1.07968000e-03 3.10826000e-03 -2.73805000e-03 -2.41010000e-04 -1.58204000e-03 7.14880000e-04 -6.79500000e-04 -1.61135000e-03 1.00557000e-03 -3.44650000e-04 5.16240000e-04 1.07448000e-03 5.14950000e-04 -2.47650000e-04 1.64520000e-04 -4.97480000e-04 2.93140000e-04 6.20620000e-04 9.39970000e-04 1.83996000e-03 -1.25250000e-03 2.32007000e-03 -1.15900000e-03 -3.26033000e-03 -1.99488000e-03 4.79928300e-02 1.49148000e-03 3.43452000e-03 -9.11710000e-04 -4.00290000e-04 6.66400000e-04 -8.07510000e-04 -1.15969000e-03 1.81460000e-04 5.51870000e-04 -5.66640000e-04 3.47990000e-04 1.46868000e-03 6.00580000e-04 -4.74680000e-04 -3.43549000e-03 1.29600000e-04 9.06510000e-04 -3.96640000e-04 1.10940000e-04 5.94400000e-04 -8.19650000e-04 1.42364000e-03 -2.27640000e-03 -7.44370000e-04 3.98000000e-06 4.31880000e-04 -7.98630000e-04 -1.26737000e-03 3.63465000e-03 -1.99750000e-04 2.13019000e-03 1.10987000e-03 2.70860000e-04 1.66602000e-03 5.34539000e-03 -1.45499000e-03 2.99334000e-03 2.21140000e-03 1.88181000e-03 2.10431000e-03 3.98818000e-03 2.40517000e-03 1.57115000e-03 2.60730000e-03 2.50325000e-03 3.20994000e-03 3.68247000e-03 2.19086000e-03 4.59433000e-03 3.68156000e-03 1.71040000e-03 3.34149000e-03 3.16993000e-03 3.82432000e-03
8.97962000e-03 1.23914000e-03 8.47000000e-04 -5.74011000e-03 8.78510000e-04 1.04301000e-03 3.65998000e-03 -1.74354000e-03 -4.29926000e-03 -2.24213000e-03 1.64465000e-03 4.43320000e-04 -4.26460000e-04 3.32910000e-04 8.96086000e-03 7.00440000e-04 7.17325000e-03 9.58347000e-03 2.19098000e-03 -8.52200000e-05 -8.71000000e-06 8.84900000e-04 -4.71758000e-03 9.45330000e-03 -4.02254000e-03 6.00440000e-04 2.07961000e-03 -2.15709000e-03 1.56689000e-03 1.98928000e-03 2.45924000e-03 3.32873000e-03 -1.75640000e-04 -3.92581000e-03 2.51491000e-03 5.30627000e-03 3.09470000e-04 3.10648000e-03 9.14919000e-03 -5.82619000e-03 1.13845000e-03 -3.06334000e-03 3.01005000e-03 -1.28468000e-03 -2.46102000e-03 3.91064000e-03 -1.47393000e-03 2.48603000e-03 2.58929000e-03 2.58354000e-03 7.63490000e-04 1.93640000e-03 -1.73031000e-03 9.67730000e-04 1.83169000e-03 3.80481000e-03 -6.00100000e-04 -2.15781000e-03 1.10582000e-03 -1.89987000e-03 -7.32409000e-03 -3.96098000e-03 1.49148000e-03 4.56751600e-02 1.01817800e-02 -2.74767000e-03 -8.79130000e-04 2.03725000e-03 -2.57271000e-03 -2.66065000e-03 1.89673000e-03 1.56577000e-03 -3.98290000e-04 9.63600000e-04 4.96166000e-03 1.59291000e-03 1.99440000e-04 -7.42888000e-03 7.27570000e-04 2.57726000e-03 2.89210000e-04 6.11900000e-05 2.59103000e-03 -2.26999000e-03 2.50371000e-03 -4.62815000e-03 -1.43528000e-03 -5.63680000e-04 9.50740000e-04 -6.39130000e-04 -3.02485000e-03 4.00162000e-03 -9.83990000e-04 2.74490000e-04 -2.20634000e-03 -4.57869000e-03 -1.77245000e-03 7.12216000e-03 -3.29515000e-03 2.59690000e-03 2.87190000e-04 1.08320000e-04 8.69600000e-05 4.62894000e-03 1.19506000e-03 -1.39910000e-03 1.25522000e-03 7.83590000e-04 2.95982000e-03 4.71720000e-03 9.12090000e-04 1.26431800e-02 3.70583000e-03 5.39919000e-03 3.38236000e-03 3.12964000e-03 4.17126000e-03
1.90391900e-02 2.63855000e-03 1.66989000e-03 -1.11007200e-02 4.94270000e-04 1.91857000e-03 6.50539000e-03 -2.31722000e-03 -9.05214000e-03 -4.58392000e-03 3.06034000e-03 8.69700000e-05 2.53700000e-05 9.58900000e-05 1.88066900e-02 1.15939000e-03 1.48040800e-02 2.07446800e-02 4.12625000e-03 -3.37860000e-04 8.42750000e-04 1.39800000e-03 -1.03286300e-02 1.97545000e-02 -8.66869000e-03 7.01500000e-04 3.50410000e-03 -3.72413000e-03 2.27016000e-03 3.64893000e-03 4.88986000e-03 6.79802000e-03 -6.23380000e-04 -8.21542000e-03 5.74443000e-03 1.03635200e-02 -2.66920000e-04 4.97774000e-03 1.93783800e-02 -1.09238700e-02 1.63869000e-03 -6.21466000e-03 5.14647000e-03 -1.58873000e-03 -5.28780000e-03 8.83080000e-03 -3.03149000e-03 5.90653000e-03 3.91930000e-03 5.64856000e-03 1.53778000e-03 3.89818000e-03 -3.00003000e-03 5.43330000e-04 4.20472000e-03 7.38389000e-03 -1.32398000e-03 -3.01547000e-03 1.97700000e-03 -3.66474000e-03 -1.53878800e-02 -8.01277000e-03 3.43452000e-03 1.01817800e-02 1.09856200e-01 -6.91372000e-03 -1.43253000e-03 4.07064000e-03 -6.83309000e-03 -4.05283000e-03 3.61336000e-03 2.77668000e-03 -5.56320000e-04 2.46136000e-03 1.06140800e-02 2.39855000e-03 -2.36540000e-04 -1.56515700e-02 2.64531000e-03 5.18169000e-03 3.07400000e-04 -6.62120000e-04 4.79818000e-03 -4.26305000e-03 4.14887000e-03 -9.49555000e-03 -2.29805000e-03 -2.12898000e-03 9.65460000e-04 -1.34628000e-03 -5.31911000e-03 8.13000000e-03 -3.18441000e-03 1.42559000e-03 -3.18698000e-03 -6.48870000e-03 -3.58723000e-03 1.56503200e-02 -5.30719000e-03 6.05926000e-03 1.50628000e-03 5.48270000e-04 5.84700000e-04 1.05997900e-02 3.08891000e-03 -2.34701000e-03 3.81721000e-03 1.83955000e-03 6.69311000e-03 1.14329600e-02 1.60440000e-03 2.63767900e-02 8.01300000e-03 1.18055800e-02 7.39443000e-03 7.22425000e-03 9.46161000e-03
-5.52018000e-03 -8.82440000e-04 -4.20190000e-04 3.24402000e-03 3.65030000e-04 -4.67810000e-04 -1.54745000e-03 2.82830000e-04 2.72621000e-03 1.37059000e-03 -8.00890000e-04 2.65190000e-04 -1.46800000e-04 7.63800000e-05 -5.55593000e-03 -3.01990000e-04 -4.08785000e-03 -5.91771000e-03 -1.02670000e-03 1.69320000e-04 -3.87310000e-04 -3.47180000e-04 3.13607000e-03 -5.29780000e-03 2.63085000e-03 1.89300000e-05 -7.35640000e-04 9.00650000e-04 -3.63960000e-04 -8.67310000e-04 -1.42557000e-03 -1.60113000e-03 2.66890000e-04 2.15054000e-03 -1.57932000e-03 -2.92083000e-03 3.10020000e-04 -9.56320000e-04 -5.50766000e-03 2.85512000e-03 -1.43830000e-04 1.73383000e-03 -1.22105000e-03 4.01580000e-04 1.53717000e-03 -2.65779000e-03 9.73920000e-04 -2.12210000e-03 -2.41960000e-04 -1.70296000e-03 -3.46780000e-04 -1.10274000e-03 6.91740000e-04 3.98440000e-04 -1.28671000e-03 -1.94159000e-03 6.42990000e-04 1.11675000e-03 -4.98970000e-04 1.07971000e-03 4.45026000e-03 2.29029000e-03 -9.11710000e-04 -2.74767000e-03 -6.91372000e-03 2.93652000e-02 3.46580000e-04 -9.22960000e-04 3.08801000e-03 8.22400000e-04 -6.17690000e-04 -6.29330000e-04 1.99640000e-04 -8.77610000e-04 -3.14176000e-03 -3.50230000e-04 2.27350000e-04 4.65269000e-03 -5.58950000e-04 -1.49292000e-03 1.92440000e-04 4.93140000e-04 -1.12154000e-03 1.03485000e-03 -7.52470000e-04 2.72637000e-03 6.40280000e-04 1.03554000e-03 2.47430000e-04 3.76100000e-04 1.36556000e-03 -2.29238000e-03 1.35834000e-03 -1.01915000e-03 5.30290000e-04 5.14100000e-04 1.24102000e-03 -4.73771000e-03 1.69742000e-03 -1.89090000e-03 -6.25260000e-04 -3.68560000e-04 -2.17800000e-04 -2.86478000e-03 -1.08830000e-03 4.77330000e-04 -1.55175000e-03 -4.80990000e-04 -2.05344000e-03 -3.70677000e-03 -3.42560000e-04 -7.45565000e-03 -2.06964000e-03 -3.71758000e-03 -1.66285000e-03 -2.05800000e-03 -1.62377000e-03
-1.94177000e-03 -2.67770000e-04 2.21150000e-04 1.28540000e-03 -3.03550000e-04 -3.48150000e-04 -5.46650000e-04 6.44710000e-04 1.02824000e-03 7.37230000e-04 -2.48200000e-04 6.89200000e-05 2.99240000e-04 -1.61690000e-04 -1.58569000e-03 4.24520000e-04 -1.43018000e-03 -1.54043000e-03 -3.26690000e-04 2.97270000e-04 4.24750000e-04 -3.21300000e-05 1.15844000e-03 -1.56844000e-03 1.06661000e-03 -1.34780000e-04 -2.25800000e-04 8.97380000e-04 -1.20890000e-04 -3.59450000e-04 -4.40980000e-04 -3.64020000e-04 2.21580000e-04 9.77950000e-04 -2.67620000e-04 -9.21140000e-04 8.28200000e-05 -9.36900000e-04 -1.75964000e-03 1.72668000e-03 -7.21900000e-05 9.26380000e-04 -5.94010000e-04 6.55830000e-04 7.09510000e-04 -5.13570000e-04 4.37170000e-04 -9.34800000e-05 -8.45040000e-04 -2.63220000e-04 3.13400000e-05 -2.83030000e-04 7.13180000e-04 -2.07110000e-04 -1.59170000e-04 -7.29990000e-04 -4.40700000e-05 1.00051000e-03 -4.00490000e-04 6.22690000e-04 1.78337000e-03 1.11507000e-03 -4.00290000e-04 -8.79130000e-04 -1.43253000e-03 3.46580000e-04 9.15241000e-03 -2.76350000e-04 2.76340000e-04 1.02188000e-03 -2.70510000e-04 -2.63990000e-04 5.38750000e-04 4.67500000e-05 -8.36020000e-04 -4.67640000e-04 1.62800000e-05 1.80773000e-03 -1.37700000e-05 -4.96040000e-04 2.07170000e-04 -4.33100000e-05 -5.81860000e-04 8.06670000e-04 -9.21870000e-04 1.18577000e-03 5.45830000e-04 9.21000000e-06 -3.56160000e-04 4.33840000e-04 1.06783000e-03 -1.03087000e-03 -1.10070000e-04 1.63240000e-04 7.71470000e-04 1.80854000e-03 1.91130000e-04 -1.55597000e-03 1.20515000e-03 -4.53410000e-04 7.53400000e-05 5.80900000e-05 -4.15100000e-05 -9.74380000e-04 -1.70260000e-04 3.28530000e-04 -1.28400000e-05 -2.50310000e-04 -5.87310000e-04 -6.54190000e-04 -3.40410000e-04 -2.43105000e-03 -9.60370000e-04 -9.21860000e-04 -9.45250000e-04 -6.33770000e-04 -1.28865000e-03
4.12336000e-03 3.49280000e-04 2.31020000e-04 -2.67772000e-03 7.26620000e-04 4.21040000e-04 1.46071000e-03 -1.00310000e-03 -1.92599000e-03 -9.95620000e-04 5.09330000e-04 3.50000000e-07 -4.26390000e-04 -1.51400000e-05 3.48495000e-03 1.48990000e-04 2.89836000e-03 3.70365000e-03 1.13033000e-03 -2.15310000e-04 -2.89600000e-05 1.84680000e-04 -2.19953000e-03 3.77483000e-03 -1.75248000e-03 4.32200000e-04 8.14110000e-04 -1.14563000e-03 4.56690000e-04 1.00026000e-03 1.06058000e-03 1.26108000e-03 -1.97790000e-04 -1.37114000e-03 1.17978000e-03 2.23365000e-03 1.83200000e-05 1.64407000e-03 3.94558000e-03 -2.79498000e-03 3.47530000e-04 -1.40043000e-03 1.15687000e-03 -3.33460000e-04 -1.15013000e-03 1.71550000e-03 -5.11240000e-04 1.23060000e-03 1.50329000e-03 1.04465000e-03 2.27940000e-04 8.28430000e-04 -7.84850000e-04 7.02010000e-04 8.97900000e-04 1.73854000e-03 -2.02090000e-04 -7.01120000e-04 4.02930000e-04 -9.96770000e-04 -3.31101000e-03 -1.73993000e-03 6.66400000e-04 2.03725000e-03 4.07064000e-03 -9.22960000e-04 -2.76350000e-04 4.86995200e-02 -7.80450000e-04 -1.23971000e-03 8.33840000e-04 9.14500000e-04 1.07940000e-04 4.95880000e-04 1.93553000e-03 8.24300000e-04 -4.86900000e-05 -3.25954000e-03 3.31800000e-04 7.94900000e-04 -1.42810000e-04 2.00220000e-04 1.26932000e-03 -7.61230000e-04 1.42111000e-03 -2.04341000e-03 -6.55280000e-04 -6.15500000e-05 7.76770000e-04 -5.26210000e-04 -1.14209000e-03 1.76527000e-03 -2.15320000e-04 -9.70700000e-05 -1.24903000e-03 -2.61041000e-03 -6.29210000e-04 3.11770000e-03 -1.18181000e-03 1.02414000e-03 -1.25500000e-05 -7.08700000e-05 -3.44200000e-05 1.98100000e-03 3.22330000e-04 -7.97920000e-04 3.22210000e-04 3.23960000e-04 1.25329000e-03 1.95449000e-03 3.55180000e-04 5.35327000e-03 1.68950000e-03 2.28169000e-03 1.74182000e-03 1.27284000e-03 2.21640000e-03
-3.97034000e-03 -6.80110000e-04 -7.37450000e-04 2.53282000e-03 7.94760000e-04 -3.01230000e-04 -1.42893000e-03 -3.49320000e-04 2.10348000e-03 7.72550000e-04 -9.92960000e-04 5.49200000e-05 -4.86900000e-04 4.03100000e-05 -5.11226000e-03 -6.69100000e-04 -3.76608000e-03 -5.63467000e-03 -5.91270000e-04 -2.74030000e-04 -4.34240000e-04 -4.80230000e-04 2.40946000e-03 -5.03744000e-03 1.91927000e-03 2.18690000e-04 -6.86940000e-04 1.75410000e-04 -5.65470000e-04 -4.47800000e-04 -1.10894000e-03 -1.69954000e-03 2.02600000e-05 1.87609000e-03 -1.59217000e-03 -2.26091000e-03 2.25930000e-04 -1.48010000e-04 -4.57779000e-03 1.63473000e-03 -2.58850000e-04 1.12907000e-03 -1.01375000e-03 4.34350000e-04 1.09797000e-03 -2.55992000e-03 7.62020000e-04 -1.47712000e-03 4.02730000e-04 -1.70049000e-03 -6.04030000e-04 -1.04466000e-03 3.83030000e-04 7.96780000e-04 -1.06364000e-03 -1.47436000e-03 7.62820000e-04 7.22160000e-04 -2.99940000e-04 4.11950000e-04 3.34106000e-03 1.53411000e-03 -8.07510000e-04 -2.57271000e-03 -6.83309000e-03 3.08801000e-03 2.76340000e-04 -7.80450000e-04 8.16929100e-02 -1.79660000e-04 -7.52690000e-04 -3.26590000e-04 3.91600000e-05 -6.99400000e-04 -3.06250000e-03 1.66180000e-04 8.06000000e-05 3.60596000e-03 -9.73780000e-04 -1.64583000e-03 -2.49430000e-04 6.27850000e-04 -8.21080000e-04 8.72970000e-04 2.36600000e-05 1.95029000e-03 2.55370000e-04 1.08118000e-03 6.20650000e-04 -1.15140000e-04 1.03109000e-03 -1.59187000e-03 1.52590000e-03 -1.34724000e-03 -1.78880000e-04 -1.16637000e-03 1.39351000e-03 -3.76825000e-03 1.26257000e-03 -1.77759000e-03 -9.44940000e-04 -5.55550000e-04 -3.01840000e-04 -2.25552000e-03 -1.15307000e-03 -6.67000000e-05 -1.84962000e-03 -5.40040000e-04 -1.83697000e-03 -3.39412000e-03 -1.07200000e-04 -6.44031000e-03 -1.51913000e-03 -3.19552000e-03 -7.25090000e-04 -1.76611000e-03 -4.97100000e-04
-7.77928000e-03 -1.03058000e-03 8.28320000e-04 4.34986000e-03 -1.68837000e-03 -1.07290000e-03 -1.77217000e-03 2.58124000e-03 3.57434000e-03 2.73394000e-03 -2.03970000e-04 4.07710000e-04 1.19763000e-03 -1.29210000e-04 -4.80035000e-03 1.21764000e-03 -4.03376000e-03 -4.59802000e-03 -1.92024000e-03 1.40364000e-03 6.35990000e-04 1.14770000e-04 4.02249000e-03 -4.65776000e-03 3.76080000e-03 -8.51670000e-04 -8.28560000e-04 3.27819000e-03 -8.26200000e-05 -1.87262000e-03 -1.66108000e-03 -9.96370000e-04 8.95520000e-04 2.65417000e-03 -7.80740000e-04 -3.63994000e-03 2.32520000e-04 -3.75327000e-03 -6.08651000e-03 6.19233000e-03 -9.80600000e-05 3.21113000e-03 -1.82220000e-03 1.04388000e-03 2.41382000e-03 -1.57210000e-03 1.25454000e-03 -1.92142000e-03 -3.31845000e-03 -7.94350000e-04 4.92190000e-04 -8.19660000e-04 1.93567000e-03 -1.55818000e-03 -1.11085000e-03 -2.71201000e-03 -2.98970000e-04 2.44505000e-03 -1.20827000e-03 2.68973000e-03 6.20170000e-03 3.93509000e-03 -1.15969000e-03 -2.66065000e-03 -4.05283000e-03 8.22400000e-04 1.02188000e-03 -1.23971000e-03 -1.79660000e-04 1.97918100e-02 -4.93990000e-04 -1.42728000e-03 1.01501000e-03 -5.33560000e-04 -2.16905000e-03 -2.15560000e-03 3.35410000e-04 6.12003000e-03 6.62400000e-04 -7.68220000e-04 1.13801000e-03 -5.12960000e-04 -1.92952000e-03 1.85846000e-03 -3.54972000e-03 4.21237000e-03 1.83277000e-03 -1.34880000e-04 -1.66569000e-03 1.82575000e-03 2.70038000e-03 -3.75985000e-03 -4.54610000e-04 9.05290000e-04 2.99616000e-03 7.12402000e-03 1.51090000e-04 -5.67051000e-03 3.07521000e-03 -1.40912000e-03 7.02710000e-04 4.40580000e-04 5.44400000e-05 -3.64504000e-03 -3.47580000e-04 1.86597000e-03 3.72580000e-04 -4.42250000e-04 -1.91036000e-03 -2.42594000e-03 -1.17606000e-03 -7.95269000e-03 -3.33872000e-03 -3.25931000e-03 -4.09058000e-03 -2.15864000e-03 -5.24071000e-03
2.00486000e-03 8.88800000e-05 7.06950000e-04 -1.80486000e-03 2.58360000e-04 1.40050000e-04 1.48820000e-03 -6.82410000e-04 -1.01308000e-03 -2.00520000e-04 8.65110000e-04 4.75340000e-04 -2.79120000e-04 3.40700000e-04 2.78151000e-03 6.75190000e-04 2.43663000e-03 3.04438000e-03 5.68990000e-04 4.39440000e-04 -9.61000000e-05 5.65790000e-04 -1.13401000e-03 3.19375000e-03 -7.44520000e-04 1.57760000e-04 1.01896000e-03 -2.12790000e-04 8.75490000e-04 5.24720000e-04 9.28680000e-04 1.48851000e-03 2.98270000e-04 -1.24173000e-03 1.21353000e-03 1.75265000e-03 4.30270000e-04 7.48830000e-04 2.94997000e-03 -1.32880000e-03 7.55130000e-04 -5.68080000e-04 1.21389000e-03 -3.64270000e-04 -4.50220000e-04 1.58115000e-03 -3.73930000e-04 5.07790000e-04 7.09720000e-04 1.11254000e-03 6.43690000e-04 9.23680000e-04 -5.63970000e-04 2.53390000e-04 4.90400000e-04 1.42301000e-03 -3.95900000e-04 -4.38690000e-04 1.35830000e-04 -1.40440000e-04 -1.92745000e-03 -7.82640000e-04 1.81460000e-04 1.89673000e-03 3.61336000e-03 -6.17690000e-04 -2.70510000e-04 8.33840000e-04 -7.52690000e-04 -4.93990000e-04 3.79576900e-02 4.54540000e-04 5.28400000e-05 1.58210000e-04 1.85418000e-03 3.62600000e-04 4.06180000e-04 -1.82773000e-03 5.40590000e-04 1.03976000e-03 5.42900000e-04 5.18000000e-06 1.13261000e-03 -7.90100000e-04 5.38110000e-04 -9.92820000e-04 -2.29700000e-04 -9.09700000e-05 3.19660000e-04 1.97550000e-04 -9.66770000e-04 7.54610000e-04 -3.06620000e-04 -2.52220000e-04 -8.36860000e-04 -1.51517000e-03 -9.34610000e-04 1.37154000e-03 -8.65960000e-04 5.20800000e-04 -5.82100000e-05 -1.55420000e-04 -1.91040000e-04 9.62580000e-04 1.15980000e-04 -5.20340000e-04 1.06900000e-04 5.66900000e-05 5.85740000e-04 1.18747000e-03 7.35800000e-05 3.95659000e-03 7.41650000e-04 1.73900000e-03 6.50250000e-04 6.71300000e-04 9.57870000e-04
3.68005000e-03 4.28780000e-04 -4.49800000e-05 -2.31146000e-03 7.91720000e-04 4.30430000e-04 1.09679000e-03 -1.00859000e-03 -1.74849000e-03 -1.10126000e-03 2.70210000e-04 -7.69300000e-05 -4.18870000e-04 -2.29000000e-05 2.59050000e-03 -1.16990000e-04 2.15298000e-03 2.62982000e-03 1.07320000e-03 -4.02700000e-04 -6.85400000e-05 5.59800000e-05 -1.95847000e-03 2.73194000e-03 -1.65418000e-03 4.68460000e-04 5.85940000e-04 -1.26749000e-03 2.46390000e-04 9.58910000e-04 8.58450000e-04 7.95730000e-04 -2.98050000e-04 -1.29798000e-03 6.80220000e-04 1.88744000e-03 -3.04800000e-05 1.63617000e-03 3.14864000e-03 -2.70002000e-03 1.83140000e-04 -1.39406000e-03 9.28690000e-04 -2.87780000e-04 -1.10738000e-03 1.12673000e-03 -4.75550000e-04 1.13629000e-03 1.40920000e-03 6.57150000e-04 -1.98900000e-05 5.36530000e-04 -7.24650000e-04 7.91780000e-04 7.42660000e-04 1.39824000e-03 -5.34500000e-05 -7.45010000e-04 4.45820000e-04 -1.10010000e-03 -3.00854000e-03 -1.72680000e-03 5.51870000e-04 1.56577000e-03 2.77668000e-03 -6.29330000e-04 -2.63990000e-04 9.14500000e-04 -3.26590000e-04 -1.42728000e-03 4.54540000e-04 2.99350100e-02 -3.99300000e-05 4.24720000e-04 1.37830000e-03 9.09930000e-04 -1.17970000e-04 -2.92877000e-03 4.90600000e-05 4.64830000e-04 -3.62260000e-04 2.86210000e-04 9.46730000e-04 -7.19480000e-04 1.42856000e-03 -1.93517000e-03 -6.93650000e-04 4.96800000e-05 7.84380000e-04 -6.36410000e-04 -1.11810000e-03 1.69112000e-03 2.69700000e-05 -2.01090000e-04 -1.19692000e-03 -2.73403000e-03 -3.67280000e-04 2.73029000e-03 -1.15887000e-03 8.36820000e-04 -1.48140000e-04 -8.46900000e-05 -1.21000000e-06 1.71360000e-03 2.79960000e-04 -7.83700000e-04 1.18290000e-04 2.22860000e-04 1.07854000e-03 1.54105000e-03 4.04580000e-04 4.19649000e-03 1.52619000e-03 1.75483000e-03 1.77557000e-03 1.11560000e-03 2.21448000e-03
-1.65314000e-03 -4.56180000e-04 4.64790000e-04 5.45390000e-04 -1.16100000e-04 -5.26950000e-04 -1.17200000e-04 2.74800000e-04 7.06430000e-04 6.94280000e-04 -5.08900000e-05 1.90800000e-04 2.85700000e-05 -1.91610000e-04 -1.10790000e-03 7.62840000e-04 -9.59600000e-04 -1.02727000e-03 -5.85800000e-05 4.35750000e-04 4.24400000e-04 9.68800000e-05 8.17130000e-04 -8.46190000e-04 9.23560000e-04 -2.90500000e-05 8.62700000e-05 8.06890000e-04 1.21420000e-04 -1.41680000e-04 -2.47010000e-04 4.48200000e-05 3.16340000e-04 5.85260000e-04 4.51400000e-05 -4.37430000e-04 2.26380000e-04 -7.15700000e-04 -1.07699000e-03 1.31650000e-03 1.58100000e-04 7.32700000e-04 -3.44730000e-04 5.97610000e-04 5.53540000e-04 -1.22690000e-04 3.69530000e-04 1.26020000e-04 -6.72470000e-04 8.90000000e-07 2.00100000e-04 -4.61800000e-05 5.55020000e-04 4.44000000e-06 3.37000000e-05 -3.48820000e-04 -3.49690000e-04 1.03666000e-03 -6.07680000e-04 5.46990000e-04 1.16764000e-03 8.82450000e-04 -5.66640000e-04 -3.98290000e-04 -5.56320000e-04 1.99640000e-04 5.38750000e-04 1.07940000e-04 3.91600000e-05 1.01501000e-03 5.28400000e-05 -3.99300000e-05 1.32788400e-02 1.34690000e-04 -3.85090000e-04 -3.19600000e-04 1.03780000e-04 1.27673000e-03 2.73110000e-04 -4.09430000e-04 2.99010000e-04 3.63200000e-05 -3.08150000e-04 6.15150000e-04 -8.90590000e-04 8.74570000e-04 4.77960000e-04 4.15600000e-05 -1.71070000e-04 4.73890000e-04 7.70250000e-04 -1.04497000e-03 -1.56680000e-04 -5.52100000e-05 3.62260000e-04 1.25317000e-03 -3.08210000e-04 -1.48329000e-03 1.03906000e-03 -4.74900000e-04 -1.16160000e-04 -1.27160000e-04 -2.76610000e-04 -1.03735000e-03 -2.84360000e-04 1.23200000e-05 -1.46490000e-04 -4.39410000e-04 -5.44890000e-04 -4.42010000e-04 -5.30130000e-04 -1.54833000e-03 -9.81850000e-04 -5.59780000e-04 -9.27520000e-04 -6.40700000e-04 -1.23176000e-03
2.49734000e-03 4.09340000e-04 6.50200000e-05 -1.22758000e-03 1.32090000e-04 1.45500000e-04 5.61050000e-04 -2.70080000e-04 -1.01728000e-03 -6.47950000e-04 1.10420000e-04 -1.57410000e-04 4.99000000e-06 -1.74160000e-04 1.95273000e-03 7.91500000e-05 1.36283000e-03 2.12730000e-03 6.66760000e-04 -2.16970000e-04 3.91750000e-04 8.66800000e-05 -1.17914000e-03 1.91035000e-03 -1.09704000e-03 1.42350000e-04 2.78990000e-04 -5.10470000e-04 3.92700000e-05 6.03710000e-04 5.41270000e-04 5.98290000e-04 -9.79900000e-05 -7.39340000e-04 5.17700000e-04 1.26035000e-03 -8.26800000e-05 6.21480000e-04 2.17491000e-03 -1.27763000e-03 5.45400000e-05 -7.69080000e-04 3.69800000e-04 1.22930000e-04 -5.77720000e-04 8.88010000e-04 -3.07240000e-04 1.21272000e-03 4.18620000e-04 5.47470000e-04 -6.96000000e-06 3.83160000e-04 -1.83500000e-04 1.78360000e-04 7.28490000e-04 8.54910000e-04 -1.08850000e-04 -9.48600000e-05 1.53310000e-04 -6.13110000e-04 -1.75235000e-03 -9.96680000e-04 3.47990000e-04 9.63600000e-04 2.46136000e-03 -8.77610000e-04 4.67500000e-05 4.95880000e-04 -6.99400000e-04 -5.33560000e-04 1.58210000e-04 4.24720000e-04 1.34690000e-04 1.80618900e-02 9.55940000e-04 3.81790000e-04 -1.50610000e-04 -1.83101000e-03 1.87620000e-04 3.01690000e-04 -1.74550000e-04 -2.32000000e-05 4.72380000e-04 -1.91280000e-04 5.09180000e-04 -1.15846000e-03 -2.81660000e-04 -2.88480000e-04 1.51680000e-04 -3.07450000e-04 -3.34260000e-04 1.01642000e-03 -3.53390000e-04 2.39300000e-04 -3.47530000e-04 -6.54360000e-04 -2.31330000e-04 2.03834000e-03 -3.55370000e-04 7.06280000e-04 9.95100000e-05 4.05400000e-05 4.30300000e-05 1.32120000e-03 4.09310000e-04 -3.88310000e-04 4.64070000e-04 9.76000000e-05 8.03180000e-04 1.42101000e-03 2.06030000e-04 2.79775000e-03 9.58160000e-04 1.39617000e-03 1.02512000e-03 8.61390000e-04 1.20853000e-03
8.61212000e-03 1.17392000e-03 8.86880000e-04 -5.47272000e-03 4.65950000e-04 9.99550000e-04 3.32029000e-03 -1.38143000e-03 -4.12764000e-03 -2.01489000e-03 1.70011000e-03 3.35260000e-04 -2.29150000e-04 3.62720000e-04 8.63641000e-03 6.15950000e-04 7.00917000e-03 9.22992000e-03 1.93003000e-03 -9.29000000e-06 3.32900000e-05 8.73280000e-04 -4.71640000e-03 8.99660000e-03 -3.80337000e-03 4.39580000e-04 1.87005000e-03 -1.82318000e-03 1.30991000e-03 1.72816000e-03 2.57101000e-03 3.17795000e-03 -1.69150000e-04 -3.77677000e-03 2.78074000e-03 5.09522000e-03 1.33620000e-04 2.56476000e-03 9.09717000e-03 -5.30203000e-03 9.91400000e-04 -2.75934000e-03 2.74705000e-03 -1.04097000e-03 -2.36454000e-03 4.21698000e-03 -1.38366000e-03 2.51239000e-03 1.90052000e-03 2.76725000e-03 8.92620000e-04 2.04452000e-03 -1.59863000e-03 4.43230000e-04 1.80744000e-03 3.74848000e-03 -6.35190000e-04 -1.93111000e-03 1.02072000e-03 -1.61476000e-03 -7.14564000e-03 -3.62480000e-03 1.46868000e-03 4.96166000e-03 1.06140800e-02 -3.14176000e-03 -8.36020000e-04 1.93553000e-03 -3.06250000e-03 -2.16905000e-03 1.85418000e-03 1.37830000e-03 -3.85090000e-04 9.55940000e-04 6.92436500e-02 1.26905000e-03 1.68040000e-04 -7.21428000e-03 1.00671000e-03 2.59285000e-03 2.15470000e-04 -1.70960000e-04 2.57577000e-03 -2.18697000e-03 2.17663000e-03 -4.31258000e-03 -1.17827000e-03 -7.71460000e-04 6.54010000e-04 -5.16370000e-04 -2.84297000e-03 3.72084000e-03 -1.22727000e-03 4.71630000e-04 -1.86175000e-03 -3.69623000e-03 -1.85227000e-03 6.79183000e-03 -2.98156000e-03 2.65128000e-03 5.26050000e-04 2.38540000e-04 1.66560000e-04 4.46244000e-03 1.26787000e-03 -1.17156000e-03 1.48028000e-03 8.29840000e-04 2.97121000e-03 5.05090000e-03 8.46050000e-04 1.23173100e-02 3.53311000e-03 5.63287000e-03 3.27114000e-03 3.12554000e-03 4.04053000e-03
4.28569000e-03 5.71080000e-04 -3.29240000e-04 -2.63787000e-03 1.06473000e-03 5.57170000e-04 1.13445000e-03 -1.44717000e-03 -2.02924000e-03 -1.50545000e-03 1.50150000e-04 -1.05400000e-04 -6.51890000e-04 4.06000000e-06 2.55110000e-03 -4.43970000e-04 2.17953000e-03 2.44152000e-03 1.22963000e-03 -6.96700000e-04 -2.51670000e-04 8.00000000e-06 -2.26360000e-03 2.63969000e-03 -2.03223000e-03 5.57590000e-04 5.91490000e-04 -1.82261000e-03 1.62210000e-04 1.19222000e-03 9.51830000e-04 6.97160000e-04 -4.30470000e-04 -1.65368000e-03 4.95880000e-04 2.17509000e-03 -2.70600000e-05 2.11460000e-03 3.44605000e-03 -3.50249000e-03 1.83650000e-04 -1.79461000e-03 1.04085000e-03 -5.10040000e-04 -1.37647000e-03 9.18190000e-04 -6.24280000e-04 1.19315000e-03 1.83506000e-03 4.92530000e-04 -2.18750000e-04 4.98620000e-04 -1.02763000e-03 1.05634000e-03 7.22310000e-04 1.60169000e-03 1.51010000e-04 -1.18839000e-03 6.02840000e-04 -1.50002000e-03 -3.58269000e-03 -2.20831000e-03 6.00580000e-04 1.59291000e-03 2.39855000e-03 -3.50230000e-04 -4.67640000e-04 8.24300000e-04 1.66180000e-04 -2.15560000e-03 3.62600000e-04 9.09930000e-04 -3.19600000e-04 3.81790000e-04 1.26905000e-03 4.17862400e-02 -1.49380000e-04 -3.49330000e-03 -1.73660000e-04 3.27940000e-04 -5.71080000e-04 3.79350000e-04 1.11316000e-03 -1.05436000e-03 1.87773000e-03 -2.41237000e-03 -9.89330000e-04 1.65690000e-04 1.03413000e-03 -9.57220000e-04 -1.57529000e-03 2.05151000e-03 2.64950000e-04 -5.03060000e-04 -1.67738000e-03 -3.96060000e-03 -1.81380000e-04 3.04109000e-03 -1.63092000e-03 8.24860000e-04 -3.81090000e-04 -2.22920000e-04 -4.35300000e-05 1.93934000e-03 2.58720000e-04 -1.05410000e-03 -1.78910000e-04 2.08900000e-04 1.13791000e-03 1.48835000e-03 6.42870000e-04 4.43999000e-03 1.83088000e-03 1.82175000e-03 2.33050000e-03 1.23010000e-03 2.98136000e-03
-1.24244000e-03 -3.01520000e-04 4.77100000e-04 2.13040000e-04 -7.37300000e-05 -2.66860000e-04 3.26360000e-04 -1.38450000e-04 6.34110000e-04 6.13510000e-04 3.89350000e-04 4.71170000e-04 -1.59430000e-04 3.40180000e-04 -2.34900000e-04 5.46710000e-04 -4.51200000e-05 -2.81090000e-04 -1.83160000e-04 5.35410000e-04 -7.54700000e-05 4.13110000e-04 7.09610000e-04 -1.10260000e-04 7.49680000e-04 -6.54300000e-05 3.77440000e-04 5.76830000e-04 4.60190000e-04 -1.43270000e-04 1.77260000e-04 3.43440000e-04 4.70340000e-04 1.69160000e-04 2.70260000e-04 7.85500000e-05 4.78010000e-04 -3.10080000e-04 -2.41470000e-04 7.69490000e-04 4.67470000e-04 5.99950000e-04 2.76840000e-04 -2.71200000e-05 5.53790000e-04 1.83120000e-04 1.07750000e-04 -3.02840000e-04 -2.89290000e-04 2.58120000e-04 4.25390000e-04 3.18080000e-04 5.41400000e-05 -6.23800000e-05 -1.48560000e-04 1.80540000e-04 -2.66530000e-04 1.19210000e-04 -2.74680000e-04 5.73590000e-04 8.34840000e-04 6.69950000e-04 -4.74680000e-04 1.99440000e-04 -2.36540000e-04 2.27350000e-04 1.62800000e-05 -4.86900000e-05 8.06000000e-05 3.35410000e-04 4.06180000e-04 -1.17970000e-04 1.03780000e-04 -1.50610000e-04 1.68040000e-04 -1.49380000e-04 9.44985000e-03 8.71590000e-04 1.17140000e-04 2.43760000e-04 5.21660000e-04 -1.57500000e-05 2.57510000e-04 4.51000000e-06 -3.70940000e-04 6.92570000e-04 2.24950000e-04 7.77600000e-05 -8.19200000e-05 5.26900000e-04 4.40900000e-05 -7.14530000e-04 3.35000000e-05 -3.28990000e-04 -1.27820000e-04 1.06630000e-04 -4.20620000e-04 -1.25776000e-03 1.04330000e-04 -4.67160000e-04 -2.62900000e-04 -2.10040000e-04 -3.15940000e-04 -8.16480000e-04 -3.34120000e-04 -9.33800000e-05 -3.93260000e-04 -3.27100000e-04 -5.53780000e-04 -5.80820000e-04 -2.32460000e-04 -4.42670000e-04 -7.05250000e-04 -4.07200000e-05 -7.48580000e-04 -5.34240000e-04 -8.69550000e-04
-1.79566400e-02 -2.84364000e-03 4.96750000e-04 1.03664300e-02 -2.05431000e-03 -2.44647000e-03 -4.62836000e-03 3.30492000e-03 9.00171000e-03 5.75659000e-03 -1.34343000e-03 8.29940000e-04 9.60970000e-04 2.41960000e-04 -1.37482000e-02 1.14673000e-03 -1.10331900e-02 -1.42912700e-02 -4.07795000e-03 2.06309000e-03 3.21580000e-04 -1.92710000e-04 1.00617900e-02 -1.39768000e-02 8.82353000e-03 -1.28883000e-03 -2.16164000e-03 5.84130000e-03 -7.64080000e-04 -3.85843000e-03 -3.74758000e-03 -3.92307000e-03 1.70045000e-03 7.24909000e-03 -3.12663000e-03 -8.57315000e-03 8.15930000e-04 -6.30260000e-03 -1.55478100e-02 1.25945300e-02 -4.96290000e-04 7.07069000e-03 -4.02493000e-03 2.12924000e-03 5.80686000e-03 -5.56358000e-03 2.78416000e-03 -4.95303000e-03 -5.07145000e-03 -3.15993000e-03 2.46930000e-04 -2.37052000e-03 3.50943000e-03 -1.91719000e-03 -3.24512000e-03 -6.04501000e-03 -4.08600000e-05 4.48530000e-03 -2.59346000e-03 5.17358000e-03 1.49687400e-02 8.76067000e-03 -3.43549000e-03 -7.42888000e-03 -1.56515700e-02 4.65269000e-03 1.80773000e-03 -3.25954000e-03 3.60596000e-03 6.12003000e-03 -1.82773000e-03 -2.92877000e-03 1.27673000e-03 -1.83101000e-03 -7.21428000e-03 -3.49330000e-03 8.71590000e-04 3.45336100e-02 -6.72860000e-04 -2.97074000e-03 1.51888000e-03 -2.48350000e-04 -3.93397000e-03 4.23671000e-03 -5.64223000e-03 9.81109000e-03 3.32035000e-03 8.65110000e-04 -2.20341000e-03 3.03673000e-03 5.81535000e-03 -8.53741000e-03 1.10370000e-03 -5.23950000e-04 4.20071000e-03 9.82959000e-03 1.49892000e-03 -1.44972200e-02 6.24828000e-03 -5.05622000e-03 -6.03950000e-04 -3.40350000e-04 -7.88720000e-04 -9.20584000e-03 -2.61412000e-03 2.50794000e-03 -2.26958000e-03 -1.91028000e-03 -6.04599000e-03 -8.82596000e-03 -2.34663000e-03 -2.08781900e-02 -7.85612000e-03 -8.89233000e-03 -8.15002000e-03 -6.23388000e-03 -9.92404000e-03
3.53120000e-04 4.87400000e-05 5.14200000e-04 -6.71890000e-04 -3.19100000e-04 -8.32300000e-05 4.99190000e-04 3.30040000e-04 -2.98790000e-04 1.17580000e-04 4.65840000e-04 1.99940000e-04 3.46690000e-04 -2.47000000e-05 1.14214000e-03 5.29350000e-04 9.82750000e-04 1.49934000e-03 1.06950000e-04 4.23120000e-04 2.49360000e-04 2.96600000e-04 -3.95570000e-04 1.52742000e-03 -1.42460000e-04 -9.14900000e-05 3.22750000e-04 3.39100000e-04 3.71720000e-04 8.63900000e-05 2.46200000e-04 7.92140000e-04 2.55910000e-04 -8.59220000e-04 6.93980000e-04 5.00690000e-04 8.30800000e-05 -3.26190000e-04 1.14944000e-03 8.69000000e-05 3.11960000e-04 -5.95800000e-05 2.22950000e-04 2.56400000e-05 -1.29620000e-04 8.88200000e-04 -5.54600000e-05 1.70890000e-04 -3.43620000e-04 6.06630000e-04 4.32210000e-04 3.91290000e-04 1.59900000e-05 -2.71360000e-04 3.41510000e-04 4.07860000e-04 -2.82640000e-04 3.96590000e-04 -1.19510000e-04 2.58970000e-04 -6.69700000e-04 -9.59100000e-05 1.29600000e-04 7.27570000e-04 2.64531000e-03 -5.58950000e-04 -1.37700000e-05 3.31800000e-04 -9.73780000e-04 6.62400000e-04 5.40590000e-04 4.90600000e-05 2.73110000e-04 1.87620000e-04 1.00671000e-03 -1.73660000e-04 1.17140000e-04 -6.72860000e-04 1.42131600e-02 4.91900000e-04 3.70600000e-04 -1.77970000e-04 2.52200000e-04 -3.00780000e-04 -4.38190000e-04 -2.47450000e-04 1.69860000e-04 -2.50180000e-04 -1.86690000e-04 3.48230000e-04 -3.21230000e-04 5.58200000e-05 -4.65240000e-04 3.50790000e-04 3.37600000e-04 9.04250000e-04 -6.21660000e-04 4.88720000e-04 9.08900000e-05 4.88950000e-04 4.04890000e-04 1.83080000e-04 9.39200000e-05 4.38570000e-04 4.08460000e-04 2.15150000e-04 6.26370000e-04 1.12330000e-04 4.90710000e-04 1.01731000e-03 -1.07880000e-04 1.54665000e-03 2.74160000e-04 7.47230000e-04 7.36700000e-05 5.08800000e-04 3.37050000e-04
3.70474000e-03 6.70740000e-04 5.59420000e-04 -2.10940000e-03 -2.17700000e-05 6.55430000e-04 1.67347000e-03 -2.39950000e-04 -1.66544000e-03 -6.89130000e-04 1.05639000e-03 3.47190000e-04 2.00650000e-04 3.91680000e-04 4.53864000e-03 3.30490000e-04 3.67541000e-03 4.92726000e-03 6.21970000e-04 2.39840000e-04 -5.99500000e-05 5.76000000e-04 -1.87754000e-03 4.65024000e-03 -1.57524000e-03 8.66400000e-05 9.33160000e-04 -5.33340000e-04 8.56130000e-04 5.75620000e-04 1.16868000e-03 1.67099000e-03 5.46600000e-05 -1.57589000e-03 1.37404000e-03 2.19995000e-03 1.42240000e-04 9.56400000e-04 4.16719000e-03 -2.01260000e-03 5.78710000e-04 -1.01485000e-03 1.45232000e-03 -7.31690000e-04 -8.76470000e-04 2.05912000e-03 -6.09280000e-04 7.08340000e-04 8.01110000e-04 1.40390000e-03 6.11390000e-04 1.02507000e-03 -6.66430000e-04 -5.08700000e-05 6.99350000e-04 1.65763000e-03 -1.99610000e-04 -1.07350000e-03 6.83850000e-04 -4.00710000e-04 -2.84022000e-03 -1.40112000e-03 9.06510000e-04 2.57726000e-03 5.18169000e-03 -1.49292000e-03 -4.96040000e-04 7.94900000e-04 -1.64583000e-03 -7.68220000e-04 1.03976000e-03 4.64830000e-04 -4.09430000e-04 3.01690000e-04 2.59285000e-03 3.27940000e-04 2.43760000e-04 -2.97074000e-03 4.91900000e-04 3.32125200e-02 4.65490000e-04 -1.73140000e-04 1.22036000e-03 -1.01879000e-03 9.14100000e-04 -1.68364000e-03 -4.28940000e-04 -3.99270000e-04 1.04960000e-04 3.15400000e-05 -1.23503000e-03 1.72584000e-03 -6.36350000e-04 5.49650000e-04 -4.52830000e-04 -9.52150000e-04 -7.79730000e-04 3.18643000e-03 -1.47606000e-03 1.39256000e-03 5.72300000e-04 3.55180000e-04 2.85970000e-04 2.18391000e-03 7.65190000e-04 -1.23160000e-04 1.01795000e-03 6.77550000e-04 1.44837000e-03 2.30748000e-03 5.22290000e-04 5.92794000e-03 1.68641000e-03 2.59948000e-03 1.16120000e-03 1.53289000e-03 1.43225000e-03
-2.06291000e-03 -3.24190000e-04 8.05480000e-04 9.59940000e-04 -4.82720000e-04 -3.20720000e-04 3.49090000e-04 5.38260000e-04 9.28140000e-04 9.95810000e-04 5.15720000e-04 6.45000000e-04 2.57150000e-04 2.61090000e-04 -8.04200000e-05 9.83660000e-04 -3.41300000e-05 1.72260000e-04 -4.77000000e-04 8.83910000e-04 1.67570000e-04 5.23750000e-04 1.13977000e-03 2.50010000e-04 1.11089000e-03 -2.66450000e-04 4.12420000e-04 1.19054000e-03 6.73650000e-04 -4.36750000e-04 -1.12380000e-04 6.78980000e-04 6.17240000e-04 3.96550000e-04 3.20530000e-04 -3.15490000e-04 5.25930000e-04 -9.96620000e-04 -6.88240000e-04 1.68609000e-03 6.13200000e-04 9.97910000e-04 1.63480000e-04 7.17000000e-06 8.12370000e-04 1.84460000e-04 2.50710000e-04 -5.90840000e-04 -7.69860000e-04 3.17240000e-04 6.09460000e-04 2.44220000e-04 4.14710000e-04 -3.93530000e-04 -2.33610000e-04 -1.95320000e-04 -2.88940000e-04 5.11450000e-04 -3.64520000e-04 1.04895000e-03 1.55540000e-03 1.13685000e-03 -3.96640000e-04 2.89210000e-04 3.07400000e-04 1.92440000e-04 2.07170000e-04 -1.42810000e-04 -2.49430000e-04 1.13801000e-03 5.42900000e-04 -3.62260000e-04 2.99010000e-04 -1.74550000e-04 2.15470000e-04 -5.71080000e-04 5.21660000e-04 1.51888000e-03 3.70600000e-04 4.65490000e-04 3.76519000e-02 -1.85710000e-04 -4.30700000e-05 2.05670000e-04 -1.05552000e-03 1.14086000e-03 5.77510000e-04 -7.17900000e-05 -4.89460000e-04 9.24780000e-04 5.20770000e-04 -1.10605000e-03 -3.14710000e-04 9.87600000e-05 6.00050000e-04 1.72191000e-03 -4.15440000e-04 -1.59972000e-03 5.81880000e-04 -3.60130000e-04 1.64940000e-04 1.13100000e-05 -1.56860000e-04 -9.52580000e-04 -1.22440000e-04 3.75970000e-04 7.88600000e-05 -1.56670000e-04 -5.72400000e-04 -5.27340000e-04 -3.54410000e-04 -7.69270000e-04 -9.99700000e-04 -3.27290000e-04 -1.45203000e-03 -5.94540000e-04 -1.81562000e-03
4.14070000e-04 6.35400000e-05 -1.65220000e-04 -3.35690000e-04 5.42400000e-04 1.85310000e-04 1.34220000e-04 -3.43100000e-04 -1.89800000e-04 -2.24880000e-04 -7.04200000e-05 4.53500000e-05 -1.69770000e-04 1.14700000e-05 -2.53680000e-04 -1.67940000e-04 -6.50400000e-05 -3.98200000e-04 2.96150000e-04 -1.68770000e-04 -1.65890000e-04 -7.42500000e-05 -1.69870000e-04 -1.54130000e-04 -1.42100000e-04 2.93720000e-04 8.08700000e-05 -4.46560000e-04 3.32300000e-05 2.62770000e-04 3.08400000e-05 -1.09250000e-04 -1.15860000e-04 -7.89000000e-05 -1.60560000e-04 1.37390000e-04 4.94700000e-05 5.96150000e-04 1.41000000e-06 -6.40250000e-04 2.40800000e-05 -2.60310000e-04 1.40950000e-04 -7.92700000e-05 -1.80150000e-04 -2.14320000e-04 4.54700000e-05 -1.42800000e-05 6.23460000e-04 -1.66390000e-04 -1.31110000e-04 -7.09600000e-05 -1.62310000e-04 5.62340000e-04 2.89500000e-05 1.39220000e-04 2.06030000e-04 -1.49450000e-04 1.81450000e-04 -2.89580000e-04 -3.65360000e-04 -2.93760000e-04 1.10940000e-04 6.11900000e-05 -6.62120000e-04 4.93140000e-04 -4.33100000e-05 2.00220000e-04 6.27850000e-04 -5.12960000e-04 5.18000000e-06 2.86210000e-04 3.63200000e-05 -2.32000000e-05 -1.70960000e-04 3.79350000e-04 -1.57500000e-05 -2.48350000e-04 -1.77970000e-04 -1.73140000e-04 -1.85710000e-04 1.39345200e-02 1.18970000e-04 -8.48100000e-05 5.47840000e-04 -2.70210000e-04 -2.00880000e-04 3.55420000e-04 4.96180000e-04 -2.29800000e-04 -2.44810000e-04 3.32320000e-04 4.51940000e-04 -2.44550000e-04 -3.69760000e-04 -1.12634000e-03 1.94780000e-04 1.62410000e-04 -2.08720000e-04 8.82000000e-06 -1.53340000e-04 -1.76200000e-05 3.86800000e-05 9.64300000e-05 -5.56000000e-05 -1.55110000e-04 -2.50520000e-04 7.12200000e-05 1.06820000e-04 -1.43660000e-04 1.85390000e-04 1.87600000e-05 2.74450000e-04 -1.82150000e-04 4.93630000e-04 7.86900000e-05 6.55060000e-04
4.88926000e-03 5.06870000e-04 3.21990000e-04 -3.28979000e-03 7.66570000e-04 5.27300000e-04 1.91669000e-03 -1.53007000e-03 -2.10827000e-03 -1.13775000e-03 8.62990000e-04 2.48040000e-04 -6.76580000e-04 3.79870000e-04 4.32120000e-03 9.88000000e-05 3.70630000e-03 4.40122000e-03 1.22918000e-03 -1.63660000e-04 -2.49650000e-04 5.27870000e-04 -2.49782000e-03 4.45667000e-03 -2.00763000e-03 4.22080000e-04 1.15294000e-03 -1.37396000e-03 6.94110000e-04 1.20002000e-03 1.67673000e-03 1.62449000e-03 -9.66000000e-06 -1.90574000e-03 1.57108000e-03 3.10064000e-03 2.85890000e-04 2.00685000e-03 5.17001000e-03 -3.43394000e-03 6.61010000e-04 -1.56766000e-03 1.70009000e-03 -5.95460000e-04 -1.20426000e-03 2.24884000e-03 -7.62550000e-04 1.40763000e-03 1.67623000e-03 1.46321000e-03 4.36510000e-04 1.30515000e-03 -1.18499000e-03 6.81400000e-04 9.75210000e-04 2.50796000e-03 -2.26460000e-04 -1.29583000e-03 5.60950000e-04 -1.09655000e-03 -3.94919000e-03 -2.03203000e-03 5.94400000e-04 2.59103000e-03 4.79818000e-03 -1.12154000e-03 -5.81860000e-04 1.26932000e-03 -8.21080000e-04 -1.92952000e-03 1.13261000e-03 9.46730000e-04 -3.08150000e-04 4.72380000e-04 2.57577000e-03 1.11316000e-03 2.57510000e-04 -3.93397000e-03 2.52200000e-04 1.22036000e-03 -4.30700000e-05 1.18970000e-04 2.85967700e-02 -1.27437000e-03 1.84570000e-03 -2.37261000e-03 -8.74190000e-04 -1.27510000e-04 8.63290000e-04 -5.15580000e-04 -1.78826000e-03 2.07527000e-03 -2.12430000e-04 -4.44630000e-04 -1.85991000e-03 -3.82463000e-03 -8.70710000e-04 3.42387000e-03 -1.87175000e-03 1.03565000e-03 -2.77810000e-04 -2.57250000e-04 -2.03440000e-04 2.25006000e-03 2.66730000e-04 -1.15753000e-03 3.21800000e-05 2.21010000e-04 1.27179000e-03 2.17575000e-03 5.80970000e-04 6.67917000e-03 1.93403000e-03 3.17017000e-03 2.16169000e-03 1.43142000e-03 2.84322000e-03
-4.46653000e-03 -7.14050000e-04 3.69300000e-05 3.09605000e-03 -6.17130000e-04 -6.93080000e-04 -1.54210000e-03 1.16117000e-03 2.52906000e-03 1.54385000e-03 -6.39010000e-04 -4.29800000e-05 4.30730000e-04 -1.82660000e-04 -3.71054000e-03 2.63340000e-04 -3.22392000e-03 -3.76199000e-03 -9.92770000e-04 3.88510000e-04 4.71510000e-04 -2.37210000e-04 2.77162000e-03 -3.93388000e-03 2.34856000e-03 -3.43150000e-04 -8.12580000e-04 1.67568000e-03 -5.00270000e-04 -1.00826000e-03 -1.09655000e-03 -1.28184000e-03 3.52440000e-04 2.52369000e-03 -9.01430000e-04 -2.44901000e-03 2.68300000e-05 -1.78011000e-03 -4.32847000e-03 3.66648000e-03 -4.14260000e-04 2.01115000e-03 -1.41017000e-03 9.99740000e-04 1.63956000e-03 -1.52705000e-03 8.63520000e-04 -8.46200000e-04 -1.42438000e-03 -9.03850000e-04 -8.15000000e-05 -7.61240000e-04 1.26705000e-03 -5.50790000e-04 -6.55080000e-04 -1.79431000e-03 2.51800000e-05 1.65259000e-03 -7.55120000e-04 1.32447000e-03 4.31101000e-03 2.47700000e-03 -8.19650000e-04 -2.26999000e-03 -4.26305000e-03 1.03485000e-03 8.06670000e-04 -7.61230000e-04 8.72970000e-04 1.85846000e-03 -7.90100000e-04 -7.19480000e-04 6.15150000e-04 -1.91280000e-04 -2.18697000e-03 -1.05436000e-03 4.51000000e-06 4.23671000e-03 -3.00780000e-04 -1.01879000e-03 2.05670000e-04 -8.48100000e-05 -1.27437000e-03 1.16824000e-02 -1.56140000e-03 2.74570000e-03 9.96140000e-04 1.06120000e-04 -6.76420000e-04 7.15120000e-04 2.21194000e-03 -2.23944000e-03 1.31690000e-04 1.57320000e-04 1.42520000e-03 3.30754000e-03 6.70540000e-04 -3.49201000e-03 2.23331000e-03 -1.24472000e-03 -2.91900000e-05 7.80000000e-06 -1.37970000e-04 -2.20245000e-03 -6.42620000e-04 7.16110000e-04 -3.60300000e-04 -4.78880000e-04 -1.53891000e-03 -2.15737000e-03 -6.60730000e-04 -5.77831000e-03 -2.02923000e-03 -2.35780000e-03 -2.13440000e-03 -1.59636000e-03 -2.70588000e-03
7.48825000e-03 1.00949000e-03 -7.66650000e-04 -3.92527000e-03 1.61295000e-03 1.21028000e-03 1.63762000e-03 -2.11876000e-03 -3.30249000e-03 -2.44381000e-03 2.65750000e-04 -4.32350000e-04 -8.96780000e-04 1.33700000e-04 4.77688000e-03 -1.24165000e-03 4.08500000e-03 4.71133000e-03 1.78929000e-03 -1.29377000e-03 -6.06660000e-04 -1.77080000e-04 -3.78125000e-03 4.69718000e-03 -3.47282000e-03 8.74320000e-04 6.80320000e-04 -2.98480000e-03 5.43900000e-05 1.67915000e-03 1.55542000e-03 9.40810000e-04 -9.01150000e-04 -2.19376000e-03 9.08660000e-04 3.22331000e-03 -3.53270000e-04 3.58245000e-03 5.77425000e-03 -5.67958000e-03 -2.14300000e-05 -2.90588000e-03 1.68529000e-03 -9.21130000e-04 -2.24439000e-03 1.68040000e-03 -1.03781000e-03 1.61389000e-03 3.31133000e-03 8.50330000e-04 -3.84990000e-04 7.92410000e-04 -1.72303000e-03 1.45139000e-03 1.09307000e-03 2.51308000e-03 3.99380000e-04 -2.12548000e-03 1.31645000e-03 -2.39262000e-03 -5.65887000e-03 -3.53259000e-03 1.42364000e-03 2.50371000e-03 4.14887000e-03 -7.52470000e-04 -9.21870000e-04 1.42111000e-03 2.36600000e-05 -3.54972000e-03 5.38110000e-04 1.42856000e-03 -8.90590000e-04 5.09180000e-04 2.17663000e-03 1.87773000e-03 -3.70940000e-04 -5.64223000e-03 -4.38190000e-04 9.14100000e-04 -1.05552000e-03 5.47840000e-04 1.84570000e-03 -1.56140000e-03 5.59057300e-02 -3.81324000e-03 -1.59491000e-03 2.06330000e-04 1.66238000e-03 -1.69240000e-03 -2.30062000e-03 3.71216000e-03 4.56470000e-04 -5.68930000e-04 -2.51388000e-03 -6.28311000e-03 2.64900000e-05 5.69237000e-03 -2.68717000e-03 1.56869000e-03 -3.37810000e-04 -1.73270000e-04 1.96840000e-04 3.72687000e-03 4.59700000e-04 -1.44322000e-03 -2.54900000e-05 7.43700000e-04 2.03155000e-03 2.43935000e-03 1.18299000e-03 7.78197000e-03 3.40882000e-03 3.12404000e-03 3.91076000e-03 2.23088000e-03 5.06036000e-03
-1.17054400e-02 -1.87984000e-03 5.58930000e-04 6.62611000e-03 -1.51769000e-03 -1.63071000e-03 -2.84415000e-03 2.24347000e-03 5.94140000e-03 3.94804000e-03 -6.46560000e-04 6.57260000e-04 6.97280000e-04 2.76710000e-04 -8.55622000e-03 9.53010000e-04 -6.84252000e-03 -8.86498000e-03 -2.69903000e-03 1.55599000e-03 2.52940000e-04 4.44300000e-05 6.57140000e-03 -8.72293000e-03 5.86801000e-03 -9.06640000e-04 -1.27300000e-03 4.06253000e-03 -3.54550000e-04 -2.56294000e-03 -2.22613000e-03 -2.33024000e-03 1.26385000e-03 4.68256000e-03 -1.69824000e-03 -5.38282000e-03 6.15980000e-04 -4.28026000e-03 -9.74023000e-03 8.43470000e-03 -2.05890000e-04 4.78774000e-03 -2.48602000e-03 1.43947000e-03 3.89780000e-03 -3.20940000e-03 1.81280000e-03 -3.16175000e-03 -3.53598000e-03 -1.74245000e-03 3.93020000e-04 -1.30396000e-03 2.31614000e-03 -1.44777000e-03 -2.04238000e-03 -3.72429000e-03 -1.71830000e-04 2.98882000e-03 -1.73436000e-03 3.58381000e-03 9.77611000e-03 5.88475000e-03 -2.27640000e-03 -4.62815000e-03 -9.49555000e-03 2.72637000e-03 1.18577000e-03 -2.04341000e-03 1.95029000e-03 4.21237000e-03 -9.92820000e-04 -1.93517000e-03 8.74570000e-04 -1.15846000e-03 -4.31258000e-03 -2.41237000e-03 6.92570000e-04 9.81109000e-03 -2.47450000e-04 -1.68364000e-03 1.14086000e-03 -2.70210000e-04 -2.37261000e-03 2.74570000e-03 -3.81324000e-03 2.59884500e-02 2.27461000e-03 4.47570000e-04 -1.56241000e-03 2.18495000e-03 3.78408000e-03 -5.65243000e-03 5.28690000e-04 -2.47510000e-04 2.81392000e-03 6.75593000e-03 7.27970000e-04 -9.47648000e-03 4.09434000e-03 -3.23101000e-03 -3.13800000e-04 -1.82920000e-04 -5.40930000e-04 -5.99454000e-03 -1.67797000e-03 1.67980000e-03 -1.35450000e-03 -1.25863000e-03 -3.90936000e-03 -5.51134000e-03 -1.58374000e-03 -1.31289600e-02 -5.16975000e-03 -5.40793000e-03 -5.43420000e-03 -4.01684000e-03 -6.61041000e-03
-3.98332000e-03 -6.26820000e-04 4.12900000e-04 2.35112000e-03 -7.48770000e-04 -6.04570000e-04 -8.86360000e-04 1.05510000e-03 1.96727000e-03 1.47125000e-03 -1.03730000e-04 2.68080000e-04 4.51540000e-04 3.37100000e-05 -2.54807000e-03 6.01480000e-04 -2.09754000e-03 -2.49079000e-03 -9.25640000e-04 7.01170000e-04 3.04940000e-04 8.45000000e-05 2.17298000e-03 -2.52223000e-03 2.01426000e-03 -3.76670000e-04 -3.65220000e-04 1.68062000e-03 -4.34400000e-05 -9.34700000e-04 -7.45030000e-04 -5.28520000e-04 4.85090000e-04 1.52675000e-03 -3.63890000e-04 -1.79087000e-03 1.85040000e-04 -1.75531000e-03 -3.09367000e-03 3.18324000e-03 -1.65100000e-05 1.73590000e-03 -8.60430000e-04 6.63400000e-04 1.34033000e-03 -8.16850000e-04 6.40660000e-04 -9.05550000e-04 -1.50442000e-03 -3.80340000e-04 2.75840000e-04 -3.77290000e-04 9.60480000e-04 -6.94590000e-04 -5.70810000e-04 -1.28116000e-03 -1.78620000e-04 1.32851000e-03 -6.62750000e-04 1.39588000e-03 3.27810000e-03 2.09627000e-03 -7.44370000e-04 -1.43528000e-03 -2.29805000e-03 6.40280000e-04 5.45830000e-04 -6.55280000e-04 2.55370000e-04 1.83277000e-03 -2.29700000e-04 -6.93650000e-04 4.77960000e-04 -2.81660000e-04 -1.17827000e-03 -9.89330000e-04 2.24950000e-04 3.32035000e-03 1.69860000e-04 -4.28940000e-04 5.77510000e-04 -2.00880000e-04 -8.74190000e-04 9.96140000e-04 -1.59491000e-03 2.27461000e-03 1.43347900e-02 -7.22000000e-06 -7.35220000e-04 9.31120000e-04 1.48345000e-03 -2.00025000e-03 -1.00560000e-04 1.37890000e-04 1.26998000e-03 3.04455000e-03 7.88200000e-05 -3.13784000e-03 1.65673000e-03 -9.31510000e-04 1.06820000e-04 4.03300000e-05 -1.20150000e-04 -1.92449000e-03 -4.26420000e-04 6.99570000e-04 -1.60130000e-04 -3.99390000e-04 -1.20181000e-03 -1.49160000e-03 -6.48050000e-04 -4.14365000e-03 -1.79414000e-03 -1.65209000e-03 -1.96574000e-03 -1.23558000e-03 -2.43708000e-03
-9.63950000e-04 -5.68700000e-05 -1.86630000e-04 4.29820000e-04 4.55290000e-04 1.76630000e-04 -2.21010000e-04 -4.84400000e-05 4.69300000e-04 1.78970000e-04 -1.67840000e-04 1.36640000e-04 -6.68200000e-05 8.12100000e-05 -1.47068000e-03 -1.98530000e-04 -9.47330000e-04 -1.70928000e-03 -7.51500000e-05 -3.57400000e-05 -3.10570000e-04 -1.05820000e-04 5.67400000e-04 -1.36707000e-03 5.43300000e-04 2.14440000e-04 -9.01700000e-05 -1.02370000e-04 -1.15400000e-05 -4.07000000e-05 -2.64510000e-04 -4.45870000e-04 -1.71900000e-05 3.94300000e-04 -4.40520000e-04 -5.79390000e-04 1.16620000e-04 1.54050000e-04 -1.27125000e-03 1.86690000e-04 -2.23000000e-06 2.43250000e-04 -1.24440000e-04 -4.55700000e-05 1.93760000e-04 -7.16230000e-04 2.86700000e-04 -6.35160000e-04 3.16500000e-04 -4.72280000e-04 -1.30070000e-04 -2.69810000e-04 2.30700000e-05 4.60470000e-04 -3.36150000e-04 -3.32580000e-04 4.04140000e-04 1.32100000e-05 1.64130000e-04 8.02900000e-05 7.36310000e-04 3.42200000e-04 3.98000000e-06 -5.63680000e-04 -2.12898000e-03 1.03554000e-03 9.21000000e-06 -6.15500000e-05 1.08118000e-03 -1.34880000e-04 -9.09700000e-05 4.96800000e-05 4.15600000e-05 -2.88480000e-04 -7.71460000e-04 1.65690000e-04 7.77600000e-05 8.65110000e-04 -2.50180000e-04 -3.99270000e-04 -7.17900000e-05 3.55420000e-04 -1.27510000e-04 1.06120000e-04 2.06330000e-04 4.47570000e-04 -7.22000000e-06 1.23829100e-02 4.06520000e-04 -4.41200000e-05 2.18400000e-05 -1.86630000e-04 6.37190000e-04 -2.62620000e-04 -2.90700000e-05 -5.24100000e-04 4.96010000e-04 -9.26360000e-04 1.03590000e-04 -3.07180000e-04 -9.76700000e-05 4.98200000e-05 1.18420000e-04 -5.76750000e-04 -1.63230000e-04 1.88100000e-04 -3.95360000e-04 1.05750000e-04 -2.65280000e-04 -8.46990000e-04 1.75090000e-04 -1.69198000e-03 -1.96470000e-04 -9.67550000e-04 -9.80000000e-07 -3.30250000e-04 4.69300000e-05
2.80950000e-03 2.70770000e-04 -3.23480000e-04 -1.85055000e-03 1.10379000e-03 4.52710000e-04 7.76300000e-04 -1.22209000e-03 -1.31411000e-03 -9.90470000e-04 6.23600000e-05 -6.00200000e-05 -6.15260000e-04 5.33300000e-05 1.32915000e-03 -4.52460000e-04 1.33836000e-03 1.17455000e-03 9.22980000e-04 -5.30490000e-04 -3.73960000e-04 -7.71100000e-05 -1.47365000e-03 1.49943000e-03 -1.26118000e-03 5.69470000e-04 4.09550000e-04 -1.41295000e-03 1.07670000e-04 8.66100000e-04 6.19310000e-04 3.34700000e-04 -3.37660000e-04 -9.44100000e-04 2.87120000e-04 1.34622000e-03 7.54000000e-06 1.78367000e-03 2.10465000e-03 -2.57313000e-03 1.16620000e-04 -1.23264000e-03 7.53030000e-04 -3.62530000e-04 -9.25160000e-04 4.84800000e-04 -3.21470000e-04 5.80390000e-04 1.70631000e-03 2.06550000e-04 -1.86350000e-04 2.97550000e-04 -7.99760000e-04 1.06219000e-03 4.21820000e-04 1.11723000e-03 2.12110000e-04 -7.91970000e-04 4.75300000e-04 -1.07132000e-03 -2.36597000e-03 -1.46566000e-03 4.31880000e-04 9.50740000e-04 9.65460000e-04 2.47430000e-04 -3.56160000e-04 7.76770000e-04 6.20650000e-04 -1.66569000e-03 3.19660000e-04 7.84380000e-04 -1.71070000e-04 1.51680000e-04 6.54010000e-04 1.03413000e-03 -8.19200000e-05 -2.20341000e-03 -1.86690000e-04 1.04960000e-04 -4.89460000e-04 4.96180000e-04 8.63290000e-04 -6.76420000e-04 1.66238000e-03 -1.56241000e-03 -7.35220000e-04 4.06520000e-04 4.41361800e-02 -7.58650000e-04 -1.10366000e-03 1.42656000e-03 5.58190000e-04 -6.15260000e-04 -1.39408000e-03 -3.44831000e-03 9.00000000e-06 1.87049000e-03 -1.09122000e-03 4.15110000e-04 -4.02910000e-04 -2.19530000e-04 -4.54700000e-05 1.19600000e-03 -1.40000000e-05 -7.97020000e-04 -4.12230000e-04 1.73140000e-04 6.76500000e-04 6.44150000e-04 4.71520000e-04 2.73910000e-03 1.28969000e-03 9.67740000e-04 1.74684000e-03 7.22990000e-04 2.34687000e-03
-3.80423000e-03 -5.87540000e-04 8.29150000e-04 1.76097000e-03 -7.63900000e-04 -5.85880000e-04 -2.62290000e-04 9.48880000e-04 1.88338000e-03 1.59526000e-03 3.42550000e-04 6.41230000e-04 4.55790000e-04 2.74160000e-04 -1.70915000e-03 1.06137000e-03 -1.37636000e-03 -1.61849000e-03 -8.37520000e-04 1.06914000e-03 2.41530000e-04 4.52700000e-04 2.11317000e-03 -1.55632000e-03 2.05454000e-03 -3.87920000e-04 9.63100000e-05 1.82428000e-03 4.72300000e-04 -8.35540000e-04 -4.00920000e-04 1.50200000e-05 7.63530000e-04 1.07840000e-03 3.34200000e-05 -1.19060000e-03 5.16810000e-04 -1.69483000e-03 -2.33715000e-03 3.07155000e-03 3.94030000e-04 1.77910000e-03 -3.52170000e-04 4.21100000e-04 1.39246000e-03 -3.09560000e-04 5.40870000e-04 -9.07620000e-04 -1.52927000e-03 4.82600000e-05 6.32670000e-04 -1.00500000e-05 8.25340000e-04 -6.61280000e-04 -5.08630000e-04 -8.22820000e-04 -3.74910000e-04 1.09031000e-03 -6.40110000e-04 1.56298000e-03 3.00305000e-03 2.07989000e-03 -7.98630000e-04 -6.39130000e-04 -1.34628000e-03 3.76100000e-04 4.33840000e-04 -5.26210000e-04 -1.15140000e-04 1.82575000e-03 1.97550000e-04 -6.36410000e-04 4.73890000e-04 -3.07450000e-04 -5.16370000e-04 -9.57220000e-04 5.26900000e-04 3.03673000e-03 3.48230000e-04 3.15400000e-05 9.24780000e-04 -2.29800000e-04 -5.15580000e-04 7.15120000e-04 -1.69240000e-03 2.18495000e-03 9.31120000e-04 -4.41200000e-05 -7.58650000e-04 2.02025400e-02 1.07346000e-03 -1.95724000e-03 -2.40400000e-04 1.59360000e-04 1.12960000e-03 2.95104000e-03 -3.80750000e-04 -3.08984000e-03 1.27462000e-03 -8.12730000e-04 1.17580000e-04 7.01500000e-05 -2.01710000e-04 -1.89888000e-03 -3.63210000e-04 6.60020000e-04 -8.44600000e-05 -4.18330000e-04 -1.09707000e-03 -1.20446000e-03 -6.24220000e-04 -3.08846000e-03 -1.77049000e-03 -1.13824000e-03 -2.07973000e-03 -1.12556000e-03 -2.57567000e-03
-6.43964000e-03 -1.14135000e-03 1.52780000e-04 4.48968000e-03 -1.03256000e-03 -1.11953000e-03 -2.06013000e-03 1.54882000e-03 3.40476000e-03 2.18015000e-03 -7.85580000e-04 -2.29200000e-05 4.97600000e-04 -2.33800000e-04 -4.83056000e-03 4.71110000e-04 -4.18871000e-03 -4.76575000e-03 -1.50148000e-03 6.21690000e-04 6.49220000e-04 -2.84690000e-04 3.78250000e-03 -5.01772000e-03 3.19009000e-03 -5.79950000e-04 -1.07720000e-03 2.44424000e-03 -6.19650000e-04 -1.51777000e-03 -1.57477000e-03 -1.52360000e-03 4.99560000e-04 3.37373000e-03 -1.16392000e-03 -3.41933000e-03 3.54500000e-05 -2.61525000e-03 -5.83834000e-03 5.15721000e-03 -4.76070000e-04 2.75759000e-03 -1.89493000e-03 1.29867000e-03 2.25540000e-03 -2.01120000e-03 1.11481000e-03 -1.28262000e-03 -2.06740000e-03 -1.17641000e-03 -4.33200000e-05 -1.02212000e-03 1.72081000e-03 -9.57470000e-04 -9.62520000e-04 -2.52733000e-03 -1.62330000e-04 2.27489000e-03 -1.20278000e-03 1.93588000e-03 5.92843000e-03 3.41486000e-03 -1.26737000e-03 -3.02485000e-03 -5.31911000e-03 1.36556000e-03 1.06783000e-03 -1.14209000e-03 1.03109000e-03 2.70038000e-03 -9.66770000e-04 -1.11810000e-03 7.70250000e-04 -3.34260000e-04 -2.84297000e-03 -1.57529000e-03 4.40900000e-05 5.81535000e-03 -3.21230000e-04 -1.23503000e-03 5.20770000e-04 -2.44810000e-04 -1.78826000e-03 2.21194000e-03 -2.30062000e-03 3.78408000e-03 1.48345000e-03 2.18400000e-05 -1.10366000e-03 1.07346000e-03 2.80171900e-02 -3.30298000e-03 1.95800000e-05 7.34400000e-05 1.91816000e-03 4.62460000e-03 6.98340000e-04 -4.98162000e-03 3.08915000e-03 -1.84242000e-03 -1.09620000e-04 -1.54070000e-04 -3.29350000e-04 -3.15376000e-03 -9.93600000e-04 8.81870000e-04 -5.70920000e-04 -7.82770000e-04 -2.29332000e-03 -3.09247000e-03 -1.12174000e-03 -7.73600000e-03 -3.02010000e-03 -3.21091000e-03 -3.28194000e-03 -2.35121000e-03 -4.12964000e-03
1.18150800e-02 3.01753000e-03 -7.00410000e-04 -5.48568000e-03 1.27951000e-03 2.92460000e-03 2.36714000e-03 -4.63240000e-04 -5.10864000e-03 -3.52475000e-03 5.60250000e-04 -5.75850000e-04 7.97200000e-04 -1.22300000e-04 7.76491000e-03 -1.28847000e-03 6.11869000e-03 8.03529000e-03 2.27995000e-03 -1.43565000e-03 -3.14000000e-04 -9.70900000e-05 -5.75059000e-03 7.57428000e-03 -5.20607000e-03 8.76670000e-04 9.32860000e-04 -3.58295000e-03 2.76200000e-04 2.20595000e-03 2.01037000e-03 1.81797000e-03 -1.22756000e-03 -3.97858000e-03 1.46134000e-03 4.51226000e-03 -7.38520000e-04 3.67693000e-03 8.45484000e-03 -7.28567000e-03 -6.43500000e-05 -4.08361000e-03 2.21052000e-03 -1.26931000e-03 -3.50621000e-03 2.76976000e-03 -1.40668000e-03 2.46205000e-03 3.21800000e-03 1.52525000e-03 -4.09000000e-04 1.01044000e-03 -1.85234000e-03 1.24019000e-03 1.77983000e-03 3.18096000e-03 1.65099000e-03 -2.79538000e-03 3.04580000e-03 -3.12007000e-03 -8.39669000e-03 -5.08062000e-03 3.63465000e-03 4.00162000e-03 8.13000000e-03 -2.29238000e-03 -1.03087000e-03 1.76527000e-03 -1.59187000e-03 -3.75985000e-03 7.54610000e-04 1.69112000e-03 -1.04497000e-03 1.01642000e-03 3.72084000e-03 2.05151000e-03 -7.14530000e-04 -8.53741000e-03 5.58200000e-05 1.72584000e-03 -1.10605000e-03 3.32320000e-04 2.07527000e-03 -2.23944000e-03 3.71216000e-03 -5.65243000e-03 -2.00025000e-03 -1.86630000e-04 1.42656000e-03 -1.95724000e-03 -3.30298000e-03 7.02658900e-02 -3.17240000e-04 1.71258000e-03 -9.67910000e-04 -4.35350000e-03 1.01598000e-03 1.01003700e-02 -3.69486000e-03 4.29081000e-03 1.79403000e-03 1.56761000e-03 2.01140000e-03 6.96190000e-03 2.84844000e-03 1.29250000e-04 2.70257000e-03 2.69896000e-03 4.88520000e-03 6.14725000e-03 2.81506000e-03 1.16110600e-02 6.20658000e-03 4.73219000e-03 6.28620000e-03 5.02512000e-03 7.48783000e-03
-1.28440000e-03 -1.81380000e-04 -5.00650000e-04 6.50840000e-04 6.20600000e-04 5.96900000e-05 -5.27640000e-04 -3.66300000e-04 6.26460000e-04 9.44200000e-05 -3.61660000e-04 -1.67600000e-05 -3.13950000e-04 1.09510000e-04 -2.11015000e-03 -5.70600000e-04 -1.40973000e-03 -2.51650000e-03 -1.15700000e-04 -2.43290000e-04 -4.48820000e-04 -2.33980000e-04 7.33290000e-04 -2.14415000e-03 5.59070000e-04 2.69180000e-04 -2.85830000e-04 -3.13940000e-04 -2.45030000e-04 -6.15200000e-05 -4.06780000e-04 -8.49110000e-04 -9.24300000e-05 5.78130000e-04 -7.67820000e-04 -8.51040000e-04 5.79500000e-05 3.56590000e-04 -1.77117000e-03 1.09020000e-04 -1.46840000e-04 1.77050000e-04 -2.87630000e-04 -7.56300000e-05 2.65500000e-04 -1.14011000e-03 2.55220000e-04 -7.28880000e-04 5.21150000e-04 -7.97710000e-04 -3.30140000e-04 -4.33570000e-04 -9.06100000e-05 5.60990000e-04 -4.32710000e-04 -4.85360000e-04 4.18130000e-04 -9.20000000e-05 7.79700000e-05 -4.40700000e-05 9.17900000e-04 3.05260000e-04 -1.99750000e-04 -9.83990000e-04 -3.18441000e-03 1.35834000e-03 -1.10070000e-04 -2.15320000e-04 1.52590000e-03 -4.54610000e-04 -3.06620000e-04 2.69700000e-05 -1.56680000e-04 -3.53390000e-04 -1.22727000e-03 2.64950000e-04 3.35000000e-05 1.10370000e-03 -4.65240000e-04 -6.36350000e-04 -3.14710000e-04 4.51940000e-04 -2.12430000e-04 1.31690000e-04 4.56470000e-04 5.28690000e-04 -1.00560000e-04 6.37190000e-04 5.58190000e-04 -2.40400000e-04 1.95800000e-05 -3.17240000e-04 1.59839100e-02 -6.12480000e-04 -3.22190000e-04 -1.19866000e-03 6.09240000e-04 -1.28345000e-03 5.59900000e-05 -6.41690000e-04 -4.38240000e-04 -1.72210000e-04 -4.30000000e-05 -8.47010000e-04 -4.28450000e-04 -3.57000000e-05 -8.31050000e-04 -1.07280000e-04 -5.72500000e-04 -1.41796000e-03 1.17970000e-04 -2.47115000e-03 -3.52210000e-04 -1.34681000e-03 2.64900000e-05 -5.97180000e-04 1.97570000e-04
1.74955000e-03 1.79653000e-03 -1.02000000e-06 3.65750000e-04 -7.44800000e-04 1.67701000e-03 -1.60370000e-04 2.73293000e-03 -3.92420000e-04 -2.08280000e-04 1.07810000e-04 -4.15400000e-05 2.26468000e-03 -2.32380000e-04 1.03024000e-03 -1.45160000e-04 4.69300000e-04 1.24428000e-03 -2.56050000e-04 8.28700000e-05 3.38920000e-04 -9.01000000e-06 -4.38420000e-04 7.09220000e-04 -3.96730000e-04 -1.86620000e-04 -3.34080000e-04 2.58710000e-04 -3.02000000e-05 -1.83630000e-04 -1.54180000e-04 3.30000000e-05 -2.31330000e-04 -2.57840000e-04 5.50600000e-05 -2.73850000e-04 -4.82910000e-04 -9.52030000e-04 1.63760000e-04 4.06450000e-04 -3.26600000e-04 2.29600000e-05 -2.28570000e-04 -1.56690000e-04 -3.92050000e-04 2.67600000e-04 2.27190000e-04 -1.01650000e-04 -9.92710000e-04 1.84380000e-04 -3.12700000e-05 -2.18990000e-04 5.75290000e-04 -6.29200000e-04 1.84920000e-04 -3.86990000e-04 1.52376000e-03 -1.66540000e-04 1.62685000e-03 1.42590000e-04 -2.64060000e-04 -9.39300000e-05 2.13019000e-03 2.74490000e-04 1.42559000e-03 -1.01915000e-03 1.63240000e-04 -9.70700000e-05 -1.34724000e-03 9.05290000e-04 -2.52220000e-04 -2.01090000e-04 -5.52100000e-05 2.39300000e-04 4.71630000e-04 -5.03060000e-04 -3.28990000e-04 -5.23950000e-04 3.50790000e-04 5.49650000e-04 9.87600000e-05 -2.44550000e-04 -4.44630000e-04 1.57320000e-04 -5.68930000e-04 -2.47510000e-04 1.37890000e-04 -2.62620000e-04 -6.15260000e-04 1.59360000e-04 7.34400000e-05 1.71258000e-03 -6.12480000e-04 7.34394600e-02 2.71828000e-03 4.36892000e-03 1.53701000e-03 2.57753000e-03 -4.71300000e-05 2.35743000e-03 2.58251000e-03 2.18209000e-03 2.08005000e-03 2.05937000e-03 2.34508000e-03 2.50224000e-03 2.97686000e-03 2.16720000e-03 2.31485000e-03 2.72651000e-03 1.56757000e-03 7.01850000e-04 1.87859000e-03 3.06200000e-04 1.09637000e-03 2.09327000e-03 7.42670000e-04
-4.02015000e-03 9.66250000e-04 1.39170000e-04 3.77654000e-03 -1.49494000e-03 9.16930000e-04 -1.73665000e-03 3.96431000e-03 2.37557000e-03 1.57584000e-03 -3.76920000e-04 1.57030000e-04 2.73936000e-03 -2.35150000e-04 -3.45930000e-03 1.93020000e-04 -3.12960000e-03 -3.29773000e-03 -1.59287000e-03 7.37180000e-04 5.21090000e-04 -1.39040000e-04 2.67467000e-03 -3.73628000e-03 2.33611000e-03 -6.33520000e-04 -1.08424000e-03 2.17466000e-03 -3.30300000e-04 -1.45092000e-03 -1.48192000e-03 -1.18125000e-03 2.67440000e-04 1.78149000e-03 -9.86920000e-04 -3.15805000e-03 -3.09500000e-04 -3.11824000e-03 -4.86620000e-03 4.49985000e-03 -5.23150000e-04 2.19076000e-03 -1.61093000e-03 6.29140000e-04 1.36020000e-03 -1.56026000e-03 1.10632000e-03 -1.70643000e-03 -2.71654000e-03 -8.86280000e-04 2.69000000e-06 -1.08395000e-03 1.74397000e-03 -1.32246000e-03 -8.49170000e-04 -2.46599000e-03 1.57221000e-03 1.48282000e-03 8.27130000e-04 1.78650000e-03 4.37012000e-03 2.61907000e-03 1.10987000e-03 -2.20634000e-03 -3.18698000e-03 5.30290000e-04 7.71470000e-04 -1.24903000e-03 -1.78880000e-04 2.99616000e-03 -8.36860000e-04 -1.19692000e-03 3.62260000e-04 -3.47530000e-04 -1.86175000e-03 -1.67738000e-03 -1.27820000e-04 4.20071000e-03 3.37600000e-04 -4.52830000e-04 6.00050000e-04 -3.69760000e-04 -1.85991000e-03 1.42520000e-03 -2.51388000e-03 2.81392000e-03 1.26998000e-03 -2.90700000e-05 -1.39408000e-03 1.12960000e-03 1.91816000e-03 -9.67910000e-04 -3.22190000e-04 2.71828000e-03 2.72903800e-02 7.75254000e-03 2.07385000e-03 -1.96473000e-03 2.11940000e-03 8.53990000e-04 2.52083000e-03 2.12757000e-03 1.95051000e-03 -7.15130000e-04 1.65670000e-03 3.41747000e-03 2.39195000e-03 1.61132000e-03 4.95110000e-04 6.81500000e-05 8.14260000e-04 -6.08372000e-03 -5.34720000e-04 -2.66932000e-03 -1.34629000e-03 2.64200000e-04 -2.12687000e-03
-1.10238300e-02 3.50860000e-04 9.60590000e-04 8.07485000e-03 -3.59253000e-03 5.00100000e-05 -3.49968000e-03 7.05534000e-03 5.69900000e-03 4.11055000e-03 -5.35480000e-04 5.05320000e-04 4.34569000e-03 -4.39510000e-04 -7.39592000e-03 1.38553000e-03 -6.74935000e-03 -7.02500000e-03 -3.55685000e-03 2.08545000e-03 1.39438000e-03 5.96800000e-05 6.41221000e-03 -7.87623000e-03 5.72401000e-03 -1.65914000e-03 -1.99274000e-03 5.46229000e-03 -4.72400000e-04 -3.31304000e-03 -3.02539000e-03 -2.11682000e-03 1.11021000e-03 4.36852000e-03 -1.70516000e-03 -6.51875000e-03 -2.14480000e-04 -7.15942000e-03 -1.04131800e-02 1.06386400e-02 -7.23100000e-04 5.30733000e-03 -3.45341000e-03 1.57061000e-03 3.65144000e-03 -2.87817000e-03 2.25510000e-03 -3.23436000e-03 -6.52345000e-03 -1.49213000e-03 4.59330000e-04 -1.83514000e-03 3.81247000e-03 -3.26196000e-03 -1.76862000e-03 -5.09516000e-03 1.36738000e-03 3.63165000e-03 -1.74070000e-04 4.39595000e-03 1.02497500e-02 6.34298000e-03 2.70860000e-04 -4.57869000e-03 -6.48870000e-03 5.14100000e-04 1.80854000e-03 -2.61041000e-03 -1.16637000e-03 7.12402000e-03 -1.51517000e-03 -2.73403000e-03 1.25317000e-03 -6.54360000e-04 -3.69623000e-03 -3.96060000e-03 1.06630000e-04 9.82959000e-03 9.04250000e-04 -9.52150000e-04 1.72191000e-03 -1.12634000e-03 -3.82463000e-03 3.30754000e-03 -6.28311000e-03 6.75593000e-03 3.04455000e-03 -5.24100000e-04 -3.44831000e-03 2.95104000e-03 4.62460000e-03 -4.35350000e-03 -1.19866000e-03 4.36892000e-03 7.75254000e-03 7.00957100e-02 2.30994000e-03 -6.75940000e-03 4.96105000e-03 -1.91600000e-05 3.69516000e-03 2.96085000e-03 2.27840000e-03 -3.84513000e-03 1.82610000e-03 5.62987000e-03 3.49595000e-03 1.47109000e-03 -9.16470000e-04 -1.49949000e-03 -9.50100000e-05 -1.32555200e-02 -3.53781000e-03 -5.37767000e-03 -5.38988000e-03 -1.45255000e-03 -7.60599000e-03
-1.73660000e-04 1.36706000e-03 -9.23320000e-04 2.00739000e-03 -1.40100000e-05 1.53881000e-03 -1.37112000e-03 2.00921000e-03 8.13240000e-04 -4.28200000e-05 -8.53280000e-04 -3.63920000e-04 1.55784000e-03 -2.43180000e-04 -2.46029000e-03 -1.14204000e-03 -2.08857000e-03 -2.66346000e-03 -5.86600000e-04 -5.40830000e-04 -1.36500000e-04 -5.80830000e-04 8.85170000e-04 -2.89229000e-03 4.90500000e-04 5.92000000e-06 -1.00179000e-03 -1.02950000e-04 -7.83040000e-04 -3.84510000e-04 -8.70920000e-04 -1.35166000e-03 -4.27880000e-04 1.07630000e-03 -1.17669000e-03 -1.74374000e-03 -5.03990000e-04 -5.98320000e-04 -2.67755000e-03 8.63920000e-04 -7.31930000e-04 4.03970000e-04 -9.97100000e-04 1.21900000e-04 1.46810000e-04 -1.62891000e-03 5.60980000e-04 -9.63880000e-04 -1.81960000e-04 -1.16799000e-03 -7.26320000e-04 -9.83960000e-04 5.33690000e-04 -6.44000000e-06 -5.32860000e-04 -1.28347000e-03 2.21612000e-03 6.74500000e-05 1.54065000e-03 -1.52000000e-06 1.65650000e-03 5.59230000e-04 1.66602000e-03 -1.77245000e-03 -3.58723000e-03 1.24102000e-03 1.91130000e-04 -6.29210000e-04 1.39351000e-03 1.51090000e-04 -9.34610000e-04 -3.67280000e-04 -3.08210000e-04 -2.31330000e-04 -1.85227000e-03 -1.81380000e-04 -4.20620000e-04 1.49892000e-03 -6.21660000e-04 -7.79730000e-04 -4.15440000e-04 1.94780000e-04 -8.70710000e-04 6.70540000e-04 2.64900000e-05 7.27970000e-04 7.88200000e-05 4.96010000e-04 9.00000000e-06 -3.80750000e-04 6.98340000e-04 1.01598000e-03 6.09240000e-04 1.53701000e-03 2.07385000e-03 2.30994000e-03 7.11276000e-02 5.90720000e-04 5.87370000e-04 1.02466000e-03 1.63061000e-03 1.51496000e-03 1.79531000e-03 9.10220000e-04 1.37221000e-03 2.09075000e-03 1.33410000e-03 1.75817000e-03 9.95430000e-04 1.83960000e-04 1.60395000e-03 -3.47340000e-03 1.17231000e-03 -1.76937000e-03 1.14153000e-03 9.23350000e-04 1.13820000e-03
1.95618500e-02 4.32013000e-03 -8.27610000e-04 -9.17696000e-03 1.59542000e-03 3.90648000e-03 4.08032000e-03 -1.15707000e-03 -8.61104000e-03 -5.75540000e-03 1.03970000e-03 -1.14197000e-03 8.71510000e-04 -4.15000000e-04 1.42912700e-02 -1.69779000e-03 1.09976400e-02 1.51896600e-02 3.80930000e-03 -2.25804000e-03 2.14400000e-05 -9.48800000e-05 -9.70815000e-03 1.40685700e-02 -8.89851000e-03 1.18045000e-03 1.59511000e-03 -5.54593000e-03 4.65040000e-04 3.61219000e-03 3.39729000e-03 3.55051000e-03 -1.91494000e-03 -6.52012000e-03 2.85829000e-03 7.81520000e-03 -1.29721000e-03 5.81303000e-03 1.49749900e-02 -1.17707400e-02 -8.43000000e-05 -6.78877000e-03 3.59848000e-03 -1.87932000e-03 -5.71218000e-03 5.27509000e-03 -2.53730000e-03 4.72002000e-03 5.05555000e-03 2.96318000e-03 -4.88630000e-04 1.93982000e-03 -2.91472000e-03 1.54196000e-03 3.32004000e-03 5.40853000e-03 1.63017000e-03 -4.16838000e-03 4.09677000e-03 -5.04621000e-03 -1.40196500e-02 -8.43581000e-03 5.34539000e-03 7.12216000e-03 1.56503200e-02 -4.73771000e-03 -1.55597000e-03 3.11770000e-03 -3.76825000e-03 -5.67051000e-03 1.37154000e-03 2.73029000e-03 -1.48329000e-03 2.03834000e-03 6.79183000e-03 3.04109000e-03 -1.25776000e-03 -1.44972200e-02 4.88720000e-04 3.18643000e-03 -1.59972000e-03 1.62410000e-04 3.42387000e-03 -3.49201000e-03 5.69237000e-03 -9.47648000e-03 -3.13784000e-03 -9.26360000e-04 1.87049000e-03 -3.08984000e-03 -4.98162000e-03 1.01003700e-02 -1.28345000e-03 2.57753000e-03 -1.96473000e-03 -6.75940000e-03 5.90720000e-04 7.68975900e-02 -5.71452000e-03 6.71511000e-03 2.48828000e-03 1.93426000e-03 2.54445000e-03 1.14048800e-02 4.20648000e-03 -5.50320000e-04 4.32338000e-03 3.70014000e-03 7.60125000e-03 1.02051300e-02 3.71935000e-03 2.06809800e-02 9.66509000e-03 8.61669000e-03 9.41229000e-03 7.88642000e-03 1.12855500e-02
-7.17295000e-03 -1.26029000e-03 3.20980000e-04 4.55168000e-03 -1.06198000e-03 -1.27643000e-03 -2.13709000e-03 1.69418000e-03 3.70986000e-03 2.43483000e-03 -7.75130000e-04 1.26590000e-04 6.54890000e-04 -2.71720000e-04 -5.60844000e-03 6.86960000e-04 -4.69464000e-03 -5.48782000e-03 -1.52798000e-03 8.22950000e-04 7.74240000e-04 -2.26260000e-04 4.07036000e-03 -5.53461000e-03 3.59813000e-03 -5.73210000e-04 -1.04187000e-03 2.72073000e-03 -5.66640000e-04 -1.53757000e-03 -1.63664000e-03 -1.52151000e-03 6.60130000e-04 3.15526000e-03 -1.09454000e-03 -3.59825000e-03 1.34800000e-04 -2.94260000e-03 -6.25698000e-03 5.63857000e-03 -3.63700000e-04 3.00912000e-03 -2.04902000e-03 1.58152000e-03 2.41313000e-03 -2.04983000e-03 1.28190000e-03 -1.36848000e-03 -2.38407000e-03 -1.18589000e-03 6.70800000e-05 -1.04283000e-03 1.87530000e-03 -9.28180000e-04 -9.76760000e-04 -2.61128000e-03 -1.68310000e-04 2.83870000e-03 -1.39480000e-03 2.17257000e-03 6.21494000e-03 3.73225000e-03 -1.45499000e-03 -3.29515000e-03 -5.30719000e-03 1.69742000e-03 1.20515000e-03 -1.18181000e-03 1.26257000e-03 3.07521000e-03 -8.65960000e-04 -1.15887000e-03 1.03906000e-03 -3.55370000e-04 -2.98156000e-03 -1.63092000e-03 1.04330000e-04 6.24828000e-03 9.08900000e-05 -1.47606000e-03 5.81880000e-04 -2.08720000e-04 -1.87175000e-03 2.23331000e-03 -2.68717000e-03 4.09434000e-03 1.65673000e-03 1.03590000e-04 -1.09122000e-03 1.27462000e-03 3.08915000e-03 -3.69486000e-03 5.59900000e-05 -4.71300000e-05 2.11940000e-03 4.96105000e-03 5.87370000e-04 -5.71452000e-03 1.51244300e-02 -1.94955000e-03 -9.36200000e-05 -1.49720000e-04 -3.48630000e-04 -3.46966000e-03 -9.96950000e-04 9.65580000e-04 -6.30490000e-04 -9.15840000e-04 -2.40030000e-03 -3.10177000e-03 -1.22212000e-03 -8.50662000e-03 -3.24404000e-03 -3.48725000e-03 -3.25038000e-03 -2.41371000e-03 -3.81777000e-03
7.32440000e-03 2.47317000e-03 -1.35990000e-04 -2.98730000e-03 2.37270000e-04 2.35777000e-03 1.44836000e-03 1.15313000e-03 -3.04902000e-03 -1.92719000e-03 5.67480000e-04 -1.65240000e-04 1.63695000e-03 -1.50900000e-04 5.09073000e-03 -5.05060000e-04 3.90721000e-03 5.45278000e-03 1.15369000e-03 -5.44550000e-04 8.60200000e-05 9.13000000e-05 -3.45234000e-03 5.00409000e-03 -3.00352000e-03 3.63590000e-04 5.26440000e-04 -1.66812000e-03 3.19310000e-04 1.12881000e-03 1.16474000e-03 1.33187000e-03 -6.80900000e-04 -2.53776000e-03 1.12253000e-03 2.56102000e-03 -5.58310000e-04 1.40817000e-03 5.10431000e-03 -3.70831000e-03 -1.15500000e-05 -2.15626000e-03 1.22535000e-03 -7.40260000e-04 -2.11267000e-03 1.99214000e-03 -6.47670000e-04 1.36760000e-03 1.10907000e-03 1.18303000e-03 -3.50400000e-05 6.13320000e-04 -7.03000000e-04 2.99040000e-04 1.14841000e-03 1.73361000e-03 1.52145000e-03 -1.45623000e-03 2.36371000e-03 -1.48258000e-03 -4.90519000e-03 -2.78158000e-03 2.99334000e-03 2.59690000e-03 6.05926000e-03 -1.89090000e-03 -4.53410000e-04 1.02414000e-03 -1.77759000e-03 -1.40912000e-03 5.20800000e-04 8.36820000e-04 -4.74900000e-04 7.06280000e-04 2.65128000e-03 8.24860000e-04 -4.67160000e-04 -5.05622000e-03 4.88950000e-04 1.39256000e-03 -3.60130000e-04 8.82000000e-06 1.03565000e-03 -1.24472000e-03 1.56869000e-03 -3.23101000e-03 -9.31510000e-04 -3.07180000e-04 4.15110000e-04 -8.12730000e-04 -1.84242000e-03 4.29081000e-03 -6.41690000e-04 2.35743000e-03 8.53990000e-04 -1.91600000e-05 1.02466000e-03 6.71511000e-03 -1.94955000e-03 5.14742800e-02 2.34051000e-03 1.95467000e-03 2.07984000e-03 4.84065000e-03 2.76105000e-03 1.29570000e-03 3.06055000e-03 2.52294000e-03 3.88593000e-03 5.03101000e-03 2.24227000e-03 7.19920000e-03 4.28866000e-03 3.01897000e-03 3.93929000e-03 3.86030000e-03 4.50549000e-03
1.81402000e-03 1.77247000e-03 -7.87000000e-06 3.07820000e-04 -5.50100000e-04 1.79815000e-03 -5.13700000e-05 2.57097000e-03 -4.66060000e-04 -2.27820000e-04 1.68830000e-04 5.10600000e-05 2.19136000e-03 -1.44050000e-04 9.23570000e-04 -2.14800000e-04 5.81030000e-04 1.15188000e-03 -2.36960000e-04 8.79500000e-05 1.60970000e-04 -3.73000000e-06 -5.35400000e-04 7.90520000e-04 -3.94030000e-04 -1.05520000e-04 -2.33940000e-04 1.31010000e-04 3.73700000e-05 -1.52800000e-04 -8.88200000e-05 1.47260000e-04 -2.51140000e-04 -4.11840000e-04 1.49700000e-04 -2.19670000e-04 -4.30850000e-04 -7.61590000e-04 2.99210000e-04 1.56340000e-04 -2.10770000e-04 -4.38700000e-05 -8.99400000e-05 -2.25470000e-04 -4.76060000e-04 3.04880000e-04 2.44840000e-04 -3.10190000e-04 -7.02830000e-04 1.91720000e-04 1.49700000e-05 -1.75400000e-04 4.23130000e-04 -4.66460000e-04 9.55800000e-05 -2.58400000e-04 1.68094000e-03 -2.11320000e-04 1.73477000e-03 1.27060000e-04 -4.48360000e-04 -1.58270000e-04 2.21140000e-03 2.87190000e-04 1.50628000e-03 -6.25260000e-04 7.53400000e-05 -1.25500000e-05 -9.44940000e-04 7.02710000e-04 -5.82100000e-05 -1.48140000e-04 -1.16160000e-04 9.95100000e-05 5.26050000e-04 -3.81090000e-04 -2.62900000e-04 -6.03950000e-04 4.04890000e-04 5.72300000e-04 1.64940000e-04 -1.53340000e-04 -2.77810000e-04 -2.91900000e-05 -3.37810000e-04 -3.13800000e-04 1.06820000e-04 -9.76700000e-05 -4.02910000e-04 1.17580000e-04 -1.09620000e-04 1.79403000e-03 -4.38240000e-04 2.58251000e-03 2.52083000e-03 3.69516000e-03 1.63061000e-03 2.48828000e-03 -9.36200000e-05 2.34051000e-03 3.88037300e-02 2.13299000e-03 2.10695000e-03 2.12652000e-03 2.28616000e-03 2.44742000e-03 2.79809000e-03 2.25740000e-03 2.31533000e-03 2.66444000e-03 1.67605000e-03 8.22500000e-04 2.01046000e-03 2.68510000e-04 1.37355000e-03 2.13460000e-03 1.25140000e-03
1.44056000e-03 1.57357000e-03 -8.98500000e-05 2.45340000e-04 -3.21810000e-04 1.62557000e-03 -1.03360000e-04 2.16295000e-03 -2.81800000e-04 -1.89140000e-04 9.48600000e-05 8.16900000e-05 1.87917000e-03 -7.23500000e-05 3.75860000e-04 -2.63770000e-04 1.94040000e-04 4.15240000e-04 -1.66270000e-04 3.51500000e-05 5.08200000e-05 -1.62700000e-05 -3.30320000e-04 1.78580000e-04 -2.20160000e-04 -8.84000000e-06 -2.25240000e-04 2.82200000e-05 1.38400000e-05 -1.00240000e-04 -7.53300000e-05 -9.80100000e-05 -2.25160000e-04 -2.67910000e-04 -1.55500000e-05 -2.54100000e-04 -3.32500000e-04 -5.37550000e-04 -5.56500000e-05 1.13860000e-04 -2.15660000e-04 1.32900000e-05 -8.52700000e-05 -1.92470000e-04 -3.60310000e-04 6.35400000e-05 2.58600000e-04 -3.20730000e-04 -5.48870000e-04 4.95400000e-05 -4.44100000e-05 -2.16240000e-04 3.53080000e-04 -2.40140000e-04 2.26300000e-05 -2.54530000e-04 1.55067000e-03 -2.57640000e-04 1.57817000e-03 7.32800000e-05 -2.60120000e-04 -8.32600000e-05 1.88181000e-03 1.08320000e-04 5.48270000e-04 -3.68560000e-04 5.80900000e-05 -7.08700000e-05 -5.55550000e-04 4.40580000e-04 -1.55420000e-04 -8.46900000e-05 -1.27160000e-04 4.05400000e-05 2.38540000e-04 -2.22920000e-04 -2.10040000e-04 -3.40350000e-04 1.83080000e-04 3.55180000e-04 1.13100000e-05 -1.76200000e-05 -2.57250000e-04 7.80000000e-06 -1.73270000e-04 -1.82920000e-04 4.03300000e-05 4.98200000e-05 -2.19530000e-04 7.01500000e-05 -1.54070000e-04 1.56761000e-03 -1.72210000e-04 2.18209000e-03 2.12757000e-03 2.96085000e-03 1.51496000e-03 1.93426000e-03 -1.49720000e-04 1.95467000e-03 2.13299000e-03 2.79020600e-02 1.84843000e-03 1.68455000e-03 1.93530000e-03 2.12727000e-03 2.28859000e-03 1.94008000e-03 1.95838000e-03 2.12740000e-03 1.53685000e-03 2.45760000e-04 1.71301000e-03 4.20000000e-05 1.29338000e-03 1.79060000e-03 1.18553000e-03
2.11057000e-03 1.74036000e-03 -3.16170000e-04 6.65000000e-05 -1.49990000e-04 1.80544000e-03 -1.39790000e-04 1.99502000e-03 -5.74320000e-04 -4.82860000e-04 -4.45100000e-05 -9.85400000e-05 1.80166000e-03 -1.15760000e-04 5.25390000e-04 -5.56930000e-04 3.24190000e-04 5.79360000e-04 -5.79800000e-05 -2.00920000e-04 -4.98900000e-05 -1.61030000e-04 -6.48880000e-04 3.13390000e-04 -5.82700000e-04 6.12200000e-05 -2.83790000e-04 -3.11700000e-04 -1.16260000e-04 2.51500000e-05 -9.31500000e-05 -1.37530000e-04 -3.72960000e-04 -4.71860000e-04 -1.14650000e-04 -1.81170000e-04 -4.39400000e-04 -2.09280000e-04 2.00900000e-04 -4.11500000e-04 -3.20810000e-04 -3.36010000e-04 -5.45700000e-05 -2.41570000e-04 -6.06340000e-04 -2.68000000e-05 1.48480000e-04 -2.76460000e-04 -1.36330000e-04 -6.95700000e-05 -2.16210000e-04 -2.87110000e-04 1.70660000e-04 -1.02930000e-04 5.20000000e-05 -1.99400000e-04 1.75590000e-03 -4.10960000e-04 1.79524000e-03 -2.33400000e-04 -7.08160000e-04 -4.59730000e-04 2.10431000e-03 8.69600000e-05 5.84700000e-04 -2.17800000e-04 -4.15100000e-05 -3.44200000e-05 -3.01840000e-04 5.44400000e-05 -1.91040000e-04 -1.21000000e-06 -2.76610000e-04 4.30300000e-05 1.66560000e-04 -4.35300000e-05 -3.15940000e-04 -7.88720000e-04 9.39200000e-05 2.85970000e-04 -1.56860000e-04 3.86800000e-05 -2.03440000e-04 -1.37970000e-04 1.96840000e-04 -5.40930000e-04 -1.20150000e-04 1.18420000e-04 -4.54700000e-05 -2.01710000e-04 -3.29350000e-04 2.01140000e-03 -4.30000000e-05 2.08005000e-03 1.95051000e-03 2.27840000e-03 1.79531000e-03 2.54445000e-03 -3.48630000e-04 2.07984000e-03 2.10695000e-03 1.84843000e-03 1.13652970e-01 2.13476000e-03 2.01035000e-03 2.05477000e-03 2.24308000e-03 2.06887000e-03 2.13689000e-03 2.18734000e-03 1.70951000e-03 5.68740000e-04 2.12422000e-03 5.83300000e-05 1.80848000e-03 2.02934000e-03 1.87222000e-03
1.31768600e-02 3.21068000e-03 -4.97910000e-04 -5.71456000e-03 9.31260000e-04 2.98204000e-03 2.65644000e-03 -2.13210000e-04 -5.36966000e-03 -3.63041000e-03 7.34100000e-04 -6.22680000e-04 1.15522000e-03 -2.01700000e-04 9.42206000e-03 -1.14270000e-03 7.24228000e-03 1.01535600e-02 2.43088000e-03 -1.39095000e-03 8.48100000e-05 -1.74900000e-05 -6.15086000e-03 9.30055000e-03 -5.66603000e-03 7.52650000e-04 1.04048000e-03 -3.44527000e-03 3.64020000e-04 2.30114000e-03 2.27814000e-03 2.38234000e-03 -1.19655000e-03 -4.27350000e-03 1.99230000e-03 5.04392000e-03 -8.58470000e-04 3.64705000e-03 9.78407000e-03 -7.36733000e-03 -4.62600000e-05 -4.22299000e-03 2.35381000e-03 -1.08584000e-03 -3.63415000e-03 3.50926000e-03 -1.57337000e-03 2.94608000e-03 3.32540000e-03 2.02348000e-03 -2.21720000e-04 1.25563000e-03 -1.78577000e-03 9.45130000e-04 2.16787000e-03 3.53438000e-03 1.57397000e-03 -2.45563000e-03 3.10503000e-03 -3.11415000e-03 -8.89594000e-03 -5.29683000e-03 3.98818000e-03 4.62894000e-03 1.05997900e-02 -2.86478000e-03 -9.74380000e-04 1.98100000e-03 -2.25552000e-03 -3.64504000e-03 9.62580000e-04 1.71360000e-03 -1.03735000e-03 1.32120000e-03 4.46244000e-03 1.93934000e-03 -8.16480000e-04 -9.20584000e-03 4.38570000e-04 2.18391000e-03 -9.52580000e-04 9.64300000e-05 2.25006000e-03 -2.20245000e-03 3.72687000e-03 -5.99454000e-03 -1.92449000e-03 -5.76750000e-04 1.19600000e-03 -1.89888000e-03 -3.15376000e-03 6.96190000e-03 -8.47010000e-04 2.05937000e-03 -7.15130000e-04 -3.84513000e-03 9.10220000e-04 1.14048800e-02 -3.46966000e-03 4.84065000e-03 2.12652000e-03 1.68455000e-03 2.13476000e-03 2.74381450e-01 3.14884000e-03 1.39500000e-04 3.26782000e-03 2.89033000e-03 5.37424000e-03 7.14601000e-03 2.87849000e-03 1.35348500e-02 6.87867000e-03 5.63713000e-03 6.79375000e-03 5.70419000e-03 8.37911000e-03
4.08002000e-03 2.10959000e-03 -1.47160000e-04 -1.19182000e-03 -1.39530000e-04 1.95044000e-03 5.41180000e-04 1.79449000e-03 -1.61707000e-03 -1.07282000e-03 2.47460000e-04 -8.20500000e-05 1.82180000e-03 -1.79700000e-04 2.44004000e-03 -3.86950000e-04 1.76889000e-03 2.64056000e-03 4.11470000e-04 -2.52080000e-04 1.43950000e-04 4.48100000e-05 -1.79169000e-03 2.29511000e-03 -1.58690000e-03 1.11440000e-04 8.59700000e-05 -7.62140000e-04 1.12230000e-04 5.03630000e-04 3.98230000e-04 5.93080000e-04 -4.04770000e-04 -1.50752000e-03 3.95580000e-04 1.01598000e-03 -4.29810000e-04 2.12580000e-04 2.26345000e-03 -1.64304000e-03 -1.00380000e-04 -1.08561000e-03 4.33580000e-04 -4.55080000e-04 -1.20275000e-03 8.41470000e-04 -1.87090000e-04 5.22170000e-04 5.45000000e-05 4.82200000e-04 -1.16460000e-04 1.24930000e-04 -1.13410000e-04 -5.61900000e-05 5.78180000e-04 5.99130000e-04 1.60353000e-03 -8.04090000e-04 1.94220000e-03 -7.01120000e-04 -2.46690000e-03 -1.43093000e-03 2.40517000e-03 1.19506000e-03 3.08891000e-03 -1.08830000e-03 -1.70260000e-04 3.22330000e-04 -1.15307000e-03 -3.47580000e-04 1.15980000e-04 2.79960000e-04 -2.84360000e-04 4.09310000e-04 1.26787000e-03 2.58720000e-04 -3.34120000e-04 -2.61412000e-03 4.08460000e-04 7.65190000e-04 -1.22440000e-04 -5.56000000e-05 2.66730000e-04 -6.42620000e-04 4.59700000e-04 -1.67797000e-03 -4.26420000e-04 -1.63230000e-04 -1.40000000e-05 -3.63210000e-04 -9.93600000e-04 2.84844000e-03 -4.28450000e-04 2.34508000e-03 1.65670000e-03 1.82610000e-03 1.37221000e-03 4.20648000e-03 -9.96950000e-04 2.76105000e-03 2.28616000e-03 1.93530000e-03 2.01035000e-03 3.14884000e-03 5.09660000e-02 1.82408000e-03 2.75197000e-03 2.21576000e-03 2.90254000e-03 3.52603000e-03 1.90556000e-03 3.27529000e-03 2.89959000e-03 1.34024000e-03 2.49079000e-03 2.78936000e-03 2.64202000e-03
-2.06273000e-03 1.28217000e-03 -5.89100000e-05 2.42499000e-03 -9.07640000e-04 1.40186000e-03 -1.12072000e-03 3.26866000e-03 1.38233000e-03 8.79810000e-04 -1.73350000e-04 1.74400000e-04 2.38898000e-03 -7.13600000e-05 -2.25824000e-03 -1.69420000e-04 -1.92886000e-03 -2.25802000e-03 -1.14447000e-03 4.39350000e-04 5.36400000e-05 -9.97500000e-05 1.56334000e-03 -2.50127000e-03 1.41445000e-03 -3.54080000e-04 -7.69140000e-04 1.19754000e-03 -1.70980000e-04 -9.66370000e-04 -9.81900000e-04 -8.55320000e-04 5.62800000e-05 9.77020000e-04 -7.14950000e-04 -2.17478000e-03 -2.89640000e-04 -2.02343000e-03 -3.23587000e-03 2.65200000e-03 -3.80410000e-04 1.32371000e-03 -9.64410000e-04 5.57700000e-05 6.65350000e-04 -1.10523000e-03 8.09250000e-04 -1.57351000e-03 -1.71617000e-03 -6.55320000e-04 -4.22400000e-05 -7.77930000e-04 1.05869000e-03 -8.18810000e-04 -6.91540000e-04 -1.63758000e-03 1.81008000e-03 5.02270000e-04 1.33618000e-03 1.11552000e-03 2.63628000e-03 1.57021000e-03 1.57115000e-03 -1.39910000e-03 -2.34701000e-03 4.77330000e-04 3.28530000e-04 -7.97920000e-04 -6.67000000e-05 1.86597000e-03 -5.20340000e-04 -7.83700000e-04 1.23200000e-05 -3.88310000e-04 -1.17156000e-03 -1.05410000e-03 -9.33800000e-05 2.50794000e-03 2.15150000e-04 -1.23160000e-04 3.75970000e-04 -1.55110000e-04 -1.15753000e-03 7.16110000e-04 -1.44322000e-03 1.67980000e-03 6.99570000e-04 1.88100000e-04 -7.97020000e-04 6.60020000e-04 8.81870000e-04 1.29250000e-04 -3.57000000e-05 2.50224000e-03 3.41747000e-03 5.62987000e-03 2.09075000e-03 -5.50320000e-04 9.65580000e-04 1.29570000e-03 2.44742000e-03 2.12727000e-03 2.05477000e-03 1.39500000e-04 1.82408000e-03 2.14935000e-02 2.31565000e-03 1.94965000e-03 1.10361000e-03 6.62750000e-04 1.29942000e-03 -3.91486000e-03 4.39880000e-04 -1.84299000e-03 -2.60470000e-04 8.53330000e-04 -7.72400000e-04
3.83921000e-03 2.15676000e-03 6.92000000e-05 -7.88190000e-04 -5.86960000e-04 1.98723000e-03 4.68970000e-04 2.50306000e-03 -1.44114000e-03 -8.00530000e-04 3.60860000e-04 -6.92800000e-05 2.29859000e-03 -2.50560000e-04 2.82869000e-03 -1.61480000e-04 1.93808000e-03 3.23693000e-03 1.96260000e-04 -3.78100000e-05 3.76430000e-04 7.14100000e-05 -1.61383000e-03 2.66299000e-03 -1.39354000e-03 -6.07700000e-05 -1.04600000e-05 -2.76600000e-04 1.53670000e-04 2.40930000e-04 2.95060000e-04 6.91090000e-04 -3.69830000e-04 -1.21719000e-03 5.61350000e-04 7.47880000e-04 -5.51890000e-04 -3.44430000e-04 2.12648000e-03 -9.22770000e-04 -1.79490000e-04 -7.52040000e-04 2.85270000e-04 -3.55310000e-04 -1.05069000e-03 1.07217000e-03 -7.32300000e-05 4.44920000e-04 -4.60430000e-04 6.62590000e-04 4.27000000e-05 1.13640000e-04 2.19610000e-04 -4.73810000e-04 5.97790000e-04 3.45280000e-04 1.54488000e-03 -5.20600000e-04 1.94190000e-03 -3.42700000e-04 -2.01440000e-03 -1.05970000e-03 2.60730000e-03 1.25522000e-03 3.81721000e-03 -1.55175000e-03 -1.28400000e-05 3.22210000e-04 -1.84962000e-03 3.72580000e-04 1.06900000e-04 1.18290000e-04 -1.46490000e-04 4.64070000e-04 1.48028000e-03 -1.78910000e-04 -3.93260000e-04 -2.26958000e-03 6.26370000e-04 1.01795000e-03 7.88600000e-05 -2.50520000e-04 3.21800000e-05 -3.60300000e-04 -2.54900000e-05 -1.35450000e-03 -1.60130000e-04 -3.95360000e-04 -4.12230000e-04 -8.44600000e-05 -5.70920000e-04 2.70257000e-03 -8.31050000e-04 2.97686000e-03 2.39195000e-03 3.49595000e-03 1.33410000e-03 4.32338000e-03 -6.30490000e-04 3.06055000e-03 2.79809000e-03 2.28859000e-03 2.24308000e-03 3.26782000e-03 2.75197000e-03 2.31565000e-03 2.97377400e-02 2.46972000e-03 3.11027000e-03 3.94084000e-03 1.84869000e-03 3.35735000e-03 2.85914000e-03 1.41361000e-03 2.06578000e-03 2.93803000e-03 2.00816000e-03
3.53630000e-03 1.94248000e-03 -3.28630000e-04 -6.54250000e-04 4.18100000e-05 2.10393000e-03 3.16370000e-04 1.77399000e-03 -1.23337000e-03 -8.81810000e-04 1.53000000e-04 -7.04900000e-05 1.73924000e-03 -6.71900000e-05 1.78528000e-03 -6.67330000e-04 1.40812000e-03 1.90472000e-03 1.92670000e-04 -3.29550000e-04 -1.84770000e-04 -1.05810000e-04 -1.39459000e-03 1.64095000e-03 -1.21840000e-03 1.62000000e-04 -7.75200000e-05 -7.88630000e-04 2.33500000e-05 2.78820000e-04 2.45870000e-04 2.57840000e-04 -5.08830000e-04 -8.79670000e-04 2.18660000e-04 5.00380000e-04 -4.76440000e-04 3.35060000e-04 1.50118000e-03 -1.44044000e-03 -2.15410000e-04 -8.21130000e-04 3.50160000e-04 -5.80550000e-04 -1.03413000e-03 4.84250000e-04 -2.69800000e-05 -1.08080000e-04 3.94920000e-04 2.30130000e-04 -1.63920000e-04 -3.93300000e-05 -1.46140000e-04 5.83300000e-05 2.30090000e-04 3.37810000e-04 1.85440000e-03 -9.22820000e-04 2.08165000e-03 -5.59360000e-04 -1.76716000e-03 -1.06887000e-03 2.50325000e-03 7.83590000e-04 1.83955000e-03 -4.80990000e-04 -2.50310000e-04 3.23960000e-04 -5.40040000e-04 -4.42250000e-04 5.66900000e-05 2.22860000e-04 -4.39410000e-04 9.76000000e-05 8.29840000e-04 2.08900000e-04 -3.27100000e-04 -1.91028000e-03 1.12330000e-04 6.77550000e-04 -1.56670000e-04 7.12200000e-05 2.21010000e-04 -4.78880000e-04 7.43700000e-04 -1.25863000e-03 -3.99390000e-04 1.05750000e-04 1.73140000e-04 -4.18330000e-04 -7.82770000e-04 2.69896000e-03 -1.07280000e-04 2.16720000e-03 1.61132000e-03 1.47109000e-03 1.75817000e-03 3.70014000e-03 -9.15840000e-04 2.52294000e-03 2.25740000e-03 1.94008000e-03 2.06887000e-03 2.89033000e-03 2.21576000e-03 1.94965000e-03 2.46972000e-03 5.15370500e-02 2.63551000e-03 2.85665000e-03 1.99210000e-03 2.43186000e-03 2.80245000e-03 8.10660000e-04 2.36497000e-03 2.50912000e-03 2.56328000e-03
8.47076000e-03 2.65618000e-03 -2.58210000e-04 -3.73699000e-03 4.98870000e-04 2.53719000e-03 1.69026000e-03 8.49920000e-04 -3.65434000e-03 -2.35943000e-03 5.80640000e-04 -2.58050000e-04 1.50887000e-03 -1.90460000e-04 5.70502000e-03 -6.69440000e-04 4.43827000e-03 6.02862000e-03 1.46597000e-03 -7.51390000e-04 7.50000000e-07 4.43100000e-05 -4.12461000e-03 5.63479000e-03 -3.58450000e-03 5.12410000e-04 6.28870000e-04 -2.16994000e-03 3.13500000e-04 1.42662000e-03 1.36523000e-03 1.45997000e-03 -8.35150000e-04 -3.02585000e-03 1.22112000e-03 3.05954000e-03 -6.27610000e-04 1.92517000e-03 5.95475000e-03 -4.65237000e-03 -2.35400000e-05 -2.68205000e-03 1.44586000e-03 -8.81030000e-04 -2.53562000e-03 2.21424000e-03 -8.11710000e-04 1.65982000e-03 1.53820000e-03 1.27825000e-03 -1.26380000e-04 7.04550000e-04 -9.74760000e-04 5.46660000e-04 1.33903000e-03 2.09287000e-03 1.57929000e-03 -1.77268000e-03 2.55513000e-03 -1.90717000e-03 -5.92957000e-03 -3.41027000e-03 3.20994000e-03 2.95982000e-03 6.69311000e-03 -2.05344000e-03 -5.87310000e-04 1.25329000e-03 -1.83697000e-03 -1.91036000e-03 5.85740000e-04 1.07854000e-03 -5.44890000e-04 8.03180000e-04 2.97121000e-03 1.13791000e-03 -5.53780000e-04 -6.04599000e-03 4.90710000e-04 1.44837000e-03 -5.72400000e-04 1.06820000e-04 1.27179000e-03 -1.53891000e-03 2.03155000e-03 -3.90936000e-03 -1.20181000e-03 -2.65280000e-04 6.76500000e-04 -1.09707000e-03 -2.29332000e-03 4.88520000e-03 -5.72500000e-04 2.31485000e-03 4.95110000e-04 -9.16470000e-04 9.95430000e-04 7.60125000e-03 -2.40030000e-03 3.88593000e-03 2.31533000e-03 1.95838000e-03 2.13689000e-03 5.37424000e-03 2.90254000e-03 1.10361000e-03 3.11027000e-03 2.63551000e-03 3.01603800e-02 5.49902000e-03 2.42057000e-03 8.30828000e-03 4.81943000e-03 3.45067000e-03 4.57916000e-03 4.24117000e-03 5.29035000e-03
1.18901900e-02 3.14360000e-03 2.09470000e-04 -5.76478000e-03 3.74580000e-04 2.77884000e-03 2.82981000e-03 6.03110000e-04 -5.22009000e-03 -3.07023000e-03 1.16636000e-03 -1.85160000e-04 1.63806000e-03 -2.14380000e-04 9.00530000e-03 -2.27710000e-04 6.96255000e-03 9.62034000e-03 2.22922000e-03 -7.12840000e-04 3.95890000e-04 4.07630000e-04 -5.99677000e-03 9.00437000e-03 -5.02299000e-03 5.60520000e-04 1.29595000e-03 -2.61625000e-03 6.67660000e-04 2.08987000e-03 2.44671000e-03 2.70901000e-03 -8.63520000e-04 -4.44918000e-03 2.47548000e-03 5.14902000e-03 -6.46670000e-04 2.49295000e-03 9.63293000e-03 -6.34640000e-03 3.08300000e-04 -3.59366000e-03 2.28686000e-03 -8.91200000e-04 -3.39880000e-03 4.08129000e-03 -1.30670000e-03 3.17588000e-03 1.68200000e-03 2.51916000e-03 2.50870000e-04 1.54856000e-03 -1.33519000e-03 4.53100000e-04 2.23680000e-03 3.57001000e-03 1.24714000e-03 -2.10083000e-03 2.76144000e-03 -2.45542000e-03 -8.70668000e-03 -4.68480000e-03 3.68247000e-03 4.71720000e-03 1.14329600e-02 -3.70677000e-03 -6.54190000e-04 1.95449000e-03 -3.39412000e-03 -2.42594000e-03 1.18747000e-03 1.54105000e-03 -4.42010000e-04 1.42101000e-03 5.05090000e-03 1.48835000e-03 -5.80820000e-04 -8.82596000e-03 1.01731000e-03 2.30748000e-03 -5.27340000e-04 -1.43660000e-04 2.17575000e-03 -2.15737000e-03 2.43935000e-03 -5.51134000e-03 -1.49160000e-03 -8.46990000e-04 6.44150000e-04 -1.20446000e-03 -3.09247000e-03 6.14725000e-03 -1.41796000e-03 2.72651000e-03 6.81500000e-05 -1.49949000e-03 1.83960000e-04 1.02051300e-02 -3.10177000e-03 5.03101000e-03 2.66444000e-03 2.12740000e-03 2.18734000e-03 7.14601000e-03 3.52603000e-03 6.62750000e-04 3.94084000e-03 2.85665000e-03 5.49902000e-03 1.89988730e-01 2.67757000e-03 1.30376500e-02 6.07503000e-03 5.93494000e-03 5.86711000e-03 5.54335000e-03 6.82669000e-03
4.07449000e-03 1.88624000e-03 -4.30260000e-04 -1.20036000e-03 3.75620000e-04 1.95584000e-03 4.95100000e-04 1.01038000e-03 -1.36218000e-03 -1.11684000e-03 1.16440000e-04 -4.16800000e-05 1.26355000e-03 3.07300000e-05 1.80563000e-03 -7.56680000e-04 1.46358000e-03 1.73860000e-03 4.94540000e-04 -4.93950000e-04 -2.38120000e-04 -2.00300000e-05 -1.58171000e-03 1.57382000e-03 -1.43927000e-03 2.94170000e-04 9.81100000e-05 -1.17662000e-03 1.79400000e-05 6.09900000e-04 5.61250000e-04 2.65800000e-04 -4.50880000e-04 -1.13430000e-03 2.47290000e-04 1.08164000e-03 -2.99650000e-04 8.68710000e-04 2.05659000e-03 -2.09779000e-03 -9.45200000e-05 -1.07718000e-03 5.61720000e-04 -5.51890000e-04 -1.09834000e-03 5.30790000e-04 -1.87700000e-04 3.24570000e-04 7.84160000e-04 2.72190000e-04 -2.28850000e-04 1.38110000e-04 -4.23510000e-04 3.86100000e-04 3.77910000e-04 8.15230000e-04 1.75141000e-03 -1.12612000e-03 1.96822000e-03 -8.86290000e-04 -2.25850000e-03 -1.40304000e-03 2.19086000e-03 9.12090000e-04 1.60440000e-03 -3.42560000e-04 -3.40410000e-04 3.55180000e-04 -1.07200000e-04 -1.17606000e-03 7.35800000e-05 4.04580000e-04 -5.30130000e-04 2.06030000e-04 8.46050000e-04 6.42870000e-04 -2.32460000e-04 -2.34663000e-03 -1.07880000e-04 5.22290000e-04 -3.54410000e-04 1.85390000e-04 5.80970000e-04 -6.60730000e-04 1.18299000e-03 -1.58374000e-03 -6.48050000e-04 1.75090000e-04 4.71520000e-04 -6.24220000e-04 -1.12174000e-03 2.81506000e-03 1.17970000e-04 1.56757000e-03 8.14260000e-04 -9.50100000e-05 1.60395000e-03 3.71935000e-03 -1.22212000e-03 2.24227000e-03 1.67605000e-03 1.53685000e-03 1.70951000e-03 2.87849000e-03 1.90556000e-03 1.29942000e-03 1.84869000e-03 1.99210000e-03 2.42057000e-03 2.67757000e-03 2.94181800e-02 2.82813000e-03 2.83008000e-03 1.15266000e-03 2.80298000e-03 2.39991000e-03 3.22041000e-03
2.58798500e-02 3.55869000e-03 8.00170000e-04 -1.49867400e-02 2.36087000e-03 3.09342000e-03 8.17169000e-03 -4.77120000e-03 -1.20971900e-02 -7.00141000e-03 3.24304000e-03 -1.96220000e-04 -1.27488000e-03 3.43330000e-04 2.29741500e-02 -8.89500000e-05 1.83682400e-02 2.44682200e-02 5.84072000e-03 -1.68987000e-03 -5.35600000e-05 1.29048000e-03 -1.36952600e-02 2.36107300e-02 -1.18627600e-02 1.61353000e-03 4.22080000e-03 -6.90445000e-03 2.42311000e-03 5.35291000e-03 6.39524000e-03 7.43018000e-03 -1.47273000e-03 -9.95721000e-03 6.24549000e-03 1.35383100e-02 -3.80650000e-04 8.73850000e-03 2.44639800e-02 -1.67159700e-02 1.69242000e-03 -8.99751000e-03 6.91935000e-03 -2.89579000e-03 -7.34415000e-03 1.00092500e-02 -4.02387000e-03 7.24814000e-03 7.29516000e-03 6.21938000e-03 1.02083000e-03 4.63157000e-03 -4.80701000e-03 2.26849000e-03 5.03003000e-03 9.83367000e-03 -9.12850000e-04 -5.80112000e-03 3.27612000e-03 -6.13968000e-03 -2.05008100e-02 -1.14046500e-02 4.59433000e-03 1.26431800e-02 2.63767900e-02 -7.45565000e-03 -2.43105000e-03 5.35327000e-03 -6.44031000e-03 -7.95269000e-03 3.95659000e-03 4.19649000e-03 -1.54833000e-03 2.79775000e-03 1.23173100e-02 4.43999000e-03 -4.42670000e-04 -2.08781900e-02 1.54665000e-03 5.92794000e-03 -7.69270000e-04 1.87600000e-05 6.67917000e-03 -5.77831000e-03 7.78197000e-03 -1.31289600e-02 -4.14365000e-03 -1.69198000e-03 2.73910000e-03 -3.08846000e-03 -7.73600000e-03 1.16110600e-02 -2.47115000e-03 7.01850000e-04 -6.08372000e-03 -1.32555200e-02 -3.47340000e-03 2.06809800e-02 -8.50662000e-03 7.19920000e-03 8.22500000e-04 2.45760000e-04 5.68740000e-04 1.35348500e-02 3.27529000e-03 -3.91486000e-03 3.35735000e-03 2.43186000e-03 8.30828000e-03 1.30376500e-02 2.82813000e-03 8.55144200e-02 1.09374500e-02 1.45556100e-02 1.06807900e-02 8.86777000e-03 1.33655200e-02
1.12012700e-02 2.96124000e-03 -6.38490000e-04 -4.98042000e-03 1.06681000e-03 2.90523000e-03 2.16070000e-03 -7.29500000e-05 -4.61071000e-03 -3.21228000e-03 5.57850000e-04 -4.97070000e-04 1.09715000e-03 -1.31220000e-04 7.35046000e-03 -1.25508000e-03 5.79995000e-03 7.73596000e-03 2.06468000e-03 -1.30173000e-03 -2.24100000e-04 -8.62900000e-05 -5.27627000e-03 7.22808000e-03 -4.78440000e-03 7.79890000e-04 8.03380000e-04 -3.24149000e-03 2.52530000e-04 2.00626000e-03 1.87998000e-03 1.72788000e-03 -1.12836000e-03 -3.71612000e-03 1.47714000e-03 4.12383000e-03 -7.57140000e-04 3.27892000e-03 7.91902000e-03 -6.58582000e-03 -9.30000000e-05 -3.68833000e-03 1.98132000e-03 -1.13626000e-03 -3.22896000e-03 2.67630000e-03 -1.24005000e-03 2.16931000e-03 2.96976000e-03 1.48581000e-03 -3.15110000e-04 9.41840000e-04 -1.64432000e-03 1.05281000e-03 1.68742000e-03 2.94964000e-03 1.77340000e-03 -2.40491000e-03 2.99903000e-03 -2.77842000e-03 -7.67784000e-03 -4.60215000e-03 3.68156000e-03 3.70583000e-03 8.01300000e-03 -2.06964000e-03 -9.60370000e-04 1.68950000e-03 -1.51913000e-03 -3.33872000e-03 7.41650000e-04 1.52619000e-03 -9.81850000e-04 9.58160000e-04 3.53311000e-03 1.83088000e-03 -7.05250000e-04 -7.85612000e-03 2.74160000e-04 1.68641000e-03 -9.99700000e-04 2.74450000e-04 1.93403000e-03 -2.02923000e-03 3.40882000e-03 -5.16975000e-03 -1.79414000e-03 -1.96470000e-04 1.28969000e-03 -1.77049000e-03 -3.02010000e-03 6.20658000e-03 -3.52210000e-04 1.87859000e-03 -5.34720000e-04 -3.53781000e-03 1.17231000e-03 9.66509000e-03 -3.24404000e-03 4.28866000e-03 2.01046000e-03 1.71301000e-03 2.12422000e-03 6.87867000e-03 2.89959000e-03 4.39880000e-04 2.85914000e-03 2.80245000e-03 4.81943000e-03 6.07503000e-03 2.83008000e-03 1.09374500e-02 5.81461700e-02 4.45822000e-03 6.15070000e-03 5.00593000e-03 7.53640000e-03
1.11397000e-02 1.48826000e-03 5.69480000e-04 -6.56348000e-03 7.54380000e-04 1.15733000e-03 3.53652000e-03 -2.06778000e-03 -4.95824000e-03 -2.77638000e-03 1.54452000e-03 3.52000000e-06 -5.67470000e-04 2.67020000e-04 9.94794000e-03 1.84420000e-04 7.93232000e-03 1.04905800e-02 2.50638000e-03 -5.72370000e-04 1.64200000e-04 7.85750000e-04 -5.79728000e-03 1.00178800e-02 -4.87490000e-03 5.84570000e-04 1.89861000e-03 -2.66760000e-03 1.00960000e-03 2.31127000e-03 3.18443000e-03 3.26792000e-03 -4.07330000e-04 -4.16724000e-03 3.11073000e-03 6.23639000e-03 -3.71100000e-05 3.47904000e-03 1.10022800e-02 -6.85429000e-03 8.24940000e-04 -3.54117000e-03 2.98792000e-03 -9.43090000e-04 -2.91074000e-03 4.82301000e-03 -1.71796000e-03 3.61631000e-03 2.57557000e-03 3.08256000e-03 6.60890000e-04 2.35653000e-03 -1.97352000e-03 6.85850000e-04 2.34170000e-03 4.62734000e-03 -5.81060000e-04 -2.34122000e-03 1.21362000e-03 -2.44015000e-03 -8.67620000e-03 -4.59469000e-03 1.71040000e-03 5.39919000e-03 1.18055800e-02 -3.71758000e-03 -9.21860000e-04 2.28169000e-03 -3.19552000e-03 -3.25931000e-03 1.73900000e-03 1.75483000e-03 -5.59780000e-04 1.39617000e-03 5.63287000e-03 1.82175000e-03 -4.07200000e-05 -8.89233000e-03 7.47230000e-04 2.59948000e-03 -3.27290000e-04 -1.82150000e-04 3.17017000e-03 -2.35780000e-03 3.12404000e-03 -5.40793000e-03 -1.65209000e-03 -9.67550000e-04 9.67740000e-04 -1.13824000e-03 -3.21091000e-03 4.73219000e-03 -1.34681000e-03 3.06200000e-04 -2.66932000e-03 -5.37767000e-03 -1.76937000e-03 8.61669000e-03 -3.48725000e-03 3.01897000e-03 2.68510000e-04 4.20000000e-05 5.83300000e-05 5.63713000e-03 1.34024000e-03 -1.84299000e-03 1.41361000e-03 8.10660000e-04 3.45067000e-03 5.93494000e-03 1.15266000e-03 1.45556100e-02 4.45822000e-03 4.46230700e-02 4.51555000e-03 3.72543000e-03 5.59927000e-03
1.16447700e-02 2.83009000e-03 -8.51230000e-04 -5.51581000e-03 1.54931000e-03 2.77167000e-03 2.10587000e-03 -8.71770000e-04 -4.73350000e-03 -3.44377000e-03 3.37740000e-04 -5.80590000e-04 6.19010000e-04 -1.28930000e-04 6.62988000e-03 -1.44619000e-03 5.35484000e-03 6.76816000e-03 2.43783000e-03 -1.57183000e-03 -3.02100000e-04 -1.90030000e-04 -5.51719000e-03 6.49307000e-03 -4.90882000e-03 1.01392000e-03 8.61830000e-04 -3.68228000e-03 4.41700000e-05 2.32911000e-03 2.12185000e-03 1.46316000e-03 -1.20133000e-03 -3.94783000e-03 1.43981000e-03 4.47960000e-03 -7.05470000e-04 3.85331000e-03 8.10223000e-03 -7.22469000e-03 -1.30050000e-04 -3.93283000e-03 2.00257000e-03 -8.15280000e-04 -3.37554000e-03 2.56221000e-03 -1.31211000e-03 2.64371000e-03 3.38851000e-03 1.38896000e-03 -4.75940000e-04 9.59040000e-04 -1.88948000e-03 1.51819000e-03 1.79287000e-03 3.28309000e-03 1.76671000e-03 -2.28575000e-03 2.87886000e-03 -3.17011000e-03 -8.22998000e-03 -4.89461000e-03 3.34149000e-03 3.38236000e-03 7.39443000e-03 -1.66285000e-03 -9.45250000e-04 1.74182000e-03 -7.25090000e-04 -4.09058000e-03 6.50250000e-04 1.77557000e-03 -9.27520000e-04 1.02512000e-03 3.27114000e-03 2.33050000e-03 -7.48580000e-04 -8.15002000e-03 7.36700000e-05 1.16120000e-03 -1.45203000e-03 4.93630000e-04 2.16169000e-03 -2.13440000e-03 3.91076000e-03 -5.43420000e-03 -1.96574000e-03 -9.80000000e-07 1.74684000e-03 -2.07973000e-03 -3.28194000e-03 6.28620000e-03 2.64900000e-05 1.09637000e-03 -1.34629000e-03 -5.38988000e-03 1.14153000e-03 9.41229000e-03 -3.25038000e-03 3.93929000e-03 1.37355000e-03 1.29338000e-03 1.80848000e-03 6.79375000e-03 2.49079000e-03 -2.60470000e-04 2.06578000e-03 2.36497000e-03 4.57916000e-03 5.86711000e-03 2.80298000e-03 1.06807900e-02 6.15070000e-03 4.51555000e-03 6.74282300e-02 4.90226000e-03 8.75111000e-03
8.93478000e-03 2.65097000e-03 -2.44590000e-04 -3.91999000e-03 5.12660000e-04 2.49009000e-03 1.80890000e-03 6.04180000e-04 -3.67353000e-03 -2.40656000e-03 6.17430000e-04 -2.68280000e-04 1.42058000e-03 -1.25360000e-04 6.12870000e-03 -6.89760000e-04 4.74625000e-03 6.54127000e-03 1.57133000e-03 -7.77280000e-04 3.93400000e-05 7.85500000e-05 -4.20209000e-03 6.04491000e-03 -3.72066000e-03 5.13190000e-04 7.15790000e-04 -2.20998000e-03 3.47730000e-04 1.51241000e-03 1.52603000e-03 1.59379000e-03 -7.86350000e-04 -3.18077000e-03 1.36631000e-03 3.31900000e-03 -5.92860000e-04 2.12036000e-03 6.41590000e-03 -4.79739000e-03 5.46000000e-06 -2.76068000e-03 1.57603000e-03 -7.92240000e-04 -2.53718000e-03 2.39335000e-03 -9.33670000e-04 1.83152000e-03 1.78774000e-03 1.41121000e-03 -8.00000000e-05 8.11590000e-04 -1.07789000e-03 5.63260000e-04 1.43925000e-03 2.30919000e-03 1.50874000e-03 -1.69504000e-03 2.54348000e-03 -1.97149000e-03 -6.11093000e-03 -3.51495000e-03 3.16993000e-03 3.12964000e-03 7.22425000e-03 -2.05800000e-03 -6.33770000e-04 1.27284000e-03 -1.76611000e-03 -2.15864000e-03 6.71300000e-04 1.11560000e-03 -6.40700000e-04 8.61390000e-04 3.12554000e-03 1.23010000e-03 -5.34240000e-04 -6.23388000e-03 5.08800000e-04 1.53289000e-03 -5.94540000e-04 7.86900000e-05 1.43142000e-03 -1.59636000e-03 2.23088000e-03 -4.01684000e-03 -1.23558000e-03 -3.30250000e-04 7.22990000e-04 -1.12556000e-03 -2.35121000e-03 5.02512000e-03 -5.97180000e-04 2.09327000e-03 2.64200000e-04 -1.45255000e-03 9.23350000e-04 7.88642000e-03 -2.41371000e-03 3.86030000e-03 2.13460000e-03 1.79060000e-03 2.02934000e-03 5.70419000e-03 2.78936000e-03 8.53330000e-04 2.93803000e-03 2.50912000e-03 4.24117000e-03 5.54335000e-03 2.39991000e-03 8.86777000e-03 5.00593000e-03 3.72543000e-03 4.90226000e-03 4.15737300e-02 5.88703000e-03
1.42169500e-02 3.13402000e-03 -1.06325000e-03 -6.88687000e-03 2.01930000e-03 3.10677000e-03 2.64342000e-03 -1.57623000e-03 -5.58606000e-03 -4.16616000e-03 4.58430000e-04 -6.59660000e-04 4.93460000e-04 -7.15400000e-05 8.19264000e-03 -1.88029000e-03 6.74833000e-03 8.50745000e-03 3.06012000e-03 -1.94124000e-03 -3.99300000e-04 -2.17840000e-04 -6.63310000e-03 8.21570000e-03 -5.96072000e-03 1.28098000e-03 1.09938000e-03 -4.57733000e-03 8.73900000e-05 2.91937000e-03 2.70067000e-03 1.86584000e-03 -1.38493000e-03 -4.99355000e-03 1.91268000e-03 5.58088000e-03 -8.07800000e-04 4.99723000e-03 1.01716000e-02 -8.92002000e-03 -9.65600000e-05 -4.81910000e-03 2.51042000e-03 -9.29920000e-04 -4.03616000e-03 3.23349000e-03 -1.65914000e-03 3.12789000e-03 4.59838000e-03 1.75070000e-03 -4.97920000e-04 1.26407000e-03 -2.47527000e-03 1.97666000e-03 2.22794000e-03 4.21558000e-03 1.95344000e-03 -2.53046000e-03 3.25431000e-03 -3.84917000e-03 -1.00435900e-02 -5.96175000e-03 3.82432000e-03 4.17126000e-03 9.46161000e-03 -1.62377000e-03 -1.28865000e-03 2.21640000e-03 -4.97100000e-04 -5.24071000e-03 9.57870000e-04 2.21448000e-03 -1.23176000e-03 1.20853000e-03 4.04053000e-03 2.98136000e-03 -8.69550000e-04 -9.92404000e-03 3.37050000e-04 1.43225000e-03 -1.81562000e-03 6.55060000e-04 2.84322000e-03 -2.70588000e-03 5.06036000e-03 -6.61041000e-03 -2.43708000e-03 4.69300000e-05 2.34687000e-03 -2.57567000e-03 -4.12964000e-03 7.48783000e-03 1.97570000e-04 7.42670000e-04 -2.12687000e-03 -7.60599000e-03 1.13820000e-03 1.12855500e-02 -3.81777000e-03 4.50549000e-03 1.25140000e-03 1.18553000e-03 1.87222000e-03 8.37911000e-03 2.64202000e-03 -7.72400000e-04 2.00816000e-03 2.56328000e-03 5.29035000e-03 6.82669000e-03 3.22041000e-03 1.33655200e-02 7.53640000e-03 5.59927000e-03 8.75111000e-03 5.88703000e-03 4.49900500e-02
