-1.48291000e-03 -1.80110000e-04 -1.56360000e-04 1.04319000e-03 -4.90610000e-04 -4.54810000e-04 -4.87600000e-04 7.29880000e-04 9.50640000e-04 5.99520000e-04 5.97710000e-04 1.17600000e-05 4.41130000e-04 1.17979000e-03 -8.92370000e-04 -1.39140000e-04 9.09890000e-04 -6.12320000e-04 -2.50600000e-04 2.11410000e-04 7.22090000e-04 -4.06000000e-06 1.08595000e-03 -8.57880000e-04 7.95660000e-04 -2.08910000e-04 -2.62000000e-04 9.25570000e-04 -6.18930000e-04 -2.78060000e-04 -4.60070000e-04 -2.37100000e-04 3.97800000e-05 -7.35810000e-04 6.68190000e-04 -7.49730000e-04 -6.08190000e-04 -9.80530000e-04 -1.35095000e-03 2.66430000e-04 -4.42640000e-04 7.92620000e-04 1.09670000e-04 7.08530000e-04 6.87430000e-04 -4.06450000e-04 3.34130000e-04 9.03000000e-05 -8.19490000e-04 -1.92820000e-04 1.65200000e-05 -2.74810000e-04 -1.01210000e-04 -5.09700000e-05 4.89400000e-05 -7.08500000e-04 -1.47230000e-04 1.17088000e-03 -4.89040000e-04 -9.96600000e-05 1.66282000e-03 9.38250000e-04 -3.51120000e-04 -5.99240000e-04 7.69990000e-04 1.20270000e-04 5.94290000e-04 -3.30520000e-04 -1.36050000e-04 3.24210000e-04 -3.05060000e-04 -2.93910000e-04 5.15110000e-04 2.53010000e-04 -6.63710000e-04 -7.11480000e-04 -5.31700000e-05 1.53902000e-03 -4.57110000e-04 -3.45200000e-04 2.82220000e-04 -1.44340000e-04 -6.68000000e-04 8.53160000e-04 -3.46810000e-04 9.88180000e-04 5.36410000e-04 1.49330000e-03 -5.24780000e-04 4.33080000e-04 -2.23830000e-04 -9.07510000e-04 -3.20900000e-04 3.08260000e-04 8.97750000e-04 2.13391000e-03 1.24730000e-04 -9.88860000e-04 1.32338000e-03 -2.86700000e-04 1.31130000e-04 3.53700000e-05 -6.59200000e-05 -5.15870000e-04 -3.38700000e-05 2.68410000e-04 2.15800000e-04 -2.90920000e-04 -4.51990000e-04 -3.61740000e-04 -3.85900000e-04 -1.78177000e-03 -7.59190000e-04 -6.80170000e-04 -8.80290000e-04 -4.09470000e-04 -1.07735000e-03
-1.28000000e-06 2.70000000e-06 5.55140000e-04 9.87000000e-04 -5.14100000e-04 -2.01100000e-04 2.43050000e-04 4.97420000e-04 -6.41500000e-05 2.30790000e-04 5.29040000e-04 8.71300000e-05 3.51300000e-04 1.02700000e-03 8.87240000e-04 2.13010000e-04 3.67950000e-04 1.18115000e-03 -3.28500000e-05 2.56460000e-04 3.86320000e-04 2.45210000e-04 -1.20020000e-04 1.04590000e-03 2.46600000e-05 -1.92480000e-04 3.19640000e-04 5.33570000e-04 -5.56440000e-04 -5.27600000e-05 1.42000000e-04 1.55570000e-04 3.57600000e-05 -1.17680000e-04 2.56340000e-04 2.75650000e-04 -3.18790000e-04 -5.94670000e-04 6.98480000e-04 3.89520000e-04 -2.84930000e-04 1.59530000e-04 1.71220000e-04 1.43440000e-04 7.18300000e-05 7.21420000e-04 -5.99000000e-06 2.19190000e-04 -6.87100000e-04 5.10400000e-04 3.50300000e-04 3.07380000e-04 -1.03930000e-04 -1.99200000e-05 3.02220000e-04 1.69800000e-04 -3.57050000e-04 4.19280000e-04 -2.41640000e-04 4.68900000e-04 -1.25650000e-04 1.58930000e-04 -1.10000000e-07 4.61460000e-04 -3.61810000e-04 -8.03890000e-04 1.34540000e-04 1.69890000e-04 7.58000000e-05 6.32750000e-04 2.80920000e-04 -7.27300000e-05 3.16560000e-04 2.55140000e-04 7.48980000e-04 -5.54680000e-04 7.23600000e-05 -2.45770000e-04 -6.08020000e-04 3.80780000e-04 3.33890000e-04 -2.77850000e-04 4.06800000e-05 2.50600000e-05 -5.19100000e-05 3.20900000e-05 2.49580000e-04 1.73755000e-03 -4.30130000e-04 3.82720000e-04 3.87860000e-04 -1.89130000e-04 -6.00850000e-04 5.18330000e-04 5.16580000e-04 1.55146000e-03 -5.40310000e-04 2.65080000e-04 2.77110000e-04 3.44970000e-04 3.93260000e-04 1.84920000e-04 3.30800000e-05 1.54970000e-04 3.39290000e-04 2.52940000e-04 6.66210000e-04 1.65900000e-05 2.92700000e-04 8.23850000e-04 -2.16020000e-04 9.51330000e-04 -5.69400000e-05 6.34160000e-04 -3.86480000e-04 2.47720000e-04 -4.85380000e-04
-5.61155000e-03 -7.77710000e-04 -8.99270000e-04 8.99240000e-04 -8.12110000e-04 -6.59490000e-04 -1.32865000e-03 1.39012000e-03 2.46054000e-03 1.69434000e-03 7.68630000e-04 2.93390000e-04 5.47920000e-04 2.81755000e-03 -3.94781000e-03 -2.09760000e-04 2.18961000e-03 -3.95807000e-03 -1.35745000e-03 5.98640000e-04 6.77600000e-05 -1.36300000e-05 2.78970000e-03 -3.73691000e-03 2.55197000e-03 -4.80230000e-04 -9.92680000e-04 1.80821000e-03 -1.20499000e-03 -1.23494000e-03 -1.26949000e-03 -6.58450000e-04 1.69900000e-04 -1.86585000e-03 6.37930000e-04 -2.68910000e-03 -9.60490000e-04 -2.20095000e-03 -4.53783000e-03 7.50930000e-04 -1.17274000e-03 2.00047000e-03 -8.44410000e-04 3.88330000e-04 1.54483000e-03 -1.52562000e-03 8.59370000e-04 -4.19820000e-04 -1.79810000e-03 -8.94190000e-04 1.67010000e-04 -7.04540000e-04 -8.47250000e-04 -7.46870000e-04 -9.90900000e-04 -1.90496000e-03 3.83800000e-05 1.32596000e-03 -7.41060000e-04 -3.26380000e-04 4.19638000e-03 2.52209000e-03 -8.02550000e-04 -2.08786000e-03 1.64951000e-03 1.28780000e-03 4.34740000e-04 -9.14410000e-04 -1.12817000e-03 1.03264000e-03 -3.66450000e-04 -9.65750000e-04 4.27370000e-04 -6.11190000e-04 -1.85624000e-03 -1.25221000e-03 2.52770000e-04 4.18036000e-03 -4.11310000e-04 -7.12730000e-04 6.73970000e-04 -1.77160000e-04 -1.24420000e-03 9.77310000e-04 -1.38886000e-03 2.76609000e-03 1.06071000e-03 2.05653000e-03 -7.99060000e-04 1.00239000e-03 -2.03320000e-04 -2.55754000e-03 1.51130000e-04 1.94450000e-04 1.64635000e-03 3.74458000e-03 3.45760000e-04 -4.22427000e-03 1.79217000e-03 -1.20139000e-03 2.46910000e-04 1.39500000e-04 -1.13000000e-05 -2.70718000e-03 -4.01810000e-04 1.16388000e-03 -1.87520000e-04 -2.84030000e-04 -1.48475000e-03 -2.23507000e-03 -6.62010000e-04 -5.99283000e-03 -2.24897000e-03 -2.66964000e-03 -2.61021000e-03 -1.65305000e-03 -3.14895000e-03
2.01578000e-03 2.36660000e-04 5.16830000e-04 -5.11890000e-04 4.05040000e-04 3.23050000e-04 6.85460000e-04 -5.20780000e-04 -1.04056000e-03 -6.58380000e-04 -3.13040000e-04 1.95300000e-05 -1.66210000e-04 -1.24465000e-03 1.67094000e-03 1.73430000e-04 -8.50650000e-04 1.75630000e-03 5.15660000e-04 -1.47260000e-04 -2.04710000e-04 4.30800000e-05 -1.15879000e-03 1.85683000e-03 -9.84640000e-04 2.60350000e-04 5.39600000e-04 -7.68350000e-04 7.22640000e-04 4.56860000e-04 4.57370000e-04 3.21370000e-04 -5.11600000e-05 1.01240000e-03 -3.67330000e-04 9.83880000e-04 4.88900000e-04 9.60610000e-04 1.82473000e-03 -1.91560000e-04 4.96760000e-04 -8.51580000e-04 2.26790000e-04 -4.09860000e-04 -7.02680000e-04 6.52390000e-04 -2.96480000e-04 4.61200000e-05 8.97170000e-04 3.73880000e-04 5.33800000e-05 2.92030000e-04 2.39100000e-04 2.98790000e-04 3.07360000e-04 7.35690000e-04 -1.98700000e-05 -5.94880000e-04 3.36600000e-04 2.36440000e-04 -1.77367000e-03 -1.03783000e-03 4.31470000e-04 1.02873000e-03 -9.06490000e-04 -2.85940000e-04 -3.33050000e-04 4.52620000e-04 3.38880000e-04 -1.30380000e-04 3.43420000e-04 4.20790000e-04 -2.15870000e-04 7.99300000e-05 9.52500000e-04 5.62270000e-04 -3.77700000e-05 -1.76561000e-03 2.04540000e-04 4.80970000e-04 -1.32610000e-04 1.66610000e-04 5.13490000e-04 -6.28780000e-04 5.49630000e-04 -1.15530000e-03 -4.18610000e-04 -6.36380000e-04 4.43180000e-04 -3.26590000e-04 3.11920000e-04 1.01834000e-03 7.09500000e-05 -8.31600000e-05 -6.25780000e-04 -1.56953000e-03 -2.74910000e-04 1.61393000e-03 -8.52680000e-04 5.62810000e-04 2.42900000e-05 2.07600000e-05 7.86800000e-05 1.05819000e-03 2.17340000e-04 -3.09010000e-04 1.56340000e-04 2.62940000e-04 7.01360000e-04 8.62140000e-04 2.55780000e-04 2.60942000e-03 9.84870000e-04 9.48580000e-04 9.84990000e-04 7.23890000e-04 1.35893000e-03
-8.46990000e-04 4.03200000e-05 8.91560000e-04 1.28851000e-03 -8.02050000e-04 -7.58800000e-05 3.72690000e-04 1.22772000e-03 1.72370000e-04 6.64210000e-04 9.66480000e-04 3.98810000e-04 9.21620000e-04 1.89349000e-03 7.75630000e-04 3.85270000e-04 9.44030000e-04 1.29633000e-03 -2.82250000e-04 6.21260000e-04 4.27030000e-04 4.04770000e-04 1.59460000e-04 1.28352000e-03 4.79330000e-04 -2.90440000e-04 5.45820000e-04 1.09870000e-03 -6.54520000e-04 -3.09760000e-04 -2.47600000e-05 2.81970000e-04 1.00180000e-04 -1.79390000e-04 4.01330000e-04 -8.76800000e-05 -6.17470000e-04 -1.23769000e-03 3.37710000e-04 8.55500000e-04 -5.76300000e-04 5.45930000e-04 -2.09300000e-05 1.56230000e-04 2.09990000e-04 8.83920000e-04 1.99270000e-04 1.60390000e-04 -1.16243000e-03 6.70190000e-04 6.69360000e-04 3.06890000e-04 -3.96760000e-04 -4.61400000e-05 1.78420000e-04 -6.06300000e-05 -2.54180000e-04 8.66240000e-04 -1.66370000e-04 7.38580000e-04 2.36940000e-04 6.06830000e-04 2.06200000e-04 5.44570000e-04 -4.41130000e-04 -6.59420000e-04 1.99190000e-04 1.90380000e-04 -2.23030000e-04 1.20537000e-03 6.28290000e-04 -2.36400000e-04 5.22550000e-04 8.90700000e-05 9.85080000e-04 -1.01408000e-03 1.86020000e-04 2.54980000e-04 -9.80440000e-04 6.21830000e-04 7.81150000e-04 -3.41810000e-04 -1.00750000e-04 -5.52700000e-05 -3.53500000e-04 4.52060000e-04 6.01950000e-04 3.02571000e-03 -6.29430000e-04 8.42100000e-04 7.75360000e-04 -4.58100000e-04 -7.64030000e-04 9.30730000e-04 1.29686000e-03 2.96488000e-03 -6.24840000e-04 -2.21870000e-04 6.47330000e-04 6.30340000e-04 9.71540000e-04 5.85280000e-04 3.72550000e-04 6.18300000e-05 6.89170000e-04 9.17900000e-04 1.20227000e-03 3.46400000e-04 5.19110000e-04 1.14750000e-03 -1.91940000e-04 6.37720000e-04 -1.11140000e-04 3.38020000e-04 -6.30540000e-04 4.48980000e-04 -6.35280000e-04
1.56086400e-02 2.20344000e-03 5.01529000e-03 -6.94970000e-04 1.04972000e-03 1.84658000e-03 5.25572000e-03 -2.49986000e-03 -7.21949000e-03 -3.99621000e-03 -6.41800000e-04 3.48700000e-05 -4.72950000e-04 -4.95865000e-03 1.50223800e-02 1.65257000e-03 -5.08934000e-03 1.62773600e-02 3.37984000e-03 -2.60370000e-04 1.63180000e-04 9.69000000e-04 -8.08291000e-03 1.54855200e-02 -7.13918000e-03 7.95290000e-04 4.40623000e-03 -3.69620000e-03 2.99427000e-03 3.06865000e-03 3.80375000e-03 2.74555000e-03 -1.33300000e-04 5.76952000e-03 -1.79506000e-03 8.20495000e-03 1.97980000e-03 4.96606000e-03 1.50936800e-02 -6.83890000e-04 2.46582000e-03 -5.26275000e-03 2.36331000e-03 -1.84681000e-03 -4.25788000e-03 6.34596000e-03 -2.50330000e-03 1.73662000e-03 4.30575000e-03 4.02638000e-03 8.74800000e-04 2.90594000e-03 1.69702000e-03 1.72309000e-03 3.07905000e-03 5.87051000e-03 -7.39830000e-04 -3.38376000e-03 1.98382000e-03 2.53322000e-03 -1.20844900e-02 -6.71313000e-03 2.90133000e-03 8.24441000e-03 -5.92840000e-03 -4.82305000e-03 -1.44213000e-03 3.21985000e-03 2.99181000e-03 -9.09640000e-04 2.65964000e-03 2.38390000e-03 -9.66620000e-04 1.71737000e-03 7.87206000e-03 2.19246000e-03 -1.53220000e-04 -1.24544700e-02 -3.72380000e-04 4.14412000e-03 4.05100000e-05 -1.78740000e-04 3.96749000e-03 -3.43790000e-03 3.48066000e-03 -7.76658000e-03 -2.31415000e-03 -1.42876000e-03 1.29401000e-03 -1.50625000e-03 2.66209000e-03 6.98898000e-03 -1.86540000e-03 7.74930000e-04 -3.23988000e-03 -6.97917000e-03 -2.29447000e-03 1.28444200e-02 -5.05406000e-03 4.55097000e-03 7.71510000e-04 2.63800000e-04 4.22320000e-04 8.50409000e-03 2.14324000e-03 -2.12011000e-03 2.45340000e-03 1.58416000e-03 5.10853000e-03 8.04949000e-03 1.59249000e-03 2.09245200e-02 6.63373000e-03 8.96656000e-03 5.99149000e-03 5.51000000e-03 7.50162000e-03
2.21729000e-03 3.81350000e-04 4.14150000e-04 -5.84220000e-04 5.71890000e-04 3.64940000e-04 6.35060000e-04 -6.38920000e-04 -1.05241000e-03 -7.63400000e-04 -4.12360000e-04 -1.85300000e-05 -2.57960000e-04 -1.64066000e-03 1.32138000e-03 1.97460000e-04 -1.03049000e-03 1.25371000e-03 6.46170000e-04 -1.82400000e-04 -1.40810000e-04 5.09300000e-05 -1.17583000e-03 1.39521000e-03 -1.03166000e-03 3.24870000e-04 5.04120000e-04 -9.38190000e-04 7.31730000e-04 6.61430000e-04 5.01370000e-04 3.29670000e-04 1.74900000e-05 1.00041000e-03 -2.81380000e-04 1.13945000e-03 6.80200000e-04 1.04764000e-03 1.80929000e-03 -3.08880000e-04 7.22470000e-04 -9.36840000e-04 3.56230000e-04 -3.07740000e-04 -7.11930000e-04 5.19100000e-04 -2.73580000e-04 1.34630000e-04 9.16200000e-04 2.76710000e-04 -8.15600000e-05 3.09370000e-04 5.07090000e-04 3.90530000e-04 4.17770000e-04 8.72920000e-04 1.58790000e-04 -6.21530000e-04 3.82320000e-04 7.41700000e-05 -1.87920000e-03 -1.14612000e-03 4.15190000e-04 8.73020000e-04 -9.25440000e-04 -1.74310000e-04 -2.55990000e-04 5.06970000e-04 4.59580000e-04 -3.58120000e-04 2.60960000e-04 5.07080000e-04 -1.08540000e-04 2.19330000e-04 7.16100000e-04 7.52890000e-04 -3.50200000e-05 -1.85533000e-03 3.95640000e-04 2.15120000e-04 -2.60670000e-04 2.39850000e-04 6.32150000e-04 -5.83130000e-04 7.23390000e-04 -1.25410000e-03 -5.24770000e-04 -1.06372000e-03 5.80190000e-04 -4.74200000e-04 6.53800000e-05 1.13975000e-03 1.89690000e-04 -1.25370000e-04 -7.61930000e-04 -1.86286000e-03 -4.73100000e-05 1.66285000e-03 -8.93040000e-04 5.43480000e-04 -6.74300000e-05 -3.98000000e-06 8.23600000e-05 1.03233000e-03 2.83150000e-04 -3.87510000e-04 6.25800000e-05 2.26910000e-04 7.28650000e-04 8.81540000e-04 4.19600000e-04 2.33364000e-03 1.04006000e-03 9.51390000e-04 1.22730000e-03 7.29180000e-04 1.55316000e-03
-2.42621000e-03 -3.95950000e-04 -2.52660000e-04 -1.89520000e-04 -7.11500000e-05 -2.33670000e-04 -2.40300000e-04 3.42600000e-05 1.19992000e-03 8.37460000e-04 3.30890000e-04 4.05340000e-04 -1.35890000e-04 9.89190000e-04 -1.62560000e-03 2.03830000e-04 9.06690000e-04 -1.84213000e-03 -5.55280000e-04 4.69000000e-04 -2.63370000e-04 2.41440000e-04 1.33939000e-03 -1.62231000e-03 1.25534000e-03 -1.15670000e-04 -1.70500000e-04 6.89740000e-04 -2.24790000e-04 -4.39860000e-04 -1.69040000e-04 4.02300000e-05 4.13870000e-04 -6.73450000e-04 7.81000000e-06 -7.35490000e-04 -1.54510000e-04 -5.58460000e-04 -1.59904000e-03 4.36650000e-04 -2.91480000e-04 9.54910000e-04 -4.49320000e-04 2.26000000e-06 8.41900000e-04 -5.04280000e-04 3.08700000e-04 6.57600000e-05 -4.38440000e-04 -2.20050000e-04 2.37100000e-04 -1.87000000e-06 -2.64130000e-04 -3.05730000e-04 -5.47330000e-04 -3.55760000e-04 2.38700000e-05 1.31560000e-04 -2.38970000e-04 2.16500000e-05 1.82758000e-03 1.14769000e-03 -5.61410000e-04 -6.55700000e-04 6.37780000e-04 8.60090000e-04 2.60800000e-05 -4.03050000e-04 -4.99920000e-04 6.53900000e-05 1.16620000e-04 -3.53890000e-04 -6.40300000e-05 -4.24240000e-04 -6.49130000e-04 -1.34750000e-04 4.48330000e-04 1.90111000e-03 1.64850000e-04 -9.51600000e-05 4.34620000e-04 2.39300000e-05 -3.98500000e-05 2.16710000e-04 -4.76850000e-04 1.29964000e-03 3.28730000e-04 -1.62020000e-04 -9.91800000e-05 4.99480000e-04 9.99600000e-05 -1.12632000e-03 3.49410000e-04 -4.56690000e-04 7.81100000e-05 2.98750000e-04 6.34400000e-05 -2.22497000e-03 3.78330000e-04 -8.38300000e-04 -3.02670000e-04 -1.98990000e-04 -2.45640000e-04 -1.41376000e-03 -5.11580000e-04 1.36080000e-04 -6.70800000e-04 -3.00080000e-04 -9.72060000e-04 -1.40186000e-03 -1.82140000e-04 -2.31845000e-03 -1.10541000e-03 -8.98290000e-04 -1.07026000e-03 -9.67320000e-04 -1.25202000e-03
-2.02430000e-04 1.59200000e-05 -1.18800000e-04 -8.21790000e-04 4.36680000e-04 3.03620000e-04 2.08910000e-04 -2.74640000e-04 -1.11530000e-04 -4.41700000e-05 -2.34980000e-04 1.89200000e-04 -1.74930000e-04 -7.00240000e-04 -6.16590000e-04 1.08920000e-04 -2.45010000e-04 -8.73900000e-04 -5.50000000e-07 1.46500000e-05 -5.72620000e-04 -7.30000000e-07 -1.02920000e-04 -4.31800000e-04 1.30290000e-04 1.80740000e-04 1.77000000e-04 -3.53520000e-04 4.50860000e-04 7.37900000e-05 6.08500000e-05 1.53170000e-04 1.31100000e-04 3.29140000e-04 -2.60820000e-04 -8.92000000e-06 4.20900000e-04 3.80480000e-04 -2.26350000e-04 2.46900000e-05 2.30350000e-04 -1.35530000e-04 -2.53310000e-04 -4.06650000e-04 -2.04300000e-04 -1.79340000e-04 5.06000000e-05 -1.31340000e-04 3.91710000e-04 -1.20100000e-04 3.34100000e-05 -6.40000000e-07 6.23800000e-05 6.25100000e-05 -3.33220000e-04 1.15630000e-04 2.60560000e-04 -5.14280000e-04 3.11700000e-04 -8.39300000e-05 -2.85120000e-04 -1.08050000e-04 1.37530000e-04 1.88400000e-05 -4.08450000e-04 5.53850000e-04 -2.71980000e-04 1.11020000e-04 -2.19160000e-04 -4.76700000e-05 2.17060000e-04 1.20220000e-04 -1.36610000e-04 -4.00660000e-04 -7.43100000e-05 4.20680000e-04 1.33830000e-04 -1.29060000e-04 3.43020000e-04 -8.08900000e-05 -1.03250000e-04 2.40740000e-04 2.41670000e-04 -4.54490000e-04 7.33500000e-05 -1.14220000e-04 -2.27000000e-04 -9.36640000e-04 4.25700000e-04 -7.79500000e-05 1.58500000e-05 1.87020000e-04 4.25530000e-04 -2.46390000e-04 -3.33220000e-04 -1.05733000e-03 9.40200000e-05 -3.46300000e-04 -5.86500000e-04 -3.84100000e-05 -4.32200000e-05 8.33100000e-05 1.32990000e-04 -2.75040000e-04 -3.94800000e-05 1.09830000e-04 -2.73520000e-04 2.16130000e-04 6.77300000e-05 -2.95860000e-04 2.61370000e-04 -3.06430000e-04 1.53360000e-04 -3.21270000e-04 3.02730000e-04 -1.69800000e-05 4.18630000e-04
-1.48600000e-05 -1.19380000e-04 4.27180000e-04 1.73880000e-04 -4.78500000e-05 -1.39330000e-04 2.85310000e-04 -7.47200000e-05 -1.61840000e-04 6.19500000e-05 1.87160000e-04 1.06520000e-04 -3.97100000e-05 1.60600000e-04 4.06840000e-04 2.18660000e-04 4.14400000e-05 5.57640000e-04 6.94800000e-05 1.90270000e-04 1.47200000e-05 1.40610000e-04 -1.98100000e-04 6.95650000e-04 -4.30600000e-05 -1.09500000e-05 3.27180000e-04 1.01040000e-04 8.15500000e-05 6.23100000e-05 9.75500000e-05 2.06150000e-04 8.92000000e-05 2.97790000e-04 5.68000000e-05 2.38890000e-04 9.42900000e-05 -5.55000000e-05 5.22750000e-04 2.12040000e-04 1.12020000e-04 -8.31000000e-05 1.35200000e-05 -5.37300000e-05 -7.99400000e-05 3.83380000e-04 -4.90000000e-05 1.29140000e-04 -2.82700000e-05 2.53270000e-04 2.22140000e-04 2.06880000e-04 -3.19600000e-05 1.13850000e-04 1.20690000e-04 2.22920000e-04 -2.16350000e-04 1.58620000e-04 -1.56720000e-04 2.45860000e-04 -3.72640000e-04 -7.89900000e-05 -6.53700000e-05 3.34640000e-04 -3.44410000e-04 -1.01330000e-04 -7.04900000e-05 2.19290000e-04 1.67700000e-05 3.37710000e-04 3.45510000e-04 5.29900000e-05 1.43490000e-04 2.55700000e-05 4.64280000e-04 -7.57500000e-05 9.93000000e-05 -3.44570000e-04 -1.55040000e-04 1.84060000e-04 2.00660000e-04 -4.00600000e-05 1.78360000e-04 -2.51480000e-04 7.57600000e-05 -1.46140000e-04 6.19900000e-05 5.92530000e-04 1.01600000e-05 1.42610000e-04 2.32120000e-04 -8.07600000e-05 -1.23410000e-04 -7.51900000e-05 -7.65100000e-05 -3.20000000e-07 -4.07430000e-04 1.44300000e-05 -3.33500000e-05 6.48700000e-05 1.35000000e-05 -7.76100000e-05 -8.74700000e-05 2.27000000e-05 4.09500000e-05 -5.32300000e-05 6.49900000e-05 -6.88700000e-05 9.04200000e-05 2.52300000e-04 -1.55770000e-04 6.68880000e-04 1.34300000e-05 2.70100000e-04 -3.15200000e-05 9.10500000e-05 1.29290000e-04
1.73925000e-03 2.30420000e-04 -2.18400000e-04 -1.21553000e-03 9.08400000e-04 3.45940000e-04 2.04660000e-04 -1.02042000e-03 -7.34000000e-04 -8.25940000e-04 -8.50580000e-04 -1.82050000e-04 -5.74150000e-04 -2.24741000e-03 2.50350000e-04 -5.17300000e-05 -1.13934000e-03 -6.26600000e-05 5.68380000e-04 -4.26910000e-04 -3.97210000e-04 -1.77610000e-04 -8.18490000e-04 1.55110000e-04 -8.63740000e-04 4.31440000e-04 2.56600000e-05 -1.23274000e-03 1.01094000e-03 5.94910000e-04 2.91610000e-04 5.84900000e-05 -4.04300000e-05 9.04680000e-04 -4.25700000e-04 6.73160000e-04 8.77790000e-04 1.40590000e-03 8.88160000e-04 -6.19470000e-04 8.82180000e-04 -9.05990000e-04 1.78490000e-04 -3.38350000e-04 -5.79960000e-04 -1.76570000e-04 -2.25350000e-04 -1.21480000e-04 1.33769000e-03 -2.29420000e-04 -3.75550000e-04 1.68600000e-05 5.00540000e-04 3.22350000e-04 1.53240000e-04 5.85480000e-04 3.39290000e-04 -8.04680000e-04 3.94160000e-04 -3.60560000e-04 -1.36551000e-03 -1.05572000e-03 2.39990000e-04 2.30030000e-04 -3.77830000e-04 4.93980000e-04 -3.45620000e-04 2.93830000e-04 3.62820000e-04 -7.72950000e-04 -7.89300000e-05 4.90080000e-04 -3.63340000e-04 3.74500000e-05 -6.94000000e-05 1.11091000e-03 -9.65600000e-05 -1.28977000e-03 8.85220000e-04 -1.71640000e-04 -5.74520000e-04 4.29220000e-04 4.85200000e-04 -4.17930000e-04 6.63240000e-04 -1.02241000e-03 -6.50290000e-04 -2.27418000e-03 8.52610000e-04 -7.44970000e-04 -3.01080000e-04 9.94350000e-04 7.19310000e-04 -5.98140000e-04 -1.13091000e-03 -2.87434000e-03 3.43870000e-04 1.09378000e-03 -8.91590000e-04 6.68100000e-05 -4.82380000e-04 -2.41650000e-04 -5.83900000e-05 6.43770000e-04 -1.24980000e-04 -6.22660000e-04 -5.75340000e-04 6.30200000e-05 2.67520000e-04 -5.45800000e-05 4.42850000e-04 1.03702000e-03 8.31560000e-04 2.85370000e-04 1.26316000e-03 3.06660000e-04 1.67846000e-03
-1.14041000e-03 -2.60000000e-07 -5.92310000e-04 -4.53670000e-04 2.10540000e-04 1.91800000e-04 -4.14400000e-04 2.27550000e-04 5.79680000e-04 2.33200000e-04 -1.71340000e-04 7.27700000e-05 1.29830000e-04 -2.67490000e-04 -1.55958000e-03 -1.80370000e-04 2.66190000e-04 -1.78175000e-03 -2.22590000e-04 -6.52500000e-05 -2.48720000e-04 -1.45180000e-04 6.56730000e-04 -1.57668000e-03 6.06570000e-04 1.12560000e-04 -4.01050000e-04 5.59000000e-05 1.44750000e-04 -1.85600000e-04 -3.25980000e-04 -2.34500000e-04 1.19200000e-05 -2.62420000e-04 2.38000000e-06 -7.84460000e-04 4.43600000e-05 -1.11940000e-04 -1.49477000e-03 -2.89900000e-05 -6.55100000e-05 3.68490000e-04 -2.76240000e-04 2.70900000e-05 2.42050000e-04 -7.56440000e-04 3.08450000e-04 -3.24760000e-04 8.28000000e-06 -4.93390000e-04 -1.35640000e-04 -3.44410000e-04 -7.71500000e-05 -5.89100000e-05 -3.94350000e-04 -5.32370000e-04 4.11680000e-04 6.81000000e-05 1.84790000e-04 -3.25210000e-04 9.38230000e-04 4.70890000e-04 4.22800000e-05 -7.42540000e-04 4.36850000e-04 8.51820000e-04 3.52800000e-05 -2.61480000e-04 -3.25250000e-04 -4.12000000e-05 -2.28400000e-04 -9.00900000e-05 -3.62400000e-05 -3.07170000e-04 -8.11160000e-04 1.33690000e-04 1.94100000e-05 1.03457000e-03 3.28650000e-04 -3.77020000e-04 -1.12200000e-04 2.39500000e-04 -3.07430000e-04 1.75430000e-04 -2.11180000e-04 5.90060000e-04 8.88300000e-05 -5.04780000e-04 1.85580000e-04 2.08500000e-05 -2.35800000e-04 -2.50430000e-04 5.08050000e-04 -5.08100000e-05 2.76310000e-04 1.03190000e-04 5.36530000e-04 -9.61580000e-04 2.10010000e-04 -2.36230000e-04 5.97000000e-05 1.74400000e-04 2.22140000e-04 -5.65580000e-04 -6.33000000e-05 3.79530000e-04 -2.01440000e-04 1.60060000e-04 -2.29140000e-04 -7.51990000e-04 1.67300000e-04 -1.97354000e-03 -2.36530000e-04 -1.02071000e-03 -9.55900000e-05 -2.83380000e-04 -1.01100000e-04
5.61135000e-03 7.23230000e-04 1.40739000e-03 -4.78260000e-04 8.15880000e-04 4.41730000e-04 1.66400000e-03 -1.36305000e-03 -2.59881000e-03 -1.66210000e-03 -3.90320000e-04 -9.39000000e-05 -4.99240000e-04 -2.65668000e-03 4.21248000e-03 4.93130000e-04 -2.13781000e-03 4.40585000e-03 1.58767000e-03 -3.07060000e-04 2.61050000e-04 2.05750000e-04 -2.90339000e-03 4.37291000e-03 -2.56212000e-03 5.10030000e-04 1.46749000e-03 -1.67638000e-03 1.15955000e-03 1.46577000e-03 1.33344000e-03 9.23940000e-04 6.32000000e-06 2.10559000e-03 -3.31070000e-04 3.06872000e-03 1.00579000e-03 2.06745000e-03 4.99703000e-03 -5.31230000e-04 1.35737000e-03 -2.04554000e-03 1.09223000e-03 -2.55680000e-04 -1.58848000e-03 1.82114000e-03 -8.06040000e-04 7.36550000e-04 1.63502000e-03 1.12055000e-03 2.47000000e-06 8.70940000e-04 1.06639000e-03 9.83300000e-04 1.26724000e-03 2.12793000e-03 -2.21750000e-04 -9.23290000e-04 4.67440000e-04 5.15620000e-04 -4.49373000e-03 -2.59025000e-03 6.73060000e-04 2.47134000e-03 -2.03162000e-03 -1.33547000e-03 -2.52580000e-04 1.15117000e-03 1.28874000e-03 -7.40770000e-04 6.19100000e-04 1.08549000e-03 4.66000000e-06 8.46200000e-04 2.20080000e-03 1.13802000e-03 -1.77160000e-04 -4.48321000e-03 2.19220000e-04 7.03000000e-04 -3.98890000e-04 1.90830000e-04 1.32799000e-03 -1.04712000e-03 1.60163000e-03 -2.95145000e-03 -9.64680000e-04 -1.26912000e-03 7.94610000e-04 -8.31310000e-04 2.55680000e-04 2.39482000e-03 -3.64750000e-04 -1.60580000e-04 -1.61589000e-03 -3.43610000e-03 -6.94130000e-04 4.18795000e-03 -1.55484000e-03 1.30698000e-03 -2.00670000e-04 -1.78950000e-04 -1.03160000e-04 2.67917000e-03 5.47150000e-04 -1.25556000e-03 3.53800000e-04 1.49740000e-04 1.60909000e-03 2.65928000e-03 5.21890000e-04 6.50539000e-03 2.16523000e-03 2.92773000e-03 2.53356000e-03 1.73134000e-03 3.11798000e-03
-4.46020000e-04 -1.67410000e-04 1.68840000e-04 -5.81200000e-05 9.17500000e-05 -1.12170000e-04 1.31780000e-04 -1.32140000e-04 6.46600000e-05 1.29410000e-04 7.20400000e-05 1.21410000e-04 -1.26180000e-04 3.28000000e-06 -1.76040000e-04 1.63480000e-04 7.86700000e-05 -1.61550000e-04 -8.55000000e-06 1.58610000e-04 -1.18550000e-04 9.29700000e-05 6.58900000e-05 5.13000000e-05 1.68140000e-04 3.88700000e-05 1.66250000e-04 4.86800000e-05 1.46230000e-04 2.07400000e-05 -2.50000000e-06 1.15520000e-04 1.19380000e-04 1.94250000e-04 3.01300000e-05 -1.11400000e-05 1.82060000e-04 -7.04000000e-06 -1.21900000e-05 1.55500000e-04 1.35230000e-04 3.08200000e-05 -8.61000000e-05 -1.01880000e-04 3.68300000e-05 7.61400000e-05 4.84500000e-05 2.67900000e-05 5.16900000e-05 4.54900000e-05 1.35340000e-04 1.04280000e-04 -5.58000000e-06 4.84800000e-05 -2.69600000e-05 8.67200000e-05 -9.44900000e-05 7.01400000e-05 -1.25630000e-04 8.62600000e-05 4.60000000e-07 7.82500000e-05 -1.17510000e-04 5.89200000e-05 -1.71160000e-04 2.29420000e-04 -8.65700000e-05 1.51860000e-04 -8.32300000e-05 2.35800000e-04 2.42980000e-04 3.80900000e-05 9.75700000e-05 -8.44900000e-05 1.07460000e-04 5.40400000e-05 1.27640000e-04 3.84800000e-05 4.46700000e-05 3.16600000e-05 1.34030000e-04 6.27700000e-05 1.38470000e-04 -1.73360000e-04 2.57000000e-05 6.58900000e-05 3.13500000e-05 1.61850000e-04 1.28580000e-04 9.59100000e-05 1.12700000e-04 -2.03880000e-04 1.13430000e-04 -1.84400000e-04 -1.32790000e-04 -1.95780000e-04 -2.15070000e-04 -3.79970000e-04 -3.80700000e-05 -1.26320000e-04 -8.25000000e-05 -1.00120000e-04 -9.51000000e-05 -2.78790000e-04 -7.68500000e-05 -1.78700000e-05 -1.37230000e-04 -7.41000000e-05 -9.49200000e-05 -1.78840000e-04 -1.09100000e-04 -5.31100000e-05 -1.37860000e-04 -8.16900000e-05 -1.47280000e-04 -1.27060000e-04 -3.25500000e-05
5.67736000e-03 9.00090000e-04 1.17622000e-03 -1.28651000e-03 1.31331000e-03 8.11510000e-04 1.69064000e-03 -1.58594000e-03 -2.57714000e-03 -1.80105000e-03 -7.04320000e-04 -4.91900000e-05 -6.23830000e-04 -3.54323000e-03 3.60399000e-03 4.66750000e-04 -2.42213000e-03 3.61087000e-03 1.64805000e-03 -3.51960000e-04 -1.28860000e-04 1.05270000e-04 -2.81689000e-03 3.79789000e-03 -2.51218000e-03 6.87680000e-04 1.45302000e-03 -2.06757000e-03 1.71268000e-03 1.57132000e-03 1.25255000e-03 9.55030000e-04 9.85400000e-05 2.39735000e-03 -5.28750000e-04 2.93941000e-03 1.35711000e-03 2.56749000e-03 4.55232000e-03 -6.92090000e-04 1.66162000e-03 -2.16782000e-03 9.32660000e-04 -4.61120000e-04 -1.68769000e-03 1.34725000e-03 -7.51460000e-04 6.20230000e-04 2.27437000e-03 7.94460000e-04 -1.55340000e-04 7.00240000e-04 1.21315000e-03 1.04540000e-03 1.01047000e-03 2.07908000e-03 2.36510000e-04 -1.28429000e-03 8.75440000e-04 2.16600000e-04 -4.45662000e-03 -2.70882000e-03 8.99860000e-04 2.33540000e-03 -1.99925000e-03 -5.73040000e-04 -3.82300000e-04 1.14571000e-03 1.18585000e-03 -1.05177000e-03 5.96630000e-04 1.19679000e-03 -1.73770000e-04 6.03060000e-04 1.74969000e-03 1.58911000e-03 -1.39640000e-04 -4.38696000e-03 6.85060000e-04 4.98590000e-04 -5.15380000e-04 4.56490000e-04 1.40305000e-03 -1.17949000e-03 1.67669000e-03 -3.02169000e-03 -1.18391000e-03 -2.51544000e-03 1.21589000e-03 -1.03210000e-03 8.62400000e-05 2.74985000e-03 1.18930000e-04 -3.92730000e-04 -1.85810000e-03 -4.51666000e-03 -1.62200000e-04 4.15492000e-03 -1.90357000e-03 1.24822000e-03 -2.85110000e-04 -1.34630000e-04 8.80900000e-05 2.70160000e-03 5.19340000e-04 -1.18671000e-03 4.55100000e-05 3.80570000e-04 1.61408000e-03 2.16640000e-03 8.76770000e-04 5.94605000e-03 2.42394000e-03 2.42313000e-03 2.96172000e-03 1.74210000e-03 3.63565000e-03
-3.89885000e-03 -5.50680000e-04 -5.45890000e-04 8.39780000e-04 -7.62970000e-04 -5.08100000e-04 -9.85130000e-04 1.14923000e-03 1.84069000e-03 1.27957000e-03 5.81530000e-04 1.75330000e-04 5.72460000e-04 2.15225000e-03 -2.48534000e-03 -1.81420000e-04 1.71624000e-03 -2.30183000e-03 -1.01774000e-03 4.26450000e-04 1.85010000e-04 -1.89000000e-06 2.02063000e-03 -2.29728000e-03 1.80639000e-03 -3.97250000e-04 -7.51470000e-04 1.46562000e-03 -7.80280000e-04 -9.43040000e-04 -8.81380000e-04 -5.15210000e-04 5.74300000e-05 -1.27564000e-03 4.69430000e-04 -1.95900000e-03 -7.66970000e-04 -1.69594000e-03 -3.03543000e-03 5.94950000e-04 -9.23500000e-04 1.48833000e-03 -5.78380000e-04 4.13080000e-04 1.16489000e-03 -8.93670000e-04 6.08200000e-04 -3.79990000e-04 -1.32087000e-03 -5.18960000e-04 2.03520000e-04 -4.57060000e-04 -7.42610000e-04 -4.86520000e-04 -6.29540000e-04 -1.36575000e-03 -2.55500000e-05 1.21425000e-03 -5.56400000e-04 -1.27180000e-04 3.06428000e-03 1.87563000e-03 -5.06730000e-04 -1.44947000e-03 1.27031000e-03 8.38960000e-04 3.21360000e-04 -6.79520000e-04 -8.34080000e-04 8.64960000e-04 -1.96080000e-04 -7.44870000e-04 2.64300000e-04 -3.86240000e-04 -1.15422000e-03 -1.01038000e-03 1.62660000e-04 3.01666000e-03 -4.58070000e-04 -3.38500000e-04 5.31650000e-04 -2.09300000e-04 -9.10050000e-04 7.44930000e-04 -1.02433000e-03 2.05552000e-03 8.61070000e-04 1.97732000e-03 -6.79910000e-04 7.97750000e-04 1.12400000e-05 -1.81730000e-03 -3.47000000e-06 2.06790000e-04 1.37055000e-03 3.00347000e-03 1.98250000e-04 -2.79824000e-03 1.52181000e-03 -7.51250000e-04 2.85250000e-04 1.24410000e-04 3.74100000e-05 -1.62963000e-03 -2.28270000e-04 8.96810000e-04 2.63600000e-05 -1.76970000e-04 -9.90720000e-04 -1.41544000e-03 -5.23930000e-04 -3.96271000e-03 -1.46433000e-03 -1.75690000e-03 -1.76956000e-03 -1.00749000e-03 -1.90527000e-03
1.46308000e-03 3.56280000e-04 3.66340000e-04 3.35730000e-04 -6.47200000e-05 1.18590000e-04 3.35190000e-04 4.85000000e-05 -4.87430000e-04 -3.42690000e-04 5.21600000e-05 -4.58100000e-05 1.90190000e-04 -4.11270000e-04 1.24154000e-03 8.69700000e-05 -3.40720000e-04 1.38236000e-03 3.60240000e-04 -7.52700000e-05 3.37950000e-04 1.03100000e-04 -5.73480000e-04 1.16131000e-03 -5.91830000e-04 3.32300000e-05 2.97050000e-04 -1.77470000e-04 -6.90000000e-06 3.47430000e-04 3.13370000e-04 1.67300000e-04 -2.21100000e-05 2.93390000e-04 4.39600000e-05 7.41410000e-04 3.55100000e-05 1.99180000e-04 1.22120000e-03 -6.15100000e-05 1.40220000e-04 -3.63130000e-04 4.11630000e-04 1.03840000e-04 -2.74850000e-04 5.12370000e-04 -1.61590000e-04 1.93970000e-04 7.68200000e-05 3.46480000e-04 3.31100000e-05 2.20550000e-04 2.69310000e-04 2.19900000e-04 4.45200000e-04 4.38930000e-04 -2.90000000e-05 -3.24000000e-06 1.30490000e-04 1.73520000e-04 -8.82610000e-04 -5.13490000e-04 2.63550000e-04 6.28910000e-04 -4.85830000e-04 -6.16370000e-04 6.80600000e-05 1.85720000e-04 3.64860000e-04 -6.10900000e-05 5.78800000e-05 1.88490000e-04 8.07800000e-05 3.81600000e-04 5.84860000e-04 4.98500000e-05 -7.43900000e-05 -9.90500000e-04 -1.42730000e-04 2.31460000e-04 -5.85000000e-05 -6.11100000e-05 1.96240000e-04 -6.70600000e-05 3.64310000e-04 -6.14100000e-04 -1.35930000e-04 2.89500000e-04 -4.59500000e-05 -8.46000000e-05 1.08680000e-04 6.22760000e-04 -3.01910000e-04 3.49300000e-04 3.08700000e-05 9.58400000e-05 -1.00650000e-04 1.28262000e-03 -1.72800000e-04 5.33820000e-04 1.93690000e-04 1.47170000e-04 1.17380000e-04 8.77350000e-04 3.89030000e-04 -7.07400000e-05 4.72730000e-04 1.15270000e-04 5.70800000e-04 9.80720000e-04 1.78340000e-04 1.60320000e-03 6.16040000e-04 8.27830000e-04 5.87280000e-04 6.20460000e-04 6.78880000e-04
-4.02805000e-03 -9.89100000e-05 -1.47552000e-03 -6.50300000e-05 -2.76150000e-04 6.70400000e-05 -1.51761000e-03 1.25579000e-03 2.16014000e-03 1.00247000e-03 -1.89200000e-05 1.26350000e-04 6.66880000e-04 1.02709000e-03 -4.02293000e-03 -5.25710000e-04 1.42295000e-03 -4.31695000e-03 -1.07995000e-03 1.14860000e-04 -7.98900000e-05 -2.69210000e-04 2.47017000e-03 -4.25670000e-03 1.94592000e-03 -1.94140000e-04 -1.38093000e-03 9.13390000e-04 -5.61640000e-04 -8.90020000e-04 -1.18521000e-03 -8.79150000e-04 -5.50000000e-07 -1.64394000e-03 2.27000000e-04 -2.51453000e-03 -6.20080000e-04 -1.34675000e-03 -4.49141000e-03 9.18900000e-05 -8.44990000e-04 1.52192000e-03 -6.46750000e-04 2.85010000e-04 1.19897000e-03 -2.11002000e-03 8.33760000e-04 -7.23840000e-04 -9.45690000e-04 -1.32767000e-03 -3.47810000e-04 -9.94090000e-04 -4.73840000e-04 -6.21690000e-04 -1.00444000e-03 -1.84255000e-03 8.83200000e-04 6.60130000e-04 4.17600000e-05 -8.39790000e-04 3.71220000e-03 1.87356000e-03 -1.68520000e-04 -2.25204000e-03 1.78977000e-03 1.78911000e-03 3.54630000e-04 -1.12963000e-03 -9.14700000e-04 7.69400000e-05 -8.56020000e-04 -7.57410000e-04 -5.59100000e-05 -5.75580000e-04 -2.39808000e-03 -4.70450000e-04 3.75600000e-05 3.67747000e-03 2.92750000e-04 -9.17440000e-04 1.41300000e-04 1.39180000e-04 -1.21600000e-03 9.94290000e-04 -1.03065000e-03 2.20998000e-03 6.04470000e-04 6.52000000e-05 -3.39630000e-04 3.81880000e-04 -5.75450000e-04 -1.44090000e-03 7.02400000e-04 2.79810000e-04 1.45762000e-03 2.40811000e-03 1.44039000e-03 -3.02493000e-03 1.31241000e-03 -8.15190000e-04 3.36110000e-04 4.20490000e-04 4.35700000e-04 -1.77175000e-03 -1.15500000e-04 1.20633000e-03 -1.86950000e-04 2.13530000e-04 -1.02285000e-03 -2.10752000e-03 1.60030000e-04 -5.93330000e-03 -1.29051000e-03 -2.77298000e-03 -1.35077000e-03 -1.11214000e-03 -1.70671000e-03
-1.13442000e-03 -1.18000000e-04 5.48180000e-04 8.10720000e-04 -5.30040000e-04 -5.36500000e-05 1.89160000e-04 9.00590000e-04 3.81540000e-04 6.51390000e-04 6.80820000e-04 2.95050000e-04 6.07160000e-04 1.45345000e-03 3.10660000e-04 2.35200000e-04 8.37600000e-04 7.13750000e-04 -3.64050000e-04 4.93960000e-04 1.36460000e-04 2.34950000e-04 4.25370000e-04 7.38410000e-04 5.95840000e-04 -2.08240000e-04 3.10710000e-04 8.86820000e-04 -3.26230000e-04 -3.86560000e-04 -1.85630000e-04 1.38160000e-04 8.25200000e-05 -1.15170000e-04 2.60660000e-04 -4.28670000e-04 -4.22140000e-04 -8.92090000e-04 -2.49370000e-04 6.62750000e-04 -4.77880000e-04 5.56200000e-04 -2.08930000e-04 -6.63000000e-06 3.01550000e-04 4.35090000e-04 2.19610000e-04 -9.70000000e-07 -6.57540000e-04 3.42510000e-04 5.01610000e-04 1.32570000e-04 -4.15900000e-04 -1.56490000e-04 -6.91600000e-05 -2.64270000e-04 -1.59850000e-04 6.07350000e-04 -1.11310000e-04 4.81880000e-04 6.83660000e-04 6.84780000e-04 1.55840000e-04 2.62890000e-04 -1.31950000e-04 -1.66000000e-04 8.22100000e-05 1.41930000e-04 -3.41210000e-04 9.85800000e-04 4.83710000e-04 -2.26330000e-04 3.14440000e-04 -1.18940000e-04 5.03360000e-04 -7.28970000e-04 1.76110000e-04 6.48290000e-04 -6.43470000e-04 4.83770000e-04 6.46410000e-04 -1.91410000e-04 -1.53660000e-04 4.57100000e-05 -4.16990000e-04 6.17360000e-04 4.79720000e-04 2.07847000e-03 -4.05050000e-04 6.57630000e-04 6.20830000e-04 -4.97540000e-04 -4.00600000e-04 5.92620000e-04 9.66910000e-04 2.14125000e-03 -3.49730000e-04 -4.74370000e-04 5.12180000e-04 2.78780000e-04 6.73180000e-04 3.88520000e-04 2.68900000e-04 -1.69670000e-04 3.41720000e-04 7.65780000e-04 7.40290000e-04 2.99300000e-04 1.75420000e-04 3.26960000e-04 -2.05790000e-04 8.30000000e-07 -2.22600000e-04 -1.32290000e-04 -7.57680000e-04 1.07910000e-04 -7.81230000e-04
4.76793000e-03 7.04120000e-04 9.25540000e-04 4.00190000e-04 -2.30570000e-04 3.39440000e-04 7.58230000e-04 -2.83480000e-04 -1.94002000e-03 -1.30388000e-03 -4.57710000e-04 -4.95820000e-04 2.49930000e-04 -1.24998000e-03 4.27550000e-03 -8.39300000e-05 -1.32823000e-03 4.85626000e-03 8.66880000e-04 -5.91940000e-04 5.46260000e-04 -5.51200000e-05 -2.32480000e-03 4.09671000e-03 -2.28833000e-03 3.86300000e-05 4.89770000e-04 -9.05460000e-04 5.07920000e-04 7.00240000e-04 8.90590000e-04 1.81160000e-04 -5.39180000e-04 1.18322000e-03 -4.06690000e-04 1.90758000e-03 1.52000000e-04 1.05649000e-03 4.09117000e-03 -5.40100000e-04 3.23170000e-04 -1.48932000e-03 8.61990000e-04 1.91600000e-05 -1.21466000e-03 1.69081000e-03 -7.55190000e-04 1.08380000e-04 8.06140000e-04 1.00144000e-03 -2.11300000e-05 5.22990000e-04 2.06950000e-04 5.09950000e-04 1.06577000e-03 1.20938000e-03 -3.11720000e-04 -3.73770000e-04 4.08570000e-04 5.04420000e-04 -3.23153000e-03 -1.90149000e-03 8.56650000e-04 1.72897000e-03 -9.78100000e-04 -1.86952000e-03 -2.21710000e-04 4.80060000e-04 9.65530000e-04 -2.49140000e-04 1.41500000e-04 4.69350000e-04 -4.01840000e-04 7.72790000e-04 1.98647000e-03 2.50110000e-04 -4.68550000e-04 -3.48430000e-03 -4.40920000e-04 9.84690000e-04 -4.21400000e-04 -3.19850000e-04 5.73210000e-04 -5.61460000e-04 8.52760000e-04 -2.16366000e-03 -4.68220000e-04 4.82620000e-04 -7.79000000e-05 -5.90800000e-04 4.75440000e-04 1.99680000e-03 -8.77000000e-04 5.32900000e-04 -3.75650000e-04 -9.23400000e-04 -4.97420000e-04 4.20732000e-03 -7.59120000e-04 1.44317000e-03 3.63700000e-04 1.28710000e-04 2.06920000e-04 2.96778000e-03 7.24570000e-04 -5.57990000e-04 1.04536000e-03 3.44600000e-04 1.53719000e-03 2.64422000e-03 2.79760000e-04 5.65738000e-03 2.04093000e-03 2.61667000e-03 1.93476000e-03 1.82476000e-03 2.61221000e-03
8.50290000e-04 1.02500000e-05 6.31490000e-04 2.42290000e-04 -3.47900000e-05 -7.50400000e-05 5.28270000e-04 -1.79330000e-04 -5.96560000e-04 -2.08440000e-04 1.84900000e-04 8.54700000e-05 -7.64500000e-05 6.64000000e-06 1.19161000e-03 2.64150000e-04 -2.73270000e-04 1.36595000e-03 2.73800000e-04 1.33080000e-04 9.02800000e-05 1.69310000e-04 -6.55770000e-04 1.43581000e-03 -4.64480000e-04 4.70000000e-07 5.40730000e-04 -1.24920000e-04 3.42900000e-05 2.33800000e-04 2.78420000e-04 3.13870000e-04 5.34500000e-05 4.47260000e-04 9.40000000e-07 7.06340000e-04 1.04720000e-04 1.79440000e-04 1.26836000e-03 1.17450000e-04 1.65060000e-04 -3.71790000e-04 2.04150000e-04 -1.51390000e-04 -3.40880000e-04 6.55520000e-04 -1.95700000e-04 2.77270000e-04 7.72600000e-05 4.41040000e-04 2.05640000e-04 3.07110000e-04 1.08370000e-04 1.65770000e-04 2.96030000e-04 4.81310000e-04 -2.99500000e-04 -8.56900000e-05 -9.23500000e-05 3.32890000e-04 -1.01603000e-03 -4.63420000e-04 4.46400000e-05 7.66090000e-04 -6.32210000e-04 -5.20310000e-04 -8.37600000e-05 3.29030000e-04 2.48920000e-04 2.51000000e-04 3.41000000e-04 1.68110000e-04 1.30470000e-04 1.68920000e-04 8.28850000e-04 -2.97700000e-05 3.35200000e-05 -1.05349000e-03 -2.21360000e-04 3.20480000e-04 1.60010000e-04 -8.65300000e-05 2.97650000e-04 -3.72580000e-04 2.53180000e-04 -6.17570000e-04 -7.07600000e-05 5.19840000e-04 -5.89000000e-06 3.68200000e-05 2.62860000e-04 2.64920000e-04 -3.37190000e-04 5.96900000e-05 -2.27520000e-04 -1.99100000e-04 -5.44370000e-04 7.09270000e-04 -3.29700000e-04 3.04790000e-04 4.85700000e-05 -4.88100000e-05 -9.37800000e-05 4.00500000e-04 1.63990000e-04 -1.95180000e-04 2.34690000e-04 -2.50500000e-05 3.54410000e-04 7.25240000e-04 -9.61700000e-05 1.72119000e-03 2.75720000e-04 7.73800000e-04 1.72940000e-04 3.30910000e-04 2.28460000e-04
1.39652500e-02 2.16692000e-03 3.47362000e-03 -1.45048000e-03 1.21289000e-03 1.91693000e-03 4.10388000e-03 -2.56462000e-03 -6.45551000e-03 -3.93928000e-03 -1.37589000e-03 -2.17330000e-04 -6.64340000e-04 -5.33327000e-03 1.21558700e-02 1.11870000e-03 -4.96102000e-03 1.26580200e-02 2.93509000e-03 -7.84580000e-04 -2.97320000e-04 6.42030000e-04 -7.31197000e-03 1.20124600e-02 -6.48919000e-03 8.28850000e-04 3.15048000e-03 -3.93030000e-03 2.54898000e-03 2.74269000e-03 3.49520000e-03 2.03647000e-03 -2.94160000e-04 4.67012000e-03 -2.10161000e-03 7.12877000e-03 1.99459000e-03 4.85718000e-03 1.28729500e-02 -1.13008000e-03 2.21206000e-03 -4.88132000e-03 1.99655000e-03 -1.79793000e-03 -3.93142000e-03 5.08952000e-03 -2.26318000e-03 1.13767000e-03 3.86027000e-03 3.14694000e-03 3.65250000e-04 2.38929000e-03 1.55316000e-03 1.36999000e-03 2.46622000e-03 5.16562000e-03 -3.02100000e-04 -3.82621000e-03 2.08530000e-03 1.82504000e-03 -1.08990600e-02 -6.21332000e-03 2.54919000e-03 6.55605000e-03 -5.01443000e-03 -4.13929000e-03 -1.52814000e-03 2.38378000e-03 2.66825000e-03 -1.45530000e-03 1.77649000e-03 2.10169000e-03 -1.42964000e-03 1.33169000e-03 6.41099000e-03 2.50031000e-03 -2.22670000e-04 -1.11683300e-02 2.82090000e-04 3.30211000e-03 -6.70900000e-04 -3.50500000e-05 3.52714000e-03 -3.20950000e-03 3.16605000e-03 -7.02711000e-03 -2.40082000e-03 -2.93851000e-03 1.38099000e-03 -1.80295000e-03 1.92757000e-03 6.47748000e-03 -1.12737000e-03 4.56100000e-04 -3.28080000e-03 -7.35651000e-03 -1.58706000e-03 1.12080700e-02 -5.07347000e-03 3.84458000e-03 4.15720000e-04 2.46470000e-04 4.38510000e-04 7.25067000e-03 1.79037000e-03 -1.99633000e-03 1.74220000e-03 1.41266000e-03 4.42311000e-03 6.74450000e-03 1.77127000e-03 1.74926500e-02 5.93057000e-03 7.78119000e-03 5.77738000e-03 4.73654000e-03 7.04341000e-03
3.07970000e-04 1.74600000e-05 6.68040000e-04 9.00540000e-04 -4.42790000e-04 -1.86380000e-04 3.73270000e-04 3.56360000e-04 -2.16220000e-04 1.36640000e-04 5.24930000e-04 1.06770000e-04 2.66660000e-04 8.66290000e-04 1.12246000e-03 2.60620000e-04 2.27680000e-04 1.42466000e-03 6.48300000e-05 2.66800000e-04 3.79290000e-04 2.56140000e-04 -2.71090000e-04 1.30693000e-03 -1.18190000e-04 -1.62850000e-04 4.48110000e-04 4.21560000e-04 -4.42810000e-04 3.46800000e-05 2.00520000e-04 2.41110000e-04 5.72900000e-05 2.73900000e-05 2.39480000e-04 4.61570000e-04 -2.55600000e-04 -4.51660000e-04 9.56040000e-04 3.55540000e-04 -1.84350000e-04 3.79600000e-05 2.19620000e-04 1.07130000e-04 -2.44200000e-05 7.77060000e-04 -6.66300000e-05 3.07820000e-04 -5.38650000e-04 5.55510000e-04 3.44150000e-04 3.41250000e-04 -3.19500000e-05 4.81500000e-05 3.48570000e-04 2.84170000e-04 -3.67690000e-04 3.43600000e-04 -2.25070000e-04 4.83770000e-04 -3.74190000e-04 3.38000000e-06 1.35900000e-05 6.18370000e-04 -4.54590000e-04 -8.14980000e-04 1.19940000e-04 2.38710000e-04 1.50420000e-04 5.42230000e-04 3.29170000e-04 -1.34400000e-05 3.20330000e-04 2.80650000e-04 8.39310000e-04 -4.76130000e-04 6.59200000e-05 -4.81180000e-04 -5.73200000e-04 3.93200000e-04 3.43040000e-04 -2.58720000e-04 1.19070000e-04 -5.61600000e-05 3.38100000e-05 -1.45840000e-04 1.96580000e-04 1.55279000e-03 -3.71410000e-04 3.28350000e-04 3.77890000e-04 -6.82300000e-05 -6.15170000e-04 4.44600000e-04 3.58290000e-04 1.22688000e-03 -5.70020000e-04 4.50360000e-04 1.59900000e-04 3.72560000e-04 3.29740000e-04 1.28180000e-04 -6.31000000e-06 2.78570000e-04 3.20910000e-04 1.29440000e-04 6.09920000e-04 -2.09000000e-06 3.36560000e-04 9.02550000e-04 -1.97840000e-04 1.29826000e-03 3.67700000e-05 7.54210000e-04 -2.50520000e-04 3.04250000e-04 -3.38210000e-04
-2.48480000e-04 -9.11900000e-05 3.06610000e-04 3.40450000e-04 -1.23800000e-04 -1.34020000e-04 2.14940000e-04 7.65700000e-05 -4.16900000e-05 1.19700000e-04 2.79310000e-04 1.30150000e-04 2.38000000e-06 4.20170000e-04 2.98880000e-04 1.81580000e-04 1.40140000e-04 3.72990000e-04 -9.97000000e-06 2.02300000e-04 6.10000000e-05 1.55210000e-04 -1.30100000e-05 4.51170000e-04 7.76700000e-05 -4.06400000e-05 2.51840000e-04 1.93330000e-04 -2.31430000e-04 -9.61000000e-06 5.13500000e-05 1.53040000e-04 1.12240000e-04 -1.31500000e-05 7.83500000e-05 1.43790000e-04 -6.85000000e-05 -1.91390000e-04 2.22970000e-04 2.23070000e-04 -8.51800000e-05 5.69900000e-05 3.41300000e-05 -8.90100000e-05 3.74400000e-05 2.57420000e-04 7.42000000e-06 1.62910000e-04 -2.40520000e-04 1.97000000e-04 1.83830000e-04 1.59230000e-04 -1.49000000e-06 -5.74200000e-05 6.26300000e-05 8.81000000e-05 -2.20000000e-04 3.50400000e-05 -1.59360000e-04 2.32950000e-04 -2.76000000e-05 6.86500000e-05 -9.45100000e-05 2.96970000e-04 -3.21100000e-04 -2.44610000e-04 1.33400000e-05 9.56200000e-05 1.35000000e-06 3.16050000e-04 1.93410000e-04 -1.56000000e-06 1.57150000e-04 3.30500000e-05 3.42020000e-04 -1.64330000e-04 1.17080000e-04 -8.76900000e-05 -1.86410000e-04 1.85770000e-04 2.33580000e-04 -5.57200000e-05 4.99900000e-05 -8.07300000e-05 2.84000000e-06 1.13500000e-05 7.15200000e-05 5.83240000e-04 -1.19480000e-04 1.97130000e-04 2.01870000e-04 -1.86510000e-04 -1.79190000e-04 1.09590000e-04 6.79900000e-05 4.46510000e-04 -3.40960000e-04 -1.20180000e-04 -2.99700000e-05 2.87500000e-05 7.01000000e-05 6.52000000e-06 -7.51600000e-05 -1.91240000e-04 5.71500000e-05 4.65700000e-05 1.55760000e-04 -4.95300000e-05 2.02000000e-05 1.45890000e-04 -1.53800000e-04 3.46670000e-04 -1.86350000e-04 1.88240000e-04 -3.87150000e-04 -6.33000000e-05 -5.47340000e-04
-3.09266000e-03 -3.28810000e-04 9.37350000e-04 3.28968000e-03 -2.14086000e-03 -9.68430000e-04 -3.26250000e-04 2.49241000e-03 1.50633000e-03 1.73968000e-03 2.03911000e-03 3.83200000e-04 1.76798000e-03 4.53989000e-03 2.41300000e-05 2.55610000e-04 2.60827000e-03 1.12459000e-03 -8.52680000e-04 9.58920000e-04 1.54050000e-03 5.46520000e-04 1.51030000e-03 5.92260000e-04 1.61818000e-03 -8.77250000e-04 1.70910000e-04 2.88482000e-03 -1.97238000e-03 -9.53730000e-04 -4.80180000e-04 -3.47200000e-05 5.69800000e-05 -1.45081000e-03 1.30360000e-03 -1.04140000e-03 -1.81767000e-03 -3.21751000e-03 -9.73570000e-04 1.52318000e-03 -1.55486000e-03 1.80052000e-03 4.50200000e-05 1.31664000e-03 1.21171000e-03 9.71320000e-04 4.86770000e-04 2.81960000e-04 -3.06035000e-03 8.54930000e-04 1.01808000e-03 1.71850000e-04 -9.85750000e-04 -1.22950000e-04 3.41920000e-04 -9.27640000e-04 -8.66560000e-04 2.84639000e-03 -1.09457000e-03 1.00335000e-03 2.30532000e-03 2.07706000e-03 -4.62120000e-04 -2.39500000e-04 5.70560000e-04 -1.24398000e-03 9.13770000e-04 -4.01540000e-04 -4.93670000e-04 2.07244000e-03 4.20620000e-04 -9.04360000e-04 1.16491000e-03 4.59370000e-04 7.10710000e-04 -2.55097000e-03 1.41510000e-04 2.22725000e-03 -2.16880000e-03 4.34320000e-04 1.25720000e-03 -9.50290000e-04 -9.83220000e-04 8.80310000e-04 -1.06393000e-03 1.94634000e-03 1.61580000e-03 6.50150000e-03 -1.84466000e-03 1.76053000e-03 8.04790000e-04 -2.00745000e-03 -1.70897000e-03 1.47540000e-03 2.84780000e-03 6.87012000e-03 -1.08989000e-03 -1.70744000e-03 2.64911000e-03 3.49250000e-04 1.29188000e-03 6.21870000e-04 2.15610000e-04 -5.55300000e-04 7.27080000e-04 1.36453000e-03 1.76436000e-03 -2.39990000e-04 -4.33300000e-05 1.24591000e-03 -1.01832000e-03 -1.28874000e-03 -1.25277000e-03 -5.91900000e-05 -1.89266000e-03 9.12800000e-05 -1.90062000e-03
-2.95493000e-03 -5.54350000e-04 -1.78390000e-03 -8.88630000e-04 1.60310000e-04 -4.57880000e-04 -1.60439000e-03 -3.89610000e-04 1.47803000e-03 4.05740000e-04 -6.47240000e-04 -2.14520000e-04 -4.80100000e-04 5.17700000e-05 -3.96081000e-03 -6.63440000e-04 5.83440000e-04 -4.59151000e-03 -6.59460000e-04 -3.33510000e-04 -1.42150000e-04 -4.61980000e-04 1.63784000e-03 -4.52343000e-03 1.20323000e-03 -5.33800000e-05 -1.57356000e-03 1.49580000e-04 -1.97660000e-04 -5.15300000e-04 -7.03080000e-04 -8.09590000e-04 -4.74400000e-05 -1.40156000e-03 -3.83200000e-05 -1.68235000e-03 -1.61720000e-04 -3.52260000e-04 -3.40460000e-03 -4.80510000e-04 -2.75470000e-04 8.26890000e-04 -4.34250000e-04 5.07680000e-04 8.30150000e-04 -1.98296000e-03 3.64660000e-04 -5.15200000e-04 -3.76740000e-04 -1.31649000e-03 -6.81540000e-04 -8.52860000e-04 -2.63990000e-04 -3.26900000e-04 -8.68620000e-04 -1.20820000e-03 3.11650000e-04 2.25220000e-04 -4.32330000e-04 -1.08730000e-03 2.34812000e-03 1.04871000e-03 -1.01305000e-03 -2.41821000e-03 2.01014000e-03 1.64023000e-03 2.36370000e-04 -1.24117000e-03 -5.13190000e-04 -9.74930000e-04 -1.05465000e-03 -5.21330000e-04 -3.87330000e-04 -4.74510000e-04 -2.40733000e-03 2.53430000e-04 -6.08200000e-05 2.66710000e-03 6.78880000e-04 -1.29425000e-03 -5.16040000e-04 1.38360000e-04 -8.03360000e-04 7.37740000e-04 -5.44000000e-04 1.47037000e-03 2.20050000e-04 -1.81995000e-03 -3.11000000e-06 -2.10040000e-04 -1.10367000e-03 -1.45548000e-03 8.62770000e-04 -1.15465000e-03 -2.77710000e-04 -8.18060000e-04 8.89360000e-04 -3.05807000e-03 9.61930000e-04 -1.60532000e-03 -1.00079000e-03 -6.32940000e-04 -5.02010000e-04 -1.91363000e-03 -1.10720000e-03 -4.31360000e-04 -1.62442000e-03 -8.15000000e-04 -1.73972000e-03 -2.50767000e-03 -2.45500000e-04 -5.17874000e-03 -1.55270000e-03 -2.06806000e-03 -7.10580000e-04 -1.59447000e-03 -7.57470000e-04
1.92500000e-04 1.34600000e-05 9.96000000e-05 3.21380000e-04 -3.11600000e-05 -1.62510000e-04 3.93500000e-05 -2.22400000e-05 4.32200000e-05 1.26900000e-05 1.36050000e-04 -3.17900000e-05 1.19900000e-05 -5.36800000e-05 2.12010000e-04 4.32600000e-05 3.15300000e-05 2.66540000e-04 1.65900000e-04 -4.93000000e-06 2.74510000e-04 6.54500000e-05 2.69100000e-05 1.71900000e-04 -4.58600000e-05 2.19000000e-05 7.41000000e-05 9.06500000e-05 -8.78000000e-05 1.41400000e-04 5.13100000e-05 3.76200000e-05 3.98600000e-05 3.03300000e-05 2.14960000e-04 1.83750000e-04 5.07000000e-06 -3.15200000e-05 2.17160000e-04 2.82000000e-05 1.16830000e-04 2.33000000e-06 1.95310000e-04 2.18950000e-04 8.50700000e-05 1.17480000e-04 -9.95000000e-06 1.38180000e-04 -6.43600000e-05 9.45600000e-05 1.54000000e-05 7.80400000e-05 1.49290000e-04 1.25630000e-04 2.67610000e-04 1.16300000e-04 -1.43320000e-04 3.00050000e-04 -1.56840000e-04 3.66100000e-05 -2.77500000e-05 -1.70100000e-05 -1.11800000e-04 9.35900000e-05 -3.67000000e-06 -1.90250000e-04 1.31490000e-04 9.15400000e-05 1.77160000e-04 3.02100000e-05 -1.86000000e-05 8.23200000e-05 1.96260000e-04 2.63730000e-04 6.21900000e-05 -4.99300000e-05 -1.04200000e-05 -6.29600000e-05 -3.43600000e-05 -4.07200000e-05 -1.12400000e-05 4.27000000e-06 2.13900000e-05 1.61090000e-04 1.37700000e-04 -2.20200000e-05 5.32400000e-05 2.97580000e-04 -2.16800000e-05 3.07700000e-05 -4.66900000e-05 -1.82600000e-05 -7.19000000e-05 4.62500000e-05 1.44400000e-05 2.01900000e-04 -1.25720000e-04 1.72590000e-04 1.93460000e-04 1.59500000e-05 -7.54200000e-05 -6.30600000e-05 -9.41400000e-05 9.97200000e-05 2.83200000e-05 -1.24530000e-04 5.32300000e-05 -1.70160000e-04 2.36600000e-05 1.63490000e-04 -9.95300000e-05 2.07050000e-04 -3.71000000e-06 1.90400000e-04 3.26600000e-05 5.39500000e-05 5.83100000e-05
-1.71738000e-03 -2.57670000e-04 9.28000000e-06 3.30200000e-04 -1.94290000e-04 -1.49030000e-04 -1.01390000e-04 5.02270000e-04 7.09350000e-04 6.60500000e-04 4.60690000e-04 2.87280000e-04 2.75460000e-04 9.36880000e-04 -8.85970000e-04 1.17760000e-04 7.87450000e-04 -8.19570000e-04 -3.23660000e-04 3.36400000e-04 2.07000000e-06 1.36880000e-04 7.95540000e-04 -6.25070000e-04 8.83730000e-04 -5.97100000e-05 1.97800000e-05 6.92490000e-04 -2.51330000e-04 -3.37670000e-04 -2.53790000e-04 1.19900000e-05 1.61870000e-04 -3.24940000e-04 2.64650000e-04 -6.57440000e-04 -2.43270000e-04 -6.41550000e-04 -1.09096000e-03 4.70100000e-04 -3.05040000e-04 6.79100000e-04 -2.63480000e-04 9.45800000e-05 4.68580000e-04 -1.46000000e-04 3.24410000e-04 -4.19300000e-05 -5.13500000e-04 -2.65800000e-05 2.89330000e-04 -4.90800000e-05 -2.64570000e-04 -1.10850000e-04 -2.40400000e-04 -4.17020000e-04 -7.82900000e-05 5.12500000e-04 -1.97040000e-04 1.61170000e-04 1.13688000e-03 8.37240000e-04 -1.79920000e-04 -2.91970000e-04 2.48650000e-04 3.68500000e-04 1.33030000e-04 -7.64200000e-05 -3.55480000e-04 5.95980000e-04 1.71910000e-04 -1.81650000e-04 2.74380000e-04 -2.07640000e-04 -1.68410000e-04 -3.95740000e-04 1.98470000e-04 1.18895000e-03 -1.97160000e-04 1.87600000e-05 3.77010000e-04 2.46400000e-05 -2.43070000e-04 1.96870000e-04 -3.65020000e-04 8.66770000e-04 4.13270000e-04 1.02684000e-03 -1.56100000e-04 5.06980000e-04 2.05710000e-04 -7.57150000e-04 4.18400000e-05 1.38160000e-04 5.78580000e-04 1.26909000e-03 -1.46370000e-04 -1.28923000e-03 5.33060000e-04 -2.16610000e-04 2.12440000e-04 1.58430000e-04 5.96400000e-05 -7.93560000e-04 -3.98800000e-05 4.70180000e-04 9.78600000e-05 2.50000000e-07 -2.87640000e-04 -4.52820000e-04 -2.30030000e-04 -1.34177000e-03 -6.13690000e-04 -6.44300000e-04 -7.91160000e-04 -3.69130000e-04 -8.90380000e-04
1.70396000e-03 3.77130000e-04 8.40700000e-05 -9.66770000e-04 7.12950000e-04 4.45220000e-04 4.50010000e-04 -6.82420000e-04 -7.69110000e-04 -7.26970000e-04 -5.69500000e-04 3.26000000e-05 -2.89070000e-04 -1.91303000e-03 5.65960000e-04 1.17980000e-04 -9.80510000e-04 3.45840000e-04 5.31200000e-04 -2.24080000e-04 -3.27240000e-04 -8.74000000e-06 -8.37670000e-04 5.90700000e-04 -7.87240000e-04 3.66360000e-04 3.02020000e-04 -1.02029000e-03 8.29520000e-04 5.87730000e-04 3.63810000e-04 2.29960000e-04 6.14600000e-05 8.59330000e-04 -4.02580000e-04 8.24470000e-04 7.23140000e-04 1.10720000e-03 1.09153000e-03 -3.76430000e-04 7.02450000e-04 -8.12530000e-04 2.19520000e-04 -3.98960000e-04 -5.99290000e-04 5.57300000e-05 -1.87970000e-04 -1.57700000e-05 1.01528000e-03 -2.03600000e-05 -1.85220000e-04 1.26900000e-04 4.88500000e-04 3.23850000e-04 1.66270000e-04 6.40090000e-04 3.61750000e-04 -7.69460000e-04 4.74630000e-04 -1.39110000e-04 -1.43978000e-03 -9.90720000e-04 3.75810000e-04 5.51110000e-04 -7.66520000e-04 3.01110000e-04 -3.14680000e-04 2.81040000e-04 3.02960000e-04 -5.30800000e-04 1.07510000e-04 4.35940000e-04 -2.63800000e-04 2.33500000e-05 2.66870000e-04 9.08290000e-04 -2.00000000e-06 -1.38943000e-03 6.42980000e-04 3.04500000e-05 -3.37840000e-04 3.53180000e-04 5.00830000e-04 -5.66560000e-04 6.43610000e-04 -1.02868000e-03 -5.77730000e-04 -1.65374000e-03 6.82180000e-04 -5.09480000e-04 -7.01700000e-05 1.02844000e-03 4.88860000e-04 -2.73030000e-04 -7.89910000e-04 -2.14832000e-03 2.19880000e-04 1.16226000e-03 -9.42170000e-04 3.44120000e-04 -1.64240000e-04 -1.63000000e-06 1.14430000e-04 7.35770000e-04 1.73450000e-04 -3.20900000e-04 -1.84600000e-04 2.40710000e-04 5.28880000e-04 3.79930000e-04 5.27780000e-04 1.37153000e-03 9.09900000e-04 4.44070000e-04 1.19946000e-03 5.32240000e-04 1.54982000e-03
8.45150000e-04 3.25800000e-05 1.34190000e-04 -5.08540000e-04 3.86010000e-04 1.50720000e-04 3.17670000e-04 -4.78820000e-04 -5.08530000e-04 -3.25700000e-04 -2.22350000e-04 1.16900000e-05 -2.70940000e-04 -8.30270000e-04 3.91400000e-04 8.42300000e-05 -5.00520000e-04 3.00560000e-04 3.05050000e-04 -1.10570000e-04 -2.43170000e-04 -2.06300000e-05 -5.69660000e-04 5.05060000e-04 -3.99100000e-04 2.03610000e-04 2.58120000e-04 -4.87570000e-04 4.56070000e-04 2.59630000e-04 2.39450000e-04 1.83200000e-04 1.60800000e-05 5.53620000e-04 -1.74360000e-04 4.66640000e-04 3.79640000e-04 6.22980000e-04 7.12660000e-04 -1.36140000e-04 3.84430000e-04 -4.32860000e-04 4.07000000e-05 -1.95710000e-04 -3.72230000e-04 1.99840000e-04 -1.29830000e-04 4.49100000e-05 5.52140000e-04 1.01790000e-04 -9.17000000e-06 1.20560000e-04 1.67430000e-04 2.15320000e-04 7.14900000e-05 3.77920000e-04 5.99000000e-06 -3.54710000e-04 1.54160000e-04 4.19200000e-05 -9.02760000e-04 -5.10440000e-04 1.04830000e-04 3.53730000e-04 -4.05660000e-04 5.76900000e-05 -1.79260000e-04 2.51530000e-04 1.50310000e-04 -1.45790000e-04 1.58270000e-04 2.69700000e-04 -7.30900000e-05 -4.09800000e-05 3.20400000e-04 4.21170000e-04 1.21000000e-06 -8.16460000e-04 2.53290000e-04 5.24200000e-05 -1.65470000e-04 1.73950000e-04 2.94690000e-04 -3.52340000e-04 3.02860000e-04 -5.59450000e-04 -2.46750000e-04 -7.21590000e-04 3.74260000e-04 -2.22770000e-04 9.92000000e-06 4.49000000e-04 1.92920000e-04 -2.71880000e-04 -5.44690000e-04 -1.29737000e-03 -1.29060000e-04 4.96940000e-04 -4.96920000e-04 1.09960000e-04 -1.66580000e-04 -9.07200000e-05 -3.73800000e-05 2.78080000e-04 -4.95100000e-05 -2.86320000e-04 -1.97520000e-04 3.72600000e-05 2.15950000e-04 1.90890000e-04 1.06740000e-04 9.34480000e-04 3.74390000e-04 3.20550000e-04 5.49920000e-04 2.04040000e-04 7.14210000e-04
8.08231000e-03 1.75331000e-03 -2.59720000e-04 -2.93163000e-03 1.42049000e-03 2.04891000e-03 7.35280000e-04 -1.61616000e-03 -3.53860000e-03 -3.10615000e-03 -2.94267000e-03 -8.60080000e-04 -4.06810000e-04 -5.71677000e-03 4.27888000e-03 -4.56660000e-04 -3.71108000e-03 3.68219000e-03 1.30485000e-03 -1.73471000e-03 -1.17607000e-03 -5.18140000e-04 -4.13676000e-03 3.30711000e-03 -4.09335000e-03 8.26680000e-04 -2.57250000e-04 -3.75324000e-03 2.26954000e-03 1.38841000e-03 1.41052000e-03 -1.11640000e-04 -9.53860000e-04 2.30867000e-03 -2.25821000e-03 2.57062000e-03 1.75431000e-03 3.73220000e-03 5.17562000e-03 -1.98494000e-03 1.43851000e-03 -3.31473000e-03 6.54290000e-04 -1.55865000e-03 -2.60352000e-03 9.56780000e-04 -1.17062000e-03 -9.35590000e-04 3.18538000e-03 2.29810000e-04 -9.34240000e-04 3.67080000e-04 6.88820000e-04 4.09520000e-04 6.77410000e-04 2.05546000e-03 1.25479000e-03 -3.49914000e-03 2.22505000e-03 -3.22140000e-04 -6.01798000e-03 -4.06771000e-03 2.17640000e-03 1.67747000e-03 -1.71036000e-03 -8.98090000e-04 -1.53648000e-03 6.06690000e-04 1.25086000e-03 -2.02891000e-03 -2.23360000e-04 1.09788000e-03 -2.14924000e-03 1.58800000e-04 1.71758000e-03 2.66790000e-03 -6.46510000e-04 -5.99745000e-03 1.71064000e-03 1.07576000e-03 -1.79259000e-03 4.88660000e-04 1.56708000e-03 -1.93878000e-03 1.68719000e-03 -4.10389000e-03 -1.97086000e-03 -5.13171000e-03 1.56214000e-03 -2.27733000e-03 2.38930000e-04 4.57735000e-03 1.01240000e-03 5.64600000e-05 -2.06421000e-03 -6.20239000e-03 1.00941000e-03 6.48539000e-03 -3.64619000e-03 2.10459000e-03 2.24350000e-04 4.90280000e-04 9.38920000e-04 4.26749000e-03 1.05175000e-03 -6.94350000e-04 4.73870000e-04 1.53511000e-03 2.60495000e-03 2.65364000e-03 2.05532000e-03 6.96487000e-03 4.18872000e-03 2.81712000e-03 4.64681000e-03 2.76613000e-03 5.84080000e-03
1.41537000e-03 6.57500000e-05 5.54810000e-04 -3.15090000e-04 3.34130000e-04 1.60030000e-04 6.53350000e-04 -4.48570000e-04 -7.85660000e-04 -3.99470000e-04 -1.14270000e-04 5.75000000e-05 -1.83870000e-04 -8.34740000e-04 1.40493000e-03 2.15520000e-04 -5.88200000e-04 1.55175000e-03 4.17950000e-04 -1.34200000e-05 -1.58440000e-04 7.09000000e-05 -8.68590000e-04 1.68684000e-03 -6.77010000e-04 2.01200000e-04 5.82170000e-04 -4.90630000e-04 6.30290000e-04 3.55800000e-04 3.51960000e-04 3.41990000e-04 1.93400000e-05 9.26070000e-04 -1.88300000e-04 7.80260000e-04 4.27630000e-04 7.36730000e-04 1.49298000e-03 -3.16500000e-05 4.35070000e-04 -6.20180000e-04 1.47440000e-04 -3.09070000e-04 -5.10660000e-04 6.35930000e-04 -2.16310000e-04 9.97300000e-05 7.48330000e-04 3.77630000e-04 1.40640000e-04 2.93650000e-04 1.76530000e-04 2.72600000e-04 2.56760000e-04 6.16380000e-04 -1.42660000e-04 -3.32640000e-04 1.66210000e-04 2.61290000e-04 -1.34533000e-03 -7.27760000e-04 2.74030000e-04 9.22670000e-04 -7.72290000e-04 -1.98790000e-04 -2.45230000e-04 5.01780000e-04 2.33340000e-04 7.06600000e-05 4.22170000e-04 3.61890000e-04 -4.79600000e-05 5.09000000e-05 8.46120000e-04 3.83990000e-04 1.74500000e-05 -1.33731000e-03 7.57300000e-05 4.22330000e-04 -3.45000000e-06 1.31630000e-04 4.59190000e-04 -4.92450000e-04 4.22190000e-04 -8.44120000e-04 -2.82180000e-04 -2.54180000e-04 3.72370000e-04 -1.65880000e-04 3.19750000e-04 6.84350000e-04 7.32000000e-06 -1.23680000e-04 -5.22010000e-04 -1.19976000e-03 -3.80590000e-04 1.16029000e-03 -5.99540000e-04 3.84930000e-04 -1.70900000e-05 -4.64300000e-05 -6.69000000e-06 7.46480000e-04 1.02680000e-04 -2.70690000e-04 8.98800000e-05 1.48020000e-04 4.93960000e-04 6.11150000e-04 7.49300000e-05 2.18054000e-03 6.91660000e-04 7.54290000e-04 6.31560000e-04 5.06290000e-04 9.51090000e-04
-7.44181000e-03 -7.67620000e-04 -1.93517000e-03 1.04467000e-03 -1.10151000e-03 -6.40620000e-04 -2.43212000e-03 2.09796000e-03 3.62977000e-03 2.16912000e-03 6.66160000e-04 1.24310000e-04 8.87210000e-04 3.57855000e-03 -6.09110000e-03 -7.11580000e-04 2.93804000e-03 -6.29235000e-03 -1.97459000e-03 4.80710000e-04 2.21620000e-04 -2.90640000e-04 4.09662000e-03 -6.32993000e-03 3.48218000e-03 -6.49270000e-04 -2.05924000e-03 2.34986000e-03 -1.74045000e-03 -1.77140000e-03 -1.86687000e-03 -1.30771000e-03 3.16000000e-05 -3.08126000e-03 7.99750000e-04 -4.06849000e-03 -1.48831000e-03 -2.99179000e-03 -6.95892000e-03 6.06930000e-04 -1.77737000e-03 2.86686000e-03 -1.09793000e-03 8.46300000e-04 2.25010000e-03 -2.68699000e-03 1.27674000e-03 -7.85500000e-04 -2.46043000e-03 -1.64199000e-03 -1.82150000e-04 -1.29768000e-03 -1.12008000e-03 -1.14828000e-03 -1.48237000e-03 -2.97919000e-03 5.26050000e-04 1.72290000e-03 -7.21920000e-04 -8.61720000e-04 6.33765000e-03 3.55385000e-03 -9.30700000e-04 -3.58923000e-03 3.05436000e-03 1.96669000e-03 8.10950000e-04 -1.70122000e-03 -1.52567000e-03 7.67280000e-04 -1.11121000e-03 -1.43689000e-03 3.38080000e-04 -7.79010000e-04 -3.33338000e-03 -1.57128000e-03 1.49450000e-04 6.27224000e-03 -3.34950000e-04 -1.30957000e-03 5.82430000e-04 -2.20160000e-04 -2.01500000e-03 1.84082000e-03 -1.99310000e-03 4.02305000e-03 1.42491000e-03 1.93373000e-03 -1.16660000e-03 1.08565000e-03 -7.10220000e-04 -3.28769000e-03 3.76450000e-04 3.68720000e-04 2.45585000e-03 5.15826000e-03 1.34475000e-03 -5.62134000e-03 2.74144000e-03 -1.70106000e-03 3.59910000e-04 3.01490000e-04 1.84810000e-04 -3.52044000e-03 -5.53700000e-04 1.65918000e-03 -3.21760000e-04 -2.56050000e-04 -2.15270000e-03 -3.33864000e-03 -5.91510000e-04 -9.32025000e-03 -3.00778000e-03 -4.00826000e-03 -3.31826000e-03 -2.31829000e-03 -4.24339000e-03
-7.28433000e-03 -9.56470000e-04 -9.10690000e-04 2.06311000e-03 -1.60561000e-03 -9.66300000e-04 -1.62175000e-03 2.41448000e-03 3.33157000e-03 2.54184000e-03 1.59120000e-03 4.44310000e-04 1.17200000e-03 4.76559000e-03 -4.44077000e-03 -2.34650000e-04 3.35386000e-03 -4.25600000e-03 -1.82187000e-03 8.80970000e-04 5.09120000e-04 1.36810000e-04 3.72956000e-03 -4.27863000e-03 3.49499000e-03 -7.97550000e-04 -1.12585000e-03 3.02806000e-03 -2.21684000e-03 -1.77934000e-03 -1.53945000e-03 -7.63740000e-04 2.03770000e-04 -2.80119000e-03 1.15116000e-03 -3.40626000e-03 -1.81807000e-03 -3.50014000e-03 -5.65224000e-03 1.33478000e-03 -1.97758000e-03 2.97817000e-03 -9.80770000e-04 8.71740000e-04 2.21684000e-03 -1.46575000e-03 1.14145000e-03 -3.49060000e-04 -3.08575000e-03 -7.28800000e-04 5.03100000e-04 -7.67160000e-04 -1.26835000e-03 -9.86620000e-04 -1.07592000e-03 -2.52312000e-03 -2.61440000e-04 2.22311000e-03 -1.09091000e-03 -2.40400000e-05 5.69081000e-03 3.63801000e-03 -1.05196000e-03 -2.44325000e-03 2.12468000e-03 8.13510000e-04 8.42880000e-04 -1.20380000e-03 -1.43602000e-03 1.70444000e-03 -4.17610000e-04 -1.36398000e-03 8.40490000e-04 -5.70900000e-04 -1.93994000e-03 -2.26660000e-03 3.26220000e-04 5.65915000e-03 -1.13490000e-03 -6.43210000e-04 1.07115000e-03 -4.76290000e-04 -1.78751000e-03 1.58053000e-03 -1.98893000e-03 3.90315000e-03 1.71544000e-03 4.11213000e-03 -1.54423000e-03 1.72771000e-03 7.19000000e-06 -3.49011000e-03 -3.68670000e-04 8.32720000e-04 2.80751000e-03 6.58900000e-03 8.27300000e-05 -5.33750000e-03 2.76230000e-03 -1.26829000e-03 6.89390000e-04 4.46450000e-04 8.36900000e-05 -3.35845000e-03 -2.93940000e-04 1.79085000e-03 3.58430000e-04 -3.75710000e-04 -1.72858000e-03 -2.21259000e-03 -1.06254000e-03 -7.36114000e-03 -3.03891000e-03 -3.05870000e-03 -3.70922000e-03 -1.93174000e-03 -4.64561000e-03
-2.08135000e-03 -4.38230000e-04 -4.38320000e-04 -9.59400000e-05 -7.99700000e-05 -3.18570000e-04 -5.18730000e-04 8.46500000e-05 8.27560000e-04 4.72890000e-04 3.67000000e-05 7.48200000e-05 -1.08700000e-04 5.61260000e-04 -1.73528000e-03 -9.73000000e-05 5.75090000e-04 -1.83186000e-03 -4.29700000e-04 1.22380000e-04 -1.82710000e-04 -8.21200000e-05 9.28730000e-04 -1.58760000e-03 8.46260000e-04 -1.09150000e-04 -4.10640000e-04 3.56590000e-04 -1.49350000e-04 -3.86690000e-04 -4.84100000e-04 -2.70220000e-04 4.75900000e-05 -4.83110000e-04 1.04150000e-04 -9.78490000e-04 -1.11100000e-04 -4.81560000e-04 -1.71140000e-03 1.14150000e-04 -2.10070000e-04 5.54600000e-04 -3.78760000e-04 9.80000000e-07 4.41400000e-04 -7.53650000e-04 2.44060000e-04 -2.07910000e-04 -3.22440000e-04 -4.77030000e-04 -2.93300000e-05 -3.20580000e-04 -2.90890000e-04 -1.89470000e-04 -4.48350000e-04 -6.61580000e-04 -7.68000000e-06 3.15890000e-04 -3.37910000e-04 -2.68040000e-04 1.33080000e-03 7.45550000e-04 -4.30130000e-04 -8.83230000e-04 6.68630000e-04 7.89610000e-04 -1.80000000e-07 -3.37150000e-04 -3.89980000e-04 2.40040000e-04 -1.71100000e-04 -3.03200000e-04 2.97600000e-05 -3.33010000e-04 -8.21410000e-04 -2.07610000e-04 6.65600000e-05 1.36592000e-03 1.00350000e-04 -4.28400000e-04 1.07450000e-04 2.25400000e-05 -3.92270000e-04 1.54330000e-04 -4.34140000e-04 8.40140000e-04 2.78590000e-04 1.54110000e-04 -7.95200000e-05 1.88430000e-04 -2.24540000e-04 -9.58450000e-04 2.72770000e-04 -3.27120000e-04 1.64760000e-04 4.13040000e-04 8.53800000e-05 -1.74210000e-03 4.37650000e-04 -6.66730000e-04 -2.18930000e-04 -1.86740000e-04 -1.75070000e-04 -1.13210000e-03 -3.84430000e-04 1.41730000e-04 -4.84410000e-04 -2.60780000e-04 -7.18520000e-04 -1.16067000e-03 -2.93500000e-04 -2.32361000e-03 -8.49600000e-04 -1.11406000e-03 -7.91140000e-04 -7.53560000e-04 -8.18150000e-04
-3.97514000e-03 -5.00050000e-04 -1.61948000e-03 -3.37440000e-04 -2.65700000e-05 -2.48550000e-04 -1.55305000e-03 5.47400000e-04 2.03624000e-03 9.25840000e-04 -2.01060000e-04 -5.73100000e-05 8.11000000e-05 7.34220000e-04 -4.02755000e-03 -5.99520000e-04 1.20953000e-03 -4.42135000e-03 -9.45130000e-04 -7.42500000e-05 -2.31340000e-04 -3.87640000e-04 2.31624000e-03 -4.30082000e-03 1.80786000e-03 -8.21800000e-05 -1.44841000e-03 6.92390000e-04 -3.49110000e-04 -8.58480000e-04 -1.11936000e-03 -9.04420000e-04 -4.71700000e-05 -1.43912000e-03 2.01700000e-04 -2.44290000e-03 -3.97740000e-04 -8.82550000e-04 -4.33421000e-03 -7.25600000e-05 -5.84900000e-04 1.34139000e-03 -7.11870000e-04 3.01280000e-04 1.17633000e-03 -2.08801000e-03 6.93520000e-04 -6.96100000e-04 -5.36510000e-04 -1.35847000e-03 -4.24580000e-04 -9.57340000e-04 -4.81000000e-04 -5.70930000e-04 -9.71680000e-04 -1.71342000e-03 4.91360000e-04 5.71190000e-04 -2.53650000e-04 -8.82220000e-04 3.51395000e-03 1.72629000e-03 -5.59790000e-04 -2.32748000e-03 1.97682000e-03 1.78052000e-03 2.57900000e-04 -9.87370000e-04 -8.10330000e-04 -1.03330000e-04 -8.90490000e-04 -6.12810000e-04 -1.18760000e-04 -5.84300000e-04 -2.43604000e-03 -2.26870000e-04 5.94000000e-06 3.55115000e-03 5.13830000e-04 -1.01070000e-03 -8.55000000e-05 2.29630000e-04 -1.10184000e-03 1.00282000e-03 -9.36930000e-04 2.11674000e-03 5.16510000e-04 -5.85670000e-04 -1.13930000e-04 1.86040000e-04 -7.12420000e-04 -1.60569000e-03 9.10610000e-04 -3.32900000e-04 7.35240000e-04 1.16881000e-03 1.09337000e-03 -3.20952000e-03 1.21049000e-03 -1.27800000e-03 -2.67770000e-04 -6.42200000e-05 -1.26200000e-05 -2.05435000e-03 -6.84120000e-04 5.66190000e-04 -8.42290000e-04 -2.34320000e-04 -1.44529000e-03 -2.64118000e-03 -2.07920000e-04 -5.76761000e-03 -1.55381000e-03 -2.69394000e-03 -1.44945000e-03 -1.50663000e-03 -1.76556000e-03
3.10840000e-04 -1.17900000e-05 7.50950000e-04 1.15711000e-03 -5.47170000e-04 -2.87240000e-04 3.92040000e-04 4.12270000e-04 -2.16310000e-04 1.90520000e-04 6.47710000e-04 6.71600000e-05 2.87560000e-04 1.09662000e-03 1.35874000e-03 2.59020000e-04 3.12580000e-04 1.73848000e-03 7.18900000e-05 2.92590000e-04 5.19260000e-04 2.76610000e-04 -2.59530000e-04 1.51906000e-03 -1.28910000e-04 -2.00610000e-04 4.76550000e-04 5.71760000e-04 -5.77430000e-04 1.94100000e-05 2.01280000e-04 2.58740000e-04 5.78900000e-05 -3.18500000e-05 3.33670000e-04 4.87920000e-04 -3.59140000e-04 -5.54550000e-04 1.05912000e-03 4.16730000e-04 -2.52580000e-04 7.67500000e-05 2.76960000e-04 2.18990000e-04 3.23200000e-05 8.95980000e-04 -7.90200000e-05 3.73470000e-04 -6.48010000e-04 6.37930000e-04 3.80990000e-04 3.79430000e-04 -4.54800000e-05 2.65400000e-05 4.33470000e-04 2.73770000e-04 -5.15550000e-04 4.84320000e-04 -3.19070000e-04 5.54570000e-04 -3.25390000e-04 4.44300000e-05 -5.07600000e-05 7.00470000e-04 -4.47300000e-04 -1.02162000e-03 2.04320000e-04 2.50070000e-04 1.82750000e-04 6.18680000e-04 3.42900000e-04 -2.05900000e-05 3.99260000e-04 3.73490000e-04 9.28700000e-04 -6.04940000e-04 6.37500000e-05 -4.59890000e-04 -7.12100000e-04 4.65340000e-04 3.97860000e-04 -3.16970000e-04 7.72200000e-05 5.41800000e-05 2.15700000e-05 -1.01820000e-04 2.60020000e-04 1.86333000e-03 -4.82840000e-04 3.99690000e-04 4.29110000e-04 -1.30450000e-04 -7.50450000e-04 5.04760000e-04 4.35310000e-04 1.52492000e-03 -6.92330000e-04 5.35290000e-04 2.90390000e-04 3.68330000e-04 3.26570000e-04 9.67400000e-05 -5.67700000e-05 3.00690000e-04 3.12570000e-04 9.62400000e-05 6.83990000e-04 -8.37100000e-05 3.08670000e-04 9.59940000e-04 -3.22590000e-04 1.46379000e-03 -4.48300000e-05 8.58150000e-04 -4.14420000e-04 2.84720000e-04 -5.82720000e-04
-2.45801000e-03 -1.17260000e-04 -6.71240000e-04 2.37030000e-04 -2.55130000e-04 -5.21700000e-05 -7.02750000e-04 8.37140000e-04 1.29142000e-03 7.77650000e-04 3.13670000e-04 1.84750000e-04 4.79160000e-04 8.96220000e-04 -2.23613000e-03 -1.91750000e-04 1.02377000e-03 -2.35679000e-03 -5.56690000e-04 1.64370000e-04 6.10600000e-05 -5.18800000e-05 1.45225000e-03 -2.27015000e-03 1.30212000e-03 -1.06620000e-04 -5.56420000e-04 8.05540000e-04 -4.77950000e-04 -5.12900000e-04 -5.87550000e-04 -3.47760000e-04 8.73900000e-05 -9.38710000e-04 3.41590000e-04 -1.33273000e-03 -4.56650000e-04 -9.76010000e-04 -2.48385000e-03 2.91970000e-04 -5.30720000e-04 1.03177000e-03 -3.50380000e-04 3.39340000e-04 7.58690000e-04 -9.49010000e-04 5.20260000e-04 -2.65590000e-04 -8.06790000e-04 -5.39850000e-04 -6.29000000e-06 -4.51990000e-04 -2.77530000e-04 -2.31980000e-04 -4.91280000e-04 -9.93470000e-04 3.20420000e-04 6.70050000e-04 -8.48800000e-05 -2.69180000e-04 2.14034000e-03 1.24683000e-03 -1.90700000e-04 -1.13804000e-03 8.45640000e-04 8.03500000e-04 3.21000000e-04 -5.42750000e-04 -5.38360000e-04 2.83270000e-04 -3.37430000e-04 -3.94390000e-04 2.23490000e-04 -2.80040000e-04 -1.13239000e-03 -4.60750000e-04 8.48800000e-05 2.18541000e-03 -3.85900000e-05 -4.92040000e-04 1.66260000e-04 6.48300000e-05 -6.91340000e-04 6.00940000e-04 -5.89930000e-04 1.39655000e-03 4.84680000e-04 6.17860000e-04 -2.72390000e-04 4.44400000e-04 -2.36880000e-04 -9.61610000e-04 2.51320000e-04 2.53320000e-04 9.80530000e-04 1.82410000e-03 5.30240000e-04 -1.90528000e-03 9.09920000e-04 -4.13840000e-04 2.54240000e-04 2.96720000e-04 2.35040000e-04 -1.11986000e-03 -3.53200000e-05 7.41840000e-04 1.15900000e-05 4.17000000e-05 -5.29480000e-04 -9.73640000e-04 -5.14400000e-05 -3.29985000e-03 -8.49690000e-04 -1.46560000e-03 -8.54100000e-04 -5.93950000e-04 -1.09698000e-03
-9.84776000e-03 -1.28479000e-03 -1.94963000e-03 2.03495000e-03 -1.58034000e-03 -1.21723000e-03 -2.62334000e-03 2.76637000e-03 4.84512000e-03 3.23973000e-03 1.64667000e-03 3.89210000e-04 1.19555000e-03 5.21155000e-03 -7.13943000e-03 -6.44200000e-04 4.19893000e-03 -7.12967000e-03 -2.34189000e-03 8.84510000e-04 5.87540000e-04 -1.49460000e-04 5.49012000e-03 -7.16802000e-03 4.80772000e-03 -8.47510000e-04 -1.96952000e-03 3.62130000e-03 -2.40906000e-03 -2.25264000e-03 -2.34117000e-03 -1.30767000e-03 2.61880000e-04 -3.74043000e-03 1.56595000e-03 -4.99579000e-03 -2.09596000e-03 -4.11823000e-03 -8.68057000e-03 1.29197000e-03 -2.29583000e-03 3.97375000e-03 -1.32716000e-03 1.33027000e-03 3.13507000e-03 -2.95008000e-03 1.64745000e-03 -6.24240000e-04 -3.36976000e-03 -1.66429000e-03 1.63590000e-04 -1.44614000e-03 -1.39600000e-03 -1.25625000e-03 -1.63498000e-03 -3.70985000e-03 5.44600000e-05 2.90515000e-03 -1.33356000e-03 -7.04860000e-04 8.35814000e-03 4.91738000e-03 -1.48859000e-03 -3.97692000e-03 3.53837000e-03 2.07109000e-03 1.26021000e-03 -1.79884000e-03 -1.92425000e-03 1.53912000e-03 -1.06507000e-03 -1.72146000e-03 1.01290000e-03 -8.18630000e-04 -3.80232000e-03 -2.46357000e-03 3.05790000e-04 8.27960000e-03 -8.72280000e-04 -1.50759000e-03 1.04720000e-03 -3.01030000e-04 -2.59012000e-03 2.55245000e-03 -2.54687000e-03 5.42915000e-03 2.08158000e-03 3.72032000e-03 -1.63567000e-03 1.87240000e-03 -6.57880000e-04 -4.58425000e-03 1.24690000e-04 6.00290000e-04 3.32025000e-03 7.47908000e-03 9.47610000e-04 -7.40436000e-03 3.85778000e-03 -2.20526000e-03 4.09760000e-04 3.20740000e-04 1.20500000e-05 -4.66989000e-03 -8.21260000e-04 2.06017000e-03 -2.64170000e-04 -6.46150000e-04 -2.79810000e-03 -4.09891000e-03 -1.26037000e-03 -1.13629300e-02 -4.13663000e-03 -4.93967000e-03 -4.72072000e-03 -3.00534000e-03 -5.96469000e-03
6.51950000e-04 1.12000000e-04 5.86280000e-04 3.57420000e-04 -1.42160000e-04 3.86000000e-06 5.37940000e-04 1.37650000e-04 -4.81730000e-04 -6.88000000e-05 3.47570000e-04 2.06130000e-04 1.94620000e-04 2.50130000e-04 1.16637000e-03 2.49320000e-04 -6.08900000e-05 1.33582000e-03 1.94830000e-04 1.91160000e-04 2.01000000e-04 2.07860000e-04 -4.72620000e-04 1.32091000e-03 -3.23770000e-04 -1.05400000e-05 5.52550000e-04 1.00580000e-04 -1.33340000e-04 1.63420000e-04 2.11330000e-04 3.48110000e-04 7.69800000e-05 2.26140000e-04 6.58400000e-05 5.66140000e-04 -1.20210000e-04 -6.10300000e-05 9.76680000e-04 2.54060000e-04 -4.11400000e-05 -2.01850000e-04 2.19010000e-04 -8.51100000e-05 -2.29820000e-04 5.79230000e-04 -1.18130000e-04 2.50570000e-04 -1.60730000e-04 4.39330000e-04 2.35600000e-04 2.35950000e-04 7.58000000e-05 9.18400000e-05 2.51620000e-04 3.28030000e-04 -2.49470000e-04 -7.51000000e-06 -2.14200000e-05 3.61180000e-04 -7.87670000e-04 -3.01420000e-04 1.04500000e-04 7.97110000e-04 -6.66190000e-04 -5.77640000e-04 3.56300000e-05 2.14820000e-04 1.59680000e-04 2.23210000e-04 3.24410000e-04 1.01540000e-04 1.75040000e-04 1.54970000e-04 7.63680000e-04 -1.66620000e-04 5.27500000e-05 -7.19760000e-04 -3.20930000e-04 4.02890000e-04 2.46770000e-04 -7.33300000e-05 1.53990000e-04 -2.50450000e-04 1.64340000e-04 -3.99050000e-04 1.63200000e-05 7.20000000e-04 -1.24650000e-04 1.97970000e-04 3.57540000e-04 2.17260000e-04 -3.53690000e-04 3.05580000e-04 1.19500000e-04 4.36170000e-04 -4.94840000e-04 5.90890000e-04 -1.84040000e-04 4.09560000e-04 2.44500000e-04 1.58140000e-04 4.79700000e-05 3.71810000e-04 2.86310000e-04 3.65800000e-05 4.55770000e-04 7.21200000e-05 4.19110000e-04 8.34250000e-04 -4.67000000e-05 1.41970000e-03 2.30930000e-04 6.01280000e-04 6.52200000e-05 3.87490000e-04 9.34000000e-06
-1.37344000e-03 -1.04960000e-04 -5.36590000e-04 -1.69940000e-04 8.45600000e-05 1.22900000e-05 -4.46920000e-04 2.85220000e-04 6.92460000e-04 3.64040000e-04 1.51400000e-05 7.78200000e-05 1.44840000e-04 1.28120000e-04 -1.57022000e-03 -1.58480000e-04 4.41330000e-04 -1.73554000e-03 -2.40330000e-04 4.66000000e-06 -7.58300000e-05 -1.06620000e-04 7.81710000e-04 -1.57764000e-03 7.22620000e-04 4.90700000e-05 -3.76770000e-04 2.66440000e-04 -5.89900000e-05 -2.30160000e-04 -3.47460000e-04 -2.22800000e-04 3.67900000e-05 -4.02050000e-04 1.64110000e-04 -8.00060000e-04 -9.31000000e-05 -3.05750000e-04 -1.54446000e-03 5.83800000e-05 -1.34730000e-04 5.03470000e-04 -2.32630000e-04 1.77230000e-04 3.69280000e-04 -6.87800000e-04 3.20240000e-04 -2.21610000e-04 -2.14150000e-04 -4.29120000e-04 -8.87100000e-05 -3.21190000e-04 -9.92700000e-05 -6.49000000e-05 -3.25260000e-04 -5.61720000e-04 2.50440000e-04 3.07550000e-04 -7.65000000e-06 -2.74210000e-04 1.12536000e-03 6.27690000e-04 -1.24250000e-04 -7.70420000e-04 5.51780000e-04 7.08980000e-04 1.53220000e-04 -2.66640000e-04 -2.99200000e-04 3.58900000e-05 -2.36750000e-04 -1.32160000e-04 1.04210000e-04 -2.13500000e-04 -8.05420000e-04 -5.17700000e-05 2.52400000e-05 1.22875000e-03 1.76620000e-04 -4.09450000e-04 -3.83600000e-05 1.65840000e-04 -3.68760000e-04 3.27790000e-04 -2.66580000e-04 7.40130000e-04 2.02780000e-04 -1.13590000e-04 5.27300000e-05 1.30360000e-04 -2.53260000e-04 -4.93670000e-04 3.59680000e-04 -4.25000000e-05 3.54030000e-04 4.73730000e-04 3.85560000e-04 -1.17567000e-03 4.62510000e-04 -3.27880000e-04 1.59800000e-05 1.09750000e-04 1.07380000e-04 -7.10390000e-04 -1.31410000e-04 3.13520000e-04 -2.01380000e-04 3.19000000e-06 -3.57050000e-04 -7.42630000e-04 5.57000000e-06 -2.08578000e-03 -4.58540000e-04 -9.82160000e-04 -3.23350000e-04 -4.01670000e-04 -3.90330000e-04
1.86821000e-03 3.28980000e-04 -2.33200000e-05 -9.33870000e-04 6.53380000e-04 4.17190000e-04 2.71550000e-04 -7.40800000e-04 -8.01270000e-04 -7.58290000e-04 -7.15890000e-04 -1.43260000e-04 -3.71530000e-04 -1.87330000e-03 5.92690000e-04 -5.02000000e-06 -1.03013000e-03 3.81410000e-04 4.93130000e-04 -3.60060000e-04 -3.37880000e-04 -1.15500000e-04 -9.31750000e-04 5.22140000e-04 -8.82200000e-04 3.39970000e-04 9.87300000e-05 -1.05484000e-03 8.56620000e-04 5.28550000e-04 3.70520000e-04 8.31800000e-05 -7.75600000e-05 8.27440000e-04 -4.18010000e-04 7.45550000e-04 7.46880000e-04 1.12982000e-03 1.17007000e-03 -5.08370000e-04 6.99810000e-04 -8.54280000e-04 1.88160000e-04 -3.15280000e-04 -6.21290000e-04 1.04990000e-04 -2.32390000e-04 -8.29000000e-05 1.04522000e-03 -2.28700000e-05 -2.56940000e-04 1.21390000e-04 4.01790000e-04 3.08610000e-04 1.94790000e-04 6.32250000e-04 3.43410000e-04 -7.38050000e-04 4.55240000e-04 -1.67690000e-04 -1.45699000e-03 -1.00611000e-03 3.85180000e-04 3.45670000e-04 -4.81550000e-04 1.96910000e-04 -3.28490000e-04 2.90870000e-04 3.41890000e-04 -5.67810000e-04 2.17800000e-05 4.16730000e-04 -3.30250000e-04 5.26700000e-05 2.34030000e-04 9.06420000e-04 -8.78800000e-05 -1.43623000e-03 6.35780000e-04 -9.97000000e-06 -4.60150000e-04 2.92680000e-04 5.14010000e-04 -5.10050000e-04 6.02790000e-04 -1.03283000e-03 -5.44820000e-04 -1.67141000e-03 6.60110000e-04 -6.29670000e-04 -1.47860000e-04 1.06155000e-03 4.55590000e-04 -3.34800000e-04 -8.54900000e-04 -2.26034000e-03 2.85910000e-04 1.31509000e-03 -8.72820000e-04 2.99350000e-04 -2.17130000e-04 -8.38100000e-05 8.55400000e-05 8.34020000e-04 9.04600000e-05 -4.04720000e-04 -2.44390000e-04 2.14070000e-04 4.81180000e-04 3.49720000e-04 4.76730000e-04 1.42887000e-03 9.43780000e-04 5.47560000e-04 1.26611000e-03 5.13680000e-04 1.63967000e-03
-2.45440000e-03 -3.08060000e-04 -1.18020000e-04 6.44980000e-04 -4.63020000e-04 -2.20250000e-04 -3.42470000e-04 8.94700000e-04 1.04100000e-03 8.94300000e-04 6.15040000e-04 2.70330000e-04 4.73840000e-04 1.52166000e-03 -1.30802000e-03 2.89100000e-05 1.13644000e-03 -1.18908000e-03 -5.84630000e-04 3.98030000e-04 7.24800000e-05 1.02020000e-04 1.18835000e-03 -1.07133000e-03 1.19922000e-03 -2.00370000e-04 -1.72060000e-04 1.02132000e-03 -5.82390000e-04 -5.79840000e-04 -5.14350000e-04 -1.41020000e-04 1.16570000e-04 -7.04890000e-04 3.78450000e-04 -1.12125000e-03 -5.29090000e-04 -1.13721000e-03 -1.79359000e-03 5.75300000e-04 -6.13350000e-04 9.71230000e-04 -3.80630000e-04 1.45920000e-04 6.81600000e-04 -3.79120000e-04 4.29000000e-04 -1.34730000e-04 -9.19780000e-04 -1.68350000e-04 2.85130000e-04 -2.02160000e-04 -4.30110000e-04 -3.00360000e-04 -3.73750000e-04 -8.00380000e-04 -5.51500000e-05 7.23690000e-04 -2.79210000e-04 1.10860000e-04 1.78969000e-03 1.20065000e-03 -2.05150000e-04 -5.86590000e-04 4.37540000e-04 3.62630000e-04 2.18430000e-04 -2.38210000e-04 -5.44260000e-04 7.82090000e-04 6.44300000e-05 -3.87410000e-04 3.45080000e-04 -2.67200000e-04 -4.45440000e-04 -7.31270000e-04 1.70860000e-04 1.79584000e-03 -3.83820000e-04 -6.09400000e-05 4.84190000e-04 -7.66400000e-05 -5.34390000e-04 3.96860000e-04 -6.40650000e-04 1.26386000e-03 5.75850000e-04 1.55178000e-03 -4.15460000e-04 6.58900000e-04 1.86220000e-04 -1.08396000e-03 -6.30200000e-05 3.73740000e-04 1.01764000e-03 2.27328000e-03 -4.08700000e-05 -1.71456000e-03 8.22360000e-04 -2.76540000e-04 3.91720000e-04 2.72860000e-04 1.39940000e-04 -1.06998000e-03 1.67800000e-05 7.71440000e-04 2.75210000e-04 4.44600000e-05 -4.05050000e-04 -6.28750000e-04 -3.10400000e-04 -2.18486000e-03 -8.86710000e-04 -1.04749000e-03 -1.23403000e-03 -5.24480000e-04 -1.49828000e-03
9.45003000e-03 1.34316000e-03 2.40263000e-03 -3.60370000e-04 5.57460000e-04 1.07120000e-03 2.54623000e-03 -1.37706000e-03 -4.36188000e-03 -2.66630000e-03 -8.34140000e-04 -3.92210000e-04 -2.19260000e-04 -3.35789000e-03 8.45671000e-03 5.34430000e-04 -3.22486000e-03 9.16243000e-03 1.98882000e-03 -6.37450000e-04 1.85040000e-04 2.27370000e-04 -4.94129000e-03 8.53449000e-03 -4.49248000e-03 4.74420000e-04 1.99376000e-03 -2.45619000e-03 1.67662000e-03 1.77800000e-03 2.02440000e-03 1.14065000e-03 -4.65050000e-04 3.22726000e-03 -1.08388000e-03 4.46563000e-03 1.14030000e-03 2.97362000e-03 8.53281000e-03 -8.17330000e-04 1.37538000e-03 -3.31842000e-03 1.45885000e-03 -9.56410000e-04 -2.69517000e-03 3.39940000e-03 -1.47952000e-03 6.27940000e-04 2.51778000e-03 2.04603000e-03 1.70600000e-04 1.40202000e-03 9.39270000e-04 9.92340000e-04 1.84845000e-03 3.10898000e-03 -3.66630000e-04 -1.93794000e-03 1.16050000e-03 1.15554000e-03 -7.20348000e-03 -4.16963000e-03 1.80567000e-03 4.31798000e-03 -3.18378000e-03 -2.95715000e-03 -8.40010000e-04 1.71484000e-03 1.82983000e-03 -6.10010000e-04 1.06911000e-03 1.38056000e-03 -6.85360000e-04 1.10197000e-03 4.25551000e-03 1.31853000e-03 -4.29190000e-04 -7.50226000e-03 -1.64520000e-04 2.13141000e-03 -4.57870000e-04 -1.17670000e-04 1.97632000e-03 -1.86141000e-03 2.04917000e-03 -4.75292000e-03 -1.43364000e-03 -8.92110000e-04 7.21290000e-04 -1.23006000e-03 1.21120000e-03 4.26497000e-03 -1.04880000e-03 5.90460000e-04 -1.77961000e-03 -3.96723000e-03 -1.10131000e-03 7.94493000e-03 -2.83912000e-03 2.74415000e-03 4.88320000e-04 1.96660000e-04 3.37290000e-04 5.21049000e-03 1.31840000e-03 -1.22934000e-03 1.55140000e-03 9.58490000e-04 3.11092000e-03 4.78071000e-03 9.26490000e-04 1.18622100e-02 4.07341000e-03 5.08633000e-03 3.75871000e-03 3.33747000e-03 4.72470000e-03
2.48836000e-03 4.66100000e-04 4.76300000e-04 -6.48360000e-04 6.48930000e-04 4.33210000e-04 7.51880000e-04 -6.62680000e-04 -1.13594000e-03 -8.38270000e-04 -4.08620000e-04 2.17300000e-05 -2.25410000e-04 -1.82186000e-03 1.51520000e-03 2.36240000e-04 -1.12133000e-03 1.45881000e-03 7.33060000e-04 -1.66800000e-04 -1.12350000e-04 7.91700000e-05 -1.24994000e-03 1.59834000e-03 -1.12211000e-03 3.58460000e-04 6.15620000e-04 -1.01631000e-03 8.12540000e-04 7.53720000e-04 5.55930000e-04 4.05550000e-04 5.77800000e-05 1.10967000e-03 -2.96100000e-04 1.29244000e-03 7.18330000e-04 1.17268000e-03 1.99072000e-03 -3.15050000e-04 7.87210000e-04 -1.00712000e-03 4.26230000e-04 -3.27080000e-04 -7.64290000e-04 5.57270000e-04 -2.87780000e-04 1.72520000e-04 1.03666000e-03 3.07310000e-04 -8.07400000e-05 3.30370000e-04 5.96450000e-04 4.41380000e-04 4.59840000e-04 9.61960000e-04 2.02930000e-04 -6.78750000e-04 4.54220000e-04 7.14500000e-05 -2.03185000e-03 -1.25155000e-03 4.81710000e-04 1.04236000e-03 -1.05658000e-03 -1.63000000e-04 -2.47210000e-04 5.48790000e-04 5.08190000e-04 -4.31380000e-04 2.89860000e-04 5.64490000e-04 -1.09700000e-04 2.53530000e-04 7.75060000e-04 8.25650000e-04 -2.72900000e-05 -2.00682000e-03 4.22820000e-04 2.56730000e-04 -2.56120000e-04 2.73980000e-04 6.84070000e-04 -5.99950000e-04 8.09470000e-04 -1.37388000e-03 -5.94680000e-04 -1.19514000e-03 6.35030000e-04 -4.90060000e-04 8.77500000e-05 1.28539000e-03 1.95400000e-04 -9.44200000e-05 -7.93910000e-04 -1.99950000e-03 -2.10400000e-05 1.86893000e-03 -9.63670000e-04 6.33540000e-04 -4.59900000e-05 3.52100000e-05 1.15060000e-04 1.18941000e-03 3.43000000e-04 -4.03700000e-04 1.06290000e-04 2.73540000e-04 8.25810000e-04 9.99450000e-04 5.03320000e-04 2.59844000e-03 1.17507000e-03 1.03620000e-03 1.36908000e-03 8.38180000e-04 1.73075000e-03
4.06733000e-03 6.07790000e-04 -5.19800000e-05 -2.07030000e-03 1.34867000e-03 8.62680000e-04 6.88540000e-04 -1.63687000e-03 -1.95909000e-03 -1.68856000e-03 -1.47087000e-03 -3.04900000e-04 -8.27430000e-04 -3.69334000e-03 1.64871000e-03 -6.80200000e-05 -2.22926000e-03 1.19803000e-03 1.02762000e-03 -7.98080000e-04 -7.59430000e-04 -2.80910000e-04 -2.19027000e-03 1.44265000e-03 -2.02370000e-03 6.83470000e-04 2.72980000e-04 -2.24060000e-03 1.64882000e-03 1.02557000e-03 8.09080000e-04 2.60110000e-04 -2.09130000e-04 1.67700000e-03 -1.01153000e-03 1.64330000e-03 1.33705000e-03 2.49098000e-03 2.62021000e-03 -1.05041000e-03 1.27882000e-03 -1.87614000e-03 3.62050000e-04 -7.54470000e-04 -1.44673000e-03 3.03510000e-04 -5.83000000e-04 -1.76200000e-04 2.20437000e-03 8.39000000e-06 -5.15300000e-04 2.05450000e-04 7.17880000e-04 5.38690000e-04 2.93670000e-04 1.26490000e-03 4.99130000e-04 -1.81102000e-03 9.43330000e-04 -2.90680000e-04 -3.36605000e-03 -2.26807000e-03 7.31920000e-04 9.76890000e-04 -1.13770000e-03 1.39370000e-04 -7.08960000e-04 5.23320000e-04 6.91500000e-04 -1.29147000e-03 3.01200000e-05 8.62550000e-04 -8.25150000e-04 4.45000000e-06 6.78950000e-04 1.82414000e-03 -2.23740000e-04 -3.20042000e-03 1.19764000e-03 1.68220000e-04 -9.73850000e-04 5.58750000e-04 9.69230000e-04 -1.09787000e-03 1.18504000e-03 -2.31205000e-03 -1.19760000e-03 -3.64993000e-03 1.27874000e-03 -1.28162000e-03 -1.86920000e-04 2.22940000e-03 8.29930000e-04 -7.36780000e-04 -1.89757000e-03 -4.88417000e-03 3.28680000e-04 2.80595000e-03 -1.99652000e-03 6.14200000e-04 -5.13240000e-04 -1.99070000e-04 9.06600000e-05 1.72150000e-03 5.68100000e-05 -9.94900000e-04 -5.50860000e-04 3.83980000e-04 9.62530000e-04 7.87300000e-04 8.71720000e-04 3.37782000e-03 1.87431000e-03 1.22615000e-03 2.49333000e-03 1.02136000e-03 3.11676000e-03
-2.10578000e-03 -3.28710000e-04 -4.87200000e-05 4.65610000e-04 -3.79460000e-04 -2.27040000e-04 -2.21340000e-04 6.55250000e-04 7.91370000e-04 7.24320000e-04 5.16320000e-04 2.68310000e-04 3.29810000e-04 1.31680000e-03 -1.05059000e-03 6.33000000e-05 9.16100000e-04 -9.62970000e-04 -4.80870000e-04 3.49130000e-04 -9.39000000e-06 1.04730000e-04 9.09620000e-04 -7.89530000e-04 9.74860000e-04 -1.78510000e-04 -7.57500000e-05 8.06010000e-04 -4.88810000e-04 -4.92710000e-04 -4.07270000e-04 -7.94900000e-05 1.02900000e-04 -5.52320000e-04 2.62550000e-04 -8.82560000e-04 -4.32480000e-04 -8.99050000e-04 -1.41183000e-03 4.96350000e-04 -5.10360000e-04 7.67320000e-04 -3.47720000e-04 2.70900000e-05 5.02300000e-04 -2.76760000e-04 3.17820000e-04 -9.49000000e-05 -7.60590000e-04 -1.06190000e-04 2.74180000e-04 -1.54070000e-04 -3.98250000e-04 -2.46060000e-04 -3.46650000e-04 -6.32600000e-04 -1.30350000e-04 5.20950000e-04 -2.81550000e-04 1.25050000e-04 1.34907000e-03 9.50790000e-04 -2.34160000e-04 -4.15900000e-04 3.08600000e-04 2.84010000e-04 1.16540000e-04 -1.99040000e-04 -4.46820000e-04 6.98100000e-04 8.89900000e-05 -3.25860000e-04 2.54340000e-04 -2.76780000e-04 -2.71770000e-04 -6.15470000e-04 1.52040000e-04 1.37620000e-03 -3.28510000e-04 -2.64600000e-05 4.19980000e-04 -7.96200000e-05 -4.20990000e-04 2.02470000e-04 -5.43500000e-04 9.76440000e-04 4.73710000e-04 1.29825000e-03 -3.40570000e-04 5.63250000e-04 1.84540000e-04 -9.58730000e-04 -7.83100000e-05 2.37010000e-04 7.47750000e-04 1.74175000e-03 -1.88440000e-04 -1.53557000e-03 5.71880000e-04 -2.66470000e-04 2.73610000e-04 1.81680000e-04 5.40000000e-05 -9.79000000e-04 -3.79400000e-05 5.78640000e-04 1.62700000e-04 -1.34300000e-05 -3.65250000e-04 -5.31160000e-04 -3.15640000e-04 -1.70034000e-03 -7.93160000e-04 -8.32140000e-04 -1.06633000e-03 -4.74170000e-04 -1.27284000e-03
-4.80532000e-03 -6.48010000e-04 -3.26400000e-04 2.02751000e-03 -1.42075000e-03 -7.13930000e-04 -9.92670000e-04 1.98804000e-03 2.14656000e-03 1.83588000e-03 1.37462000e-03 2.67070000e-04 9.75430000e-04 4.04716000e-03 -2.29944000e-03 -1.15920000e-04 2.44254000e-03 -1.99046000e-03 -1.29716000e-03 7.09410000e-04 5.49920000e-04 1.56590000e-04 2.40459000e-03 -2.17871000e-03 2.32033000e-03 -7.01570000e-04 -6.23380000e-04 2.35236000e-03 -1.90764000e-03 -1.30823000e-03 -1.01314000e-03 -4.81960000e-04 7.73800000e-05 -2.03856000e-03 9.32800000e-04 -2.21681000e-03 -1.50681000e-03 -2.69178000e-03 -3.44253000e-03 1.06202000e-03 -1.60912000e-03 2.11562000e-03 -5.92790000e-04 6.28120000e-04 1.50081000e-03 -5.88800000e-04 7.54820000e-04 -9.75500000e-05 -2.44079000e-03 -2.10980000e-04 4.94650000e-04 -3.97270000e-04 -9.60700000e-04 -7.85300000e-04 -6.02850000e-04 -1.69809000e-03 -3.79840000e-04 1.62537000e-03 -8.22390000e-04 2.22200000e-04 3.84030000e-03 2.56246000e-03 -6.26770000e-04 -1.38022000e-03 1.41052000e-03 -4.92300000e-05 6.83360000e-04 -6.80130000e-04 -9.05060000e-04 1.51414000e-03 -2.00280000e-04 -9.85050000e-04 7.34280000e-04 -2.51210000e-04 -9.13180000e-04 -1.94215000e-03 1.88550000e-04 3.68988000e-03 -1.19596000e-03 -1.87360000e-04 9.22740000e-04 -5.41220000e-04 -1.24152000e-03 1.20178000e-03 -1.47851000e-03 2.64656000e-03 1.31687000e-03 3.74930000e-03 -1.36637000e-03 1.34583000e-03 2.02520000e-04 -2.41597000e-03 -7.25590000e-04 9.82490000e-04 2.24215000e-03 5.50934000e-03 -1.64580000e-04 -3.28424000e-03 1.99479000e-03 -6.35840000e-04 7.54390000e-04 4.41920000e-04 1.08630000e-04 -2.13710000e-03 -2.35400000e-05 1.39373000e-03 6.97210000e-04 -1.60080000e-04 -1.00280000e-03 -1.05236000e-03 -8.50550000e-04 -4.32280000e-03 -2.10082000e-03 -1.69002000e-03 -2.88789000e-03 -1.20820000e-03 -3.79616000e-03
-1.16218100e-02 -1.39882000e-03 -1.41496000e-03 3.18746000e-03 -2.77332000e-03 -1.45171000e-03 -2.88341000e-03 4.15518000e-03 5.40822000e-03 3.97516000e-03 2.23662000e-03 6.10640000e-04 2.25459000e-03 7.48095000e-03 -7.12783000e-03 -5.14560000e-04 5.44321000e-03 -6.47148000e-03 -3.11570000e-03 1.40806000e-03 9.04510000e-04 9.42200000e-05 5.98088000e-03 -6.62639000e-03 5.44754000e-03 -1.40733000e-03 -2.08567000e-03 4.84523000e-03 -3.05385000e-03 -2.95825000e-03 -2.68004000e-03 -1.46125000e-03 1.22830000e-04 -4.28606000e-03 1.65582000e-03 -5.80744000e-03 -2.89645000e-03 -5.75673000e-03 -9.04392000e-03 2.02245000e-03 -3.18804000e-03 4.65699000e-03 -1.62789000e-03 1.46389000e-03 3.47016000e-03 -2.45270000e-03 1.80925000e-03 -9.32560000e-04 -4.79260000e-03 -1.31677000e-03 7.24400000e-04 -1.40339000e-03 -2.32493000e-03 -1.50291000e-03 -1.77806000e-03 -4.23454000e-03 -1.03360000e-04 3.93385000e-03 -1.62769000e-03 -1.95890000e-04 9.11411000e-03 5.75801000e-03 -1.39758000e-03 -4.18582000e-03 3.73528000e-03 1.81235000e-03 1.22792000e-03 -2.15937000e-03 -2.45129000e-03 2.78281000e-03 -6.36450000e-04 -2.39834000e-03 1.05352000e-03 -9.94140000e-04 -3.21873000e-03 -3.67758000e-03 3.94810000e-04 9.05244000e-03 -1.92411000e-03 -9.82630000e-04 1.77802000e-03 -8.93670000e-04 -2.98972000e-03 2.34437000e-03 -3.28400000e-03 6.21138000e-03 2.83360000e-03 7.07058000e-03 -2.54176000e-03 2.68714000e-03 8.65200000e-05 -5.47090000e-03 -6.01460000e-04 1.29079000e-03 4.85053000e-03 1.06869300e-02 4.88610000e-04 -8.26031000e-03 4.81210000e-03 -1.83335000e-03 1.35890000e-03 7.68280000e-04 3.72730000e-04 -4.73169000e-03 -2.46430000e-04 3.09557000e-03 7.56450000e-04 -3.77760000e-04 -2.61844000e-03 -3.39774000e-03 -1.53971000e-03 -1.17973300e-02 -4.42271000e-03 -5.08576000e-03 -5.41116000e-03 -2.70206000e-03 -6.16100000e-03
1.80538000e-03 2.96570000e-04 2.15660000e-04 -5.92420000e-04 5.01960000e-04 3.01250000e-04 4.27090000e-04 -6.11540000e-04 -8.39920000e-04 -6.64820000e-04 -4.61510000e-04 -7.95600000e-05 -2.82630000e-04 -1.47832000e-03 9.66860000e-04 9.93800000e-05 -8.91220000e-04 8.58070000e-04 5.08750000e-04 -2.30790000e-04 -1.82990000e-04 -5.62000000e-06 -9.54270000e-04 9.55000000e-04 -8.65530000e-04 2.75230000e-04 2.85750000e-04 -8.41180000e-04 6.36610000e-04 5.24950000e-04 3.97730000e-04 2.04360000e-04 -2.02900000e-05 7.98430000e-04 -2.98050000e-04 8.68200000e-04 5.99450000e-04 9.34960000e-04 1.39385000e-03 -3.28260000e-04 6.07960000e-04 -7.94510000e-04 2.56380000e-04 -2.74490000e-04 -5.85460000e-04 3.34730000e-04 -2.44740000e-04 4.22500000e-05 8.24560000e-04 1.52570000e-04 -1.19530000e-04 2.19180000e-04 3.89100000e-04 2.93020000e-04 3.02130000e-04 6.81550000e-04 1.45120000e-04 -5.88240000e-04 3.29630000e-04 -5.71000000e-06 -1.52016000e-03 -9.65000000e-04 3.18180000e-04 6.00450000e-04 -6.65720000e-04 -9.16900000e-05 -2.62200000e-04 3.61780000e-04 3.68420000e-04 -3.62970000e-04 1.47910000e-04 4.07030000e-04 -1.82420000e-04 1.46860000e-04 4.93680000e-04 6.89300000e-04 -4.48700000e-05 -1.49816000e-03 4.11770000e-04 1.41760000e-04 -3.00620000e-04 2.09330000e-04 5.08540000e-04 -4.78820000e-04 5.83390000e-04 -1.02292000e-03 -4.62190000e-04 -1.09734000e-03 5.09100000e-04 -4.55460000e-04 1.01400000e-05 9.48980000e-04 2.40580000e-04 -1.85610000e-04 -7.10970000e-04 -1.74065000e-03 1.09700000e-05 1.33957000e-03 -7.91020000e-04 3.73830000e-04 -1.35710000e-04 -5.40600000e-05 4.41600000e-05 8.18860000e-04 1.63590000e-04 -3.67820000e-04 -5.67700000e-05 1.56070000e-04 5.32880000e-04 5.80030000e-04 3.46120000e-04 1.77128000e-03 8.48950000e-04 7.18090000e-04 1.04100000e-03 5.47900000e-04 1.33099000e-03
-9.04670000e-04 -1.24210000e-04 2.21330000e-04 4.47280000e-04 -2.80170000e-04 -1.47710000e-04 7.83000000e-06 3.88490000e-04 2.86200000e-04 3.54720000e-04 3.35300000e-04 1.50690000e-04 2.28940000e-04 7.52680000e-04 -2.36690000e-04 1.46800000e-04 4.57520000e-04 -9.23100000e-05 -2.05260000e-04 2.67760000e-04 6.27200000e-05 1.42230000e-04 3.00010000e-04 2.06800000e-05 4.06250000e-04 -1.30710000e-04 1.02410000e-04 4.52840000e-04 -2.75320000e-04 -1.83180000e-04 -1.18570000e-04 3.73300000e-05 8.23700000e-05 -1.51860000e-04 1.60320000e-04 -2.51830000e-04 -1.59470000e-04 -5.38820000e-04 -2.92680000e-04 3.40660000e-04 -2.05400000e-04 3.07550000e-04 -1.09130000e-04 3.49000000e-06 1.92490000e-04 1.34470000e-04 1.20220000e-04 1.66600000e-05 -4.84290000e-04 1.15300000e-04 2.42820000e-04 6.98200000e-05 -1.87700000e-04 -7.18300000e-05 -4.56900000e-05 -1.43700000e-04 -1.16660000e-04 3.56550000e-04 -1.81580000e-04 1.94060000e-04 4.20530000e-04 3.98800000e-04 -7.41300000e-05 -3.15100000e-05 -7.22500000e-05 -1.81100000e-05 2.54200000e-05 1.05600000e-05 -1.76280000e-04 5.58900000e-04 2.08900000e-04 -1.49940000e-04 2.02030000e-04 -5.61600000e-05 1.56920000e-04 -3.74390000e-04 1.18830000e-04 3.89310000e-04 -2.93240000e-04 9.01000000e-05 2.99990000e-04 -1.12920000e-04 -8.51500000e-05 -3.21200000e-05 -2.02060000e-04 3.54930000e-04 2.49110000e-04 1.11256000e-03 -2.14460000e-04 3.38430000e-04 2.10540000e-04 -4.35110000e-04 -1.79330000e-04 2.02050000e-04 4.29830000e-04 1.06655000e-03 -2.43040000e-04 -5.64230000e-04 2.76440000e-04 1.21400000e-05 2.42040000e-04 1.15580000e-04 4.97800000e-05 -3.40450000e-04 1.35430000e-04 3.39080000e-04 2.59800000e-04 2.36000000e-05 -2.31100000e-05 5.05800000e-05 -1.61030000e-04 -3.76070000e-04 -2.82360000e-04 -1.42960000e-04 -4.65950000e-04 -7.43200000e-05 -4.63250000e-04
-5.13408000e-03 -7.06240000e-04 -9.90060000e-04 6.38150000e-04 -6.33880000e-04 -5.85440000e-04 -1.32472000e-03 1.16695000e-03 2.33639000e-03 1.50153000e-03 5.70170000e-04 2.37560000e-04 4.44450000e-04 2.29849000e-03 -3.82881000e-03 -2.67250000e-04 1.95825000e-03 -3.89084000e-03 -1.22629000e-03 4.68010000e-04 5.12000000e-05 -6.74500000e-05 2.64616000e-03 -3.71129000e-03 2.34222000e-03 -3.76320000e-04 -1.04574000e-03 1.56098000e-03 -9.65790000e-04 -1.10702000e-03 -1.18193000e-03 -6.72570000e-04 1.45670000e-04 -1.71397000e-03 5.40170000e-04 -2.53725000e-03 -8.21470000e-04 -1.88702000e-03 -4.33566000e-03 5.80510000e-04 -1.01324000e-03 1.82977000e-03 -7.67410000e-04 4.06540000e-04 1.45772000e-03 -1.57665000e-03 8.17260000e-04 -4.53490000e-04 -1.49353000e-03 -9.47790000e-04 5.68400000e-05 -7.17270000e-04 -7.35760000e-04 -6.66500000e-04 -9.37290000e-04 -1.79304000e-03 1.14860000e-04 1.19877000e-03 -6.48150000e-04 -4.09320000e-04 3.96479000e-03 2.30176000e-03 -7.59160000e-04 -2.06028000e-03 1.65793000e-03 1.38611000e-03 4.10340000e-04 -9.28060000e-04 -1.03945000e-03 7.52070000e-04 -4.42360000e-04 -8.64390000e-04 3.13310000e-04 -5.69020000e-04 -1.90732000e-03 -9.94530000e-04 2.17140000e-04 3.96468000e-03 -2.17100000e-04 -7.28660000e-04 5.27390000e-04 -8.06100000e-05 -1.17389000e-03 9.72790000e-04 -1.23149000e-03 2.57967000e-03 9.30540000e-04 1.49272000e-03 -6.37500000e-04 8.30320000e-04 -2.77230000e-04 -2.31798000e-03 3.09400000e-04 4.09200000e-05 1.40874000e-03 3.09554000e-03 4.73440000e-04 -3.91752000e-03 1.68968000e-03 -1.20162000e-03 1.12460000e-04 6.74200000e-05 -3.55000000e-05 -2.48295000e-03 -4.62500000e-04 9.77180000e-04 -3.35970000e-04 -2.99120000e-04 -1.46179000e-03 -2.26003000e-03 -5.66060000e-04 -5.75303000e-03 -2.05640000e-03 -2.58158000e-03 -2.29661000e-03 -1.58061000e-03 -2.72732000e-03
-5.92510000e-04 -5.39300000e-05 -8.88900000e-04 -1.26641000e-03 7.35490000e-04 1.96490000e-04 -5.16970000e-04 -6.19370000e-04 3.77810000e-04 -2.00230000e-04 -7.87600000e-04 -1.02880000e-04 -4.75620000e-04 -1.48138000e-03 -1.79861000e-03 -2.57030000e-04 -3.48470000e-04 -2.28063000e-03 -2.79000000e-05 -3.21820000e-04 -5.47180000e-04 -2.83240000e-04 4.39070000e-04 -1.97174000e-03 2.06630000e-04 3.09390000e-04 -6.18310000e-04 -6.84520000e-04 7.06740000e-04 6.18000000e-05 -2.66130000e-04 -3.32360000e-04 -6.61000000e-06 6.71800000e-05 -3.17580000e-04 -5.96280000e-04 5.76730000e-04 6.95580000e-04 -1.33952000e-03 -4.98530000e-04 4.57830000e-04 -9.12200000e-05 -2.61800000e-04 -2.16470000e-04 7.90900000e-05 -1.13287000e-03 1.39210000e-04 -4.05060000e-04 8.17720000e-04 -8.16670000e-04 -4.68780000e-04 -3.99520000e-04 1.59350000e-04 -1.45200000e-05 -3.97220000e-04 -2.88640000e-04 5.52670000e-04 -4.68110000e-04 2.34440000e-04 -6.73840000e-04 5.31880000e-04 -2.66500000e-05 -7.62000000e-05 -9.20990000e-04 5.70010000e-04 1.33526000e-03 -2.27360000e-04 -2.43170000e-04 -1.39920000e-04 -6.75690000e-04 -4.03830000e-04 8.40600000e-05 -3.90270000e-04 -3.27770000e-04 -1.18174000e-03 8.31000000e-04 -1.41800000e-05 6.34420000e-04 1.00939000e-03 -6.06400000e-04 -4.51960000e-04 4.62280000e-04 -4.86300000e-05 -7.39000000e-06 7.93300000e-05 1.84000000e-04 -2.83880000e-04 -2.22564000e-03 6.67810000e-04 -4.97750000e-04 -5.45950000e-04 2.87500000e-05 1.05975000e-03 -7.17400000e-04 -6.31390000e-04 -1.92968000e-03 7.93090000e-04 -7.80440000e-04 -2.71100000e-04 -5.83110000e-04 -5.33600000e-04 -2.41840000e-04 -4.81000000e-05 -5.41230000e-04 -4.31290000e-04 -2.16630000e-04 -9.34940000e-04 -4.22900000e-05 -4.88650000e-04 -1.35570000e-03 2.97220000e-04 -1.94319000e-03 -8.23900000e-05 -1.06991000e-03 3.49280000e-04 -4.90600000e-04 5.43700000e-04
-7.38747000e-03 -8.75070000e-04 -9.87620000e-04 1.14398000e-03 -8.53030000e-04 -6.10320000e-04 -1.30511000e-03 1.92969000e-03 2.78311000e-03 2.24604000e-03 1.32698000e-03 7.06170000e-04 7.15060000e-04 4.05084000e-03 -5.30500000e-03 2.97700000e-05 2.77877000e-03 -5.68978000e-03 -1.64115000e-03 9.96070000e-04 -9.19100000e-05 2.25220000e-04 3.25469000e-03 -5.00991000e-03 3.42748000e-03 -4.71440000e-04 -8.62570000e-04 2.33497000e-03 -2.08456000e-03 -1.49326000e-03 -1.33899000e-03 -4.87950000e-04 4.49330000e-04 -2.59503000e-03 8.68030000e-04 -3.04735000e-03 -1.28012000e-03 -2.92997000e-03 -5.64453000e-03 1.24936000e-03 -1.54872000e-03 2.62996000e-03 -1.09136000e-03 3.35010000e-04 1.83448000e-03 -1.63170000e-03 1.25253000e-03 -2.48070000e-04 -2.83585000e-03 -8.79610000e-04 4.10270000e-04 -6.62070000e-04 -8.71700000e-04 -1.03609000e-03 -1.30823000e-03 -2.14412000e-03 6.63200000e-05 1.25786000e-03 -8.01900000e-04 -1.03460000e-04 4.87893000e-03 3.21609000e-03 -1.02643000e-03 -2.37087000e-03 1.44390000e-03 1.27185000e-03 6.59840000e-04 -9.74580000e-04 -1.44269000e-03 1.43889000e-03 -2.49060000e-04 -1.06062000e-03 8.64630000e-04 -8.45660000e-04 -1.96571000e-03 -1.60325000e-03 5.42930000e-04 5.08799000e-03 -5.46860000e-04 -8.33800000e-04 9.98040000e-04 -1.02230000e-04 -1.37146000e-03 1.07236000e-03 -1.70692000e-03 3.45361000e-03 1.32064000e-03 2.59710000e-03 -9.40700000e-04 1.48542000e-03 -1.31410000e-04 -3.29209000e-03 1.77670000e-04 5.32720000e-04 2.13003000e-03 5.07480000e-03 1.70200000e-04 -5.84608000e-03 1.89597000e-03 -1.34793000e-03 5.71140000e-04 5.13240000e-04 1.12590000e-04 -4.09735000e-03 -2.85060000e-04 1.71713000e-03 -1.25000000e-06 -1.78760000e-04 -1.65412000e-03 -2.38025000e-03 -6.91210000e-04 -7.62154000e-03 -3.15981000e-03 -3.17537000e-03 -3.63134000e-03 -2.19522000e-03 -4.98941000e-03
3.25508000e-03 3.22910000e-04 3.46100000e-04 -1.09481000e-03 9.17370000e-04 3.76090000e-04 8.17480000e-04 -1.31256000e-03 -1.56983000e-03 -1.18502000e-03 -7.28060000e-04 -1.73490000e-04 -6.70940000e-04 -2.50775000e-03 1.81872000e-03 1.16180000e-04 -1.60906000e-03 1.66237000e-03 9.64520000e-04 -4.70120000e-04 -3.21960000e-04 -8.39300000e-05 -1.75164000e-03 1.84667000e-03 -1.55404000e-03 4.86570000e-04 6.06830000e-04 -1.48138000e-03 1.10875000e-03 8.85360000e-04 7.40280000e-04 4.05950000e-04 -4.99200000e-05 1.43443000e-03 -4.94020000e-04 1.60636000e-03 9.60960000e-04 1.80651000e-03 2.51799000e-03 -5.96220000e-04 1.03180000e-03 -1.42420000e-03 4.37430000e-04 -4.09800000e-04 -1.06620000e-03 6.45300000e-04 -5.13610000e-04 1.56650000e-04 1.54010000e-03 3.17580000e-04 -2.09010000e-04 3.47130000e-04 6.41220000e-04 5.64810000e-04 4.78220000e-04 1.17735000e-03 -8.72000000e-06 -1.01984000e-03 4.27690000e-04 1.47100000e-05 -2.72175000e-03 -1.71116000e-03 3.61190000e-04 1.16394000e-03 -1.17169000e-03 -2.96260000e-04 -4.08900000e-04 6.11320000e-04 6.61090000e-04 -7.21830000e-04 2.02400000e-04 7.46090000e-04 -3.09480000e-04 2.11800000e-04 9.07480000e-04 1.17203000e-03 -1.31580000e-04 -2.65914000e-03 6.20320000e-04 2.03550000e-04 -6.06350000e-04 3.49820000e-04 8.04520000e-04 -7.89830000e-04 1.01922000e-03 -1.84157000e-03 -8.43530000e-04 -2.05274000e-03 8.66360000e-04 -7.96130000e-04 -6.04500000e-05 1.56337000e-03 3.13840000e-04 -5.44740000e-04 -1.48340000e-03 -3.42472000e-03 -2.34250000e-04 2.27304000e-03 -1.34943000e-03 4.86880000e-04 -4.73500000e-04 -2.74050000e-04 -1.30870000e-04 1.35711000e-03 8.37000000e-06 -9.55160000e-04 -3.37030000e-04 4.98800000e-05 7.50720000e-04 8.94770000e-04 3.79510000e-04 3.29040000e-03 1.32709000e-03 1.32896000e-03 1.73796000e-03 8.10000000e-04 2.20892000e-03
-2.45390000e-03 -2.06940000e-04 -7.32200000e-04 -7.76700000e-05 -3.66900000e-05 -7.28700000e-05 -6.69190000e-04 5.47920000e-04 1.27925000e-03 7.15600000e-04 1.87450000e-04 2.09100000e-04 2.82270000e-04 5.33000000e-04 -2.34198000e-03 -1.66800000e-04 8.93350000e-04 -2.55692000e-03 -4.76020000e-04 1.13480000e-04 -9.09500000e-05 -5.98200000e-05 1.44690000e-03 -2.35937000e-03 1.26337000e-03 -2.50000000e-06 -5.45090000e-04 5.98170000e-04 -2.47700000e-04 -4.59500000e-04 -5.85780000e-04 -3.41500000e-04 1.06950000e-04 -7.69300000e-04 2.64470000e-04 -1.31281000e-03 -2.76270000e-04 -6.88560000e-04 -2.51546000e-03 2.08880000e-04 -3.23870000e-04 9.34460000e-04 -4.01460000e-04 2.05200000e-04 7.43380000e-04 -1.07227000e-03 4.83770000e-04 -2.89170000e-04 -5.02240000e-04 -6.24610000e-04 -5.57000000e-05 -4.68680000e-04 -2.28660000e-04 -1.97430000e-04 -4.94900000e-04 -9.12920000e-04 3.12030000e-04 5.41460000e-04 -9.87800000e-05 -3.33460000e-04 2.06052000e-03 1.15109000e-03 -2.63200000e-04 -1.13866000e-03 8.87490000e-04 1.01792000e-03 2.00970000e-04 -4.76990000e-04 -4.89920000e-04 1.57790000e-04 -3.40770000e-04 -3.06850000e-04 1.44650000e-04 -3.18820000e-04 -1.21457000e-03 -2.49540000e-04 1.01840000e-04 2.15076000e-03 2.27980000e-04 -5.33570000e-04 9.88500000e-05 1.96660000e-04 -6.01540000e-04 5.14710000e-04 -5.20860000e-04 1.33294000e-03 4.09050000e-04 1.07520000e-04 -5.19100000e-05 3.37910000e-04 -2.79910000e-04 -9.46730000e-04 5.07160000e-04 1.41500000e-05 6.81140000e-04 1.15642000e-03 5.06100000e-04 -2.01773000e-03 7.43500000e-04 -5.54790000e-04 4.94600000e-05 1.72230000e-04 1.28710000e-04 -1.21898000e-03 -1.97530000e-04 5.67500000e-04 -2.59040000e-04 -3.90300000e-05 -6.33870000e-04 -1.23730000e-03 -5.78300000e-05 -3.32552000e-03 -8.49580000e-04 -1.55651000e-03 -7.69280000e-04 -6.95070000e-04 -9.18340000e-04
1.53098000e-03 2.30180000e-04 -3.09190000e-04 -1.42640000e-03 9.51980000e-04 4.37310000e-04 1.69850000e-04 -1.04401000e-03 -6.86420000e-04 -8.15350000e-04 -9.44450000e-04 -1.33490000e-04 -6.22210000e-04 -2.28359000e-03 1.12140000e-04 -6.29100000e-05 -1.13627000e-03 -2.91800000e-04 4.69320000e-04 -4.29920000e-04 -5.76720000e-04 -1.80010000e-04 -7.40820000e-04 -3.71700000e-05 -8.09830000e-04 4.57420000e-04 -6.26200000e-05 -1.29411000e-03 1.05194000e-03 5.12240000e-04 2.58560000e-04 1.73000000e-05 -3.99900000e-05 8.25140000e-04 -5.84290000e-04 5.36750000e-04 8.91110000e-04 1.45216000e-03 6.72620000e-04 -6.46000000e-04 8.23050000e-04 -8.78350000e-04 6.57400000e-05 -5.09070000e-04 -5.57890000e-04 -3.18750000e-04 -2.06950000e-04 -1.95650000e-04 1.39890000e-03 -3.16060000e-04 -4.00690000e-04 -2.23800000e-05 4.36530000e-04 2.01130000e-04 1.48900000e-05 5.14840000e-04 4.20740000e-04 -1.04375000e-03 4.91830000e-04 -3.73490000e-04 -1.22939000e-03 -1.02032000e-03 2.72950000e-04 1.62930000e-04 -3.17660000e-04 6.31720000e-04 -4.43790000e-04 1.95930000e-04 2.88640000e-04 -8.33090000e-04 -1.04770000e-04 4.51370000e-04 -5.22540000e-04 -9.92000000e-05 -1.46900000e-04 1.19769000e-03 -5.14600000e-05 -1.15783000e-03 1.02608000e-03 -1.05580000e-04 -5.47140000e-04 4.77730000e-04 4.82560000e-04 -4.99340000e-04 5.95050000e-04 -9.47240000e-04 -6.64260000e-04 -2.59902000e-03 8.95480000e-04 -7.64500000e-04 -2.50030000e-04 9.89690000e-04 8.67230000e-04 -6.38950000e-04 -1.16924000e-03 -3.03366000e-03 4.37800000e-04 9.32170000e-04 -1.06715000e-03 8.00000000e-07 -4.88560000e-04 -2.20550000e-04 -2.28500000e-05 4.98480000e-04 -1.68070000e-04 -5.56220000e-04 -6.55810000e-04 1.36430000e-04 1.98260000e-04 -2.95380000e-04 5.01280000e-04 8.20380000e-04 7.74970000e-04 1.33870000e-04 1.14683000e-03 2.03210000e-04 1.47217000e-03
-9.84740000e-04 -3.46490000e-04 -4.14700000e-05 -1.55490000e-04 7.36600000e-05 -2.06280000e-04 -7.87600000e-05 -2.09990000e-04 3.02220000e-04 2.68900000e-04 1.69000000e-05 7.03200000e-05 -2.62030000e-04 1.95390000e-04 -6.51560000e-04 7.58300000e-05 2.30570000e-04 -7.00030000e-04 -1.75900000e-04 1.39740000e-04 -2.20030000e-04 1.99900000e-05 3.22370000e-04 -4.81160000e-04 3.89390000e-04 1.18800000e-05 -5.20800000e-05 1.45880000e-04 1.15080000e-04 -1.47090000e-04 -1.07550000e-04 6.99000000e-06 1.00980000e-04 5.40000000e-06 2.27000000e-06 -3.24020000e-04 1.30120000e-04 -8.83100000e-05 -5.04470000e-04 1.38950000e-04 4.04800000e-05 2.02350000e-04 -2.41400000e-04 -6.92800000e-05 1.94890000e-04 -1.32800000e-04 9.44200000e-05 -4.46700000e-05 1.67200000e-05 -1.00780000e-04 1.01940000e-04 2.15800000e-05 -1.44280000e-04 -5.90000000e-05 -2.05130000e-04 -1.14170000e-04 -1.22910000e-04 7.12000000e-05 -2.19900000e-04 1.88800000e-05 4.38690000e-04 3.08220000e-04 -2.77470000e-04 -2.76520000e-04 1.44980000e-04 4.20440000e-04 -9.09900000e-05 2.94400000e-05 -2.15400000e-04 1.83970000e-04 1.67300000e-04 -6.24900000e-05 1.98700000e-05 -2.17480000e-04 -1.60190000e-04 4.26600000e-05 1.45460000e-04 5.03640000e-04 1.06050000e-04 -6.15400000e-05 1.18560000e-04 5.88800000e-05 3.92800000e-05 -6.42800000e-05 -1.35010000e-04 3.61370000e-04 1.01730000e-04 -3.30900000e-05 9.82100000e-05 1.03810000e-04 4.48900000e-05 -4.84700000e-04 2.29080000e-04 -3.87920000e-04 -2.03630000e-04 -3.01950000e-04 -1.56840000e-04 -8.84300000e-04 8.54700000e-05 -4.13720000e-04 -2.39090000e-04 -2.32490000e-04 -2.04660000e-04 -6.27090000e-04 -3.21720000e-04 -8.58300000e-05 -4.04550000e-04 -1.91350000e-04 -4.13340000e-04 -6.43060000e-04 -2.29130000e-04 -7.34430000e-04 -4.38030000e-04 -3.76220000e-04 -4.15240000e-04 -4.42660000e-04 -3.67440000e-04
1.84244000e-03 3.14450000e-04 3.31600000e-04 -3.17540000e-04 3.93590000e-04 2.07640000e-04 4.77380000e-04 -4.96640000e-04 -7.94040000e-04 -6.14110000e-04 -2.55750000e-04 -2.86500000e-05 -1.75420000e-04 -1.27866000e-03 1.08410000e-03 1.35490000e-04 -7.87510000e-04 1.06867000e-03 5.69280000e-04 -1.61490000e-04 5.21800000e-05 4.28400000e-05 -8.88320000e-04 1.11071000e-03 -8.31790000e-04 2.42610000e-04 4.00970000e-04 -6.86040000e-04 5.05280000e-04 5.63300000e-04 4.05620000e-04 2.54300000e-04 1.77600000e-05 7.25730000e-04 -1.31630000e-04 9.65340000e-04 4.65100000e-04 7.79030000e-04 1.45511000e-03 -2.60360000e-04 5.58500000e-04 -7.18260000e-04 3.84420000e-04 -9.80700000e-05 -5.23980000e-04 4.02260000e-04 -2.27210000e-04 1.79690000e-04 6.45960000e-04 2.33330000e-04 -8.86000000e-05 2.28190000e-04 4.51830000e-04 3.70680000e-04 4.12990000e-04 6.78580000e-04 7.16900000e-05 -3.38240000e-04 2.23950000e-04 4.69900000e-05 -1.43609000e-03 -8.96790000e-04 2.56920000e-04 6.87320000e-04 -6.74620000e-04 -2.16320000e-04 -1.01340000e-04 3.35440000e-04 4.34870000e-04 -3.40410000e-04 1.25150000e-04 3.96960000e-04 -2.04900000e-05 2.79180000e-04 5.33150000e-04 5.41770000e-04 -5.99900000e-05 -1.44104000e-03 2.56950000e-04 1.03260000e-04 -2.21660000e-04 1.64180000e-04 4.30060000e-04 -3.63840000e-04 6.13960000e-04 -9.89320000e-04 -3.79460000e-04 -7.26810000e-04 3.86910000e-04 -3.61340000e-04 -2.67500000e-05 8.70460000e-04 6.35800000e-05 -9.23600000e-05 -5.71080000e-04 -1.35460000e-03 -5.47200000e-05 1.35908000e-03 -5.60900000e-04 4.17620000e-04 -1.00400000e-04 -4.23300000e-05 1.45600000e-05 8.74750000e-04 2.15490000e-04 -3.91490000e-04 5.19100000e-05 7.67800000e-05 5.49840000e-04 7.63940000e-04 2.81780000e-04 1.83733000e-03 7.89570000e-04 8.08390000e-04 9.96120000e-04 5.87320000e-04 1.25340000e-03
-2.18580000e-04 -1.40310000e-04 6.57730000e-04 -3.94250000e-04 3.61300000e-04 -4.53600000e-05 8.07790000e-04 -5.60860000e-04 5.86000000e-05 2.61190000e-04 4.68550000e-04 5.93890000e-04 -3.71550000e-04 3.45700000e-05 3.71400000e-04 6.32750000e-04 7.64300000e-05 2.52240000e-04 1.86440000e-04 5.69950000e-04 -2.13940000e-04 4.77680000e-04 1.48180000e-04 6.14240000e-04 2.90460000e-04 1.42880000e-04 8.42350000e-04 8.53700000e-05 2.85500000e-04 2.08220000e-04 4.06360000e-04 6.95660000e-04 5.93610000e-04 3.76340000e-04 -4.62100000e-05 7.05980000e-04 2.60340000e-04 3.10200000e-04 5.82680000e-04 4.37770000e-04 3.50860000e-04 1.40850000e-04 -2.86500000e-05 -2.48920000e-04 1.87780000e-04 3.55570000e-04 -2.66600000e-05 5.85160000e-04 2.94480000e-04 3.74220000e-04 3.99590000e-04 4.47420000e-04 2.48230000e-04 1.30530000e-04 -1.05700000e-05 6.36510000e-04 -1.57270000e-04 -2.67720000e-04 -5.43100000e-05 3.95270000e-04 -1.24590000e-04 9.24200000e-05 -3.07280000e-04 7.57990000e-04 -5.07700000e-04 3.22510000e-04 -8.16600000e-05 2.48130000e-04 2.87800000e-05 -1.09780000e-04 6.18420000e-04 1.76880000e-04 1.07120000e-04 -1.08330000e-04 4.75400000e-04 2.85590000e-04 4.99310000e-04 2.25900000e-05 2.32610000e-04 3.22210000e-04 5.15460000e-04 1.77800000e-04 5.98760000e-04 -3.20730000e-04 2.03790000e-04 6.10700000e-05 -4.12900000e-05 -6.02390000e-04 2.96380000e-04 3.27090000e-04 3.68680000e-04 -1.74400000e-04 1.86880000e-04 -5.11280000e-04 -6.29940000e-04 -1.11520000e-03 -4.37290000e-04 -6.32770000e-04 -4.07550000e-04 -2.71210000e-04 -3.66720000e-04 -2.46970000e-04 -3.12030000e-04 -4.39340000e-04 -2.74790000e-04 -3.58090000e-04 -5.06510000e-04 -2.28360000e-04 -2.69010000e-04 -2.73540000e-04 -7.68000000e-06 6.55480000e-04 -2.82230000e-04 2.99540000e-04 -1.84450000e-04 -2.68880000e-04 -2.50020000e-04
-3.15578000e-03 -6.29700000e-04 -4.61260000e-04 1.99450000e-04 -9.14400000e-05 -5.39360000e-04 -5.95890000e-04 2.62450000e-04 1.39977000e-03 9.16810000e-04 4.13520000e-04 2.19610000e-04 -5.68000000e-05 1.03281000e-03 -2.44367000e-03 -2.12100000e-05 1.06954000e-03 -2.48506000e-03 -5.41540000e-04 3.72460000e-04 1.93000000e-06 -2.06000000e-06 1.60918000e-03 -2.16954000e-03 1.46900000e-03 -1.07360000e-04 -3.59660000e-04 8.39260000e-04 -2.83330000e-04 -4.88790000e-04 -6.55420000e-04 -2.22780000e-04 2.54440000e-04 -6.94680000e-04 4.52930000e-04 -1.32642000e-03 -2.25450000e-04 -8.55770000e-04 -2.50273000e-03 3.85500000e-04 -2.76190000e-04 1.02885000e-03 -4.29610000e-04 2.88540000e-04 8.87960000e-04 -9.40190000e-04 4.88220000e-04 -9.92000000e-05 -5.77680000e-04 -5.60840000e-04 6.95100000e-05 -3.56210000e-04 -2.55620000e-04 -2.01280000e-04 -5.08940000e-04 -8.95560000e-04 -8.34800000e-05 8.40930000e-04 -5.78840000e-04 -2.63110000e-04 2.28746000e-03 1.33594000e-03 -6.95820000e-04 -1.11313000e-03 8.54050000e-04 1.12528000e-03 2.70260000e-04 -3.56610000e-04 -5.78510000e-04 4.09350000e-04 -1.12450000e-04 -3.58130000e-04 3.68960000e-04 -3.24660000e-04 -1.17852000e-03 -3.92750000e-04 2.10560000e-04 2.33494000e-03 1.02500000e-05 -5.85250000e-04 3.34450000e-04 9.38700000e-05 -5.50920000e-04 5.39320000e-04 -5.56460000e-04 1.48408000e-03 4.87820000e-04 5.77350000e-04 -1.30320000e-04 4.77540000e-04 -2.65650000e-04 -1.51521000e-03 3.33690000e-04 -3.91140000e-04 4.06580000e-04 1.04195000e-03 9.06200000e-05 -2.60425000e-03 1.02409000e-03 -9.78850000e-04 -2.84610000e-04 -2.41990000e-04 -2.78820000e-04 -1.69621000e-03 -5.43380000e-04 2.28220000e-04 -6.07410000e-04 -4.43230000e-04 -1.09023000e-03 -1.64949000e-03 -4.96850000e-04 -3.39585000e-03 -1.36999000e-03 -1.58375000e-03 -1.35250000e-03 -1.14520000e-03 -1.49157000e-03
-1.09283700e-02 -1.38072000e-03 -2.06957000e-03 2.23494000e-03 -2.04017000e-03 -1.25078000e-03 -3.01153000e-03 3.28008000e-03 5.08391000e-03 3.45251000e-03 1.62053000e-03 4.05830000e-04 1.48912000e-03 6.24859000e-03 -7.67490000e-03 -7.28580000e-04 4.64019000e-03 -7.60838000e-03 -2.84967000e-03 9.96870000e-04 5.02620000e-04 -1.56490000e-04 5.71881000e-03 -7.64572000e-03 5.09039000e-03 -1.10366000e-03 -2.36704000e-03 3.94371000e-03 -2.83551000e-03 -2.68978000e-03 -2.56863000e-03 -1.56867000e-03 1.05980000e-04 -4.28560000e-03 1.37622000e-03 -5.59106000e-03 -2.47171000e-03 -4.77292000e-03 -9.27233000e-03 1.40647000e-03 -2.80704000e-03 4.26610000e-03 -1.58962000e-03 1.20348000e-03 3.24237000e-03 -3.06006000e-03 1.74339000e-03 -9.02930000e-04 -4.02968000e-03 -1.76095000e-03 2.34440000e-04 -1.56990000e-03 -1.87966000e-03 -1.59245000e-03 -1.93656000e-03 -4.11330000e-03 1.19090000e-04 2.92208000e-03 -1.40586000e-03 -6.54760000e-04 8.81796000e-03 5.27144000e-03 -1.49317000e-03 -4.44444000e-03 3.89225000e-03 2.09251000e-03 1.15680000e-03 -2.16944000e-03 -2.21867000e-03 1.85742000e-03 -1.11659000e-03 -2.11130000e-03 7.90310000e-04 -1.06146000e-03 -3.85104000e-03 -2.87410000e-03 3.07040000e-04 8.75783000e-03 -1.13341000e-03 -1.39651000e-03 1.24297000e-03 -5.53600000e-04 -2.84941000e-03 2.44624000e-03 -2.99907000e-03 5.80665000e-03 2.33630000e-03 4.54656000e-03 -2.02382000e-03 2.05933000e-03 -4.82950000e-04 -5.07476000e-03 -3.05700000e-05 7.90830000e-04 3.83697000e-03 8.56625000e-03 9.60140000e-04 -8.12760000e-03 4.08223000e-03 -2.23619000e-03 7.39200000e-04 4.80830000e-04 1.39680000e-04 -5.05676000e-03 -7.06830000e-04 2.48267000e-03 -3.05600000e-05 -4.99870000e-04 -2.92296000e-03 -4.15120000e-03 -1.30972000e-03 -1.21882900e-02 -4.48255000e-03 -5.23871000e-03 -5.22492000e-03 -3.16405000e-03 -6.49049000e-03
-2.99260000e-04 -3.64890000e-04 6.23260000e-04 3.72450000e-04 -2.74810000e-04 -4.29270000e-04 4.51780000e-04 -3.04920000e-04 7.69000000e-06 2.70140000e-04 4.97950000e-04 2.46430000e-04 -2.80770000e-04 9.50450000e-04 8.45390000e-04 3.67620000e-04 2.71930000e-04 9.89600000e-04 -1.93900000e-05 3.72120000e-04 7.21300000e-05 3.21630000e-04 2.55000000e-06 9.95380000e-04 1.10030000e-04 -1.73660000e-04 4.99270000e-04 3.79950000e-04 -2.64710000e-04 -6.44700000e-05 2.63510000e-04 3.70160000e-04 2.42560000e-04 -3.55000000e-06 4.27200000e-05 4.65660000e-04 -1.69090000e-04 -1.73530000e-04 7.32950000e-04 3.73480000e-04 -1.12960000e-04 1.70730000e-04 8.86000000e-06 -6.59400000e-05 1.45280000e-04 5.86480000e-04 -1.63160000e-04 4.61070000e-04 -2.46090000e-04 4.89070000e-04 3.98420000e-04 3.73920000e-04 -1.28100000e-04 -1.74200000e-05 8.15100000e-05 3.41470000e-04 -6.11450000e-04 4.85300000e-05 -4.34300000e-04 4.63320000e-04 -8.63500000e-05 1.51780000e-04 -4.62690000e-04 5.69400000e-04 -1.47610000e-04 -4.43320000e-04 -4.03200000e-05 8.11300000e-05 7.34000000e-05 2.59520000e-04 3.86510000e-04 -7.67200000e-05 7.61700000e-05 2.82500000e-05 6.81230000e-04 -2.93020000e-04 2.40020000e-04 -1.11420000e-04 -3.24460000e-04 3.85260000e-04 4.33020000e-04 -2.31210000e-04 2.64860000e-04 -1.85780000e-04 -6.51500000e-05 6.10900000e-05 1.85450000e-04 6.61310000e-04 -2.62380000e-04 3.64180000e-04 3.71910000e-04 -4.79910000e-04 -4.13120000e-04 -2.76390000e-04 -3.18970000e-04 1.04400000e-05 -8.17420000e-04 -4.13310000e-04 -8.19100000e-05 -2.66300000e-04 -2.96160000e-04 -3.56180000e-04 -4.56290000e-04 -3.24700000e-04 -3.09570000e-04 -3.95010000e-04 -2.28970000e-04 -4.37030000e-04 -3.35120000e-04 -2.06000000e-06 -4.48270000e-04 9.42180000e-04 -4.79140000e-04 5.76670000e-04 -5.95520000e-04 -2.88160000e-04 -7.11630000e-04
-5.59066000e-03 -8.25390000e-04 -5.54290000e-04 1.68958000e-03 -1.17625000e-03 -8.51120000e-04 -1.10999000e-03 1.75916000e-03 2.54203000e-03 2.00714000e-03 1.37026000e-03 3.81480000e-04 8.21660000e-04 3.69841000e-03 -3.29115000e-03 -1.04270000e-04 2.59533000e-03 -3.08349000e-03 -1.30316000e-03 7.54840000e-04 4.73780000e-04 1.42560000e-04 2.86371000e-03 -3.05359000e-03 2.71933000e-03 -5.78810000e-04 -6.78430000e-04 2.39267000e-03 -1.65519000e-03 -1.30035000e-03 -1.14264000e-03 -4.80100000e-04 2.30440000e-04 -2.02597000e-03 1.01830000e-03 -2.49533000e-03 -1.35677000e-03 -2.64755000e-03 -4.19982000e-03 1.10169000e-03 -1.43242000e-03 2.29803000e-03 -6.99310000e-04 7.60400000e-04 1.73004000e-03 -1.00202000e-03 8.89860000e-04 -1.38500000e-04 -2.31801000e-03 -4.68540000e-04 4.47740000e-04 -5.22620000e-04 -8.97010000e-04 -6.67480000e-04 -7.48810000e-04 -1.85375000e-03 -3.36720000e-04 1.86360000e-03 -9.54470000e-04 5.21100000e-05 4.35679000e-03 2.82027000e-03 -9.05170000e-04 -1.73065000e-03 1.54555000e-03 6.11100000e-04 7.31990000e-04 -7.99490000e-04 -1.06497000e-03 1.37632000e-03 -2.25050000e-04 -9.72330000e-04 8.07660000e-04 -3.76780000e-04 -1.40181000e-03 -1.75345000e-03 2.82950000e-04 4.32633000e-03 -9.32150000e-04 -4.98300000e-04 8.88930000e-04 -3.37410000e-04 -1.32709000e-03 1.26174000e-03 -1.45604000e-03 2.99428000e-03 1.33837000e-03 3.29945000e-03 -1.14753000e-03 1.38326000e-03 1.00900000e-05 -2.75297000e-03 -3.36960000e-04 5.54470000e-04 2.06661000e-03 4.98300000e-03 -8.96700000e-05 -4.12566000e-03 2.22699000e-03 -1.03143000e-03 4.41540000e-04 2.53740000e-04 -3.96300000e-05 -2.62463000e-03 -3.04110000e-04 1.24913000e-03 2.13970000e-04 -3.99680000e-04 -1.38183000e-03 -1.70745000e-03 -9.37860000e-04 -5.45405000e-03 -2.41330000e-03 -2.26556000e-03 -2.92866000e-03 -1.54068000e-03 -3.65710000e-03
-6.46610000e-04 -1.82030000e-04 1.47370000e-04 -9.31500000e-05 4.12600000e-05 -2.64800000e-05 1.60870000e-04 6.18400000e-05 6.93300000e-05 1.64440000e-04 1.43860000e-04 1.91470000e-04 1.82600000e-05 1.39070000e-04 -1.32650000e-04 1.13760000e-04 1.65910000e-04 -7.76600000e-05 -8.53000000e-05 1.57850000e-04 -2.05850000e-04 5.24800000e-05 1.28430000e-04 1.65940000e-04 2.31810000e-04 3.38900000e-05 1.92510000e-04 9.95100000e-05 1.07720000e-04 -1.18090000e-04 -1.38350000e-04 9.18800000e-05 6.56500000e-05 1.51780000e-04 -2.26800000e-05 -2.24220000e-04 1.38800000e-05 -6.09400000e-05 -3.05810000e-04 2.09020000e-04 -4.77200000e-05 8.65800000e-05 -1.88720000e-04 -2.57430000e-04 2.75000000e-06 -5.14800000e-05 7.39400000e-05 -6.41700000e-05 4.65600000e-05 -1.37200000e-05 1.62240000e-04 -3.19000000e-05 -1.40460000e-04 -3.96200000e-05 -1.69880000e-04 -1.49130000e-04 -9.45500000e-05 -3.60000000e-06 -5.09600000e-05 1.09300000e-04 1.41170000e-04 1.40460000e-04 -1.21700000e-05 1.44890000e-04 -2.17350000e-04 2.43120000e-04 -1.23670000e-04 7.47500000e-05 -1.81100000e-04 3.71110000e-04 2.05630000e-04 -1.07200000e-05 4.85900000e-05 -2.25820000e-04 1.15130000e-04 -6.80300000e-05 8.91600000e-05 1.74000000e-04 -1.59900000e-05 1.24370000e-04 2.02050000e-04 8.58500000e-05 -7.04200000e-05 -1.96640000e-04 -1.12630000e-04 1.21510000e-04 7.88800000e-05 2.97420000e-04 6.35900000e-05 1.79800000e-04 2.05790000e-04 -2.17330000e-04 9.96100000e-05 -1.63400000e-05 7.75500000e-05 1.43870000e-04 -2.35450000e-04 -4.46410000e-04 -9.72900000e-05 -4.20200000e-05 7.90400000e-05 5.23200000e-05 1.78700000e-05 -3.13700000e-04 -2.87700000e-05 1.81250000e-04 1.38400000e-05 6.59600000e-05 -2.62500000e-05 -2.14930000e-04 -1.24370000e-04 -1.65130000e-04 -1.48660000e-04 -3.17390000e-04 -3.16290000e-04 -1.04930000e-04 -2.94510000e-04
-7.28941000e-03 -8.01430000e-04 -5.63420000e-04 2.72353000e-03 -1.96839000e-03 -8.65200000e-04 -1.56400000e-03 3.06060000e-03 3.16351000e-03 2.67771000e-03 1.86838000e-03 4.60880000e-04 1.58691000e-03 5.69203000e-03 -3.96697000e-03 -1.54920000e-04 3.59192000e-03 -3.56726000e-03 -1.97395000e-03 1.09951000e-03 7.37930000e-04 2.27950000e-04 3.54455000e-03 -3.68382000e-03 3.48432000e-03 -9.51460000e-04 -1.02579000e-03 3.38927000e-03 -2.61586000e-03 -1.89538000e-03 -1.53038000e-03 -7.37830000e-04 1.38520000e-04 -2.97215000e-03 1.28550000e-03 -3.40477000e-03 -2.08727000e-03 -4.03308000e-03 -5.29102000e-03 1.55899000e-03 -2.27610000e-03 3.08414000e-03 -9.26600000e-04 9.54670000e-04 2.17640000e-03 -9.99380000e-04 1.23624000e-03 -3.02600000e-04 -3.64285000e-03 -4.44030000e-04 6.70500000e-04 -6.27220000e-04 -1.39505000e-03 -1.12008000e-03 -9.68100000e-04 -2.51721000e-03 -2.34310000e-04 2.42663000e-03 -1.04155000e-03 2.49620000e-04 5.59643000e-03 3.75466000e-03 -7.87790000e-04 -2.28262000e-03 1.99823000e-03 3.47010000e-04 9.96090000e-04 -1.08186000e-03 -1.47290000e-03 2.14908000e-03 -2.25060000e-04 -1.46005000e-03 1.04796000e-03 -4.64060000e-04 -1.50770000e-03 -2.68973000e-03 3.30770000e-04 5.51143000e-03 -1.62252000e-03 -3.66400000e-04 1.36192000e-03 -6.93310000e-04 -1.79497000e-03 1.62951000e-03 -2.13070000e-03 3.93343000e-03 1.91142000e-03 5.36794000e-03 -1.86407000e-03 1.93941000e-03 2.77310000e-04 -3.49672000e-03 -8.22510000e-04 1.40035000e-03 3.42490000e-03 7.98995000e-03 3.90400000e-05 -5.03439000e-03 3.03081000e-03 -8.56080000e-04 1.26462000e-03 7.84700000e-04 3.54820000e-04 -3.17093000e-03 1.41530000e-04 2.25299000e-03 1.06451000e-03 -5.18700000e-05 -1.37389000e-03 -1.50526000e-03 -1.01835000e-03 -6.85169000e-03 -2.98336000e-03 -2.72166000e-03 -3.97806000e-03 -1.67803000e-03 -5.12254000e-03
8.31390000e-03 1.07664000e-03 8.09330000e-04 -2.65729000e-03 2.06530000e-03 1.24234000e-03 1.76134000e-03 -2.75122000e-03 -3.72304000e-03 -2.92717000e-03 -2.00422000e-03 -5.43480000e-04 -1.27689000e-03 -5.93591000e-03 4.86760000e-03 1.36600000e-04 -3.87154000e-03 4.64158000e-03 2.13537000e-03 -1.16917000e-03 -7.18340000e-04 -2.86790000e-04 -4.17571000e-03 4.73614000e-03 -3.95538000e-03 1.07013000e-03 1.16352000e-03 -3.61096000e-03 2.88383000e-03 2.01053000e-03 1.63617000e-03 7.48200000e-04 -3.34360000e-04 3.42165000e-03 -1.35027000e-03 3.61118000e-03 2.21038000e-03 4.30377000e-03 6.11247000e-03 -1.62124000e-03 2.37436000e-03 -3.42298000e-03 1.03024000e-03 -1.05800000e-03 -2.54829000e-03 1.45145000e-03 -1.22382000e-03 1.56400000e-04 3.93566000e-03 6.61370000e-04 -6.37500000e-04 7.16520000e-04 1.40128000e-03 1.18944000e-03 1.16562000e-03 2.71631000e-03 4.18390000e-04 -2.52582000e-03 1.38581000e-03 -8.82800000e-05 -6.35999000e-03 -4.14069000e-03 1.36358000e-03 2.68389000e-03 -2.24536000e-03 -5.86640000e-04 -1.03344000e-03 1.44571000e-03 1.61229000e-03 -1.90906000e-03 3.93020000e-04 1.66283000e-03 -1.03578000e-03 5.61050000e-04 2.03995000e-03 2.77220000e-03 -4.48380000e-04 -6.30314000e-03 1.53491000e-03 7.14420000e-04 -1.36703000e-03 7.48000000e-04 1.93429000e-03 -1.74144000e-03 2.27474000e-03 -4.40045000e-03 -1.96778000e-03 -4.98593000e-03 2.01090000e-03 -2.06199000e-03 -2.30700000e-05 4.12502000e-03 7.47710000e-04 -9.57280000e-04 -3.17491000e-03 -7.79907000e-03 7.12700000e-05 6.15559000e-03 -3.14263000e-03 1.48298000e-03 -7.49320000e-04 -4.11720000e-04 3.01000000e-05 3.93253000e-03 2.99790000e-04 -1.93822000e-03 -4.36940000e-04 5.75120000e-04 2.04260000e-03 2.30605000e-03 1.27286000e-03 8.16994000e-03 3.65952000e-03 3.17669000e-03 4.42034000e-03 2.26987000e-03 5.66723000e-03
-2.05385800e-02 -2.57402000e-03 -2.67461000e-03 5.77608000e-03 -4.72584000e-03 -2.65625000e-03 -5.12123000e-03 7.06013000e-03 9.48103000e-03 6.94216000e-03 4.12509000e-03 9.69400000e-04 3.44398000e-03 1.36667300e-02 -1.26915000e-02 -9.87870000e-04 9.40379000e-03 -1.18145800e-02 -5.46127000e-03 2.52412000e-03 1.67105000e-03 6.10600000e-05 1.07290000e-02 -1.21967700e-02 9.60855000e-03 -2.49691000e-03 -3.69273000e-03 8.44807000e-03 -5.94883000e-03 -5.21695000e-03 -4.87380000e-03 -2.56151000e-03 3.05070000e-04 -8.09078000e-03 3.11180000e-03 -1.02068100e-02 -5.33827000e-03 -1.00343800e-02 -1.64754000e-02 3.34370000e-03 -5.74505000e-03 8.30145000e-03 -2.76928000e-03 2.53123000e-03 6.23473000e-03 -4.80428000e-03 3.19493000e-03 -1.17071000e-03 -8.43704000e-03 -2.57782000e-03 9.81810000e-04 -2.63991000e-03 -3.76765000e-03 -2.99701000e-03 -3.24399000e-03 -7.68025000e-03 -2.54810000e-04 6.41380000e-03 -2.98648000e-03 -5.70160000e-04 1.65965600e-02 1.02076400e-02 -2.71837000e-03 -7.44521000e-03 6.96259000e-03 2.96216000e-03 2.50058000e-03 -3.82715000e-03 -4.11635000e-03 4.40142000e-03 -1.53174000e-03 -4.19887000e-03 2.05029000e-03 -1.63807000e-03 -6.23443000e-03 -6.50572000e-03 6.41580000e-04 1.63283500e-02 -3.27923000e-03 -2.03599000e-03 3.20339000e-03 -1.55865000e-03 -5.45865000e-03 4.68473000e-03 -5.87673000e-03 1.10114600e-02 4.91594000e-03 1.14047900e-02 -4.60876000e-03 4.56667000e-03 -2.94330000e-04 -9.82716000e-03 -1.20245000e-03 2.26234000e-03 8.18987000e-03 1.87095500e-02 1.15278000e-03 -1.47640500e-02 8.33468000e-03 -3.66487000e-03 2.04945000e-03 1.12530000e-03 3.58000000e-04 -8.97907000e-03 -8.08400000e-04 5.08227000e-03 9.85830000e-04 -8.76130000e-04 -5.10996000e-03 -6.64864000e-03 -2.83572000e-03 -2.13777300e-02 -8.47186000e-03 -9.17392000e-03 -1.04506300e-02 -5.50504000e-03 -1.29627900e-02
4.53498000e-03 3.34980000e-04 5.60770000e-04 -1.47055000e-03 1.17379000e-03 4.38070000e-04 1.08310000e-03 -1.89800000e-03 -2.15977000e-03 -1.56017000e-03 -1.03551000e-03 -3.03460000e-04 -1.00883000e-03 -3.20246000e-03 2.65443000e-03 1.73120000e-04 -2.15858000e-03 2.49072000e-03 1.27536000e-03 -6.34870000e-04 -4.34780000e-04 -1.11330000e-04 -2.49762000e-03 2.67217000e-03 -2.15922000e-03 6.11490000e-04 7.79300000e-04 -1.95803000e-03 1.59150000e-03 1.16643000e-03 1.11500000e-03 5.50000000e-04 -1.18820000e-04 2.01351000e-03 -6.79320000e-04 2.24840000e-03 1.33859000e-03 2.43176000e-03 3.74686000e-03 -8.13330000e-04 1.44196000e-03 -1.91550000e-03 5.56420000e-04 -4.47720000e-04 -1.44693000e-03 1.11855000e-03 -7.34350000e-04 2.34760000e-04 2.10300000e-03 5.69200000e-04 -2.17350000e-04 5.93670000e-04 7.64230000e-04 8.15630000e-04 7.02880000e-04 1.74409000e-03 -8.80900000e-05 -1.28713000e-03 5.05250000e-04 1.15260000e-04 -3.83128000e-03 -2.31026000e-03 4.35050000e-04 1.50500000e-03 -1.35316000e-03 -4.71500000e-04 -5.79840000e-04 9.23580000e-04 9.20610000e-04 -9.79680000e-04 3.87550000e-04 9.93580000e-04 -4.51500000e-04 3.12960000e-04 1.38894000e-03 1.56557000e-03 -1.77250000e-04 -3.69391000e-03 7.83860000e-04 3.49190000e-04 -8.13190000e-04 3.83650000e-04 1.25955000e-03 -1.08664000e-03 1.34275000e-03 -2.48768000e-03 -1.06536000e-03 -2.66493000e-03 1.16135000e-03 -1.09901000e-03 -1.86700000e-05 2.06578000e-03 3.53120000e-04 -9.04000000e-04 -2.15091000e-03 -4.85898000e-03 -4.05850000e-04 3.09694000e-03 -1.73567000e-03 5.97370000e-04 -7.20270000e-04 -5.04260000e-04 -2.71930000e-04 1.91455000e-03 -1.04620000e-04 -1.44032000e-03 -5.68520000e-04 -7.32000000e-06 9.39410000e-04 1.26990000e-03 4.38210000e-04 4.77440000e-03 1.79764000e-03 2.04280000e-03 2.43668000e-03 1.08326000e-03 3.20213000e-03
5.75860000e-04 2.69660000e-04 -3.19830000e-04 -9.76470000e-04 5.74910000e-04 4.30240000e-04 6.05900000e-05 -3.15040000e-04 -2.75680000e-04 -4.47430000e-04 -5.24520000e-04 6.88600000e-05 -8.61700000e-05 -1.52857000e-03 -3.70460000e-04 -8.34700000e-05 -5.62300000e-04 -6.40460000e-04 2.27300000e-04 -2.49890000e-04 -3.71320000e-04 -1.28560000e-04 -2.42490000e-04 -3.98180000e-04 -2.98840000e-04 3.21420000e-04 -6.22600000e-05 -7.25600000e-04 6.43420000e-04 2.61290000e-04 -1.02100000e-05 -1.34100000e-05 -1.21300000e-05 4.01320000e-04 -3.50310000e-04 5.76500000e-05 4.26460000e-04 7.15210000e-04 -1.76150000e-04 -3.24340000e-04 3.60630000e-04 -4.17430000e-04 -6.62000000e-06 -3.47830000e-04 -3.33220000e-04 -5.06470000e-04 6.58000000e-06 -2.59490000e-04 7.25250000e-04 -3.61740000e-04 -2.60900000e-04 -2.07410000e-04 2.44650000e-04 1.34710000e-04 -1.44930000e-04 2.23400000e-05 4.60860000e-04 -5.82020000e-04 4.50670000e-04 -3.11820000e-04 -5.13610000e-04 -5.07020000e-04 3.07110000e-04 1.08200000e-05 -3.15340000e-04 6.54590000e-04 -2.30700000e-04 -6.10800000e-05 1.86700000e-05 -4.51250000e-04 -1.37830000e-04 2.22890000e-04 -2.92570000e-04 -1.94900000e-04 -2.95350000e-04 6.88970000e-04 -4.39300000e-05 -4.06970000e-04 6.38950000e-04 -1.45070000e-04 -3.08230000e-04 3.90510000e-04 3.92400000e-05 -3.28450000e-04 2.99690000e-04 -4.40320000e-04 -3.60410000e-04 -1.50125000e-03 5.32680000e-04 -3.63830000e-04 -1.64520000e-04 6.06740000e-04 6.35960000e-04 -1.73940000e-04 -3.48980000e-04 -1.38163000e-03 4.42220000e-04 3.29900000e-04 -6.02440000e-04 1.35800000e-04 -6.20900000e-05 1.24810000e-04 2.20730000e-04 2.39740000e-04 9.00100000e-05 3.04000000e-06 -2.04270000e-04 2.72500000e-04 2.60770000e-04 -1.69020000e-04 4.44230000e-04 -1.49270000e-04 5.15920000e-04 -3.65730000e-04 7.47920000e-04 2.33340000e-04 9.58350000e-04
-1.40020000e-04 1.85260000e-04 4.58200000e-05 1.00249000e-03 -5.46590000e-04 -2.00110000e-04 -2.04870000e-04 6.53000000e-04 3.09460000e-04 1.94550000e-04 4.15300000e-04 -5.72400000e-05 5.01440000e-04 7.28780000e-04 1.63310000e-04 -7.57600000e-05 4.46230000e-04 3.60750000e-04 -4.14800000e-05 3.86100000e-05 6.61990000e-04 8.26500000e-05 3.25480000e-04 -1.78700000e-05 1.44710000e-04 -1.96230000e-04 -1.19220000e-04 5.75380000e-04 -6.88740000e-04 -5.03300000e-05 -9.82500000e-05 -1.06570000e-04 -3.35700000e-05 -5.47920000e-04 3.95130000e-04 -7.62700000e-05 -5.09990000e-04 -7.22110000e-04 -1.70430000e-04 1.60650000e-04 -3.72020000e-04 3.17600000e-04 2.96180000e-04 5.02290000e-04 2.80300000e-04 7.45300000e-05 6.84900000e-05 1.30560000e-04 -7.97350000e-04 1.13040000e-04 3.41600000e-05 -3.60600000e-05 6.29000000e-06 -8.32000000e-06 2.88590000e-04 -2.37130000e-04 -1.29070000e-04 6.71120000e-04 -2.00810000e-04 7.18000000e-05 4.98480000e-04 3.06100000e-04 -6.58900000e-05 -8.21500000e-05 1.61720000e-04 -5.73540000e-04 3.82820000e-04 -2.41010000e-04 1.10660000e-04 2.01280000e-04 -2.23570000e-04 -1.71600000e-04 3.01810000e-04 3.89970000e-04 -2.34600000e-05 -5.59870000e-04 -8.28800000e-05 3.75380000e-04 -4.65110000e-04 -4.38600000e-05 1.03370000e-04 -2.33120000e-04 -3.61990000e-04 4.53630000e-04 -8.45300000e-05 2.98850000e-04 2.93910000e-04 1.31920000e-03 -5.32470000e-04 2.72200000e-04 -4.07100000e-05 -2.09480000e-04 -4.80910000e-04 5.75240000e-04 7.62140000e-04 1.84239000e-03 -2.53600000e-05 1.31580000e-04 6.54020000e-04 2.09290000e-04 2.96410000e-04 2.03620000e-04 9.71300000e-05 1.64700000e-04 3.25580000e-04 2.61080000e-04 5.67500000e-04 -9.94800000e-05 1.19530000e-04 5.09360000e-04 -1.21300000e-04 -2.96070000e-04 -1.43450000e-04 1.15490000e-04 -2.53680000e-04 1.69450000e-04 -4.22460000e-04
1.85122000e-03 1.64840000e-04 4.41320000e-04 -4.86170000e-04 4.19220000e-04 2.24120000e-04 6.10090000e-04 -5.92270000e-04 -9.62640000e-04 -5.96360000e-04 -3.10310000e-04 -2.41100000e-05 -2.27060000e-04 -1.22192000e-03 1.43338000e-03 1.53490000e-04 -8.00280000e-04 1.49222000e-03 5.29500000e-04 -1.75950000e-04 -1.75730000e-04 3.00800000e-05 -1.10500000e-03 1.60909000e-03 -8.94860000e-04 2.60770000e-04 4.86430000e-04 -7.09140000e-04 6.96410000e-04 4.63210000e-04 4.68980000e-04 3.03500000e-04 -3.99700000e-05 9.82260000e-04 -2.87800000e-04 9.50050000e-04 5.23400000e-04 9.36650000e-04 1.74298000e-03 -1.79270000e-04 5.43370000e-04 -8.00120000e-04 2.20380000e-04 -2.74790000e-04 -6.48440000e-04 6.62110000e-04 -2.81100000e-04 4.83300000e-05 8.35700000e-04 3.72440000e-04 5.59100000e-05 3.04490000e-04 2.39470000e-04 3.52880000e-04 3.27950000e-04 7.43520000e-04 -9.50300000e-05 -4.48590000e-04 2.44090000e-04 2.08380000e-04 -1.71951000e-03 -9.63010000e-04 3.01650000e-04 8.88700000e-04 -8.10410000e-04 -2.69850000e-04 -2.91890000e-04 4.55920000e-04 3.33990000e-04 -1.13900000e-04 3.30950000e-04 4.30900000e-04 -1.50660000e-04 1.05230000e-04 8.80500000e-04 5.51950000e-04 -3.38900000e-05 -1.66681000e-03 1.95160000e-04 3.74240000e-04 -2.02690000e-04 1.62570000e-04 5.22220000e-04 -5.73810000e-04 5.53890000e-04 -1.06810000e-03 -3.86070000e-04 -5.83360000e-04 4.60450000e-04 -3.13280000e-04 2.37120000e-04 9.01120000e-04 8.47900000e-05 -1.95050000e-04 -6.79380000e-04 -1.63410000e-03 -3.46100000e-04 1.42241000e-03 -7.33330000e-04 4.47640000e-04 -8.61100000e-05 -6.25700000e-05 2.56000000e-06 9.27930000e-04 1.26540000e-04 -3.93310000e-04 3.36600000e-05 1.30480000e-04 5.93070000e-04 7.71040000e-04 1.66670000e-04 2.38386000e-03 8.73410000e-04 9.24800000e-04 9.84970000e-04 6.39430000e-04 1.40880000e-03
7.56155000e-03 1.32126000e-03 4.46900000e-04 -2.66193000e-03 1.76512000e-03 1.53273000e-03 1.48542000e-03 -2.14900000e-03 -3.48465000e-03 -2.80487000e-03 -2.05808000e-03 -3.79700000e-04 -8.65480000e-04 -5.48473000e-03 4.21811000e-03 7.90600000e-05 -3.57878000e-03 3.68785000e-03 1.77168000e-03 -1.21346000e-03 -9.41470000e-04 -1.93540000e-04 -3.92979000e-03 3.80609000e-03 -3.66264000e-03 9.87960000e-04 7.85290000e-04 -3.48217000e-03 2.27039000e-03 1.71998000e-03 1.57097000e-03 5.40480000e-04 -3.99720000e-04 2.70429000e-03 -1.63086000e-03 3.21233000e-03 1.88806000e-03 3.79148000e-03 5.37645000e-03 -1.53746000e-03 1.87142000e-03 -3.13630000e-03 8.43450000e-04 -1.35240000e-03 -2.44875000e-03 1.19105000e-03 -1.09209000e-03 -1.14800000e-04 3.19895000e-03 5.39680000e-04 -6.20060000e-04 6.17280000e-04 1.17463000e-03 8.27100000e-04 9.00340000e-04 2.42402000e-03 7.03550000e-04 -2.94406000e-03 1.65211000e-03 -4.11000000e-05 -5.98240000e-03 -3.87475000e-03 1.53590000e-03 2.34269000e-03 -2.27694000e-03 -7.58750000e-04 -1.18289000e-03 1.01093000e-03 1.40655000e-03 -1.80215000e-03 1.76590000e-04 1.40981000e-03 -1.30157000e-03 3.42270000e-04 1.95447000e-03 2.59167000e-03 -3.77710000e-04 -5.90075000e-03 1.58986000e-03 8.21430000e-04 -1.36911000e-03 6.96590000e-04 1.73347000e-03 -1.88641000e-03 1.98568000e-03 -4.07703000e-03 -1.87522000e-03 -4.82300000e-03 1.76211000e-03 -1.90590000e-03 1.21130000e-04 4.01328000e-03 8.46990000e-04 -4.23700000e-04 -2.58579000e-03 -6.66677000e-03 2.53690000e-04 5.62528000e-03 -3.42268000e-03 1.68301000e-03 -2.90030000e-04 7.65600000e-05 3.89840000e-04 3.52104000e-03 6.62370000e-04 -1.27478000e-03 -1.86900000e-05 9.22800000e-04 2.22227000e-03 2.43286000e-03 1.56334000e-03 7.17992000e-03 3.51945000e-03 2.89357000e-03 4.14053000e-03 2.29461000e-03 5.07281000e-03
2.06651000e-03 4.88150000e-04 4.19740000e-04 9.59000000e-06 1.50470000e-04 3.23030000e-04 5.23570000e-04 -1.07620000e-04 -8.05540000e-04 -5.42520000e-04 -7.13600000e-05 -1.60000000e-05 1.52250000e-04 -9.35970000e-04 1.48540000e-03 1.15440000e-04 -6.30390000e-04 1.55613000e-03 5.40600000e-04 -1.62860000e-04 1.93280000e-04 8.84800000e-05 -9.19820000e-04 1.42889000e-03 -8.38810000e-04 1.71300000e-04 4.39950000e-04 -4.57820000e-04 2.57220000e-04 4.90880000e-04 4.51990000e-04 2.69370000e-04 -3.13500000e-05 5.85250000e-04 -7.22000000e-05 9.97990000e-04 2.10970000e-04 5.36550000e-04 1.60054000e-03 -1.40910000e-04 3.30790000e-04 -6.12730000e-04 4.33390000e-04 -1.10000000e-06 -5.11080000e-04 6.06650000e-04 -2.26730000e-04 1.94100000e-04 3.65490000e-04 4.04260000e-04 1.21300000e-05 2.59420000e-04 3.66760000e-04 3.47960000e-04 4.85250000e-04 6.35350000e-04 7.29700000e-05 -2.23030000e-04 3.40970000e-04 2.00280000e-04 -1.43057000e-03 -8.21150000e-04 4.34200000e-04 8.44360000e-04 -7.39160000e-04 -6.05090000e-04 -2.18500000e-05 2.94040000e-04 4.44510000e-04 -1.89160000e-04 1.24210000e-04 3.47210000e-04 2.18600000e-05 3.53000000e-04 7.64100000e-04 2.86090000e-04 -8.92200000e-05 -1.46002000e-03 1.04800000e-05 2.77910000e-04 -1.67550000e-04 6.05700000e-05 3.35350000e-04 -2.77500000e-04 5.34540000e-04 -9.40260000e-04 -2.71410000e-04 -1.52330000e-04 1.68010000e-04 -2.08140000e-04 1.24960000e-04 1.00545000e-03 -1.74840000e-04 3.10230000e-04 -1.57500000e-04 -5.19300000e-04 -7.51500000e-05 1.68483000e-03 -4.80360000e-04 7.13350000e-04 2.09960000e-04 2.13000000e-04 2.16930000e-04 1.15020000e-03 4.67180000e-04 -1.17400000e-04 4.74400000e-04 2.44450000e-04 8.13460000e-04 1.20986000e-03 3.38480000e-04 2.12996000e-03 9.43380000e-04 9.90820000e-04 1.02654000e-03 8.58870000e-04 1.19768000e-03
4.52961000e-03 5.32330000e-04 1.25628000e-03 -7.12060000e-04 6.62170000e-04 5.46640000e-04 1.43534000e-03 -1.05306000e-03 -2.10764000e-03 -1.30336000e-03 -5.08400000e-04 -8.06400000e-05 -3.22370000e-04 -2.36201000e-03 3.90018000e-03 3.59830000e-04 -1.71457000e-03 4.27077000e-03 1.10438000e-03 -2.52480000e-04 -1.50860000e-04 8.96700000e-05 -2.36284000e-03 4.22667000e-03 -2.12452000e-03 4.09790000e-04 1.19200000e-03 -1.39928000e-03 1.49380000e-03 9.92840000e-04 9.45590000e-04 7.00670000e-04 -1.02970000e-04 2.12068000e-03 -5.62790000e-04 2.16423000e-03 9.45650000e-04 1.85746000e-03 4.08333000e-03 -3.84820000e-04 1.05486000e-03 -1.74865000e-03 5.94750000e-04 -5.81250000e-04 -1.36530000e-03 1.51338000e-03 -7.11660000e-04 2.69550000e-04 1.84161000e-03 8.91300000e-04 1.02970000e-04 6.63080000e-04 5.36830000e-04 6.97140000e-04 8.17580000e-04 1.59746000e-03 -1.15970000e-04 -9.04500000e-04 6.09440000e-04 4.80860000e-04 -3.60101000e-03 -2.11515000e-03 8.69390000e-04 2.19809000e-03 -1.69458000e-03 -7.87810000e-04 -5.42960000e-04 1.01662000e-03 8.04680000e-04 -3.21270000e-04 7.46700000e-04 8.27740000e-04 -3.30120000e-04 3.68520000e-04 1.96789000e-03 9.85260000e-04 -1.30900000e-04 -3.65757000e-03 2.02150000e-04 9.61830000e-04 -2.10630000e-04 1.80270000e-04 1.10703000e-03 -1.12278000e-03 1.14530000e-03 -2.37788000e-03 -7.97620000e-04 -9.86410000e-04 7.54460000e-04 -6.61410000e-04 5.84900000e-04 2.15621000e-03 -1.43370000e-04 -1.44120000e-04 -1.23033000e-03 -2.99405000e-03 -5.26540000e-04 3.71611000e-03 -1.50208000e-03 1.18102000e-03 2.25000000e-06 -7.74100000e-05 1.03020000e-04 2.53325000e-03 4.53910000e-04 -7.57550000e-04 3.73150000e-04 4.26800000e-04 1.42687000e-03 1.91745000e-03 4.51400000e-04 5.75165000e-03 2.12221000e-03 2.18181000e-03 2.12463000e-03 1.59983000e-03 2.95460000e-03
3.64410000e-04 1.44300000e-05 5.26280000e-04 4.91500000e-04 -2.47760000e-04 -9.43900000e-05 3.56770000e-04 1.31280000e-04 -3.29150000e-04 -2.77300000e-05 3.13180000e-04 9.94400000e-05 9.35500000e-05 4.90930000e-04 9.99360000e-04 2.01030000e-04 1.73100000e-05 1.17988000e-03 8.12300000e-05 1.81040000e-04 1.77380000e-04 1.78740000e-04 -3.36630000e-04 1.12882000e-03 -2.36140000e-04 -8.81600000e-05 3.69410000e-04 1.47570000e-04 -2.67410000e-04 4.79100000e-05 1.41240000e-04 2.11520000e-04 3.56800000e-05 8.26400000e-05 5.08900000e-05 4.06870000e-04 -1.62080000e-04 -1.65400000e-04 7.92860000e-04 1.99350000e-04 -1.13360000e-04 -1.09730000e-04 1.51550000e-04 -9.93700000e-05 -1.36170000e-04 5.05030000e-04 -1.10210000e-04 2.38660000e-04 -2.40770000e-04 3.69390000e-04 2.14940000e-04 2.20930000e-04 -1.30200000e-05 -1.32700000e-05 2.11620000e-04 2.17630000e-04 -2.81690000e-04 3.92000000e-06 -1.17580000e-04 3.40440000e-04 -4.83940000e-04 -1.75050000e-04 2.76100000e-05 5.86730000e-04 -4.17480000e-04 -5.85660000e-04 4.77000000e-06 1.48990000e-04 1.47550000e-04 3.20060000e-04 2.31070000e-04 1.73800000e-05 1.31640000e-04 1.51420000e-04 6.67790000e-04 -2.56580000e-04 4.38600000e-05 -5.56780000e-04 -3.29740000e-04 3.54290000e-04 2.66840000e-04 -1.54630000e-04 8.98900000e-05 -1.66230000e-04 5.24600000e-05 -2.82190000e-04 7.68000000e-05 8.32130000e-04 -2.24960000e-04 1.75660000e-04 3.04110000e-04 4.53900000e-05 -4.03780000e-04 2.67840000e-04 1.11360000e-04 5.76270000e-04 -4.46530000e-04 4.27050000e-04 -1.25570000e-04 2.67810000e-04 1.86380000e-04 5.91900000e-05 -3.01700000e-05 2.09960000e-04 2.02600000e-04 2.04300000e-05 3.81350000e-04 1.23700000e-05 2.54400000e-04 6.01120000e-04 -1.31420000e-04 1.16108000e-03 5.18400000e-05 5.49400000e-04 -1.99820000e-04 2.03340000e-04 -3.46940000e-04
-1.47587000e-03 -3.13680000e-04 -2.83220000e-04 -1.34290000e-04 4.22700000e-05 -1.73550000e-04 -2.64010000e-04 5.42000000e-05 5.55150000e-04 3.63210000e-04 8.01200000e-05 1.23190000e-04 -6.87900000e-05 3.09880000e-04 -1.21675000e-03 -2.67500000e-05 4.09750000e-04 -1.31530000e-03 -2.51500000e-04 1.08500000e-04 -1.74390000e-04 -3.09400000e-05 6.39350000e-04 -1.06879000e-03 6.42570000e-04 3.26000000e-06 -1.91700000e-04 2.50490000e-04 -5.00700000e-05 -2.47840000e-04 -3.00970000e-04 -1.17260000e-04 7.84500000e-05 -2.55980000e-04 9.00100000e-05 -6.54570000e-04 -4.26500000e-05 -2.68530000e-04 -1.20308000e-03 1.41890000e-04 -1.09260000e-04 4.03910000e-04 -2.81600000e-04 -1.98700000e-05 3.06270000e-04 -4.85910000e-04 2.16580000e-04 -1.37190000e-04 -1.70130000e-04 -2.99430000e-04 2.88500000e-05 -1.96190000e-04 -1.70180000e-04 -1.04020000e-04 -3.20220000e-04 -4.29570000e-04 -1.27800000e-05 2.01710000e-04 -1.97730000e-04 -1.26370000e-04 8.97980000e-04 5.34610000e-04 -2.78900000e-04 -5.22150000e-04 3.36710000e-04 5.88600000e-04 8.77000000e-06 -1.64450000e-04 -2.96090000e-04 2.04750000e-04 -5.11000000e-05 -1.38310000e-04 7.60700000e-05 -2.64260000e-04 -5.07160000e-04 -8.72700000e-05 9.00200000e-05 9.69200000e-04 1.11880000e-04 -2.49070000e-04 9.17300000e-05 1.04170000e-04 -2.47930000e-04 1.02980000e-04 -2.65730000e-04 6.05850000e-04 1.85800000e-04 5.42200000e-05 3.30900000e-05 1.74600000e-04 -9.60500000e-05 -6.44180000e-04 2.75790000e-04 -2.22010000e-04 1.03280000e-04 2.21510000e-04 9.07000000e-06 -1.26135000e-03 2.71830000e-04 -4.39220000e-04 -1.29210000e-04 -7.85000000e-05 -9.60800000e-05 -8.46210000e-04 -2.68630000e-04 1.30710000e-04 -3.27410000e-04 -1.42920000e-04 -4.60120000e-04 -8.02910000e-04 -1.96710000e-04 -1.58109000e-03 -5.89140000e-04 -8.00780000e-04 -5.59710000e-04 -5.21530000e-04 -6.06320000e-04
-5.19223000e-03 -8.44630000e-04 -8.82470000e-04 5.83820000e-04 -5.30970000e-04 -7.00310000e-04 -1.22972000e-03 9.58990000e-04 2.37686000e-03 1.57832000e-03 6.47690000e-04 2.53910000e-04 2.82730000e-04 2.22573000e-03 -3.86733000e-03 -2.04200000e-04 1.96285000e-03 -3.87755000e-03 -1.15411000e-03 5.35250000e-04 4.93600000e-05 -6.61600000e-05 2.69077000e-03 -3.62900000e-03 2.41512000e-03 -3.45430000e-04 -8.99350000e-04 1.59920000e-03 -7.66890000e-04 -1.05639000e-03 -1.17536000e-03 -5.70100000e-04 2.21600000e-04 -1.51568000e-03 6.54150000e-04 -2.48572000e-03 -7.05150000e-04 -1.79955000e-03 -4.29376000e-03 6.31180000e-04 -8.52820000e-04 1.83905000e-03 -7.86950000e-04 4.95160000e-04 1.49415000e-03 -1.53818000e-03 8.07060000e-04 -3.47860000e-04 -1.32050000e-03 -9.17510000e-04 1.01770000e-04 -6.76130000e-04 -6.93800000e-04 -5.41290000e-04 -9.18720000e-04 -1.72630000e-03 2.03600000e-05 1.36765000e-03 -7.58820000e-04 -4.03130000e-04 3.98435000e-03 2.34357000e-03 -8.81850000e-04 -2.02729000e-03 1.68152000e-03 1.54831000e-03 4.44630000e-04 -7.93500000e-04 -1.04415000e-03 7.62760000e-04 -3.17140000e-04 -8.05420000e-04 4.33550000e-04 -5.72140000e-04 -1.92936000e-03 -9.50180000e-04 2.50360000e-04 4.02522000e-03 -2.10000000e-04 -8.07950000e-04 5.66010000e-04 -4.23200000e-05 -1.09647000e-03 9.82390000e-04 -1.18671000e-03 2.61385000e-03 9.50210000e-04 1.43876000e-03 -5.39010000e-04 8.48470000e-04 -3.19580000e-04 -2.40719000e-03 3.35350000e-04 -1.97870000e-04 1.21251000e-03 2.72939000e-03 3.79790000e-04 -4.05511000e-03 1.78262000e-03 -1.35294000e-03 -7.07500000e-05 -1.06400000e-04 -1.69440000e-04 -2.54564000e-03 -6.33680000e-04 7.92490000e-04 -5.59980000e-04 -4.46660000e-04 -1.60173000e-03 -2.43330000e-03 -6.88740000e-04 -5.72878000e-03 -2.12724000e-03 -2.61798000e-03 -2.27379000e-03 -1.67817000e-03 -2.60999000e-03
-2.71825000e-03 -1.67020000e-04 -8.19780000e-04 1.40820000e-04 -4.11850000e-04 -3.03100000e-05 -9.71450000e-04 8.52970000e-04 1.29032000e-03 7.12770000e-04 -2.80500000e-05 5.57000000e-05 4.17690000e-04 1.07975000e-03 -2.32916000e-03 -2.69440000e-04 1.00152000e-03 -2.50453000e-03 -8.44550000e-04 9.47800000e-05 -1.78330000e-04 -9.41900000e-05 1.38559000e-03 -2.45181000e-03 1.21603000e-03 -2.24610000e-04 -9.28670000e-04 6.79990000e-04 -5.58420000e-04 -7.00330000e-04 -6.32340000e-04 -5.88330000e-04 -6.54300000e-05 -1.11278000e-03 9.32000000e-06 -1.56983000e-03 -4.11490000e-04 -1.06306000e-03 -2.50375000e-03 1.66920000e-04 -6.79290000e-04 9.66830000e-04 -5.19750000e-04 3.54400000e-05 7.26540000e-04 -9.71540000e-04 4.69420000e-04 -5.36830000e-04 -8.97260000e-04 -6.30170000e-04 -5.81100000e-05 -4.36180000e-04 -5.21300000e-04 -5.15910000e-04 -6.35700000e-04 -1.03687000e-03 3.93590000e-04 3.15610000e-04 -6.08800000e-05 -2.98070000e-04 2.15038000e-03 1.21448000e-03 -1.32030000e-04 -1.40824000e-03 9.97060000e-04 7.85060000e-04 3.93500000e-05 -6.67140000e-04 -6.41590000e-04 3.54990000e-04 -3.76580000e-04 -5.69030000e-04 -1.37250000e-04 -4.29830000e-04 -1.11257000e-03 -4.33550000e-04 8.70500000e-05 2.11011000e-03 3.26200000e-05 -3.44360000e-04 1.32380000e-04 -6.61800000e-05 -6.18830000e-04 4.00610000e-04 -7.51850000e-04 1.39973000e-03 4.39830000e-04 5.76600000e-04 -3.48740000e-04 3.21160000e-04 -1.19740000e-04 -1.04035000e-03 3.16610000e-04 2.35960000e-04 9.50690000e-04 1.80790000e-03 5.98410000e-04 -1.97972000e-03 6.89280000e-04 -4.63800000e-04 3.14200000e-04 2.77470000e-04 2.50340000e-04 -1.21882000e-03 -2.79500000e-05 8.53710000e-04 1.45100000e-05 1.55910000e-04 -5.92630000e-04 -1.12051000e-03 3.57000000e-06 -3.37768000e-03 -8.68580000e-04 -1.43702000e-03 -1.02527000e-03 -6.86660000e-04 -1.20750000e-03
-3.24434000e-03 -2.33410000e-04 -9.67730000e-04 2.24720000e-04 -3.26710000e-04 -1.24090000e-04 -9.97220000e-04 9.68460000e-04 1.69910000e-03 9.88450000e-04 3.08270000e-04 1.81260000e-04 5.09970000e-04 1.18502000e-03 -2.96518000e-03 -3.08090000e-04 1.30164000e-03 -3.15664000e-03 -7.73940000e-04 1.54390000e-04 1.42300000e-05 -1.19840000e-04 1.90496000e-03 -3.07448000e-03 1.66893000e-03 -1.68120000e-04 -8.29490000e-04 9.96090000e-04 -6.21190000e-04 -7.10290000e-04 -7.85590000e-04 -5.17990000e-04 6.89900000e-05 -1.27227000e-03 3.82460000e-04 -1.79950000e-03 -5.87210000e-04 -1.21745000e-03 -3.30147000e-03 3.08210000e-04 -7.03540000e-04 1.32628000e-03 -4.97530000e-04 3.91440000e-04 9.89820000e-04 -1.32118000e-03 6.33390000e-04 -3.82500000e-04 -9.82230000e-04 -7.72100000e-04 -5.54000000e-05 -6.28190000e-04 -4.09250000e-04 -3.64790000e-04 -6.95310000e-04 -1.32361000e-03 3.76930000e-04 7.85250000e-04 -1.57470000e-04 -4.13140000e-04 2.82788000e-03 1.61122000e-03 -3.13970000e-04 -1.57527000e-03 1.24563000e-03 1.05809000e-03 3.68380000e-04 -7.62570000e-04 -7.06700000e-04 2.86090000e-04 -5.07590000e-04 -5.53930000e-04 1.94710000e-04 -3.96430000e-04 -1.56455000e-03 -5.74940000e-04 8.30500000e-05 2.88759000e-03 -2.10000000e-07 -6.62280000e-04 1.60790000e-04 6.57100000e-05 -9.06570000e-04 7.93290000e-04 -8.17730000e-04 1.83050000e-03 6.04810000e-04 5.96240000e-04 -3.54720000e-04 5.18480000e-04 -3.48430000e-04 -1.31071000e-03 3.66680000e-04 2.11010000e-04 1.14826000e-03 2.15007000e-03 6.90770000e-04 -2.54890000e-03 1.14371000e-03 -6.66020000e-04 2.14380000e-04 2.86140000e-04 2.14550000e-04 -1.52823000e-03 -1.80370000e-04 8.57050000e-04 -1.34030000e-04 -1.54000000e-05 -8.24630000e-04 -1.44877000e-03 -1.19160000e-04 -4.39387000e-03 -1.17211000e-03 -1.95322000e-03 -1.16700000e-03 -8.90440000e-04 -1.48829000e-03
4.72302000e-03 9.62540000e-04 4.64720000e-04 -1.69982000e-03 1.11833000e-03 1.14462000e-03 1.09281000e-03 -1.08977000e-03 -2.17275000e-03 -1.74805000e-03 -1.19266000e-03 -8.36400000e-05 -3.17180000e-04 -3.50370000e-03 2.78321000e-03 1.03620000e-04 -2.18294000e-03 2.59536000e-03 1.07834000e-03 -6.14020000e-04 -6.00240000e-04 -1.00660000e-04 -2.38135000e-03 2.71300000e-03 -2.24203000e-03 6.30710000e-04 6.71460000e-04 -2.13029000e-03 1.61232000e-03 1.08030000e-03 8.87870000e-04 4.27410000e-04 -1.95990000e-04 1.84432000e-03 -1.03773000e-03 1.93349000e-03 1.15315000e-03 2.31294000e-03 3.25783000e-03 -8.54250000e-04 1.10770000e-03 -1.94070000e-03 5.19980000e-04 -9.55370000e-04 -1.58438000e-03 6.57020000e-04 -6.04410000e-04 -9.39800000e-05 2.11533000e-03 3.01920000e-04 -3.24880000e-04 3.11540000e-04 7.38480000e-04 5.31960000e-04 4.64580000e-04 1.38367000e-03 6.28510000e-04 -1.82304000e-03 1.21513000e-03 -5.37000000e-06 -3.65282000e-03 -2.40962000e-03 1.20757000e-03 1.68042000e-03 -1.61703000e-03 -2.19190000e-04 -7.18020000e-04 6.01880000e-04 7.62070000e-04 -1.00257000e-03 2.27130000e-04 8.60330000e-04 -7.90140000e-04 1.19030000e-04 1.25502000e-03 1.59846000e-03 -2.07740000e-04 -3.64040000e-03 9.26810000e-04 6.39150000e-04 -6.53340000e-04 4.84330000e-04 9.93600000e-04 -1.24972000e-03 1.22542000e-03 -2.55937000e-03 -1.15820000e-03 -2.84841000e-03 1.10740000e-03 -1.08665000e-03 2.20160000e-04 2.65614000e-03 5.23510000e-04 -8.19700000e-05 -1.34703000e-03 -3.88901000e-03 3.32070000e-04 3.68418000e-03 -2.13420000e-03 1.25477000e-03 8.27900000e-05 2.30630000e-04 4.60250000e-04 2.41613000e-03 6.19560000e-04 -5.14290000e-04 2.33920000e-04 8.43890000e-04 1.57916000e-03 1.60411000e-03 1.11940000e-03 4.56548000e-03 2.39510000e-03 1.60624000e-03 2.63857000e-03 1.62355000e-03 3.26714000e-03
1.36362000e-03 2.77300000e-04 3.41100000e-05 -8.17500000e-04 5.52050000e-04 3.66600000e-04 3.33620000e-04 -5.86380000e-04 -6.20140000e-04 -5.90660000e-04 -5.29830000e-04 8.39000000e-06 -2.78690000e-04 -1.48627000e-03 6.39440000e-04 7.67600000e-05 -7.85930000e-04 4.22510000e-04 3.77500000e-04 -2.24320000e-04 -3.40750000e-04 5.20000000e-06 -6.78710000e-04 5.58160000e-04 -6.86670000e-04 3.00310000e-04 1.51250000e-04 -8.53900000e-04 6.45500000e-04 4.06330000e-04 3.03720000e-04 1.27950000e-04 3.09000000e-06 6.37340000e-04 -4.37940000e-04 6.17960000e-04 5.63580000e-04 9.51140000e-04 9.19410000e-04 -3.36720000e-04 5.21210000e-04 -6.61190000e-04 1.29070000e-04 -4.40240000e-04 -4.53610000e-04 5.72300000e-05 -1.85340000e-04 -6.67200000e-05 8.68900000e-04 -8.82000000e-06 -1.52730000e-04 1.20470000e-04 3.16540000e-04 1.47270000e-04 1.32730000e-04 5.24930000e-04 2.45020000e-04 -7.74110000e-04 4.00500000e-04 -6.90100000e-05 -1.13227000e-03 -8.10810000e-04 3.05880000e-04 4.63200000e-04 -5.09510000e-04 1.55000000e-04 -3.47810000e-04 2.00070000e-04 2.68640000e-04 -4.43850000e-04 5.80700000e-05 3.37290000e-04 -3.54230000e-04 3.29000000e-06 2.76600000e-04 7.54530000e-04 1.04200000e-05 -1.11545000e-03 6.02450000e-04 1.72610000e-04 -2.65500000e-04 2.86090000e-04 4.33230000e-04 -4.73480000e-04 4.70600000e-04 -8.05410000e-04 -4.53330000e-04 -1.44609000e-03 5.49310000e-04 -4.32980000e-04 4.35700000e-05 8.36060000e-04 4.61730000e-04 -2.16640000e-04 -6.81250000e-04 -1.78165000e-03 1.42270000e-04 9.76700000e-04 -8.82180000e-04 2.47360000e-04 -1.55490000e-04 -1.41600000e-05 7.02200000e-05 5.71020000e-04 9.14000000e-05 -2.65250000e-04 -1.68090000e-04 2.03830000e-04 3.86470000e-04 2.02980000e-04 4.05710000e-04 1.23617000e-03 7.12020000e-04 4.09160000e-04 8.44810000e-04 3.76960000e-04 1.07031000e-03
1.84846000e-03 4.07180000e-04 7.99550000e-04 -2.43650000e-04 5.04370000e-04 3.07600000e-04 9.56710000e-04 -3.43440000e-04 -7.73400000e-04 -3.52420000e-04 1.39250000e-04 2.27470000e-04 -4.74400000e-05 -8.84210000e-04 1.58335000e-03 4.45140000e-04 -5.85230000e-04 1.66139000e-03 6.73520000e-04 1.92560000e-04 1.83400000e-04 2.89800000e-04 -8.17900000e-04 1.68917000e-03 -6.95570000e-04 2.76280000e-04 9.15460000e-04 -3.95820000e-04 6.35300000e-04 6.78700000e-04 5.00860000e-04 6.29700000e-04 2.36900000e-04 9.35300000e-04 1.00770000e-04 1.18434000e-03 4.02610000e-04 7.10980000e-04 1.77248000e-03 8.29900000e-05 6.80930000e-04 -4.92640000e-04 4.18730000e-04 1.11470000e-04 -4.06010000e-04 7.33190000e-04 -6.78000000e-05 4.63990000e-04 7.32340000e-04 5.11150000e-04 1.73950000e-04 4.17180000e-04 5.83200000e-04 5.25820000e-04 5.62200000e-04 9.06200000e-04 8.57200000e-05 -9.62500000e-05 3.20150000e-04 2.81200000e-04 -1.47054000e-03 -7.51100000e-04 3.30120000e-04 1.10960000e-03 -6.58650000e-04 -1.33520000e-04 9.79500000e-05 7.21330000e-04 4.63990000e-04 -2.99950000e-04 5.40420000e-04 5.06550000e-04 2.68370000e-04 4.06090000e-04 7.61880000e-04 4.01240000e-04 8.12300000e-05 -1.31342000e-03 1.90030000e-04 3.53620000e-04 1.60710000e-04 2.19710000e-04 7.08560000e-04 -2.69500000e-04 5.92290000e-04 -8.53370000e-04 -2.06890000e-04 -4.79830000e-04 4.73070000e-04 -9.86100000e-05 2.67140000e-04 9.06490000e-04 2.83600000e-05 3.13400000e-05 -4.17280000e-04 -1.05953000e-03 -1.23580000e-04 1.35399000e-03 -4.40470000e-04 5.42900000e-04 4.95600000e-05 7.71100000e-05 1.04860000e-04 9.20860000e-04 3.37170000e-04 -2.57860000e-04 2.01900000e-04 1.72680000e-04 6.49450000e-04 9.43160000e-04 3.33480000e-04 2.30228000e-03 7.94400000e-04 9.05500000e-04 9.25460000e-04 6.83600000e-04 1.05787000e-03
2.54218000e-03 4.69050000e-04 -4.90100000e-05 -1.41472000e-03 9.26750000e-04 6.73390000e-04 4.69940000e-04 -9.38140000e-04 -1.18913000e-03 -1.05615000e-03 -9.33970000e-04 -1.31060000e-04 -4.29650000e-04 -2.49848000e-03 9.78920000e-04 -3.69200000e-05 -1.40440000e-03 6.84160000e-04 6.52930000e-04 -4.86170000e-04 -5.34970000e-04 -1.77300000e-04 -1.30174000e-03 8.72190000e-04 -1.22604000e-03 4.78550000e-04 2.01550000e-04 -1.44098000e-03 1.15003000e-03 6.54720000e-04 4.51650000e-04 1.76710000e-04 -1.09670000e-04 1.11861000e-03 -6.53680000e-04 9.56050000e-04 8.75030000e-04 1.61564000e-03 1.48321000e-03 -6.48810000e-04 8.26800000e-04 -1.16662000e-03 1.99900000e-04 -5.50680000e-04 -9.10240000e-04 7.10000000e-05 -3.21700000e-04 -1.56690000e-04 1.50132000e-03 -6.14900000e-05 -3.33770000e-04 7.28400000e-05 4.78910000e-04 3.40040000e-04 1.39320000e-04 7.33900000e-04 4.49640000e-04 -1.18200000e-03 7.27430000e-04 -2.22710000e-04 -2.03429000e-03 -1.41204000e-03 5.90520000e-04 6.49160000e-04 -7.54390000e-04 2.53750000e-04 -4.63690000e-04 3.36760000e-04 3.98920000e-04 -8.03350000e-04 2.68800000e-05 5.66210000e-04 -5.29100000e-04 -4.70500000e-05 3.52500000e-04 1.20231000e-03 -1.29120000e-04 -1.93059000e-03 8.34830000e-04 1.18530000e-04 -5.84310000e-04 4.31320000e-04 5.79260000e-04 -6.99420000e-04 7.45630000e-04 -1.42880000e-03 -7.66760000e-04 -2.41622000e-03 8.79010000e-04 -7.97280000e-04 -9.33100000e-05 1.50844000e-03 6.26050000e-04 -3.73780000e-04 -1.09385000e-03 -3.03364000e-03 3.48930000e-04 1.80685000e-03 -1.31464000e-03 4.66750000e-04 -2.23360000e-04 -1.12900000e-05 1.82320000e-04 1.13921000e-03 1.23310000e-04 -4.75180000e-04 -2.71740000e-04 3.80070000e-04 6.96010000e-04 4.55330000e-04 6.61450000e-04 2.00650000e-03 1.28817000e-03 6.07260000e-04 1.63388000e-03 7.17460000e-04 2.03161000e-03
1.08592300e-02 1.75376000e-03 1.87356000e-03 -2.09269000e-03 1.69469000e-03 1.67960000e-03 2.69282000e-03 -2.36236000e-03 -5.16264000e-03 -3.62945000e-03 -1.83079000e-03 -4.26750000e-04 -7.66160000e-04 -5.98759000e-03 7.91089000e-03 4.37280000e-04 -4.51321000e-03 7.99835000e-03 2.51483000e-03 -1.08992000e-03 -4.46220000e-04 -1.17000000e-06 -5.69588000e-03 7.80570000e-03 -5.27791000e-03 1.00495000e-03 1.93096000e-03 -3.94160000e-03 2.63728000e-03 2.38989000e-03 2.15623000e-03 1.20895000e-03 -4.43810000e-04 3.91343000e-03 -1.68051000e-03 4.95439000e-03 2.02268000e-03 4.43531000e-03 8.70976000e-03 -1.52670000e-03 2.22044000e-03 -4.28038000e-03 1.55855000e-03 -1.53599000e-03 -3.39551000e-03 2.65766000e-03 -1.62804000e-03 4.10660000e-04 3.80895000e-03 1.46693000e-03 -4.03060000e-04 1.16823000e-03 1.55946000e-03 1.19921000e-03 1.71530000e-03 3.46304000e-03 2.97800000e-04 -3.18978000e-03 1.80887000e-03 5.34590000e-04 -8.58980000e-03 -5.32685000e-03 2.10682000e-03 4.35897000e-03 -3.75236000e-03 -2.08846000e-03 -1.21014000e-03 1.74848000e-03 2.06388000e-03 -1.69870000e-03 8.15630000e-04 1.85194000e-03 -1.15418000e-03 9.04800000e-04 3.75065000e-03 2.63425000e-03 -5.11360000e-04 -8.63201000e-03 9.95020000e-04 1.72917000e-03 -1.11315000e-03 4.82830000e-04 2.28746000e-03 -2.42938000e-03 2.70106000e-03 -5.80849000e-03 -2.23531000e-03 -4.03250000e-03 1.70937000e-03 -2.06146000e-03 7.24650000e-04 5.33869000e-03 -3.86500000e-05 2.05900000e-05 -2.89845000e-03 -7.09390000e-03 -4.51560000e-04 8.62236000e-03 -4.06826000e-03 2.79175000e-03 4.82700000e-05 1.34890000e-04 4.47070000e-04 5.49751000e-03 1.28395000e-03 -1.66786000e-03 8.92130000e-04 1.17303000e-03 3.39767000e-03 4.50192000e-03 1.63941000e-03 1.19392900e-02 4.82129000e-03 4.80269000e-03 5.07616000e-03 3.55195000e-03 6.20928000e-03
1.03644200e-02 1.56421000e-03 1.17666000e-03 -2.87601000e-03 2.13762000e-03 1.67387000e-03 2.23204000e-03 -2.91490000e-03 -4.71532000e-03 -3.58824000e-03 -2.29639000e-03 -5.77550000e-04 -1.22346000e-03 -6.67808000e-03 6.50640000e-03 2.33080000e-04 -4.61324000e-03 6.23720000e-03 2.47909000e-03 -1.36243000e-03 -8.02900000e-04 -2.00380000e-04 -5.29192000e-03 6.20056000e-03 -4.96246000e-03 1.17351000e-03 1.43872000e-03 -4.24272000e-03 3.03418000e-03 2.35134000e-03 2.12227000e-03 9.37070000e-04 -4.55090000e-04 3.84621000e-03 -1.78459000e-03 4.57142000e-03 2.37826000e-03 4.87139000e-03 7.83534000e-03 -1.85331000e-03 2.53951000e-03 -4.14942000e-03 1.31326000e-03 -1.41441000e-03 -3.17755000e-03 2.06844000e-03 -1.54502000e-03 2.29240000e-04 4.25898000e-03 1.04576000e-03 -6.57780000e-04 9.95540000e-04 1.58899000e-03 1.26669000e-03 1.47900000e-03 3.37160000e-03 5.35090000e-04 -3.28690000e-03 1.83642000e-03 1.53960000e-04 -7.99215000e-03 -5.10338000e-03 1.86134000e-03 3.51410000e-03 -2.99117000e-03 -1.31780000e-03 -1.29657000e-03 1.60481000e-03 1.99451000e-03 -2.19056000e-03 5.01910000e-04 1.89476000e-03 -1.36568000e-03 7.33340000e-04 2.93387000e-03 3.10795000e-03 -5.14490000e-04 -7.97049000e-03 1.62058000e-03 1.20418000e-03 -1.51677000e-03 7.22290000e-04 2.34873000e-03 -2.27364000e-03 2.68225000e-03 -5.45856000e-03 -2.32090000e-03 -5.47334000e-03 2.11648000e-03 -2.36263000e-03 2.47160000e-04 5.17099000e-03 6.04090000e-04 -6.64990000e-04 -3.45636000e-03 -8.53683000e-03 -1.88000000e-06 7.83971000e-03 -4.02472000e-03 2.18849000e-03 -5.03830000e-04 -1.89660000e-04 2.58920000e-04 4.99361000e-03 7.52290000e-04 -2.02083000e-03 1.30600000e-05 9.39740000e-04 2.83400000e-03 3.45609000e-03 1.69331000e-03 1.04920900e-02 4.57923000e-03 4.26602000e-03 5.29526000e-03 3.05331000e-03 6.58122000e-03
1.15075000e-03 2.01500000e-04 2.57860000e-04 1.10600000e-04 -2.73900000e-05 6.13800000e-05 2.20900000e-04 -1.03700000e-04 -5.20750000e-04 -3.69040000e-04 -8.77900000e-05 -9.25400000e-05 2.16600000e-05 -3.98070000e-04 8.97450000e-04 2.71400000e-05 -4.00320000e-04 9.87430000e-04 2.76370000e-04 -1.24100000e-04 1.34700000e-04 5.66000000e-06 -5.98430000e-04 8.93790000e-04 -5.74670000e-04 7.21000000e-06 1.91530000e-04 -2.93890000e-04 6.78200000e-05 2.50540000e-04 1.81590000e-04 8.02500000e-05 -9.57200000e-05 2.96440000e-04 -4.56600000e-05 5.36850000e-04 9.24000000e-05 2.57900000e-04 9.54330000e-04 -1.43470000e-04 1.51720000e-04 -4.26680000e-04 2.56280000e-04 -4.75700000e-05 -3.63220000e-04 3.18060000e-04 -2.07160000e-04 1.07280000e-04 1.54560000e-04 2.03770000e-04 -2.96700000e-05 1.03790000e-04 1.44160000e-04 1.76000000e-04 2.82010000e-04 3.02690000e-04 -5.22800000e-05 -1.24430000e-04 7.40300000e-05 6.06600000e-05 -9.01550000e-04 -5.35930000e-04 1.81180000e-04 4.27350000e-04 -3.23600000e-04 -4.32910000e-04 -5.67000000e-05 1.37000000e-04 3.02090000e-04 -3.60800000e-05 9.33000000e-06 1.30790000e-04 -1.65100000e-05 2.18290000e-04 4.38150000e-04 6.73700000e-05 -1.26320000e-04 -9.70260000e-04 -7.31600000e-05 9.53500000e-05 -1.10890000e-04 -6.99100000e-05 1.32200000e-04 -2.31280000e-04 2.60290000e-04 -6.39180000e-04 -1.29520000e-04 9.85500000e-05 -4.60000000e-06 -1.66730000e-04 4.83000000e-06 4.91950000e-04 -2.32070000e-04 1.54390000e-04 -1.25890000e-04 -2.32880000e-04 -1.30060000e-04 9.75390000e-04 -2.97180000e-04 3.63140000e-04 6.88700000e-05 2.65100000e-05 4.49500000e-05 6.49730000e-04 2.36970000e-04 -1.39420000e-04 2.50300000e-04 5.40400000e-05 4.19540000e-04 6.90520000e-04 8.98500000e-05 1.25981000e-03 4.87490000e-04 5.91340000e-04 5.20760000e-04 4.55580000e-04 6.30900000e-04
1.06535100e-02 1.61416000e-03 2.91316000e-03 -6.86300000e-05 3.64830000e-04 1.19778000e-03 2.89045000e-03 -1.17658000e-03 -4.81115000e-03 -2.88548000e-03 -7.53640000e-04 -3.90000000e-04 1.28240000e-04 -3.49672000e-03 9.82738000e-03 6.31650000e-04 -3.38459000e-03 1.08671900e-02 2.19367000e-03 -6.23590000e-04 4.37290000e-04 3.23280000e-04 -5.48643000e-03 1.00387900e-02 -5.02003000e-03 4.43520000e-04 2.31492000e-03 -2.48130000e-03 1.87094000e-03 1.94711000e-03 2.23999000e-03 1.29297000e-03 -5.50520000e-04 3.65394000e-03 -1.12050000e-03 4.98369000e-03 1.10614000e-03 3.03961000e-03 9.74240000e-03 -7.59090000e-04 1.42654000e-03 -3.63758000e-03 1.69852000e-03 -9.17700000e-04 -2.96914000e-03 4.00925000e-03 -1.65273000e-03 6.72970000e-04 2.62051000e-03 2.44236000e-03 3.14710000e-04 1.59424000e-03 9.34730000e-04 1.19501000e-03 2.19482000e-03 3.45003000e-03 -4.11810000e-04 -1.76711000e-03 1.30083000e-03 1.42368000e-03 -8.03781000e-03 -4.58464000e-03 2.15422000e-03 4.97366000e-03 -3.60304000e-03 -3.42673000e-03 -8.83380000e-04 1.88510000e-03 2.02423000e-03 -4.61330000e-04 1.30519000e-03 1.46477000e-03 -7.06860000e-04 1.32840000e-03 4.98020000e-03 1.22232000e-03 -4.99650000e-04 -8.38414000e-03 -4.51490000e-04 2.54349000e-03 -3.65840000e-04 -2.39510000e-04 2.13091000e-03 -2.08235000e-03 2.25221000e-03 -5.26042000e-03 -1.45068000e-03 -1.50890000e-04 6.27010000e-04 -1.20081000e-03 1.53730000e-03 4.80284000e-03 -1.38005000e-03 9.10460000e-04 -1.56557000e-03 -3.68017000e-03 -1.28724000e-03 9.13618000e-03 -2.87764000e-03 3.33160000e-03 8.21720000e-04 3.77470000e-04 5.32650000e-04 6.21200000e-03 1.72552000e-03 -1.14557000e-03 2.10639000e-03 1.17237000e-03 3.70387000e-03 5.76878000e-03 1.04183000e-03 1.35847200e-02 4.76312000e-03 5.80630000e-03 4.35539000e-03 4.06094000e-03 5.70158000e-03
-4.35078000e-03 -1.77140000e-04 -3.93300000e-05 2.57991000e-03 -1.69521000e-03 -6.42490000e-04 -8.28710000e-04 2.51358000e-03 1.89074000e-03 1.63123000e-03 1.65559000e-03 3.83930000e-04 1.52151000e-03 3.99469000e-03 -1.76876000e-03 -4.05600000e-05 2.45757000e-03 -1.31535000e-03 -1.14061000e-03 8.13100000e-04 1.06690000e-03 3.15540000e-04 2.25044000e-03 -1.66753000e-03 2.01626000e-03 -7.37310000e-04 -4.43090000e-04 2.49351000e-03 -2.31585000e-03 -1.10842000e-03 -1.07055000e-03 -3.49120000e-04 1.37750000e-04 -2.22494000e-03 1.04287000e-03 -1.92477000e-03 -1.84096000e-03 -3.07183000e-03 -3.16640000e-03 1.18747000e-03 -1.76677000e-03 1.93908000e-03 -2.00360000e-04 7.61100000e-04 1.39561000e-03 -5.74290000e-04 7.07660000e-04 3.28200000e-05 -2.94556000e-03 -1.49730000e-04 4.64650000e-04 -4.46180000e-04 -7.66050000e-04 -7.50080000e-04 -3.04710000e-04 -1.75268000e-03 -3.17420000e-04 1.83836000e-03 -7.46380000e-04 2.81040000e-04 3.43632000e-03 2.25173000e-03 -4.66410000e-04 -9.62220000e-04 7.84470000e-04 -4.67200000e-04 8.86890000e-04 -9.40150000e-04 -7.46540000e-04 1.51991000e-03 -2.61160000e-04 -1.01567000e-03 8.91190000e-04 6.38600000e-05 -6.99170000e-04 -2.16946000e-03 1.60330000e-04 3.30024000e-03 -1.44656000e-03 -7.83900000e-05 1.08700000e-03 -6.02180000e-04 -1.51994000e-03 1.15826000e-03 -1.28029000e-03 2.33955000e-03 1.33423000e-03 4.48814000e-03 -1.67606000e-03 1.50011000e-03 2.92310000e-04 -2.13898000e-03 -9.99020000e-04 1.55636000e-03 2.84168000e-03 6.67238000e-03 -1.82690000e-04 -2.67881000e-03 2.09289000e-03 -1.19610000e-04 1.15297000e-03 7.80610000e-04 3.69350000e-04 -1.66688000e-03 5.91770000e-04 1.68136000e-03 1.38531000e-03 -5.07900000e-05 -4.97110000e-04 -1.94300000e-04 -6.86990000e-04 -3.96867000e-03 -1.84317000e-03 -1.55296000e-03 -2.70061000e-03 -6.91040000e-04 -3.68916000e-03
-1.44117900e-02 -1.65813000e-03 -1.97968000e-03 3.54583000e-03 -3.11533000e-03 -1.57096000e-03 -3.50798000e-03 4.94756000e-03 6.60112000e-03 4.78856000e-03 2.60549000e-03 8.11800000e-04 2.52267000e-03 8.96428000e-03 -9.07421000e-03 -6.17930000e-04 6.47142000e-03 -8.61030000e-03 -3.86339000e-03 1.71438000e-03 7.87730000e-04 1.13590000e-04 7.40987000e-03 -8.66586000e-03 6.73670000e-03 -1.62269000e-03 -2.60981000e-03 5.65777000e-03 -3.87765000e-03 -3.61808000e-03 -3.30130000e-03 -1.78467000e-03 2.44060000e-04 -5.43747000e-03 1.84644000e-03 -7.15808000e-03 -3.44428000e-03 -6.80596000e-03 -1.14860100e-02 2.36819000e-03 -3.91344000e-03 5.69520000e-03 -2.08820000e-03 1.41247000e-03 4.25343000e-03 -3.33925000e-03 2.27445000e-03 -1.12439000e-03 -5.72100000e-03 -1.82593000e-03 7.57180000e-04 -1.77067000e-03 -2.67813000e-03 -2.11479000e-03 -2.39404000e-03 -5.22194000e-03 5.69200000e-05 4.12062000e-03 -1.79470000e-03 -3.68260000e-04 1.13401000e-02 7.02657000e-03 -1.66616000e-03 -5.15037000e-03 4.46048000e-03 2.33983000e-03 1.41858000e-03 -2.65211000e-03 -3.02954000e-03 3.17603000e-03 -9.13360000e-04 -2.87910000e-03 1.17011000e-03 -1.37440000e-03 -4.20809000e-03 -4.24068000e-03 5.71840000e-04 1.12123000e-02 -2.01363000e-03 -1.23891000e-03 2.14051000e-03 -9.35460000e-04 -3.60547000e-03 2.89051000e-03 -4.03210000e-03 7.61809000e-03 3.26126000e-03 7.63604000e-03 -2.94776000e-03 3.16418000e-03 2.43100000e-05 -6.62970000e-03 -4.61370000e-04 1.61544000e-03 5.71229000e-03 1.26887400e-02 8.46090000e-04 -1.03262300e-02 5.38646000e-03 -2.37575000e-03 1.60209000e-03 1.01168000e-03 4.78040000e-04 -6.23943000e-03 -3.72310000e-04 3.84569000e-03 7.72440000e-04 -3.20210000e-04 -3.31168000e-03 -4.59609000e-03 -1.69042000e-03 -1.48964000e-02 -5.59329000e-03 -6.46694000e-03 -6.97074000e-03 -3.62001000e-03 -8.41100000e-03
-3.53360000e-03 -4.85790000e-04 -1.07025000e-03 3.17800000e-05 -2.47240000e-04 -3.73300000e-04 -1.16106000e-03 5.35270000e-04 1.61850000e-03 8.32960000e-04 5.81000000e-05 4.02600000e-05 1.06930000e-04 1.02459000e-03 -3.15180000e-03 -3.70250000e-04 1.12544000e-03 -3.37737000e-03 -8.21470000e-04 9.19000000e-05 -1.00180000e-04 -2.08450000e-04 1.85089000e-03 -3.23249000e-03 1.52616000e-03 -1.82020000e-04 -1.02681000e-03 7.64020000e-04 -5.38600000e-04 -7.37510000e-04 -9.07840000e-04 -6.39620000e-04 2.18900000e-05 -1.26178000e-03 2.19490000e-04 -1.90808000e-03 -4.55760000e-04 -1.02586000e-03 -3.39048000e-03 1.17370000e-04 -6.09840000e-04 1.12997000e-03 -5.58700000e-04 2.26600000e-04 9.43370000e-04 -1.52914000e-03 5.28360000e-04 -4.49850000e-04 -7.93770000e-04 -9.66600000e-04 -2.09790000e-04 -6.96660000e-04 -4.62510000e-04 -4.82800000e-04 -7.68480000e-04 -1.38943000e-03 1.96800000e-04 5.91580000e-04 -3.90730000e-04 -5.66930000e-04 2.77017000e-03 1.44145000e-03 -5.95430000e-04 -1.75109000e-03 1.36771000e-03 1.23142000e-03 2.16160000e-04 -8.59500000e-04 -6.90830000e-04 1.84900000e-04 -5.99990000e-04 -5.87470000e-04 1.25300000e-05 -4.68460000e-04 -1.73480000e-03 -4.23230000e-04 6.24000000e-05 2.78577000e-03 1.62630000e-04 -7.55720000e-04 1.03720000e-04 5.07500000e-05 -9.34320000e-04 6.71360000e-04 -8.07600000e-04 1.70374000e-03 5.12890000e-04 1.76510000e-04 -3.00240000e-04 3.28410000e-04 -4.71500000e-04 -1.52987000e-03 4.81290000e-04 -2.21230000e-04 7.04680000e-04 1.41470000e-03 5.63250000e-04 -2.81519000e-03 1.01226000e-03 -1.03290000e-03 -1.73920000e-04 -8.21300000e-05 -8.62900000e-05 -1.82805000e-03 -4.95250000e-04 4.85560000e-04 -5.73580000e-04 -3.01020000e-04 -1.18223000e-03 -1.97216000e-03 -3.34910000e-04 -4.55268000e-03 -1.45026000e-03 -2.08098000e-03 -1.43059000e-03 -1.24879000e-03 -1.73334000e-03
-2.30154000e-03 -3.04130000e-04 -1.26603000e-03 -6.85140000e-04 3.15880000e-04 -9.45900000e-05 -1.09669000e-03 -2.76800000e-05 1.30436000e-03 3.94840000e-04 -4.70240000e-04 -1.24250000e-04 -2.07130000e-04 -2.64680000e-04 -2.88632000e-03 -4.55010000e-04 4.77480000e-04 -3.27082000e-03 -5.01150000e-04 -1.84960000e-04 -2.87620000e-04 -3.49480000e-04 1.48236000e-03 -3.13776000e-03 1.03780000e-03 7.25700000e-05 -1.07413000e-03 6.41100000e-05 1.51600000e-04 -4.05350000e-04 -7.18550000e-04 -6.57510000e-04 -2.74900000e-05 -7.35300000e-04 7.41000000e-06 -1.54594000e-03 5.84500000e-05 -1.25780000e-04 -2.86714000e-03 -3.09310000e-04 -7.87600000e-05 6.83200000e-04 -4.45390000e-04 1.25050000e-04 7.09770000e-04 -1.62775000e-03 4.24620000e-04 -5.21050000e-04 1.44230000e-04 -1.10183000e-03 -4.73350000e-04 -6.89020000e-04 -1.43940000e-04 -3.07590000e-04 -6.53370000e-04 -1.02475000e-03 5.00560000e-04 1.54240000e-04 -7.38500000e-05 -8.18910000e-04 2.20702000e-03 9.24860000e-04 -3.59380000e-04 -1.66996000e-03 1.42561000e-03 1.55894000e-03 8.17500000e-05 -6.24600000e-04 -4.51770000e-04 -4.16900000e-04 -6.97700000e-04 -2.89420000e-04 -2.27210000e-04 -3.92890000e-04 -1.89593000e-03 2.56080000e-04 -2.12700000e-05 2.21705000e-03 7.15650000e-04 -8.39390000e-04 -2.51730000e-04 3.05290000e-04 -5.98030000e-04 6.40480000e-04 -4.46410000e-04 1.22460000e-03 1.36980000e-04 -1.33911000e-03 2.26830000e-04 -1.58150000e-04 -6.76640000e-04 -8.55890000e-04 9.19040000e-04 -5.34050000e-04 6.84300000e-05 -2.82720000e-04 9.95080000e-04 -1.98008000e-03 6.20580000e-04 -9.91550000e-04 -4.41570000e-04 -2.09630000e-04 -8.29800000e-05 -1.27521000e-03 -6.07370000e-04 1.22730000e-04 -9.13090000e-04 -1.93360000e-04 -1.05639000e-03 -2.07460000e-03 5.24000000e-06 -3.89936000e-03 -8.71950000e-04 -1.86938000e-03 -6.34040000e-04 -1.06047000e-03 -6.99540000e-04
-5.95968000e-03 -8.87200000e-04 -1.01235000e-03 9.51910000e-04 -8.88520000e-04 -7.76270000e-04 -1.50886000e-03 1.43743000e-03 2.80072000e-03 1.87369000e-03 7.78480000e-04 2.55130000e-04 6.09320000e-04 2.89091000e-03 -4.19042000e-03 -2.93540000e-04 2.43056000e-03 -4.08910000e-03 -1.45349000e-03 5.86080000e-04 1.56750000e-04 -5.86100000e-05 3.11663000e-03 -3.96428000e-03 2.77336000e-03 -5.06460000e-04 -1.14783000e-03 2.01743000e-03 -1.07200000e-03 -1.33875000e-03 -1.35407000e-03 -7.62000000e-04 1.53240000e-04 -1.90183000e-03 7.16340000e-04 -2.95598000e-03 -1.00300000e-03 -2.31865000e-03 -4.85747000e-03 7.84880000e-04 -1.21733000e-03 2.20185000e-03 -8.99500000e-04 6.00930000e-04 1.76215000e-03 -1.61196000e-03 9.25390000e-04 -5.25990000e-04 -1.78156000e-03 -9.56010000e-04 1.81430000e-04 -7.63560000e-04 -9.65330000e-04 -7.03990000e-04 -1.02405000e-03 -2.05778000e-03 1.01400000e-05 1.67834000e-03 -8.40840000e-04 -3.67650000e-04 4.67673000e-03 2.79096000e-03 -8.92500000e-04 -2.32344000e-03 1.96343000e-03 1.51056000e-03 4.94600000e-04 -1.01015000e-03 -1.24080000e-03 1.05398000e-03 -3.93450000e-04 -1.04262000e-03 4.15790000e-04 -6.27730000e-04 -2.05427000e-03 -1.31119000e-03 2.50970000e-04 4.65519000e-03 -4.48920000e-04 -7.52930000e-04 6.73230000e-04 -1.85800000e-04 -1.34582000e-03 1.16010000e-03 -1.47521000e-03 3.09211000e-03 1.17907000e-03 2.25458000e-03 -8.33820000e-04 1.07427000e-03 -2.10780000e-04 -2.75845000e-03 2.08400000e-04 6.49100000e-05 1.75484000e-03 3.87270000e-03 4.06320000e-04 -4.46708000e-03 2.17063000e-03 -1.35819000e-03 1.70980000e-04 5.06400000e-05 -5.83000000e-05 -2.71527000e-03 -5.41290000e-04 1.15138000e-03 -3.07180000e-04 -3.89880000e-04 -1.68410000e-03 -2.50636000e-03 -7.74100000e-04 -6.41680000e-03 -2.33692000e-03 -2.86933000e-03 -2.64418000e-03 -1.73907000e-03 -2.94897000e-03
-6.69261000e-03 -8.41140000e-04 -1.57385000e-03 1.63171000e-03 -1.15327000e-03 -9.42680000e-04 -2.09329000e-03 2.00586000e-03 3.43824000e-03 2.18961000e-03 1.13112000e-03 1.22670000e-04 9.19370000e-04 3.66011000e-03 -5.30077000e-03 -6.14290000e-04 2.94133000e-03 -5.28486000e-03 -1.53554000e-03 4.71020000e-04 7.38940000e-04 -2.07650000e-04 3.85237000e-03 -5.43324000e-03 3.32291000e-03 -5.98640000e-04 -1.58427000e-03 2.56223000e-03 -1.84717000e-03 -1.50809000e-03 -1.63178000e-03 -1.06446000e-03 8.71400000e-05 -2.82264000e-03 1.29135000e-03 -3.48569000e-03 -1.59102000e-03 -2.95367000e-03 -6.16345000e-03 7.46680000e-04 -1.60545000e-03 2.82631000e-03 -7.37830000e-04 1.35746000e-03 2.22394000e-03 -2.14296000e-03 1.20485000e-03 -4.00930000e-04 -2.54705000e-03 -1.22582000e-03 -3.34500000e-05 -1.11510000e-03 -8.82800000e-04 -7.36640000e-04 -1.00008000e-03 -2.66931000e-03 6.27400000e-05 2.37801000e-03 -1.03624000e-03 -6.25850000e-04 5.92356000e-03 3.46161000e-03 -1.13582000e-03 -3.09392000e-03 2.83509000e-03 1.36609000e-03 1.14755000e-03 -1.39711000e-03 -1.20136000e-03 8.80500000e-04 -1.03365000e-03 -1.19939000e-03 8.45640000e-04 -3.46610000e-04 -2.89696000e-03 -1.79106000e-03 6.46100000e-05 5.87520000e-03 -6.78420000e-04 -1.34703000e-03 5.44780000e-04 -2.47600000e-04 -1.98413000e-03 2.08959000e-03 -1.72330000e-03 3.81427000e-03 1.52535000e-03 2.71707000e-03 -1.23342000e-03 1.22331000e-03 -7.69750000e-04 -3.24782000e-03 -2.62100000e-05 4.28190000e-04 2.41635000e-03 5.40890000e-03 8.15050000e-04 -5.13248000e-03 3.13758000e-03 -1.56382000e-03 2.36690000e-04 1.93940000e-04 -2.70300000e-05 -3.17357000e-03 -5.81170000e-04 1.29516000e-03 -1.90480000e-04 -5.96400000e-04 -2.00206000e-03 -2.70142000e-03 -9.05930000e-04 -8.28292000e-03 -2.94789000e-03 -3.39874000e-03 -3.11556000e-03 -2.09218000e-03 -3.97738000e-03
6.94735000e-03 7.42570000e-04 1.25886000e-03 -1.45186000e-03 1.35885000e-03 7.76490000e-04 1.70481000e-03 -2.00760000e-03 -2.98797000e-03 -2.13025000e-03 -1.14178000e-03 -3.93970000e-04 -8.66770000e-04 -4.08564000e-03 4.97080000e-03 2.60620000e-04 -2.83724000e-03 5.23948000e-03 1.76933000e-03 -6.81240000e-04 -1.87080000e-04 -1.17080000e-04 -3.36375000e-03 5.10320000e-03 -3.19610000e-03 7.35320000e-04 1.32677000e-03 -2.44710000e-03 2.34738000e-03 1.60001000e-03 1.35918000e-03 7.92260000e-04 -2.32750000e-04 2.99666000e-03 -7.63150000e-04 3.10973000e-03 1.58572000e-03 3.18262000e-03 5.56721000e-03 -1.03109000e-03 1.83926000e-03 -2.62703000e-03 9.64830000e-04 -5.97040000e-04 -1.94386000e-03 1.71693000e-03 -1.01148000e-03 3.84470000e-04 3.10195000e-03 9.27130000e-04 -2.48880000e-04 7.69860000e-04 1.05498000e-03 1.08437000e-03 1.20292000e-03 2.30212000e-03 2.70800000e-05 -1.43270000e-03 8.78970000e-04 2.54060000e-04 -5.06393000e-03 -3.18192000e-03 1.10797000e-03 2.63491000e-03 -1.81271000e-03 -8.08840000e-04 -6.35810000e-04 1.43739000e-03 1.36135000e-03 -1.16560000e-03 6.34150000e-04 1.33371000e-03 -5.24950000e-04 6.71230000e-04 2.13360000e-03 1.83855000e-03 -3.50950000e-04 -5.11701000e-03 7.36850000e-04 8.83630000e-04 -7.31110000e-04 4.23640000e-04 1.59723000e-03 -1.21712000e-03 1.80210000e-03 -3.47878000e-03 -1.33805000e-03 -2.79422000e-03 1.37481000e-03 -1.39305000e-03 2.68290000e-04 3.21154000e-03 1.19250000e-04 -6.14380000e-04 -2.30781000e-03 -5.49705000e-03 -2.60840000e-04 5.36727000e-03 -2.05319000e-03 1.34619000e-03 -4.59410000e-04 -3.94020000e-04 -5.51600000e-05 3.58073000e-03 2.83190000e-04 -1.58755000e-03 -4.31100000e-05 4.00840000e-04 1.71974000e-03 2.25889000e-03 7.48400000e-04 7.62475000e-03 2.99624000e-03 2.97545000e-03 3.36154000e-03 1.99905000e-03 4.47271000e-03
-3.96426000e-03 -3.65220000e-04 -8.62700000e-04 1.13007000e-03 -7.75710000e-04 -4.27440000e-04 -1.18710000e-03 1.50292000e-03 2.04998000e-03 1.36483000e-03 7.71690000e-04 1.49370000e-04 7.88330000e-04 2.36372000e-03 -2.98172000e-03 -3.27100000e-04 1.84797000e-03 -2.94590000e-03 -9.50610000e-04 3.40890000e-04 4.89630000e-04 -6.16000000e-05 2.30131000e-03 -3.07261000e-03 2.01576000e-03 -3.71460000e-04 -8.89160000e-04 1.63166000e-03 -1.21369000e-03 -9.19850000e-04 -9.70290000e-04 -6.12780000e-04 4.83900000e-05 -1.73913000e-03 7.98270000e-04 -2.09174000e-03 -1.03768000e-03 -1.91443000e-03 -3.64040000e-03 5.41300000e-04 -1.06846000e-03 1.75882000e-03 -4.18450000e-04 7.72770000e-04 1.33253000e-03 -1.17700000e-03 7.84850000e-04 -2.65200000e-04 -1.67340000e-03 -6.50170000e-04 4.67800000e-05 -6.35060000e-04 -5.34590000e-04 -4.85900000e-04 -5.64310000e-04 -1.59945000e-03 1.27390000e-04 1.42253000e-03 -4.98360000e-04 -2.89080000e-04 3.54916000e-03 2.12385000e-03 -4.97480000e-04 -1.73031000e-03 1.59117000e-03 6.91740000e-04 7.13180000e-04 -7.84850000e-04 -7.33530000e-04 6.65260000e-04 -5.63970000e-04 -7.24650000e-04 5.55020000e-04 -1.83500000e-04 -1.59863000e-03 -1.17520000e-03 5.41400000e-05 3.50943000e-03 -4.98020000e-04 -6.66430000e-04 4.14710000e-04 -1.62310000e-04 -1.18499000e-03 1.26705000e-03 -1.06643000e-03 2.31614000e-03 9.60480000e-04 1.96079000e-03 -7.99760000e-04 8.25340000e-04 -3.22340000e-04 -1.85234000e-03 -9.06100000e-05 5.75290000e-04 1.74397000e-03 3.81247000e-03 5.33690000e-04 -2.91472000e-03 1.87530000e-03 -7.03000000e-04 4.23130000e-04 3.53080000e-04 1.70660000e-04 -1.78577000e-03 -1.13410000e-04 1.05869000e-03 2.19610000e-04 -1.46140000e-04 -9.74760000e-04 -1.33519000e-03 -4.23510000e-04 -4.80701000e-03 -1.64432000e-03 -1.97352000e-03 -1.88948000e-03 -1.07789000e-03 -2.47527000e-03
1.45421000e-03 8.65000000e-06 1.47017000e-03 2.86090000e-04 6.53900000e-05 -4.33400000e-05 1.46089000e-03 -4.29740000e-04 -7.03230000e-04 5.81200000e-05 8.25010000e-04 5.92210000e-04 -1.35960000e-04 3.53180000e-04 2.54500000e-03 8.39450000e-04 -1.33780000e-04 2.82092000e-03 5.33030000e-04 6.23350000e-04 1.45960000e-04 6.52520000e-04 -7.61450000e-04 2.93834000e-03 -3.94870000e-04 8.29500000e-05 1.49526000e-03 1.61590000e-04 2.05040000e-04 4.30540000e-04 8.74970000e-04 1.03508000e-03 5.16260000e-04 8.74820000e-04 6.13000000e-05 1.65870000e-03 1.27490000e-04 3.87910000e-04 2.54134000e-03 6.21380000e-04 3.32970000e-04 -2.17980000e-04 3.25230000e-04 -1.57400000e-04 -1.97650000e-04 1.54165000e-03 -2.70660000e-04 8.89330000e-04 2.48140000e-04 1.16803000e-03 7.27910000e-04 8.88060000e-04 2.88360000e-04 3.73730000e-04 5.14220000e-04 1.25511000e-03 -5.74290000e-04 -1.28490000e-04 -7.07100000e-05 9.77130000e-04 -1.37326000e-03 -4.02190000e-04 -3.27900000e-05 1.86322000e-03 -1.20682000e-03 -8.24890000e-04 -3.26500000e-05 7.13920000e-04 3.76330000e-04 2.37790000e-04 1.00854000e-03 3.77360000e-04 3.02280000e-04 2.55630000e-04 1.76421000e-03 1.22700000e-05 4.30580000e-04 -1.32037000e-03 -3.55630000e-04 9.43110000e-04 6.57170000e-04 -5.46300000e-05 9.14180000e-04 -5.06280000e-04 4.67930000e-04 -6.44790000e-04 -4.19100000e-05 6.17890000e-04 8.05900000e-05 4.51180000e-04 8.38450000e-04 3.75590000e-04 -5.21710000e-04 -5.92400000e-05 -5.39150000e-04 -6.23910000e-04 -1.09566000e-03 8.95610000e-04 -5.31460000e-04 4.26120000e-04 -2.44900000e-05 -9.61300000e-05 -2.63900000e-04 6.06390000e-04 9.15100000e-05 -4.47180000e-04 2.08310000e-04 -1.04550000e-04 4.34040000e-04 1.16317000e-03 -1.04490000e-04 3.44171000e-03 3.43850000e-04 1.64440000e-03 1.96610000e-04 4.77750000e-04 2.39520000e-04
2.09834000e-03 2.39370000e-04 1.74968000e-03 1.75950000e-04 5.64700000e-05 2.03960000e-04 1.59857000e-03 -3.45400000e-04 -1.02488000e-03 -1.77500000e-04 6.29950000e-04 5.86730000e-04 -1.06100000e-05 8.73300000e-05 3.16460000e-03 9.10390000e-04 -3.75130000e-04 3.57330000e-03 5.29570000e-04 6.84110000e-04 7.56500000e-05 6.77370000e-04 -1.12197000e-03 3.65649000e-03 -7.66650000e-04 6.57700000e-05 1.56440000e-03 -6.72200000e-05 4.93100000e-04 5.14900000e-04 9.28790000e-04 1.06958000e-03 4.59250000e-04 1.17905000e-03 -1.71410000e-04 1.85208000e-03 2.75440000e-04 5.00280000e-04 3.15227000e-03 5.46370000e-04 4.19650000e-04 -5.12570000e-04 3.63560000e-04 -4.06280000e-04 -4.41270000e-04 1.71819000e-03 -3.54160000e-04 8.12100000e-04 4.86470000e-04 1.23593000e-03 7.25000000e-04 9.70920000e-04 2.81610000e-04 3.52340000e-04 5.68040000e-04 1.43951000e-03 -3.23730000e-04 -3.62460000e-04 1.79700000e-04 1.02432000e-03 -1.89134000e-03 -7.50320000e-04 3.40870000e-04 2.12418000e-03 -1.44424000e-03 -7.79300000e-04 -2.09930000e-04 8.03980000e-04 4.08470000e-04 2.51620000e-04 1.18802000e-03 3.82250000e-04 1.14370000e-04 2.46900000e-04 2.05861000e-03 1.42390000e-04 4.27120000e-04 -1.90233000e-03 -3.40210000e-04 1.19974000e-03 7.71110000e-04 -9.67000000e-05 1.10131000e-03 -7.94450000e-04 5.59190000e-04 -1.02570000e-03 -1.56040000e-04 6.14640000e-04 1.32020000e-04 3.25640000e-04 1.04055000e-03 7.95180000e-04 -5.50980000e-04 7.54500000e-05 -5.02800000e-04 -7.89450000e-04 -8.97910000e-04 1.60022000e-03 -7.85550000e-04 7.70690000e-04 2.38220000e-04 3.05000000e-05 -5.06900000e-05 1.17219000e-03 3.92740000e-04 -2.85200000e-04 4.91200000e-04 2.30880000e-04 7.93270000e-04 1.56065000e-03 1.72020000e-04 4.30306000e-03 8.41330000e-04 1.90647000e-03 5.60970000e-04 8.62340000e-04 8.09880000e-04
-5.75145000e-03 -6.62120000e-04 -1.53536000e-03 1.61394000e-03 -1.39662000e-03 -7.50610000e-04 -2.09788000e-03 2.02687000e-03 3.03018000e-03 1.91617000e-03 7.78550000e-04 -6.68100000e-05 1.00429000e-03 3.56684000e-03 -4.30379000e-03 -7.05050000e-04 2.69189000e-03 -4.25068000e-03 -1.61948000e-03 2.49580000e-04 6.07550000e-04 -2.28230000e-04 3.27902000e-03 -4.66474000e-03 2.78915000e-03 -6.86330000e-04 -1.77790000e-03 2.34874000e-03 -1.85280000e-03 -1.55300000e-03 -1.36686000e-03 -1.17393000e-03 -1.45280000e-04 -2.76947000e-03 8.70110000e-04 -3.22435000e-03 -1.58487000e-03 -2.82464000e-03 -5.21643000e-03 5.99190000e-04 -1.77166000e-03 2.51629000e-03 -7.24890000e-04 1.13585000e-03 1.95828000e-03 -1.66617000e-03 9.88740000e-04 -6.23830000e-04 -2.52160000e-03 -9.79560000e-04 -5.04000000e-06 -9.23240000e-04 -1.09882000e-03 -8.73240000e-04 -9.30990000e-04 -2.41073000e-03 5.18700000e-05 1.91144000e-03 -8.15680000e-04 -4.38810000e-04 5.21729000e-03 3.07598000e-03 -8.42560000e-04 -2.87502000e-03 2.65107000e-03 7.84520000e-04 8.51100000e-04 -1.42336000e-03 -1.13336000e-03 8.65730000e-04 -9.87920000e-04 -1.25335000e-03 3.90140000e-04 -3.62440000e-04 -2.32226000e-03 -1.72054000e-03 6.31000000e-06 5.08580000e-03 -7.62790000e-04 -8.84540000e-04 3.88880000e-04 -4.44120000e-04 -1.75993000e-03 1.78986000e-03 -1.69594000e-03 3.42064000e-03 1.38857000e-03 2.76628000e-03 -1.36242000e-03 1.06570000e-03 -4.54370000e-04 -2.78226000e-03 -1.79450000e-04 6.18440000e-04 2.38072000e-03 5.29448000e-03 7.29860000e-04 -4.20005000e-03 2.69946000e-03 -1.20871000e-03 4.32980000e-04 3.02140000e-04 1.06440000e-04 -2.53578000e-03 -3.85410000e-04 1.34890000e-03 1.15860000e-04 -3.65760000e-04 -1.64288000e-03 -2.13426000e-03 -7.53020000e-04 -7.00329000e-03 -2.44781000e-03 -2.70358000e-03 -2.76388000e-03 -1.67972000e-03 -3.45620000e-03
-1.50733500e-02 -2.18152000e-03 -2.74602000e-03 2.98516000e-03 -2.54809000e-03 -2.12245000e-03 -3.73526000e-03 3.68658000e-03 7.58666000e-03 5.16378000e-03 2.66370000e-03 7.75410000e-04 1.48749000e-03 8.34401000e-03 -1.05019800e-02 -6.81580000e-04 6.57973000e-03 -1.06038400e-02 -3.60931000e-03 1.50578000e-03 7.64990000e-04 9.61900000e-05 8.43207000e-03 -1.07018200e-02 7.48362000e-03 -1.41105000e-03 -2.78929000e-03 5.70888000e-03 -3.78443000e-03 -3.45304000e-03 -3.05501000e-03 -1.70873000e-03 6.59710000e-04 -5.77006000e-03 2.19531000e-03 -7.06273000e-03 -3.16574000e-03 -6.24066000e-03 -1.24916700e-02 2.20121000e-03 -3.47315000e-03 6.25825000e-03 -2.08504000e-03 2.04562000e-03 5.01886000e-03 -3.94628000e-03 2.31658000e-03 -6.61410000e-04 -5.28962000e-03 -2.09621000e-03 5.83940000e-04 -1.74628000e-03 -2.23396000e-03 -1.86887000e-03 -2.46018000e-03 -5.08378000e-03 -2.93410000e-04 4.27849000e-03 -2.26312000e-03 -7.14170000e-04 1.26400300e-02 7.65542000e-03 -2.73805000e-03 -5.82619000e-03 5.36229000e-03 2.85512000e-03 1.72668000e-03 -2.79498000e-03 -2.90028000e-03 2.19144000e-03 -1.32880000e-03 -2.70002000e-03 1.31650000e-03 -1.27763000e-03 -5.30203000e-03 -3.72671000e-03 7.69490000e-04 1.25945300e-02 -1.33093000e-03 -2.01260000e-03 1.68609000e-03 -6.40250000e-04 -3.43394000e-03 3.66648000e-03 -3.87360000e-03 8.43470000e-03 3.18324000e-03 5.49180000e-03 -2.57313000e-03 3.07155000e-03 -7.21420000e-04 -7.28567000e-03 1.09020000e-04 4.06450000e-04 4.49985000e-03 1.06386400e-02 8.63920000e-04 -1.17707400e-02 5.63857000e-03 -3.70831000e-03 1.56340000e-04 1.13860000e-04 -4.11500000e-04 -7.36733000e-03 -1.64304000e-03 2.65200000e-03 -9.22770000e-04 -1.44044000e-03 -4.65237000e-03 -6.34640000e-03 -2.09779000e-03 -1.67159700e-02 -6.58582000e-03 -6.85429000e-03 -7.22469000e-03 -4.79739000e-03 -8.92002000e-03
6.30699000e-03 4.75510000e-04 6.54670000e-04 -2.96398000e-03 2.20312000e-03 8.20480000e-04 1.41475000e-03 -3.01081000e-03 -2.57093000e-03 -2.24792000e-03 -1.85933000e-03 -3.57280000e-04 -1.57141000e-03 -5.71269000e-03 3.12051000e-03 2.03550000e-04 -3.20014000e-03 3.01491000e-03 1.80496000e-03 -8.24300000e-04 -8.28160000e-04 -3.19760000e-04 -2.95004000e-03 3.38635000e-03 -2.88243000e-03 1.04302000e-03 1.01591000e-03 -3.13425000e-03 3.47193000e-03 1.75478000e-03 1.24919000e-03 6.82190000e-04 -7.33000000e-05 3.46165000e-03 -1.06023000e-03 2.76334000e-03 2.41102000e-03 3.97560000e-03 4.57468000e-03 -1.41635000e-03 2.55157000e-03 -2.72869000e-03 6.43020000e-04 -7.72530000e-04 -1.87958000e-03 7.94260000e-04 -9.15400000e-04 1.23480000e-04 4.13536000e-03 2.55380000e-04 -5.57030000e-04 5.39960000e-04 1.23316000e-03 1.32651000e-03 7.74780000e-04 2.29026000e-03 4.96390000e-04 -1.70796000e-03 9.54760000e-04 -3.29610000e-04 -4.70723000e-03 -3.19207000e-03 8.53290000e-04 1.82459000e-03 -1.39760000e-03 8.72760000e-04 -9.34740000e-04 1.34200000e-03 1.13818000e-03 -1.82701000e-03 5.56050000e-04 1.45053000e-03 -8.41870000e-04 2.40380000e-04 1.10616000e-03 2.79010000e-03 -2.44330000e-04 -4.58316000e-03 1.72050000e-03 2.17310000e-04 -1.08292000e-03 8.82950000e-04 1.82313000e-03 -1.45979000e-03 1.97986000e-03 -3.33773000e-03 -1.65207000e-03 -5.06328000e-03 2.19601000e-03 -1.83944000e-03 -2.52660000e-04 3.09116000e-03 1.17591000e-03 -1.82187000e-03 -3.33556000e-03 -8.24784000e-03 3.17810000e-04 4.28627000e-03 -2.27345000e-03 5.71540000e-04 -1.25543000e-03 -9.20550000e-04 -3.21440000e-04 3.01259000e-03 -3.78700000e-04 -2.10707000e-03 -1.36258000e-03 1.62690000e-04 1.05724000e-03 8.04110000e-04 9.50260000e-04 5.96559000e-03 2.90546000e-03 2.02769000e-03 3.95501000e-03 1.45696000e-03 5.67360000e-03
2.39026000e-03 2.16200000e-04 1.29370000e-04 4.21920000e-04 9.75900000e-05 -1.86310000e-04 7.76400000e-05 -5.10050000e-04 -6.46930000e-04 -6.26150000e-04 -1.74920000e-04 -4.32570000e-04 -2.16120000e-04 -8.31700000e-04 1.33496000e-03 -1.54980000e-04 -6.91120000e-04 1.48364000e-03 7.00080000e-04 -4.18450000e-04 7.30360000e-04 -1.20790000e-04 -8.41230000e-04 1.02251000e-03 -9.72140000e-04 1.10030000e-04 6.62900000e-05 -4.35840000e-04 1.22960000e-04 6.00390000e-04 4.90390000e-04 -2.99000000e-06 -1.84260000e-04 3.66160000e-04 2.83660000e-04 1.07767000e-03 1.65140000e-04 6.09890000e-04 1.70984000e-03 -4.95170000e-04 4.59880000e-04 -5.70210000e-04 7.37350000e-04 6.94740000e-04 -3.23490000e-04 5.85560000e-04 -2.56080000e-04 3.56510000e-04 3.65650000e-04 3.36260000e-04 -2.55470000e-04 2.13670000e-04 5.25860000e-04 5.13170000e-04 7.90520000e-04 6.53020000e-04 -2.29820000e-04 3.29130000e-04 -1.64400000e-04 -2.94700000e-05 -1.14101000e-03 -7.63960000e-04 -3.56200000e-05 3.38850000e-04 1.03970000e-04 -8.00410000e-04 3.62320000e-04 2.54320000e-04 7.53800000e-04 -5.93640000e-04 -3.01340000e-04 3.73440000e-04 2.11820000e-04 7.90160000e-04 3.48030000e-04 2.57060000e-04 -3.18100000e-04 -1.28474000e-03 -6.13800000e-05 -1.63910000e-04 -4.78140000e-04 -6.86800000e-05 2.41050000e-04 3.66950000e-04 6.43920000e-04 -8.67230000e-04 -2.04520000e-04 -2.29440000e-04 5.48900000e-05 -4.69350000e-04 -4.11830000e-04 6.95280000e-04 -3.89150000e-04 -1.05760000e-04 -5.40380000e-04 -8.93620000e-04 -3.97000000e-05 1.73613000e-03 2.64750000e-04 2.52820000e-04 -3.48000000e-04 -3.15000000e-04 -2.78510000e-04 1.15433000e-03 -1.81500000e-05 -8.65660000e-04 -4.09000000e-06 -3.60540000e-04 2.91290000e-04 9.57240000e-04 -3.33200000e-05 1.93973000e-03 5.94380000e-04 1.27291000e-03 9.71270000e-04 4.74090000e-04 1.14829000e-03
-3.45556000e-03 -3.91230000e-04 -8.92830000e-04 5.62920000e-04 -4.13480000e-04 -3.60290000e-04 -1.08010000e-03 1.00006000e-03 1.79616000e-03 1.10282000e-03 4.83560000e-04 1.15900000e-04 4.98300000e-04 1.52717000e-03 -3.00326000e-03 -3.25300000e-04 1.45879000e-03 -3.04356000e-03 -7.41860000e-04 2.12450000e-04 2.74800000e-04 -1.38400000e-04 2.00538000e-03 -3.00404000e-03 1.76484000e-03 -2.04460000e-04 -8.22320000e-04 1.20368000e-03 -7.02560000e-04 -7.32670000e-04 -8.50100000e-04 -5.46700000e-04 5.92400000e-05 -1.30131000e-03 6.31260000e-04 -1.85646000e-03 -6.80570000e-04 -1.36756000e-03 -3.32665000e-03 3.50510000e-04 -6.99430000e-04 1.43537000e-03 -4.26240000e-04 6.73790000e-04 1.10702000e-03 -1.22605000e-03 6.82050000e-04 -2.91910000e-04 -1.11694000e-03 -7.17270000e-04 -4.26200000e-05 -6.27430000e-04 -4.18860000e-04 -2.89730000e-04 -5.71740000e-04 -1.38269000e-03 1.89960000e-04 1.21947000e-03 -4.11460000e-04 -3.90050000e-04 3.03188000e-03 1.76625000e-03 -4.95950000e-04 -1.66473000e-03 1.46566000e-03 1.01071000e-03 5.58170000e-04 -7.03730000e-04 -6.61380000e-04 4.09080000e-04 -5.19990000e-04 -5.49660000e-04 4.20080000e-04 -2.56400000e-04 -1.59687000e-03 -7.55310000e-04 4.22700000e-05 3.06997000e-03 -1.90180000e-04 -7.62470000e-04 2.23640000e-04 4.55000000e-06 -1.00519000e-03 1.02510000e-03 -8.35850000e-04 1.96343000e-03 7.51720000e-04 1.12219000e-03 -4.49490000e-04 5.85250000e-04 -4.33890000e-04 -1.57444000e-03 1.89860000e-04 1.45880000e-04 1.21139000e-03 2.46150000e-03 5.60940000e-04 -2.70802000e-03 1.59238000e-03 -7.83930000e-04 1.36850000e-04 1.54900000e-04 7.53400000e-05 -1.61102000e-03 -2.86310000e-04 7.22600000e-04 -1.65190000e-04 -2.13070000e-04 -9.79530000e-04 -1.47031000e-03 -3.50380000e-04 -4.46523000e-03 -1.39608000e-03 -1.92151000e-03 -1.37480000e-03 -1.01924000e-03 -1.67872000e-03
2.43712000e-03 2.31870000e-04 3.41470000e-04 -1.19051000e-03 1.16809000e-03 3.56980000e-04 8.13380000e-04 -1.18536000e-03 -1.19281000e-03 -9.19340000e-04 -5.07330000e-04 3.63900000e-05 -6.02810000e-04 -2.44047000e-03 1.02569000e-03 2.10500000e-04 -1.35058000e-03 8.79660000e-04 9.72010000e-04 -2.30830000e-04 -2.58060000e-04 -5.42000000e-05 -1.24230000e-03 1.29541000e-03 -1.08711000e-03 5.92440000e-04 7.35290000e-04 -1.31093000e-03 1.30287000e-03 8.88220000e-04 4.86840000e-04 4.72110000e-04 1.17360000e-04 1.48738000e-03 -2.04920000e-04 1.27108000e-03 1.00591000e-03 1.71902000e-03 1.71554000e-03 -4.55890000e-04 1.19333000e-03 -1.13423000e-03 3.72520000e-04 -2.92480000e-04 -8.27720000e-04 2.60880000e-04 -2.57220000e-04 2.20680000e-04 1.63975000e-03 9.90200000e-05 -2.10420000e-04 1.85660000e-04 7.63430000e-04 6.50550000e-04 3.97560000e-04 9.63590000e-04 1.67510000e-04 -6.32850000e-04 3.71720000e-04 -1.29610000e-04 -2.08534000e-03 -1.34938000e-03 2.93140000e-04 9.67730000e-04 -9.09110000e-04 3.98440000e-04 -2.07110000e-04 7.02010000e-04 5.50730000e-04 -6.75050000e-04 2.53390000e-04 7.91780000e-04 4.44000000e-06 1.78360000e-04 4.43230000e-04 1.16783000e-03 -6.23800000e-05 -1.91719000e-03 7.56240000e-04 -5.08700000e-05 -3.93530000e-04 5.62340000e-04 6.81400000e-04 -5.50790000e-04 9.56430000e-04 -1.44777000e-03 -6.94590000e-04 -2.06527000e-03 1.06219000e-03 -6.61280000e-04 -1.90490000e-04 1.24019000e-03 5.60990000e-04 -6.29200000e-04 -1.32246000e-03 -3.26196000e-03 -6.44000000e-06 1.54196000e-03 -9.28180000e-04 2.99040000e-04 -4.66460000e-04 -2.40140000e-04 -1.02930000e-04 9.45130000e-04 -5.61900000e-05 -8.18810000e-04 -4.73810000e-04 5.83300000e-05 5.46660000e-04 4.53100000e-04 3.86100000e-04 2.26849000e-03 1.05281000e-03 6.85850000e-04 1.51819000e-03 5.63260000e-04 1.97666000e-03
5.95553000e-03 6.21930000e-04 2.62792000e-03 -4.73210000e-04 7.99990000e-04 5.12790000e-04 2.88942000e-03 -1.58269000e-03 -2.95771000e-03 -1.35514000e-03 3.25540000e-04 5.16990000e-04 -5.90690000e-04 -1.92974000e-03 6.17001000e-03 1.23165000e-03 -1.97839000e-03 6.58813000e-03 1.67085000e-03 3.83370000e-04 -2.07200000e-05 7.83060000e-04 -3.21263000e-03 6.73121000e-03 -2.57450000e-03 4.92230000e-04 2.66987000e-03 -1.35020000e-03 1.34935000e-03 1.48617000e-03 1.86399000e-03 1.79138000e-03 4.92130000e-04 2.72435000e-03 -5.34790000e-04 3.98248000e-03 1.01498000e-03 2.25169000e-03 6.55148000e-03 1.85540000e-04 1.38556000e-03 -2.03096000e-03 9.77090000e-04 -7.85260000e-04 -1.60572000e-03 2.92801000e-03 -1.02135000e-03 1.31007000e-03 1.87284000e-03 1.98887000e-03 7.31540000e-04 1.54446000e-03 9.71960000e-04 9.58480000e-04 1.30980000e-03 2.90484000e-03 -6.69680000e-04 -1.32794000e-03 5.42490000e-04 1.38403000e-03 -5.13758000e-03 -2.63723000e-03 6.99960000e-04 4.01570000e-03 -3.01594000e-03 -1.77162000e-03 -5.25750000e-04 1.61892000e-03 1.26268000e-03 -3.20990000e-04 1.62915000e-03 1.21058000e-03 -1.42400000e-05 6.64500000e-04 3.61564000e-03 1.03896000e-03 3.34250000e-04 -5.07267000e-03 -6.72800000e-05 1.75951000e-03 3.99220000e-04 1.22120000e-04 2.02355000e-03 -1.63652000e-03 1.65230000e-03 -3.12924000e-03 -9.40000000e-04 -8.05200000e-04 8.02520000e-04 -2.64390000e-04 1.26507000e-03 2.50590000e-03 -6.60590000e-04 -2.17060000e-04 -1.91363000e-03 -3.75543000e-03 -1.60596000e-03 4.42290000e-03 -2.23742000e-03 1.52216000e-03 -1.24360000e-04 -1.91800000e-04 -2.27850000e-04 2.83448000e-03 5.43710000e-04 -1.31310000e-03 4.79720000e-04 2.29870000e-04 1.78618000e-03 3.07417000e-03 4.09330000e-04 8.90044000e-03 2.24773000e-03 3.83826000e-03 2.19680000e-03 1.91226000e-03 2.71677000e-03
-1.49030000e-04 -6.45000000e-06 -2.10940000e-04 -4.16750000e-04 3.92550000e-04 1.13230000e-04 -2.53100000e-05 -1.32260000e-04 8.12500000e-05 -2.81300000e-05 -1.21060000e-04 6.41900000e-05 -6.07500000e-05 -5.88060000e-04 -5.92980000e-04 -2.60300000e-05 -1.02080000e-04 -7.27210000e-04 1.37830000e-04 -6.24700000e-05 -1.24820000e-04 -7.08000000e-05 1.25510000e-04 -5.05890000e-04 1.21640000e-04 2.11200000e-04 -4.97000000e-06 -2.14730000e-04 3.35040000e-04 9.98300000e-05 -9.49300000e-05 -1.42400000e-05 3.68600000e-05 2.01450000e-04 5.02600000e-05 -1.50130000e-04 2.25330000e-04 3.20870000e-04 -4.47580000e-04 -8.67700000e-05 2.71620000e-04 -1.69800000e-05 -4.45800000e-05 -1.59700000e-05 -1.51000000e-06 -3.32760000e-04 1.24370000e-04 -8.42400000e-05 3.64740000e-04 -2.24880000e-04 -1.04710000e-04 -1.44520000e-04 1.44820000e-04 1.29510000e-04 -5.37200000e-05 -6.66400000e-05 1.88360000e-04 1.19300000e-05 9.99700000e-05 -1.83740000e-04 1.03380000e-04 3.09000000e-06 3.36500000e-05 -1.57890000e-04 1.01560000e-04 5.21270000e-04 1.43800000e-05 9.01800000e-05 1.78000000e-06 -1.22000000e-04 -6.77700000e-05 1.60420000e-04 7.06600000e-05 -5.94200000e-05 -3.35020000e-04 2.80950000e-04 -1.15500000e-05 2.04240000e-04 3.47460000e-04 -2.25450000e-04 -1.17250000e-04 2.78790000e-04 -2.90800000e-05 5.08400000e-05 9.53200000e-05 4.20500000e-05 -5.58000000e-05 -5.99580000e-04 3.53750000e-04 -1.05590000e-04 -1.74930000e-04 5.50600000e-05 4.03890000e-04 -1.53650000e-04 -1.28910000e-04 -5.63940000e-04 2.12090000e-04 -2.48660000e-04 9.19000000e-06 -8.53400000e-05 -8.80800000e-05 3.01500000e-05 5.01400000e-05 -1.57720000e-04 -7.62800000e-05 -6.53000000e-06 -2.09220000e-04 4.78700000e-05 -3.02200000e-05 -3.09070000e-04 1.08510000e-04 -5.61280000e-04 3.52100000e-05 -4.02510000e-04 1.96890000e-04 -7.14500000e-05 2.78480000e-04
-1.36197200e-02 -1.91161000e-03 -2.41533000e-03 2.67057000e-03 -2.28806000e-03 -1.85155000e-03 -3.28269000e-03 3.40037000e-03 6.87800000e-03 4.69027000e-03 2.47006000e-03 7.96200000e-04 1.43231000e-03 7.52740000e-03 -9.41936000e-03 -5.55250000e-04 5.98295000e-03 -9.50198000e-03 -3.25247000e-03 1.42465000e-03 6.84360000e-04 1.47300000e-04 7.65859000e-03 -9.56217000e-03 6.80215000e-03 -1.25927000e-03 -2.42660000e-03 5.18357000e-03 -3.39793000e-03 -3.10792000e-03 -2.73218000e-03 -1.47905000e-03 6.52720000e-04 -5.18513000e-03 1.96118000e-03 -6.33350000e-03 -2.87359000e-03 -5.63701000e-03 -1.12617400e-02 2.05474000e-03 -3.14829000e-03 5.68607000e-03 -1.87771000e-03 1.79970000e-03 4.55185000e-03 -3.54276000e-03 2.11150000e-03 -5.78450000e-04 -4.77455000e-03 -1.85806000e-03 5.78940000e-04 -1.55571000e-03 -2.00278000e-03 -1.68290000e-03 -2.23256000e-03 -4.56273000e-03 -2.18680000e-04 3.84193000e-03 -1.98112000e-03 -5.98550000e-04 1.14370500e-02 6.93829000e-03 -2.41900000e-03 -5.14404000e-03 4.74022000e-03 2.61936000e-03 1.55117000e-03 -2.53540000e-03 -2.63636000e-03 2.00123000e-03 -1.14776000e-03 -2.43263000e-03 1.18283000e-03 -1.17421000e-03 -4.72467000e-03 -3.36071000e-03 7.44070000e-04 1.13980600e-02 -1.19811000e-03 -1.74337000e-03 1.59329000e-03 -5.52700000e-04 -3.08371000e-03 3.27823000e-03 -3.48679000e-03 7.63489000e-03 2.87308000e-03 4.98921000e-03 -2.31312000e-03 2.84062000e-03 -5.72000000e-04 -6.54343000e-03 1.13780000e-04 4.31770000e-04 4.13583000e-03 9.68789000e-03 7.85430000e-04 -1.06300100e-02 5.05928000e-03 -3.27814000e-03 2.16570000e-04 1.82680000e-04 -3.12530000e-04 -6.61740000e-03 -1.41278000e-03 2.47914000e-03 -7.59060000e-04 -1.23258000e-03 -4.13617000e-03 -5.66885000e-03 -1.82808000e-03 -1.50306100e-02 -5.89822000e-03 -6.18710000e-03 -6.50348000e-03 -4.26729000e-03 -8.01441000e-03
-6.84290000e-03 -1.21178000e-03 -7.99390000e-04 1.51261000e-03 -1.16075000e-03 -1.21024000e-03 -1.23888000e-03 1.34791000e-03 3.43391000e-03 2.54287000e-03 1.61406000e-03 5.84390000e-04 4.37220000e-04 4.17462000e-03 -4.15711000e-03 6.45000000e-06 3.12462000e-03 -4.16025000e-03 -1.50569000e-03 9.45870000e-04 4.06640000e-04 3.09650000e-04 3.81515000e-03 -4.14645000e-03 3.49939000e-03 -6.33110000e-04 -7.74720000e-04 2.82028000e-03 -1.77989000e-03 -1.49343000e-03 -1.07425000e-03 -3.98080000e-04 5.64030000e-04 -2.47882000e-03 1.09080000e-03 -2.70421000e-03 -1.44905000e-03 -2.77438000e-03 -5.03634000e-03 1.29655000e-03 -1.50496000e-03 2.95910000e-03 -8.85800000e-04 9.74610000e-04 2.40966000e-03 -1.29712000e-03 9.77910000e-04 1.01090000e-04 -2.42881000e-03 -5.44830000e-04 5.74760000e-04 -4.52850000e-04 -9.55610000e-04 -7.46750000e-04 -9.88850000e-04 -1.91515000e-03 -5.51080000e-04 1.99884000e-03 -1.28003000e-03 5.13500000e-05 5.61078000e-03 3.56589000e-03 -1.57025000e-03 -2.12285000e-03 2.18207000e-03 1.02821000e-03 8.21140000e-04 -1.09348000e-03 -1.22646000e-03 1.07420000e-03 -2.67330000e-04 -1.13651000e-03 7.47370000e-04 -5.13150000e-04 -1.89048000e-03 -1.74075000e-03 5.76710000e-04 5.62548000e-03 -7.26030000e-04 -6.43990000e-04 1.02548000e-03 -3.21520000e-04 -1.26458000e-03 1.60079000e-03 -1.66288000e-03 3.86797000e-03 1.51470000e-03 2.69203000e-03 -1.18949000e-03 1.65443000e-03 -6.80300000e-05 -3.53482000e-03 -1.09690000e-04 -7.40900000e-05 1.69795000e-03 4.52143000e-03 -1.86340000e-04 -5.56933000e-03 2.50237000e-03 -1.86009000e-03 -2.01040000e-04 -1.89760000e-04 -5.16410000e-04 -3.54615000e-03 -9.97100000e-04 8.43770000e-04 -6.48470000e-04 -9.76370000e-04 -2.31249000e-03 -2.85367000e-03 -1.22055000e-03 -6.79747000e-03 -3.26473000e-03 -2.62815000e-03 -3.55070000e-03 -2.35163000e-03 -4.39478000e-03
6.27673000e-03 6.53650000e-04 1.22146000e-03 -1.60739000e-03 1.45013000e-03 7.07790000e-04 1.79979000e-03 -2.08963000e-03 -2.80683000e-03 -1.91310000e-03 -9.20710000e-04 -9.84700000e-05 -9.08770000e-04 -3.93621000e-03 4.00680000e-03 4.83750000e-04 -2.64391000e-03 4.00520000e-03 1.81119000e-03 -5.33760000e-04 -2.80250000e-04 7.58400000e-05 -3.23806000e-03 4.25079000e-03 -2.75038000e-03 8.00230000e-04 1.50819000e-03 -2.31829000e-03 2.12588000e-03 1.65893000e-03 1.58074000e-03 9.96080000e-04 3.39000000e-06 2.83112000e-03 -6.50890000e-04 3.28063000e-03 1.63430000e-03 2.97019000e-03 5.32843000e-03 -7.94130000e-04 1.91397000e-03 -2.36380000e-03 9.09580000e-04 -4.52740000e-04 -1.85794000e-03 1.78724000e-03 -8.65120000e-04 5.56110000e-04 2.62139000e-03 1.04095000e-03 -5.80000000e-05 9.18510000e-04 1.14765000e-03 1.28501000e-03 1.12635000e-03 2.48591000e-03 1.81600000e-05 -1.31967000e-03 7.54980000e-04 3.88600000e-04 -5.08284000e-03 -2.93324000e-03 8.02940000e-04 2.43991000e-03 -2.02793000e-03 -6.62570000e-04 -5.70300000e-04 1.39743000e-03 1.27501000e-03 -1.12441000e-03 7.63240000e-04 1.35958000e-03 -2.85790000e-04 5.82810000e-04 2.16807000e-03 1.85830000e-03 -1.59350000e-04 -4.89987000e-03 7.92160000e-04 6.20960000e-04 -7.42120000e-04 5.01010000e-04 1.74421000e-03 -1.38547000e-03 1.84548000e-03 -3.27184000e-03 -1.26469000e-03 -2.75795000e-03 1.46188000e-03 -1.18308000e-03 1.75160000e-04 2.83932000e-03 2.26100000e-04 -8.14390000e-04 -2.41549000e-03 -5.62271000e-03 -5.20880000e-04 4.34535000e-03 -2.02628000e-03 1.18557000e-03 -5.58880000e-04 -3.77890000e-04 -1.46140000e-04 2.91015000e-03 2.28200000e-04 -1.61625000e-03 -2.74510000e-04 2.17660000e-04 1.60375000e-03 2.33463000e-03 7.55130000e-04 6.87309000e-03 2.62924000e-03 2.93799000e-03 3.41511000e-03 1.82104000e-03 4.52866000e-03
3.25975000e-03 3.74640000e-04 6.10700000e-05 -1.79993000e-03 1.43576000e-03 5.88240000e-04 7.23170000e-04 -1.58444000e-03 -1.40478000e-03 -1.26729000e-03 -1.04519000e-03 -1.53250000e-04 -8.25310000e-04 -3.40656000e-03 1.14538000e-03 5.97200000e-05 -1.81839000e-03 8.28900000e-04 1.07580000e-03 -5.50870000e-04 -5.33920000e-04 -2.01680000e-04 -1.54079000e-03 1.17414000e-03 -1.47313000e-03 7.13810000e-04 4.96250000e-04 -1.84089000e-03 1.74129000e-03 1.02009000e-03 6.12350000e-04 3.52240000e-04 -7.35000000e-06 1.74172000e-03 -5.34200000e-04 1.40504000e-03 1.33578000e-03 2.28826000e-03 2.00114000e-03 -8.13280000e-04 1.44133000e-03 -1.47858000e-03 3.52480000e-04 -4.60790000e-04 -1.03705000e-03 1.31210000e-04 -4.00060000e-04 2.18600000e-05 2.21749000e-03 -4.45900000e-05 -4.16890000e-04 1.59900000e-04 8.31680000e-04 6.94550000e-04 3.74090000e-04 1.13471000e-03 3.94050000e-04 -1.10515000e-03 6.53530000e-04 -3.25050000e-04 -2.52328000e-03 -1.74896000e-03 4.79320000e-04 8.75850000e-04 -8.50450000e-04 5.52140000e-04 -4.52660000e-04 7.03800000e-04 6.43190000e-04 -1.10233000e-03 1.21910000e-04 8.99400000e-04 -3.77750000e-04 1.17180000e-04 3.29640000e-04 1.64315000e-03 -1.44010000e-04 -2.35871000e-03 1.16515000e-03 -7.57100000e-05 -7.50590000e-04 6.72470000e-04 8.76770000e-04 -7.16670000e-04 1.12701000e-03 -1.78779000e-03 -9.73630000e-04 -3.21436000e-03 1.35199000e-03 -1.04336000e-03 -3.03620000e-04 1.75079000e-03 8.91850000e-04 -8.58210000e-04 -1.76285000e-03 -4.48438000e-03 2.98740000e-04 2.12239000e-03 -1.38756000e-03 3.23930000e-04 -6.55510000e-04 -3.25380000e-04 -6.25600000e-05 1.34738000e-03 -1.35090000e-04 -1.01838000e-03 -7.32450000e-04 1.52930000e-04 6.39510000e-04 3.36430000e-04 6.41020000e-04 2.60064000e-03 1.50549000e-03 7.96400000e-04 2.14499000e-03 7.29250000e-04 2.82350000e-03
-3.68803000e-03 -5.31190000e-04 -6.74420000e-04 8.88320000e-04 -5.05600000e-04 -5.38250000e-04 -9.35080000e-04 1.02794000e-03 1.87304000e-03 1.28109000e-03 7.78950000e-04 2.00930000e-04 4.60240000e-04 1.96863000e-03 -2.78006000e-03 -1.96280000e-04 1.63492000e-03 -2.74836000e-03 -7.29830000e-04 3.63940000e-04 3.81760000e-04 -2.86900000e-05 2.11567000e-03 -2.69460000e-03 1.89286000e-03 -2.36700000e-04 -6.13350000e-04 1.42429000e-03 -8.80440000e-04 -7.63990000e-04 -8.39520000e-04 -4.46320000e-04 1.40440000e-04 -1.33703000e-03 8.03830000e-04 -1.78749000e-03 -7.72490000e-04 -1.52202000e-03 -3.24266000e-03 5.20370000e-04 -7.33800000e-04 1.56435000e-03 -4.03950000e-04 7.04060000e-04 1.24011000e-03 -1.04701000e-03 6.91270000e-04 -1.06100000e-04 -1.27381000e-03 -5.61030000e-04 8.54600000e-05 -5.22320000e-04 -4.08010000e-04 -3.09640000e-04 -4.72000000e-04 -1.32490000e-03 -3.46800000e-05 1.39016000e-03 -6.07820000e-04 -2.21000000e-04 3.20479000e-03 1.93014000e-03 -6.39500000e-04 -1.48130000e-03 1.41839000e-03 8.08210000e-04 6.34910000e-04 -5.70670000e-04 -6.18710000e-04 6.00900000e-04 -4.10660000e-04 -5.41280000e-04 6.13150000e-04 -1.68250000e-04 -1.43181000e-03 -9.42990000e-04 1.05090000e-04 3.19445000e-03 -3.26800000e-04 -6.81650000e-04 4.04130000e-04 -3.20500000e-05 -9.77710000e-04 1.10471000e-03 -8.70380000e-04 2.09038000e-03 8.64610000e-04 1.57014000e-03 -5.38240000e-04 7.43460000e-04 -3.43460000e-04 -1.80187000e-03 4.72000000e-05 1.94460000e-04 1.24703000e-03 2.84185000e-03 3.00050000e-04 -2.87321000e-03 1.70991000e-03 -8.49250000e-04 1.12720000e-04 1.00560000e-04 -5.18800000e-05 -1.79803000e-03 -3.44420000e-04 6.82000000e-04 -1.23840000e-04 -3.35670000e-04 -1.06658000e-03 -1.46484000e-03 -5.42320000e-04 -4.28751000e-03 -1.62153000e-03 -1.80413000e-03 -1.73841000e-03 -1.15057000e-03 -2.19421000e-03
-1.10887700e-02 -1.50068000e-03 -2.43966000e-03 7.22850000e-04 -9.31010000e-04 -1.03752000e-03 -2.91721000e-03 2.35828000e-03 5.30422000e-03 3.20919000e-03 9.62420000e-04 4.88260000e-04 8.84510000e-04 4.04556000e-03 -8.60627000e-03 -7.22160000e-04 4.06359000e-03 -8.75240000e-03 -2.62508000e-03 9.07420000e-04 -1.45090000e-04 -3.50200000e-04 6.10194000e-03 -8.33349000e-03 5.14473000e-03 -6.51940000e-04 -2.32270000e-03 3.07922000e-03 -1.37016000e-03 -2.36951000e-03 -2.89125000e-03 -1.54137000e-03 3.12020000e-04 -3.33012000e-03 1.11387000e-03 -5.91073000e-03 -1.49819000e-03 -3.58089000e-03 -1.01261700e-02 1.05843000e-03 -1.92482000e-03 3.89881000e-03 -1.82052000e-03 6.60210000e-04 3.22660000e-03 -4.07242000e-03 1.80960000e-03 -1.21474000e-03 -2.34091000e-03 -2.50457000e-03 -1.10680000e-04 -1.87623000e-03 -1.49387000e-03 -1.43102000e-03 -2.23756000e-03 -4.15816000e-03 6.00610000e-04 2.45588000e-03 -1.12747000e-03 -1.30027000e-03 9.07054000e-03 4.99725000e-03 -1.40326000e-03 -4.56018000e-03 3.80789000e-03 3.83033000e-03 7.79030000e-04 -1.89439000e-03 -2.36947000e-03 1.33358000e-03 -1.05713000e-03 -1.78081000e-03 5.25070000e-04 -1.42846000e-03 -4.80679000e-03 -1.79013000e-03 3.93250000e-04 9.05167000e-03 -2.44800000e-05 -1.75656000e-03 1.03410000e-03 1.18810000e-04 -2.64383000e-03 2.24681000e-03 -2.66956000e-03 5.69966000e-03 1.82906000e-03 2.11199000e-03 -9.79330000e-04 1.57725000e-03 -7.69630000e-04 -4.75402000e-03 1.18334000e-03 -6.64500000e-05 2.92120000e-03 5.92355000e-03 1.59279000e-03 -8.36868000e-03 3.54677000e-03 -2.71843000e-03 1.24070000e-04 1.42880000e-04 4.64000000e-05 -5.19395000e-03 -1.15607000e-03 2.17750000e-03 -1.00609000e-03 -4.55070000e-04 -3.25262000e-03 -5.63667000e-03 -1.01726000e-03 -1.30543700e-02 -4.16070000e-03 -6.35114000e-03 -4.72760000e-03 -3.45498000e-03 -5.45584000e-03
-6.31143000e-03 -9.85820000e-04 -6.82020000e-04 1.25245000e-03 -1.10245000e-03 -8.63030000e-04 -1.09995000e-03 1.49612000e-03 3.17629000e-03 2.36470000e-03 1.42232000e-03 6.54940000e-04 6.28250000e-04 3.88470000e-03 -3.75128000e-03 5.33900000e-05 2.92556000e-03 -3.73679000e-03 -1.51290000e-03 9.39940000e-04 2.17690000e-04 3.29150000e-04 3.50565000e-03 -3.67736000e-03 3.25936000e-03 -5.92160000e-04 -7.10440000e-04 2.57071000e-03 -1.52917000e-03 -1.45706000e-03 -9.81810000e-04 -3.79510000e-04 4.94750000e-04 -2.23304000e-03 8.35410000e-04 -2.57856000e-03 -1.32557000e-03 -2.61148000e-03 -4.62722000e-03 1.24297000e-03 -1.47335000e-03 2.76545000e-03 -9.20500000e-04 6.75080000e-04 2.17656000e-03 -1.15256000e-03 9.60270000e-04 -5.09300000e-05 -2.22098000e-03 -4.77270000e-04 6.01370000e-04 -3.99990000e-04 -9.86500000e-04 -7.64310000e-04 -1.01877000e-03 -1.76149000e-03 -2.63170000e-04 1.66817000e-03 -9.47110000e-04 1.17020000e-04 5.17352000e-03 3.32206000e-03 -1.15900000e-03 -1.89987000e-03 1.94051000e-03 1.07971000e-03 6.22690000e-04 -9.96770000e-04 -1.23941000e-03 1.09929000e-03 -1.40440000e-04 -1.10010000e-03 5.46990000e-04 -6.13110000e-04 -1.61476000e-03 -1.58863000e-03 5.73590000e-04 5.17358000e-03 -6.46620000e-04 -4.00710000e-04 1.04895000e-03 -2.89580000e-04 -1.09655000e-03 1.32447000e-03 -1.61564000e-03 3.58381000e-03 1.39588000e-03 2.56550000e-03 -1.07132000e-03 1.56298000e-03 1.36730000e-04 -3.12007000e-03 -4.40700000e-05 1.42590000e-04 1.78650000e-03 4.39595000e-03 -1.52000000e-06 -5.04621000e-03 2.17257000e-03 -1.48258000e-03 1.27060000e-04 7.32800000e-05 -2.33400000e-04 -3.11415000e-03 -7.01120000e-04 1.11552000e-03 -3.42700000e-04 -5.59360000e-04 -1.90717000e-03 -2.45542000e-03 -8.86290000e-04 -6.13968000e-03 -2.77842000e-03 -2.44015000e-03 -3.17011000e-03 -1.97149000e-03 -3.84917000e-03
2.33260000e-04 4.80700000e-05 -2.62200000e-05 -1.51200000e-04 2.53380000e-04 1.18340000e-04 5.28400000e-05 -4.76000000e-05 -8.37400000e-05 -3.93600000e-05 -5.48600000e-05 -7.96000000e-06 -7.18000000e-06 -3.79100000e-04 -1.06850000e-04 2.99000000e-06 -1.16430000e-04 -1.50570000e-04 1.58940000e-04 -4.61700000e-05 -2.25400000e-05 -3.96200000e-05 -9.81800000e-05 -4.73700000e-05 -2.75400000e-05 1.59780000e-04 5.91400000e-05 -1.26310000e-04 2.42790000e-04 1.22660000e-04 2.83200000e-05 3.61700000e-05 9.10000000e-07 2.48700000e-04 9.36200000e-05 4.15900000e-05 1.87700000e-04 2.27150000e-04 3.86200000e-05 -3.78100000e-05 2.33400000e-04 -7.11400000e-05 2.58200000e-05 7.11400000e-05 -6.28200000e-05 8.44000000e-06 7.58200000e-05 -1.61000000e-05 2.50570000e-04 -1.70400000e-05 -2.48900000e-05 3.63000000e-06 1.27180000e-04 1.43010000e-04 7.98300000e-05 8.45400000e-05 1.15250000e-04 7.13900000e-05 1.03170000e-04 -3.05700000e-05 -1.58280000e-04 -7.31800000e-05 1.15550000e-04 -3.37000000e-06 -3.71000000e-06 1.75620000e-04 4.85500000e-05 2.12750000e-04 5.88400000e-05 -1.81800000e-05 4.75700000e-05 1.76010000e-04 1.30630000e-04 4.73000000e-05 -3.10400000e-05 1.80580000e-04 -1.77500000e-05 -8.13300000e-05 1.56310000e-04 -7.34100000e-05 -8.28600000e-05 1.69960000e-04 7.94900000e-05 5.63700000e-05 1.24960000e-04 -6.77700000e-05 -2.84700000e-05 -2.14350000e-04 2.47800000e-04 -8.01100000e-05 -5.68000000e-05 1.76760000e-04 1.93250000e-04 -1.69500000e-05 -6.15900000e-05 -3.08020000e-04 1.16330000e-04 1.43480000e-04 3.68500000e-05 8.01100000e-05 2.83800000e-05 6.34400000e-05 8.38400000e-05 9.20900000e-05 3.44700000e-05 1.12300000e-05 -1.72000000e-06 9.71000000e-05 1.28480000e-04 5.97900000e-05 9.19000000e-05 4.39000000e-05 1.66860000e-04 -3.70700000e-05 2.55230000e-04 9.43400000e-05 3.14320000e-04
5.26830000e-04 2.66400000e-05 8.70100000e-05 1.26650000e-04 3.35900000e-05 -3.58200000e-05 6.35900000e-05 -2.36000000e-05 -4.73500000e-05 -1.45900000e-05 8.95300000e-05 -1.79500000e-05 8.56400000e-05 -1.71580000e-04 1.89070000e-04 -1.98000000e-06 -1.98000000e-05 2.85530000e-04 2.32380000e-04 -6.80600000e-05 2.48120000e-04 -7.35000000e-06 -1.41780000e-04 2.37660000e-04 -7.08100000e-05 7.38700000e-05 1.18510000e-04 3.90700000e-05 1.56190000e-04 1.54710000e-04 1.69180000e-04 5.88100000e-05 -2.45000000e-05 2.06770000e-04 2.21290000e-04 2.56890000e-04 3.77700000e-05 8.14300000e-05 3.95440000e-04 -9.49000000e-06 1.64000000e-04 -5.50000000e-07 1.74450000e-04 3.67550000e-04 -3.73300000e-05 2.54410000e-04 2.44900000e-05 1.05150000e-04 5.20100000e-05 1.81430000e-04 5.03400000e-05 7.75700000e-05 1.04170000e-04 3.25050000e-04 2.33240000e-04 1.80070000e-04 -4.07900000e-05 4.09850000e-04 -5.24100000e-05 7.70400000e-05 -2.29860000e-04 -3.51100000e-05 7.89000000e-06 5.07900000e-05 1.01310000e-04 -8.18900000e-05 1.79330000e-04 1.42790000e-04 1.58450000e-04 -3.02700000e-05 1.91300000e-05 1.35660000e-04 2.11890000e-04 2.03390000e-04 1.52340000e-04 8.74000000e-06 -7.24000000e-05 -1.72720000e-04 -8.19700000e-05 -8.78500000e-05 -1.02210000e-04 2.90200000e-05 6.22400000e-05 1.33980000e-04 1.62310000e-04 -8.59800000e-05 7.93300000e-05 2.68790000e-04 6.30800000e-05 -1.94000000e-06 -8.53000000e-05 1.19580000e-04 -9.55200000e-05 -2.61900000e-05 -7.49000000e-06 -8.53000000e-05 -5.44200000e-05 2.79910000e-04 3.15420000e-04 1.24470000e-04 -9.74000000e-06 -1.04200000e-05 -1.19100000e-05 3.34300000e-04 1.64400000e-05 -1.49460000e-04 4.17800000e-05 -7.45900000e-05 1.37620000e-04 3.93020000e-04 -2.20000000e-05 4.04510000e-04 1.96850000e-04 3.00010000e-04 4.36340000e-04 2.26090000e-04 6.65530000e-04
-3.95585000e-03 -7.32080000e-04 -1.51005000e-03 6.47590000e-04 -2.64170000e-04 -8.26840000e-04 -1.74818000e-03 6.76200000e-04 2.47319000e-03 1.12178000e-03 2.00780000e-04 -3.31770000e-04 1.68640000e-04 8.83170000e-04 -3.84821000e-03 -7.64540000e-04 1.50366000e-03 -3.75314000e-03 -7.37060000e-04 -1.11660000e-04 5.64600000e-04 -5.33730000e-04 2.77796000e-03 -3.97709000e-03 1.94100000e-03 -1.79660000e-04 -1.41208000e-03 1.16027000e-03 -3.65800000e-04 -7.51510000e-04 -1.41844000e-03 -1.03842000e-03 -1.06680000e-04 -1.33320000e-03 9.70870000e-04 -2.60815000e-03 -5.63420000e-04 -1.20835000e-03 -4.55860000e-03 -6.09900000e-05 -4.93920000e-04 1.53807000e-03 -3.71040000e-04 1.04825000e-03 1.50548000e-03 -2.14644000e-03 7.45900000e-04 -5.13070000e-04 -5.58300000e-04 -1.39512000e-03 -4.96860000e-04 -1.10246000e-03 -3.12390000e-04 -2.55120000e-04 -5.38540000e-04 -1.99542000e-03 1.20980000e-04 1.83348000e-03 -8.20880000e-04 -1.03535000e-03 4.24249000e-03 2.02924000e-03 -8.24290000e-04 -2.43679000e-03 2.36419000e-03 1.67096000e-03 7.54660000e-04 -8.08240000e-04 -6.39730000e-04 1.30340000e-04 -1.07425000e-03 -5.85550000e-04 4.99680000e-04 -7.24500000e-05 -2.79512000e-03 -6.46980000e-04 -2.34120000e-04 4.04352000e-03 1.00790000e-04 -1.39583000e-03 -9.48000000e-05 1.38870000e-04 -1.49631000e-03 1.75807000e-03 -8.65540000e-04 2.38331000e-03 7.53700000e-04 5.98000000e-04 -3.45550000e-04 2.63210000e-04 -1.06088000e-03 -1.94145000e-03 5.19020000e-04 -2.78160000e-04 1.03053000e-03 2.12708000e-03 1.02175000e-03 -2.94094000e-03 2.30879000e-03 -1.42944000e-03 -4.49220000e-04 -3.42710000e-04 -2.75510000e-04 -1.74498000e-03 -8.30330000e-04 3.02230000e-04 -7.69270000e-04 -6.78030000e-04 -1.65112000e-03 -2.69029000e-03 -7.00060000e-04 -5.94994000e-03 -1.68577000e-03 -2.82116000e-03 -1.62406000e-03 -1.54876000e-03 -1.72860000e-03
2.33538000e-03 2.93220000e-04 4.97970000e-04 -8.22670000e-04 7.49080000e-04 4.02300000e-04 7.50330000e-04 -7.58310000e-04 -1.11206000e-03 -7.17720000e-04 -3.82480000e-04 6.58100000e-05 -2.72320000e-04 -1.74706000e-03 1.23630000e-03 2.52600000e-04 -1.03827000e-03 1.21062000e-03 7.55530000e-04 -1.45920000e-04 -1.80590000e-04 4.18800000e-05 -1.28722000e-03 1.50400000e-03 -9.78760000e-04 4.25030000e-04 6.66100000e-04 -9.62110000e-04 1.05731000e-03 7.06720000e-04 6.12970000e-04 4.39400000e-04 3.97800000e-05 1.29124000e-03 -2.18840000e-04 1.23670000e-03 7.93320000e-04 1.21588000e-03 1.98927000e-03 -2.63910000e-04 9.04430000e-04 -9.25180000e-04 3.13100000e-04 -1.73090000e-04 -7.73090000e-04 6.82830000e-04 -2.21890000e-04 1.58310000e-04 1.11144000e-03 3.80500000e-04 4.47000000e-06 3.57290000e-04 4.97220000e-04 6.16470000e-04 4.20840000e-04 1.01529000e-03 1.80030000e-04 -4.26290000e-04 3.91360000e-04 1.46520000e-04 -2.07620000e-03 -1.13189000e-03 4.19820000e-04 8.96630000e-04 -8.58760000e-04 6.13400000e-05 -2.16580000e-04 6.64210000e-04 4.41970000e-04 -3.76130000e-04 4.18460000e-04 6.17000000e-04 -1.18300000e-05 1.69580000e-04 8.24170000e-04 8.49350000e-04 -2.50700000e-05 -1.89277000e-03 4.13070000e-04 1.81380000e-04 -2.68590000e-04 3.31590000e-04 7.51520000e-04 -6.22870000e-04 7.78310000e-04 -1.26783000e-03 -4.83560000e-04 -1.10269000e-03 7.72870000e-04 -4.57300000e-04 7.27500000e-05 1.14868000e-03 2.68910000e-04 -3.43220000e-04 -8.99110000e-04 -2.34154000e-03 -1.06730000e-04 1.54371000e-03 -7.26710000e-04 5.42200000e-04 -1.06050000e-04 -3.72400000e-05 6.62900000e-05 1.09973000e-03 1.81160000e-04 -4.99760000e-04 -7.89700000e-05 2.25730000e-04 7.40700000e-04 9.75430000e-04 4.18010000e-04 2.51030000e-03 1.12355000e-03 1.00904000e-03 1.53411000e-03 7.93450000e-04 2.11303000e-03
