1.29374000e-02 3.07950000e-04 3.71880000e-04 -3.21320000e-04 3.60910000e-04 -8.09660000e-04 -2.83230000e-04 -1.55290000e-04 -6.24530000e-04 -5.20000000e-05 -4.56660000e-04 -1.29830000e-04 -5.49700000e-05 -1.52790000e-04 -3.73470000e-04 4.25310000e-04 2.89850000e-04 3.25740000e-04 1.50350000e-04 3.26750000e-04 -3.27000000e-05 -1.23544000e-03 2.89730000e-04 3.13300000e-05 1.63858000e-03 8.77600000e-05 2.69940000e-04 6.69800000e-05 -3.93040000e-04 -3.17140000e-04 -1.67839000e-03 -2.57170000e-04 7.73260000e-04 8.93230000e-04 -9.48100000e-05 1.28190000e-04 4.39300000e-04 2.72140000e-04 1.29934000e-03 1.14020000e-04 4.34700000e-05 -4.39970000e-04 1.96510000e-04 -3.72590000e-04 -2.41010000e-04 -9.65460000e-04 6.18000000e-05 7.62690000e-04 1.58495000e-03 -3.01800000e-04 4.65400000e-05 3.78210000e-04 -4.47940000e-04 1.59040000e-04 -4.96610000e-04 1.02430000e-04 -6.30720000e-04 -2.19710000e-04 -3.31500000e-05 -2.46110000e-04 2.13590000e-04 1.19176000e-03 -1.13500000e-05 7.82510000e-04 -1.95480000e-04 1.06621000e-03 -1.11131000e-03 2.95527000e-03 -7.34380000e-04 -3.27410000e-04 7.25920000e-04 -3.08640000e-04 -1.39150000e-03 1.07020000e-04 -3.83630000e-04 1.05140000e-04 -1.06430000e-04 3.85230000e-04 -4.71200000e-05 2.82200000e-04 -7.90970000e-04 -4.19700000e-04 1.05590000e-04 -6.36300000e-04 -1.03588000e-03 -1.35207000e-03 5.03100000e-05 -1.62620000e-04 1.34108000e-03 1.62352000e-03 1.59000000e-04 -3.07800000e-05 5.35490000e-04 1.28278000e-03 -4.71120000e-04 7.98150000e-04 -1.25500000e-05 -1.15890000e-04 1.02590000e-03 1.72949000e-03 -1.02316000e-03 7.01900000e-04 5.72890000e-04 -3.28910000e-04 -4.46450000e-04 -8.29300000e-05 1.56996000e-03 8.06060000e-04 -6.37400000e-04 -6.38570000e-04 6.66330000e-04 7.07500000e-04 5.70570000e-04 -2.87200000e-05 2.46720000e-04 1.10951000e-03 -3.30050000e-04
3.07950000e-04 2.02150300e-02 3.11710000e-04 -2.50000000e-07 1.05128000e-03 7.97300000e-04 -9.07600000e-05 -2.14370000e-04 -2.62520000e-04 3.39100000e-04 -5.69410000e-04 -3.13870000e-04 7.87200000e-05 1.61630000e-04 -4.01250000e-04 3.91270000e-04 2.23240000e-04 -4.97310000e-04 6.87760000e-04 4.49450000e-04 3.62710000e-04 1.64510000e-04 6.66470000e-04 2.93480000e-04 2.01087000e-03 -1.06471000e-03 1.76140000e-04 2.86480000e-04 -3.64800000e-04 -1.28680000e-04 -1.21897000e-03 1.18450000e-04 -1.23640000e-04 8.10000000e-04 -4.22100000e-05 -6.40750000e-04 7.72870000e-04 -6.98700000e-05 3.20490000e-04 3.04570000e-04 -1.93920000e-04 -3.65000000e-04 3.72760000e-04 4.71310000e-04 -1.35460000e-04 -9.28870000e-04 3.29110000e-04 8.95090000e-04 1.39255000e-03 -1.44680000e-04 4.40880000e-04 1.12060000e-04 -7.98650000e-04 4.18610000e-04 -3.57410000e-04 -2.08830000e-04 -7.17200000e-04 3.21900000e-05 -5.30800000e-05 -1.55650000e-04 3.48900000e-05 5.07510000e-04 2.87450000e-04 6.96100000e-04 1.25180000e-04 1.24239000e-03 -1.02715000e-03 1.90605000e-03 -4.39380000e-04 -5.13780000e-04 3.95140000e-04 3.99800000e-05 -1.03851000e-03 9.52400000e-05 8.47900000e-05 3.75110000e-04 -4.35100000e-05 1.06510000e-04 -1.89000000e-06 -1.69670000e-04 -6.65620000e-04 -3.26680000e-04 -1.04490000e-04 -6.48370000e-04 -5.31370000e-04 -1.06078000e-03 1.50880000e-04 7.94910000e-04 1.12581000e-03 1.34867000e-03 -2.51200000e-04 -7.10610000e-04 3.24540000e-04 1.95000000e-04 -4.19590000e-04 2.21270000e-04 4.03390000e-04 4.62150000e-04 3.12510000e-04 5.11170000e-04 -1.18591000e-03 3.83700000e-05 -3.76000000e-06 -4.70790000e-04 3.28700000e-04 -2.19470000e-04 4.63470000e-04 3.56920000e-04 -3.75920000e-04 -8.16860000e-04 1.80200000e-04 -2.49030000e-04 3.42710000e-04 -4.10400000e-05 9.19200000e-05 -2.26180000e-04 -1.44640000e-04
3.71880000e-04 3.11710000e-04 1.97050400e-02 -3.96040000e-04 8.87650000e-04 -3.51086000e-03 -5.29620000e-04 4.84680000e-04 1.01730000e-04 2.73360000e-04 -6.39260000e-04 2.62320000e-04 -1.50046000e-03 3.02060000e-04 -1.57732000e-03 1.30760000e-03 -3.47720000e-04 9.66130000e-04 8.17130000e-04 -1.06832000e-03 3.20700000e-05 -3.51880000e-03 2.14530000e-04 1.96920000e-04 1.67083000e-03 1.05600000e-05 -5.66800000e-05 6.81980000e-04 -4.95950000e-04 -2.01470000e-04 -2.34139000e-03 -1.83000000e-04 1.88894000e-03 2.23565000e-03 6.91520000e-04 7.54550000e-04 1.78470000e-04 6.25300000e-04 2.57821000e-03 -6.22800000e-05 3.01380000e-04 -5.31850000e-04 9.03490000e-04 -2.12235000e-03 -6.32960000e-04 -1.37089000e-03 8.28070000e-04 1.64447000e-03 3.92522000e-03 -4.64750000e-04 5.75700000e-04 1.46816000e-03 -9.53600000e-05 2.14350000e-03 -1.01897000e-03 5.94780000e-04 -6.24680000e-04 3.50960000e-04 -4.99010000e-04 -7.06300000e-05 8.72860000e-04 3.11895000e-03 1.58460000e-04 1.70893000e-03 4.04590000e-04 2.49405000e-03 -2.47629000e-03 6.37617000e-03 -1.36190000e-03 -2.65590000e-04 2.41700000e-05 -3.73300000e-04 -2.26286000e-03 -5.32690000e-04 -9.28120000e-04 1.00920000e-04 4.53590000e-04 1.49213000e-03 8.60630000e-04 7.84410000e-04 -1.29220000e-03 -4.18820000e-04 -5.11740000e-04 -8.26750000e-04 -2.89385000e-03 -3.02595000e-03 -1.57780000e-04 -2.21959000e-03 1.48461000e-03 4.62490000e-03 8.47880000e-04 3.07980000e-04 1.81188000e-03 1.61337000e-03 -1.87111000e-03 1.03400000e-03 -3.05130000e-04 -2.43990000e-04 1.44120000e-03 3.77317000e-03 -1.84763000e-03 -9.39660000e-04 8.57420000e-04 -7.74350000e-04 -1.44725000e-03 9.03000000e-06 3.42092000e-03 1.61828000e-03 -1.72412000e-03 -1.11789000e-03 9.54740000e-04 3.07785000e-03 1.66404000e-03 -4.59300000e-05 -1.30580000e-04 8.06040000e-04 -5.38370000e-04
-3.21320000e-04 -2.50000000e-07 -3.96040000e-04 1.98888100e-02 8.09900000e-05 1.58246000e-03 2.94230000e-04 -1.55190000e-04 2.07870000e-04 1.45330000e-04 2.67670000e-04 3.60800000e-05 4.39200000e-04 1.26300000e-04 5.20220000e-04 -2.20550000e-04 2.92000000e-05 -3.77020000e-04 1.26300000e-04 3.55640000e-04 1.52740000e-04 1.37725000e-03 4.96000000e-06 6.01400000e-05 -3.86170000e-04 -5.09240000e-04 -4.87400000e-05 5.83400000e-05 3.02470000e-04 2.22330000e-04 9.55310000e-04 3.72060000e-04 -8.21860000e-04 -6.53870000e-04 -5.54900000e-05 -3.14890000e-04 -3.09600000e-05 -1.99310000e-04 -1.01668000e-03 7.42900000e-05 -6.04900000e-05 2.70980000e-04 -6.11900000e-05 9.52540000e-04 3.06040000e-04 5.74820000e-04 -8.43000000e-06 -5.16170000e-04 -9.42270000e-04 2.51900000e-04 4.70500000e-05 -3.57260000e-04 8.56200000e-05 -5.34130000e-04 4.41090000e-04 -1.25040000e-04 3.14700000e-04 8.43800000e-05 1.76330000e-04 6.90600000e-05 -1.56770000e-04 -1.04403000e-03 -1.80600000e-05 -4.88680000e-04 2.19780000e-04 -7.14280000e-04 9.47610000e-04 -2.12760000e-03 5.69070000e-04 2.58840000e-04 -2.51250000e-04 3.98740000e-04 9.42540000e-04 1.50920000e-04 6.78980000e-04 5.65600000e-05 3.34300000e-05 -3.55090000e-04 -1.46510000e-04 -2.89250000e-04 6.95250000e-04 2.82010000e-04 5.49700000e-05 4.10120000e-04 1.16838000e-03 1.12222000e-03 5.57700000e-05 1.09613000e-03 -5.78740000e-04 -1.19810000e-03 -2.46940000e-04 -1.84650000e-04 -3.94330000e-04 -8.74320000e-04 7.46210000e-04 -5.15040000e-04 2.02680000e-04 3.14810000e-04 -7.41110000e-04 -1.61223000e-03 8.99550000e-04 -1.83790000e-04 -3.56010000e-04 3.88840000e-04 7.08680000e-04 9.48600000e-05 -1.42221000e-03 -7.10610000e-04 7.21750000e-04 4.74660000e-04 -3.91170000e-04 -7.16840000e-04 -5.52170000e-04 7.33100000e-05 5.37000000e-06 -5.06670000e-04 3.74770000e-04
3.60910000e-04 1.05128000e-03 8.87650000e-04 8.09900000e-05 2.16558900e-02 8.00340000e-04 -2.01870000e-04 -1.76100000e-04 -1.20320000e-04 6.72610000e-04 -1.01006000e-03 -2.64160000e-04 -2.32270000e-04 3.98310000e-04 -7.95060000e-04 9.52750000e-04 1.32640000e-04 -4.87290000e-04 1.47438000e-03 3.33720000e-04 5.71210000e-04 -4.32290000e-04 9.68310000e-04 4.21880000e-04 3.53594000e-03 -1.77700000e-03 1.14950000e-04 7.24240000e-04 -5.62300000e-04 -1.35470000e-04 -2.23959000e-03 3.04810000e-04 7.98400000e-05 1.69497000e-03 1.51720000e-04 -8.72750000e-04 1.05303000e-03 1.04280000e-04 8.91280000e-04 5.39500000e-04 -1.44870000e-04 -6.41650000e-04 8.91470000e-04 2.94840000e-04 -2.72570000e-04 -1.57049000e-03 8.26540000e-04 1.57590000e-03 3.26036000e-03 -3.06770000e-04 8.47410000e-04 5.16990000e-04 -1.19676000e-03 1.16454000e-03 -7.59070000e-04 -8.08200000e-05 -1.19389000e-03 1.90750000e-04 -2.10240000e-04 -8.75100000e-05 2.79930000e-04 1.41348000e-03 4.30590000e-04 1.39692000e-03 4.78680000e-04 2.41351000e-03 -1.98169000e-03 4.30414000e-03 -9.10620000e-04 -6.31130000e-04 3.63700000e-04 1.19820000e-04 -1.93813000e-03 1.38300000e-05 1.94510000e-04 5.51580000e-04 1.25150000e-04 5.63970000e-04 1.91350000e-04 -3.98900000e-05 -1.01978000e-03 -5.42340000e-04 3.85000000e-05 -1.00688000e-03 -1.24857000e-03 -2.15414000e-03 1.34900000e-04 8.98630000e-04 1.88410000e-03 3.24452000e-03 -2.38110000e-04 -1.10487000e-03 9.60430000e-04 4.04800000e-04 -9.06750000e-04 4.55670000e-04 7.04090000e-04 9.25800000e-04 4.89710000e-04 1.30244000e-03 -1.82667000e-03 -6.02420000e-04 1.74690000e-04 -7.02210000e-04 4.65270000e-04 -2.28780000e-04 1.22645000e-03 7.30200000e-04 -6.93470000e-04 -1.32094000e-03 4.02800000e-04 5.15420000e-04 8.85090000e-04 -1.96500000e-05 1.45940000e-04 -5.00270000e-04 -6.68900000e-05
-8.09660000e-04 7.97300000e-04 -3.51086000e-03 1.58246000e-03 8.00340000e-04 7.11702500e-02 1.22440000e-03 -1.41120000e-03 -4.49280000e-04 4.44430000e-04 2.43330000e-04 -1.37640000e-03 3.83738000e-03 -8.65700000e-05 3.36798000e-03 -2.17485000e-03 1.07767000e-03 -3.64592000e-03 3.94760000e-04 3.79318000e-03 1.11740000e-03 1.09667900e-02 1.01372000e-03 2.93750000e-04 8.07100000e-05 -3.65802000e-03 1.52260000e-04 -7.22200000e-04 5.58740000e-04 3.97810000e-04 3.65539000e-03 1.37179000e-03 -5.54726000e-03 -4.03082000e-03 -1.52239000e-03 -3.67027000e-03 1.21759000e-03 -2.01958000e-03 -6.48149000e-03 1.07529000e-03 -1.40232000e-03 5.44950000e-04 -1.13097000e-03 7.64428000e-03 1.41564000e-03 1.50662000e-03 -8.94860000e-04 -2.12556000e-03 -6.31863000e-03 8.81680000e-04 -1.54660000e-04 -3.40929000e-03 -1.61648000e-03 -4.76340000e-03 1.68326000e-03 -2.12015000e-03 1.08880000e-04 -5.22840000e-04 9.88320000e-04 4.36050000e-04 -2.10130000e-03 -6.95148000e-03 7.80540000e-04 -2.94927000e-03 -3.43400000e-05 -3.57826000e-03 4.44880000e-03 -1.14261700e-02 2.44501000e-03 -3.04160000e-04 4.83700000e-05 1.36851000e-03 3.72667000e-03 1.30861000e-03 3.66005000e-03 8.96910000e-04 -1.05088000e-03 -3.39763000e-03 -2.13122000e-03 -2.70143000e-03 2.55270000e-03 5.71990000e-04 1.48673000e-03 9.08870000e-04 7.14719000e-03 5.85475000e-03 7.78340000e-04 8.92607000e-03 -1.67164000e-03 -8.12078000e-03 -2.85118000e-03 -2.62041000e-03 -3.69248000e-03 -4.84509000e-03 4.59615000e-03 -2.74248000e-03 2.40722000e-03 3.01815000e-03 -4.00701000e-03 -9.57486000e-03 3.06065000e-03 1.09331000e-03 -2.70360000e-03 1.05222000e-03 5.75084000e-03 -4.99560000e-04 -8.56920000e-03 -3.76998000e-03 3.73572000e-03 1.11189000e-03 -2.51085000e-03 -7.61530000e-03 -3.37467000e-03 -7.62000000e-05 1.79800000e-04 -3.48995000e-03 1.22760000e-03
-2.83230000e-04 -9.07600000e-05 -5.29620000e-04 2.94230000e-04 -2.01870000e-04 1.22440000e-03 1.02254900e-02 -1.39700000e-04 2.26090000e-04 7.48800000e-05 4.57420000e-04 4.22300000e-05 6.59530000e-04 1.14350000e-04 8.20650000e-04 -4.47300000e-04 1.16260000e-04 -3.15870000e-04 -1.81370000e-04 7.90800000e-05 1.05320000e-04 1.18657000e-03 -5.43600000e-05 1.92100000e-05 -8.30130000e-04 -3.07080000e-04 5.67600000e-05 -9.21400000e-05 4.62150000e-04 2.01720000e-04 9.16540000e-04 2.37610000e-04 -8.68590000e-04 -9.39140000e-04 -1.01610000e-04 -3.07580000e-04 -1.09370000e-04 -1.93080000e-04 -1.15359000e-03 3.05200000e-05 -4.21500000e-05 4.12960000e-04 -2.33330000e-04 6.97940000e-04 4.78300000e-04 6.89990000e-04 -1.98480000e-04 -7.81020000e-04 -1.59122000e-03 3.67810000e-04 -4.57500000e-05 -4.64590000e-04 2.62220000e-04 -5.66860000e-04 5.16880000e-04 -1.08110000e-04 4.65500000e-04 2.96200000e-05 3.26270000e-04 1.78540000e-04 -1.47490000e-04 -1.39637000e-03 -1.18630000e-04 -7.00380000e-04 3.83200000e-05 -1.05675000e-03 1.13294000e-03 -2.93763000e-03 6.55190000e-04 3.04880000e-04 -1.64620000e-04 2.91360000e-04 1.08862000e-03 2.27050000e-04 5.20740000e-04 -1.84800000e-05 -3.05800000e-05 -4.37220000e-04 -2.23160000e-04 -2.86030000e-04 7.14210000e-04 3.54700000e-04 3.59620000e-04 4.79410000e-04 1.22202000e-03 1.29852000e-03 9.38600000e-05 7.09880000e-04 -7.48180000e-04 -1.85523000e-03 -2.82340000e-04 -6.69800000e-05 -6.04850000e-04 -8.83680000e-04 7.81600000e-04 -5.24270000e-04 1.39320000e-04 2.25300000e-04 -9.22300000e-04 -1.81909000e-03 1.11084000e-03 7.55800000e-05 -3.75830000e-04 5.64880000e-04 6.59350000e-04 1.39970000e-04 -1.62933000e-03 -8.31450000e-04 8.88040000e-04 6.93210000e-04 -4.05330000e-04 -9.15650000e-04 -7.47320000e-04 1.15300000e-04 2.40300000e-05 -4.01980000e-04 4.50040000e-04
-1.55290000e-04 -2.14370000e-04 4.84680000e-04 -1.55190000e-04 -1.76100000e-04 -1.41120000e-03 -1.39700000e-04 2.19348900e-02 2.60100000e-04 -4.16800000e-05 4.86400000e-05 2.25870000e-04 -6.26210000e-04 8.66300000e-05 -4.17700000e-04 3.03720000e-04 -2.78690000e-04 5.47650000e-04 -2.27200000e-05 -8.27920000e-04 -1.95350000e-04 -9.77590000e-04 -2.40640000e-04 -9.73000000e-06 -4.88080000e-04 7.20630000e-04 -1.47930000e-04 1.71540000e-04 3.73900000e-05 -1.18300000e-05 -2.03620000e-04 -1.32130000e-04 7.58750000e-04 4.00020000e-04 2.13410000e-04 5.56090000e-04 -2.98970000e-04 2.38740000e-04 6.80100000e-04 -1.52230000e-04 1.80430000e-04 -2.89000000e-06 1.36860000e-04 -1.11875000e-03 -1.45360000e-04 -1.03000000e-06 1.16320000e-04 9.40400000e-05 6.51860000e-04 -8.54100000e-05 8.34000000e-06 5.06830000e-04 3.82530000e-04 7.94360000e-04 -2.03870000e-04 2.79590000e-04 1.80240000e-04 2.19650000e-04 -1.78450000e-04 4.53050000e-04 3.33030000e-04 8.33330000e-04 8.49300000e-05 2.72480000e-04 3.41200000e-05 3.25710000e-04 -4.88600000e-04 1.16490000e-03 -2.46350000e-04 1.09880000e-04 -2.75050000e-04 -1.51360000e-04 -3.12190000e-04 -2.95070000e-04 -4.46730000e-04 -1.61820000e-04 1.77930000e-04 5.11250000e-04 3.85490000e-04 3.33780000e-04 -1.83160000e-04 6.77400000e-05 -1.39050000e-04 1.50900000e-05 -8.97090000e-04 -6.22290000e-04 -2.64660000e-04 -1.36998000e-03 -1.20850000e-04 1.00736000e-03 4.00320000e-04 4.55780000e-04 5.24760000e-04 3.44700000e-04 -6.06320000e-04 1.80800000e-04 3.80200000e-05 5.72900000e-05 3.49730000e-04 1.35233000e-03 -1.19840000e-04 -4.88770000e-04 2.30900000e-04 -1.22740000e-04 -3.29920000e-04 4.19000000e-05 1.25973000e-03 7.15320000e-04 -4.28720000e-04 -5.83100000e-05 1.71770000e-04 1.13866000e-03 7.53220000e-04 -2.60900000e-05 -1.58780000e-04 -8.75000000e-06 -1.02980000e-04
-6.24530000e-04 -2.62520000e-04 1.01730000e-04 2.07870000e-04 -1.20320000e-04 -4.49280000e-04 2.26090000e-04 2.60100000e-04 1.22059700e-02 1.10790000e-04 2.98050000e-04 3.49470000e-04 -1.65640000e-04 2.52090000e-04 2.74290000e-04 -1.09080000e-04 -2.78150000e-04 4.83900000e-05 5.26700000e-05 -8.50530000e-04 2.61000000e-05 -1.50820000e-04 -2.44140000e-04 1.90600000e-05 -1.13290000e-03 -6.71000000e-06 -2.61360000e-04 2.10500000e-04 4.17110000e-04 2.89730000e-04 3.68620000e-04 2.44550000e-04 -2.71160000e-04 -2.66860000e-04 2.50400000e-04 1.38600000e-05 -4.22840000e-04 1.01890000e-04 -3.59800000e-04 -3.17400000e-05 1.75160000e-04 3.04170000e-04 1.02030000e-04 -4.78740000e-04 2.30440000e-04 6.08190000e-04 1.80210000e-04 -3.90510000e-04 -5.87990000e-04 1.98840000e-04 1.02780000e-04 2.04600000e-05 3.87970000e-04 5.04420000e-04 3.18270000e-04 1.50430000e-04 3.81270000e-04 2.46300000e-04 2.89800000e-05 3.19110000e-04 1.68040000e-04 -4.23880000e-04 -7.89700000e-05 -2.15810000e-04 3.28580000e-04 -4.36240000e-04 4.06570000e-04 -1.32421000e-03 3.55510000e-04 4.30510000e-04 -6.05830000e-04 2.08650000e-04 5.26650000e-04 -1.14860000e-04 1.61770000e-04 -1.46990000e-04 2.42240000e-04 1.05790000e-04 1.19160000e-04 9.58300000e-05 4.88170000e-04 2.18550000e-04 -1.21490000e-04 4.68430000e-04 1.72750000e-04 3.34540000e-04 -6.82100000e-05 -6.99790000e-04 -7.84250000e-04 -4.81170000e-04 3.24500000e-05 6.63000000e-05 -2.47400000e-05 -5.91740000e-04 -1.86000000e-05 -3.61800000e-04 4.17800000e-05 5.63700000e-05 -6.58500000e-04 -5.53840000e-04 6.86920000e-04 -8.42610000e-04 -1.37250000e-04 3.90840000e-04 1.64820000e-04 1.76120000e-04 -4.64280000e-04 -2.74270000e-04 3.70650000e-04 5.01740000e-04 -2.61420000e-04 2.97020000e-04 -9.95400000e-05 7.55400000e-05 -1.37320000e-04 -6.21520000e-04 3.46150000e-04
-5.20000000e-05 3.39100000e-04 2.73360000e-04 1.45330000e-04 6.72610000e-04 4.44430000e-04 7.48800000e-05 -4.16800000e-05 1.10790000e-04 2.57481200e-02 -1.60070000e-04 -7.34000000e-05 4.66500000e-05 2.81740000e-04 -5.80500000e-05 2.81150000e-04 -1.92000000e-06 -3.35950000e-04 5.06240000e-04 3.16100000e-05 3.10270000e-04 -4.84000000e-06 3.26770000e-04 1.80400000e-04 9.49990000e-04 -7.19220000e-04 4.43900000e-05 2.86170000e-04 -4.13300000e-05 8.09600000e-05 -6.38240000e-04 2.44460000e-04 -2.61820000e-04 3.27870000e-04 1.90950000e-04 -3.81860000e-04 3.11760000e-04 -6.69900000e-05 -6.76800000e-05 1.35560000e-04 -6.67600000e-05 -5.35600000e-05 2.68830000e-04 1.88440000e-04 2.94600000e-05 -3.22680000e-04 3.00710000e-04 3.10970000e-04 7.82220000e-04 3.16100000e-05 3.77570000e-04 1.17230000e-04 -2.55790000e-04 2.65890000e-04 -7.36900000e-05 -5.95500000e-05 -2.26000000e-04 2.08030000e-04 7.27000000e-06 6.23500000e-05 1.71460000e-04 1.00550000e-04 2.23630000e-04 2.96510000e-04 2.74930000e-04 4.86570000e-04 -3.36450000e-04 6.70830000e-04 -2.15500000e-05 -1.54880000e-04 -5.35300000e-05 1.84540000e-04 -4.21480000e-04 -1.80700000e-05 2.77360000e-04 2.00540000e-04 1.26130000e-04 1.98000000e-04 3.85100000e-05 -1.40300000e-04 -2.11370000e-04 -7.23000000e-05 1.65000000e-05 -2.06570000e-04 -2.27940000e-04 -4.35150000e-04 1.08040000e-04 3.74080000e-04 2.47720000e-04 6.53940000e-04 -9.94100000e-05 -3.68220000e-04 2.76790000e-04 -2.12770000e-04 -7.26100000e-05 -1.05080000e-04 2.70350000e-04 4.01780000e-04 -2.02010000e-04 -6.87100000e-05 -8.88800000e-05 -3.20060000e-04 -8.31700000e-05 -4.58100000e-05 3.37930000e-04 -2.27900000e-05 -5.87100000e-05 3.04100000e-05 6.93800000e-05 -2.05430000e-04 -7.27000000e-06 6.75000000e-05 1.07470000e-04 2.56200000e-05 4.24200000e-05 -2.83450000e-04 1.46620000e-04
-4.56660000e-04 -5.69410000e-04 -6.39260000e-04 2.67670000e-04 -1.01006000e-03 2.43330000e-04 4.57420000e-04 4.86400000e-05 2.98050000e-04 -1.60070000e-04 9.73046000e-03 2.52910000e-04 4.57020000e-04 1.51300000e-05 8.92890000e-04 -5.93110000e-04 -6.24700000e-05 9.78000000e-05 -6.86310000e-04 -1.88200000e-04 -1.90440000e-04 8.29590000e-04 -5.36620000e-04 -1.88380000e-04 -2.19999000e-03 6.11810000e-04 -1.98800000e-05 -2.73750000e-04 6.75020000e-04 2.65960000e-04 1.94074000e-03 1.29990000e-04 -6.12710000e-04 -1.40631000e-03 -1.15700000e-05 3.32560000e-04 -6.52160000e-04 -1.55010000e-04 -1.23745000e-03 -2.96040000e-04 1.11010000e-04 6.68870000e-04 -4.92910000e-04 2.37030000e-04 5.07190000e-04 1.32551000e-03 -4.30920000e-04 -1.34728000e-03 -2.34656000e-03 4.62310000e-04 -3.29760000e-04 -4.22080000e-04 9.21640000e-04 -8.63780000e-04 7.51680000e-04 7.14000000e-05 1.02857000e-03 5.79500000e-05 3.18030000e-04 1.70640000e-04 -1.07790000e-04 -1.54399000e-03 -3.40690000e-04 -1.12452000e-03 -7.51100000e-05 -1.85854000e-03 1.82954000e-03 -4.02734000e-03 9.62130000e-04 6.03910000e-04 -4.29660000e-04 2.69900000e-04 1.77915000e-03 8.43500000e-05 3.65800000e-04 -3.18550000e-04 3.23500000e-05 -4.15160000e-04 -1.03120000e-04 -1.55170000e-04 1.03673000e-03 6.00910000e-04 2.06410000e-04 8.94580000e-04 1.38974000e-03 1.95897000e-03 -3.56900000e-05 7.66000000e-06 -1.56770000e-03 -2.56154000e-03 4.73000000e-06 6.03790000e-04 -6.66130000e-04 -8.84490000e-04 1.01746000e-03 -6.27210000e-04 -3.07410000e-04 -2.84000000e-04 -9.16300000e-04 -1.88936000e-03 1.91561000e-03 1.21580000e-04 -3.11510000e-04 8.32320000e-04 1.49730000e-04 3.12170000e-04 -1.70610000e-03 -9.71290000e-04 1.02099000e-03 1.25014000e-03 -4.71310000e-04 -5.01370000e-04 -9.02410000e-04 1.59720000e-04 -4.69500000e-05 1.72000000e-06 4.83080000e-04
-1.29830000e-04 -3.13870000e-04 2.62320000e-04 3.60800000e-05 -2.64160000e-04 -1.37640000e-03 4.22300000e-05 2.25870000e-04 3.49470000e-04 -7.34000000e-05 2.52910000e-04 1.37546000e-02 -3.71570000e-04 6.03500000e-05 -2.93300000e-05 1.34680000e-04 -1.66810000e-04 6.15060000e-04 -8.49000000e-05 -5.52980000e-04 -1.93000000e-04 -9.25060000e-04 -3.31130000e-04 -7.97500000e-05 -7.45160000e-04 4.21510000e-04 -1.15130000e-04 1.60550000e-04 2.57800000e-04 1.22800000e-04 3.11790000e-04 3.53000000e-06 4.84790000e-04 1.01130000e-04 1.89840000e-04 5.62030000e-04 -4.16110000e-04 3.37860000e-04 4.31330000e-04 -1.74210000e-04 3.05200000e-04 1.90460000e-04 1.18390000e-04 -7.75420000e-04 5.56200000e-05 3.86210000e-04 9.54600000e-05 -1.62840000e-04 1.43260000e-04 7.08800000e-05 -4.86200000e-05 3.25960000e-04 5.11250000e-04 4.43690000e-04 7.85800000e-05 3.75940000e-04 3.52020000e-04 1.18950000e-04 -1.43900000e-05 6.27200000e-05 2.35740000e-04 3.94650000e-04 -2.59460000e-04 4.70700000e-05 1.43450000e-04 -8.70100000e-05 8.75500000e-05 1.22730000e-04 2.49200000e-05 4.37030000e-04 -2.38090000e-04 3.16500000e-05 2.50080000e-04 -7.01700000e-05 -1.69400000e-04 -2.07590000e-04 2.09710000e-04 3.22850000e-04 2.85460000e-04 4.06520000e-04 2.96530000e-04 1.84050000e-04 2.22000000e-05 3.38690000e-04 -2.69710000e-04 -1.17000000e-05 -1.37300000e-04 -9.68540000e-04 -2.76420000e-04 3.30740000e-04 3.67140000e-04 4.68510000e-04 2.87860000e-04 2.43480000e-04 -2.06880000e-04 1.47430000e-04 -3.03090000e-04 -3.36520000e-04 1.42000000e-04 5.00860000e-04 3.15540000e-04 -3.60670000e-04 2.79300000e-04 2.06660000e-04 -5.23760000e-04 2.17570000e-04 4.83480000e-04 1.16960000e-04 -3.97200000e-05 3.31610000e-04 1.35540000e-04 9.18970000e-04 1.88670000e-04 1.00400000e-04 -1.77000000e-05 2.55020000e-04 1.12630000e-04
-5.49700000e-05 7.87200000e-05 -1.50046000e-03 4.39200000e-04 -2.32270000e-04 3.83738000e-03 6.59530000e-04 -6.26210000e-04 -1.65640000e-04 4.66500000e-05 4.57020000e-04 -3.71570000e-04 1.92760200e-02 -8.74400000e-05 1.81002000e-03 -1.12493000e-03 5.32700000e-04 -1.18270000e-03 -4.55300000e-04 1.07499000e-03 3.32720000e-04 3.25789000e-03 2.06600000e-04 1.56500000e-05 -5.12860000e-04 -6.32190000e-04 2.27970000e-04 -4.44770000e-04 5.00290000e-04 2.15460000e-04 1.05521000e-03 3.19940000e-04 -2.05660000e-03 -1.89995000e-03 -5.51760000e-04 -1.18242000e-03 2.42180000e-04 -6.10080000e-04 -2.47357000e-03 3.13340000e-04 -3.38310000e-04 4.23780000e-04 -6.89050000e-04 2.22429000e-03 7.77660000e-04 8.90470000e-04 -5.88350000e-04 -1.29436000e-03 -3.24260000e-03 4.84040000e-04 -2.37250000e-04 -1.36557000e-03 -2.46000000e-04 -1.79909000e-03 9.23270000e-04 -6.27860000e-04 2.94870000e-04 -2.97100000e-04 6.55660000e-04 2.04780000e-04 -6.42920000e-04 -2.99780000e-03 5.78900000e-05 -1.34811000e-03 -2.32390000e-04 -1.96920000e-03 2.03318000e-03 -5.47072000e-03 1.20498000e-03 1.22340000e-04 2.03520000e-04 4.35450000e-04 1.62929000e-03 6.57390000e-04 1.06987000e-03 1.68450000e-04 -3.81820000e-04 -1.30917000e-03 -9.82060000e-04 -8.61330000e-04 1.00655000e-03 2.81200000e-04 8.09440000e-04 5.26560000e-04 2.66770000e-03 2.44885000e-03 3.69620000e-04 2.49832000e-03 -8.50140000e-04 -4.06155000e-03 -9.50670000e-04 -6.92270000e-04 -1.62809000e-03 -1.49013000e-03 1.77189000e-03 -9.19740000e-04 6.69440000e-04 6.81910000e-04 -1.60412000e-03 -3.78003000e-03 1.60369000e-03 1.02378000e-03 -7.90550000e-04 8.96240000e-04 1.87489000e-03 2.05000000e-05 -3.40576000e-03 -1.53988000e-03 1.85772000e-03 9.13530000e-04 -7.67490000e-04 -3.09159000e-03 -1.60438000e-03 8.38800000e-05 2.86510000e-04 -8.06060000e-04 7.12330000e-04
-1.52790000e-04 1.61630000e-04 3.02060000e-04 1.26300000e-04 3.98310000e-04 -8.65700000e-05 1.14350000e-04 8.66300000e-05 2.52090000e-04 2.81740000e-04 1.51300000e-05 6.03500000e-05 -8.74400000e-05 9.50196000e-03 -5.06300000e-05 2.40000000e-04 -8.56700000e-05 -1.09490000e-04 3.59260000e-04 -2.81970000e-04 1.84880000e-04 -2.83050000e-04 1.42680000e-04 1.37670000e-04 3.18580000e-04 -4.64880000e-04 6.70000000e-06 2.69660000e-04 8.25800000e-05 1.04200000e-04 -3.78460000e-04 2.12820000e-04 -1.08820000e-04 2.22730000e-04 2.20180000e-04 -1.21030000e-04 9.77300000e-05 6.52000000e-06 1.38000000e-05 2.59500000e-05 2.36600000e-05 5.88100000e-05 2.37040000e-04 -1.37290000e-04 7.74400000e-05 -1.10420000e-04 2.51140000e-04 1.40200000e-04 5.01640000e-04 8.28900000e-05 2.91890000e-04 1.94470000e-04 2.03900000e-05 3.88550000e-04 -1.14600000e-05 6.08300000e-05 5.18000000e-06 2.41800000e-04 9.68000000e-06 1.31520000e-04 2.42740000e-04 1.02590000e-04 9.59700000e-05 2.02960000e-04 2.60960000e-04 2.86910000e-04 -1.74220000e-04 3.20850000e-04 1.93400000e-05 4.20000000e-06 -1.86760000e-04 1.60970000e-04 -2.01360000e-04 -7.70700000e-05 1.70350000e-04 7.81500000e-05 1.73700000e-04 2.65990000e-04 1.29540000e-04 -3.80800000e-05 -8.06500000e-05 4.85800000e-05 1.75800000e-05 -4.36800000e-05 -2.61100000e-04 -2.96190000e-04 1.73300000e-05 -9.51600000e-05 -2.52500000e-05 4.94050000e-04 1.87100000e-05 -1.02350000e-04 2.99190000e-04 -1.99090000e-04 -9.05100000e-05 -9.81600000e-05 1.32640000e-04 2.42630000e-04 -2.28890000e-04 2.29000000e-05 1.28880000e-04 -4.22970000e-04 -3.81700000e-05 7.56500000e-05 1.38050000e-04 6.27400000e-05 2.86900000e-05 3.29200000e-05 5.54800000e-05 7.57000000e-06 7.04000000e-06 3.87000000e-04 1.25000000e-04 6.46400000e-05 -2.51800000e-05 -1.73980000e-04 1.67190000e-04
-3.73470000e-04 -4.01250000e-04 -1.57732000e-03 5.20220000e-04 -7.95060000e-04 3.36798000e-03 8.20650000e-04 -4.17700000e-04 2.74290000e-04 -5.80500000e-05 8.92890000e-04 -2.93300000e-05 1.81002000e-03 -5.06300000e-05 6.93976500e-02 -1.35230000e-03 3.59860000e-04 -7.89940000e-04 -7.33150000e-04 4.94190000e-04 1.95340000e-04 3.06256000e-03 -2.28810000e-04 -1.31990000e-04 -2.00241000e-03 -4.23510000e-04 6.70200000e-05 -4.91740000e-04 8.97440000e-04 4.02660000e-04 1.52612000e-03 3.91950000e-04 -2.05933000e-03 -2.43681000e-03 -4.04130000e-04 -8.53280000e-04 -3.01480000e-04 -5.00830000e-04 -2.72136000e-03 4.94300000e-05 -1.58330000e-04 7.21450000e-04 -8.27790000e-04 1.81691000e-03 1.00725000e-03 1.54659000e-03 -6.78630000e-04 -1.86482000e-03 -4.15591000e-03 6.53660000e-04 -3.89910000e-04 -1.38393000e-03 3.22270000e-04 -1.86300000e-03 1.21249000e-03 -4.53990000e-04 8.07360000e-04 -2.44210000e-04 7.09940000e-04 4.68760000e-04 -5.25450000e-04 -3.43143000e-03 -1.07660000e-04 -1.77636000e-03 -1.43600000e-04 -2.77881000e-03 2.76138000e-03 -6.84833000e-03 1.52885000e-03 5.38980000e-04 -2.22090000e-04 5.04450000e-04 2.24723000e-03 5.91320000e-04 1.15634000e-03 -6.93700000e-05 -2.60570000e-04 -1.26206000e-03 -9.83060000e-04 -7.18690000e-04 1.55939000e-03 5.36220000e-04 1.22738000e-03 1.04984000e-03 2.96398000e-03 3.08647000e-03 2.90140000e-04 1.84780000e-03 -1.72426000e-03 -4.90613000e-03 -8.03550000e-04 -2.65940000e-04 -1.76941000e-03 -1.76723000e-03 2.08538000e-03 -1.13172000e-03 5.27010000e-04 5.61020000e-04 -2.11896000e-03 -4.23483000e-03 2.60292000e-03 6.97040000e-04 -8.02230000e-04 1.38897000e-03 1.86301000e-03 2.39200000e-04 -3.78942000e-03 -1.82929000e-03 2.23451000e-03 1.59232000e-03 -9.33610000e-04 -2.70118000e-03 -1.82441000e-03 1.57280000e-04 1.90530000e-04 -7.87440000e-04 9.28690000e-04
4.25310000e-04 3.91270000e-04 1.30760000e-03 -2.20550000e-04 9.52750000e-04 -2.17485000e-03 -4.47300000e-04 3.03720000e-04 -1.09080000e-04 2.81150000e-04 -5.93110000e-04 1.34680000e-04 -1.12493000e-03 2.40000000e-04 -1.35230000e-03 2.21253400e-02 -1.85670000e-04 6.47660000e-04 8.31230000e-04 -3.18510000e-04 1.60700000e-05 -2.36892000e-03 2.71490000e-04 1.42360000e-04 2.02083000e-03 -6.55600000e-05 -1.63000000e-06 5.73290000e-04 -4.78790000e-04 -2.15450000e-04 -1.63758000e-03 -6.40100000e-05 1.40799000e-03 1.80518000e-03 4.40750000e-04 4.89360000e-04 2.97350000e-04 4.50640000e-04 1.95896000e-03 -2.08200000e-05 1.83990000e-04 -4.61870000e-04 7.40490000e-04 -1.23741000e-03 -5.33170000e-04 -1.17326000e-03 6.32730000e-04 1.30915000e-03 3.54287000e-03 -3.86230000e-04 5.02000000e-04 1.13827000e-03 -2.40900000e-04 1.27434000e-03 -8.34350000e-04 3.76850000e-04 -6.23230000e-04 2.77940000e-04 -3.91940000e-04 -2.34100000e-04 6.31290000e-04 2.47628000e-03 9.29400000e-05 1.38770000e-03 2.84390000e-04 2.09110000e-03 -1.94797000e-03 5.23044000e-03 -1.05037000e-03 -2.97380000e-04 1.57320000e-04 -1.78820000e-04 -1.87562000e-03 -3.57250000e-04 -4.95300000e-04 8.24700000e-05 2.90380000e-04 1.15213000e-03 6.92250000e-04 5.37600000e-04 -1.04837000e-03 -3.89480000e-04 -5.26430000e-04 -7.38500000e-04 -2.17116000e-03 -2.36362000e-03 -1.33200000e-04 -1.04821000e-03 1.30125000e-03 3.87620000e-03 5.79480000e-04 1.28070000e-04 1.55044000e-03 1.27212000e-03 -1.27281000e-03 8.17210000e-04 -2.17970000e-04 -8.81500000e-05 1.34602000e-03 2.92910000e-03 -1.35947000e-03 -5.77660000e-04 6.86300000e-04 -7.42730000e-04 -1.08274000e-03 -7.74100000e-05 2.66418000e-03 1.25396000e-03 -1.29315000e-03 -1.00265000e-03 7.23700000e-04 2.30301000e-03 1.31584000e-03 -4.46000000e-05 7.11000000e-06 7.34200000e-04 -3.84450000e-04
2.89850000e-04 2.23240000e-04 -3.47720000e-04 2.92000000e-05 1.32640000e-04 1.07767000e-03 1.16260000e-04 -2.78690000e-04 -2.78150000e-04 -1.92000000e-06 -6.24700000e-05 -1.66810000e-04 5.32700000e-04 -8.56700000e-05 3.59860000e-04 -1.85670000e-04 2.07755900e-02 -2.47460000e-04 -4.40800000e-05 5.80170000e-04 1.05610000e-04 8.11480000e-04 2.34740000e-04 4.08600000e-05 5.55530000e-04 -3.32000000e-04 1.93350000e-04 -1.09140000e-04 2.86500000e-05 -7.59500000e-05 -3.40400000e-05 -3.48000000e-06 -3.95300000e-04 -2.11800000e-04 -2.43050000e-04 -4.00520000e-04 3.07260000e-04 -7.55300000e-05 -3.37420000e-04 1.64520000e-04 -1.18180000e-04 -2.59700000e-05 -1.19600000e-04 7.05770000e-04 1.69340000e-04 -9.39800000e-05 -1.47740000e-04 -5.13400000e-05 -3.93100000e-04 6.75300000e-05 -2.14600000e-05 -3.19280000e-04 -3.07840000e-04 -5.36470000e-04 7.69100000e-05 -1.79660000e-04 -1.73590000e-04 -2.02770000e-04 1.97220000e-04 -9.92400000e-05 -2.13550000e-04 -5.24120000e-04 1.56600000e-05 -1.30250000e-04 -1.47640000e-04 -1.62690000e-04 1.55140000e-04 -6.69620000e-04 5.00300000e-05 -7.63500000e-05 4.21500000e-04 3.06800000e-05 7.78900000e-05 3.13210000e-04 1.97060000e-04 1.31140000e-04 -1.91130000e-04 -3.47990000e-04 -2.54150000e-04 -1.46930000e-04 8.27900000e-05 -3.57700000e-05 2.73250000e-04 -7.09200000e-05 5.38260000e-04 2.78750000e-04 1.80850000e-04 9.05670000e-04 3.68490000e-04 -6.09340000e-04 -2.73740000e-04 -3.13080000e-04 -3.41950000e-04 -7.14600000e-05 2.84800000e-04 8.30000000e-07 1.79200000e-04 1.61690000e-04 -7.56300000e-05 -5.44280000e-04 -1.03610000e-04 5.36400000e-04 -9.53900000e-05 5.34000000e-06 3.84660000e-04 -9.04900000e-05 -4.79680000e-04 -2.03480000e-04 2.51360000e-04 -6.29500000e-05 -7.82600000e-05 -8.37460000e-04 -2.82070000e-04 -2.13600000e-05 1.48370000e-04 3.10400000e-05 1.67400000e-05
3.25740000e-04 -4.97310000e-04 9.66130000e-04 -3.77020000e-04 -4.87290000e-04 -3.64592000e-03 -3.15870000e-04 5.47650000e-04 4.83900000e-05 -3.35950000e-04 9.78000000e-05 6.15060000e-04 -1.18270000e-03 -1.09490000e-04 -7.89940000e-04 6.47660000e-04 -2.47460000e-04 3.54142000e-02 -2.22930000e-04 -9.73000000e-04 -5.24460000e-04 -2.82057000e-03 -5.44430000e-04 -2.04430000e-04 -6.02080000e-04 1.35034000e-03 -1.29550000e-04 1.49690000e-04 6.14400000e-05 -1.86490000e-04 -1.62790000e-04 -4.44680000e-04 1.99633000e-03 9.45610000e-04 3.79550000e-04 1.46638000e-03 -6.36650000e-04 7.62540000e-04 1.94766000e-03 -3.84370000e-04 5.06960000e-04 -3.65300000e-05 2.60680000e-04 -2.04576000e-03 -2.83240000e-04 -9.67400000e-05 1.49640000e-04 3.49110000e-04 1.74021000e-03 -2.10740000e-04 -1.45040000e-04 1.08425000e-03 7.80150000e-04 1.08269000e-03 -5.25140000e-04 7.66590000e-04 2.61560000e-04 1.98500000e-05 -2.38860000e-04 -7.18900000e-05 5.32670000e-04 2.13724000e-03 -4.16500000e-04 6.05220000e-04 -2.39000000e-05 7.44470000e-04 -9.28170000e-04 3.31927000e-03 -8.46130000e-04 4.68510000e-04 8.00000000e-07 -4.46310000e-04 -5.75350000e-04 -3.09000000e-04 -9.74390000e-04 -3.48650000e-04 2.63610000e-04 9.69440000e-04 7.95810000e-04 9.97690000e-04 -1.46720000e-04 6.25700000e-05 -1.31170000e-04 6.16600000e-05 -1.53673000e-03 -1.18560000e-03 -2.76290000e-04 -2.36720000e-03 4.50200000e-04 2.40160000e-03 1.01047000e-03 1.14599000e-03 1.07150000e-03 1.46604000e-03 -1.10028000e-03 8.97870000e-04 -8.47960000e-04 -8.32040000e-04 1.26695000e-03 2.67872000e-03 -4.99840000e-04 -3.57030000e-04 8.80310000e-04 -2.33300000e-04 -1.78579000e-03 2.07590000e-04 2.46798000e-03 9.13490000e-04 -1.12518000e-03 -1.17960000e-04 6.67850000e-04 2.71109000e-03 9.68500000e-04 -8.90000000e-06 -1.24110000e-04 1.22084000e-03 -3.84550000e-04
1.50350000e-04 6.87760000e-04 8.17130000e-04 1.26300000e-04 1.47438000e-03 3.94760000e-04 -1.81370000e-04 -2.27200000e-05 5.26700000e-05 5.06240000e-04 -6.86310000e-04 -8.49000000e-05 -4.55300000e-04 3.59260000e-04 -7.33150000e-04 8.31230000e-04 -4.40800000e-05 -2.22930000e-04 2.82474800e-02 3.83800000e-05 3.67300000e-04 -5.59240000e-04 6.09060000e-04 3.24010000e-04 2.23752000e-03 -1.43666000e-03 3.95000000e-06 6.41180000e-04 -4.00790000e-04 -5.53900000e-05 -1.59508000e-03 3.29000000e-04 2.08680000e-04 1.34113000e-03 1.97730000e-04 -4.30030000e-04 6.62280000e-04 1.16820000e-04 8.74920000e-04 3.03470000e-04 -5.38700000e-05 -4.43010000e-04 7.77080000e-04 7.62900000e-05 -2.46430000e-04 -1.09910000e-03 7.03790000e-04 1.21981000e-03 2.54505000e-03 -2.31720000e-04 6.48640000e-04 5.40370000e-04 -7.27100000e-04 9.70910000e-04 -5.63370000e-04 2.41800000e-05 -7.56860000e-04 2.61240000e-04 -2.49090000e-04 -4.22000000e-05 3.28910000e-04 1.23960000e-03 2.72680000e-04 1.10784000e-03 4.92490000e-04 1.83342000e-03 -1.42185000e-03 3.41694000e-03 -6.91690000e-04 -3.95870000e-04 4.79400000e-05 1.31580000e-04 -1.44656000e-03 -1.20390000e-04 2.16140000e-04 3.53960000e-04 1.89320000e-04 6.02430000e-04 2.51040000e-04 4.48400000e-05 -6.91760000e-04 -3.42130000e-04 -1.01130000e-04 -6.58390000e-04 -1.05699000e-03 -1.64156000e-03 -5.77000000e-06 4.52920000e-04 1.18845000e-03 2.67010000e-03 -6.34400000e-05 -6.33740000e-04 9.08950000e-04 2.83250000e-04 -6.21010000e-04 3.25220000e-04 4.54530000e-04 6.55480000e-04 3.69300000e-04 1.19536000e-03 -1.14442000e-03 -7.47690000e-04 1.59490000e-04 -4.87930000e-04 2.31870000e-04 -1.10590000e-04 1.12146000e-03 6.23730000e-04 -6.38470000e-04 -8.82830000e-04 3.30770000e-04 9.61510000e-04 7.94680000e-04 2.37900000e-05 7.36000000e-06 -2.08760000e-04 -8.35500000e-05
3.26750000e-04 4.49450000e-04 -1.06832000e-03 3.55640000e-04 3.33720000e-04 3.79318000e-03 7.90800000e-05 -8.27920000e-04 -8.50530000e-04 3.16100000e-05 -1.88200000e-04 -5.52980000e-04 1.07499000e-03 -2.81970000e-04 4.94190000e-04 -3.18510000e-04 5.80170000e-04 -9.73000000e-04 3.83800000e-05 4.38710600e-02 2.50940000e-04 3.19671000e-03 4.32770000e-04 -5.43300000e-05 1.43028000e-03 -5.20110000e-04 2.10720000e-04 -3.50380000e-04 -2.06570000e-04 -9.15900000e-05 1.47045000e-03 2.02060000e-04 -1.23096000e-03 -8.58530000e-04 -5.32270000e-04 -9.42920000e-04 6.11050000e-04 -5.58360000e-04 -1.53646000e-03 2.49350000e-04 -4.54880000e-04 -3.17900000e-05 -4.42980000e-04 2.70026000e-03 9.82000000e-05 1.35700000e-04 -3.83330000e-04 -3.15660000e-04 -7.50550000e-04 8.23000000e-05 -9.24700000e-05 -9.51440000e-04 -7.77250000e-04 -2.19992000e-03 3.04260000e-04 -7.20200000e-04 -3.44330000e-04 -3.92640000e-04 2.39850000e-04 -7.20540000e-04 -8.37010000e-04 -1.41154000e-03 1.44890000e-04 -6.75660000e-04 -2.73160000e-04 -6.77510000e-04 1.01537000e-03 -1.98912000e-03 5.68240000e-04 -3.46030000e-04 6.29780000e-04 3.62660000e-04 7.78430000e-04 5.26430000e-04 9.87910000e-04 2.78450000e-04 -4.76040000e-04 -1.06402000e-03 -5.15620000e-04 -7.09700000e-04 4.30040000e-04 -9.28200000e-05 -8.27600000e-05 -3.58300000e-05 1.91369000e-03 1.47466000e-03 4.09200000e-04 3.44012000e-03 1.40050000e-04 -1.62340000e-03 -6.93560000e-04 -7.69460000e-04 -8.53740000e-04 -7.07360000e-04 1.29559000e-03 -4.30890000e-04 1.58580000e-04 2.79490000e-04 -9.60800000e-05 -2.23277000e-03 3.61870000e-04 1.17464000e-03 -4.92610000e-04 -2.28840000e-04 8.52100000e-04 -3.43570000e-04 -2.04280000e-03 -1.01557000e-03 7.72730000e-04 -1.78400000e-04 -5.55070000e-04 -2.50099000e-03 -1.02641000e-03 -1.42680000e-04 3.44500000e-04 -2.88190000e-04 6.72000000e-05
-3.27000000e-05 3.62710000e-04 3.20700000e-05 1.52740000e-04 5.71210000e-04 1.11740000e-03 1.05320000e-04 -1.95350000e-04 2.61000000e-05 3.10270000e-04 -1.90440000e-04 -1.93000000e-04 3.32720000e-04 1.84880000e-04 1.95340000e-04 1.60700000e-05 1.05610000e-04 -5.24460000e-04 3.67300000e-04 2.50940000e-04 1.35903000e-02 6.01540000e-04 3.92680000e-04 1.98750000e-04 7.88010000e-04 -8.26320000e-04 6.20800000e-05 1.63440000e-04 -4.51800000e-05 8.54600000e-05 -5.81440000e-04 2.27260000e-04 -5.39530000e-04 8.34300000e-05 1.12310000e-04 -6.02010000e-04 3.85590000e-04 -1.84620000e-04 -3.91370000e-04 2.20720000e-04 -1.60040000e-04 -6.92400000e-05 1.26640000e-04 5.95620000e-04 8.20300000e-05 -2.70540000e-04 2.22390000e-04 2.70710000e-04 1.89710000e-04 4.23500000e-05 3.08470000e-04 -1.45990000e-04 -4.04780000e-04 4.22100000e-05 1.89900000e-05 -2.00370000e-04 -2.70680000e-04 6.39100000e-05 7.40600000e-05 6.33000000e-05 -1.67800000e-05 -2.89310000e-04 3.41870000e-04 1.11600000e-04 2.24800000e-04 2.38290000e-04 -1.22120000e-04 5.86100000e-05 5.92300000e-05 -1.98310000e-04 3.52100000e-05 1.62450000e-04 -2.03470000e-04 8.83300000e-05 3.40860000e-04 3.07500000e-04 3.61700000e-05 -9.25200000e-05 -1.62320000e-04 -2.80650000e-04 -8.98300000e-05 -8.04300000e-05 8.24200000e-05 -1.80770000e-04 2.08450000e-04 -1.05550000e-04 2.48420000e-04 7.61100000e-04 2.64790000e-04 3.37500000e-05 -2.43430000e-04 -5.32570000e-04 -8.70600000e-05 -3.75430000e-04 9.80000000e-05 -1.96150000e-04 3.82360000e-04 4.60510000e-04 -4.13390000e-04 -6.01360000e-04 -1.65840000e-04 -1.14780000e-04 -2.23800000e-04 2.01000000e-06 6.24530000e-04 -6.18400000e-05 -5.43830000e-04 -1.77730000e-04 2.06030000e-04 -1.97680000e-04 -1.12220000e-04 -5.54740000e-04 -1.37180000e-04 -2.72300000e-05 4.34000000e-05 -4.76020000e-04 1.05340000e-04
-1.23544000e-03 1.64510000e-04 -3.51880000e-03 1.37725000e-03 -4.32290000e-04 1.09667900e-02 1.18657000e-03 -9.77590000e-04 -1.50820000e-04 -4.84000000e-06 8.29590000e-04 -9.25060000e-04 3.25789000e-03 -2.83050000e-04 3.06256000e-03 -2.36892000e-03 8.11480000e-04 -2.82057000e-03 -5.59240000e-04 3.19671000e-03 6.01540000e-04 4.89213000e-02 2.99390000e-04 4.12600000e-05 -1.94506000e-03 -1.73992000e-03 -3.36600000e-05 -9.70140000e-04 8.82980000e-04 4.81580000e-04 5.55897000e-03 9.60050000e-04 -4.75285000e-03 -4.40357000e-03 -1.38832000e-03 -2.60840000e-03 3.88110000e-04 -1.75260000e-03 -6.39122000e-03 5.86380000e-04 -1.06796000e-03 9.57970000e-04 -1.50548000e-03 6.36931000e-03 1.34574000e-03 2.52402000e-03 -1.21091000e-03 -2.78406000e-03 -7.22961000e-03 1.00347000e-03 -5.50150000e-04 -3.20858000e-03 -6.26260000e-04 -4.37993000e-03 1.97500000e-03 -1.76726000e-03 8.98450000e-04 -5.09460000e-04 9.39230000e-04 2.74130000e-04 -2.13445000e-03 -6.73209000e-03 3.69240000e-04 -3.41565000e-03 -3.22420000e-04 -4.34130000e-03 4.93461000e-03 -1.27343000e-02 2.76116000e-03 2.02890000e-04 -2.18700000e-04 1.23392000e-03 4.86119000e-03 1.13325000e-03 2.84093000e-03 4.22370000e-04 -9.38620000e-04 -3.39886000e-03 -1.59302000e-03 -2.24851000e-03 2.95446000e-03 9.36900000e-04 7.96920000e-04 1.50506000e-03 6.96575000e-03 6.49347000e-03 5.72810000e-04 7.09435000e-03 -2.56489000e-03 -8.73147000e-03 -2.23252000e-03 -1.64795000e-03 -3.74427000e-03 -4.58468000e-03 4.03942000e-03 -2.70195000e-03 1.46971000e-03 1.83426000e-03 -3.49389000e-03 -9.14611000e-03 3.19552000e-03 1.09610000e-03 -2.48907000e-03 1.06015000e-03 4.38535000e-03 -3.62020000e-04 -8.20931000e-03 -3.77623000e-03 3.52144000e-03 1.56845000e-03 -2.58725000e-03 -7.32284000e-03 -3.42486000e-03 -9.72900000e-05 2.36400000e-05 -3.44031000e-03 1.10980000e-03
2.89730000e-04 6.66470000e-04 2.14530000e-04 4.96000000e-06 9.68310000e-04 1.01372000e-03 -5.43600000e-05 -2.40640000e-04 -2.44140000e-04 3.26770000e-04 -5.36620000e-04 -3.31130000e-04 2.06600000e-04 1.42680000e-04 -2.28810000e-04 2.71490000e-04 2.34740000e-04 -5.44430000e-04 6.09060000e-04 4.32770000e-04 3.92680000e-04 2.99390000e-04 1.19469700e-02 2.74540000e-04 1.83991000e-03 -1.05826000e-03 1.71190000e-04 2.31350000e-04 -3.24180000e-04 -1.06270000e-04 -1.23097000e-03 1.15920000e-04 -2.45520000e-04 6.56300000e-04 -3.74500000e-05 -7.00330000e-04 7.35430000e-04 -1.05120000e-04 1.71400000e-04 3.33660000e-04 -2.13570000e-04 -3.33090000e-04 3.07340000e-04 5.51270000e-04 -9.08200000e-05 -8.59030000e-04 2.90550000e-04 7.88080000e-04 1.10520000e-03 -1.23300000e-04 3.96650000e-04 1.28900000e-05 -7.82010000e-04 2.90920000e-04 -3.08000000e-04 -2.30680000e-04 -6.82470000e-04 6.56000000e-06 -1.01300000e-05 -8.27600000e-05 -2.17000000e-06 3.08620000e-04 3.37670000e-04 5.79240000e-04 1.19580000e-04 1.03689000e-03 -8.80370000e-04 1.58067000e-03 -3.71440000e-04 -4.80370000e-04 3.76030000e-04 2.51200000e-05 -9.33390000e-04 1.23890000e-04 1.38860000e-04 3.93140000e-04 -5.80900000e-05 3.14400000e-05 -9.91700000e-05 -2.06830000e-04 -5.67730000e-04 -3.09630000e-04 1.94000000e-05 -5.95460000e-04 -3.58320000e-04 -8.91380000e-04 2.03320000e-04 8.56120000e-04 1.02371000e-03 1.02374000e-03 -2.95890000e-04 -7.34230000e-04 1.83130000e-04 9.45700000e-05 -2.92860000e-04 1.48000000e-04 4.64080000e-04 5.23720000e-04 1.38280000e-04 2.68210000e-04 -1.01599000e-03 7.51100000e-05 -6.12900000e-05 -3.83840000e-04 4.75430000e-04 -2.07580000e-04 2.40210000e-04 2.61180000e-04 -2.39510000e-04 -7.24440000e-04 1.31330000e-04 -4.07000000e-04 2.38480000e-04 -5.03900000e-05 1.02000000e-04 -2.73750000e-04 -1.06950000e-04
3.13300000e-05 2.93480000e-04 1.96920000e-04 6.01400000e-05 4.21880000e-04 2.93750000e-04 1.92100000e-05 -9.73000000e-06 1.90600000e-05 1.80400000e-04 -1.88380000e-04 -7.97500000e-05 1.56500000e-05 1.37670000e-04 -1.31990000e-04 1.42360000e-04 4.08600000e-05 -2.04430000e-04 3.24010000e-04 -5.43300000e-05 1.98750000e-04 4.12600000e-05 2.74540000e-04 7.72602000e-03 5.46050000e-04 -5.48970000e-04 3.92300000e-05 1.97300000e-04 -6.78400000e-05 1.16100000e-05 -6.04350000e-04 1.16870000e-04 -7.56100000e-05 3.36330000e-04 3.51400000e-05 -2.47050000e-04 3.01910000e-04 -1.57400000e-05 1.29760000e-04 1.46570000e-04 -5.80900000e-05 -1.03070000e-04 2.19620000e-04 1.10240000e-04 -6.57000000e-06 -3.09290000e-04 2.08550000e-04 3.66250000e-04 4.17310000e-04 -1.79300000e-05 2.26960000e-04 9.43200000e-05 -2.56140000e-04 4.33560000e-04 -8.09400000e-05 -4.80900000e-05 -2.00860000e-04 9.05100000e-05 -4.52000000e-06 7.88500000e-05 9.23800000e-05 1.74720000e-04 1.52990000e-04 3.08300000e-04 1.62840000e-04 5.04650000e-04 -4.06140000e-04 6.39130000e-04 -1.58290000e-04 -1.23010000e-04 5.10200000e-05 5.25600000e-05 -3.50480000e-04 1.49900000e-05 5.20900000e-05 1.96360000e-04 5.60200000e-05 9.45800000e-05 2.16500000e-05 -6.99700000e-05 -1.80800000e-04 -5.86200000e-05 -1.28140000e-04 -1.95860000e-04 -1.78030000e-04 -4.13310000e-04 3.88900000e-05 1.50490000e-04 4.31750000e-04 5.15610000e-04 -5.90000000e-05 -2.75820000e-04 1.36760000e-04 -2.58300000e-05 -2.20050000e-04 3.16600000e-05 2.46320000e-04 2.71360000e-04 -3.02600000e-05 1.36390000e-04 -4.73360000e-04 -1.83670000e-04 -3.87000000e-05 -1.01840000e-04 2.61870000e-04 -4.79100000e-05 1.37100000e-04 1.53590000e-04 -1.60820000e-04 -2.70960000e-04 7.05800000e-05 1.13300000e-05 1.65950000e-04 -1.14000000e-06 -4.31400000e-05 -2.14870000e-04 -3.80200000e-05
1.63858000e-03 2.01087000e-03 1.67083000e-03 -3.86170000e-04 3.53594000e-03 8.07100000e-05 -8.30130000e-04 -4.88080000e-04 -1.13290000e-03 9.49990000e-04 -2.19999000e-03 -7.45160000e-04 -5.12860000e-04 3.18580000e-04 -2.00241000e-03 2.02083000e-03 5.55530000e-04 -6.02080000e-04 2.23752000e-03 1.43028000e-03 7.88010000e-04 -1.94506000e-03 1.83991000e-03 5.46050000e-04 2.95105900e-02 -2.06735000e-03 5.13290000e-04 9.92180000e-04 -1.55025000e-03 -6.65470000e-04 -4.95071000e-03 -1.56700000e-05 9.94300000e-04 3.65953000e-03 1.34770000e-04 -1.25132000e-03 2.16008000e-03 3.48310000e-04 2.71247000e-03 8.98430000e-04 -2.88940000e-04 -1.56637000e-03 1.39759000e-03 8.90600000e-05 -9.52700000e-04 -3.61524000e-03 1.20430000e-03 3.26676000e-03 7.19868000e-03 -9.21090000e-04 1.30713000e-03 1.12597000e-03 -2.48742000e-03 1.42248000e-03 -1.80660000e-03 -1.46900000e-04 -2.74204000e-03 -6.75000000e-06 -4.50240000e-04 -7.24360000e-04 4.88320000e-04 3.62794000e-03 7.91260000e-04 2.98398000e-03 2.85290000e-04 4.85355000e-03 -4.46966000e-03 1.01925900e-02 -2.16465000e-03 -1.59774000e-03 1.57276000e-03 -2.22340000e-04 -4.66818000e-03 1.13750000e-04 -2.74700000e-04 9.13770000e-04 -3.61500000e-05 1.18749000e-03 2.78030000e-04 1.95110000e-04 -2.78408000e-03 -1.47482000e-03 -2.34180000e-04 -2.47076000e-03 -3.35287000e-03 -4.94803000e-03 3.64790000e-04 1.40792000e-03 4.39189000e-03 6.91747000e-03 -1.91190000e-04 -1.81737000e-03 2.10837000e-03 2.16748000e-03 -2.07686000e-03 1.54742000e-03 8.51340000e-04 1.00250000e-03 2.32731000e-03 4.25758000e-03 -4.17593000e-03 1.95120000e-04 8.82600000e-04 -1.87704000e-03 -1.52140000e-04 -6.63280000e-04 3.87433000e-03 2.16951000e-03 -1.88091000e-03 -3.05087000e-03 1.27011000e-03 1.09192000e-03 2.03165000e-03 -2.22600000e-04 6.14680000e-04 4.80480000e-04 -6.53190000e-04
8.77600000e-05 -1.06471000e-03 1.05600000e-05 -5.09240000e-04 -1.77700000e-03 -3.65802000e-03 -3.07080000e-04 7.20630000e-04 -6.71000000e-06 -7.19220000e-04 6.11810000e-04 4.21510000e-04 -6.32190000e-04 -4.64880000e-04 -4.23510000e-04 -6.55600000e-05 -3.32000000e-04 1.35034000e-03 -1.43666000e-03 -5.20110000e-04 -8.26320000e-04 -1.73992000e-03 -1.05826000e-03 -5.48970000e-04 -2.06735000e-03 1.23376580e-01 -2.34350000e-04 -4.95940000e-04 1.67770000e-04 -1.06640000e-04 1.63076000e-03 -7.59250000e-04 1.58661000e-03 -4.57690000e-04 1.69300000e-04 1.63359000e-03 -1.17719000e-03 3.63670000e-04 6.57030000e-04 -4.10010000e-04 4.72200000e-04 2.96080000e-04 -6.79740000e-04 -1.90309000e-03 -2.80630000e-04 1.06397000e-03 -6.12900000e-04 -9.47200000e-04 -4.30090000e-04 -9.06600000e-05 -7.54790000e-04 4.06810000e-04 1.20497000e-03 -1.55410000e-04 1.16170000e-04 3.85280000e-04 7.56730000e-04 -1.07740000e-04 -8.64000000e-05 -6.22400000e-05 9.48800000e-05 8.66180000e-04 -3.88840000e-04 -5.54780000e-04 -6.57810000e-04 -1.00773000e-03 4.38550000e-04 -7.14800000e-05 1.93930000e-04 5.47280000e-04 -6.68700000e-05 -4.52820000e-04 6.36470000e-04 -3.37230000e-04 -1.13027000e-03 -7.02650000e-04 3.24600000e-05 2.97170000e-04 4.56780000e-04 6.95880000e-04 1.65770000e-04 1.22430000e-04 -1.11027000e-03 5.61400000e-04 -4.71860000e-04 3.75280000e-04 -2.66870000e-04 -2.43014000e-03 -8.45770000e-04 -2.96210000e-04 9.75440000e-04 1.51173000e-03 1.94840000e-04 1.04066000e-03 -4.28200000e-04 3.65560000e-04 -1.15007000e-03 -1.35138000e-03 1.15420000e-03 1.31611000e-03 6.98800000e-04 5.92100000e-04 6.28700000e-04 3.71200000e-05 -1.81108000e-03 1.02040000e-04 1.15416000e-03 3.72770000e-04 -2.95250000e-04 5.13950000e-04 1.31600000e-04 9.81340000e-04 1.68000000e-04 -1.23470000e-04 2.54500000e-05 8.98440000e-04 -1.80510000e-04
2.69940000e-04 1.76140000e-04 -5.66800000e-05 -4.87400000e-05 1.14950000e-04 1.52260000e-04 5.67600000e-05 -1.47930000e-04 -2.61360000e-04 4.43900000e-05 -1.98800000e-05 -1.15130000e-04 2.27970000e-04 6.70000000e-06 6.70200000e-05 -1.63000000e-06 1.93350000e-04 -1.29550000e-04 3.95000000e-06 2.10720000e-04 6.20800000e-05 -3.36600000e-05 1.71190000e-04 3.92300000e-05 5.13290000e-04 -2.34350000e-04 1.47499100e-02 -6.87000000e-06 -4.19700000e-05 -7.20300000e-05 -3.49700000e-04 -2.75200000e-05 -1.22220000e-04 6.91400000e-05 -7.59200000e-05 -1.18420000e-04 2.32260000e-04 -1.70100000e-05 7.92900000e-05 6.04200000e-05 -4.31800000e-05 -3.83300000e-05 -3.06000000e-06 1.44210000e-04 5.96600000e-05 -2.49830000e-04 -4.44300000e-05 9.12800000e-05 4.48500000e-05 3.30800000e-05 3.90500000e-05 -5.42800000e-05 -1.15880000e-04 -1.90840000e-04 -3.80100000e-05 7.08000000e-06 -9.96500000e-05 -6.95500000e-05 1.10970000e-04 -4.44400000e-05 7.03000000e-06 -9.62800000e-05 1.37500000e-05 9.30900000e-05 -8.29900000e-05 6.50400000e-05 -8.10000000e-05 3.75200000e-05 -5.59700000e-05 -1.19690000e-04 2.98830000e-04 -1.54700000e-05 -1.75000000e-04 1.45070000e-04 2.00800000e-05 7.32600000e-05 -6.66400000e-05 -4.16500000e-05 -1.13290000e-04 -4.46700000e-05 -1.83670000e-04 -1.89300000e-05 2.07700000e-04 -1.66630000e-04 -5.02600000e-05 -1.05850000e-04 9.23300000e-05 2.46420000e-04 3.06420000e-04 -6.49100000e-05 -8.48500000e-05 -8.26500000e-05 -2.73700000e-05 1.53120000e-04 6.72400000e-05 1.12240000e-04 7.12700000e-05 2.01600000e-05 6.35000000e-05 1.07590000e-04 -1.31020000e-04 3.64820000e-04 4.27600000e-05 1.46500000e-05 7.38000000e-05 1.40900000e-05 8.80000000e-05 8.94800000e-05 3.03200000e-05 -4.51900000e-05 1.37780000e-04 -1.66680000e-04 -1.60000000e-05 4.55900000e-05 1.12150000e-04 3.18100000e-04 -1.30500000e-05
6.69800000e-05 2.86480000e-04 6.81980000e-04 5.83400000e-05 7.24240000e-04 -7.22200000e-04 -9.21400000e-05 1.71540000e-04 2.10500000e-04 2.86170000e-04 -2.73750000e-04 1.60550000e-04 -4.44770000e-04 2.69660000e-04 -4.91740000e-04 5.73290000e-04 -1.09140000e-04 1.49690000e-04 6.41180000e-04 -3.50380000e-04 1.63440000e-04 -9.70140000e-04 2.31350000e-04 1.97300000e-04 9.92180000e-04 -4.95940000e-04 -6.87000000e-06 1.48926400e-02 -1.22100000e-04 4.46000000e-05 -1.00596000e-03 1.75480000e-04 4.12240000e-04 9.38970000e-04 2.68190000e-04 6.76800000e-05 2.22660000e-04 2.55990000e-04 8.45700000e-04 1.09950000e-04 1.48340000e-04 -1.77020000e-04 5.31900000e-04 -5.14520000e-04 -1.35500000e-04 -5.06770000e-04 5.00900000e-04 7.13880000e-04 1.61215000e-03 -1.05140000e-04 3.89930000e-04 5.32980000e-04 -1.55470000e-04 9.65700000e-04 -2.85340000e-04 2.49380000e-04 -2.69550000e-04 2.44460000e-04 -1.39180000e-04 9.36700000e-05 3.80110000e-04 1.02018000e-03 1.25940000e-04 7.69640000e-04 3.71610000e-04 1.10346000e-03 -8.94970000e-04 2.21327000e-03 -3.95080000e-04 -4.21300000e-05 -5.86900000e-05 8.22500000e-05 -8.08320000e-04 -1.13800000e-04 -5.78600000e-05 1.39360000e-04 2.59370000e-04 5.74350000e-04 2.91150000e-04 2.46750000e-04 -3.76080000e-04 -1.08950000e-04 -1.38830000e-04 -2.65760000e-04 -9.29690000e-04 -1.10470000e-03 -4.55200000e-05 -4.47190000e-04 6.32200000e-04 1.80998000e-03 2.03950000e-04 -1.11380000e-04 7.22000000e-04 3.99480000e-04 -5.86550000e-04 3.17300000e-04 1.81180000e-04 2.08240000e-04 3.48070000e-04 1.18658000e-03 -6.40390000e-04 -5.67880000e-04 2.87160000e-04 -1.62210000e-04 -1.14560000e-04 7.63800000e-05 1.11109000e-03 6.00960000e-04 -4.24060000e-04 -3.72010000e-04 3.57390000e-04 1.05003000e-03 6.80190000e-04 7.62800000e-05 2.05900000e-05 3.50500000e-05 -1.98000000e-06
-3.93040000e-04 -3.64800000e-04 -4.95950000e-04 3.02470000e-04 -5.62300000e-04 5.58740000e-04 4.62150000e-04 3.73900000e-05 4.17110000e-04 -4.13300000e-05 6.75020000e-04 2.57800000e-04 5.00290000e-04 8.25800000e-05 8.97440000e-04 -4.78790000e-04 2.86500000e-05 6.14400000e-05 -4.00790000e-04 -2.06570000e-04 -4.51800000e-05 8.82980000e-04 -3.24180000e-04 -6.78400000e-05 -1.55025000e-03 1.67770000e-04 -4.19700000e-05 -1.22100000e-04 1.02279400e-02 2.55550000e-04 1.34058000e-03 1.89440000e-04 -6.41710000e-04 -1.08601000e-03 -1.35600000e-05 3.60300000e-05 -4.42020000e-04 -5.31500000e-05 -1.09091000e-03 -9.13300000e-05 9.66300000e-05 5.43190000e-04 -2.95500000e-04 3.07990000e-04 5.32090000e-04 1.04969000e-03 -2.43380000e-04 -1.05876000e-03 -1.82557000e-03 4.14060000e-04 -1.62880000e-04 -3.60870000e-04 6.14230000e-04 -5.19910000e-04 6.29240000e-04 5.60500000e-05 7.44630000e-04 4.32700000e-05 3.30300000e-04 2.61760000e-04 -7.48200000e-05 -1.34802000e-03 -2.39960000e-04 -8.55390000e-04 5.45800000e-05 -1.40469000e-03 1.36521000e-03 -3.29367000e-03 7.28280000e-04 5.98950000e-04 -3.12140000e-04 2.78690000e-04 1.42005000e-03 1.80180000e-04 4.10500000e-04 -1.70010000e-04 4.85700000e-05 -3.57390000e-04 -1.02900000e-04 -8.99100000e-05 9.87270000e-04 4.96470000e-04 3.17970000e-04 7.49360000e-04 1.27350000e-03 1.51986000e-03 2.30100000e-05 1.85790000e-04 -1.04244000e-03 -1.99534000e-03 -7.08300000e-05 2.60910000e-04 -5.67610000e-04 -8.49770000e-04 7.38750000e-04 -5.36530000e-04 -4.90100000e-05 1.66800000e-05 -9.28040000e-04 -1.71294000e-03 1.43162000e-03 -8.50100000e-05 -2.92230000e-04 7.05630000e-04 4.10330000e-04 2.31770000e-04 -1.50585000e-03 -8.40110000e-04 9.17210000e-04 9.55100000e-04 -4.42970000e-04 -5.23190000e-04 -7.24130000e-04 1.04430000e-04 -3.52200000e-05 -2.98820000e-04 4.72370000e-04
-3.17140000e-04 -1.28680000e-04 -2.01470000e-04 2.22330000e-04 -1.35470000e-04 3.97810000e-04 2.01720000e-04 -1.18300000e-05 2.89730000e-04 8.09600000e-05 2.65960000e-04 1.22800000e-04 2.15460000e-04 1.04200000e-04 4.02660000e-04 -2.15450000e-04 -7.59500000e-05 -1.86490000e-04 -5.53900000e-05 -9.15900000e-05 8.54600000e-05 4.81580000e-04 -1.06270000e-04 1.16100000e-05 -6.65470000e-04 -1.06640000e-04 -7.20300000e-05 4.46000000e-05 2.55550000e-04 2.18991600e-02 4.93320000e-04 2.04810000e-04 -4.61520000e-04 -4.61570000e-04 7.39200000e-05 -9.36900000e-05 -1.71580000e-04 -7.64600000e-05 -6.04900000e-04 -2.69600000e-05 4.34600000e-05 2.44210000e-04 -6.91500000e-05 2.22920000e-04 1.96970000e-04 5.06590000e-04 3.82000000e-06 -4.01410000e-04 -8.23910000e-04 1.86580000e-04 9.36000000e-06 -1.99270000e-04 2.18000000e-04 -1.28820000e-04 3.58450000e-04 -3.56000000e-06 3.06100000e-04 1.09910000e-04 1.07780000e-04 1.34740000e-04 -2.24000000e-05 -6.73820000e-04 -3.64000000e-06 -3.43890000e-04 1.62410000e-04 -5.86810000e-04 6.55460000e-04 -1.58302000e-03 4.78600000e-04 2.26770000e-04 -2.94270000e-04 2.32290000e-04 6.46920000e-04 4.09200000e-05 2.98200000e-04 -2.47700000e-05 9.81800000e-05 -1.55140000e-04 -8.63100000e-05 -1.05160000e-04 4.33630000e-04 1.96100000e-04 2.99200000e-05 3.53710000e-04 5.64860000e-04 6.96820000e-04 2.64400000e-05 1.44970000e-04 -6.12080000e-04 -9.42650000e-04 -6.33600000e-05 -5.91000000e-06 -2.68980000e-04 -5.23420000e-04 3.77140000e-04 -3.47780000e-04 7.14400000e-05 6.67900000e-05 -5.47420000e-04 -9.33050000e-04 6.95180000e-04 -1.89260000e-04 -1.80080000e-04 3.59410000e-04 3.35260000e-04 1.31010000e-04 -8.37530000e-04 -4.03890000e-04 5.28040000e-04 4.43930000e-04 -2.23960000e-04 -3.85210000e-04 -3.39730000e-04 7.84500000e-05 6.23000000e-06 -3.44420000e-04 2.91300000e-04
-1.67839000e-03 -1.21897000e-03 -2.34139000e-03 9.55310000e-04 -2.23959000e-03 3.65539000e-03 9.16540000e-04 -2.03620000e-04 3.68620000e-04 -6.38240000e-04 1.94074000e-03 3.11790000e-04 1.05521000e-03 -3.78460000e-04 1.52612000e-03 -1.63758000e-03 -3.40400000e-05 -1.62790000e-04 -1.59508000e-03 1.47045000e-03 -5.81440000e-04 5.55897000e-03 -1.23097000e-03 -6.04350000e-04 -4.95071000e-03 1.63076000e-03 -3.49700000e-04 -1.00596000e-03 1.34058000e-03 4.93320000e-04 4.32481400e-02 2.74990000e-04 -1.96545000e-03 -3.90067000e-03 -5.45580000e-04 4.25960000e-04 -1.45678000e-03 -7.92400000e-04 -4.39842000e-03 -4.80370000e-04 -1.17030000e-04 1.61868000e-03 -1.49593000e-03 2.81447000e-03 9.49650000e-04 3.78268000e-03 -1.28187000e-03 -3.39768000e-03 -6.01739000e-03 1.06512000e-03 -1.04153000e-03 -1.69656000e-03 1.76534000e-03 -3.28330000e-03 1.78358000e-03 -3.80460000e-04 2.42606000e-03 -1.27100000e-04 5.63340000e-04 -3.85900000e-04 -1.47273000e-03 -4.27267000e-03 -8.16750000e-04 -3.43510000e-03 -4.02770000e-04 -4.67206000e-03 5.02070000e-03 -1.09011700e-02 2.51843000e-03 1.38891000e-03 -9.36040000e-04 8.23110000e-04 5.87157000e-03 3.71760000e-04 1.31513000e-03 -6.22450000e-04 -3.33580000e-04 -2.10823000e-03 5.30100000e-05 -7.74470000e-04 3.32388000e-03 1.59956000e-03 -2.14160000e-04 2.41368000e-03 5.23612000e-03 6.29770000e-03 7.24000000e-06 2.70892000e-03 -3.80433000e-03 -6.73154000e-03 -3.93940000e-04 9.50000000e-04 -2.34068000e-03 -3.16914000e-03 2.77821000e-03 -1.99631000e-03 -1.01981000e-03 -7.05200000e-04 -1.83049000e-03 -6.31050000e-03 3.91658000e-03 2.71970000e-04 -1.43972000e-03 9.85220000e-04 4.18700000e-04 2.38260000e-04 -5.71730000e-03 -3.32556000e-03 2.29059000e-03 2.39810000e-03 -2.05482000e-03 -3.22425000e-03 -2.77680000e-03 8.11900000e-05 -2.82640000e-04 -1.55359000e-03 8.31470000e-04
-2.57170000e-04 1.18450000e-04 -1.83000000e-04 3.72060000e-04 3.04810000e-04 1.37179000e-03 2.37610000e-04 -1.32130000e-04 2.44550000e-04 2.44460000e-04 1.29990000e-04 3.53000000e-06 3.19940000e-04 2.12820000e-04 3.91950000e-04 -6.40100000e-05 -3.48000000e-06 -4.44680000e-04 3.29000000e-04 2.02060000e-04 2.27260000e-04 9.60050000e-04 1.15920000e-04 1.16870000e-04 -1.56700000e-05 -7.59250000e-04 -2.75200000e-05 1.75480000e-04 1.89440000e-04 2.04810000e-04 2.74990000e-04 1.97060000e-02 -7.42020000e-04 -3.54020000e-04 1.64200000e-05 -3.91820000e-04 9.67800000e-05 -1.79710000e-04 -7.12530000e-04 1.07000000e-04 -6.37200000e-05 1.56580000e-04 8.14500000e-05 7.57610000e-04 2.40410000e-04 2.68020000e-04 1.21760000e-04 -2.25080000e-04 -4.53100000e-04 1.84620000e-04 1.77100000e-04 -2.26430000e-04 -6.02600000e-05 -2.84460000e-04 3.12730000e-04 -1.27750000e-04 1.25110000e-04 1.47790000e-04 1.11120000e-04 9.61100000e-05 -1.34100000e-05 -7.61510000e-04 5.85300000e-05 -2.12500000e-04 2.88560000e-04 -3.28720000e-04 5.91660000e-04 -1.34273000e-03 4.16620000e-04 1.00830000e-04 -2.53980000e-04 3.74890000e-04 4.40390000e-04 7.94400000e-05 6.48020000e-04 9.73500000e-05 7.67800000e-05 -1.58590000e-04 -1.53440000e-04 -2.73260000e-04 3.88920000e-04 1.48980000e-04 7.83000000e-05 2.16460000e-04 7.25220000e-04 6.09470000e-04 5.13700000e-05 9.10790000e-04 -3.92850000e-04 -6.69270000e-04 -2.55070000e-04 -2.79370000e-04 -1.72640000e-04 -7.18090000e-04 5.90420000e-04 -4.09130000e-04 2.97710000e-04 4.02550000e-04 -6.69780000e-04 -1.16988000e-03 6.87400000e-04 -2.87190000e-04 -2.86640000e-04 3.29140000e-04 7.11260000e-04 8.25600000e-05 -1.03010000e-03 -4.76640000e-04 5.65030000e-04 3.14730000e-04 -2.63360000e-04 -4.08710000e-04 -3.47250000e-04 9.00500000e-05 1.15000000e-05 -4.09880000e-04 3.37850000e-04
7.73260000e-04 -1.23640000e-04 1.88894000e-03 -8.21860000e-04 7.98400000e-05 -5.54726000e-03 -8.68590000e-04 7.58750000e-04 -2.71160000e-04 -2.61820000e-04 -6.12710000e-04 4.84790000e-04 -2.05660000e-03 -1.08820000e-04 -2.05933000e-03 1.40799000e-03 -3.95300000e-04 1.99633000e-03 2.08680000e-04 -1.23096000e-03 -5.39530000e-04 -4.75285000e-03 -2.45520000e-04 -7.56100000e-05 9.94300000e-04 1.58661000e-03 -1.22220000e-04 4.12240000e-04 -6.41710000e-04 -4.61520000e-04 -1.96545000e-03 -7.42020000e-04 4.59307700e-02 2.47717000e-03 5.61910000e-04 1.75348000e-03 -2.33430000e-04 9.98860000e-04 3.66306000e-03 -3.70900000e-04 5.37290000e-04 -6.07700000e-04 7.09470000e-04 -3.14181000e-03 -9.43130000e-04 -1.29222000e-03 5.10140000e-04 1.66591000e-03 4.26283000e-03 -6.88820000e-04 1.10300000e-04 1.84708000e-03 3.12440000e-04 2.29248000e-03 -1.31649000e-03 8.58440000e-04 -4.96320000e-04 1.35610000e-04 -6.57680000e-04 -3.02700000e-04 8.79560000e-04 4.22899000e-03 -2.01240000e-04 1.80759000e-03 -5.84100000e-05 2.65880000e-03 -2.83776000e-03 7.85236000e-03 -1.79393000e-03 -1.39660000e-04 2.76110000e-04 -8.39470000e-04 -2.46452000e-03 -6.51530000e-04 -1.76568000e-03 -2.22900000e-04 3.44240000e-04 1.73307000e-03 1.17625000e-03 1.32720000e-03 -1.43992000e-03 -4.96590000e-04 -7.24890000e-04 -8.01450000e-04 -3.59146000e-03 -3.38990000e-03 -3.99190000e-04 -3.50290000e-03 1.69796000e-03 5.31605000e-03 1.37817000e-03 1.11216000e-03 2.07544000e-03 2.76185000e-03 -2.37582000e-03 1.67673000e-03 -9.67290000e-04 -1.02414000e-03 2.61880000e-03 5.33451000e-03 -2.28636000e-03 -4.19040000e-04 1.41631000e-03 -1.08532000e-03 -2.69650000e-03 -1.95300000e-05 4.81350000e-03 2.17078000e-03 -2.43259000e-03 -1.25804000e-03 1.33459000e-03 3.96155000e-03 2.07673000e-03 -1.01820000e-04 -1.32100000e-04 1.71850000e-03 -9.55020000e-04
8.93230000e-04 8.10000000e-04 2.23565000e-03 -6.53870000e-04 1.69497000e-03 -4.03082000e-03 -9.39140000e-04 4.00020000e-04 -2.66860000e-04 3.27870000e-04 -1.40631000e-03 1.01130000e-04 -1.89995000e-03 2.22730000e-04 -2.43681000e-03 1.80518000e-03 -2.11800000e-04 9.45610000e-04 1.34113000e-03 -8.58530000e-04 8.34300000e-05 -4.40357000e-03 6.56300000e-04 3.36330000e-04 3.65953000e-03 -4.57690000e-04 6.91400000e-05 9.38970000e-04 -1.08601000e-03 -4.61570000e-04 -3.90067000e-03 -3.54020000e-04 2.47717000e-03 1.38856100e-02 5.86560000e-04 6.08630000e-04 7.62050000e-04 8.72310000e-04 3.86736000e-03 2.02560000e-04 2.85820000e-04 -1.12575000e-03 1.35757000e-03 -2.42704000e-03 -1.07868000e-03 -2.51811000e-03 1.16495000e-03 2.83345000e-03 5.91326000e-03 -8.62670000e-04 7.79430000e-04 1.83227000e-03 -8.50110000e-04 2.88101000e-03 -1.65161000e-03 6.71910000e-04 -1.48255000e-03 2.44950000e-04 -7.48720000e-04 -2.77570000e-04 9.39920000e-04 4.51166000e-03 3.28190000e-04 2.77041000e-03 4.05340000e-04 4.11819000e-03 -4.08483000e-03 9.78993000e-03 -2.22376000e-03 -7.23400000e-04 5.62440000e-04 -6.16130000e-04 -3.73307000e-03 -5.01070000e-04 -1.35412000e-03 3.28150000e-04 4.07990000e-04 1.81531000e-03 9.43260000e-04 1.04601000e-03 -2.20815000e-03 -9.01200000e-04 -6.66660000e-04 -1.59075000e-03 -4.15101000e-03 -4.72638000e-03 -1.70170000e-04 -2.32728000e-03 3.00985000e-03 6.81412000e-03 8.60650000e-04 -1.35070000e-04 2.37619000e-03 2.60342000e-03 -2.80942000e-03 1.73495000e-03 -7.87000000e-05 -1.85710000e-04 2.45743000e-03 5.74510000e-03 -3.69523000e-03 -8.64940000e-04 1.25250000e-03 -1.48665000e-03 -1.70847000e-03 -1.93210000e-04 5.21021000e-03 2.64461000e-03 -2.64349000e-03 -2.15551000e-03 1.50826000e-03 3.53105000e-03 2.55213000e-03 -1.11120000e-04 -7.30000000e-06 1.06458000e-03 -9.85070000e-04
-9.48100000e-05 -4.22100000e-05 6.91520000e-04 -5.54900000e-05 1.51720000e-04 -1.52239000e-03 -1.01610000e-04 2.13410000e-04 2.50400000e-04 1.90950000e-04 -1.15700000e-05 1.89840000e-04 -5.51760000e-04 2.20180000e-04 -4.04130000e-04 4.40750000e-04 -2.43050000e-04 3.79550000e-04 1.97730000e-04 -5.32270000e-04 1.12310000e-04 -1.38832000e-03 -3.74500000e-05 3.51400000e-05 1.34770000e-04 1.69300000e-04 -7.59200000e-05 2.68190000e-04 -1.35600000e-05 7.39200000e-05 -5.45580000e-04 1.64200000e-05 5.61910000e-04 5.86560000e-04 1.97764500e-02 3.65840000e-04 -1.54710000e-04 1.81390000e-04 6.49890000e-04 -1.24480000e-04 1.50510000e-04 -8.45000000e-06 2.62450000e-04 -8.82150000e-04 -1.62820000e-04 -1.98720000e-04 3.58640000e-04 3.63770000e-04 1.20492000e-03 -6.06200000e-05 2.64240000e-04 5.44310000e-04 2.48020000e-04 6.72730000e-04 -2.12300000e-04 2.83920000e-04 2.09600000e-05 2.44430000e-04 -1.41560000e-04 2.84300000e-05 3.97350000e-04 9.43470000e-04 1.72730000e-04 4.07500000e-04 2.96120000e-04 4.83140000e-04 -5.38020000e-04 1.77213000e-03 -2.34830000e-04 5.69200000e-05 -2.42830000e-04 -3.80200000e-05 -4.69190000e-04 -2.72340000e-04 -2.23880000e-04 2.40500000e-05 3.09060000e-04 5.99780000e-04 3.66440000e-04 2.64380000e-04 -2.57040000e-04 -1.35600000e-05 -2.21360000e-04 -9.18800000e-05 -9.17030000e-04 -7.76190000e-04 6.70900000e-05 -9.91500000e-04 4.01000000e-05 1.37288000e-03 4.32580000e-04 2.62510000e-04 6.49430000e-04 3.14550000e-04 -5.31080000e-04 1.46140000e-04 -2.33090000e-04 -1.67570000e-04 2.00370000e-04 9.89720000e-04 -9.98300000e-05 -5.48710000e-04 2.30400000e-04 -9.01800000e-05 -5.85300000e-04 1.05010000e-04 8.83420000e-04 3.62730000e-04 -3.73530000e-04 -1.20360000e-04 2.19090000e-04 1.22683000e-03 4.39090000e-04 -2.28900000e-05 -6.14400000e-05 2.15540000e-04 -6.13300000e-05
1.28190000e-04 -6.40750000e-04 7.54550000e-04 -3.14890000e-04 -8.72750000e-04 -3.67027000e-03 -3.07580000e-04 5.56090000e-04 1.38600000e-05 -3.81860000e-04 3.32560000e-04 5.62030000e-04 -1.18242000e-03 -1.21030000e-04 -8.53280000e-04 4.89360000e-04 -4.00520000e-04 1.46638000e-03 -4.30030000e-04 -9.42920000e-04 -6.02010000e-04 -2.60840000e-03 -7.00330000e-04 -2.47050000e-04 -1.25132000e-03 1.63359000e-03 -1.18420000e-04 6.76800000e-05 3.60300000e-05 -9.36900000e-05 4.25960000e-04 -3.91820000e-04 1.75348000e-03 6.08630000e-04 3.65840000e-04 2.86040600e-02 -7.71940000e-04 5.74360000e-04 1.64105000e-03 -5.05680000e-04 4.83610000e-04 9.66600000e-05 1.09830000e-04 -1.96256000e-03 -3.38510000e-04 2.17470000e-04 2.22400000e-05 5.99300000e-05 1.02664000e-03 -1.49960000e-04 -2.73650000e-04 9.37540000e-04 1.02877000e-03 7.80230000e-04 -2.84670000e-04 7.44910000e-04 5.56570000e-04 1.27800000e-04 -2.61560000e-04 -1.01750000e-04 4.87110000e-04 1.74464000e-03 -4.26810000e-04 3.58670000e-04 -5.81200000e-05 2.54710000e-04 -3.92990000e-04 2.18198000e-03 -4.54010000e-04 4.41350000e-04 -2.17930000e-04 -3.46330000e-04 -1.21600000e-04 -4.14580000e-04 -8.95550000e-04 -4.47310000e-04 2.88970000e-04 8.50520000e-04 7.20500000e-04 8.36270000e-04 -1.04560000e-04 1.86360000e-04 -4.44110000e-04 2.10810000e-04 -1.33799000e-03 -6.46060000e-04 -3.60190000e-04 -2.40579000e-03 -1.81460000e-04 1.60779000e-03 1.00714000e-03 1.35488000e-03 9.01280000e-04 1.22963000e-03 -7.58220000e-04 6.63140000e-04 -9.48080000e-04 -1.05465000e-03 1.13993000e-03 2.32053000e-03 -1.47900000e-05 -2.54630000e-04 7.53500000e-04 -7.56500000e-05 -1.79251000e-03 2.93210000e-04 2.09431000e-03 8.08560000e-04 -9.22550000e-04 1.98850000e-04 6.10330000e-04 2.48129000e-03 7.85490000e-04 6.97400000e-05 -1.46410000e-04 1.31486000e-03 -3.30380000e-04
4.39300000e-04 7.72870000e-04 1.78470000e-04 -3.09600000e-05 1.05303000e-03 1.21759000e-03 -1.09370000e-04 -2.98970000e-04 -4.22840000e-04 3.11760000e-04 -6.52160000e-04 -4.16110000e-04 2.42180000e-04 9.77300000e-05 -3.01480000e-04 2.97350000e-04 3.07260000e-04 -6.36650000e-04 6.62280000e-04 6.11050000e-04 3.85590000e-04 3.88110000e-04 7.35430000e-04 3.01910000e-04 2.16008000e-03 -1.17719000e-03 2.32260000e-04 2.22660000e-04 -4.42020000e-04 -1.71580000e-04 -1.45678000e-03 9.67800000e-05 -2.33430000e-04 7.62050000e-04 -1.54710000e-04 -7.71940000e-04 1.28844900e-02 -1.24830000e-04 2.92740000e-04 3.64350000e-04 -2.58220000e-04 -4.37370000e-04 3.25060000e-04 6.89000000e-04 -1.42820000e-04 -1.03733000e-03 2.63720000e-04 9.30790000e-04 1.22544000e-03 -1.76170000e-04 3.86470000e-04 -9.47000000e-06 -9.50630000e-04 2.37810000e-04 -3.71210000e-04 -2.98280000e-04 -8.25410000e-04 -4.21200000e-05 -2.69700000e-05 -1.43580000e-04 -3.67600000e-05 3.74280000e-04 3.41270000e-04 6.91370000e-04 5.46000000e-05 1.22539000e-03 -1.03296000e-03 1.85746000e-03 -4.59520000e-04 -6.08390000e-04 5.27600000e-04 6.90000000e-07 -1.15410000e-03 1.63940000e-04 1.29840000e-04 4.29940000e-04 -1.27490000e-04 2.19000000e-06 -1.68030000e-04 -2.54960000e-04 -7.32860000e-04 -3.94890000e-04 3.44100000e-05 -7.27620000e-04 -4.25590000e-04 -1.04801000e-03 1.81470000e-04 1.04931000e-03 1.27361000e-03 1.13498000e-03 -3.57590000e-04 -8.26280000e-04 1.88400000e-04 2.31310000e-04 -3.03440000e-04 2.42370000e-04 5.24850000e-04 5.49030000e-04 2.99120000e-04 4.34480000e-04 -1.27124000e-03 2.49250000e-04 -3.19800000e-05 -4.81140000e-04 5.28160000e-04 -2.65990000e-04 3.85600000e-04 3.79600000e-04 -3.51030000e-04 -8.75170000e-04 1.97290000e-04 -5.20630000e-04 2.88940000e-04 -5.13000000e-05 1.26660000e-04 -1.68170000e-04 -1.93660000e-04
2.72140000e-04 -6.98700000e-05 6.25300000e-04 -1.99310000e-04 1.04280000e-04 -2.01958000e-03 -1.93080000e-04 2.38740000e-04 1.01890000e-04 -6.69900000e-05 -1.55010000e-04 3.37860000e-04 -6.10080000e-04 6.52000000e-06 -5.00830000e-04 4.50640000e-04 -7.55300000e-05 7.62540000e-04 1.16820000e-04 -5.58360000e-04 -1.84620000e-04 -1.75260000e-03 -1.05120000e-04 -1.57400000e-05 3.48310000e-04 3.63670000e-04 -1.70100000e-05 2.55990000e-04 -5.31500000e-05 -7.64600000e-05 -7.92400000e-04 -1.79710000e-04 9.98860000e-04 8.72310000e-04 1.81390000e-04 5.74360000e-04 -1.24830000e-04 2.83673000e-02 1.30925000e-03 -5.05600000e-05 3.05370000e-04 -1.43430000e-04 3.37650000e-04 -1.17970000e-03 -1.86940000e-04 -3.39350000e-04 2.46910000e-04 4.88870000e-04 1.37896000e-03 -1.66920000e-04 5.75400000e-05 6.23460000e-04 1.57010000e-04 8.92240000e-04 -3.41050000e-04 4.55250000e-04 -1.23240000e-04 3.57800000e-05 -1.30570000e-04 -9.33000000e-06 3.57570000e-04 1.32522000e-03 -1.69780000e-04 6.63290000e-04 8.34900000e-05 8.30920000e-04 -9.16540000e-04 2.35554000e-03 -5.65450000e-04 1.76490000e-04 1.22640000e-04 -2.02190000e-04 -7.22190000e-04 -7.94700000e-05 -5.27150000e-04 -1.01820000e-04 1.79200000e-04 6.04770000e-04 3.63430000e-04 6.13130000e-04 -2.94540000e-04 -1.01400000e-04 -4.92700000e-05 -1.43770000e-04 -1.15328000e-03 -1.11817000e-03 -1.30990000e-04 -1.28740000e-03 6.46220000e-04 1.71266000e-03 4.63020000e-04 3.34810000e-04 6.90360000e-04 9.57730000e-04 -8.21210000e-04 6.18210000e-04 -2.36780000e-04 -3.31590000e-04 7.76280000e-04 1.82850000e-03 -6.99400000e-04 -2.41820000e-04 5.71430000e-04 -1.85310000e-04 -8.02590000e-04 1.04160000e-04 1.68922000e-03 7.63790000e-04 -6.42760000e-04 -2.62860000e-04 5.17450000e-04 1.41102000e-03 7.37130000e-04 3.32100000e-05 3.88200000e-05 5.94400000e-04 -1.78400000e-04
1.29934000e-03 3.20490000e-04 2.57821000e-03 -1.01668000e-03 8.91280000e-04 -6.48149000e-03 -1.15359000e-03 6.80100000e-04 -3.59800000e-04 -6.76800000e-05 -1.23745000e-03 4.31330000e-04 -2.47357000e-03 1.38000000e-05 -2.72136000e-03 1.95896000e-03 -3.37420000e-04 1.94766000e-03 8.74920000e-04 -1.53646000e-03 -3.91370000e-04 -6.39122000e-03 1.71400000e-04 1.29760000e-04 2.71247000e-03 6.57030000e-04 7.92900000e-05 8.45700000e-04 -1.09091000e-03 -6.04900000e-04 -4.39842000e-03 -7.12530000e-04 3.66306000e-03 3.86736000e-03 6.49890000e-04 1.64105000e-03 2.92740000e-04 1.30925000e-03 2.14488300e-02 -1.17680000e-04 6.10350000e-04 -1.13568000e-03 1.33303000e-03 -3.81685000e-03 -1.25236000e-03 -2.53890000e-03 1.01196000e-03 2.84874000e-03 6.21953000e-03 -1.01093000e-03 4.44060000e-04 2.33744000e-03 -2.79880000e-04 3.16213000e-03 -1.83622000e-03 1.12275000e-03 -1.24995000e-03 1.59350000e-04 -8.43280000e-04 -2.97210000e-04 1.28669000e-03 5.52456000e-03 -4.58500000e-05 3.02238000e-03 1.89910000e-04 4.16055000e-03 -4.36476000e-03 1.11515100e-02 -2.61013000e-03 -4.91990000e-04 6.41380000e-04 -9.99310000e-04 -4.16407000e-03 -6.65150000e-04 -2.00263000e-03 -2.29100000e-05 4.70020000e-04 2.34475000e-03 1.13196000e-03 1.63933000e-03 -2.41345000e-03 -9.24820000e-04 -7.32360000e-04 -1.53474000e-03 -5.12406000e-03 -5.30496000e-03 -4.13840000e-04 -4.05567000e-03 3.03457000e-03 7.49462000e-03 1.44133000e-03 7.62710000e-04 2.83170000e-03 3.73405000e-03 -3.15900000e-03 2.35433000e-03 -6.26020000e-04 -9.08500000e-04 3.24527000e-03 7.49892000e-03 -3.64172000e-03 -6.17940000e-04 1.87754000e-03 -1.40474000e-03 -2.80415000e-03 -1.08600000e-05 6.78995000e-03 3.31171000e-03 -3.21674000e-03 -1.96312000e-03 2.07207000e-03 5.13624000e-03 3.03765000e-03 -5.43000000e-05 -2.30500000e-05 2.42148000e-03 -1.26278000e-03
1.14020000e-04 3.04570000e-04 -6.22800000e-05 7.42900000e-05 5.39500000e-04 1.07529000e-03 3.05200000e-05 -1.52230000e-04 -3.17400000e-05 1.35560000e-04 -2.96040000e-04 -1.74210000e-04 3.13340000e-04 2.59500000e-05 4.94300000e-05 -2.08200000e-05 1.64520000e-04 -3.84370000e-04 3.03470000e-04 2.49350000e-04 2.20720000e-04 5.86380000e-04 3.33660000e-04 1.46570000e-04 8.98430000e-04 -4.10010000e-04 6.04200000e-05 1.09950000e-04 -9.13300000e-05 -2.69600000e-05 -4.80370000e-04 1.07000000e-04 -3.70900000e-04 2.02560000e-04 -1.24480000e-04 -5.05680000e-04 3.64350000e-04 -5.05600000e-05 -1.17680000e-04 1.20698200e-02 -1.04530000e-04 -1.86250000e-04 1.44870000e-04 5.02080000e-04 4.68200000e-05 -3.02530000e-04 1.53560000e-04 2.70110000e-04 2.45930000e-04 -5.38400000e-05 1.40370000e-04 -1.56530000e-04 -4.84980000e-04 1.00840000e-04 -6.12800000e-05 -1.28200000e-04 -3.54590000e-04 -7.17900000e-05 6.61200000e-05 1.00610000e-04 -1.11220000e-04 -1.17880000e-04 1.87390000e-04 1.99140000e-04 9.40700000e-05 3.66650000e-04 -3.05040000e-04 3.35360000e-04 -1.39550000e-04 -8.72200000e-05 2.29920000e-04 4.57000000e-05 -2.54280000e-04 1.73080000e-04 2.00410000e-04 2.42410000e-04 -6.01800000e-05 -1.53460000e-04 -1.98470000e-04 -1.25280000e-04 -8.39200000e-05 -1.31600000e-04 4.93600000e-05 -1.92190000e-04 2.76460000e-04 -2.08210000e-04 1.32840000e-04 6.99670000e-04 6.50150000e-04 1.76850000e-04 -2.66710000e-04 -5.33110000e-04 -1.28860000e-04 -1.27750000e-04 -4.90300000e-05 8.95000000e-06 4.43280000e-04 4.26840000e-04 -1.37150000e-04 -2.44620000e-04 -5.32530000e-04 -3.29800000e-05 -1.07380000e-04 -6.81100000e-05 6.19210000e-04 -7.86100000e-05 -1.87550000e-04 6.90000000e-06 2.74600000e-05 -2.86790000e-04 -1.83900000e-05 -4.84330000e-04 1.27800000e-05 -2.86000000e-05 6.14300000e-05 -4.23030000e-04 3.15000000e-05
4.34700000e-05 -1.93920000e-04 3.01380000e-04 -6.04900000e-05 -1.44870000e-04 -1.40232000e-03 -4.21500000e-05 1.80430000e-04 1.75160000e-04 -6.67600000e-05 1.11010000e-04 3.05200000e-04 -3.38310000e-04 2.36600000e-05 -1.58330000e-04 1.83990000e-04 -1.18180000e-04 5.06960000e-04 -5.38700000e-05 -4.54880000e-04 -1.60040000e-04 -1.06796000e-03 -2.13570000e-04 -5.80900000e-05 -2.88940000e-04 4.72200000e-04 -4.31800000e-05 1.48340000e-04 9.66300000e-05 4.34600000e-05 -1.17030000e-04 -6.37200000e-05 5.37290000e-04 2.85820000e-04 1.50510000e-04 4.83610000e-04 -2.58220000e-04 3.05370000e-04 6.10350000e-04 -1.04530000e-04 1.16434500e-02 5.00400000e-05 1.30290000e-04 -7.94740000e-04 -3.40300000e-05 1.03820000e-04 9.99100000e-05 4.05700000e-05 4.32590000e-04 -1.77500000e-05 -2.59000000e-05 3.40210000e-04 3.23510000e-04 4.78520000e-04 -3.88500000e-05 3.28220000e-04 1.52600000e-04 6.78900000e-05 -4.15800000e-05 3.25500000e-05 2.39830000e-04 5.78180000e-04 -1.83050000e-04 2.11890000e-04 6.98100000e-05 1.68110000e-04 -1.86710000e-04 7.02180000e-04 -1.14410000e-04 2.49530000e-04 -8.11600000e-05 -4.51000000e-05 -9.62100000e-05 -7.25400000e-05 -2.71920000e-04 -1.52790000e-04 1.60810000e-04 3.44440000e-04 2.18420000e-04 3.71750000e-04 5.75000000e-06 4.97400000e-05 -5.28100000e-05 1.21510000e-04 -5.04190000e-04 -3.27430000e-04 -1.12440000e-04 -9.40470000e-04 1.31900000e-05 6.01380000e-04 3.28870000e-04 3.71540000e-04 3.39790000e-04 4.51810000e-04 -3.17110000e-04 2.71220000e-04 -2.31150000e-04 -3.10350000e-04 3.15420000e-04 8.05950000e-04 -3.52000000e-06 -1.77150000e-04 3.36570000e-04 1.03190000e-04 -5.16110000e-04 1.69820000e-04 7.49260000e-04 3.00330000e-04 -1.72470000e-04 1.34100000e-04 2.56610000e-04 8.63530000e-04 2.99100000e-04 8.31300000e-05 3.12900000e-05 3.67790000e-04 3.11100000e-05
-4.39970000e-04 -3.65000000e-04 -5.31850000e-04 2.70980000e-04 -6.41650000e-04 5.44950000e-04 4.12960000e-04 -2.89000000e-06 3.04170000e-04 -5.35600000e-05 6.68870000e-04 1.90460000e-04 4.23780000e-04 5.88100000e-05 7.21450000e-04 -4.61870000e-04 -2.59700000e-05 -3.65300000e-05 -4.43010000e-04 -3.17900000e-05 -6.92400000e-05 9.57970000e-04 -3.33090000e-04 -1.03070000e-04 -1.56637000e-03 2.96080000e-04 -3.83300000e-05 -1.77020000e-04 5.43190000e-04 2.44210000e-04 1.61868000e-03 1.56580000e-04 -6.07700000e-04 -1.12575000e-03 -8.45000000e-06 9.66600000e-05 -4.37370000e-04 -1.43430000e-04 -1.13568000e-03 -1.86250000e-04 5.00400000e-05 1.72218000e-02 -3.57750000e-04 4.00970000e-04 4.18840000e-04 1.04974000e-03 -3.02040000e-04 -1.04258000e-03 -1.82557000e-03 4.00120000e-04 -1.86180000e-04 -3.91160000e-04 6.44890000e-04 -6.93200000e-04 6.04790000e-04 2.06000000e-06 7.66490000e-04 7.99500000e-05 2.84240000e-04 1.03950000e-04 -1.44580000e-04 -1.32046000e-03 -2.30350000e-04 -9.04500000e-04 -1.61900000e-05 -1.40581000e-03 1.42952000e-03 -3.28079000e-03 8.07060000e-04 4.67860000e-04 -3.46110000e-04 2.66650000e-04 1.46801000e-03 1.19160000e-04 4.05940000e-04 -1.88900000e-04 1.98600000e-05 -3.83990000e-04 -5.10900000e-05 -1.71010000e-04 8.90820000e-04 4.77820000e-04 1.04480000e-04 7.06140000e-04 1.21084000e-03 1.60987000e-03 3.15100000e-05 2.74410000e-04 -1.23339000e-03 -2.04838000e-03 -6.46800000e-05 3.20740000e-04 -5.68720000e-04 -8.53570000e-04 8.19270000e-04 -5.72630000e-04 -1.93230000e-04 -1.12870000e-04 -7.88350000e-04 -1.74030000e-03 1.50040000e-03 4.04700000e-05 -3.20180000e-04 5.82550000e-04 2.19220000e-04 1.90940000e-04 -1.57914000e-03 -8.86000000e-04 8.77020000e-04 9.12490000e-04 -4.44050000e-04 -6.48700000e-04 -7.79580000e-04 1.11560000e-04 -1.88100000e-05 -2.41080000e-04 4.30250000e-04
1.96510000e-04 3.72760000e-04 9.03490000e-04 -6.11900000e-05 8.91470000e-04 -1.13097000e-03 -2.33330000e-04 1.36860000e-04 1.02030000e-04 2.68830000e-04 -4.92910000e-04 1.18390000e-04 -6.89050000e-04 2.37040000e-04 -8.27790000e-04 7.40490000e-04 -1.19600000e-04 2.60680000e-04 7.77080000e-04 -4.42980000e-04 1.26640000e-04 -1.50548000e-03 3.07340000e-04 2.19620000e-04 1.39759000e-03 -6.79740000e-04 -3.06000000e-06 5.31900000e-04 -2.95500000e-04 -6.91500000e-05 -1.49593000e-03 8.14500000e-05 7.09470000e-04 1.35757000e-03 2.62450000e-04 1.09830000e-04 3.25060000e-04 3.37650000e-04 1.33303000e-03 1.44870000e-04 1.30290000e-04 -3.57750000e-04 1.24101500e-02 -7.52850000e-04 -2.91160000e-04 -8.87660000e-04 5.92450000e-04 1.06479000e-03 2.25626000e-03 -2.42300000e-04 4.29940000e-04 7.13870000e-04 -3.12660000e-04 1.24350000e-03 -5.39580000e-04 2.95020000e-04 -4.96070000e-04 2.14630000e-04 -2.50430000e-04 -7.21000000e-06 4.34930000e-04 1.54965000e-03 9.83800000e-05 1.08633000e-03 3.72110000e-04 1.60361000e-03 -1.44070000e-03 3.44354000e-03 -7.59820000e-04 -1.59190000e-04 5.06800000e-05 -6.62900000e-05 -1.30060000e-03 -1.71870000e-04 -2.49530000e-04 1.73710000e-04 2.49000000e-04 7.38700000e-04 3.72780000e-04 3.64000000e-04 -6.49640000e-04 -2.48450000e-04 -1.81590000e-04 -5.06230000e-04 -1.39607000e-03 -1.69636000e-03 -9.33900000e-05 -6.69460000e-04 1.07104000e-03 2.60332000e-03 2.61430000e-04 -1.61300000e-04 9.49270000e-04 7.09920000e-04 -9.36140000e-04 5.34530000e-04 1.20460000e-04 1.50700000e-04 6.38880000e-04 1.85267000e-03 -1.18993000e-03 -6.58470000e-04 3.96850000e-04 -4.11560000e-04 -3.68310000e-04 4.54000000e-06 1.70696000e-03 8.68610000e-04 -8.44250000e-04 -6.95560000e-04 5.22260000e-04 1.46454000e-03 9.35110000e-04 3.28700000e-05 -3.21200000e-05 2.19770000e-04 -2.07790000e-04
-3.72590000e-04 4.71310000e-04 -2.12235000e-03 9.52540000e-04 2.94840000e-04 7.64428000e-03 6.97940000e-04 -1.11875000e-03 -4.78740000e-04 1.88440000e-04 2.37030000e-04 -7.75420000e-04 2.22429000e-03 -1.37290000e-04 1.81691000e-03 -1.23741000e-03 7.05770000e-04 -2.04576000e-03 7.62900000e-05 2.70026000e-03 5.95620000e-04 6.36931000e-03 5.51270000e-04 1.10240000e-04 8.90600000e-05 -1.90309000e-03 1.44210000e-04 -5.14520000e-04 3.07990000e-04 2.22920000e-04 2.81447000e-03 7.57610000e-04 -3.14181000e-03 -2.42704000e-03 -8.82150000e-04 -1.96256000e-03 6.89000000e-04 -1.17970000e-03 -3.81685000e-03 5.02080000e-04 -7.94740000e-04 4.00970000e-04 -7.52850000e-04 4.66542400e-02 7.75190000e-04 1.04895000e-03 -6.07730000e-04 -1.29302000e-03 -3.68710000e-03 5.50880000e-04 -1.42890000e-04 -2.00895000e-03 -8.53850000e-04 -3.13179000e-03 1.07517000e-03 -1.24249000e-03 1.42340000e-04 -3.71060000e-04 6.05290000e-04 -2.60030000e-04 -1.33829000e-03 -4.01522000e-03 2.61660000e-04 -1.82260000e-03 -8.64000000e-05 -2.21083000e-03 2.81749000e-03 -6.84911000e-03 1.54962000e-03 -1.32330000e-04 1.73170000e-04 8.51640000e-04 2.46883000e-03 8.24150000e-04 2.12555000e-03 4.83280000e-04 -6.34140000e-04 -2.08175000e-03 -1.13742000e-03 -1.55098000e-03 1.58350000e-03 3.63480000e-04 5.21480000e-04 6.05370000e-04 4.35873000e-03 3.69376000e-03 5.41670000e-04 5.46590000e-03 -9.99500000e-04 -4.84933000e-03 -1.54903000e-03 -1.38533000e-03 -2.16726000e-03 -2.68813000e-03 2.77358000e-03 -1.54783000e-03 9.14580000e-04 1.23083000e-03 -2.01701000e-03 -5.78914000e-03 1.79721000e-03 9.60820000e-04 -1.50733000e-03 5.23660000e-04 2.78179000e-03 -2.92530000e-04 -5.22431000e-03 -2.46965000e-03 2.14345000e-03 6.65710000e-04 -1.46595000e-03 -4.58521000e-03 -2.26191000e-03 -4.30000000e-05 1.79960000e-04 -1.67813000e-03 6.47910000e-04
-2.41010000e-04 -1.35460000e-04 -6.32960000e-04 3.06040000e-04 -2.72570000e-04 1.41564000e-03 4.78300000e-04 -1.45360000e-04 2.30440000e-04 2.94600000e-05 5.07190000e-04 5.56200000e-05 7.77660000e-04 7.74400000e-05 1.00725000e-03 -5.33170000e-04 1.69340000e-04 -2.83240000e-04 -2.46430000e-04 9.82000000e-05 8.20300000e-05 1.34574000e-03 -9.08200000e-05 -6.57000000e-06 -9.52700000e-04 -2.80630000e-04 5.96600000e-05 -1.35500000e-04 5.32090000e-04 1.96970000e-04 9.49650000e-04 2.40410000e-04 -9.43130000e-04 -1.07868000e-03 -1.62820000e-04 -3.38510000e-04 -1.42820000e-04 -1.86940000e-04 -1.25236000e-03 4.68200000e-05 -3.40300000e-05 4.18840000e-04 -2.91160000e-04 7.75190000e-04 1.45542700e-02 7.73580000e-04 -2.58030000e-04 -8.98020000e-04 -1.82903000e-03 3.87410000e-04 -1.02550000e-04 -5.39320000e-04 2.62990000e-04 -6.90200000e-04 5.77620000e-04 -1.29000000e-04 4.90480000e-04 -3.36400000e-05 3.69240000e-04 2.30790000e-04 -1.73400000e-04 -1.57242000e-03 -1.53240000e-04 -7.97200000e-04 3.29000000e-06 -1.22686000e-03 1.28025000e-03 -3.28789000e-03 6.92980000e-04 3.62740000e-04 -1.33130000e-04 2.97170000e-04 1.17674000e-03 2.78890000e-04 5.61960000e-04 -4.45300000e-05 -6.67000000e-05 -5.12950000e-04 -3.07800000e-04 -2.92450000e-04 8.18090000e-04 3.69670000e-04 5.12480000e-04 5.46990000e-04 1.42005000e-03 1.44504000e-03 9.17100000e-05 7.96960000e-04 -7.75140000e-04 -2.11785000e-03 -3.30180000e-04 -6.50600000e-05 -7.07320000e-04 -9.16980000e-04 8.96320000e-04 -5.36370000e-04 1.93050000e-04 2.67150000e-04 -1.01439000e-03 -1.98274000e-03 1.23164000e-03 1.48400000e-04 -3.86480000e-04 6.69180000e-04 7.86390000e-04 1.56680000e-04 -1.75709000e-03 -8.96840000e-04 1.00239000e-03 7.91570000e-04 -4.48970000e-04 -1.00784000e-03 -8.21370000e-04 1.14670000e-04 3.74500000e-05 -3.87730000e-04 4.88350000e-04
-9.65460000e-04 -9.28870000e-04 -1.37089000e-03 5.74820000e-04 -1.57049000e-03 1.50662000e-03 6.89990000e-04 -1.03000000e-06 6.08190000e-04 -3.22680000e-04 1.32551000e-03 3.86210000e-04 8.90470000e-04 -1.10420000e-04 1.54659000e-03 -1.17326000e-03 -9.39800000e-05 -9.67400000e-05 -1.09910000e-03 1.35700000e-04 -2.70540000e-04 2.52402000e-03 -8.59030000e-04 -3.09290000e-04 -3.61524000e-03 1.06397000e-03 -2.49830000e-04 -5.06770000e-04 1.04969000e-03 5.06590000e-04 3.78268000e-03 2.68020000e-04 -1.29222000e-03 -2.51811000e-03 -1.98720000e-04 2.17470000e-04 -1.03733000e-03 -3.39350000e-04 -2.53890000e-03 -3.02530000e-04 1.03820000e-04 1.04974000e-03 -8.87660000e-04 1.04895000e-03 7.73580000e-04 4.10974400e-02 -7.28990000e-04 -2.26416000e-03 -4.22785000e-03 7.08920000e-04 -6.29950000e-04 -1.00196000e-03 1.21023000e-03 -1.57123000e-03 1.34996000e-03 -1.34600000e-04 1.54326000e-03 1.21200000e-05 4.71910000e-04 2.04380000e-04 -5.29350000e-04 -2.85479000e-03 -4.61520000e-04 -2.04540000e-03 -1.11560000e-04 -3.13169000e-03 3.15303000e-03 -7.19436000e-03 1.75361000e-03 1.02636000e-03 -7.55370000e-04 5.36790000e-04 3.26769000e-03 2.31750000e-04 7.74420000e-04 -4.37660000e-04 -4.29800000e-05 -1.05880000e-03 -2.74530000e-04 -3.58540000e-04 2.02797000e-03 9.11590000e-04 1.49110000e-04 1.61018000e-03 2.92303000e-03 3.62761000e-03 -3.23400000e-05 7.28980000e-04 -2.57173000e-03 -4.64881000e-03 -1.83210000e-04 6.14550000e-04 -1.46648000e-03 -1.79838000e-03 1.75418000e-03 -1.22181000e-03 -3.45970000e-04 -3.13790000e-04 -1.57397000e-03 -3.81814000e-03 2.91003000e-03 1.25020000e-04 -7.10150000e-04 1.18621000e-03 6.16270000e-04 3.32910000e-04 -3.43877000e-03 -1.86973000e-03 1.82572000e-03 1.87511000e-03 -1.09075000e-03 -1.77038000e-03 -1.69075000e-03 1.51720000e-04 -8.03800000e-05 -7.85020000e-04 7.88160000e-04
6.18000000e-05 3.29110000e-04 8.28070000e-04 -8.43000000e-06 8.26540000e-04 -8.94860000e-04 -1.98480000e-04 1.16320000e-04 1.80210000e-04 3.00710000e-04 -4.30920000e-04 9.54600000e-05 -5.88350000e-04 2.51140000e-04 -6.78630000e-04 6.32730000e-04 -1.47740000e-04 1.49640000e-04 7.03790000e-04 -3.83330000e-04 2.22390000e-04 -1.21091000e-03 2.90550000e-04 2.08550000e-04 1.20430000e-03 -6.12900000e-04 -4.44300000e-05 5.00900000e-04 -2.43380000e-04 3.82000000e-06 -1.28187000e-03 1.21760000e-04 5.10140000e-04 1.16495000e-03 3.58640000e-04 2.22400000e-05 2.63720000e-04 2.46910000e-04 1.01196000e-03 1.53560000e-04 9.99100000e-05 -3.02040000e-04 5.92450000e-04 -6.07730000e-04 -2.58030000e-04 -7.28990000e-04 1.28317300e-02 9.48620000e-04 1.98107000e-03 -2.03110000e-04 4.42220000e-04 6.02450000e-04 -2.84790000e-04 1.12165000e-03 -4.33050000e-04 2.39750000e-04 -4.31180000e-04 2.16270000e-04 -2.28460000e-04 2.64600000e-05 3.76010000e-04 1.30719000e-03 2.26660000e-04 9.15200000e-04 4.22460000e-04 1.34436000e-03 -1.20905000e-03 2.95985000e-03 -5.93320000e-04 -1.34210000e-04 -4.93400000e-05 -1.02100000e-05 -1.05491000e-03 -1.81860000e-04 -1.65340000e-04 2.12300000e-04 2.76210000e-04 6.31540000e-04 3.22080000e-04 2.75100000e-04 -5.21730000e-04 -2.06360000e-04 -2.08260000e-04 -4.13360000e-04 -1.15484000e-03 -1.42555000e-03 8.88000000e-06 -5.44150000e-04 8.46990000e-04 2.25539000e-03 2.40530000e-04 -2.04580000e-04 8.02620000e-04 4.78420000e-04 -8.24890000e-04 3.66760000e-04 1.43470000e-04 1.74640000e-04 4.09320000e-04 1.43894000e-03 -1.00461000e-03 -7.08060000e-04 2.81330000e-04 -3.34800000e-04 -2.35130000e-04 1.61600000e-05 1.32866000e-03 6.84840000e-04 -6.68610000e-04 -6.00180000e-04 3.86410000e-04 1.18941000e-03 7.75610000e-04 -4.31000000e-06 -3.96800000e-05 -1.36800000e-05 -1.52540000e-04
7.62690000e-04 8.95090000e-04 1.64447000e-03 -5.16170000e-04 1.57590000e-03 -2.12556000e-03 -7.81020000e-04 9.40400000e-05 -3.90510000e-04 3.10970000e-04 -1.34728000e-03 -1.62840000e-04 -1.29436000e-03 1.40200000e-04 -1.86482000e-03 1.30915000e-03 -5.13400000e-05 3.49110000e-04 1.21981000e-03 -3.15660000e-04 2.70710000e-04 -2.78406000e-03 7.88080000e-04 3.66250000e-04 3.26676000e-03 -9.47200000e-04 9.12800000e-05 7.13880000e-04 -1.05876000e-03 -4.01410000e-04 -3.39768000e-03 -2.25080000e-04 1.66591000e-03 2.83345000e-03 3.63770000e-04 5.99300000e-05 9.30790000e-04 4.88870000e-04 2.84874000e-03 2.70110000e-04 4.05700000e-05 -1.04258000e-03 1.06479000e-03 -1.29302000e-03 -8.98020000e-04 -2.26416000e-03 9.48620000e-04 1.82453700e-02 4.53228000e-03 -7.39020000e-04 6.90990000e-04 1.22082000e-03 -1.09992000e-03 2.16964000e-03 -1.37146000e-03 2.54300000e-04 -1.46348000e-03 1.03610000e-04 -6.18590000e-04 -3.16390000e-04 5.54080000e-04 3.36909000e-03 4.72060000e-04 2.23398000e-03 3.11970000e-04 3.48737000e-03 -3.32478000e-03 7.83708000e-03 -1.80494000e-03 -8.88520000e-04 5.58130000e-04 -4.97420000e-04 -3.15492000e-03 -3.40940000e-04 -9.42080000e-04 4.73320000e-04 2.07710000e-04 1.20351000e-03 5.51390000e-04 5.71900000e-04 -1.90587000e-03 -8.65270000e-04 -4.66610000e-04 -1.46148000e-03 -3.07848000e-03 -3.77409000e-03 8.86000000e-06 -1.15950000e-03 2.61413000e-03 5.23712000e-03 4.18900000e-04 -4.86070000e-04 1.64483000e-03 1.91702000e-03 -2.09754000e-03 1.32994000e-03 1.57420000e-04 7.76000000e-05 1.84222000e-03 4.16913000e-03 -3.31881000e-03 -5.09560000e-04 8.12880000e-04 -1.32730000e-03 -9.84970000e-04 -2.84730000e-04 3.75554000e-03 1.98122000e-03 -2.12301000e-03 -1.97998000e-03 1.11741000e-03 2.14936000e-03 1.88634000e-03 -1.27950000e-04 -9.30000000e-06 5.84530000e-04 -8.94710000e-04
1.58495000e-03 1.39255000e-03 3.92522000e-03 -9.42270000e-04 3.26036000e-03 -6.31863000e-03 -1.59122000e-03 6.51860000e-04 -5.87990000e-04 7.82220000e-04 -2.34656000e-03 1.43260000e-04 -3.24260000e-03 5.01640000e-04 -4.15591000e-03 3.54287000e-03 -3.93100000e-04 1.74021000e-03 2.54505000e-03 -7.50550000e-04 1.89710000e-04 -7.22961000e-03 1.10520000e-03 4.17310000e-04 7.19868000e-03 -4.30090000e-04 4.48500000e-05 1.61215000e-03 -1.82557000e-03 -8.23910000e-04 -6.01739000e-03 -4.53100000e-04 4.26283000e-03 5.91326000e-03 1.20492000e-03 1.02664000e-03 1.22544000e-03 1.37896000e-03 6.21953000e-03 2.45930000e-04 4.32590000e-04 -1.82557000e-03 2.25626000e-03 -3.68710000e-03 -1.82903000e-03 -4.22785000e-03 1.98107000e-03 4.53228000e-03 6.09194100e-02 -1.44704000e-03 1.50586000e-03 3.27608000e-03 -1.39867000e-03 4.07499000e-03 -2.88413000e-03 1.02328000e-03 -2.55209000e-03 5.14630000e-04 -1.26662000e-03 -7.59660000e-04 1.67258000e-03 7.83871000e-03 5.30590000e-04 4.53609000e-03 7.22310000e-04 6.94192000e-03 -6.70505000e-03 1.72756900e-02 -3.66507000e-03 -1.24179000e-03 9.00540000e-04 -8.39440000e-04 -6.39757000e-03 -9.47620000e-04 -1.81432000e-03 4.73760000e-04 7.03770000e-04 3.29446000e-03 1.81440000e-03 1.63556000e-03 -3.65207000e-03 -1.57321000e-03 -1.28561000e-03 -2.70470000e-03 -6.89351000e-03 -7.87908000e-03 -2.01890000e-04 -3.01625000e-03 4.88870000e-03 1.22554900e-02 1.53948000e-03 -1.67030000e-04 4.48527000e-03 4.25234000e-03 -4.34260000e-03 2.77369000e-03 -3.91210000e-04 -1.49930000e-04 4.27870000e-03 9.32741000e-03 -5.36114000e-03 -1.50243000e-03 2.13810000e-03 -2.59434000e-03 -3.08472000e-03 -4.07820000e-04 8.47288000e-03 4.07105000e-03 -4.24354000e-03 -3.66167000e-03 2.35511000e-03 6.36064000e-03 4.13122000e-03 -2.75060000e-04 1.22580000e-04 1.94927000e-03 -1.42726000e-03
-3.01800000e-04 -1.44680000e-04 -4.64750000e-04 2.51900000e-04 -3.06770000e-04 8.81680000e-04 3.67810000e-04 -8.54100000e-05 1.98840000e-04 3.16100000e-05 4.62310000e-04 7.08800000e-05 4.84040000e-04 8.28900000e-05 6.53660000e-04 -3.86230000e-04 6.75300000e-05 -2.10740000e-04 -2.31720000e-04 8.23000000e-05 4.23500000e-05 1.00347000e-03 -1.23300000e-04 -1.79300000e-05 -9.21090000e-04 -9.06600000e-05 3.30800000e-05 -1.05140000e-04 4.14060000e-04 1.86580000e-04 1.06512000e-03 1.84620000e-04 -6.88820000e-04 -8.62670000e-04 -6.06200000e-05 -1.49960000e-04 -1.76170000e-04 -1.66920000e-04 -1.01093000e-03 -5.38400000e-05 -1.77500000e-05 4.00120000e-04 -2.42300000e-04 5.50880000e-04 3.87410000e-04 7.08920000e-04 -2.03110000e-04 -7.39020000e-04 -1.44704000e-03 1.89387300e-02 -7.64600000e-05 -3.86120000e-04 3.33180000e-04 -5.58530000e-04 4.74770000e-04 -7.42000000e-05 4.93010000e-04 4.30800000e-05 2.60280000e-04 1.11320000e-04 -1.42830000e-04 -1.19546000e-03 -1.20560000e-04 -6.71230000e-04 1.66900000e-05 -1.02217000e-03 1.07237000e-03 -2.67607000e-03 6.23490000e-04 2.97910000e-04 -1.82920000e-04 2.57680000e-04 1.06903000e-03 1.65470000e-04 4.18360000e-04 -5.88000000e-05 -1.38400000e-05 -3.76520000e-04 -1.35000000e-04 -2.31060000e-04 6.55980000e-04 3.49860000e-04 2.19300000e-04 4.82100000e-04 1.06709000e-03 1.22586000e-03 6.71600000e-05 5.23390000e-04 -7.81130000e-04 -1.66830000e-03 -1.77380000e-04 5.22700000e-05 -5.15610000e-04 -7.74790000e-04 6.83610000e-04 -4.79870000e-04 7.19000000e-06 7.54900000e-05 -7.43890000e-04 -1.54436000e-03 1.04388000e-03 5.84700000e-05 -3.23980000e-04 4.63770000e-04 4.25800000e-04 1.24050000e-04 -1.39180000e-03 -7.29250000e-04 7.44600000e-04 6.48520000e-04 -3.86260000e-04 -7.45950000e-04 -6.57140000e-04 9.39000000e-05 5.00000000e-08 -3.06690000e-04 3.58080000e-04
4.65400000e-05 4.40880000e-04 5.75700000e-04 4.70500000e-05 8.47410000e-04 -1.54660000e-04 -4.57500000e-05 8.34000000e-06 1.02780000e-04 3.77570000e-04 -3.29760000e-04 -4.86200000e-05 -2.37250000e-04 2.91890000e-04 -3.89910000e-04 5.02000000e-04 -2.14600000e-05 -1.45040000e-04 6.48640000e-04 -9.24700000e-05 3.08470000e-04 -5.50150000e-04 3.96650000e-04 2.26960000e-04 1.30713000e-03 -7.54790000e-04 3.90500000e-05 3.89930000e-04 -1.62880000e-04 9.36000000e-06 -1.04153000e-03 1.77100000e-04 1.10300000e-04 7.79430000e-04 2.64240000e-04 -2.73650000e-04 3.86470000e-04 5.75400000e-05 4.44060000e-04 1.40370000e-04 -2.59000000e-05 -1.86180000e-04 4.29940000e-04 -1.42890000e-04 -1.02550000e-04 -6.29950000e-04 4.42220000e-04 6.90990000e-04 1.50586000e-03 -7.64600000e-05 2.03576400e-02 3.61610000e-04 -3.48980000e-04 6.83590000e-04 -2.86460000e-04 2.92300000e-05 -3.99240000e-04 2.04700000e-04 -9.29800000e-05 -1.19700000e-05 2.72300000e-04 7.05380000e-04 2.29740000e-04 6.35290000e-04 3.12570000e-04 1.02382000e-03 -8.59380000e-04 1.91407000e-03 -3.43660000e-04 -2.36200000e-04 2.20600000e-05 8.65800000e-05 -8.42660000e-04 -8.32600000e-05 5.56600000e-05 2.33340000e-04 1.69500000e-04 4.09640000e-04 2.05080000e-04 8.94000000e-06 -4.63190000e-04 -1.72630000e-04 -1.59300000e-04 -3.95060000e-04 -7.46280000e-04 -1.02143000e-03 9.22500000e-05 2.92800000e-05 6.40280000e-04 1.55000000e-03 3.30800000e-05 -3.51900000e-04 5.72340000e-04 1.33090000e-04 -4.86890000e-04 1.38080000e-04 1.95730000e-04 3.16840000e-04 1.40870000e-04 6.67530000e-04 -6.40350000e-04 -4.44950000e-04 8.11700000e-05 -2.57970000e-04 3.27000000e-05 -5.21800000e-05 6.15150000e-04 3.32120000e-04 -3.37200000e-04 -4.96390000e-04 1.79130000e-04 5.40870000e-04 4.17720000e-04 -4.55000000e-06 5.72000000e-06 -1.61160000e-04 -1.86300000e-05
3.78210000e-04 1.12060000e-04 1.46816000e-03 -3.57260000e-04 5.16990000e-04 -3.40929000e-03 -4.64590000e-04 5.06830000e-04 2.04600000e-05 1.17230000e-04 -4.22080000e-04 3.25960000e-04 -1.36557000e-03 1.94470000e-04 -1.38393000e-03 1.13827000e-03 -3.19280000e-04 1.08425000e-03 5.40370000e-04 -9.51440000e-04 -1.45990000e-04 -3.20858000e-03 1.28900000e-05 9.43200000e-05 1.12597000e-03 4.06810000e-04 -5.42800000e-05 5.32980000e-04 -3.60870000e-04 -1.99270000e-04 -1.69656000e-03 -2.26430000e-04 1.84708000e-03 1.83227000e-03 5.44310000e-04 9.37540000e-04 -9.47000000e-06 6.23460000e-04 2.33744000e-03 -1.56530000e-04 3.40210000e-04 -3.91160000e-04 7.13870000e-04 -2.00895000e-03 -5.39320000e-04 -1.00196000e-03 6.02450000e-04 1.22082000e-03 3.27608000e-03 -3.86120000e-04 3.61610000e-04 1.94279900e-02 1.37190000e-04 1.75335000e-03 -8.43000000e-04 6.11660000e-04 -3.66620000e-04 2.86260000e-04 -4.17370000e-04 -7.16900000e-05 7.80290000e-04 2.76411000e-03 -1.92400000e-05 1.38752000e-03 2.59940000e-04 1.97430000e-03 -1.98787000e-03 5.34036000e-03 -1.14850000e-03 -8.86000000e-05 2.67600000e-05 -3.45520000e-04 -1.77845000e-03 -4.66340000e-04 -8.83140000e-04 -4.07200000e-05 3.84520000e-04 1.32830000e-03 8.14910000e-04 7.84120000e-04 -9.93750000e-04 -2.80160000e-04 -4.68720000e-04 -5.91890000e-04 -2.47638000e-03 -2.45138000e-03 -2.42950000e-04 -2.12894000e-03 1.15590000e-03 3.90366000e-03 8.59120000e-04 5.31480000e-04 1.60579000e-03 1.54145000e-03 -1.56675000e-03 9.61790000e-04 -4.18040000e-04 -3.76350000e-04 1.41065000e-03 3.41042000e-03 -1.38464000e-03 -7.02610000e-04 8.50030000e-04 -6.08610000e-04 -1.47106000e-03 5.44700000e-05 3.10080000e-03 1.43478000e-03 -1.49320000e-03 -8.18270000e-04 8.73080000e-04 2.88117000e-03 1.46029000e-03 -1.67200000e-05 -1.04850000e-04 9.47650000e-04 -4.58690000e-04
-4.47940000e-04 -7.98650000e-04 -9.53600000e-05 8.56200000e-05 -1.19676000e-03 -1.61648000e-03 2.62220000e-04 3.82530000e-04 3.87970000e-04 -2.55790000e-04 9.21640000e-04 5.11250000e-04 -2.46000000e-04 2.03900000e-05 3.22270000e-04 -2.40900000e-04 -3.07840000e-04 7.80150000e-04 -7.27100000e-04 -7.77250000e-04 -4.04780000e-04 -6.26260000e-04 -7.82010000e-04 -2.56140000e-04 -2.48742000e-03 1.20497000e-03 -1.15880000e-04 -1.55470000e-04 6.14230000e-04 2.18000000e-04 1.76534000e-03 -6.02600000e-05 3.12440000e-04 -8.50110000e-04 2.48020000e-04 1.02877000e-03 -9.50630000e-04 1.57010000e-04 -2.79880000e-04 -4.84980000e-04 3.23510000e-04 6.44890000e-04 -3.12660000e-04 -8.53850000e-04 2.62990000e-04 1.21023000e-03 -2.84790000e-04 -1.09992000e-03 -1.39867000e-03 3.33180000e-04 -3.48980000e-04 1.37190000e-04 1.71043400e-02 -1.92280000e-04 4.65640000e-04 4.51410000e-04 1.14905000e-03 1.78050000e-04 1.33340000e-04 1.95450000e-04 1.80110000e-04 -4.32700000e-04 -4.30680000e-04 -7.56300000e-04 -1.90600000e-05 -1.40090000e-03 1.26493000e-03 -2.26023000e-03 5.82140000e-04 7.47280000e-04 -5.65720000e-04 6.20700000e-05 1.43308000e-03 -1.62350000e-04 -1.15970000e-04 -4.61180000e-04 2.15260000e-04 1.20240000e-04 3.18400000e-04 2.85250000e-04 8.42200000e-04 6.21930000e-04 -3.45000000e-06 8.59000000e-04 4.37940000e-04 1.26910000e-03 -1.98520000e-04 -1.28548000e-03 -1.46746000e-03 -1.27457000e-03 5.08670000e-04 1.11849000e-03 -8.79100000e-05 -2.61660000e-04 3.90750000e-04 -2.73490000e-04 -6.64580000e-04 -6.47350000e-04 -3.37810000e-04 -4.70160000e-04 1.62296000e-03 -2.25180000e-04 5.83400000e-05 6.38550000e-04 -6.91930000e-04 3.97240000e-04 -4.27170000e-04 -4.20190000e-04 4.12300000e-04 1.12623000e-03 -1.33960000e-04 8.33570000e-04 -3.26820000e-04 1.52820000e-04 -1.47810000e-04 4.41090000e-04 2.77850000e-04
1.59040000e-04 4.18610000e-04 2.14350000e-03 -5.34130000e-04 1.16454000e-03 -4.76340000e-03 -5.66860000e-04 7.94360000e-04 5.04420000e-04 2.65890000e-04 -8.63780000e-04 4.43690000e-04 -1.79909000e-03 3.88550000e-04 -1.86300000e-03 1.27434000e-03 -5.36470000e-04 1.08269000e-03 9.70910000e-04 -2.19992000e-03 4.22100000e-05 -4.37993000e-03 2.90920000e-04 4.33560000e-04 1.42248000e-03 -1.55410000e-04 -1.90840000e-04 9.65700000e-04 -5.19910000e-04 -1.28820000e-04 -3.28330000e-03 -2.84460000e-04 2.29248000e-03 2.88101000e-03 6.72730000e-04 7.80230000e-04 2.37810000e-04 8.92240000e-04 3.16213000e-03 1.00840000e-04 4.78520000e-04 -6.93200000e-04 1.24350000e-03 -3.13179000e-03 -6.90200000e-04 -1.57123000e-03 1.12165000e-03 2.16964000e-03 4.07499000e-03 -5.58530000e-04 6.83590000e-04 1.75335000e-03 -1.92280000e-04 1.57479100e-02 -1.18347000e-03 7.98630000e-04 -7.49780000e-04 4.56120000e-04 -6.23340000e-04 3.51790000e-04 1.05274000e-03 3.73951000e-03 1.50330000e-04 2.24791000e-03 5.42760000e-04 3.43412000e-03 -3.38397000e-03 7.30008000e-03 -1.72738000e-03 -2.25930000e-04 -1.47680000e-04 -5.21740000e-04 -2.64896000e-03 -6.32770000e-04 -1.59873000e-03 1.85890000e-04 6.14930000e-04 1.69624000e-03 1.03721000e-03 1.04531000e-03 -1.55234000e-03 -4.68220000e-04 -4.64410000e-04 -9.43940000e-04 -3.64975000e-03 -3.89192000e-03 -4.06080000e-04 -3.65829000e-03 2.02416000e-03 5.39422000e-03 9.38750000e-04 1.51130000e-04 1.90108000e-03 1.90986000e-03 -2.93167000e-03 1.33668000e-03 -1.15000000e-06 -1.42700000e-04 1.51880000e-03 4.57138000e-03 -3.17930000e-03 -1.50481000e-03 1.01921000e-03 -8.11510000e-04 -1.40557000e-03 9.06500000e-05 4.17580000e-03 2.14467000e-03 -2.18280000e-03 -1.42611000e-03 1.22922000e-03 3.27951000e-03 2.18824000e-03 5.60000000e-05 -2.98370000e-04 3.62800000e-05 -5.65570000e-04
-4.96610000e-04 -3.57410000e-04 -1.01897000e-03 4.41090000e-04 -7.59070000e-04 1.68326000e-03 5.16880000e-04 -2.03870000e-04 3.18270000e-04 -7.36900000e-05 7.51680000e-04 7.85800000e-05 9.23270000e-04 -1.14600000e-05 1.21249000e-03 -8.34350000e-04 7.69100000e-05 -5.25140000e-04 -5.63370000e-04 3.04260000e-04 1.89900000e-05 1.97500000e-03 -3.08000000e-04 -8.09400000e-05 -1.80660000e-03 1.16170000e-04 -3.80100000e-05 -2.85340000e-04 6.29240000e-04 3.58450000e-04 1.78358000e-03 3.12730000e-04 -1.31649000e-03 -1.65161000e-03 -2.12300000e-04 -2.84670000e-04 -3.71210000e-04 -3.41050000e-04 -1.83622000e-03 -6.12800000e-05 -3.88500000e-05 6.04790000e-04 -5.39580000e-04 1.07517000e-03 5.77620000e-04 1.34996000e-03 -4.33050000e-04 -1.37146000e-03 -2.88413000e-03 4.74770000e-04 -2.86460000e-04 -8.43000000e-04 4.65640000e-04 -1.18347000e-03 2.42599500e-02 -2.28040000e-04 7.84540000e-04 -2.43000000e-05 4.00020000e-04 1.50480000e-04 -3.42440000e-04 -2.23406000e-03 -1.91290000e-04 -1.24118000e-03 -2.31300000e-05 -2.00126000e-03 2.04252000e-03 -5.02611000e-03 1.22897000e-03 4.89700000e-04 -3.47750000e-04 4.53750000e-04 1.90101000e-03 2.81630000e-04 7.37410000e-04 -1.54450000e-04 -7.11100000e-05 -8.12630000e-04 -4.53890000e-04 -4.35950000e-04 1.16053000e-03 4.86390000e-04 1.01080000e-04 8.76900000e-04 2.00629000e-03 2.29319000e-03 7.68200000e-05 9.89140000e-04 -1.48449000e-03 -3.32756000e-03 -3.63690000e-04 4.16300000e-05 -1.08542000e-03 -1.28765000e-03 1.32772000e-03 -8.69120000e-04 7.21700000e-05 1.39300000e-05 -1.25731000e-03 -2.79041000e-03 1.83717000e-03 2.66540000e-04 -5.53320000e-04 8.78590000e-04 8.80030000e-04 1.95410000e-04 -2.51121000e-03 -1.24093000e-03 1.40334000e-03 1.17441000e-03 -6.77630000e-04 -1.63828000e-03 -1.21660000e-03 1.18830000e-04 4.15700000e-05 -5.24870000e-04 5.87560000e-04
1.02430000e-04 -2.08830000e-04 5.94780000e-04 -1.25040000e-04 -8.08200000e-05 -2.12015000e-03 -1.08110000e-04 2.79590000e-04 1.50430000e-04 -5.95500000e-05 7.14000000e-05 3.75940000e-04 -6.27860000e-04 6.08300000e-05 -4.53990000e-04 3.76850000e-04 -1.79660000e-04 7.66590000e-04 2.41800000e-05 -7.20200000e-04 -2.00370000e-04 -1.76726000e-03 -2.30680000e-04 -4.80900000e-05 -1.46900000e-04 3.85280000e-04 7.08000000e-06 2.49380000e-04 5.60500000e-05 -3.56000000e-06 -3.80460000e-04 -1.27750000e-04 8.58440000e-04 6.71910000e-04 2.83920000e-04 7.44910000e-04 -2.98280000e-04 4.55250000e-04 1.12275000e-03 -1.28200000e-04 3.28220000e-04 2.06000000e-06 2.95020000e-04 -1.24249000e-03 -1.29000000e-04 -1.34600000e-04 2.39750000e-04 2.54300000e-04 1.02328000e-03 -7.42000000e-05 2.92300000e-05 6.11660000e-04 4.51410000e-04 7.98630000e-04 -2.28040000e-04 1.26213800e-02 1.71340000e-04 1.03410000e-04 -9.90000000e-05 9.33600000e-05 3.93010000e-04 1.10579000e-03 -1.79190000e-04 4.85980000e-04 1.56920000e-04 4.60330000e-04 -5.50720000e-04 1.70232000e-03 -3.99320000e-04 3.00470000e-04 -6.53600000e-05 -1.40420000e-04 -2.97890000e-04 -1.34290000e-04 -4.49530000e-04 -1.48970000e-04 2.58630000e-04 5.98910000e-04 3.94920000e-04 5.79720000e-04 -1.23060000e-04 9.87600000e-05 -3.10500000e-05 1.23000000e-05 -9.78870000e-04 -7.31990000e-04 -1.44090000e-04 -1.41324000e-03 2.43530000e-04 1.35242000e-03 5.24810000e-04 5.41440000e-04 6.35330000e-04 7.33430000e-04 -6.37660000e-04 4.61430000e-04 -2.91500000e-04 -3.86980000e-04 5.12430000e-04 1.57367000e-03 -2.66440000e-04 -3.81430000e-04 4.95070000e-04 1.74200000e-05 -7.91820000e-04 2.49640000e-04 1.45555000e-03 6.35120000e-04 -4.93470000e-04 4.21400000e-05 4.98240000e-04 1.56640000e-03 6.49460000e-04 9.22100000e-05 -1.23300000e-05 6.41940000e-04 -8.26100000e-05
-6.30720000e-04 -7.17200000e-04 -6.24680000e-04 3.14700000e-04 -1.19389000e-03 1.08880000e-04 4.65500000e-04 1.80240000e-04 3.81270000e-04 -2.26000000e-04 1.02857000e-03 3.52020000e-04 2.94870000e-04 5.18000000e-06 8.07360000e-04 -6.23230000e-04 -1.73590000e-04 2.61560000e-04 -7.56860000e-04 -3.44330000e-04 -2.70680000e-04 8.98450000e-04 -6.82470000e-04 -2.00860000e-04 -2.74204000e-03 7.56730000e-04 -9.96500000e-05 -2.69550000e-04 7.44630000e-04 3.06100000e-04 2.42606000e-03 1.25110000e-04 -4.96320000e-04 -1.48255000e-03 2.09600000e-05 5.56570000e-04 -8.25410000e-04 -1.23240000e-04 -1.24995000e-03 -3.54590000e-04 1.52600000e-04 7.66490000e-04 -4.96070000e-04 1.42340000e-04 4.90480000e-04 1.54326000e-03 -4.31180000e-04 -1.46348000e-03 -2.55209000e-03 4.93010000e-04 -3.99240000e-04 -3.66620000e-04 1.14905000e-03 -7.49780000e-04 7.84540000e-04 1.71340000e-04 1.40667200e-02 1.08670000e-04 2.86910000e-04 2.49320000e-04 -1.25100000e-04 -1.50684000e-03 -3.73970000e-04 -1.22299000e-03 -2.70200000e-05 -1.99682000e-03 1.97726000e-03 -4.24225000e-03 9.94780000e-04 7.60770000e-04 -5.94460000e-04 2.70700000e-04 2.12117000e-03 2.48200000e-05 3.33800000e-04 -3.58560000e-04 8.40300000e-05 -4.05730000e-04 2.79300000e-05 -8.87900000e-05 1.25836000e-03 7.54390000e-04 1.28840000e-04 1.06011000e-03 1.50467000e-03 2.20425000e-03 -1.12000000e-04 -1.92720000e-04 -1.78029000e-03 -2.63067000e-03 1.26030000e-04 7.93090000e-04 -6.81800000e-04 -9.85970000e-04 9.93510000e-04 -6.86230000e-04 -3.84410000e-04 -3.39030000e-04 -9.44870000e-04 -1.92065000e-03 2.01756000e-03 -8.66400000e-05 -3.39180000e-04 8.42170000e-04 6.32400000e-05 3.58010000e-04 -1.72883000e-03 -1.00067000e-03 9.51130000e-04 1.35800000e-03 -5.06710000e-04 -3.21330000e-04 -8.69230000e-04 1.62040000e-04 -1.54290000e-04 -1.07700000e-04 4.57630000e-04
-2.19710000e-04 3.21900000e-05 3.50960000e-04 8.43800000e-05 1.90750000e-04 -5.22840000e-04 2.96200000e-05 2.19650000e-04 2.46300000e-04 2.08030000e-04 5.79500000e-05 1.18950000e-04 -2.97100000e-04 2.41800000e-04 -2.44210000e-04 2.77940000e-04 -2.02770000e-04 1.98500000e-05 2.61240000e-04 -3.92640000e-04 6.39100000e-05 -5.09460000e-04 6.56000000e-06 9.05100000e-05 -6.75000000e-06 -1.07740000e-04 -6.95500000e-05 2.44460000e-04 4.32700000e-05 1.09910000e-04 -1.27100000e-04 1.47790000e-04 1.35610000e-04 2.44950000e-04 2.44430000e-04 1.27800000e-04 -4.21200000e-05 3.57800000e-05 1.59350000e-04 -7.17900000e-05 6.78900000e-05 7.99500000e-05 2.14630000e-04 -3.71060000e-04 -3.36400000e-05 1.21200000e-05 2.16270000e-04 1.03610000e-04 5.14630000e-04 4.30800000e-05 2.04700000e-04 2.86260000e-04 1.78050000e-04 4.56120000e-04 -2.43000000e-05 1.03410000e-04 1.08670000e-04 1.31913800e-02 -7.42800000e-05 1.18040000e-04 2.61800000e-04 3.12100000e-04 6.27500000e-05 1.95900000e-04 2.26690000e-04 2.68800000e-04 -1.73510000e-04 4.82770000e-04 4.49000000e-05 3.28700000e-05 -2.96590000e-04 1.09550000e-04 -1.61870000e-04 -1.88080000e-04 3.69300000e-05 -4.04000000e-06 2.03160000e-04 3.50120000e-04 2.34700000e-04 3.34400000e-05 -9.37400000e-05 5.96900000e-05 -1.70320000e-04 1.46700000e-05 -4.15290000e-04 -3.02860000e-04 -8.38300000e-05 -4.34490000e-04 -1.97340000e-04 5.89080000e-04 1.51310000e-04 9.49500000e-05 3.80250000e-04 -9.51900000e-05 -1.65390000e-04 -7.80900000e-05 1.02000000e-06 9.19200000e-05 -3.23300000e-05 2.94790000e-04 1.78220000e-04 -4.64090000e-04 1.42900000e-05 -9.00000000e-08 -1.03780000e-04 5.81000000e-05 2.55960000e-04 1.53600000e-04 -6.17200000e-05 2.05500000e-05 2.53700000e-05 6.06590000e-04 2.36590000e-04 6.22500000e-05 -6.45000000e-05 -9.19600000e-05 1.02010000e-04
-3.31500000e-05 -5.30800000e-05 -4.99010000e-04 1.76330000e-04 -2.10240000e-04 9.88320000e-04 3.26270000e-04 -1.78450000e-04 2.89800000e-05 7.27000000e-06 3.18030000e-04 -1.43900000e-05 6.55660000e-04 9.68000000e-06 7.09940000e-04 -3.91940000e-04 1.97220000e-04 -2.38860000e-04 -2.49090000e-04 2.39850000e-04 7.40600000e-05 9.39230000e-04 -1.01300000e-05 -4.52000000e-06 -4.50240000e-04 -8.64000000e-05 1.10970000e-04 -1.39180000e-04 3.30300000e-04 1.07780000e-04 5.63340000e-04 1.11120000e-04 -6.57680000e-04 -7.48720000e-04 -1.41560000e-04 -2.61560000e-04 -2.69700000e-05 -1.30570000e-04 -8.43280000e-04 6.61200000e-05 -4.15800000e-05 2.84240000e-04 -2.50430000e-04 6.05290000e-04 3.69240000e-04 4.71910000e-04 -2.28460000e-04 -6.18590000e-04 -1.26662000e-03 2.60280000e-04 -9.29800000e-05 -4.17370000e-04 1.33340000e-04 -6.23340000e-04 4.00020000e-04 -9.90000000e-05 2.86910000e-04 -7.42800000e-05 1.20163200e-02 9.62100000e-05 -1.53860000e-04 -1.10015000e-03 -8.46600000e-05 -5.45260000e-04 -6.56900000e-05 -8.70120000e-04 8.57520000e-04 -2.22747000e-03 4.79210000e-04 2.15340000e-04 6.00000000e-05 1.75180000e-04 7.76360000e-04 2.65680000e-04 3.67450000e-04 1.29000000e-06 -8.59400000e-05 -4.01210000e-04 -2.63380000e-04 -2.01720000e-04 5.14110000e-04 2.23500000e-04 2.91810000e-04 3.17800000e-04 9.83040000e-04 1.00039000e-03 1.31710000e-04 6.60530000e-04 -4.08310000e-04 -1.54216000e-03 -2.29680000e-04 -7.27400000e-05 -5.36020000e-04 -5.19650000e-04 6.36610000e-04 -3.22370000e-04 1.14130000e-04 1.31030000e-04 -6.01150000e-04 -1.34653000e-03 7.93790000e-04 3.36130000e-04 -2.28580000e-04 4.30830000e-04 5.13440000e-04 8.47600000e-05 -1.20487000e-03 -5.99250000e-04 7.13890000e-04 4.99720000e-04 -2.50040000e-04 -8.80170000e-04 -6.08260000e-04 6.41300000e-05 9.93000000e-05 -1.38340000e-04 3.13610000e-04
-2.46110000e-04 -1.55650000e-04 -7.06300000e-05 6.90600000e-05 -8.75100000e-05 4.36050000e-04 1.78540000e-04 4.53050000e-04 3.19110000e-04 6.23500000e-05 1.70640000e-04 6.27200000e-05 2.04780000e-04 1.31520000e-04 4.68760000e-04 -2.34100000e-04 -9.92400000e-05 -7.18900000e-05 -4.22000000e-05 -7.20540000e-04 6.33000000e-05 2.74130000e-04 -8.27600000e-05 7.88500000e-05 -7.24360000e-04 -6.22400000e-05 -4.44400000e-05 9.36700000e-05 2.61760000e-04 1.34740000e-04 -3.85900000e-04 9.61100000e-05 -3.02700000e-04 -2.77570000e-04 2.84300000e-05 -1.01750000e-04 -1.43580000e-04 -9.33000000e-06 -2.97210000e-04 1.00610000e-04 3.25500000e-05 1.03950000e-04 -7.21000000e-06 -2.60030000e-04 2.30790000e-04 2.04380000e-04 2.64600000e-05 -3.16390000e-04 -7.59660000e-04 1.11320000e-04 -1.19700000e-05 -7.16900000e-05 1.95450000e-04 3.51790000e-04 1.50480000e-04 9.33600000e-05 2.49320000e-04 1.18040000e-04 9.62100000e-05 1.66491500e-02 1.45100000e-04 -4.91370000e-04 2.32670000e-04 -1.62970000e-04 1.12110000e-04 -4.03420000e-04 2.29750000e-04 -1.01370000e-03 1.58090000e-04 1.81060000e-04 -2.85000000e-04 3.41500000e-05 2.30030000e-04 -1.53700000e-05 7.18800000e-05 1.33900000e-05 8.70700000e-05 9.95000000e-06 -1.57800000e-04 -4.00400000e-05 2.23170000e-04 1.98420000e-04 4.66170000e-04 1.90740000e-04 1.72440000e-04 2.35610000e-04 -1.05620000e-04 -4.39290000e-04 -3.52110000e-04 -6.43580000e-04 -7.54000000e-05 3.80000000e-06 -2.00310000e-04 -4.05620000e-04 9.13300000e-05 -2.38520000e-04 6.25820000e-04 6.26820000e-04 -6.87970000e-04 -2.22080000e-04 4.52860000e-04 -3.66300000e-04 -1.53630000e-04 4.03560000e-04 8.62500000e-04 1.32060000e-04 -1.33880000e-04 1.66260000e-04 3.70180000e-04 3.57270000e-04 -8.48600000e-05 -2.81600000e-05 1.89160000e-04 4.64900000e-05 -9.74700000e-05 -5.16650000e-04 2.38270000e-04
2.13590000e-04 3.48900000e-05 8.72860000e-04 -1.56770000e-04 2.79930000e-04 -2.10130000e-03 -1.47490000e-04 3.33030000e-04 1.68040000e-04 1.71460000e-04 -1.07790000e-04 2.35740000e-04 -6.42920000e-04 2.42740000e-04 -5.25450000e-04 6.31290000e-04 -2.13550000e-04 5.32670000e-04 3.28910000e-04 -8.37010000e-04 -1.67800000e-05 -2.13445000e-03 -2.17000000e-06 9.23800000e-05 4.88320000e-04 9.48800000e-05 7.03000000e-06 3.80110000e-04 -7.48200000e-05 -2.24000000e-05 -1.47273000e-03 -1.34100000e-05 8.79560000e-04 9.39920000e-04 3.97350000e-04 4.87110000e-04 -3.67600000e-05 3.57570000e-04 1.28669000e-03 -1.11220000e-04 2.39830000e-04 -1.44580000e-04 4.34930000e-04 -1.33829000e-03 -1.73400000e-04 -5.29350000e-04 3.76010000e-04 5.54080000e-04 1.67258000e-03 -1.42830000e-04 2.72300000e-04 7.80290000e-04 1.80110000e-04 1.05274000e-03 -3.42440000e-04 3.93010000e-04 -1.25100000e-04 2.61800000e-04 -1.53860000e-04 1.45100000e-04 1.27480900e-02 1.35184000e-03 -3.41000000e-06 7.86820000e-04 2.36170000e-04 9.44520000e-04 -9.84980000e-04 2.61727000e-03 -5.01260000e-04 1.29000000e-06 -9.73900000e-05 -1.15050000e-04 -1.10031000e-03 -2.77170000e-04 -3.87230000e-04 -5.59100000e-05 3.03570000e-04 8.81120000e-04 3.49360000e-04 4.15760000e-04 -5.81910000e-04 -1.33360000e-04 -1.22440000e-04 -2.90060000e-04 -1.49626000e-03 -1.41353000e-03 -1.47330000e-04 -1.44840000e-03 4.33570000e-04 1.96048000e-03 4.71590000e-04 3.31130000e-04 9.57960000e-04 8.05120000e-04 -7.34210000e-04 4.68320000e-04 -1.07790000e-04 -1.06800000e-04 5.07570000e-04 1.83225000e-03 -3.46830000e-04 -4.46610000e-04 4.98310000e-04 -4.30500000e-05 -6.30210000e-04 1.41730000e-04 1.67307000e-03 8.22780000e-04 -5.83290000e-04 -2.10260000e-04 5.46850000e-04 1.80526000e-03 7.96660000e-04 6.61700000e-05 -1.73100000e-05 6.75480000e-04 -7.23100000e-05
1.19176000e-03 5.07510000e-04 3.11895000e-03 -1.04403000e-03 1.41348000e-03 -6.95148000e-03 -1.39637000e-03 8.33330000e-04 -4.23880000e-04 1.00550000e-04 -1.54399000e-03 3.94650000e-04 -2.99780000e-03 1.02590000e-04 -3.43143000e-03 2.47628000e-03 -5.24120000e-04 2.13724000e-03 1.23960000e-03 -1.41154000e-03 -2.89310000e-04 -6.73209000e-03 3.08620000e-04 1.74720000e-04 3.62794000e-03 8.66180000e-04 -9.62800000e-05 1.02018000e-03 -1.34802000e-03 -6.73820000e-04 -4.27267000e-03 -7.61510000e-04 4.22899000e-03 4.51166000e-03 9.43470000e-04 1.74464000e-03 3.74280000e-04 1.32522000e-03 5.52456000e-03 -1.17880000e-04 5.78180000e-04 -1.32046000e-03 1.54965000e-03 -4.01522000e-03 -1.57242000e-03 -2.85479000e-03 1.30719000e-03 3.36909000e-03 7.83871000e-03 -1.19546000e-03 7.05380000e-04 2.76411000e-03 -4.32700000e-04 3.73951000e-03 -2.23406000e-03 1.10579000e-03 -1.50684000e-03 3.12100000e-04 -1.10015000e-03 -4.91370000e-04 1.35184000e-03 3.47476300e-02 1.71570000e-04 3.40221000e-03 3.29380000e-04 5.06532000e-03 -5.12644000e-03 1.33936200e-02 -2.97341000e-03 -6.76750000e-04 5.34550000e-04 -1.03846000e-03 -4.61891000e-03 -9.32720000e-04 -2.21509000e-03 1.02580000e-04 5.92350000e-04 2.67342000e-03 1.59966000e-03 1.70299000e-03 -2.71869000e-03 -1.06744000e-03 -1.16399000e-03 -1.80401000e-03 -5.73425000e-03 -6.02197000e-03 -3.95210000e-04 -4.13110000e-03 3.43327000e-03 9.22242000e-03 1.68525000e-03 7.02090000e-04 3.38954000e-03 3.91347000e-03 -3.78792000e-03 2.46941000e-03 -7.99650000e-04 -8.63180000e-04 3.75674000e-03 8.14193000e-03 -4.34451000e-03 -1.06111000e-03 1.95191000e-03 -1.94654000e-03 -3.27344000e-03 -1.69800000e-04 7.36308000e-03 3.50951000e-03 -3.76980000e-03 -2.57980000e-03 2.07580000e-03 5.64739000e-03 3.42566000e-03 -1.95820000e-04 -1.08000000e-04 2.01330000e-03 -1.42977000e-03
-1.13500000e-05 2.87450000e-04 1.58460000e-04 -1.80600000e-05 4.30590000e-04 7.80540000e-04 -1.18630000e-04 8.49300000e-05 -7.89700000e-05 2.23630000e-04 -3.40690000e-04 -2.59460000e-04 5.78900000e-05 9.59700000e-05 -1.07660000e-04 9.29400000e-05 1.56600000e-05 -4.16500000e-04 2.72680000e-04 1.44890000e-04 3.41870000e-04 3.69240000e-04 3.37670000e-04 1.52990000e-04 7.91260000e-04 -3.88840000e-04 1.37500000e-05 1.25940000e-04 -2.39960000e-04 -3.64000000e-06 -8.16750000e-04 5.85300000e-05 -2.01240000e-04 3.28190000e-04 1.72730000e-04 -4.26810000e-04 3.41270000e-04 -1.69780000e-04 -4.58500000e-05 1.87390000e-04 -1.83050000e-04 -2.30350000e-04 9.83800000e-05 2.61660000e-04 -1.53240000e-04 -4.61520000e-04 2.26660000e-04 4.72060000e-04 5.30590000e-04 -1.20560000e-04 2.29740000e-04 -1.92400000e-05 -4.30680000e-04 1.50330000e-04 -1.91290000e-04 -1.79190000e-04 -3.73970000e-04 6.27500000e-05 -8.46600000e-05 2.32670000e-04 -3.41000000e-06 1.71570000e-04 8.99127000e-03 2.61630000e-04 1.39000000e-04 4.11410000e-04 -4.95320000e-04 9.74240000e-04 -1.45700000e-04 -3.43910000e-04 3.76400000e-05 -1.71700000e-05 -5.28100000e-04 -5.59700000e-05 6.05700000e-05 3.10580000e-04 2.99800000e-05 2.80500000e-05 -1.08240000e-04 -1.91300000e-04 -3.61160000e-04 -1.76680000e-04 9.80000000e-06 -3.38610000e-04 -2.66590000e-04 -4.91990000e-04 2.08620000e-04 3.41490000e-04 3.48780000e-04 5.00910000e-04 -1.16190000e-04 -4.27970000e-04 4.72300000e-05 -1.15210000e-04 -1.94000000e-04 -8.20200000e-05 4.81940000e-04 5.01050000e-04 -1.09780000e-04 2.33870000e-04 -5.00290000e-04 -1.28740000e-04 -1.54410000e-04 -2.63570000e-04 5.33790000e-04 -1.60530000e-04 2.04190000e-04 3.26340000e-04 -1.11550000e-04 -4.43500000e-04 -3.14400000e-05 -3.26340000e-04 2.98990000e-04 -1.38420000e-04 -4.57000000e-06 -4.72740000e-04 -1.38160000e-04
7.82510000e-04 6.96100000e-04 1.70893000e-03 -4.88680000e-04 1.39692000e-03 -2.94927000e-03 -7.00380000e-04 2.72480000e-04 -2.15810000e-04 2.96510000e-04 -1.12452000e-03 4.70700000e-05 -1.34811000e-03 2.02960000e-04 -1.77636000e-03 1.38770000e-03 -1.30250000e-04 6.05220000e-04 1.10784000e-03 -6.75660000e-04 1.11600000e-04 -3.41565000e-03 5.79240000e-04 3.08300000e-04 2.98398000e-03 -5.54780000e-04 9.30900000e-05 7.69640000e-04 -8.55390000e-04 -3.43890000e-04 -3.43510000e-03 -2.12500000e-04 1.80759000e-03 2.77041000e-03 4.07500000e-04 3.58670000e-04 6.91370000e-04 6.63290000e-04 3.02238000e-03 1.99140000e-04 2.11890000e-04 -9.04500000e-04 1.08633000e-03 -1.82260000e-03 -7.97200000e-04 -2.04540000e-03 9.15200000e-04 2.23398000e-03 4.53609000e-03 -6.71230000e-04 6.35290000e-04 1.38752000e-03 -7.56300000e-04 2.24791000e-03 -1.24118000e-03 4.85980000e-04 -1.22299000e-03 1.95900000e-04 -5.45260000e-04 -1.62970000e-04 7.86820000e-04 3.40221000e-03 2.61630000e-04 1.32024500e-02 3.30490000e-04 3.24553000e-03 -3.18121000e-03 7.53261000e-03 -1.69819000e-03 -6.17430000e-04 4.67090000e-04 -4.44460000e-04 -3.06100000e-03 -3.54410000e-04 -9.71760000e-04 2.77200000e-04 3.09420000e-04 1.42030000e-03 6.12280000e-04 7.63150000e-04 -1.78860000e-03 -7.51820000e-04 -4.39440000e-04 -1.29233000e-03 -3.25966000e-03 -3.74690000e-03 -1.43330000e-04 -1.72485000e-03 2.38851000e-03 5.19674000e-03 5.88250000e-04 -1.95600000e-04 1.83353000e-03 2.05135000e-03 -2.08826000e-03 1.36355000e-03 8.02400000e-05 -3.89900000e-05 1.83959000e-03 4.42495000e-03 -2.82826000e-03 -5.85320000e-04 9.88760000e-04 -1.05264000e-03 -1.12830000e-03 -1.31360000e-04 4.01681000e-03 2.09588000e-03 -1.95676000e-03 -1.64963000e-03 1.23677000e-03 2.67317000e-03 1.97564000e-03 -4.72200000e-05 4.12300000e-05 8.98530000e-04 -7.04460000e-04
-1.95480000e-04 1.25180000e-04 4.04590000e-04 2.19780000e-04 4.78680000e-04 -3.43400000e-05 3.83200000e-05 3.41200000e-05 3.28580000e-04 2.74930000e-04 -7.51100000e-05 1.43450000e-04 -2.32390000e-04 2.60960000e-04 -1.43600000e-04 2.84390000e-04 -1.47640000e-04 -2.39000000e-05 4.92490000e-04 -2.73160000e-04 2.24800000e-04 -3.22420000e-04 1.19580000e-04 1.62840000e-04 2.85290000e-04 -6.57810000e-04 -8.29900000e-05 3.71610000e-04 5.45800000e-05 1.62410000e-04 -4.02770000e-04 2.88560000e-04 -5.84100000e-05 4.05340000e-04 2.96120000e-04 -5.81200000e-05 5.46000000e-05 8.34900000e-05 1.89910000e-04 9.40700000e-05 6.98100000e-05 -1.61900000e-05 3.72110000e-04 -8.64000000e-05 3.29000000e-06 -1.11560000e-04 4.22460000e-04 3.11970000e-04 7.22310000e-04 1.66900000e-05 3.12570000e-04 2.59940000e-04 -1.90600000e-05 5.42760000e-04 -2.31300000e-05 1.56920000e-04 -2.70200000e-05 2.26690000e-04 -6.56900000e-05 1.12110000e-04 2.36170000e-04 3.29380000e-04 1.39000000e-04 3.30490000e-04 1.55140700e-02 4.11870000e-04 -2.47860000e-04 7.83220000e-04 -7.34100000e-05 1.23700000e-04 -2.67860000e-04 1.92030000e-04 -1.61990000e-04 -8.98500000e-05 2.29880000e-04 1.47160000e-04 2.60360000e-04 3.05040000e-04 1.48870000e-04 6.71700000e-05 6.24900000e-05 5.47100000e-05 -8.98000000e-05 1.10300000e-05 -1.99000000e-04 -3.46450000e-04 2.86400000e-05 -5.23500000e-05 1.29320000e-04 8.26840000e-04 1.05630000e-04 -1.36510000e-04 3.49630000e-04 -1.65880000e-04 -1.67650000e-04 -5.81200000e-05 1.53770000e-04 2.25400000e-04 -2.21220000e-04 1.41520000e-04 -5.99800000e-05 -7.00210000e-04 3.84000000e-06 6.34700000e-05 1.59930000e-04 1.13030000e-04 1.62490000e-04 7.87100000e-05 -7.26100000e-05 -4.39100000e-05 5.69800000e-05 6.35700000e-04 2.24700000e-04 4.24600000e-05 -7.23900000e-05 -2.14370000e-04 9.58500000e-05
1.06621000e-03 1.24239000e-03 2.49405000e-03 -7.14280000e-04 2.41351000e-03 -3.57826000e-03 -1.05675000e-03 3.25710000e-04 -4.36240000e-04 4.86570000e-04 -1.85854000e-03 -8.70100000e-05 -1.96920000e-03 2.86910000e-04 -2.77881000e-03 2.09110000e-03 -1.62690000e-04 7.44470000e-04 1.83342000e-03 -6.77510000e-04 2.38290000e-04 -4.34130000e-03 1.03689000e-03 5.04650000e-04 4.85355000e-03 -1.00773000e-03 6.50400000e-05 1.10346000e-03 -1.40469000e-03 -5.86810000e-04 -4.67206000e-03 -3.28720000e-04 2.65880000e-03 4.11819000e-03 4.83140000e-04 2.54710000e-04 1.22539000e-03 8.30920000e-04 4.16055000e-03 3.66650000e-04 1.68110000e-04 -1.40581000e-03 1.60361000e-03 -2.21083000e-03 -1.22686000e-03 -3.13169000e-03 1.34436000e-03 3.48737000e-03 6.94192000e-03 -1.02217000e-03 1.02382000e-03 1.97430000e-03 -1.40090000e-03 3.43412000e-03 -2.00126000e-03 4.60330000e-04 -1.99682000e-03 2.68800000e-04 -8.70120000e-04 -4.03420000e-04 9.44520000e-04 5.06532000e-03 4.11410000e-04 3.24553000e-03 4.11870000e-04 3.07694800e-02 -4.87689000e-03 1.14546300e-02 -2.61065000e-03 -1.12941000e-03 7.20970000e-04 -6.64440000e-04 -4.54703000e-03 -5.43360000e-04 -1.41489000e-03 5.24470000e-04 3.37330000e-04 1.93300000e-03 1.02028000e-03 9.32070000e-04 -2.68995000e-03 -1.19207000e-03 -6.94440000e-04 -2.03645000e-03 -4.59421000e-03 -5.53203000e-03 -2.00470000e-04 -1.95636000e-03 3.73816000e-03 7.93618000e-03 7.02470000e-04 -5.60010000e-04 2.63248000e-03 2.82279000e-03 -3.16812000e-03 1.96340000e-03 1.26200000e-04 1.48570000e-04 2.79592000e-03 6.08246000e-03 -4.60200000e-03 -8.86820000e-04 1.29206000e-03 -1.86172000e-03 -1.60180000e-03 -3.77980000e-04 5.50566000e-03 2.82054000e-03 -3.03301000e-03 -2.79404000e-03 1.62974000e-03 3.44974000e-03 2.77759000e-03 -1.19120000e-04 -2.67000000e-06 7.59420000e-04 -1.07858000e-03
-1.11131000e-03 -1.02715000e-03 -2.47629000e-03 9.47610000e-04 -1.98169000e-03 4.44880000e-03 1.13294000e-03 -4.88600000e-04 4.06570000e-04 -3.36450000e-04 1.82954000e-03 8.75500000e-05 2.03318000e-03 -1.74220000e-04 2.76138000e-03 -1.94797000e-03 1.55140000e-04 -9.28170000e-04 -1.42185000e-03 1.01537000e-03 -1.22120000e-04 4.93461000e-03 -8.80370000e-04 -4.06140000e-04 -4.46966000e-03 4.38550000e-04 -8.10000000e-05 -8.94970000e-04 1.36521000e-03 6.55460000e-04 5.02070000e-03 5.91660000e-04 -2.83776000e-03 -4.08483000e-03 -5.38020000e-04 -3.92990000e-04 -1.03296000e-03 -9.16540000e-04 -4.36476000e-03 -3.05040000e-04 -1.86710000e-04 1.42952000e-03 -1.44070000e-03 2.81749000e-03 1.28025000e-03 3.15303000e-03 -1.20905000e-03 -3.32478000e-03 -6.70505000e-03 1.07237000e-03 -8.59380000e-04 -1.98787000e-03 1.26493000e-03 -3.38397000e-03 2.04252000e-03 -5.50720000e-04 1.97726000e-03 -1.73510000e-04 8.57520000e-04 2.29750000e-04 -9.84980000e-04 -5.12644000e-03 -4.95320000e-04 -3.18121000e-03 -2.47860000e-04 -4.87689000e-03 4.52201600e-02 -1.14441600e-02 2.72028000e-03 1.06390000e-03 -8.29020000e-04 8.98030000e-04 4.67234000e-03 5.55300000e-04 1.76861000e-03 -4.34780000e-04 -3.09620000e-04 -1.96791000e-03 -9.61580000e-04 -1.08352000e-03 2.81656000e-03 1.22382000e-03 6.78900000e-04 2.06439000e-03 4.92928000e-03 5.74122000e-03 1.74020000e-04 2.71801000e-03 -3.73196000e-03 -7.74638000e-03 -8.39500000e-04 4.10850000e-04 -2.56987000e-03 -3.03102000e-03 3.46513000e-03 -2.01061000e-03 -6.06000000e-05 3.92300000e-05 -2.83300000e-03 -6.64106000e-03 4.67589000e-03 7.84880000e-04 -1.35222000e-03 1.92142000e-03 1.81356000e-03 4.38140000e-04 -6.00452000e-03 -3.11784000e-03 3.15346000e-03 2.79094000e-03 -1.65667000e-03 -3.55033000e-03 -2.93204000e-03 2.54450000e-04 3.69900000e-05 -9.42600000e-04 1.25837000e-03
2.95527000e-03 1.90605000e-03 6.37617000e-03 -2.12760000e-03 4.30414000e-03 -1.14261700e-02 -2.93763000e-03 1.16490000e-03 -1.32421000e-03 6.70830000e-04 -4.02734000e-03 1.22730000e-04 -5.47072000e-03 3.20850000e-04 -6.84833000e-03 5.23044000e-03 -6.69620000e-04 3.31927000e-03 3.41694000e-03 -1.98912000e-03 5.86100000e-05 -1.27343000e-02 1.58067000e-03 6.39130000e-04 1.01925900e-02 -7.14800000e-05 3.75200000e-05 2.21327000e-03 -3.29367000e-03 -1.58302000e-03 -1.09011700e-02 -1.34273000e-03 7.85236000e-03 9.78993000e-03 1.77213000e-03 2.18198000e-03 1.85746000e-03 2.35554000e-03 1.11515100e-02 3.35360000e-04 7.02180000e-04 -3.28079000e-03 3.44354000e-03 -6.84911000e-03 -3.28789000e-03 -7.19436000e-03 2.95985000e-03 7.83708000e-03 1.72756900e-02 -2.67607000e-03 1.91407000e-03 5.34036000e-03 -2.26023000e-03 7.30008000e-03 -5.02611000e-03 1.70232000e-03 -4.24225000e-03 4.82770000e-04 -2.22747000e-03 -1.01370000e-03 2.61727000e-03 1.33936200e-02 9.74240000e-04 7.53261000e-03 7.83220000e-04 1.14546300e-02 -1.14441600e-02 9.58869000e-02 -6.58608000e-03 -2.20637000e-03 1.66437000e-03 -2.13310000e-03 -1.09314000e-02 -1.67271000e-03 -3.95109000e-03 8.22440000e-04 9.64950000e-04 5.30592000e-03 2.69800000e-03 2.92064000e-03 -6.32904000e-03 -2.77078000e-03 -1.84952000e-03 -4.59742000e-03 -1.17728800e-02 -1.33278200e-02 -3.93730000e-04 -6.45213000e-03 8.39704000e-03 1.97302700e-02 2.72165000e-03 1.29130000e-04 6.88851000e-03 7.86715000e-03 -7.59032000e-03 5.07228000e-03 -7.00050000e-04 -6.34450000e-04 7.39956000e-03 1.63607600e-02 -9.83926000e-03 -1.92619000e-03 3.71488000e-03 -4.37488000e-03 -5.39510000e-03 -7.11620000e-04 1.47922400e-02 7.25762000e-03 -7.75075000e-03 -6.21957000e-03 4.27080000e-03 1.05913200e-02 7.03060000e-03 -5.39840000e-04 -4.04100000e-05 3.73270000e-03 -3.02867000e-03
-7.34380000e-04 -4.39380000e-04 -1.36190000e-03 5.69070000e-04 -9.10620000e-04 2.44501000e-03 6.55190000e-04 -2.46350000e-04 3.55510000e-04 -2.15500000e-05 9.62130000e-04 2.49200000e-05 1.20498000e-03 1.93400000e-05 1.52885000e-03 -1.05037000e-03 5.00300000e-05 -8.46130000e-04 -6.91690000e-04 5.68240000e-04 5.92300000e-05 2.76116000e-03 -3.71440000e-04 -1.58290000e-04 -2.16465000e-03 1.93930000e-04 -5.59700000e-05 -3.95080000e-04 7.28280000e-04 4.78600000e-04 2.51843000e-03 4.16620000e-04 -1.79393000e-03 -2.22376000e-03 -2.34830000e-04 -4.54010000e-04 -4.59520000e-04 -5.65450000e-04 -2.61013000e-03 -1.39550000e-04 -1.14410000e-04 8.07060000e-04 -7.59820000e-04 1.54962000e-03 6.92980000e-04 1.75361000e-03 -5.93320000e-04 -1.80494000e-03 -3.66507000e-03 6.23490000e-04 -3.43660000e-04 -1.14850000e-03 5.82140000e-04 -1.72738000e-03 1.22897000e-03 -3.99320000e-04 9.94780000e-04 4.49000000e-05 4.79210000e-04 1.58090000e-04 -5.01260000e-04 -2.97341000e-03 -1.45700000e-04 -1.69819000e-03 -7.34100000e-05 -2.61065000e-03 2.72028000e-03 -6.58608000e-03 2.97577800e-02 4.77720000e-04 -5.31640000e-04 6.21170000e-04 2.45755000e-03 2.97760000e-04 1.02819000e-03 -2.01290000e-04 -1.12220000e-04 -1.07412000e-03 -5.65950000e-04 -6.87390000e-04 1.40510000e-03 5.96770000e-04 2.37970000e-04 1.09068000e-03 2.56887000e-03 3.04516000e-03 1.14140000e-04 1.48778000e-03 -2.18110000e-03 -4.38589000e-03 -5.37780000e-04 6.04000000e-06 -1.41186000e-03 -1.80962000e-03 1.85097000e-03 -1.23729000e-03 1.02160000e-04 1.07810000e-04 -1.63649000e-03 -3.78437000e-03 2.59403000e-03 4.15710000e-04 -8.00340000e-04 1.04593000e-03 1.15445000e-03 2.00470000e-04 -3.44709000e-03 -1.67782000e-03 1.95249000e-03 1.48780000e-03 -9.78190000e-04 -2.36082000e-03 -1.61280000e-03 1.62130000e-04 1.13790000e-04 -8.26490000e-04 8.34300000e-04
-3.27410000e-04 -5.13780000e-04 -2.65590000e-04 2.58840000e-04 -6.31130000e-04 -3.04160000e-04 3.04880000e-04 1.09880000e-04 4.30510000e-04 -1.54880000e-04 6.03910000e-04 4.37030000e-04 1.22340000e-04 4.20000000e-06 5.38980000e-04 -2.97380000e-04 -7.63500000e-05 4.68510000e-04 -3.95870000e-04 -3.46030000e-04 -1.98310000e-04 2.02890000e-04 -4.80370000e-04 -1.23010000e-04 -1.59774000e-03 5.47280000e-04 -1.19690000e-04 -4.21300000e-05 5.98950000e-04 2.26770000e-04 1.38891000e-03 1.00830000e-04 -1.39660000e-04 -7.23400000e-04 5.69200000e-05 4.41350000e-04 -6.08390000e-04 1.76490000e-04 -4.91990000e-04 -8.72200000e-05 2.49530000e-04 4.67860000e-04 -1.59190000e-04 -1.32330000e-04 3.62740000e-04 1.02636000e-03 -1.34210000e-04 -8.88520000e-04 -1.24179000e-03 2.97910000e-04 -2.36200000e-04 -8.86000000e-05 7.47280000e-04 -2.25930000e-04 4.89700000e-04 3.00470000e-04 7.60770000e-04 3.28700000e-05 2.15340000e-04 1.81060000e-04 1.29000000e-06 -6.76750000e-04 -3.43910000e-04 -6.17430000e-04 1.23700000e-04 -1.12941000e-03 1.06390000e-03 -2.20637000e-03 4.77720000e-04 1.37296500e-02 -3.13690000e-04 1.89810000e-04 1.31400000e-03 1.13870000e-04 1.96020000e-04 -2.30900000e-04 1.39400000e-04 -1.33870000e-04 8.20500000e-05 2.21950000e-04 1.00208000e-03 4.91880000e-04 1.09620000e-04 7.78350000e-04 9.47920000e-04 1.20940000e-03 -6.57000000e-05 -3.05800000e-04 -7.86860000e-04 -1.22936000e-03 2.10310000e-04 4.93060000e-04 -2.95680000e-04 -4.37380000e-04 4.18330000e-04 -2.77210000e-04 -2.60540000e-04 -2.55280000e-04 -5.15860000e-04 -9.43100000e-04 1.12095000e-03 -2.80390000e-04 -3.89800000e-05 5.87790000e-04 -4.33500000e-05 2.90640000e-04 -7.92980000e-04 -5.53640000e-04 5.49940000e-04 8.58770000e-04 -2.32840000e-04 1.80050000e-04 -4.25300000e-04 9.40800000e-05 -6.13800000e-05 -2.74200000e-05 3.26810000e-04
7.25920000e-04 3.95140000e-04 2.41700000e-05 -2.51250000e-04 3.63700000e-04 4.83700000e-05 -1.64620000e-04 -2.75050000e-04 -6.05830000e-04 -5.35300000e-05 -4.29660000e-04 -2.38090000e-04 2.03520000e-04 -1.86760000e-04 -2.22090000e-04 1.57320000e-04 4.21500000e-04 8.00000000e-07 4.79400000e-05 6.29780000e-04 3.52100000e-05 -2.18700000e-04 3.76030000e-04 5.10200000e-05 1.57276000e-03 -6.68700000e-05 2.98830000e-04 -5.86900000e-05 -3.12140000e-04 -2.94270000e-04 -9.36040000e-04 -2.53980000e-04 2.76110000e-04 5.62440000e-04 -2.42830000e-04 -2.17930000e-04 5.27600000e-04 1.22640000e-04 6.41380000e-04 2.29920000e-04 -8.11600000e-05 -3.46110000e-04 5.06800000e-05 1.73170000e-04 -1.33130000e-04 -7.55370000e-04 -4.93400000e-05 5.58130000e-04 9.00540000e-04 -1.82920000e-04 2.20600000e-05 2.67600000e-05 -5.65720000e-04 -1.47680000e-04 -3.47750000e-04 -6.53600000e-05 -5.94460000e-04 -2.96590000e-04 6.00000000e-05 -2.85000000e-04 -9.73900000e-05 5.34550000e-04 3.76400000e-05 4.67090000e-04 -2.67860000e-04 7.20970000e-04 -8.29020000e-04 1.66437000e-03 -5.31640000e-04 -3.13690000e-04 7.50686000e-03 -2.29850000e-04 -8.55480000e-04 2.77690000e-04 -2.53250000e-04 1.79110000e-04 -2.23490000e-04 -3.50100000e-05 -1.23980000e-04 1.05280000e-04 -5.42860000e-04 -3.17240000e-04 8.15200000e-05 -5.27100000e-04 -4.07740000e-04 -8.11090000e-04 1.68170000e-04 4.36730000e-04 1.27709000e-03 8.19910000e-04 -7.28900000e-05 -3.08260000e-04 1.06650000e-04 7.75880000e-04 -3.69170000e-04 5.26180000e-04 5.41200000e-05 -5.22000000e-05 7.35500000e-04 9.21730000e-04 -1.12800000e-03 7.42470000e-04 2.67180000e-04 -4.25880000e-04 -1.59180000e-04 -1.97520000e-04 8.34230000e-04 4.55980000e-04 -4.43580000e-04 -6.45490000e-04 3.36240000e-04 -2.48850000e-04 2.40280000e-04 -8.87500000e-05 2.10500000e-04 5.33900000e-04 -3.26220000e-04
-3.08640000e-04 3.99800000e-05 -3.73300000e-04 3.98740000e-04 1.19820000e-04 1.36851000e-03 2.91360000e-04 -1.51360000e-04 2.08650000e-04 1.84540000e-04 2.69900000e-04 3.16500000e-05 4.35450000e-04 1.60970000e-04 5.04450000e-04 -1.78820000e-04 3.06800000e-05 -4.46310000e-04 1.31580000e-04 3.62660000e-04 1.62450000e-04 1.23392000e-03 2.51200000e-05 5.25600000e-05 -2.22340000e-04 -4.52820000e-04 -1.54700000e-05 8.22500000e-05 2.78690000e-04 2.32290000e-04 8.23110000e-04 3.74890000e-04 -8.39470000e-04 -6.16130000e-04 -3.80200000e-05 -3.46330000e-04 6.90000000e-07 -2.02190000e-04 -9.99310000e-04 4.57000000e-05 -4.51000000e-05 2.66650000e-04 -6.62900000e-05 8.51640000e-04 2.97170000e-04 5.36790000e-04 -1.02100000e-05 -4.97420000e-04 -8.39440000e-04 2.57680000e-04 8.65800000e-05 -3.45520000e-04 6.20700000e-05 -5.21740000e-04 4.53750000e-04 -1.40420000e-04 2.70700000e-04 1.09550000e-04 1.75180000e-04 3.41500000e-05 -1.15050000e-04 -1.03846000e-03 -1.71700000e-05 -4.44460000e-04 1.92030000e-04 -6.64440000e-04 8.98030000e-04 -2.13310000e-03 6.21170000e-04 1.89810000e-04 -2.29850000e-04 2.49521900e-02 8.22460000e-04 1.43490000e-04 6.51330000e-04 2.62400000e-05 4.03000000e-05 -3.15590000e-04 -1.53130000e-04 -3.00350000e-04 5.61220000e-04 2.34920000e-04 3.10400000e-05 3.62970000e-04 9.99830000e-04 1.00472000e-03 5.83500000e-05 1.00675000e-03 -6.06790000e-04 -1.16812000e-03 -2.55850000e-04 -2.04580000e-04 -3.36440000e-04 -8.21710000e-04 7.09460000e-04 -4.99000000e-04 1.83020000e-04 2.58920000e-04 -6.87740000e-04 -1.50881000e-03 8.96130000e-04 -1.17670000e-04 -3.19870000e-04 3.89380000e-04 6.48980000e-04 9.29900000e-05 -1.34010000e-03 -6.53370000e-04 7.56380000e-04 4.67290000e-04 -3.69840000e-04 -7.63920000e-04 -5.37610000e-04 9.44400000e-05 5.80700000e-05 -4.76260000e-04 4.11510000e-04
-1.39150000e-03 -1.03851000e-03 -2.26286000e-03 9.42540000e-04 -1.93813000e-03 3.72667000e-03 1.08862000e-03 -3.12190000e-04 5.26650000e-04 -4.21480000e-04 1.77915000e-03 2.50080000e-04 1.62929000e-03 -2.01360000e-04 2.24723000e-03 -1.87562000e-03 7.78900000e-05 -5.75350000e-04 -1.44656000e-03 7.78430000e-04 -2.03470000e-04 4.86119000e-03 -9.33390000e-04 -3.50480000e-04 -4.66818000e-03 6.36470000e-04 -1.75000000e-04 -8.08320000e-04 1.42005000e-03 6.46920000e-04 5.87157000e-03 4.40390000e-04 -2.46452000e-03 -3.73307000e-03 -4.69190000e-04 -1.21600000e-04 -1.15410000e-03 -7.22190000e-04 -4.16407000e-03 -2.54280000e-04 -9.62100000e-05 1.46801000e-03 -1.30060000e-03 2.46883000e-03 1.17674000e-03 3.26769000e-03 -1.05491000e-03 -3.15492000e-03 -6.39757000e-03 1.06903000e-03 -8.42660000e-04 -1.77845000e-03 1.43308000e-03 -2.64896000e-03 1.90101000e-03 -2.97890000e-04 2.12117000e-03 -1.61870000e-04 7.76360000e-04 2.30030000e-04 -1.10031000e-03 -4.61891000e-03 -5.28100000e-04 -3.06100000e-03 -1.61990000e-04 -4.54703000e-03 4.67234000e-03 -1.09314000e-02 2.45755000e-03 1.31400000e-03 -8.55480000e-04 8.22460000e-04 4.24406100e-02 5.47380000e-04 1.38283000e-03 -3.84500000e-04 -2.14920000e-04 -1.97398000e-03 -5.17800000e-04 -8.16780000e-04 3.02727000e-03 1.43304000e-03 3.59870000e-04 2.16009000e-03 4.84204000e-03 5.67256000e-03 1.30790000e-04 2.23382000e-03 -3.41447000e-03 -7.08539000e-03 -5.92370000e-04 5.03150000e-04 -2.49641000e-03 -3.01621000e-03 2.74006000e-03 -1.91029000e-03 -2.47080000e-04 -1.63680000e-04 -2.55798000e-03 -6.22200000e-03 3.82528000e-03 3.16730000e-04 -1.33492000e-03 1.58004000e-03 1.38909000e-03 4.25880000e-04 -5.59599000e-03 -2.98367000e-03 2.67741000e-03 2.53329000e-03 -1.66540000e-03 -3.37722000e-03 -2.65237000e-03 1.83290000e-04 -1.43660000e-04 -1.47853000e-03 1.06720000e-03
1.07020000e-04 9.52400000e-05 -5.32690000e-04 1.50920000e-04 1.38300000e-05 1.30861000e-03 2.27050000e-04 -2.95070000e-04 -1.14860000e-04 -1.80700000e-05 8.43500000e-05 -7.01700000e-05 6.57390000e-04 -7.70700000e-05 5.91320000e-04 -3.57250000e-04 3.13210000e-04 -3.09000000e-04 -1.20390000e-04 5.26430000e-04 8.83300000e-05 1.13325000e-03 1.23890000e-04 1.49900000e-05 1.13750000e-04 -3.37230000e-04 1.45070000e-04 -1.13800000e-04 1.80180000e-04 4.09200000e-05 3.71760000e-04 7.94400000e-05 -6.51530000e-04 -5.01070000e-04 -2.72340000e-04 -4.14580000e-04 1.63940000e-04 -7.94700000e-05 -6.65150000e-04 1.73080000e-04 -7.25400000e-05 1.19160000e-04 -1.71870000e-04 8.24150000e-04 2.78890000e-04 2.31750000e-04 -1.81860000e-04 -3.40940000e-04 -9.47620000e-04 1.65470000e-04 -8.32600000e-05 -4.66340000e-04 -1.62350000e-04 -6.32770000e-04 2.81630000e-04 -1.34290000e-04 2.48200000e-05 -1.88080000e-04 2.65680000e-04 -1.53700000e-05 -2.77170000e-04 -9.32720000e-04 -5.59700000e-05 -3.54410000e-04 -8.98500000e-05 -5.43360000e-04 5.55300000e-04 -1.67271000e-03 2.97760000e-04 1.13870000e-04 2.77690000e-04 1.43490000e-04 5.47380000e-04 8.47536000e-03 3.48320000e-04 8.33900000e-05 -1.62150000e-04 -4.88270000e-04 -3.15610000e-04 -1.60620000e-04 4.01450000e-04 9.86900000e-05 3.16370000e-04 1.66160000e-04 9.28190000e-04 7.59020000e-04 1.63040000e-04 9.87960000e-04 4.19100000e-05 -1.22225000e-03 -3.20920000e-04 -3.00520000e-04 -5.53660000e-04 -3.48230000e-04 4.98150000e-04 -1.70820000e-04 2.13060000e-04 1.67930000e-04 -3.69870000e-04 -1.07585000e-03 2.60150000e-04 4.33360000e-04 -1.77730000e-04 2.19750000e-04 5.74240000e-04 -1.98000000e-06 -9.48660000e-04 -4.40130000e-04 5.48750000e-04 2.18870000e-04 -1.85160000e-04 -1.09505000e-03 -4.82880000e-04 3.18000000e-05 1.56370000e-04 -1.78490000e-04 1.84790000e-04
-3.83630000e-04 8.47900000e-05 -9.28120000e-04 6.78980000e-04 1.94510000e-04 3.66005000e-03 5.20740000e-04 -4.46730000e-04 1.61770000e-04 2.77360000e-04 3.65800000e-04 -1.69400000e-04 1.06987000e-03 1.70350000e-04 1.15634000e-03 -4.95300000e-04 1.97060000e-04 -9.74390000e-04 2.16140000e-04 9.87910000e-04 3.40860000e-04 2.84093000e-03 1.38860000e-04 5.20900000e-05 -2.74700000e-04 -1.13027000e-03 2.00800000e-05 -5.78600000e-05 4.10500000e-04 2.98200000e-04 1.31513000e-03 6.48020000e-04 -1.76568000e-03 -1.35412000e-03 -2.23880000e-04 -8.95550000e-04 1.29840000e-04 -5.27150000e-04 -2.00263000e-03 2.00410000e-04 -2.71920000e-04 4.05940000e-04 -2.49530000e-04 2.12555000e-03 5.61960000e-04 7.74420000e-04 -1.65340000e-04 -9.42080000e-04 -1.81432000e-03 4.18360000e-04 5.56600000e-05 -8.83140000e-04 -1.15970000e-04 -1.59873000e-03 7.37410000e-04 -4.49530000e-04 3.33800000e-04 3.69300000e-05 3.67450000e-04 7.18800000e-05 -3.87230000e-04 -2.21509000e-03 6.05700000e-05 -9.71760000e-04 2.29880000e-04 -1.41489000e-03 1.76861000e-03 -3.95109000e-03 1.02819000e-03 1.96020000e-04 -2.53250000e-04 6.51330000e-04 1.38283000e-03 3.48320000e-04 3.81290300e-02 1.35930000e-04 -1.17410000e-04 -7.80200000e-04 -5.49450000e-04 -7.22160000e-04 1.03787000e-03 3.34660000e-04 3.56330000e-04 5.45450000e-04 2.20804000e-03 2.01337000e-03 2.22090000e-04 2.54999000e-03 -1.00308000e-03 -2.51743000e-03 -6.99020000e-04 -5.47280000e-04 -8.68290000e-04 -1.62310000e-03 1.68997000e-03 -9.76020000e-04 5.03600000e-04 7.46700000e-04 -1.44364000e-03 -3.12828000e-03 1.80886000e-03 4.14400000e-05 -7.46080000e-04 6.61820000e-04 1.55571000e-03 5.11200000e-05 -2.79598000e-03 -1.36246000e-03 1.43623000e-03 7.85950000e-04 -7.58210000e-04 -1.68744000e-03 -1.17003000e-03 8.91300000e-05 1.00320000e-04 -7.23760000e-04 6.44050000e-04
1.05140000e-04 3.75110000e-04 1.00920000e-04 5.65600000e-05 5.51580000e-04 8.96910000e-04 -1.84800000e-05 -1.61820000e-04 -1.46990000e-04 2.00540000e-04 -3.18550000e-04 -2.07590000e-04 1.68450000e-04 7.81500000e-05 -6.93700000e-05 8.24700000e-05 1.31140000e-04 -3.48650000e-04 3.53960000e-04 2.78450000e-04 3.07500000e-04 4.22370000e-04 3.93140000e-04 1.96360000e-04 9.13770000e-04 -7.02650000e-04 7.32600000e-05 1.39360000e-04 -1.70010000e-04 -2.47700000e-05 -6.22450000e-04 9.73500000e-05 -2.22900000e-04 3.28150000e-04 2.40500000e-05 -4.47310000e-04 4.29940000e-04 -1.01820000e-04 -2.29100000e-05 2.42410000e-04 -1.52790000e-04 -1.88900000e-04 1.73710000e-04 4.83280000e-04 -4.45300000e-05 -4.37660000e-04 2.12300000e-04 4.73320000e-04 4.73760000e-04 -5.88000000e-05 2.33340000e-04 -4.07200000e-05 -4.61180000e-04 1.85890000e-04 -1.54450000e-04 -1.48970000e-04 -3.58560000e-04 -4.04000000e-06 1.29000000e-06 1.33900000e-05 -5.59100000e-05 1.02580000e-04 3.10580000e-04 2.77200000e-04 1.47160000e-04 5.24470000e-04 -4.34780000e-04 8.22440000e-04 -2.01290000e-04 -2.30900000e-04 1.79110000e-04 2.62400000e-05 -3.84500000e-04 8.33900000e-05 1.35930000e-04 9.98501000e-03 -1.11200000e-05 -5.17600000e-05 -8.57100000e-05 -1.62760000e-04 -2.01470000e-04 -1.26650000e-04 2.13800000e-05 -2.88400000e-04 1.40900000e-05 -3.61660000e-04 1.85550000e-04 6.30350000e-04 6.16320000e-04 4.74680000e-04 -1.62540000e-04 -4.70340000e-04 -4.61000000e-06 -8.03900000e-05 -1.34940000e-04 1.01500000e-05 3.31120000e-04 3.81470000e-04 -6.81100000e-05 -7.55800000e-05 -6.26490000e-04 -5.02000000e-05 -1.16260000e-04 -2.07150000e-04 4.26620000e-04 -1.16460000e-04 -6.52700000e-05 6.54600000e-05 -1.33170000e-04 -4.18580000e-04 1.39900000e-05 -3.54050000e-04 7.66900000e-05 -5.94700000e-05 5.83000000e-06 -3.28050000e-04 -9.49900000e-05
-1.06430000e-04 -4.35100000e-05 4.53590000e-04 3.34300000e-05 1.25150000e-04 -1.05088000e-03 -3.05800000e-05 1.77930000e-04 2.42240000e-04 1.26130000e-04 3.23500000e-05 2.09710000e-04 -3.81820000e-04 1.73700000e-04 -2.60570000e-04 2.90380000e-04 -1.91130000e-04 2.63610000e-04 1.89320000e-04 -4.76040000e-04 3.61700000e-05 -9.38620000e-04 -5.80900000e-05 5.60200000e-05 -3.61500000e-05 3.24600000e-05 -6.66400000e-05 2.59370000e-04 4.85700000e-05 9.81800000e-05 -3.33580000e-04 7.67800000e-05 3.44240000e-04 4.07990000e-04 3.09060000e-04 2.88970000e-04 -1.27490000e-04 1.79200000e-04 4.70020000e-04 -6.01800000e-05 1.60810000e-04 1.98600000e-05 2.49000000e-04 -6.34140000e-04 -6.67000000e-05 -4.29800000e-05 2.76210000e-04 2.07710000e-04 7.03770000e-04 -1.38400000e-05 1.69500000e-04 3.84520000e-04 2.15260000e-04 6.14930000e-04 -7.11100000e-05 2.58630000e-04 8.40300000e-05 2.03160000e-04 -8.59400000e-05 8.70700000e-05 3.03570000e-04 5.92350000e-04 2.99800000e-05 3.09420000e-04 2.60360000e-04 3.37330000e-04 -3.09620000e-04 9.64950000e-04 -1.12220000e-04 1.39400000e-04 -2.23490000e-04 4.03000000e-05 -2.14920000e-04 -1.62150000e-04 -1.17410000e-04 -1.11200000e-05 1.03873800e-02 4.16570000e-04 2.50850000e-04 2.23570000e-04 -7.75200000e-05 4.71000000e-05 -1.54590000e-04 1.91000000e-05 -5.63740000e-04 -4.64710000e-04 -4.71000000e-05 -7.38330000e-04 8.40000000e-06 8.68770000e-04 2.89870000e-04 1.91620000e-04 4.39570000e-04 1.87500000e-04 -3.48950000e-04 1.05020000e-04 -9.28000000e-05 -9.01200000e-05 9.66000000e-05 6.54720000e-04 -4.46200000e-05 -4.71800000e-04 1.82400000e-04 3.94400000e-05 -3.07940000e-04 1.34800000e-04 6.03920000e-04 2.73990000e-04 -1.99240000e-04 1.24600000e-05 1.82250000e-04 8.91440000e-04 3.36230000e-04 4.77800000e-05 -4.57200000e-05 1.06980000e-04 3.14500000e-05
3.85230000e-04 1.06510000e-04 1.49213000e-03 -3.55090000e-04 5.63970000e-04 -3.39763000e-03 -4.37220000e-04 5.11250000e-04 1.05790000e-04 1.98000000e-04 -4.15160000e-04 3.22850000e-04 -1.30917000e-03 2.65990000e-04 -1.26206000e-03 1.15213000e-03 -3.47990000e-04 9.69440000e-04 6.02430000e-04 -1.06402000e-03 -9.25200000e-05 -3.39886000e-03 3.14400000e-05 9.45800000e-05 1.18749000e-03 2.97170000e-04 -4.16500000e-05 5.74350000e-04 -3.57390000e-04 -1.55140000e-04 -2.10823000e-03 -1.58590000e-04 1.73307000e-03 1.81531000e-03 5.99780000e-04 8.50520000e-04 2.19000000e-06 6.04770000e-04 2.34475000e-03 -1.53460000e-04 3.44440000e-04 -3.83990000e-04 7.38700000e-04 -2.08175000e-03 -5.12950000e-04 -1.05880000e-03 6.31540000e-04 1.20351000e-03 3.29446000e-03 -3.76520000e-04 4.09640000e-04 1.32830000e-03 1.20240000e-04 1.69624000e-03 -8.12630000e-04 5.98910000e-04 -4.05730000e-04 3.50120000e-04 -4.01210000e-04 9.95000000e-06 8.81120000e-04 2.67342000e-03 2.80500000e-05 1.42030000e-03 3.05040000e-04 1.93300000e-03 -1.96791000e-03 5.30592000e-03 -1.07412000e-03 -1.33870000e-04 -3.50100000e-05 -3.15590000e-04 -1.97398000e-03 -4.88270000e-04 -7.80200000e-04 -5.17600000e-05 4.16570000e-04 2.05442200e-02 7.12720000e-04 7.49620000e-04 -1.08937000e-03 -3.37080000e-04 -3.68130000e-04 -6.21460000e-04 -2.60258000e-03 -2.55945000e-03 -2.27860000e-04 -2.19220000e-03 1.03312000e-03 3.83349000e-03 8.11400000e-04 4.85230000e-04 1.65200000e-03 1.51413000e-03 -1.44613000e-03 9.17320000e-04 -3.18790000e-04 -2.78080000e-04 1.26713000e-03 3.41520000e-03 -1.12370000e-03 -7.22810000e-04 8.54240000e-04 -4.95060000e-04 -1.33436000e-03 8.27300000e-05 3.09468000e-03 1.47180000e-03 -1.34788000e-03 -7.32200000e-04 8.99430000e-04 2.96103000e-03 1.46454000e-03 1.83700000e-05 -5.30400000e-05 1.03881000e-03 -3.65250000e-04
-4.71200000e-05 -1.89000000e-06 8.60630000e-04 -1.46510000e-04 1.91350000e-04 -2.13122000e-03 -2.23160000e-04 3.85490000e-04 1.19160000e-04 3.85100000e-05 -1.03120000e-04 2.85460000e-04 -9.82060000e-04 1.29540000e-04 -9.83060000e-04 6.92250000e-04 -2.54150000e-04 7.95810000e-04 2.51040000e-04 -5.15620000e-04 -1.62320000e-04 -1.59302000e-03 -9.91700000e-05 2.16500000e-05 2.78030000e-04 4.56780000e-04 -1.13290000e-04 2.91150000e-04 -1.02900000e-04 -8.63100000e-05 5.30100000e-05 -1.53440000e-04 1.17625000e-03 9.43260000e-04 3.66440000e-04 7.20500000e-04 -1.68030000e-04 3.63430000e-04 1.13196000e-03 -1.98470000e-04 2.18420000e-04 -5.10900000e-05 3.72780000e-04 -1.13742000e-03 -3.07800000e-04 -2.74530000e-04 3.22080000e-04 5.51390000e-04 1.81440000e-03 -1.35000000e-04 2.05080000e-04 8.14910000e-04 3.18400000e-04 1.03721000e-03 -4.53890000e-04 3.94920000e-04 2.79300000e-05 2.34700000e-04 -2.63380000e-04 -1.57800000e-04 3.49360000e-04 1.59966000e-03 -1.08240000e-04 6.12280000e-04 1.48870000e-04 1.02028000e-03 -9.61580000e-04 2.69800000e-03 -5.65950000e-04 8.20500000e-05 -1.23980000e-04 -1.53130000e-04 -5.17800000e-04 -3.15610000e-04 -5.49450000e-04 -8.57100000e-05 2.50850000e-04 7.12720000e-04 1.93156500e-02 4.88090000e-04 -3.19170000e-04 1.79300000e-05 -5.05550000e-04 -1.54700000e-04 -1.24321000e-03 -1.06944000e-03 -1.67640000e-04 -1.24768000e-03 3.83300000e-04 2.23689000e-03 6.00620000e-04 4.73780000e-04 9.34640000e-04 6.68920000e-04 -9.81240000e-04 4.37800000e-04 -5.01010000e-04 -3.74220000e-04 8.81890000e-04 1.74452000e-03 -7.10890000e-04 -5.92800000e-04 4.04720000e-04 -4.87680000e-04 -1.16533000e-03 1.40700000e-05 1.58085000e-03 6.15160000e-04 -9.11840000e-04 -4.30460000e-04 3.29680000e-04 1.65792000e-03 7.71170000e-04 -2.74400000e-05 -1.50240000e-04 2.85740000e-04 -2.64070000e-04
2.82200000e-04 -1.69670000e-04 7.84410000e-04 -2.89250000e-04 -3.98900000e-05 -2.70143000e-03 -2.86030000e-04 3.33780000e-04 9.58300000e-05 -1.40300000e-04 -1.55170000e-04 4.06520000e-04 -8.61330000e-04 -3.80800000e-05 -7.18690000e-04 5.37600000e-04 -1.46930000e-04 9.97690000e-04 4.48400000e-05 -7.09700000e-04 -2.80650000e-04 -2.24851000e-03 -2.06830000e-04 -6.99700000e-05 1.95110000e-04 6.95880000e-04 -4.46700000e-05 2.46750000e-04 -8.99100000e-05 -1.05160000e-04 -7.74470000e-04 -2.73260000e-04 1.32720000e-03 1.04601000e-03 2.64380000e-04 8.36270000e-04 -2.54960000e-04 6.13130000e-04 1.63933000e-03 -1.25280000e-04 3.71750000e-04 -1.71010000e-04 3.64000000e-04 -1.55098000e-03 -2.92450000e-04 -3.58540000e-04 2.75100000e-04 5.71900000e-04 1.63556000e-03 -2.31060000e-04 8.94000000e-06 7.84120000e-04 2.85250000e-04 1.04531000e-03 -4.35950000e-04 5.79720000e-04 -8.87900000e-05 3.34400000e-05 -2.01720000e-04 -4.00400000e-05 4.15760000e-04 1.70299000e-03 -1.91300000e-04 7.63150000e-04 6.71700000e-05 9.32070000e-04 -1.08352000e-03 2.92064000e-03 -6.87390000e-04 2.21950000e-04 1.05280000e-04 -3.00350000e-04 -8.16780000e-04 -1.60620000e-04 -7.22160000e-04 -1.62760000e-04 2.23570000e-04 7.49620000e-04 4.88090000e-04 1.40509000e-02 -3.83090000e-04 -1.13300000e-04 -1.86780000e-04 -1.52680000e-04 -1.45773000e-03 -1.32356000e-03 -1.63760000e-04 -1.74053000e-03 6.63530000e-04 2.08718000e-03 6.33590000e-04 5.31380000e-04 8.48140000e-04 1.20436000e-03 -1.03126000e-03 7.49900000e-04 -3.94090000e-04 -5.26990000e-04 1.02253000e-03 2.34527000e-03 -8.17240000e-04 -2.96840000e-04 7.06310000e-04 -2.69200000e-04 -1.14822000e-03 1.28720000e-04 2.15062000e-03 9.54390000e-04 -8.67540000e-04 -3.01390000e-04 6.25410000e-04 1.82704000e-03 9.27870000e-04 1.98500000e-05 6.69000000e-06 7.81280000e-04 -2.81410000e-04
-7.90970000e-04 -6.65620000e-04 -1.29220000e-03 6.95250000e-04 -1.01978000e-03 2.55270000e-03 7.14210000e-04 -1.83160000e-04 4.88170000e-04 -2.11370000e-04 1.03673000e-03 2.96530000e-04 1.00655000e-03 -8.06500000e-05 1.55939000e-03 -1.04837000e-03 8.27900000e-05 -1.46720000e-04 -6.91760000e-04 4.30040000e-04 -8.98300000e-05 2.95446000e-03 -5.67730000e-04 -1.80800000e-04 -2.78408000e-03 1.65770000e-04 -1.83670000e-04 -3.76080000e-04 9.87270000e-04 4.33630000e-04 3.32388000e-03 3.88920000e-04 -1.43992000e-03 -2.20815000e-03 -2.57040000e-04 -1.04560000e-04 -7.32860000e-04 -2.94540000e-04 -2.41345000e-03 -8.39200000e-05 5.75000000e-06 8.90820000e-04 -6.49640000e-04 1.58350000e-03 8.18090000e-04 2.02797000e-03 -5.21730000e-04 -1.90587000e-03 -3.65207000e-03 6.55980000e-04 -4.63190000e-04 -9.93750000e-04 8.42200000e-04 -1.55234000e-03 1.16053000e-03 -1.23060000e-04 1.25836000e-03 -9.37400000e-05 5.14110000e-04 2.23170000e-04 -5.81910000e-04 -2.71869000e-03 -3.61160000e-04 -1.78860000e-03 6.24900000e-05 -2.68995000e-03 2.81656000e-03 -6.32904000e-03 1.40510000e-03 1.00208000e-03 -5.42860000e-04 5.61220000e-04 3.02727000e-03 4.01450000e-04 1.03787000e-03 -2.01470000e-04 -7.75200000e-05 -1.08937000e-03 -3.19170000e-04 -3.83090000e-04 2.42358700e-02 8.75680000e-04 3.63100000e-04 1.41952000e-03 3.09952000e-03 3.39654000e-03 8.90600000e-05 1.52020000e-03 -1.91139000e-03 -4.04168000e-03 -3.33100000e-04 2.54390000e-04 -1.41391000e-03 -1.82510000e-03 1.74001000e-03 -1.12074000e-03 -5.28400000e-05 1.03240000e-04 -1.65022000e-03 -3.83398000e-03 2.48893000e-03 -2.66000000e-05 -7.35110000e-04 1.07270000e-03 1.02042000e-03 2.79290000e-04 -3.39659000e-03 -1.86870000e-03 1.68141000e-03 1.58657000e-03 -1.01136000e-03 -1.71836000e-03 -1.57355000e-03 1.09430000e-04 -9.17400000e-05 -8.89760000e-04 7.28860000e-04
-4.19700000e-04 -3.26680000e-04 -4.18820000e-04 2.82010000e-04 -5.42340000e-04 5.71990000e-04 3.54700000e-04 6.77400000e-05 2.18550000e-04 -7.23000000e-05 6.00910000e-04 1.84050000e-04 2.81200000e-04 4.85800000e-05 5.36220000e-04 -3.89480000e-04 -3.57700000e-05 6.25700000e-05 -3.42130000e-04 -9.28200000e-05 -8.04300000e-05 9.36900000e-04 -3.09630000e-04 -5.86200000e-05 -1.47482000e-03 1.22430000e-04 -1.89300000e-05 -1.08950000e-04 4.96470000e-04 1.96100000e-04 1.59956000e-03 1.48980000e-04 -4.96590000e-04 -9.01200000e-04 -1.35600000e-05 1.86360000e-04 -3.94890000e-04 -1.01400000e-04 -9.24820000e-04 -1.31600000e-04 4.97400000e-05 4.77820000e-04 -2.48450000e-04 3.63480000e-04 3.69670000e-04 9.11590000e-04 -2.06360000e-04 -8.65270000e-04 -1.57321000e-03 3.49860000e-04 -1.72630000e-04 -2.80160000e-04 6.21930000e-04 -4.68220000e-04 4.86390000e-04 9.87600000e-05 7.54390000e-04 5.96900000e-05 2.23500000e-04 1.98420000e-04 -1.33360000e-04 -1.06744000e-03 -1.76680000e-04 -7.51820000e-04 5.47100000e-05 -1.19207000e-03 1.22382000e-03 -2.77078000e-03 5.96770000e-04 4.91880000e-04 -3.17240000e-04 2.34920000e-04 1.43304000e-03 9.86900000e-05 3.34660000e-04 -1.26650000e-04 4.71000000e-05 -3.37080000e-04 1.79300000e-05 -1.13300000e-04 8.75680000e-04 1.09984700e-02 1.73580000e-04 6.48500000e-04 1.13945000e-03 1.45772000e-03 -2.04700000e-05 2.38870000e-04 -9.56780000e-04 -1.63530000e-03 -4.15000000e-06 3.40590000e-04 -4.81270000e-04 -7.85570000e-04 6.36430000e-04 -4.81480000e-04 -1.02720000e-04 -3.65900000e-05 -7.15000000e-04 -1.40453000e-03 1.13985000e-03 -1.34140000e-04 -3.00640000e-04 5.01330000e-04 2.64260000e-04 2.13370000e-04 -1.24463000e-03 -6.88750000e-04 6.27630000e-04 7.92670000e-04 -3.67520000e-04 -3.75300000e-04 -5.57060000e-04 9.60900000e-05 -1.09000000e-04 -2.66420000e-04 3.05900000e-04
1.05590000e-04 -1.04490000e-04 -5.11740000e-04 5.49700000e-05 3.85000000e-05 1.48673000e-03 3.59620000e-04 -1.39050000e-04 -1.21490000e-04 1.65000000e-05 2.06410000e-04 2.22000000e-05 8.09440000e-04 1.75800000e-05 1.22738000e-03 -5.26430000e-04 2.73250000e-04 -1.31170000e-04 -1.01130000e-04 -8.27600000e-05 8.24200000e-05 7.96920000e-04 1.94000000e-05 -1.28140000e-04 -2.34180000e-04 -1.11027000e-03 2.07700000e-04 -1.38830000e-04 3.17970000e-04 2.99200000e-05 -2.14160000e-04 7.83000000e-05 -7.24890000e-04 -6.66660000e-04 -2.21360000e-04 -4.44110000e-04 3.44100000e-05 -4.92700000e-05 -7.32360000e-04 4.93600000e-05 -5.28100000e-05 1.04480000e-04 -1.81590000e-04 5.21480000e-04 5.12480000e-04 1.49110000e-04 -2.08260000e-04 -4.66610000e-04 -1.28561000e-03 2.19300000e-04 -1.59300000e-04 -4.68720000e-04 -3.45000000e-06 -4.64410000e-04 1.01080000e-04 -3.10500000e-05 1.28840000e-04 -1.70320000e-04 2.91810000e-04 4.66170000e-04 -1.22440000e-04 -1.16399000e-03 9.80000000e-06 -4.39440000e-04 -8.98000000e-05 -6.94440000e-04 6.78900000e-04 -1.84952000e-03 2.37970000e-04 1.09620000e-04 8.15200000e-05 3.10400000e-05 3.59870000e-04 3.16370000e-04 3.56330000e-04 2.13800000e-05 -1.54590000e-04 -3.68130000e-04 -5.05550000e-04 -1.86780000e-04 3.63100000e-04 1.73580000e-04 2.21521400e-02 1.93040000e-04 7.40190000e-04 7.15040000e-04 7.94400000e-05 5.86560000e-04 -3.07410000e-04 -1.51987000e-03 -4.85640000e-04 -2.23710000e-04 -6.40790000e-04 -4.24960000e-04 7.03980000e-04 -1.39270000e-04 5.69990000e-04 6.01600000e-04 -9.08690000e-04 -1.12770000e-03 7.17920000e-04 3.49660000e-04 -2.16740000e-04 5.87560000e-04 1.00291000e-03 1.87070000e-04 -1.00013000e-03 -3.89260000e-04 8.60250000e-04 5.43750000e-04 -1.63030000e-04 -7.60050000e-04 -4.07700000e-04 1.79180000e-04 1.75850000e-04 -1.89000000e-04 4.14720000e-04
-6.36300000e-04 -6.48370000e-04 -8.26750000e-04 4.10120000e-04 -1.00688000e-03 9.08870000e-04 4.79410000e-04 1.50900000e-05 4.68430000e-04 -2.06570000e-04 8.94580000e-04 3.38690000e-04 5.26560000e-04 -4.36800000e-05 1.04984000e-03 -7.38500000e-04 -7.09200000e-05 6.16600000e-05 -6.58390000e-04 -3.58300000e-05 -1.80770000e-04 1.50506000e-03 -5.95460000e-04 -1.95860000e-04 -2.47076000e-03 5.61400000e-04 -1.66630000e-04 -2.65760000e-04 7.49360000e-04 3.53710000e-04 2.41368000e-03 2.16460000e-04 -8.01450000e-04 -1.59075000e-03 -9.18800000e-05 2.10810000e-04 -7.27620000e-04 -1.43770000e-04 -1.53474000e-03 -1.92190000e-04 1.21510000e-04 7.06140000e-04 -5.06230000e-04 6.05370000e-04 5.46990000e-04 1.61018000e-03 -4.13360000e-04 -1.46148000e-03 -2.70470000e-03 4.82100000e-04 -3.95060000e-04 -5.91890000e-04 8.59000000e-04 -9.43940000e-04 8.76900000e-04 1.23000000e-05 1.06011000e-03 1.46700000e-05 3.17800000e-04 1.90740000e-04 -2.90060000e-04 -1.80401000e-03 -3.38610000e-04 -1.29233000e-03 1.10300000e-05 -2.03645000e-03 2.06439000e-03 -4.59742000e-03 1.09068000e-03 7.78350000e-04 -5.27100000e-04 3.62970000e-04 2.16009000e-03 1.66160000e-04 5.45450000e-04 -2.88400000e-04 1.91000000e-05 -6.21460000e-04 -1.54700000e-04 -1.52680000e-04 1.41952000e-03 6.48500000e-04 1.93040000e-04 1.69123900e-02 1.91121000e-03 2.35115000e-03 -2.77600000e-05 3.85330000e-04 -1.64791000e-03 -2.91827000e-03 -7.11500000e-05 4.54830000e-04 -9.01910000e-04 -1.15723000e-03 1.14456000e-03 -7.60510000e-04 -2.16660000e-04 -1.84940000e-04 -1.08646000e-03 -2.40572000e-03 1.95436000e-03 -6.15500000e-05 -4.20150000e-04 8.48530000e-04 4.08760000e-04 2.82390000e-04 -2.14696000e-03 -1.20030000e-03 1.16991000e-03 1.29735000e-03 -6.66430000e-04 -8.84850000e-04 -1.05164000e-03 1.26040000e-04 -7.38700000e-05 -4.36720000e-04 5.30190000e-04
-1.03588000e-03 -5.31370000e-04 -2.89385000e-03 1.16838000e-03 -1.24857000e-03 7.14719000e-03 1.22202000e-03 -8.97090000e-04 1.72750000e-04 -2.27940000e-04 1.38974000e-03 -2.69710000e-04 2.66770000e-03 -2.61100000e-04 2.96398000e-03 -2.17116000e-03 5.38260000e-04 -1.53673000e-03 -1.05699000e-03 1.91369000e-03 2.08450000e-04 6.96575000e-03 -3.58320000e-04 -1.78030000e-04 -3.35287000e-03 -4.71860000e-04 -5.02600000e-05 -9.29690000e-04 1.27350000e-03 5.64860000e-04 5.23612000e-03 7.25220000e-04 -3.59146000e-03 -4.15101000e-03 -9.17030000e-04 -1.33799000e-03 -4.25590000e-04 -1.15328000e-03 -5.12406000e-03 2.76460000e-04 -5.04190000e-04 1.21084000e-03 -1.39607000e-03 4.35873000e-03 1.42005000e-03 2.92303000e-03 -1.15484000e-03 -3.07848000e-03 -6.89351000e-03 1.06709000e-03 -7.46280000e-04 -2.47638000e-03 4.37940000e-04 -3.64975000e-03 2.00629000e-03 -9.78870000e-04 1.50467000e-03 -4.15290000e-04 9.83040000e-04 1.72440000e-04 -1.49626000e-03 -5.73425000e-03 -2.66590000e-04 -3.25966000e-03 -1.99000000e-04 -4.59421000e-03 4.92928000e-03 -1.17728800e-02 2.56887000e-03 9.47920000e-04 -4.07740000e-04 9.99830000e-04 4.84204000e-03 9.28190000e-04 2.20804000e-03 1.40900000e-05 -5.63740000e-04 -2.60258000e-03 -1.24321000e-03 -1.45773000e-03 3.09952000e-03 1.13945000e-03 7.40190000e-04 1.91121000e-03 3.81677500e-02 6.06540000e-03 4.14620000e-04 4.63133000e-03 -2.75965000e-03 -8.04395000e-03 -1.36168000e-03 -5.19640000e-04 -3.13264000e-03 -3.61917000e-03 3.60011000e-03 -2.19520000e-03 4.76890000e-04 7.21960000e-04 -3.17085000e-03 -7.90124000e-03 3.80814000e-03 8.35200000e-04 -1.78855000e-03 1.62023000e-03 2.83731000e-03 1.35710000e-04 -7.08872000e-03 -3.60419000e-03 3.21364000e-03 2.25428000e-03 -2.03144000e-03 -5.01544000e-03 -3.30387000e-03 8.83500000e-05 -4.04000000e-06 -1.94392000e-03 1.18067000e-03
-1.35207000e-03 -1.06078000e-03 -3.02595000e-03 1.12222000e-03 -2.15414000e-03 5.85475000e-03 1.29852000e-03 -6.22290000e-04 3.34540000e-04 -4.35150000e-04 1.95897000e-03 -1.17000000e-05 2.44885000e-03 -2.96190000e-04 3.08647000e-03 -2.36362000e-03 2.78750000e-04 -1.18560000e-03 -1.64156000e-03 1.47466000e-03 -1.05550000e-04 6.49347000e-03 -8.91380000e-04 -4.13310000e-04 -4.94803000e-03 3.75280000e-04 -1.05850000e-04 -1.10470000e-03 1.51986000e-03 6.96820000e-04 6.29770000e-03 6.09470000e-04 -3.38990000e-03 -4.72638000e-03 -7.76190000e-04 -6.46060000e-04 -1.04801000e-03 -1.11817000e-03 -5.30496000e-03 -2.08210000e-04 -3.27430000e-04 1.60987000e-03 -1.69636000e-03 3.69376000e-03 1.44504000e-03 3.62761000e-03 -1.42555000e-03 -3.77409000e-03 -7.87908000e-03 1.22586000e-03 -1.02143000e-03 -2.45138000e-03 1.26910000e-03 -3.89192000e-03 2.29319000e-03 -7.31990000e-04 2.20425000e-03 -3.02860000e-04 1.00039000e-03 2.35610000e-04 -1.41353000e-03 -6.02197000e-03 -4.91990000e-04 -3.74690000e-03 -3.46450000e-04 -5.53203000e-03 5.74122000e-03 -1.33278200e-02 3.04516000e-03 1.20940000e-03 -8.11090000e-04 1.00472000e-03 5.67256000e-03 7.59020000e-04 2.01337000e-03 -3.61660000e-04 -4.64710000e-04 -2.55945000e-03 -1.06944000e-03 -1.32356000e-03 3.39654000e-03 1.45772000e-03 7.15040000e-04 2.35115000e-03 6.06540000e-03 3.70797000e-02 2.55930000e-04 3.64280000e-03 -4.00235000e-03 -9.02797000e-03 -1.08194000e-03 2.41220000e-04 -3.21518000e-03 -3.68551000e-03 3.85919000e-03 -2.37464000e-03 2.56600000e-05 1.75740000e-04 -3.24093000e-03 -7.98654000e-03 4.87333000e-03 9.21950000e-04 -1.72159000e-03 1.95910000e-03 2.27001000e-03 3.68160000e-04 -7.21150000e-03 -3.71569000e-03 3.52572000e-03 2.95949000e-03 -2.05275000e-03 -4.72965000e-03 -3.44683000e-03 2.04580000e-04 -1.73000000e-05 -1.60088000e-03 1.33335000e-03
5.03100000e-05 1.50880000e-04 -1.57780000e-04 5.57700000e-05 1.34900000e-04 7.78340000e-04 9.38600000e-05 -2.64660000e-04 -6.82100000e-05 1.08040000e-04 -3.56900000e-05 -1.37300000e-04 3.69620000e-04 1.73300000e-05 2.90140000e-04 -1.33200000e-04 1.80850000e-04 -2.76290000e-04 -5.77000000e-06 4.09200000e-04 2.48420000e-04 5.72810000e-04 2.03320000e-04 3.88900000e-05 3.64790000e-04 -2.66870000e-04 9.23300000e-05 -4.55200000e-05 2.30100000e-05 2.64400000e-05 7.24000000e-06 5.13700000e-05 -3.99190000e-04 -1.70170000e-04 6.70900000e-05 -3.60190000e-04 1.81470000e-04 -1.30990000e-04 -4.13840000e-04 1.32840000e-04 -1.12440000e-04 3.15100000e-05 -9.33900000e-05 5.41670000e-04 9.17100000e-05 -3.23400000e-05 8.88000000e-06 8.86000000e-06 -2.01890000e-04 6.71600000e-05 9.22500000e-05 -2.42950000e-04 -1.98520000e-04 -4.06080000e-04 7.68200000e-05 -1.44090000e-04 -1.12000000e-04 -8.38300000e-05 1.31710000e-04 -1.05620000e-04 -1.47330000e-04 -3.95210000e-04 2.08620000e-04 -1.43330000e-04 2.86400000e-05 -2.00470000e-04 1.74020000e-04 -3.93730000e-04 1.14140000e-04 -6.57000000e-05 1.68170000e-04 5.83500000e-05 1.30790000e-04 1.63040000e-04 2.22090000e-04 1.85550000e-04 -4.71000000e-05 -2.27860000e-04 -1.67640000e-04 -1.63760000e-04 8.90600000e-05 -2.04700000e-05 7.94400000e-05 -2.77600000e-05 4.14620000e-04 2.55930000e-04 1.80639400e-02 6.74330000e-04 1.02400000e-04 -4.16460000e-04 -1.59400000e-04 -2.77520000e-04 -2.50110000e-04 -2.36460000e-04 2.22390000e-04 -1.45030000e-04 7.40200000e-05 9.88200000e-05 -2.61190000e-04 -6.44720000e-04 4.73700000e-05 2.02120000e-04 -1.60680000e-04 1.32400000e-05 2.65410000e-04 -5.09300000e-05 -5.99210000e-04 -3.04600000e-04 2.44740000e-04 -2.98900000e-05 -1.38700000e-04 -6.35640000e-04 -3.18300000e-04 -5.95700000e-05 9.29000000e-05 -1.56730000e-04 3.12600000e-05
-1.62620000e-04 7.94910000e-04 -2.21959000e-03 1.09613000e-03 8.98630000e-04 8.92607000e-03 7.09880000e-04 -1.36998000e-03 -6.99790000e-04 3.74080000e-04 7.66000000e-06 -9.68540000e-04 2.49832000e-03 -9.51600000e-05 1.84780000e-03 -1.04821000e-03 9.05670000e-04 -2.36720000e-03 4.52920000e-04 3.44012000e-03 7.61100000e-04 7.09435000e-03 8.56120000e-04 1.50490000e-04 1.40792000e-03 -2.43014000e-03 2.46420000e-04 -4.47190000e-04 1.85790000e-04 1.44970000e-04 2.70892000e-03 9.10790000e-04 -3.50290000e-03 -2.32728000e-03 -9.91500000e-04 -2.40579000e-03 1.04931000e-03 -1.28740000e-03 -4.05567000e-03 6.99670000e-04 -9.40470000e-04 2.74410000e-04 -6.69460000e-04 5.46590000e-03 7.96960000e-04 7.28980000e-04 -5.44150000e-04 -1.15950000e-03 -3.01625000e-03 5.23390000e-04 2.92800000e-05 -2.12894000e-03 -1.28548000e-03 -3.65829000e-03 9.89140000e-04 -1.41324000e-03 -1.92720000e-04 -4.34490000e-04 6.60530000e-04 -4.39290000e-04 -1.44840000e-03 -4.13110000e-03 3.41490000e-04 -1.72485000e-03 -5.23500000e-05 -1.95636000e-03 2.71801000e-03 -6.45213000e-03 1.48778000e-03 -3.05800000e-04 4.36730000e-04 1.00675000e-03 2.23382000e-03 9.87960000e-04 2.54999000e-03 6.30350000e-04 -7.38330000e-04 -2.19220000e-03 -1.24768000e-03 -1.74053000e-03 1.52020000e-03 2.38870000e-04 5.86560000e-04 3.85330000e-04 4.63133000e-03 3.64280000e-03 6.74330000e-04 5.20777200e-02 -5.69200000e-04 -4.51888000e-03 -1.80562000e-03 -1.80851000e-03 -2.10584000e-03 -2.82132000e-03 3.03957000e-03 -1.58727000e-03 1.12849000e-03 1.58432000e-03 -2.00352000e-03 -6.12669000e-03 1.75100000e-03 1.11079000e-03 -1.58605000e-03 3.84060000e-04 3.16966000e-03 -4.11910000e-04 -5.50496000e-03 -2.61505000e-03 2.28906000e-03 4.15230000e-04 -1.52909000e-03 -4.96471000e-03 -2.35283000e-03 -8.19200000e-05 3.32990000e-04 -1.74425000e-03 7.28210000e-04
1.34108000e-03 1.12581000e-03 1.48461000e-03 -5.78740000e-04 1.88410000e-03 -1.67164000e-03 -7.48180000e-04 -1.20850000e-04 -7.84250000e-04 2.47720000e-04 -1.56770000e-03 -2.76420000e-04 -8.50140000e-04 -2.52500000e-05 -1.72426000e-03 1.30125000e-03 3.68490000e-04 4.50200000e-04 1.18845000e-03 1.40050000e-04 2.64790000e-04 -2.56489000e-03 1.02371000e-03 4.31750000e-04 4.39189000e-03 -8.45770000e-04 3.06420000e-04 6.32200000e-04 -1.04244000e-03 -6.12080000e-04 -3.80433000e-03 -3.92850000e-04 1.69796000e-03 3.00985000e-03 4.01000000e-05 -1.81460000e-04 1.27361000e-03 6.46220000e-04 3.03457000e-03 6.50150000e-04 1.31900000e-05 -1.23339000e-03 1.07104000e-03 -9.99500000e-04 -7.75140000e-04 -2.57173000e-03 8.46990000e-04 2.61413000e-03 4.88870000e-03 -7.81130000e-04 6.40280000e-04 1.15590000e-03 -1.46746000e-03 2.02416000e-03 -1.48449000e-03 2.43530000e-04 -1.78029000e-03 -1.97340000e-04 -4.08310000e-04 -3.52110000e-04 4.33570000e-04 3.43327000e-03 3.48780000e-04 2.38851000e-03 1.29320000e-04 3.73816000e-03 -3.73196000e-03 8.39704000e-03 -2.18110000e-03 -7.86860000e-04 1.27709000e-03 -6.06790000e-04 -3.41447000e-03 4.19100000e-05 -1.00308000e-03 6.16320000e-04 8.40000000e-06 1.03312000e-03 3.83300000e-04 6.63530000e-04 -1.91139000e-03 -9.56780000e-04 -3.07410000e-04 -1.64791000e-03 -2.75965000e-03 -4.00235000e-03 1.02400000e-04 -5.69200000e-04 3.54455300e-02 5.48994000e-03 3.41660000e-04 -7.85190000e-04 1.53903000e-03 2.28656000e-03 -2.30687000e-03 1.62764000e-03 3.01430000e-04 2.06400000e-04 2.11586000e-03 4.27338000e-03 -4.05713000e-03 -5.10700000e-05 9.51370000e-04 -1.43501000e-03 -7.62630000e-04 -3.97420000e-04 3.92174000e-03 2.04707000e-03 -2.28008000e-03 -2.30114000e-03 1.23388000e-03 1.78920000e-03 1.82900000e-03 -2.15470000e-04 1.02460000e-04 7.55950000e-04 -1.00512000e-03
1.62352000e-03 1.34867000e-03 4.62490000e-03 -1.19810000e-03 3.24452000e-03 -8.12078000e-03 -1.85523000e-03 1.00736000e-03 -4.81170000e-04 6.53940000e-04 -2.56154000e-03 3.30740000e-04 -4.06155000e-03 4.94050000e-04 -4.90613000e-03 3.87620000e-03 -6.09340000e-04 2.40160000e-03 2.67010000e-03 -1.62340000e-03 3.37500000e-05 -8.73147000e-03 1.02374000e-03 5.15610000e-04 6.91747000e-03 -2.96210000e-04 -6.49100000e-05 1.80998000e-03 -1.99534000e-03 -9.42650000e-04 -6.73154000e-03 -6.69270000e-04 5.31605000e-03 6.81412000e-03 1.37288000e-03 1.60779000e-03 1.13498000e-03 1.71266000e-03 7.49462000e-03 1.76850000e-04 6.01380000e-04 -2.04838000e-03 2.60332000e-03 -4.84933000e-03 -2.11785000e-03 -4.64881000e-03 2.25539000e-03 5.23712000e-03 1.22554900e-02 -1.66830000e-03 1.55000000e-03 3.90366000e-03 -1.27457000e-03 5.39422000e-03 -3.32756000e-03 1.35242000e-03 -2.63067000e-03 5.89080000e-04 -1.54216000e-03 -6.43580000e-04 1.96048000e-03 9.22242000e-03 5.00910000e-04 5.19674000e-03 8.26840000e-04 7.93618000e-03 -7.74638000e-03 1.97302700e-02 -4.38589000e-03 -1.22936000e-03 8.19910000e-04 -1.16812000e-03 -7.08539000e-03 -1.22225000e-03 -2.51743000e-03 4.74680000e-04 8.68770000e-04 3.83349000e-03 2.23689000e-03 2.08718000e-03 -4.04168000e-03 -1.63530000e-03 -1.51987000e-03 -2.91827000e-03 -8.04395000e-03 -9.02797000e-03 -4.16460000e-04 -4.51888000e-03 5.48994000e-03 4.36667000e-02 1.98165000e-03 1.75670000e-04 5.06005000e-03 4.99183000e-03 -5.34901000e-03 3.29450000e-03 -5.60530000e-04 -3.83670000e-04 4.91561000e-03 1.11020700e-02 -6.49469000e-03 -2.02653000e-03 2.48742000e-03 -2.93750000e-03 -3.79764000e-03 -3.79250000e-04 1.00936900e-02 4.85440000e-03 -5.26568000e-03 -4.09679000e-03 2.77918000e-03 7.78793000e-03 4.93095000e-03 -2.97990000e-04 -1.42290000e-04 2.18884000e-03 -1.85541000e-03
1.59000000e-04 -2.51200000e-04 8.47880000e-04 -2.46940000e-04 -2.38110000e-04 -2.85118000e-03 -2.82340000e-04 4.00320000e-04 3.24500000e-05 -9.94100000e-05 4.73000000e-06 3.67140000e-04 -9.50670000e-04 1.87100000e-05 -8.03550000e-04 5.79480000e-04 -2.73740000e-04 1.01047000e-03 -6.34400000e-05 -6.93560000e-04 -2.43430000e-04 -2.23252000e-03 -2.95890000e-04 -5.90000000e-05 -1.91190000e-04 9.75440000e-04 -8.48500000e-05 2.03950000e-04 -7.08300000e-05 -6.33600000e-05 -3.93940000e-04 -2.55070000e-04 1.37817000e-03 8.60650000e-04 4.32580000e-04 1.00714000e-03 -3.57590000e-04 4.63020000e-04 1.44133000e-03 -2.66710000e-04 3.28870000e-04 -6.46800000e-05 2.61430000e-04 -1.54903000e-03 -3.30180000e-04 -1.83210000e-04 2.40530000e-04 4.18900000e-04 1.53948000e-03 -1.77380000e-04 3.30800000e-05 8.59120000e-04 5.08670000e-04 9.38750000e-04 -3.63690000e-04 5.24810000e-04 1.26030000e-04 1.51310000e-04 -2.29680000e-04 -7.54000000e-05 4.71590000e-04 1.68525000e-03 -1.16190000e-04 5.88250000e-04 1.05630000e-04 7.02470000e-04 -8.39500000e-04 2.72165000e-03 -5.37780000e-04 2.10310000e-04 -7.28900000e-05 -2.55850000e-04 -5.92370000e-04 -3.20920000e-04 -6.99020000e-04 -1.62540000e-04 2.89870000e-04 8.11400000e-04 6.00620000e-04 6.33590000e-04 -3.33100000e-04 -4.15000000e-06 -4.85640000e-04 -7.11500000e-05 -1.36168000e-03 -1.08194000e-03 -1.59400000e-04 -1.80562000e-03 3.41660000e-04 1.98165000e-03 2.26783600e-02 7.46010000e-04 9.07330000e-04 1.02556000e-03 -9.28610000e-04 5.67840000e-04 -6.00600000e-04 -6.33710000e-04 9.35430000e-04 2.07823000e-03 -4.95490000e-04 -3.70480000e-04 6.04240000e-04 -2.52480000e-04 -1.31087000e-03 1.28800000e-04 1.88134000e-03 7.85570000e-04 -8.97690000e-04 -2.10530000e-04 5.14890000e-04 1.95723000e-03 7.76140000e-04 -2.66700000e-05 -1.05410000e-04 8.12620000e-04 -3.18840000e-04
-3.07800000e-05 -7.10610000e-04 3.07980000e-04 -1.84650000e-04 -1.10487000e-03 -2.62041000e-03 -6.69800000e-05 4.55780000e-04 6.63000000e-05 -3.68220000e-04 6.03790000e-04 4.68510000e-04 -6.92270000e-04 -1.02350000e-04 -2.65940000e-04 1.28070000e-04 -3.13080000e-04 1.14599000e-03 -6.33740000e-04 -7.69460000e-04 -5.32570000e-04 -1.64795000e-03 -7.34230000e-04 -2.75820000e-04 -1.81737000e-03 1.51173000e-03 -8.26500000e-05 -1.11380000e-04 2.60910000e-04 -5.91000000e-06 9.50000000e-04 -2.79370000e-04 1.11216000e-03 -1.35070000e-04 2.62510000e-04 1.35488000e-03 -8.26280000e-04 3.34810000e-04 7.62710000e-04 -5.33110000e-04 3.71540000e-04 3.20740000e-04 -1.61300000e-04 -1.38533000e-03 -6.50600000e-05 6.14550000e-04 -2.04580000e-04 -4.86070000e-04 -1.67030000e-04 5.22700000e-05 -3.51900000e-04 5.31480000e-04 1.11849000e-03 1.51130000e-04 4.16300000e-05 5.41440000e-04 7.93090000e-04 9.49500000e-05 -7.27400000e-05 3.80000000e-06 3.31130000e-04 7.02090000e-04 -4.27970000e-04 -1.95600000e-04 -1.36510000e-04 -5.60010000e-04 4.10850000e-04 1.29130000e-04 6.04000000e-06 4.93060000e-04 -3.08260000e-04 -2.04580000e-04 5.03150000e-04 -3.00520000e-04 -5.47280000e-04 -4.70340000e-04 1.91620000e-04 4.85230000e-04 4.73780000e-04 5.31380000e-04 2.54390000e-04 3.40590000e-04 -2.23710000e-04 4.54830000e-04 -5.19640000e-04 2.41220000e-04 -2.77520000e-04 -1.80851000e-03 -7.85190000e-04 1.75670000e-04 7.46010000e-04 3.71145200e-02 4.16520000e-04 6.14490000e-04 -1.27440000e-04 2.63060000e-04 -8.29600000e-04 -8.72840000e-04 5.08310000e-04 1.04746000e-03 8.00800000e-04 -4.68300000e-05 4.41580000e-04 2.52210000e-04 -1.29248000e-03 3.10750000e-04 9.37110000e-04 2.45500000e-04 -3.10770000e-04 6.19400000e-04 2.80490000e-04 1.67660000e-03 2.38390000e-04 9.31900000e-05 -1.31820000e-04 1.07415000e-03 -9.03300000e-05
5.35490000e-04 3.24540000e-04 1.81188000e-03 -3.94330000e-04 9.60430000e-04 -3.69248000e-03 -6.04850000e-04 5.24760000e-04 -2.47400000e-05 2.76790000e-04 -6.66130000e-04 2.87860000e-04 -1.62809000e-03 2.99190000e-04 -1.76941000e-03 1.55044000e-03 -3.41950000e-04 1.07150000e-03 9.08950000e-04 -8.53740000e-04 -8.70600000e-05 -3.74427000e-03 1.83130000e-04 1.36760000e-04 2.10837000e-03 1.94840000e-04 -2.73700000e-05 7.22000000e-04 -5.67610000e-04 -2.68980000e-04 -2.34068000e-03 -1.72640000e-04 2.07544000e-03 2.37619000e-03 6.49430000e-04 9.01280000e-04 1.88400000e-04 6.90360000e-04 2.83170000e-03 -1.28860000e-04 3.39790000e-04 -5.68720000e-04 9.49270000e-04 -2.16726000e-03 -7.07320000e-04 -1.46648000e-03 8.02620000e-04 1.64483000e-03 4.48527000e-03 -5.15610000e-04 5.72340000e-04 1.60579000e-03 -8.79100000e-05 1.90108000e-03 -1.08542000e-03 6.35330000e-04 -6.81800000e-04 3.80250000e-04 -5.36020000e-04 -2.00310000e-04 9.57960000e-04 3.38954000e-03 4.72300000e-05 1.83353000e-03 3.49630000e-04 2.63248000e-03 -2.56987000e-03 6.88851000e-03 -1.41186000e-03 -2.95680000e-04 1.06650000e-04 -3.36440000e-04 -2.49641000e-03 -5.53660000e-04 -8.68290000e-04 -4.61000000e-06 4.39570000e-04 1.65200000e-03 9.34640000e-04 8.48140000e-04 -1.41391000e-03 -4.81270000e-04 -6.40790000e-04 -9.01910000e-04 -3.13264000e-03 -3.21518000e-03 -2.50110000e-04 -2.10584000e-03 1.53903000e-03 5.06005000e-03 9.07330000e-04 4.16520000e-04 2.59329100e-02 1.85052000e-03 -1.80691000e-03 1.15361000e-03 -3.96290000e-04 -3.06010000e-04 1.77989000e-03 4.20673000e-03 -1.69548000e-03 -8.21130000e-04 1.01190000e-03 -8.54450000e-04 -1.65142000e-03 -1.19500000e-05 3.81948000e-03 1.79641000e-03 -1.77816000e-03 -1.16131000e-03 1.06029000e-03 3.43015000e-03 1.82665000e-03 -3.11900000e-05 -3.77000000e-05 1.18382000e-03 -5.30080000e-04
1.28278000e-03 1.95000000e-04 1.61337000e-03 -8.74320000e-04 4.04800000e-04 -4.84509000e-03 -8.83680000e-04 3.44700000e-04 -5.91740000e-04 -2.12770000e-04 -8.84490000e-04 2.43480000e-04 -1.49013000e-03 -1.99090000e-04 -1.76723000e-03 1.27212000e-03 -7.14600000e-05 1.46604000e-03 2.83250000e-04 -7.07360000e-04 -3.75430000e-04 -4.58468000e-03 9.45700000e-05 -2.58300000e-05 2.16748000e-03 1.04066000e-03 1.53120000e-04 3.99480000e-04 -8.49770000e-04 -5.23420000e-04 -3.16914000e-03 -7.18090000e-04 2.76185000e-03 2.60342000e-03 3.14550000e-04 1.22963000e-03 2.31310000e-04 9.57730000e-04 3.73405000e-03 -1.27750000e-04 4.51810000e-04 -8.53570000e-04 7.09920000e-04 -2.68813000e-03 -9.16980000e-04 -1.79838000e-03 4.78420000e-04 1.91702000e-03 4.25234000e-03 -7.74790000e-04 1.33090000e-04 1.54145000e-03 -2.61660000e-04 1.90986000e-03 -1.28765000e-03 7.33430000e-04 -9.85970000e-04 -9.51900000e-05 -5.19650000e-04 -4.05620000e-04 8.05120000e-04 3.91347000e-03 -1.15210000e-04 2.05135000e-03 -1.65880000e-04 2.82279000e-03 -3.03102000e-03 7.86715000e-03 -1.80962000e-03 -4.37380000e-04 7.75880000e-04 -8.21710000e-04 -3.01621000e-03 -3.48230000e-04 -1.62310000e-03 -8.03900000e-05 1.87500000e-04 1.51413000e-03 6.68920000e-04 1.20436000e-03 -1.82510000e-03 -7.85570000e-04 -4.24960000e-04 -1.15723000e-03 -3.61917000e-03 -3.68551000e-03 -2.36460000e-04 -2.82132000e-03 2.28656000e-03 4.99183000e-03 1.02556000e-03 6.14490000e-04 1.85052000e-03 2.34094700e-02 -2.17409000e-03 1.87376000e-03 -5.87410000e-04 -9.00970000e-04 2.66317000e-03 5.37677000e-03 -2.65003000e-03 2.79540000e-04 1.51526000e-03 -9.89450000e-04 -2.20514000e-03 -3.72500000e-05 4.84861000e-03 2.35827000e-03 -2.16770000e-03 -1.41529000e-03 1.59083000e-03 3.18255000e-03 2.01455000e-03 -5.05600000e-05 1.93020000e-04 2.06264000e-03 -9.06710000e-04
-4.71120000e-04 -4.19590000e-04 -1.87111000e-03 7.46210000e-04 -9.06750000e-04 4.59615000e-03 7.81600000e-04 -6.06320000e-04 -1.86000000e-05 -7.26100000e-05 1.01746000e-03 -2.06880000e-04 1.77189000e-03 -9.05100000e-05 2.08538000e-03 -1.27281000e-03 2.84800000e-04 -1.10028000e-03 -6.21010000e-04 1.29559000e-03 9.80000000e-05 4.03942000e-03 -2.92860000e-04 -2.20050000e-04 -2.07686000e-03 -4.28200000e-04 6.72400000e-05 -5.86550000e-04 7.38750000e-04 3.77140000e-04 2.77821000e-03 5.90420000e-04 -2.37582000e-03 -2.80942000e-03 -5.31080000e-04 -7.58220000e-04 -3.03440000e-04 -8.21210000e-04 -3.15900000e-03 -4.90300000e-05 -3.17110000e-04 8.19270000e-04 -9.36140000e-04 2.77358000e-03 8.96320000e-04 1.75418000e-03 -8.24890000e-04 -2.09754000e-03 -4.34260000e-03 6.83610000e-04 -4.86890000e-04 -1.56675000e-03 3.90750000e-04 -2.93167000e-03 1.32772000e-03 -6.37660000e-04 9.93510000e-04 -1.65390000e-04 6.36610000e-04 9.13300000e-05 -7.34210000e-04 -3.78792000e-03 -1.94000000e-04 -2.08826000e-03 -1.67650000e-04 -3.16812000e-03 3.46513000e-03 -7.59032000e-03 1.85097000e-03 4.18330000e-04 -3.69170000e-04 7.09460000e-04 2.74006000e-03 4.98150000e-04 1.68997000e-03 -1.34940000e-04 -3.48950000e-04 -1.44613000e-03 -9.81240000e-04 -1.03126000e-03 1.74001000e-03 6.36430000e-04 7.03980000e-04 1.14456000e-03 3.60011000e-03 3.85919000e-03 2.22390000e-04 3.03957000e-03 -2.30687000e-03 -5.34901000e-03 -9.28610000e-04 -1.27440000e-04 -1.80691000e-03 -2.17409000e-03 5.73373400e-02 -1.41665000e-03 3.26610000e-04 5.01820000e-04 -2.06905000e-03 -4.91221000e-03 3.39954000e-03 8.54250000e-04 -1.02388000e-03 1.31346000e-03 1.84726000e-03 1.96590000e-04 -4.44837000e-03 -2.21231000e-03 2.39869000e-03 1.76141000e-03 -1.12377000e-03 -2.81742000e-03 -2.11292000e-03 1.92500000e-04 1.87130000e-04 -4.78600000e-04 9.38070000e-04
7.98150000e-04 2.21270000e-04 1.03400000e-03 -5.15040000e-04 4.55670000e-04 -2.74248000e-03 -5.24270000e-04 1.80800000e-04 -3.61800000e-04 -1.05080000e-04 -6.27210000e-04 1.47430000e-04 -9.19740000e-04 -9.81600000e-05 -1.13172000e-03 8.17210000e-04 8.30000000e-07 8.97870000e-04 3.25220000e-04 -4.30890000e-04 -1.96150000e-04 -2.70195000e-03 1.48000000e-04 3.16600000e-05 1.54742000e-03 3.65560000e-04 1.12240000e-04 3.17300000e-04 -5.36530000e-04 -3.47780000e-04 -1.99631000e-03 -4.09130000e-04 1.67673000e-03 1.73495000e-03 1.46140000e-04 6.63140000e-04 2.42370000e-04 6.18210000e-04 2.35433000e-03 8.95000000e-06 2.71220000e-04 -5.72630000e-04 5.34530000e-04 -1.54783000e-03 -5.36370000e-04 -1.22181000e-03 3.66760000e-04 1.32994000e-03 2.77369000e-03 -4.79870000e-04 1.38080000e-04 9.61790000e-04 -2.73490000e-04 1.33668000e-03 -8.69120000e-04 4.61430000e-04 -6.86230000e-04 -7.80900000e-05 -3.22370000e-04 -2.38520000e-04 4.68320000e-04 2.46941000e-03 -8.20200000e-05 1.36355000e-03 -5.81200000e-05 1.96340000e-03 -2.01061000e-03 5.07228000e-03 -1.23729000e-03 -2.77210000e-04 5.26180000e-04 -4.99000000e-04 -1.91029000e-03 -1.70820000e-04 -9.76020000e-04 1.01500000e-05 1.05020000e-04 9.17320000e-04 4.37800000e-04 7.49900000e-04 -1.12074000e-03 -4.81480000e-04 -1.39270000e-04 -7.60510000e-04 -2.19520000e-03 -2.37464000e-03 -1.45030000e-04 -1.58727000e-03 1.62764000e-03 3.29450000e-03 5.67840000e-04 2.63060000e-04 1.15361000e-03 1.87376000e-03 -1.41665000e-03 2.67505000e-02 -2.71720000e-04 -4.39140000e-04 1.63611000e-03 3.33457000e-03 -1.88240000e-03 7.70600000e-05 9.20520000e-04 -6.60790000e-04 -1.26583000e-03 -2.72200000e-05 3.02357000e-03 1.46308000e-03 -1.41538000e-03 -9.73620000e-04 9.95240000e-04 1.97421000e-03 1.29989000e-03 -1.33600000e-05 1.01830000e-04 1.14566000e-03 -5.66340000e-04
-1.25500000e-05 4.03390000e-04 -3.05130000e-04 2.02680000e-04 7.04090000e-04 2.40722000e-03 1.39320000e-04 3.80200000e-05 4.17800000e-05 2.70350000e-04 -3.07410000e-04 -3.03090000e-04 6.69440000e-04 1.32640000e-04 5.27010000e-04 -2.17970000e-04 1.79200000e-04 -8.47960000e-04 4.54530000e-04 1.58580000e-04 3.82360000e-04 1.46971000e-03 4.64080000e-04 2.46320000e-04 8.51340000e-04 -1.15007000e-03 7.12700000e-05 1.81180000e-04 -4.90100000e-05 7.14400000e-05 -1.01981000e-03 2.97710000e-04 -9.67290000e-04 -7.87000000e-05 -2.33090000e-04 -9.48080000e-04 5.24850000e-04 -2.36780000e-04 -6.26020000e-04 4.43280000e-04 -2.31150000e-04 -1.93230000e-04 1.20460000e-04 9.14580000e-04 1.93050000e-04 -3.45970000e-04 1.43470000e-04 1.57420000e-04 -3.91210000e-04 7.19000000e-06 1.95730000e-04 -4.18040000e-04 -6.64580000e-04 -1.15000000e-06 7.21700000e-05 -2.91500000e-04 -3.84410000e-04 1.02000000e-06 1.14130000e-04 6.25820000e-04 -1.07790000e-04 -7.99650000e-04 4.81940000e-04 8.02400000e-05 1.53770000e-04 1.26200000e-04 -6.06000000e-05 -7.00050000e-04 1.02160000e-04 -2.60540000e-04 5.41200000e-05 1.83020000e-04 -2.47080000e-04 2.13060000e-04 5.03600000e-04 3.31120000e-04 -9.28000000e-05 -3.18790000e-04 -5.01010000e-04 -3.94090000e-04 -5.28400000e-05 -1.02720000e-04 5.69990000e-04 -2.16660000e-04 4.76890000e-04 2.56600000e-05 7.40200000e-05 1.12849000e-03 3.01430000e-04 -5.60530000e-04 -6.00600000e-04 -8.29600000e-04 -3.96290000e-04 -5.87410000e-04 3.26610000e-04 -2.71720000e-04 3.01864200e-02 1.14371000e-03 -7.28330000e-04 -7.11990000e-04 -1.41750000e-04 -6.40600000e-05 -3.50460000e-04 1.61670000e-04 1.64342000e-03 -8.41700000e-05 -5.75660000e-04 1.01720000e-04 5.23640000e-04 -1.41700000e-04 -1.43000000e-04 -1.10407000e-03 9.58400000e-05 9.60000000e-06 8.60400000e-05 -8.92160000e-04 2.40330000e-04
-1.15890000e-04 4.62150000e-04 -2.43990000e-04 3.14810000e-04 9.25800000e-04 3.01815000e-03 2.25300000e-04 5.72900000e-05 5.63700000e-05 4.01780000e-04 -2.84000000e-04 -3.36520000e-04 6.81910000e-04 2.42630000e-04 5.61020000e-04 -8.81500000e-05 1.61690000e-04 -8.32040000e-04 6.55480000e-04 2.79490000e-04 4.60510000e-04 1.83426000e-03 5.23720000e-04 2.71360000e-04 1.00250000e-03 -1.35138000e-03 2.01600000e-05 2.08240000e-04 1.66800000e-05 6.67900000e-05 -7.05200000e-04 4.02550000e-04 -1.02414000e-03 -1.85710000e-04 -1.67570000e-04 -1.05465000e-03 5.49030000e-04 -3.31590000e-04 -9.08500000e-04 4.26840000e-04 -3.10350000e-04 -1.12870000e-04 1.50700000e-04 1.23083000e-03 2.67150000e-04 -3.13790000e-04 1.74640000e-04 7.76000000e-05 -1.49930000e-04 7.54900000e-05 3.16840000e-04 -3.76350000e-04 -6.47350000e-04 -1.42700000e-04 1.39300000e-05 -3.86980000e-04 -3.39030000e-04 9.19200000e-05 1.31030000e-04 6.26820000e-04 -1.06800000e-04 -8.63180000e-04 5.01050000e-04 -3.89900000e-05 2.25400000e-04 1.48570000e-04 3.92300000e-05 -6.34450000e-04 1.07810000e-04 -2.55280000e-04 -5.22000000e-05 2.58920000e-04 -1.63680000e-04 1.67930000e-04 7.46700000e-04 3.81470000e-04 -9.01200000e-05 -2.78080000e-04 -3.74220000e-04 -5.26990000e-04 1.03240000e-04 -3.65900000e-05 6.01600000e-04 -1.84940000e-04 7.21960000e-04 1.75740000e-04 9.88200000e-05 1.58432000e-03 2.06400000e-04 -3.83670000e-04 -6.33710000e-04 -8.72840000e-04 -3.06010000e-04 -9.00970000e-04 5.01820000e-04 -4.39140000e-04 1.14371000e-03 3.94793400e-02 -9.10500000e-04 -1.17099000e-03 1.85120000e-04 -2.66820000e-04 -4.91520000e-04 1.17240000e-04 1.75155000e-03 -1.42200000e-04 -9.84410000e-04 -1.93000000e-04 5.87660000e-04 -1.61410000e-04 -3.27660000e-04 -1.01391000e-03 -3.14500000e-05 -1.74100000e-05 1.95200000e-05 -1.09373000e-03 3.30000000e-04
1.02590000e-03 3.12510000e-04 1.44120000e-03 -7.41110000e-04 4.89710000e-04 -4.00701000e-03 -9.22300000e-04 3.49730000e-04 -6.58500000e-04 -2.02010000e-04 -9.16300000e-04 1.42000000e-04 -1.60412000e-03 -2.28890000e-04 -2.11896000e-03 1.34602000e-03 -7.56300000e-05 1.26695000e-03 3.69300000e-04 -9.60800000e-05 -4.13390000e-04 -3.49389000e-03 1.38280000e-04 -3.02600000e-05 2.32731000e-03 1.15420000e-03 6.35000000e-05 3.48070000e-04 -9.28040000e-04 -5.47420000e-04 -1.83049000e-03 -6.69780000e-04 2.61880000e-03 2.45743000e-03 2.00370000e-04 1.13993000e-03 2.99120000e-04 7.76280000e-04 3.24527000e-03 -1.37150000e-04 3.15420000e-04 -7.88350000e-04 6.38880000e-04 -2.01701000e-03 -1.01439000e-03 -1.57397000e-03 4.09320000e-04 1.84222000e-03 4.27870000e-03 -7.43890000e-04 1.40870000e-04 1.41065000e-03 -3.37810000e-04 1.51880000e-03 -1.25731000e-03 5.12430000e-04 -9.44870000e-04 -3.23300000e-05 -6.01150000e-04 -6.87970000e-04 5.07570000e-04 3.75674000e-03 -1.09780000e-04 1.83959000e-03 -2.21220000e-04 2.79592000e-03 -2.83300000e-03 7.39956000e-03 -1.63649000e-03 -5.15860000e-04 7.35500000e-04 -6.87740000e-04 -2.55798000e-03 -3.69870000e-04 -1.44364000e-03 -6.81100000e-05 9.66000000e-05 1.26713000e-03 8.81890000e-04 1.02253000e-03 -1.65022000e-03 -7.15000000e-04 -9.08690000e-04 -1.08646000e-03 -3.17085000e-03 -3.24093000e-03 -2.61190000e-04 -2.00352000e-03 2.11586000e-03 4.91561000e-03 9.35430000e-04 5.08310000e-04 1.77989000e-03 2.66317000e-03 -2.06905000e-03 1.63611000e-03 -7.28330000e-04 -9.10500000e-04 9.87078200e-02 4.89313000e-03 -2.70966000e-03 2.29700000e-04 1.26282000e-03 -1.37945000e-03 -2.28186000e-03 -2.40210000e-04 4.39144000e-03 2.09476000e-03 -2.22158000e-03 -1.61754000e-03 1.24420000e-03 2.64645000e-03 1.88104000e-03 -1.38130000e-04 1.21280000e-04 1.59507000e-03 -9.89380000e-04
1.72949000e-03 5.11170000e-04 3.77317000e-03 -1.61223000e-03 1.30244000e-03 -9.57486000e-03 -1.81909000e-03 1.35233000e-03 -5.53840000e-04 -6.87100000e-05 -1.88936000e-03 5.00860000e-04 -3.78003000e-03 2.29000000e-05 -4.23483000e-03 2.92910000e-03 -5.44280000e-04 2.67872000e-03 1.19536000e-03 -2.23277000e-03 -6.01360000e-04 -9.14611000e-03 2.68210000e-04 1.36390000e-04 4.25758000e-03 1.31611000e-03 1.07590000e-04 1.18658000e-03 -1.71294000e-03 -9.33050000e-04 -6.31050000e-03 -1.16988000e-03 5.33451000e-03 5.74510000e-03 9.89720000e-04 2.32053000e-03 4.34480000e-04 1.82850000e-03 7.49892000e-03 -2.44620000e-04 8.05950000e-04 -1.74030000e-03 1.85267000e-03 -5.78914000e-03 -1.98274000e-03 -3.81814000e-03 1.43894000e-03 4.16913000e-03 9.32741000e-03 -1.54436000e-03 6.67530000e-04 3.41042000e-03 -4.70160000e-04 4.57138000e-03 -2.79041000e-03 1.57367000e-03 -1.92065000e-03 2.94790000e-04 -1.34653000e-03 -2.22080000e-04 1.83225000e-03 8.14193000e-03 2.33870000e-04 4.42495000e-03 1.41520000e-04 6.08246000e-03 -6.64106000e-03 1.63607600e-02 -3.78437000e-03 -9.43100000e-04 9.21730000e-04 -1.50881000e-03 -6.22200000e-03 -1.07585000e-03 -3.12828000e-03 -7.55800000e-05 6.54720000e-04 3.41520000e-03 1.74452000e-03 2.34527000e-03 -3.83398000e-03 -1.40453000e-03 -1.12770000e-03 -2.40572000e-03 -7.90124000e-03 -7.98654000e-03 -6.44720000e-04 -6.12669000e-03 4.27338000e-03 1.11020700e-02 2.07823000e-03 1.04746000e-03 4.20673000e-03 5.37677000e-03 -4.91221000e-03 3.33457000e-03 -7.11990000e-04 -1.17099000e-03 4.89313000e-03 2.63391400e-02 -5.51886000e-03 -9.21910000e-04 2.64790000e-03 -2.37010000e-03 -4.02792000e-03 -1.77640000e-04 1.04114200e-02 5.26777000e-03 -4.75057000e-03 -3.09530000e-03 2.89940000e-03 7.22172000e-03 4.82887000e-03 -2.04940000e-04 -2.80400000e-05 3.15277000e-03 -1.94080000e-03
-1.02316000e-03 -1.18591000e-03 -1.84763000e-03 8.99550000e-04 -1.82667000e-03 3.06065000e-03 1.11084000e-03 -1.19840000e-04 6.86920000e-04 -8.88800000e-05 1.91561000e-03 3.15540000e-04 1.60369000e-03 1.28880000e-04 2.60292000e-03 -1.35947000e-03 -1.03610000e-04 -4.99840000e-04 -1.14442000e-03 3.61870000e-04 -1.65840000e-04 3.19552000e-03 -1.01599000e-03 -4.73360000e-04 -4.17593000e-03 6.98800000e-04 -1.31020000e-04 -6.40390000e-04 1.43162000e-03 6.95180000e-04 3.91658000e-03 6.87400000e-04 -2.28636000e-03 -3.69523000e-03 -9.98300000e-05 -1.47900000e-05 -1.27124000e-03 -6.99400000e-04 -3.64172000e-03 -5.32530000e-04 -3.52000000e-06 1.50040000e-03 -1.18993000e-03 1.79721000e-03 1.23164000e-03 2.91003000e-03 -1.00461000e-03 -3.31881000e-03 -5.36114000e-03 1.04388000e-03 -6.40350000e-04 -1.38464000e-03 1.62296000e-03 -3.17930000e-03 1.83717000e-03 -2.66440000e-04 2.01756000e-03 1.78220000e-04 7.93790000e-04 4.52860000e-04 -3.46830000e-04 -4.34451000e-03 -5.00290000e-04 -2.82826000e-03 -5.99800000e-05 -4.60200000e-03 4.67589000e-03 -9.83926000e-03 2.59403000e-03 1.12095000e-03 -1.12800000e-03 8.96130000e-04 3.82528000e-03 2.60150000e-04 1.80886000e-03 -6.26490000e-04 -4.46200000e-05 -1.12370000e-03 -7.10890000e-04 -8.17240000e-04 2.48893000e-03 1.13985000e-03 7.17920000e-04 1.95436000e-03 3.80814000e-03 4.87333000e-03 4.73700000e-05 1.75100000e-03 -4.05713000e-03 -6.49469000e-03 -4.95490000e-04 8.00800000e-04 -1.69548000e-03 -2.65003000e-03 3.39954000e-03 -1.88240000e-03 -1.41750000e-04 1.85120000e-04 -2.70966000e-03 -5.51886000e-03 2.96814600e-02 4.07750000e-04 -1.00285000e-03 2.07168000e-03 1.41254000e-03 5.59280000e-04 -4.99110000e-03 -2.66184000e-03 3.17055000e-03 2.94701000e-03 -1.36439000e-03 -1.89400000e-03 -2.40409000e-03 3.20650000e-04 1.36610000e-04 -2.11190000e-04 1.48793000e-03
7.01900000e-04 3.83700000e-05 -9.39660000e-04 -1.83790000e-04 -6.02420000e-04 1.09331000e-03 7.55800000e-05 -4.88770000e-04 -8.42610000e-04 -3.20060000e-04 1.21580000e-04 -3.60670000e-04 1.02378000e-03 -4.22970000e-04 6.97040000e-04 -5.77660000e-04 5.36400000e-04 -3.57030000e-04 -7.47690000e-04 1.17464000e-03 -1.14780000e-04 1.09610000e-03 7.51100000e-05 -1.83670000e-04 1.95120000e-04 5.92100000e-04 3.64820000e-04 -5.67880000e-04 -8.50100000e-05 -1.89260000e-04 2.71970000e-04 -2.87190000e-04 -4.19040000e-04 -8.64940000e-04 -5.48710000e-04 -2.54630000e-04 2.49250000e-04 -2.41820000e-04 -6.17940000e-04 -3.29800000e-05 -1.77150000e-04 4.04700000e-05 -6.58470000e-04 9.60820000e-04 1.48400000e-04 1.25020000e-04 -7.08060000e-04 -5.09560000e-04 -1.50243000e-03 5.84700000e-05 -4.44950000e-04 -7.02610000e-04 -2.25180000e-04 -1.50481000e-03 2.66540000e-04 -3.81430000e-04 -8.66400000e-05 -4.64090000e-04 3.36130000e-04 -3.66300000e-04 -4.46610000e-04 -1.06111000e-03 -1.28740000e-04 -5.85320000e-04 -7.00210000e-04 -8.86820000e-04 7.84880000e-04 -1.92619000e-03 4.15710000e-04 -2.80390000e-04 7.42470000e-04 -1.17670000e-04 3.16730000e-04 4.33360000e-04 4.14400000e-05 -5.02000000e-05 -4.71800000e-04 -7.22810000e-04 -5.92800000e-04 -2.96840000e-04 -2.66000000e-05 -1.34140000e-04 3.49660000e-04 -6.15500000e-05 8.35200000e-04 9.21950000e-04 2.02120000e-04 1.11079000e-03 -5.10700000e-05 -2.02653000e-03 -3.70480000e-04 -4.68300000e-05 -8.21130000e-04 2.79540000e-04 8.54250000e-04 7.70600000e-05 -6.40600000e-05 -2.66820000e-04 2.29700000e-04 -9.21910000e-04 4.07750000e-04 1.88499700e-02 -1.16000000e-06 1.54090000e-04 1.70650000e-04 -1.18700000e-04 -9.01200000e-04 -3.67240000e-04 6.40900000e-04 1.96290000e-04 -4.72000000e-06 -1.77259000e-03 -7.20010000e-04 1.04300000e-05 4.16450000e-04 7.02190000e-04 2.93600000e-05
5.72890000e-04 -3.76000000e-06 8.57420000e-04 -3.56010000e-04 1.74690000e-04 -2.70360000e-03 -3.75830000e-04 2.30900000e-04 -1.37250000e-04 -8.31700000e-05 -3.11510000e-04 2.79300000e-04 -7.90550000e-04 -3.81700000e-05 -8.02230000e-04 6.86300000e-04 -9.53900000e-05 8.80310000e-04 1.59490000e-04 -4.92610000e-04 -2.23800000e-04 -2.48907000e-03 -6.12900000e-05 -3.87000000e-05 8.82600000e-04 6.28700000e-04 4.27600000e-05 2.87160000e-04 -2.92230000e-04 -1.80080000e-04 -1.43972000e-03 -2.86640000e-04 1.41631000e-03 1.25250000e-03 2.30400000e-04 7.53500000e-04 -3.19800000e-05 5.71430000e-04 1.87754000e-03 -1.07380000e-04 3.36570000e-04 -3.20180000e-04 3.96850000e-04 -1.50733000e-03 -3.86480000e-04 -7.10150000e-04 2.81330000e-04 8.12880000e-04 2.13810000e-03 -3.23980000e-04 8.11700000e-05 8.50030000e-04 5.83400000e-05 1.01921000e-03 -5.53320000e-04 4.95070000e-04 -3.39180000e-04 1.42900000e-05 -2.28580000e-04 -1.53630000e-04 4.98310000e-04 1.95191000e-03 -1.54410000e-04 9.88760000e-04 3.84000000e-06 1.29206000e-03 -1.35222000e-03 3.71488000e-03 -8.00340000e-04 -3.89800000e-05 2.67180000e-04 -3.19870000e-04 -1.33492000e-03 -1.77730000e-04 -7.46080000e-04 -1.16260000e-04 1.82400000e-04 8.54240000e-04 4.04720000e-04 7.06310000e-04 -7.35110000e-04 -3.00640000e-04 -2.16740000e-04 -4.20150000e-04 -1.78855000e-03 -1.72159000e-03 -1.60680000e-04 -1.58605000e-03 9.51370000e-04 2.48742000e-03 6.04240000e-04 4.41580000e-04 1.01190000e-03 1.51526000e-03 -1.02388000e-03 9.20520000e-04 -3.50460000e-04 -4.91520000e-04 1.26282000e-03 2.64790000e-03 -1.00285000e-03 -1.16000000e-06 9.70806000e-03 -3.24060000e-04 -1.16363000e-03 9.10400000e-05 2.40770000e-03 1.12589000e-03 -9.40380000e-04 -4.99510000e-04 8.16160000e-04 1.84435000e-03 1.00543000e-03 3.68400000e-05 1.27080000e-04 1.08065000e-03 -3.04320000e-04
-3.28910000e-04 -4.70790000e-04 -7.74350000e-04 3.88840000e-04 -7.02210000e-04 1.05222000e-03 5.64880000e-04 -1.22740000e-04 3.90840000e-04 -4.58100000e-05 8.32320000e-04 2.06660000e-04 8.96240000e-04 7.56500000e-05 1.38897000e-03 -7.42730000e-04 5.34000000e-06 -2.33300000e-04 -4.87930000e-04 -2.28840000e-04 2.01000000e-06 1.06015000e-03 -3.83840000e-04 -1.01840000e-04 -1.87704000e-03 3.71200000e-05 1.46500000e-05 -1.62210000e-04 7.05630000e-04 3.59410000e-04 9.85220000e-04 3.29140000e-04 -1.08532000e-03 -1.48665000e-03 -9.01800000e-05 -7.56500000e-05 -4.81140000e-04 -1.85310000e-04 -1.40474000e-03 -6.81100000e-05 1.03190000e-04 5.82550000e-04 -4.11560000e-04 5.23660000e-04 6.69180000e-04 1.18621000e-03 -3.34800000e-04 -1.32730000e-03 -2.59434000e-03 4.63770000e-04 -2.57970000e-04 -6.08610000e-04 6.38550000e-04 -8.11510000e-04 8.78590000e-04 1.74200000e-05 8.42170000e-04 -9.00000000e-08 4.30830000e-04 4.03560000e-04 -4.30500000e-05 -1.94654000e-03 -2.63570000e-04 -1.05264000e-03 6.34700000e-05 -1.86172000e-03 1.92142000e-03 -4.37488000e-03 1.04593000e-03 5.87790000e-04 -4.25880000e-04 3.89380000e-04 1.58004000e-03 2.19750000e-04 6.61820000e-04 -2.07150000e-04 3.94400000e-05 -4.95060000e-04 -4.87680000e-04 -2.69200000e-04 1.07270000e-03 5.01330000e-04 5.87560000e-04 8.48530000e-04 1.62023000e-03 1.95910000e-03 1.32400000e-05 3.84060000e-04 -1.43501000e-03 -2.93750000e-03 -2.52480000e-04 2.52210000e-04 -8.54450000e-04 -9.89450000e-04 1.31346000e-03 -6.60790000e-04 1.61670000e-04 1.17240000e-04 -1.37945000e-03 -2.37010000e-03 2.07168000e-03 1.54090000e-04 -3.24060000e-04 3.16010500e-02 8.91080000e-04 4.19900000e-04 -2.10261000e-03 -1.06005000e-03 1.42925000e-03 1.39229000e-03 -3.80870000e-04 -8.36100000e-04 -1.03165000e-03 2.47810000e-04 8.17500000e-05 -1.27230000e-04 7.43660000e-04
-4.46450000e-04 3.28700000e-04 -1.44725000e-03 7.08680000e-04 4.65270000e-04 5.75084000e-03 6.59350000e-04 -3.29920000e-04 1.64820000e-04 3.37930000e-04 1.49730000e-04 -5.23760000e-04 1.87489000e-03 1.38050000e-04 1.86301000e-03 -1.08274000e-03 3.84660000e-04 -1.78579000e-03 2.31870000e-04 8.52100000e-04 6.24530000e-04 4.38535000e-03 4.75430000e-04 2.61870000e-04 -1.52140000e-04 -1.81108000e-03 7.38000000e-05 -1.14560000e-04 4.10330000e-04 3.35260000e-04 4.18700000e-04 7.11260000e-04 -2.69650000e-03 -1.70847000e-03 -5.85300000e-04 -1.79251000e-03 5.28160000e-04 -8.02590000e-04 -2.80415000e-03 6.19210000e-04 -5.16110000e-04 2.19220000e-04 -3.68310000e-04 2.78179000e-03 7.86390000e-04 6.16270000e-04 -2.35130000e-04 -9.84970000e-04 -3.08472000e-03 4.25800000e-04 3.27000000e-05 -1.47106000e-03 -6.91930000e-04 -1.40557000e-03 8.80030000e-04 -7.91820000e-04 6.32400000e-05 -1.03780000e-04 5.13440000e-04 8.62500000e-04 -6.30210000e-04 -3.27344000e-03 5.33790000e-04 -1.12830000e-03 1.59930000e-04 -1.60180000e-03 1.81356000e-03 -5.39510000e-03 1.15445000e-03 -4.33500000e-05 -1.59180000e-04 6.48980000e-04 1.38909000e-03 5.74240000e-04 1.55571000e-03 4.26620000e-04 -3.07940000e-04 -1.33436000e-03 -1.16533000e-03 -1.14822000e-03 1.02042000e-03 2.64260000e-04 1.00291000e-03 4.08760000e-04 2.83731000e-03 2.27001000e-03 2.65410000e-04 3.16966000e-03 -7.62630000e-04 -3.79764000e-03 -1.31087000e-03 -1.29248000e-03 -1.65142000e-03 -2.20514000e-03 1.84726000e-03 -1.26583000e-03 1.64342000e-03 1.75155000e-03 -2.28186000e-03 -4.02792000e-03 1.41254000e-03 1.70650000e-04 -1.16363000e-03 8.91080000e-04 2.87925700e-02 -4.90000000e-05 -3.54930000e-03 -1.30139000e-03 1.93222000e-03 7.17360000e-04 -9.70650000e-04 -3.27208000e-03 -1.22196000e-03 5.85900000e-05 9.04700000e-05 -1.85118000e-03 7.89850000e-04
-8.29300000e-05 -2.19470000e-04 9.03000000e-06 9.48600000e-05 -2.28780000e-04 -4.99560000e-04 1.39970000e-04 4.19000000e-05 1.76120000e-04 -2.27900000e-05 3.12170000e-04 2.17570000e-04 2.05000000e-05 6.27400000e-05 2.39200000e-04 -7.74100000e-05 -9.04900000e-05 2.07590000e-04 -1.10590000e-04 -3.43570000e-04 -6.18400000e-05 -3.62020000e-04 -2.07580000e-04 -4.79100000e-05 -6.63280000e-04 1.02040000e-04 1.40900000e-05 7.63800000e-05 2.31770000e-04 1.31010000e-04 2.38260000e-04 8.25600000e-05 -1.95300000e-05 -1.93210000e-04 1.05010000e-04 2.93210000e-04 -2.65990000e-04 1.04160000e-04 -1.08600000e-05 -7.86100000e-05 1.69820000e-04 1.90940000e-04 4.54000000e-06 -2.92530000e-04 1.56680000e-04 3.32910000e-04 1.61600000e-05 -2.84730000e-04 -4.07820000e-04 1.24050000e-04 -5.21800000e-05 5.44700000e-05 3.97240000e-04 9.06500000e-05 1.95410000e-04 2.49640000e-04 3.58010000e-04 5.81000000e-05 8.47600000e-05 1.32060000e-04 1.41730000e-04 -1.69800000e-04 -1.60530000e-04 -1.31360000e-04 1.13030000e-04 -3.77980000e-04 4.38140000e-04 -7.11620000e-04 2.00470000e-04 2.90640000e-04 -1.97520000e-04 9.29900000e-05 4.25880000e-04 -1.98000000e-06 5.11200000e-05 -1.16460000e-04 1.34800000e-04 8.27300000e-05 1.40700000e-05 1.28720000e-04 2.79290000e-04 2.13370000e-04 1.87070000e-04 2.82390000e-04 1.35710000e-04 3.68160000e-04 -5.09300000e-05 -4.11910000e-04 -3.97420000e-04 -3.79250000e-04 1.28800000e-04 3.10750000e-04 -1.19500000e-05 -3.72500000e-05 1.96590000e-04 -2.72200000e-05 -8.41700000e-05 -1.42200000e-04 -2.40210000e-04 -1.77640000e-04 5.59280000e-04 -1.18700000e-04 9.10400000e-05 4.19900000e-04 -4.90000000e-05 2.18196100e-02 -1.40500000e-04 -1.18840000e-04 2.64260000e-04 4.83780000e-04 9.23800000e-05 3.80230000e-04 -9.03100000e-05 1.47470000e-04 2.37100000e-05 2.21940000e-04 2.23040000e-04
1.56996000e-03 4.63470000e-04 3.42092000e-03 -1.42221000e-03 1.22645000e-03 -8.56920000e-03 -1.62933000e-03 1.25973000e-03 -4.64280000e-04 -5.87100000e-05 -1.70610000e-03 4.83480000e-04 -3.40576000e-03 2.86900000e-05 -3.78942000e-03 2.66418000e-03 -4.79680000e-04 2.46798000e-03 1.12146000e-03 -2.04280000e-03 -5.43830000e-04 -8.20931000e-03 2.40210000e-04 1.37100000e-04 3.87433000e-03 1.15416000e-03 8.80000000e-05 1.11109000e-03 -1.50585000e-03 -8.37530000e-04 -5.71730000e-03 -1.03010000e-03 4.81350000e-03 5.21021000e-03 8.83420000e-04 2.09431000e-03 3.85600000e-04 1.68922000e-03 6.78995000e-03 -1.87550000e-04 7.49260000e-04 -1.57914000e-03 1.70696000e-03 -5.22431000e-03 -1.75709000e-03 -3.43877000e-03 1.32866000e-03 3.75554000e-03 8.47288000e-03 -1.39180000e-03 6.15150000e-04 3.10080000e-03 -4.27170000e-04 4.17580000e-03 -2.51121000e-03 1.45555000e-03 -1.72883000e-03 2.55960000e-04 -1.20487000e-03 -1.33880000e-04 1.67307000e-03 7.36308000e-03 2.04190000e-04 4.01681000e-03 1.62490000e-04 5.50566000e-03 -6.00452000e-03 1.47922400e-02 -3.44709000e-03 -7.92980000e-04 8.34230000e-04 -1.34010000e-03 -5.59599000e-03 -9.48660000e-04 -2.79598000e-03 -6.52700000e-05 6.03920000e-04 3.09468000e-03 1.58085000e-03 2.15062000e-03 -3.39659000e-03 -1.24463000e-03 -1.00013000e-03 -2.14696000e-03 -7.08872000e-03 -7.21150000e-03 -5.99210000e-04 -5.50496000e-03 3.92174000e-03 1.00936900e-02 1.88134000e-03 9.37110000e-04 3.81948000e-03 4.84861000e-03 -4.44837000e-03 3.02357000e-03 -5.75660000e-04 -9.84410000e-04 4.39144000e-03 1.04114200e-02 -4.99110000e-03 -9.01200000e-04 2.40770000e-03 -2.10261000e-03 -3.54930000e-03 -1.40500000e-04 2.36570700e-02 4.78376000e-03 -4.27839000e-03 -2.77913000e-03 2.62534000e-03 6.59019000e-03 4.40997000e-03 -1.85460000e-04 -3.11000000e-05 2.80994000e-03 -1.72932000e-03
8.06060000e-04 3.56920000e-04 1.61828000e-03 -7.10610000e-04 7.30200000e-04 -3.76998000e-03 -8.31450000e-04 7.15320000e-04 -2.74270000e-04 3.04100000e-05 -9.71290000e-04 1.16960000e-04 -1.53988000e-03 3.29200000e-05 -1.82929000e-03 1.25396000e-03 -2.03480000e-04 9.13490000e-04 6.23730000e-04 -1.01557000e-03 -1.77730000e-04 -3.77623000e-03 2.61180000e-04 1.53590000e-04 2.16951000e-03 3.72770000e-04 8.94800000e-05 6.00960000e-04 -8.40110000e-04 -4.03890000e-04 -3.32556000e-03 -4.76640000e-04 2.17078000e-03 2.64461000e-03 3.62730000e-04 8.08560000e-04 3.79600000e-04 7.63790000e-04 3.31171000e-03 6.90000000e-06 3.00330000e-04 -8.86000000e-04 8.68610000e-04 -2.46965000e-03 -8.96840000e-04 -1.86973000e-03 6.84840000e-04 1.98122000e-03 4.07105000e-03 -7.29250000e-04 3.32120000e-04 1.43478000e-03 -4.20190000e-04 2.14467000e-03 -1.24093000e-03 6.35120000e-04 -1.00067000e-03 1.53600000e-04 -5.99250000e-04 1.66260000e-04 8.22780000e-04 3.50951000e-03 3.26340000e-04 2.09588000e-03 7.87100000e-05 2.82054000e-03 -3.11784000e-03 7.25762000e-03 -1.67782000e-03 -5.53640000e-04 4.55980000e-04 -6.53370000e-04 -2.98367000e-03 -4.40130000e-04 -1.36246000e-03 6.54600000e-05 2.73990000e-04 1.47180000e-03 6.15160000e-04 9.54390000e-04 -1.86870000e-03 -6.88750000e-04 -3.89260000e-04 -1.20030000e-03 -3.60419000e-03 -3.71569000e-03 -3.04600000e-04 -2.61505000e-03 2.04707000e-03 4.85440000e-03 7.85570000e-04 2.45500000e-04 1.79641000e-03 2.35827000e-03 -2.21231000e-03 1.46308000e-03 1.01720000e-04 -1.93000000e-04 2.09476000e-03 5.26777000e-03 -2.66184000e-03 -3.67240000e-04 1.12589000e-03 -1.06005000e-03 -1.30139000e-03 -1.18840000e-04 4.78376000e-03 3.39609100e-02 -2.03829000e-03 -1.48454000e-03 1.32804000e-03 2.90236000e-03 2.35870000e-03 -9.48800000e-05 2.39800000e-05 1.18594000e-03 -8.59450000e-04
-6.37400000e-04 -3.75920000e-04 -1.72412000e-03 7.21750000e-04 -6.93470000e-04 3.73572000e-03 8.88040000e-04 -4.28720000e-04 3.70650000e-04 6.93800000e-05 1.02099000e-03 -3.97200000e-05 1.85772000e-03 5.54800000e-05 2.23451000e-03 -1.29315000e-03 2.51360000e-04 -1.12518000e-03 -6.38470000e-04 7.72730000e-04 2.06030000e-04 3.52144000e-03 -2.39510000e-04 -1.60820000e-04 -1.88091000e-03 -2.95250000e-04 3.03200000e-05 -4.24060000e-04 9.17210000e-04 5.28040000e-04 2.29059000e-03 5.65030000e-04 -2.43259000e-03 -2.64349000e-03 -3.73530000e-04 -9.22550000e-04 -3.51030000e-04 -6.42760000e-04 -3.21674000e-03 2.74600000e-05 -1.72470000e-04 8.77020000e-04 -8.44250000e-04 2.14345000e-03 1.00239000e-03 1.82572000e-03 -6.68610000e-04 -2.12301000e-03 -4.24354000e-03 7.44600000e-04 -3.37200000e-04 -1.49320000e-03 4.12300000e-04 -2.18280000e-03 1.40334000e-03 -4.93470000e-04 9.51130000e-04 -6.17200000e-05 7.13890000e-04 3.70180000e-04 -5.83290000e-04 -3.76980000e-03 -1.11550000e-04 -1.95676000e-03 -7.26100000e-05 -3.03301000e-03 3.15346000e-03 -7.75075000e-03 1.95249000e-03 5.49940000e-04 -4.43580000e-04 7.56380000e-04 2.67741000e-03 5.48750000e-04 1.43623000e-03 -1.33170000e-04 -1.99240000e-04 -1.34788000e-03 -9.11840000e-04 -8.67540000e-04 1.68141000e-03 6.27630000e-04 8.60250000e-04 1.16991000e-03 3.21364000e-03 3.52572000e-03 2.44740000e-04 2.28906000e-03 -2.28008000e-03 -5.26568000e-03 -8.97690000e-04 -3.10770000e-04 -1.77816000e-03 -2.16770000e-03 2.39869000e-03 -1.41538000e-03 5.23640000e-04 5.87660000e-04 -2.22158000e-03 -4.75057000e-03 3.17055000e-03 6.40900000e-04 -9.40380000e-04 1.42925000e-03 1.93222000e-03 2.64260000e-04 -4.27839000e-03 -2.03829000e-03 2.84117200e-02 1.77168000e-03 -1.09626000e-03 -3.04837000e-03 -1.93512000e-03 2.23090000e-04 3.06560000e-04 -1.02807000e-03 1.19910000e-03
-6.38570000e-04 -8.16860000e-04 -1.11789000e-03 4.74660000e-04 -1.32094000e-03 1.11189000e-03 6.93210000e-04 -5.83100000e-05 5.01740000e-04 -2.05430000e-04 1.25014000e-03 3.31610000e-04 9.13530000e-04 7.57000000e-06 1.59232000e-03 -1.00265000e-03 -6.29500000e-05 -1.17960000e-04 -8.82830000e-04 -1.78400000e-04 -1.97680000e-04 1.56845000e-03 -7.24440000e-04 -2.70960000e-04 -3.05087000e-03 5.13950000e-04 -4.51900000e-05 -3.72010000e-04 9.55100000e-04 4.43930000e-04 2.39810000e-03 3.14730000e-04 -1.25804000e-03 -2.15551000e-03 -1.20360000e-04 1.98850000e-04 -8.75170000e-04 -2.62860000e-04 -1.96312000e-03 -2.86790000e-04 1.34100000e-04 9.12490000e-04 -6.95560000e-04 6.65710000e-04 7.91570000e-04 1.87511000e-03 -6.00180000e-04 -1.97998000e-03 -3.66167000e-03 6.48520000e-04 -4.96390000e-04 -8.18270000e-04 1.12623000e-03 -1.42611000e-03 1.17441000e-03 4.21400000e-05 1.35800000e-03 2.05500000e-05 4.99720000e-04 3.57270000e-04 -2.10260000e-04 -2.57980000e-03 -4.43500000e-04 -1.64963000e-03 -4.39100000e-05 -2.79404000e-03 2.79094000e-03 -6.21957000e-03 1.48780000e-03 8.58770000e-04 -6.45490000e-04 4.67290000e-04 2.53329000e-03 2.18870000e-04 7.85950000e-04 -4.18580000e-04 1.24600000e-05 -7.32200000e-04 -4.30460000e-04 -3.01390000e-04 1.58657000e-03 7.92670000e-04 5.43750000e-04 1.29735000e-03 2.25428000e-03 2.95949000e-03 -2.98900000e-05 4.15230000e-04 -2.30114000e-03 -4.09679000e-03 -2.10530000e-04 6.19400000e-04 -1.16131000e-03 -1.41529000e-03 1.76141000e-03 -9.73620000e-04 -1.41700000e-04 -1.61410000e-04 -1.61754000e-03 -3.09530000e-03 2.94701000e-03 1.96290000e-04 -4.99510000e-04 1.39229000e-03 7.17360000e-04 4.83780000e-04 -2.77913000e-03 -1.48454000e-03 1.77168000e-03 2.93926600e-02 -6.79410000e-04 -1.06685000e-03 -1.40341000e-03 2.68800000e-04 2.41200000e-05 -1.23060000e-04 8.41000000e-04
6.66330000e-04 1.80200000e-04 9.54740000e-04 -3.91170000e-04 4.02800000e-04 -2.51085000e-03 -4.05330000e-04 1.71770000e-04 -2.61420000e-04 -7.27000000e-06 -4.71310000e-04 1.35540000e-04 -7.67490000e-04 7.04000000e-06 -9.33610000e-04 7.23700000e-04 -7.82600000e-05 6.67850000e-04 3.30770000e-04 -5.55070000e-04 -1.12220000e-04 -2.58725000e-03 1.31330000e-04 7.05800000e-05 1.27011000e-03 1.31600000e-04 1.37780000e-04 3.57390000e-04 -4.42970000e-04 -2.23960000e-04 -2.05482000e-03 -2.63360000e-04 1.33459000e-03 1.50826000e-03 2.19090000e-04 6.10330000e-04 1.97290000e-04 5.17450000e-04 2.07207000e-03 -1.83900000e-05 2.56610000e-04 -4.44050000e-04 5.22260000e-04 -1.46595000e-03 -4.48970000e-04 -1.09075000e-03 3.86410000e-04 1.11741000e-03 2.35511000e-03 -3.86260000e-04 1.79130000e-04 8.73080000e-04 -1.33960000e-04 1.22922000e-03 -6.77630000e-04 4.98240000e-04 -5.06710000e-04 2.53700000e-05 -2.50040000e-04 -8.48600000e-05 5.46850000e-04 2.07580000e-03 -3.14400000e-05 1.23677000e-03 5.69800000e-05 1.62974000e-03 -1.65667000e-03 4.27080000e-03 -9.78190000e-04 -2.32840000e-04 3.36240000e-04 -3.69840000e-04 -1.66540000e-03 -1.85160000e-04 -7.58210000e-04 1.39900000e-05 1.82250000e-04 8.99430000e-04 3.29680000e-04 6.25410000e-04 -1.01136000e-03 -3.67520000e-04 -1.63030000e-04 -6.66430000e-04 -2.03144000e-03 -2.05275000e-03 -1.38700000e-04 -1.52909000e-03 1.23388000e-03 2.77918000e-03 5.14890000e-04 2.80490000e-04 1.06029000e-03 1.59083000e-03 -1.12377000e-03 9.95240000e-04 -1.43000000e-04 -3.27660000e-04 1.24420000e-03 2.89940000e-03 -1.36439000e-03 -4.72000000e-06 8.16160000e-04 -3.80870000e-04 -9.70650000e-04 9.23800000e-05 2.62534000e-03 1.32804000e-03 -1.09626000e-03 -6.79410000e-04 3.19272200e-02 1.88377000e-03 1.16371000e-03 5.97300000e-05 1.11570000e-04 1.12641000e-03 -3.81040000e-04
7.07500000e-04 -2.49030000e-04 3.07785000e-03 -7.16840000e-04 5.15420000e-04 -7.61530000e-03 -9.15650000e-04 1.13866000e-03 2.97020000e-04 6.75000000e-05 -5.01370000e-04 9.18970000e-04 -3.09159000e-03 3.87000000e-04 -2.70118000e-03 2.30301000e-03 -8.37460000e-04 2.71109000e-03 9.61510000e-04 -2.50099000e-03 -5.54740000e-04 -7.32284000e-03 -4.07000000e-04 1.13300000e-05 1.09192000e-03 9.81340000e-04 -1.66680000e-04 1.05003000e-03 -5.23190000e-04 -3.85210000e-04 -3.22425000e-03 -4.08710000e-04 3.96155000e-03 3.53105000e-03 1.22683000e-03 2.48129000e-03 -5.20630000e-04 1.41102000e-03 5.13624000e-03 -4.84330000e-04 8.63530000e-04 -6.48700000e-04 1.46454000e-03 -4.58521000e-03 -1.00784000e-03 -1.77038000e-03 1.18941000e-03 2.14936000e-03 6.36064000e-03 -7.45950000e-04 5.40870000e-04 2.88117000e-03 8.33570000e-04 3.27951000e-03 -1.63828000e-03 1.56640000e-03 -3.21330000e-04 6.06590000e-04 -8.80170000e-04 -2.81600000e-05 1.80526000e-03 5.64739000e-03 -3.26340000e-04 2.67317000e-03 6.35700000e-04 3.44974000e-03 -3.55033000e-03 1.05913200e-02 -2.36082000e-03 1.80050000e-04 -2.48850000e-04 -7.63920000e-04 -3.37722000e-03 -1.09505000e-03 -1.68744000e-03 -3.54050000e-04 8.91440000e-04 2.96103000e-03 1.65792000e-03 1.82704000e-03 -1.71836000e-03 -3.75300000e-04 -7.60050000e-04 -8.84850000e-04 -5.01544000e-03 -4.72965000e-03 -6.35640000e-04 -4.96471000e-03 1.78920000e-03 7.78793000e-03 1.95723000e-03 1.67660000e-03 3.43015000e-03 3.18255000e-03 -2.81742000e-03 1.97421000e-03 -1.10407000e-03 -1.01391000e-03 2.64645000e-03 7.22172000e-03 -1.89400000e-03 -1.77259000e-03 1.84435000e-03 -8.36100000e-04 -3.27208000e-03 3.80230000e-04 6.59019000e-03 2.90236000e-03 -3.04837000e-03 -1.06685000e-03 1.88377000e-03 6.69005000e-02 3.00153000e-03 6.00800000e-05 -3.45730000e-04 2.73418000e-03 -9.17300000e-04
5.70570000e-04 3.42710000e-04 1.66404000e-03 -5.52170000e-04 8.85090000e-04 -3.37467000e-03 -7.47320000e-04 7.53220000e-04 -9.95400000e-05 1.07470000e-04 -9.02410000e-04 1.88670000e-04 -1.60438000e-03 1.25000000e-04 -1.82441000e-03 1.31584000e-03 -2.82070000e-04 9.68500000e-04 7.94680000e-04 -1.02641000e-03 -1.37180000e-04 -3.42486000e-03 2.38480000e-04 1.65950000e-04 2.03165000e-03 1.68000000e-04 -1.60000000e-05 6.80190000e-04 -7.24130000e-04 -3.39730000e-04 -2.77680000e-03 -3.47250000e-04 2.07673000e-03 2.55213000e-03 4.39090000e-04 7.85490000e-04 2.88940000e-04 7.37130000e-04 3.03765000e-03 1.27800000e-05 2.99100000e-04 -7.79580000e-04 9.35110000e-04 -2.26191000e-03 -8.21370000e-04 -1.69075000e-03 7.75610000e-04 1.88634000e-03 4.13122000e-03 -6.57140000e-04 4.17720000e-04 1.46029000e-03 -3.26820000e-04 2.18824000e-03 -1.21660000e-03 6.49460000e-04 -8.69230000e-04 2.36590000e-04 -6.08260000e-04 1.89160000e-04 7.96660000e-04 3.42566000e-03 2.98990000e-04 1.97564000e-03 2.24700000e-04 2.77759000e-03 -2.93204000e-03 7.03060000e-03 -1.61280000e-03 -4.25300000e-04 2.40280000e-04 -5.37610000e-04 -2.65237000e-03 -4.82880000e-04 -1.17003000e-03 7.66900000e-05 3.36230000e-04 1.46454000e-03 7.71170000e-04 9.27870000e-04 -1.57355000e-03 -5.57060000e-04 -4.07700000e-04 -1.05164000e-03 -3.30387000e-03 -3.44683000e-03 -3.18300000e-04 -2.35283000e-03 1.82900000e-03 4.93095000e-03 7.76140000e-04 2.38390000e-04 1.82665000e-03 2.01455000e-03 -2.11292000e-03 1.29989000e-03 9.58400000e-05 -3.14500000e-05 1.88104000e-03 4.82887000e-03 -2.40409000e-03 -7.20010000e-04 1.00543000e-03 -1.03165000e-03 -1.22196000e-03 -9.03100000e-05 4.40997000e-03 2.35870000e-03 -1.93512000e-03 -1.40341000e-03 1.16371000e-03 3.00153000e-03 2.39210900e-02 -8.80200000e-05 -4.82100000e-05 8.56460000e-04 -7.32410000e-04
-2.87200000e-05 -4.10400000e-05 -4.59300000e-05 7.33100000e-05 -1.96500000e-05 -7.62000000e-05 1.15300000e-04 -2.60900000e-05 7.55400000e-05 2.56200000e-05 1.59720000e-04 1.00400000e-04 8.38800000e-05 6.46400000e-05 1.57280000e-04 -4.46000000e-05 -2.13600000e-05 -8.90000000e-06 2.37900000e-05 -1.42680000e-04 -2.72300000e-05 -9.72900000e-05 -5.03900000e-05 -1.14000000e-06 -2.22600000e-04 -1.23470000e-04 4.55900000e-05 7.62800000e-05 1.04430000e-04 7.84500000e-05 8.11900000e-05 9.00500000e-05 -1.01820000e-04 -1.11120000e-04 -2.28900000e-05 6.97400000e-05 -5.13000000e-05 3.32100000e-05 -5.43000000e-05 -2.86000000e-05 8.31300000e-05 1.11560000e-04 3.28700000e-05 -4.30000000e-05 1.14670000e-04 1.51720000e-04 -4.31000000e-06 -1.27950000e-04 -2.75060000e-04 9.39000000e-05 -4.55000000e-06 -1.67200000e-05 1.52820000e-04 5.60000000e-05 1.18830000e-04 9.22100000e-05 1.62040000e-04 6.22500000e-05 6.41300000e-05 4.64900000e-05 6.61700000e-05 -1.95820000e-04 -1.38420000e-04 -4.72200000e-05 4.24600000e-05 -1.19120000e-04 2.54450000e-04 -5.39840000e-04 1.62130000e-04 9.40800000e-05 -8.87500000e-05 9.44400000e-05 1.83290000e-04 3.18000000e-05 8.91300000e-05 -5.94700000e-05 4.77800000e-05 1.83700000e-05 -2.74400000e-05 1.98500000e-05 1.09430000e-04 9.60900000e-05 1.79180000e-04 1.26040000e-04 8.83500000e-05 2.04580000e-04 -5.95700000e-05 -8.19200000e-05 -2.15470000e-04 -2.97990000e-04 -2.66700000e-05 9.31900000e-05 -3.11900000e-05 -5.05600000e-05 1.92500000e-04 -1.33600000e-05 9.60000000e-06 -1.74100000e-05 -1.38130000e-04 -2.04940000e-04 3.20650000e-04 1.04300000e-05 3.68400000e-05 2.47810000e-04 5.85900000e-05 1.47470000e-04 -1.85460000e-04 -9.48800000e-05 2.23090000e-04 2.68800000e-04 5.97300000e-05 6.00800000e-05 -8.80200000e-05 1.35102700e-02 5.83800000e-05 1.06070000e-04 1.90640000e-04
2.46720000e-04 9.19200000e-05 -1.30580000e-04 5.37000000e-06 1.45940000e-04 1.79800000e-04 2.40300000e-05 -1.58780000e-04 -1.37320000e-04 4.24200000e-05 -4.69500000e-05 -1.77000000e-05 2.86510000e-04 -2.51800000e-05 1.90530000e-04 7.11000000e-06 1.48370000e-04 -1.24110000e-04 7.36000000e-06 3.44500000e-04 4.34000000e-05 2.36400000e-05 1.02000000e-04 -4.31400000e-05 6.14680000e-04 2.54500000e-05 1.12150000e-04 2.05900000e-05 -3.52200000e-05 6.23000000e-06 -2.82640000e-04 1.15000000e-05 -1.32100000e-04 -7.30000000e-06 -6.14400000e-05 -1.46410000e-04 1.26660000e-04 3.88200000e-05 -2.30500000e-05 6.14300000e-05 3.12900000e-05 -1.88100000e-05 -3.21200000e-05 1.79960000e-04 3.74500000e-05 -8.03800000e-05 -3.96800000e-05 -9.30000000e-06 1.22580000e-04 5.00000000e-08 5.72000000e-06 -1.04850000e-04 -1.47810000e-04 -2.98370000e-04 4.15700000e-05 -1.23300000e-05 -1.54290000e-04 -6.45000000e-05 9.93000000e-05 -9.74700000e-05 -1.73100000e-05 -1.08000000e-04 -4.57000000e-06 4.12300000e-05 -7.23900000e-05 -2.67000000e-06 3.69900000e-05 -4.04100000e-05 1.13790000e-04 -6.13800000e-05 2.10500000e-04 5.80700000e-05 -1.43660000e-04 1.56370000e-04 1.00320000e-04 5.83000000e-06 -4.57200000e-05 -5.30400000e-05 -1.50240000e-04 6.69000000e-06 -9.17400000e-05 -1.09000000e-04 1.75850000e-04 -7.38700000e-05 -4.04000000e-06 -1.73000000e-05 9.29000000e-05 3.32990000e-04 1.02460000e-04 -1.42290000e-04 -1.05410000e-04 -1.31820000e-04 -3.77000000e-05 1.93020000e-04 1.87130000e-04 1.01830000e-04 8.60400000e-05 1.95200000e-05 1.21280000e-04 -2.80400000e-05 1.36610000e-04 4.16450000e-04 1.27080000e-04 8.17500000e-05 9.04700000e-05 2.37100000e-05 -3.11000000e-05 2.39800000e-05 3.06560000e-04 2.41200000e-05 1.11570000e-04 -3.45730000e-04 -4.82100000e-05 5.83800000e-05 1.67553800e-02 2.08160000e-04 1.62450000e-04
1.10951000e-03 -2.26180000e-04 8.06040000e-04 -5.06670000e-04 -5.00270000e-04 -3.48995000e-03 -4.01980000e-04 -8.75000000e-06 -6.21520000e-04 -2.83450000e-04 1.72000000e-06 2.55020000e-04 -8.06060000e-04 -1.73980000e-04 -7.87440000e-04 7.34200000e-04 3.10400000e-05 1.22084000e-03 -2.08760000e-04 -2.88190000e-04 -4.76020000e-04 -3.44031000e-03 -2.73750000e-04 -2.14870000e-04 4.80480000e-04 8.98440000e-04 3.18100000e-04 3.50500000e-05 -2.98820000e-04 -3.44420000e-04 -1.55359000e-03 -4.09880000e-04 1.71850000e-03 1.06458000e-03 2.15540000e-04 1.31486000e-03 -1.68170000e-04 5.94400000e-04 2.42148000e-03 -4.23030000e-04 3.67790000e-04 -2.41080000e-04 2.19770000e-04 -1.67813000e-03 -3.87730000e-04 -7.85020000e-04 -1.36800000e-05 5.84530000e-04 1.94927000e-03 -3.06690000e-04 -1.61160000e-04 9.47650000e-04 4.41090000e-04 3.62800000e-05 -5.24870000e-04 6.41940000e-04 -1.07700000e-04 -9.19600000e-05 -1.38340000e-04 -5.16650000e-04 6.75480000e-04 2.01330000e-03 -4.72740000e-04 8.98530000e-04 -2.14370000e-04 7.59420000e-04 -9.42600000e-04 3.73270000e-03 -8.26490000e-04 -2.74200000e-05 5.33900000e-04 -4.76260000e-04 -1.47853000e-03 -1.78490000e-04 -7.23760000e-04 -3.28050000e-04 1.06980000e-04 1.03881000e-03 2.85740000e-04 7.81280000e-04 -8.89760000e-04 -2.66420000e-04 -1.89000000e-04 -4.36720000e-04 -1.94392000e-03 -1.60088000e-03 -1.56730000e-04 -1.74425000e-03 7.55950000e-04 2.18884000e-03 8.12620000e-04 1.07415000e-03 1.18382000e-03 2.06264000e-03 -4.78600000e-04 1.14566000e-03 -8.92160000e-04 -1.09373000e-03 1.59507000e-03 3.15277000e-03 -2.11190000e-04 7.02190000e-04 1.08065000e-03 -1.27230000e-04 -1.85118000e-03 2.21940000e-04 2.80994000e-03 1.18594000e-03 -1.02807000e-03 -1.23060000e-04 1.12641000e-03 2.73418000e-03 8.56460000e-04 1.06070000e-04 2.08160000e-04 3.62083000e-02 -4.88710000e-04
-3.30050000e-04 -1.44640000e-04 -5.38370000e-04 3.74770000e-04 -6.68900000e-05 1.22760000e-03 4.50040000e-04 -1.02980000e-04 3.46150000e-04 1.46620000e-04 4.83080000e-04 1.12630000e-04 7.12330000e-04 1.67190000e-04 9.28690000e-04 -3.84450000e-04 1.67400000e-05 -3.84550000e-04 -8.35500000e-05 6.72000000e-05 1.05340000e-04 1.10980000e-03 -1.06950000e-04 -3.80200000e-05 -6.53190000e-04 -1.80510000e-04 -1.30500000e-05 -1.98000000e-06 4.72370000e-04 2.91300000e-04 8.31470000e-04 3.37850000e-04 -9.55020000e-04 -9.85070000e-04 -6.13300000e-05 -3.30380000e-04 -1.93660000e-04 -1.78400000e-04 -1.26278000e-03 3.15000000e-05 3.11100000e-05 4.30250000e-04 -2.07790000e-04 6.47910000e-04 4.88350000e-04 7.88160000e-04 -1.52540000e-04 -8.94710000e-04 -1.42726000e-03 3.58080000e-04 -1.86300000e-05 -4.58690000e-04 2.77850000e-04 -5.65570000e-04 5.87560000e-04 -8.26100000e-05 4.57630000e-04 1.02010000e-04 3.13610000e-04 2.38270000e-04 -7.23100000e-05 -1.42977000e-03 -1.38160000e-04 -7.04460000e-04 9.58500000e-05 -1.07858000e-03 1.25837000e-03 -3.02867000e-03 8.34300000e-04 3.26810000e-04 -3.26220000e-04 4.11510000e-04 1.06720000e-03 1.84790000e-04 6.44050000e-04 -9.49900000e-05 3.14500000e-05 -3.65250000e-04 -2.64070000e-04 -2.81410000e-04 7.28860000e-04 3.05900000e-04 4.14720000e-04 5.30190000e-04 1.18067000e-03 1.33335000e-03 3.12600000e-05 7.28210000e-04 -1.00512000e-03 -1.85541000e-03 -3.18840000e-04 -9.03300000e-05 -5.30080000e-04 -9.06710000e-04 9.38070000e-04 -5.66340000e-04 2.40330000e-04 3.30000000e-04 -9.89380000e-04 -1.94080000e-03 1.48793000e-03 2.93600000e-05 -3.04320000e-04 7.43660000e-04 7.89850000e-04 2.23040000e-04 -1.72932000e-03 -8.59450000e-04 1.19910000e-03 8.41000000e-04 -3.81040000e-04 -9.17300000e-04 -7.32410000e-04 1.90640000e-04 1.62450000e-04 -4.88710000e-04 1.78187800e-02
