2.90386000e-03 2.64170000e-04 -3.07460000e-04 -1.67884000e-03 1.04898000e-03 5.29430000e-04 8.58040000e-04 -1.17989000e-03 -1.14372000e-03 -9.17780000e-04 1.48160000e-04 1.59100000e-05 -4.71720000e-04 1.44680000e-04 1.69118000e-03 -5.33290000e-04 1.66315000e-03 1.77728000e-03 8.46400000e-04 -4.77480000e-04 -4.29000000e-04 -8.53800000e-05 -1.31428000e-03 2.01249000e-03 -1.23063000e-03 5.41530000e-04 4.30140000e-04 -1.34062000e-03 2.38000000e-04 7.85450000e-04 5.65590000e-04 4.86290000e-04 -3.08690000e-04 -1.05828000e-03 3.36990000e-04 1.22414000e-03 -5.00000000e-07 1.84546000e-03 2.15771000e-03 -2.44039000e-03 1.41670000e-04 -1.18792000e-03 8.42400000e-04 -4.24150000e-04 -8.72740000e-04 4.85420000e-04 -3.50580000e-04 1.99660000e-04 2.06214000e-03 2.21410000e-04 -9.61800000e-05 2.63630000e-04 -8.47130000e-04 1.03095000e-03 3.35450000e-04 1.05385000e-03 3.01570000e-04 -6.47280000e-04 5.81170000e-04 -9.39660000e-04 -2.17155000e-03 -1.39204000e-03 6.03840000e-04 1.09419000e-03 1.46494000e-03 5.86290000e-04 -4.73950000e-04 7.43750000e-04 8.40370000e-04 -1.69576000e-03 4.73740000e-04 7.12970000e-04 -3.56450000e-04 1.56500000e-05 7.12350000e-04 1.00202000e-03 -6.71300000e-05 -2.05336000e-03 -2.43600000e-05 3.11090000e-04 -3.51190000e-04 4.91870000e-04 8.60930000e-04 -7.62390000e-04 1.78984000e-03 -1.47451000e-03 -6.87860000e-04 4.52840000e-04 1.10209000e-03 -6.92590000e-04 -1.12557000e-03 1.53049000e-03 5.99690000e-04 -6.98710000e-04 -1.30509000e-03 -3.58624000e-03 1.12520000e-04 2.06109000e-03 -1.00741000e-03 4.80530000e-04 -3.40510000e-04 -2.26190000e-04 3.87300000e-05 1.61084000e-03 -3.10900000e-05 -7.15210000e-04 -4.09770000e-04 2.94430000e-04 7.05050000e-04 5.39690000e-04 5.15370000e-04 3.03412000e-03 1.57599000e-03 8.61800000e-04 1.97637000e-03 9.18010000e-04 2.99849000e-03
-1.28000000e-06 2.70000000e-06 4.76680000e-04 -2.35680000e-04 -5.14100000e-04 -2.01100000e-04 2.43050000e-04 4.97420000e-04 -6.41500000e-05 2.30790000e-04 3.26870000e-04 8.71300000e-05 3.51300000e-04 -8.18600000e-05 8.87240000e-04 5.43000000e-04 6.08450000e-04 1.18115000e-03 -3.28500000e-05 3.89520000e-04 3.86320000e-04 2.45210000e-04 -1.20020000e-04 1.04590000e-03 2.46600000e-05 -1.92480000e-04 1.55570000e-04 5.33570000e-04 2.11560000e-04 -5.27600000e-05 1.42000000e-04 5.55140000e-04 2.48660000e-04 -3.44400000e-04 5.29280000e-04 2.75650000e-04 3.57600000e-05 -5.94670000e-04 6.98480000e-04 5.11170000e-04 1.76650000e-04 1.59530000e-04 1.00900000e-05 1.43440000e-04 7.18300000e-05 7.21420000e-04 -5.99000000e-06 3.06710000e-04 -6.87100000e-04 5.10400000e-04 3.50300000e-04 3.07380000e-04 2.21270000e-04 -4.70790000e-04 3.02220000e-04 1.69800000e-04 -3.57050000e-04 4.19280000e-04 -2.41640000e-04 3.42710000e-04 -1.25650000e-04 1.58930000e-04 -1.10000000e-07 4.61460000e-04 2.01645000e-03 -8.03890000e-04 1.34540000e-04 1.69890000e-04 -1.15644000e-03 8.70030000e-04 2.80920000e-04 -7.27300000e-05 3.16560000e-04 2.55140000e-04 7.48980000e-04 -3.67430000e-04 7.23600000e-05 -2.45770000e-04 7.28440000e-04 3.80780000e-04 3.33890000e-04 -2.77850000e-04 4.06800000e-05 2.50600000e-05 -6.81670000e-04 3.20900000e-05 2.49580000e-04 -3.81090000e-04 -4.30130000e-04 3.82720000e-04 9.19800000e-05 -1.89130000e-04 -6.00850000e-04 5.18330000e-04 5.16580000e-04 1.55146000e-03 -5.40310000e-04 2.65080000e-04 2.77110000e-04 3.44970000e-04 3.93260000e-04 1.84920000e-04 3.30800000e-05 1.54970000e-04 3.39290000e-04 2.52940000e-04 6.66210000e-04 1.65900000e-05 2.92700000e-04 8.23850000e-04 -2.16020000e-04 9.51330000e-04 -5.69400000e-05 6.34160000e-04 -3.86480000e-04 2.47720000e-04 -4.85380000e-04
-2.05385800e-02 -2.57402000e-03 1.72641000e-03 1.28020800e-02 -4.72584000e-03 -2.65625000e-03 -5.12123000e-03 7.06013000e-03 9.48103000e-03 6.94216000e-03 -8.56310000e-04 9.69400000e-04 3.44398000e-03 -4.67710000e-04 -1.26915000e-02 2.64109000e-03 -1.07173600e-02 -1.18145800e-02 -5.46127000e-03 3.34370000e-03 1.67105000e-03 6.10600000e-05 1.07290000e-02 -1.21967700e-02 9.60855000e-03 -2.49691000e-03 -2.56151000e-03 8.44807000e-03 -5.12280000e-04 -5.21695000e-03 -4.87380000e-03 -2.67461000e-03 2.05547000e-03 6.99701000e-03 -2.49542000e-03 -1.02068100e-02 3.05070000e-04 -1.00343800e-02 -1.64754000e-02 1.63607600e-02 -4.11240000e-04 8.30145000e-03 -5.10713000e-03 2.53123000e-03 6.23473000e-03 -4.80428000e-03 3.19493000e-03 -5.61191000e-03 -8.43704000e-03 -2.57782000e-03 9.81810000e-04 -2.63991000e-03 5.07228000e-03 -4.37488000e-03 -3.24399000e-03 -7.68025000e-03 -2.54810000e-04 6.41380000e-03 -2.98648000e-03 7.03060000e-03 1.65965600e-02 1.02076400e-02 -2.71837000e-03 -7.44521000e-03 -1.05835300e-02 2.96216000e-03 2.50058000e-03 -3.82715000e-03 3.66700000e-04 1.03605100e-02 -1.53174000e-03 -4.19887000e-03 2.05029000e-03 -1.63807000e-03 -6.23443000e-03 -5.64350000e-03 6.41580000e-04 1.63283500e-02 1.60418000e-03 -2.03599000e-03 3.20339000e-03 -1.55865000e-03 -5.45865000e-03 4.68473000e-03 -9.25480000e-03 1.10114600e-02 4.91594000e-03 -5.04200000e-04 -4.60876000e-03 4.56667000e-03 7.35020000e-03 -9.82716000e-03 -1.20245000e-03 2.26234000e-03 8.18987000e-03 1.87095500e-02 1.15278000e-03 -1.47640500e-02 8.33468000e-03 -3.66487000e-03 2.04945000e-03 1.12530000e-03 3.58000000e-04 -8.97907000e-03 -8.08400000e-04 5.08227000e-03 9.85830000e-04 -8.76130000e-04 -5.10996000e-03 -6.64864000e-03 -2.83572000e-03 -2.13777300e-02 -8.47186000e-03 -9.17392000e-03 -1.04506300e-02 -5.50504000e-03 -1.29627900e-02
2.01578000e-03 2.36660000e-04 -3.83600000e-05 -1.32151000e-03 4.05040000e-04 3.23050000e-04 6.85460000e-04 -5.20780000e-04 -1.04056000e-03 -6.58380000e-04 2.96080000e-04 1.95300000e-05 -1.66210000e-04 8.16700000e-05 1.67094000e-03 -1.70730000e-04 1.49803000e-03 1.75630000e-03 5.15660000e-04 -1.91560000e-04 -2.04710000e-04 4.30800000e-05 -1.15879000e-03 1.85683000e-03 -9.84640000e-04 2.60350000e-04 3.21370000e-04 -7.68350000e-04 2.32250000e-04 4.56860000e-04 4.57370000e-04 5.16830000e-04 -2.03600000e-04 -9.52470000e-04 3.80270000e-04 9.83880000e-04 -5.11600000e-05 9.60610000e-04 1.82473000e-03 -1.61223000e-03 1.30600000e-04 -8.51580000e-04 6.09750000e-04 -4.09860000e-04 -7.02680000e-04 6.52390000e-04 -2.96480000e-04 2.65250000e-04 8.97170000e-04 3.73880000e-04 5.33800000e-05 2.92030000e-04 -5.15040000e-04 3.88840000e-04 3.07360000e-04 7.35690000e-04 -1.98700000e-05 -5.94880000e-04 3.36600000e-04 -5.52170000e-04 -1.77367000e-03 -1.03783000e-03 4.31470000e-04 1.02873000e-03 1.86135000e-03 -2.85940000e-04 -3.33050000e-04 4.52620000e-04 -2.67690000e-04 -7.77780000e-04 3.43420000e-04 4.20790000e-04 -2.15870000e-04 7.99300000e-05 9.52500000e-04 4.74430000e-04 -3.77700000e-05 -1.76561000e-03 1.87000000e-04 4.80970000e-04 -1.32610000e-04 1.66610000e-04 5.13490000e-04 -6.28780000e-04 8.73650000e-04 -1.15530000e-03 -4.18610000e-04 7.64100000e-05 4.43180000e-04 -3.26590000e-04 -8.61550000e-04 1.01834000e-03 7.09500000e-05 -8.31600000e-05 -6.25780000e-04 -1.56953000e-03 -2.74910000e-04 1.61393000e-03 -8.52680000e-04 5.62810000e-04 2.42900000e-05 2.07600000e-05 7.86800000e-05 1.05819000e-03 2.17340000e-04 -3.09010000e-04 1.56340000e-04 2.62940000e-04 7.01360000e-04 8.62140000e-04 2.55780000e-04 2.60942000e-03 9.84870000e-04 9.48580000e-04 9.84990000e-04 7.23890000e-04 1.35893000e-03
-8.46990000e-04 4.03200000e-05 8.63400000e-04 6.12700000e-05 -8.02050000e-04 -7.58800000e-05 3.72690000e-04 1.22772000e-03 1.72370000e-04 6.64210000e-04 6.19920000e-04 3.98810000e-04 9.21620000e-04 -5.06600000e-05 7.75630000e-04 9.42210000e-04 6.52410000e-04 1.29633000e-03 -2.82250000e-04 8.55500000e-04 4.27030000e-04 4.04770000e-04 1.59460000e-04 1.28352000e-03 4.79330000e-04 -2.90440000e-04 2.81970000e-04 1.09870000e-03 5.32590000e-04 -3.09760000e-04 -2.47600000e-05 8.91560000e-04 4.27360000e-04 -5.78700000e-04 7.64360000e-04 -8.76800000e-05 1.00180000e-04 -1.23769000e-03 3.37710000e-04 1.30244000e-03 3.81300000e-04 5.45930000e-04 6.67000000e-06 1.56230000e-04 2.09990000e-04 8.83920000e-04 1.99270000e-04 -2.38210000e-04 -1.16243000e-03 6.70190000e-04 6.69360000e-04 3.06890000e-04 4.55670000e-04 -7.02210000e-04 1.78420000e-04 -6.06300000e-05 -2.54180000e-04 8.66240000e-04 -1.66370000e-04 8.85090000e-04 2.36940000e-04 6.06830000e-04 2.06200000e-04 5.44570000e-04 2.80763000e-03 -6.59420000e-04 1.99190000e-04 1.90380000e-04 -1.40833000e-03 1.68133000e-03 6.28290000e-04 -2.36400000e-04 5.22550000e-04 8.90700000e-05 9.85080000e-04 -7.05020000e-04 1.86020000e-04 2.54980000e-04 1.34120000e-03 6.21830000e-04 7.81150000e-04 -3.41810000e-04 -1.00750000e-04 -5.52700000e-05 -1.28478000e-03 4.52060000e-04 6.01950000e-04 -3.50840000e-04 -6.29430000e-04 8.42100000e-04 1.18830000e-04 -4.58100000e-04 -7.64030000e-04 9.30730000e-04 1.29686000e-03 2.96488000e-03 -6.24840000e-04 -2.21870000e-04 6.47330000e-04 6.30340000e-04 9.71540000e-04 5.85280000e-04 3.72550000e-04 6.18300000e-05 6.89170000e-04 9.17900000e-04 1.20227000e-03 3.46400000e-04 5.19110000e-04 1.14750000e-03 -1.91940000e-04 6.37720000e-04 -1.11140000e-04 3.38020000e-04 -6.30540000e-04 4.48980000e-04 -6.35280000e-04
-7.02231000e-03 -9.60700000e-04 8.35410000e-04 3.53288000e-03 -1.14364000e-03 -8.42870000e-04 -1.16533000e-03 1.72861000e-03 3.40344000e-03 2.56597000e-03 1.22120000e-04 7.75560000e-04 7.79660000e-04 3.23360000e-04 -4.35308000e-03 1.10361000e-03 -3.39161000e-03 -4.41811000e-03 -1.64153000e-03 1.41651000e-03 1.70020000e-04 3.95070000e-04 3.78735000e-03 -4.23186000e-03 3.59077000e-03 -6.15550000e-04 -3.62170000e-04 2.77642000e-03 2.86220000e-04 -1.55057000e-03 -1.10458000e-03 -7.61420000e-04 1.01916000e-03 2.18318000e-03 -5.39870000e-04 -2.83081000e-03 5.88820000e-04 -2.89609000e-03 -5.17750000e-03 5.21907000e-03 2.68230000e-04 2.97160000e-03 -1.11782000e-03 6.76110000e-04 2.31392000e-03 -1.32759000e-03 1.06989000e-03 -1.99688000e-03 -2.52838000e-03 -5.67080000e-04 6.55880000e-04 -4.58900000e-04 1.38924000e-03 -1.05561000e-03 -1.14388000e-03 -1.93202000e-03 -1.86230000e-04 1.76525000e-03 -9.33360000e-04 2.47602000e-03 5.49743000e-03 3.57224000e-03 -1.21273000e-03 -2.07943000e-03 -4.17439000e-03 1.24326000e-03 6.49200000e-04 -1.10491000e-03 4.85720000e-04 2.96319000e-03 -1.08950000e-04 -1.18537000e-03 6.30220000e-04 -7.14580000e-04 -1.78941000e-03 -1.58723000e-03 6.62470000e-04 5.58811000e-03 3.81510000e-04 -4.93230000e-04 1.13677000e-03 -2.68270000e-04 -1.20227000e-03 1.31095000e-03 -2.70223000e-03 3.86756000e-03 1.48826000e-03 1.68420000e-04 -1.11833000e-03 1.73646000e-03 1.88291000e-03 -3.34444000e-03 3.27600000e-05 2.41200000e-04 2.05233000e-03 4.89065000e-03 1.79800000e-05 -5.60718000e-03 2.25319000e-03 -1.52545000e-03 2.40700000e-04 2.06940000e-04 -1.31920000e-04 -3.48202000e-03 -6.07490000e-04 1.37946000e-03 -2.82170000e-04 -5.26130000e-04 -1.95310000e-03 -2.58404000e-03 -8.62070000e-04 -6.93722000e-03 -2.99078000e-03 -2.79662000e-03 -3.36299000e-03 -2.06320000e-03 -4.11298000e-03
-1.22023000e-03 -1.19040000e-04 -2.59600000e-05 7.39950000e-04 4.40900000e-05 -3.36700000e-05 -3.47890000e-04 3.07170000e-04 6.26460000e-04 3.70120000e-04 -1.20440000e-04 8.62400000e-05 1.64890000e-04 3.45000000e-06 -1.22926000e-03 1.87100000e-05 -9.25990000e-04 -1.33482000e-03 -1.89240000e-04 1.08440000e-04 2.05000000e-06 -5.42800000e-05 7.11140000e-04 -1.21095000e-03 6.51890000e-04 4.71300000e-05 -1.74810000e-04 3.11590000e-04 -6.53400000e-05 -2.11580000e-04 -3.01560000e-04 -3.93540000e-04 5.94800000e-05 5.66560000e-04 -3.19160000e-04 -6.79600000e-04 3.97300000e-05 -3.07720000e-04 -1.29348000e-03 8.02560000e-04 -6.28900000e-05 4.82850000e-04 -3.06650000e-04 1.76760000e-04 3.73500000e-04 -5.21440000e-04 2.91930000e-04 -3.78750000e-04 -2.27270000e-04 -3.13870000e-04 -2.88100000e-05 -2.47450000e-04 2.85300000e-04 7.08400000e-05 -2.12000000e-04 -4.72740000e-04 1.49010000e-04 3.58270000e-04 -6.15100000e-05 3.25700000e-04 1.03276000e-03 5.94870000e-04 -1.21800000e-04 -5.90500000e-04 -1.45706000e-03 5.21190000e-04 1.65940000e-04 -1.68990000e-04 4.64910000e-04 3.79580000e-04 -1.79180000e-04 -9.61500000e-05 1.60530000e-04 -1.20970000e-04 -6.18120000e-04 -1.57540000e-04 3.10700000e-05 1.10844000e-03 -7.34600000e-05 -2.93510000e-04 2.58000000e-05 1.46770000e-04 -3.28870000e-04 3.54040000e-04 -2.49270000e-04 6.86830000e-04 2.28400000e-04 2.23300000e-04 2.14100000e-05 1.70600000e-04 4.11530000e-04 -4.80250000e-04 2.83800000e-04 3.32600000e-05 3.71930000e-04 6.24550000e-04 2.55870000e-04 -1.00962000e-03 4.81090000e-04 -2.59930000e-04 5.04800000e-05 1.16670000e-04 7.78500000e-05 -6.24580000e-04 -9.96700000e-05 2.89780000e-04 -9.88900000e-05 -7.87000000e-06 -2.95240000e-04 -5.83930000e-04 -4.72000000e-05 -1.70212000e-03 -4.35050000e-04 -7.99630000e-04 -3.85920000e-04 -3.51040000e-04 -4.78680000e-04
-3.45556000e-03 -3.91230000e-04 5.76600000e-05 2.26728000e-03 -4.13480000e-04 -3.60290000e-04 -1.08010000e-03 1.00006000e-03 1.79616000e-03 1.10282000e-03 -4.03550000e-04 1.15900000e-04 4.98300000e-04 -9.13800000e-05 -3.00326000e-03 2.13010000e-04 -2.47010000e-03 -3.04356000e-03 -7.41860000e-04 3.50510000e-04 2.74800000e-04 -1.38400000e-04 2.00538000e-03 -3.00404000e-03 1.76484000e-03 -2.04460000e-04 -5.46700000e-04 1.20368000e-03 -2.64160000e-04 -7.32670000e-04 -8.50100000e-04 -8.92830000e-04 2.52650000e-04 1.47620000e-03 -7.29180000e-04 -1.85646000e-03 5.92400000e-05 -1.36756000e-03 -3.32665000e-03 2.64790000e-03 -2.09720000e-04 1.43537000e-03 -9.86000000e-04 6.73790000e-04 1.10702000e-03 -1.22605000e-03 6.82050000e-04 -8.45170000e-04 -1.11694000e-03 -7.17270000e-04 -4.26200000e-05 -6.27430000e-04 9.20520000e-04 -3.24060000e-04 -5.71740000e-04 -1.38269000e-03 1.89960000e-04 1.21947000e-03 -4.11460000e-04 1.00543000e-03 3.03188000e-03 1.76625000e-03 -4.95950000e-04 -1.66473000e-03 -3.12338000e-03 1.01071000e-03 5.58170000e-04 -7.03730000e-04 8.36900000e-04 1.37871000e-03 -5.19990000e-04 -5.49660000e-04 4.20080000e-04 -2.56400000e-04 -1.59687000e-03 -7.02120000e-04 4.22700000e-05 3.06997000e-03 -7.52000000e-05 -7.62470000e-04 2.23640000e-04 4.55000000e-06 -1.00519000e-03 1.02510000e-03 -1.21562000e-03 1.96343000e-03 7.51720000e-04 2.07450000e-04 -4.49490000e-04 5.85250000e-04 1.37030000e-03 -1.57444000e-03 1.89860000e-04 1.45880000e-04 1.21139000e-03 2.46150000e-03 5.60940000e-04 -2.70802000e-03 1.59238000e-03 -7.83930000e-04 1.36850000e-04 1.54900000e-04 7.53400000e-05 -1.61102000e-03 -2.86310000e-04 7.22600000e-04 -1.65190000e-04 -2.13070000e-04 -9.79530000e-04 -1.47031000e-03 -3.50380000e-04 -4.46523000e-03 -1.39608000e-03 -1.92151000e-03 -1.37480000e-03 -1.01924000e-03 -1.67872000e-03
-2.02430000e-04 1.59200000e-05 -5.44600000e-05 -5.98110000e-04 4.36680000e-04 3.03620000e-04 2.08910000e-04 -2.74640000e-04 -1.11530000e-04 -4.41700000e-05 1.06090000e-04 1.89200000e-04 -1.74930000e-04 1.91330000e-04 -6.16590000e-04 -1.16510000e-04 -1.47260000e-04 -8.73900000e-04 -5.50000000e-07 2.46900000e-05 -5.72620000e-04 -7.30000000e-07 -1.02920000e-04 -4.31800000e-04 1.30290000e-04 1.80740000e-04 1.53170000e-04 -3.53520000e-04 1.99790000e-04 7.37900000e-05 6.08500000e-05 -1.18800000e-04 -3.13000000e-05 -3.65830000e-04 -4.35400000e-05 -8.92000000e-06 1.31100000e-04 3.80480000e-04 -2.26350000e-04 -5.53840000e-04 1.23150000e-04 -1.35530000e-04 2.74310000e-04 -4.06650000e-04 -2.04300000e-04 -1.79340000e-04 5.06000000e-05 -6.50690000e-04 3.91710000e-04 -1.20100000e-04 3.34100000e-05 -6.40000000e-07 -3.61800000e-04 3.90840000e-04 -3.33220000e-04 1.15630000e-04 2.60560000e-04 -5.14280000e-04 3.11700000e-04 -9.95400000e-05 -2.85120000e-04 -1.08050000e-04 1.37530000e-04 1.88400000e-05 -9.18210000e-04 5.53850000e-04 -2.71980000e-04 1.11020000e-04 5.19010000e-04 -3.65790000e-04 2.17060000e-04 1.20220000e-04 -1.36610000e-04 -4.00660000e-04 -7.43100000e-05 2.94340000e-04 1.33830000e-04 -1.29060000e-04 -5.10900000e-05 -8.08900000e-05 -1.03250000e-04 2.40740000e-04 2.41670000e-04 -4.54490000e-04 3.16970000e-04 -1.14220000e-04 -2.27000000e-04 4.48540000e-04 4.25700000e-04 -7.79500000e-05 -7.08620000e-04 1.87020000e-04 4.25530000e-04 -2.46390000e-04 -3.33220000e-04 -1.05733000e-03 9.40200000e-05 -3.46300000e-04 -5.86500000e-04 -3.84100000e-05 -4.32200000e-05 8.33100000e-05 1.32990000e-04 -2.75040000e-04 -3.94800000e-05 1.09830000e-04 -2.73520000e-04 2.16130000e-04 6.77300000e-05 -2.95860000e-04 2.61370000e-04 -3.06430000e-04 1.53360000e-04 -3.21270000e-04 3.02730000e-04 -1.69800000e-05 4.18630000e-04
-1.47577000e-03 -1.19780000e-04 -6.59140000e-04 1.16037000e-03 6.46430000e-04 9.98700000e-05 -7.24200000e-04 -3.50910000e-04 8.80350000e-04 1.00680000e-04 -5.30180000e-04 -1.23800000e-05 -3.26620000e-04 1.03930000e-04 -2.48452000e-03 -7.17250000e-04 -1.77555000e-03 -2.95165000e-03 -1.87630000e-04 -3.82270000e-04 -4.23430000e-04 -2.73770000e-04 1.03624000e-03 -2.64701000e-03 6.79880000e-04 2.59380000e-04 -4.26400000e-04 -3.49660000e-04 -3.66410000e-04 -9.40000000e-05 -4.97490000e-04 -1.05021000e-03 -1.24050000e-04 9.48950000e-04 -1.02600000e-03 -1.02627000e-03 6.67100000e-05 3.50460000e-04 -2.19802000e-03 2.47700000e-04 -2.10810000e-04 2.97810000e-04 -4.22580000e-04 -4.77800000e-05 4.11880000e-04 -1.47966000e-03 3.14260000e-04 -7.75540000e-04 5.61240000e-04 -9.97750000e-04 -4.82320000e-04 -5.64130000e-04 -1.25000000e-06 6.15340000e-04 -5.12040000e-04 -6.24940000e-04 6.09150000e-04 -1.24090000e-04 1.32570000e-04 -6.43300000e-05 1.39537000e-03 4.46020000e-04 -2.09850000e-04 -1.24729000e-03 -4.08752000e-03 1.62741000e-03 -4.80100000e-05 -4.33050000e-04 1.92267000e-03 -6.24470000e-04 -5.34850000e-04 -4.86100000e-05 -2.51550000e-04 -3.54580000e-04 -1.62109000e-03 3.16270000e-04 2.07100000e-05 1.47854000e-03 -7.97090000e-04 -7.90700000e-04 -3.22640000e-04 4.79710000e-04 -3.06600000e-04 2.86580000e-04 5.46850000e-04 7.04250000e-04 -9.23300000e-05 6.92500000e-04 5.52870000e-04 -3.15310000e-04 2.62350000e-04 -3.68610000e-04 1.09496000e-03 -6.58100000e-04 -2.97400000e-04 -1.24946000e-03 9.60140000e-04 -1.45346000e-03 1.53780000e-04 -7.85070000e-04 -5.07020000e-04 -2.00910000e-04 -3.40400000e-05 -9.32320000e-04 -4.87740000e-04 -3.31500000e-05 -9.68770000e-04 -1.08590000e-04 -7.51980000e-04 -1.76561000e-03 2.22580000e-04 -3.05276000e-03 -4.47270000e-04 -1.57627000e-03 -4.32900000e-05 -7.52730000e-04 4.55900000e-05
2.52892000e-03 1.90860000e-04 -7.44620000e-04 -1.09476000e-03 1.10109000e-03 3.39810000e-04 2.46360000e-04 -1.47406000e-03 -1.02191000e-03 -1.10036000e-03 -3.42740000e-04 -3.34840000e-04 -8.91460000e-04 5.23900000e-05 6.47950000e-04 -9.33220000e-04 6.70330000e-04 3.76990000e-04 7.44510000e-04 -8.97520000e-04 -3.99970000e-04 -3.17570000e-04 -1.14292000e-03 5.06570000e-04 -1.23594000e-03 5.02360000e-04 5.54300000e-05 -1.56219000e-03 -3.01670000e-04 7.50700000e-04 4.20760000e-04 -2.11630000e-04 -5.01140000e-04 -3.47490000e-04 -2.09470000e-04 9.45420000e-04 -1.12890000e-04 1.87071000e-03 1.39638000e-03 -2.47499000e-03 -1.64390000e-04 -1.19417000e-03 4.67770000e-04 -2.69050000e-04 -7.73500000e-04 -1.17810000e-04 -3.47770000e-04 5.65590000e-04 1.83876000e-03 -2.27250000e-04 -5.28820000e-04 2.72000000e-05 -7.67350000e-04 1.00220000e-03 2.09530000e-04 7.66380000e-04 3.17270000e-04 -9.49120000e-04 4.12010000e-04 -1.23799000e-03 -1.75239000e-03 -1.38229000e-03 2.36900000e-04 3.04930000e-04 -5.33850000e-04 5.63460000e-04 -3.35090000e-04 3.51290000e-04 1.23360000e-03 -2.05092000e-03 -1.41880000e-04 6.10970000e-04 -4.80590000e-04 8.41000000e-05 -6.89400000e-05 1.07153000e-03 -1.95340000e-04 -1.72293000e-03 -8.14300000e-04 -2.21010000e-04 -7.28420000e-04 4.55610000e-04 6.19760000e-04 -4.33710000e-04 1.86746000e-03 -1.36600000e-03 -8.01340000e-04 4.02170000e-04 1.00909000e-03 -1.02625000e-03 -7.22680000e-04 1.27211000e-03 7.15890000e-04 -9.54020000e-04 -1.62358000e-03 -3.96399000e-03 4.42840000e-04 1.60927000e-03 -9.82290000e-04 -3.16700000e-05 -7.79460000e-04 -5.17490000e-04 -2.21900000e-04 9.92900000e-04 -3.60090000e-04 -1.07277000e-03 -8.99100000e-04 -5.23200000e-05 1.82310000e-04 -1.45640000e-04 4.25140000e-04 1.69714000e-03 1.02460000e-03 5.60260000e-04 1.59751000e-03 3.08330000e-04 2.10535000e-03
-1.14041000e-03 -2.60000000e-07 -2.13480000e-04 6.77950000e-04 2.10540000e-04 1.91800000e-04 -4.14400000e-04 2.27550000e-04 5.79680000e-04 2.33200000e-04 -1.93200000e-04 7.27700000e-05 1.29830000e-04 7.96600000e-05 -1.55958000e-03 -2.66230000e-04 -1.08224000e-03 -1.78175000e-03 -2.22590000e-04 -2.89900000e-05 -2.48720000e-04 -1.45180000e-04 6.56730000e-04 -1.57668000e-03 6.06570000e-04 1.12560000e-04 -2.34500000e-04 5.59000000e-05 -1.11540000e-04 -1.85600000e-04 -3.25980000e-04 -5.92310000e-04 -4.73400000e-05 4.61950000e-04 -4.97230000e-04 -7.84460000e-04 1.19200000e-05 -1.11940000e-04 -1.49477000e-03 5.00860000e-04 -1.28130000e-04 3.68490000e-04 -2.64130000e-04 2.70900000e-05 2.42050000e-04 -7.56440000e-04 3.08450000e-04 -6.82970000e-04 8.28000000e-06 -4.93390000e-04 -1.35640000e-04 -3.44410000e-04 1.47430000e-04 2.06660000e-04 -3.94350000e-04 -5.32370000e-04 4.11680000e-04 6.81000000e-05 1.84790000e-04 1.88670000e-04 9.38230000e-04 4.70890000e-04 4.22800000e-05 -7.42540000e-04 -2.11446000e-03 8.51820000e-04 3.52800000e-05 -2.61480000e-04 8.73930000e-04 7.12600000e-05 -2.28400000e-04 -9.00900000e-05 -3.62400000e-05 -3.07170000e-04 -8.11160000e-04 7.07000000e-06 1.94100000e-05 1.03457000e-03 -2.31400000e-04 -3.77020000e-04 -1.12200000e-04 2.39500000e-04 -3.07430000e-04 1.75430000e-04 5.43000000e-06 5.90060000e-04 8.88300000e-05 4.34160000e-04 1.85580000e-04 2.08500000e-05 1.40680000e-04 -2.50430000e-04 5.08050000e-04 -5.08100000e-05 2.76310000e-04 1.03190000e-04 5.36530000e-04 -9.61580000e-04 2.10010000e-04 -2.36230000e-04 5.97000000e-05 1.74400000e-04 2.22140000e-04 -5.65580000e-04 -6.33000000e-05 3.79530000e-04 -2.01440000e-04 1.60060000e-04 -2.29140000e-04 -7.51990000e-04 1.67300000e-04 -1.97354000e-03 -2.36530000e-04 -1.02071000e-03 -9.55900000e-05 -2.83380000e-04 -1.01100000e-04
4.14451000e-03 4.38930000e-04 -6.54350000e-04 -2.51221000e-03 1.57631000e-03 6.44020000e-04 9.92210000e-04 -1.85078000e-03 -1.89454000e-03 -1.59264000e-03 -4.75700000e-05 -2.00850000e-04 -9.46420000e-04 6.88900000e-05 1.92942000e-03 -8.35510000e-04 1.81039000e-03 1.67329000e-03 1.29766000e-03 -9.30580000e-04 -5.67080000e-04 -2.07470000e-04 -2.06435000e-03 2.02518000e-03 -1.96279000e-03 7.88770000e-04 4.66340000e-04 -2.18538000e-03 6.34900000e-05 1.22022000e-03 7.74040000e-04 2.71680000e-04 -5.86830000e-04 -1.28352000e-03 1.14890000e-04 1.83869000e-03 -4.96100000e-05 2.70121000e-03 2.81153000e-03 -3.81077000e-03 4.25100000e-05 -1.89226000e-03 1.04123000e-03 -6.32650000e-04 -1.34950000e-03 3.96640000e-04 -5.67250000e-04 8.18590000e-04 2.58158000e-03 9.43200000e-05 -4.36140000e-04 2.62700000e-04 -1.18730000e-03 1.53109000e-03 5.23880000e-04 1.42578000e-03 3.05070000e-04 -1.37239000e-03 7.18650000e-04 -1.69103000e-03 -3.30278000e-03 -2.23907000e-03 5.99170000e-04 1.33108000e-03 8.85580000e-04 3.41770000e-04 -5.79070000e-04 8.82560000e-04 9.89970000e-04 -2.64738000e-03 2.19120000e-04 1.06154000e-03 -4.72520000e-04 1.87380000e-04 7.10610000e-04 1.52721000e-03 -1.94360000e-04 -3.16648000e-03 -5.78410000e-04 1.04790000e-04 -8.25000000e-04 6.99990000e-04 1.05538000e-03 -9.57020000e-04 2.49015000e-03 -2.33304000e-03 -1.18172000e-03 5.41980000e-04 1.48699000e-03 -1.21298000e-03 -1.56807000e-03 2.14429000e-03 8.53760000e-04 -9.08970000e-04 -2.07173000e-03 -5.13903000e-03 1.26770000e-04 2.85463000e-03 -1.74042000e-03 5.20620000e-04 -7.04520000e-04 -3.79290000e-04 -1.01040000e-04 1.78465000e-03 -8.13800000e-05 -1.23431000e-03 -6.87750000e-04 1.88970000e-04 8.87670000e-04 6.81970000e-04 6.82250000e-04 3.76358000e-03 1.86689000e-03 1.22870000e-03 2.47515000e-03 9.85910000e-04 3.27218000e-03
1.41537000e-03 6.57500000e-05 1.04590000e-04 -1.16292000e-03 3.34130000e-04 1.60030000e-04 6.53350000e-04 -4.48570000e-04 -7.85660000e-04 -3.99470000e-04 3.02580000e-04 5.75000000e-05 -1.83870000e-04 5.76900000e-05 1.40493000e-03 3.60200000e-05 1.28151000e-03 1.55175000e-03 4.17950000e-04 -3.16500000e-05 -1.58440000e-04 7.09000000e-05 -8.68590000e-04 1.68684000e-03 -6.77010000e-04 2.01200000e-04 3.41990000e-04 -4.90630000e-04 2.94070000e-04 3.55800000e-04 3.51960000e-04 5.54810000e-04 -7.84000000e-05 -7.95430000e-04 4.30130000e-04 7.80260000e-04 1.93400000e-05 7.36730000e-04 1.49298000e-03 -1.16988000e-03 1.78290000e-04 -6.20180000e-04 5.30760000e-04 -3.09070000e-04 -5.10660000e-04 6.35930000e-04 -2.16310000e-04 1.36860000e-04 7.48330000e-04 3.77630000e-04 1.40640000e-04 2.93650000e-04 -4.09130000e-04 3.29140000e-04 2.56760000e-04 6.16380000e-04 -1.42660000e-04 -3.32640000e-04 1.66210000e-04 -3.47250000e-04 -1.34533000e-03 -7.27760000e-04 2.74030000e-04 9.22670000e-04 1.73702000e-03 -1.98790000e-04 -2.45230000e-04 5.01780000e-04 -2.91700000e-04 -4.29620000e-04 4.22170000e-04 3.61890000e-04 -4.79600000e-05 5.09000000e-05 8.46120000e-04 3.27910000e-04 1.74500000e-05 -1.33731000e-03 3.32730000e-04 4.22330000e-04 -3.45000000e-06 1.31630000e-04 4.59190000e-04 -4.92450000e-04 6.07450000e-04 -8.44120000e-04 -2.82180000e-04 7.42400000e-05 3.72370000e-04 -1.65880000e-04 -6.74430000e-04 6.84350000e-04 7.32000000e-06 -1.23680000e-04 -5.22010000e-04 -1.19976000e-03 -3.80590000e-04 1.16029000e-03 -5.99540000e-04 3.84930000e-04 -1.70900000e-05 -4.64300000e-05 -6.69000000e-06 7.46480000e-04 1.02680000e-04 -2.70690000e-04 8.98800000e-05 1.48020000e-04 4.93960000e-04 6.11150000e-04 7.49300000e-05 2.18054000e-03 6.91660000e-04 7.54290000e-04 6.31560000e-04 5.06290000e-04 9.51090000e-04
3.66010000e-04 5.66100000e-05 2.76330000e-04 -5.14040000e-04 1.03030000e-04 1.07500000e-04 6.11870000e-04 -3.46720000e-04 -1.06590000e-04 5.48700000e-05 4.77610000e-04 3.75980000e-04 -1.62210000e-04 3.94520000e-04 8.96940000e-04 2.12190000e-04 8.73970000e-04 8.19040000e-04 8.36700000e-05 2.60700000e-04 -2.20660000e-04 3.87900000e-04 -1.26850000e-04 8.99550000e-04 -4.67900000e-05 4.12700000e-05 4.56560000e-04 -3.18200000e-05 4.52360000e-04 1.26540000e-04 4.76290000e-04 4.99110000e-04 2.42700000e-04 -3.48850000e-04 4.08590000e-04 6.95900000e-04 3.41190000e-04 3.00870000e-04 9.50300000e-04 -3.75800000e-04 4.16340000e-04 -1.69200000e-05 6.14340000e-04 -3.42330000e-04 3.99900000e-05 5.17530000e-04 -1.40470000e-04 -4.39500000e-05 2.11400000e-04 4.29850000e-04 3.32200000e-04 4.47630000e-04 -2.88690000e-04 7.14000000e-05 3.09900000e-05 6.24530000e-04 -1.00620000e-04 -5.01470000e-04 1.27680000e-04 9.74200000e-05 -3.88560000e-04 -1.05910000e-04 -4.09300000e-05 7.42710000e-04 7.17790000e-04 -1.15740000e-04 -2.38870000e-04 1.03500000e-04 -1.27370000e-04 -3.59090000e-04 4.49080000e-04 8.26700000e-05 -2.24320000e-04 -7.78600000e-05 6.86850000e-04 1.70900000e-04 3.65010000e-04 -3.75060000e-04 8.26000000e-06 5.51970000e-04 3.13890000e-04 1.33700000e-05 5.65680000e-04 -3.85560000e-04 2.78340000e-04 -1.37190000e-04 -1.11020000e-04 3.26100000e-05 1.15370000e-04 1.96820000e-04 -4.98300000e-04 1.56950000e-04 4.16400000e-05 -1.94510000e-04 -4.21460000e-04 -7.70380000e-04 -3.49710000e-04 8.29000000e-05 -5.89680000e-04 3.08100000e-05 -1.28170000e-04 -7.05400000e-05 -1.24190000e-04 6.45100000e-05 -4.89500000e-05 -1.77490000e-04 -1.51270000e-04 -1.37500000e-05 2.23000000e-05 1.19840000e-04 1.29350000e-04 1.21521000e-03 9.51900000e-05 6.39610000e-04 4.41400000e-05 6.37900000e-05 8.06300000e-05
-1.36319700e-02 -1.65889000e-03 9.55990000e-04 8.37094000e-03 -2.92019000e-03 -1.64412000e-03 -3.49001000e-03 4.53944000e-03 6.41756000e-03 4.55913000e-03 -5.61920000e-04 6.30150000e-04 2.25519000e-03 -1.55990000e-04 -8.76655000e-03 1.37603000e-03 -7.20610000e-03 -8.29177000e-03 -3.61571000e-03 2.13442000e-03 9.15650000e-04 1.51300000e-05 7.18726000e-03 -8.46908000e-03 6.41736000e-03 -1.52830000e-03 -1.77776000e-03 5.40311000e-03 -3.99600000e-04 -3.39328000e-03 -3.17637000e-03 -2.00882000e-03 1.37522000e-03 4.55923000e-03 -1.73668000e-03 -6.85239000e-03 2.13570000e-04 -6.41335000e-03 -1.10420500e-02 1.06676700e-02 -3.15270000e-04 5.45209000e-03 -3.36147000e-03 1.60842000e-03 4.16494000e-03 -3.29081000e-03 2.17096000e-03 -3.97356000e-03 -5.31946000e-03 -1.82751000e-03 6.06030000e-04 -1.73492000e-03 3.22911000e-03 -2.74852000e-03 -2.19985000e-03 -5.01396000e-03 4.85000000e-06 4.15015000e-03 -1.84112000e-03 4.61158000e-03 1.10289400e-02 6.74200000e-03 -1.72738000e-03 -5.10127000e-03 -7.54627000e-03 2.31438000e-03 1.49572000e-03 -2.53303000e-03 6.03170000e-04 6.62450000e-03 -1.00016000e-03 -2.71528000e-03 1.18664000e-03 -1.18258000e-03 -4.27056000e-03 -3.65404000e-03 4.82050000e-04 1.08724600e-02 1.11315000e-03 -1.36429000e-03 1.93501000e-03 -8.76540000e-04 -3.48259000e-03 3.01465000e-03 -5.78569000e-03 7.34443000e-03 3.11517000e-03 -1.15760000e-04 -2.78683000e-03 2.91433000e-03 4.61205000e-03 -6.37954000e-03 -4.16350000e-04 1.34207000e-03 5.29265000e-03 1.18323800e-02 9.22040000e-04 -9.81135000e-03 5.40737000e-03 -2.46033000e-03 1.29274000e-03 7.59460000e-04 3.02120000e-04 -5.91213000e-03 -5.53750000e-04 3.40661000e-03 5.05080000e-04 -5.07910000e-04 -3.36793000e-03 -4.61360000e-03 -1.71855000e-03 -1.44035800e-02 -5.41363000e-03 -6.20563000e-03 -6.61313000e-03 -3.59110000e-03 -7.95512000e-03
1.70396000e-03 3.77130000e-04 -3.04190000e-04 -1.14398000e-03 7.12950000e-04 4.45220000e-04 4.50010000e-04 -6.82420000e-04 -7.69110000e-04 -7.26970000e-04 2.51100000e-05 3.26000000e-05 -2.89070000e-04 9.64800000e-05 5.65960000e-04 -4.20940000e-04 6.36740000e-04 3.45840000e-04 5.31200000e-04 -3.76430000e-04 -3.27240000e-04 -8.74000000e-06 -8.37670000e-04 5.90700000e-04 -7.87240000e-04 3.66360000e-04 2.29960000e-04 -1.02029000e-03 8.93200000e-05 5.87730000e-04 3.63810000e-04 8.40700000e-05 -2.04070000e-04 -7.48770000e-04 -4.13800000e-05 8.24470000e-04 6.14600000e-05 1.10720000e-03 1.09153000e-03 -1.71294000e-03 1.00890000e-04 -8.12530000e-04 4.79540000e-04 -3.98960000e-04 -5.99290000e-04 5.57300000e-05 -1.87970000e-04 2.03270000e-04 1.01528000e-03 -2.03600000e-05 -1.85220000e-04 1.26900000e-04 -5.36530000e-04 7.05630000e-04 1.66270000e-04 6.40090000e-04 3.61750000e-04 -7.69460000e-04 4.74630000e-04 -7.24130000e-04 -1.43978000e-03 -9.90720000e-04 3.75810000e-04 5.51110000e-04 3.42100000e-05 3.01110000e-04 -3.14680000e-04 2.81040000e-04 5.74230000e-04 -1.20245000e-03 1.07510000e-04 4.35940000e-04 -2.63800000e-04 2.33500000e-05 2.66870000e-04 7.64420000e-04 -2.00000000e-06 -1.38943000e-03 -2.18970000e-04 3.04500000e-05 -3.37840000e-04 3.53180000e-04 5.00830000e-04 -5.66560000e-04 1.02960000e-03 -1.02868000e-03 -5.77730000e-04 3.61800000e-04 6.82180000e-04 -5.09480000e-04 -9.39090000e-04 1.02844000e-03 4.88860000e-04 -2.73030000e-04 -7.89910000e-04 -2.14832000e-03 2.19880000e-04 1.16226000e-03 -9.42170000e-04 3.44120000e-04 -1.64240000e-04 -1.63000000e-06 1.14430000e-04 7.35770000e-04 1.73450000e-04 -3.20900000e-04 -1.84600000e-04 2.40710000e-04 5.28880000e-04 3.79930000e-04 5.27780000e-04 1.37153000e-03 9.09900000e-04 4.44070000e-04 1.19946000e-03 5.32240000e-04 1.54982000e-03
2.07437000e-03 3.53720000e-04 -4.30000000e-07 -1.35068000e-03 4.67590000e-04 2.66830000e-04 6.67480000e-04 -5.37950000e-04 -8.77640000e-04 -6.37750000e-04 1.42760000e-04 4.33800000e-05 -1.82700000e-04 -2.26600000e-05 1.34316000e-03 -8.64000000e-06 1.08406000e-03 1.35152000e-03 6.53990000e-04 -2.07900000e-04 2.45700000e-05 1.01880000e-04 -9.73440000e-04 1.43896000e-03 -8.75330000e-04 2.82190000e-04 3.75720000e-04 -7.30230000e-04 2.07090000e-04 6.45100000e-04 4.95070000e-04 4.85590000e-04 -7.98900000e-05 -8.43830000e-04 2.99920000e-04 1.15434000e-03 8.80300000e-05 8.82860000e-04 1.70949000e-03 -1.50506000e-03 1.84480000e-04 -7.69920000e-04 5.17940000e-04 -1.67350000e-04 -5.73270000e-04 5.33300000e-04 -2.38650000e-04 6.67590000e-04 7.66370000e-04 3.31120000e-04 -2.04900000e-05 3.14750000e-04 -3.74660000e-04 5.26440000e-04 4.55530000e-04 8.20390000e-04 7.81500000e-05 -3.95730000e-04 2.80420000e-04 -6.31540000e-04 -1.59047000e-03 -9.67070000e-04 3.29830000e-04 9.26430000e-04 1.37030000e-03 -2.38160000e-04 -1.22150000e-04 4.57680000e-04 -6.24800000e-05 -8.27660000e-04 2.43090000e-04 4.74140000e-04 2.72200000e-05 2.89050000e-04 6.99990000e-04 6.05810000e-04 -1.18400000e-05 -1.62003000e-03 4.82800000e-05 1.90160000e-04 -1.68070000e-04 2.02820000e-04 5.41550000e-04 -4.24230000e-04 7.18910000e-04 -1.09696000e-03 -4.38520000e-04 9.43700000e-05 4.57590000e-04 -3.38740000e-04 -7.16710000e-04 9.96680000e-04 5.12300000e-05 -6.29200000e-05 -6.30270000e-04 -1.48199000e-03 -1.00610000e-04 1.54648000e-03 -6.78660000e-04 5.10510000e-04 -6.61800000e-05 -9.98000000e-06 3.72400000e-05 9.90820000e-04 2.67150000e-04 -3.88150000e-04 1.06020000e-04 1.39990000e-04 6.59850000e-04 8.88300000e-04 3.35350000e-04 2.22675000e-03 9.15040000e-04 9.45970000e-04 1.07701000e-03 6.84050000e-04 1.34949000e-03
-4.76220000e-04 -3.07000000e-06 4.84290000e-04 -1.19710000e-04 -4.14900000e-04 -9.14900000e-05 2.62870000e-04 5.69310000e-04 -1.43200000e-05 3.07710000e-04 3.56620000e-04 1.84270000e-04 3.09330000e-04 -4.02100000e-05 5.29470000e-04 5.73350000e-04 4.16760000e-04 7.01850000e-04 -1.50940000e-04 4.50950000e-04 1.80580000e-04 2.69160000e-04 8.45000000e-06 7.25480000e-04 2.04100000e-04 -1.75440000e-04 1.81790000e-04 5.19640000e-04 2.96340000e-04 -1.26090000e-04 3.47900000e-05 5.15920000e-04 2.52770000e-04 -2.08660000e-04 4.11310000e-04 9.22500000e-05 1.09210000e-04 -6.40700000e-04 3.01430000e-04 5.35400000e-04 2.51210000e-04 2.36700000e-04 4.07700000e-05 -8.63100000e-05 9.66200000e-05 5.31950000e-04 8.21900000e-05 -4.25500000e-05 -7.13820000e-04 3.89510000e-04 3.51610000e-04 2.62290000e-04 1.91900000e-04 -3.90650000e-04 1.16150000e-04 5.85500000e-05 -2.33080000e-04 1.64590000e-04 -1.48070000e-04 4.10900000e-04 7.59600000e-05 2.64030000e-04 4.43700000e-05 4.05130000e-04 1.30053000e-03 -6.06380000e-04 8.35500000e-05 1.82970000e-04 -1.02068000e-03 9.35790000e-04 3.24310000e-04 -9.74900000e-05 3.17440000e-04 9.24700000e-05 6.11060000e-04 -3.75900000e-04 1.55470000e-04 -3.44300000e-05 6.26740000e-04 3.72340000e-04 4.47810000e-04 -2.11930000e-04 3.41000000e-05 -3.00900000e-05 -7.29040000e-04 1.48750000e-04 2.29850000e-04 -2.19020000e-04 -3.72870000e-04 4.19810000e-04 1.55900000e-05 -2.81610000e-04 -4.75540000e-04 5.74260000e-04 5.55410000e-04 1.62923000e-03 -4.29740000e-04 -8.66000000e-05 9.37900000e-05 2.84280000e-04 4.72820000e-04 2.75710000e-04 1.08600000e-04 -2.04060000e-04 3.62690000e-04 4.44830000e-04 6.58240000e-04 1.55170000e-04 2.38690000e-04 5.63080000e-04 -1.37520000e-04 4.92770000e-04 -2.25110000e-04 3.39600000e-04 -6.90670000e-04 6.60100000e-05 -1.04192000e-03
4.76793000e-03 7.04120000e-04 -1.03870000e-04 -1.86868000e-03 -2.30570000e-04 3.39440000e-04 7.58230000e-04 -2.83480000e-04 -1.94002000e-03 -1.30388000e-03 2.65160000e-04 -4.95820000e-04 2.49930000e-04 -1.75170000e-04 4.27550000e-03 -3.52810000e-04 3.05514000e-03 4.85626000e-03 8.66880000e-04 -5.40100000e-04 5.46260000e-04 -5.51200000e-05 -2.32480000e-03 4.09671000e-03 -2.28833000e-03 3.86300000e-05 1.81160000e-04 -9.05460000e-04 -9.98100000e-05 7.00240000e-04 8.90590000e-04 9.25540000e-04 -4.45950000e-04 -1.50034000e-03 9.16540000e-04 1.90758000e-03 -5.39180000e-04 1.05649000e-03 4.09117000e-03 -2.23277000e-03 -2.39690000e-04 -1.48932000e-03 6.34150000e-04 1.91600000e-05 -1.21466000e-03 1.69081000e-03 -7.55190000e-04 1.67953000e-03 8.06140000e-04 1.00144000e-03 -2.11300000e-05 5.22990000e-04 -4.30890000e-04 -2.28840000e-04 1.06577000e-03 1.20938000e-03 -3.11720000e-04 -3.73770000e-04 4.08570000e-04 -1.02641000e-03 -3.23153000e-03 -1.90149000e-03 8.56650000e-04 1.72897000e-03 5.44354000e-03 -1.86952000e-03 -2.21710000e-04 4.80060000e-04 -1.67366000e-03 -9.56270000e-04 1.41500000e-04 4.69350000e-04 -4.01840000e-04 7.72790000e-04 1.98647000e-03 3.89980000e-04 -4.68550000e-04 -3.48430000e-03 4.18440000e-04 9.84690000e-04 -4.21400000e-04 -3.19850000e-04 5.73210000e-04 -5.61460000e-04 1.05982000e-03 -2.16366000e-03 -4.68220000e-04 -7.95910000e-04 -7.79000000e-05 -5.90800000e-04 -6.52280000e-04 1.99680000e-03 -8.77000000e-04 5.32900000e-04 -3.75650000e-04 -9.23400000e-04 -4.97420000e-04 4.20732000e-03 -7.59120000e-04 1.44317000e-03 3.63700000e-04 1.28710000e-04 2.06920000e-04 2.96778000e-03 7.24570000e-04 -5.57990000e-04 1.04536000e-03 3.44600000e-04 1.53719000e-03 2.64422000e-03 2.79760000e-04 5.65738000e-03 2.04093000e-03 2.61667000e-03 1.93476000e-03 1.82476000e-03 2.61221000e-03
8.50290000e-04 1.02500000e-05 2.79370000e-04 -8.72180000e-04 -3.47900000e-05 -7.50400000e-05 5.28270000e-04 -1.79330000e-04 -5.96560000e-04 -2.08440000e-04 2.84150000e-04 8.54700000e-05 -7.64500000e-05 -6.22400000e-05 1.19161000e-03 3.59240000e-04 9.66810000e-04 1.36595000e-03 2.73800000e-04 1.17450000e-04 9.02800000e-05 1.69310000e-04 -6.55770000e-04 1.43581000e-03 -4.64480000e-04 4.70000000e-07 3.13870000e-04 -1.24920000e-04 2.61340000e-04 2.33800000e-04 2.78420000e-04 6.31490000e-04 5.12700000e-05 -7.28770000e-04 4.65670000e-04 7.06340000e-04 5.34500000e-05 1.79440000e-04 1.26836000e-03 -6.01360000e-04 2.27040000e-04 -3.71790000e-04 3.13830000e-04 -1.51390000e-04 -3.40880000e-04 6.55520000e-04 -1.95700000e-04 3.47760000e-04 7.72600000e-05 4.41040000e-04 2.05640000e-04 3.07110000e-04 -1.96150000e-04 2.01000000e-06 2.96030000e-04 4.81310000e-04 -2.99500000e-04 -8.56900000e-05 -9.23500000e-05 -1.37180000e-04 -1.01603000e-03 -4.63420000e-04 4.46400000e-05 7.66090000e-04 1.91800000e-03 -5.20310000e-04 -8.37600000e-05 3.29030000e-04 -6.80150000e-04 4.33700000e-05 3.41000000e-04 1.68110000e-04 1.30470000e-04 1.68920000e-04 8.28850000e-04 1.49930000e-04 3.35200000e-05 -1.05349000e-03 4.75020000e-04 3.20480000e-04 1.60010000e-04 -8.65300000e-05 2.97650000e-04 -3.72580000e-04 -1.28700000e-05 -6.17570000e-04 -7.07600000e-05 -1.78360000e-04 -5.89000000e-06 3.68200000e-05 -4.23880000e-04 2.64920000e-04 -3.37190000e-04 5.96900000e-05 -2.27520000e-04 -1.99100000e-04 -5.44370000e-04 7.09270000e-04 -3.29700000e-04 3.04790000e-04 4.85700000e-05 -4.88100000e-05 -9.37800000e-05 4.00500000e-04 1.63990000e-04 -1.95180000e-04 2.34690000e-04 -2.50500000e-05 3.54410000e-04 7.25240000e-04 -9.61700000e-05 1.72119000e-03 2.75720000e-04 7.73800000e-04 1.72940000e-04 3.30910000e-04 2.28460000e-04
-1.51644000e-03 -3.80800000e-05 8.45680000e-04 6.90970000e-04 -1.11806000e-03 -2.94510000e-04 6.61400000e-05 1.46572000e-03 3.94090000e-04 7.82580000e-04 4.36730000e-04 2.51790000e-04 8.13920000e-04 -1.78540000e-04 5.23160000e-04 1.07903000e-03 1.56270000e-04 8.87980000e-04 -5.27430000e-04 8.20380000e-04 6.02820000e-04 3.90250000e-04 5.06130000e-04 6.64650000e-04 6.69510000e-04 -4.97930000e-04 7.46200000e-05 1.34973000e-03 3.43300000e-04 -5.12490000e-04 -2.10250000e-04 6.36750000e-04 4.24520000e-04 2.23300000e-04 4.78970000e-04 -3.47450000e-04 7.87600000e-05 -1.68563000e-03 -2.87580000e-04 1.82659000e-03 2.52450000e-04 8.23050000e-04 -2.80030000e-04 1.32990000e-04 4.67090000e-04 6.23710000e-04 2.49810000e-04 -2.26000000e-05 -1.79867000e-03 5.23780000e-04 5.36530000e-04 2.13120000e-04 7.41610000e-04 -1.02758000e-03 1.02740000e-04 -4.02290000e-04 -4.40070000e-04 6.30300000e-04 -3.98660000e-04 9.74580000e-04 9.83270000e-04 9.13920000e-04 -4.30600000e-05 2.82700000e-04 1.75169000e-03 -1.20157000e-03 4.01710000e-04 -4.23500000e-05 -1.87967000e-03 2.04608000e-03 2.34380000e-04 -4.39800000e-04 6.04060000e-04 2.05860000e-04 6.59980000e-04 -9.86950000e-04 1.59730000e-04 7.49670000e-04 8.52850000e-04 5.14710000e-04 8.45100000e-04 -5.44620000e-04 -3.97510000e-04 3.83100000e-04 -1.76465000e-03 7.66220000e-04 6.76420000e-04 -5.95990000e-04 -1.07547000e-03 8.99960000e-04 6.97640000e-04 -8.97960000e-04 -1.07377000e-03 1.27376000e-03 1.51323000e-03 4.09404000e-03 -5.91190000e-04 -5.98070000e-04 7.01350000e-04 3.78710000e-04 9.56050000e-04 5.72860000e-04 2.21090000e-04 -5.96010000e-04 6.17180000e-04 9.78560000e-04 1.30962000e-03 1.94760000e-04 1.82120000e-04 8.09750000e-04 -3.86030000e-04 -1.54550000e-04 -7.94890000e-04 2.23120000e-04 -1.70345000e-03 -9.93000000e-05 -2.58656000e-03
-5.95968000e-03 -8.87200000e-04 2.38440000e-04 3.39589000e-03 -8.88520000e-04 -7.76270000e-04 -1.50886000e-03 1.43743000e-03 2.80072000e-03 1.87369000e-03 -3.09480000e-04 2.55130000e-04 6.09320000e-04 9.21000000e-06 -4.19042000e-03 3.61910000e-04 -3.25218000e-03 -4.08910000e-03 -1.45349000e-03 7.84880000e-04 1.56750000e-04 -5.86100000e-05 3.11663000e-03 -3.96428000e-03 2.77336000e-03 -5.06460000e-04 -7.62000000e-04 2.01743000e-03 -2.06390000e-04 -1.33875000e-03 -1.35407000e-03 -1.01235000e-03 5.70720000e-04 1.88939000e-03 -8.58280000e-04 -2.95598000e-03 1.53240000e-04 -2.31865000e-03 -4.85747000e-03 4.20673000e-03 -1.21060000e-04 2.20185000e-03 -1.38912000e-03 6.00930000e-04 1.76215000e-03 -1.61196000e-03 9.25390000e-04 -1.90700000e-03 -1.78156000e-03 -9.56010000e-04 1.81430000e-04 -7.63560000e-04 1.15361000e-03 -8.54450000e-04 -1.02405000e-03 -2.05778000e-03 1.01400000e-05 1.67834000e-03 -8.40840000e-04 1.82665000e-03 4.67673000e-03 2.79096000e-03 -8.92500000e-04 -2.32344000e-03 -3.90580000e-03 1.51056000e-03 4.94600000e-04 -1.01015000e-03 8.37090000e-04 2.46125000e-03 -3.93450000e-04 -1.04262000e-03 4.15790000e-04 -6.27730000e-04 -2.05427000e-03 -1.32075000e-03 2.50970000e-04 4.65519000e-03 4.43390000e-04 -7.52930000e-04 6.73230000e-04 -1.85800000e-04 -1.34582000e-03 1.16010000e-03 -2.07311000e-03 3.09211000e-03 1.17907000e-03 2.02470000e-04 -8.33820000e-04 1.07427000e-03 1.73705000e-03 -2.75845000e-03 2.08400000e-04 6.49100000e-05 1.75484000e-03 3.87270000e-03 4.06320000e-04 -4.46708000e-03 2.17063000e-03 -1.35819000e-03 1.70980000e-04 5.06400000e-05 -5.83000000e-05 -2.71527000e-03 -5.41290000e-04 1.15138000e-03 -3.07180000e-04 -3.89880000e-04 -1.68410000e-03 -2.50636000e-03 -7.74100000e-04 -6.41680000e-03 -2.33692000e-03 -2.86933000e-03 -2.64418000e-03 -1.73907000e-03 -2.94897000e-03
-2.71825000e-03 -1.67020000e-04 -1.99620000e-04 1.79811000e-03 -4.11850000e-04 -3.03100000e-05 -9.71450000e-04 8.52970000e-04 1.29032000e-03 7.12770000e-04 -1.94770000e-04 5.57000000e-05 4.17690000e-04 1.05690000e-04 -2.32916000e-03 -3.19050000e-04 -1.69331000e-03 -2.50453000e-03 -8.44550000e-04 1.66920000e-04 -1.78330000e-04 -9.41900000e-05 1.38559000e-03 -2.45181000e-03 1.21603000e-03 -2.24610000e-04 -5.88330000e-04 6.79990000e-04 -3.11260000e-04 -7.00330000e-04 -6.32340000e-04 -8.19780000e-04 1.12160000e-04 9.64110000e-04 -6.06300000e-04 -1.56983000e-03 -6.54300000e-05 -1.06306000e-03 -2.50375000e-03 1.74452000e-03 -2.05410000e-04 9.66830000e-04 -7.44740000e-04 3.54400000e-05 7.26540000e-04 -9.71540000e-04 4.69420000e-04 -1.16845000e-03 -8.97260000e-04 -6.30170000e-04 -5.81100000e-05 -4.36180000e-04 4.37800000e-04 -4.87680000e-04 -6.35700000e-04 -1.03687000e-03 3.93590000e-04 3.15610000e-04 -6.08800000e-05 7.71170000e-04 2.15038000e-03 1.21448000e-03 -1.32030000e-04 -1.40824000e-03 -2.58066000e-03 7.85060000e-04 3.93500000e-05 -6.67140000e-04 5.20540000e-04 9.16560000e-04 -3.76580000e-04 -5.69030000e-04 -1.37250000e-04 -4.29830000e-04 -1.11257000e-03 -5.69700000e-04 8.70500000e-05 2.11011000e-03 2.34300000e-05 -3.44360000e-04 1.32380000e-04 -6.61800000e-05 -6.18830000e-04 4.00610000e-04 -7.31820000e-04 1.39973000e-03 4.39830000e-04 1.91880000e-04 -3.48740000e-04 3.21160000e-04 6.05350000e-04 -1.04035000e-03 3.16610000e-04 2.35960000e-04 9.50690000e-04 1.80790000e-03 5.98410000e-04 -1.97972000e-03 6.89280000e-04 -4.63800000e-04 3.14200000e-04 2.77470000e-04 2.50340000e-04 -1.21882000e-03 -2.79500000e-05 8.53710000e-04 1.45100000e-05 1.55910000e-04 -5.92630000e-04 -1.12051000e-03 3.57000000e-06 -3.37768000e-03 -8.68580000e-04 -1.43702000e-03 -1.02527000e-03 -6.86660000e-04 -1.20750000e-03
3.18743000e-03 2.62020000e-04 -6.25970000e-04 -1.86736000e-03 1.28115000e-03 5.61590000e-04 6.48690000e-04 -1.63789000e-03 -1.41303000e-03 -1.21148000e-03 -5.26700000e-05 -1.81530000e-04 -8.94400000e-04 1.95800000e-04 1.21008000e-03 -8.90570000e-04 1.32903000e-03 9.00670000e-04 9.27500000e-04 -8.12020000e-04 -6.43230000e-04 -2.17490000e-04 -1.63113000e-03 1.20084000e-03 -1.45880000e-03 6.33750000e-04 3.05170000e-04 -1.77839000e-03 -7.69400000e-05 8.82940000e-04 7.23030000e-04 5.37400000e-05 -5.20340000e-04 -8.79190000e-04 1.41600000e-04 1.37830000e-03 -7.74700000e-05 2.19969000e-03 2.16844000e-03 -3.05698000e-03 -2.93600000e-05 -1.41809000e-03 8.31850000e-04 -4.65630000e-04 -1.05588000e-03 3.20950000e-04 -4.30110000e-04 4.92640000e-04 2.10158000e-03 6.91700000e-05 -3.42500000e-04 2.45950000e-04 -1.04258000e-03 1.15482000e-03 2.67240000e-04 1.17347000e-03 3.23570000e-04 -1.19152000e-03 6.21970000e-04 -1.31481000e-03 -2.56319000e-03 -1.67948000e-03 4.34350000e-04 7.58820000e-04 3.55140000e-04 4.56420000e-04 -5.33330000e-04 6.27570000e-04 1.05662000e-03 -2.28329000e-03 1.79190000e-04 7.98990000e-04 -5.33550000e-04 -6.81000000e-06 4.99940000e-04 1.24773000e-03 -1.24880000e-04 -2.38261000e-03 -5.86230000e-04 4.14600000e-05 -7.51600000e-04 5.48180000e-04 9.61760000e-04 -8.25610000e-04 2.18456000e-03 -1.72602000e-03 -9.08710000e-04 5.08620000e-04 1.25116000e-03 -1.02683000e-03 -1.27815000e-03 1.64791000e-03 7.88490000e-04 -9.85550000e-04 -1.84511000e-03 -4.59536000e-03 1.96570000e-04 1.99302000e-03 -1.40765000e-03 2.51120000e-04 -6.84020000e-04 -4.04170000e-04 -1.20850000e-04 1.30406000e-03 -2.54380000e-04 -1.07566000e-03 -8.23180000e-04 1.27820000e-04 5.38690000e-04 3.31360000e-04 5.71260000e-04 2.75007000e-03 1.43285000e-03 9.80840000e-04 2.10269000e-03 6.63730000e-04 2.83348000e-03
-2.95493000e-03 -5.54350000e-04 -8.62580000e-04 2.36720000e-03 1.60310000e-04 -4.57880000e-04 -1.60439000e-03 -3.89610000e-04 1.47803000e-03 4.05740000e-04 -9.47800000e-04 -2.14520000e-04 -4.80100000e-04 1.76260000e-04 -3.96081000e-03 -9.02500000e-04 -3.13205000e-03 -4.59151000e-03 -6.59460000e-04 -4.80510000e-04 -1.42150000e-04 -4.61980000e-04 1.63784000e-03 -4.52343000e-03 1.20323000e-03 -5.33800000e-05 -8.09590000e-04 1.49580000e-04 -9.14770000e-04 -5.15300000e-04 -7.03080000e-04 -1.78390000e-03 -1.73500000e-04 1.66284000e-03 -1.36989000e-03 -1.68235000e-03 -4.74400000e-05 -3.52260000e-04 -3.40460000e-03 1.31611000e-03 -4.97710000e-04 8.26890000e-04 -9.33330000e-04 5.07680000e-04 8.30150000e-04 -1.98296000e-03 3.64660000e-04 -5.34430000e-04 -3.76740000e-04 -1.31649000e-03 -6.81540000e-04 -8.52860000e-04 3.65560000e-04 3.71200000e-05 -8.68620000e-04 -1.20820000e-03 3.11650000e-04 2.25220000e-04 -4.32330000e-04 1.68000000e-04 2.34812000e-03 1.04871000e-03 -1.01305000e-03 -2.41821000e-03 -5.38378000e-03 1.64023000e-03 2.36370000e-04 -1.24117000e-03 2.31230000e-03 -4.57520000e-04 -1.05465000e-03 -5.21330000e-04 -3.87330000e-04 -4.74510000e-04 -2.40733000e-03 3.14700000e-05 -6.08200000e-05 2.66710000e-03 -1.31700000e-03 -1.29425000e-03 -5.16040000e-04 1.38360000e-04 -8.03360000e-04 7.37740000e-04 -9.84800000e-05 1.47037000e-03 2.20050000e-04 3.27590000e-04 -3.11000000e-06 -2.10040000e-04 1.00250000e-03 -1.45548000e-03 8.62770000e-04 -1.15465000e-03 -2.77710000e-04 -8.18060000e-04 8.89360000e-04 -3.05807000e-03 9.61930000e-04 -1.60532000e-03 -1.00079000e-03 -6.32940000e-04 -5.02010000e-04 -1.91363000e-03 -1.10720000e-03 -4.31360000e-04 -1.62442000e-03 -8.15000000e-04 -1.73972000e-03 -2.50767000e-03 -2.45500000e-04 -5.17874000e-03 -1.55270000e-03 -2.06806000e-03 -7.10580000e-04 -1.59447000e-03 -7.57470000e-04
1.92500000e-04 1.34600000e-05 7.59400000e-05 -1.06560000e-04 -3.11600000e-05 -1.62510000e-04 3.93500000e-05 -2.22400000e-05 4.32200000e-05 1.26900000e-05 -1.24700000e-05 -3.17900000e-05 1.19900000e-05 -9.02200000e-05 2.12010000e-04 1.44090000e-04 4.29900000e-05 2.66540000e-04 1.65900000e-04 2.82000000e-05 2.74510000e-04 6.54500000e-05 2.69100000e-05 1.71900000e-04 -4.58600000e-05 2.19000000e-05 3.76200000e-05 9.06500000e-05 -4.45000000e-06 1.41400000e-04 5.13100000e-05 9.96000000e-05 1.07040000e-04 -6.82000000e-06 6.38700000e-05 1.83750000e-04 3.98600000e-05 -3.15200000e-05 2.17160000e-04 1.07590000e-04 1.78300000e-05 2.33000000e-06 -6.05000000e-05 2.18950000e-04 8.50700000e-05 1.17480000e-04 -9.95000000e-06 4.13580000e-04 -6.43600000e-05 9.45600000e-05 1.54000000e-05 7.80400000e-05 1.12240000e-04 1.46500000e-05 2.67610000e-04 1.16300000e-04 -1.43320000e-04 3.00050000e-04 -1.56840000e-04 -1.60000000e-05 -2.77500000e-05 -1.70100000e-05 -1.11800000e-04 9.35900000e-05 3.69120000e-04 -1.90250000e-04 1.31490000e-04 9.15400000e-05 -1.86090000e-04 1.01950000e-04 -1.86000000e-05 8.23200000e-05 1.96260000e-04 2.63730000e-04 6.21900000e-05 2.11100000e-05 -1.04200000e-05 -6.29600000e-05 1.35060000e-04 -4.07200000e-05 -1.12400000e-05 4.27000000e-06 2.13900000e-05 1.61090000e-04 -8.12700000e-05 -2.20200000e-05 5.32400000e-05 -9.68700000e-05 -2.16800000e-05 3.07700000e-05 1.52190000e-04 -1.82600000e-05 -7.19000000e-05 4.62500000e-05 1.44400000e-05 2.01900000e-04 -1.25720000e-04 1.72590000e-04 1.93460000e-04 1.59500000e-05 -7.54200000e-05 -6.30600000e-05 -9.41400000e-05 9.97200000e-05 2.83200000e-05 -1.24530000e-04 5.32300000e-05 -1.70160000e-04 2.36600000e-05 1.63490000e-04 -9.95300000e-05 2.07050000e-04 -3.71000000e-06 1.90400000e-04 3.26600000e-05 5.39500000e-05 5.83100000e-05
-4.28095000e-03 -5.45650000e-04 -1.28700000e-05 2.38221000e-03 -4.43660000e-04 -4.04850000e-04 -1.16662000e-03 9.61440000e-04 1.93130000e-03 1.19952000e-03 -3.23830000e-04 1.69710000e-04 3.59810000e-04 -9.87000000e-06 -3.42997000e-03 7.35800000e-05 -2.60419000e-03 -3.55250000e-03 -1.02076000e-03 4.13570000e-04 -6.41100000e-05 -1.03080000e-04 2.17318000e-03 -3.33352000e-03 1.94664000e-03 -2.84890000e-04 -6.15270000e-04 1.17282000e-03 -2.33150000e-04 -8.98620000e-04 -1.02070000e-03 -9.34160000e-04 3.05690000e-04 1.38490000e-03 -8.24270000e-04 -2.18339000e-03 8.97300000e-05 -1.50424000e-03 -3.73495000e-03 2.71086000e-03 -1.36650000e-04 1.46827000e-03 -1.03757000e-03 2.66590000e-04 1.15083000e-03 -1.42175000e-03 6.96160000e-04 -1.48806000e-03 -1.17359000e-03 -8.79590000e-04 -1.15200000e-05 -6.42910000e-04 7.29600000e-04 -4.36280000e-04 -8.23420000e-04 -1.51053000e-03 2.16840000e-04 9.12930000e-04 -4.56580000e-04 1.14813000e-03 3.24669000e-03 1.87215000e-03 -5.57950000e-04 -1.83624000e-03 -3.62366000e-03 1.28048000e-03 2.79820000e-04 -7.44540000e-04 8.73510000e-04 1.52497000e-03 -4.03600000e-04 -7.00340000e-04 2.34060000e-04 -5.22640000e-04 -1.69985000e-03 -7.63470000e-04 1.54010000e-04 3.25566000e-03 1.38060000e-04 -7.08910000e-04 3.45380000e-04 -2.29900000e-05 -9.57080000e-04 7.43650000e-04 -1.31049000e-03 2.10170000e-03 7.20310000e-04 3.09470000e-04 -4.35040000e-04 6.06930000e-04 1.06854000e-03 -1.85167000e-03 3.60270000e-04 4.21000000e-05 1.15409000e-03 2.43680000e-03 5.11850000e-04 -3.26852000e-03 1.30199000e-03 -9.75150000e-04 1.20840000e-04 1.03490000e-04 4.26300000e-05 -2.08330000e-03 -3.39120000e-04 8.86860000e-04 -2.91420000e-04 -1.67520000e-04 -1.15761000e-03 -1.91943000e-03 -3.75750000e-04 -4.98317000e-03 -1.62540000e-03 -2.25867000e-03 -1.78032000e-03 -1.28178000e-03 -2.09829000e-03
1.46308000e-03 3.56280000e-04 9.85300000e-05 -6.69230000e-04 -6.47200000e-05 1.18590000e-04 3.35190000e-04 4.85000000e-05 -4.87430000e-04 -3.42690000e-04 9.48300000e-05 -4.58100000e-05 1.90190000e-04 -9.47100000e-05 1.24154000e-03 1.11400000e-04 7.85360000e-04 1.38236000e-03 3.60240000e-04 -6.15100000e-05 3.37950000e-04 1.03100000e-04 -5.73480000e-04 1.16131000e-03 -5.91830000e-04 3.32300000e-05 1.67300000e-04 -1.77470000e-04 7.92000000e-05 3.47430000e-04 3.13370000e-04 3.66340000e-04 3.68000000e-06 -4.81740000e-04 2.74250000e-04 7.41410000e-04 -2.21100000e-05 1.99180000e-04 1.22120000e-03 -5.44280000e-04 3.88800000e-05 -3.63130000e-04 1.99960000e-04 1.03840000e-04 -2.74850000e-04 5.12370000e-04 -1.61590000e-04 7.29730000e-04 7.68200000e-05 3.46480000e-04 3.31100000e-05 2.20550000e-04 8.30000000e-07 5.34000000e-06 4.45200000e-04 4.38930000e-04 -2.90000000e-05 -3.24000000e-06 1.30490000e-04 -2.82070000e-04 -8.82610000e-04 -5.13490000e-04 2.63550000e-04 6.28910000e-04 1.55097000e-03 -6.16370000e-04 6.80600000e-05 1.85720000e-04 -5.35900000e-04 -1.87020000e-04 5.78800000e-05 1.88490000e-04 8.07800000e-05 3.81600000e-04 5.84860000e-04 1.75360000e-04 -7.43900000e-05 -9.90500000e-04 1.49770000e-04 2.31460000e-04 -5.85000000e-05 -6.11100000e-05 1.96240000e-04 -6.70600000e-05 1.15380000e-04 -6.14100000e-04 -1.35930000e-04 -2.15800000e-04 -4.59500000e-05 -8.46000000e-05 -1.75010000e-04 6.22760000e-04 -3.01910000e-04 3.49300000e-04 3.08700000e-05 9.58400000e-05 -1.00650000e-04 1.28262000e-03 -1.72800000e-04 5.33820000e-04 1.93690000e-04 1.47170000e-04 1.17380000e-04 8.77350000e-04 3.89030000e-04 -7.07400000e-05 4.72730000e-04 1.15270000e-04 5.70800000e-04 9.80720000e-04 1.78340000e-04 1.60320000e-03 6.16040000e-04 8.27830000e-04 5.87280000e-04 6.20460000e-04 6.78880000e-04
2.49966000e-03 5.40300000e-04 -3.97630000e-04 -1.36900000e-03 5.78880000e-04 5.18890000e-04 4.59090000e-04 -6.31610000e-04 -1.08291000e-03 -1.00749000e-03 -2.04000000e-05 -9.35600000e-05 -1.85770000e-04 5.41100000e-05 1.20840000e-03 -5.78830000e-04 1.00210000e-03 1.02482000e-03 6.05900000e-04 -5.53530000e-04 -2.03760000e-04 -7.16500000e-05 -1.21268000e-03 1.04939000e-03 -1.19921000e-03 3.12020000e-04 1.45230000e-04 -1.21232000e-03 -1.52400000e-05 6.69630000e-04 5.03030000e-04 1.45200000e-05 -3.64710000e-04 -8.90260000e-04 1.14600000e-05 1.08384000e-03 -1.01840000e-04 1.23594000e-03 1.63639000e-03 -2.07639000e-03 -5.84200000e-05 -1.03168000e-03 5.30940000e-04 -3.98220000e-04 -8.20620000e-04 2.57900000e-04 -2.93690000e-04 5.14180000e-04 9.85570000e-04 8.97400000e-05 -2.71870000e-04 1.35260000e-04 -5.24550000e-04 5.82330000e-04 2.66730000e-04 7.31240000e-04 3.10890000e-04 -1.00433000e-03 5.60590000e-04 -9.50390000e-04 -1.89351000e-03 -1.29268000e-03 5.17670000e-04 7.55190000e-04 6.11850000e-04 -1.64710000e-04 -3.17760000e-04 2.14940000e-04 2.44630000e-04 -1.41962000e-03 -6.63200000e-05 4.40500000e-04 -4.30680000e-04 1.29280000e-04 4.89970000e-04 8.16300000e-04 -1.52940000e-04 -1.94996000e-03 -3.58430000e-04 1.56940000e-04 -5.32830000e-04 2.30380000e-04 4.91370000e-04 -6.04170000e-04 1.15518000e-03 -1.38728000e-03 -7.17250000e-04 1.63730000e-04 5.43970000e-04 -6.48240000e-04 -1.01284000e-03 1.35187000e-03 2.45490000e-04 -3.85000000e-05 -7.61450000e-04 -2.05407000e-03 1.78950000e-04 1.88577000e-03 -1.12096000e-03 6.04140000e-04 -6.03800000e-05 9.59900000e-05 1.70000000e-04 1.18624000e-03 3.21730000e-04 -3.66100000e-04 7.00700000e-05 3.14720000e-04 7.85620000e-04 8.49850000e-04 6.05680000e-04 2.16186000e-03 1.20144000e-03 8.93980000e-04 1.42595000e-03 8.06860000e-04 1.76523000e-03
7.16180000e-04 8.24500000e-05 2.43500000e-04 -6.29100000e-04 -2.30040000e-04 -2.65100000e-05 3.03410000e-04 1.66500000e-04 -5.17280000e-04 -1.27850000e-04 2.47410000e-04 -3.98600000e-05 1.38630000e-04 -1.10440000e-04 1.06981000e-03 2.54640000e-04 8.48760000e-04 1.26777000e-03 1.36500000e-04 1.29050000e-04 1.68200000e-04 1.16130000e-04 -6.18190000e-04 1.21971000e-03 -4.11120000e-04 -6.77500000e-05 1.48100000e-04 3.63500000e-05 1.09270000e-04 1.14840000e-04 1.96880000e-04 5.10050000e-04 3.39600000e-05 -5.86740000e-04 4.84790000e-04 4.63660000e-04 -8.01600000e-05 -1.05370000e-04 1.09438000e-03 -2.93540000e-04 9.63300000e-05 -2.65160000e-04 1.22960000e-04 -3.71700000e-05 -2.91630000e-04 6.90390000e-04 -1.22160000e-04 3.40540000e-04 -2.08840000e-04 4.30930000e-04 1.99480000e-04 2.74330000e-04 -6.10700000e-05 -2.42370000e-04 3.15860000e-04 3.29000000e-04 -2.25660000e-04 5.25600000e-05 -5.39000000e-05 -2.65000000e-05 -8.59490000e-04 -3.30590000e-04 1.69670000e-04 5.20760000e-04 2.01651000e-03 -6.91730000e-04 -3.46100000e-05 3.15980000e-04 -9.28610000e-04 3.50710000e-04 2.75380000e-04 8.31900000e-05 1.56620000e-04 2.13450000e-04 7.94910000e-04 -5.81400000e-05 -3.42600000e-05 -9.06860000e-04 6.07430000e-04 3.31870000e-04 1.18210000e-04 -1.71770000e-04 1.94870000e-04 -2.42980000e-04 -1.81460000e-04 -4.63600000e-04 4.40200000e-05 -2.64520000e-04 -1.51540000e-04 6.33900000e-05 -2.48180000e-04 2.39880000e-04 -4.11100000e-04 3.44020000e-04 1.31470000e-04 5.39320000e-04 -4.24750000e-04 7.73230000e-04 -1.36880000e-04 4.41860000e-04 2.97920000e-04 1.24000000e-04 7.19700000e-05 4.48720000e-04 3.38310000e-04 7.99700000e-05 5.26490000e-04 1.19190000e-04 4.74400000e-04 9.09850000e-04 -6.54900000e-05 1.46158000e-03 3.04160000e-04 7.38130000e-04 1.11660000e-04 4.20740000e-04 1.20500000e-04
7.08500000e-05 -5.64100000e-05 5.04850000e-04 -2.12630000e-04 -5.00390000e-04 -2.61130000e-04 3.28520000e-04 3.77620000e-04 -1.45790000e-04 2.02150000e-04 3.29250000e-04 7.52700000e-05 2.32640000e-04 -8.27100000e-05 1.13724000e-03 6.07730000e-04 7.48870000e-04 1.46560000e-03 -9.99000000e-06 3.88390000e-04 3.97500000e-04 2.37600000e-04 -1.52620000e-04 1.29007000e-03 -5.76400000e-05 -1.95570000e-04 2.15780000e-04 5.29180000e-04 2.65500000e-04 -5.01900000e-05 1.14400000e-04 6.42420000e-04 2.30580000e-04 -2.81270000e-04 4.99310000e-04 3.23340000e-04 5.64200000e-05 -5.20450000e-04 7.71680000e-04 4.48900000e-04 2.00670000e-04 1.04270000e-04 8.98100000e-05 1.06240000e-04 5.74100000e-05 7.08780000e-04 -6.25600000e-05 3.53560000e-04 -5.75440000e-04 5.11080000e-04 3.41350000e-04 2.99160000e-04 2.07630000e-04 -4.51900000e-04 2.96050000e-04 1.49960000e-04 -4.64380000e-04 3.46960000e-04 -2.91020000e-04 3.04670000e-04 -1.57690000e-04 9.10700000e-05 -6.06500000e-05 5.99530000e-04 2.07686000e-03 -8.49180000e-04 1.46750000e-04 1.79280000e-04 -1.17414000e-03 8.01820000e-04 3.01740000e-04 -6.27100000e-05 3.05590000e-04 2.55450000e-04 7.75840000e-04 -3.63700000e-04 7.46000000e-05 -2.89010000e-04 5.89180000e-04 4.40580000e-04 4.00850000e-04 -2.83220000e-04 1.64100000e-05 3.69500000e-05 -6.52040000e-04 -2.47100000e-05 2.38730000e-04 -4.05270000e-04 -4.55310000e-04 3.77990000e-04 1.58880000e-04 -1.93070000e-04 -6.38430000e-04 4.38560000e-04 3.96710000e-04 1.39461000e-03 -6.11270000e-04 3.36420000e-04 2.15950000e-04 2.69360000e-04 2.86630000e-04 7.91900000e-05 -6.07300000e-05 1.49520000e-04 2.37250000e-04 1.18960000e-04 5.77660000e-04 -6.41300000e-05 2.04940000e-04 7.04730000e-04 -3.12320000e-04 1.13902000e-03 -1.28740000e-04 6.36600000e-04 -5.27130000e-04 1.60570000e-04 -7.40530000e-04
-6.49269000e-03 -8.65640000e-04 7.05600000e-04 3.58878000e-03 -1.50523000e-03 -8.96050000e-04 -1.47436000e-03 2.22991000e-03 2.93694000e-03 2.27205000e-03 -1.12790000e-04 3.39770000e-04 1.06713000e-03 -1.04780000e-04 -3.85521000e-03 1.01847000e-03 -3.23542000e-03 -3.64732000e-03 -1.64211000e-03 1.19354000e-03 5.11030000e-04 9.95100000e-05 3.29435000e-03 -3.71327000e-03 3.09731000e-03 -7.52030000e-04 -7.14370000e-04 2.75625000e-03 -5.63900000e-05 -1.61564000e-03 -1.39348000e-03 -7.98720000e-04 7.29520000e-04 2.09948000e-03 -6.11160000e-04 -3.05832000e-03 1.45360000e-04 -3.18393000e-03 -5.00624000e-03 5.18178000e-03 -1.00350000e-04 2.66057000e-03 -1.52511000e-03 7.98000000e-04 1.96780000e-03 -1.24745000e-03 1.01413000e-03 -1.68321000e-03 -2.83641000e-03 -6.19800000e-04 4.48670000e-04 -6.83770000e-04 1.59259000e-03 -1.39940000e-03 -9.39180000e-04 -2.29035000e-03 -2.99700000e-04 2.01075000e-03 -1.01011000e-03 2.28340000e-03 5.09870000e-03 3.26171000e-03 -9.33400000e-04 -2.16121000e-03 -3.06939000e-03 5.70630000e-04 7.91900000e-04 -1.06294000e-03 -3.46990000e-04 3.48951000e-03 -4.03180000e-04 -1.23017000e-03 7.91500000e-04 -4.74250000e-04 -1.68447000e-03 -1.84116000e-03 2.61020000e-04 5.01344000e-03 6.81310000e-04 -5.53440000e-04 9.62510000e-04 -4.80560000e-04 -1.64427000e-03 1.47361000e-03 -3.01858000e-03 3.47510000e-03 1.55123000e-03 -1.73640000e-04 -1.46109000e-03 1.55620000e-03 2.18301000e-03 -3.13551000e-03 -4.53120000e-04 8.38600000e-04 2.58097000e-03 6.12917000e-03 3.04200000e-05 -4.67204000e-03 2.51188000e-03 -1.10356000e-03 6.63700000e-04 4.15550000e-04 7.57300000e-05 -2.98955000e-03 -2.37530000e-04 1.62550000e-03 4.17000000e-04 -3.31000000e-04 -1.52566000e-03 -1.91624000e-03 -1.00592000e-03 -6.47751000e-03 -2.74897000e-03 -2.66455000e-03 -3.44042000e-03 -1.73373000e-03 -4.36958000e-03
7.52387000e-03 1.08294000e-03 -2.92920000e-04 -4.12787000e-03 8.90310000e-04 1.07897000e-03 1.94424000e-03 -1.51254000e-03 -3.49818000e-03 -2.30873000e-03 6.82740000e-04 -3.07270000e-04 -4.62630000e-04 1.21740000e-04 6.06671000e-03 -7.04710000e-04 4.92177000e-03 6.29587000e-03 1.62463000e-03 -8.87430000e-04 -3.22970000e-04 7.86200000e-05 -3.97185000e-03 6.03512000e-03 -3.58684000e-03 5.73160000e-04 8.42660000e-04 -2.45192000e-03 3.63770000e-04 1.48658000e-03 1.64293000e-03 1.51800000e-03 -7.29060000e-04 -2.66933000e-03 1.29788000e-03 3.47330000e-03 -3.58740000e-04 2.89240000e-03 6.45573000e-03 -5.19156000e-03 1.30600000e-04 -2.80829000e-03 1.80070000e-03 -1.05730000e-03 -2.26610000e-03 2.32126000e-03 -1.17407000e-03 1.72407000e-03 2.49319000e-03 1.34382000e-03 -3.05000000e-05 1.01850000e-03 -1.54592000e-03 7.88720000e-04 1.23930000e-03 2.51790000e-03 -2.53300000e-05 -2.07441000e-03 1.16883000e-03 -2.03665000e-03 -5.86654000e-03 -3.49329000e-03 1.48136000e-03 3.19174000e-03 6.28761000e-03 -1.83288000e-03 -9.22750000e-04 1.32676000e-03 -1.43072000e-03 -2.72806000e-03 7.47570000e-04 1.21251000e-03 -8.29080000e-04 6.22460000e-04 3.05962000e-03 1.42476000e-03 -3.09410000e-04 -6.01224000e-03 1.08690000e-04 1.51795000e-03 -6.51690000e-04 1.58720000e-04 1.71055000e-03 -1.70044000e-03 2.74855000e-03 -3.88943000e-03 -1.39618000e-03 -2.86200000e-04 9.95720000e-04 -1.24921000e-03 -2.35511000e-03 3.59952000e-03 -2.89960000e-04 1.22400000e-04 -1.88259000e-03 -4.45410000e-03 -6.13180000e-04 6.09884000e-03 -2.75296000e-03 2.00723000e-03 1.50030000e-04 1.00710000e-04 2.84480000e-04 3.93772000e-03 8.69890000e-04 -1.08342000e-03 7.87790000e-04 8.33840000e-04 2.38573000e-03 3.31016000e-03 9.71360000e-04 8.93612000e-03 3.35409000e-03 3.73116000e-03 3.32786000e-03 2.52948000e-03 4.19072000e-03
1.06535100e-02 1.61416000e-03 2.12730000e-04 -5.47357000e-03 3.64830000e-04 1.19778000e-03 2.89045000e-03 -1.17658000e-03 -4.81115000e-03 -2.88548000e-03 1.17710000e-03 -3.90000000e-04 1.28240000e-04 -9.97100000e-05 9.82738000e-03 -2.30940000e-04 7.56711000e-03 1.08671900e-02 2.19367000e-03 -7.59090000e-04 4.37290000e-04 3.23280000e-04 -5.48643000e-03 1.00387900e-02 -5.02003000e-03 4.43520000e-04 1.29297000e-03 -2.48130000e-03 7.24940000e-04 1.94711000e-03 2.23999000e-03 2.91316000e-03 -7.14610000e-04 -4.08682000e-03 2.38635000e-03 4.98369000e-03 -5.50520000e-04 3.03961000e-03 9.74240000e-03 -6.12669000e-03 3.17870000e-04 -3.63758000e-03 2.36305000e-03 -9.17700000e-04 -2.96914000e-03 4.00925000e-03 -1.65273000e-03 2.98390000e-03 2.62051000e-03 2.44236000e-03 3.14710000e-04 1.59424000e-03 -1.58727000e-03 3.84060000e-04 2.19482000e-03 3.45003000e-03 -4.11810000e-04 -1.76711000e-03 1.30083000e-03 -2.35283000e-03 -8.03781000e-03 -4.58464000e-03 2.15422000e-03 4.97366000e-03 1.18813400e-02 -3.42673000e-03 -8.83380000e-04 1.88510000e-03 -3.24236000e-03 -2.60086000e-03 1.30519000e-03 1.46477000e-03 -7.06860000e-04 1.32840000e-03 4.98020000e-03 1.37560000e-03 -4.99650000e-04 -8.38414000e-03 1.05394000e-03 2.54349000e-03 -3.65840000e-04 -2.39510000e-04 2.13091000e-03 -2.08235000e-03 2.76086000e-03 -5.26042000e-03 -1.45068000e-03 -1.06324000e-03 6.27010000e-04 -1.20081000e-03 -2.67570000e-03 4.80284000e-03 -1.38005000e-03 9.10460000e-04 -1.56557000e-03 -3.68017000e-03 -1.28724000e-03 9.13618000e-03 -2.87764000e-03 3.33160000e-03 8.21720000e-04 3.77470000e-04 5.32650000e-04 6.21200000e-03 1.72552000e-03 -1.14557000e-03 2.10639000e-03 1.17237000e-03 3.70387000e-03 5.76878000e-03 1.04183000e-03 1.35847200e-02 4.76312000e-03 5.80630000e-03 4.35539000e-03 4.06094000e-03 5.70158000e-03
-3.50375000e-03 -3.88800000e-04 -3.66300000e-05 1.99524000e-03 -1.48700000e-04 -2.37880000e-04 -9.24180000e-04 7.37940000e-04 1.75048000e-03 1.03223000e-03 -2.79680000e-04 2.32380000e-04 3.15130000e-04 5.05800000e-05 -3.09789000e-03 6.91200000e-05 -2.37788000e-03 -3.34092000e-03 -7.08150000e-04 3.39410000e-04 -7.12900000e-05 -7.18100000e-05 1.98785000e-03 -3.11061000e-03 1.74273000e-03 -7.29400000e-05 -4.59700000e-04 9.26910000e-04 -1.35410000e-04 -6.73230000e-04 -8.22880000e-04 -9.34530000e-04 2.60630000e-04 1.36397000e-03 -8.37730000e-04 -1.80591000e-03 1.52820000e-04 -1.06126000e-03 -3.38908000e-03 2.27108000e-03 -1.12720000e-04 1.30466000e-03 -8.09190000e-04 2.94980000e-04 1.06125000e-03 -1.37568000e-03 6.41920000e-04 -1.17023000e-03 -8.04270000e-04 -8.11310000e-04 -3.98300000e-05 -5.93810000e-04 6.55700000e-04 -9.78100000e-05 -6.63670000e-04 -1.26290000e-03 2.75920000e-04 7.80690000e-04 -2.77080000e-04 9.38550000e-04 2.87278000e-03 1.62021000e-03 -4.64700000e-04 -1.53516000e-03 -3.73251000e-03 1.23772000e-03 2.96210000e-04 -6.14650000e-04 1.01515000e-03 1.05082000e-03 -4.21160000e-04 -4.60240000e-04 2.49950000e-04 -4.10050000e-04 -1.60134000e-03 -5.28040000e-04 1.54220000e-04 2.96375000e-03 -1.66580000e-04 -6.87630000e-04 1.94450000e-04 1.86300000e-04 -8.30340000e-04 7.60100000e-04 -8.99120000e-04 1.86547000e-03 5.79970000e-04 4.35120000e-04 -1.77550000e-04 5.07310000e-04 9.55540000e-04 -1.44874000e-03 5.73340000e-04 8.50000000e-06 9.17300000e-04 1.77218000e-03 5.50640000e-04 -2.82307000e-03 1.08164000e-03 -8.38500000e-04 2.46200000e-05 1.50130000e-04 7.15000000e-05 -1.78085000e-03 -3.33680000e-04 7.17760000e-04 -3.56680000e-04 -1.47810000e-04 -9.66420000e-04 -1.73038000e-03 -2.19310000e-04 -4.48596000e-03 -1.31926000e-03 -2.06975000e-03 -1.30992000e-03 -1.06973000e-03 -1.59998000e-03
-1.48600000e-05 -1.19380000e-04 2.50820000e-04 -4.23650000e-04 -4.78500000e-05 -1.39330000e-04 2.85310000e-04 -7.47200000e-05 -1.61840000e-04 6.19500000e-05 2.36910000e-04 1.06520000e-04 -3.97100000e-05 2.03000000e-06 4.06840000e-04 2.75440000e-04 4.46290000e-04 5.57640000e-04 6.94800000e-05 2.12040000e-04 1.47200000e-05 1.40610000e-04 -1.98100000e-04 6.95650000e-04 -4.30600000e-05 -1.09500000e-05 2.06150000e-04 1.01040000e-04 2.10880000e-04 6.23100000e-05 9.75500000e-05 4.27180000e-04 1.41750000e-04 -4.91040000e-04 3.30540000e-04 2.38890000e-04 8.92000000e-05 -5.55000000e-05 5.22750000e-04 -6.87100000e-05 2.12200000e-04 -8.31000000e-05 1.40570000e-04 -5.37300000e-05 -7.99400000e-05 3.83380000e-04 -4.90000000e-05 -1.92600000e-05 -2.82700000e-05 2.53270000e-04 2.22140000e-04 2.06880000e-04 -1.05080000e-04 -4.58100000e-05 1.20690000e-04 2.22920000e-04 -2.16350000e-04 1.58620000e-04 -1.56720000e-04 1.07470000e-04 -3.72640000e-04 -7.89900000e-05 -6.53700000e-05 3.34640000e-04 1.16655000e-03 -1.01330000e-04 -7.04900000e-05 2.19290000e-04 -3.37800000e-04 2.74280000e-04 3.45510000e-04 5.29900000e-05 1.43490000e-04 2.55700000e-05 4.64280000e-04 -7.62000000e-06 9.93000000e-05 -3.44570000e-04 5.46120000e-04 1.84060000e-04 2.00660000e-04 -4.00600000e-05 1.78360000e-04 -2.51480000e-04 -1.59050000e-04 -1.46140000e-04 6.19900000e-05 -4.27300000e-05 1.01600000e-05 1.42610000e-04 -2.64270000e-04 -8.07600000e-05 -1.23410000e-04 -7.51900000e-05 -7.65100000e-05 -3.20000000e-07 -4.07430000e-04 1.44300000e-05 -3.33500000e-05 6.48700000e-05 1.35000000e-05 -7.76100000e-05 -8.74700000e-05 2.27000000e-05 4.09500000e-05 -5.32300000e-05 6.49900000e-05 -6.88700000e-05 9.04200000e-05 2.52300000e-04 -1.55770000e-04 6.68880000e-04 1.34300000e-05 2.70100000e-04 -3.15200000e-05 9.10500000e-05 1.29290000e-04
-2.45801000e-03 -1.17260000e-04 3.93300000e-05 1.52592000e-03 -2.55130000e-04 -5.21700000e-05 -7.02750000e-04 8.37140000e-04 1.29142000e-03 7.77650000e-04 -2.13840000e-04 1.84750000e-04 4.79160000e-04 1.78900000e-05 -2.23613000e-03 1.09620000e-04 -1.78222000e-03 -2.35679000e-03 -5.56690000e-04 2.91970000e-04 6.10600000e-05 -5.18800000e-05 1.45225000e-03 -2.27015000e-03 1.30212000e-03 -1.06620000e-04 -3.47760000e-04 8.05540000e-04 -9.25100000e-05 -5.12900000e-04 -5.87550000e-04 -6.71240000e-04 1.91210000e-04 9.33730000e-04 -5.79150000e-04 -1.33273000e-03 8.73900000e-05 -9.76010000e-04 -2.48385000e-03 1.82850000e-03 -1.09250000e-04 1.03177000e-03 -6.18400000e-04 3.39340000e-04 7.58690000e-04 -9.49010000e-04 5.20260000e-04 -8.06260000e-04 -8.06790000e-04 -5.39850000e-04 -6.29000000e-06 -4.51990000e-04 6.18210000e-04 -1.85310000e-04 -4.91280000e-04 -9.93470000e-04 3.20420000e-04 6.70050000e-04 -8.48800000e-05 7.37130000e-04 2.14034000e-03 1.24683000e-03 -1.90700000e-04 -1.13804000e-03 -2.51053000e-03 8.03500000e-04 3.21000000e-04 -5.42750000e-04 6.56310000e-04 9.20070000e-04 -3.37430000e-04 -3.94390000e-04 2.23490000e-04 -2.80040000e-04 -1.13239000e-03 -4.47260000e-04 8.48800000e-05 2.18541000e-03 -8.99700000e-05 -4.92040000e-04 1.66260000e-04 6.48300000e-05 -6.91340000e-04 6.00940000e-04 -8.42390000e-04 1.39655000e-03 4.84680000e-04 2.74020000e-04 -2.72390000e-04 4.44400000e-04 7.56250000e-04 -9.61610000e-04 2.51320000e-04 2.53320000e-04 9.80530000e-04 1.82410000e-03 5.30240000e-04 -1.90528000e-03 9.09920000e-04 -4.13840000e-04 2.54240000e-04 2.96720000e-04 2.35040000e-04 -1.11986000e-03 -3.53200000e-05 7.41840000e-04 1.15900000e-05 4.17000000e-05 -5.29480000e-04 -9.73640000e-04 -5.14400000e-05 -3.29985000e-03 -8.49690000e-04 -1.46560000e-03 -8.54100000e-04 -5.93950000e-04 -1.09698000e-03
-4.02270000e-04 -9.47300000e-05 -5.48920000e-04 2.31660000e-04 7.25990000e-04 1.57990000e-04 -2.96010000e-04 -6.40170000e-04 2.36190000e-04 -1.95370000e-04 -3.33630000e-04 -1.66800000e-05 -4.73800000e-04 9.42800000e-05 -1.45500000e-03 -6.45640000e-04 -8.63990000e-04 -1.81271000e-03 5.45600000e-05 -4.03090000e-04 -4.96010000e-04 -2.24410000e-04 2.83990000e-04 -1.43649000e-03 1.48180000e-04 3.04600000e-04 -1.84590000e-04 -6.59800000e-04 -2.21900000e-04 1.41520000e-04 -1.96610000e-04 -6.04080000e-04 -1.80510000e-04 2.88980000e-04 -6.04290000e-04 -3.84970000e-04 4.52900000e-05 6.89590000e-04 -9.61320000e-04 -5.84920000e-04 -8.79500000e-05 -1.58310000e-04 -9.55500000e-05 -2.37600000e-04 -1.37900000e-05 -8.93200000e-04 1.19640000e-04 -5.57140000e-04 8.51840000e-04 -6.50880000e-04 -3.62740000e-04 -2.92650000e-04 -3.05530000e-04 6.68240000e-04 -3.21850000e-04 -1.36790000e-04 4.73870000e-04 -3.70840000e-04 1.75900000e-04 -3.19180000e-04 2.80790000e-04 -9.58100000e-05 -4.63700000e-05 -6.50720000e-04 -2.51216000e-03 1.28148000e-03 -2.12160000e-04 -6.57600000e-05 1.51042000e-03 -8.41620000e-04 -2.10170000e-04 1.40480000e-04 -2.47790000e-04 -3.03350000e-04 -9.19380000e-04 5.13960000e-04 9.81000000e-06 3.75670000e-04 -4.90500000e-04 -5.34500000e-04 -3.34500000e-04 4.38960000e-04 6.07400000e-05 -1.17800000e-04 7.78790000e-04 3.85400000e-05 -2.82490000e-04 6.16780000e-04 6.80380000e-04 -4.40200000e-04 -2.59270000e-04 5.57900000e-05 9.04660000e-04 -7.09600000e-04 -6.66840000e-04 -1.92365000e-03 6.22390000e-04 -6.28850000e-04 -2.66880000e-04 -4.81340000e-04 -4.82360000e-04 -2.55310000e-04 -7.31000000e-05 -4.11640000e-04 -3.81520000e-04 -2.47070000e-04 -8.46220000e-04 -2.71500000e-05 -3.75650000e-04 -1.11152000e-03 2.54430000e-04 -1.40293000e-03 7.65000000e-06 -8.66260000e-04 4.03310000e-04 -3.79100000e-04 6.81270000e-04
6.51950000e-04 1.12000000e-04 3.72400000e-04 -6.25710000e-04 -1.42160000e-04 3.86000000e-06 5.37940000e-04 1.37650000e-04 -4.81730000e-04 -6.88000000e-05 3.33310000e-04 2.06130000e-04 1.94620000e-04 -5.07000000e-06 1.16637000e-03 4.40030000e-04 8.60040000e-04 1.33582000e-03 1.94830000e-04 2.54060000e-04 2.01000000e-04 2.07860000e-04 -4.72620000e-04 1.32091000e-03 -3.23770000e-04 -1.05400000e-05 3.48110000e-04 1.00580000e-04 3.63480000e-04 1.63420000e-04 2.11330000e-04 5.86280000e-04 8.85100000e-05 -5.94430000e-04 3.99890000e-04 5.66140000e-04 7.69800000e-05 -6.10300000e-05 9.76680000e-04 -2.44620000e-04 2.36330000e-04 -2.01850000e-04 3.44770000e-04 -8.51100000e-05 -2.29820000e-04 5.79230000e-04 -1.18130000e-04 3.24170000e-04 -1.60730000e-04 4.39330000e-04 2.35600000e-04 2.35950000e-04 8.95000000e-06 -6.81100000e-05 2.51620000e-04 3.28030000e-04 -2.49470000e-04 -7.51000000e-06 -2.14200000e-05 1.27800000e-05 -7.87670000e-04 -3.01420000e-04 1.04500000e-04 7.97110000e-04 1.77083000e-03 -5.77640000e-04 3.56300000e-05 2.14820000e-04 -7.29640000e-04 1.77380000e-04 3.24410000e-04 1.01540000e-04 1.75040000e-04 1.54970000e-04 7.63680000e-04 6.45000000e-06 5.27500000e-05 -7.19760000e-04 3.21880000e-04 4.02890000e-04 2.46770000e-04 -7.33300000e-05 1.53990000e-04 -2.50450000e-04 -2.20750000e-04 -3.99050000e-04 1.63200000e-05 -1.84660000e-04 -1.24650000e-04 1.97970000e-04 -2.72740000e-04 2.17260000e-04 -3.53690000e-04 3.05580000e-04 1.19500000e-04 4.36170000e-04 -4.94840000e-04 5.90890000e-04 -1.84040000e-04 4.09560000e-04 2.44500000e-04 1.58140000e-04 4.79700000e-05 3.71810000e-04 2.86310000e-04 3.65800000e-05 4.55770000e-04 7.21200000e-05 4.19110000e-04 8.34250000e-04 -4.67000000e-05 1.41970000e-03 2.30930000e-04 6.01280000e-04 6.52200000e-05 3.87490000e-04 9.34000000e-06
-7.22210000e-04 5.89500000e-05 9.85360000e-04 2.68400000e-05 -1.01205000e-03 -8.95800000e-05 4.65610000e-04 1.43833000e-03 4.79300000e-05 6.67320000e-04 7.09950000e-04 4.00130000e-04 1.02096000e-03 -1.06340000e-04 1.29613000e-03 1.14749000e-03 9.32750000e-04 1.85439000e-03 -3.13140000e-04 9.20630000e-04 5.08120000e-04 4.48780000e-04 5.96000000e-05 1.73117000e-03 3.97660000e-04 -3.88380000e-04 2.95660000e-04 1.21053000e-03 5.95830000e-04 -3.90820000e-04 -6.65000000e-06 1.00458000e-03 4.01040000e-04 -4.90340000e-04 8.44500000e-04 2.72000000e-06 5.27000000e-05 -1.37912000e-03 5.27100000e-04 1.38335000e-03 3.62980000e-04 5.77680000e-04 2.90500000e-05 4.71100000e-05 1.74930000e-04 1.05909000e-03 1.50170000e-04 -1.29550000e-04 -1.40855000e-03 8.17910000e-04 7.36270000e-04 3.40300000e-04 5.34050000e-04 -8.85360000e-04 2.19320000e-04 -9.37100000e-05 -4.19440000e-04 7.26140000e-04 -1.94950000e-04 9.40780000e-04 2.01260000e-04 6.09510000e-04 2.50480000e-04 8.07510000e-04 3.26043000e-03 -1.17362000e-03 2.31080000e-04 1.99440000e-04 -1.99775000e-03 1.91477000e-03 5.74290000e-04 -2.78250000e-04 5.54070000e-04 1.52250000e-04 1.24603000e-03 -8.40090000e-04 1.50290000e-04 1.08970000e-04 1.31860000e-03 8.08020000e-04 8.69170000e-04 -4.69630000e-04 -1.88820000e-04 9.08000000e-06 -1.49142000e-03 3.89540000e-04 6.43740000e-04 -5.45030000e-04 -8.67380000e-04 9.40470000e-04 2.25090000e-04 -4.61560000e-04 -1.06458000e-03 1.27392000e-03 1.48912000e-03 3.64584000e-03 -8.10550000e-04 7.48000000e-06 5.38840000e-04 7.83610000e-04 1.14558000e-03 7.15670000e-04 3.95120000e-04 8.15500000e-05 7.98440000e-04 1.02864000e-03 1.50952000e-03 4.09780000e-04 6.38930000e-04 1.41958000e-03 -2.63320000e-04 1.07530000e-03 -1.76470000e-04 5.75940000e-04 -9.69000000e-04 4.79240000e-04 -1.29985000e-03
1.13608000e-03 2.62150000e-04 8.19480000e-04 -1.11351000e-03 -5.56350000e-04 1.67500000e-05 9.02140000e-04 6.30940000e-04 -7.56420000e-04 2.14500000e-05 7.17110000e-04 2.95520000e-04 6.02880000e-04 -1.00570000e-04 2.30951000e-03 9.06230000e-04 1.79387000e-03 2.83186000e-03 2.34810000e-04 5.92020000e-04 4.70700000e-04 4.71770000e-04 -8.74280000e-04 2.75398000e-03 -4.88120000e-04 -1.65800000e-04 5.54050000e-04 4.36810000e-04 5.95220000e-04 1.87990000e-04 4.55070000e-04 1.32345000e-03 2.96930000e-04 -1.24142000e-03 1.08984000e-03 1.02603000e-03 8.86400000e-05 -4.80210000e-04 2.12520000e-03 -1.10570000e-04 4.68510000e-04 -2.14830000e-04 4.43820000e-04 -3.44300000e-05 -3.43920000e-04 1.48454000e-03 -1.54480000e-04 5.59710000e-04 -6.12110000e-04 1.03370000e-03 6.18100000e-04 6.26100000e-04 6.60600000e-05 -4.55740000e-04 6.07240000e-04 7.05310000e-04 -3.95850000e-04 3.41390000e-04 -4.99000000e-05 2.56070000e-04 -1.32918000e-03 -3.50540000e-04 3.64030000e-04 1.38852000e-03 4.32098000e-03 -1.26969000e-03 4.83000000e-05 5.40690000e-04 -1.80464000e-03 8.96780000e-04 7.57360000e-04 1.04840000e-04 4.26390000e-04 3.95920000e-04 1.72571000e-03 -2.45730000e-04 1.20260000e-04 -1.38656000e-03 1.26486000e-03 8.65480000e-04 5.97280000e-04 -3.36150000e-04 3.89680000e-04 -4.31720000e-04 -6.72230000e-04 -6.31190000e-04 2.00260000e-04 -5.11710000e-04 -4.08370000e-04 4.83970000e-04 -4.32270000e-04 3.52410000e-04 -9.28380000e-04 8.40050000e-04 5.93630000e-04 1.65351000e-03 -8.93970000e-04 1.26696000e-03 -6.12200000e-05 9.91420000e-04 7.90080000e-04 4.30070000e-04 2.39670000e-04 9.09390000e-04 8.06520000e-04 3.77130000e-04 1.23644000e-03 3.20690000e-04 9.82450000e-04 1.95513000e-03 -4.26400000e-05 2.94373000e-03 5.57720000e-04 1.44067000e-03 1.09360000e-04 9.35200000e-04 1.80680000e-04
-2.45440000e-03 -3.08060000e-04 3.73590000e-04 1.14714000e-03 -4.63020000e-04 -2.20250000e-04 -3.42470000e-04 8.94700000e-04 1.04100000e-03 8.94300000e-04 1.26400000e-04 2.70330000e-04 4.73840000e-04 1.49500000e-05 -1.30802000e-03 4.63500000e-04 -9.72160000e-04 -1.18908000e-03 -5.84630000e-04 5.75300000e-04 7.24800000e-05 1.02020000e-04 1.18835000e-03 -1.07133000e-03 1.19922000e-03 -2.00370000e-04 -1.41020000e-04 1.02132000e-03 1.76760000e-04 -5.79840000e-04 -5.14350000e-04 -1.18020000e-04 3.13270000e-04 5.85500000e-04 -1.37650000e-04 -1.12125000e-03 1.16570000e-04 -1.13721000e-03 -1.79359000e-03 1.85267000e-03 8.75800000e-05 9.71230000e-04 -4.29530000e-04 1.45920000e-04 6.81600000e-04 -3.79120000e-04 4.29000000e-04 -8.96900000e-04 -9.19780000e-04 -1.68350000e-04 2.85130000e-04 -2.02160000e-04 5.34530000e-04 -4.11560000e-04 -3.73750000e-04 -8.00380000e-04 -5.51500000e-05 7.23690000e-04 -2.79210000e-04 9.35110000e-04 1.78969000e-03 1.20065000e-03 -2.05150000e-04 -5.86590000e-04 -8.84190000e-04 3.62630000e-04 2.18430000e-04 -2.38210000e-04 -1.40990000e-04 1.39422000e-03 6.44300000e-05 -3.87410000e-04 3.45080000e-04 -2.67200000e-04 -4.45440000e-04 -6.73340000e-04 1.70860000e-04 1.79584000e-03 4.62680000e-04 -6.09400000e-05 4.84190000e-04 -7.66400000e-05 -5.34390000e-04 3.96860000e-04 -1.08831000e-03 1.26386000e-03 5.75850000e-04 8.68500000e-05 -4.15460000e-04 6.58900000e-04 6.04070000e-04 -1.08396000e-03 -6.30200000e-05 3.73740000e-04 1.01764000e-03 2.27328000e-03 -4.08700000e-05 -1.71456000e-03 8.22360000e-04 -2.76540000e-04 3.91720000e-04 2.72860000e-04 1.39940000e-04 -1.06998000e-03 1.67800000e-05 7.71440000e-04 2.75210000e-04 4.44600000e-05 -4.05050000e-04 -6.28750000e-04 -3.10400000e-04 -2.18486000e-03 -8.86710000e-04 -1.04749000e-03 -1.23403000e-03 -5.24480000e-04 -1.49828000e-03
4.53870000e-04 -7.72900000e-05 3.19070000e-04 -6.27260000e-04 -1.09040000e-04 -1.15900000e-04 4.19680000e-04 -4.87500000e-05 -4.00010000e-04 -2.17100000e-05 2.91040000e-04 8.22900000e-05 -2.48500000e-05 -3.34200000e-05 9.55320000e-04 3.83120000e-04 7.81950000e-04 1.11495000e-03 1.66680000e-04 2.00850000e-04 8.98600000e-05 1.49450000e-04 -4.48330000e-04 1.15145000e-03 -2.45300000e-04 -1.39500000e-05 2.60840000e-04 7.88200000e-05 2.41660000e-04 9.88500000e-05 2.04640000e-04 5.22610000e-04 7.62900000e-05 -4.79800000e-04 4.46270000e-04 4.64520000e-04 3.42300000e-05 2.47000000e-06 9.14730000e-04 -2.31120000e-04 1.76040000e-04 -1.66650000e-04 2.35670000e-04 -5.32100000e-05 -1.95150000e-04 6.05000000e-04 -1.13520000e-04 2.37060000e-04 -7.10900000e-05 4.17560000e-04 2.47060000e-04 2.65480000e-04 -8.14800000e-05 -9.19600000e-05 2.28650000e-04 3.21910000e-04 -3.43920000e-04 5.34500000e-05 -1.38640000e-04 3.15700000e-05 -6.74360000e-04 -2.18800000e-04 -1.12700000e-05 5.94000000e-04 1.65050000e-03 -5.15150000e-04 -2.37600000e-05 3.05990000e-04 -7.15280000e-04 2.50520000e-04 3.24200000e-04 1.15950000e-04 1.83140000e-04 1.21470000e-04 7.22880000e-04 -1.93800000e-05 4.05400000e-05 -6.61850000e-04 4.46030000e-04 3.12800000e-04 1.76620000e-04 -8.70600000e-05 1.97660000e-04 -2.24180000e-04 -1.31920000e-04 -3.30660000e-04 5.20500000e-05 -1.64080000e-04 -6.81800000e-05 1.37620000e-04 -2.28720000e-04 7.54500000e-05 -3.11370000e-04 1.00780000e-04 -7.38200000e-05 1.57070000e-04 -5.53410000e-04 4.06090000e-04 -1.49290000e-04 2.17980000e-04 7.76000000e-05 -1.84100000e-05 -8.50700000e-05 2.00790000e-04 9.37500000e-05 -9.68000000e-05 2.34230000e-04 -4.49900000e-05 2.42460000e-04 5.71440000e-04 -1.87830000e-04 1.28898000e-03 9.79000000e-05 5.87520000e-04 -3.57700000e-05 2.06260000e-04 -5.56100000e-05
2.50701000e-03 6.05490000e-04 1.39898000e-03 -1.96330000e-03 -1.09101000e-03 1.06890000e-04 1.55621000e-03 1.21733000e-03 -1.40302000e-03 -6.57400000e-05 1.22679000e-03 4.68240000e-04 1.27129000e-03 -1.98740000e-04 4.35461000e-03 1.50306000e-03 3.31404000e-03 5.40401000e-03 4.63510000e-04 9.71320000e-04 9.62300000e-04 7.81150000e-04 -1.66473000e-03 5.12264000e-03 -1.04148000e-03 -3.15810000e-04 9.27690000e-04 7.55070000e-04 9.87890000e-04 3.50980000e-04 8.50500000e-04 2.33919000e-03 4.63580000e-04 -2.37820000e-03 1.96566000e-03 1.88773000e-03 5.49700000e-05 -8.37920000e-04 4.00148000e-03 -2.29630000e-04 7.41690000e-04 -4.63610000e-04 7.69710000e-04 8.97000000e-05 -6.81450000e-04 2.70124000e-03 -3.45140000e-04 1.14969000e-03 -1.04963000e-03 1.87798000e-03 1.05597000e-03 1.06397000e-03 1.45820000e-04 -8.79490000e-04 1.15223000e-03 1.26000000e-03 -6.23860000e-04 7.68230000e-04 5.68000000e-06 3.87380000e-04 -2.52199000e-03 -7.30790000e-04 7.79450000e-04 2.48292000e-03 8.20029000e-03 -2.31778000e-03 1.05370000e-04 8.47540000e-04 -3.20031000e-03 1.46707000e-03 1.27464000e-03 1.57550000e-04 6.57480000e-04 7.61150000e-04 3.11770000e-03 -4.33060000e-04 1.11680000e-04 -2.61562000e-03 2.26059000e-03 1.55075000e-03 9.65260000e-04 -6.50510000e-04 6.26630000e-04 -7.80370000e-04 -1.13071000e-03 -1.23317000e-03 3.58800000e-04 -1.01607000e-03 -7.88090000e-04 8.12900000e-04 -7.45950000e-04 8.48120000e-04 -1.73548000e-03 1.54773000e-03 1.18392000e-03 2.96106000e-03 -1.48817000e-03 2.65520000e-03 2.42000000e-05 1.94683000e-03 1.49190000e-03 8.28010000e-04 5.30160000e-04 2.08904000e-03 1.54077000e-03 6.73560000e-04 2.32288000e-03 6.25870000e-04 1.91688000e-03 3.78176000e-03 1.19600000e-05 5.52710000e-03 1.29658000e-03 2.69836000e-03 6.27990000e-04 1.96511000e-03 1.02844000e-03
-8.05592000e-03 -8.36140000e-04 -4.31050000e-04 5.78074000e-03 -1.10349000e-03 -7.26220000e-04 -2.88732000e-03 2.09964000e-03 4.04494000e-03 2.20473000e-03 -1.04091000e-03 4.45500000e-05 8.78250000e-04 -3.96200000e-05 -6.93180000e-03 -3.14060000e-04 -5.65319000e-03 -7.29809000e-03 -2.12197000e-03 4.19780000e-04 2.01230000e-04 -4.08240000e-04 4.54478000e-03 -7.39247000e-03 3.70069000e-03 -6.45170000e-04 -1.62782000e-03 2.31434000e-03 -9.60890000e-04 -1.91568000e-03 -2.07875000e-03 -2.47554000e-03 3.53480000e-04 3.65260000e-03 -2.10375000e-03 -4.54168000e-03 -6.32500000e-05 -3.04073000e-03 -7.84974000e-03 5.66348000e-03 -6.77910000e-04 3.04776000e-03 -2.35794000e-03 8.88700000e-04 2.47688000e-03 -3.24881000e-03 1.35008000e-03 -2.35757000e-03 -2.53423000e-03 -2.01105000e-03 -3.95510000e-04 -1.56401000e-03 1.77899000e-03 -1.09501000e-03 -1.62214000e-03 -3.32751000e-03 6.16160000e-04 1.73743000e-03 -7.92380000e-04 2.11156000e-03 6.98825000e-03 3.77695000e-03 -1.10160000e-03 -4.15645000e-03 -8.26571000e-03 2.25651000e-03 8.00110000e-04 -2.05458000e-03 1.96244000e-03 2.57504000e-03 -1.51579000e-03 -1.56691000e-03 1.46940000e-04 -8.29690000e-04 -3.93553000e-03 -1.63163000e-03 7.45900000e-05 6.91049000e-03 -7.18220000e-04 -1.56940000e-03 3.78140000e-04 -1.56120000e-04 -2.29502000e-03 2.04957000e-03 -2.42296000e-03 4.36167000e-03 1.45698000e-03 3.44330000e-04 -1.17742000e-03 9.92800000e-04 2.91390000e-03 -3.55476000e-03 6.62530000e-04 2.60240000e-04 2.50672000e-03 5.17706000e-03 1.58972000e-03 -6.17419000e-03 2.90904000e-03 -1.99239000e-03 1.88970000e-04 2.47050000e-04 1.23340000e-04 -3.86700000e-03 -7.34290000e-04 1.64685000e-03 -5.77540000e-04 -3.94860000e-04 -2.46989000e-03 -3.89760000e-03 -6.06490000e-04 -1.05380500e-02 -3.27109000e-03 -4.51591000e-03 -3.46789000e-03 -2.60770000e-03 -4.37517000e-03
1.57047000e-03 3.09720000e-04 -2.43190000e-04 -1.01704000e-03 4.82310000e-04 2.96450000e-04 3.92440000e-04 -5.73490000e-04 -7.49110000e-04 -6.73720000e-04 1.01300000e-05 4.80000000e-07 -2.29900000e-04 2.59000000e-06 7.05550000e-04 -2.75120000e-04 6.31770000e-04 5.66520000e-04 4.73400000e-04 -3.36100000e-04 -1.92880000e-04 -7.04000000e-06 -8.11630000e-04 7.13330000e-04 -7.91980000e-04 2.42750000e-04 1.93390000e-04 -8.56170000e-04 6.14900000e-05 4.94900000e-04 2.83100000e-04 1.47540000e-04 -1.96380000e-04 -7.52410000e-04 -2.13000000e-05 7.64830000e-04 2.04000000e-06 8.76240000e-04 1.06593000e-03 -1.46432000e-03 6.39500000e-05 -7.54750000e-04 3.67250000e-04 -3.42860000e-04 -5.74350000e-04 7.67200000e-05 -2.48890000e-04 3.07000000e-04 7.70660000e-04 1.87700000e-05 -1.64600000e-04 8.53500000e-05 -4.60640000e-04 5.02180000e-04 2.02220000e-04 5.28500000e-04 2.04730000e-04 -6.18840000e-04 3.23970000e-04 -6.45980000e-04 -1.38532000e-03 -9.35220000e-04 2.73310000e-04 5.38470000e-04 4.20550000e-04 6.85600000e-05 -2.72940000e-04 1.99500000e-04 2.83400000e-04 -9.90000000e-04 5.00700000e-05 3.29690000e-04 -2.25860000e-04 8.09700000e-05 3.09670000e-04 6.71270000e-04 -6.35000000e-05 -1.34109000e-03 -1.22860000e-04 2.61500000e-05 -2.76950000e-04 2.12490000e-04 3.63630000e-04 -5.26810000e-04 7.60150000e-04 -9.90850000e-04 -4.53500000e-04 1.65170000e-04 4.62110000e-04 -4.30450000e-04 -7.93900000e-04 8.60490000e-04 2.63400000e-04 -1.89240000e-04 -6.51560000e-04 -1.67655000e-03 6.36600000e-05 1.08688000e-03 -8.18990000e-04 3.28420000e-04 -1.49480000e-04 -3.41200000e-05 5.03300000e-05 7.05380000e-04 1.67730000e-04 -3.32820000e-04 -1.05930000e-04 1.31180000e-04 4.78660000e-04 4.70160000e-04 3.75400000e-04 1.36087000e-03 7.70930000e-04 4.66900000e-04 1.02183000e-03 5.05440000e-04 1.31046000e-03
-8.43410000e-04 -3.73600000e-05 -4.83340000e-04 5.93920000e-04 4.75460000e-04 1.29810000e-04 -4.51590000e-04 -2.73740000e-04 4.69210000e-04 -5.24800000e-05 -3.39020000e-04 2.50300000e-05 -2.22940000e-04 8.10500000e-05 -1.70382000e-03 -5.57630000e-04 -1.15361000e-03 -2.05261000e-03 -9.44200000e-05 -3.06090000e-04 -3.47480000e-04 -1.91870000e-04 5.50750000e-04 -1.76236000e-03 3.63290000e-04 2.10370000e-04 -2.78450000e-04 -3.91060000e-04 -2.41640000e-04 4.82000000e-06 -2.88740000e-04 -7.10330000e-04 -1.31700000e-04 4.24670000e-04 -7.05620000e-04 -5.98600000e-04 3.62700000e-05 2.97580000e-04 -1.37034000e-03 -8.25500000e-05 -1.22020000e-04 8.15400000e-05 -2.50390000e-04 -1.37390000e-04 1.46380000e-04 -9.96200000e-04 2.08640000e-04 -5.79830000e-04 3.98840000e-04 -6.84220000e-04 -3.42180000e-04 -3.68920000e-04 -7.37500000e-05 4.57300000e-04 -3.70490000e-04 -3.70760000e-04 4.80440000e-04 -2.29110000e-04 1.36710000e-04 -1.24830000e-04 7.06920000e-04 1.59430000e-04 -7.38500000e-05 -8.02320000e-04 -2.69371000e-03 1.13991000e-03 -9.69000000e-05 -2.98270000e-04 1.32773000e-03 -5.12370000e-04 -3.49010000e-04 -8.04000000e-06 -2.07850000e-04 -2.87750000e-04 -1.02170000e-03 3.18550000e-04 1.02800000e-05 7.54560000e-04 -4.89830000e-04 -5.48440000e-04 -2.70900000e-04 3.53240000e-04 -1.71990000e-04 3.14100000e-05 4.05120000e-04 3.05150000e-04 -1.51420000e-04 5.28490000e-04 4.25280000e-04 -2.77200000e-04 -5.61000000e-05 -1.48340000e-04 7.70930000e-04 -4.39020000e-04 -2.62960000e-04 -1.02141000e-03 6.55120000e-04 -8.91690000e-04 -5.11800000e-05 -4.42740000e-04 -2.99360000e-04 -9.43400000e-05 1.61700000e-05 -5.75480000e-04 -2.52750000e-04 -5.32000000e-06 -6.15450000e-04 -2.11000000e-06 -3.87540000e-04 -1.05277000e-03 2.36720000e-04 -1.93569000e-03 -1.82980000e-04 -1.01086000e-03 1.23980000e-04 -4.17810000e-04 2.46980000e-04
-1.44117900e-02 -1.65813000e-03 1.09534000e-03 8.57251000e-03 -3.11533000e-03 -1.57096000e-03 -3.50798000e-03 4.94756000e-03 6.60112000e-03 4.78856000e-03 -3.88770000e-04 8.11800000e-04 2.52267000e-03 -9.32800000e-05 -9.07421000e-03 1.52165000e-03 -7.34087000e-03 -8.61030000e-03 -3.86339000e-03 2.36819000e-03 7.87730000e-04 1.13590000e-04 7.40987000e-03 -8.66586000e-03 6.73670000e-03 -1.62269000e-03 -1.78467000e-03 5.65777000e-03 -2.57150000e-04 -3.61808000e-03 -3.30130000e-03 -1.97968000e-03 1.45332000e-03 4.46475000e-03 -1.72830000e-03 -7.15808000e-03 2.44060000e-04 -6.80596000e-03 -1.14860100e-02 1.11020700e-02 -2.29060000e-04 5.69520000e-03 -3.40724000e-03 1.41247000e-03 4.25343000e-03 -3.33925000e-03 2.27445000e-03 -4.46259000e-03 -5.72100000e-03 -1.82593000e-03 7.57180000e-04 -1.77067000e-03 3.29450000e-03 -2.93750000e-03 -2.39404000e-03 -5.22194000e-03 5.69200000e-05 4.12062000e-03 -1.79470000e-03 4.93095000e-03 1.13401000e-02 7.02657000e-03 -1.66616000e-03 -5.15037000e-03 -7.60245000e-03 2.33983000e-03 1.41858000e-03 -2.65211000e-03 3.81620000e-04 7.07715000e-03 -9.13360000e-04 -2.87910000e-03 1.17011000e-03 -1.37440000e-03 -4.20809000e-03 -3.84555000e-03 5.71840000e-04 1.12123000e-02 1.38869000e-03 -1.23891000e-03 2.14051000e-03 -9.35460000e-04 -3.60547000e-03 2.89051000e-03 -6.16494000e-03 7.61809000e-03 3.26126000e-03 -9.40000000e-05 -2.94776000e-03 3.16418000e-03 4.50137000e-03 -6.62970000e-03 -4.61370000e-04 1.61544000e-03 5.71229000e-03 1.26887400e-02 8.46090000e-04 -1.03262300e-02 5.38646000e-03 -2.37575000e-03 1.60209000e-03 1.01168000e-03 4.78040000e-04 -6.23943000e-03 -3.72310000e-04 3.84569000e-03 7.72440000e-04 -3.20210000e-04 -3.31168000e-03 -4.59609000e-03 -1.69042000e-03 -1.48964000e-02 -5.59329000e-03 -6.46694000e-03 -6.97074000e-03 -3.62001000e-03 -8.41100000e-03
1.89753000e-03 3.45640000e-04 -1.60370000e-04 -1.02285000e-03 2.75630000e-04 2.69990000e-04 3.80070000e-04 -4.02970000e-04 -8.23120000e-04 -6.39350000e-04 5.98000000e-05 -9.22500000e-05 -1.23130000e-04 -3.06600000e-05 1.16757000e-03 -2.27070000e-04 9.31190000e-04 1.13903000e-03 4.75860000e-04 -3.12360000e-04 -2.06800000e-05 3.70000000e-06 -9.52880000e-04 1.11145000e-03 -8.87870000e-04 1.82980000e-04 1.53750000e-04 -7.02200000e-04 -7.05000000e-06 4.68190000e-04 3.98270000e-04 2.63990000e-04 -1.84730000e-04 -6.88780000e-04 2.03850000e-04 8.82910000e-04 -8.40300000e-05 7.22530000e-04 1.46923000e-03 -1.34383000e-03 3.04000000e-06 -7.27250000e-04 3.31800000e-04 -1.83570000e-04 -5.69030000e-04 4.20880000e-04 -2.65980000e-04 5.67330000e-04 5.71660000e-04 2.37990000e-04 -1.02330000e-04 2.09960000e-04 -3.63020000e-04 2.75940000e-04 3.65860000e-04 6.27930000e-04 1.03160000e-04 -4.60150000e-04 2.90760000e-04 -5.96390000e-04 -1.45887000e-03 -9.05730000e-04 3.45110000e-04 6.14800000e-04 1.19210000e-03 -3.53540000e-04 -1.83090000e-04 2.73870000e-04 -1.90780000e-04 -7.61640000e-04 6.41300000e-05 3.27550000e-04 -1.48520000e-04 2.32450000e-04 5.82030000e-04 4.93420000e-04 -1.05200000e-04 -1.49986000e-03 6.20000000e-07 1.65900000e-04 -2.66070000e-04 8.82300000e-05 4.05640000e-04 -4.12160000e-04 6.83240000e-04 -1.00306000e-03 -3.62660000e-04 -2.28200000e-05 3.02110000e-04 -3.92740000e-04 -6.07530000e-04 9.24190000e-04 4.27000000e-06 1.67100000e-05 -4.86830000e-04 -1.18603000e-03 -1.55800000e-05 1.46823000e-03 -6.56650000e-04 4.87610000e-04 -4.85000000e-06 2.30800000e-05 8.56800000e-05 9.47800000e-04 2.67700000e-04 -2.90050000e-04 1.51660000e-04 1.69760000e-04 6.11990000e-04 8.33440000e-04 3.18700000e-04 1.89322000e-03 8.54320000e-04 8.61730000e-04 9.98110000e-04 6.44150000e-04 1.23015000e-03
-5.92510000e-04 -5.39300000e-05 -7.14290000e-04 5.36700000e-04 7.35490000e-04 1.96490000e-04 -5.16970000e-04 -6.19370000e-04 3.77810000e-04 -2.00230000e-04 -4.30200000e-04 -1.02880000e-04 -4.75620000e-04 1.39090000e-04 -1.79861000e-03 -8.57710000e-04 -1.15746000e-03 -2.28063000e-03 -2.79000000e-05 -4.98530000e-04 -5.47180000e-04 -2.83240000e-04 4.39070000e-04 -1.97174000e-03 2.06630000e-04 3.09390000e-04 -3.32360000e-04 -6.84520000e-04 -3.68200000e-04 6.18000000e-05 -2.66130000e-04 -8.88900000e-04 -2.32330000e-04 5.50430000e-04 -8.13180000e-04 -5.96280000e-04 -6.61000000e-06 6.95580000e-04 -1.33952000e-03 -4.70160000e-04 -2.08350000e-04 -9.12200000e-05 -2.01660000e-04 -2.16470000e-04 7.90900000e-05 -1.13287000e-03 1.39210000e-04 -5.91560000e-04 8.17720000e-04 -8.16670000e-04 -4.68780000e-04 -3.99520000e-04 -2.73490000e-04 6.38550000e-04 -3.97220000e-04 -2.88640000e-04 5.52670000e-04 -4.68110000e-04 2.34440000e-04 -3.26820000e-04 5.31880000e-04 -2.66500000e-05 -7.62000000e-05 -9.20990000e-04 -3.24146000e-03 1.33526000e-03 -2.27360000e-04 -2.43170000e-04 1.66642000e-03 -9.55690000e-04 -4.03830000e-04 8.40600000e-05 -3.90270000e-04 -3.27770000e-04 -1.18174000e-03 4.80350000e-04 -1.41800000e-05 6.34420000e-04 -7.30930000e-04 -6.06400000e-04 -4.51960000e-04 4.62280000e-04 -4.86300000e-05 -7.39000000e-06 8.74680000e-04 1.84000000e-04 -2.83880000e-04 6.38710000e-04 6.67810000e-04 -4.97750000e-04 -1.33030000e-04 2.87500000e-05 1.05975000e-03 -7.17400000e-04 -6.31390000e-04 -1.92968000e-03 7.93090000e-04 -7.80440000e-04 -2.71100000e-04 -5.83110000e-04 -5.33600000e-04 -2.41840000e-04 -4.81000000e-05 -5.41230000e-04 -4.31290000e-04 -2.16630000e-04 -9.34940000e-04 -4.22900000e-05 -4.88650000e-04 -1.35570000e-03 2.97220000e-04 -1.94319000e-03 -8.23900000e-05 -1.06991000e-03 3.49280000e-04 -4.90600000e-04 5.43700000e-04
-8.08898000e-03 -1.08440000e-03 3.06750000e-04 4.87962000e-03 -1.37082000e-03 -9.36420000e-04 -2.14618000e-03 2.25146000e-03 3.71471000e-03 2.51295000e-03 -4.79120000e-04 3.33520000e-04 9.91830000e-04 -5.77900000e-05 -5.69001000e-03 5.59790000e-04 -4.56589000e-03 -5.65166000e-03 -2.04852000e-03 1.02689000e-03 2.67240000e-04 -1.23740000e-04 4.19350000e-03 -5.58447000e-03 3.73727000e-03 -7.55320000e-04 -1.11257000e-03 2.80067000e-03 -3.45650000e-04 -1.94119000e-03 -1.91425000e-03 -1.50590000e-03 6.36650000e-04 2.83687000e-03 -1.31323000e-03 -4.11807000e-03 1.05790000e-04 -3.35257000e-03 -6.84754000e-03 5.84387000e-03 -2.77270000e-04 3.06998000e-03 -1.96826000e-03 7.94430000e-04 2.34259000e-03 -2.31711000e-03 1.26860000e-03 -2.48314000e-03 -2.75653000e-03 -1.34199000e-03 1.74070000e-04 -1.17312000e-03 1.72018000e-03 -1.29850000e-03 -1.45867000e-03 -3.01032000e-03 6.31300000e-05 2.10549000e-03 -1.04427000e-03 2.48412000e-03 6.40760000e-03 3.81418000e-03 -1.13071000e-03 -3.21704000e-03 -5.61434000e-03 1.72119000e-03 7.75440000e-04 -1.54276000e-03 8.93690000e-04 3.41128000e-03 -7.64810000e-04 -1.50157000e-03 5.59850000e-04 -8.45740000e-04 -2.85188000e-03 -1.87122000e-03 2.42390000e-04 6.39537000e-03 2.70920000e-04 -1.04007000e-03 9.06250000e-04 -3.29280000e-04 -2.06205000e-03 1.70029000e-03 -3.00050000e-03 4.21504000e-03 1.67534000e-03 1.63590000e-04 -1.35817000e-03 1.48523000e-03 2.56991000e-03 -3.72690000e-03 1.03090000e-04 4.31450000e-04 2.66557000e-03 5.91926000e-03 6.48650000e-04 -6.05401000e-03 2.89763000e-03 -1.71502000e-03 4.39050000e-04 2.81270000e-04 5.30900000e-05 -3.76898000e-03 -6.04170000e-04 1.74979000e-03 -1.67750000e-04 -4.05960000e-04 -2.19302000e-03 -3.21420000e-03 -9.93130000e-04 -8.95194000e-03 -3.28269000e-03 -3.95867000e-03 -3.79609000e-03 -2.36422000e-03 -4.63385000e-03
-2.52313000e-03 -2.47990000e-04 -7.05510000e-04 1.95356000e-03 3.20630000e-04 -6.51200000e-05 -1.19731000e-03 3.91600000e-05 1.42304000e-03 3.97290000e-04 -6.87300000e-04 -8.50900000e-05 -1.34130000e-04 3.56400000e-05 -3.33320000e-03 -7.43790000e-04 -2.52756000e-03 -3.79230000e-03 -5.19230000e-04 -3.25750000e-04 -3.10760000e-04 -3.54970000e-04 1.60719000e-03 -3.58180000e-03 1.13981000e-03 8.92100000e-05 -7.11360000e-04 4.29200000e-05 -5.68830000e-04 -4.07480000e-04 -7.92520000e-04 -1.38957000e-03 -8.82800000e-05 1.40200000e-03 -1.26436000e-03 -1.66517000e-03 -2.05600000e-05 -2.20660000e-04 -3.20450000e-03 1.13722000e-03 -3.65690000e-04 7.24490000e-04 -8.43940000e-04 1.34560000e-04 7.33810000e-04 -1.84789000e-03 4.62850000e-04 -1.00417000e-03 3.63400000e-05 -1.23002000e-03 -5.19780000e-04 -7.80240000e-04 2.79390000e-04 2.86200000e-04 -6.97150000e-04 -1.13159000e-03 6.24380000e-04 2.04210000e-04 -4.78700000e-05 2.55320000e-04 2.32138000e-03 9.67960000e-04 -3.66700000e-04 -1.86107000e-03 -4.84183000e-03 1.72302000e-03 7.15000000e-05 -7.46320000e-04 1.94167000e-03 -1.21710000e-04 -7.86010000e-04 -3.29130000e-04 -2.24100000e-04 -4.21350000e-04 -2.08536000e-03 8.76000000e-06 -3.07300000e-05 2.36402000e-03 -7.81780000e-04 -1.00608000e-03 -3.04460000e-04 3.51230000e-04 -6.95370000e-04 5.92970000e-04 4.90000000e-05 1.28512000e-03 1.52040000e-04 6.02080000e-04 2.41680000e-04 -1.62610000e-04 7.13500000e-04 -8.97080000e-04 1.03320000e-03 -5.20910000e-04 1.58240000e-04 -2.06810000e-04 1.10545000e-03 -2.21319000e-03 6.32780000e-04 -9.98120000e-04 -4.17840000e-04 -1.50540000e-04 -1.91400000e-05 -1.38289000e-03 -5.41450000e-04 2.16610000e-04 -9.27250000e-04 -1.82800000e-04 -1.04259000e-03 -2.11697000e-03 8.10200000e-05 -4.42519000e-03 -8.87570000e-04 -2.10106000e-03 -5.28180000e-04 -1.04787000e-03 -5.43660000e-04
-2.70383000e-03 -3.07700000e-04 1.83230000e-04 1.35700000e-03 -4.87280000e-04 -2.27650000e-04 -6.16950000e-04 8.90930000e-04 1.12830000e-03 8.42500000e-04 3.65000000e-05 1.97300000e-04 4.94500000e-04 6.91300000e-05 -1.77007000e-03 2.00380000e-04 -1.29258000e-03 -1.76409000e-03 -6.68670000e-04 4.56280000e-04 1.90000000e-05 2.82400000e-05 1.24394000e-03 -1.65831000e-03 1.23565000e-03 -2.08760000e-04 -3.25470000e-04 9.55600000e-04 -1.56200000e-05 -6.56180000e-04 -5.48070000e-04 -4.35590000e-04 2.31060000e-04 6.13020000e-04 -3.10040000e-04 -1.31887000e-03 2.44500000e-05 -1.14633000e-03 -2.10053000e-03 1.90024000e-03 -5.18900000e-05 9.95820000e-04 -5.66810000e-04 1.79830000e-04 6.89780000e-04 -5.71920000e-04 4.44250000e-04 -9.63500000e-04 -1.03863000e-03 -3.15040000e-04 1.83600000e-04 -3.15000000e-04 5.38330000e-04 -4.74340000e-04 -4.67710000e-04 -9.34000000e-04 -1.75000000e-05 6.73840000e-04 -2.73670000e-04 9.13840000e-04 1.86687000e-03 1.22220000e-03 -2.86340000e-04 -9.19220000e-04 -1.37562000e-03 4.39560000e-04 1.68780000e-04 -4.98890000e-04 2.24500000e-05 1.29634000e-03 -1.43660000e-04 -4.62120000e-04 1.67500000e-04 -3.30390000e-04 -6.41350000e-04 -6.63250000e-04 1.25040000e-04 1.92197000e-03 3.96060000e-04 -1.64800000e-04 3.04200000e-04 -8.32000000e-05 -6.53290000e-04 3.87420000e-04 -1.02310000e-03 1.33909000e-03 5.78320000e-04 8.62000000e-05 -4.33570000e-04 5.95830000e-04 5.85550000e-04 -1.16852000e-03 5.00400000e-05 2.90470000e-04 1.03120000e-03 2.18444000e-03 1.73700000e-05 -1.96848000e-03 8.47770000e-04 -3.78360000e-04 3.27460000e-04 2.64940000e-04 1.40910000e-04 -1.21376000e-03 -3.71200000e-05 7.66880000e-04 1.59690000e-04 -1.71100000e-05 -5.10110000e-04 -7.80940000e-04 -3.00450000e-04 -2.70760000e-03 -9.75280000e-04 -1.19498000e-03 -1.18021000e-03 -5.99180000e-04 -1.36448000e-03
-2.93023000e-03 -4.28500000e-05 -3.26900000e-04 2.19032000e-03 -3.38970000e-04 1.39300000e-04 -1.06096000e-03 1.03102000e-03 1.35822000e-03 6.58070000e-04 -2.92870000e-04 1.42250000e-04 5.57550000e-04 1.31150000e-04 -2.63022000e-03 -4.05590000e-04 -2.03259000e-03 -2.93673000e-03 -8.93180000e-04 9.61900000e-05 -2.12120000e-04 -1.63620000e-04 1.58866000e-03 -2.89864000e-03 1.27988000e-03 -1.63650000e-04 -6.53800000e-04 6.12490000e-04 -2.89640000e-04 -7.62300000e-04 -8.34860000e-04 -1.08877000e-03 -2.30300000e-05 1.25098000e-03 -1.02744000e-03 -1.83475000e-03 -7.98000000e-05 -1.04665000e-03 -3.16346000e-03 1.81705000e-03 -2.82660000e-04 1.02263000e-03 -7.59050000e-04 -9.65800000e-05 7.44300000e-04 -1.45283000e-03 5.41700000e-04 -1.34984000e-03 -8.90100000e-04 -9.07210000e-04 -2.13090000e-04 -7.05620000e-04 5.74000000e-04 -3.54720000e-04 -8.18810000e-04 -1.37636000e-03 5.69070000e-04 7.83000000e-05 1.07970000e-04 7.40940000e-04 2.43111000e-03 1.23623000e-03 -4.56500000e-05 -1.47974000e-03 -3.63360000e-03 9.69230000e-04 8.99900000e-05 -9.16680000e-04 8.19820000e-04 7.51260000e-04 -6.22830000e-04 -6.08160000e-04 -2.33470000e-04 -5.43760000e-04 -1.46923000e-03 -5.24890000e-04 4.02200000e-05 2.44209000e-03 -4.53750000e-04 -4.07830000e-04 1.13450000e-04 5.61200000e-05 -9.23100000e-04 5.07990000e-04 -7.21050000e-04 1.49433000e-03 4.09520000e-04 3.24750000e-04 -3.62370000e-04 3.10850000e-04 7.19320000e-04 -9.96780000e-04 4.78010000e-04 4.11620000e-04 1.14497000e-03 2.01870000e-03 8.58360000e-04 -2.13757000e-03 5.95800000e-04 -4.45850000e-04 4.06800000e-04 4.61710000e-04 3.91880000e-04 -1.35447000e-03 2.45200000e-05 1.03474000e-03 7.20400000e-05 2.85470000e-04 -5.93370000e-04 -1.33504000e-03 1.35870000e-04 -4.04081000e-03 -9.35920000e-04 -1.91241000e-03 -1.15854000e-03 -7.52270000e-04 -1.59430000e-03
-1.17290000e-04 -6.62100000e-05 4.83450000e-04 -3.94910000e-04 -2.21390000e-04 -1.88220000e-04 4.12420000e-04 2.06580000e-04 -1.05600000e-04 2.03860000e-04 3.28090000e-04 2.03280000e-04 1.24370000e-04 -4.94500000e-05 6.62990000e-04 6.02780000e-04 5.20900000e-04 8.69210000e-04 6.09700000e-05 3.96170000e-04 2.27110000e-04 2.69770000e-04 -9.42400000e-05 9.41930000e-04 6.80900000e-05 -7.62200000e-05 3.05440000e-04 3.66890000e-04 3.47990000e-04 5.63800000e-05 1.20450000e-04 6.11920000e-04 2.67100000e-04 -3.96180000e-04 4.42810000e-04 3.43260000e-04 1.76940000e-04 -3.48460000e-04 5.87430000e-04 2.46200000e-04 3.14740000e-04 7.92000000e-05 1.53720000e-04 1.36600000e-05 3.91700000e-05 5.56290000e-04 7.69000000e-06 1.70270000e-04 -3.81080000e-04 4.10770000e-04 3.30250000e-04 2.97070000e-04 9.52300000e-05 -1.61080000e-04 2.26580000e-04 2.38600000e-04 -3.10300000e-04 2.77050000e-04 -2.29640000e-04 2.55580000e-04 -1.95890000e-04 7.93900000e-05 -7.45000000e-05 5.45350000e-04 1.48981000e-03 -4.33120000e-04 9.21700000e-05 2.74360000e-04 -7.41690000e-04 6.21510000e-04 3.92720000e-04 3.10300000e-05 3.60460000e-04 1.60180000e-04 6.22170000e-04 -1.68790000e-04 1.54400000e-04 -2.38960000e-04 5.97690000e-04 2.85100000e-04 3.85480000e-04 -1.15440000e-04 1.43440000e-04 -9.27000000e-05 -5.16930000e-04 -3.24100000e-05 1.50250000e-04 -1.62460000e-04 -1.87960000e-04 3.34540000e-04 -8.39800000e-05 -1.92550000e-04 -3.69140000e-04 2.47240000e-04 2.05730000e-04 8.46030000e-04 -5.22380000e-04 2.76700000e-05 9.73200000e-05 1.84750000e-04 1.98020000e-04 6.10700000e-05 -5.70600000e-05 -5.11200000e-05 1.98600000e-04 1.02730000e-04 3.70860000e-04 -4.21100000e-05 1.72890000e-04 5.12170000e-04 -1.95680000e-04 8.04530000e-04 -1.23640000e-04 4.23570000e-04 -3.67110000e-04 9.70000000e-05 -4.79280000e-04
-5.65898000e-03 -7.25630000e-04 6.97590000e-04 3.34563000e-03 -1.50493000e-03 -8.34730000e-04 -1.31213000e-03 2.12237000e-03 2.75745000e-03 2.09736000e-03 -2.44200000e-05 3.49260000e-04 1.23026000e-03 -8.25400000e-05 -3.20537000e-03 8.65310000e-04 -2.62800000e-03 -2.68451000e-03 -1.48721000e-03 1.15882000e-03 6.37300000e-04 1.37550000e-04 2.99014000e-03 -2.81794000e-03 2.74469000e-03 -7.26260000e-04 -6.24180000e-04 2.63044000e-03 -1.58500000e-05 -1.43583000e-03 -1.23758000e-03 -4.35170000e-04 7.71570000e-04 1.42076000e-03 -3.24630000e-04 -2.73683000e-03 1.10610000e-04 -2.98877000e-03 -4.14220000e-03 4.85596000e-03 -5.17000000e-06 2.38135000e-03 -1.39866000e-03 9.29730000e-04 1.80188000e-03 -9.18950000e-04 8.86760000e-04 -1.56313000e-03 -2.44013000e-03 -4.38340000e-04 5.19480000e-04 -5.58450000e-04 1.44111000e-03 -1.38566000e-03 -7.17350000e-04 -1.96877000e-03 -1.73600000e-04 2.35053000e-03 -9.21740000e-04 2.19112000e-03 4.50623000e-03 2.94172000e-03 -7.24420000e-04 -1.91776000e-03 -1.49830000e-03 8.14670000e-04 6.76230000e-04 -9.82490000e-04 -1.45160000e-04 3.24560000e-03 -1.33340000e-04 -1.17979000e-03 6.58680000e-04 -3.75990000e-04 -1.33870000e-03 -1.69500000e-03 2.38770000e-04 4.46937000e-03 1.16720000e-03 -3.80950000e-04 1.00318000e-03 -5.01140000e-04 -1.41269000e-03 1.18135000e-03 -2.75107000e-03 3.13647000e-03 1.53057000e-03 -2.31880000e-04 -1.32551000e-03 1.47951000e-03 1.91449000e-03 -2.76139000e-03 -4.43590000e-04 6.30220000e-04 2.50600000e-03 5.53739000e-03 6.45900000e-05 -3.98309000e-03 2.65792000e-03 -8.35840000e-04 7.07250000e-04 3.41080000e-04 1.52490000e-04 -2.12262000e-03 -8.41200000e-05 1.50487000e-03 4.70540000e-04 -2.64040000e-04 -1.24300000e-03 -1.44041000e-03 -8.66880000e-04 -5.44042000e-03 -2.11334000e-03 -2.29082000e-03 -2.56801000e-03 -1.18558000e-03 -2.69723000e-03
-3.23170000e-04 -1.51520000e-04 4.04000000e-05 -1.37360000e-04 7.11900000e-05 -8.11400000e-05 6.67800000e-05 -1.61120000e-04 1.43400000e-05 5.43900000e-05 8.28100000e-05 6.26600000e-05 -1.51180000e-04 3.47500000e-05 -1.61030000e-04 3.63200000e-05 2.68100000e-05 -1.67250000e-04 -3.07600000e-05 6.70000000e-05 -1.53460000e-04 3.88200000e-05 5.09000000e-06 7.50000000e-06 8.49900000e-05 1.22000000e-05 5.77000000e-05 -3.12300000e-05 7.30800000e-05 -5.77000000e-06 -1.43000000e-05 9.68200000e-05 5.42800000e-05 -1.74350000e-04 6.82200000e-05 -2.96400000e-05 5.84700000e-05 3.81200000e-05 -1.33000000e-05 -6.93400000e-05 1.02100000e-04 -1.85700000e-05 3.44200000e-05 -1.39460000e-04 -1.74000000e-05 1.70300000e-05 3.91000000e-06 -2.47280000e-04 8.43800000e-05 1.10000000e-07 7.78600000e-05 5.74000000e-05 -1.37500000e-04 4.14300000e-05 -6.69600000e-05 4.86400000e-05 -6.10200000e-05 -3.79600000e-05 -9.10200000e-05 5.93700000e-05 -4.69800000e-05 1.58300000e-05 -9.05700000e-05 -6.30000000e-07 4.75400000e-05 2.00090000e-04 -1.19600000e-04 9.20600000e-05 6.60200000e-05 7.11900000e-05 1.60300000e-04 5.97000000e-06 4.36000000e-06 -1.08030000e-04 6.34700000e-05 6.15400000e-05 7.67200000e-05 -2.52300000e-05 2.40470000e-04 4.89000000e-06 7.48500000e-05 2.85600000e-05 1.05080000e-04 -1.87400000e-04 -1.40000000e-06 1.48000000e-06 3.97000000e-06 9.09800000e-05 9.88600000e-05 2.42200000e-05 -2.09010000e-04 -1.49710000e-04 9.31100000e-05 -1.93860000e-04 -1.72610000e-04 -3.00800000e-04 -1.49450000e-04 -3.00820000e-04 -1.05410000e-04 -1.26000000e-04 -9.69500000e-05 -1.11340000e-04 -9.14900000e-05 -2.22560000e-04 -9.60500000e-05 -5.04300000e-05 -1.63880000e-04 -5.81400000e-05 -9.87100000e-05 -1.86840000e-04 -8.04300000e-05 -4.97700000e-05 -1.03150000e-04 -7.60600000e-05 -9.53500000e-05 -1.22480000e-04 -1.79000000e-06
1.84244000e-03 3.14450000e-04 -8.66600000e-05 -1.09306000e-03 3.93590000e-04 2.07640000e-04 4.77380000e-04 -4.96640000e-04 -7.94040000e-04 -6.14110000e-04 5.53400000e-05 -2.86500000e-05 -1.75420000e-04 -4.29400000e-05 1.08410000e-03 -1.08260000e-04 8.59790000e-04 1.06867000e-03 5.69280000e-04 -2.60360000e-04 5.21800000e-05 4.28400000e-05 -8.88320000e-04 1.11071000e-03 -8.31790000e-04 2.42610000e-04 2.54300000e-04 -6.86040000e-04 7.77300000e-05 5.63300000e-04 4.05620000e-04 3.31600000e-04 -1.20210000e-04 -7.16740000e-04 2.00880000e-04 9.65340000e-04 1.77600000e-05 7.79030000e-04 1.45511000e-03 -1.34653000e-03 9.56700000e-05 -7.18260000e-04 3.84580000e-04 -9.80700000e-05 -5.23980000e-04 4.02260000e-04 -2.27210000e-04 6.63240000e-04 6.45960000e-04 2.33330000e-04 -8.86000000e-05 2.28190000e-04 -3.22370000e-04 4.30830000e-04 4.12990000e-04 6.78580000e-04 7.16900000e-05 -3.38240000e-04 2.23950000e-04 -6.08260000e-04 -1.43609000e-03 -8.96790000e-04 2.56920000e-04 6.87320000e-04 1.11420000e-03 -2.16320000e-04 -1.01340000e-04 3.35440000e-04 -1.36400000e-05 -7.90840000e-04 1.25150000e-04 3.96960000e-04 -2.04900000e-05 2.79180000e-04 5.33150000e-04 5.50380000e-04 -5.99900000e-05 -1.44104000e-03 -7.06000000e-06 1.03260000e-04 -2.21660000e-04 1.64180000e-04 4.30060000e-04 -3.63840000e-04 6.66310000e-04 -9.89320000e-04 -3.79460000e-04 4.75700000e-05 3.86910000e-04 -3.61340000e-04 -5.88090000e-04 8.70460000e-04 6.35800000e-05 -9.23600000e-05 -5.71080000e-04 -1.35460000e-03 -5.47200000e-05 1.35908000e-03 -5.60900000e-04 4.17620000e-04 -1.00400000e-04 -4.23300000e-05 1.45600000e-05 8.74750000e-04 2.15490000e-04 -3.91490000e-04 5.19100000e-05 7.67800000e-05 5.49840000e-04 7.63940000e-04 2.81780000e-04 1.83733000e-03 7.89570000e-04 8.08390000e-04 9.96120000e-04 5.87320000e-04 1.25340000e-03
3.02669000e-03 3.85700000e-05 -4.58620000e-04 -2.07201000e-03 1.20019000e-03 2.76950000e-04 8.05710000e-04 -1.72948000e-03 -1.44394000e-03 -1.14490000e-03 6.39500000e-05 -1.92070000e-04 -9.77190000e-04 1.35230000e-04 1.64961000e-03 -6.63850000e-04 1.64107000e-03 1.53041000e-03 9.71750000e-04 -6.66930000e-04 -5.42930000e-04 -1.74830000e-04 -1.62969000e-03 1.82540000e-03 -1.48940000e-03 5.99780000e-04 3.88090000e-04 -1.63496000e-03 6.95600000e-05 8.75390000e-04 6.48530000e-04 2.93740000e-04 -4.23230000e-04 -1.06681000e-03 2.51110000e-04 1.40544000e-03 -5.03400000e-05 2.16917000e-03 2.35045000e-03 -2.93385000e-03 4.13400000e-05 -1.46375000e-03 8.63590000e-04 -4.96830000e-04 -1.02444000e-03 4.84200000e-04 -4.98100000e-04 4.87490000e-04 2.14562000e-03 1.70700000e-04 -2.24110000e-04 2.97350000e-04 -1.04576000e-03 1.10324000e-03 3.71970000e-04 1.15961000e-03 -5.14200000e-05 -9.83320000e-04 3.44020000e-04 -1.22282000e-03 -2.59653000e-03 -1.69352000e-03 2.59900000e-04 1.05668000e-03 1.12448000e-03 2.82860000e-04 -5.57900000e-04 7.66490000e-04 6.77850000e-04 -1.98542000e-03 3.27090000e-04 8.22270000e-04 -4.15270000e-04 5.27900000e-05 7.26410000e-04 1.12245000e-03 -1.12710000e-04 -2.46679000e-03 -2.44930000e-04 1.89040000e-04 -6.28790000e-04 5.12070000e-04 9.07740000e-04 -8.36300000e-04 2.00607000e-03 -1.75685000e-03 -8.68950000e-04 4.04690000e-04 1.18374000e-03 -9.05960000e-04 -1.27752000e-03 1.45564000e-03 6.70940000e-04 -1.04061000e-03 -1.89114000e-03 -4.41698000e-03 -2.36410000e-04 2.01479000e-03 -1.33576000e-03 1.72850000e-04 -7.95300000e-04 -5.61210000e-04 -3.14310000e-04 1.26084000e-03 -3.62380000e-04 -1.20998000e-03 -8.19590000e-04 -7.53500000e-05 4.58380000e-04 2.78620000e-04 2.48030000e-04 3.16930000e-03 1.30340000e-03 1.03244000e-03 1.78874000e-03 5.93190000e-04 2.58726000e-03
-4.94980000e-04 -3.78300000e-05 1.94650000e-04 -8.00700000e-05 -4.26200000e-05 1.07140000e-04 1.56310000e-04 2.68310000e-04 7.36000000e-05 2.18490000e-04 2.86360000e-04 2.00360000e-04 1.96150000e-04 1.21080000e-04 -1.98100000e-05 1.27160000e-04 2.05650000e-04 2.42000000e-05 -1.27940000e-04 2.72050000e-04 -1.80130000e-04 1.14730000e-04 7.35600000e-05 2.03930000e-04 2.42580000e-04 2.30200000e-05 9.52700000e-05 1.87080000e-04 2.34290000e-04 -1.26020000e-04 -1.90800000e-05 1.76570000e-04 9.94600000e-05 -2.08290000e-04 1.73010000e-04 -1.61520000e-04 5.71800000e-05 -1.83190000e-04 -1.03360000e-04 2.19850000e-04 1.45040000e-04 1.46400000e-04 1.01890000e-04 -1.96440000e-04 2.94300000e-05 1.63350000e-04 1.15570000e-04 -5.12060000e-04 -1.17990000e-04 1.18290000e-04 2.33240000e-04 8.52500000e-05 -1.82600000e-05 -6.24100000e-05 -1.08510000e-04 -2.98800000e-05 1.70500000e-05 1.17400000e-05 7.67100000e-05 2.98570000e-04 7.91000000e-05 1.90380000e-04 1.36570000e-04 1.42360000e-04 3.60330000e-04 9.56600000e-05 -1.16920000e-04 1.18810000e-04 -2.20590000e-04 4.10180000e-04 2.84210000e-04 -1.73000000e-05 4.08400000e-05 -1.83650000e-04 2.77390000e-04 -1.51160000e-04 1.31500000e-04 1.31180000e-04 4.24780000e-04 2.51060000e-04 2.11250000e-04 4.70500000e-05 4.95800000e-05 -1.89430000e-04 -1.51700000e-04 1.74370000e-04 1.10600000e-04 1.36150000e-04 2.92200000e-05 2.28610000e-04 -2.30400000e-04 -1.01560000e-04 6.72300000e-05 1.77430000e-04 2.67100000e-04 4.70690000e-04 -1.61200000e-04 -2.74780000e-04 -6.42900000e-05 1.46350000e-04 2.87510000e-04 2.20270000e-04 1.72330000e-04 -1.57430000e-04 1.56750000e-04 3.74910000e-04 2.45730000e-04 2.29060000e-04 1.55840000e-04 8.84100000e-05 1.78300000e-05 1.13500000e-05 3.16000000e-06 -1.10880000e-04 -1.82710000e-04 7.57600000e-05 -1.27270000e-04
-3.05075000e-03 -3.27010000e-04 7.02900000e-05 1.75374000e-03 -2.98320000e-04 -2.95900000e-04 -7.93720000e-04 7.66730000e-04 1.47844000e-03 9.04560000e-04 -2.67930000e-04 2.11880000e-04 3.74260000e-04 -1.71700000e-05 -2.56793000e-03 2.24960000e-04 -2.09207000e-03 -2.69688000e-03 -6.17860000e-04 3.46880000e-04 1.27760000e-04 -5.61600000e-05 1.70574000e-03 -2.57723000e-03 1.49409000e-03 -1.42990000e-04 -3.70720000e-04 9.48100000e-04 -9.26000000e-05 -5.90020000e-04 -7.35590000e-04 -7.46780000e-04 2.35730000e-04 1.09093000e-03 -7.11500000e-04 -1.52551000e-03 1.27910000e-04 -1.11663000e-03 -2.90577000e-03 2.13250000e-03 -9.87300000e-05 1.16439000e-03 -7.25160000e-04 3.84980000e-04 9.05640000e-04 -1.14430000e-03 5.45710000e-04 -8.41980000e-04 -9.44660000e-04 -6.50260000e-04 -2.27300000e-05 -5.42480000e-04 7.06470000e-04 -2.02490000e-04 -5.49530000e-04 -1.17489000e-03 1.31680000e-04 8.15280000e-04 -3.34630000e-04 8.37270000e-04 2.46955000e-03 1.41814000e-03 -4.71840000e-04 -1.27298000e-03 -2.88805000e-03 8.86920000e-04 3.83080000e-04 -6.37300000e-04 7.19410000e-04 1.06363000e-03 -4.04360000e-04 -4.60820000e-04 3.03620000e-04 -3.00470000e-04 -1.34008000e-03 -5.10120000e-04 9.57100000e-05 2.55296000e-03 -1.25920000e-04 -6.13150000e-04 2.15990000e-04 5.88800000e-05 -8.51110000e-04 7.07680000e-04 -1.05708000e-03 1.60466000e-03 5.64090000e-04 2.47580000e-04 -3.47040000e-04 5.26230000e-04 9.21610000e-04 -1.34083000e-03 2.57550000e-04 1.06000000e-04 9.45470000e-04 1.95364000e-03 3.66390000e-04 -2.44125000e-03 1.08413000e-03 -6.86750000e-04 6.61500000e-05 1.42200000e-04 3.95700000e-05 -1.52084000e-03 -2.40600000e-04 6.15560000e-04 -1.91630000e-04 -2.05650000e-04 -8.27860000e-04 -1.31921000e-03 -2.81430000e-04 -3.85208000e-03 -1.23313000e-03 -1.73762000e-03 -1.22871000e-03 -9.00160000e-04 -1.55149000e-03
-2.99260000e-04 -3.64890000e-04 4.76210000e-04 -2.58830000e-04 -2.74810000e-04 -4.29270000e-04 4.51780000e-04 -3.04920000e-04 7.69000000e-06 2.70140000e-04 3.85070000e-04 2.46430000e-04 -2.80770000e-04 1.28990000e-04 8.45390000e-04 6.12980000e-04 6.70870000e-04 9.89600000e-04 -1.93900000e-05 3.73480000e-04 7.21300000e-05 3.21630000e-04 2.55000000e-06 9.95380000e-04 1.10030000e-04 -1.73660000e-04 3.70160000e-04 3.79950000e-04 3.59460000e-04 -6.44700000e-05 2.63510000e-04 6.23260000e-04 2.80630000e-04 -2.33060000e-04 5.02030000e-04 4.65660000e-04 2.42560000e-04 -1.73530000e-04 7.32950000e-04 2.33870000e-04 3.50360000e-04 1.70730000e-04 3.00250000e-04 -6.59400000e-05 1.45280000e-04 5.86480000e-04 -1.63160000e-04 1.48710000e-04 -2.46090000e-04 4.89070000e-04 3.98420000e-04 3.73920000e-04 -8.20200000e-05 -2.63570000e-04 8.15100000e-05 3.41470000e-04 -6.11450000e-04 4.85300000e-05 -4.34300000e-04 2.98990000e-04 -8.63500000e-05 1.51780000e-04 -4.62690000e-04 5.69400000e-04 1.38561000e-03 -4.43320000e-04 -4.03200000e-05 8.11300000e-05 -6.13520000e-04 2.88850000e-04 3.86510000e-04 -7.67200000e-05 7.61700000e-05 2.82500000e-05 6.81230000e-04 -8.74800000e-05 2.40020000e-04 -1.11420000e-04 3.15960000e-04 3.85260000e-04 4.33020000e-04 -2.31210000e-04 2.64860000e-04 -1.85780000e-04 -3.45590000e-04 6.10900000e-05 1.85450000e-04 -2.83390000e-04 -2.62380000e-04 3.64180000e-04 -5.48900000e-05 -4.79910000e-04 -4.13120000e-04 -2.76390000e-04 -3.18970000e-04 1.04400000e-05 -8.17420000e-04 -4.13310000e-04 -8.19100000e-05 -2.66300000e-04 -2.96160000e-04 -3.56180000e-04 -4.56290000e-04 -3.24700000e-04 -3.09570000e-04 -3.95010000e-04 -2.28970000e-04 -4.37030000e-04 -3.35120000e-04 -2.06000000e-06 -4.48270000e-04 9.42180000e-04 -4.79140000e-04 5.76670000e-04 -5.95520000e-04 -2.88160000e-04 -7.11630000e-04
-5.59066000e-03 -8.25390000e-04 7.17690000e-04 2.94238000e-03 -1.17625000e-03 -8.51120000e-04 -1.10999000e-03 1.75916000e-03 2.54203000e-03 2.00714000e-03 -4.84900000e-05 3.81480000e-04 8.21660000e-04 -8.17800000e-05 -3.29115000e-03 1.02819000e-03 -2.73264000e-03 -3.08349000e-03 -1.30316000e-03 1.10169000e-03 4.73780000e-04 1.42560000e-04 2.86371000e-03 -3.05359000e-03 2.71933000e-03 -5.78810000e-04 -4.80100000e-04 2.39267000e-03 6.91700000e-05 -1.30035000e-03 -1.14264000e-03 -5.54290000e-04 7.02220000e-04 1.74052000e-03 -4.42970000e-04 -2.49533000e-03 2.30440000e-04 -2.64755000e-03 -4.19982000e-03 4.42495000e-03 2.79200000e-05 2.29803000e-03 -1.21703000e-03 7.60400000e-04 1.73004000e-03 -1.00202000e-03 8.89860000e-04 -1.37432000e-03 -2.31801000e-03 -4.68540000e-04 4.47740000e-04 -5.22620000e-04 1.36355000e-03 -1.05264000e-03 -7.48810000e-04 -1.85375000e-03 -3.36720000e-04 1.86360000e-03 -9.54470000e-04 1.97564000e-03 4.35679000e-03 2.82027000e-03 -9.05170000e-04 -1.73065000e-03 -2.53129000e-03 6.11100000e-04 7.31990000e-04 -7.99490000e-04 -1.74130000e-04 2.96596000e-03 -2.25050000e-04 -9.72330000e-04 8.07660000e-04 -3.76780000e-04 -1.40181000e-03 -1.51983000e-03 2.82950000e-04 4.32633000e-03 6.28040000e-04 -4.98300000e-04 8.88930000e-04 -3.37410000e-04 -1.32709000e-03 1.26174000e-03 -2.56681000e-03 2.99428000e-03 1.33837000e-03 -7.94300000e-05 -1.14753000e-03 1.38326000e-03 1.85780000e-03 -2.75297000e-03 -3.36960000e-04 5.54470000e-04 2.06661000e-03 4.98300000e-03 -8.96700000e-05 -4.12566000e-03 2.22699000e-03 -1.03143000e-03 4.41540000e-04 2.53740000e-04 -3.96300000e-05 -2.62463000e-03 -3.04110000e-04 1.24913000e-03 2.13970000e-04 -3.99680000e-04 -1.38183000e-03 -1.70745000e-03 -9.37860000e-04 -5.45405000e-03 -2.41330000e-03 -2.26556000e-03 -2.92866000e-03 -1.54068000e-03 -3.65710000e-03
9.66695000e-03 1.42382000e-03 3.21700000e-05 -5.83218000e-03 1.10668000e-03 1.30054000e-03 2.90882000e-03 -1.83831000e-03 -4.84038000e-03 -2.93844000e-03 1.11508000e-03 -1.60460000e-04 -5.10810000e-04 8.28200000e-05 8.05349000e-03 -3.53930000e-04 6.59017000e-03 8.40958000e-03 2.23728000e-03 -8.36040000e-04 -2.33610000e-04 3.42290000e-04 -5.42516000e-03 8.31720000e-03 -4.65267000e-03 7.37380000e-04 1.43643000e-03 -3.00157000e-03 7.63250000e-04 2.07806000e-03 2.27241000e-03 2.47689000e-03 -7.66000000e-04 -4.02765000e-03 2.02531000e-03 4.92857000e-03 -2.65670000e-04 3.47344000e-03 8.87881000e-03 -6.77668000e-03 5.23230000e-04 -3.68489000e-03 2.50873000e-03 -1.30992000e-03 -3.05183000e-03 3.42950000e-03 -1.48773000e-03 2.53637000e-03 2.78767000e-03 2.04650000e-03 1.80950000e-04 1.54714000e-03 -1.93910000e-03 1.04132000e-03 1.78073000e-03 3.53979000e-03 -1.90540000e-04 -2.51206000e-03 1.35602000e-03 -2.55417000e-03 -8.13179000e-03 -4.62219000e-03 1.81384000e-03 4.53931000e-03 9.22608000e-03 -2.64084000e-03 -1.05389000e-03 1.91100000e-03 -2.23465000e-03 -3.18592000e-03 1.30662000e-03 1.64681000e-03 -6.88760000e-04 9.33790000e-04 4.44296000e-03 1.84151000e-03 -2.64160000e-04 -8.18567000e-03 5.60480000e-04 2.03678000e-03 -5.53920000e-04 1.63210000e-04 2.35915000e-03 -2.41082000e-03 3.08410000e-03 -5.23789000e-03 -1.74451000e-03 -4.42210000e-04 1.21552000e-03 -1.38516000e-03 -3.29419000e-03 4.52426000e-03 -6.36250000e-04 2.74340000e-04 -2.35237000e-03 -5.33367000e-03 -1.21356000e-03 7.74074000e-03 -3.51618000e-03 2.77720000e-03 3.54650000e-04 2.08560000e-04 3.39780000e-04 4.92023000e-03 1.35925000e-03 -1.37377000e-03 1.27208000e-03 1.03536000e-03 3.28751000e-03 4.88929000e-03 1.19116000e-03 1.20674100e-02 4.19574000e-03 5.15821000e-03 4.18523000e-03 3.36931000e-03 5.16738000e-03
-4.47556000e-03 -4.54580000e-04 1.16495000e-03 2.52262000e-03 -1.74902000e-03 -6.18720000e-04 -6.27570000e-04 2.51128000e-03 1.88062000e-03 1.93504000e-03 3.89800000e-04 4.49230000e-04 1.38147000e-03 -1.60050000e-04 -1.31151000e-03 1.47391000e-03 -1.31870000e-03 -7.85120000e-04 -1.29829000e-03 1.38485000e-03 8.06770000e-04 3.97850000e-04 2.13056000e-03 -1.05879000e-03 2.20632000e-03 -7.94570000e-04 -2.54230000e-04 2.68376000e-03 3.25770000e-04 -1.30780000e-03 -8.39670000e-04 2.48500000e-04 7.47920000e-04 1.31850000e-03 2.56230000e-04 -1.86560000e-03 1.28870000e-04 -3.09657000e-03 -2.66935000e-03 4.33776000e-03 1.84550000e-04 2.15651000e-03 -9.51640000e-04 6.25570000e-04 1.44155000e-03 5.75200000e-05 7.72770000e-04 -9.26300000e-04 -2.91458000e-03 2.49500000e-04 7.74890000e-04 -1.26630000e-04 1.50131000e-03 -1.61477000e-03 -3.74850000e-04 -1.46874000e-03 -4.67400000e-04 1.74644000e-03 -7.73640000e-04 2.10720000e-03 3.49028000e-03 2.54887000e-03 -3.89290000e-04 -7.97840000e-04 3.34570000e-04 -6.72540000e-04 7.91740000e-04 -5.02220000e-04 -1.74908000e-03 3.58107000e-03 1.15530000e-04 -9.93570000e-04 9.44530000e-04 -8.20200000e-05 -1.80500000e-04 -1.86470000e-03 2.77160000e-04 3.30148000e-03 1.12961000e-03 2.76810000e-04 1.29664000e-03 -7.05660000e-04 -1.12589000e-03 1.12773000e-03 -2.98895000e-03 2.52953000e-03 1.46492000e-03 -5.89410000e-04 -1.64653000e-03 1.63692000e-03 1.82197000e-03 -2.30457000e-03 -1.17765000e-03 1.54905000e-03 2.73550000e-03 6.72219000e-03 -4.35120000e-04 -2.79290000e-03 2.06138000e-03 -1.34550000e-04 1.27901000e-03 7.76830000e-04 3.19880000e-04 -1.81370000e-03 4.34080000e-04 1.74892000e-03 1.42150000e-03 1.09800000e-04 -5.45140000e-04 -1.47070000e-04 -8.00600000e-04 -3.20017000e-03 -1.94131000e-03 -1.09927000e-03 -3.05775000e-03 -8.29870000e-04 -4.14098000e-03
8.31390000e-03 1.07664000e-03 -1.03683000e-03 -4.47237000e-03 2.06530000e-03 1.24234000e-03 1.76134000e-03 -2.75122000e-03 -3.72304000e-03 -2.92717000e-03 9.23100000e-05 -5.43480000e-04 -1.27689000e-03 1.05600000e-04 4.86760000e-03 -1.47465000e-03 4.12969000e-03 4.64158000e-03 2.13537000e-03 -1.62124000e-03 -7.18340000e-04 -2.86790000e-04 -4.17571000e-03 4.73614000e-03 -3.95538000e-03 1.07013000e-03 7.48200000e-04 -3.61096000e-03 -6.00000000e-06 2.01053000e-03 1.63617000e-03 8.09330000e-04 -1.07470000e-03 -2.46385000e-03 6.55510000e-04 3.61118000e-03 -3.34360000e-04 4.30377000e-03 6.11247000e-03 -6.64106000e-03 -5.29800000e-05 -3.42298000e-03 1.86029000e-03 -1.05800000e-03 -2.54829000e-03 1.45145000e-03 -1.22382000e-03 1.92452000e-03 3.93566000e-03 6.61370000e-04 -6.37500000e-04 7.16520000e-04 -2.01061000e-03 1.92142000e-03 1.16562000e-03 2.71631000e-03 4.18390000e-04 -2.52582000e-03 1.38581000e-03 -2.93204000e-03 -6.35999000e-03 -4.14069000e-03 1.36358000e-03 2.68389000e-03 3.67095000e-03 -5.86640000e-04 -1.03344000e-03 1.44571000e-03 4.91990000e-04 -4.37116000e-03 3.93020000e-04 1.66283000e-03 -1.03578000e-03 5.61050000e-04 2.03995000e-03 2.34217000e-03 -4.48380000e-04 -6.30314000e-03 -8.26630000e-04 7.14420000e-04 -1.36703000e-03 7.48000000e-04 1.93429000e-03 -1.74144000e-03 4.11262000e-03 -4.40045000e-03 -1.96778000e-03 3.44170000e-04 2.01090000e-03 -2.06199000e-03 -2.65588000e-03 4.12502000e-03 7.47710000e-04 -9.57280000e-04 -3.17491000e-03 -7.79907000e-03 7.12700000e-05 6.15559000e-03 -3.14263000e-03 1.48298000e-03 -7.49320000e-04 -4.11720000e-04 3.01000000e-05 3.93253000e-03 2.99790000e-04 -1.93822000e-03 -4.36940000e-04 5.75120000e-04 2.04260000e-03 2.30605000e-03 1.27286000e-03 8.16994000e-03 3.65952000e-03 3.17669000e-03 4.42034000e-03 2.26987000e-03 5.66723000e-03
1.00503000e-03 5.27700000e-05 4.33600000e-04 -9.53790000e-04 -2.13060000e-04 -1.00310000e-04 6.20930000e-04 -9.15000000e-06 -6.45180000e-04 -1.26120000e-04 4.17310000e-04 8.10600000e-05 5.87200000e-05 -4.32800000e-05 1.64094000e-03 4.69550000e-04 1.29330000e-03 1.92424000e-03 2.59390000e-04 2.54900000e-04 2.26600000e-04 2.54890000e-04 -7.42640000e-04 1.87545000e-03 -5.08620000e-04 -5.33900000e-05 3.80090000e-04 7.51000000e-05 3.24040000e-04 2.20720000e-04 3.70620000e-04 8.33760000e-04 1.43940000e-04 -8.19310000e-04 6.98500000e-04 8.27100000e-04 5.37200000e-05 -7.93000000e-06 1.63315000e-03 -4.35210000e-04 2.73490000e-04 -3.31510000e-04 3.67440000e-04 -5.03000000e-05 -3.06450000e-04 9.84620000e-04 -2.07280000e-04 5.01610000e-04 -1.14480000e-04 6.56520000e-04 3.35370000e-04 4.55460000e-04 -1.22210000e-04 -1.94950000e-04 4.32350000e-04 5.91940000e-04 -4.01570000e-04 6.18600000e-05 -1.20010000e-04 -2.34400000e-05 -1.12276000e-03 -4.35410000e-04 9.14400000e-05 9.39150000e-04 2.72992000e-03 -8.34850000e-04 -4.08300000e-05 4.22280000e-04 -1.08343000e-03 2.81000000e-04 4.88400000e-04 1.56490000e-04 2.03040000e-04 2.74310000e-04 1.13182000e-03 -2.13600000e-05 6.78200000e-05 -1.16389000e-03 6.84880000e-04 5.28220000e-04 2.63190000e-04 -1.82610000e-04 3.73670000e-04 -3.45060000e-04 -1.60580000e-04 -5.99820000e-04 1.15500000e-05 -3.15120000e-04 -1.38250000e-04 1.56000000e-04 -3.71610000e-04 2.88250000e-04 -5.13340000e-04 2.34650000e-04 -5.12600000e-05 2.79150000e-04 -6.94660000e-04 9.45370000e-04 -2.26950000e-04 4.60000000e-04 1.97060000e-04 2.11700000e-05 -5.26600000e-05 5.74950000e-04 2.92340000e-04 -1.07350000e-04 4.81170000e-04 9.66000000e-06 4.88760000e-04 1.05796000e-03 -1.39940000e-04 2.19446000e-03 3.40650000e-04 1.06133000e-03 1.31310000e-04 4.79250000e-04 1.91620000e-04
-3.91188000e-03 -6.36580000e-04 4.74900000e-05 2.12301000e-03 -3.78850000e-04 -5.15030000e-04 -9.86920000e-04 6.79160000e-04 1.77381000e-03 1.12225000e-03 -2.59900000e-04 1.59970000e-04 1.95110000e-04 2.41600000e-05 -2.96478000e-03 1.33330000e-04 -2.23993000e-03 -2.99876000e-03 -8.83530000e-04 4.12240000e-04 -2.44800000e-05 -8.06400000e-05 1.99638000e-03 -2.80320000e-03 1.77134000e-03 -2.49520000e-04 -4.93610000e-04 1.11067000e-03 -1.59920000e-04 -8.01830000e-04 -8.94410000e-04 -7.53500000e-04 3.19580000e-04 1.22219000e-03 -6.85850000e-04 -1.91524000e-03 1.26850000e-04 -1.27937000e-03 -3.26209000e-03 2.47467000e-03 -7.75400000e-05 1.32832000e-03 -8.75670000e-04 3.01300000e-04 1.08574000e-03 -1.21610000e-03 5.92470000e-04 -1.30807000e-03 -9.37730000e-04 -7.45430000e-04 3.93600000e-05 -5.40290000e-04 6.38200000e-04 -3.69090000e-04 -7.24670000e-04 -1.32354000e-03 2.58800000e-05 9.37950000e-04 -5.51230000e-04 1.06258000e-03 2.95574000e-03 1.70632000e-03 -6.54490000e-04 -1.57234000e-03 -3.03369000e-03 1.20493000e-03 2.60910000e-04 -6.57000000e-04 8.35070000e-04 1.36536000e-03 -2.92610000e-04 -6.12720000e-04 2.24110000e-04 -4.69240000e-04 -1.47480000e-03 -6.93860000e-04 1.71600000e-04 2.96830000e-03 1.68370000e-04 -6.00730000e-04 3.56250000e-04 -1.87200000e-05 -8.42160000e-04 6.81060000e-04 -1.15297000e-03 1.92066000e-03 6.70850000e-04 2.63550000e-04 -3.75780000e-04 5.85670000e-04 1.00633000e-03 -1.78246000e-03 3.17210000e-04 -1.80480000e-04 8.70780000e-04 1.91625000e-03 2.92540000e-04 -3.03306000e-03 1.25899000e-03 -1.02897000e-03 -7.63100000e-05 -8.69800000e-05 -1.24580000e-04 -1.90989000e-03 -4.86720000e-04 5.91900000e-04 -4.53140000e-04 -3.28580000e-04 -1.20557000e-03 -1.89036000e-03 -5.03200000e-04 -4.34033000e-03 -1.56429000e-03 -1.99772000e-03 -1.67247000e-03 -1.25927000e-03 -1.86328000e-03
5.75860000e-04 2.69660000e-04 -3.90870000e-04 -3.06340000e-04 5.74910000e-04 4.30240000e-04 6.05900000e-05 -3.15040000e-04 -2.75680000e-04 -4.47430000e-04 -9.79800000e-05 6.88600000e-05 -8.61700000e-05 1.09000000e-04 -3.70460000e-04 -5.04280000e-04 -1.16870000e-04 -6.40460000e-04 2.27300000e-04 -3.24340000e-04 -3.71320000e-04 -1.28560000e-04 -2.42490000e-04 -3.98180000e-04 -2.98840000e-04 3.21420000e-04 -1.34100000e-05 -7.25600000e-04 -2.35000000e-06 2.61290000e-04 -1.02100000e-05 -3.19830000e-04 -2.53390000e-04 -2.60620000e-04 -4.41090000e-04 5.76500000e-05 -1.21300000e-05 7.15210000e-04 -1.76150000e-04 -9.43100000e-04 -5.30500000e-05 -4.17430000e-04 1.83030000e-04 -3.47830000e-04 -3.33220000e-04 -5.06470000e-04 6.58000000e-06 -3.03000000e-04 7.25250000e-04 -3.61740000e-04 -2.60900000e-04 -2.07410000e-04 -2.77210000e-04 5.87790000e-04 -1.44930000e-04 2.23400000e-05 4.60860000e-04 -5.82020000e-04 4.50670000e-04 -4.25300000e-04 -5.13610000e-04 -5.07020000e-04 3.07110000e-04 1.08200000e-05 -1.19766000e-03 6.54590000e-04 -2.30700000e-04 -6.10800000e-05 8.56930000e-04 -8.62860000e-04 -1.37830000e-04 2.22890000e-04 -2.92570000e-04 -1.94900000e-04 -2.95350000e-04 5.22350000e-04 -4.39300000e-05 -4.06970000e-04 -3.96380000e-04 -1.45070000e-04 -3.08230000e-04 3.90510000e-04 3.92400000e-05 -3.28450000e-04 7.35430000e-04 -4.40320000e-04 -3.60410000e-04 4.76940000e-04 5.32680000e-04 -3.63830000e-04 -5.71490000e-04 6.06740000e-04 6.35960000e-04 -1.73940000e-04 -3.48980000e-04 -1.38163000e-03 4.42220000e-04 3.29900000e-04 -6.02440000e-04 1.35800000e-04 -6.20900000e-05 1.24810000e-04 2.20730000e-04 2.39740000e-04 9.00100000e-05 3.04000000e-06 -2.04270000e-04 2.72500000e-04 2.60770000e-04 -1.69020000e-04 4.44230000e-04 -1.49270000e-04 5.15920000e-04 -3.65730000e-04 7.47920000e-04 2.33340000e-04 9.58350000e-04
-1.40020000e-04 1.85260000e-04 2.04610000e-04 4.41290000e-04 -5.46590000e-04 -2.00110000e-04 -2.04870000e-04 6.53000000e-04 3.09460000e-04 1.94550000e-04 -7.61900000e-05 -5.72400000e-05 5.01440000e-04 -1.94160000e-04 1.63310000e-04 3.27770000e-04 -2.61650000e-04 3.60750000e-04 -4.14800000e-05 1.60650000e-04 6.61990000e-04 8.26500000e-05 3.25480000e-04 -1.78700000e-05 1.44710000e-04 -1.96230000e-04 -1.06570000e-04 5.75380000e-04 -7.29300000e-05 -5.03300000e-05 -9.82500000e-05 4.58200000e-05 1.74370000e-04 1.44440000e-04 -1.08200000e-05 -7.62700000e-05 -3.35700000e-05 -7.22110000e-04 -1.70430000e-04 9.21730000e-04 -8.14600000e-05 3.17600000e-04 -3.26450000e-04 5.02290000e-04 2.80300000e-04 7.45300000e-05 6.84900000e-05 5.82130000e-04 -7.97350000e-04 1.13040000e-04 3.41600000e-05 -3.60600000e-05 5.26180000e-04 -4.25880000e-04 2.88590000e-04 -2.37130000e-04 -1.29070000e-04 6.71120000e-04 -2.00810000e-04 2.40280000e-04 4.98480000e-04 3.06100000e-04 -6.58900000e-05 -8.21500000e-05 6.46380000e-04 -5.73540000e-04 3.82820000e-04 -2.41010000e-04 -6.11980000e-04 6.69150000e-04 -2.23570000e-04 -1.71600000e-04 3.01810000e-04 3.89970000e-04 -2.34600000e-05 -3.21370000e-04 -8.28800000e-05 3.75380000e-04 1.91020000e-04 -4.38600000e-05 1.03370000e-04 -2.33120000e-04 -3.61990000e-04 4.53630000e-04 -7.48810000e-04 2.98850000e-04 2.93910000e-04 -3.75580000e-04 -5.32470000e-04 2.72200000e-04 5.82080000e-04 -2.09480000e-04 -4.80910000e-04 5.75240000e-04 7.62140000e-04 1.84239000e-03 -2.53600000e-05 1.31580000e-04 6.54020000e-04 2.09290000e-04 2.96410000e-04 2.03620000e-04 9.71300000e-05 1.64700000e-04 3.25580000e-04 2.61080000e-04 5.67500000e-04 -9.94800000e-05 1.19530000e-04 5.09360000e-04 -1.21300000e-04 -2.96070000e-04 -1.43450000e-04 1.15490000e-04 -2.53680000e-04 1.69450000e-04 -4.22460000e-04
-5.19223000e-03 -8.44630000e-04 1.81640000e-04 2.82964000e-03 -5.30970000e-04 -7.00310000e-04 -1.22972000e-03 9.58990000e-04 2.37686000e-03 1.57832000e-03 -3.30550000e-04 2.53910000e-04 2.82730000e-04 -1.84000000e-06 -3.86733000e-03 3.52780000e-04 -2.96833000e-03 -3.87755000e-03 -1.15411000e-03 6.31180000e-04 4.93600000e-05 -6.61600000e-05 2.69077000e-03 -3.62900000e-03 2.41512000e-03 -3.45430000e-04 -5.70100000e-04 1.59920000e-03 -1.45840000e-04 -1.05639000e-03 -1.17536000e-03 -8.82470000e-04 4.81430000e-04 1.69073000e-03 -8.27580000e-04 -2.48572000e-03 2.21600000e-04 -1.79955000e-03 -4.29376000e-03 3.41520000e-03 -4.08500000e-05 1.83905000e-03 -1.13746000e-03 4.95160000e-04 1.49415000e-03 -1.53818000e-03 8.07060000e-04 -1.62516000e-03 -1.32050000e-03 -9.17510000e-04 1.01770000e-04 -6.76130000e-04 9.17320000e-04 -4.95060000e-04 -9.18720000e-04 -1.72630000e-03 2.03600000e-05 1.36765000e-03 -7.58820000e-04 1.46454000e-03 3.98435000e-03 2.34357000e-03 -8.81850000e-04 -2.02729000e-03 -3.89605000e-03 1.54831000e-03 4.44630000e-04 -7.93500000e-04 1.06145000e-03 1.90615000e-03 -3.17140000e-04 -8.05420000e-04 4.33550000e-04 -5.72140000e-04 -1.92936000e-03 -9.64900000e-04 2.50360000e-04 4.02522000e-03 2.04070000e-04 -8.07950000e-04 5.66010000e-04 -4.23200000e-05 -1.09647000e-03 9.82390000e-04 -1.65260000e-03 2.61385000e-03 9.50210000e-04 3.23930000e-04 -5.39010000e-04 8.48470000e-04 1.45226000e-03 -2.40719000e-03 3.35350000e-04 -1.97870000e-04 1.21251000e-03 2.72939000e-03 3.79790000e-04 -4.05511000e-03 1.78262000e-03 -1.35294000e-03 -7.07500000e-05 -1.06400000e-04 -1.69440000e-04 -2.54564000e-03 -6.33680000e-04 7.92490000e-04 -5.59980000e-04 -4.46660000e-04 -1.60173000e-03 -2.43330000e-03 -6.88740000e-04 -5.72878000e-03 -2.12724000e-03 -2.61798000e-03 -2.27379000e-03 -1.67817000e-03 -2.60999000e-03
7.56155000e-03 1.32126000e-03 -1.13123000e-03 -4.02332000e-03 1.76512000e-03 1.53273000e-03 1.48542000e-03 -2.14900000e-03 -3.48465000e-03 -2.80487000e-03 2.32340000e-04 -3.79700000e-04 -8.65480000e-04 2.80590000e-04 4.21811000e-03 -1.68289000e-03 3.71896000e-03 3.68785000e-03 1.77168000e-03 -1.53746000e-03 -9.41470000e-04 -1.93540000e-04 -3.92979000e-03 3.80609000e-03 -3.66264000e-03 9.87960000e-04 5.40480000e-04 -3.48217000e-03 -6.14600000e-05 1.71998000e-03 1.57097000e-03 4.46900000e-04 -1.10346000e-03 -2.37060000e-03 4.13260000e-04 3.21233000e-03 -3.99720000e-04 3.79148000e-03 5.37645000e-03 -6.22200000e-03 -1.21640000e-04 -3.13630000e-03 1.70899000e-03 -1.35240000e-03 -2.44875000e-03 1.19105000e-03 -1.09209000e-03 1.44178000e-03 3.19895000e-03 5.39680000e-04 -6.20060000e-04 6.17280000e-04 -1.91029000e-03 1.58004000e-03 9.00340000e-04 2.42402000e-03 7.03550000e-04 -2.94406000e-03 1.65211000e-03 -2.65237000e-03 -5.98240000e-03 -3.87475000e-03 1.53590000e-03 2.34269000e-03 2.75293000e-03 -7.58750000e-04 -1.18289000e-03 1.01093000e-03 2.01560000e-04 -4.12794000e-03 1.76590000e-04 1.40981000e-03 -1.30157000e-03 3.42270000e-04 1.95447000e-03 2.14205000e-03 -3.77710000e-04 -5.90075000e-03 -9.14880000e-04 8.21430000e-04 -1.36911000e-03 6.96590000e-04 1.73347000e-03 -1.88641000e-03 3.81428000e-03 -4.07703000e-03 -1.87522000e-03 3.77100000e-04 1.76211000e-03 -1.90590000e-03 -2.84008000e-03 4.01328000e-03 8.46990000e-04 -4.23700000e-04 -2.58579000e-03 -6.66677000e-03 2.53690000e-04 5.62528000e-03 -3.42268000e-03 1.68301000e-03 -2.90030000e-04 7.65600000e-05 3.89840000e-04 3.52104000e-03 6.62370000e-04 -1.27478000e-03 -1.86900000e-05 9.22800000e-04 2.22227000e-03 2.43286000e-03 1.56334000e-03 7.17992000e-03 3.51945000e-03 2.89357000e-03 4.14053000e-03 2.29461000e-03 5.07281000e-03
2.06651000e-03 4.88150000e-04 5.16600000e-05 -1.09605000e-03 1.50470000e-04 3.23030000e-04 5.23570000e-04 -1.07620000e-04 -8.05540000e-04 -5.42520000e-04 1.54070000e-04 -1.60000000e-05 1.52250000e-04 -4.65500000e-05 1.48540000e-03 3.28700000e-05 1.06209000e-03 1.55613000e-03 5.40600000e-04 -1.40910000e-04 1.93280000e-04 8.84800000e-05 -9.19820000e-04 1.42889000e-03 -8.38810000e-04 1.71300000e-04 2.69370000e-04 -4.57820000e-04 1.41540000e-04 4.90880000e-04 4.51990000e-04 4.19740000e-04 -9.27800000e-05 -7.54670000e-04 3.20710000e-04 9.97990000e-04 -3.13500000e-05 5.36550000e-04 1.60054000e-03 -1.07585000e-03 5.62500000e-05 -6.12730000e-04 3.97200000e-04 -1.10000000e-06 -5.11080000e-04 6.06650000e-04 -2.26730000e-04 7.70310000e-04 3.65490000e-04 4.04260000e-04 1.21300000e-05 2.59420000e-04 -1.70820000e-04 2.19750000e-04 4.85250000e-04 6.35350000e-04 7.29700000e-05 -2.23030000e-04 3.40970000e-04 -4.82880000e-04 -1.43057000e-03 -8.21150000e-04 4.34200000e-04 8.44360000e-04 1.71610000e-03 -6.05090000e-04 -2.18500000e-05 2.94040000e-04 -4.61880000e-04 -5.24180000e-04 1.24210000e-04 3.47210000e-04 2.18600000e-05 3.53000000e-04 7.64100000e-04 3.73870000e-04 -8.92200000e-05 -1.46002000e-03 8.12400000e-05 2.77910000e-04 -1.67550000e-04 6.05700000e-05 3.35350000e-04 -2.77500000e-04 4.48190000e-04 -9.40260000e-04 -2.71410000e-04 -9.58100000e-05 1.68010000e-04 -2.08140000e-04 -4.85380000e-04 1.00545000e-03 -1.74840000e-04 3.10230000e-04 -1.57500000e-04 -5.19300000e-04 -7.51500000e-05 1.68483000e-03 -4.80360000e-04 7.13350000e-04 2.09960000e-04 2.13000000e-04 2.16930000e-04 1.15020000e-03 4.67180000e-04 -1.17400000e-04 4.74400000e-04 2.44450000e-04 8.13460000e-04 1.20986000e-03 3.38480000e-04 2.12996000e-03 9.43380000e-04 9.90820000e-04 1.02654000e-03 8.58870000e-04 1.19768000e-03
2.54218000e-03 4.69050000e-04 -5.57670000e-04 -1.38348000e-03 9.26750000e-04 6.73390000e-04 4.69940000e-04 -9.38140000e-04 -1.18913000e-03 -1.05615000e-03 -3.34400000e-05 -1.31060000e-04 -4.29650000e-04 1.52250000e-04 9.78920000e-04 -7.83550000e-04 1.00447000e-03 6.84160000e-04 6.52930000e-04 -6.48810000e-04 -5.34970000e-04 -1.77300000e-04 -1.30174000e-03 8.72190000e-04 -1.22604000e-03 4.78550000e-04 1.76710000e-04 -1.44098000e-03 -3.42300000e-05 6.54720000e-04 4.51650000e-04 -4.90100000e-05 -4.72500000e-04 -7.67800000e-04 -9.56100000e-05 9.56050000e-04 -1.09670000e-04 1.61564000e-03 1.48321000e-03 -2.40572000e-03 -7.19800000e-05 -1.16662000e-03 6.38580000e-04 -5.50680000e-04 -9.10240000e-04 7.10000000e-05 -3.21700000e-04 2.35030000e-04 1.50132000e-03 -6.14900000e-05 -3.33770000e-04 7.28400000e-05 -7.60510000e-04 8.48530000e-04 1.39320000e-04 7.33900000e-04 4.49640000e-04 -1.18200000e-03 7.27430000e-04 -1.05164000e-03 -2.03429000e-03 -1.41204000e-03 5.90520000e-04 6.49160000e-04 4.11200000e-05 2.53750000e-04 -4.63690000e-04 3.36760000e-04 6.92460000e-04 -1.74389000e-03 2.68800000e-05 5.66210000e-04 -5.29100000e-04 -4.70500000e-05 3.52500000e-04 9.42810000e-04 -1.29120000e-04 -1.93059000e-03 -5.36860000e-04 1.18530000e-04 -5.84310000e-04 4.31320000e-04 5.79260000e-04 -6.99420000e-04 1.61277000e-03 -1.42880000e-03 -7.66760000e-04 4.17470000e-04 8.79010000e-04 -7.97280000e-04 -1.10929000e-03 1.50844000e-03 6.26050000e-04 -3.73780000e-04 -1.09385000e-03 -3.03364000e-03 3.48930000e-04 1.80685000e-03 -1.31464000e-03 4.66750000e-04 -2.23360000e-04 -1.12900000e-05 1.82320000e-04 1.13921000e-03 1.23310000e-04 -4.75180000e-04 -2.71740000e-04 3.80070000e-04 6.96010000e-04 4.55330000e-04 6.61450000e-04 2.00650000e-03 1.28817000e-03 6.07260000e-04 1.63388000e-03 7.17460000e-04 2.03161000e-03
3.64410000e-04 1.44300000e-05 3.06730000e-04 -3.57930000e-04 -2.47760000e-04 -9.43900000e-05 3.56770000e-04 1.31280000e-04 -3.29150000e-04 -2.77300000e-05 2.71130000e-04 9.94400000e-05 9.35500000e-05 -5.03500000e-05 9.99360000e-04 3.89210000e-04 7.29090000e-04 1.17988000e-03 8.12300000e-05 1.99350000e-04 1.77380000e-04 1.78740000e-04 -3.36630000e-04 1.12882000e-03 -2.36140000e-04 -8.81600000e-05 2.11520000e-04 1.47570000e-04 2.29360000e-04 4.79100000e-05 1.41240000e-04 5.26280000e-04 8.52300000e-05 -3.85450000e-04 3.39440000e-04 4.06870000e-04 3.56800000e-05 -1.65400000e-04 7.92860000e-04 -7.55800000e-05 1.79570000e-04 -1.09730000e-04 1.72690000e-04 -9.93700000e-05 -1.36170000e-04 5.05030000e-04 -1.10210000e-04 2.42340000e-04 -2.40770000e-04 3.69390000e-04 2.14940000e-04 2.20930000e-04 1.01500000e-05 -2.07150000e-04 2.11620000e-04 2.17630000e-04 -2.81690000e-04 3.92000000e-06 -1.17580000e-04 7.66900000e-05 -4.83940000e-04 -1.75050000e-04 2.76100000e-05 5.86730000e-04 1.56911000e-03 -5.85660000e-04 4.77000000e-06 1.48990000e-04 -7.86560000e-04 3.25170000e-04 2.31070000e-04 1.73800000e-05 1.31640000e-04 1.51420000e-04 6.67790000e-04 -8.12100000e-05 4.38600000e-05 -5.56780000e-04 3.67400000e-04 3.54290000e-04 2.66840000e-04 -1.54630000e-04 8.98900000e-05 -1.66230000e-04 -2.82670000e-04 -2.82190000e-04 7.68000000e-05 -2.41300000e-04 -2.24960000e-04 1.75660000e-04 -1.14310000e-04 4.53900000e-05 -4.03780000e-04 2.67840000e-04 1.11360000e-04 5.76270000e-04 -4.46530000e-04 4.27050000e-04 -1.25570000e-04 2.67810000e-04 1.86380000e-04 5.91900000e-05 -3.01700000e-05 2.09960000e-04 2.02600000e-04 2.04300000e-05 3.81350000e-04 1.23700000e-05 2.54400000e-04 6.01120000e-04 -1.31420000e-04 1.16108000e-03 5.18400000e-05 5.49400000e-04 -1.99820000e-04 2.03340000e-04 -3.46940000e-04
-7.57270000e-04 -2.49240000e-04 -9.26700000e-05 1.94000000e-05 3.53950000e-04 -7.21100000e-05 -9.67000000e-05 -3.39600000e-04 2.42080000e-04 1.08120000e-04 -4.50700000e-05 9.28500000e-05 -2.76150000e-04 1.00380000e-04 -1.03293000e-03 -9.24900000e-05 -5.81200000e-04 -1.23791000e-03 1.04100000e-05 -6.99000000e-06 -2.86800000e-04 -5.90700000e-05 2.70580000e-04 -8.99690000e-04 3.53350000e-04 1.74090000e-04 -8.92000000e-06 -1.16490000e-04 2.14000000e-06 -1.35200000e-05 -8.46100000e-05 -2.88090000e-04 -3.94000000e-06 8.89800000e-05 -2.15990000e-04 -2.75770000e-04 9.96600000e-05 2.16870000e-04 -7.07060000e-04 -8.11000000e-06 2.90400000e-05 1.04790000e-04 -3.07400000e-05 -3.76500000e-05 8.67000000e-05 -3.76220000e-04 1.28040000e-04 -3.89110000e-04 2.30430000e-04 -2.50340000e-04 -2.91600000e-05 -1.12360000e-04 -1.06470000e-04 3.33230000e-04 -2.24550000e-04 -1.24690000e-04 1.81900000e-05 -1.26000000e-06 -8.20400000e-05 3.82300000e-05 2.89200000e-04 1.69450000e-04 -2.42460000e-04 -3.48520000e-04 -1.25229000e-03 6.31120000e-04 -6.48900000e-05 -2.83100000e-05 6.50840000e-04 -1.35710000e-04 -1.20500000e-05 7.75200000e-05 2.54400000e-05 -2.31700000e-04 -3.79440000e-04 1.60060000e-04 8.20500000e-05 4.37390000e-04 -6.58600000e-05 -2.85850000e-04 -1.18690000e-04 2.50100000e-04 -2.92900000e-05 -5.47300000e-05 1.77960000e-04 2.32640000e-04 -2.22600000e-05 3.58340000e-04 3.25460000e-04 -2.55900000e-05 -1.47910000e-04 -2.87330000e-04 4.58940000e-04 -4.64640000e-04 -3.29670000e-04 -8.26900000e-04 -9.93000000e-06 -8.70550000e-04 -1.15900000e-05 -3.96730000e-04 -3.22210000e-04 -1.74450000e-04 -1.45580000e-04 -6.06580000e-04 -3.36000000e-04 -1.51250000e-04 -5.38160000e-04 -1.77060000e-04 -3.42180000e-04 -6.82880000e-04 -9.13600000e-05 -1.01938000e-03 -3.05470000e-04 -5.47310000e-04 -4.96200000e-05 -3.75180000e-04 5.38500000e-05
-4.46020000e-04 -1.67410000e-04 1.24320000e-04 -1.89790000e-04 9.17500000e-05 -1.12170000e-04 1.31780000e-04 -1.32140000e-04 6.46600000e-05 1.29410000e-04 1.39780000e-04 1.21410000e-04 -1.26180000e-04 4.91600000e-05 -1.76040000e-04 1.25080000e-04 3.94800000e-05 -1.61550000e-04 -8.55000000e-06 1.55500000e-04 -1.18550000e-04 9.29700000e-05 6.58900000e-05 5.13000000e-05 1.68140000e-04 3.88700000e-05 1.15520000e-04 4.86800000e-05 1.48450000e-04 2.07400000e-05 -2.50000000e-06 1.68840000e-04 1.30280000e-04 -2.20520000e-04 1.20890000e-04 -1.11400000e-05 1.19380000e-04 -7.04000000e-06 -1.21900000e-05 2.29000000e-05 1.67450000e-04 3.08200000e-05 6.26000000e-05 -1.01880000e-04 3.68300000e-05 7.61400000e-05 4.84500000e-05 -2.55380000e-04 5.16900000e-05 4.54900000e-05 1.35340000e-04 1.04280000e-04 -9.81600000e-05 7.56500000e-05 -2.69600000e-05 8.67200000e-05 -9.44900000e-05 7.01400000e-05 -1.25630000e-04 1.25000000e-04 4.60000000e-07 7.82500000e-05 -1.17510000e-04 5.89200000e-05 1.32910000e-04 2.29420000e-04 -8.65700000e-05 1.51860000e-04 4.25000000e-05 1.79390000e-04 2.42980000e-04 3.80900000e-05 9.75700000e-05 -8.44900000e-05 1.07460000e-04 2.74800000e-05 1.27640000e-04 3.84800000e-05 3.50990000e-04 3.16600000e-05 1.34030000e-04 6.27700000e-05 1.38470000e-04 -1.73360000e-04 -6.16000000e-05 6.58900000e-05 3.13500000e-05 1.28050000e-04 1.28580000e-04 9.59100000e-05 -2.19720000e-04 -2.03880000e-04 1.13430000e-04 -1.84400000e-04 -1.32790000e-04 -1.95780000e-04 -2.15070000e-04 -3.79970000e-04 -3.80700000e-05 -1.26320000e-04 -8.25000000e-05 -1.00120000e-04 -9.51000000e-05 -2.78790000e-04 -7.68500000e-05 -1.78700000e-05 -1.37230000e-04 -7.41000000e-05 -9.49200000e-05 -1.78840000e-04 -1.09100000e-04 -5.31100000e-05 -1.37860000e-04 -8.16900000e-05 -1.47280000e-04 -1.27060000e-04 -3.25500000e-05
-2.61692000e-03 -1.29920000e-04 -4.89810000e-04 1.84086000e-03 8.46600000e-05 6.74900000e-05 -9.67840000e-04 4.07610000e-04 1.24708000e-03 4.21160000e-04 -4.16000000e-04 1.22990000e-04 1.38940000e-04 1.28710000e-04 -2.85493000e-03 -5.51030000e-04 -2.12272000e-03 -3.26114000e-03 -6.46820000e-04 -1.05930000e-04 -3.34410000e-04 -2.05430000e-04 1.47078000e-03 -3.03756000e-03 1.11968000e-03 2.98000000e-06 -5.73640000e-04 1.88840000e-04 -3.16630000e-04 -4.94200000e-04 -7.46550000e-04 -1.12889000e-03 -5.45000000e-05 1.09649000e-03 -1.14608000e-03 -1.56994000e-03 2.49800000e-05 -5.07750000e-04 -2.99038000e-03 1.19720000e-03 -2.18170000e-04 7.54190000e-04 -6.60100000e-04 -1.36680000e-04 6.30770000e-04 -1.62408000e-03 4.79200000e-04 -1.23449000e-03 -3.26530000e-04 -1.04803000e-03 -3.42910000e-04 -6.95160000e-04 3.35310000e-04 7.45200000e-05 -7.82540000e-04 -1.14666000e-03 5.96810000e-04 -5.00900000e-05 5.62300000e-05 4.25890000e-04 2.12612000e-03 9.42090000e-04 -2.01620000e-04 -1.46800000e-03 -4.14287000e-03 1.40779000e-03 1.13300000e-05 -8.24600000e-04 1.44921000e-03 1.74450000e-04 -6.21860000e-04 -4.20710000e-04 -2.64140000e-04 -5.32320000e-04 -1.65147000e-03 -1.37220000e-04 6.25900000e-05 2.15411000e-03 -6.06830000e-04 -6.40110000e-04 -5.07400000e-05 2.48590000e-04 -7.29310000e-04 3.80130000e-04 -2.79970000e-04 1.20733000e-03 1.74760000e-04 5.36470000e-04 1.29900000e-05 5.97800000e-05 4.70020000e-04 -8.74740000e-04 7.89130000e-04 -1.25010000e-04 4.97310000e-04 5.84000000e-04 9.03550000e-04 -2.12927000e-03 3.98530000e-04 -6.98150000e-04 -4.02400000e-05 1.34600000e-04 1.58000000e-04 -1.37321000e-03 -2.41780000e-04 5.66880000e-04 -4.67980000e-04 6.47000000e-05 -7.72050000e-04 -1.68973000e-03 1.54430000e-04 -3.96285000e-03 -8.64400000e-04 -1.93991000e-03 -8.06010000e-04 -8.79050000e-04 -1.01961000e-03
-3.24434000e-03 -2.33410000e-04 -3.76400000e-05 2.08026000e-03 -3.26710000e-04 -1.24090000e-04 -9.97220000e-04 9.68460000e-04 1.69910000e-03 9.88450000e-04 -3.26170000e-04 1.81260000e-04 5.09970000e-04 3.12700000e-05 -2.96518000e-03 3.11000000e-05 -2.36838000e-03 -3.15664000e-03 -7.73940000e-04 3.08210000e-04 1.42300000e-05 -1.19840000e-04 1.90496000e-03 -3.07448000e-03 1.66893000e-03 -1.68120000e-04 -5.17990000e-04 9.96090000e-04 -1.98620000e-04 -7.10290000e-04 -7.85590000e-04 -9.67730000e-04 2.07620000e-04 1.33321000e-03 -8.10750000e-04 -1.79950000e-03 6.89900000e-05 -1.21745000e-03 -3.30147000e-03 2.34527000e-03 -2.02580000e-04 1.32628000e-03 -8.43480000e-04 3.91440000e-04 9.89820000e-04 -1.32118000e-03 6.33390000e-04 -1.07922000e-03 -9.82230000e-04 -7.72100000e-04 -5.54000000e-05 -6.28190000e-04 7.49900000e-04 -2.69200000e-04 -6.95310000e-04 -1.32361000e-03 3.76930000e-04 7.85250000e-04 -1.57470000e-04 9.27870000e-04 2.82788000e-03 1.61122000e-03 -3.13970000e-04 -1.57527000e-03 -3.47337000e-03 1.05809000e-03 3.68380000e-04 -7.62570000e-04 9.11620000e-04 1.09046000e-03 -5.07590000e-04 -5.53930000e-04 1.94710000e-04 -3.96430000e-04 -1.56455000e-03 -5.80840000e-04 8.30500000e-05 2.88759000e-03 -2.36340000e-04 -6.62280000e-04 1.60790000e-04 6.57100000e-05 -9.06570000e-04 7.93290000e-04 -1.02033000e-03 1.83050000e-03 6.04810000e-04 3.30300000e-04 -3.54720000e-04 5.18480000e-04 1.02640000e-03 -1.31071000e-03 3.66680000e-04 2.11010000e-04 1.14826000e-03 2.15007000e-03 6.90770000e-04 -2.54890000e-03 1.14371000e-03 -6.66020000e-04 2.14380000e-04 2.86140000e-04 2.14550000e-04 -1.52823000e-03 -1.80370000e-04 8.57050000e-04 -1.34030000e-04 -1.54000000e-05 -8.24630000e-04 -1.44877000e-03 -1.19160000e-04 -4.39387000e-03 -1.17211000e-03 -1.95322000e-03 -1.16700000e-03 -8.90440000e-04 -1.48829000e-03
4.72302000e-03 9.62540000e-04 -6.10000000e-04 -2.42925000e-03 1.11833000e-03 1.14462000e-03 1.09281000e-03 -1.08977000e-03 -2.17275000e-03 -1.74805000e-03 2.24210000e-04 -8.36400000e-05 -3.17180000e-04 1.78800000e-04 2.78321000e-03 -9.50470000e-04 2.45067000e-03 2.59536000e-03 1.07834000e-03 -8.54250000e-04 -6.00240000e-04 -1.00660000e-04 -2.38135000e-03 2.71300000e-03 -2.24203000e-03 6.30710000e-04 4.27410000e-04 -2.13029000e-03 1.72580000e-04 1.08030000e-03 8.87870000e-04 4.64720000e-04 -6.73650000e-04 -1.63865000e-03 1.98730000e-04 1.93349000e-03 -1.95990000e-04 2.31294000e-03 3.25783000e-03 -3.83398000e-03 2.43300000e-05 -1.94070000e-03 1.16289000e-03 -9.55370000e-04 -1.58438000e-03 6.57020000e-04 -6.04410000e-04 5.97710000e-04 2.11533000e-03 3.01920000e-04 -3.24880000e-04 3.11540000e-04 -1.12074000e-03 1.07270000e-03 4.64580000e-04 1.38367000e-03 6.28510000e-04 -1.82304000e-03 1.21513000e-03 -1.57355000e-03 -3.65282000e-03 -2.40962000e-03 1.20757000e-03 1.68042000e-03 1.90422000e-03 -2.19190000e-04 -7.18020000e-04 6.01880000e-04 2.82100000e-04 -2.46460000e-03 2.27130000e-04 8.60330000e-04 -7.90140000e-04 1.19030000e-04 1.25502000e-03 1.34197000e-03 -2.07740000e-04 -3.64040000e-03 -4.89020000e-04 6.39150000e-04 -6.53340000e-04 4.84330000e-04 9.93600000e-04 -1.24972000e-03 2.29041000e-03 -2.55937000e-03 -1.15820000e-03 3.76580000e-04 1.10740000e-03 -1.08665000e-03 -1.83534000e-03 2.65614000e-03 5.23510000e-04 -8.19700000e-05 -1.34703000e-03 -3.88901000e-03 3.32070000e-04 3.68418000e-03 -2.13420000e-03 1.25477000e-03 8.27900000e-05 2.30630000e-04 4.60250000e-04 2.41613000e-03 6.19560000e-04 -5.14290000e-04 2.33920000e-04 8.43890000e-04 1.57916000e-03 1.60411000e-03 1.11940000e-03 4.56548000e-03 2.39510000e-03 1.60624000e-03 2.63857000e-03 1.62355000e-03 3.26714000e-03
1.36362000e-03 2.77300000e-04 -3.15860000e-04 -7.86100000e-04 5.52050000e-04 3.66600000e-04 3.33620000e-04 -5.86380000e-04 -6.20140000e-04 -5.90660000e-04 8.18300000e-05 8.39000000e-06 -2.78690000e-04 1.48760000e-04 6.39440000e-04 -4.68640000e-04 6.88880000e-04 4.22510000e-04 3.77500000e-04 -3.36720000e-04 -3.40750000e-04 5.20000000e-06 -6.78710000e-04 5.58160000e-04 -6.86670000e-04 3.00310000e-04 1.27950000e-04 -8.53900000e-04 3.94600000e-05 4.06330000e-04 3.03720000e-04 3.41100000e-05 -1.96180000e-04 -4.60570000e-04 -5.27700000e-05 6.17960000e-04 3.09000000e-06 9.51140000e-04 9.19410000e-04 -1.40453000e-03 4.28200000e-05 -6.61190000e-04 4.04940000e-04 -4.40240000e-04 -4.53610000e-04 5.72300000e-05 -1.85340000e-04 8.76600000e-05 8.68900000e-04 -8.82000000e-06 -1.52730000e-04 1.20470000e-04 -4.81480000e-04 5.01330000e-04 1.32730000e-04 5.24930000e-04 2.45020000e-04 -7.74110000e-04 4.00500000e-04 -5.57060000e-04 -1.13227000e-03 -8.10810000e-04 3.05880000e-04 4.63200000e-04 -2.09300000e-05 1.55000000e-04 -3.47810000e-04 2.00070000e-04 3.40730000e-04 -1.02805000e-03 5.80700000e-05 3.37290000e-04 -3.54230000e-04 3.29000000e-06 2.76600000e-04 5.66500000e-04 1.04200000e-05 -1.11545000e-03 -2.46400000e-04 1.72610000e-04 -2.65500000e-04 2.86090000e-04 4.33230000e-04 -4.73480000e-04 9.88950000e-04 -8.05410000e-04 -4.53330000e-04 2.65780000e-04 5.49310000e-04 -4.32980000e-04 -7.28430000e-04 8.36060000e-04 4.61730000e-04 -2.16640000e-04 -6.81250000e-04 -1.78165000e-03 1.42270000e-04 9.76700000e-04 -8.82180000e-04 2.47360000e-04 -1.55490000e-04 -1.41600000e-05 7.02200000e-05 5.71020000e-04 9.14000000e-05 -2.65250000e-04 -1.68090000e-04 2.03830000e-04 3.86470000e-04 2.02980000e-04 4.05710000e-04 1.23617000e-03 7.12020000e-04 4.09160000e-04 8.44810000e-04 3.76960000e-04 1.07031000e-03
3.00526000e-03 3.81940000e-04 -2.59630000e-04 -2.49578000e-03 1.29967000e-03 6.90350000e-04 1.19143000e-03 -1.40300000e-03 -1.71105000e-03 -1.16589000e-03 3.52300000e-04 1.30490000e-04 -7.08700000e-04 2.52180000e-04 1.69641000e-03 -4.40160000e-04 1.84277000e-03 1.44219000e-03 9.41750000e-04 -4.16740000e-04 -7.83450000e-04 5.11300000e-05 -1.82956000e-03 2.00561000e-03 -1.46310000e-03 6.40810000e-04 6.74070000e-04 -1.69340000e-03 4.32270000e-04 9.49700000e-04 7.44260000e-04 5.81180000e-04 -3.18920000e-04 -1.59398000e-03 3.60050000e-04 1.62435000e-03 1.40050000e-04 2.07674000e-03 2.51357000e-03 -3.19537000e-03 3.46630000e-04 -1.54226000e-03 1.17246000e-03 -8.78550000e-04 -1.20358000e-03 6.01740000e-04 -4.45870000e-04 1.80980000e-04 1.95152000e-03 2.84590000e-04 -6.68400000e-05 4.09450000e-04 -1.15192000e-03 1.22316000e-03 2.68040000e-04 1.34171000e-03 2.58190000e-04 -1.40995000e-03 7.33700000e-04 -1.16508000e-03 -3.02797000e-03 -1.82809000e-03 5.87470000e-04 1.44934000e-03 1.22387000e-03 2.88590000e-04 -6.78770000e-04 8.34720000e-04 5.45870000e-04 -1.93598000e-03 6.26610000e-04 8.50430000e-04 -3.99960000e-04 -8.59800000e-05 1.03349000e-03 1.21049000e-03 7.13700000e-05 -2.78594000e-03 -8.84900000e-05 4.06710000e-04 -3.84560000e-04 5.74510000e-04 1.10469000e-03 -1.24792000e-03 1.86092000e-03 -1.93927000e-03 -9.59500000e-04 5.77310000e-04 1.26232000e-03 -7.44270000e-04 -1.84407000e-03 1.74636000e-03 7.31750000e-04 -6.64810000e-04 -1.62624000e-03 -4.09479000e-03 -1.69870000e-04 2.06395000e-03 -1.82968000e-03 5.78880000e-04 -3.41840000e-04 -1.40060000e-04 5.67600000e-05 1.23511000e-03 1.24250000e-04 -6.99020000e-04 -3.93740000e-04 3.74470000e-04 9.10610000e-04 7.34180000e-04 6.46390000e-04 3.38543000e-03 1.52228000e-03 1.04828000e-03 1.87825000e-03 8.84880000e-04 2.49274000e-03
4.52961000e-03 5.32330000e-04 8.70000000e-06 -2.71269000e-03 6.62170000e-04 5.46640000e-04 1.43534000e-03 -1.05306000e-03 -2.10764000e-03 -1.30336000e-03 5.02970000e-04 -8.06400000e-05 -3.22370000e-04 4.67700000e-05 3.90018000e-03 -1.93610000e-04 3.22060000e-03 4.27077000e-03 1.10438000e-03 -3.84820000e-04 -1.50860000e-04 8.96700000e-05 -2.36284000e-03 4.22667000e-03 -2.12452000e-03 4.09790000e-04 7.00670000e-04 -1.39928000e-03 4.52870000e-04 9.92840000e-04 9.45590000e-04 1.25628000e-03 -3.19550000e-04 -1.91831000e-03 9.35200000e-04 2.16423000e-03 -1.02970000e-04 1.85746000e-03 4.08333000e-03 -3.12828000e-03 2.46570000e-04 -1.74865000e-03 1.21840000e-03 -5.81250000e-04 -1.36530000e-03 1.51338000e-03 -7.11660000e-04 9.18670000e-04 1.84161000e-03 8.91300000e-04 1.02970000e-04 6.63080000e-04 -9.76020000e-04 6.61820000e-04 8.17580000e-04 1.59746000e-03 -1.15970000e-04 -9.04500000e-04 6.09440000e-04 -1.17003000e-03 -3.60101000e-03 -2.11515000e-03 8.69390000e-04 2.19809000e-03 4.45351000e-03 -7.87810000e-04 -5.42960000e-04 1.01662000e-03 -7.02180000e-04 -1.53528000e-03 7.46700000e-04 8.27740000e-04 -3.30120000e-04 3.68520000e-04 1.96789000e-03 9.11120000e-04 -1.30900000e-04 -3.65757000e-03 4.14230000e-04 9.61830000e-04 -2.10630000e-04 1.80270000e-04 1.10703000e-03 -1.12278000e-03 1.66115000e-03 -2.37788000e-03 -7.97620000e-04 -6.89600000e-05 7.54460000e-04 -6.61410000e-04 -1.50262000e-03 2.15621000e-03 -1.43370000e-04 -1.44120000e-04 -1.23033000e-03 -2.99405000e-03 -5.26540000e-04 3.71611000e-03 -1.50208000e-03 1.18102000e-03 2.25000000e-06 -7.74100000e-05 1.03020000e-04 2.53325000e-03 4.53910000e-04 -7.57550000e-04 3.73150000e-04 4.26800000e-04 1.42687000e-03 1.91745000e-03 4.51400000e-04 5.75165000e-03 2.12221000e-03 2.18181000e-03 2.12463000e-03 1.59983000e-03 2.95460000e-03
1.08592300e-02 1.75376000e-03 -6.95150000e-04 -5.85003000e-03 1.69469000e-03 1.67960000e-03 2.69282000e-03 -2.36236000e-03 -5.16264000e-03 -3.62945000e-03 6.52230000e-04 -4.26750000e-04 -7.66160000e-04 7.00100000e-05 7.91089000e-03 -1.18413000e-03 6.35950000e-03 7.99835000e-03 2.51483000e-03 -1.52670000e-03 -4.46220000e-04 -1.17000000e-06 -5.69588000e-03 7.80570000e-03 -5.27791000e-03 1.00495000e-03 1.20895000e-03 -3.94160000e-03 4.34890000e-04 2.38989000e-03 2.15623000e-03 1.87356000e-03 -1.18254000e-03 -3.83552000e-03 1.31319000e-03 4.95439000e-03 -4.43810000e-04 4.43531000e-03 8.70976000e-03 -7.90124000e-03 1.86420000e-04 -4.28038000e-03 2.54606000e-03 -1.53599000e-03 -3.39551000e-03 2.65766000e-03 -1.62804000e-03 2.64388000e-03 3.80895000e-03 1.46693000e-03 -4.03060000e-04 1.16823000e-03 -2.19520000e-03 1.62023000e-03 1.71530000e-03 3.46304000e-03 2.97800000e-04 -3.18978000e-03 1.80887000e-03 -3.30387000e-03 -8.58980000e-03 -5.32685000e-03 2.10682000e-03 4.35897000e-03 7.54024000e-03 -2.08846000e-03 -1.21014000e-03 1.74848000e-03 -1.17663000e-03 -4.49363000e-03 8.15630000e-04 1.85194000e-03 -1.15418000e-03 9.04800000e-04 3.75065000e-03 2.43701000e-03 -5.11360000e-04 -8.63201000e-03 -3.84700000e-04 1.72917000e-03 -1.11315000e-03 4.82830000e-04 2.28746000e-03 -2.42938000e-03 4.11179000e-03 -5.80849000e-03 -2.23531000e-03 -1.36150000e-04 1.70937000e-03 -2.06146000e-03 -3.48164000e-03 5.33869000e-03 -3.86500000e-05 2.05900000e-05 -2.89845000e-03 -7.09390000e-03 -4.51560000e-04 8.62236000e-03 -4.06826000e-03 2.79175000e-03 4.82700000e-05 1.34890000e-04 4.47070000e-04 5.49751000e-03 1.28395000e-03 -1.66786000e-03 8.92130000e-04 1.17303000e-03 3.39767000e-03 4.50192000e-03 1.63941000e-03 1.19392900e-02 4.82129000e-03 4.80269000e-03 5.07616000e-03 3.55195000e-03 6.20928000e-03
1.62744000e-03 2.59180000e-04 -3.72010000e-04 -1.01613000e-03 7.40020000e-04 3.91450000e-04 3.82500000e-04 -8.04440000e-04 -8.00630000e-04 -7.27850000e-04 4.00000000e-07 -5.49000000e-06 -4.05390000e-04 1.42010000e-04 5.33940000e-04 -4.95340000e-04 6.06920000e-04 2.48810000e-04 5.13510000e-04 -4.27810000e-04 -3.76410000e-04 -7.22600000e-05 -8.52590000e-04 4.66500000e-04 -8.00720000e-04 3.90950000e-04 1.95050000e-04 -1.03875000e-03 2.83300000e-05 5.14830000e-04 3.37340000e-04 -3.67100000e-05 -2.91410000e-04 -5.41470000e-04 -1.19350000e-04 7.37370000e-04 8.80000000e-06 1.18054000e-03 9.66270000e-04 -1.72000000e-03 2.61800000e-05 -8.07670000e-04 4.88980000e-04 -4.07920000e-04 -5.96840000e-04 -1.98300000e-05 -2.15670000e-04 2.08150000e-04 1.05592000e-03 -6.94100000e-05 -2.29520000e-04 6.74600000e-05 -5.45940000e-04 7.00030000e-04 1.05480000e-04 5.60000000e-04 2.55070000e-04 -8.51140000e-04 4.20060000e-04 -7.39920000e-04 -1.42884000e-03 -9.92820000e-04 2.68560000e-04 4.77650000e-04 -2.17260000e-04 2.65260000e-04 -3.19710000e-04 2.28950000e-04 6.03390000e-04 -1.30652000e-03 3.28400000e-05 4.37970000e-04 -3.24660000e-04 -3.07600000e-05 2.07040000e-04 7.38830000e-04 -3.23000000e-05 -1.29315000e-03 -4.35770000e-04 3.33700000e-05 -3.96570000e-04 3.74540000e-04 4.30860000e-04 -5.07540000e-04 1.13029000e-03 -9.82770000e-04 -5.57360000e-04 3.50760000e-04 6.86390000e-04 -5.40350000e-04 -8.31310000e-04 9.42220000e-04 5.41940000e-04 -3.97480000e-04 -9.16950000e-04 -2.35715000e-03 1.45400000e-04 1.01007000e-03 -9.53350000e-04 2.06470000e-04 -2.96820000e-04 -8.91600000e-05 1.38900000e-05 5.93450000e-04 -1.12700000e-05 -4.58370000e-04 -3.50620000e-04 1.38970000e-04 3.79250000e-04 1.99430000e-04 4.17530000e-04 1.25327000e-03 7.62710000e-04 3.65950000e-04 1.08266000e-03 3.77670000e-04 1.34127000e-03
4.45150000e-04 1.38090000e-04 1.25100000e-05 -1.12500000e-04 -8.11600000e-05 -6.09000000e-05 -1.08400000e-05 7.38100000e-05 -1.91500000e-05 -6.24900000e-05 -2.45800000e-05 -9.60900000e-05 1.07860000e-04 -8.72800000e-05 3.17550000e-04 2.89300000e-05 1.07040000e-04 3.67880000e-04 1.57220000e-04 -2.40000000e-05 2.79940000e-04 4.12400000e-05 -6.35900000e-05 2.01060000e-04 -1.56430000e-04 1.47900000e-05 -1.49900000e-05 4.43900000e-05 -6.68600000e-05 1.44280000e-04 7.19200000e-05 5.83800000e-05 6.90400000e-05 -4.87000000e-05 5.33500000e-05 1.98880000e-04 -2.16100000e-05 -3.97700000e-05 3.11950000e-04 4.39700000e-05 -3.98200000e-05 -6.02000000e-05 -7.86400000e-05 2.17610000e-04 3.53400000e-05 1.40030000e-04 -3.68600000e-05 4.62960000e-04 -8.61300000e-05 9.51300000e-05 -1.66400000e-05 7.50400000e-05 1.02440000e-04 -5.44400000e-05 2.96520000e-04 1.20090000e-04 -4.85700000e-05 2.40800000e-04 -4.78600000e-05 -6.18800000e-05 -1.31830000e-04 -9.85800000e-05 1.81400000e-05 7.45500000e-05 4.81720000e-04 -2.90890000e-04 1.03220000e-04 6.04900000e-05 -2.69790000e-04 5.68700000e-05 -6.02200000e-05 6.96600000e-05 1.22430000e-04 2.91020000e-04 9.73400000e-05 2.85000000e-06 -4.67700000e-05 -1.86420000e-04 1.19130000e-04 -4.73000000e-06 -7.35400000e-05 -1.88200000e-05 1.42700000e-05 1.44040000e-04 -3.68600000e-05 -9.51000000e-05 2.52400000e-05 -1.31300000e-04 -5.30500000e-05 -2.02900000e-05 1.21750000e-04 1.50050000e-04 -7.54100000e-05 1.70870000e-04 1.07910000e-04 3.05900000e-04 -1.50600000e-05 4.39670000e-04 1.40910000e-04 1.54850000e-04 3.43800000e-05 2.97000000e-05 1.57000000e-05 3.00740000e-04 1.54120000e-04 -3.28700000e-05 1.93580000e-04 -6.10000000e-05 1.68570000e-04 3.39860000e-04 6.24000000e-06 3.18810000e-04 1.68440000e-04 2.65020000e-04 1.96490000e-04 2.08620000e-04 2.45840000e-04
-2.08135000e-03 -4.38230000e-04 -7.66500000e-05 9.49460000e-04 -7.99700000e-05 -3.18570000e-04 -5.18730000e-04 8.46500000e-05 8.27560000e-04 4.72890000e-04 -1.72540000e-04 7.48200000e-05 -1.08700000e-04 -1.04000000e-05 -1.73528000e-03 -2.56000000e-06 -1.23037000e-03 -1.83186000e-03 -4.29700000e-04 1.14150000e-04 -1.82710000e-04 -8.21200000e-05 9.28730000e-04 -1.58760000e-03 8.46260000e-04 -1.09150000e-04 -2.70220000e-04 3.56590000e-04 -1.22610000e-04 -3.86690000e-04 -4.84100000e-04 -4.38320000e-04 9.71200000e-05 4.85180000e-04 -4.17640000e-04 -9.78490000e-04 4.75900000e-05 -4.81560000e-04 -1.71140000e-03 9.89720000e-04 -3.98700000e-05 5.54600000e-04 -4.64060000e-04 9.80000000e-07 4.41400000e-04 -7.53650000e-04 2.44060000e-04 -7.95670000e-04 -3.22440000e-04 -4.77030000e-04 -2.93300000e-05 -3.20580000e-04 1.46140000e-04 -9.01800000e-05 -4.48350000e-04 -6.61580000e-04 -7.68000000e-06 3.15890000e-04 -3.37910000e-04 4.39090000e-04 1.33080000e-03 7.45550000e-04 -4.30130000e-04 -8.83230000e-04 -1.78753000e-03 7.89610000e-04 -1.80000000e-07 -3.37150000e-04 6.02230000e-04 5.13060000e-04 -1.71100000e-04 -3.03200000e-04 2.97600000e-05 -3.33010000e-04 -8.21410000e-04 -1.72020000e-04 6.65600000e-05 1.36592000e-03 1.06650000e-04 -4.28400000e-04 1.07450000e-04 2.25400000e-05 -3.92270000e-04 1.54330000e-04 -4.67670000e-04 8.40140000e-04 2.78590000e-04 1.96860000e-04 -7.95200000e-05 1.88430000e-04 3.00760000e-04 -9.58450000e-04 2.72770000e-04 -3.27120000e-04 1.64760000e-04 4.13040000e-04 8.53800000e-05 -1.74210000e-03 4.37650000e-04 -6.66730000e-04 -2.18930000e-04 -1.86740000e-04 -1.75070000e-04 -1.13210000e-03 -3.84430000e-04 1.41730000e-04 -4.84410000e-04 -2.60780000e-04 -7.18520000e-04 -1.16067000e-03 -2.93500000e-04 -2.32361000e-03 -8.49600000e-04 -1.11406000e-03 -7.91140000e-04 -7.53560000e-04 -8.18150000e-04
-2.73104000e-03 -5.35100000e-04 9.37000000e-06 1.30322000e-03 -3.84300000e-05 -3.40100000e-04 -6.36640000e-04 2.33640000e-04 1.23015000e-03 7.98220000e-04 -1.79240000e-04 1.34070000e-04 -3.43500000e-05 7.36800000e-05 -2.30571000e-03 5.48000000e-05 -1.63537000e-03 -2.42020000e-03 -5.33970000e-04 2.70390000e-04 -1.65330000e-04 -8.34400000e-05 1.36584000e-03 -2.14582000e-03 1.29471000e-03 -6.05000000e-05 -2.83250000e-04 6.63870000e-04 -9.42500000e-05 -5.06300000e-04 -5.65690000e-04 -5.87040000e-04 2.08400000e-04 8.72230000e-04 -4.53520000e-04 -1.30784000e-03 1.30610000e-04 -6.66580000e-04 -2.31249000e-03 1.55080000e-03 -3.38400000e-05 9.04300000e-04 -5.31650000e-04 2.22400000e-04 7.36760000e-04 -8.69100000e-04 4.35560000e-04 -9.75030000e-04 -4.17910000e-04 -5.40960000e-04 3.53000000e-05 -3.55110000e-04 3.37310000e-04 -5.85700000e-05 -5.46490000e-04 -8.35340000e-04 3.10900000e-05 6.27360000e-04 -3.68540000e-04 6.92090000e-04 1.98045000e-03 1.18066000e-03 -5.09980000e-04 -1.15218000e-03 -2.44546000e-03 1.06270000e-03 1.49260000e-04 -3.34090000e-04 8.54640000e-04 7.72090000e-04 -1.33020000e-04 -3.19520000e-04 1.85200000e-04 -4.01050000e-04 -1.08537000e-03 -3.67500000e-04 1.51250000e-04 2.09172000e-03 5.55000000e-05 -5.09060000e-04 1.63090000e-04 1.14140000e-04 -4.74140000e-04 4.34440000e-04 -5.83480000e-04 1.34608000e-03 4.25100000e-04 3.44680000e-04 -4.12500000e-05 3.53270000e-04 6.00140000e-04 -1.22975000e-03 4.25220000e-04 -3.67520000e-04 3.51140000e-04 7.18990000e-04 1.92720000e-04 -2.28693000e-03 8.18430000e-04 -8.38130000e-04 -2.13770000e-04 -1.52190000e-04 -1.49610000e-04 -1.44644000e-03 -5.01390000e-04 2.74610000e-04 -5.71990000e-04 -2.83090000e-04 -9.22110000e-04 -1.50046000e-03 -3.57480000e-04 -3.13005000e-03 -1.09549000e-03 -1.46916000e-03 -1.01097000e-03 -9.58190000e-04 -1.06054000e-03
7.63220000e-04 -1.09130000e-04 1.73890000e-04 -6.94810000e-04 -2.90780000e-04 -1.75660000e-04 2.33920000e-04 -1.57860000e-04 -5.04140000e-04 -1.16370000e-04 2.76850000e-04 -1.53070000e-04 -9.19300000e-05 5.90000000e-07 1.18893000e-03 7.52200000e-05 1.02996000e-03 1.41552000e-03 7.56600000e-05 7.80100000e-05 4.07100000e-05 7.29600000e-05 -6.95280000e-04 1.30355000e-03 -4.75750000e-04 -1.13630000e-04 1.04730000e-04 1.86900000e-05 1.04000000e-05 3.63800000e-05 2.97850000e-04 4.81440000e-04 2.77300000e-05 -6.66350000e-04 6.16190000e-04 4.78220000e-04 -1.39960000e-04 4.06000000e-06 1.33414000e-03 -3.53800000e-04 3.45600000e-05 -3.12500000e-04 1.56060000e-04 -6.03000000e-06 -2.84440000e-04 8.36100000e-04 -2.52830000e-04 2.93860000e-04 -7.39700000e-05 5.02160000e-04 2.38250000e-04 3.56910000e-04 -2.43360000e-04 -3.92320000e-04 2.77590000e-04 4.24640000e-04 -4.06680000e-04 4.51100000e-05 -1.70360000e-04 -2.42000000e-05 -9.56740000e-04 -3.53290000e-04 3.86000000e-06 4.19870000e-04 2.33832000e-03 -7.15990000e-04 -1.85510000e-04 2.76300000e-04 -9.44720000e-04 2.03570000e-04 3.37230000e-04 3.17000000e-05 -4.92500000e-05 1.31590000e-04 8.99810000e-04 -8.89100000e-05 -2.71900000e-05 -9.78550000e-04 6.67550000e-04 3.96060000e-04 2.28300000e-05 -2.55500000e-04 3.15900000e-04 -3.71270000e-04 3.51000000e-06 -4.55320000e-04 4.85500000e-05 -3.46330000e-04 -1.49720000e-04 7.93000000e-06 -3.30420000e-04 1.63280000e-04 -3.88610000e-04 -2.30300000e-05 -1.85470000e-04 -6.85900000e-05 -6.10890000e-04 7.15690000e-04 -1.81310000e-04 2.31100000e-04 2.33300000e-05 -1.48820000e-04 -1.25980000e-04 4.79650000e-04 6.07700000e-05 -2.07150000e-04 1.97020000e-04 -9.16300000e-05 2.59910000e-04 7.05730000e-04 -2.36700000e-04 1.68547000e-03 2.73030000e-04 8.99730000e-04 2.13000000e-04 3.29390000e-04 4.66390000e-04
-6.46610000e-04 -1.82030000e-04 1.55280000e-04 -5.88700000e-05 4.12600000e-05 -2.64800000e-05 1.60870000e-04 6.18400000e-05 6.93300000e-05 1.64440000e-04 2.00690000e-04 1.91470000e-04 1.82600000e-05 5.01000000e-05 -1.32650000e-04 1.81950000e-04 7.68700000e-05 -7.76600000e-05 -8.53000000e-05 2.09020000e-04 -2.05850000e-04 5.24800000e-05 1.28430000e-04 1.65940000e-04 2.31810000e-04 3.38900000e-05 9.18800000e-05 9.95100000e-05 2.45950000e-04 -1.18090000e-04 -1.38350000e-04 1.47370000e-04 4.80000000e-05 -1.82880000e-04 1.29600000e-05 -2.24220000e-04 6.56500000e-05 -6.09400000e-05 -3.05810000e-04 1.41520000e-04 1.35290000e-04 8.65800000e-05 7.17300000e-05 -2.57430000e-04 2.75000000e-06 -5.14800000e-05 7.39400000e-05 -5.66340000e-04 4.65600000e-05 -1.37200000e-05 1.62240000e-04 -3.19000000e-05 -5.81200000e-05 6.34700000e-05 -1.69880000e-04 -1.49130000e-04 -9.45500000e-05 -3.60000000e-06 -5.09600000e-05 2.24700000e-04 1.41170000e-04 1.40460000e-04 -1.21700000e-05 1.44890000e-04 6.42300000e-05 2.43120000e-04 -1.23670000e-04 7.47500000e-05 -5.21600000e-05 3.20950000e-04 2.05630000e-04 -1.07200000e-05 4.85900000e-05 -2.25820000e-04 1.15130000e-04 -5.30200000e-05 8.91600000e-05 1.74000000e-04 3.24630000e-04 1.24370000e-04 2.02050000e-04 8.58500000e-05 -7.04200000e-05 -1.96640000e-04 -1.39680000e-04 1.21510000e-04 7.88800000e-05 1.70470000e-04 6.35900000e-05 1.79800000e-04 -2.07100000e-04 -2.17330000e-04 9.96100000e-05 -1.63400000e-05 7.75500000e-05 1.43870000e-04 -2.35450000e-04 -4.46410000e-04 -9.72900000e-05 -4.20200000e-05 7.90400000e-05 5.23200000e-05 1.78700000e-05 -3.13700000e-04 -2.87700000e-05 1.81250000e-04 1.38400000e-05 6.59600000e-05 -2.62500000e-05 -2.14930000e-04 -1.24370000e-04 -1.65130000e-04 -1.48660000e-04 -3.17390000e-04 -3.16290000e-04 -1.04930000e-04 -2.94510000e-04
-2.65786000e-03 -2.51520000e-04 1.15705000e-03 1.16897000e-03 -1.39746000e-03 -4.02910000e-04 -1.23900000e-05 1.96625000e-03 9.59540000e-04 1.34537000e-03 5.93690000e-04 4.76760000e-04 1.22731000e-03 -1.57950000e-04 3.16000000e-06 1.41766000e-03 -1.46470000e-04 6.19050000e-04 -7.85080000e-04 1.22338000e-03 6.73290000e-04 4.46380000e-04 1.07322000e-03 4.81080000e-04 1.33392000e-03 -6.02760000e-04 8.25400000e-05 2.00046000e-03 5.26830000e-04 -8.41430000e-04 -4.26290000e-04 7.45680000e-04 6.12870000e-04 2.23190000e-04 6.46470000e-04 -9.09030000e-04 1.09270000e-04 -2.28196000e-03 -9.98950000e-04 2.90034000e-03 3.31110000e-04 1.37208000e-03 -4.49430000e-04 3.72010000e-04 7.83060000e-04 6.28850000e-04 4.56980000e-04 -5.68980000e-04 -2.16057000e-03 5.87630000e-04 8.24170000e-04 1.25250000e-04 9.99180000e-04 -1.24617000e-03 -6.42700000e-05 -7.55010000e-04 -4.83730000e-04 1.39254000e-03 -5.40620000e-04 1.57491000e-03 1.75954000e-03 1.58987000e-03 -9.64600000e-05 4.96500000e-05 2.16238000e-03 -8.48650000e-04 5.05570000e-04 -1.00710000e-04 -1.86566000e-03 2.83470000e-03 4.51540000e-04 -6.37030000e-04 8.12680000e-04 1.87600000e-05 6.13440000e-04 -1.33050000e-03 2.19770000e-04 1.67232000e-03 1.42871000e-03 5.32480000e-04 1.13732000e-03 -5.99400000e-04 -6.38450000e-04 4.86950000e-04 -2.32587000e-03 1.44660000e-03 1.10518000e-03 -5.69310000e-04 -1.24674000e-03 1.34521000e-03 9.49830000e-04 -1.44029000e-03 -1.15936000e-03 1.34719000e-03 2.11780000e-03 5.16933000e-03 -7.28710000e-04 -1.48001000e-03 1.37446000e-03 3.34470000e-04 1.21381000e-03 7.19110000e-04 3.39570000e-04 -8.40350000e-04 6.13210000e-04 1.37463000e-03 1.45220000e-03 2.26920000e-04 6.22500000e-05 7.09240000e-04 -5.81840000e-04 -9.84690000e-04 -1.04162000e-03 -2.65600000e-04 -1.92945000e-03 -1.23100000e-04 -2.48767000e-03
1.17163000e-03 2.03680000e-04 3.29630000e-04 -6.02660000e-04 -3.85490000e-04 1.11730000e-04 4.29240000e-04 4.27100000e-04 -3.97530000e-04 -5.47100000e-05 4.18090000e-04 3.46600000e-05 5.74640000e-04 -1.12800000e-05 1.78840000e-03 1.92620000e-04 1.42237000e-03 2.35990000e-03 1.43690000e-04 2.43620000e-04 2.76520000e-04 1.26370000e-04 -5.65100000e-04 2.11353000e-03 -4.64220000e-04 -7.83200000e-05 1.73330000e-04 2.17460000e-04 2.69360000e-04 5.54000000e-05 2.26460000e-04 7.30610000e-04 8.28700000e-05 -9.22060000e-04 6.81890000e-04 4.30180000e-04 -1.50120000e-04 -9.29500000e-05 1.44161000e-03 -6.34300000e-05 7.88000000e-05 -2.33760000e-04 2.36020000e-04 7.17000000e-05 -2.63450000e-04 9.30480000e-04 -1.64020000e-04 1.13530000e-04 7.62100000e-05 6.05810000e-04 3.57120000e-04 2.76190000e-04 -2.11500000e-05 -3.38890000e-04 3.86740000e-04 3.30630000e-04 -1.60990000e-04 4.75130000e-04 1.20710000e-04 1.49190000e-04 -8.40410000e-04 -2.88540000e-04 4.74890000e-04 8.17200000e-04 3.31066000e-03 -5.62840000e-04 -1.05200000e-04 2.87540000e-04 -9.66420000e-04 4.42160000e-04 4.59810000e-04 5.16700000e-05 5.09000000e-06 1.84250000e-04 1.08442000e-03 -1.92630000e-04 -6.59500000e-05 -8.96760000e-04 9.99610000e-04 6.70240000e-04 2.10470000e-04 -1.92530000e-04 1.58240000e-04 -2.93660000e-04 -7.01900000e-05 -4.15500000e-04 1.43230000e-04 -3.13610000e-04 -1.74330000e-04 2.07960000e-04 -2.64720000e-04 5.21790000e-04 -4.66390000e-04 4.54690000e-04 4.81640000e-04 7.67320000e-04 -4.01510000e-04 1.34251000e-03 1.32030000e-04 7.71960000e-04 5.50650000e-04 2.81070000e-04 2.97140000e-04 1.26446000e-03 5.04580000e-04 2.82940000e-04 8.14730000e-04 3.23540000e-04 7.62350000e-04 1.24411000e-03 1.08800000e-05 2.19314000e-03 8.64480000e-04 8.45430000e-04 6.45720000e-04 9.57560000e-04 1.31523000e-03
-6.69261000e-03 -8.41140000e-04 2.40540000e-04 4.46757000e-03 -1.15327000e-03 -9.42680000e-04 -2.09329000e-03 2.00586000e-03 3.43824000e-03 2.18961000e-03 -7.61830000e-04 1.22670000e-04 9.19370000e-04 -2.56950000e-04 -5.30077000e-03 6.06310000e-04 -4.57284000e-03 -5.28486000e-03 -1.53554000e-03 7.46680000e-04 7.38940000e-04 -2.07650000e-04 3.85237000e-03 -5.43324000e-03 3.32291000e-03 -5.98640000e-04 -1.06446000e-03 2.56223000e-03 -5.39880000e-04 -1.50809000e-03 -1.63178000e-03 -1.57385000e-03 5.57580000e-04 2.96034000e-03 -1.27835000e-03 -3.48569000e-03 8.71400000e-05 -2.95367000e-03 -6.16345000e-03 5.37677000e-03 -4.12490000e-04 2.82631000e-03 -1.96244000e-03 1.35746000e-03 2.22394000e-03 -2.14296000e-03 1.20485000e-03 -1.32393000e-03 -2.54705000e-03 -1.22582000e-03 -3.34500000e-05 -1.11510000e-03 1.87376000e-03 -9.89450000e-04 -1.00008000e-03 -2.66931000e-03 6.27400000e-05 2.37801000e-03 -1.03624000e-03 2.01455000e-03 5.92356000e-03 3.46161000e-03 -1.13582000e-03 -3.09392000e-03 -5.42028000e-03 1.36609000e-03 1.14755000e-03 -1.39711000e-03 9.98610000e-04 2.92433000e-03 -1.03365000e-03 -1.19939000e-03 8.45640000e-04 -3.46610000e-04 -2.89696000e-03 -1.58574000e-03 6.46100000e-05 5.87520000e-03 -1.47090000e-04 -1.34703000e-03 5.44780000e-04 -2.47600000e-04 -1.98413000e-03 2.08959000e-03 -2.69975000e-03 3.81427000e-03 1.52535000e-03 5.48500000e-05 -1.23342000e-03 1.22331000e-03 2.87818000e-03 -3.24782000e-03 -2.62100000e-05 4.28190000e-04 2.41635000e-03 5.40890000e-03 8.15050000e-04 -5.13248000e-03 3.13758000e-03 -1.56382000e-03 2.36690000e-04 1.93940000e-04 -2.70300000e-05 -3.17357000e-03 -5.81170000e-04 1.29516000e-03 -1.90480000e-04 -5.96400000e-04 -2.00206000e-03 -2.70142000e-03 -9.05930000e-04 -8.28292000e-03 -2.94789000e-03 -3.39874000e-03 -3.11556000e-03 -2.09218000e-03 -3.97738000e-03
6.94735000e-03 7.42570000e-04 -4.32900000e-04 -3.59795000e-03 1.35885000e-03 7.76490000e-04 1.70481000e-03 -2.00760000e-03 -2.98797000e-03 -2.13025000e-03 2.50220000e-04 -3.93970000e-04 -8.66770000e-04 -2.95600000e-05 4.97080000e-03 -7.03550000e-04 4.00308000e-03 5.23948000e-03 1.76933000e-03 -1.03109000e-03 -1.87080000e-04 -1.17080000e-04 -3.36375000e-03 5.10320000e-03 -3.19610000e-03 7.35320000e-04 7.92260000e-04 -2.44710000e-03 2.15360000e-04 1.60001000e-03 1.35918000e-03 1.25886000e-03 -6.83840000e-04 -2.03571000e-03 9.76810000e-04 3.10973000e-03 -2.32750000e-04 3.18262000e-03 5.56721000e-03 -4.91221000e-03 9.84400000e-05 -2.62703000e-03 1.56683000e-03 -5.97040000e-04 -1.94386000e-03 1.71693000e-03 -1.01148000e-03 1.80844000e-03 3.10195000e-03 9.27130000e-04 -2.48880000e-04 7.69860000e-04 -1.41665000e-03 1.31346000e-03 1.20292000e-03 2.30212000e-03 2.70800000e-05 -1.43270000e-03 8.78970000e-04 -2.11292000e-03 -5.06393000e-03 -3.18192000e-03 1.10797000e-03 2.63491000e-03 4.78952000e-03 -8.08840000e-04 -6.35810000e-04 1.43739000e-03 -1.65530000e-04 -2.96952000e-03 6.34150000e-04 1.33371000e-03 -5.24950000e-04 6.71230000e-04 2.13360000e-03 1.61703000e-03 -3.50950000e-04 -5.11701000e-03 -2.12990000e-04 8.83630000e-04 -7.31110000e-04 4.23640000e-04 1.59723000e-03 -1.21712000e-03 2.96360000e-03 -3.47878000e-03 -1.33805000e-03 8.65000000e-06 1.37481000e-03 -1.39305000e-03 -1.76750000e-03 3.21154000e-03 1.19250000e-04 -6.14380000e-04 -2.30781000e-03 -5.49705000e-03 -2.60840000e-04 5.36727000e-03 -2.05319000e-03 1.34619000e-03 -4.59410000e-04 -3.94020000e-04 -5.51600000e-05 3.58073000e-03 2.83190000e-04 -1.58755000e-03 -4.31100000e-05 4.00840000e-04 1.71974000e-03 2.25889000e-03 7.48400000e-04 7.62475000e-03 2.99624000e-03 2.97545000e-03 3.36154000e-03 1.99905000e-03 4.47271000e-03
2.99937000e-03 4.74210000e-04 -6.73800000e-05 -1.85873000e-03 7.09230000e-04 3.52120000e-04 8.77560000e-04 -8.31920000e-04 -1.33940000e-03 -9.54510000e-04 1.15400000e-04 -2.00700000e-05 -3.45820000e-04 -7.58200000e-05 1.85323000e-03 -5.98000000e-05 1.47070000e-03 1.81440000e-03 9.38130000e-04 -3.75410000e-04 5.17500000e-05 9.70000000e-05 -1.47096000e-03 1.92319000e-03 -1.31854000e-03 3.94650000e-04 4.92580000e-04 -1.10015000e-03 1.90470000e-04 9.18480000e-04 6.94280000e-04 6.12850000e-04 -1.77050000e-04 -1.05079000e-03 4.16350000e-04 1.64131000e-03 7.89700000e-05 1.31279000e-03 2.44976000e-03 -2.23396000e-03 2.11120000e-04 -1.14037000e-03 7.03150000e-04 -1.98370000e-04 -8.44620000e-04 7.47710000e-04 -3.54810000e-04 1.09899000e-03 1.08684000e-03 4.39190000e-04 -1.06220000e-04 4.24810000e-04 -5.34590000e-04 7.63430000e-04 6.63320000e-04 1.18130000e-03 8.94600000e-05 -6.15920000e-04 3.66190000e-04 -9.86500000e-04 -2.34279000e-03 -1.42477000e-03 4.15820000e-04 1.22617000e-03 1.78662000e-03 -4.01670000e-04 -1.34600000e-04 6.80980000e-04 -5.52000000e-05 -1.27240000e-03 2.76640000e-04 6.88320000e-04 4.23700000e-05 4.51060000e-04 9.17690000e-04 8.70520000e-04 -6.38400000e-05 -2.34345000e-03 -7.55700000e-05 2.02850000e-04 -2.98790000e-04 2.69220000e-04 7.83040000e-04 -5.33030000e-04 1.09150000e-03 -1.60019000e-03 -6.41860000e-04 7.94400000e-05 6.61600000e-04 -5.62550000e-04 -9.11650000e-04 1.39302000e-03 5.95900000e-05 -1.38030000e-04 -9.86070000e-04 -2.22904000e-03 -1.23690000e-04 2.18675000e-03 -9.39070000e-04 6.61520000e-04 -1.59480000e-04 -6.65500000e-05 -3.95000000e-06 1.33730000e-03 3.12540000e-04 -6.53120000e-04 7.70900000e-05 1.48860000e-04 8.68590000e-04 1.23050000e-03 4.52520000e-04 3.12877000e-03 1.21925000e-03 1.37878000e-03 1.48499000e-03 8.81120000e-04 1.77390000e-03
1.45421000e-03 8.65000000e-06 9.26300000e-04 -1.54955000e-03 6.53900000e-05 -4.33400000e-05 1.46089000e-03 -4.29740000e-04 -7.03230000e-04 5.81200000e-05 8.71150000e-04 5.92210000e-04 -1.35960000e-04 2.69000000e-04 2.54500000e-03 1.06409000e-03 2.09163000e-03 2.82092000e-03 5.33030000e-04 6.21380000e-04 1.45960000e-04 6.52520000e-04 -7.61450000e-04 2.93834000e-03 -3.94870000e-04 8.29500000e-05 1.03508000e-03 1.61590000e-04 9.53640000e-04 4.30540000e-04 8.74970000e-04 1.47017000e-03 4.20780000e-04 -9.82230000e-04 1.19321000e-03 1.65870000e-03 5.16260000e-04 3.87910000e-04 2.54134000e-03 -7.11990000e-04 7.90680000e-04 -2.17980000e-04 1.08479000e-03 -1.57400000e-04 -1.97650000e-04 1.54165000e-03 -2.70660000e-04 6.63990000e-04 2.48140000e-04 1.16803000e-03 7.27910000e-04 8.88060000e-04 -2.71720000e-04 1.61670000e-04 5.14220000e-04 1.25511000e-03 -5.74290000e-04 -1.28490000e-04 -7.07100000e-05 9.58400000e-05 -1.37326000e-03 -4.02190000e-04 -3.27900000e-05 1.86322000e-03 3.41466000e-03 -8.24890000e-04 -3.26500000e-05 7.13920000e-04 -9.87190000e-04 -8.15200000e-05 1.00854000e-03 3.77360000e-04 3.02280000e-04 2.55630000e-04 1.76421000e-03 1.97930000e-04 4.30580000e-04 -1.32037000e-03 5.16970000e-04 9.43110000e-04 6.57170000e-04 -5.46300000e-05 9.14180000e-04 -5.06280000e-04 7.47800000e-05 -6.44790000e-04 -4.19100000e-05 -1.99690000e-04 8.05900000e-05 4.51180000e-04 -6.18300000e-04 3.75590000e-04 -5.21710000e-04 -5.92400000e-05 -5.39150000e-04 -6.23910000e-04 -1.09566000e-03 8.95610000e-04 -5.31460000e-04 4.26120000e-04 -2.44900000e-05 -9.61300000e-05 -2.63900000e-04 6.06390000e-04 9.15100000e-05 -4.47180000e-04 2.08310000e-04 -1.04550000e-04 4.34040000e-04 1.16317000e-03 -1.04490000e-04 3.44171000e-03 3.43850000e-04 1.64440000e-03 1.96610000e-04 4.77750000e-04 2.39520000e-04
2.09834000e-03 2.39370000e-04 8.52810000e-04 -1.67829000e-03 5.64700000e-05 2.03960000e-04 1.59857000e-03 -3.45400000e-04 -1.02488000e-03 -1.77500000e-04 9.57420000e-04 5.86730000e-04 -1.06100000e-05 2.80450000e-04 3.16460000e-03 8.68870000e-04 2.66210000e-03 3.57330000e-03 5.29570000e-04 5.46370000e-04 7.56500000e-05 6.77370000e-04 -1.12197000e-03 3.65649000e-03 -7.66650000e-04 6.57700000e-05 1.06958000e-03 -6.72200000e-05 9.88580000e-04 5.14900000e-04 9.28790000e-04 1.74968000e-03 3.63270000e-04 -1.34900000e-03 1.30848000e-03 1.85208000e-03 4.59250000e-04 5.00280000e-04 3.15227000e-03 -1.17099000e-03 8.61980000e-04 -5.12570000e-04 1.21387000e-03 -4.06280000e-04 -4.41270000e-04 1.71819000e-03 -3.54160000e-04 5.49610000e-04 4.86470000e-04 1.23593000e-03 7.25000000e-04 9.70920000e-04 -4.39140000e-04 1.17240000e-04 5.68040000e-04 1.43951000e-03 -3.23730000e-04 -3.62460000e-04 1.79700000e-04 -3.14500000e-05 -1.89134000e-03 -7.50320000e-04 3.40870000e-04 2.12418000e-03 4.25651000e-03 -7.79300000e-04 -2.09930000e-04 8.03980000e-04 -1.02241000e-03 -2.48000000e-04 1.18802000e-03 3.82250000e-04 1.14370000e-04 2.46900000e-04 2.05861000e-03 2.78500000e-04 4.27120000e-04 -1.90233000e-03 7.13250000e-04 1.19974000e-03 7.71110000e-04 -9.67000000e-05 1.10131000e-03 -7.94450000e-04 2.77090000e-04 -1.02570000e-03 -1.56040000e-04 -2.12810000e-04 1.32020000e-04 3.25640000e-04 -9.04570000e-04 7.95180000e-04 -5.50980000e-04 7.54500000e-05 -5.02800000e-04 -7.89450000e-04 -8.97910000e-04 1.60022000e-03 -7.85550000e-04 7.70690000e-04 2.38220000e-04 3.05000000e-05 -5.06900000e-05 1.17219000e-03 3.92740000e-04 -2.85200000e-04 4.91200000e-04 2.30880000e-04 7.93270000e-04 1.56065000e-03 1.72020000e-04 4.30306000e-03 8.41330000e-04 1.90647000e-03 5.60970000e-04 8.62340000e-04 8.09880000e-04
-1.48291000e-03 -1.80110000e-04 2.43750000e-04 1.31867000e-03 -4.90610000e-04 -4.54810000e-04 -4.87600000e-04 7.29880000e-04 9.50640000e-04 5.99520000e-04 -2.48830000e-04 1.17600000e-05 4.41130000e-04 -2.61770000e-04 -8.92370000e-04 4.59110000e-04 -1.06281000e-03 -6.12320000e-04 -2.50600000e-04 2.66430000e-04 7.22090000e-04 -4.06000000e-06 1.08595000e-03 -8.57880000e-04 7.95660000e-04 -2.08910000e-04 -2.37100000e-04 9.25570000e-04 -1.05520000e-04 -2.78060000e-04 -4.60070000e-04 -1.56360000e-04 2.46140000e-04 8.02640000e-04 -2.55690000e-04 -7.49730000e-04 3.97800000e-05 -9.80530000e-04 -1.35095000e-03 1.72949000e-03 -7.25800000e-05 7.92620000e-04 -6.20580000e-04 7.08530000e-04 6.87430000e-04 -4.06450000e-04 3.34130000e-04 1.80190000e-04 -8.19490000e-04 -1.92820000e-04 1.65200000e-05 -2.74810000e-04 7.98150000e-04 -3.28910000e-04 4.89400000e-05 -7.08500000e-04 -1.47230000e-04 1.17088000e-03 -4.89040000e-04 5.70570000e-04 1.66282000e-03 9.38250000e-04 -3.51120000e-04 -5.99240000e-04 -5.16050000e-04 1.20270000e-04 5.94290000e-04 -3.30520000e-04 1.45600000e-05 1.06745000e-03 -3.05060000e-04 -2.93910000e-04 5.15110000e-04 2.53010000e-04 -6.63710000e-04 -5.01420000e-04 -5.31700000e-05 1.53902000e-03 1.33750000e-04 -3.45200000e-04 2.82220000e-04 -1.44340000e-04 -6.68000000e-04 8.53160000e-04 -1.01470000e-03 9.88180000e-04 5.36410000e-04 -2.00740000e-04 -5.24780000e-04 4.33080000e-04 1.17280000e-03 -9.07510000e-04 -3.20900000e-04 3.08260000e-04 8.97750000e-04 2.13391000e-03 1.24730000e-04 -9.88860000e-04 1.32338000e-03 -2.86700000e-04 1.31130000e-04 3.53700000e-05 -6.59200000e-05 -5.15870000e-04 -3.38700000e-05 2.68410000e-04 2.15800000e-04 -2.90920000e-04 -4.51990000e-04 -3.61740000e-04 -3.85900000e-04 -1.78177000e-03 -7.59190000e-04 -6.80170000e-04 -8.80290000e-04 -4.09470000e-04 -1.07735000e-03
-2.04471000e-03 -3.71350000e-04 7.49760000e-04 7.54680000e-04 -3.11950000e-04 -3.60500000e-04 3.30180000e-04 3.12440000e-04 9.28260000e-04 9.52460000e-04 4.45430000e-04 6.32460000e-04 1.00570000e-04 2.60670000e-04 -4.16820000e-04 9.41810000e-04 -2.50420000e-04 -2.77420000e-04 -3.82710000e-04 8.20090000e-04 1.16740000e-04 5.05430000e-04 1.11250000e-03 -8.87900000e-05 1.13519000e-03 -1.97150000e-04 4.30750000e-04 1.05526000e-03 6.21570000e-04 -3.34610000e-04 -4.45200000e-05 5.62760000e-04 6.19190000e-04 3.59210000e-04 3.04510000e-04 -2.25000000e-04 5.69540000e-04 -8.39270000e-04 -7.11930000e-04 1.50578000e-03 6.16940000e-04 9.52950000e-04 1.62350000e-04 6.64800000e-05 7.93820000e-04 1.34120000e-04 2.58700000e-04 -4.89480000e-04 -6.82500000e-04 2.71500000e-04 5.62790000e-04 2.61460000e-04 3.40890000e-04 -2.30830000e-04 -2.24140000e-04 -8.98200000e-05 -2.78960000e-04 4.99510000e-04 -4.06960000e-04 9.39940000e-04 1.45592000e-03 1.09357000e-03 -5.09500000e-04 1.73470000e-04 -7.13600000e-05 3.23600000e-04 2.10020000e-04 -9.22600000e-05 -1.40600000e-05 9.49690000e-04 5.17830000e-04 -2.83540000e-04 3.44720000e-04 -1.68170000e-04 9.74800000e-05 -4.26930000e-04 5.31100000e-04 1.47851000e-03 3.12760000e-04 2.78960000e-04 9.13510000e-04 -1.10730000e-04 4.78100000e-05 1.89510000e-04 -9.41960000e-04 1.09812000e-03 4.93820000e-04 1.24100000e-05 -3.36230000e-04 8.38790000e-04 4.13050000e-04 -1.12485000e-03 -1.84220000e-04 -1.03910000e-04 3.60000000e-04 1.22325000e-03 -4.21050000e-04 -1.76408000e-03 5.51320000e-04 -4.82590000e-04 -1.51300000e-05 -9.11900000e-05 -2.51840000e-04 -1.08706000e-03 -2.36190000e-04 2.04810000e-04 -1.51120000e-04 -2.73720000e-04 -6.56140000e-04 -6.28860000e-04 -3.45930000e-04 -9.62960000e-04 -1.03841000e-03 -3.39430000e-04 -1.29092000e-03 -6.76530000e-04 -1.58337000e-03
6.30699000e-03 4.75510000e-04 -9.85890000e-04 -3.45798000e-03 2.20312000e-03 8.20480000e-04 1.41475000e-03 -3.01081000e-03 -2.57093000e-03 -2.24792000e-03 -9.07700000e-05 -3.57280000e-04 -1.57141000e-03 1.61570000e-04 3.12051000e-03 -1.39052000e-03 2.96582000e-03 3.01491000e-03 1.80496000e-03 -1.41635000e-03 -8.28160000e-04 -3.19760000e-04 -2.95004000e-03 3.38635000e-03 -2.88243000e-03 1.04302000e-03 6.82190000e-04 -3.13425000e-03 9.00000000e-06 1.75478000e-03 1.24919000e-03 6.54670000e-04 -7.73170000e-04 -1.88559000e-03 4.41480000e-04 2.76334000e-03 -7.33000000e-05 3.97560000e-03 4.57468000e-03 -5.51886000e-03 1.06500000e-04 -2.72869000e-03 1.52037000e-03 -7.72530000e-04 -1.87958000e-03 7.94260000e-04 -9.15400000e-04 1.11596000e-03 4.13536000e-03 2.55380000e-04 -5.57030000e-04 5.39960000e-04 -1.88240000e-03 2.07168000e-03 7.74780000e-04 2.29026000e-03 4.96390000e-04 -1.70796000e-03 9.54760000e-04 -2.40409000e-03 -4.70723000e-03 -3.19207000e-03 8.53290000e-04 1.82459000e-03 2.08544000e-03 8.72760000e-04 -9.34740000e-04 1.34200000e-03 1.81502000e-03 -4.02332000e-03 5.56050000e-04 1.45053000e-03 -8.41870000e-04 2.40380000e-04 1.10616000e-03 2.24129000e-03 -2.44330000e-04 -4.58316000e-03 -6.47320000e-04 2.17310000e-04 -1.08292000e-03 8.82950000e-04 1.82313000e-03 -1.45979000e-03 3.83625000e-03 -3.33773000e-03 -1.65207000e-03 7.24040000e-04 2.19601000e-03 -1.83944000e-03 -2.18581000e-03 3.09116000e-03 1.17591000e-03 -1.82187000e-03 -3.33556000e-03 -8.24784000e-03 3.17810000e-04 4.28627000e-03 -2.27345000e-03 5.71540000e-04 -1.25543000e-03 -9.20550000e-04 -3.21440000e-04 3.01259000e-03 -3.78700000e-04 -2.10707000e-03 -1.36258000e-03 1.62690000e-04 1.05724000e-03 8.04110000e-04 9.50260000e-04 5.96559000e-03 2.90546000e-03 2.02769000e-03 3.95501000e-03 1.45696000e-03 5.67360000e-03
2.39026000e-03 2.16200000e-04 -1.54920000e-04 -6.32000000e-04 9.75900000e-05 -1.86310000e-04 7.76400000e-05 -5.10050000e-04 -6.46930000e-04 -6.26150000e-04 -3.15790000e-04 -4.32570000e-04 -2.16120000e-04 -3.05130000e-04 1.33496000e-03 -1.00410000e-04 6.38650000e-04 1.48364000e-03 7.00080000e-04 -4.95170000e-04 7.30360000e-04 -1.20790000e-04 -8.41230000e-04 1.02251000e-03 -9.72140000e-04 1.10030000e-04 -2.99000000e-06 -4.35840000e-04 -3.86890000e-04 6.00390000e-04 4.90390000e-04 1.29370000e-04 -1.76630000e-04 -4.16100000e-05 2.72340000e-04 1.07767000e-03 -1.84260000e-04 6.09890000e-04 1.70984000e-03 -9.21910000e-04 -2.27580000e-04 -5.70210000e-04 3.30000000e-06 6.94740000e-04 -3.23490000e-04 5.85560000e-04 -2.56080000e-04 1.75956000e-03 3.65650000e-04 3.36260000e-04 -2.55470000e-04 2.13670000e-04 7.70600000e-05 1.54090000e-04 7.90520000e-04 6.53020000e-04 -2.29820000e-04 3.29130000e-04 -1.64400000e-04 -7.20010000e-04 -1.14101000e-03 -7.63960000e-04 -3.56200000e-05 3.38850000e-04 1.55322000e-03 -8.00410000e-04 3.62320000e-04 2.54320000e-04 -2.53260000e-04 -7.02250000e-04 -3.01340000e-04 3.73440000e-04 2.11820000e-04 7.90160000e-04 3.48030000e-04 3.77900000e-04 -3.18100000e-04 -1.28474000e-03 -2.92230000e-04 -1.63910000e-04 -4.78140000e-04 -6.86800000e-05 2.41050000e-04 3.66950000e-04 5.41420000e-04 -8.67230000e-04 -2.04520000e-04 -4.12220000e-04 5.48900000e-05 -4.69350000e-04 3.69170000e-04 6.95280000e-04 -3.89150000e-04 -1.05760000e-04 -5.40380000e-04 -8.93620000e-04 -3.97000000e-05 1.73613000e-03 2.64750000e-04 2.52820000e-04 -3.48000000e-04 -3.15000000e-04 -2.78510000e-04 1.15433000e-03 -1.81500000e-05 -8.65660000e-04 -4.09000000e-06 -3.60540000e-04 2.91290000e-04 9.57240000e-04 -3.33200000e-05 1.93973000e-03 5.94380000e-04 1.27291000e-03 9.71270000e-04 4.74090000e-04 1.14829000e-03
-2.42621000e-03 -3.95950000e-04 1.97140000e-04 1.13827000e-03 -7.11500000e-05 -2.33670000e-04 -2.40300000e-04 3.42600000e-05 1.19992000e-03 8.37460000e-04 1.21320000e-04 4.05340000e-04 -1.35890000e-04 3.94730000e-04 -1.62560000e-03 1.94960000e-04 -1.06938000e-03 -1.84213000e-03 -5.55280000e-04 4.36650000e-04 -2.63370000e-04 2.41440000e-04 1.33939000e-03 -1.62231000e-03 1.25534000e-03 -1.15670000e-04 4.02300000e-05 6.89740000e-04 1.91400000e-04 -4.39860000e-04 -1.69040000e-04 -2.52660000e-04 4.06540000e-04 7.72660000e-04 -1.80300000e-04 -7.35490000e-04 4.13870000e-04 -5.58460000e-04 -1.59904000e-03 1.35233000e-03 2.82370000e-04 9.54910000e-04 -7.48700000e-05 2.26000000e-06 8.41900000e-04 -5.04280000e-04 3.08700000e-04 -8.59850000e-04 -4.38440000e-04 -2.20050000e-04 2.37100000e-04 -1.87000000e-06 1.80800000e-04 -1.22740000e-04 -5.47330000e-04 -3.55760000e-04 2.38700000e-05 1.31560000e-04 -2.38970000e-04 7.53220000e-04 1.82758000e-03 1.14769000e-03 -5.61410000e-04 -6.55700000e-04 -2.12537000e-03 8.60090000e-04 2.60800000e-05 -4.03050000e-04 7.73750000e-04 4.09500000e-04 1.16620000e-04 -3.53890000e-04 -6.40300000e-05 -4.24240000e-04 -6.49130000e-04 -2.78720000e-04 4.48330000e-04 1.90111000e-03 -1.89150000e-04 -9.51600000e-05 4.34620000e-04 2.39300000e-05 -3.98500000e-05 2.16710000e-04 -4.48920000e-04 1.29964000e-03 3.28730000e-04 2.63680000e-04 -9.91800000e-05 4.99480000e-04 3.53270000e-04 -1.12632000e-03 3.49410000e-04 -4.56690000e-04 7.81100000e-05 2.98750000e-04 6.34400000e-05 -2.22497000e-03 3.78330000e-04 -8.38300000e-04 -3.02670000e-04 -1.98990000e-04 -2.45640000e-04 -1.41376000e-03 -5.11580000e-04 1.36080000e-04 -6.70800000e-04 -3.00080000e-04 -9.72060000e-04 -1.40186000e-03 -1.82140000e-04 -2.31845000e-03 -1.10541000e-03 -8.98290000e-04 -1.07026000e-03 -9.67320000e-04 -1.25202000e-03
2.86658000e-03 2.63570000e-04 7.75500000e-05 -1.82043000e-03 5.98260000e-04 2.23950000e-04 8.64590000e-04 -8.49610000e-04 -1.14108000e-03 -7.19000000e-04 1.94860000e-04 5.72000000e-06 -2.95290000e-04 -3.49100000e-05 1.83312000e-03 5.72100000e-05 1.52570000e-03 1.94198000e-03 9.23040000e-04 -2.48280000e-04 9.54300000e-05 7.69700000e-05 -1.37199000e-03 2.03144000e-03 -1.10945000e-03 3.75600000e-04 5.13580000e-04 -8.33860000e-04 2.04540000e-04 7.97770000e-04 7.72260000e-04 6.69480000e-04 -1.31150000e-04 -1.06091000e-03 6.77060000e-04 1.56148000e-03 3.75200000e-05 1.21236000e-03 2.49139000e-03 -1.86887000e-03 1.84240000e-04 -9.22230000e-04 6.76470000e-04 9.46400000e-05 -7.42480000e-04 9.73980000e-04 -3.28550000e-04 1.06163000e-03 1.07286000e-03 6.14600000e-04 7.05600000e-05 4.71550000e-04 -4.85900000e-04 6.50550000e-04 6.61030000e-04 1.17870000e-03 -6.85200000e-05 -1.48500000e-04 2.29290000e-04 -7.64310000e-04 -2.19196000e-03 -1.16488000e-03 3.06640000e-04 1.12116000e-03 2.41516000e-03 -3.41940000e-04 -8.01900000e-05 7.25270000e-04 -6.14300000e-05 -1.06963000e-03 4.00580000e-04 6.61890000e-04 1.18850000e-04 4.03290000e-04 1.05230000e-03 7.59800000e-04 -8.06300000e-05 -2.08279000e-03 1.75950000e-04 2.09990000e-04 -2.98860000e-04 2.25390000e-04 7.81170000e-04 -4.74170000e-04 1.03352000e-03 -1.35550000e-03 -4.24870000e-04 3.69600000e-05 6.32870000e-04 -4.13020000e-04 -7.62990000e-04 1.19541000e-03 -1.64200000e-05 -3.38030000e-04 -9.60300000e-04 -2.24106000e-03 -3.26090000e-04 1.92566000e-03 -5.59950000e-04 5.74890000e-04 -2.27430000e-04 -1.65530000e-04 -8.42500000e-05 1.40189000e-03 1.14440000e-04 -7.53180000e-04 -5.84500000e-05 1.15100000e-05 7.53670000e-04 1.25553000e-03 2.52880000e-04 3.15802000e-03 1.18334000e-03 1.43288000e-03 1.65092000e-03 9.06560000e-04 2.27137000e-03
5.95553000e-03 6.21930000e-04 8.99890000e-04 -4.32410000e-03 7.99990000e-04 5.12790000e-04 2.88942000e-03 -1.58269000e-03 -2.95771000e-03 -1.35514000e-03 1.29827000e-03 5.16990000e-04 -5.90690000e-04 3.05440000e-04 6.17001000e-03 9.33330000e-04 5.03098000e-03 6.58813000e-03 1.67085000e-03 1.85540000e-04 -2.07200000e-05 7.83060000e-04 -3.21263000e-03 6.73121000e-03 -2.57450000e-03 4.92230000e-04 1.79138000e-03 -1.35020000e-03 1.36590000e-03 1.48617000e-03 1.86399000e-03 2.62792000e-03 8.03400000e-05 -2.85325000e-03 1.99395000e-03 3.98248000e-03 4.92130000e-04 2.25169000e-03 6.55148000e-03 -4.02792000e-03 1.08665000e-03 -2.03096000e-03 2.33527000e-03 -7.85260000e-04 -1.60572000e-03 2.92801000e-03 -1.02135000e-03 1.85167000e-03 1.87284000e-03 1.98887000e-03 7.31540000e-04 1.54446000e-03 -1.26583000e-03 8.91080000e-04 1.30980000e-03 2.90484000e-03 -6.69680000e-04 -1.32794000e-03 5.42490000e-04 -1.22196000e-03 -5.13758000e-03 -2.63723000e-03 6.99960000e-04 4.01570000e-03 7.24493000e-03 -1.77162000e-03 -5.25750000e-04 1.61892000e-03 -1.64613000e-03 -1.82973000e-03 1.62915000e-03 1.21058000e-03 -1.42400000e-05 6.64500000e-04 3.61564000e-03 1.20403000e-03 3.34250000e-04 -5.07267000e-03 5.86150000e-04 1.75951000e-03 3.99220000e-04 1.22120000e-04 2.02355000e-03 -1.63652000e-03 1.66197000e-03 -3.12924000e-03 -9.40000000e-04 -2.99300000e-04 8.02520000e-04 -2.64390000e-04 -2.17407000e-03 2.50590000e-03 -6.60590000e-04 -2.17060000e-04 -1.91363000e-03 -3.75543000e-03 -1.60596000e-03 4.42290000e-03 -2.23742000e-03 1.52216000e-03 -1.24360000e-04 -1.91800000e-04 -2.27850000e-04 2.83448000e-03 5.43710000e-04 -1.31310000e-03 4.79720000e-04 2.29870000e-04 1.78618000e-03 3.07417000e-03 4.09330000e-04 8.90044000e-03 2.24773000e-03 3.83826000e-03 2.19680000e-03 1.91226000e-03 2.71677000e-03
9.66640000e-04 7.00700000e-05 -6.63490000e-04 -5.00880000e-04 1.08576000e-03 3.17840000e-04 -3.89200000e-05 -1.06876000e-03 -2.58090000e-04 -5.76110000e-04 -3.53760000e-04 -1.26860000e-04 -6.54520000e-04 9.81600000e-05 -7.66380000e-04 -7.94310000e-04 -3.41600000e-04 -1.19345000e-03 4.79100000e-04 -6.36080000e-04 -4.98630000e-04 -2.70630000e-04 -3.01250000e-04 -8.55550000e-04 -3.82080000e-04 5.11640000e-04 -5.61000000e-05 -1.12742000e-03 -2.50260000e-04 4.86120000e-04 1.30810000e-04 -5.61710000e-04 -3.18240000e-04 7.37900000e-05 -4.54950000e-04 2.27160000e-04 7.23000000e-06 1.37905000e-03 -3.18200000e-05 -1.47805000e-03 -1.44470000e-04 -5.82300000e-04 1.75230000e-04 -1.69660000e-04 -3.22020000e-04 -6.02930000e-04 -3.12600000e-05 -1.29800000e-05 1.42005000e-03 -4.87740000e-04 -4.49450000e-04 -1.62750000e-04 -5.13960000e-04 1.02320000e-03 -5.03300000e-05 3.25980000e-04 4.76870000e-04 -5.70380000e-04 3.61550000e-04 -7.64190000e-04 -6.15140000e-04 -6.36210000e-04 9.33600000e-05 -2.78700000e-04 -2.05436000e-03 1.08379000e-03 -2.38160000e-04 2.00760000e-04 1.58099000e-03 -1.51118000e-03 -2.09720000e-04 4.67030000e-04 -2.82700000e-04 -1.10600000e-04 -6.46170000e-04 8.53260000e-04 -7.76300000e-05 -4.66680000e-04 -7.07980000e-04 -5.00930000e-04 -6.38370000e-04 5.86800000e-04 3.55440000e-04 -1.84820000e-04 1.43483000e-03 -5.34960000e-04 -5.41800000e-04 6.54860000e-04 1.01255000e-03 -7.24430000e-04 -4.91040000e-04 6.81270000e-04 1.01168000e-03 -8.52980000e-04 -1.14340000e-03 -3.07807000e-03 6.05670000e-04 3.04680000e-04 -5.76660000e-04 -2.80840000e-04 -6.56290000e-04 -3.18330000e-04 -9.77100000e-05 1.87910000e-04 -3.94900000e-04 -6.17250000e-04 -9.49210000e-04 -2.91300000e-05 -9.20200000e-05 -7.16510000e-04 4.06210000e-04 -2.17130000e-04 5.30070000e-04 -3.09390000e-04 1.14993000e-03 -3.76900000e-05 1.59076000e-03
-1.36197200e-02 -1.91161000e-03 9.17510000e-04 7.90158000e-03 -2.28806000e-03 -1.85155000e-03 -3.28269000e-03 3.40037000e-03 6.87800000e-03 4.69027000e-03 -6.43770000e-04 7.96200000e-04 1.43231000e-03 1.68100000e-04 -9.41936000e-03 1.46753000e-03 -7.77392000e-03 -9.50198000e-03 -3.25247000e-03 2.05474000e-03 6.84360000e-04 1.47300000e-04 7.65859000e-03 -9.56217000e-03 6.80215000e-03 -1.25927000e-03 -1.47905000e-03 5.18357000e-03 -2.92520000e-04 -3.10792000e-03 -2.73218000e-03 -2.41533000e-03 1.56555000e-03 5.17020000e-03 -1.88846000e-03 -6.33350000e-03 6.52720000e-04 -5.63701000e-03 -1.12617400e-02 1.04114200e-02 -2.16240000e-04 5.68607000e-03 -3.01560000e-03 1.79970000e-03 4.55185000e-03 -3.54276000e-03 2.11150000e-03 -3.52827000e-03 -4.77455000e-03 -1.85806000e-03 5.78940000e-04 -1.55571000e-03 3.02357000e-03 -2.10261000e-03 -2.23256000e-03 -4.56273000e-03 -2.18680000e-04 3.84193000e-03 -1.98112000e-03 4.40997000e-03 1.14370500e-02 6.93829000e-03 -2.41900000e-03 -5.14404000e-03 -9.80703000e-03 2.61936000e-03 1.55117000e-03 -2.53540000e-03 1.49308000e-03 5.60230000e-03 -1.14776000e-03 -2.43263000e-03 1.18283000e-03 -1.17421000e-03 -4.72467000e-03 -3.15289000e-03 7.44070000e-04 1.13980600e-02 1.06140000e-04 -1.74337000e-03 1.59329000e-03 -5.52700000e-04 -3.08371000e-03 3.27823000e-03 -5.14653000e-03 7.63489000e-03 2.87308000e-03 2.02420000e-04 -2.31312000e-03 2.84062000e-03 4.59817000e-03 -6.54343000e-03 1.13780000e-04 4.31770000e-04 4.13583000e-03 9.68789000e-03 7.85430000e-04 -1.06300100e-02 5.05928000e-03 -3.27814000e-03 2.16570000e-04 1.82680000e-04 -3.12530000e-04 -6.61740000e-03 -1.41278000e-03 2.47914000e-03 -7.59060000e-04 -1.23258000e-03 -4.13617000e-03 -5.66885000e-03 -1.82808000e-03 -1.50306100e-02 -5.89822000e-03 -6.18710000e-03 -6.50348000e-03 -4.26729000e-03 -8.01441000e-03
7.83731000e-03 8.13400000e-04 -5.82000000e-06 -4.92821000e-03 1.52865000e-03 9.26040000e-04 2.53208000e-03 -2.22413000e-03 -3.67421000e-03 -2.26183000e-03 7.82710000e-04 -8.04900000e-05 -8.70310000e-04 7.37100000e-05 6.09433000e-03 -2.80780000e-04 5.18495000e-03 6.49628000e-03 2.08963000e-03 -7.09310000e-04 -3.58460000e-04 1.75890000e-04 -4.15046000e-03 6.69572000e-03 -3.56631000e-03 8.60860000e-04 1.36746000e-03 -2.61317000e-03 7.39010000e-04 1.89607000e-03 1.78092000e-03 2.11223000e-03 -5.31950000e-04 -3.21286000e-03 1.66908000e-03 3.96642000e-03 -3.51600000e-05 3.45220000e-03 7.04745000e-03 -5.71344000e-03 5.53420000e-04 -3.03005000e-03 2.15358000e-03 -8.77290000e-04 -2.37467000e-03 2.56172000e-03 -1.16859000e-03 1.84492000e-03 3.34654000e-03 1.49721000e-03 1.54970000e-04 1.22563000e-03 -1.80418000e-03 1.49284000e-03 1.43401000e-03 3.02283000e-03 -9.10600000e-05 -1.55819000e-03 9.92580000e-04 -2.15871000e-03 -6.44906000e-03 -3.69518000e-03 1.31495000e-03 3.59489000e-03 7.02848000e-03 -1.02007000e-03 -8.72540000e-04 1.97907000e-03 -6.37650000e-04 -3.01289000e-03 1.37632000e-03 1.60450000e-03 -3.69080000e-04 6.59170000e-04 3.21995000e-03 1.84730000e-03 -1.56600000e-04 -6.30453000e-03 5.27410000e-04 1.33064000e-03 -4.71500000e-04 4.82860000e-04 2.16418000e-03 -1.91048000e-03 3.05416000e-03 -4.13984000e-03 -1.45199000e-03 7.14400000e-05 1.63411000e-03 -1.25807000e-03 -2.66965000e-03 3.63571000e-03 2.68200000e-05 -6.62500000e-04 -2.60195000e-03 -6.14535000e-03 -8.48570000e-04 5.95050000e-03 -2.57218000e-03 1.80982000e-03 -2.84170000e-04 -3.13750000e-04 6.25000000e-06 4.04793000e-03 5.57860000e-04 -1.63018000e-03 1.89690000e-04 5.77910000e-04 2.28963000e-03 3.18751000e-03 8.50020000e-04 9.55605000e-03 3.52773000e-03 3.72534000e-03 3.95044000e-03 2.55981000e-03 5.41544000e-03
6.27673000e-03 6.53650000e-04 -2.01880000e-04 -3.94882000e-03 1.45013000e-03 7.07790000e-04 1.79979000e-03 -2.08963000e-03 -2.80683000e-03 -1.91310000e-03 3.89740000e-04 -9.84700000e-05 -9.08770000e-04 7.20200000e-05 4.00680000e-03 -3.92320000e-04 3.45074000e-03 4.00520000e-03 1.81119000e-03 -7.94130000e-04 -2.80250000e-04 7.58400000e-05 -3.23806000e-03 4.25079000e-03 -2.75038000e-03 8.00230000e-04 9.96080000e-04 -2.31829000e-03 3.51110000e-04 1.65893000e-03 1.58074000e-03 1.22146000e-03 -5.03520000e-04 -2.32940000e-03 1.13104000e-03 3.28063000e-03 3.39000000e-06 2.97019000e-03 5.32843000e-03 -4.75057000e-03 3.31690000e-04 -2.36380000e-03 1.60883000e-03 -4.52740000e-04 -1.85794000e-03 1.78724000e-03 -8.65120000e-04 1.83618000e-03 2.62139000e-03 1.04095000e-03 -5.80000000e-05 9.18510000e-04 -1.41538000e-03 1.42925000e-03 1.12635000e-03 2.48591000e-03 1.81600000e-05 -1.31967000e-03 7.54980000e-04 -1.93512000e-03 -5.08284000e-03 -2.93324000e-03 8.02940000e-04 2.43991000e-03 4.34028000e-03 -6.62570000e-04 -5.70300000e-04 1.39743000e-03 2.34700000e-05 -2.86395000e-03 7.63240000e-04 1.35958000e-03 -2.85790000e-04 5.82810000e-04 2.16807000e-03 1.75720000e-03 -1.59350000e-04 -4.89987000e-03 -3.95200000e-05 6.20960000e-04 -7.42120000e-04 5.01010000e-04 1.74421000e-03 -1.38547000e-03 2.64567000e-03 -3.27184000e-03 -1.26469000e-03 1.73960000e-04 1.46188000e-03 -1.18308000e-03 -2.09663000e-03 2.83932000e-03 2.26100000e-04 -8.14390000e-04 -2.41549000e-03 -5.62271000e-03 -5.20880000e-04 4.34535000e-03 -2.02628000e-03 1.18557000e-03 -5.58880000e-04 -3.77890000e-04 -1.46140000e-04 2.91015000e-03 2.28200000e-04 -1.61625000e-03 -2.74510000e-04 2.17660000e-04 1.60375000e-03 2.33463000e-03 7.55130000e-04 6.87309000e-03 2.62924000e-03 2.93799000e-03 3.41511000e-03 1.82104000e-03 4.52866000e-03
3.25975000e-03 3.74640000e-04 -6.20830000e-04 -1.94956000e-03 1.43576000e-03 5.88240000e-04 7.23170000e-04 -1.58444000e-03 -1.40478000e-03 -1.26729000e-03 -1.22730000e-04 -1.53250000e-04 -8.25310000e-04 8.23800000e-05 1.14538000e-03 -7.73740000e-04 1.17468000e-03 8.28900000e-04 1.07580000e-03 -8.13280000e-04 -5.33920000e-04 -2.01680000e-04 -1.54079000e-03 1.17414000e-03 -1.47313000e-03 7.13810000e-04 3.52240000e-04 -1.84089000e-03 -8.10000000e-07 1.02009000e-03 6.12350000e-04 6.10700000e-05 -4.82490000e-04 -8.87700000e-04 -2.12400000e-05 1.40504000e-03 -7.35000000e-06 2.28826000e-03 2.00114000e-03 -3.09530000e-03 9.95000000e-06 -1.47858000e-03 8.08350000e-04 -4.60790000e-04 -1.03705000e-03 1.31210000e-04 -4.00060000e-04 6.13870000e-04 2.21749000e-03 -4.45900000e-05 -4.16890000e-04 1.59900000e-04 -9.73620000e-04 1.39229000e-03 3.74090000e-04 1.13471000e-03 3.94050000e-04 -1.10515000e-03 6.53530000e-04 -1.40341000e-03 -2.52328000e-03 -1.74896000e-03 4.79320000e-04 8.75850000e-04 4.32500000e-05 5.52140000e-04 -4.52660000e-04 7.03800000e-04 1.16879000e-03 -2.30765000e-03 1.21910000e-04 8.99400000e-04 -3.77750000e-04 1.17180000e-04 3.29640000e-04 1.33755000e-03 -1.44010000e-04 -2.35871000e-03 -6.20980000e-04 -7.57100000e-05 -7.50590000e-04 6.72470000e-04 8.76770000e-04 -7.16670000e-04 2.16028000e-03 -1.78779000e-03 -9.73630000e-04 5.85070000e-04 1.35199000e-03 -1.04336000e-03 -1.24605000e-03 1.75079000e-03 8.91850000e-04 -8.58210000e-04 -1.76285000e-03 -4.48438000e-03 2.98740000e-04 2.12239000e-03 -1.38756000e-03 3.23930000e-04 -6.55510000e-04 -3.25380000e-04 -6.25600000e-05 1.34738000e-03 -1.35090000e-04 -1.01838000e-03 -7.32450000e-04 1.52930000e-04 6.39510000e-04 3.36430000e-04 6.41020000e-04 2.60064000e-03 1.50549000e-03 7.96400000e-04 2.14499000e-03 7.29250000e-04 2.82350000e-03
-3.68803000e-03 -5.31190000e-04 2.71220000e-04 2.26216000e-03 -5.05600000e-04 -5.38250000e-04 -9.35080000e-04 1.02794000e-03 1.87304000e-03 1.28109000e-03 -2.88800000e-04 2.00930000e-04 4.60240000e-04 -1.32320000e-04 -2.78006000e-03 5.26190000e-04 -2.33044000e-03 -2.74836000e-03 -7.29830000e-04 5.20370000e-04 3.81760000e-04 -2.86900000e-05 2.11567000e-03 -2.69460000e-03 1.89286000e-03 -2.36700000e-04 -4.46320000e-04 1.42429000e-03 -1.31860000e-04 -7.63990000e-04 -8.39520000e-04 -6.74420000e-04 3.77320000e-04 1.56633000e-03 -5.72650000e-04 -1.78749000e-03 1.40440000e-04 -1.52202000e-03 -3.24266000e-03 2.89940000e-03 -9.50000000e-05 1.56435000e-03 -9.69540000e-04 7.04060000e-04 1.24011000e-03 -1.04701000e-03 6.91270000e-04 -7.56350000e-04 -1.27381000e-03 -5.61030000e-04 8.54600000e-05 -5.22320000e-04 9.95240000e-04 -3.80870000e-04 -4.72000000e-04 -1.32490000e-03 -3.46800000e-05 1.39016000e-03 -6.07820000e-04 1.16371000e-03 3.20479000e-03 1.93014000e-03 -6.39500000e-04 -1.48130000e-03 -2.76256000e-03 8.08210000e-04 6.34910000e-04 -5.70670000e-04 4.97430000e-04 1.67391000e-03 -4.10660000e-04 -5.41280000e-04 6.13150000e-04 -1.68250000e-04 -1.43181000e-03 -8.30590000e-04 1.05090000e-04 3.19445000e-03 5.90100000e-05 -6.81650000e-04 4.04130000e-04 -3.20500000e-05 -9.77710000e-04 1.10471000e-03 -1.42632000e-03 2.09038000e-03 8.64610000e-04 1.18630000e-04 -5.38240000e-04 7.43460000e-04 1.52013000e-03 -1.80187000e-03 4.72000000e-05 1.94460000e-04 1.24703000e-03 2.84185000e-03 3.00050000e-04 -2.87321000e-03 1.70991000e-03 -8.49250000e-04 1.12720000e-04 1.00560000e-04 -5.18800000e-05 -1.79803000e-03 -3.44420000e-04 6.82000000e-04 -1.23840000e-04 -3.35670000e-04 -1.06658000e-03 -1.46484000e-03 -5.42320000e-04 -4.28751000e-03 -1.62153000e-03 -1.80413000e-03 -1.73841000e-03 -1.15057000e-03 -2.19421000e-03
6.45090000e-03 8.29940000e-04 -2.83730000e-04 -3.82516000e-03 1.35715000e-03 7.95470000e-04 1.79002000e-03 -1.92266000e-03 -2.88723000e-03 -2.03862000e-03 3.73870000e-04 -1.23430000e-04 -8.07440000e-04 4.51000000e-05 4.33452000e-03 -4.87390000e-04 3.60132000e-03 4.34319000e-03 1.75942000e-03 -8.58750000e-04 -2.26330000e-04 1.00270000e-04 -3.26078000e-03 4.46203000e-03 -2.92402000e-03 7.48070000e-04 9.37410000e-04 -2.39356000e-03 3.44660000e-04 1.67649000e-03 1.50516000e-03 1.25027000e-03 -5.23240000e-04 -2.29080000e-03 9.91140000e-04 3.29180000e-03 -2.04800000e-05 2.91675000e-03 5.38529000e-03 -4.83452000e-03 3.16410000e-04 -2.47062000e-03 1.59795000e-03 -6.54720000e-04 -1.88404000e-03 1.70268000e-03 -9.07550000e-04 1.83601000e-03 2.57404000e-03 9.77380000e-04 -1.49260000e-04 8.90480000e-04 -1.39116000e-03 1.34738000e-03 1.16430000e-03 2.44390000e-03 1.10120000e-04 -1.56295000e-03 8.55070000e-04 -2.00654000e-03 -5.08477000e-03 -3.06454000e-03 9.56070000e-04 2.57840000e-03 4.30589000e-03 -8.23650000e-04 -6.15840000e-04 1.32489000e-03 -1.69540000e-04 -2.88438000e-03 6.76930000e-04 1.30980000e-03 -3.92130000e-04 6.45400000e-04 2.16629000e-03 1.72435000e-03 -1.71200000e-04 -5.04329000e-03 -1.38050000e-04 7.50430000e-04 -6.76570000e-04 4.54020000e-04 1.69972000e-03 -1.38982000e-03 2.62143000e-03 -3.39340000e-03 -1.35125000e-03 9.88100000e-05 1.35593000e-03 -1.23667000e-03 -2.09849000e-03 2.99684000e-03 1.62330000e-04 -5.36450000e-04 -2.25827000e-03 -5.24646000e-03 -3.76530000e-04 4.71445000e-03 -2.20930000e-03 1.34244000e-03 -3.99050000e-04 -2.54740000e-04 -4.04100000e-05 3.06358000e-03 4.36730000e-04 -1.45306000e-03 -1.49600000e-05 3.70820000e-04 1.74694000e-03 2.43218000e-03 8.85540000e-04 7.06953000e-03 2.74066000e-03 2.98023000e-03 3.27041000e-03 1.90958000e-03 4.21147000e-03
4.17999000e-03 3.36050000e-04 9.34790000e-04 -3.27958000e-03 6.10590000e-04 2.75790000e-04 2.40056000e-03 -1.22394000e-03 -2.02709000e-03 -7.90730000e-04 1.13746000e-03 6.25530000e-04 -4.57430000e-04 2.86720000e-04 4.67674000e-03 1.03013000e-03 3.85909000e-03 5.04587000e-03 1.28417000e-03 3.60680000e-04 3.95600000e-05 7.54420000e-04 -2.20232000e-03 5.25934000e-03 -1.66922000e-03 3.79600000e-04 1.54258000e-03 -8.05200000e-04 1.25748000e-03 1.12962000e-03 1.50357000e-03 2.21020000e-03 2.32270000e-04 -2.13146000e-03 1.69541000e-03 3.13172000e-03 5.54950000e-04 1.60844000e-03 4.98411000e-03 -2.78929000e-03 1.03057000e-03 -1.30572000e-03 1.87447000e-03 -5.37930000e-04 -1.03828000e-03 2.36738000e-03 -6.94290000e-04 1.36401000e-03 1.35165000e-03 1.66739000e-03 7.44500000e-04 1.29860000e-03 -8.89160000e-04 7.35290000e-04 1.00375000e-03 2.31916000e-03 -6.15010000e-04 -8.10910000e-04 2.71320000e-04 -7.10440000e-04 -3.63042000e-03 -1.74129000e-03 3.82550000e-04 3.21225000e-03 5.66943000e-03 -1.23290000e-03 -3.20600000e-04 1.31827000e-03 -1.21243000e-03 -1.21622000e-03 1.42063000e-03 9.30230000e-04 1.58070000e-04 4.98110000e-04 2.86417000e-03 8.94590000e-04 3.94180000e-04 -3.57089000e-03 5.65750000e-04 1.39148000e-03 5.18520000e-04 1.16760000e-04 1.64017000e-03 -1.20630000e-03 1.09958000e-03 -2.15554000e-03 -6.07900000e-04 -1.85910000e-04 6.17350000e-04 1.21900000e-05 -1.59387000e-03 1.63965000e-03 -5.43420000e-04 -2.56440000e-04 -1.47400000e-03 -2.76015000e-03 -1.40872000e-03 2.94427000e-03 -1.53801000e-03 1.04770000e-03 -1.47930000e-04 -1.95870000e-04 -2.89590000e-04 1.93255000e-03 3.09930000e-04 -1.04444000e-03 2.75620000e-04 6.93100000e-05 1.21963000e-03 2.26663000e-03 2.16760000e-04 6.76753000e-03 1.50268000e-03 2.95956000e-03 1.47179000e-03 1.32198000e-03 1.89147000e-03
-1.10887700e-02 -1.50068000e-03 -7.86800000e-05 6.65914000e-03 -9.31010000e-04 -1.03752000e-03 -2.91721000e-03 2.35828000e-03 5.30422000e-03 3.20919000e-03 -9.34250000e-04 4.88260000e-04 8.84510000e-04 1.82300000e-05 -8.60627000e-03 1.73730000e-04 -6.68757000e-03 -8.75240000e-03 -2.62508000e-03 1.05843000e-03 -1.45090000e-04 -3.50200000e-04 6.10194000e-03 -8.33349000e-03 5.14473000e-03 -6.51940000e-04 -1.54137000e-03 3.07922000e-03 -4.31200000e-04 -2.36951000e-03 -2.89125000e-03 -2.43966000e-03 7.86510000e-04 4.13338000e-03 -2.41507000e-03 -5.91073000e-03 3.12020000e-04 -3.58089000e-03 -1.01261700e-02 7.22172000e-03 -3.58220000e-04 3.89881000e-03 -2.55966000e-03 6.60210000e-04 3.22660000e-03 -4.07242000e-03 1.80960000e-03 -4.09555000e-03 -2.34091000e-03 -2.50457000e-03 -1.10680000e-04 -1.87623000e-03 1.97421000e-03 -8.36100000e-04 -2.23756000e-03 -4.15816000e-03 6.00610000e-04 2.45588000e-03 -1.12747000e-03 3.00153000e-03 9.07054000e-03 4.99725000e-03 -1.40326000e-03 -4.56018000e-03 -1.00522100e-02 3.83033000e-03 7.79030000e-04 -1.89439000e-03 2.85322000e-03 3.66823000e-03 -1.05713000e-03 -1.78081000e-03 5.25070000e-04 -1.42846000e-03 -4.80679000e-03 -2.01024000e-03 3.93250000e-04 9.05167000e-03 -1.28920000e-04 -1.75656000e-03 1.03410000e-03 1.18810000e-04 -2.64383000e-03 2.24681000e-03 -3.09779000e-03 5.69966000e-03 1.82906000e-03 9.53770000e-04 -9.79330000e-04 1.57725000e-03 3.18558000e-03 -4.75402000e-03 1.18334000e-03 -6.64500000e-05 2.92120000e-03 5.92355000e-03 1.59279000e-03 -8.36868000e-03 3.54677000e-03 -2.71843000e-03 1.24070000e-04 1.42880000e-04 4.64000000e-05 -5.19395000e-03 -1.15607000e-03 2.17750000e-03 -1.00609000e-03 -4.55070000e-04 -3.25262000e-03 -5.63667000e-03 -1.01726000e-03 -1.30543700e-02 -4.16070000e-03 -6.35114000e-03 -4.72760000e-03 -3.45498000e-03 -5.45584000e-03
-1.74550000e-03 -2.09560000e-04 1.91600000e-04 1.12357000e-03 -3.62830000e-04 -2.58440000e-04 -5.11470000e-04 7.33830000e-04 9.03480000e-04 6.79290000e-04 -1.32650000e-04 3.01100000e-05 3.88860000e-04 -1.17750000e-04 -1.24685000e-03 3.07830000e-04 -1.10378000e-03 -1.17567000e-03 -3.59170000e-04 3.06800000e-04 3.29140000e-04 -2.40600000e-05 9.93740000e-04 -1.23936000e-03 9.27350000e-04 -1.41490000e-04 -2.55870000e-04 8.43030000e-04 -1.07180000e-04 -3.95880000e-04 -4.15680000e-04 -3.19670000e-04 1.96460000e-04 8.14020000e-04 -1.91090000e-04 -9.13700000e-04 5.51000000e-06 -9.06390000e-04 -1.53029000e-03 1.60665000e-03 -1.05320000e-04 8.22760000e-04 -5.48620000e-04 4.90380000e-04 6.20210000e-04 -3.71830000e-04 3.83690000e-04 -2.27330000e-04 -8.10120000e-04 -1.95430000e-04 7.88200000e-05 -2.34670000e-04 6.16790000e-04 -3.09980000e-04 -1.34910000e-04 -6.85870000e-04 -4.79700000e-05 8.61530000e-04 -3.03760000e-04 6.33150000e-04 1.56182000e-03 1.00031000e-03 -2.43890000e-04 -7.45170000e-04 -9.90570000e-04 1.72520000e-04 4.07650000e-04 -2.16130000e-04 -2.46900000e-05 1.07323000e-03 -2.04110000e-04 -2.60780000e-04 4.17520000e-04 1.92200000e-05 -6.08430000e-04 -5.35860000e-04 6.83000000e-06 1.56311000e-03 1.67580000e-04 -2.92380000e-04 1.87680000e-04 -6.56600000e-05 -5.34160000e-04 6.77240000e-04 -8.39790000e-04 1.07182000e-03 5.09620000e-04 -2.68600000e-05 -3.61030000e-04 4.22520000e-04 8.90370000e-04 -8.68740000e-04 -9.97500000e-05 3.19420000e-04 8.53610000e-04 1.93792000e-03 1.23230000e-04 -1.25004000e-03 1.01600000e-03 -2.73860000e-04 2.26450000e-04 1.71170000e-04 6.55200000e-05 -7.81440000e-04 -3.72400000e-05 4.74160000e-04 1.88140000e-04 -9.99300000e-05 -3.90090000e-04 -4.58700000e-04 -2.88140000e-04 -2.02395000e-03 -7.55030000e-04 -7.90880000e-04 -8.76740000e-04 -4.51950000e-04 -1.14627000e-03
-3.95585000e-03 -7.32080000e-04 -4.08870000e-04 3.17842000e-03 -2.64170000e-04 -8.26840000e-04 -1.74818000e-03 6.76200000e-04 2.47319000e-03 1.12178000e-03 -1.05289000e-03 -3.31770000e-04 1.68640000e-04 -4.09620000e-04 -3.84821000e-03 -1.84310000e-04 -3.45164000e-03 -3.75314000e-03 -7.37060000e-04 -6.09900000e-05 5.64600000e-04 -5.33730000e-04 2.77796000e-03 -3.97709000e-03 1.94100000e-03 -1.79660000e-04 -1.03842000e-03 1.16027000e-03 -7.37900000e-04 -7.51510000e-04 -1.41844000e-03 -1.51005000e-03 1.68630000e-04 2.43916000e-03 -1.43050000e-03 -2.60815000e-03 -1.06680000e-04 -1.20835000e-03 -4.55860000e-03 3.15277000e-03 -6.24070000e-04 1.53807000e-03 -1.61773000e-03 1.04825000e-03 1.50548000e-03 -2.14644000e-03 7.45900000e-04 -7.68320000e-04 -5.58300000e-04 -1.39512000e-03 -4.96860000e-04 -1.10246000e-03 1.14566000e-03 -1.27230000e-04 -5.38540000e-04 -1.99542000e-03 1.20980000e-04 1.83348000e-03 -8.20880000e-04 8.56460000e-04 4.24249000e-03 2.02924000e-03 -8.24290000e-04 -2.43679000e-03 -4.83529000e-03 1.67096000e-03 7.54660000e-04 -8.08240000e-04 1.63922000e-03 1.28596000e-03 -1.07425000e-03 -5.85550000e-04 4.99680000e-04 -7.24500000e-05 -2.79512000e-03 -7.24010000e-04 -2.34120000e-04 4.04352000e-03 -4.56340000e-04 -1.39583000e-03 -9.48000000e-05 1.38870000e-04 -1.49631000e-03 1.75807000e-03 -1.04959000e-03 2.38331000e-03 7.53700000e-04 2.70250000e-04 -3.45550000e-04 2.63210000e-04 2.25088000e-03 -1.94145000e-03 5.19020000e-04 -2.78160000e-04 1.03053000e-03 2.12708000e-03 1.02175000e-03 -2.94094000e-03 2.30879000e-03 -1.42944000e-03 -4.49220000e-04 -3.42710000e-04 -2.75510000e-04 -1.74498000e-03 -8.30330000e-04 3.02230000e-04 -7.69270000e-04 -6.78030000e-04 -1.65112000e-03 -2.69029000e-03 -7.00060000e-04 -5.94994000e-03 -1.68577000e-03 -2.82116000e-03 -1.62406000e-03 -1.54876000e-03 -1.72860000e-03
2.33538000e-03 2.93220000e-04 -6.03800000e-05 -1.61059000e-03 7.49080000e-04 4.02300000e-04 7.50330000e-04 -7.58310000e-04 -1.11206000e-03 -7.17720000e-04 1.90170000e-04 6.58100000e-05 -2.72320000e-04 4.40300000e-05 1.23630000e-03 -1.61040000e-04 1.24918000e-03 1.21062000e-03 7.55530000e-04 -2.63910000e-04 -1.80590000e-04 4.18800000e-05 -1.28722000e-03 1.50400000e-03 -9.78760000e-04 4.25030000e-04 4.39400000e-04 -9.62110000e-04 1.92490000e-04 7.06720000e-04 6.12970000e-04 4.97970000e-04 -1.92220000e-04 -1.03592000e-03 4.80530000e-04 1.23670000e-03 3.97800000e-05 1.21588000e-03 1.98927000e-03 -1.94080000e-03 2.08690000e-04 -9.25180000e-04 6.56100000e-04 -1.73090000e-04 -7.73090000e-04 6.82830000e-04 -2.21890000e-04 5.62380000e-04 1.11144000e-03 3.80500000e-04 4.47000000e-06 3.57290000e-04 -5.66340000e-04 7.43660000e-04 4.20840000e-04 1.01529000e-03 1.80030000e-04 -4.26290000e-04 3.91360000e-04 -7.32410000e-04 -2.07620000e-03 -1.13189000e-03 4.19820000e-04 8.96630000e-04 1.59288000e-03 6.13400000e-05 -2.16580000e-04 6.64210000e-04 2.78750000e-04 -1.10022000e-03 4.18460000e-04 6.17000000e-04 -1.18300000e-05 1.69580000e-04 8.24170000e-04 7.68240000e-04 -2.50700000e-05 -1.89277000e-03 1.44250000e-04 1.81380000e-04 -2.68590000e-04 3.31590000e-04 7.51520000e-04 -6.22870000e-04 1.10982000e-03 -1.26783000e-03 -4.83560000e-04 2.56370000e-04 7.72870000e-04 -4.57300000e-04 -9.51090000e-04 1.14868000e-03 2.68910000e-04 -3.43220000e-04 -8.99110000e-04 -2.34154000e-03 -1.06730000e-04 1.54371000e-03 -7.26710000e-04 5.42200000e-04 -1.06050000e-04 -3.72400000e-05 6.62900000e-05 1.09973000e-03 1.81160000e-04 -4.99760000e-04 -7.89700000e-05 2.25730000e-04 7.40700000e-04 9.75430000e-04 4.18010000e-04 2.51030000e-03 1.12355000e-03 1.00904000e-03 1.53411000e-03 7.93450000e-04 2.11303000e-03
