2.09877700e-02 -4.72800000e-04 -4.04303000e-03 5.90510000e-04 -4.24840000e-04 -1.02296000e-03 6.11000000e-06 -4.03140000e-04 4.62200000e-04 5.75900000e-04 1.02562000e-03 2.56350000e-04 1.54149000e-03 5.30940000e-04 1.46290000e-04 -2.30183000e-03 6.93080000e-04 4.25940000e-04 -5.22930000e-04 1.90160000e-04 -8.03000000e-06 -1.37280000e-03 -5.29500000e-04 -2.79260000e-04 1.34646000e-03 -1.05250000e-04 -8.99000000e-05 -3.41670000e-04 -8.26500000e-05 5.31550000e-04 -1.91600000e-04 -4.96990000e-04 -1.43594000e-03 1.13766000e-03 1.09840000e-03 -1.55450000e-04 1.10620000e-04 -2.25710000e-04 7.58610000e-04 -1.36480000e-04 -8.02130000e-04 -3.50140000e-04 -3.03060000e-04 -7.69300000e-05 -5.06080000e-04 -1.16969000e-03 4.82350000e-04 4.61650000e-04 -2.42685000e-03 2.68550000e-04 6.78690000e-04 -1.14759000e-03 2.79990000e-04 -3.22860000e-04 -3.31600000e-04 -2.39820000e-04 -8.21950000e-04 1.62310000e-04 3.43470000e-04 1.38254000e-03 1.48620000e-04 -3.23500000e-04 -2.39670000e-04 -1.10095000e-03 1.21512000e-03 -1.74940000e-03 2.06693000e-03 -1.35860000e-04 -2.01950000e-04 6.27290000e-04 -6.09750000e-04 -3.50330000e-04 1.64984000e-03 1.34740000e-04 9.14450000e-04 -2.58530000e-04 3.46720000e-04 1.93110000e-04 6.27400000e-05 -3.06380000e-04 1.23763000e-03 5.39150000e-04 1.32356000e-03 1.11500000e-03 1.73700000e-03 6.57730000e-04 -1.18540000e-04 2.83500000e-05 7.88000000e-05 -3.89100000e-05 2.17680000e-04 -1.16093000e-03 3.64110000e-04 -1.28535000e-03 1.63536000e-03 4.89700000e-04 9.72400000e-05 3.16530000e-04 -4.95470000e-04 -2.74330000e-04 2.69989000e-03 -1.71540000e-04 -5.95600000e-05 7.10700000e-04 8.45330000e-04 1.01151000e-03 -2.15947000e-03 2.04074000e-03 1.53359000e-03 1.37628000e-03 -5.74390000e-04 1.36140000e-03 6.88370000e-04 -4.42440000e-04 -4.25340000e-04 -1.25750000e-04 8.36520000e-04
-4.72800000e-04 2.02150300e-02 1.90605000e-03 -2.50000000e-07 1.05128000e-03 3.93790000e-04 -7.98400000e-05 -3.76000000e-06 -2.62520000e-04 -8.29270000e-04 -8.30710000e-04 -3.13870000e-04 -8.02000000e-04 1.18450000e-04 -4.78600000e-05 1.18467000e-03 -3.64800000e-04 -2.19800000e-05 6.38870000e-04 4.49450000e-04 3.62710000e-04 1.08714000e-03 3.24540000e-04 -1.89000000e-06 -8.06230000e-04 -1.06471000e-03 1.76140000e-04 6.02100000e-05 2.23240000e-04 -3.65680000e-04 5.25130000e-04 6.55430000e-04 8.16130000e-04 -4.77300000e-05 7.94910000e-04 -1.69460000e-04 3.39100000e-04 -6.98700000e-05 -6.45500000e-04 3.04570000e-04 1.19711000e-03 1.04994000e-03 3.72760000e-04 3.64900000e-04 1.83773000e-03 -3.55400000e-04 -2.48600000e-04 -5.48460000e-04 1.34867000e-03 -3.26200000e-05 -7.98650000e-04 3.24790000e-04 -7.46230000e-04 2.87180000e-04 -3.30640000e-04 5.33240000e-04 9.36440000e-04 8.67100000e-05 -5.30800000e-05 -5.30990000e-04 2.24850000e-04 -7.47700000e-05 2.87450000e-04 6.96100000e-04 2.71820000e-04 1.33122000e-03 -1.02715000e-03 5.80290000e-04 6.73700000e-05 -5.13780000e-04 3.95140000e-04 1.06510000e-04 -1.03851000e-03 9.52400000e-05 -6.48370000e-04 3.75110000e-04 -2.09660000e-04 1.61630000e-04 -5.68280000e-04 -1.69670000e-04 -6.65620000e-04 -3.26680000e-04 -4.93770000e-04 8.47900000e-05 -5.31370000e-04 -5.06020000e-04 1.85180000e-04 -4.22100000e-05 -7.94200000e-05 5.05590000e-04 1.25180000e-04 1.34080000e-03 6.39730000e-04 1.95000000e-04 -4.19590000e-04 -1.03930000e-04 4.03390000e-04 4.62150000e-04 3.07950000e-04 2.56460000e-04 -1.18591000e-03 3.83700000e-05 -2.14370000e-04 -1.99200000e-05 3.28700000e-04 -8.27790000e-04 4.63470000e-04 -7.75000000e-05 -3.75920000e-04 -8.16860000e-04 1.80200000e-04 -3.51380000e-04 3.19640000e-04 -2.49030000e-04 2.58220000e-04 -2.26180000e-04 -1.44640000e-04
-4.04303000e-03 1.90605000e-03 9.58869000e-02 -2.12760000e-03 4.30414000e-03 7.58316000e-03 8.44160000e-04 3.71488000e-03 -1.32421000e-03 -1.31804000e-03 -5.12179000e-03 1.22730000e-04 -7.10557000e-03 -1.34273000e-03 -1.03502000e-03 1.84929900e-02 -3.29367000e-03 -2.51641000e-03 1.91828000e-03 -1.98912000e-03 5.86100000e-05 4.81214000e-03 6.88851000e-03 2.69800000e-03 -5.93553000e-03 -7.14800000e-05 3.75200000e-05 4.24347000e-03 -6.69620000e-04 -3.77961000e-03 7.73140000e-04 1.79823000e-03 8.98705000e-03 -7.25378000e-03 -6.45213000e-03 2.63719000e-03 6.70830000e-04 2.35554000e-03 -1.95984000e-03 3.35360000e-04 4.75758000e-03 2.12469000e-03 3.44354000e-03 4.47540000e-04 3.83885000e-03 7.76874000e-03 -2.40709000e-03 -1.15043000e-03 1.97302700e-02 -2.01505000e-03 -2.26023000e-03 9.62893000e-03 2.18220000e-04 3.33975000e-03 2.38425000e-03 1.22332000e-03 9.23704000e-03 2.35810000e-04 -2.22747000e-03 -5.33034000e-03 8.21330000e-04 2.79588000e-03 9.74240000e-04 7.53261000e-03 -8.76406000e-03 9.00114000e-03 -1.14441600e-02 4.97440000e-04 3.84591000e-03 -2.20637000e-03 1.66437000e-03 5.30592000e-03 -1.09314000e-02 -1.67271000e-03 -4.59742000e-03 8.22440000e-04 -6.08120000e-04 3.20850000e-04 9.00270000e-04 2.92064000e-03 -6.32904000e-03 -2.77078000e-03 -5.47873000e-03 -3.95109000e-03 -1.17728800e-02 -3.53803000e-03 -7.93800000e-05 1.77213000e-03 2.03164000e-03 6.19420000e-04 7.83220000e-04 7.29253000e-03 1.53785000e-03 7.86715000e-03 -7.59032000e-03 -3.76765000e-03 -7.00050000e-04 -6.34450000e-04 2.95527000e-03 2.52412000e-03 -9.83926000e-03 -1.92619000e-03 1.16490000e-03 -2.99701000e-03 -5.39510000e-03 -4.03306000e-03 1.47922400e-02 -7.91055000e-03 -7.75075000e-03 -6.21957000e-03 4.27080000e-03 -7.77636000e-03 -3.69273000e-03 1.05913200e-02 2.53236000e-03 3.73270000e-03 -3.02867000e-03
5.90510000e-04 -2.50000000e-07 -2.12760000e-03 1.98888100e-02 8.09900000e-05 -5.86350000e-04 -4.57400000e-05 -3.56010000e-04 2.07870000e-04 -3.77400000e-05 2.71290000e-04 3.60800000e-05 6.14170000e-04 3.72060000e-04 1.27780000e-04 -1.24922000e-03 3.02470000e-04 2.34310000e-04 1.27000000e-06 3.55640000e-04 1.52740000e-04 -2.61050000e-04 -3.94330000e-04 -1.46510000e-04 4.96720000e-04 -5.09240000e-04 -4.87400000e-05 -2.75640000e-04 2.92000000e-05 2.85630000e-04 1.02410000e-04 -1.44300000e-05 -5.98690000e-04 8.96250000e-04 1.09613000e-03 -2.14420000e-04 1.45330000e-04 -1.99310000e-04 1.35920000e-04 7.42900000e-05 3.73000000e-05 1.76400000e-04 -6.11900000e-05 1.19710000e-04 3.19150000e-04 -8.93130000e-04 2.13770000e-04 5.63000000e-05 -1.19810000e-03 1.81070000e-04 8.56200000e-05 -6.81600000e-04 -1.88790000e-04 -5.06900000e-05 -1.79630000e-04 4.08200000e-05 -4.24680000e-04 1.03030000e-04 1.76330000e-04 6.01230000e-04 2.06880000e-04 -2.63570000e-04 -1.80600000e-05 -4.88680000e-04 1.13778000e-03 -5.04940000e-04 9.47610000e-04 1.43800000e-04 -2.07470000e-04 2.58840000e-04 -2.51250000e-04 -3.55090000e-04 9.42540000e-04 1.50920000e-04 4.10120000e-04 5.65600000e-05 1.37750000e-04 1.26300000e-04 -1.01780000e-04 -2.89250000e-04 6.95250000e-04 2.82010000e-04 6.71200000e-04 6.78980000e-04 1.16838000e-03 2.91160000e-04 -4.54300000e-05 -5.54900000e-05 -8.58000000e-05 1.54930000e-04 2.19780000e-04 -1.99350000e-04 3.26070000e-04 -8.74320000e-04 7.46210000e-04 2.39100000e-04 2.02680000e-04 3.14810000e-04 -3.21320000e-04 -1.47260000e-04 8.99550000e-04 -1.83790000e-04 -1.55190000e-04 2.98790000e-04 7.08680000e-04 2.17930000e-04 -1.42221000e-03 1.06896000e-03 7.21750000e-04 4.74660000e-04 -3.91170000e-04 6.84690000e-04 5.39600000e-04 -7.16840000e-04 -2.15960000e-04 -5.06670000e-04 3.74770000e-04
-4.24840000e-04 1.05128000e-03 4.30414000e-03 8.09900000e-05 2.16558900e-02 1.09133000e-03 -1.62400000e-05 1.74690000e-04 -1.20320000e-04 -1.20698000e-03 -1.52408000e-03 -2.64160000e-04 -1.34154000e-03 3.04810000e-04 -5.43400000e-05 2.77296000e-03 -5.62300000e-04 -1.50990000e-04 9.80370000e-04 3.33720000e-04 5.71210000e-04 1.58902000e-03 9.60430000e-04 1.91350000e-04 -1.25073000e-03 -1.77700000e-03 1.14950000e-04 4.16580000e-04 1.32640000e-04 -7.34710000e-04 8.01510000e-04 9.03540000e-04 1.58018000e-03 -3.62060000e-04 8.98630000e-04 -1.20700000e-05 6.72610000e-04 1.04280000e-04 -8.72420000e-04 5.39500000e-04 2.16066000e-03 1.79886000e-03 8.91470000e-04 6.11690000e-04 3.20962000e-03 -3.73500000e-04 -3.85460000e-04 -7.71980000e-04 3.24452000e-03 -1.85510000e-04 -1.19676000e-03 1.05420000e-03 -1.09607000e-03 7.49780000e-04 -2.90830000e-04 8.50320000e-04 2.06075000e-03 2.53920000e-04 -2.10240000e-04 -8.27980000e-04 6.29700000e-04 8.43400000e-05 4.30590000e-04 1.39692000e-03 1.59040000e-04 2.30017000e-03 -1.98169000e-03 8.91810000e-04 3.98610000e-04 -6.31130000e-04 3.63700000e-04 5.63970000e-04 -1.93813000e-03 1.38300000e-05 -1.00688000e-03 5.51580000e-04 -1.69680000e-04 3.98310000e-04 -7.04690000e-04 -3.98900000e-05 -1.01978000e-03 -5.42340000e-04 -5.30690000e-04 1.94510000e-04 -1.24857000e-03 -7.97840000e-04 9.28500000e-05 1.51720000e-04 1.54610000e-04 7.89380000e-04 4.78680000e-04 2.49161000e-03 1.31248000e-03 4.04800000e-04 -9.06750000e-04 -3.96760000e-04 7.04090000e-04 9.25800000e-04 3.60910000e-04 6.21260000e-04 -1.82667000e-03 -6.02420000e-04 -1.76100000e-04 -4.61400000e-05 4.65270000e-04 -1.29511000e-03 1.22645000e-03 1.50400000e-05 -6.93470000e-04 -1.32094000e-03 4.02800000e-04 -8.01310000e-04 5.45820000e-04 5.15420000e-04 4.21640000e-04 -5.00270000e-04 -6.68900000e-05
-1.02296000e-03 3.93790000e-04 7.58316000e-03 -5.86350000e-04 1.09133000e-03 2.02738300e-02 3.76220000e-04 1.08657000e-03 6.85300000e-05 -6.05800000e-05 -1.44017000e-03 2.70680000e-04 -1.81913000e-03 -3.44810000e-04 1.32130000e-04 5.02947000e-03 -6.98930000e-04 -6.47070000e-04 5.15410000e-04 -1.33979000e-03 -1.09600000e-04 1.08051000e-03 2.02790000e-03 8.70840000e-04 -1.44247000e-03 1.20580000e-04 -2.51300000e-05 1.32566000e-03 -3.25890000e-04 -9.98050000e-04 7.33000000e-06 3.11290000e-04 2.52085000e-03 -2.31280000e-03 -2.76184000e-03 1.08166000e-03 1.86270000e-04 8.54770000e-04 -3.04510000e-04 6.76100000e-05 1.10569000e-03 3.76630000e-04 1.08418000e-03 6.19200000e-05 5.58430000e-04 2.19027000e-03 -6.35820000e-04 -9.67200000e-05 5.46217000e-03 -6.46300000e-04 -3.39120000e-04 2.71269000e-03 2.56760000e-04 1.07332000e-03 8.24380000e-04 3.45420000e-04 2.42168000e-03 1.18410000e-04 -6.38010000e-04 -1.33680000e-03 4.13640000e-04 9.65200000e-04 2.94610000e-04 2.19317000e-03 -2.76861000e-03 2.29316000e-03 -3.27456000e-03 9.96000000e-06 1.19887000e-03 -3.87670000e-04 2.22860000e-04 1.64348000e-03 -2.89272000e-03 -5.12650000e-04 -1.11251000e-03 7.99600000e-05 1.15840000e-04 2.19150000e-04 4.97340000e-04 1.04482000e-03 -1.69924000e-03 -5.79960000e-04 -1.08758000e-03 -1.29547000e-03 -3.65256000e-03 -7.59230000e-04 -8.33300000e-05 5.26980000e-04 8.06590000e-04 -3.20500000e-05 3.15290000e-04 1.78739000e-03 1.59640000e-04 2.11000000e-03 -2.45873000e-03 -1.03645000e-03 1.32980000e-04 -6.06000000e-06 5.26830000e-04 1.05800000e-03 -2.70445000e-03 -9.97930000e-04 8.53060000e-04 -8.31000000e-04 -1.28636000e-03 -8.15790000e-04 4.78415000e-03 -2.33275000e-03 -2.09240000e-03 -1.49809000e-03 1.23825000e-03 -2.18973000e-03 -7.35130000e-04 3.32750000e-03 6.76000000e-04 7.35860000e-04 -7.20600000e-04
6.11000000e-06 -7.98400000e-05 8.44160000e-04 -4.57400000e-05 -1.62400000e-05 3.76220000e-04 1.24158600e-02 3.01030000e-04 4.47300000e-05 2.98100000e-04 -2.21700000e-05 2.06900000e-04 2.04000000e-06 -4.04000000e-05 -5.38600000e-05 6.43290000e-04 1.73500000e-05 -5.09700000e-05 -4.77900000e-05 -3.45720000e-04 -1.14680000e-04 -7.90200000e-05 3.29480000e-04 1.79460000e-04 -1.09100000e-05 1.93100000e-04 2.61600000e-05 2.71200000e-04 -8.13500000e-05 -8.36700000e-05 -9.94600000e-05 -1.02000000e-04 2.99600000e-04 -4.02810000e-04 -7.08060000e-04 3.74370000e-04 -3.26900000e-05 2.43990000e-04 1.70380000e-04 -6.83100000e-05 -6.14900000e-05 -1.71710000e-04 1.71360000e-04 -6.02900000e-05 -3.35850000e-04 5.53920000e-04 -3.79700000e-05 1.90690000e-04 6.73740000e-04 -7.78900000e-05 2.20720000e-04 4.45150000e-04 3.32000000e-04 2.02680000e-04 2.74130000e-04 -4.33600000e-05 2.39300000e-04 -2.70000000e-07 -4.58800000e-05 -1.75500000e-05 7.99500000e-05 2.66470000e-04 -1.41440000e-04 2.86540000e-04 -5.54530000e-04 1.07200000e-04 -2.49170000e-04 -1.41730000e-04 2.39730000e-04 1.43800000e-04 -1.88700000e-05 3.07840000e-04 -1.65940000e-04 -5.59600000e-05 1.08700000e-05 -8.37800000e-05 1.53670000e-04 2.96300000e-05 2.86840000e-04 2.92090000e-04 -9.16500000e-05 4.12900000e-05 -1.67900000e-05 -2.29790000e-04 -5.02640000e-04 4.80700000e-05 1.81400000e-05 1.04700000e-04 2.22740000e-04 -1.63770000e-04 7.69600000e-05 1.14000000e-05 -8.10000000e-05 4.44180000e-04 -2.80920000e-04 -8.82600000e-05 -1.39700000e-04 -2.23520000e-04 1.06430000e-04 4.13400000e-05 -1.47470000e-04 -1.17860000e-04 1.11380000e-04 -6.32000000e-05 -3.95870000e-04 1.79140000e-04 7.43730000e-04 -3.37130000e-04 -2.13800000e-04 5.75100000e-05 3.09360000e-04 -2.55390000e-04 -2.72490000e-04 7.88330000e-04 1.67930000e-04 3.99000000e-04 1.69000000e-06
-4.03140000e-04 -3.76000000e-06 3.71488000e-03 -3.56010000e-04 1.74690000e-04 1.08657000e-03 3.01030000e-04 9.70806000e-03 -1.37250000e-04 2.85500000e-04 -3.59620000e-04 2.79300000e-04 -6.74900000e-04 -2.86640000e-04 -2.45750000e-04 2.45800000e-03 -2.92230000e-04 -2.73120000e-04 -4.19900000e-05 -4.92610000e-04 -2.23800000e-04 1.71270000e-04 1.01190000e-03 4.04720000e-04 -5.32800000e-04 6.28700000e-04 4.27600000e-05 6.74620000e-04 -9.53900000e-05 -3.58550000e-04 -1.74920000e-04 -3.57000000e-05 1.12319000e-03 -1.30499000e-03 -1.58605000e-03 6.45350000e-04 -8.31700000e-05 5.71430000e-04 2.39100000e-05 -1.07380000e-04 1.08840000e-04 -2.02030000e-04 3.96850000e-04 -1.45880000e-04 -2.94960000e-04 1.54768000e-03 -2.88110000e-04 1.64220000e-04 2.48742000e-03 -2.81480000e-04 5.83400000e-05 1.40606000e-03 4.93480000e-04 4.66340000e-04 5.17420000e-04 -4.83200000e-05 1.12481000e-03 -6.70500000e-05 -2.28580000e-04 -5.73880000e-04 -2.80000000e-07 6.37060000e-04 -1.54410000e-04 9.88760000e-04 -1.70645000e-03 7.84350000e-04 -1.35222000e-03 -2.39670000e-04 6.29170000e-04 -3.89800000e-05 2.67180000e-04 8.54240000e-04 -1.33492000e-03 -1.77730000e-04 -4.20150000e-04 -1.16260000e-04 9.27100000e-05 -3.81700000e-05 4.55720000e-04 7.06310000e-04 -7.35110000e-04 -3.00640000e-04 -7.03880000e-04 -7.46080000e-04 -1.78855000e-03 -2.88840000e-04 2.19800000e-05 2.30400000e-04 4.24910000e-04 -2.62730000e-04 3.84000000e-06 4.60530000e-04 -4.27700000e-05 1.51526000e-03 -1.02388000e-03 -4.18860000e-04 -3.50460000e-04 -4.91520000e-04 5.72890000e-04 2.12450000e-04 -1.00285000e-03 -1.16000000e-06 2.30900000e-04 -2.89730000e-04 -1.16363000e-03 -1.06330000e-04 2.40770000e-03 -1.31218000e-03 -9.40380000e-04 -4.99510000e-04 8.16160000e-04 -1.01780000e-03 -8.22320000e-04 1.84435000e-03 4.54420000e-04 1.08065000e-03 -3.04320000e-04
4.62200000e-04 -2.62520000e-04 -1.32421000e-03 2.07870000e-04 -1.20320000e-04 6.85300000e-05 4.47300000e-05 -1.37250000e-04 1.22059700e-02 2.83380000e-04 2.19500000e-04 3.49470000e-04 5.21720000e-04 2.44550000e-04 1.69890000e-04 -6.74740000e-04 4.17110000e-04 1.11190000e-04 -3.02500000e-05 -8.50530000e-04 2.61000000e-05 -4.56390000e-04 -2.47400000e-05 1.19160000e-04 5.66710000e-04 -6.71000000e-06 -2.61360000e-04 1.79610000e-04 -2.78150000e-04 2.67160000e-04 -7.95800000e-05 -3.29220000e-04 -2.87720000e-04 4.54000000e-05 -6.99790000e-04 1.40820000e-04 1.10790000e-04 1.01890000e-04 5.07880000e-04 -3.17400000e-05 -2.52760000e-04 -2.14330000e-04 1.02030000e-04 7.96000000e-06 -5.29730000e-04 -4.52830000e-04 2.51330000e-04 3.74660000e-04 -4.81170000e-04 2.91300000e-05 3.87970000e-04 -1.81900000e-04 1.47620000e-04 7.20200000e-05 1.05890000e-04 -3.23100000e-05 -4.26880000e-04 2.25510000e-04 2.89800000e-05 4.85320000e-04 2.98280000e-04 4.14400000e-05 -7.89700000e-05 -2.15810000e-04 1.44400000e-04 -5.88990000e-04 4.06570000e-04 -1.23890000e-04 1.15420000e-04 4.30510000e-04 -6.05830000e-04 1.05790000e-04 5.26650000e-04 -1.14860000e-04 4.68430000e-04 -1.46990000e-04 3.73190000e-04 2.52090000e-04 2.68670000e-04 9.58300000e-05 4.88170000e-04 2.18550000e-04 9.13080000e-04 1.61770000e-04 1.72750000e-04 3.48610000e-04 -3.08840000e-04 2.50400000e-04 2.61570000e-04 -6.88000000e-05 3.28580000e-04 -3.55310000e-04 -2.04470000e-04 -5.91740000e-04 -1.86000000e-05 6.23800000e-05 4.17800000e-05 5.63700000e-05 -6.24530000e-04 1.46500000e-05 6.86920000e-04 -8.42610000e-04 2.60100000e-04 6.25100000e-05 1.64820000e-04 4.40420000e-04 -4.64280000e-04 4.21140000e-04 3.70650000e-04 5.01740000e-04 -2.61420000e-04 2.31630000e-04 1.77000000e-04 2.97020000e-04 -2.48030000e-04 -6.21520000e-04 3.46150000e-04
5.75900000e-04 -8.29270000e-04 -1.31804000e-03 -3.77400000e-05 -1.20698000e-03 -6.05800000e-05 2.98100000e-04 2.85500000e-04 2.83380000e-04 3.95121000e-02 9.98360000e-04 5.51300000e-04 9.57490000e-04 -1.62950000e-04 5.88400000e-05 -5.61950000e-04 5.41750000e-04 6.04500000e-05 -6.88270000e-04 -9.35210000e-04 -4.79930000e-04 -1.30236000e-03 1.29800000e-04 3.52380000e-04 8.98910000e-04 1.32827000e-03 -6.83500000e-05 3.66650000e-04 -3.02520000e-04 3.41170000e-04 -6.30780000e-04 -8.25910000e-04 -6.43240000e-04 -3.91550000e-04 -1.69240000e-03 6.44870000e-04 -3.22820000e-04 3.04900000e-04 1.08717000e-03 -5.02470000e-04 -1.49874000e-03 -1.32033000e-03 -2.40580000e-04 -4.94560000e-04 -2.40774000e-03 1.11475000e-03 3.17800000e-04 9.76320000e-04 -7.13500000e-04 4.49100000e-05 1.31732000e-03 1.16180000e-04 1.38818000e-03 -9.88800000e-05 6.65000000e-04 -5.68340000e-04 -7.09160000e-04 -2.79000000e-06 1.00640000e-04 6.21770000e-04 -1.40650000e-04 3.17890000e-04 -4.74180000e-04 -5.15780000e-04 -9.26480000e-04 -1.48062000e-03 9.32320000e-04 -7.50980000e-04 3.01610000e-04 7.38070000e-04 -4.43880000e-04 3.21500000e-04 1.06363000e-03 -1.83280000e-04 7.23700000e-04 -4.94330000e-04 4.07920000e-04 -2.39100000e-05 1.05276000e-03 4.60890000e-04 6.49310000e-04 5.53340000e-04 5.92060000e-04 -3.11330000e-04 1.40000000e-06 6.21880000e-04 -7.75200000e-05 2.65920000e-04 3.72980000e-04 -6.65250000e-04 -5.60300000e-05 -1.59878000e-03 -7.91140000e-04 1.74180000e-04 1.74260000e-04 1.15330000e-04 -7.00030000e-04 -7.30230000e-04 -2.22560000e-04 -2.05260000e-04 1.37987000e-03 -1.63120000e-04 4.40520000e-04 -8.67400000e-05 -9.06950000e-04 1.22993000e-03 2.37380000e-04 -2.73510000e-04 1.53290000e-04 1.03198000e-03 1.28730000e-04 1.91410000e-04 -7.39370000e-04 1.35633000e-03 -1.41810000e-04 8.26270000e-04 1.73500000e-04
1.02562000e-03 -8.30710000e-04 -5.12179000e-03 2.71290000e-04 -1.52408000e-03 -1.44017000e-03 -2.21700000e-05 -3.59620000e-04 2.19500000e-04 9.98360000e-04 2.02908000e-02 2.51050000e-04 1.66290000e-03 8.56200000e-05 8.39800000e-05 -3.16196000e-03 7.33080000e-04 3.68880000e-04 -8.23260000e-04 5.05900000e-05 -3.07910000e-04 -1.61668000e-03 -9.83280000e-04 -2.78150000e-04 1.53975000e-03 1.16687000e-03 -9.45900000e-05 -5.09200000e-04 -6.72300000e-05 7.99240000e-04 -5.08780000e-04 -7.57810000e-04 -1.84602000e-03 9.32280000e-04 2.10170000e-04 -2.18130000e-04 -3.36940000e-04 -2.55220000e-04 9.25040000e-04 -4.13260000e-04 -1.78083000e-03 -1.23308000e-03 -8.01840000e-04 -4.00270000e-04 -2.15869000e-03 -4.55230000e-04 4.90030000e-04 7.16730000e-04 -3.57196000e-03 3.24320000e-04 1.07987000e-03 -1.41523000e-03 7.67390000e-04 -6.90060000e-04 -7.04200000e-05 -6.17310000e-04 -1.81538000e-03 -6.56400000e-05 3.83650000e-04 1.24544000e-03 -3.56390000e-04 -3.16960000e-04 -3.93360000e-04 -1.55309000e-03 7.69630000e-04 -2.35580000e-03 2.44756000e-03 -5.53610000e-04 -4.15300000e-04 6.66860000e-04 -4.92960000e-04 -6.24630000e-04 2.16726000e-03 1.02420000e-04 1.12446000e-03 -4.40030000e-04 2.57880000e-04 -1.41250000e-04 4.09810000e-04 -2.52710000e-04 1.30782000e-03 6.23050000e-04 9.87390000e-04 4.83520000e-04 1.87500000e-03 8.48830000e-04 -8.70200000e-05 -1.24740000e-04 -1.17240000e-04 -4.25400000e-04 -2.62290000e-04 -2.19381000e-03 -6.72160000e-04 -9.73170000e-04 1.52284000e-03 6.14030000e-04 -4.07010000e-04 -3.88860000e-04 -4.40590000e-04 -5.74700000e-04 2.60410000e-03 5.16850000e-04 3.83100000e-05 4.59140000e-04 2.02810000e-04 1.32705000e-03 -2.26320000e-03 1.11899000e-03 1.35652000e-03 1.54584000e-03 -6.07080000e-04 1.34830000e-03 2.92800000e-05 -9.33190000e-04 -4.79610000e-04 1.37940000e-04 5.48810000e-04
2.56350000e-04 -3.13870000e-04 1.22730000e-04 3.60800000e-05 -2.64160000e-04 2.70680000e-04 2.06900000e-04 2.79300000e-04 3.49470000e-04 5.51300000e-04 2.51050000e-04 1.37546000e-02 2.74250000e-04 3.53000000e-06 -3.04000000e-06 2.73850000e-04 2.57800000e-04 -5.80000000e-07 -2.08750000e-04 -5.52980000e-04 -1.93000000e-04 -4.62640000e-04 2.87860000e-04 2.85460000e-04 3.36540000e-04 4.21510000e-04 -1.15130000e-04 3.34610000e-04 -1.66810000e-04 1.89830000e-04 -2.27040000e-04 -3.42850000e-04 3.68100000e-05 -3.13680000e-04 -9.68540000e-04 4.15440000e-04 -7.34000000e-05 3.37860000e-04 4.55180000e-04 -1.74210000e-04 -4.06130000e-04 -4.65730000e-04 1.18390000e-04 -1.61250000e-04 -8.66250000e-04 5.67620000e-04 1.09580000e-04 4.50260000e-04 3.30740000e-04 -3.89500000e-05 5.11250000e-04 3.59650000e-04 5.48680000e-04 1.98550000e-04 4.54180000e-04 -1.98520000e-04 -1.82700000e-05 5.12400000e-05 -1.43900000e-05 2.13510000e-04 1.26130000e-04 3.02290000e-04 -2.59460000e-04 4.70700000e-05 -5.32810000e-04 -3.72450000e-04 8.75500000e-05 -3.04250000e-04 2.84840000e-04 4.37030000e-04 -2.38090000e-04 3.22850000e-04 2.50080000e-04 -7.01700000e-05 3.38690000e-04 -2.07590000e-04 2.97340000e-04 6.03500000e-05 5.65230000e-04 4.06520000e-04 2.96530000e-04 1.84050000e-04 3.11490000e-04 -1.69400000e-04 -2.69710000e-04 2.63090000e-04 -1.19590000e-04 1.89840000e-04 3.08070000e-04 -2.64590000e-04 1.43450000e-04 -3.95320000e-04 -2.03690000e-04 2.43480000e-04 -2.06880000e-04 -7.71500000e-05 -3.03090000e-04 -3.36520000e-04 -1.29830000e-04 -6.52500000e-05 3.15540000e-04 -3.60670000e-04 2.25870000e-04 -5.89100000e-05 -5.23760000e-04 4.57260000e-04 4.83480000e-04 -2.37890000e-04 -3.97200000e-05 3.31610000e-04 1.35540000e-04 -1.22360000e-04 -4.01050000e-04 9.18970000e-04 1.74200000e-05 2.55020000e-04 1.12630000e-04
1.54149000e-03 -8.02000000e-04 -7.10557000e-03 6.14170000e-04 -1.34154000e-03 -1.81913000e-03 2.04000000e-06 -6.74900000e-04 5.21720000e-04 9.57490000e-04 1.66290000e-03 2.74250000e-04 3.22210900e-02 4.36220000e-04 1.70000000e-04 -4.35957000e-03 1.03895000e-03 6.46890000e-04 -7.45610000e-04 3.97500000e-05 -1.29900000e-04 -1.76750000e-03 -1.37469000e-03 -5.50910000e-04 1.86637000e-03 3.57070000e-04 -5.67900000e-05 -7.43170000e-04 -2.53300000e-05 9.99450000e-04 -4.08510000e-04 -7.63820000e-04 -2.31487000e-03 1.55186000e-03 9.37110000e-04 -2.76800000e-04 -1.76150000e-04 -3.99030000e-04 1.01913000e-03 -2.39580000e-04 -1.60711000e-03 -9.55120000e-04 -7.76450000e-04 -2.41810000e-04 -1.72343000e-03 -1.47452000e-03 7.39330000e-04 7.12530000e-04 -4.67410000e-03 4.53680000e-04 1.09947000e-03 -2.07027000e-03 5.42760000e-04 -7.51380000e-04 -3.52280000e-04 -4.65100000e-04 -2.24232000e-03 2.97800000e-05 5.67580000e-04 1.75162000e-03 -1.39310000e-04 -4.68410000e-04 -4.34260000e-04 -1.87594000e-03 1.69808000e-03 -2.73356000e-03 3.18970000e-03 -3.93800000e-04 -6.32320000e-04 9.00500000e-04 -6.99140000e-04 -9.29790000e-04 2.86914000e-03 2.73230000e-04 1.42121000e-03 -3.85510000e-04 4.13700000e-04 1.73900000e-05 2.14120000e-04 -4.76980000e-04 1.81361000e-03 8.62470000e-04 1.74870000e-03 1.04397000e-03 2.77818000e-03 1.10360000e-03 -7.86000000e-05 -1.74800000e-04 -1.79470000e-04 -4.15230000e-04 -6.53000000e-06 -2.23152000e-03 -4.47880000e-04 -1.75690000e-03 2.09353000e-03 9.43870000e-04 -7.17600000e-05 -6.35800000e-05 -7.17250000e-04 -6.30530000e-04 3.25514000e-03 2.23010000e-04 -1.64130000e-04 7.86520000e-04 1.01820000e-03 1.54626000e-03 -3.41782000e-03 2.13851000e-03 2.03200000e-03 2.05810000e-03 -8.58750000e-04 1.97949000e-03 7.12020000e-04 -1.45535000e-03 -6.16640000e-04 -2.86720000e-04 9.36780000e-04
5.30940000e-04 1.18450000e-04 -1.34273000e-03 3.72060000e-04 3.04810000e-04 -3.44810000e-04 -4.04000000e-05 -2.86640000e-04 2.44550000e-04 -1.62950000e-04 8.56200000e-05 3.53000000e-06 4.36220000e-04 1.97060000e-02 8.83200000e-05 -7.57380000e-04 1.89440000e-04 1.91440000e-04 1.43150000e-04 2.02060000e-04 2.27260000e-04 -5.91400000e-05 -1.72640000e-04 -1.53440000e-04 3.17820000e-04 -7.59250000e-04 -2.75200000e-05 -1.46490000e-04 -3.48000000e-06 1.02680000e-04 1.90340000e-04 9.36500000e-05 -3.02300000e-04 6.64750000e-04 9.10790000e-04 -1.80730000e-04 2.44460000e-04 -1.79710000e-04 5.98200000e-05 1.07000000e-04 2.66690000e-04 3.46150000e-04 8.14500000e-05 1.97950000e-04 5.68130000e-04 -9.27640000e-04 1.20390000e-04 -5.48000000e-05 -6.69270000e-04 1.03810000e-04 -6.02600000e-05 -4.57180000e-04 -3.13570000e-04 2.11900000e-05 -3.07440000e-04 1.71460000e-04 -1.30830000e-04 1.64400000e-04 1.11120000e-04 5.05300000e-04 2.70050000e-04 -2.33600000e-04 5.85300000e-05 -2.12500000e-04 9.06990000e-04 -1.76130000e-04 5.91660000e-04 2.42850000e-04 -7.93600000e-05 1.00830000e-04 -2.53980000e-04 -1.58590000e-04 4.40390000e-04 7.94400000e-05 2.16460000e-04 9.73500000e-05 1.34660000e-04 2.12820000e-04 -2.47750000e-04 -2.73260000e-04 3.88920000e-04 1.48980000e-04 5.93180000e-04 6.48020000e-04 7.25220000e-04 1.28240000e-04 -5.59900000e-05 1.64200000e-05 1.29200000e-05 2.36690000e-04 2.88560000e-04 1.20720000e-04 4.16980000e-04 -7.18090000e-04 5.90420000e-04 1.76530000e-04 2.97710000e-04 4.02550000e-04 -2.57170000e-04 -1.34200000e-05 6.87400000e-04 -2.87190000e-04 -1.32130000e-04 2.72600000e-04 7.11260000e-04 8.69600000e-05 -1.03010000e-03 1.01312000e-03 5.65030000e-04 3.14730000e-04 -2.63360000e-04 4.97550000e-04 5.82170000e-04 -4.08710000e-04 -1.25780000e-04 -4.09880000e-04 3.37850000e-04
1.46290000e-04 -4.78600000e-05 -1.03502000e-03 1.27780000e-04 -5.43400000e-05 1.32130000e-04 -5.38600000e-05 -2.45750000e-04 1.69890000e-04 5.88400000e-05 8.39800000e-05 -3.04000000e-06 1.70000000e-04 8.83200000e-05 9.21099000e-03 -5.93450000e-04 1.73020000e-04 7.10500000e-05 3.44500000e-05 -1.37350000e-04 2.80500000e-05 -7.92500000e-05 -2.00990000e-04 1.25300000e-05 2.09180000e-04 8.81000000e-06 -6.46200000e-05 -1.21080000e-04 -3.41400000e-05 1.30820000e-04 -5.71800000e-05 -3.54400000e-05 -2.95380000e-04 3.23350000e-04 1.73570000e-04 -6.68200000e-05 2.49200000e-05 -9.02100000e-05 7.85600000e-05 5.00000000e-05 -5.82900000e-05 1.09000000e-05 -6.12000000e-05 4.05000000e-06 -5.43300000e-05 -3.03150000e-04 1.01940000e-04 5.52200000e-05 -5.16830000e-04 4.11800000e-05 1.07560000e-04 -3.09530000e-04 -5.42900000e-05 -3.66900000e-05 4.92300000e-05 1.51600000e-05 -3.18380000e-04 5.08400000e-05 3.39800000e-05 1.55140000e-04 9.49000000e-05 -1.18910000e-04 2.04350000e-04 -2.51070000e-04 4.23460000e-04 -2.27210000e-04 2.98580000e-04 2.94500000e-05 -9.72300000e-05 1.13240000e-04 -1.87520000e-04 -1.59120000e-04 4.85000000e-04 6.62000000e-06 1.96540000e-04 2.81400000e-05 4.95800000e-05 6.03500000e-05 7.79100000e-05 -1.09470000e-04 3.10420000e-04 2.17620000e-04 3.54910000e-04 1.44670000e-04 4.25810000e-04 1.91680000e-04 -7.26600000e-05 -3.93300000e-05 -4.63500000e-05 -1.58400000e-05 4.86600000e-05 -1.74130000e-04 -7.85200000e-05 -5.12140000e-04 1.13800000e-04 7.24100000e-05 3.90530000e-04 4.51000000e-04 -3.02630000e-04 3.08020000e-04 2.50120000e-04 -2.81220000e-04 3.56030000e-04 -7.36000000e-06 6.01260000e-04 7.82300000e-05 -2.84940000e-04 2.65950000e-04 2.10320000e-04 1.49060000e-04 -2.58800000e-04 2.56280000e-04 5.19400000e-04 -3.14920000e-04 -2.00570000e-04 -6.23130000e-04 8.22500000e-05
-2.30183000e-03 1.18467000e-03 1.84929900e-02 -1.24922000e-03 2.77296000e-03 5.02947000e-03 6.43290000e-04 2.45800000e-03 -6.74740000e-04 -5.61950000e-04 -3.16196000e-03 2.73850000e-04 -4.35957000e-03 -7.57380000e-04 -5.93450000e-04 4.91849700e-02 -1.93311000e-03 -1.58679000e-03 1.15823000e-03 -1.40747000e-03 -1.21550000e-04 2.73907000e-03 4.72809000e-03 2.00749000e-03 -3.59154000e-03 8.06300000e-05 1.92500000e-05 2.91837000e-03 -5.01260000e-04 -2.32077000e-03 4.05910000e-04 1.01341000e-03 5.73534000e-03 -4.67419000e-03 -4.33443000e-03 1.90440000e-03 4.78870000e-04 1.62534000e-03 -9.96460000e-04 8.32900000e-05 2.83169000e-03 1.22138000e-03 2.31202000e-03 1.72350000e-04 2.24047000e-03 5.18956000e-03 -1.57298000e-03 -4.90020000e-04 1.28966300e-02 -1.32049000e-03 -1.14641000e-03 6.26486000e-03 4.02100000e-04 2.34636000e-03 1.70485000e-03 7.33600000e-04 6.14014000e-03 2.00490000e-04 -1.41782000e-03 -3.15176000e-03 7.22310000e-04 1.85364000e-03 3.48920000e-04 4.83460000e-03 -5.74095000e-03 5.50680000e-03 -7.20615000e-03 2.30030000e-04 2.68080000e-03 -1.21679000e-03 9.38520000e-04 3.59679000e-03 -6.79181000e-03 -1.11908000e-03 -2.78591000e-03 3.39290000e-04 -2.07210000e-04 3.41510000e-04 8.24580000e-04 1.99277000e-03 -3.92078000e-03 -1.60316000e-03 -3.25597000e-03 -2.46163000e-03 -7.65158000e-03 -2.13315000e-03 -1.51400000e-05 1.15340000e-03 1.52105000e-03 4.11540000e-04 5.58580000e-04 4.41624000e-03 1.17958000e-03 4.98701000e-03 -4.87734000e-03 -2.46367000e-03 -6.42310000e-04 -5.32620000e-04 1.77252000e-03 1.54839000e-03 -5.94331000e-03 -1.46039000e-03 9.21450000e-04 -1.93459000e-03 -3.75345000e-03 -2.30908000e-03 9.67261000e-03 -4.99654000e-03 -4.94597000e-03 -3.79260000e-03 2.72547000e-03 -4.98230000e-03 -2.61088000e-03 7.32927000e-03 1.63718000e-03 2.55085000e-03 -1.80003000e-03
6.93080000e-04 -3.64800000e-04 -3.29367000e-03 3.02470000e-04 -5.62300000e-04 -6.98930000e-04 1.73500000e-05 -2.92230000e-04 4.17110000e-04 5.41750000e-04 7.33080000e-04 2.57800000e-04 1.03895000e-03 1.89440000e-04 1.73020000e-04 -1.93311000e-03 1.02279400e-02 3.94460000e-04 -2.77520000e-04 -2.06570000e-04 -4.51800000e-05 -7.90700000e-04 -5.67610000e-04 -1.02900000e-04 8.60620000e-04 1.67770000e-04 -4.19700000e-05 -2.15700000e-04 2.86500000e-05 6.43150000e-04 -1.81480000e-04 -3.88930000e-04 -1.05226000e-03 6.32970000e-04 1.85790000e-04 -2.75300000e-05 -4.13300000e-05 -5.31500000e-05 5.91780000e-04 -9.13300000e-05 -7.37120000e-04 -4.00670000e-04 -2.95500000e-04 -1.34150000e-04 -7.68510000e-04 -5.93380000e-04 4.68870000e-04 4.99530000e-04 -1.99534000e-03 2.62400000e-04 6.14230000e-04 -8.98850000e-04 3.55400000e-04 -2.64190000e-04 2.32800000e-05 -1.66370000e-04 -1.01414000e-03 7.07300000e-05 3.30300000e-04 7.46920000e-04 1.84300000e-05 -1.15580000e-04 -2.39960000e-04 -8.55390000e-04 7.69440000e-04 -1.29906000e-03 1.36521000e-03 -1.85380000e-04 -2.17880000e-04 5.98950000e-04 -3.12140000e-04 -3.57390000e-04 1.42005000e-03 1.80180000e-04 7.49360000e-04 -1.70010000e-04 2.57610000e-04 8.25800000e-05 3.32710000e-04 -8.99100000e-05 9.87270000e-04 4.96470000e-04 9.28770000e-04 4.10500000e-04 1.27350000e-03 6.07040000e-04 -3.83500000e-05 -1.35600000e-05 -4.27000000e-05 -2.51430000e-04 5.45800000e-05 -1.03844000e-03 -2.70380000e-04 -8.49770000e-04 7.38750000e-04 4.88500000e-04 -4.90100000e-05 1.66800000e-05 -3.93040000e-04 -2.24080000e-04 1.43162000e-03 -8.50100000e-05 3.73900000e-05 3.23850000e-04 4.10330000e-04 7.52220000e-04 -1.50585000e-03 8.73140000e-04 9.17210000e-04 9.55100000e-04 -4.42970000e-04 9.27810000e-04 3.02020000e-04 -5.23190000e-04 -3.32800000e-04 -2.98820000e-04 4.72370000e-04
4.25940000e-04 -2.19800000e-05 -2.51641000e-03 2.34310000e-04 -1.50990000e-04 -6.47070000e-04 -5.09700000e-05 -2.73120000e-04 1.11190000e-04 6.04500000e-05 3.68880000e-04 -5.80000000e-07 6.46890000e-04 1.91440000e-04 7.10500000e-05 -1.58679000e-03 3.94460000e-04 8.38480000e-03 -3.17200000e-05 1.63440000e-04 1.15210000e-04 -2.53790000e-04 -5.86640000e-04 -3.26590000e-04 4.22830000e-04 -3.67100000e-04 1.10340000e-04 -3.61320000e-04 2.20020000e-04 3.93380000e-04 1.96400000e-05 -2.95700000e-05 -7.36030000e-04 6.13870000e-04 7.46720000e-04 -1.97850000e-04 4.35500000e-05 -1.33140000e-04 1.63050000e-04 8.47800000e-05 -2.13810000e-04 8.18300000e-05 -2.09400000e-04 3.50600000e-05 1.21850000e-04 -8.93470000e-04 2.97870000e-04 1.22430000e-04 -1.69793000e-03 2.53950000e-04 9.43000000e-05 -9.01960000e-04 -1.08500000e-04 -2.93330000e-04 -3.17810000e-04 8.24400000e-05 -6.79600000e-04 9.78000000e-06 3.43210000e-04 4.32820000e-04 -2.77600000e-05 -1.74340000e-04 -8.82300000e-05 -5.52940000e-04 8.98620000e-04 -6.45350000e-04 9.15410000e-04 8.73500000e-05 -3.25770000e-04 2.44340000e-04 2.37600000e-05 -4.24560000e-04 7.87390000e-04 3.03760000e-04 3.48100000e-04 2.13900000e-05 5.66900000e-05 5.36300000e-05 -1.22410000e-04 -2.33800000e-04 5.84150000e-04 2.42290000e-04 5.21360000e-04 4.70840000e-04 1.07958000e-03 3.01700000e-04 1.05390000e-04 -1.69130000e-04 -1.94670000e-04 -1.01830000e-04 -6.65000000e-06 -4.28800000e-04 -1.51700000e-05 -6.37490000e-04 7.17270000e-04 5.34350000e-04 2.40710000e-04 2.64000000e-04 -6.28200000e-05 -1.01280000e-04 8.83940000e-04 2.61610000e-04 -1.87210000e-04 4.25370000e-04 7.21600000e-04 3.16290000e-04 -1.33119000e-03 8.93680000e-04 8.18920000e-04 5.64450000e-04 -2.77610000e-04 8.50380000e-04 5.95000000e-04 -9.28640000e-04 -1.62390000e-04 -2.05580000e-04 3.73270000e-04
-5.22930000e-04 6.38870000e-04 1.91828000e-03 1.27000000e-06 9.80370000e-04 5.15410000e-04 -4.77900000e-05 -4.19900000e-05 -3.02500000e-05 -6.88270000e-04 -8.23260000e-04 -2.08750000e-04 -7.45610000e-04 1.43150000e-04 3.44500000e-05 1.15823000e-03 -2.77520000e-04 -3.17200000e-05 1.21394100e-02 -5.80600000e-05 3.72400000e-04 1.19449000e-03 3.37630000e-04 8.84700000e-05 -7.61490000e-04 -1.20740000e-03 7.99300000e-05 1.98500000e-04 8.89700000e-05 -3.66700000e-04 5.03400000e-04 5.89260000e-04 8.59070000e-04 -1.49550000e-04 2.83420000e-04 -6.15000000e-05 3.35720000e-04 -2.72100000e-05 -4.93390000e-04 2.70590000e-04 1.18613000e-03 9.60460000e-04 4.57040000e-04 3.68230000e-04 1.49350000e-03 -3.09660000e-04 -2.11580000e-04 -4.36620000e-04 1.42033000e-03 -7.02300000e-05 -6.52550000e-04 4.15710000e-04 -6.59150000e-04 3.05720000e-04 -1.75060000e-04 5.59740000e-04 6.98420000e-04 1.58160000e-04 -1.00730000e-04 -5.34690000e-04 3.17630000e-04 -4.56300000e-05 2.91820000e-04 7.19900000e-04 1.88020000e-04 1.38400000e-03 -1.07427000e-03 5.27970000e-04 1.33630000e-04 -4.14790000e-04 1.62800000e-04 2.04450000e-04 -9.67260000e-04 -1.06300000e-05 -5.47170000e-04 3.84190000e-04 -1.29730000e-04 2.30970000e-04 -3.96280000e-04 -1.15300000e-04 -5.65050000e-04 -2.37510000e-04 -2.53600000e-04 -2.58600000e-05 -6.14650000e-04 -4.26130000e-04 5.91500000e-05 5.04300000e-05 -4.10000000e-07 3.79080000e-04 2.45590000e-04 1.32984000e-03 3.36720000e-04 9.02300000e-05 -5.95260000e-04 -1.01790000e-04 4.24310000e-04 5.04920000e-04 1.00090000e-04 3.72290000e-04 -1.26171000e-03 -3.38710000e-04 -7.45800000e-05 -1.86620000e-04 3.35550000e-04 -7.39980000e-04 4.92730000e-04 -1.97680000e-04 -5.04510000e-04 -7.45780000e-04 1.67450000e-04 -4.26300000e-04 3.34620000e-04 6.56500000e-05 2.10470000e-04 -4.43530000e-04 -1.60230000e-04
1.90160000e-04 4.49450000e-04 -1.98912000e-03 3.55640000e-04 3.33720000e-04 -1.33979000e-03 -3.45720000e-04 -4.92610000e-04 -8.50530000e-04 -9.35210000e-04 5.05900000e-05 -5.52980000e-04 3.97500000e-05 2.02060000e-04 -1.37350000e-04 -1.40747000e-03 -2.06570000e-04 1.63440000e-04 -5.80600000e-05 4.38710600e-02 2.50940000e-04 1.65600000e-04 -8.53740000e-04 -5.15620000e-04 -2.06400000e-05 -5.20110000e-04 2.10720000e-04 -9.53320000e-04 5.80170000e-04 2.92240000e-04 3.70490000e-04 4.66460000e-04 -6.69480000e-04 1.65889000e-03 3.44012000e-03 -9.62210000e-04 3.16100000e-05 -5.58360000e-04 -7.90140000e-04 2.49350000e-04 4.80370000e-04 6.85310000e-04 -4.42980000e-04 1.96590000e-04 1.66488000e-03 -1.19732000e-03 2.16000000e-06 -6.77750000e-04 -1.62340000e-03 3.42390000e-04 -7.77250000e-04 -1.14155000e-03 -8.93530000e-04 -2.75900000e-04 -6.67360000e-04 3.10000000e-06 -7.63700000e-05 -2.16390000e-04 2.39850000e-04 1.63280000e-04 -2.20440000e-04 -6.30220000e-04 1.44890000e-04 -6.75660000e-04 1.92462000e-03 -8.39800000e-05 1.01537000e-03 4.61130000e-04 -7.34570000e-04 -3.46030000e-04 6.29780000e-04 -1.06402000e-03 7.78430000e-04 5.26430000e-04 -3.58300000e-05 2.78450000e-04 -4.90930000e-04 -2.81970000e-04 -8.79440000e-04 -7.09700000e-04 4.30040000e-04 -9.28200000e-05 -4.44300000e-04 9.87910000e-04 1.91369000e-03 -1.65560000e-04 3.23300000e-04 -5.32270000e-04 -7.39170000e-04 6.16040000e-04 -2.73160000e-04 2.18590000e-04 1.08603000e-03 -7.07360000e-04 1.29559000e-03 2.06950000e-04 1.58580000e-04 2.79490000e-04 3.26750000e-04 -5.91940000e-04 3.61870000e-04 1.17464000e-03 -8.27920000e-04 5.09950000e-04 8.52100000e-04 -5.56310000e-04 -2.04280000e-03 1.13882000e-03 7.72730000e-04 -1.78400000e-04 -5.55070000e-04 8.10220000e-04 4.89770000e-04 -2.50099000e-03 -1.00540000e-04 -2.88190000e-04 6.72000000e-05
-8.03000000e-06 3.62710000e-04 5.86100000e-05 1.52740000e-04 5.71210000e-04 -1.09600000e-04 -1.14680000e-04 -2.23800000e-04 2.61000000e-05 -4.79930000e-04 -3.07910000e-04 -1.93000000e-04 -1.29900000e-04 2.27260000e-04 2.80500000e-05 -1.21550000e-04 -4.51800000e-05 1.15210000e-04 3.72400000e-04 2.50940000e-04 1.35903000e-02 5.06650000e-04 -8.70600000e-05 -1.62320000e-04 -1.91690000e-04 -8.26320000e-04 6.20800000e-05 -7.42200000e-05 1.05610000e-04 -9.10300000e-05 3.95050000e-04 3.37430000e-04 1.27540000e-04 3.20060000e-04 7.61100000e-04 -2.52860000e-04 3.10270000e-04 -1.84620000e-04 -2.40020000e-04 2.20720000e-04 6.87350000e-04 6.88620000e-04 1.26640000e-04 3.23160000e-04 1.14948000e-03 -7.61380000e-04 9.35300000e-05 -2.79510000e-04 3.37500000e-05 1.12500000e-04 -4.04780000e-04 -1.60940000e-04 -5.11470000e-04 4.33400000e-05 -3.83340000e-04 3.46990000e-04 1.97100000e-04 1.83120000e-04 7.40600000e-05 -2.20500000e-05 1.58130000e-04 -1.82960000e-04 3.41870000e-04 1.11600000e-04 6.52250000e-04 4.29140000e-04 -1.22120000e-04 4.24650000e-04 -6.60300000e-05 -1.98310000e-04 3.52100000e-05 -9.25200000e-05 -2.03470000e-04 8.83300000e-05 -1.80770000e-04 3.07500000e-04 -4.25600000e-05 1.84880000e-04 -4.16350000e-04 -2.80650000e-04 -8.98300000e-05 -8.04300000e-05 1.09380000e-04 3.40860000e-04 2.08450000e-04 -1.56320000e-04 1.90000000e-05 1.12310000e-04 -8.83700000e-05 3.79010000e-04 2.24800000e-04 6.76280000e-04 3.60790000e-04 -3.75430000e-04 9.80000000e-05 1.08370000e-04 3.82360000e-04 4.60510000e-04 -3.27000000e-05 1.33080000e-04 -1.65840000e-04 -1.14780000e-04 -1.95350000e-04 1.65770000e-04 6.24530000e-04 -3.51520000e-04 -5.43830000e-04 5.04850000e-04 2.06030000e-04 -1.97680000e-04 -1.12220000e-04 1.76240000e-04 5.40730000e-04 -5.54740000e-04 -3.12600000e-05 -4.76020000e-04 1.05340000e-04
-1.37280000e-03 1.08714000e-03 4.81214000e-03 -2.61050000e-04 1.58902000e-03 1.08051000e-03 -7.90200000e-05 1.71270000e-04 -4.56390000e-04 -1.30236000e-03 -1.61668000e-03 -4.62640000e-04 -1.76750000e-03 -5.91400000e-05 -7.92500000e-05 2.73907000e-03 -7.90700000e-04 -2.53790000e-04 1.19449000e-03 1.65600000e-04 5.06650000e-04 1.60537900e-02 6.48770000e-04 1.31930000e-04 -1.73141000e-03 -1.63217000e-03 1.69260000e-04 3.14440000e-04 2.41170000e-04 -7.48730000e-04 7.55240000e-04 1.08254000e-03 1.82963000e-03 -6.08890000e-04 3.35490000e-04 -8.00300000e-05 3.48480000e-04 5.99400000e-05 -1.15511000e-03 5.10790000e-04 2.09323000e-03 1.53217000e-03 7.37770000e-04 5.42350000e-04 2.48359000e-03 1.33460000e-04 -5.32830000e-04 -9.13850000e-04 3.10641000e-03 -2.22820000e-04 -1.34565000e-03 1.11317000e-03 -1.10904000e-03 5.10080000e-04 -9.33400000e-05 8.37330000e-04 1.42655000e-03 5.64200000e-05 -2.95760000e-04 -1.42658000e-03 2.88760000e-04 9.87500000e-05 5.34080000e-04 1.49138000e-03 -2.13840000e-04 2.80028000e-03 -2.38430000e-03 7.85860000e-04 1.95780000e-04 -8.83530000e-04 6.37120000e-04 3.64230000e-04 -2.14891000e-03 -1.01100000e-05 -1.21764000e-03 6.85740000e-04 -4.59720000e-04 1.19090000e-04 -6.40070000e-04 -2.63200000e-05 -1.30904000e-03 -6.42700000e-04 -1.14433000e-03 -4.34590000e-04 -1.43895000e-03 -9.39910000e-04 1.52100000e-04 -2.56600000e-05 -1.40420000e-04 4.86780000e-04 1.97890000e-04 2.46995000e-03 4.54480000e-04 8.33540000e-04 -1.36491000e-03 -3.77650000e-04 5.97000000e-04 6.22260000e-04 5.58600000e-04 6.35650000e-04 -2.95644000e-03 -1.91400000e-04 -1.99440000e-04 -5.19640000e-04 1.80630000e-04 -1.58468000e-03 1.65166000e-03 -1.10593000e-03 -1.37301000e-03 -1.70874000e-03 5.41280000e-04 -1.17296000e-03 2.43450000e-04 2.38550000e-04 5.17140000e-04 -3.74270000e-04 -6.38750000e-04
-5.29500000e-04 3.24540000e-04 6.88851000e-03 -3.94330000e-04 9.60430000e-04 2.02790000e-03 3.29480000e-04 1.01190000e-03 -2.47400000e-05 1.29800000e-04 -9.83280000e-04 2.87860000e-04 -1.37469000e-03 -1.72640000e-04 -2.00990000e-04 4.72809000e-03 -5.67610000e-04 -5.86640000e-04 3.37630000e-04 -8.53740000e-04 -8.70600000e-05 6.48770000e-04 2.59329100e-02 9.34640000e-04 -1.07586000e-03 1.94840000e-04 -2.73700000e-05 1.35671000e-03 -3.41950000e-04 -8.55960000e-04 8.53200000e-05 2.04470000e-04 2.13356000e-03 -1.91264000e-03 -2.10584000e-03 9.18260000e-04 2.76790000e-04 6.90360000e-04 -1.87200000e-05 -1.28860000e-04 8.05120000e-04 2.62710000e-04 9.49270000e-04 9.94000000e-06 4.61600000e-04 2.11931000e-03 -5.31260000e-04 8.28300000e-05 5.06005000e-03 -5.20400000e-04 -8.79100000e-05 2.53338000e-03 4.69740000e-04 1.00853000e-03 7.05670000e-04 2.28860000e-04 2.45864000e-03 2.13530000e-04 -5.36020000e-04 -8.62260000e-04 4.01940000e-04 7.65960000e-04 4.72300000e-05 1.83353000e-03 -2.43749000e-03 1.73202000e-03 -2.56987000e-03 -5.82000000e-06 1.28307000e-03 -2.95680000e-04 1.06650000e-04 1.65200000e-03 -2.49641000e-03 -5.53660000e-04 -9.01910000e-04 -4.61000000e-06 1.47990000e-04 2.99190000e-04 5.28720000e-04 8.48140000e-04 -1.41391000e-03 -4.81270000e-04 -9.19980000e-04 -8.68290000e-04 -3.13264000e-03 -6.91280000e-04 -6.15900000e-05 6.49430000e-04 8.50830000e-04 1.76820000e-04 3.49630000e-04 1.40349000e-03 4.95100000e-04 1.85052000e-03 -1.80691000e-03 -9.65330000e-04 -3.96290000e-04 -3.06010000e-04 5.35490000e-04 5.86080000e-04 -1.69548000e-03 -8.21130000e-04 5.24760000e-04 -7.03990000e-04 -1.65142000e-03 -5.38420000e-04 3.81948000e-03 -1.74247000e-03 -1.77816000e-03 -1.16131000e-03 1.06029000e-03 -1.86786000e-03 -1.14783000e-03 3.43015000e-03 5.87110000e-04 1.18382000e-03 -5.30080000e-04
-2.79260000e-04 -1.89000000e-06 2.69800000e-03 -1.46510000e-04 1.91350000e-04 8.70840000e-04 1.79460000e-04 4.04720000e-04 1.19160000e-04 3.52380000e-04 -2.78150000e-04 2.85460000e-04 -5.50910000e-04 -1.53440000e-04 1.25300000e-05 2.00749000e-03 -1.02900000e-04 -3.26590000e-04 8.84700000e-05 -5.15620000e-04 -1.62320000e-04 1.31930000e-04 9.34640000e-04 1.93156500e-02 -2.82620000e-04 4.56780000e-04 -1.13290000e-04 7.37390000e-04 -2.54150000e-04 -2.07850000e-04 -2.16800000e-05 -1.04910000e-04 8.18770000e-04 -7.49690000e-04 -1.24768000e-03 5.20360000e-04 3.85100000e-05 3.63430000e-04 2.33980000e-04 -1.98470000e-04 1.00150000e-04 -1.52040000e-04 3.72780000e-04 -1.16270000e-04 -3.23590000e-04 1.35600000e-03 -1.54790000e-04 3.01310000e-04 2.23689000e-03 -1.69280000e-04 3.18400000e-04 1.18474000e-03 5.45530000e-04 5.37590000e-04 7.24940000e-04 -7.14900000e-05 8.75240000e-04 1.26500000e-04 -2.63380000e-04 -3.52070000e-04 2.43030000e-04 3.36400000e-04 -1.08240000e-04 6.12280000e-04 -1.09483000e-03 5.20710000e-04 -9.61580000e-04 -1.63850000e-04 6.17370000e-04 8.20500000e-05 -1.23980000e-04 7.12720000e-04 -5.17800000e-04 -3.15610000e-04 -1.54700000e-04 -8.57100000e-05 1.39010000e-04 1.29540000e-04 6.31490000e-04 4.88090000e-04 -3.19170000e-04 1.79300000e-05 -2.73640000e-04 -5.49450000e-04 -1.24321000e-03 -1.25290000e-04 -7.60900000e-05 3.66440000e-04 4.15940000e-04 6.42900000e-05 1.48870000e-04 3.01340000e-04 1.64600000e-05 6.68920000e-04 -9.81240000e-04 -5.21300000e-04 -5.01010000e-04 -3.74220000e-04 -4.71200000e-05 9.47800000e-05 -7.10890000e-04 -5.92800000e-04 3.85490000e-04 -5.15910000e-04 -1.16533000e-03 -4.27100000e-05 1.58085000e-03 -1.05875000e-03 -9.11840000e-04 -4.30460000e-04 3.29680000e-04 -8.83420000e-04 -9.28670000e-04 1.65792000e-03 1.57990000e-04 2.85740000e-04 -2.64070000e-04
1.34646000e-03 -8.06230000e-04 -5.93553000e-03 4.96720000e-04 -1.25073000e-03 -1.44247000e-03 -1.09100000e-05 -5.32800000e-04 5.66710000e-04 8.98910000e-04 1.53975000e-03 3.36540000e-04 1.86637000e-03 3.17820000e-04 2.09180000e-04 -3.59154000e-03 8.60620000e-04 4.22830000e-04 -7.61490000e-04 -2.06400000e-05 -1.91690000e-04 -1.73141000e-03 -1.07586000e-03 -2.82620000e-04 2.77483900e-02 7.90100000e-04 -1.81270000e-04 -5.50590000e-04 -1.63660000e-04 8.25630000e-04 -3.97060000e-04 -7.95390000e-04 -1.98775000e-03 1.25932000e-03 4.93210000e-04 -2.38150000e-04 -1.70120000e-04 -2.97490000e-04 9.88690000e-04 -3.16200000e-04 -1.56559000e-03 -1.00922000e-03 -6.95680000e-04 -2.57100000e-04 -1.77905000e-03 -1.02606000e-03 5.83710000e-04 7.03980000e-04 -3.84713000e-03 3.70830000e-04 1.07900000e-03 -1.62658000e-03 5.80820000e-04 -5.73320000e-04 -1.63400000e-04 -5.47500000e-04 -1.85497000e-03 6.55700000e-05 4.00460000e-04 1.52916000e-03 -9.41700000e-05 -4.06920000e-04 -3.37620000e-04 -1.64914000e-03 1.27041000e-03 -2.46646000e-03 2.69093000e-03 -4.29590000e-04 -4.57980000e-04 7.92840000e-04 -7.66050000e-04 -7.09400000e-04 2.53212000e-03 1.24320000e-04 1.29681000e-03 -4.15250000e-04 4.32210000e-04 1.54700000e-05 3.02710000e-04 -3.22550000e-04 1.56123000e-03 7.33160000e-04 1.46646000e-03 7.79390000e-04 2.17452000e-03 9.77630000e-04 -1.85460000e-04 -6.28400000e-05 -3.93600000e-05 -2.33060000e-04 -3.46300000e-05 -2.05735000e-03 -4.22380000e-04 -1.48325000e-03 1.66254000e-03 6.27080000e-04 -1.83810000e-04 -1.39350000e-04 -7.99060000e-04 -5.71120000e-04 2.89862000e-03 9.41200000e-05 5.24700000e-05 6.46010000e-04 6.03620000e-04 1.40335000e-03 -2.76688000e-03 1.69322000e-03 1.73049000e-03 1.72250000e-03 -7.94370000e-04 1.57565000e-03 3.79580000e-04 -1.21573000e-03 -5.79210000e-04 -4.46270000e-04 8.26710000e-04
-1.05250000e-04 -1.06471000e-03 -7.14800000e-05 -5.09240000e-04 -1.77700000e-03 1.20580000e-04 1.93100000e-04 6.28700000e-04 -6.71000000e-06 1.32827000e-03 1.16687000e-03 4.21510000e-04 3.57070000e-04 -7.59250000e-04 8.81000000e-06 8.06300000e-05 1.67770000e-04 -3.67100000e-04 -1.20740000e-03 -5.20110000e-04 -8.26320000e-04 -1.63217000e-03 1.94840000e-04 4.56780000e-04 7.90100000e-04 1.23376580e-01 -2.34350000e-04 2.76170000e-04 -3.32000000e-04 3.92090000e-04 -9.66410000e-04 -1.01596000e-03 -5.17990000e-04 -1.04884000e-03 -2.43014000e-03 4.17720000e-04 -7.19220000e-04 3.63670000e-04 8.74950000e-04 -4.10010000e-04 -2.11798000e-03 -1.94410000e-03 -6.79740000e-04 -8.17350000e-04 -3.15761000e-03 2.27586000e-03 1.10090000e-04 9.70890000e-04 -2.96210000e-04 -9.32300000e-05 1.20497000e-03 5.22160000e-04 1.54758000e-03 -1.33400000e-04 1.08809000e-03 -1.04368000e-03 -5.35430000e-04 -2.96350000e-04 -8.64000000e-05 1.16480000e-04 -6.88670000e-04 5.57720000e-04 -3.88840000e-04 -5.54780000e-04 -1.82941000e-03 -1.66558000e-03 4.38550000e-04 -1.13537000e-03 2.97690000e-04 5.47280000e-04 -6.68700000e-05 2.97170000e-04 6.36470000e-04 -3.37230000e-04 5.61400000e-04 -7.02650000e-04 2.21940000e-04 -4.64880000e-04 1.31971000e-03 6.95880000e-04 1.65770000e-04 1.22430000e-04 -3.02730000e-04 -1.13027000e-03 -4.71860000e-04 5.98790000e-04 -2.09640000e-04 1.69300000e-04 2.72940000e-04 -7.75620000e-04 -6.57810000e-04 -2.06061000e-03 -1.18666000e-03 1.04066000e-03 -4.28200000e-04 -2.63990000e-04 -1.15007000e-03 -1.35138000e-03 8.77600000e-05 -3.33510000e-04 6.98800000e-04 5.92100000e-04 7.20630000e-04 -3.26900000e-04 -1.81108000e-03 9.79710000e-04 1.15416000e-03 -1.54686000e-03 -2.95250000e-04 5.13950000e-04 1.31600000e-04 -3.36600000e-04 -1.57356000e-03 9.81340000e-04 -1.28050000e-04 8.98440000e-04 -1.80510000e-04
-8.99000000e-05 1.76140000e-04 3.75200000e-05 -4.87400000e-05 1.14950000e-04 -2.51300000e-05 2.61600000e-05 4.27600000e-05 -2.61360000e-04 -6.83500000e-05 -9.45900000e-05 -1.15130000e-04 -5.67900000e-05 -2.75200000e-05 -6.46200000e-05 1.92500000e-05 -4.19700000e-05 1.10340000e-04 7.99300000e-05 2.10720000e-04 6.20800000e-05 1.69260000e-04 -2.73700000e-05 -1.13290000e-04 -1.81270000e-04 -2.34350000e-04 1.47499100e-02 -6.14600000e-05 1.93350000e-04 -7.64900000e-05 1.02950000e-04 1.60250000e-04 6.75200000e-05 -3.11200000e-05 2.46420000e-04 1.91000000e-05 4.43900000e-05 -1.70100000e-05 -1.22510000e-04 6.04200000e-05 1.21890000e-04 1.96220000e-04 -3.06000000e-06 5.83700000e-05 3.52770000e-04 -7.92900000e-05 4.76000000e-06 -9.95300000e-05 -6.49100000e-05 7.05600000e-05 -1.15880000e-04 -8.62700000e-05 -5.61600000e-05 -4.13700000e-05 -1.89740000e-04 1.30770000e-04 1.24640000e-04 -3.40000000e-05 1.10970000e-04 -8.50100000e-05 -6.54700000e-05 1.16000000e-05 1.37500000e-05 9.30900000e-05 5.56000000e-06 1.51240000e-04 -8.10000000e-05 1.29800000e-04 -5.07500000e-05 -1.19690000e-04 2.98830000e-04 -4.16500000e-05 -1.75000000e-04 1.45070000e-04 -1.66630000e-04 7.32600000e-05 -8.14400000e-05 6.70000000e-06 -1.77110000e-04 -4.46700000e-05 -1.83670000e-04 -1.89300000e-05 -1.85880000e-04 2.00800000e-05 -5.02600000e-05 -8.88400000e-05 2.38650000e-04 -7.59200000e-05 -7.39900000e-05 4.70300000e-05 -8.29900000e-05 1.36720000e-04 1.10670000e-04 1.53120000e-04 6.72400000e-05 1.49290000e-04 7.12700000e-05 2.01600000e-05 2.69940000e-04 -4.93000000e-06 -1.31020000e-04 3.64820000e-04 -1.47930000e-04 1.25630000e-04 7.38000000e-05 -6.15900000e-05 8.80000000e-05 3.44100000e-05 3.03200000e-05 -4.51900000e-05 1.37780000e-04 7.51300000e-05 7.41000000e-05 -1.66680000e-04 1.33600000e-04 3.18100000e-04 -1.30500000e-05
-3.41670000e-04 6.02100000e-05 4.24347000e-03 -2.75640000e-04 4.16580000e-04 1.32566000e-03 2.71200000e-04 6.74620000e-04 1.79610000e-04 3.66650000e-04 -5.09200000e-04 3.34610000e-04 -7.43170000e-04 -1.46490000e-04 -1.21080000e-04 2.91837000e-03 -2.15700000e-04 -3.61320000e-04 1.98500000e-04 -9.53320000e-04 -7.42200000e-05 3.14440000e-04 1.35671000e-03 7.37390000e-04 -5.50590000e-04 2.76170000e-04 -6.14600000e-05 1.62426400e-02 -3.14480000e-04 -4.64390000e-04 4.94000000e-06 -3.52600000e-05 1.32077000e-03 -1.35871000e-03 -1.94392000e-03 7.48500000e-04 1.50500000e-04 5.24320000e-04 2.45480000e-04 -1.66780000e-04 3.23480000e-04 -3.89500000e-05 6.11340000e-04 -4.46700000e-05 -1.92050000e-04 1.56329000e-03 -2.06100000e-04 2.78770000e-04 3.19809000e-03 -2.97610000e-04 2.25200000e-04 1.71055000e-03 5.78580000e-04 6.64690000e-04 6.50300000e-04 8.37600000e-05 1.34538000e-03 2.08790000e-04 -3.31840000e-04 -5.05260000e-04 2.82250000e-04 5.69830000e-04 -2.26400000e-05 1.10806000e-03 -1.75436000e-03 9.15310000e-04 -1.56975000e-03 -1.25010000e-04 9.08110000e-04 -1.60500000e-05 -9.28100000e-05 1.15101000e-03 -1.36840000e-03 -4.18790000e-04 -4.17710000e-04 -4.61500000e-05 2.09040000e-04 2.40160000e-04 6.07690000e-04 6.71020000e-04 -7.68540000e-04 -1.74490000e-04 -3.90270000e-04 -7.14360000e-04 -2.07690000e-03 -3.07700000e-04 -1.01180000e-04 5.74000000e-04 6.37800000e-04 -9.35000000e-06 2.93980000e-04 6.95080000e-04 2.02000000e-05 1.16064000e-03 -1.31681000e-03 -5.88740000e-04 -4.27210000e-04 -3.68310000e-04 1.82270000e-04 3.27490000e-04 -1.00009000e-03 -7.44170000e-04 4.20980000e-04 -5.43530000e-04 -1.30741000e-03 -1.20790000e-04 2.45721000e-03 -1.29081000e-03 -1.18487000e-03 -5.76400000e-04 6.83160000e-04 -1.21605000e-03 -9.41340000e-04 2.50475000e-03 3.27840000e-04 7.26940000e-04 -3.19690000e-04
-8.26500000e-05 2.23240000e-04 -6.69620000e-04 2.92000000e-05 1.32640000e-04 -3.25890000e-04 -8.13500000e-05 -9.53900000e-05 -2.78150000e-04 -3.02520000e-04 -6.72300000e-05 -1.66810000e-04 -2.53300000e-05 -3.48000000e-06 -3.41400000e-05 -5.01260000e-04 2.86500000e-05 2.20020000e-04 8.89700000e-05 5.80170000e-04 1.05610000e-04 2.41170000e-04 -3.41950000e-04 -2.54150000e-04 -1.63660000e-04 -3.32000000e-04 1.93350000e-04 -3.14480000e-04 2.07755900e-02 1.89770000e-04 1.30580000e-04 2.28440000e-04 -1.64770000e-04 3.42350000e-04 9.05670000e-04 -2.32250000e-04 -1.92000000e-06 -7.55300000e-05 -2.84110000e-04 1.64520000e-04 1.99350000e-04 3.16490000e-04 -1.19600000e-04 6.74400000e-05 6.37300000e-04 -4.31940000e-04 7.22500000e-05 -1.91450000e-04 -6.09340000e-04 1.52890000e-04 -3.07840000e-04 -4.39200000e-04 -3.03520000e-04 -1.58000000e-04 -2.46350000e-04 1.33170000e-04 -9.83700000e-05 -1.04370000e-04 1.97220000e-04 -1.10850000e-04 -1.24080000e-04 -8.58400000e-05 1.56600000e-05 -1.30250000e-04 5.23090000e-04 8.43400000e-05 1.55140000e-04 1.86420000e-04 -2.80940000e-04 -7.63500000e-05 4.21500000e-04 -3.47990000e-04 7.78900000e-05 3.13210000e-04 -7.09200000e-05 1.31140000e-04 -1.93020000e-04 -8.56700000e-05 -2.67440000e-04 -1.46930000e-04 8.27900000e-05 -3.57700000e-05 -1.92640000e-04 1.97060000e-04 5.38260000e-04 -4.39300000e-05 2.26760000e-04 -2.43050000e-04 -2.94280000e-04 3.07600000e-05 -1.47640000e-04 1.29990000e-04 1.87580000e-04 -7.14600000e-05 2.84800000e-04 2.69310000e-04 1.79200000e-04 1.61690000e-04 2.89850000e-04 -7.52700000e-05 -1.03610000e-04 5.36400000e-04 -2.78690000e-04 2.19900000e-04 3.84660000e-04 -1.99020000e-04 -4.79680000e-04 2.43520000e-04 2.51360000e-04 -6.29500000e-05 -7.82600000e-05 3.29510000e-04 2.97050000e-04 -8.37460000e-04 3.96400000e-05 3.10400000e-05 1.67400000e-05
5.31550000e-04 -3.65680000e-04 -3.77961000e-03 2.85630000e-04 -7.34710000e-04 -9.98050000e-04 -8.36700000e-05 -3.58550000e-04 2.67160000e-04 3.41170000e-04 7.99240000e-04 1.89830000e-04 9.99450000e-04 1.02680000e-04 1.30820000e-04 -2.32077000e-03 6.43150000e-04 3.93380000e-04 -3.66700000e-04 2.92240000e-04 -9.10300000e-05 -7.48730000e-04 -8.55960000e-04 -2.07850000e-04 8.25630000e-04 3.92090000e-04 -7.64900000e-05 -4.64390000e-04 1.89770000e-04 1.09902060e-01 -2.16820000e-04 -3.62880000e-04 -1.21878000e-03 9.15560000e-04 7.06370000e-04 -2.74650000e-04 -2.12930000e-04 -1.00180000e-04 3.75470000e-04 -4.11000000e-05 -7.91690000e-04 -4.69620000e-04 -4.92950000e-04 -1.93680000e-04 -7.78350000e-04 -6.23940000e-04 4.74530000e-04 4.00910000e-04 -2.45163000e-03 3.08040000e-04 4.36870000e-04 -1.13923000e-03 2.02340000e-04 -3.78270000e-04 6.82000000e-05 -2.83850000e-04 -1.26952000e-03 -7.60200000e-05 3.58850000e-04 6.46640000e-04 -1.53040000e-04 -1.66420000e-04 -2.66610000e-04 -1.05730000e-03 1.05307000e-03 -1.37915000e-03 1.56130000e-03 -2.32210000e-04 -4.45520000e-04 5.96420000e-04 -1.14060000e-04 -6.85140000e-04 1.66709000e-03 3.04850000e-04 8.06910000e-04 -1.70500000e-04 9.35800000e-05 -1.14770000e-04 2.95050000e-04 -1.57250000e-04 1.14903000e-03 4.35450000e-04 6.84480000e-04 4.12770000e-04 1.74229000e-03 6.09250000e-04 -4.50500000e-05 -1.94660000e-04 -2.90570000e-04 -3.04170000e-04 -1.16350000e-04 -1.16145000e-03 -2.96230000e-04 -8.49330000e-04 8.53410000e-04 5.17480000e-04 -1.25030000e-04 -1.30830000e-04 -2.93700000e-04 -4.34100000e-04 1.24078000e-03 2.72190000e-04 -1.09600000e-04 3.18710000e-04 4.02560000e-04 6.04980000e-04 -1.83067000e-03 7.01170000e-04 9.62930000e-04 8.61450000e-04 -6.02530000e-04 1.02200000e-03 2.44630000e-04 -1.14119000e-03 -3.85530000e-04 -3.98340000e-04 3.59590000e-04
-1.91600000e-04 5.25130000e-04 7.73140000e-04 1.02410000e-04 8.01510000e-04 7.33000000e-06 -9.94600000e-05 -1.74920000e-04 -7.95800000e-05 -6.30780000e-04 -5.08780000e-04 -2.27040000e-04 -4.08510000e-04 1.90340000e-04 -5.71800000e-05 4.05910000e-04 -1.81480000e-04 1.96400000e-05 5.03400000e-04 3.70490000e-04 3.95050000e-04 7.55240000e-04 8.53200000e-05 -2.16800000e-05 -3.97060000e-04 -9.66410000e-04 1.02950000e-04 4.94000000e-06 1.30580000e-04 -2.16820000e-04 9.37425000e-03 4.63200000e-04 3.94400000e-04 2.33690000e-04 8.32700000e-04 -2.34680000e-04 3.50630000e-04 -1.63710000e-04 -3.84410000e-04 2.16700000e-04 9.14930000e-04 8.61690000e-04 2.30650000e-04 3.70940000e-04 1.45038000e-03 -5.92820000e-04 -4.81600000e-05 -3.96530000e-04 5.81400000e-04 7.58500000e-05 -5.25080000e-04 3.49000000e-05 -5.94770000e-04 1.63080000e-04 -3.49520000e-04 4.11730000e-04 5.06480000e-04 1.79300000e-04 7.46000000e-06 -1.98020000e-04 2.27980000e-04 -1.94830000e-04 2.89100000e-04 3.12170000e-04 5.55590000e-04 8.02980000e-04 -4.43550000e-04 5.18330000e-04 -1.31800000e-05 -3.41680000e-04 1.36570000e-04 -2.33600000e-05 -4.49380000e-04 6.93500000e-05 -3.43190000e-04 3.33730000e-04 -1.11970000e-04 2.06110000e-04 -4.99200000e-04 -2.64930000e-04 -3.11840000e-04 -1.55500000e-04 -1.20150000e-04 2.46990000e-04 -6.63900000e-05 -3.04670000e-04 1.03910000e-04 7.81200000e-05 -6.90900000e-05 5.64610000e-04 1.85370000e-04 9.64100000e-04 5.16180000e-04 -2.20940000e-04 -9.46700000e-05 -1.53200000e-05 2.75810000e-04 3.87850000e-04 2.19600000e-05 6.78900000e-05 -5.59970000e-04 -8.45300000e-05 -2.54530000e-04 7.73300000e-05 3.72180000e-04 -5.31960000e-04 -2.90710000e-04 3.14330000e-04 -2.57600000e-05 -4.48240000e-04 -4.91300000e-05 -5.41200000e-05 3.01310000e-04 -4.73430000e-04 9.30900000e-05 -4.45170000e-04 2.65500000e-05
-4.96990000e-04 6.55430000e-04 1.79823000e-03 -1.44300000e-05 9.03540000e-04 3.11290000e-04 -1.02000000e-04 -3.57000000e-05 -3.29220000e-04 -8.25910000e-04 -7.57810000e-04 -3.42850000e-04 -7.63820000e-04 9.36500000e-05 -3.54400000e-05 1.01341000e-03 -3.88930000e-04 -2.95700000e-05 5.89260000e-04 4.66460000e-04 3.37430000e-04 1.08254000e-03 2.04470000e-04 -1.04910000e-04 -7.95390000e-04 -1.01596000e-03 1.60250000e-04 -3.52600000e-05 2.28440000e-04 -3.62880000e-04 4.63200000e-04 1.13556900e-02 7.40570000e-04 1.37000000e-06 8.44800000e-04 -2.11480000e-04 2.69120000e-04 -9.86500000e-05 -6.71780000e-04 3.25230000e-04 1.10624000e-03 9.39310000e-04 3.19160000e-04 3.50660000e-04 1.63136000e-03 -3.68600000e-04 -2.54100000e-04 -5.70770000e-04 1.12099000e-03 -4.78500000e-05 -8.06520000e-04 2.59120000e-04 -7.57200000e-04 1.84250000e-04 -3.17500000e-04 4.94190000e-04 7.54870000e-04 3.65700000e-05 -5.97300000e-05 -5.23620000e-04 1.47600000e-04 -7.85600000e-05 3.24690000e-04 6.34090000e-04 2.88950000e-04 1.28760000e-03 -9.40990000e-04 5.40200000e-04 -4.24000000e-06 -5.01900000e-04 4.07000000e-04 4.16500000e-05 -1.00712000e-03 1.01490000e-04 -6.13920000e-04 3.93080000e-04 -2.55730000e-04 8.95700000e-05 -5.65310000e-04 -1.98410000e-04 -6.11110000e-04 -3.32480000e-04 -5.31700000e-04 9.69800000e-05 -3.81470000e-04 -4.75810000e-04 1.65300000e-04 -9.96100000e-05 -1.41080000e-04 4.19400000e-04 9.62200000e-05 1.24123000e-03 5.20300000e-04 1.94910000e-04 -3.17060000e-04 -9.60300000e-05 4.50890000e-04 4.83290000e-04 3.42760000e-04 2.87970000e-04 -1.16434000e-03 9.97800000e-05 -2.18740000e-04 -5.85000000e-05 4.41110000e-04 -8.39640000e-04 4.03280000e-04 -8.12000000e-05 -3.94070000e-04 -7.91050000e-04 1.62940000e-04 -3.30300000e-04 3.94910000e-04 -3.14660000e-04 2.31530000e-04 -1.76420000e-04 -2.17950000e-04
-1.43594000e-03 8.16130000e-04 8.98705000e-03 -5.98690000e-04 1.58018000e-03 2.52085000e-03 2.99600000e-04 1.12319000e-03 -2.87720000e-04 -6.43240000e-04 -1.84602000e-03 3.68100000e-05 -2.31487000e-03 -3.02300000e-04 -2.95380000e-04 5.73534000e-03 -1.05226000e-03 -7.36030000e-04 8.59070000e-04 -6.69480000e-04 1.27540000e-04 1.82963000e-03 2.13356000e-03 8.18770000e-04 -1.98775000e-03 -5.17990000e-04 6.75200000e-05 1.32077000e-03 -1.64770000e-04 -1.21878000e-03 3.94400000e-04 7.40570000e-04 3.46279200e-02 -2.19422000e-03 -1.98546000e-03 8.51260000e-04 3.06020000e-04 7.47730000e-04 -7.73230000e-04 1.92790000e-04 1.82203000e-03 9.05550000e-04 1.23626000e-03 2.85380000e-04 1.51368000e-03 2.10718000e-03 -8.15170000e-04 -4.93140000e-04 6.20440000e-03 -6.24730000e-04 -8.90510000e-04 2.95754000e-03 -1.91340000e-04 1.18834000e-03 6.41620000e-04 5.63810000e-04 2.88618000e-03 1.16690000e-04 -6.97730000e-04 -1.68458000e-03 4.19570000e-04 8.71130000e-04 3.33930000e-04 2.56082000e-03 -2.56666000e-03 3.14903000e-03 -3.75698000e-03 3.19640000e-04 1.18438000e-03 -7.54830000e-04 5.48730000e-04 1.61306000e-03 -3.49148000e-03 -4.52180000e-04 -1.50422000e-03 3.47510000e-04 -1.13420000e-04 1.90620000e-04 1.08790000e-04 8.92030000e-04 -2.07772000e-03 -8.79650000e-04 -1.63327000e-03 -1.21737000e-03 -3.77545000e-03 -1.14494000e-03 2.74400000e-05 5.10400000e-04 6.53880000e-04 3.11610000e-04 3.66770000e-04 2.59466000e-03 5.42620000e-04 2.38791000e-03 -2.54777000e-03 -1.15303000e-03 -6.18800000e-05 -1.75500000e-04 8.49220000e-04 7.77590000e-04 -3.50728000e-03 -7.16640000e-04 2.99970000e-04 -9.27430000e-04 -1.52578000e-03 -1.39108000e-03 4.69079000e-03 -2.50301000e-03 -2.45973000e-03 -2.05017000e-03 1.37212000e-03 -2.48912000e-03 -1.02231000e-03 3.07558000e-03 8.88940000e-04 9.56180000e-04 -9.51090000e-04
1.13766000e-03 -4.77300000e-05 -7.25378000e-03 8.96250000e-04 -3.62060000e-04 -2.31280000e-03 -4.02810000e-04 -1.30499000e-03 4.54000000e-05 -3.91550000e-04 9.32280000e-04 -3.13680000e-04 1.55186000e-03 6.64750000e-04 3.23350000e-04 -4.67419000e-03 6.32970000e-04 6.13870000e-04 -1.49550000e-04 1.65889000e-03 3.20060000e-04 -6.08890000e-04 -1.91264000e-03 -7.49690000e-04 1.25932000e-03 -1.04884000e-03 -3.11200000e-05 -1.35871000e-03 3.42350000e-04 9.15560000e-04 2.33690000e-04 1.37000000e-06 -2.19422000e-03 3.87886200e-02 3.72522000e-03 -1.13104000e-03 5.02100000e-05 -8.97800000e-04 -1.18400000e-05 1.73070000e-04 -2.57010000e-04 2.62720000e-04 -7.46110000e-04 2.00170000e-04 5.50770000e-04 -2.69558000e-03 5.58360000e-04 -1.87270000e-04 -4.81605000e-03 6.29530000e-04 -1.81700000e-05 -2.64256000e-03 -7.64750000e-04 -7.27980000e-04 -7.79520000e-04 -9.61400000e-05 -1.99990000e-03 1.16000000e-06 5.35030000e-04 1.33137000e-03 2.38200000e-05 -1.08108000e-03 3.14000000e-05 -1.93750000e-03 3.47313000e-03 -1.63682000e-03 3.03677000e-03 3.35070000e-04 -1.19206000e-03 3.43560000e-04 -3.22910000e-04 -1.71099000e-03 2.97130000e-03 5.71060000e-04 1.04852000e-03 1.61300000e-04 -1.05850000e-04 -5.55000000e-05 -6.81880000e-04 -1.13691000e-03 1.85691000e-03 6.67490000e-04 1.27393000e-03 1.71061000e-03 3.89809000e-03 6.89520000e-04 3.85800000e-05 -5.56380000e-04 -8.14080000e-04 3.82980000e-04 2.60800000e-05 -9.94830000e-04 4.83330000e-04 -2.58498000e-03 2.40463000e-03 8.30690000e-04 4.74480000e-04 7.04100000e-04 -7.88140000e-04 -7.05040000e-04 2.28621000e-03 3.96560000e-04 -6.70620000e-04 7.92610000e-04 2.04250000e-03 4.03610000e-04 -4.67642000e-03 2.71168000e-03 2.04573000e-03 1.17883000e-03 -1.39156000e-03 2.13348000e-03 1.40695000e-03 -3.49214000e-03 -7.10990000e-04 -1.52613000e-03 7.23200000e-04
1.09840000e-03 7.94910000e-04 -6.45213000e-03 1.09613000e-03 8.98630000e-04 -2.76184000e-03 -7.08060000e-04 -1.58605000e-03 -6.99790000e-04 -1.69240000e-03 2.10170000e-04 -9.68540000e-04 9.37110000e-04 9.10790000e-04 1.73570000e-04 -4.33443000e-03 1.85790000e-04 7.46720000e-04 2.83420000e-04 3.44012000e-03 7.61100000e-04 3.35490000e-04 -2.10584000e-03 -1.24768000e-03 4.93210000e-04 -2.43014000e-03 2.46420000e-04 -1.94392000e-03 9.05670000e-04 7.06370000e-04 8.32700000e-04 8.44800000e-04 -1.98546000e-03 3.72522000e-03 5.20777200e-02 -1.87955000e-03 3.74080000e-04 -1.28740000e-03 -1.06518000e-03 6.99670000e-04 1.11095000e-03 1.70032000e-03 -6.69460000e-04 6.17130000e-04 3.45256000e-03 -3.88056000e-03 3.40520000e-04 -1.12317000e-03 -4.51888000e-03 7.38800000e-04 -1.28548000e-03 -3.06890000e-03 -2.03337000e-03 -7.72360000e-04 -1.59406000e-03 4.14540000e-04 -1.04550000e-03 -1.05830000e-04 6.60530000e-04 9.54540000e-04 4.65000000e-05 -1.49131000e-03 3.41490000e-04 -1.72485000e-03 4.84709000e-03 -5.37100000e-04 2.71801000e-03 1.12092000e-03 -1.59842000e-03 -3.05800000e-04 4.36730000e-04 -2.19220000e-03 2.23382000e-03 9.87960000e-04 3.85330000e-04 6.30350000e-04 -6.78900000e-04 -9.51600000e-05 -1.80001000e-03 -1.74053000e-03 1.52020000e-03 2.38870000e-04 6.23290000e-04 2.54999000e-03 4.63133000e-03 1.01030000e-04 3.69840000e-04 -9.91500000e-04 -1.35216000e-03 1.04838000e-03 -5.23500000e-05 3.81580000e-04 1.85124000e-03 -2.82132000e-03 3.03957000e-03 9.34730000e-04 1.12849000e-03 1.58432000e-03 -1.62620000e-04 -6.23590000e-04 1.75100000e-03 1.11079000e-03 -1.36998000e-03 1.19501000e-03 3.16966000e-03 -6.88870000e-04 -5.50496000e-03 3.67941000e-03 2.28906000e-03 4.15230000e-04 -1.52909000e-03 2.42225000e-03 2.31492000e-03 -4.96471000e-03 -5.68130000e-04 -1.74425000e-03 7.28210000e-04
-1.55450000e-04 -1.69460000e-04 2.63719000e-03 -2.14420000e-04 -1.20700000e-05 1.08166000e-03 3.74370000e-04 6.45350000e-04 1.40820000e-04 6.44870000e-04 -2.18130000e-04 4.15440000e-04 -2.76800000e-04 -1.80730000e-04 -6.68200000e-05 1.90440000e-03 -2.75300000e-05 -1.97850000e-04 -6.15000000e-05 -9.62210000e-04 -2.52860000e-04 -8.00300000e-05 9.18260000e-04 5.20360000e-04 -2.38150000e-04 4.17720000e-04 1.91000000e-05 7.48500000e-04 -2.32250000e-04 -2.74650000e-04 -2.34680000e-04 -2.11480000e-04 8.51260000e-04 -1.13104000e-03 -1.87955000e-03 1.27888500e-02 -5.40400000e-05 5.61870000e-04 3.68920000e-04 -1.58960000e-04 -1.10430000e-04 -3.85030000e-04 4.37290000e-04 -1.54980000e-04 -7.65730000e-04 1.42623000e-03 -9.80400000e-05 4.25460000e-04 2.02971000e-03 -2.20670000e-04 4.60920000e-04 1.23107000e-03 7.69890000e-04 4.68480000e-04 6.94560000e-04 -7.39500000e-05 7.28240000e-04 4.02100000e-05 -1.84920000e-04 -2.51480000e-04 1.68420000e-04 6.26240000e-04 -2.13380000e-04 7.71790000e-04 -1.55869000e-03 3.74780000e-04 -9.53490000e-04 -3.19710000e-04 6.42430000e-04 2.52950000e-04 -4.35400000e-05 8.38980000e-04 -6.81520000e-04 -2.25340000e-04 -1.24240000e-04 -1.64910000e-04 2.75700000e-04 9.10000000e-05 7.09310000e-04 7.13280000e-04 -3.69740000e-04 3.58100000e-05 -1.73600000e-04 -6.54950000e-04 -1.48314000e-03 -9.06000000e-06 4.59000000e-06 3.36530000e-04 5.22650000e-04 -3.33310000e-04 1.81330000e-04 1.21740000e-04 -2.24640000e-04 1.03894000e-03 -9.49200000e-04 -3.50930000e-04 -3.56640000e-04 -4.76570000e-04 1.86510000e-04 2.06810000e-04 -5.96210000e-04 -4.88670000e-04 3.69100000e-04 -3.48580000e-04 -1.06152000e-03 2.41480000e-04 2.08506000e-03 -1.06765000e-03 -8.11610000e-04 -1.15590000e-04 6.77620000e-04 -8.35120000e-04 -7.41840000e-04 2.10550000e-03 3.06720000e-04 8.69010000e-04 -1.97810000e-04
1.10620000e-04 3.39100000e-04 6.70830000e-04 1.45330000e-04 6.72610000e-04 1.86270000e-04 -3.26900000e-05 -8.31700000e-05 1.10790000e-04 -3.22820000e-04 -3.36940000e-04 -7.34000000e-05 -1.76150000e-04 2.44460000e-04 2.49200000e-05 4.78870000e-04 -4.13300000e-05 4.35500000e-05 3.35720000e-04 3.16100000e-05 3.10270000e-04 3.48480000e-04 2.76790000e-04 3.85100000e-05 -1.70120000e-04 -7.19220000e-04 4.43900000e-05 1.50500000e-04 -1.92000000e-06 -2.12930000e-04 3.50630000e-04 2.69120000e-04 3.06020000e-04 5.02100000e-05 3.74080000e-04 -5.40400000e-05 2.57481200e-02 -6.69900000e-05 -1.03470000e-04 1.35560000e-04 6.23870000e-04 6.27230000e-04 2.68830000e-04 2.72380000e-04 1.06062000e-03 -4.65520000e-04 9.26000000e-06 -1.68080000e-04 6.53940000e-04 2.01800000e-05 -2.55790000e-04 1.46520000e-04 -3.33200000e-04 2.11650000e-04 -2.72170000e-04 3.35930000e-04 5.68250000e-04 2.31980000e-04 7.27000000e-06 3.00300000e-05 2.82610000e-04 -8.32800000e-05 2.23630000e-04 2.96510000e-04 2.90370000e-04 4.49170000e-04 -3.36450000e-04 3.76420000e-04 1.65720000e-04 -1.54880000e-04 -5.35300000e-05 1.98000000e-04 -4.21480000e-04 -1.80700000e-05 -2.06570000e-04 2.00540000e-04 6.69500000e-05 2.81740000e-04 -2.81190000e-04 -1.40300000e-04 -2.11370000e-04 -7.23000000e-05 1.47270000e-04 2.77360000e-04 -2.27940000e-04 -1.70230000e-04 1.82600000e-05 1.90950000e-04 1.28170000e-04 4.20100000e-04 2.74930000e-04 6.77040000e-04 4.88560000e-04 -2.12770000e-04 -7.26100000e-05 -3.19600000e-05 2.70350000e-04 4.01780000e-04 -5.20000000e-05 1.90270000e-04 -8.88800000e-05 -3.20060000e-04 -4.16800000e-05 1.13850000e-04 3.37930000e-04 -2.57550000e-04 -5.87100000e-05 4.31970000e-04 6.93800000e-05 -2.05430000e-04 -7.27000000e-06 -2.06200000e-05 3.27180000e-04 6.75000000e-05 3.31100000e-05 -2.83450000e-04 1.46620000e-04
-2.25710000e-04 -6.98700000e-05 2.35554000e-03 -1.99310000e-04 1.04280000e-04 8.54770000e-04 2.43990000e-04 5.71430000e-04 1.01890000e-04 3.04900000e-04 -2.55220000e-04 3.37860000e-04 -3.99030000e-04 -1.79710000e-04 -9.02100000e-05 1.62534000e-03 -5.31500000e-05 -1.33140000e-04 -2.72100000e-05 -5.58360000e-04 -1.84620000e-04 5.99400000e-05 6.90360000e-04 3.63430000e-04 -2.97490000e-04 3.63670000e-04 -1.70100000e-05 5.24320000e-04 -7.55300000e-05 -1.00180000e-04 -1.63710000e-04 -9.86500000e-05 7.47730000e-04 -8.97800000e-04 -1.28740000e-03 5.61870000e-04 -6.69900000e-05 2.83673000e-02 1.26170000e-04 -5.05600000e-05 4.00000000e-05 -1.93590000e-04 3.37650000e-04 -1.19980000e-04 -3.33730000e-04 1.08257000e-03 -1.05470000e-04 2.48480000e-04 1.71266000e-03 -1.71870000e-04 1.57010000e-04 9.78070000e-04 4.28870000e-04 3.75920000e-04 5.39120000e-04 -4.36100000e-05 6.82610000e-04 -2.38000000e-05 -1.30570000e-04 -3.70470000e-04 9.00200000e-05 5.30840000e-04 -1.69780000e-04 6.63290000e-04 -1.16891000e-03 4.55220000e-04 -9.16540000e-04 -2.16240000e-04 4.52900000e-04 1.76490000e-04 1.22640000e-04 6.04770000e-04 -7.22190000e-04 -7.94700000e-05 -1.43770000e-04 -1.01820000e-04 1.42530000e-04 6.52000000e-06 5.02930000e-04 6.13130000e-04 -2.94540000e-04 -1.01400000e-04 -3.02680000e-04 -5.27150000e-04 -1.15328000e-03 -7.45100000e-05 -1.82400000e-05 1.81390000e-04 3.31170000e-04 -2.70470000e-04 8.34900000e-05 2.51980000e-04 -9.58800000e-05 9.57730000e-04 -8.21210000e-04 -2.77530000e-04 -2.36780000e-04 -3.31590000e-04 2.72140000e-04 1.64370000e-04 -6.99400000e-04 -2.41820000e-04 2.38740000e-04 -2.31980000e-04 -8.02590000e-04 9.86000000e-06 1.68922000e-03 -9.36830000e-04 -6.42760000e-04 -2.62860000e-04 5.17450000e-04 -6.87080000e-04 -5.56420000e-04 1.41102000e-03 2.65040000e-04 5.94400000e-04 -1.78400000e-04
7.58610000e-04 -6.45500000e-04 -1.95984000e-03 1.35920000e-04 -8.72420000e-04 -3.04510000e-04 1.70380000e-04 2.39100000e-05 5.07880000e-04 1.08717000e-03 9.25040000e-04 4.55180000e-04 1.01913000e-03 5.98200000e-05 7.85600000e-05 -9.96460000e-04 5.91780000e-04 1.63050000e-04 -4.93390000e-04 -7.90140000e-04 -2.40020000e-04 -1.15511000e-03 -1.87200000e-05 2.33980000e-04 9.88690000e-04 8.74950000e-04 -1.22510000e-04 2.45480000e-04 -2.84110000e-04 3.75470000e-04 -3.84410000e-04 -6.71780000e-04 -7.73230000e-04 -1.18400000e-05 -1.06518000e-03 3.68920000e-04 -1.03470000e-04 1.26170000e-04 2.72232800e-02 -3.46430000e-04 -1.16874000e-03 -9.19620000e-04 -1.99190000e-04 -2.96650000e-04 -1.72620000e-03 3.46780000e-04 3.87120000e-04 8.31380000e-04 -1.06669000e-03 1.27970000e-04 1.08326000e-03 -2.02490000e-04 9.74750000e-04 -1.29020000e-04 3.63550000e-04 -3.74820000e-04 -7.23350000e-04 1.44740000e-04 1.59490000e-04 7.93290000e-04 1.20900000e-05 1.07040000e-04 -3.29760000e-04 -6.20910000e-04 -2.81450000e-04 -1.42775000e-03 1.08904000e-03 -4.85520000e-04 2.03360000e-04 6.65260000e-04 -5.71710000e-04 1.86160000e-04 1.12192000e-03 -1.45970000e-04 7.39380000e-04 -3.61100000e-04 4.23760000e-04 1.29530000e-04 7.47340000e-04 2.15740000e-04 7.39510000e-04 5.12350000e-04 8.56380000e-04 4.72200000e-05 3.81360000e-04 6.09620000e-04 -1.46960000e-04 2.97970000e-04 3.29160000e-04 -3.59900000e-04 9.46300000e-05 -1.31828000e-03 -5.16510000e-04 -3.46770000e-04 4.15240000e-04 2.07990000e-04 -4.66170000e-04 -3.90110000e-04 -4.21340000e-04 -2.01940000e-04 1.61718000e-03 -3.33140000e-04 3.16030000e-04 9.55500000e-05 -4.24950000e-04 1.08078000e-03 -5.23630000e-04 3.52470000e-04 5.05750000e-04 1.02631000e-03 -1.31060000e-04 4.77820000e-04 -3.44360000e-04 8.00860000e-04 -2.57470000e-04 3.11360000e-04 3.71330000e-04
-1.36480000e-04 3.04570000e-04 3.35360000e-04 7.42900000e-05 5.39500000e-04 6.76100000e-05 -6.83100000e-05 -1.07380000e-04 -3.17400000e-05 -5.02470000e-04 -4.13260000e-04 -1.74210000e-04 -2.39580000e-04 1.07000000e-04 5.00000000e-05 8.32900000e-05 -9.13300000e-05 8.47800000e-05 2.70590000e-04 2.49350000e-04 2.20720000e-04 5.10790000e-04 -1.28860000e-04 -1.98470000e-04 -3.16200000e-04 -4.10010000e-04 6.04200000e-05 -1.66780000e-04 1.64520000e-04 -4.11000000e-05 2.16700000e-04 3.25230000e-04 1.92790000e-04 1.73070000e-04 6.99670000e-04 -1.58960000e-04 1.35560000e-04 -5.05600000e-05 -3.46430000e-04 1.20698200e-02 6.52250000e-04 5.85930000e-04 1.44870000e-04 2.25180000e-04 1.09051000e-03 -5.21790000e-04 9.29000000e-06 -2.83750000e-04 1.76850000e-04 3.37300000e-05 -4.84980000e-04 -9.93600000e-05 -5.22920000e-04 4.42300000e-05 -1.25940000e-04 2.86540000e-04 2.00340000e-04 -4.70000000e-06 6.61200000e-05 -2.06460000e-04 1.07830000e-04 1.35500000e-05 1.87390000e-04 1.99140000e-04 5.08480000e-04 5.53490000e-04 -3.05040000e-04 3.04690000e-04 -1.54960000e-04 -8.72200000e-05 2.29920000e-04 -1.53460000e-04 -2.54280000e-04 1.73080000e-04 -1.92190000e-04 2.42410000e-04 -1.22100000e-04 2.59500000e-05 -2.95250000e-04 -1.25280000e-04 -8.39200000e-05 -1.31600000e-04 -5.60100000e-05 2.00410000e-04 2.76460000e-04 -8.28000000e-05 4.77300000e-05 -1.24480000e-04 -1.64870000e-04 1.30220000e-04 9.40700000e-05 6.61400000e-04 2.95660000e-04 -1.27750000e-04 -4.90300000e-05 7.58000000e-05 4.43280000e-04 4.26840000e-04 1.14020000e-04 1.91160000e-04 -5.32530000e-04 -3.29800000e-05 -1.52230000e-04 9.18400000e-05 6.19210000e-04 -4.30520000e-04 -1.87550000e-04 2.30330000e-04 2.74600000e-05 -2.86790000e-04 -1.83900000e-05 6.14300000e-05 5.52550000e-04 -4.84330000e-04 4.25900000e-05 -4.23030000e-04 3.15000000e-05
-8.02130000e-04 1.19711000e-03 4.75758000e-03 3.73000000e-05 2.16066000e-03 1.10569000e-03 -6.14900000e-05 1.08840000e-04 -2.52760000e-04 -1.49874000e-03 -1.78083000e-03 -4.06130000e-04 -1.60711000e-03 2.66690000e-04 -5.82900000e-05 2.83169000e-03 -7.37120000e-04 -2.13810000e-04 1.18613000e-03 4.80370000e-04 6.87350000e-04 2.09323000e-03 8.05120000e-04 1.00150000e-04 -1.56559000e-03 -2.11798000e-03 1.21890000e-04 3.23480000e-04 1.99350000e-04 -7.91690000e-04 9.14930000e-04 1.10624000e-03 1.82203000e-03 -2.57010000e-04 1.11095000e-03 -1.10430000e-04 6.23870000e-04 4.00000000e-05 -1.16874000e-03 6.52250000e-04 1.83011100e-02 1.96973000e-03 9.26800000e-04 7.23050000e-04 3.42743000e-03 -4.31790000e-04 -4.40030000e-04 -1.00440000e-03 3.37071000e-03 -1.91210000e-04 -1.48644000e-03 1.10075000e-03 -1.34891000e-03 7.38640000e-04 -2.81760000e-04 9.34380000e-04 1.94008000e-03 2.08220000e-04 -2.80720000e-04 -1.10082000e-03 5.87050000e-04 5.04300000e-05 6.13030000e-04 1.53711000e-03 2.85280000e-04 2.77398000e-03 -2.22412000e-03 9.88140000e-04 2.71880000e-04 -7.94280000e-04 4.78840000e-04 4.10050000e-04 -2.07062000e-03 4.19900000e-05 -1.16281000e-03 7.35700000e-04 -3.13490000e-04 3.03850000e-04 -8.41580000e-04 -9.37600000e-05 -1.12484000e-03 -6.36290000e-04 -7.77830000e-04 1.01810000e-04 -1.21028000e-03 -9.31700000e-04 8.65600000e-05 1.07030000e-04 -1.61500000e-05 7.98560000e-04 5.04740000e-04 2.86403000e-03 1.21044000e-03 4.63640000e-04 -1.06512000e-03 -4.48010000e-04 8.22930000e-04 9.53090000e-04 4.14130000e-04 6.41300000e-04 -2.49115000e-03 -5.66750000e-04 -3.11080000e-04 -2.02920000e-04 5.94270000e-04 -1.61888000e-03 1.29535000e-03 -2.72210000e-04 -9.53390000e-04 -1.60824000e-03 4.37320000e-04 -9.68260000e-04 6.33660000e-04 2.30020000e-04 4.65850000e-04 -6.55880000e-04 -3.07250000e-04
-3.50140000e-04 1.04994000e-03 2.12469000e-03 1.76400000e-04 1.79886000e-03 3.76630000e-04 -1.71710000e-04 -2.02030000e-04 -2.14330000e-04 -1.32033000e-03 -1.23308000e-03 -4.65730000e-04 -9.55120000e-04 3.46150000e-04 1.09000000e-05 1.22138000e-03 -4.00670000e-04 8.18300000e-05 9.60460000e-04 6.85310000e-04 6.88620000e-04 1.53217000e-03 2.62710000e-04 -1.52040000e-04 -1.00922000e-03 -1.94410000e-03 1.96220000e-04 -3.89500000e-05 3.16490000e-04 -4.69620000e-04 8.61690000e-04 9.39310000e-04 9.05550000e-04 2.62720000e-04 1.70032000e-03 -3.85030000e-04 6.27230000e-04 -1.93590000e-04 -9.19620000e-04 5.85930000e-04 1.96973000e-03 2.19931900e-02 5.48880000e-04 6.52970000e-04 3.22954000e-03 -1.12295000e-03 -1.90840000e-04 -8.50350000e-04 1.56825000e-03 2.67800000e-05 -1.24359000e-03 1.82780000e-04 -1.30416000e-03 3.66510000e-04 -6.37630000e-04 8.61540000e-04 1.27814000e-03 2.10070000e-04 4.72000000e-06 -6.09810000e-04 4.45120000e-04 -2.21660000e-04 5.18960000e-04 8.11300000e-04 9.93850000e-04 1.81491000e-03 -1.20159000e-03 9.81630000e-04 -3.11100000e-05 -6.44270000e-04 4.22730000e-04 8.96000000e-06 -1.24180000e-03 2.09200000e-04 -8.18540000e-04 6.29140000e-04 -2.83230000e-04 3.25030000e-04 -9.63660000e-04 -4.08570000e-04 -6.71050000e-04 -4.09220000e-04 -3.36400000e-04 4.76070000e-04 -2.54140000e-04 -6.47430000e-04 1.77140000e-04 -3.34300000e-05 -1.77950000e-04 8.00810000e-04 3.32690000e-04 2.11017000e-03 1.14379000e-03 -2.03010000e-04 -3.08020000e-04 -1.61000000e-05 8.72270000e-04 1.08331000e-03 2.69840000e-04 4.68550000e-04 -1.33651000e-03 -1.98940000e-04 -3.84820000e-04 1.84900000e-04 1.06343000e-03 -1.20342000e-03 -6.70000000e-05 5.66910000e-04 -1.31850000e-04 -1.01679000e-03 5.85700000e-05 -1.59520000e-04 9.75240000e-04 -7.18560000e-04 2.30890000e-04 -8.35420000e-04 5.59800000e-05
-3.03060000e-04 3.72760000e-04 3.44354000e-03 -6.11900000e-05 8.91470000e-04 1.08418000e-03 1.71360000e-04 3.96850000e-04 1.02030000e-04 -2.40580000e-04 -8.01840000e-04 1.18390000e-04 -7.76450000e-04 8.14500000e-05 -6.12000000e-05 2.31202000e-03 -2.95500000e-04 -2.09400000e-04 4.57040000e-04 -4.42980000e-04 1.26640000e-04 7.37770000e-04 9.49270000e-04 3.72780000e-04 -6.95680000e-04 -6.79740000e-04 -3.06000000e-06 6.11340000e-04 -1.19600000e-04 -4.92950000e-04 2.30650000e-04 3.19160000e-04 1.23626000e-03 -7.46110000e-04 -6.69460000e-04 4.37290000e-04 2.68830000e-04 3.37650000e-04 -1.99190000e-04 1.44870000e-04 9.26800000e-04 5.48880000e-04 1.24101500e-02 2.07400000e-04 8.82190000e-04 5.68810000e-04 -2.75080000e-04 -1.33800000e-04 2.60332000e-03 -2.42080000e-04 -3.12660000e-04 1.18338000e-03 -1.29760000e-04 5.93400000e-04 2.65100000e-04 3.48160000e-04 1.25577000e-03 1.54830000e-04 -2.50430000e-04 -4.84200000e-04 4.06680000e-04 3.56470000e-04 9.83800000e-05 1.08633000e-03 -7.86900000e-04 1.30905000e-03 -1.44070000e-03 2.23030000e-04 5.53000000e-04 -1.59190000e-04 5.06800000e-05 7.38700000e-04 -1.30060000e-03 -1.71870000e-04 -5.06230000e-04 1.73710000e-04 8.33300000e-05 2.37040000e-04 6.92800000e-05 3.64000000e-04 -6.49640000e-04 -2.48450000e-04 -3.05530000e-04 -2.49530000e-04 -1.39607000e-03 -3.77950000e-04 -2.84200000e-05 2.62450000e-04 3.75510000e-04 1.79230000e-04 3.72110000e-04 1.20752000e-03 4.15740000e-04 7.09920000e-04 -9.36140000e-04 -4.30110000e-04 1.20460000e-04 1.50700000e-04 1.96510000e-04 3.98030000e-04 -1.18993000e-03 -6.58470000e-04 1.36860000e-04 -3.00360000e-04 -3.68310000e-04 -4.92410000e-04 1.70696000e-03 -6.11280000e-04 -8.44250000e-04 -6.95560000e-04 5.22260000e-04 -8.87720000e-04 -1.72060000e-04 1.46454000e-03 3.36200000e-04 2.19770000e-04 -2.07790000e-04
-7.69300000e-05 3.64900000e-04 4.47540000e-04 1.19710000e-04 6.11690000e-04 6.19200000e-05 -6.02900000e-05 -1.45880000e-04 7.96000000e-06 -4.94560000e-04 -4.00270000e-04 -1.61250000e-04 -2.41810000e-04 1.97950000e-04 4.05000000e-06 1.72350000e-04 -1.34150000e-04 3.50600000e-05 3.68230000e-04 1.96590000e-04 3.23160000e-04 5.42350000e-04 9.94000000e-06 -1.16270000e-04 -2.57100000e-04 -8.17350000e-04 5.83700000e-05 -4.46700000e-05 6.74400000e-05 -1.93680000e-04 3.70940000e-04 3.50660000e-04 2.85380000e-04 2.00170000e-04 6.17130000e-04 -1.54980000e-04 2.72380000e-04 -1.19980000e-04 -2.96650000e-04 2.25180000e-04 7.23050000e-04 6.52970000e-04 2.07400000e-04 7.71831000e-03 1.08903000e-03 -6.01800000e-04 -2.83000000e-05 -3.17750000e-04 3.16310000e-04 3.85400000e-05 -4.26650000e-04 -1.27600000e-05 -5.11030000e-04 1.17230000e-04 -3.01590000e-04 3.29750000e-04 3.12780000e-04 1.35320000e-04 3.23000000e-06 -7.89300000e-05 1.99990000e-04 -1.18880000e-04 2.82800000e-04 2.59500000e-04 4.68760000e-04 5.98260000e-04 -3.07170000e-04 3.95820000e-04 -3.39100000e-05 -2.19380000e-04 4.67800000e-05 -2.94300000e-05 -3.34980000e-04 6.21400000e-05 -2.35440000e-04 2.73110000e-04 -3.37300000e-05 1.61610000e-04 -4.10970000e-04 -1.99520000e-04 -1.97630000e-04 -1.16210000e-04 1.04500000e-05 2.48310000e-04 -8.15000000e-06 -1.90020000e-04 3.33800000e-05 5.36400000e-05 -3.60900000e-05 3.78550000e-04 2.10070000e-04 7.52070000e-04 3.76760000e-04 -2.19050000e-04 -2.37300000e-05 8.80000000e-07 3.67280000e-04 3.92130000e-04 -1.59700000e-05 1.34000000e-04 -3.83240000e-04 -1.50610000e-04 -1.71500000e-04 1.11380000e-04 5.01160000e-04 -3.87110000e-04 -2.14890000e-04 3.54370000e-04 5.98600000e-05 -2.80450000e-04 -1.54800000e-05 2.69000000e-06 4.40590000e-04 -3.84990000e-04 5.62800000e-05 -4.01970000e-04 5.24400000e-05
-5.06080000e-04 1.83773000e-03 3.83885000e-03 3.19150000e-04 3.20962000e-03 5.58430000e-04 -3.35850000e-04 -2.94960000e-04 -5.29730000e-04 -2.40774000e-03 -2.15869000e-03 -8.66250000e-04 -1.72343000e-03 5.68130000e-04 -5.43300000e-05 2.24047000e-03 -7.68510000e-04 1.21850000e-04 1.49350000e-03 1.66488000e-03 1.14948000e-03 2.48359000e-03 4.61600000e-04 -3.23590000e-04 -1.77905000e-03 -3.15761000e-03 3.52770000e-04 -1.92050000e-04 6.37300000e-04 -7.78350000e-04 1.45038000e-03 1.63136000e-03 1.51368000e-03 5.50770000e-04 3.45256000e-03 -7.65730000e-04 1.06062000e-03 -3.33730000e-04 -1.72620000e-03 1.09051000e-03 3.42743000e-03 3.22954000e-03 8.82190000e-04 1.08903000e-03 4.52308400e-02 -1.93036000e-03 -3.57740000e-04 -1.54924000e-03 2.78208000e-03 5.99600000e-05 -2.29321000e-03 2.89260000e-04 -2.32966000e-03 6.36230000e-04 -1.15400000e-03 1.41563000e-03 2.49276000e-03 2.74450000e-04 2.85300000e-05 -1.08791000e-03 6.95180000e-04 -3.76450000e-04 8.55320000e-04 1.36960000e-03 1.80587000e-03 3.07271000e-03 -2.05234000e-03 1.69658000e-03 -1.14770000e-04 -1.14039000e-03 9.12100000e-04 -7.02500000e-05 -2.18712000e-03 4.53560000e-04 -1.47632000e-03 1.05562000e-03 -5.73240000e-04 4.62640000e-04 -1.76090000e-03 -7.05500000e-04 -1.15251000e-03 -8.05990000e-04 -7.72550000e-04 9.48650000e-04 -3.06570000e-04 -1.17947000e-03 3.51780000e-04 -1.50380000e-04 -3.88560000e-04 1.44436000e-03 4.82310000e-04 3.67350000e-03 2.30955000e-03 -2.53060000e-04 -3.95110000e-04 -8.33900000e-05 1.48151000e-03 1.86313000e-03 6.35790000e-04 7.19870000e-04 -2.23379000e-03 -1.03870000e-04 -7.77670000e-04 4.54730000e-04 1.83547000e-03 -2.18772000e-03 -1.39540000e-04 1.08897000e-03 -1.30610000e-04 -1.84550000e-03 9.53000000e-05 -2.35740000e-04 1.68151000e-03 -1.45737000e-03 4.02840000e-04 -1.32454000e-03 1.21410000e-04
-1.16969000e-03 -3.55400000e-04 7.76874000e-03 -8.93130000e-04 -3.73500000e-04 2.19027000e-03 5.53920000e-04 1.54768000e-03 -4.52830000e-04 1.11475000e-03 -4.55230000e-04 5.67620000e-04 -1.47452000e-03 -9.27640000e-04 -3.03150000e-04 5.18956000e-03 -5.93380000e-04 -8.93470000e-04 -3.09660000e-04 -1.19732000e-03 -7.61380000e-04 1.33460000e-04 2.11931000e-03 1.35600000e-03 -1.02606000e-03 2.27586000e-03 -7.92900000e-05 1.56329000e-03 -4.31940000e-04 -6.23940000e-04 -5.92820000e-04 -3.68600000e-04 2.10718000e-03 -2.69558000e-03 -3.88056000e-03 1.42623000e-03 -4.65520000e-04 1.08257000e-03 3.46780000e-04 -5.21790000e-04 -4.31790000e-04 -1.12295000e-03 5.68810000e-04 -6.01800000e-04 -1.93036000e-03 3.84072800e-02 -5.60050000e-04 6.67280000e-04 5.28245000e-03 -6.00480000e-04 6.99520000e-04 3.14623000e-03 1.68581000e-03 8.98330000e-04 1.79602000e-03 -4.99030000e-04 1.89733000e-03 -1.82140000e-04 -6.60830000e-04 -1.31633000e-03 -1.64560000e-04 1.24109000e-03 -3.48690000e-04 1.66853000e-03 -3.92133000e-03 1.20262000e-03 -2.63422000e-03 -8.69790000e-04 1.36057000e-03 4.47600000e-05 3.26300000e-04 1.74237000e-03 -2.03614000e-03 -6.86680000e-04 -6.66930000e-04 -3.68580000e-04 6.95400000e-05 -2.44880000e-04 1.60603000e-03 1.50213000e-03 -1.30863000e-03 -3.20830000e-04 -1.63663000e-03 -2.00641000e-03 -3.59532000e-03 -4.37100000e-04 -3.77000000e-05 5.99510000e-04 8.18930000e-04 -6.37600000e-04 -1.85240000e-04 2.31870000e-04 -6.64970000e-04 2.99791000e-03 -2.44001000e-03 -1.19707000e-03 -1.34641000e-03 -1.47741000e-03 8.22740000e-04 2.80190000e-04 -2.18654000e-03 -2.58720000e-04 8.23240000e-04 -1.27462000e-03 -3.24843000e-03 -6.47100000e-05 5.10965000e-03 -3.58755000e-03 -2.59183000e-03 -1.09458000e-03 1.43561000e-03 -2.45842000e-03 -2.54134000e-03 4.31398000e-03 6.83440000e-04 2.13683000e-03 -1.07406000e-03
4.82350000e-04 -2.48600000e-04 -2.40709000e-03 2.13770000e-04 -3.85460000e-04 -6.35820000e-04 -3.79700000e-05 -2.88110000e-04 2.51330000e-04 3.17800000e-04 4.90030000e-04 1.09580000e-04 7.39330000e-04 1.20390000e-04 1.01940000e-04 -1.57298000e-03 4.68870000e-04 2.97870000e-04 -2.11580000e-04 2.16000000e-06 9.35300000e-05 -5.32830000e-04 -5.31260000e-04 -1.54790000e-04 5.83710000e-04 1.10090000e-04 4.76000000e-06 -2.06100000e-04 7.22500000e-05 4.74530000e-04 -4.81600000e-05 -2.54100000e-04 -8.15170000e-04 5.58360000e-04 3.40520000e-04 -9.80400000e-05 9.26000000e-06 -1.05470000e-04 3.87120000e-04 9.29000000e-06 -4.40030000e-04 -1.90840000e-04 -2.75080000e-04 -2.83000000e-05 -3.57740000e-04 -5.60050000e-04 8.26034000e-03 3.08230000e-04 -1.57722000e-03 2.74490000e-04 3.81790000e-04 -7.07100000e-04 2.16420000e-04 -2.47750000e-04 -4.56400000e-05 -1.09360000e-04 -7.67440000e-04 9.21900000e-05 2.76460000e-04 5.08540000e-04 -4.94600000e-05 -1.09540000e-04 -1.42000000e-05 -6.95630000e-04 6.80800000e-04 -9.85180000e-04 1.03984000e-03 -7.06400000e-05 -2.24660000e-04 4.13460000e-04 -1.62980000e-04 -3.49490000e-04 1.09413000e-03 1.74100000e-04 5.22540000e-04 -2.32800000e-05 1.35210000e-04 4.58600000e-05 1.76210000e-04 -1.20310000e-04 7.46320000e-04 3.50940000e-04 6.52450000e-04 3.49640000e-04 1.08487000e-03 4.28460000e-04 -7.44000000e-06 8.80600000e-05 -1.15490000e-04 -1.00940000e-04 7.03900000e-05 -6.69780000e-04 -1.54380000e-04 -7.13120000e-04 5.81890000e-04 3.76660000e-04 -2.05600000e-05 3.19400000e-05 -2.77780000e-04 -2.08720000e-04 1.03077000e-03 -2.01000000e-05 -8.68000000e-05 2.81820000e-04 3.81580000e-04 4.71010000e-04 -1.30322000e-03 7.15510000e-04 7.30670000e-04 6.66930000e-04 -3.82920000e-04 7.41540000e-04 2.77410000e-04 -5.99890000e-04 -3.01130000e-04 -2.88940000e-04 3.16720000e-04
4.61650000e-04 -5.48460000e-04 -1.15043000e-03 5.63000000e-05 -7.71980000e-04 -9.67200000e-05 1.90690000e-04 1.64220000e-04 3.74660000e-04 9.76320000e-04 7.16730000e-04 4.50260000e-04 7.12530000e-04 -5.48000000e-05 5.52200000e-05 -4.90020000e-04 4.99530000e-04 1.22430000e-04 -4.36620000e-04 -6.77750000e-04 -2.79510000e-04 -9.13850000e-04 8.28300000e-05 3.01310000e-04 7.03980000e-04 9.70890000e-04 -9.95300000e-05 2.78770000e-04 -1.91450000e-04 4.00910000e-04 -3.96530000e-04 -5.70770000e-04 -4.93140000e-04 -1.87270000e-04 -1.12317000e-03 4.25460000e-04 -1.68080000e-04 2.48480000e-04 8.31380000e-04 -2.83750000e-04 -1.00440000e-03 -8.50350000e-04 -1.33800000e-04 -3.17750000e-04 -1.54924000e-03 6.67280000e-04 3.08230000e-04 1.40321300e-02 -5.45410000e-04 9.27100000e-05 9.30680000e-04 3.05200000e-05 9.38010000e-04 -2.17600000e-05 5.41700000e-04 -3.52430000e-04 -5.05700000e-04 5.37800000e-05 1.32080000e-04 4.93170000e-04 -2.03600000e-05 2.47150000e-04 -3.50970000e-04 -3.99250000e-04 -4.63910000e-04 -1.09329000e-03 6.88730000e-04 -4.89720000e-04 2.26640000e-04 6.45160000e-04 -3.40810000e-04 2.15920000e-04 8.76400000e-04 -8.37100000e-05 6.00560000e-04 -3.17100000e-04 3.50170000e-04 4.21200000e-05 8.33320000e-04 3.40370000e-04 6.17660000e-04 4.23390000e-04 5.43180000e-04 -1.50420000e-04 1.72950000e-04 5.25670000e-04 -9.91300000e-05 2.25570000e-04 2.75180000e-04 -4.29150000e-04 3.71100000e-05 -1.10421000e-03 -5.10480000e-04 -9.64000000e-06 9.02000000e-05 1.24480000e-04 -4.92370000e-04 -4.70750000e-04 -2.26880000e-04 -1.69570000e-04 1.03069000e-03 -2.24490000e-04 3.05050000e-04 -1.93700000e-05 -5.97980000e-04 8.61010000e-04 -5.12500000e-05 -9.82800000e-05 2.15830000e-04 7.41460000e-04 9.30000000e-07 2.36240000e-04 -4.76740000e-04 8.63280000e-04 -1.60840000e-04 3.90280000e-04 2.07690000e-04
-2.42685000e-03 1.34867000e-03 1.97302700e-02 -1.19810000e-03 3.24452000e-03 5.46217000e-03 6.73740000e-04 2.48742000e-03 -4.81170000e-04 -7.13500000e-04 -3.57196000e-03 3.30740000e-04 -4.67410000e-03 -6.69270000e-04 -5.16830000e-04 1.28966300e-02 -1.99534000e-03 -1.69793000e-03 1.42033000e-03 -1.62340000e-03 3.37500000e-05 3.10641000e-03 5.06005000e-03 2.23689000e-03 -3.84713000e-03 -2.96210000e-04 -6.49100000e-05 3.19809000e-03 -6.09340000e-04 -2.45163000e-03 5.81400000e-04 1.12099000e-03 6.20440000e-03 -4.81605000e-03 -4.51888000e-03 2.02971000e-03 6.53940000e-04 1.71266000e-03 -1.06669000e-03 1.76850000e-04 3.37071000e-03 1.56825000e-03 2.60332000e-03 3.16310000e-04 2.78208000e-03 5.28245000e-03 -1.57722000e-03 -5.45410000e-04 4.36667000e-02 -1.37900000e-03 -1.27457000e-03 6.72357000e-03 2.89040000e-04 2.66335000e-03 1.88272000e-03 8.90300000e-04 6.59286000e-03 3.49480000e-04 -1.54216000e-03 -3.34307000e-03 9.82350000e-04 1.93868000e-03 5.00910000e-04 5.19674000e-03 -5.80802000e-03 6.03184000e-03 -7.74638000e-03 3.73130000e-04 2.89371000e-03 -1.22936000e-03 8.19910000e-04 3.83349000e-03 -7.08539000e-03 -1.22225000e-03 -2.91827000e-03 4.74680000e-04 -1.40710000e-04 4.94050000e-04 8.96310000e-04 2.08718000e-03 -4.04168000e-03 -1.63530000e-03 -3.21529000e-03 -2.51743000e-03 -8.04395000e-03 -2.24213000e-03 -1.21230000e-04 1.37288000e-03 1.65443000e-03 5.75740000e-04 8.26840000e-04 5.02077000e-03 1.37698000e-03 4.99183000e-03 -5.34901000e-03 -2.67813000e-03 -5.60530000e-04 -3.83670000e-04 1.62352000e-03 1.71438000e-03 -6.49469000e-03 -2.02653000e-03 1.00736000e-03 -2.11479000e-03 -3.79764000e-03 -2.56314000e-03 1.00936900e-02 -5.18553000e-03 -5.26568000e-03 -4.09679000e-03 2.77918000e-03 -5.32170000e-03 -2.60981000e-03 7.78793000e-03 1.65955000e-03 2.18884000e-03 -1.85541000e-03
2.68550000e-04 -3.26200000e-05 -2.01505000e-03 1.81070000e-04 -1.85510000e-04 -6.46300000e-04 -7.78900000e-05 -2.81480000e-04 2.91300000e-05 4.49100000e-05 3.24320000e-04 -3.89500000e-05 4.53680000e-04 1.03810000e-04 4.11800000e-05 -1.32049000e-03 2.62400000e-04 2.53950000e-04 -7.02300000e-05 3.42390000e-04 1.12500000e-04 -2.22820000e-04 -5.20400000e-04 -1.69280000e-04 3.70830000e-04 -9.32300000e-05 7.05600000e-05 -2.97610000e-04 1.52890000e-04 3.08040000e-04 7.58500000e-05 -4.78500000e-05 -6.24730000e-04 6.29530000e-04 7.38800000e-04 -2.20670000e-04 2.01800000e-05 -1.71870000e-04 1.27970000e-04 3.37300000e-05 -1.91210000e-04 2.67800000e-05 -2.42080000e-04 3.85400000e-05 5.99600000e-05 -6.00480000e-04 2.74490000e-04 9.27100000e-05 -1.37900000e-03 3.39776400e-02 1.17380000e-04 -7.06580000e-04 -3.33800000e-05 -2.23610000e-04 -1.74930000e-04 -2.14100000e-05 -5.67560000e-04 2.78600000e-05 2.46520000e-04 3.25860000e-04 -5.38400000e-05 -2.06700000e-04 -3.85000000e-06 -5.44460000e-04 7.80840000e-04 -5.70160000e-04 8.09990000e-04 6.54700000e-05 -2.92450000e-04 1.67580000e-04 1.00000000e-05 -4.21730000e-04 8.47200000e-04 2.18300000e-04 3.02640000e-04 4.60900000e-05 5.41000000e-06 7.31000000e-06 -7.72000000e-05 -2.28920000e-04 5.01760000e-04 2.27300000e-04 3.22720000e-04 3.55790000e-04 9.71390000e-04 2.37830000e-04 8.80800000e-05 -6.74500000e-05 -2.02660000e-04 7.01500000e-05 -2.89300000e-05 -3.79010000e-04 1.47400000e-05 -5.88620000e-04 5.64520000e-04 3.31430000e-04 2.80100000e-05 7.29800000e-05 -1.43130000e-04 -2.37460000e-04 6.64220000e-04 2.33910000e-04 -1.96510000e-04 2.80720000e-04 3.88790000e-04 2.24820000e-04 -1.22018000e-03 6.21910000e-04 5.98830000e-04 3.89270000e-04 -3.03610000e-04 6.33960000e-04 2.63890000e-04 -9.18340000e-04 -1.77740000e-04 -2.74140000e-04 2.30370000e-04
6.78690000e-04 -7.98650000e-04 -2.26023000e-03 8.56200000e-05 -1.19676000e-03 -3.39120000e-04 2.20720000e-04 5.83400000e-05 3.87970000e-04 1.31732000e-03 1.07987000e-03 5.11250000e-04 1.09947000e-03 -6.02600000e-05 1.07560000e-04 -1.14641000e-03 6.14230000e-04 9.43000000e-05 -6.52550000e-04 -7.77250000e-04 -4.04780000e-04 -1.34565000e-03 -8.79100000e-05 3.18400000e-04 1.07900000e-03 1.20497000e-03 -1.15880000e-04 2.25200000e-04 -3.07840000e-04 4.36870000e-04 -5.25080000e-04 -8.06520000e-04 -8.90510000e-04 -1.81700000e-05 -1.28548000e-03 4.60920000e-04 -2.55790000e-04 1.57010000e-04 1.08326000e-03 -4.84980000e-04 -1.48644000e-03 -1.24359000e-03 -3.12660000e-04 -4.26650000e-04 -2.29321000e-03 6.99520000e-04 3.81790000e-04 9.30680000e-04 -1.27457000e-03 1.17380000e-04 1.71043400e-02 -2.09360000e-04 1.23452000e-03 -1.52670000e-04 5.49790000e-04 -5.55170000e-04 -9.42170000e-04 5.92900000e-05 1.33340000e-04 8.11310000e-04 -7.99500000e-05 1.34410000e-04 -4.30680000e-04 -7.56300000e-04 -4.41850000e-04 -1.66608000e-03 1.26493000e-03 -6.57950000e-04 1.72080000e-04 7.47280000e-04 -5.65720000e-04 1.20240000e-04 1.43308000e-03 -1.62350000e-04 8.59000000e-04 -4.61180000e-04 4.29770000e-04 2.03900000e-05 9.33920000e-04 2.85250000e-04 8.42200000e-04 6.21930000e-04 7.97830000e-04 -1.15970000e-04 4.37940000e-04 7.02960000e-04 -1.05290000e-04 2.48020000e-04 3.08730000e-04 -4.75700000e-04 -1.90600000e-05 -1.67476000e-03 -7.21500000e-04 -2.61660000e-04 3.90750000e-04 1.59350000e-04 -6.64580000e-04 -6.47350000e-04 -4.47940000e-04 -3.21820000e-04 1.62296000e-03 -2.25180000e-04 3.82530000e-04 -1.45200000e-05 -6.91930000e-04 1.23795000e-03 -4.27170000e-04 8.30300000e-05 4.12300000e-04 1.12623000e-03 -1.33960000e-04 4.17800000e-04 -6.18310000e-04 8.33570000e-04 -2.60270000e-04 4.41090000e-04 2.77850000e-04
-1.14759000e-03 3.24790000e-04 9.62893000e-03 -6.81600000e-04 1.05420000e-03 2.71269000e-03 4.45150000e-04 1.40606000e-03 -1.81900000e-04 1.16180000e-04 -1.41523000e-03 3.59650000e-04 -2.07027000e-03 -4.57180000e-04 -3.09530000e-04 6.26486000e-03 -8.98850000e-04 -9.01960000e-04 4.15710000e-04 -1.14155000e-03 -1.60940000e-04 1.11317000e-03 2.53338000e-03 1.18474000e-03 -1.62658000e-03 5.22160000e-04 -8.62700000e-05 1.71055000e-03 -4.39200000e-04 -1.13923000e-03 3.49000000e-05 2.59120000e-04 2.95754000e-03 -2.64256000e-03 -3.06890000e-03 1.23107000e-03 1.46520000e-04 9.78070000e-04 -2.02490000e-04 -9.93600000e-05 1.10075000e-03 1.82780000e-04 1.18338000e-03 -1.27600000e-05 2.89260000e-04 3.14623000e-03 -7.07100000e-04 3.05200000e-05 6.72357000e-03 -7.06580000e-04 -2.09360000e-04 2.65366100e-02 6.37020000e-04 1.27070000e-03 1.19234000e-03 1.80040000e-04 2.95371000e-03 1.44150000e-04 -7.90470000e-04 -1.50416000e-03 3.54160000e-04 1.12853000e-03 1.48800000e-04 2.46471000e-03 -3.40747000e-03 2.53068000e-03 -3.62076000e-03 -1.33550000e-04 1.54123000e-03 -3.96760000e-04 2.63890000e-04 2.02912000e-03 -3.27582000e-03 -7.07990000e-04 -1.22662000e-03 7.39500000e-05 7.42100000e-05 1.61010000e-04 8.13240000e-04 1.25481000e-03 -1.88277000e-03 -7.08060000e-04 -1.53498000e-03 -1.49962000e-03 -4.14652000e-03 -9.25650000e-04 -1.34750000e-04 8.07360000e-04 9.55930000e-04 2.22000000e-05 3.73870000e-04 1.92770000e-03 2.57850000e-04 2.73067000e-03 -2.69069000e-03 -1.36762000e-03 -5.77130000e-04 -6.01780000e-04 7.75270000e-04 7.33070000e-04 -2.92171000e-03 -9.70630000e-04 6.26900000e-04 -1.12262000e-03 -2.34107000e-03 -8.82000000e-04 5.29299000e-03 -2.89578000e-03 -2.65480000e-03 -1.74335000e-03 1.49179000e-03 -2.70969000e-03 -1.67482000e-03 4.32647000e-03 8.09360000e-04 1.46935000e-03 -9.62340000e-04
2.79990000e-04 -7.46230000e-04 2.18220000e-04 -1.88790000e-04 -1.09607000e-03 2.56760000e-04 3.32000000e-04 4.93480000e-04 1.47620000e-04 1.38818000e-03 7.67390000e-04 5.48680000e-04 5.42760000e-04 -3.13570000e-04 -5.42900000e-05 4.02100000e-04 3.55400000e-04 -1.08500000e-04 -6.59150000e-04 -8.93530000e-04 -5.11470000e-04 -1.10904000e-03 4.69740000e-04 5.45530000e-04 5.80820000e-04 1.54758000e-03 -5.61600000e-05 5.78580000e-04 -3.03520000e-04 2.02340000e-04 -5.94770000e-04 -7.57200000e-04 -1.91340000e-04 -7.64750000e-04 -2.03337000e-03 7.69890000e-04 -3.33200000e-04 4.28870000e-04 9.74750000e-04 -5.22920000e-04 -1.34891000e-03 -1.30416000e-03 -1.29760000e-04 -5.11030000e-04 -2.32966000e-03 1.68581000e-03 2.16420000e-04 9.38010000e-04 2.89040000e-04 -3.33800000e-05 1.23452000e-03 6.37020000e-04 2.64820700e-02 6.43800000e-05 8.50990000e-04 -5.79330000e-04 -2.37740000e-04 -1.27700000e-05 -1.94000000e-05 3.09200000e-04 -1.69550000e-04 4.70120000e-04 -4.42770000e-04 -1.76600000e-04 -1.45179000e-03 -1.10265000e-03 3.55530000e-04 -7.70270000e-04 4.85660000e-04 6.22000000e-04 -2.85280000e-04 5.53210000e-04 5.73740000e-04 -2.61200000e-04 4.92040000e-04 -4.68250000e-04 3.50980000e-04 -6.66700000e-05 1.15528000e-03 6.53750000e-04 3.16210000e-04 4.01470000e-04 1.75310000e-04 -6.05080000e-04 -6.03010000e-04 4.38310000e-04 -4.20800000e-05 3.75000000e-04 4.45270000e-04 -5.93580000e-04 -8.10800000e-05 -1.32197000e-03 -7.33640000e-04 6.54780000e-04 -2.66820000e-04 -1.28950000e-04 -9.04930000e-04 -9.49400000e-04 -3.84000000e-05 -2.14670000e-04 8.19180000e-04 -1.26750000e-04 4.49720000e-04 -2.70150000e-04 -1.42460000e-03 1.01302000e-03 1.02437000e-03 -8.37870000e-04 -2.88490000e-04 6.66630000e-04 3.22940000e-04 -2.55340000e-04 -1.15797000e-03 1.82335000e-03 -1.55300000e-05 1.11531000e-03 -5.14100000e-05
-3.22860000e-04 2.87180000e-04 3.33975000e-03 -5.06900000e-05 7.49780000e-04 1.07332000e-03 2.02680000e-04 4.66340000e-04 7.20200000e-05 -9.88800000e-05 -6.90060000e-04 1.98550000e-04 -7.51380000e-04 2.11900000e-05 -3.66900000e-05 2.34636000e-03 -2.64190000e-04 -2.93330000e-04 3.05720000e-04 -2.75900000e-04 4.33400000e-05 5.10080000e-04 1.00853000e-03 5.37590000e-04 -5.73320000e-04 -1.33400000e-04 -4.13700000e-05 6.64690000e-04 -1.58000000e-04 -3.78270000e-04 1.63080000e-04 1.84250000e-04 1.18834000e-03 -7.27980000e-04 -7.72360000e-04 4.68480000e-04 2.11650000e-04 3.75920000e-04 -1.29020000e-04 4.42300000e-05 7.38640000e-04 3.66510000e-04 5.93400000e-04 1.17230000e-04 6.36230000e-04 8.98330000e-04 -2.47750000e-04 -2.17600000e-05 2.66335000e-03 -2.23610000e-04 -1.52670000e-04 1.27070000e-03 6.43800000e-05 1.54591800e-02 4.60230000e-04 1.79050000e-04 1.29026000e-03 1.37000000e-04 -2.73840000e-04 -4.35720000e-04 3.83290000e-04 3.93860000e-04 5.12800000e-05 9.87040000e-04 -8.59490000e-04 1.07677000e-03 -1.33023000e-03 1.08620000e-04 6.14370000e-04 -6.52000000e-05 4.22100000e-05 7.28500000e-04 -1.02242000e-03 -1.98330000e-04 -3.91740000e-04 9.12300000e-05 1.52380000e-04 1.93550000e-04 2.69630000e-04 4.33340000e-04 -5.55130000e-04 -1.80610000e-04 -3.50100000e-04 -3.55140000e-04 -1.36748000e-03 -2.92010000e-04 -4.75100000e-05 3.18290000e-04 4.11050000e-04 2.06440000e-04 3.22220000e-04 9.84100000e-04 4.27060000e-04 7.70960000e-04 -1.03326000e-03 -5.32780000e-04 -1.20860000e-04 -1.08690000e-04 1.37040000e-04 2.37500000e-04 -1.17363000e-03 -6.17360000e-04 2.02030000e-04 -3.52080000e-04 -6.96610000e-04 -3.92330000e-04 1.75342000e-03 -8.34360000e-04 -8.72000000e-04 -6.68010000e-04 4.72740000e-04 -9.53580000e-04 -4.92540000e-04 1.44205000e-03 3.10210000e-04 1.78550000e-04 -2.13720000e-04
-3.31600000e-04 -3.30640000e-04 2.38425000e-03 -1.79630000e-04 -2.90830000e-04 8.24380000e-04 2.74130000e-04 5.17420000e-04 1.05890000e-04 6.65000000e-04 -7.04200000e-05 4.54180000e-04 -3.52280000e-04 -3.07440000e-04 4.92300000e-05 1.70485000e-03 2.32800000e-05 -3.17810000e-04 -1.75060000e-04 -6.67360000e-04 -3.83340000e-04 -9.33400000e-05 7.05670000e-04 7.24940000e-04 -1.63400000e-04 1.08809000e-03 -1.89740000e-04 6.50300000e-04 -2.46350000e-04 6.82000000e-05 -3.49520000e-04 -3.17500000e-04 6.41620000e-04 -7.79520000e-04 -1.59406000e-03 6.94560000e-04 -2.72170000e-04 5.39120000e-04 3.63550000e-04 -1.25940000e-04 -2.81760000e-04 -6.37630000e-04 2.65100000e-04 -3.01590000e-04 -1.15400000e-03 1.79602000e-03 -4.56400000e-05 5.41700000e-04 1.88272000e-03 -1.74930000e-04 5.49790000e-04 1.19234000e-03 8.50990000e-04 4.60230000e-04 2.39430400e-02 -3.21360000e-04 3.86650000e-04 -6.24400000e-05 -2.39820000e-04 -3.76400000e-04 9.26500000e-05 5.90410000e-04 -2.70420000e-04 4.43470000e-04 -1.26669000e-03 2.23530000e-04 -7.34900000e-04 -4.94410000e-04 5.10710000e-04 4.55590000e-04 -6.84000000e-05 5.83650000e-04 -5.87900000e-05 -2.38710000e-04 1.33870000e-04 -1.69730000e-04 1.49180000e-04 -1.02830000e-04 1.09514000e-03 7.36000000e-04 7.94100000e-05 1.48430000e-04 -2.75700000e-04 -7.45540000e-04 -8.34210000e-04 1.73250000e-04 -1.48160000e-04 2.45900000e-04 3.22020000e-04 -4.39170000e-04 8.21300000e-05 -1.43950000e-04 -4.04690000e-04 8.55540000e-04 -1.01186000e-03 -4.94230000e-04 -6.27550000e-04 -6.29260000e-04 9.87000000e-06 3.49600000e-05 -7.91640000e-04 -5.74960000e-04 4.31250000e-04 -6.61540000e-04 -1.29282000e-03 1.44950000e-04 1.69036000e-03 -1.42973000e-03 -1.02468000e-03 -2.30750000e-04 3.68950000e-04 -8.74980000e-04 -1.05438000e-03 1.83360000e-03 1.12890000e-04 4.32980000e-04 -3.86740000e-04
-2.39820000e-04 5.33240000e-04 1.22332000e-03 4.08200000e-05 8.50320000e-04 3.45420000e-04 -4.33600000e-05 -4.83200000e-05 -3.23100000e-05 -5.68340000e-04 -6.17310000e-04 -1.98520000e-04 -4.65100000e-04 1.71460000e-04 1.51600000e-05 7.33600000e-04 -1.66370000e-04 8.24400000e-05 5.59740000e-04 3.10000000e-06 3.46990000e-04 8.37330000e-04 2.28860000e-04 -7.14900000e-05 -5.47500000e-04 -1.04368000e-03 1.30770000e-04 8.37600000e-05 1.33170000e-04 -2.83850000e-04 4.11730000e-04 4.94190000e-04 5.63810000e-04 -9.61400000e-05 4.14540000e-04 -7.39500000e-05 3.35930000e-04 -4.36100000e-05 -3.74820000e-04 2.86540000e-04 9.34380000e-04 8.61540000e-04 3.48160000e-04 3.29750000e-04 1.41563000e-03 -4.99030000e-04 -1.09360000e-04 -3.52430000e-04 8.90300000e-04 -2.14100000e-05 -5.55170000e-04 1.80040000e-04 -5.79330000e-04 1.79050000e-04 -3.21360000e-04 1.03327600e-02 6.08330000e-04 1.39450000e-04 1.15800000e-05 -3.08850000e-04 2.41230000e-04 -3.52700000e-05 2.52790000e-04 5.37630000e-04 2.60320000e-04 9.70810000e-04 -7.47160000e-04 4.83980000e-04 7.65500000e-05 -3.15040000e-04 1.87040000e-04 1.50780000e-04 -8.17370000e-04 6.52700000e-05 -4.46080000e-04 3.13190000e-04 -8.10500000e-05 2.25150000e-04 -4.27220000e-04 -1.43630000e-04 -4.45680000e-04 -1.99340000e-04 -1.10960000e-04 1.32060000e-04 -3.90800000e-04 -3.17800000e-04 1.02430000e-04 2.33700000e-05 2.80000000e-07 3.17830000e-04 2.02900000e-04 1.03936000e-03 3.93680000e-04 9.60000000e-06 -2.86480000e-04 3.93400000e-05 4.78680000e-04 5.39810000e-04 1.67160000e-04 3.50920000e-04 -7.30490000e-04 -1.63220000e-04 -1.04730000e-04 4.29900000e-05 5.10750000e-04 -5.42780000e-04 2.37620000e-04 1.59180000e-04 -1.60690000e-04 -4.81020000e-04 1.39470000e-04 -1.46090000e-04 5.06340000e-04 -6.08500000e-05 1.60610000e-04 -2.64610000e-04 2.24000000e-06
-8.21950000e-04 9.36440000e-04 9.23704000e-03 -4.24680000e-04 2.06075000e-03 2.42168000e-03 2.39300000e-04 1.12481000e-03 -4.26880000e-04 -7.09160000e-04 -1.81538000e-03 -1.82700000e-05 -2.24232000e-03 -1.30830000e-04 -3.18380000e-04 6.14014000e-03 -1.01414000e-03 -6.79600000e-04 6.98420000e-04 -7.63700000e-05 1.97100000e-04 1.42655000e-03 2.45864000e-03 8.75240000e-04 -1.85497000e-03 -5.35430000e-04 1.24640000e-04 1.34538000e-03 -9.83700000e-05 -1.26952000e-03 5.06480000e-04 7.54870000e-04 2.88618000e-03 -1.99990000e-03 -1.04550000e-03 7.28240000e-04 5.68250000e-04 6.82610000e-04 -7.23350000e-04 2.00340000e-04 1.94008000e-03 1.27814000e-03 1.25577000e-03 3.12780000e-04 2.49276000e-03 1.89733000e-03 -7.67440000e-04 -5.05700000e-04 6.59286000e-03 -5.67560000e-04 -9.42170000e-04 2.95371000e-03 -2.37740000e-04 1.29026000e-03 3.86650000e-04 6.08330000e-04 3.70852100e-02 2.17070000e-04 -6.05950000e-04 -1.43688000e-03 5.30970000e-04 7.63780000e-04 3.26830000e-04 2.49339000e-03 -2.27834000e-03 2.91670000e-03 -3.60820000e-03 4.96650000e-04 1.32674000e-03 -7.79840000e-04 6.15930000e-04 1.75405000e-03 -3.61851000e-03 -4.05900000e-04 -1.57483000e-03 3.06120000e-04 -1.19430000e-04 3.44600000e-04 -5.88800000e-05 7.57120000e-04 -2.05595000e-03 -9.09800000e-04 -1.58657000e-03 -7.13660000e-04 -3.65424000e-03 -1.23254000e-03 1.16680000e-04 5.87500000e-04 7.46750000e-04 6.82310000e-04 3.95560000e-04 2.72448000e-03 1.41390000e-03 2.21269000e-03 -2.11850000e-03 -1.18431000e-03 -2.99100000e-05 1.51360000e-04 9.80990000e-04 8.02990000e-04 -2.70605000e-03 -6.44130000e-04 2.56200000e-04 -5.81530000e-04 -1.37886000e-03 -1.40015000e-03 4.41644000e-03 -1.70918000e-03 -2.05876000e-03 -2.01248000e-03 1.26763000e-03 -2.23633000e-03 -8.64900000e-04 3.17171000e-03 8.34470000e-04 1.09633000e-03 -6.35040000e-04
1.62310000e-04 8.67100000e-05 2.35810000e-04 1.03030000e-04 2.53920000e-04 1.18410000e-04 -2.70000000e-07 -6.70500000e-05 2.25510000e-04 -2.79000000e-06 -6.56400000e-05 5.12400000e-05 2.97800000e-05 1.64400000e-04 5.08400000e-05 2.00490000e-04 7.07300000e-05 9.78000000e-06 1.58160000e-04 -2.16390000e-04 1.83120000e-04 5.64200000e-05 2.13530000e-04 1.26500000e-04 6.55700000e-05 -2.96350000e-04 -3.40000000e-05 2.08790000e-04 -1.04370000e-04 -7.60200000e-05 1.79300000e-04 3.65700000e-05 1.16690000e-04 1.16000000e-06 -1.05830000e-04 4.02100000e-05 2.31980000e-04 -2.38000000e-05 1.44740000e-04 -4.70000000e-06 2.08220000e-04 2.10070000e-04 1.54830000e-04 1.35320000e-04 2.74450000e-04 -1.82140000e-04 9.21900000e-05 5.37800000e-05 3.49480000e-04 2.78600000e-05 5.92900000e-05 1.44150000e-04 -1.27700000e-05 1.37000000e-04 -6.24400000e-05 1.39450000e-04 2.17070000e-04 1.01019800e-02 -1.02500000e-05 1.44950000e-04 2.03530000e-04 -3.90400000e-05 1.44750000e-04 1.00120000e-04 6.73800000e-05 6.25800000e-05 -7.45900000e-05 1.48080000e-04 1.86630000e-04 1.02600000e-05 -2.14220000e-04 2.04520000e-04 -7.96800000e-05 -9.88400000e-05 6.09000000e-06 7.97300000e-05 1.34040000e-04 2.25970000e-04 -6.93000000e-06 -3.95600000e-05 -2.17500000e-05 4.85800000e-05 2.71540000e-04 1.34840000e-04 -1.66620000e-04 -1.04700000e-05 -6.50200000e-05 2.60790000e-04 1.73160000e-04 2.40230000e-04 2.38000000e-04 2.27510000e-04 1.60030000e-04 -2.20890000e-04 -6.51000000e-05 -4.20700000e-05 5.48200000e-05 1.59360000e-04 -1.91790000e-04 9.11700000e-05 1.71430000e-04 -3.85330000e-04 7.46600000e-05 1.64200000e-05 6.29500000e-05 1.78400000e-05 -6.73900000e-05 2.47240000e-04 5.62700000e-05 1.70100000e-05 -5.06200000e-05 -6.09000000e-06 8.03200000e-05 2.87180000e-04 -5.09500000e-05 -2.01370000e-04 1.15730000e-04
3.43470000e-04 -5.30800000e-05 -2.22747000e-03 1.76330000e-04 -2.10240000e-04 -6.38010000e-04 -4.58800000e-05 -2.28580000e-04 2.89800000e-05 1.00640000e-04 3.83650000e-04 -1.43900000e-05 5.67580000e-04 1.11120000e-04 3.39800000e-05 -1.41782000e-03 3.30300000e-04 3.43210000e-04 -1.00730000e-04 2.39850000e-04 7.40600000e-05 -2.95760000e-04 -5.36020000e-04 -2.63380000e-04 4.00460000e-04 -8.64000000e-05 1.10970000e-04 -3.31840000e-04 1.97220000e-04 3.58850000e-04 7.46000000e-06 -5.97300000e-05 -6.97730000e-04 5.35030000e-04 6.60530000e-04 -1.84920000e-04 7.27000000e-06 -1.30570000e-04 1.59490000e-04 6.61200000e-05 -2.80720000e-04 4.72000000e-06 -2.50430000e-04 3.23000000e-06 2.85300000e-05 -6.60830000e-04 2.76460000e-04 1.32080000e-04 -1.54216000e-03 2.46520000e-04 1.33340000e-04 -7.90470000e-04 -1.94000000e-05 -2.73840000e-04 -2.39820000e-04 1.15800000e-05 -6.05950000e-04 -1.02500000e-05 1.20163200e-02 3.73100000e-04 -8.11000000e-05 -1.52770000e-04 -8.46600000e-05 -5.45260000e-04 7.53110000e-04 -6.54880000e-04 8.57520000e-04 4.48600000e-05 -3.00820000e-04 2.15340000e-04 6.00000000e-05 -4.01210000e-04 7.76360000e-04 2.65680000e-04 3.17800000e-04 1.29000000e-06 3.09900000e-05 9.68000000e-06 -7.59200000e-05 -2.01720000e-04 5.14110000e-04 2.23500000e-04 3.95540000e-04 3.67450000e-04 9.83040000e-04 2.79800000e-04 1.18690000e-04 -1.41560000e-04 -1.90670000e-04 -6.40900000e-05 -6.56900000e-05 -4.70930000e-04 -3.24200000e-05 -5.19650000e-04 6.36610000e-04 4.51830000e-04 1.14130000e-04 1.31030000e-04 -3.31500000e-05 -1.61490000e-04 7.93790000e-04 3.36130000e-04 -1.78450000e-04 3.70680000e-04 5.13440000e-04 3.04360000e-04 -1.20487000e-03 7.13940000e-04 7.13890000e-04 4.99720000e-04 -2.50040000e-04 7.41080000e-04 4.00970000e-04 -8.80170000e-04 -1.46450000e-04 -1.38340000e-04 3.13610000e-04
1.38254000e-03 -5.30990000e-04 -5.33034000e-03 6.01230000e-04 -8.27980000e-04 -1.33680000e-03 -1.75500000e-05 -5.73880000e-04 4.85320000e-04 6.21770000e-04 1.24544000e-03 2.13510000e-04 1.75162000e-03 5.05300000e-04 1.55140000e-04 -3.15176000e-03 7.46920000e-04 4.32820000e-04 -5.34690000e-04 1.63280000e-04 -2.20500000e-05 -1.42658000e-03 -8.62260000e-04 -3.52070000e-04 1.52916000e-03 1.16480000e-04 -8.50100000e-05 -5.05260000e-04 -1.10850000e-04 6.46640000e-04 -1.98020000e-04 -5.23620000e-04 -1.68458000e-03 1.33137000e-03 9.54540000e-04 -2.51480000e-04 3.00300000e-05 -3.70470000e-04 7.93290000e-04 -2.06460000e-04 -1.10082000e-03 -6.09810000e-04 -4.84200000e-04 -7.89300000e-05 -1.08791000e-03 -1.31633000e-03 5.08540000e-04 4.93170000e-04 -3.34307000e-03 3.25860000e-04 8.11310000e-04 -1.50416000e-03 3.09200000e-04 -4.35720000e-04 -3.76400000e-04 -3.08850000e-04 -1.43688000e-03 1.44950000e-04 3.73100000e-04 4.25662100e-02 6.12600000e-05 -4.42290000e-04 -2.34290000e-04 -1.35751000e-03 1.41582000e-03 -2.06286000e-03 2.44556000e-03 -1.81430000e-04 -3.58340000e-04 6.36260000e-04 -6.88350000e-04 -5.96420000e-04 2.12454000e-03 1.27130000e-04 1.07731000e-03 -2.71920000e-04 4.15640000e-04 1.48330000e-04 4.99600000e-05 -4.46250000e-04 1.33609000e-03 6.47570000e-04 1.43758000e-03 1.01888000e-03 2.04393000e-03 8.05550000e-04 -1.02260000e-04 -2.49100000e-05 2.39000000e-06 -1.37200000e-05 1.46970000e-04 -1.56916000e-03 -1.37100000e-05 -1.52008000e-03 1.70084000e-03 5.74590000e-04 -2.11400000e-05 3.80900000e-05 -6.85030000e-04 -4.93700000e-04 2.70569000e-03 -2.79000000e-05 -9.63600000e-05 6.51320000e-04 8.25660000e-04 1.15025000e-03 -2.64694000e-03 1.93209000e-03 1.63019000e-03 1.54386000e-03 -7.27250000e-04 1.48305000e-03 5.75980000e-04 -1.02371000e-03 -4.90780000e-04 -3.03080000e-04 7.85750000e-04
1.48620000e-04 2.24850000e-04 8.21330000e-04 2.06880000e-04 6.29700000e-04 4.13640000e-04 7.99500000e-05 -2.80000000e-07 2.98280000e-04 -1.40650000e-04 -3.56390000e-04 1.26130000e-04 -1.39310000e-04 2.70050000e-04 9.49000000e-05 7.22310000e-04 1.84300000e-05 -2.77600000e-05 3.17630000e-04 -2.20440000e-04 1.58130000e-04 2.88760000e-04 4.01940000e-04 2.43030000e-04 -9.41700000e-05 -6.88670000e-04 -6.54700000e-05 2.82250000e-04 -1.24080000e-04 -1.53040000e-04 2.27980000e-04 1.47600000e-04 4.19570000e-04 2.38200000e-05 4.65000000e-05 1.68420000e-04 2.82610000e-04 9.00200000e-05 1.20900000e-05 1.07830000e-04 5.87050000e-04 4.45120000e-04 4.06680000e-04 1.99990000e-04 6.95180000e-04 -1.64560000e-04 -4.94600000e-05 -2.03600000e-05 9.82350000e-04 -5.38400000e-05 -7.99500000e-05 3.54160000e-04 -1.69550000e-04 3.83290000e-04 9.26500000e-05 2.41230000e-04 5.30970000e-04 2.03530000e-04 -8.11000000e-05 6.12600000e-05 1.52490700e-02 4.13000000e-05 4.76800000e-05 3.78790000e-04 1.54660000e-04 5.01690000e-04 -3.72530000e-04 2.25990000e-04 2.56670000e-04 5.33300000e-05 -2.18670000e-04 2.85980000e-04 -2.00590000e-04 -7.51800000e-05 -5.01600000e-05 1.11070000e-04 1.73190000e-04 2.76600000e-04 8.81000000e-06 6.09900000e-05 -7.28000000e-06 4.65000000e-05 3.00180000e-04 1.90650000e-04 -2.75900000e-04 -4.76200000e-05 -7.43400000e-05 1.71160000e-04 2.37050000e-04 2.64770000e-04 3.73080000e-04 6.23440000e-04 4.15050000e-04 -1.68990000e-04 -2.51340000e-04 -1.63160000e-04 1.74970000e-04 2.85350000e-04 -2.12700000e-04 1.74540000e-04 -2.24790000e-04 -6.71800000e-04 8.80900000e-05 -5.18700000e-05 1.30760000e-04 -1.42370000e-04 2.34090000e-04 2.18430000e-04 -1.20600000e-04 -1.52190000e-04 4.19500000e-05 -1.88740000e-04 1.57890000e-04 5.27740000e-04 5.67900000e-05 -3.50860000e-04 1.24000000e-04
-3.23500000e-04 -7.47700000e-05 2.79588000e-03 -2.63570000e-04 8.43400000e-05 9.65200000e-04 2.66470000e-04 6.37060000e-04 4.14400000e-05 3.17890000e-04 -3.16960000e-04 3.02290000e-04 -4.68410000e-04 -2.33600000e-04 -1.18910000e-04 1.85364000e-03 -1.15580000e-04 -1.74340000e-04 -4.56300000e-05 -6.30220000e-04 -1.82960000e-04 9.87500000e-05 7.65960000e-04 3.36400000e-04 -4.06920000e-04 5.57720000e-04 1.16000000e-05 5.69830000e-04 -8.58400000e-05 -1.66420000e-04 -1.94830000e-04 -7.85600000e-05 8.71130000e-04 -1.08108000e-03 -1.49131000e-03 6.26240000e-04 -8.32800000e-05 5.30840000e-04 1.07040000e-04 1.35500000e-05 5.04300000e-05 -2.21660000e-04 3.56470000e-04 -1.18880000e-04 -3.76450000e-04 1.24109000e-03 -1.09540000e-04 2.47150000e-04 1.93868000e-03 -2.06700000e-04 1.34410000e-04 1.12853000e-03 4.70120000e-04 3.93860000e-04 5.90410000e-04 -3.52700000e-05 7.63780000e-04 -3.90400000e-05 -1.52770000e-04 -4.42290000e-04 4.13000000e-05 4.57402200e-02 -1.20560000e-04 7.76470000e-04 -1.38475000e-03 5.30170000e-04 -1.08792000e-03 -2.37710000e-04 5.04330000e-04 1.56790000e-04 1.87350000e-04 6.83400000e-04 -9.06250000e-04 -1.12800000e-04 -2.28310000e-04 -8.13300000e-05 1.35720000e-04 -1.51800000e-05 5.43870000e-04 6.55720000e-04 -4.36320000e-04 -1.51160000e-04 -4.05060000e-04 -6.37910000e-04 -1.31990000e-03 -9.12700000e-05 -9.01000000e-06 2.21860000e-04 3.51300000e-04 -3.27410000e-04 8.32200000e-05 3.00850000e-04 -1.55470000e-04 1.12584000e-03 -9.49500000e-04 -3.15200000e-04 -2.42780000e-04 -3.94040000e-04 3.69670000e-04 2.13580000e-04 -8.76970000e-04 -2.23490000e-04 2.45360000e-04 -2.88280000e-04 -8.74140000e-04 -3.71300000e-05 1.96416000e-03 -1.11605000e-03 -7.82000000e-04 -3.30570000e-04 6.15720000e-04 -8.04310000e-04 -5.98050000e-04 1.60628000e-03 3.00430000e-04 7.46560000e-04 -2.57870000e-04
-2.39670000e-04 2.87450000e-04 9.74240000e-04 -1.80600000e-05 4.30590000e-04 2.94610000e-04 -1.41440000e-04 -1.54410000e-04 -7.89700000e-05 -4.74180000e-04 -3.93360000e-04 -2.59460000e-04 -4.34260000e-04 5.85300000e-05 2.04350000e-04 3.48920000e-04 -2.39960000e-04 -8.82300000e-05 2.91820000e-04 1.44890000e-04 3.41870000e-04 5.34080000e-04 4.72300000e-05 -1.08240000e-04 -3.37620000e-04 -3.88840000e-04 1.37500000e-05 -2.26400000e-05 1.56600000e-05 -2.66610000e-04 2.89100000e-04 3.24690000e-04 3.33930000e-04 3.14000000e-05 3.41490000e-04 -2.13380000e-04 2.23630000e-04 -1.69780000e-04 -3.29760000e-04 1.87390000e-04 6.13030000e-04 5.18960000e-04 9.83800000e-05 2.82800000e-04 8.55320000e-04 -3.48690000e-04 -1.42000000e-05 -3.50970000e-04 5.00910000e-04 -3.85000000e-06 -4.30680000e-04 1.48800000e-04 -4.42770000e-04 5.12800000e-05 -2.70420000e-04 2.52790000e-04 3.26830000e-04 1.44750000e-04 -8.46600000e-05 -2.34290000e-04 4.76800000e-05 -1.20560000e-04 8.99127000e-03 2.61630000e-04 1.77410000e-04 5.77090000e-04 -4.95320000e-04 3.39670000e-04 8.19000000e-06 -3.43910000e-04 3.76400000e-05 2.80500000e-05 -5.28100000e-04 -5.59700000e-05 -3.38610000e-04 3.10580000e-04 -1.05410000e-04 9.59700000e-05 -3.57920000e-04 -1.91300000e-04 -3.61160000e-04 -1.76680000e-04 -1.92420000e-04 6.05700000e-05 -2.66590000e-04 -2.61560000e-04 -4.44900000e-05 1.72730000e-04 -5.69800000e-05 3.69420000e-04 1.39000000e-04 6.93740000e-04 1.98050000e-04 -1.15210000e-04 -1.94000000e-04 -1.28100000e-04 4.81940000e-04 5.01050000e-04 -1.13500000e-05 3.72120000e-04 -5.00290000e-04 -1.28740000e-04 8.49300000e-05 -1.74200000e-05 5.33790000e-04 -4.86240000e-04 2.04190000e-04 4.40900000e-05 -1.11550000e-04 -4.43500000e-04 -3.14400000e-05 -1.55310000e-04 4.99270000e-04 -3.26340000e-04 -3.79700000e-05 -4.72740000e-04 -1.38160000e-04
-1.10095000e-03 6.96100000e-04 7.53261000e-03 -4.88680000e-04 1.39692000e-03 2.19317000e-03 2.86540000e-04 9.88760000e-04 -2.15810000e-04 -5.15780000e-04 -1.55309000e-03 4.70700000e-05 -1.87594000e-03 -2.12500000e-04 -2.51070000e-04 4.83460000e-03 -8.55390000e-04 -5.52940000e-04 7.19900000e-04 -6.75660000e-04 1.11600000e-04 1.49138000e-03 1.83353000e-03 6.12280000e-04 -1.64914000e-03 -5.54780000e-04 9.30900000e-05 1.10806000e-03 -1.30250000e-04 -1.05730000e-03 3.12170000e-04 6.34090000e-04 2.56082000e-03 -1.93750000e-03 -1.72485000e-03 7.71790000e-04 2.96510000e-04 6.63290000e-04 -6.20910000e-04 1.99140000e-04 1.53711000e-03 8.11300000e-04 1.08633000e-03 2.59500000e-04 1.36960000e-03 1.66853000e-03 -6.95630000e-04 -3.99250000e-04 5.19674000e-03 -5.44460000e-04 -7.56300000e-04 2.46471000e-03 -1.76600000e-04 9.87040000e-04 4.43470000e-04 5.37630000e-04 2.49339000e-03 1.00120000e-04 -5.45260000e-04 -1.35751000e-03 3.78790000e-04 7.76470000e-04 2.61630000e-04 1.32024500e-02 -2.19216000e-03 2.64394000e-03 -3.18121000e-03 2.92770000e-04 1.01770000e-03 -6.17430000e-04 4.67090000e-04 1.42030000e-03 -3.06100000e-03 -3.54410000e-04 -1.29233000e-03 2.77200000e-04 -4.98600000e-05 2.02960000e-04 4.14600000e-05 7.63150000e-04 -1.78860000e-03 -7.51820000e-04 -1.29982000e-03 -9.71760000e-04 -3.25966000e-03 -9.58540000e-04 4.42700000e-05 4.07500000e-04 6.00690000e-04 2.18700000e-04 3.30490000e-04 2.20390000e-03 4.93220000e-04 2.05135000e-03 -2.08826000e-03 -8.97010000e-04 8.02400000e-05 -3.89900000e-05 7.82510000e-04 7.54840000e-04 -2.82826000e-03 -5.85320000e-04 2.72480000e-04 -6.67480000e-04 -1.12830000e-03 -1.11653000e-03 4.01681000e-03 -1.95570000e-03 -1.95676000e-03 -1.64963000e-03 1.23677000e-03 -2.02356000e-03 -6.78430000e-04 2.67317000e-03 7.84310000e-04 8.98530000e-04 -7.04460000e-04
1.21512000e-03 2.71820000e-04 -8.76406000e-03 1.13778000e-03 1.59040000e-04 -2.76861000e-03 -5.54530000e-04 -1.70645000e-03 1.44400000e-04 -9.26480000e-04 7.69630000e-04 -5.32810000e-04 1.69808000e-03 9.06990000e-04 4.23460000e-04 -5.74095000e-03 7.69440000e-04 8.98620000e-04 1.88020000e-04 1.92462000e-03 6.52250000e-04 -2.13840000e-04 -2.43749000e-03 -1.09483000e-03 1.27041000e-03 -1.82941000e-03 5.56000000e-06 -1.75436000e-03 5.23090000e-04 1.05307000e-03 5.55590000e-04 2.88950000e-04 -2.56666000e-03 3.47313000e-03 4.84709000e-03 -1.55869000e-03 2.90370000e-04 -1.16891000e-03 -2.81450000e-04 5.08480000e-04 2.85280000e-04 9.93850000e-04 -7.86900000e-04 4.68760000e-04 1.80587000e-03 -3.92133000e-03 6.80800000e-04 -4.63910000e-04 -5.80802000e-03 7.80840000e-04 -4.41850000e-04 -3.40747000e-03 -1.45179000e-03 -8.59490000e-04 -1.26669000e-03 2.60320000e-04 -2.27834000e-03 6.73800000e-05 7.53110000e-04 1.41582000e-03 1.54660000e-04 -1.38475000e-03 1.77410000e-04 -2.19216000e-03 4.14563900e-02 -1.50759000e-03 3.35332000e-03 7.60550000e-04 -1.56209000e-03 2.64470000e-04 -2.93040000e-04 -2.15746000e-03 3.25371000e-03 8.04740000e-04 1.05831000e-03 3.99550000e-04 -1.58300000e-04 7.11400000e-05 -1.17151000e-03 -1.56671000e-03 2.09293000e-03 6.77880000e-04 1.68762000e-03 2.15900000e-03 4.78355000e-03 7.29430000e-04 6.03700000e-05 -7.54720000e-04 -1.08279000e-03 5.99540000e-04 1.00680000e-04 -5.92110000e-04 7.05110000e-04 -3.33547000e-03 2.76888000e-03 1.22451000e-03 1.04460000e-03 1.36710000e-03 -9.09470000e-04 -5.77790000e-04 2.36971000e-03 4.34520000e-04 -8.99990000e-04 1.14032000e-03 3.14209000e-03 1.50680000e-04 -6.08101000e-03 3.60586000e-03 2.69100000e-03 1.22005000e-03 -1.72813000e-03 2.75244000e-03 2.32023000e-03 -4.85532000e-03 -8.32500000e-04 -2.46990000e-03 1.08775000e-03
-1.74940000e-03 1.33122000e-03 9.00114000e-03 -5.04940000e-04 2.30017000e-03 2.29316000e-03 1.07200000e-04 7.84350000e-04 -5.88990000e-04 -1.48062000e-03 -2.35580000e-03 -3.72450000e-04 -2.73356000e-03 -1.76130000e-04 -2.27210000e-04 5.50680000e-03 -1.29906000e-03 -6.45350000e-04 1.38400000e-03 -8.39800000e-05 4.29140000e-04 2.80028000e-03 1.73202000e-03 5.20710000e-04 -2.46646000e-03 -1.66558000e-03 1.51240000e-04 9.15310000e-04 8.43400000e-05 -1.37915000e-03 8.02980000e-04 1.28760000e-03 3.14903000e-03 -1.63682000e-03 -5.37100000e-04 3.74780000e-04 4.49170000e-04 4.55220000e-04 -1.42775000e-03 5.53490000e-04 2.77398000e-03 1.81491000e-03 1.30905000e-03 5.98260000e-04 3.07271000e-03 1.20262000e-03 -9.85180000e-04 -1.09329000e-03 6.03184000e-03 -5.70160000e-04 -1.66608000e-03 2.53068000e-03 -1.10265000e-03 1.07677000e-03 2.23530000e-04 9.70810000e-04 2.91670000e-03 6.25800000e-05 -6.54880000e-04 -2.06286000e-03 5.01690000e-04 5.30170000e-04 5.77090000e-04 2.64394000e-03 -1.50759000e-03 2.74928500e-02 -3.99710000e-03 8.26400000e-04 7.81320000e-04 -1.17523000e-03 8.04980000e-04 1.17747000e-03 -3.73497000e-03 -2.52530000e-04 -1.85509000e-03 7.13270000e-04 -4.67600000e-04 1.77550000e-04 -5.68530000e-04 4.50300000e-04 -2.21784000e-03 -1.05580000e-03 -1.86370000e-03 -9.01050000e-04 -3.22038000e-03 -1.43692000e-03 1.22120000e-04 1.62380000e-04 2.50310000e-04 5.93280000e-04 3.40200000e-04 3.52816000e-03 8.74030000e-04 2.00177000e-03 -2.36028000e-03 -9.87000000e-04 5.56490000e-04 5.55060000e-04 9.56840000e-04 9.93500000e-04 -4.20806000e-03 -5.22110000e-04 -2.90000000e-07 -8.35400000e-04 -5.63720000e-04 -2.08244000e-03 3.93231000e-03 -2.06411000e-03 -2.38317000e-03 -2.53214000e-03 1.22523000e-03 -2.29391000e-03 -2.33140000e-04 1.86730000e-03 9.42820000e-04 2.17010000e-04 -9.59700000e-04
2.06693000e-03 -1.02715000e-03 -1.14441600e-02 9.47610000e-04 -1.98169000e-03 -3.27456000e-03 -2.49170000e-04 -1.35222000e-03 4.06570000e-04 9.32320000e-04 2.44756000e-03 8.75500000e-05 3.18970000e-03 5.91660000e-04 2.98580000e-04 -7.20615000e-03 1.36521000e-03 9.15410000e-04 -1.07427000e-03 1.01537000e-03 -1.22120000e-04 -2.38430000e-03 -2.56987000e-03 -9.61580000e-04 2.69093000e-03 4.38550000e-04 -8.10000000e-05 -1.56975000e-03 1.55140000e-04 1.56130000e-03 -4.43550000e-04 -9.40990000e-04 -3.75698000e-03 3.03677000e-03 2.71801000e-03 -9.53490000e-04 -3.36450000e-04 -9.16540000e-04 1.08904000e-03 -3.05040000e-04 -2.22412000e-03 -1.20159000e-03 -1.44070000e-03 -3.07170000e-04 -2.05234000e-03 -2.63422000e-03 1.03984000e-03 6.88730000e-04 -7.74638000e-03 8.09990000e-04 1.26493000e-03 -3.62076000e-03 3.55530000e-04 -1.33023000e-03 -7.34900000e-04 -7.47160000e-04 -3.60820000e-03 -7.45900000e-05 8.57520000e-04 2.44556000e-03 -3.72530000e-04 -1.08792000e-03 -4.95320000e-04 -3.18121000e-03 3.35332000e-03 -3.99710000e-03 4.52201600e-02 -4.11750000e-04 -1.37220000e-03 1.06390000e-03 -8.29020000e-04 -1.96791000e-03 4.67234000e-03 5.55300000e-04 2.06439000e-03 -4.34780000e-04 2.85240000e-04 -1.74220000e-04 -7.44800000e-05 -1.08352000e-03 2.81656000e-03 1.22382000e-03 2.26710000e-03 1.76861000e-03 4.92928000e-03 1.51927000e-03 -4.12200000e-05 -5.38020000e-04 -6.96050000e-04 -3.16610000e-04 -2.47860000e-04 -3.25366000e-03 -4.71300000e-04 -3.03102000e-03 3.46513000e-03 1.40128000e-03 -6.06000000e-05 3.92300000e-05 -1.11131000e-03 -1.16917000e-03 4.67589000e-03 7.84880000e-04 -4.88600000e-04 1.18944000e-03 1.81356000e-03 1.92681000e-03 -6.00452000e-03 3.36127000e-03 3.15346000e-03 2.79094000e-03 -1.65667000e-03 3.15932000e-03 1.16352000e-03 -3.55033000e-03 -1.04260000e-03 -9.42600000e-04 1.25837000e-03
-1.35860000e-04 5.80290000e-04 4.97440000e-04 1.43800000e-04 8.91810000e-04 9.96000000e-06 -1.41730000e-04 -2.39670000e-04 -1.23890000e-04 -7.50980000e-04 -5.53610000e-04 -3.04250000e-04 -3.93800000e-04 2.42850000e-04 2.94500000e-05 2.30030000e-04 -1.85380000e-04 8.73500000e-05 5.27970000e-04 4.61130000e-04 4.24650000e-04 7.85860000e-04 -5.82000000e-06 -1.63850000e-04 -4.29590000e-04 -1.13537000e-03 1.29800000e-04 -1.25010000e-04 1.86420000e-04 -2.32210000e-04 5.18330000e-04 5.40200000e-04 3.19640000e-04 3.35070000e-04 1.12092000e-03 -3.19710000e-04 3.76420000e-04 -2.16240000e-04 -4.85520000e-04 3.04690000e-04 9.88140000e-04 9.81630000e-04 2.23030000e-04 3.95820000e-04 1.69658000e-03 -8.69790000e-04 -7.06400000e-05 -4.89720000e-04 3.73130000e-04 6.54700000e-05 -6.57950000e-04 -1.33550000e-04 -7.70270000e-04 1.08620000e-04 -4.94410000e-04 4.83980000e-04 4.96650000e-04 1.48080000e-04 4.48600000e-05 -1.81430000e-04 2.25990000e-04 -2.37710000e-04 3.39670000e-04 2.92770000e-04 7.60550000e-04 8.26400000e-04 -4.11750000e-04 1.24073000e-02 -9.35900000e-05 -3.80040000e-04 1.89910000e-04 -1.02500000e-04 -5.05140000e-04 1.30770000e-04 -3.83270000e-04 3.64980000e-04 -1.45130000e-04 2.02730000e-04 -6.35720000e-04 -3.52900000e-04 -3.06380000e-04 -1.78970000e-04 -7.81600000e-05 3.80250000e-04 8.41300000e-05 -3.14040000e-04 1.21150000e-04 -3.15500000e-05 -1.32860000e-04 5.38500000e-04 1.76720000e-04 1.01874000e-03 6.03410000e-04 -3.26980000e-04 2.96000000e-05 5.86000000e-05 5.13010000e-04 6.23190000e-04 7.19800000e-05 2.03550000e-04 -5.08560000e-04 -3.27700000e-05 -2.38890000e-04 1.61590000e-04 7.35330000e-04 -6.06760000e-04 -3.97450000e-04 5.21120000e-04 9.25100000e-05 -4.54470000e-04 -8.43000000e-05 7.14300000e-05 6.26120000e-04 -7.01930000e-04 7.12200000e-05 -5.32890000e-04 6.65400000e-05
-2.01950000e-04 6.73700000e-05 3.84591000e-03 -2.07470000e-04 3.98610000e-04 1.19887000e-03 2.39730000e-04 6.29170000e-04 1.15420000e-04 3.01610000e-04 -4.15300000e-04 2.84840000e-04 -6.32320000e-04 -7.93600000e-05 -9.72300000e-05 2.68080000e-03 -2.17880000e-04 -3.25770000e-04 1.33630000e-04 -7.34570000e-04 -6.60300000e-05 1.95780000e-04 1.28307000e-03 6.17370000e-04 -4.57980000e-04 2.97690000e-04 -5.07500000e-05 9.08110000e-04 -2.80940000e-04 -4.45520000e-04 -1.31800000e-05 -4.24000000e-06 1.18438000e-03 -1.19206000e-03 -1.59842000e-03 6.42430000e-04 1.65720000e-04 4.52900000e-04 2.03360000e-04 -1.54960000e-04 2.71880000e-04 -3.11100000e-05 5.53000000e-04 -3.39100000e-05 -1.14770000e-04 1.36057000e-03 -2.24660000e-04 2.26640000e-04 2.89371000e-03 -2.92450000e-04 1.72080000e-04 1.54123000e-03 4.85660000e-04 6.14370000e-04 5.10710000e-04 7.65500000e-05 1.32674000e-03 1.86630000e-04 -3.00820000e-04 -3.58340000e-04 2.56670000e-04 5.04330000e-04 8.19000000e-06 1.01770000e-03 -1.56209000e-03 7.81320000e-04 -1.37220000e-03 -9.35900000e-05 1.87826300e-02 -3.59400000e-05 -7.46700000e-05 1.07267000e-03 -1.31705000e-03 -3.81140000e-04 -3.89250000e-04 -5.10600000e-05 2.09020000e-04 2.26900000e-04 4.96850000e-04 5.68440000e-04 -7.16280000e-04 -1.88810000e-04 -3.62210000e-04 -5.41460000e-04 -1.86859000e-03 -2.88820000e-04 -9.14100000e-05 5.05340000e-04 6.06890000e-04 3.46400000e-05 2.74180000e-04 6.08660000e-04 1.49790000e-04 1.06560000e-03 -1.06734000e-03 -5.51530000e-04 -3.30170000e-04 -2.77940000e-04 2.24330000e-04 3.32800000e-04 -7.50540000e-04 -6.12110000e-04 3.97970000e-04 -4.32360000e-04 -1.08976000e-03 -1.12440000e-04 2.24833000e-03 -1.03300000e-03 -1.00133000e-03 -5.03710000e-04 6.23760000e-04 -1.06776000e-03 -7.69180000e-04 2.27610000e-03 3.01970000e-04 7.55850000e-04 -2.62060000e-04
6.27290000e-04 -5.13780000e-04 -2.20637000e-03 2.58840000e-04 -6.31130000e-04 -3.87670000e-04 1.43800000e-04 -3.89800000e-05 4.30510000e-04 7.38070000e-04 6.66860000e-04 4.37030000e-04 9.00500000e-04 1.00830000e-04 1.13240000e-04 -1.21679000e-03 5.98950000e-04 2.44340000e-04 -4.14790000e-04 -3.46030000e-04 -1.98310000e-04 -8.83530000e-04 -2.95680000e-04 8.20500000e-05 7.92840000e-04 5.47280000e-04 -1.19690000e-04 -1.60500000e-05 -7.63500000e-05 5.96420000e-04 -3.41680000e-04 -5.01900000e-04 -7.54830000e-04 3.43560000e-04 -3.05800000e-04 2.52950000e-04 -1.54880000e-04 1.76490000e-04 6.65260000e-04 -8.72200000e-05 -7.94280000e-04 -6.44270000e-04 -1.59190000e-04 -2.19380000e-04 -1.14039000e-03 4.47600000e-05 4.13460000e-04 6.45160000e-04 -1.22936000e-03 1.67580000e-04 7.47280000e-04 -3.96760000e-04 6.22000000e-04 -6.52000000e-05 4.55590000e-04 -3.15040000e-04 -7.79840000e-04 1.02600000e-05 2.15340000e-04 6.36260000e-04 5.33300000e-05 1.56790000e-04 -3.43910000e-04 -6.17430000e-04 2.64470000e-04 -1.17523000e-03 1.06390000e-03 -3.80040000e-04 -3.59400000e-05 1.37296500e-02 -3.13690000e-04 -1.33870000e-04 1.31400000e-03 1.13870000e-04 7.78350000e-04 -2.30900000e-04 3.28780000e-04 4.20000000e-06 6.81820000e-04 2.21950000e-04 1.00208000e-03 4.91880000e-04 7.83910000e-04 1.96020000e-04 9.47920000e-04 6.53350000e-04 -1.07980000e-04 5.69200000e-05 8.97200000e-05 -4.21520000e-04 1.23700000e-04 -1.02438000e-03 -3.10760000e-04 -4.37380000e-04 4.18330000e-04 2.44650000e-04 -2.60540000e-04 -2.55280000e-04 -3.27410000e-04 -2.49890000e-04 1.12095000e-03 -2.80390000e-04 1.09880000e-04 1.34710000e-04 -4.33500000e-05 7.74660000e-04 -7.92980000e-04 4.01470000e-04 5.49940000e-04 8.58770000e-04 -2.32840000e-04 5.57690000e-04 -6.22600000e-05 1.80050000e-04 -2.50650000e-04 -2.74200000e-05 3.26810000e-04
-6.09750000e-04 3.95140000e-04 1.66437000e-03 -2.51250000e-04 3.63700000e-04 2.22860000e-04 -1.88700000e-05 2.67180000e-04 -6.05830000e-04 -4.43880000e-04 -4.92960000e-04 -2.38090000e-04 -6.99140000e-04 -2.53980000e-04 -1.87520000e-04 9.38520000e-04 -3.12140000e-04 2.37600000e-05 1.62800000e-04 6.29780000e-04 3.52100000e-05 6.37120000e-04 1.06650000e-04 -1.23980000e-04 -7.66050000e-04 -6.68700000e-05 2.98830000e-04 -9.28100000e-05 4.21500000e-04 -1.14060000e-04 1.36570000e-04 4.07000000e-04 5.48730000e-04 -3.22910000e-04 4.36730000e-04 -4.35400000e-05 -5.35300000e-05 1.22640000e-04 -5.71710000e-04 2.29920000e-04 4.78840000e-04 4.22730000e-04 5.06800000e-05 4.67800000e-05 9.12100000e-04 3.26300000e-04 -1.62980000e-04 -3.40810000e-04 8.19910000e-04 1.00000000e-05 -5.65720000e-04 2.63890000e-04 -2.85280000e-04 4.22100000e-05 -6.84000000e-05 1.87040000e-04 6.15930000e-04 -2.14220000e-04 6.00000000e-05 -6.88350000e-04 -2.18670000e-04 1.87350000e-04 3.76400000e-05 4.67090000e-04 -2.93040000e-04 8.04980000e-04 -8.29020000e-04 1.89910000e-04 -7.46700000e-05 -3.13690000e-04 7.50686000e-03 -3.50100000e-05 -8.55480000e-04 2.77690000e-04 -5.27100000e-04 1.79110000e-04 -3.37030000e-04 -1.86760000e-04 -2.41210000e-04 1.05280000e-04 -5.42860000e-04 -3.17240000e-04 -8.96960000e-04 -2.53250000e-04 -4.07740000e-04 -3.57530000e-04 3.48400000e-04 -2.42830000e-04 -2.45610000e-04 9.18000000e-06 -2.67860000e-04 6.20920000e-04 2.48840000e-04 7.75880000e-04 -3.69170000e-04 6.29000000e-06 5.41200000e-05 -5.22000000e-05 7.25920000e-04 3.86100000e-05 -1.12800000e-03 7.42470000e-04 -2.75050000e-04 -8.32000000e-06 -1.59180000e-04 -5.83690000e-04 8.34230000e-04 -6.29580000e-04 -4.43580000e-04 -6.45490000e-04 3.36240000e-04 -3.26450000e-04 -1.19220000e-04 -2.48850000e-04 3.12240000e-04 5.33900000e-04 -3.26220000e-04
-3.50330000e-04 1.06510000e-04 5.30592000e-03 -3.55090000e-04 5.63970000e-04 1.64348000e-03 3.07840000e-04 8.54240000e-04 1.05790000e-04 3.21500000e-04 -6.24630000e-04 3.22850000e-04 -9.29790000e-04 -1.58590000e-04 -1.59120000e-04 3.59679000e-03 -3.57390000e-04 -4.24560000e-04 2.04450000e-04 -1.06402000e-03 -9.25200000e-05 3.64230000e-04 1.65200000e-03 7.12720000e-04 -7.09400000e-04 2.97170000e-04 -4.16500000e-05 1.15101000e-03 -3.47990000e-04 -6.85140000e-04 -2.33600000e-05 4.16500000e-05 1.61306000e-03 -1.71099000e-03 -2.19220000e-03 8.38980000e-04 1.98000000e-04 6.04770000e-04 1.86160000e-04 -1.53460000e-04 4.10050000e-04 8.96000000e-06 7.38700000e-04 -2.94300000e-05 -7.02500000e-05 1.74237000e-03 -3.49490000e-04 2.15920000e-04 3.83349000e-03 -4.21730000e-04 1.20240000e-04 2.02912000e-03 5.53210000e-04 7.28500000e-04 5.83650000e-04 1.50780000e-04 1.75405000e-03 2.04520000e-04 -4.01210000e-04 -5.96420000e-04 2.85980000e-04 6.83400000e-04 2.80500000e-05 1.42030000e-03 -2.15746000e-03 1.17747000e-03 -1.96791000e-03 -1.02500000e-04 1.07267000e-03 -1.33870000e-04 -3.50100000e-05 2.05442200e-02 -1.97398000e-03 -4.88270000e-04 -6.21460000e-04 -5.17600000e-05 2.13990000e-04 2.65990000e-04 5.43910000e-04 7.49620000e-04 -1.08937000e-03 -3.37080000e-04 -5.74880000e-04 -7.80200000e-04 -2.60258000e-03 -4.51520000e-04 -1.02410000e-04 5.99780000e-04 7.67260000e-04 -1.02400000e-05 3.05040000e-04 9.03260000e-04 1.24060000e-04 1.51413000e-03 -1.44613000e-03 -6.93800000e-04 -3.18790000e-04 -2.78080000e-04 3.85230000e-04 5.35250000e-04 -1.12370000e-03 -7.22810000e-04 5.11250000e-04 -5.41290000e-04 -1.33436000e-03 -2.21940000e-04 3.09468000e-03 -1.39112000e-03 -1.34788000e-03 -7.32200000e-04 8.99430000e-04 -1.43918000e-03 -8.99350000e-04 2.96103000e-03 4.45370000e-04 1.03881000e-03 -3.65250000e-04
1.64984000e-03 -1.03851000e-03 -1.09314000e-02 9.42540000e-04 -1.93813000e-03 -2.89272000e-03 -1.65940000e-04 -1.33492000e-03 5.26650000e-04 1.06363000e-03 2.16726000e-03 2.50080000e-04 2.86914000e-03 4.40390000e-04 4.85000000e-04 -6.79181000e-03 1.42005000e-03 7.87390000e-04 -9.67260000e-04 7.78430000e-04 -2.03470000e-04 -2.14891000e-03 -2.49641000e-03 -5.17800000e-04 2.53212000e-03 6.36470000e-04 -1.75000000e-04 -1.36840000e-03 7.78900000e-05 1.66709000e-03 -4.49380000e-04 -1.00712000e-03 -3.49148000e-03 2.97130000e-03 2.23382000e-03 -6.81520000e-04 -4.21480000e-04 -7.22190000e-04 1.12192000e-03 -2.54280000e-04 -2.07062000e-03 -1.24180000e-03 -1.30060000e-03 -3.34980000e-04 -2.18712000e-03 -2.03614000e-03 1.09413000e-03 8.76400000e-04 -7.08539000e-03 8.47200000e-04 1.43308000e-03 -3.27582000e-03 5.73740000e-04 -1.02242000e-03 -5.87900000e-05 -8.17370000e-04 -3.61851000e-03 -7.96800000e-05 7.76360000e-04 2.12454000e-03 -2.00590000e-04 -9.06250000e-04 -5.28100000e-04 -3.06100000e-03 3.25371000e-03 -3.73497000e-03 4.67234000e-03 -5.05140000e-04 -1.31705000e-03 1.31400000e-03 -8.55480000e-04 -1.97398000e-03 4.24406100e-02 5.47380000e-04 2.16009000e-03 -3.84500000e-04 3.51210000e-04 -2.01360000e-04 4.16840000e-04 -8.16780000e-04 3.02727000e-03 1.43304000e-03 2.21368000e-03 1.38283000e-03 4.84204000e-03 1.66020000e-03 -7.25700000e-05 -4.69190000e-04 -6.92350000e-04 -3.55260000e-04 -1.61990000e-04 -3.12554000e-03 -6.76980000e-04 -3.01621000e-03 2.74006000e-03 1.17463000e-03 -2.47080000e-04 -1.63680000e-04 -1.39150000e-03 -1.21346000e-03 3.82528000e-03 3.16730000e-04 -3.12190000e-04 8.27100000e-04 1.38909000e-03 1.83110000e-03 -5.59599000e-03 2.61128000e-03 2.67741000e-03 2.53329000e-03 -1.66540000e-03 2.79053000e-03 7.85290000e-04 -3.37722000e-03 -1.07331000e-03 -1.47853000e-03 1.06720000e-03
1.34740000e-04 9.52400000e-05 -1.67271000e-03 1.50920000e-04 1.38300000e-05 -5.12650000e-04 -5.59600000e-05 -1.77730000e-04 -1.14860000e-04 -1.83280000e-04 1.02420000e-04 -7.01700000e-05 2.73230000e-04 7.94400000e-05 6.62000000e-06 -1.11908000e-03 1.80180000e-04 3.03760000e-04 -1.06300000e-05 5.26430000e-04 8.83300000e-05 -1.01100000e-05 -5.53660000e-04 -3.15610000e-04 1.24320000e-04 -3.37230000e-04 1.45070000e-04 -4.18790000e-04 3.13210000e-04 3.04850000e-04 6.93500000e-05 1.01490000e-04 -4.52180000e-04 5.71060000e-04 9.87960000e-04 -2.25340000e-04 -1.80700000e-05 -7.94700000e-05 -1.45970000e-04 1.73080000e-04 4.19900000e-05 2.09200000e-04 -1.71870000e-04 6.21400000e-05 4.53560000e-04 -6.86680000e-04 1.74100000e-04 -8.37100000e-05 -1.22225000e-03 2.18300000e-04 -1.62350000e-04 -7.07990000e-04 -2.61200000e-04 -1.98330000e-04 -2.38710000e-04 6.52700000e-05 -4.05900000e-04 -9.88400000e-05 2.65680000e-04 1.27130000e-04 -7.51800000e-05 -1.12800000e-04 -5.59700000e-05 -3.54410000e-04 8.04740000e-04 -2.52530000e-04 5.55300000e-04 1.30770000e-04 -3.81140000e-04 1.13870000e-04 2.77690000e-04 -4.88270000e-04 5.47380000e-04 8.47536000e-03 1.66160000e-04 8.33900000e-05 -7.95200000e-05 -7.70700000e-05 -2.20230000e-04 -1.60620000e-04 4.01450000e-04 9.86900000e-05 1.23610000e-04 3.48320000e-04 9.28190000e-04 1.45920000e-04 1.78350000e-04 -2.72340000e-04 -2.96600000e-04 -2.48300000e-05 -8.98500000e-05 -1.16620000e-04 1.44450000e-04 -3.48230000e-04 4.98150000e-04 3.66760000e-04 2.13060000e-04 1.67930000e-04 1.07020000e-04 -1.62860000e-04 2.60150000e-04 4.33360000e-04 -2.95070000e-04 3.47960000e-04 5.74240000e-04 1.29300000e-05 -9.48660000e-04 5.48570000e-04 5.48750000e-04 2.18870000e-04 -1.85160000e-04 5.76850000e-04 4.39950000e-04 -1.09505000e-03 -4.60800000e-05 -1.78490000e-04 1.84790000e-04
9.14450000e-04 -6.48370000e-04 -4.59742000e-03 4.10120000e-04 -1.00688000e-03 -1.11251000e-03 1.08700000e-05 -4.20150000e-04 4.68430000e-04 7.23700000e-04 1.12446000e-03 3.38690000e-04 1.42121000e-03 2.16460000e-04 1.96540000e-04 -2.78591000e-03 7.49360000e-04 3.48100000e-04 -5.47170000e-04 -3.58300000e-05 -1.80770000e-04 -1.21764000e-03 -9.01910000e-04 -1.54700000e-04 1.29681000e-03 5.61400000e-04 -1.66630000e-04 -4.17710000e-04 -7.09200000e-05 8.06910000e-04 -3.43190000e-04 -6.13920000e-04 -1.50422000e-03 1.04852000e-03 3.85330000e-04 -1.24240000e-04 -2.06570000e-04 -1.43770000e-04 7.39380000e-04 -1.92190000e-04 -1.16281000e-03 -8.18540000e-04 -5.06230000e-04 -2.35440000e-04 -1.47632000e-03 -6.66930000e-04 5.22540000e-04 6.00560000e-04 -2.91827000e-03 3.02640000e-04 8.59000000e-04 -1.22662000e-03 4.92040000e-04 -3.91740000e-04 1.33870000e-04 -4.46080000e-04 -1.57483000e-03 6.09000000e-06 3.17800000e-04 1.07731000e-03 -5.01600000e-05 -2.28310000e-04 -3.38610000e-04 -1.29233000e-03 1.05831000e-03 -1.85509000e-03 2.06439000e-03 -3.83270000e-04 -3.89250000e-04 7.78350000e-04 -5.27100000e-04 -6.21460000e-04 2.16009000e-03 1.66160000e-04 1.69123900e-02 -2.88400000e-04 3.11470000e-04 -4.36800000e-05 4.40730000e-04 -1.52680000e-04 1.41952000e-03 6.48500000e-04 1.15450000e-03 5.45450000e-04 1.91121000e-03 8.47910000e-04 -1.46050000e-04 -9.18800000e-05 -1.06480000e-04 -3.27810000e-04 1.10300000e-05 -1.59024000e-03 -4.23970000e-04 -1.15723000e-03 1.14456000e-03 4.78910000e-04 -2.16660000e-04 -1.84940000e-04 -6.36300000e-04 -4.86170000e-04 1.95436000e-03 -6.15500000e-05 1.50900000e-05 3.40040000e-04 4.08760000e-04 1.03099000e-03 -2.14696000e-03 1.09408000e-03 1.16991000e-03 1.29735000e-03 -6.66430000e-04 1.15752000e-03 2.01550000e-04 -8.84850000e-04 -4.71690000e-04 -4.36720000e-04 5.30190000e-04
-2.58530000e-04 3.75110000e-04 8.22440000e-04 5.65600000e-05 5.51580000e-04 7.99600000e-05 -8.37800000e-05 -1.16260000e-04 -1.46990000e-04 -4.94330000e-04 -4.40030000e-04 -2.07590000e-04 -3.85510000e-04 9.73500000e-05 2.81400000e-05 3.39290000e-04 -1.70010000e-04 2.13900000e-05 3.84190000e-04 2.78450000e-04 3.07500000e-04 6.85740000e-04 -4.61000000e-06 -8.57100000e-05 -4.15250000e-04 -7.02650000e-04 7.32600000e-05 -4.61500000e-05 1.31140000e-04 -1.70500000e-04 3.33730000e-04 3.93080000e-04 3.47510000e-04 1.61300000e-04 6.30350000e-04 -1.64910000e-04 2.00540000e-04 -1.01820000e-04 -3.61100000e-04 2.42410000e-04 7.35700000e-04 6.29140000e-04 1.73710000e-04 2.73110000e-04 1.05562000e-03 -3.68580000e-04 -2.32800000e-05 -3.17100000e-04 4.74680000e-04 4.60900000e-05 -4.61180000e-04 7.39500000e-05 -4.68250000e-04 9.12300000e-05 -1.69730000e-04 3.13190000e-04 3.06120000e-04 7.97300000e-05 1.29000000e-06 -2.71920000e-04 1.11070000e-04 -8.13300000e-05 3.10580000e-04 2.77200000e-04 3.99550000e-04 7.13270000e-04 -4.34780000e-04 3.64980000e-04 -5.10600000e-05 -2.30900000e-04 1.79110000e-04 -5.17600000e-05 -3.84500000e-04 8.33900000e-05 -2.88400000e-04 9.98501000e-03 -1.34600000e-04 7.81500000e-05 -3.06400000e-04 -1.62760000e-04 -2.01470000e-04 -1.26650000e-04 -1.93570000e-04 1.35930000e-04 1.40900000e-05 -2.17970000e-04 5.80600000e-05 2.40500000e-05 -1.27890000e-04 2.78180000e-04 1.47160000e-04 7.77740000e-04 2.79660000e-04 -8.03900000e-05 -1.34940000e-04 -1.30200000e-05 3.31120000e-04 3.81470000e-04 1.05140000e-04 1.81040000e-04 -6.26490000e-04 -5.02000000e-05 -1.61820000e-04 -1.32700000e-05 4.26620000e-04 -4.97930000e-04 -6.52700000e-05 8.73100000e-05 -1.33170000e-04 -4.18580000e-04 1.39900000e-05 -8.34100000e-05 3.69410000e-04 -3.54050000e-04 5.57900000e-05 -3.28050000e-04 -9.49900000e-05
3.46720000e-04 -2.09660000e-04 -6.08120000e-04 1.37750000e-04 -1.69680000e-04 1.15840000e-04 1.53670000e-04 9.27100000e-05 3.73190000e-04 4.07920000e-04 2.57880000e-04 2.97340000e-04 4.13700000e-04 1.34660000e-04 4.95800000e-05 -2.07210000e-04 2.57610000e-04 5.66900000e-05 -1.29730000e-04 -4.90930000e-04 -4.25600000e-05 -4.59720000e-04 1.47990000e-04 1.39010000e-04 4.32210000e-04 2.21940000e-04 -8.14400000e-05 2.09040000e-04 -1.93020000e-04 9.35800000e-05 -1.11970000e-04 -2.55730000e-04 -1.13420000e-04 -1.05850000e-04 -6.78900000e-04 2.75700000e-04 6.69500000e-05 1.42530000e-04 4.23760000e-04 -1.22100000e-04 -3.13490000e-04 -2.83230000e-04 8.33300000e-05 -3.37300000e-05 -5.73240000e-04 6.95400000e-05 1.35210000e-04 3.50170000e-04 -1.40710000e-04 5.41000000e-06 4.29770000e-04 7.42100000e-05 3.50980000e-04 1.52380000e-04 1.49180000e-04 -8.10500000e-05 -1.19430000e-04 1.34040000e-04 3.09900000e-05 4.15640000e-04 1.73190000e-04 1.35720000e-04 -1.05410000e-04 -4.98600000e-05 -1.58300000e-04 -4.67600000e-04 2.85240000e-04 -1.45130000e-04 2.09020000e-04 3.28780000e-04 -3.37030000e-04 2.13990000e-04 3.51210000e-04 -7.95200000e-05 3.11470000e-04 -1.34600000e-04 2.43531300e-02 1.57920000e-04 3.12460000e-04 1.69410000e-04 2.55610000e-04 1.98590000e-04 5.03200000e-04 2.03800000e-05 -8.97500000e-05 2.72400000e-04 -1.11400000e-04 2.13300000e-04 2.95200000e-04 -7.18600000e-05 2.09960000e-04 -3.57860000e-04 -1.15300000e-04 -1.01750000e-04 -8.56000000e-06 1.73600000e-05 -9.92800000e-05 -1.53830000e-04 -2.53280000e-04 -3.17400000e-05 5.41070000e-04 -3.65760000e-04 1.81480000e-04 9.21500000e-05 -1.33600000e-04 4.52330000e-04 1.06800000e-05 1.71220000e-04 2.41980000e-04 4.18630000e-04 2.80600000e-05 9.92200000e-05 -7.30600000e-05 4.64130000e-04 -4.60800000e-05 4.16000000e-06 2.45900000e-04
1.93110000e-04 1.61630000e-04 3.20850000e-04 1.26300000e-04 3.98310000e-04 2.19150000e-04 2.96300000e-05 -3.81700000e-05 2.52090000e-04 -2.39100000e-05 -1.41250000e-04 6.03500000e-05 1.73900000e-05 2.12820000e-04 6.03500000e-05 3.41510000e-04 8.25800000e-05 5.36300000e-05 2.30970000e-04 -2.81970000e-04 1.84880000e-04 1.19090000e-04 2.99190000e-04 1.29540000e-04 1.54700000e-05 -4.64880000e-04 6.70000000e-06 2.40160000e-04 -8.56700000e-05 -1.14770000e-04 2.06110000e-04 8.95700000e-05 1.90620000e-04 -5.55000000e-05 -9.51600000e-05 9.10000000e-05 2.81740000e-04 6.52000000e-06 1.29530000e-04 2.59500000e-05 3.03850000e-04 3.25030000e-04 2.37040000e-04 1.61610000e-04 4.62640000e-04 -2.44880000e-04 4.58600000e-05 4.21200000e-05 4.94050000e-04 7.31000000e-06 2.03900000e-05 1.61010000e-04 -6.66700000e-05 1.93550000e-04 -1.02830000e-04 2.25150000e-04 3.44600000e-04 2.25970000e-04 9.68000000e-06 1.48330000e-04 2.76600000e-04 -1.51800000e-05 9.59700000e-05 2.02960000e-04 7.11400000e-05 1.77550000e-04 -1.74220000e-04 2.02730000e-04 2.26900000e-04 4.20000000e-06 -1.86760000e-04 2.65990000e-04 -2.01360000e-04 -7.70700000e-05 -4.36800000e-05 7.81500000e-05 1.57920000e-04 9.50196000e-03 -4.44600000e-05 -3.80800000e-05 -8.06500000e-05 4.85800000e-05 3.05600000e-04 1.70350000e-04 -2.61100000e-04 -3.00900000e-05 -2.50200000e-05 2.20180000e-04 2.14920000e-04 2.43620000e-04 2.60960000e-04 3.33430000e-04 2.46540000e-04 -1.99090000e-04 -9.05100000e-05 -5.58000000e-06 1.32640000e-04 2.42630000e-04 -1.52790000e-04 1.58610000e-04 1.28880000e-04 -4.22970000e-04 8.66300000e-05 4.84800000e-05 1.38050000e-04 5.77000000e-06 2.86900000e-05 3.10740000e-04 5.54800000e-05 7.57000000e-06 7.04000000e-06 -6.51000000e-06 1.66250000e-04 3.87000000e-04 3.89000000e-06 -1.73980000e-04 1.67190000e-04
6.27400000e-05 -5.68280000e-04 9.00270000e-04 -1.01780000e-04 -7.04690000e-04 4.97340000e-04 2.86840000e-04 4.55720000e-04 2.68670000e-04 1.05276000e-03 4.09810000e-04 5.65230000e-04 2.14120000e-04 -2.47750000e-04 7.79100000e-05 8.24580000e-04 3.32710000e-04 -1.22410000e-04 -3.96280000e-04 -8.79440000e-04 -4.16350000e-04 -6.40070000e-04 5.28720000e-04 6.31490000e-04 3.02710000e-04 1.31971000e-03 -1.77110000e-04 6.07690000e-04 -2.67440000e-04 2.95050000e-04 -4.99200000e-04 -5.65310000e-04 1.08790000e-04 -6.81880000e-04 -1.80001000e-03 7.09310000e-04 -2.81190000e-04 5.02930000e-04 7.47340000e-04 -2.95250000e-04 -8.41580000e-04 -9.63660000e-04 6.92800000e-05 -4.10970000e-04 -1.76090000e-03 1.60603000e-03 1.76210000e-04 8.33320000e-04 8.96310000e-04 -7.72000000e-05 9.33920000e-04 8.13240000e-04 1.15528000e-03 2.69630000e-04 1.09514000e-03 -4.27220000e-04 -5.88800000e-05 -6.93000000e-06 -7.59200000e-05 4.99600000e-05 8.81000000e-06 5.43870000e-04 -3.57920000e-04 4.14600000e-05 -1.17151000e-03 -5.68530000e-04 -7.44800000e-05 -6.35720000e-04 4.96850000e-04 6.81820000e-04 -2.41210000e-04 5.43910000e-04 4.16840000e-04 -2.20230000e-04 4.40730000e-04 -3.06400000e-04 3.12460000e-04 -4.44600000e-05 1.76017100e-02 6.91080000e-04 4.04440000e-04 3.41840000e-04 1.35710000e-04 -6.04320000e-04 -4.92860000e-04 4.22460000e-04 -1.62540000e-04 3.22700000e-04 3.81580000e-04 -5.95110000e-04 6.75800000e-05 -8.07670000e-04 -6.17550000e-04 5.92880000e-04 -6.10640000e-04 -2.32360000e-04 -6.99260000e-04 -6.83200000e-04 -8.77700000e-05 -3.41500000e-05 1.51560000e-04 -4.80890000e-04 4.91910000e-04 -4.50960000e-04 -1.19842000e-03 6.24810000e-04 1.13307000e-03 -1.01338000e-03 -5.35580000e-04 3.10450000e-04 2.41880000e-04 -4.26790000e-04 -9.63150000e-04 1.77630000e-03 -3.59500000e-05 5.88000000e-04 -1.43980000e-04
-3.06380000e-04 -1.69670000e-04 2.92064000e-03 -2.89250000e-04 -3.98900000e-05 1.04482000e-03 2.92090000e-04 7.06310000e-04 9.58300000e-05 4.60890000e-04 -2.52710000e-04 4.06520000e-04 -4.76980000e-04 -2.73260000e-04 -1.09470000e-04 1.99277000e-03 -8.99100000e-05 -2.33800000e-04 -1.15300000e-04 -7.09700000e-04 -2.80650000e-04 -2.63200000e-05 8.48140000e-04 4.88090000e-04 -3.22550000e-04 6.95880000e-04 -4.46700000e-05 6.71020000e-04 -1.46930000e-04 -1.57250000e-04 -2.64930000e-04 -1.98410000e-04 8.92030000e-04 -1.13691000e-03 -1.74053000e-03 7.13280000e-04 -1.40300000e-04 6.13130000e-04 2.15740000e-04 -1.25280000e-04 -9.37600000e-05 -4.08570000e-04 3.64000000e-04 -1.99520000e-04 -7.05500000e-04 1.50213000e-03 -1.20310000e-04 3.40370000e-04 2.08718000e-03 -2.28920000e-04 2.85250000e-04 1.25481000e-03 6.53750000e-04 4.33340000e-04 7.36000000e-04 -1.43630000e-04 7.57120000e-04 -3.95600000e-05 -2.01720000e-04 -4.46250000e-04 6.09900000e-05 6.55720000e-04 -1.91300000e-04 7.63150000e-04 -1.56671000e-03 4.50300000e-04 -1.08352000e-03 -3.52900000e-04 5.68440000e-04 2.21950000e-04 1.05280000e-04 7.49620000e-04 -8.16780000e-04 -1.60620000e-04 -1.52680000e-04 -1.62760000e-04 1.69410000e-04 -3.80800000e-05 6.91080000e-04 1.40509000e-02 -3.83090000e-04 -1.13300000e-04 -4.25890000e-04 -7.22160000e-04 -1.45773000e-03 -7.40900000e-05 -4.34200000e-05 2.64380000e-04 4.15400000e-04 -3.48920000e-04 6.71700000e-05 1.69650000e-04 -2.17990000e-04 1.20436000e-03 -1.03126000e-03 -4.09250000e-04 -3.94090000e-04 -5.26990000e-04 2.82200000e-04 1.54390000e-04 -8.17240000e-04 -2.96840000e-04 3.33780000e-04 -3.64790000e-04 -1.14822000e-03 7.00300000e-05 2.15062000e-03 -1.27483000e-03 -8.67540000e-04 -3.01390000e-04 6.25410000e-04 -9.13260000e-04 -8.29490000e-04 1.82704000e-03 2.98870000e-04 7.81280000e-04 -2.81410000e-04
1.23763000e-03 -6.65620000e-04 -6.32904000e-03 6.95250000e-04 -1.01978000e-03 -1.69924000e-03 -9.16500000e-05 -7.35110000e-04 4.88170000e-04 6.49310000e-04 1.30782000e-03 2.96530000e-04 1.81361000e-03 3.88920000e-04 3.10420000e-04 -3.92078000e-03 9.87270000e-04 5.84150000e-04 -5.65050000e-04 4.30040000e-04 -8.98300000e-05 -1.30904000e-03 -1.41391000e-03 -3.19170000e-04 1.56123000e-03 1.65770000e-04 -1.83670000e-04 -7.68540000e-04 8.27900000e-05 1.14903000e-03 -3.11840000e-04 -6.11110000e-04 -2.07772000e-03 1.85691000e-03 1.52020000e-03 -3.69740000e-04 -2.11370000e-04 -2.94540000e-04 7.39510000e-04 -8.39200000e-05 -1.12484000e-03 -6.71050000e-04 -6.49640000e-04 -1.97630000e-04 -1.15251000e-03 -1.30863000e-03 7.46320000e-04 6.17660000e-04 -4.04168000e-03 5.01760000e-04 8.42200000e-04 -1.88277000e-03 3.16210000e-04 -5.55130000e-04 7.94100000e-05 -4.45680000e-04 -2.05595000e-03 -2.17500000e-05 5.14110000e-04 1.33609000e-03 -7.28000000e-06 -4.36320000e-04 -3.61160000e-04 -1.78860000e-03 2.09293000e-03 -2.21784000e-03 2.81656000e-03 -3.06380000e-04 -7.16280000e-04 1.00208000e-03 -5.42860000e-04 -1.08937000e-03 3.02727000e-03 4.01450000e-04 1.41952000e-03 -2.01470000e-04 2.55610000e-04 -8.06500000e-05 4.04440000e-04 -3.83090000e-04 2.42358700e-02 8.75680000e-04 1.50342000e-03 1.03787000e-03 3.09952000e-03 1.06641000e-03 -1.36990000e-04 -2.57040000e-04 -3.78140000e-04 -3.41990000e-04 6.24900000e-05 -1.76323000e-03 -2.51320000e-04 -1.82510000e-03 1.74001000e-03 7.38480000e-04 -5.28400000e-05 1.03240000e-04 -7.90970000e-04 -6.14020000e-04 2.48893000e-03 -2.66000000e-05 -1.83160000e-04 5.31960000e-04 1.02042000e-03 1.08736000e-03 -3.39659000e-03 1.79658000e-03 1.68141000e-03 1.58657000e-03 -1.01136000e-03 1.75252000e-03 6.71460000e-04 -1.71836000e-03 -6.82240000e-04 -8.89760000e-04 7.28860000e-04
5.39150000e-04 -3.26680000e-04 -2.77078000e-03 2.82010000e-04 -5.42340000e-04 -5.79960000e-04 4.12900000e-05 -3.00640000e-04 2.18550000e-04 5.53340000e-04 6.23050000e-04 1.84050000e-04 8.62470000e-04 1.48980000e-04 2.17620000e-04 -1.60316000e-03 4.96470000e-04 2.42290000e-04 -2.37510000e-04 -9.28200000e-05 -8.04300000e-05 -6.42700000e-04 -4.81270000e-04 1.79300000e-05 7.33160000e-04 1.22430000e-04 -1.89300000e-05 -1.74490000e-04 -3.57700000e-05 4.35450000e-04 -1.55500000e-04 -3.32480000e-04 -8.79650000e-04 6.67490000e-04 2.38870000e-04 3.58100000e-05 -7.23000000e-05 -1.01400000e-04 5.12350000e-04 -1.31600000e-04 -6.36290000e-04 -4.09220000e-04 -2.48450000e-04 -1.16210000e-04 -8.05990000e-04 -3.20830000e-04 3.50940000e-04 4.23390000e-04 -1.63530000e-03 2.27300000e-04 6.21930000e-04 -7.08060000e-04 4.01470000e-04 -1.80610000e-04 1.48430000e-04 -1.99340000e-04 -9.09800000e-04 4.85800000e-05 2.23500000e-04 6.47570000e-04 4.65000000e-05 -1.51160000e-04 -1.76680000e-04 -7.51820000e-04 6.77880000e-04 -1.05580000e-03 1.22382000e-03 -1.78970000e-04 -1.88810000e-04 4.91880000e-04 -3.17240000e-04 -3.37080000e-04 1.43304000e-03 9.86900000e-05 6.48500000e-04 -1.26650000e-04 1.98590000e-04 4.85800000e-05 3.41840000e-04 -1.13300000e-04 8.75680000e-04 1.09984700e-02 7.41600000e-04 3.34660000e-04 1.13945000e-03 5.29160000e-04 2.58000000e-06 -1.35600000e-05 -4.74200000e-05 -1.60550000e-04 5.47100000e-05 -9.15380000e-04 -2.40380000e-04 -7.85570000e-04 6.36430000e-04 3.16540000e-04 -1.02720000e-04 -3.65900000e-05 -4.19700000e-04 -2.24320000e-04 1.13985000e-03 -1.34140000e-04 6.77400000e-05 1.47270000e-04 2.64260000e-04 6.59180000e-04 -1.24463000e-03 6.43780000e-04 6.27630000e-04 7.92670000e-04 -3.67520000e-04 7.01840000e-04 1.51250000e-04 -3.75300000e-04 -2.79800000e-04 -2.66420000e-04 3.05900000e-04
1.32356000e-03 -4.93770000e-04 -5.47873000e-03 6.71200000e-04 -5.30690000e-04 -1.08758000e-03 -1.67900000e-05 -7.03880000e-04 9.13080000e-04 5.92060000e-04 9.87390000e-04 3.11490000e-04 1.74870000e-03 5.93180000e-04 3.54910000e-04 -3.25597000e-03 9.28770000e-04 5.21360000e-04 -2.53600000e-04 -4.44300000e-04 1.09380000e-04 -1.14433000e-03 -9.19980000e-04 -2.73640000e-04 1.46646000e-03 -3.02730000e-04 -1.85880000e-04 -3.90270000e-04 -1.92640000e-04 6.84480000e-04 -1.20150000e-04 -5.31700000e-04 -1.63327000e-03 1.27393000e-03 6.23290000e-04 -1.73600000e-04 1.47270000e-04 -3.02680000e-04 8.56380000e-04 -5.60100000e-05 -7.77830000e-04 -3.36400000e-04 -3.05530000e-04 1.04500000e-05 -7.72550000e-04 -1.63663000e-03 6.52450000e-04 5.43180000e-04 -3.21529000e-03 3.22720000e-04 7.97830000e-04 -1.53498000e-03 1.75310000e-04 -3.50100000e-04 -2.75700000e-04 -1.10960000e-04 -1.58657000e-03 2.71540000e-04 3.95540000e-04 1.43758000e-03 3.00180000e-04 -4.05060000e-04 -1.92420000e-04 -1.29982000e-03 1.68762000e-03 -1.86370000e-03 2.26710000e-03 -7.81600000e-05 -3.62210000e-04 7.83910000e-04 -8.96960000e-04 -5.74880000e-04 2.21368000e-03 1.23610000e-04 1.15450000e-03 -1.93570000e-04 5.03200000e-04 3.05600000e-04 1.35710000e-04 -4.25890000e-04 1.50342000e-03 7.41600000e-04 1.74004200e-02 9.92700000e-04 2.10232000e-03 8.95470000e-04 -2.30970000e-04 5.35100000e-05 2.63800000e-05 -1.12000000e-04 3.56730000e-04 -1.27438000e-03 -1.84370000e-04 -1.86532000e-03 1.36691000e-03 6.78990000e-04 2.54640000e-04 3.94650000e-04 -1.00521000e-03 -2.16100000e-04 2.43353000e-03 -6.54060000e-04 6.80200000e-05 5.55080000e-04 1.21810000e-03 1.09269000e-03 -2.83102000e-03 1.99193000e-03 1.61597000e-03 1.55303000e-03 -8.37000000e-04 1.49333000e-03 9.44860000e-04 -9.78920000e-04 -5.87830000e-04 -1.06939000e-03 9.20730000e-04
1.11500000e-03 8.47900000e-05 -3.95109000e-03 6.78980000e-04 1.94510000e-04 -1.29547000e-03 -2.29790000e-04 -7.46080000e-04 1.61770000e-04 -3.11330000e-04 4.83520000e-04 -1.69400000e-04 1.04397000e-03 6.48020000e-04 1.44670000e-04 -2.46163000e-03 4.10500000e-04 4.70840000e-04 -2.58600000e-05 9.87910000e-04 3.40860000e-04 -4.34590000e-04 -8.68290000e-04 -5.49450000e-04 7.79390000e-04 -1.13027000e-03 2.00800000e-05 -7.14360000e-04 1.97060000e-04 4.12770000e-04 2.46990000e-04 9.69800000e-05 -1.21737000e-03 1.71061000e-03 2.54999000e-03 -6.54950000e-04 2.77360000e-04 -5.27150000e-04 4.72200000e-05 2.00410000e-04 1.01810000e-04 4.76070000e-04 -2.49530000e-04 2.48310000e-04 9.48650000e-04 -2.00641000e-03 3.49640000e-04 -1.50420000e-04 -2.51743000e-03 3.55790000e-04 -1.15970000e-04 -1.49962000e-03 -6.05080000e-04 -3.55140000e-04 -7.45540000e-04 1.32060000e-04 -7.13660000e-04 1.34840000e-04 3.67450000e-04 1.01888000e-03 1.90650000e-04 -6.37910000e-04 6.05700000e-05 -9.71760000e-04 2.15900000e-03 -9.01050000e-04 1.76861000e-03 3.80250000e-04 -5.41460000e-04 1.96020000e-04 -2.53250000e-04 -7.80200000e-04 1.38283000e-03 3.48320000e-04 5.45450000e-04 1.35930000e-04 2.03800000e-05 1.70350000e-04 -6.04320000e-04 -7.22160000e-04 1.03787000e-03 3.34660000e-04 9.92700000e-04 3.81290300e-02 2.20804000e-03 3.30950000e-04 2.01100000e-05 -2.23880000e-04 -3.22120000e-04 3.78030000e-04 2.29880000e-04 -2.93780000e-04 7.67350000e-04 -1.62310000e-03 1.68997000e-03 5.36830000e-04 5.03600000e-04 7.46700000e-04 -3.83630000e-04 -2.52480000e-04 1.80886000e-03 4.14400000e-05 -4.46730000e-04 6.97140000e-04 1.55571000e-03 2.36150000e-04 -2.79598000e-03 2.23334000e-03 1.43623000e-03 7.85950000e-04 -7.58210000e-04 1.39063000e-03 1.19200000e-03 -1.68744000e-03 -3.95970000e-04 -7.23760000e-04 6.44050000e-04
1.73700000e-03 -5.31370000e-04 -1.17728800e-02 1.16838000e-03 -1.24857000e-03 -3.65256000e-03 -5.02640000e-04 -1.78855000e-03 1.72750000e-04 1.40000000e-06 1.87500000e-03 -2.69710000e-04 2.77818000e-03 7.25220000e-04 4.25810000e-04 -7.65158000e-03 1.27350000e-03 1.07958000e-03 -6.14650000e-04 1.91369000e-03 2.08450000e-04 -1.43895000e-03 -3.13264000e-03 -1.24321000e-03 2.17452000e-03 -4.71860000e-04 -5.02600000e-05 -2.07690000e-03 5.38260000e-04 1.74229000e-03 -6.63900000e-05 -3.81470000e-04 -3.77545000e-03 3.89809000e-03 4.63133000e-03 -1.48314000e-03 -2.27940000e-04 -1.15328000e-03 3.81360000e-04 2.76460000e-04 -1.21028000e-03 -2.54140000e-04 -1.39607000e-03 -8.15000000e-06 -3.06570000e-04 -3.59532000e-03 1.08487000e-03 1.72950000e-04 -8.04395000e-03 9.71390000e-04 4.37940000e-04 -4.14652000e-03 -6.03010000e-04 -1.36748000e-03 -8.34210000e-04 -3.90800000e-04 -3.65424000e-03 -1.66620000e-04 9.83040000e-04 2.04393000e-03 -2.75900000e-04 -1.31990000e-03 -2.66590000e-04 -3.25966000e-03 4.78355000e-03 -3.22038000e-03 4.92928000e-03 8.41300000e-05 -1.86859000e-03 9.47920000e-04 -4.07740000e-04 -2.60258000e-03 4.84204000e-03 9.28190000e-04 1.91121000e-03 1.40900000e-05 -8.97500000e-05 -2.61100000e-04 -4.92860000e-04 -1.45773000e-03 3.09952000e-03 1.13945000e-03 2.10232000e-03 2.20804000e-03 3.81677500e-02 1.43075000e-03 3.97200000e-05 -9.17030000e-04 -1.25624000e-03 -9.92600000e-05 -1.99000000e-04 -2.36424000e-03 -6.91000000e-06 -3.61917000e-03 3.60011000e-03 1.55946000e-03 4.76890000e-04 7.21960000e-04 -1.03588000e-03 -1.08992000e-03 3.80814000e-03 8.35200000e-04 -8.97090000e-04 1.19921000e-03 2.83731000e-03 1.09077000e-03 -7.08872000e-03 3.77399000e-03 3.21364000e-03 2.25428000e-03 -2.03144000e-03 3.44136000e-03 1.93096000e-03 -5.01544000e-03 -1.14335000e-03 -1.94392000e-03 1.18067000e-03
6.57730000e-04 -5.06020000e-04 -3.53803000e-03 2.91160000e-04 -7.97840000e-04 -7.59230000e-04 4.80700000e-05 -2.88840000e-04 3.48610000e-04 6.21880000e-04 8.48830000e-04 2.63090000e-04 1.10360000e-03 1.28240000e-04 1.91680000e-04 -2.13315000e-03 6.07040000e-04 3.01700000e-04 -4.26130000e-04 -1.65560000e-04 -1.56320000e-04 -9.39910000e-04 -6.91280000e-04 -1.25290000e-04 9.77630000e-04 5.98790000e-04 -8.88400000e-05 -3.07700000e-04 -4.39300000e-05 6.09250000e-04 -3.04670000e-04 -4.75810000e-04 -1.14494000e-03 6.89520000e-04 1.01030000e-04 -9.06000000e-06 -1.70230000e-04 -7.45100000e-05 6.09620000e-04 -8.28000000e-05 -9.31700000e-04 -6.47430000e-04 -3.77950000e-04 -1.90020000e-04 -1.17947000e-03 -4.37100000e-04 4.28460000e-04 5.25670000e-04 -2.24213000e-03 2.37830000e-04 7.02960000e-04 -9.25650000e-04 4.38310000e-04 -2.92010000e-04 1.73250000e-04 -3.17800000e-04 -1.23254000e-03 -1.04700000e-05 2.79800000e-04 8.05550000e-04 -4.76200000e-05 -9.12700000e-05 -2.61560000e-04 -9.58540000e-04 7.29430000e-04 -1.43692000e-03 1.51927000e-03 -3.14040000e-04 -2.88820000e-04 6.53350000e-04 -3.57530000e-04 -4.51520000e-04 1.66020000e-03 1.45920000e-04 8.47910000e-04 -2.17970000e-04 2.72400000e-04 -3.00900000e-05 4.22460000e-04 -7.40900000e-05 1.06641000e-03 5.29160000e-04 8.95470000e-04 3.30950000e-04 1.43075000e-03 1.06187500e-02 -7.86000000e-05 -8.06400000e-05 -6.66500000e-05 -3.35710000e-04 -3.30000000e-06 -1.25716000e-03 -4.19590000e-04 -8.31460000e-04 7.85940000e-04 4.14530000e-04 -1.16660000e-04 -1.31650000e-04 -4.49070000e-04 -3.01890000e-04 1.42975000e-03 -3.85600000e-05 6.42000000e-05 2.64150000e-04 3.40000000e-04 8.27630000e-04 -1.52206000e-03 7.63810000e-04 8.84650000e-04 1.02001000e-03 -4.52690000e-04 8.99750000e-04 2.03000000e-04 -6.19700000e-04 -3.44830000e-04 -3.07500000e-04 4.18440000e-04
-1.18540000e-04 1.85180000e-04 -7.93800000e-05 -4.54300000e-05 9.28500000e-05 -8.33300000e-05 1.81400000e-05 2.19800000e-05 -3.08840000e-04 -7.75200000e-05 -8.70200000e-05 -1.19590000e-04 -7.86000000e-05 -5.59900000e-05 -7.26600000e-05 -1.51400000e-05 -3.83500000e-05 1.05390000e-04 5.91500000e-05 3.23300000e-04 1.90000000e-05 1.52100000e-04 -6.15900000e-05 -7.60900000e-05 -1.85460000e-04 -2.09640000e-04 2.38650000e-04 -1.01180000e-04 2.26760000e-04 -4.50500000e-05 1.03910000e-04 1.65300000e-04 2.74400000e-05 3.85800000e-05 3.69840000e-04 4.59000000e-06 1.82600000e-05 -1.82400000e-05 -1.46960000e-04 4.77300000e-05 8.65600000e-05 1.77140000e-04 -2.84200000e-05 3.33800000e-05 3.51780000e-04 -3.77000000e-05 -7.44000000e-06 -9.91300000e-05 -1.21230000e-04 8.80800000e-05 -1.05290000e-04 -1.34750000e-04 -4.20800000e-05 -4.75100000e-05 -1.48160000e-04 1.02430000e-04 1.16680000e-04 -6.50200000e-05 1.18690000e-04 -1.02260000e-04 -7.43400000e-05 -9.01000000e-06 -4.44900000e-05 4.42700000e-05 6.03700000e-05 1.22120000e-04 -4.12200000e-05 1.21150000e-04 -9.14100000e-05 -1.07980000e-04 3.48400000e-04 -1.02410000e-04 -7.25700000e-05 1.78350000e-04 -1.46050000e-04 5.80600000e-05 -1.11400000e-04 -2.50200000e-05 -1.62540000e-04 -4.34200000e-05 -1.36990000e-04 2.58000000e-06 -2.30970000e-04 2.01100000e-05 3.97200000e-05 -7.86000000e-05 2.01918800e-02 -1.32600000e-04 -1.13180000e-04 7.59700000e-05 -1.31780000e-04 8.27200000e-05 1.43300000e-04 1.32190000e-04 8.01800000e-05 1.33740000e-04 4.33000000e-06 -3.13500000e-05 2.68340000e-04 -7.68000000e-05 -1.55390000e-04 4.21570000e-04 -1.74460000e-04 1.08790000e-04 5.54000000e-06 -7.57100000e-05 2.62700000e-05 9.77000000e-06 1.60700000e-05 -6.58500000e-05 9.69600000e-05 7.78900000e-05 -1.25000000e-05 -2.68980000e-04 1.31310000e-04 3.16140000e-04 -3.62400000e-05
2.83500000e-05 -4.22100000e-05 1.77213000e-03 -5.54900000e-05 1.51720000e-04 5.26980000e-04 1.04700000e-04 2.30400000e-04 2.50400000e-04 2.65920000e-04 -1.24740000e-04 1.89840000e-04 -1.74800000e-04 1.64200000e-05 -3.93300000e-05 1.15340000e-03 -1.35600000e-05 -1.69130000e-04 5.04300000e-05 -5.32270000e-04 1.12310000e-04 -2.56600000e-05 6.49430000e-04 3.66440000e-04 -6.28400000e-05 1.69300000e-04 -7.59200000e-05 5.74000000e-04 -2.43050000e-04 -1.94660000e-04 7.81200000e-05 -9.96100000e-05 5.10400000e-04 -5.56380000e-04 -9.91500000e-04 3.36530000e-04 1.90950000e-04 1.81390000e-04 2.97970000e-04 -1.24480000e-04 1.07030000e-04 -3.34300000e-05 2.62450000e-04 5.36400000e-05 -1.50380000e-04 5.99510000e-04 8.80600000e-05 2.25570000e-04 1.37288000e-03 -6.74500000e-05 2.48020000e-04 8.07360000e-04 3.75000000e-04 3.18290000e-04 2.45900000e-04 2.33700000e-05 5.87500000e-04 2.60790000e-04 -1.41560000e-04 -2.49100000e-05 1.71160000e-04 2.21860000e-04 1.72730000e-04 4.07500000e-04 -7.54720000e-04 1.62380000e-04 -5.38020000e-04 -3.15500000e-05 5.05340000e-04 5.69200000e-05 -2.42830000e-04 5.99780000e-04 -4.69190000e-04 -2.72340000e-04 -9.18800000e-05 2.40500000e-05 2.13300000e-04 2.20180000e-04 3.22700000e-04 2.64380000e-04 -2.57040000e-04 -1.35600000e-05 5.35100000e-05 -2.23880000e-04 -9.17030000e-04 -8.06400000e-05 -1.32600000e-04 1.97764500e-02 3.87400000e-04 1.47660000e-04 2.96120000e-04 2.58210000e-04 3.16900000e-05 3.14550000e-04 -5.31080000e-04 -2.90890000e-04 -2.33090000e-04 -1.67570000e-04 -9.48100000e-05 1.22380000e-04 -9.98300000e-05 -5.48710000e-04 2.13410000e-04 -1.89470000e-04 -5.85300000e-04 6.62700000e-05 8.83420000e-04 -3.72140000e-04 -3.73530000e-04 -1.20360000e-04 2.19090000e-04 -4.68130000e-04 -4.10640000e-04 1.22683000e-03 2.83200000e-05 2.15540000e-04 -6.13300000e-05
7.88000000e-05 -7.94200000e-05 2.03164000e-03 -8.58000000e-05 1.54610000e-04 8.06590000e-04 2.22740000e-04 4.24910000e-04 2.61570000e-04 3.72980000e-04 -1.17240000e-04 3.08070000e-04 -1.79470000e-04 1.29200000e-05 -4.63500000e-05 1.52105000e-03 -4.27000000e-05 -1.94670000e-04 -4.10000000e-07 -7.39170000e-04 -8.83700000e-05 -1.40420000e-04 8.50830000e-04 4.15940000e-04 -3.93600000e-05 2.72940000e-04 -7.39900000e-05 6.37800000e-04 -2.94280000e-04 -2.90570000e-04 -6.90900000e-05 -1.41080000e-04 6.53880000e-04 -8.14080000e-04 -1.35216000e-03 5.22650000e-04 1.28170000e-04 3.31170000e-04 3.29160000e-04 -1.64870000e-04 -1.61500000e-05 -1.77950000e-04 3.75510000e-04 -3.60900000e-05 -3.88560000e-04 8.18930000e-04 -1.15490000e-04 2.75180000e-04 1.65443000e-03 -2.02660000e-04 3.08730000e-04 9.55930000e-04 4.45270000e-04 4.11050000e-04 3.22020000e-04 2.80000000e-07 7.46750000e-04 1.73160000e-04 -1.90670000e-04 2.39000000e-06 2.37050000e-04 3.51300000e-04 -5.69800000e-05 6.00690000e-04 -1.08279000e-03 2.50310000e-04 -6.96050000e-04 -1.32860000e-04 6.06890000e-04 8.97200000e-05 -2.45610000e-04 7.67260000e-04 -6.92350000e-04 -2.96600000e-04 -1.06480000e-04 -1.27890000e-04 2.95200000e-04 2.14920000e-04 3.81580000e-04 4.15400000e-04 -3.78140000e-04 -4.74200000e-05 2.63800000e-05 -3.22120000e-04 -1.25624000e-03 -6.66500000e-05 -1.13180000e-04 3.87400000e-04 1.39663900e-02 3.89000000e-06 2.42210000e-04 1.86390000e-04 2.92100000e-05 6.00870000e-04 -6.13890000e-04 -3.37920000e-04 -2.20540000e-04 -2.24180000e-04 -6.04000000e-06 2.00280000e-04 -1.35530000e-04 -5.41220000e-04 3.46320000e-04 -1.89120000e-04 -7.11720000e-04 1.74270000e-04 1.40577000e-03 -4.88790000e-04 -4.64530000e-04 -8.39600000e-05 4.05570000e-04 -6.05640000e-04 -4.83310000e-04 1.61913000e-03 1.78420000e-04 4.78440000e-04 -1.76100000e-05
-3.89100000e-05 5.05590000e-04 6.19420000e-04 1.54930000e-04 7.89380000e-04 -3.20500000e-05 -1.63770000e-04 -2.62730000e-04 -6.88000000e-05 -6.65250000e-04 -4.25400000e-04 -2.64590000e-04 -4.15230000e-04 2.36690000e-04 -1.58400000e-05 4.11540000e-04 -2.51430000e-04 -1.01830000e-04 3.79080000e-04 6.16040000e-04 3.79010000e-04 4.86780000e-04 1.76820000e-04 6.42900000e-05 -2.33060000e-04 -7.75620000e-04 4.70300000e-05 -9.35000000e-06 3.07600000e-05 -3.04170000e-04 5.64610000e-04 4.19400000e-04 3.11610000e-04 3.82980000e-04 1.04838000e-03 -3.33310000e-04 4.20100000e-04 -2.70470000e-04 -3.59900000e-04 1.30220000e-04 7.98560000e-04 8.00810000e-04 1.79230000e-04 3.78550000e-04 1.44436000e-03 -6.37600000e-04 -1.00940000e-04 -4.29150000e-04 5.75740000e-04 7.01500000e-05 -4.75700000e-04 2.22000000e-05 -5.93580000e-04 2.06440000e-04 -4.39170000e-04 3.17830000e-04 6.82310000e-04 2.40230000e-04 -6.40900000e-05 -1.37200000e-05 2.64770000e-04 -3.27410000e-04 3.69420000e-04 2.18700000e-04 5.99540000e-04 5.93280000e-04 -3.16610000e-04 5.38500000e-04 3.46400000e-05 -4.21520000e-04 9.18000000e-06 -1.02400000e-05 -3.55260000e-04 -2.48300000e-05 -3.27810000e-04 2.78180000e-04 -7.18600000e-05 2.43620000e-04 -5.95110000e-04 -3.48920000e-04 -3.41990000e-04 -1.60550000e-04 -1.12000000e-04 3.78030000e-04 -9.92600000e-05 -3.35710000e-04 7.59700000e-05 1.47660000e-04 3.89000000e-06 3.44249600e-02 1.84160000e-04 8.40900000e-04 7.61270000e-04 -4.02500000e-04 2.39100000e-05 -1.97780000e-04 1.91560000e-04 3.52800000e-04 -1.45430000e-04 -2.73500000e-05 -2.61520000e-04 -1.32650000e-04 -1.84180000e-04 1.09430000e-04 2.81650000e-04 -5.13440000e-04 -3.77010000e-04 4.88080000e-04 5.65800000e-05 -4.64210000e-04 -1.89610000e-04 -8.04200000e-05 1.84960000e-04 -5.82740000e-04 1.24300000e-05 -5.41280000e-04 4.70000000e-05
2.17680000e-04 1.25180000e-04 7.83220000e-04 2.19780000e-04 4.78680000e-04 3.15290000e-04 7.69600000e-05 3.84000000e-06 3.28580000e-04 -5.60300000e-05 -2.62290000e-04 1.43450000e-04 -6.53000000e-06 2.88560000e-04 4.86600000e-05 5.58580000e-04 5.45800000e-05 -6.65000000e-06 2.45590000e-04 -2.73160000e-04 2.24800000e-04 1.97890000e-04 3.49630000e-04 1.48870000e-04 -3.46300000e-05 -6.57810000e-04 -8.29900000e-05 2.93980000e-04 -1.47640000e-04 -1.16350000e-04 1.85370000e-04 9.62200000e-05 3.66770000e-04 2.60800000e-05 -5.23500000e-05 1.81330000e-04 2.74930000e-04 8.34900000e-05 9.46300000e-05 9.40700000e-05 5.04740000e-04 3.32690000e-04 3.72110000e-04 2.10070000e-04 4.82310000e-04 -1.85240000e-04 7.03900000e-05 3.71100000e-05 8.26840000e-04 -2.89300000e-05 -1.90600000e-05 3.73870000e-04 -8.10800000e-05 3.22220000e-04 8.21300000e-05 2.02900000e-04 3.95560000e-04 2.38000000e-04 -6.56900000e-05 1.46970000e-04 3.73080000e-04 8.32200000e-05 1.39000000e-04 3.30490000e-04 1.00680000e-04 3.40200000e-04 -2.47860000e-04 1.76720000e-04 2.74180000e-04 1.23700000e-04 -2.67860000e-04 3.05040000e-04 -1.61990000e-04 -8.98500000e-05 1.10300000e-05 1.47160000e-04 2.09960000e-04 2.60960000e-04 6.75800000e-05 6.71700000e-05 6.24900000e-05 5.47100000e-05 3.56730000e-04 2.29880000e-04 -1.99000000e-04 -3.30000000e-06 -1.31780000e-04 2.96120000e-04 2.42210000e-04 1.84160000e-04 1.55140700e-02 5.32600000e-04 3.18250000e-04 -1.65880000e-04 -1.67650000e-04 -1.40460000e-04 1.53770000e-04 2.25400000e-04 -1.95480000e-04 1.57850000e-04 -5.99800000e-05 -7.00210000e-04 3.41200000e-05 -3.96200000e-05 1.59930000e-04 -7.39300000e-05 1.62490000e-04 2.58830000e-04 -7.26100000e-05 -4.39100000e-05 5.69800000e-05 -1.43410000e-04 1.92510000e-04 6.35700000e-04 -1.10000000e-07 -2.14370000e-04 9.58500000e-05
-1.16093000e-03 1.34080000e-03 7.29253000e-03 -1.99350000e-04 2.49161000e-03 1.78739000e-03 1.14000000e-05 4.60530000e-04 -3.55310000e-04 -1.59878000e-03 -2.19381000e-03 -3.95320000e-04 -2.23152000e-03 1.20720000e-04 -1.74130000e-04 4.41624000e-03 -1.03844000e-03 -4.28800000e-04 1.32984000e-03 2.18590000e-04 6.76280000e-04 2.46995000e-03 1.40349000e-03 3.01340000e-04 -2.05735000e-03 -2.06061000e-03 1.36720000e-04 6.95080000e-04 1.29990000e-04 -1.16145000e-03 9.64100000e-04 1.24123000e-03 2.59466000e-03 -9.94830000e-04 3.81580000e-04 1.21740000e-04 6.77040000e-04 2.51980000e-04 -1.31828000e-03 6.61400000e-04 2.86403000e-03 2.11017000e-03 1.20752000e-03 7.52070000e-04 3.67350000e-03 2.31870000e-04 -6.69780000e-04 -1.10421000e-03 5.02077000e-03 -3.79010000e-04 -1.67476000e-03 1.92770000e-03 -1.32197000e-03 9.84100000e-04 -1.43950000e-04 1.03936000e-03 2.72448000e-03 2.27510000e-04 -4.70930000e-04 -1.56916000e-03 6.23440000e-04 3.00850000e-04 6.93740000e-04 2.20390000e-03 -5.92110000e-04 3.52816000e-03 -3.25366000e-03 1.01874000e-03 6.08660000e-04 -1.02438000e-03 6.20920000e-04 9.03260000e-04 -3.12554000e-03 -1.16620000e-04 -1.59024000e-03 7.77740000e-04 -3.57860000e-04 3.33430000e-04 -8.07670000e-04 1.69650000e-04 -1.76323000e-03 -9.15380000e-04 -1.27438000e-03 -2.93780000e-04 -2.36424000e-03 -1.25716000e-03 8.27200000e-05 2.58210000e-04 1.86390000e-04 8.40900000e-04 5.32600000e-04 2.80076100e-02 1.27579000e-03 1.20905000e-03 -1.73640000e-03 -7.53700000e-04 7.72620000e-04 8.84780000e-04 6.91080000e-04 8.77000000e-04 -3.30055000e-03 -6.65700000e-04 -1.88620000e-04 -4.20440000e-04 9.99000000e-05 -1.93103000e-03 2.65237000e-03 -9.71780000e-04 -1.59354000e-03 -2.13170000e-03 8.43400000e-04 -1.64277000e-03 3.07600000e-04 1.14458000e-03 7.05670000e-04 -2.74250000e-04 -5.48220000e-04
3.64110000e-04 6.39730000e-04 1.53785000e-03 3.26070000e-04 1.31248000e-03 1.59640000e-04 -8.10000000e-05 -4.27700000e-05 -2.04470000e-04 -7.91140000e-04 -6.72160000e-04 -2.03690000e-04 -4.47880000e-04 4.16980000e-04 -7.85200000e-05 1.17958000e-03 -2.70380000e-04 -1.51700000e-05 3.36720000e-04 1.08603000e-03 3.60790000e-04 4.54480000e-04 4.95100000e-04 1.64600000e-05 -4.22380000e-04 -1.18666000e-03 1.10670000e-04 2.02000000e-05 1.87580000e-04 -2.96230000e-04 5.16180000e-04 5.20300000e-04 5.42620000e-04 4.83330000e-04 1.85124000e-03 -2.24640000e-04 4.88560000e-04 -9.58800000e-05 -5.16510000e-04 2.95660000e-04 1.21044000e-03 1.14379000e-03 4.15740000e-04 3.76760000e-04 2.30955000e-03 -6.64970000e-04 -1.54380000e-04 -5.10480000e-04 1.37698000e-03 1.47400000e-05 -7.21500000e-04 2.57850000e-04 -7.33640000e-04 4.27060000e-04 -4.04690000e-04 3.93680000e-04 1.41390000e-03 1.60030000e-04 -3.24200000e-05 -1.37100000e-05 4.15050000e-04 -1.55470000e-04 1.98050000e-04 4.93220000e-04 7.05110000e-04 8.74030000e-04 -4.71300000e-04 6.03410000e-04 1.49790000e-04 -3.10760000e-04 2.48840000e-04 1.24060000e-04 -6.76980000e-04 1.44450000e-04 -4.23970000e-04 2.79660000e-04 -1.15300000e-04 2.46540000e-04 -6.17550000e-04 -2.17990000e-04 -2.51320000e-04 -2.40380000e-04 -1.84370000e-04 7.67350000e-04 -6.91000000e-06 -4.19590000e-04 1.43300000e-04 3.16900000e-05 2.92100000e-05 7.61270000e-04 3.18250000e-04 1.27579000e-03 3.32249600e-02 -1.66020000e-04 2.36770000e-04 -2.34640000e-04 3.41780000e-04 5.94960000e-04 2.18010000e-04 6.52100000e-05 -1.82490000e-04 -1.63200000e-04 -3.42690000e-04 2.79630000e-04 4.74770000e-04 -6.67830000e-04 -2.16800000e-05 8.54040000e-04 7.98800000e-05 -5.38220000e-04 -7.22000000e-06 -6.70100000e-05 4.20070000e-04 -6.84000000e-05 1.45010000e-04 -1.13820000e-04 1.48540000e-04
-1.28535000e-03 1.95000000e-04 7.86715000e-03 -8.74320000e-04 4.04800000e-04 2.11000000e-03 4.44180000e-04 1.51526000e-03 -5.91740000e-04 1.74180000e-04 -9.73170000e-04 2.43480000e-04 -1.75690000e-03 -7.18090000e-04 -5.12140000e-04 4.98701000e-03 -8.49770000e-04 -6.37490000e-04 9.02300000e-05 -7.07360000e-04 -3.75430000e-04 8.33540000e-04 1.85052000e-03 6.68920000e-04 -1.48325000e-03 1.04066000e-03 1.53120000e-04 1.16064000e-03 -7.14600000e-05 -8.49330000e-04 -2.20940000e-04 1.94910000e-04 2.38791000e-03 -2.58498000e-03 -2.82132000e-03 1.03894000e-03 -2.12770000e-04 9.57730000e-04 -3.46770000e-04 -1.27750000e-04 4.63640000e-04 -2.03010000e-04 7.09920000e-04 -2.19050000e-04 -2.53060000e-04 2.99791000e-03 -7.13120000e-04 -9.64000000e-06 4.99183000e-03 -5.88620000e-04 -2.61660000e-04 2.73067000e-03 6.54780000e-04 7.70960000e-04 8.55540000e-04 9.60000000e-06 2.21269000e-03 -2.20890000e-04 -5.19650000e-04 -1.52008000e-03 -1.68990000e-04 1.12584000e-03 -1.15210000e-04 2.05135000e-03 -3.33547000e-03 2.00177000e-03 -3.03102000e-03 -3.26980000e-04 1.06560000e-03 -4.37380000e-04 7.75880000e-04 1.51413000e-03 -3.01621000e-03 -3.48230000e-04 -1.15723000e-03 -8.03900000e-05 -1.01750000e-04 -1.99090000e-04 5.92880000e-04 1.20436000e-03 -1.82510000e-03 -7.85570000e-04 -1.86532000e-03 -1.62310000e-03 -3.61917000e-03 -8.31460000e-04 1.32190000e-04 3.14550000e-04 6.00870000e-04 -4.02500000e-04 -1.65880000e-04 1.20905000e-03 -1.66020000e-04 2.34094700e-02 -2.17409000e-03 -8.82800000e-04 -5.87410000e-04 -9.00970000e-04 1.28278000e-03 4.71020000e-04 -2.65003000e-03 2.79540000e-04 3.44700000e-04 -7.36640000e-04 -2.20514000e-03 -6.44210000e-04 4.84861000e-03 -2.91970000e-03 -2.16770000e-03 -1.41529000e-03 1.59083000e-03 -2.20169000e-03 -1.58427000e-03 3.18255000e-03 9.29310000e-04 2.06264000e-03 -9.06710000e-04
1.63536000e-03 -4.19590000e-04 -7.59032000e-03 7.46210000e-04 -9.06750000e-04 -2.45873000e-03 -2.80920000e-04 -1.02388000e-03 -1.86000000e-05 1.74260000e-04 1.52284000e-03 -2.06880000e-04 2.09353000e-03 5.90420000e-04 1.13800000e-04 -4.87734000e-03 7.38750000e-04 7.17270000e-04 -5.95260000e-04 1.29559000e-03 9.80000000e-05 -1.36491000e-03 -1.80691000e-03 -9.81240000e-04 1.66254000e-03 -4.28200000e-04 6.72400000e-05 -1.31681000e-03 2.84800000e-04 8.53410000e-04 -9.46700000e-05 -3.17060000e-04 -2.54777000e-03 2.40463000e-03 3.03957000e-03 -9.49200000e-04 -7.26100000e-05 -8.21210000e-04 4.15240000e-04 -4.90300000e-05 -1.06512000e-03 -3.08020000e-04 -9.36140000e-04 -2.37300000e-05 -3.95110000e-04 -2.44001000e-03 5.81890000e-04 9.02000000e-05 -5.34901000e-03 5.64520000e-04 3.90750000e-04 -2.69069000e-03 -2.66820000e-04 -1.03326000e-03 -1.01186000e-03 -2.86480000e-04 -2.11850000e-03 -6.51000000e-05 6.36610000e-04 1.70084000e-03 -2.51340000e-04 -9.49500000e-04 -1.94000000e-04 -2.08826000e-03 2.76888000e-03 -2.36028000e-03 3.46513000e-03 2.96000000e-05 -1.06734000e-03 4.18330000e-04 -3.69170000e-04 -1.44613000e-03 2.74006000e-03 4.98150000e-04 1.14456000e-03 -1.34940000e-04 -8.56000000e-06 -9.05100000e-05 -6.10640000e-04 -1.03126000e-03 1.74001000e-03 6.36430000e-04 1.36691000e-03 1.68997000e-03 3.60011000e-03 7.85940000e-04 8.01800000e-05 -5.31080000e-04 -6.13890000e-04 2.39100000e-05 -1.67650000e-04 -1.73640000e-03 2.36770000e-04 -2.17409000e-03 5.73373400e-02 1.05498000e-03 3.26610000e-04 5.01820000e-04 -4.71120000e-04 -6.81240000e-04 3.39954000e-03 8.54250000e-04 -6.06320000e-04 1.08437000e-03 1.84726000e-03 1.00493000e-03 -4.44837000e-03 2.99901000e-03 2.39869000e-03 1.76141000e-03 -1.12377000e-03 2.38512000e-03 1.32677000e-03 -2.81742000e-03 -6.34200000e-04 -4.78600000e-04 9.38070000e-04
4.89700000e-04 -1.03930000e-04 -3.76765000e-03 2.39100000e-04 -3.96760000e-04 -1.03645000e-03 -8.82600000e-05 -4.18860000e-04 6.23800000e-05 1.15330000e-04 6.14030000e-04 -7.71500000e-05 9.43870000e-04 1.76530000e-04 7.24100000e-05 -2.46367000e-03 4.88500000e-04 5.34350000e-04 -1.01790000e-04 2.06950000e-04 1.08370000e-04 -3.77650000e-04 -9.65330000e-04 -5.21300000e-04 6.27080000e-04 -2.63990000e-04 1.49290000e-04 -5.88740000e-04 2.69310000e-04 5.17480000e-04 -1.53200000e-05 -9.60300000e-05 -1.15303000e-03 8.30690000e-04 9.34730000e-04 -3.50930000e-04 -3.19600000e-05 -2.77530000e-04 2.07990000e-04 7.58000000e-05 -4.48010000e-04 -1.61000000e-05 -4.30110000e-04 8.80000000e-07 -8.33900000e-05 -1.19707000e-03 3.76660000e-04 1.24480000e-04 -2.67813000e-03 3.31430000e-04 1.59350000e-04 -1.36762000e-03 -1.28950000e-04 -5.32780000e-04 -4.94230000e-04 3.93400000e-05 -1.18431000e-03 -4.20700000e-05 4.51830000e-04 5.74590000e-04 -1.63160000e-04 -3.15200000e-04 -1.28100000e-04 -8.97010000e-04 1.22451000e-03 -9.87000000e-04 1.40128000e-03 5.86000000e-05 -5.51530000e-04 2.44650000e-04 6.29000000e-06 -6.93800000e-04 1.17463000e-03 3.66760000e-04 4.78910000e-04 -1.30200000e-05 1.73600000e-05 -5.58000000e-06 -2.32360000e-04 -4.09250000e-04 7.38480000e-04 3.16540000e-04 6.78990000e-04 5.36830000e-04 1.55946000e-03 4.14530000e-04 1.33740000e-04 -2.90890000e-04 -3.37920000e-04 -1.97780000e-04 -1.40460000e-04 -7.53700000e-04 -2.34640000e-04 -8.82800000e-04 1.05498000e-03 1.82535800e-02 2.88360000e-04 2.81610000e-04 -1.01210000e-04 -1.84530000e-04 1.23316000e-03 5.25860000e-04 -2.64130000e-04 5.62550000e-04 9.71960000e-04 4.86720000e-04 -2.00278000e-03 1.15700000e-03 1.14765000e-03 8.31680000e-04 -4.08010000e-04 1.20662000e-03 7.73640000e-04 -1.49387000e-03 -2.30820000e-04 -3.12390000e-04 4.97220000e-04
9.72400000e-05 4.03390000e-04 -7.00050000e-04 2.02680000e-04 7.04090000e-04 1.32980000e-04 -1.39700000e-04 -3.50460000e-04 4.17800000e-05 -7.00030000e-04 -4.07010000e-04 -3.03090000e-04 -7.17600000e-05 2.97710000e-04 3.90530000e-04 -6.42310000e-04 -4.90100000e-05 2.40710000e-04 4.24310000e-04 1.58580000e-04 3.82360000e-04 5.97000000e-04 -3.96290000e-04 -5.01010000e-04 -1.83810000e-04 -1.15007000e-03 7.12700000e-05 -4.27210000e-04 1.79200000e-04 -1.25030000e-04 2.75810000e-04 4.50890000e-04 -6.18800000e-05 4.74480000e-04 1.12849000e-03 -3.56640000e-04 2.70350000e-04 -2.36780000e-04 -4.66170000e-04 4.43280000e-04 8.22930000e-04 8.72270000e-04 1.20460000e-04 3.67280000e-04 1.48151000e-03 -1.34641000e-03 -2.05600000e-05 -4.92370000e-04 -5.60530000e-04 2.80100000e-05 -6.64580000e-04 -5.77130000e-04 -9.04930000e-04 -1.20860000e-04 -6.27550000e-04 4.78680000e-04 -2.99100000e-05 5.48200000e-05 1.14130000e-04 -2.11400000e-05 1.74970000e-04 -2.42780000e-04 4.81940000e-04 8.02400000e-05 1.04460000e-03 5.56490000e-04 -6.06000000e-05 5.13010000e-04 -3.30170000e-04 -2.60540000e-04 5.41200000e-05 -3.18790000e-04 -2.47080000e-04 2.13060000e-04 -2.16660000e-04 3.31120000e-04 -9.92800000e-05 1.32640000e-04 -6.99260000e-04 -3.94090000e-04 -5.28400000e-05 -1.02720000e-04 2.54640000e-04 5.03600000e-04 4.76890000e-04 -1.16660000e-04 4.33000000e-06 -2.33090000e-04 -2.20540000e-04 1.91560000e-04 1.53770000e-04 7.72620000e-04 3.41780000e-04 -5.87410000e-04 3.26610000e-04 2.88360000e-04 3.01864200e-02 1.14371000e-03 -1.25500000e-05 6.23350000e-04 -1.41750000e-04 -6.40600000e-05 3.80200000e-05 3.73730000e-04 1.64342000e-03 -4.45350000e-04 -5.75660000e-04 9.15950000e-04 5.23640000e-04 -1.41700000e-04 -1.43000000e-04 4.63210000e-04 1.49526000e-03 -1.10407000e-03 -4.84200000e-05 -8.92160000e-04 2.40330000e-04
3.16530000e-04 4.62150000e-04 -6.34450000e-04 3.14810000e-04 9.25800000e-04 -6.06000000e-06 -2.23520000e-04 -4.91520000e-04 5.63700000e-05 -7.30230000e-04 -3.88860000e-04 -3.36520000e-04 -6.35800000e-05 4.02550000e-04 4.51000000e-04 -5.32620000e-04 1.66800000e-05 2.64000000e-04 5.04920000e-04 2.79490000e-04 4.60510000e-04 6.22260000e-04 -3.06010000e-04 -3.74220000e-04 -1.39350000e-04 -1.35138000e-03 2.01600000e-05 -3.68310000e-04 1.61690000e-04 -1.30830000e-04 3.87850000e-04 4.83290000e-04 -1.75500000e-04 7.04100000e-04 1.58432000e-03 -4.76570000e-04 4.01780000e-04 -3.31590000e-04 -3.90110000e-04 4.26840000e-04 9.53090000e-04 1.08331000e-03 1.50700000e-04 3.92130000e-04 1.86313000e-03 -1.47741000e-03 3.19400000e-05 -4.70750000e-04 -3.83670000e-04 7.29800000e-05 -6.47350000e-04 -6.01780000e-04 -9.49400000e-04 -1.08690000e-04 -6.29260000e-04 5.39810000e-04 1.51360000e-04 1.59360000e-04 1.31030000e-04 3.80900000e-05 2.85350000e-04 -3.94040000e-04 5.01050000e-04 -3.89900000e-05 1.36710000e-03 5.55060000e-04 3.92300000e-05 6.23190000e-04 -2.77940000e-04 -2.55280000e-04 -5.22000000e-05 -2.78080000e-04 -1.63680000e-04 1.67930000e-04 -1.84940000e-04 3.81470000e-04 -1.53830000e-04 2.42630000e-04 -6.83200000e-04 -5.26990000e-04 1.03240000e-04 -3.65900000e-05 3.94650000e-04 7.46700000e-04 7.21960000e-04 -1.31650000e-04 -3.13500000e-05 -1.67570000e-04 -2.24180000e-04 3.52800000e-04 2.25400000e-04 8.84780000e-04 5.94960000e-04 -9.00970000e-04 5.01820000e-04 2.81610000e-04 1.14371000e-03 3.94793400e-02 -1.15890000e-04 6.84110000e-04 1.85120000e-04 -2.66820000e-04 5.72900000e-05 3.52340000e-04 1.75155000e-03 -4.98240000e-04 -9.84410000e-04 1.27829000e-03 5.87660000e-04 -1.61410000e-04 -3.27660000e-04 5.85630000e-04 1.56440000e-03 -1.01391000e-03 -1.60950000e-04 -1.09373000e-03 3.30000000e-04
-4.95470000e-04 3.07950000e-04 2.95527000e-03 -3.21320000e-04 3.60910000e-04 5.26830000e-04 1.06430000e-04 5.72890000e-04 -6.24530000e-04 -2.22560000e-04 -4.40590000e-04 -1.29830000e-04 -7.17250000e-04 -2.57170000e-04 -3.02630000e-04 1.77252000e-03 -3.93040000e-04 -6.28200000e-05 1.00090000e-04 3.26750000e-04 -3.27000000e-05 5.58600000e-04 5.35490000e-04 -4.71200000e-05 -7.99060000e-04 8.77600000e-05 2.69940000e-04 1.82270000e-04 2.89850000e-04 -2.93700000e-04 2.19600000e-05 3.42760000e-04 8.49220000e-04 -7.88140000e-04 -1.62620000e-04 1.86510000e-04 -5.20000000e-05 2.72140000e-04 -4.21340000e-04 1.14020000e-04 4.14130000e-04 2.69840000e-04 1.96510000e-04 -1.59700000e-05 6.35790000e-04 8.22740000e-04 -2.77780000e-04 -2.26880000e-04 1.62352000e-03 -1.43130000e-04 -4.47940000e-04 7.75270000e-04 -3.84000000e-05 1.37040000e-04 9.87000000e-06 1.67160000e-04 9.80990000e-04 -1.91790000e-04 -3.31500000e-05 -6.85030000e-04 -2.12700000e-04 3.69670000e-04 -1.13500000e-05 7.82510000e-04 -9.09470000e-04 9.56840000e-04 -1.11131000e-03 7.19800000e-05 2.24330000e-04 -3.27410000e-04 7.25920000e-04 3.85230000e-04 -1.39150000e-03 1.07020000e-04 -6.36300000e-04 1.05140000e-04 -2.53280000e-04 -1.52790000e-04 -8.77700000e-05 2.82200000e-04 -7.90970000e-04 -4.19700000e-04 -1.00521000e-03 -3.83630000e-04 -1.03588000e-03 -4.49070000e-04 2.68340000e-04 -9.48100000e-05 -6.04000000e-06 -1.45430000e-04 -1.95480000e-04 6.91080000e-04 2.18010000e-04 1.28278000e-03 -4.71120000e-04 -1.01210000e-04 -1.25500000e-05 -1.15890000e-04 1.29374000e-02 2.11410000e-04 -1.02316000e-03 7.01900000e-04 -1.55290000e-04 -5.09700000e-05 -4.46450000e-04 -4.75920000e-04 1.56996000e-03 -8.11240000e-04 -6.37400000e-04 -6.38570000e-04 6.66330000e-04 -5.76820000e-04 -2.62000000e-04 7.07500000e-04 4.52090000e-04 1.10951000e-03 -3.30050000e-04
-2.74330000e-04 2.56460000e-04 2.52412000e-03 -1.47260000e-04 6.21260000e-04 1.05800000e-03 4.13400000e-05 2.12450000e-04 1.46500000e-05 -2.05260000e-04 -5.74700000e-04 -6.52500000e-05 -6.30530000e-04 -1.34200000e-05 3.08020000e-04 1.54839000e-03 -2.24080000e-04 -1.01280000e-04 3.72290000e-04 -5.91940000e-04 1.33080000e-04 6.35650000e-04 5.86080000e-04 9.47800000e-05 -5.71120000e-04 -3.33510000e-04 -4.93000000e-06 3.27490000e-04 -7.52700000e-05 -4.34100000e-04 6.78900000e-05 2.87970000e-04 7.77590000e-04 -7.05040000e-04 -6.23590000e-04 2.06810000e-04 1.90270000e-04 1.64370000e-04 -2.01940000e-04 1.91160000e-04 6.41300000e-04 4.68550000e-04 3.98030000e-04 1.34000000e-04 7.19870000e-04 2.80190000e-04 -2.08720000e-04 -1.69570000e-04 1.71438000e-03 -2.37460000e-04 -3.21820000e-04 7.33070000e-04 -2.14670000e-04 2.37500000e-04 3.49600000e-05 3.50920000e-04 8.02990000e-04 9.11700000e-05 -1.61490000e-04 -4.93700000e-04 1.74540000e-04 2.13580000e-04 3.72120000e-04 7.54840000e-04 -5.77790000e-04 9.93500000e-04 -1.16917000e-03 2.03550000e-04 3.32800000e-04 -2.49890000e-04 3.86100000e-05 5.35250000e-04 -1.21346000e-03 -1.62860000e-04 -4.86170000e-04 1.81040000e-04 -3.17400000e-05 1.58610000e-04 -3.41500000e-05 1.54390000e-04 -6.14020000e-04 -2.24320000e-04 -2.16100000e-04 -2.52480000e-04 -1.08992000e-03 -3.01890000e-04 -7.68000000e-05 1.22380000e-04 2.00280000e-04 -2.73500000e-05 1.57850000e-04 8.77000000e-04 6.52100000e-05 4.71020000e-04 -6.81240000e-04 -1.84530000e-04 6.23350000e-04 6.84110000e-04 2.11410000e-04 2.54427000e-02 -8.24300000e-04 -4.18450000e-04 4.69000000e-04 -1.91810000e-04 3.83370000e-04 -4.43000000e-04 1.42465000e-03 -3.91890000e-04 -5.33760000e-04 -5.50870000e-04 3.63940000e-04 -5.23100000e-04 5.16870000e-04 9.07420000e-04 1.54070000e-04 -1.11660000e-04 -1.45920000e-04
2.69989000e-03 -1.18591000e-03 -9.83926000e-03 8.99550000e-04 -1.82667000e-03 -2.70445000e-03 -1.47470000e-04 -1.00285000e-03 6.86920000e-04 1.37987000e-03 2.60410000e-03 3.15540000e-04 3.25514000e-03 6.87400000e-04 2.50120000e-04 -5.94331000e-03 1.43162000e-03 8.83940000e-04 -1.26171000e-03 3.61870000e-04 -1.65840000e-04 -2.95644000e-03 -1.69548000e-03 -7.10890000e-04 2.89862000e-03 6.98800000e-04 -1.31020000e-04 -1.00009000e-03 -1.03610000e-04 1.24078000e-03 -5.59970000e-04 -1.16434000e-03 -3.50728000e-03 2.28621000e-03 1.75100000e-03 -5.96210000e-04 -8.88800000e-05 -6.99400000e-04 1.61718000e-03 -5.32530000e-04 -2.49115000e-03 -1.33651000e-03 -1.18993000e-03 -3.83240000e-04 -2.23379000e-03 -2.18654000e-03 1.03077000e-03 1.03069000e-03 -6.49469000e-03 6.64220000e-04 1.62296000e-03 -2.92171000e-03 8.19180000e-04 -1.17363000e-03 -7.91640000e-04 -7.30490000e-04 -2.70605000e-03 1.71430000e-04 7.93790000e-04 2.70569000e-03 -2.24790000e-04 -8.76970000e-04 -5.00290000e-04 -2.82826000e-03 2.36971000e-03 -4.20806000e-03 4.67589000e-03 -5.08560000e-04 -7.50540000e-04 1.12095000e-03 -1.12800000e-03 -1.12370000e-03 3.82528000e-03 2.60150000e-04 1.95436000e-03 -6.26490000e-04 5.41070000e-04 1.28880000e-04 1.51560000e-04 -8.17240000e-04 2.48893000e-03 1.13985000e-03 2.43353000e-03 1.80886000e-03 3.80814000e-03 1.42975000e-03 -1.55390000e-04 -9.98300000e-05 -1.35530000e-04 -2.61520000e-04 -5.99800000e-05 -3.30055000e-03 -1.82490000e-04 -2.65003000e-03 3.39954000e-03 1.23316000e-03 -1.41750000e-04 1.85120000e-04 -1.02316000e-03 -8.24300000e-04 2.96814600e-02 4.07750000e-04 -1.19840000e-04 1.32651000e-03 1.41254000e-03 2.26698000e-03 -4.99110000e-03 3.62640000e-03 3.17055000e-03 2.94701000e-03 -1.36439000e-03 2.97073000e-03 1.01591000e-03 -1.89400000e-03 -1.00928000e-03 -2.11190000e-04 1.48793000e-03
-1.71540000e-04 3.83700000e-05 -1.92619000e-03 -1.83790000e-04 -6.02420000e-04 -9.97930000e-04 -1.17860000e-04 -1.16000000e-06 -8.42610000e-04 -1.63120000e-04 5.16850000e-04 -3.60670000e-04 2.23010000e-04 -2.87190000e-04 -2.81220000e-04 -1.46039000e-03 -8.50100000e-05 2.61610000e-04 -3.38710000e-04 1.17464000e-03 -1.14780000e-04 -1.91400000e-04 -8.21130000e-04 -5.92800000e-04 9.41200000e-05 5.92100000e-04 3.64820000e-04 -7.44170000e-04 5.36400000e-04 2.72190000e-04 -8.45300000e-05 9.97800000e-05 -7.16640000e-04 3.96560000e-04 1.11079000e-03 -4.88670000e-04 -3.20060000e-04 -2.41820000e-04 -3.33140000e-04 -3.29800000e-05 -5.66750000e-04 -1.98940000e-04 -6.58470000e-04 -1.50610000e-04 -1.03870000e-04 -2.58720000e-04 -2.01000000e-05 -2.24490000e-04 -2.02653000e-03 2.33910000e-04 -2.25180000e-04 -9.70630000e-04 -1.26750000e-04 -6.17360000e-04 -5.74960000e-04 -1.63220000e-04 -6.44130000e-04 -3.85330000e-04 3.36130000e-04 -2.79000000e-05 -6.71800000e-04 -2.23490000e-04 -1.28740000e-04 -5.85320000e-04 4.34520000e-04 -5.22110000e-04 7.84880000e-04 -3.27700000e-05 -6.12110000e-04 -2.80390000e-04 7.42470000e-04 -7.22810000e-04 3.16730000e-04 4.33360000e-04 -6.15500000e-05 -5.02000000e-05 -3.65760000e-04 -4.22970000e-04 -4.80890000e-04 -2.96840000e-04 -2.66000000e-05 -1.34140000e-04 -6.54060000e-04 4.14400000e-05 8.35200000e-04 -3.85600000e-05 4.21570000e-04 -5.48710000e-04 -5.41220000e-04 -1.32650000e-04 -7.00210000e-04 -6.65700000e-04 -1.63200000e-04 2.79540000e-04 8.54250000e-04 5.25860000e-04 -6.40600000e-05 -2.66820000e-04 7.01900000e-04 -4.18450000e-04 4.07750000e-04 1.88499700e-02 -4.88770000e-04 5.13170000e-04 1.70650000e-04 7.40600000e-05 -9.01200000e-04 1.78910000e-04 6.40900000e-04 1.96290000e-04 -4.72000000e-06 6.84390000e-04 6.62900000e-05 -1.77259000e-03 1.22320000e-04 7.02190000e-04 2.93600000e-05
-5.95600000e-05 -2.14370000e-04 1.16490000e-03 -1.55190000e-04 -1.76100000e-04 8.53060000e-04 1.11380000e-04 2.30900000e-04 2.60100000e-04 4.40520000e-04 3.83100000e-05 2.25870000e-04 -1.64130000e-04 -1.32130000e-04 3.56030000e-04 9.21450000e-04 3.73900000e-05 -1.87210000e-04 -7.45800000e-05 -8.27920000e-04 -1.95350000e-04 -1.99440000e-04 5.24760000e-04 3.85490000e-04 5.24700000e-05 7.20630000e-04 -1.47930000e-04 4.20980000e-04 -2.78690000e-04 -1.09600000e-04 -2.54530000e-04 -2.18740000e-04 2.99970000e-04 -6.70620000e-04 -1.36998000e-03 3.69100000e-04 -4.16800000e-05 2.38740000e-04 3.16030000e-04 -1.52230000e-04 -3.11080000e-04 -3.84820000e-04 1.36860000e-04 -1.71500000e-04 -7.77670000e-04 8.23240000e-04 -8.68000000e-05 3.05050000e-04 1.00736000e-03 -1.96510000e-04 3.82530000e-04 6.26900000e-04 4.49720000e-04 2.02030000e-04 4.31250000e-04 -1.04730000e-04 2.56200000e-04 7.46600000e-05 -1.78450000e-04 -9.63600000e-05 8.80900000e-05 2.45360000e-04 8.49300000e-05 2.72480000e-04 -8.99990000e-04 -2.90000000e-07 -4.88600000e-04 -2.38890000e-04 3.97970000e-04 1.09880000e-04 -2.75050000e-04 5.11250000e-04 -3.12190000e-04 -2.95070000e-04 1.50900000e-05 -1.61820000e-04 1.81480000e-04 8.66300000e-05 4.91910000e-04 3.33780000e-04 -1.83160000e-04 6.77400000e-05 6.80200000e-05 -4.46730000e-04 -8.97090000e-04 6.42000000e-05 -1.74460000e-04 2.13410000e-04 3.46320000e-04 -1.84180000e-04 3.41200000e-05 -1.88620000e-04 -3.42690000e-04 3.44700000e-04 -6.06320000e-04 -2.64130000e-04 3.80200000e-05 5.72900000e-05 -1.55290000e-04 4.69000000e-04 -1.19840000e-04 -4.88770000e-04 2.19348900e-02 -3.05730000e-04 -3.29920000e-04 1.86840000e-04 1.25973000e-03 -6.43370000e-04 -4.28720000e-04 -5.83100000e-05 1.71770000e-04 -4.49710000e-04 -1.70500000e-04 1.13866000e-03 -1.49300000e-05 -8.75000000e-06 -1.02980000e-04
7.10700000e-04 -1.99200000e-05 -2.99701000e-03 2.98790000e-04 -4.61400000e-05 -8.31000000e-04 -6.32000000e-05 -2.89730000e-04 6.25100000e-05 -8.67400000e-05 4.59140000e-04 -5.89100000e-05 7.86520000e-04 2.72600000e-04 -7.36000000e-06 -1.93459000e-03 3.23850000e-04 4.25370000e-04 -1.86620000e-04 5.09950000e-04 1.65770000e-04 -5.19640000e-04 -7.03990000e-04 -5.15910000e-04 6.46010000e-04 -3.26900000e-04 1.25630000e-04 -5.43530000e-04 2.19900000e-04 3.18710000e-04 7.73300000e-05 -5.85000000e-05 -9.27430000e-04 7.92610000e-04 1.19501000e-03 -3.48580000e-04 1.13850000e-04 -2.31980000e-04 9.55500000e-05 9.18400000e-05 -2.02920000e-04 1.84900000e-04 -3.00360000e-04 1.11380000e-04 4.54730000e-04 -1.27462000e-03 2.81820000e-04 -1.93700000e-05 -2.11479000e-03 2.80720000e-04 -1.45200000e-05 -1.12262000e-03 -2.70150000e-04 -3.52080000e-04 -6.61540000e-04 4.29900000e-05 -5.81530000e-04 1.64200000e-05 3.70680000e-04 6.51320000e-04 -5.18700000e-05 -2.88280000e-04 -1.74200000e-05 -6.67480000e-04 1.14032000e-03 -8.35400000e-04 1.18944000e-03 1.61590000e-04 -4.32360000e-04 1.34710000e-04 -8.32000000e-06 -5.41290000e-04 8.27100000e-04 3.47960000e-04 3.40040000e-04 -1.32700000e-05 9.21500000e-05 4.84800000e-05 -4.50960000e-04 -3.64790000e-04 5.31960000e-04 1.47270000e-04 5.55080000e-04 6.97140000e-04 1.19921000e-03 2.64150000e-04 1.08790000e-04 -1.89470000e-04 -1.89120000e-04 1.09430000e-04 -3.96200000e-05 -4.20440000e-04 2.79630000e-04 -7.36640000e-04 1.08437000e-03 5.62550000e-04 3.73730000e-04 3.52340000e-04 -5.09700000e-05 -1.91810000e-04 1.32651000e-03 5.13170000e-04 -3.05730000e-04 2.19863900e-02 9.58480000e-04 3.75790000e-04 -1.68290000e-03 1.41293000e-03 1.28501000e-03 6.94550000e-04 -3.09640000e-04 1.08820000e-03 8.16990000e-04 -1.43102000e-03 -1.49060000e-04 -2.55120000e-04 6.16470000e-04
8.45330000e-04 3.28700000e-04 -5.39510000e-03 7.08680000e-04 4.65270000e-04 -1.28636000e-03 -3.95870000e-04 -1.16363000e-03 1.64820000e-04 -9.06950000e-04 2.02810000e-04 -5.23760000e-04 1.01820000e-03 7.11260000e-04 6.01260000e-04 -3.75345000e-03 4.10330000e-04 7.21600000e-04 3.35550000e-04 8.52100000e-04 6.24530000e-04 1.80630000e-04 -1.65142000e-03 -1.16533000e-03 6.03620000e-04 -1.81108000e-03 7.38000000e-05 -1.30741000e-03 3.84660000e-04 4.02560000e-04 3.72180000e-04 4.41110000e-04 -1.52578000e-03 2.04250000e-03 3.16966000e-03 -1.06152000e-03 3.37930000e-04 -8.02590000e-04 -4.24950000e-04 6.19210000e-04 5.94270000e-04 1.06343000e-03 -3.68310000e-04 5.01160000e-04 1.83547000e-03 -3.24843000e-03 3.81580000e-04 -5.97980000e-04 -3.79764000e-03 3.88790000e-04 -6.91930000e-04 -2.34107000e-03 -1.42460000e-03 -6.96610000e-04 -1.29282000e-03 5.10750000e-04 -1.37886000e-03 6.29500000e-05 5.13440000e-04 8.25660000e-04 1.30760000e-04 -8.74140000e-04 5.33790000e-04 -1.12830000e-03 3.14209000e-03 -5.63720000e-04 1.81356000e-03 7.35330000e-04 -1.08976000e-03 -4.33500000e-05 -1.59180000e-04 -1.33436000e-03 1.38909000e-03 5.74240000e-04 4.08760000e-04 4.26620000e-04 -1.33600000e-04 1.38050000e-04 -1.19842000e-03 -1.14822000e-03 1.02042000e-03 2.64260000e-04 1.21810000e-03 1.55571000e-03 2.83731000e-03 3.40000000e-04 5.54000000e-06 -5.85300000e-04 -7.11720000e-04 2.81650000e-04 1.59930000e-04 9.99000000e-05 4.74770000e-04 -2.20514000e-03 1.84726000e-03 9.71960000e-04 1.64342000e-03 1.75155000e-03 -4.46450000e-04 3.83370000e-04 1.41254000e-03 1.70650000e-04 -3.29920000e-04 9.58480000e-04 2.87925700e-02 -1.38710000e-04 -3.54930000e-03 2.75619000e-03 1.93222000e-03 7.17360000e-04 -9.70650000e-04 1.90941000e-03 2.66987000e-03 -3.27208000e-03 -5.12060000e-04 -1.85118000e-03 7.89850000e-04
1.01151000e-03 -8.27790000e-04 -4.03306000e-03 2.17930000e-04 -1.29511000e-03 -8.15790000e-04 1.79140000e-04 -1.06330000e-04 4.40420000e-04 1.22993000e-03 1.32705000e-03 4.57260000e-04 1.54626000e-03 8.69600000e-05 7.82300000e-05 -2.30908000e-03 7.52220000e-04 3.16290000e-04 -7.39980000e-04 -5.56310000e-04 -3.51520000e-04 -1.58468000e-03 -5.38420000e-04 -4.27100000e-05 1.40335000e-03 9.79710000e-04 -6.15900000e-05 -1.20790000e-04 -1.99020000e-04 6.04980000e-04 -5.31960000e-04 -8.39640000e-04 -1.39108000e-03 4.03610000e-04 -6.88870000e-04 2.41480000e-04 -2.57550000e-04 9.86000000e-06 1.08078000e-03 -4.30520000e-04 -1.61888000e-03 -1.20342000e-03 -4.92410000e-04 -3.87110000e-04 -2.18772000e-03 -6.47100000e-05 4.71010000e-04 8.61010000e-04 -2.56314000e-03 2.24820000e-04 1.23795000e-03 -8.82000000e-04 1.01302000e-03 -3.92330000e-04 1.44950000e-04 -5.42780000e-04 -1.40015000e-03 1.78400000e-05 3.04360000e-04 1.15025000e-03 -1.42370000e-04 -3.71300000e-05 -4.86240000e-04 -1.11653000e-03 1.50680000e-04 -2.08244000e-03 1.92681000e-03 -6.06760000e-04 -1.12440000e-04 7.74660000e-04 -5.83690000e-04 -2.21940000e-04 1.83110000e-03 1.29300000e-05 1.03099000e-03 -4.97930000e-04 4.52330000e-04 5.77000000e-06 6.24810000e-04 7.00300000e-05 1.08736000e-03 6.59180000e-04 1.09269000e-03 2.36150000e-04 1.09077000e-03 8.27630000e-04 -7.57100000e-05 6.62700000e-05 1.74270000e-04 -5.13440000e-04 -7.39300000e-05 -1.93103000e-03 -6.67830000e-04 -6.44210000e-04 1.00493000e-03 4.86720000e-04 -4.45350000e-04 -4.98240000e-04 -4.75920000e-04 -4.43000000e-04 2.26698000e-03 7.40600000e-05 1.86840000e-04 3.75790000e-04 -1.38710000e-04 2.34872800e-02 -1.33509000e-03 7.97140000e-04 1.06638000e-03 1.51549000e-03 -2.90940000e-04 9.92040000e-04 -1.56800000e-04 2.03200000e-05 -3.21180000e-04 3.30300000e-04 5.69890000e-04
-2.15947000e-03 4.63470000e-04 1.47922400e-02 -1.42221000e-03 1.22645000e-03 4.78415000e-03 7.43730000e-04 2.40770000e-03 -4.64280000e-04 2.37380000e-04 -2.26320000e-03 4.83480000e-04 -3.41782000e-03 -1.03010000e-03 -2.84940000e-04 9.67261000e-03 -1.50585000e-03 -1.33119000e-03 4.92730000e-04 -2.04280000e-03 -5.43830000e-04 1.65166000e-03 3.81948000e-03 1.58085000e-03 -2.76688000e-03 1.15416000e-03 8.80000000e-05 2.45721000e-03 -4.79680000e-04 -1.83067000e-03 -2.90710000e-04 4.03280000e-04 4.69079000e-03 -4.67642000e-03 -5.50496000e-03 2.08506000e-03 -5.87100000e-05 1.68922000e-03 -5.23630000e-04 -1.87550000e-04 1.29535000e-03 -6.70000000e-05 1.70696000e-03 -2.14890000e-04 -1.39540000e-04 5.10965000e-03 -1.30322000e-03 -5.12500000e-05 1.00936900e-02 -1.22018000e-03 -4.27170000e-04 5.29299000e-03 1.02437000e-03 1.75342000e-03 1.69036000e-03 2.37620000e-04 4.41644000e-03 -6.73900000e-05 -1.20487000e-03 -2.64694000e-03 2.34090000e-04 1.96416000e-03 2.04190000e-04 4.01681000e-03 -6.08101000e-03 3.93231000e-03 -6.00452000e-03 -3.97450000e-04 2.24833000e-03 -7.92980000e-04 8.34230000e-04 3.09468000e-03 -5.59599000e-03 -9.48660000e-04 -2.14696000e-03 -6.52700000e-05 1.06800000e-05 2.86900000e-05 1.13307000e-03 2.15062000e-03 -3.39659000e-03 -1.24463000e-03 -2.83102000e-03 -2.79598000e-03 -7.08872000e-03 -1.52206000e-03 2.62700000e-05 8.83420000e-04 1.40577000e-03 -3.77010000e-04 1.62490000e-04 2.65237000e-03 -2.16800000e-05 4.84861000e-03 -4.44837000e-03 -2.00278000e-03 -5.75660000e-04 -9.84410000e-04 1.56996000e-03 1.42465000e-03 -4.99110000e-03 -9.01200000e-04 1.25973000e-03 -1.68290000e-03 -3.54930000e-03 -1.33509000e-03 2.36570700e-02 -5.13398000e-03 -4.27839000e-03 -2.77913000e-03 2.62534000e-03 -4.34566000e-03 -2.42660000e-03 6.59019000e-03 1.44542000e-03 2.80994000e-03 -1.72932000e-03
2.04074000e-03 -7.75000000e-05 -7.91055000e-03 1.06896000e-03 1.50400000e-05 -2.33275000e-03 -3.37130000e-04 -1.31218000e-03 4.21140000e-04 -2.73510000e-04 1.11899000e-03 -2.37890000e-04 2.13851000e-03 1.01312000e-03 2.65950000e-04 -4.99654000e-03 8.73140000e-04 8.93680000e-04 -1.97680000e-04 1.13882000e-03 5.04850000e-04 -1.10593000e-03 -1.74247000e-03 -1.05875000e-03 1.69322000e-03 -1.54686000e-03 3.44100000e-05 -1.29081000e-03 2.43520000e-04 7.01170000e-04 3.14330000e-04 -8.12000000e-05 -2.50301000e-03 2.71168000e-03 3.67941000e-03 -1.06765000e-03 4.31970000e-04 -9.36830000e-04 3.52470000e-04 2.30330000e-04 -2.72210000e-04 5.66910000e-04 -6.11280000e-04 3.54370000e-04 1.08897000e-03 -3.58755000e-03 7.15510000e-04 -9.82800000e-05 -5.18553000e-03 6.21910000e-04 8.30300000e-05 -2.89578000e-03 -8.37870000e-04 -8.34360000e-04 -1.42973000e-03 1.59180000e-04 -1.70918000e-03 2.47240000e-04 7.13940000e-04 1.93209000e-03 2.18430000e-04 -1.11605000e-03 4.40900000e-05 -1.95570000e-03 3.60586000e-03 -2.06411000e-03 3.36127000e-03 5.21120000e-04 -1.03300000e-03 4.01470000e-04 -6.29580000e-04 -1.39112000e-03 2.61128000e-03 5.48570000e-04 1.09408000e-03 8.73100000e-05 1.71220000e-04 3.10740000e-04 -1.01338000e-03 -1.27483000e-03 1.79658000e-03 6.43780000e-04 1.99193000e-03 2.23334000e-03 3.77399000e-03 7.63810000e-04 9.77000000e-06 -3.72140000e-04 -4.88790000e-04 4.88080000e-04 2.58830000e-04 -9.71780000e-04 8.54040000e-04 -2.91970000e-03 2.99901000e-03 1.15700000e-03 9.15950000e-04 1.27829000e-03 -8.11240000e-04 -3.91890000e-04 3.62640000e-03 1.78910000e-04 -6.43370000e-04 1.41293000e-03 2.75619000e-03 7.97140000e-04 -5.13398000e-03 8.48363000e-02 2.90468000e-03 1.75473000e-03 -1.35062000e-03 2.69808000e-03 2.16132000e-03 -3.14676000e-03 -7.32140000e-04 -1.37235000e-03 1.38637000e-03
1.53359000e-03 -3.75920000e-04 -7.75075000e-03 7.21750000e-04 -6.93470000e-04 -2.09240000e-03 -2.13800000e-04 -9.40380000e-04 3.70650000e-04 1.53290000e-04 1.35652000e-03 -3.97200000e-05 2.03200000e-03 5.65030000e-04 2.10320000e-04 -4.94597000e-03 9.17210000e-04 8.18920000e-04 -5.04510000e-04 7.72730000e-04 2.06030000e-04 -1.37301000e-03 -1.77816000e-03 -9.11840000e-04 1.73049000e-03 -2.95250000e-04 3.03200000e-05 -1.18487000e-03 2.51360000e-04 9.62930000e-04 -2.57600000e-05 -3.94070000e-04 -2.45973000e-03 2.04573000e-03 2.28906000e-03 -8.11610000e-04 6.93800000e-05 -6.42760000e-04 5.05750000e-04 2.74600000e-05 -9.53390000e-04 -1.31850000e-04 -8.44250000e-04 5.98600000e-05 -1.30610000e-04 -2.59183000e-03 7.30670000e-04 2.15830000e-04 -5.26568000e-03 5.98830000e-04 4.12300000e-04 -2.65480000e-03 -2.88490000e-04 -8.72000000e-04 -1.02468000e-03 -1.60690000e-04 -2.05876000e-03 5.62700000e-05 7.13890000e-04 1.63019000e-03 -1.20600000e-04 -7.82000000e-04 -1.11550000e-04 -1.95676000e-03 2.69100000e-03 -2.38317000e-03 3.15346000e-03 9.25100000e-05 -1.00133000e-03 5.49940000e-04 -4.43580000e-04 -1.34788000e-03 2.67741000e-03 5.48750000e-04 1.16991000e-03 -1.33170000e-04 2.41980000e-04 5.54800000e-05 -5.35580000e-04 -8.67540000e-04 1.68141000e-03 6.27630000e-04 1.61597000e-03 1.43623000e-03 3.21364000e-03 8.84650000e-04 1.60700000e-05 -3.73530000e-04 -4.64530000e-04 5.65800000e-05 -7.26100000e-05 -1.59354000e-03 7.98800000e-05 -2.16770000e-03 2.39869000e-03 1.14765000e-03 5.23640000e-04 5.87660000e-04 -6.37400000e-04 -5.33760000e-04 3.17055000e-03 6.40900000e-04 -4.28720000e-04 1.28501000e-03 1.93222000e-03 1.06638000e-03 -4.27839000e-03 2.90468000e-03 2.84117200e-02 1.77168000e-03 -1.09626000e-03 2.41751000e-03 1.50819000e-03 -3.04837000e-03 -6.40750000e-04 -1.02807000e-03 1.19910000e-03
1.37628000e-03 -8.16860000e-04 -6.21957000e-03 4.74660000e-04 -1.32094000e-03 -1.49809000e-03 5.75100000e-05 -4.99510000e-04 5.01740000e-04 1.03198000e-03 1.54584000e-03 3.31610000e-04 2.05810000e-03 3.14730000e-04 1.49060000e-04 -3.79260000e-03 9.55100000e-04 5.64450000e-04 -7.45780000e-04 -1.78400000e-04 -1.97680000e-04 -1.70874000e-03 -1.16131000e-03 -4.30460000e-04 1.72250000e-03 5.13950000e-04 -4.51900000e-05 -5.76400000e-04 -6.29500000e-05 8.61450000e-04 -4.48240000e-04 -7.91050000e-04 -2.05017000e-03 1.17883000e-03 4.15230000e-04 -1.15590000e-04 -2.05430000e-04 -2.62860000e-04 1.02631000e-03 -2.86790000e-04 -1.60824000e-03 -1.01679000e-03 -6.95560000e-04 -2.80450000e-04 -1.84550000e-03 -1.09458000e-03 6.66930000e-04 7.41460000e-04 -4.09679000e-03 3.89270000e-04 1.12623000e-03 -1.74335000e-03 6.66630000e-04 -6.68010000e-04 -2.30750000e-04 -4.81020000e-04 -2.01248000e-03 1.70100000e-05 4.99720000e-04 1.54386000e-03 -1.52190000e-04 -3.30570000e-04 -4.43500000e-04 -1.64963000e-03 1.22005000e-03 -2.53214000e-03 2.79094000e-03 -4.54470000e-04 -5.03710000e-04 8.58770000e-04 -6.45490000e-04 -7.32200000e-04 2.53329000e-03 2.18870000e-04 1.29735000e-03 -4.18580000e-04 4.18630000e-04 7.57000000e-06 3.10450000e-04 -3.01390000e-04 1.58657000e-03 7.92670000e-04 1.55303000e-03 7.85950000e-04 2.25428000e-03 1.02001000e-03 -6.58500000e-05 -1.20360000e-04 -8.39600000e-05 -4.64210000e-04 -4.39100000e-05 -2.13170000e-03 -5.38220000e-04 -1.41529000e-03 1.76141000e-03 8.31680000e-04 -1.41700000e-04 -1.61410000e-04 -6.38570000e-04 -5.50870000e-04 2.94701000e-03 1.96290000e-04 -5.83100000e-05 6.94550000e-04 7.17360000e-04 1.51549000e-03 -2.77913000e-03 1.75473000e-03 1.77168000e-03 2.93926600e-02 -6.79410000e-04 1.70088000e-03 4.96250000e-04 -1.06685000e-03 -5.20040000e-04 -1.23060000e-04 8.41000000e-04
-5.74390000e-04 1.80200000e-04 4.27080000e-03 -3.91170000e-04 4.02800000e-04 1.23825000e-03 3.09360000e-04 8.16160000e-04 -2.61420000e-04 1.28730000e-04 -6.07080000e-04 1.35540000e-04 -8.58750000e-04 -2.63360000e-04 -2.58800000e-04 2.72547000e-03 -4.42970000e-04 -2.77610000e-04 1.67450000e-04 -5.55070000e-04 -1.12220000e-04 5.41280000e-04 1.06029000e-03 3.29680000e-04 -7.94370000e-04 1.31600000e-04 1.37780000e-04 6.83160000e-04 -7.82600000e-05 -6.02530000e-04 -4.91300000e-05 1.62940000e-04 1.37212000e-03 -1.39156000e-03 -1.52909000e-03 6.77620000e-04 -7.27000000e-06 5.17450000e-04 -1.31060000e-04 -1.83900000e-05 4.37320000e-04 5.85700000e-05 5.22260000e-04 -1.54800000e-05 9.53000000e-05 1.43561000e-03 -3.82920000e-04 9.30000000e-07 2.77918000e-03 -3.03610000e-04 -1.33960000e-04 1.49179000e-03 3.22940000e-04 4.72740000e-04 3.68950000e-04 1.39470000e-04 1.26763000e-03 -5.06200000e-05 -2.50040000e-04 -7.27250000e-04 4.19500000e-05 6.15720000e-04 -3.14400000e-05 1.23677000e-03 -1.72813000e-03 1.22523000e-03 -1.65667000e-03 -8.43000000e-05 6.23760000e-04 -2.32840000e-04 3.36240000e-04 8.99430000e-04 -1.66540000e-03 -1.85160000e-04 -6.66430000e-04 1.39900000e-05 2.80600000e-05 7.04000000e-06 2.41880000e-04 6.25410000e-04 -1.01136000e-03 -3.67520000e-04 -8.37000000e-04 -7.58210000e-04 -2.03144000e-03 -4.52690000e-04 9.69600000e-05 2.19090000e-04 4.05570000e-04 -1.89610000e-04 5.69800000e-05 8.43400000e-04 -7.22000000e-06 1.59083000e-03 -1.12377000e-03 -4.08010000e-04 -1.43000000e-04 -3.27660000e-04 6.66330000e-04 3.63940000e-04 -1.36439000e-03 -4.72000000e-06 1.71770000e-04 -3.09640000e-04 -9.70650000e-04 -2.90940000e-04 2.62534000e-03 -1.35062000e-03 -1.09626000e-03 -6.79410000e-04 3.19272200e-02 -1.12958000e-03 -6.13350000e-04 1.88377000e-03 5.56030000e-04 1.12641000e-03 -3.81040000e-04
1.36140000e-03 -3.51380000e-04 -7.77636000e-03 6.84690000e-04 -8.01310000e-04 -2.18973000e-03 -2.55390000e-04 -1.01780000e-03 2.31630000e-04 1.91410000e-04 1.34830000e-03 -1.22360000e-04 1.97949000e-03 4.97550000e-04 2.56280000e-04 -4.98230000e-03 9.27810000e-04 8.50380000e-04 -4.26300000e-04 8.10220000e-04 1.76240000e-04 -1.17296000e-03 -1.86786000e-03 -8.83420000e-04 1.57565000e-03 -3.36600000e-04 7.51300000e-05 -1.21605000e-03 3.29510000e-04 1.02200000e-03 -5.41200000e-05 -3.30300000e-04 -2.48912000e-03 2.13348000e-03 2.42225000e-03 -8.35120000e-04 -2.06200000e-05 -6.87080000e-04 4.77820000e-04 6.14300000e-05 -9.68260000e-04 -1.59520000e-04 -8.87720000e-04 2.69000000e-06 -2.35740000e-04 -2.45842000e-03 7.41540000e-04 2.36240000e-04 -5.32170000e-03 6.33960000e-04 4.17800000e-04 -2.70969000e-03 -2.55340000e-04 -9.53580000e-04 -8.74980000e-04 -1.46090000e-04 -2.23633000e-03 -6.09000000e-06 7.41080000e-04 1.48305000e-03 -1.88740000e-04 -8.04310000e-04 -1.55310000e-04 -2.02356000e-03 2.75244000e-03 -2.29391000e-03 3.15932000e-03 7.14300000e-05 -1.06776000e-03 5.57690000e-04 -3.26450000e-04 -1.43918000e-03 2.79053000e-03 5.76850000e-04 1.15752000e-03 -8.34100000e-05 9.92200000e-05 -6.51000000e-06 -4.26790000e-04 -9.13260000e-04 1.75252000e-03 7.01840000e-04 1.49333000e-03 1.39063000e-03 3.44136000e-03 8.99750000e-04 7.78900000e-05 -4.68130000e-04 -6.05640000e-04 -8.04200000e-05 -1.43410000e-04 -1.64277000e-03 -6.70100000e-05 -2.20169000e-03 2.38512000e-03 1.20662000e-03 4.63210000e-04 5.85630000e-04 -5.76820000e-04 -5.23100000e-04 2.97073000e-03 6.84390000e-04 -4.49710000e-04 1.08820000e-03 1.90941000e-03 9.92040000e-04 -4.34566000e-03 2.69808000e-03 2.41751000e-03 1.70088000e-03 -1.12958000e-03 1.73648500e-02 1.44871000e-03 -3.01008000e-03 -6.68000000e-04 -9.62650000e-04 1.02557000e-03
6.88370000e-04 3.19640000e-04 -3.69273000e-03 5.39600000e-04 5.45820000e-04 -7.35130000e-04 -2.72490000e-04 -8.22320000e-04 1.77000000e-04 -7.39370000e-04 2.92800000e-05 -4.01050000e-04 7.12020000e-04 5.82170000e-04 5.19400000e-04 -2.61088000e-03 3.02020000e-04 5.95000000e-04 3.34620000e-04 4.89770000e-04 5.40730000e-04 2.43450000e-04 -1.14783000e-03 -9.28670000e-04 3.79580000e-04 -1.57356000e-03 7.41000000e-05 -9.41340000e-04 2.97050000e-04 2.44630000e-04 3.01310000e-04 3.94910000e-04 -1.02231000e-03 1.40695000e-03 2.31492000e-03 -7.41840000e-04 3.27180000e-04 -5.56420000e-04 -3.44360000e-04 5.52550000e-04 6.33660000e-04 9.75240000e-04 -1.72060000e-04 4.40590000e-04 1.68151000e-03 -2.54134000e-03 2.77410000e-04 -4.76740000e-04 -2.60981000e-03 2.63890000e-04 -6.18310000e-04 -1.67482000e-03 -1.15797000e-03 -4.92540000e-04 -1.05438000e-03 5.06340000e-04 -8.64900000e-04 8.03200000e-05 4.00970000e-04 5.75980000e-04 1.57890000e-04 -5.98050000e-04 4.99270000e-04 -6.78430000e-04 2.32023000e-03 -2.33140000e-04 1.16352000e-03 6.26120000e-04 -7.69180000e-04 -6.22600000e-05 -1.19220000e-04 -8.99350000e-04 7.85290000e-04 4.39950000e-04 2.01550000e-04 3.69410000e-04 -7.30600000e-05 1.66250000e-04 -9.63150000e-04 -8.29490000e-04 6.71460000e-04 1.51250000e-04 9.44860000e-04 1.19200000e-03 1.93096000e-03 2.03000000e-04 -1.25000000e-05 -4.10640000e-04 -4.83310000e-04 1.84960000e-04 1.92510000e-04 3.07600000e-04 4.20070000e-04 -1.58427000e-03 1.32677000e-03 7.73640000e-04 1.49526000e-03 1.56440000e-03 -2.62000000e-04 5.16870000e-04 1.01591000e-03 6.62900000e-05 -1.70500000e-04 8.16990000e-04 2.66987000e-03 -1.56800000e-04 -2.42660000e-03 2.16132000e-03 1.50819000e-03 4.96250000e-04 -6.13350000e-04 1.44871000e-03 3.05694800e-02 -2.32270000e-03 -3.46640000e-04 -1.41208000e-03 6.66100000e-04
-4.42440000e-04 -2.49030000e-04 1.05913200e-02 -7.16840000e-04 5.15420000e-04 3.32750000e-03 7.88330000e-04 1.84435000e-03 2.97020000e-04 1.35633000e-03 -9.33190000e-04 9.18970000e-04 -1.45535000e-03 -4.08710000e-04 -3.14920000e-04 7.32927000e-03 -5.23190000e-04 -9.28640000e-04 6.56500000e-05 -2.50099000e-03 -5.54740000e-04 2.38550000e-04 3.43015000e-03 1.65792000e-03 -1.21573000e-03 9.81340000e-04 -1.66680000e-04 2.50475000e-03 -8.37460000e-04 -1.14119000e-03 -4.73430000e-04 -3.14660000e-04 3.07558000e-03 -3.49214000e-03 -4.96471000e-03 2.10550000e-03 6.75000000e-05 1.41102000e-03 8.00860000e-04 -4.84330000e-04 2.30020000e-04 -7.18560000e-04 1.46454000e-03 -3.84990000e-04 -1.45737000e-03 4.31398000e-03 -5.99890000e-04 8.63280000e-04 7.78793000e-03 -9.18340000e-04 8.33570000e-04 4.32647000e-03 1.82335000e-03 1.44205000e-03 1.83360000e-03 -6.08500000e-05 3.17171000e-03 2.87180000e-04 -8.80170000e-04 -1.02371000e-03 5.27740000e-04 1.60628000e-03 -3.26340000e-04 2.67317000e-03 -4.85532000e-03 1.86730000e-03 -3.55033000e-03 -7.01930000e-04 2.27610000e-03 1.80050000e-04 -2.48850000e-04 2.96103000e-03 -3.37722000e-03 -1.09505000e-03 -8.84850000e-04 -3.54050000e-04 4.64130000e-04 3.87000000e-04 1.77630000e-03 1.82704000e-03 -1.71836000e-03 -3.75300000e-04 -9.78920000e-04 -1.68744000e-03 -5.01544000e-03 -6.19700000e-04 -2.68980000e-04 1.22683000e-03 1.61913000e-03 -5.82740000e-04 6.35700000e-04 1.14458000e-03 -6.84000000e-05 3.18255000e-03 -2.81742000e-03 -1.49387000e-03 -1.10407000e-03 -1.01391000e-03 7.07500000e-04 9.07420000e-04 -1.89400000e-03 -1.77259000e-03 1.13866000e-03 -1.43102000e-03 -3.27208000e-03 2.03200000e-05 6.59019000e-03 -3.14676000e-03 -3.04837000e-03 -1.06685000e-03 1.88377000e-03 -3.01008000e-03 -2.32270000e-03 6.69005000e-02 8.33190000e-04 2.73418000e-03 -9.17300000e-04
-4.25340000e-04 2.58220000e-04 2.53236000e-03 -2.15960000e-04 4.21640000e-04 6.76000000e-04 1.67930000e-04 4.54420000e-04 -2.48030000e-04 -1.41810000e-04 -4.79610000e-04 1.74200000e-05 -6.16640000e-04 -1.25780000e-04 -2.00570000e-04 1.63718000e-03 -3.32800000e-04 -1.62390000e-04 2.10470000e-04 -1.00540000e-04 -3.12600000e-05 5.17140000e-04 5.87110000e-04 1.57990000e-04 -5.79210000e-04 -1.28050000e-04 1.33600000e-04 3.27840000e-04 3.96400000e-05 -3.85530000e-04 9.30900000e-05 2.31530000e-04 8.88940000e-04 -7.10990000e-04 -5.68130000e-04 3.06720000e-04 3.31100000e-05 2.65040000e-04 -2.57470000e-04 4.25900000e-05 4.65850000e-04 2.30890000e-04 3.36200000e-04 5.62800000e-05 4.02840000e-04 6.83440000e-04 -3.01130000e-04 -1.60840000e-04 1.65955000e-03 -1.77740000e-04 -2.60270000e-04 8.09360000e-04 -1.55300000e-05 3.10210000e-04 1.12890000e-04 1.60610000e-04 8.34470000e-04 -5.09500000e-05 -1.46450000e-04 -4.90780000e-04 5.67900000e-05 3.00430000e-04 -3.79700000e-05 7.84310000e-04 -8.32500000e-04 9.42820000e-04 -1.04260000e-03 7.12200000e-05 3.01970000e-04 -2.50650000e-04 3.12240000e-04 4.45370000e-04 -1.07331000e-03 -4.60800000e-05 -4.71690000e-04 5.57900000e-05 -4.60800000e-05 3.89000000e-06 -3.59500000e-05 2.98870000e-04 -6.82240000e-04 -2.79800000e-04 -5.87830000e-04 -3.95970000e-04 -1.14335000e-03 -3.44830000e-04 1.31310000e-04 2.83200000e-05 1.78420000e-04 1.24300000e-05 -1.10000000e-07 7.05670000e-04 1.45010000e-04 9.29310000e-04 -6.34200000e-04 -2.30820000e-04 -4.84200000e-05 -1.60950000e-04 4.52090000e-04 1.54070000e-04 -1.00928000e-03 1.22320000e-04 -1.49300000e-05 -1.49060000e-04 -5.12060000e-04 -3.21180000e-04 1.44542000e-03 -7.32140000e-04 -6.40750000e-04 -5.20040000e-04 5.56030000e-04 -6.68000000e-04 -3.46640000e-04 8.33190000e-04 1.13455700e-02 6.00400000e-04 -2.23420000e-04
-1.25750000e-04 -2.26180000e-04 3.73270000e-03 -5.06670000e-04 -5.00270000e-04 7.35860000e-04 3.99000000e-04 1.08065000e-03 -6.21520000e-04 8.26270000e-04 1.37940000e-04 2.55020000e-04 -2.86720000e-04 -4.09880000e-04 -6.23130000e-04 2.55085000e-03 -2.98820000e-04 -2.05580000e-04 -4.43530000e-04 -2.88190000e-04 -4.76020000e-04 -3.74270000e-04 1.18382000e-03 2.85740000e-04 -4.46270000e-04 8.98440000e-04 3.18100000e-04 7.26940000e-04 3.10400000e-05 -3.98340000e-04 -4.45170000e-04 -1.76420000e-04 9.56180000e-04 -1.52613000e-03 -1.74425000e-03 8.69010000e-04 -2.83450000e-04 5.94400000e-04 3.11360000e-04 -4.23030000e-04 -6.55880000e-04 -8.35420000e-04 2.19770000e-04 -4.01970000e-04 -1.32454000e-03 2.13683000e-03 -2.88940000e-04 3.90280000e-04 2.18884000e-03 -2.74140000e-04 4.41090000e-04 1.46935000e-03 1.11531000e-03 1.78550000e-04 4.32980000e-04 -2.64610000e-04 1.09633000e-03 -2.01370000e-04 -1.38340000e-04 -3.03080000e-04 -3.50860000e-04 7.46560000e-04 -4.72740000e-04 8.98530000e-04 -2.46990000e-03 2.17010000e-04 -9.42600000e-04 -5.32890000e-04 7.55850000e-04 -2.74200000e-05 5.33900000e-04 1.03881000e-03 -1.47853000e-03 -1.78490000e-04 -4.36720000e-04 -3.28050000e-04 4.16000000e-06 -1.73980000e-04 5.88000000e-04 7.81280000e-04 -8.89760000e-04 -2.66420000e-04 -1.06939000e-03 -7.23760000e-04 -1.94392000e-03 -3.07500000e-04 3.16140000e-04 2.15540000e-04 4.78440000e-04 -5.41280000e-04 -2.14370000e-04 -2.74250000e-04 -1.13820000e-04 2.06264000e-03 -4.78600000e-04 -3.12390000e-04 -8.92160000e-04 -1.09373000e-03 1.10951000e-03 -1.11660000e-04 -2.11190000e-04 7.02190000e-04 -8.75000000e-06 -2.55120000e-04 -1.85118000e-03 3.30300000e-04 2.80994000e-03 -1.37235000e-03 -1.02807000e-03 -1.23060000e-04 1.12641000e-03 -9.62650000e-04 -1.41208000e-03 2.73418000e-03 6.00400000e-04 3.62083000e-02 -4.88710000e-04
8.36520000e-04 -1.44640000e-04 -3.02867000e-03 3.74770000e-04 -6.68900000e-05 -7.20600000e-04 1.69000000e-06 -3.04320000e-04 3.46150000e-04 1.73500000e-04 5.48810000e-04 1.12630000e-04 9.36780000e-04 3.37850000e-04 8.22500000e-05 -1.80003000e-03 4.72370000e-04 3.73270000e-04 -1.60230000e-04 6.72000000e-05 1.05340000e-04 -6.38750000e-04 -5.30080000e-04 -2.64070000e-04 8.26710000e-04 -1.80510000e-04 -1.30500000e-05 -3.19690000e-04 1.67400000e-05 3.59590000e-04 2.65500000e-05 -2.17950000e-04 -9.51090000e-04 7.23200000e-04 7.28210000e-04 -1.97810000e-04 1.46620000e-04 -1.78400000e-04 3.71330000e-04 3.15000000e-05 -3.07250000e-04 5.59800000e-05 -2.07790000e-04 5.24400000e-05 1.21410000e-04 -1.07406000e-03 3.16720000e-04 2.07690000e-04 -1.85541000e-03 2.30370000e-04 2.77850000e-04 -9.62340000e-04 -5.14100000e-05 -2.13720000e-04 -3.86740000e-04 2.24000000e-06 -6.35040000e-04 1.15730000e-04 3.13610000e-04 7.85750000e-04 1.24000000e-04 -2.57870000e-04 -1.38160000e-04 -7.04460000e-04 1.08775000e-03 -9.59700000e-04 1.25837000e-03 6.65400000e-05 -2.62060000e-04 3.26810000e-04 -3.26220000e-04 -3.65250000e-04 1.06720000e-03 1.84790000e-04 5.30190000e-04 -9.49900000e-05 2.45900000e-04 1.67190000e-04 -1.43980000e-04 -2.81410000e-04 7.28860000e-04 3.05900000e-04 9.20730000e-04 6.44050000e-04 1.18067000e-03 4.18440000e-04 -3.62400000e-05 -6.13300000e-05 -1.76100000e-05 4.70000000e-05 9.58500000e-05 -5.48220000e-04 1.48540000e-04 -9.06710000e-04 9.38070000e-04 4.97220000e-04 2.40330000e-04 3.30000000e-04 -3.30050000e-04 -1.45920000e-04 1.48793000e-03 2.93600000e-05 -1.02980000e-04 6.16470000e-04 7.89850000e-04 5.69890000e-04 -1.72932000e-03 1.38637000e-03 1.19910000e-03 8.41000000e-04 -3.81040000e-04 1.02557000e-03 6.66100000e-04 -9.17300000e-04 -2.23420000e-04 -4.88710000e-04 1.78187800e-02
