2.90386000e-03 2.64170000e-04 -3.07460000e-04 -1.45209000e-03 1.04898000e-03 5.29430000e-04 8.58040000e-04 -1.17989000e-03 -1.14372000e-03 -9.17780000e-04 1.48160000e-04 1.59100000e-05 -4.71720000e-04 1.44680000e-04 -4.73950000e-04 -5.33290000e-04 1.35106000e-03 1.77728000e-03 -3.50580000e-04 -2.74330000e-04 -4.29000000e-04 -3.39080000e-04 -1.31428000e-03 2.01249000e-03 -1.23063000e-03 5.41530000e-04 6.88370000e-04 5.87900000e-05 -1.35500000e-05 -4.79900000e-04 5.65590000e-04 4.30140000e-04 -3.08690000e-04 1.86737000e-03 -8.72740000e-04 1.22414000e-03 -5.00000000e-07 1.84546000e-03 2.15771000e-03 -2.44039000e-03 1.18359000e-03 -1.18792000e-03 1.78114000e-03 -4.24150000e-04 3.36990000e-04 -1.55690000e-04 1.53359000e-03 1.99660000e-04 2.06214000e-03 2.21410000e-04 -9.61800000e-05 2.63630000e-04 -6.71300000e-05 7.10700000e-04 8.46400000e-04 1.05385000e-03 3.01570000e-04 8.09970000e-04 5.81170000e-04 -2.21700000e-05 -2.17155000e-03 -1.39204000e-03 6.03840000e-04 3.35450000e-04 1.46494000e-03 5.86290000e-04 1.69118000e-03 7.43750000e-04 9.70060000e-04 -3.02510000e-04 4.73740000e-04 7.12970000e-04 -3.56450000e-04 1.56500000e-05 7.12350000e-04 1.00202000e-03 -8.47130000e-04 -2.05336000e-03 -2.43600000e-05 3.11090000e-04 1.09419000e-03 4.91870000e-04 8.60930000e-04 -7.62390000e-04 1.50556000e-03 -1.47451000e-03 -6.87860000e-04 -8.14230000e-04 2.46470000e-04 -6.92590000e-04 -7.34270000e-04 1.53049000e-03 5.99690000e-04 -6.98710000e-04 -1.30509000e-03 -3.58624000e-03 1.12520000e-04 2.06109000e-03 -1.00741000e-03 4.80530000e-04 -3.40510000e-04 -2.26190000e-04 3.87300000e-05 1.61084000e-03 -3.10900000e-05 -7.15210000e-04 -4.09770000e-04 2.94430000e-04 7.05050000e-04 5.39690000e-04 5.15370000e-04 3.03412000e-03 1.57599000e-03 8.61800000e-04 1.97637000e-03 9.18010000e-04 2.99849000e-03
-1.28000000e-06 2.70000000e-06 4.76680000e-04 9.87000000e-04 -5.14100000e-04 -2.01100000e-04 2.43050000e-04 4.97420000e-04 -6.41500000e-05 2.30790000e-04 3.26870000e-04 8.71300000e-05 3.51300000e-04 -8.18600000e-05 1.34540000e-04 5.43000000e-04 5.79900000e-05 1.18115000e-03 -5.99000000e-06 2.56460000e-04 3.86320000e-04 2.03420000e-04 -1.20020000e-04 1.04590000e-03 2.46600000e-05 -1.92480000e-04 3.19640000e-04 -3.83960000e-04 8.78200000e-05 4.97610000e-04 1.42000000e-04 1.55570000e-04 2.48660000e-04 -1.17680000e-04 7.18300000e-05 2.75650000e-04 3.57600000e-05 -5.94670000e-04 6.98480000e-04 5.11170000e-04 -2.84930000e-04 1.59530000e-04 -9.52700000e-04 1.43440000e-04 5.29280000e-04 3.55300000e-05 -3.75920000e-04 3.06710000e-04 -6.87100000e-04 5.10400000e-04 3.50300000e-04 3.07380000e-04 7.23600000e-05 -1.99200000e-05 -3.28500000e-05 1.69800000e-04 -3.57050000e-04 3.48600000e-05 -2.41640000e-04 4.68900000e-04 -1.25650000e-04 1.58930000e-04 -1.10000000e-07 3.02220000e-04 2.01645000e-03 -8.03890000e-04 8.87240000e-04 1.69890000e-04 -4.30890000e-04 4.02400000e-04 2.80920000e-04 -7.27300000e-05 3.16560000e-04 2.55140000e-04 7.48980000e-04 -3.67430000e-04 2.21270000e-04 -2.45770000e-04 7.28440000e-04 3.80780000e-04 4.61460000e-04 -2.77850000e-04 4.06800000e-05 2.50600000e-05 -6.38830000e-04 3.20900000e-05 2.49580000e-04 1.66590000e-04 4.58100000e-05 3.82720000e-04 5.29040000e-04 -1.89130000e-04 -6.00850000e-04 5.18330000e-04 5.16580000e-04 1.55146000e-03 -5.40310000e-04 2.65080000e-04 2.77110000e-04 3.44970000e-04 3.93260000e-04 1.84920000e-04 3.30800000e-05 1.54970000e-04 3.39290000e-04 2.52940000e-04 6.66210000e-04 1.65900000e-05 2.92700000e-04 8.23850000e-04 -2.16020000e-04 9.51330000e-04 -5.69400000e-05 6.34160000e-04 -3.86480000e-04 2.47720000e-04 -4.85380000e-04
-6.70371000e-03 -8.87750000e-04 3.54480000e-04 1.21442000e-03 -1.10759000e-03 -7.84280000e-04 -1.63175000e-03 1.84669000e-03 3.05579000e-03 2.11072000e-03 -2.92460000e-04 3.55070000e-04 8.41170000e-04 -3.39000000e-05 5.82420000e-04 5.51440000e-04 -1.61926000e-03 -4.49217000e-03 1.04658000e-03 7.39640000e-04 2.08540000e-04 4.65890000e-04 3.43747000e-03 -4.34024000e-03 3.10202000e-03 -6.17940000e-04 -1.21398000e-03 1.61185000e-03 -4.81700000e-05 1.70543000e-03 -1.54564000e-03 -8.12270000e-04 6.40890000e-04 -2.25378000e-03 1.92555000e-03 -3.29590000e-03 1.73570000e-04 -2.78631000e-03 -5.43937000e-03 4.78316000e-03 -1.48500000e-03 2.49131000e-03 -2.31485000e-03 6.07760000e-04 -9.40440000e-04 3.55550000e-04 -2.12513000e-03 -2.13781000e-03 -2.22604000e-03 -1.02469000e-03 2.40750000e-04 -8.61340000e-04 2.82410000e-04 -8.54140000e-04 -1.66804000e-03 -2.34609000e-03 6.96600000e-05 -1.37129000e-03 -8.75840000e-04 -3.48290000e-04 5.17158000e-03 3.12486000e-03 -9.01730000e-04 -1.15121000e-03 -4.18244000e-03 1.53837000e-03 -4.60679000e-03 -1.15568000e-03 -1.23232000e-03 1.37795000e-03 -4.23060000e-04 -1.21527000e-03 5.18860000e-04 -6.95950000e-04 -2.20030000e-03 -1.52052000e-03 1.34910000e-03 5.15717000e-03 5.39070000e-04 -7.92890000e-04 -2.51610000e-03 -2.62730000e-04 -1.56277000e-03 1.25209000e-03 -1.03958000e-03 3.42985000e-03 1.37542000e-03 1.77542000e-03 -4.86490000e-04 1.28261000e-03 9.96250000e-04 -3.06662000e-03 9.99100000e-05 3.16480000e-04 2.19077000e-03 4.83320000e-03 4.63680000e-04 -4.97665000e-03 2.38188000e-03 -1.35736000e-03 4.04370000e-04 2.23720000e-04 5.92100000e-05 -3.04259000e-03 -4.14690000e-04 1.48723000e-03 -9.59500000e-05 -3.03520000e-04 -1.73289000e-03 -2.55799000e-03 -7.94730000e-04 -7.15460000e-03 -2.61422000e-03 -3.19668000e-03 -3.04598000e-03 -1.85495000e-03 -3.55505000e-03
2.01578000e-03 2.36660000e-04 -3.83600000e-05 -5.11890000e-04 4.05040000e-04 3.23050000e-04 6.85460000e-04 -5.20780000e-04 -1.04056000e-03 -6.58380000e-04 2.96080000e-04 1.95300000e-05 -1.66210000e-04 8.16700000e-05 -3.33050000e-04 -1.70730000e-04 7.95770000e-04 1.75630000e-03 -2.96480000e-04 -1.47260000e-04 -2.04710000e-04 -1.84260000e-04 -1.15879000e-03 1.85683000e-03 -9.84640000e-04 2.60350000e-04 5.39600000e-04 -2.44710000e-04 -6.28100000e-05 -4.63810000e-04 4.57370000e-04 3.21370000e-04 -2.03600000e-04 1.01240000e-03 -7.02680000e-04 9.83880000e-04 -5.11600000e-05 9.60610000e-04 1.82473000e-03 -1.61223000e-03 4.96760000e-04 -8.51580000e-04 7.55010000e-04 -4.09860000e-04 3.80270000e-04 -2.01730000e-04 7.21750000e-04 2.65250000e-04 8.97170000e-04 3.73880000e-04 5.33800000e-05 2.92030000e-04 -3.77700000e-05 2.98790000e-04 5.15660000e-04 7.35690000e-04 -1.98700000e-05 5.00290000e-04 3.36600000e-04 2.36440000e-04 -1.77367000e-03 -1.03783000e-03 4.31470000e-04 3.07360000e-04 1.86135000e-03 -2.85940000e-04 1.67094000e-03 4.52620000e-04 3.97070000e-04 -1.33090000e-04 3.43420000e-04 4.20790000e-04 -2.15870000e-04 7.99300000e-05 9.52500000e-04 4.74430000e-04 -5.15040000e-04 -1.76561000e-03 1.87000000e-04 4.80970000e-04 1.02873000e-03 1.66610000e-04 5.13490000e-04 -6.28780000e-04 5.18900000e-04 -1.15530000e-03 -4.18610000e-04 -5.59160000e-04 1.13770000e-04 -3.26590000e-04 -3.13040000e-04 1.01834000e-03 7.09500000e-05 -8.31600000e-05 -6.25780000e-04 -1.56953000e-03 -2.74910000e-04 1.61393000e-03 -8.52680000e-04 5.62810000e-04 2.42900000e-05 2.07600000e-05 7.86800000e-05 1.05819000e-03 2.17340000e-04 -3.09010000e-04 1.56340000e-04 2.62940000e-04 7.01360000e-04 8.62140000e-04 2.55780000e-04 2.60942000e-03 9.84870000e-04 9.48580000e-04 9.84990000e-04 7.23890000e-04 1.35893000e-03
-1.71417000e-03 -2.14040000e-04 -8.94700000e-05 -1.25850000e-04 9.30800000e-05 -9.52400000e-05 -4.65240000e-04 2.56030000e-04 7.96870000e-04 4.51540000e-04 -1.70170000e-04 8.00500000e-05 8.86800000e-05 2.48600000e-05 1.18050000e-04 -5.37400000e-05 -2.78410000e-04 -1.84208000e-03 3.32320000e-04 4.34100000e-05 -1.00730000e-04 1.16110000e-04 9.19430000e-04 -1.64981000e-03 8.18240000e-04 5.07900000e-05 -3.89030000e-04 8.34540000e-04 1.18700000e-05 4.82400000e-04 -4.43750000e-04 -2.31130000e-04 8.29600000e-05 -4.13820000e-04 4.65220000e-04 -9.35860000e-04 6.06500000e-05 -3.49980000e-04 -1.74372000e-03 9.57850000e-04 -1.19770000e-04 5.53860000e-04 -3.34300000e-05 1.30970000e-04 -4.75370000e-04 1.11760000e-04 -2.78050000e-04 -6.14480000e-04 -2.12920000e-04 -4.82890000e-04 -6.57900000e-05 -3.37420000e-04 5.68100000e-05 -1.25730000e-04 -2.82710000e-04 -6.32970000e-04 1.55610000e-04 -3.21210000e-04 -1.13280000e-04 -2.76680000e-04 1.29325000e-03 7.09490000e-04 -2.26450000e-04 -3.31800000e-04 -2.05844000e-03 7.62690000e-04 -1.67538000e-03 -2.29430000e-04 -3.03300000e-05 2.53580000e-04 -2.02620000e-04 -1.45500000e-04 1.29410000e-04 -2.24050000e-04 -8.67300000e-04 -1.77090000e-04 2.69270000e-04 1.41031000e-03 -8.57700000e-05 -3.96750000e-04 -7.99640000e-04 1.93320000e-04 -4.03860000e-04 3.55160000e-04 2.96400000e-05 8.59310000e-04 2.38420000e-04 3.78580000e-04 -2.99800000e-05 1.77310000e-04 5.87400000e-05 -6.60100000e-04 4.51040000e-04 -9.20200000e-05 3.45200000e-04 5.49660000e-04 2.86660000e-04 -1.40484000e-03 4.91440000e-04 -4.44890000e-04 -5.13300000e-05 5.09800000e-05 3.38400000e-05 -9.09620000e-04 -2.07520000e-04 3.08130000e-04 -2.70220000e-04 -7.79200000e-05 -4.73670000e-04 -9.51840000e-04 -1.04880000e-04 -2.30667000e-03 -6.11130000e-04 -1.14470000e-03 -5.43940000e-04 -5.38950000e-04 -6.27290000e-04
1.56086400e-02 2.20344000e-03 8.34100000e-04 -6.94970000e-04 1.04972000e-03 1.84658000e-03 5.25572000e-03 -2.49986000e-03 -7.21949000e-03 -3.99621000e-03 2.24467000e-03 3.48700000e-05 -4.72950000e-04 2.85230000e-04 -1.44213000e-03 3.27870000e-04 4.17978000e-03 1.62773600e-02 -2.50330000e-03 -2.60370000e-04 1.63180000e-04 -8.77520000e-04 -8.08291000e-03 1.54855200e-02 -7.13918000e-03 7.95290000e-04 4.40623000e-03 -5.62096000e-03 -1.23470000e-04 -2.13754000e-03 3.80375000e-03 2.74555000e-03 -7.01400000e-04 5.76952000e-03 -4.25788000e-03 8.20495000e-03 -1.33300000e-04 4.96606000e-03 1.50936800e-02 -9.57486000e-03 2.46582000e-03 -5.26275000e-03 2.84521000e-03 -1.84681000e-03 3.98225000e-03 -9.81720000e-04 3.73572000e-03 4.24248000e-03 4.30575000e-03 4.02638000e-03 8.74800000e-04 2.90594000e-03 -1.53220000e-04 1.72309000e-03 3.37984000e-03 5.87051000e-03 -7.39830000e-04 3.47610000e-03 1.98382000e-03 2.53322000e-03 -1.20844900e-02 -6.71313000e-03 2.90133000e-03 3.07905000e-03 1.71857600e-02 -4.82305000e-03 1.50223800e-02 3.21985000e-03 1.52359000e-03 -1.72729000e-03 2.65964000e-03 2.38390000e-03 -9.66620000e-04 1.71737000e-03 7.87206000e-03 2.35588000e-03 -2.74248000e-03 -1.24544700e-02 1.12107000e-03 4.14412000e-03 8.24441000e-03 -1.78740000e-04 3.96749000e-03 -3.43790000e-03 1.62082000e-03 -7.76658000e-03 -2.31415000e-03 -3.42402000e-03 9.09340000e-04 -1.50625000e-03 -6.41800000e-04 6.98898000e-03 -1.86540000e-03 7.74930000e-04 -3.23988000e-03 -6.97917000e-03 -2.29447000e-03 1.28444200e-02 -5.05406000e-03 4.55097000e-03 7.71510000e-04 2.63800000e-04 4.22320000e-04 8.50409000e-03 2.14324000e-03 -2.12011000e-03 2.45340000e-03 1.58416000e-03 5.10853000e-03 8.04949000e-03 1.59249000e-03 2.09245200e-02 6.63373000e-03 8.96656000e-03 5.99149000e-03 5.51000000e-03 7.50162000e-03
1.86433000e-03 2.31030000e-04 -3.47690000e-04 -1.19607000e-03 9.05570000e-04 4.32120000e-04 4.68980000e-04 -9.10600000e-04 -8.69290000e-04 -7.38550000e-04 -1.26100000e-05 -2.44900000e-05 -4.54420000e-04 9.28400000e-05 -3.00920000e-04 -4.80860000e-04 8.32780000e-04 3.61120000e-04 -1.85680000e-04 -3.03770000e-04 -4.07970000e-04 -2.38480000e-04 -9.64690000e-04 6.68500000e-04 -8.32000000e-04 4.72110000e-04 3.30940000e-04 4.76690000e-04 9.05000000e-06 -5.39440000e-04 3.81750000e-04 2.35880000e-04 -3.01920000e-04 1.12078000e-03 -6.73900000e-04 8.03750000e-04 1.10000000e-06 1.36673000e-03 1.16848000e-03 -1.89789000e-03 8.77450000e-04 -8.81130000e-04 1.43963000e-03 -3.11660000e-04 2.36200000e-05 -9.52700000e-05 1.12923000e-03 1.97000000e-04 1.33921000e-03 -1.43900000e-05 -2.07630000e-04 1.05250000e-04 -5.88900000e-05 4.58240000e-04 6.30430000e-04 6.82000000e-04 3.06290000e-04 5.40140000e-04 4.57620000e-04 -1.53070000e-04 -1.57922000e-03 -1.03768000e-03 3.54510000e-04 1.65990000e-04 5.13700000e-05 4.63930000e-04 5.60340000e-04 4.41650000e-04 8.19850000e-04 -3.47800000e-04 1.53820000e-04 5.56500000e-04 -2.19680000e-04 -1.75000000e-05 2.52480000e-04 8.22830000e-04 -6.08700000e-04 -1.43294000e-03 -2.74160000e-04 -2.60300000e-05 5.07880000e-04 4.51810000e-04 5.54320000e-04 -5.39820000e-04 9.85750000e-04 -1.06903000e-03 -5.64470000e-04 -6.56390000e-04 2.10640000e-04 -6.03410000e-04 -6.45580000e-04 1.07045000e-03 5.98360000e-04 -5.25940000e-04 -1.02651000e-03 -2.74670000e-03 1.90750000e-04 1.18213000e-03 -8.60490000e-04 2.43310000e-04 -3.15780000e-04 -1.31440000e-04 3.85800000e-05 7.79020000e-04 -3.59300000e-05 -5.17110000e-04 -4.13310000e-04 1.83300000e-04 4.49780000e-04 2.37450000e-04 4.31750000e-04 1.51966000e-03 9.48160000e-04 4.23470000e-04 1.36094000e-03 4.83240000e-04 1.82558000e-03
-2.42621000e-03 -3.95950000e-04 1.97140000e-04 -1.89520000e-04 -7.11500000e-05 -2.33670000e-04 -2.40300000e-04 3.42600000e-05 1.19992000e-03 8.37460000e-04 1.21320000e-04 4.05340000e-04 -1.35890000e-04 3.94730000e-04 2.60800000e-05 1.94960000e-04 -4.16900000e-04 -1.84213000e-03 3.08700000e-04 4.69000000e-04 -2.63370000e-04 -4.71400000e-05 1.33939000e-03 -1.62231000e-03 1.25534000e-03 -1.15670000e-04 -1.70500000e-04 1.02702000e-03 -1.07860000e-04 3.00160000e-04 -1.69040000e-04 4.02300000e-05 4.06540000e-04 -6.73450000e-04 8.41900000e-04 -7.35490000e-04 4.13870000e-04 -5.58460000e-04 -1.59904000e-03 1.35233000e-03 -2.91480000e-04 9.54910000e-04 -2.56810000e-04 2.26000000e-06 -1.80300000e-04 4.84780000e-04 -4.28720000e-04 -8.59850000e-04 -4.38440000e-04 -2.20050000e-04 2.37100000e-04 -1.87000000e-06 4.48330000e-04 -3.05730000e-04 -5.55280000e-04 -3.55760000e-04 2.38700000e-05 1.24700000e-05 -2.38970000e-04 2.16500000e-05 1.82758000e-03 1.14769000e-03 -5.61410000e-04 -5.47330000e-04 -2.12537000e-03 8.60090000e-04 -1.62560000e-03 -4.03050000e-04 3.78000000e-06 2.75840000e-04 1.16620000e-04 -3.53890000e-04 -6.40300000e-05 -4.24240000e-04 -6.49130000e-04 -2.78720000e-04 1.80800000e-04 1.90111000e-03 -1.89150000e-04 -9.51600000e-05 -6.55700000e-04 2.39300000e-05 -3.98500000e-05 2.16710000e-04 -9.33000000e-05 1.29964000e-03 3.28730000e-04 6.05210000e-04 -2.31580000e-04 4.99480000e-04 3.30890000e-04 -1.12632000e-03 3.49410000e-04 -4.56690000e-04 7.81100000e-05 2.98750000e-04 6.34400000e-05 -2.22497000e-03 3.78330000e-04 -8.38300000e-04 -3.02670000e-04 -1.98990000e-04 -2.45640000e-04 -1.41376000e-03 -5.11580000e-04 1.36080000e-04 -6.70800000e-04 -3.00080000e-04 -9.72060000e-04 -1.40186000e-03 -1.82140000e-04 -2.31845000e-03 -1.10541000e-03 -8.98290000e-04 -1.07026000e-03 -9.67320000e-04 -1.25202000e-03
-2.02430000e-04 1.59200000e-05 -5.44600000e-05 -8.21790000e-04 4.36680000e-04 3.03620000e-04 2.08910000e-04 -2.74640000e-04 -1.11530000e-04 -4.41700000e-05 1.06090000e-04 1.89200000e-04 -1.74930000e-04 1.91330000e-04 -2.71980000e-04 -1.16510000e-04 3.15940000e-04 -8.73900000e-04 5.06000000e-05 1.46500000e-05 -5.72620000e-04 -2.70100000e-04 -1.02920000e-04 -4.31800000e-04 1.30290000e-04 1.80740000e-04 1.77000000e-04 1.21421000e-03 -1.69100000e-04 -6.83650000e-04 6.08500000e-05 1.53170000e-04 -3.13000000e-05 3.29140000e-04 -2.04300000e-04 -8.92000000e-06 1.31100000e-04 3.80480000e-04 -2.26350000e-04 -5.53840000e-04 2.30350000e-04 -1.35530000e-04 5.18940000e-04 -4.06650000e-04 -4.35400000e-05 3.89900000e-05 3.70650000e-04 -6.50690000e-04 3.91710000e-04 -1.20100000e-04 3.34100000e-05 -6.40000000e-07 1.33830000e-04 6.25100000e-05 -5.50000000e-07 1.15630000e-04 2.60560000e-04 2.75370000e-04 3.11700000e-04 -8.39300000e-05 -2.85120000e-04 -1.08050000e-04 1.37530000e-04 -3.33220000e-04 -9.18210000e-04 5.53850000e-04 -6.16590000e-04 1.11020000e-04 3.79360000e-04 1.09950000e-04 2.17060000e-04 1.20220000e-04 -1.36610000e-04 -4.00660000e-04 -7.43100000e-05 2.94340000e-04 -3.61800000e-04 -1.29060000e-04 -5.10900000e-05 -8.08900000e-05 1.88400000e-05 2.40740000e-04 2.41670000e-04 -4.54490000e-04 4.33020000e-04 -1.14220000e-04 -2.27000000e-04 -1.87640000e-04 -5.16200000e-05 -7.79500000e-05 -2.34980000e-04 1.87020000e-04 4.25530000e-04 -2.46390000e-04 -3.33220000e-04 -1.05733000e-03 9.40200000e-05 -3.46300000e-04 -5.86500000e-04 -3.84100000e-05 -4.32200000e-05 8.33100000e-05 1.32990000e-04 -2.75040000e-04 -3.94800000e-05 1.09830000e-04 -2.73520000e-04 2.16130000e-04 6.77300000e-05 -2.95860000e-04 2.61370000e-04 -3.06430000e-04 1.53360000e-04 -3.21270000e-04 3.02730000e-04 -1.69800000e-05 4.18630000e-04
-3.78882000e-03 -5.39790000e-04 6.78420000e-04 1.43979000e-03 -9.69210000e-04 -5.48940000e-04 -5.85950000e-04 1.43063000e-03 1.61014000e-03 1.45585000e-03 1.73880000e-04 3.06020000e-04 7.06890000e-04 -3.66200000e-05 4.56970000e-04 8.69490000e-04 -7.40260000e-04 -1.48849000e-03 5.96190000e-04 6.30970000e-04 3.30870000e-04 4.31790000e-04 1.81907000e-03 -1.49596000e-03 1.82264000e-03 -4.52400000e-04 -3.01850000e-04 4.74500000e-04 2.37800000e-05 1.11381000e-03 -7.46730000e-04 -2.34850000e-04 5.50230000e-04 -1.33467000e-03 1.13979000e-03 -1.64337000e-03 1.55280000e-04 -1.98891000e-03 -2.55248000e-03 3.11805000e-03 -1.10363000e-03 1.57605000e-03 -1.98654000e-03 4.14390000e-04 -7.11300000e-05 2.18150000e-04 -1.52005000e-03 -1.02967000e-03 -1.74871000e-03 -1.09780000e-04 4.75400000e-04 -2.24190000e-04 2.42150000e-04 -5.34390000e-04 -9.43390000e-04 -1.20570000e-03 -3.33920000e-04 -7.52620000e-04 -6.31620000e-04 2.57810000e-04 2.81276000e-03 1.93246000e-03 -4.93500000e-04 -4.55260000e-04 -8.82540000e-04 1.05980000e-04 -1.73821000e-03 -3.97520000e-04 -1.05611000e-03 1.00388000e-03 5.72400000e-05 -6.76230000e-04 6.13880000e-04 -2.52420000e-04 -5.67380000e-04 -1.20924000e-03 9.39170000e-04 2.76775000e-03 7.40440000e-04 -5.70400000e-05 -8.97990000e-04 -3.14920000e-04 -8.45240000e-04 7.70710000e-04 -1.11121000e-03 2.01223000e-03 9.84460000e-04 1.13140000e-03 -1.81950000e-04 1.09478000e-03 1.10266000e-03 -1.84523000e-03 -4.14210000e-04 6.47710000e-04 1.63281000e-03 3.98665000e-03 -2.69870000e-04 -2.60149000e-03 1.44561000e-03 -4.89160000e-04 5.49890000e-04 3.20750000e-04 7.47100000e-05 -1.69324000e-03 -2.21300000e-05 1.07264000e-03 4.85950000e-04 -1.25990000e-04 -7.34790000e-04 -8.43280000e-04 -6.78290000e-04 -3.17859000e-03 -1.57740000e-03 -1.33497000e-03 -2.17658000e-03 -9.00480000e-04 -2.75383000e-03
-1.07041700e-02 -1.92601000e-03 1.52927000e-03 3.14749000e-03 -2.51782000e-03 -1.93224000e-03 -1.87517000e-03 2.70537000e-03 4.81724000e-03 3.95679000e-03 1.71700000e-04 8.62200000e-04 9.37040000e-04 2.12420000e-04 1.23163000e-03 2.08387000e-03 -2.86522000e-03 -5.18581000e-03 1.42356000e-03 1.69015000e-03 7.22600000e-04 8.90800000e-04 5.38857000e-03 -5.34918000e-03 5.14481000e-03 -1.38560000e-03 -1.17358000e-03 1.02417000e-03 5.17000000e-06 2.01054000e-03 -1.67034000e-03 -6.67720000e-04 1.45633000e-03 -4.33180000e-03 3.49658000e-03 -4.16377000e-03 6.38540000e-04 -5.03429000e-03 -7.11946000e-03 8.34401000e-03 -3.02771000e-03 4.57979000e-03 -4.81686000e-03 1.22144000e-03 -4.22410000e-04 1.02222000e-03 -3.93621000e-03 -2.34166000e-03 -4.65865000e-03 -4.55770000e-04 1.07780000e-03 -5.50060000e-04 8.23950000e-04 -1.64342000e-03 -2.73374000e-03 -3.01102000e-03 -1.12982000e-03 -1.80420000e-03 -2.11101000e-03 4.74860000e-04 8.26453000e-03 5.47875000e-03 -2.29137000e-03 -1.56914000e-03 -4.49962000e-03 5.52090000e-04 -5.40752000e-03 -1.70956000e-03 -2.46940000e-03 1.65344000e-03 -2.69040000e-04 -2.07554000e-03 1.10330000e-03 -8.16710000e-04 -2.16589000e-03 -2.99304000e-03 2.36372000e-03 8.18686000e-03 5.69560000e-04 -4.63800000e-04 -2.98555000e-03 -1.02010000e-03 -2.01425000e-03 2.29014000e-03 -2.87052000e-03 5.80341000e-03 2.53504000e-03 3.19579000e-03 -7.63740000e-04 2.76210000e-03 2.74588000e-03 -5.70555000e-03 -1.01340000e-03 5.09850000e-04 3.14659000e-03 8.67719000e-03 -7.16710000e-04 -8.36923000e-03 3.79948000e-03 -2.52593000e-03 2.70000000e-04 -5.62900000e-05 -7.11180000e-04 -5.50722000e-03 -1.21046000e-03 1.67117000e-03 -2.45520000e-04 -1.24975000e-03 -3.34170000e-03 -3.60810000e-03 -2.05308000e-03 -9.46649000e-03 -5.27653000e-03 -3.44868000e-03 -6.31581000e-03 -3.58161000e-03 -8.13581000e-03
-1.14041000e-03 -2.60000000e-07 -2.13480000e-04 -4.53670000e-04 2.10540000e-04 1.91800000e-04 -4.14400000e-04 2.27550000e-04 5.79680000e-04 2.33200000e-04 -1.93200000e-04 7.27700000e-05 1.29830000e-04 7.96600000e-05 3.52800000e-05 -2.66230000e-04 -2.97440000e-04 -1.78175000e-03 3.08450000e-04 -6.52500000e-05 -2.48720000e-04 2.21000000e-06 6.56730000e-04 -1.57668000e-03 6.06570000e-04 1.12560000e-04 -4.01050000e-04 9.65580000e-04 -2.03600000e-05 2.97900000e-04 -3.25980000e-04 -2.34500000e-04 -4.73400000e-05 -2.62420000e-04 2.42050000e-04 -7.84460000e-04 1.19200000e-05 -1.11940000e-04 -1.49477000e-03 5.00860000e-04 -6.55100000e-05 3.68490000e-04 2.53140000e-04 2.70900000e-05 -4.97230000e-04 2.66800000e-05 -3.97200000e-05 -6.82970000e-04 8.28000000e-06 -4.93390000e-04 -1.35640000e-04 -3.44410000e-04 1.94100000e-05 -5.89100000e-05 -2.22590000e-04 -5.32370000e-04 4.11680000e-04 -2.41260000e-04 1.84790000e-04 -3.25210000e-04 9.38230000e-04 4.70890000e-04 4.22800000e-05 -3.94350000e-04 -2.11446000e-03 8.51820000e-04 -1.55958000e-03 -2.61480000e-04 8.44800000e-05 1.16970000e-04 -2.28400000e-04 -9.00900000e-05 -3.62400000e-05 -3.07170000e-04 -8.11160000e-04 7.07000000e-06 1.47430000e-04 1.03457000e-03 -2.31400000e-04 -3.77020000e-04 -7.42540000e-04 2.39500000e-04 -3.07430000e-04 1.75430000e-04 2.44680000e-04 5.90060000e-04 8.88300000e-05 1.95220000e-04 -6.05900000e-05 2.08500000e-05 -1.71340000e-04 -2.50430000e-04 5.08050000e-04 -5.08100000e-05 2.76310000e-04 1.03190000e-04 5.36530000e-04 -9.61580000e-04 2.10010000e-04 -2.36230000e-04 5.97000000e-05 1.74400000e-04 2.22140000e-04 -5.65580000e-04 -6.33000000e-05 3.79530000e-04 -2.01440000e-04 1.60060000e-04 -2.29140000e-04 -7.51990000e-04 1.67300000e-04 -1.97354000e-03 -2.36530000e-04 -1.02071000e-03 -9.55900000e-05 -2.83380000e-04 -1.01100000e-04
6.02523000e-03 7.24270000e-04 1.89700000e-05 -6.78770000e-04 9.32470000e-04 4.92260000e-04 1.76193000e-03 -1.58990000e-03 -2.81903000e-03 -1.81221000e-03 4.44340000e-04 -1.36080000e-04 -6.39250000e-04 -8.91500000e-05 -3.87390000e-04 -4.93500000e-05 1.67327000e-03 4.67210000e-03 -8.95300000e-04 -3.75910000e-04 1.34470000e-04 -2.58770000e-04 -3.17666000e-03 4.66892000e-03 -2.78077000e-03 5.65820000e-04 1.51210000e-03 -1.29907000e-03 1.95210000e-04 -8.73420000e-04 1.45465000e-03 9.64390000e-04 -3.78040000e-04 2.34430000e-03 -1.74325000e-03 3.26666000e-03 -1.93100000e-05 2.32849000e-03 5.40760000e-03 -4.19190000e-03 1.50981000e-03 -2.25105000e-03 1.62985000e-03 -3.75810000e-04 1.17402000e-03 -2.87950000e-04 2.03251000e-03 2.16088000e-03 1.88480000e-03 1.18507000e-03 8.80000000e-07 9.57000000e-04 -1.76220000e-04 1.03008000e-03 1.67696000e-03 2.32495000e-03 -2.36050000e-04 1.40668000e-03 5.28260000e-04 5.47000000e-04 -4.90565000e-03 -2.82820000e-03 7.28620000e-04 1.31143000e-03 5.18817000e-03 -1.36938000e-03 4.50294000e-03 1.26154000e-03 1.07838000e-03 -8.77740000e-04 6.99390000e-04 1.17654000e-03 -9.80900000e-05 8.32620000e-04 2.38654000e-03 1.40094000e-03 -1.10983000e-03 -4.88137000e-03 1.76740000e-04 7.92310000e-04 2.61039000e-03 2.23590000e-04 1.50186000e-03 -1.21241000e-03 9.08280000e-04 -3.19923000e-03 -1.07810000e-03 -1.50580000e-03 6.16210000e-04 -9.51690000e-04 -5.46260000e-04 2.59858000e-03 -2.94790000e-04 -2.89210000e-04 -1.87636000e-03 -4.01393000e-03 -7.57800000e-04 4.48410000e-03 -1.79772000e-03 1.34932000e-03 -2.80290000e-04 -2.48930000e-04 -1.35390000e-04 2.85641000e-03 5.13220000e-04 -1.39021000e-03 2.68560000e-04 1.68440000e-04 1.69046000e-03 2.73710000e-03 5.61860000e-04 7.03839000e-03 2.35897000e-03 3.14368000e-03 2.76395000e-03 1.82703000e-03 3.46338000e-03
7.08500000e-05 -5.64100000e-05 5.04850000e-04 9.96600000e-04 -5.00390000e-04 -2.61130000e-04 3.28520000e-04 3.77620000e-04 -1.45790000e-04 2.02150000e-04 3.29250000e-04 7.52700000e-05 2.32640000e-04 -8.27100000e-05 1.46750000e-04 6.07730000e-04 1.18420000e-04 1.46560000e-03 -6.25600000e-05 2.87970000e-04 3.97500000e-04 1.80400000e-04 -1.52620000e-04 1.29007000e-03 -5.76400000e-05 -1.95570000e-04 3.94910000e-04 -7.66570000e-04 5.47800000e-05 4.49750000e-04 1.14400000e-04 2.15780000e-04 2.30580000e-04 -8.18400000e-05 5.74100000e-05 3.23340000e-04 5.64200000e-05 -5.20450000e-04 7.71680000e-04 4.48900000e-04 -2.91110000e-04 1.04270000e-04 -8.95010000e-04 1.06240000e-04 4.99310000e-04 -7.34000000e-06 -3.94070000e-04 3.53560000e-04 -5.75440000e-04 5.11080000e-04 3.41350000e-04 2.99160000e-04 7.46000000e-05 -5.85000000e-05 -9.99000000e-06 1.49960000e-04 -4.64380000e-04 2.51400000e-05 -2.91020000e-04 4.82220000e-04 -1.57690000e-04 9.10700000e-05 -6.06500000e-05 2.96050000e-04 2.07686000e-03 -8.49180000e-04 1.13724000e-03 1.79280000e-04 -4.27080000e-04 2.82870000e-04 3.01740000e-04 -6.27100000e-05 3.05590000e-04 2.55450000e-04 7.75840000e-04 -3.63700000e-04 2.07630000e-04 -2.89010000e-04 5.89180000e-04 4.40580000e-04 5.99530000e-04 -2.83220000e-04 1.64100000e-05 3.69500000e-05 -6.05600000e-04 -2.47100000e-05 2.38730000e-04 1.48950000e-04 6.30000000e-05 3.77990000e-04 5.75440000e-04 -1.93070000e-04 -6.38430000e-04 4.38560000e-04 3.96710000e-04 1.39461000e-03 -6.11270000e-04 3.36420000e-04 2.15950000e-04 2.69360000e-04 2.86630000e-04 7.91900000e-05 -6.07300000e-05 1.49520000e-04 2.37250000e-04 1.18960000e-04 5.77660000e-04 -6.41300000e-05 2.04940000e-04 7.04730000e-04 -3.12320000e-04 1.13902000e-03 -1.28740000e-04 6.36600000e-04 -5.27130000e-04 1.60570000e-04 -7.40530000e-04
5.67736000e-03 9.00090000e-04 -1.39470000e-04 -1.28651000e-03 1.31331000e-03 8.11510000e-04 1.69064000e-03 -1.58594000e-03 -2.57714000e-03 -1.80105000e-03 2.51290000e-04 -4.91900000e-05 -6.23830000e-04 -4.80400000e-05 -3.82300000e-04 -1.72000000e-04 1.32631000e-03 3.61087000e-03 -7.51460000e-04 -3.51960000e-04 -1.28860000e-04 -3.77010000e-04 -2.81689000e-03 3.79789000e-03 -2.51218000e-03 6.87680000e-04 1.45302000e-03 -8.26610000e-04 1.26070000e-04 -9.73100000e-04 1.25255000e-03 9.55030000e-04 -4.20770000e-04 2.39735000e-03 -1.68769000e-03 2.93941000e-03 9.85400000e-05 2.56749000e-03 4.55232000e-03 -4.23483000e-03 1.66162000e-03 -2.16782000e-03 2.13788000e-03 -4.61120000e-04 7.77550000e-04 -2.84940000e-04 2.23451000e-03 1.71661000e-03 2.27437000e-03 7.94460000e-04 -1.55340000e-04 7.00240000e-04 -1.39640000e-04 1.04540000e-03 1.64805000e-03 2.07908000e-03 2.36510000e-04 1.37849000e-03 8.75440000e-04 2.16600000e-04 -4.45662000e-03 -2.70882000e-03 8.99860000e-04 1.01047000e-03 3.49447000e-03 -5.73040000e-04 3.60399000e-03 1.14571000e-03 1.35843000e-03 -1.01292000e-03 5.96630000e-04 1.19679000e-03 -1.73770000e-04 6.03060000e-04 1.74969000e-03 1.62923000e-03 -1.13172000e-03 -4.38696000e-03 -2.13800000e-04 4.98590000e-04 2.33540000e-03 4.56490000e-04 1.40305000e-03 -1.17949000e-03 1.37332000e-03 -3.02169000e-03 -1.18391000e-03 -1.50658000e-03 5.98600000e-04 -1.03210000e-03 -7.04320000e-04 2.74985000e-03 1.18930000e-04 -3.92730000e-04 -1.85810000e-03 -4.51666000e-03 -1.62200000e-04 4.15492000e-03 -1.90357000e-03 1.24822000e-03 -2.85110000e-04 -1.34630000e-04 8.80900000e-05 2.70160000e-03 5.19340000e-04 -1.18671000e-03 4.55100000e-05 3.80570000e-04 1.61408000e-03 2.16640000e-03 8.76770000e-04 5.94605000e-03 2.42394000e-03 2.42313000e-03 2.96172000e-03 1.74210000e-03 3.63565000e-03
3.07970000e-04 1.74600000e-05 4.90190000e-04 9.00540000e-04 -4.42790000e-04 -1.86380000e-04 3.73270000e-04 3.56360000e-04 -2.16220000e-04 1.36640000e-04 3.36790000e-04 1.06770000e-04 2.66660000e-04 -9.85600000e-05 1.19940000e-04 5.87350000e-04 1.53520000e-04 1.42466000e-03 -6.66300000e-05 2.66800000e-04 3.79290000e-04 1.63260000e-04 -2.71090000e-04 1.30693000e-03 -1.18190000e-04 -1.62850000e-04 4.48110000e-04 -5.04660000e-04 8.03200000e-05 4.09840000e-04 2.00520000e-04 2.41110000e-04 2.24490000e-04 2.73900000e-05 -2.44200000e-05 4.61570000e-04 5.72900000e-05 -4.51660000e-04 9.56040000e-04 2.68210000e-04 -1.84350000e-04 3.79600000e-05 -8.44540000e-04 1.07130000e-04 5.70240000e-04 9.45000000e-06 -2.39510000e-04 4.11950000e-04 -5.38650000e-04 5.55510000e-04 3.44150000e-04 3.41250000e-04 6.59200000e-05 4.81500000e-05 6.48300000e-05 2.84170000e-04 -3.67690000e-04 1.15870000e-04 -2.25070000e-04 4.83770000e-04 -3.74190000e-04 3.38000000e-06 1.35900000e-05 3.48570000e-04 2.21807000e-03 -8.14980000e-04 1.12246000e-03 2.38710000e-04 -3.46070000e-04 2.97140000e-04 3.29170000e-04 -1.34400000e-05 3.20330000e-04 2.80650000e-04 8.39310000e-04 -2.51350000e-04 1.48000000e-04 -4.81180000e-04 6.72590000e-04 3.93200000e-04 6.18370000e-04 -2.58720000e-04 1.19070000e-04 -5.61600000e-05 -5.31050000e-04 -1.45840000e-04 1.96580000e-04 8.34800000e-05 8.90200000e-05 3.28350000e-04 5.24930000e-04 -6.82300000e-05 -6.15170000e-04 4.44600000e-04 3.58290000e-04 1.22688000e-03 -5.70020000e-04 4.50360000e-04 1.59900000e-04 3.72560000e-04 3.29740000e-04 1.28180000e-04 -6.31000000e-06 2.78570000e-04 3.20910000e-04 1.29440000e-04 6.09920000e-04 -2.09000000e-06 3.36560000e-04 9.02550000e-04 -1.97840000e-04 1.29826000e-03 3.67700000e-05 7.54210000e-04 -2.50520000e-04 3.04250000e-04 -3.38210000e-04
1.46308000e-03 3.56280000e-04 9.85300000e-05 3.35730000e-04 -6.47200000e-05 1.18590000e-04 3.35190000e-04 4.85000000e-05 -4.87430000e-04 -3.42690000e-04 9.48300000e-05 -4.58100000e-05 1.90190000e-04 -9.47100000e-05 6.80600000e-05 1.11400000e-04 1.81600000e-05 1.38236000e-03 -1.61590000e-04 -7.52700000e-05 3.37950000e-04 7.20400000e-05 -5.73480000e-04 1.16131000e-03 -5.91830000e-04 3.32300000e-05 2.97050000e-04 -7.13690000e-04 1.16780000e-04 4.29570000e-04 3.13370000e-04 1.67300000e-04 3.68000000e-06 2.93390000e-04 -2.74850000e-04 7.41410000e-04 -2.21100000e-05 1.99180000e-04 1.22120000e-03 -5.44280000e-04 1.40220000e-04 -3.63130000e-04 3.28900000e-05 1.03840000e-04 2.74250000e-04 -7.77600000e-05 2.51360000e-04 7.29730000e-04 7.68200000e-05 3.46480000e-04 3.31100000e-05 2.20550000e-04 -7.43900000e-05 2.19900000e-04 3.60240000e-04 4.38930000e-04 -2.90000000e-05 1.90640000e-04 1.30490000e-04 1.73520000e-04 -8.82610000e-04 -5.13490000e-04 2.63550000e-04 4.45200000e-04 1.55097000e-03 -6.16370000e-04 1.24154000e-03 1.85720000e-04 2.27400000e-05 -1.87720000e-04 5.78800000e-05 1.88490000e-04 8.07800000e-05 3.81600000e-04 5.84860000e-04 1.75360000e-04 8.30000000e-07 -9.90500000e-04 1.49770000e-04 2.31460000e-04 6.28910000e-04 -6.11100000e-05 1.96240000e-04 -6.70600000e-05 -8.51200000e-05 -6.14100000e-04 -1.35930000e-04 -2.32860000e-04 1.64660000e-04 -8.46000000e-05 5.21600000e-05 6.22760000e-04 -3.01910000e-04 3.49300000e-04 3.08700000e-05 9.58400000e-05 -1.00650000e-04 1.28262000e-03 -1.72800000e-04 5.33820000e-04 1.93690000e-04 1.47170000e-04 1.17380000e-04 8.77350000e-04 3.89030000e-04 -7.07400000e-05 4.72730000e-04 1.15270000e-04 5.70800000e-04 9.80720000e-04 1.78340000e-04 1.60320000e-03 6.16040000e-04 8.27830000e-04 5.87280000e-04 6.20460000e-04 6.78880000e-04
2.07437000e-03 3.53720000e-04 -4.30000000e-07 -3.43230000e-04 4.67590000e-04 2.66830000e-04 6.67480000e-04 -5.37950000e-04 -8.77640000e-04 -6.37750000e-04 1.42760000e-04 4.33800000e-05 -1.82700000e-04 -2.26600000e-05 -1.22150000e-04 -8.64000000e-06 5.47960000e-04 1.35152000e-03 -2.38650000e-04 -1.01280000e-04 2.45700000e-05 -9.77600000e-05 -9.73440000e-04 1.43896000e-03 -8.75330000e-04 2.82190000e-04 5.95000000e-04 -2.47560000e-04 7.13300000e-05 -1.88060000e-04 4.95070000e-04 3.75720000e-04 -7.98900000e-05 9.02060000e-04 -5.73270000e-04 1.15434000e-03 8.80300000e-05 8.82860000e-04 1.70949000e-03 -1.50506000e-03 6.38670000e-04 -7.69920000e-04 7.39290000e-04 -1.67350000e-04 2.99920000e-04 -5.71900000e-05 8.18920000e-04 6.67590000e-04 7.66370000e-04 3.31120000e-04 -2.04900000e-05 3.14750000e-04 -1.18400000e-05 4.25370000e-04 6.53990000e-04 8.20390000e-04 7.81500000e-05 5.57150000e-04 2.80420000e-04 1.25080000e-04 -1.59047000e-03 -9.67070000e-04 3.29830000e-04 4.55530000e-04 1.37030000e-03 -2.38160000e-04 1.34316000e-03 4.57680000e-04 5.12070000e-04 -2.84880000e-04 2.43090000e-04 4.74140000e-04 2.72200000e-05 2.89050000e-04 6.99990000e-04 6.05810000e-04 -3.74660000e-04 -1.62003000e-03 4.82800000e-05 1.90160000e-04 9.26430000e-04 2.02820000e-04 5.41550000e-04 -4.24230000e-04 4.30450000e-04 -1.09696000e-03 -4.38520000e-04 -5.66390000e-04 2.63930000e-04 -3.38740000e-04 -1.90050000e-04 9.96680000e-04 5.12300000e-05 -6.29200000e-05 -6.30270000e-04 -1.48199000e-03 -1.00610000e-04 1.54648000e-03 -6.78660000e-04 5.10510000e-04 -6.61800000e-05 -9.98000000e-06 3.72400000e-05 9.90820000e-04 2.67150000e-04 -3.88150000e-04 1.06020000e-04 1.39990000e-04 6.59850000e-04 8.88300000e-04 3.35350000e-04 2.22675000e-03 9.15040000e-04 9.45970000e-04 1.07701000e-03 6.84050000e-04 1.34949000e-03
-5.01348000e-03 -6.26910000e-04 6.99800000e-04 1.45478000e-03 -1.17725000e-03 -6.19740000e-04 -9.22850000e-04 1.83862000e-03 2.30037000e-03 1.84593000e-03 1.28860000e-04 4.42170000e-04 1.05910000e-03 -2.76700000e-05 4.69460000e-04 8.42150000e-04 -9.73660000e-04 -2.28565000e-03 7.98220000e-04 8.36980000e-04 3.71680000e-04 4.76300000e-04 2.52627000e-03 -2.21025000e-03 2.41770000e-03 -5.75410000e-04 -5.30550000e-04 1.22813000e-03 3.25000000e-05 1.76491000e-03 -1.07291000e-03 -4.01120000e-04 7.20790000e-04 -1.47855000e-03 1.48764000e-03 -2.32872000e-03 1.85690000e-04 -2.52636000e-03 -3.51611000e-03 4.04115000e-03 -1.23238000e-03 2.00901000e-03 -2.44045000e-03 5.69620000e-04 -1.94790000e-04 2.74130000e-04 -1.73110000e-03 -1.65159000e-03 -1.98817000e-03 -3.41060000e-04 5.50470000e-04 -4.14330000e-04 3.02560000e-04 -5.10360000e-04 -1.28415000e-03 -1.61554000e-03 -8.58400000e-05 -9.55140000e-04 -7.11400000e-04 1.46170000e-04 3.74771000e-03 2.50473000e-03 -5.18930000e-04 -6.77450000e-04 -1.19080000e-03 8.65890000e-04 -2.72933000e-03 -6.71660000e-04 -1.23857000e-03 1.52724000e-03 1.13770000e-04 -9.62740000e-04 6.07490000e-04 -4.39920000e-04 -1.00756000e-03 -1.41640000e-03 1.12544000e-03 3.74765000e-03 1.20749000e-03 -2.20890000e-04 -1.45642000e-03 -3.53120000e-04 -1.08815000e-03 8.15580000e-04 -9.86130000e-04 2.64687000e-03 1.27683000e-03 1.51789000e-03 -3.18610000e-04 1.33245000e-03 1.17530000e-03 -2.33924000e-03 -2.81960000e-04 5.70380000e-04 2.14298000e-03 4.68262000e-03 -8.30000000e-07 -3.50468000e-03 2.08130000e-03 -6.39740000e-04 7.17310000e-04 3.78460000e-04 2.09800000e-04 -1.90817000e-03 1.72600000e-05 1.44649000e-03 4.70630000e-04 -7.49400000e-05 -9.55970000e-04 -1.22817000e-03 -6.72730000e-04 -4.53400000e-03 -1.75324000e-03 -2.04251000e-03 -2.24701000e-03 -9.78120000e-04 -2.34052000e-03
4.76793000e-03 7.04120000e-04 -1.03870000e-04 4.00190000e-04 -2.30570000e-04 3.39440000e-04 7.58230000e-04 -2.83480000e-04 -1.94002000e-03 -1.30388000e-03 2.65160000e-04 -4.95820000e-04 2.49930000e-04 -1.75170000e-04 -2.21710000e-04 -3.52810000e-04 6.85620000e-04 4.85626000e-03 -7.55190000e-04 -5.91940000e-04 5.46260000e-04 -1.28600000e-05 -2.32480000e-03 4.09671000e-03 -2.28833000e-03 3.86300000e-05 4.89770000e-04 -2.41789000e-03 1.72380000e-04 2.44720000e-04 8.90590000e-04 1.81160000e-04 -4.45950000e-04 1.18322000e-03 -1.21466000e-03 1.90758000e-03 -5.39180000e-04 1.05649000e-03 4.09117000e-03 -2.23277000e-03 3.23170000e-04 -1.48932000e-03 3.79260000e-04 1.91600000e-05 9.16540000e-04 -5.64920000e-04 7.72730000e-04 1.67953000e-03 8.06140000e-04 1.00144000e-03 -2.11300000e-05 5.22990000e-04 -4.68550000e-04 5.09950000e-04 8.66880000e-04 1.20938000e-03 -3.11720000e-04 3.70140000e-04 4.08570000e-04 5.04420000e-04 -3.23153000e-03 -1.90149000e-03 8.56650000e-04 1.06577000e-03 5.44354000e-03 -1.86952000e-03 4.27550000e-03 4.80060000e-04 -6.65600000e-05 -5.39000000e-04 1.41500000e-04 4.69350000e-04 -4.01840000e-04 7.72790000e-04 1.98647000e-03 3.89980000e-04 -4.30890000e-04 -3.48430000e-03 4.18440000e-04 9.84690000e-04 1.72897000e-03 -3.19850000e-04 5.73210000e-04 -5.61460000e-04 1.58120000e-04 -2.16366000e-03 -4.68220000e-04 -8.40760000e-04 1.69620000e-04 -5.90800000e-04 -4.57710000e-04 1.99680000e-03 -8.77000000e-04 5.32900000e-04 -3.75650000e-04 -9.23400000e-04 -4.97420000e-04 4.20732000e-03 -7.59120000e-04 1.44317000e-03 3.63700000e-04 1.28710000e-04 2.06920000e-04 2.96778000e-03 7.24570000e-04 -5.57990000e-04 1.04536000e-03 3.44600000e-04 1.53719000e-03 2.64422000e-03 2.79760000e-04 5.65738000e-03 2.04093000e-03 2.61667000e-03 1.93476000e-03 1.82476000e-03 2.61221000e-03
8.50290000e-04 1.02500000e-05 2.79370000e-04 2.42290000e-04 -3.47900000e-05 -7.50400000e-05 5.28270000e-04 -1.79330000e-04 -5.96560000e-04 -2.08440000e-04 2.84150000e-04 8.54700000e-05 -7.64500000e-05 -6.22400000e-05 -8.37600000e-05 3.59240000e-04 3.99180000e-04 1.36595000e-03 -1.95700000e-04 1.33080000e-04 9.02800000e-05 -3.19600000e-05 -6.55770000e-04 1.43581000e-03 -4.64480000e-04 4.70000000e-07 5.40730000e-04 -2.76350000e-04 -9.81000000e-06 -1.44110000e-04 2.78420000e-04 3.13870000e-04 5.12700000e-05 4.47260000e-04 -3.40880000e-04 7.06340000e-04 5.34500000e-05 1.79440000e-04 1.26836000e-03 -6.01360000e-04 1.65060000e-04 -3.71790000e-04 -1.95730000e-04 -1.51390000e-04 4.65670000e-04 -7.71700000e-05 2.06030000e-04 3.47760000e-04 7.72600000e-05 4.41040000e-04 2.05640000e-04 3.07110000e-04 3.35200000e-05 1.65770000e-04 2.73800000e-04 4.81310000e-04 -2.99500000e-04 3.06070000e-04 -9.23500000e-05 3.32890000e-04 -1.01603000e-03 -4.63420000e-04 4.46400000e-05 2.96030000e-04 1.91800000e-03 -5.20310000e-04 1.19161000e-03 3.29030000e-04 4.18800000e-05 1.10480000e-04 3.41000000e-04 1.68110000e-04 1.30470000e-04 1.68920000e-04 8.28850000e-04 1.49930000e-04 -1.96150000e-04 -1.05349000e-03 4.75020000e-04 3.20480000e-04 7.66090000e-04 -8.65300000e-05 2.97650000e-04 -3.72580000e-04 -3.19000000e-05 -6.17570000e-04 -7.07600000e-05 -1.99360000e-04 9.44800000e-05 3.68200000e-05 1.84900000e-04 2.64920000e-04 -3.37190000e-04 5.96900000e-05 -2.27520000e-04 -1.99100000e-04 -5.44370000e-04 7.09270000e-04 -3.29700000e-04 3.04790000e-04 4.85700000e-05 -4.88100000e-05 -9.37800000e-05 4.00500000e-04 1.63990000e-04 -1.95180000e-04 2.34690000e-04 -2.50500000e-05 3.54410000e-04 7.25240000e-04 -9.61700000e-05 1.72119000e-03 2.75720000e-04 7.73800000e-04 1.72940000e-04 3.30910000e-04 2.28460000e-04
-3.62303000e-03 -4.33950000e-04 6.92300000e-05 5.82190000e-04 -4.71170000e-04 -3.90420000e-04 -1.06069000e-03 9.85790000e-04 1.83186000e-03 1.16437000e-03 -3.05260000e-04 1.17090000e-04 4.57910000e-04 -2.89300000e-05 4.35820000e-04 2.00440000e-04 -9.96680000e-04 -3.03183000e-03 6.34360000e-04 2.18000000e-04 1.66520000e-04 3.48300000e-04 2.04142000e-03 -3.00034000e-03 1.79201000e-03 -2.30730000e-04 -8.44840000e-04 8.91730000e-04 7.80500000e-05 1.22248000e-03 -8.60370000e-04 -5.35310000e-04 3.03460000e-04 -1.36252000e-03 1.15957000e-03 -1.90205000e-03 6.92600000e-05 -1.41670000e-03 -3.35995000e-03 2.71659000e-03 -7.46660000e-04 1.45670000e-03 -9.84690000e-04 5.32450000e-04 -7.13330000e-04 2.43700000e-04 -1.07130000e-03 -9.59320000e-04 -1.17931000e-03 -6.97980000e-04 1.66400000e-05 -5.78910000e-04 9.35800000e-05 -4.02370000e-04 -8.14320000e-04 -1.37970000e-03 1.07590000e-04 -8.52510000e-04 -4.32180000e-04 -3.28420000e-04 3.05152000e-03 1.79197000e-03 -5.37670000e-04 -5.91430000e-04 -3.14935000e-03 8.78550000e-04 -2.92743000e-03 -6.75540000e-04 -5.87010000e-04 5.25030000e-04 -4.63570000e-04 -5.85330000e-04 3.43460000e-04 -2.96590000e-04 -1.51909000e-03 -7.75240000e-04 8.42400000e-04 3.10710000e-03 -2.57300000e-05 -6.50280000e-04 -1.62683000e-03 -1.55000000e-05 -9.65570000e-04 9.55620000e-04 -5.47100000e-04 2.02387000e-03 7.55200000e-04 1.00829000e-03 -1.63780000e-04 6.32210000e-04 4.93000000e-04 -1.63417000e-03 2.51520000e-04 1.81890000e-04 1.19834000e-03 2.56068000e-03 4.31430000e-04 -2.80627000e-03 1.41327000e-03 -8.15010000e-04 1.23580000e-04 1.56730000e-04 4.88500000e-05 -1.74310000e-03 -3.01800000e-04 7.69780000e-04 -1.62050000e-04 -2.30690000e-04 -1.00285000e-03 -1.54028000e-03 -3.92510000e-04 -4.48085000e-03 -1.46300000e-03 -1.93591000e-03 -1.53169000e-03 -1.07195000e-03 -1.89799000e-03
-6.93280000e-04 4.86200000e-05 2.72910000e-04 5.93870000e-04 -3.28070000e-04 -2.02000000e-06 1.77100000e-05 6.19810000e-04 1.43250000e-04 2.76170000e-04 2.14510000e-04 1.35440000e-04 3.77670000e-04 -4.15700000e-05 4.73800000e-05 2.94570000e-04 -4.46400000e-05 4.17300000e-05 1.53540000e-04 2.44070000e-04 1.03400000e-04 1.22410000e-04 1.68730000e-04 9.85700000e-05 2.85890000e-04 -1.20530000e-04 7.11800000e-05 2.77570000e-04 -3.54200000e-05 3.38920000e-04 -1.14110000e-04 1.21800000e-05 1.75690000e-04 -2.60770000e-04 1.23260000e-04 -2.13950000e-04 3.59800000e-05 -6.22570000e-04 -2.09260000e-04 5.88610000e-04 -2.98200000e-04 2.52160000e-04 -7.06820000e-04 -7.17000000e-05 1.54480000e-04 1.89500000e-05 -4.67280000e-04 -2.46110000e-04 -6.34530000e-04 1.32970000e-04 2.10780000e-04 8.22100000e-05 9.52700000e-05 -1.77470000e-04 -2.10610000e-04 -1.43200000e-04 -1.52700000e-05 -7.85400000e-05 -5.17200000e-05 2.24020000e-04 2.81810000e-04 3.03860000e-04 1.08210000e-04 1.24400000e-05 5.45760000e-04 -2.52330000e-04 -5.25000000e-05 4.90500000e-05 -3.23010000e-04 4.81020000e-04 1.70380000e-04 -1.31080000e-04 2.21130000e-04 9.41000000e-06 2.42230000e-04 -3.28510000e-04 2.04480000e-04 2.23040000e-04 5.39280000e-04 1.83620000e-04 4.83500000e-05 -1.14030000e-04 -9.85600000e-05 -6.76000000e-06 -4.98760000e-04 2.58540000e-04 2.10340000e-04 1.74410000e-04 -3.17500000e-05 3.14050000e-04 3.26580000e-04 -2.64460000e-04 -2.19150000e-04 5.29300000e-04 6.33010000e-04 1.51152000e-03 -1.45720000e-04 -2.65770000e-04 1.63060000e-04 2.42070000e-04 4.83220000e-04 3.30750000e-04 2.15440000e-04 -2.41910000e-04 3.75340000e-04 5.55430000e-04 5.81180000e-04 2.26120000e-04 2.15290000e-04 3.45190000e-04 -1.91200000e-05 -2.15360000e-04 -1.63290000e-04 -4.94200000e-05 -5.03340000e-04 6.56900000e-05 -7.03810000e-04
2.31120000e-04 7.80500000e-05 1.07430000e-04 -8.46400000e-05 1.50720000e-04 7.33200000e-05 2.46750000e-04 -5.78100000e-05 -3.47330000e-04 -1.51170000e-04 1.76490000e-04 1.17660000e-04 1.96000000e-05 2.35600000e-05 -6.05800000e-05 1.20980000e-04 1.60400000e-04 -1.86500000e-05 -6.87000000e-06 9.97000000e-06 -6.83800000e-05 9.41000000e-06 -3.73110000e-04 2.29170000e-04 -1.50380000e-04 1.33330000e-04 2.41640000e-04 5.74240000e-04 2.95000000e-05 -1.98180000e-04 1.58850000e-04 1.66920000e-04 1.32000000e-06 2.07080000e-04 -2.39600000e-04 3.17490000e-04 6.26200000e-05 1.35100000e-04 3.82650000e-04 -4.26540000e-04 1.46400000e-04 -2.17280000e-04 4.82600000e-05 -1.04570000e-04 1.20420000e-04 -3.37100000e-05 2.29310000e-04 8.07600000e-05 -5.47200000e-05 1.33330000e-04 8.53000000e-05 1.13110000e-04 5.38200000e-05 1.30030000e-04 1.94040000e-04 2.19500000e-04 -4.53000000e-05 1.85450000e-04 4.57300000e-05 1.40210000e-04 -6.48630000e-04 -2.78530000e-04 3.54400000e-05 9.37000000e-05 4.70820000e-04 -1.29930000e-04 6.57100000e-05 1.11490000e-04 1.35710000e-04 1.15110000e-04 1.40970000e-04 1.63860000e-04 1.06660000e-04 1.30200000e-05 3.55090000e-04 1.49920000e-04 -1.14850000e-04 -5.48120000e-04 2.64200000e-04 4.86400000e-05 2.78170000e-04 1.11520000e-04 1.06290000e-04 -2.93550000e-04 -3.02300000e-05 -3.32600000e-04 -9.70400000e-05 -1.34730000e-04 9.62200000e-05 1.58000000e-05 3.34900000e-05 1.65960000e-04 6.19800000e-05 4.40700000e-05 -8.72900000e-05 -2.13330000e-04 -2.66510000e-04 1.06560000e-04 -2.65850000e-04 2.01800000e-04 8.07800000e-05 1.14280000e-04 5.72800000e-05 -1.56400000e-05 1.77990000e-04 1.88700000e-05 1.29170000e-04 5.20600000e-05 2.83780000e-04 4.11200000e-04 5.52700000e-05 4.32430000e-04 1.30590000e-04 2.07750000e-04 2.17990000e-04 1.92670000e-04 2.40530000e-04
2.24450000e-03 4.43770000e-04 -2.19300000e-04 -5.77020000e-04 5.31600000e-04 4.03610000e-04 4.88350000e-04 -5.50080000e-04 -9.43500000e-04 -7.66390000e-04 4.35000000e-05 -7.36900000e-05 -1.69030000e-04 5.50000000e-07 -2.08240000e-04 -3.19420000e-04 5.33620000e-04 1.09596000e-03 -2.56860000e-04 -2.54000000e-04 -8.21600000e-05 -1.46720000e-04 -1.07768000e-03 1.15391000e-03 -9.97340000e-04 3.02660000e-04 3.54840000e-04 -7.75900000e-05 4.79000000e-05 -1.93040000e-04 4.74780000e-04 2.33970000e-04 -2.03760000e-04 8.84660000e-04 -6.59320000e-04 1.04617000e-03 -2.89400000e-05 1.01406000e-03 1.64530000e-03 -1.69876000e-03 6.69450000e-04 -8.72990000e-04 9.57170000e-04 -2.10390000e-04 1.97250000e-04 -9.77300000e-05 8.65140000e-04 6.13680000e-04 8.79210000e-04 2.07920000e-04 -1.43880000e-04 2.36130000e-04 -8.29200000e-05 3.87020000e-04 6.16490000e-04 7.85340000e-04 2.47820000e-04 5.07690000e-04 4.28240000e-04 -6.96000000e-06 -1.70925000e-03 -1.08063000e-03 4.47790000e-04 4.01610000e-04 1.04787000e-03 -1.45080000e-04 1.17035000e-03 3.92460000e-04 5.66350000e-04 -3.32480000e-04 1.26170000e-04 4.63630000e-04 -1.54850000e-04 2.41890000e-04 5.63290000e-04 6.64200000e-04 -4.54090000e-04 -1.70119000e-03 -6.88900000e-05 1.40000000e-04 7.12610000e-04 2.19910000e-04 5.43760000e-04 -4.59250000e-04 5.33190000e-04 -1.17077000e-03 -5.05990000e-04 -6.29530000e-04 2.01180000e-04 -4.99470000e-04 -4.65040000e-04 1.15952000e-03 1.88070000e-04 -7.88700000e-05 -6.58290000e-04 -1.74540000e-03 1.13980000e-04 1.68159000e-03 -7.67800000e-04 5.51340000e-04 -3.91600000e-05 3.66800000e-05 1.33920000e-04 1.11014000e-03 2.98640000e-04 -3.49280000e-04 8.11100000e-05 2.48070000e-04 7.15490000e-04 8.68700000e-04 4.78170000e-04 2.08485000e-03 1.07239000e-03 8.87340000e-04 1.31560000e-03 7.56520000e-04 1.67444000e-03
-2.95493000e-03 -5.54350000e-04 -8.62580000e-04 -8.88630000e-04 1.60310000e-04 -4.57880000e-04 -1.60439000e-03 -3.89610000e-04 1.47803000e-03 4.05740000e-04 -9.47800000e-04 -2.14520000e-04 -4.80100000e-04 1.76260000e-04 2.36370000e-04 -9.02500000e-04 -1.37900000e-03 -4.59151000e-03 3.64660000e-04 -3.33510000e-04 -1.42150000e-04 -1.32900000e-05 1.63784000e-03 -4.52343000e-03 1.20323000e-03 -5.33800000e-05 -1.57356000e-03 1.40486000e-03 8.66500000e-05 5.13360000e-04 -7.03080000e-04 -8.09590000e-04 -1.73500000e-04 -1.40156000e-03 8.30150000e-04 -1.68235000e-03 -4.74400000e-05 -3.52260000e-04 -3.40460000e-03 1.31611000e-03 -2.75470000e-04 8.26890000e-04 4.16510000e-04 5.07680000e-04 -1.36989000e-03 2.34130000e-04 -2.95250000e-04 -5.34430000e-04 -3.76740000e-04 -1.31649000e-03 -6.81540000e-04 -8.52860000e-04 -6.08200000e-05 -3.26900000e-04 -6.59460000e-04 -1.20820000e-03 3.11650000e-04 -7.26890000e-04 -4.32330000e-04 -1.08730000e-03 2.34812000e-03 1.04871000e-03 -1.01305000e-03 -8.68620000e-04 -5.38378000e-03 1.64023000e-03 -3.96081000e-03 -1.24117000e-03 1.57260000e-04 -4.28240000e-04 -1.05465000e-03 -5.21330000e-04 -3.87330000e-04 -4.74510000e-04 -2.40733000e-03 3.14700000e-05 3.65560000e-04 2.66710000e-03 -1.31700000e-03 -1.29425000e-03 -2.41821000e-03 1.38360000e-04 -8.03360000e-04 7.37740000e-04 2.21960000e-04 1.47037000e-03 2.20050000e-04 6.09650000e-04 -2.80880000e-04 -2.10040000e-04 -6.47240000e-04 -1.45548000e-03 8.62770000e-04 -1.15465000e-03 -2.77710000e-04 -8.18060000e-04 8.89360000e-04 -3.05807000e-03 9.61930000e-04 -1.60532000e-03 -1.00079000e-03 -6.32940000e-04 -5.02010000e-04 -1.91363000e-03 -1.10720000e-03 -4.31360000e-04 -1.62442000e-03 -8.15000000e-04 -1.73972000e-03 -2.50767000e-03 -2.45500000e-04 -5.17874000e-03 -1.55270000e-03 -2.06806000e-03 -7.10580000e-04 -1.59447000e-03 -7.57470000e-04
1.92500000e-04 1.34600000e-05 7.59400000e-05 3.21380000e-04 -3.11600000e-05 -1.62510000e-04 3.93500000e-05 -2.22400000e-05 4.32200000e-05 1.26900000e-05 -1.24700000e-05 -3.17900000e-05 1.19900000e-05 -9.02200000e-05 1.31490000e-04 1.44090000e-04 3.39800000e-05 2.66540000e-04 -9.95000000e-06 -4.93000000e-06 2.74510000e-04 1.43840000e-04 2.69100000e-05 1.71900000e-04 -4.58600000e-05 2.19000000e-05 7.41000000e-05 -2.65780000e-04 1.32060000e-04 5.16910000e-04 5.13100000e-05 3.76200000e-05 1.07040000e-04 3.03300000e-05 8.50700000e-05 1.83750000e-04 3.98600000e-05 -3.15200000e-05 2.17160000e-04 1.07590000e-04 1.16830000e-04 2.33000000e-06 -8.27500000e-05 2.18950000e-04 6.38700000e-05 7.31400000e-05 3.03200000e-05 4.13580000e-04 -6.43600000e-05 9.45600000e-05 1.54000000e-05 7.80400000e-05 -1.04200000e-05 1.25630000e-04 1.65900000e-04 1.16300000e-04 -1.43320000e-04 2.04300000e-05 -1.56840000e-04 3.66100000e-05 -2.77500000e-05 -1.70100000e-05 -1.11800000e-04 2.67610000e-04 3.69120000e-04 -1.90250000e-04 2.12010000e-04 9.15400000e-05 1.17800000e-05 6.72000000e-06 -1.86000000e-05 8.23200000e-05 1.96260000e-04 2.63730000e-04 6.21900000e-05 2.11100000e-05 1.12240000e-04 -6.29600000e-05 1.35060000e-04 -4.07200000e-05 9.35900000e-05 4.27000000e-06 2.13900000e-05 1.61090000e-04 -1.09450000e-04 -2.20200000e-05 5.32400000e-05 3.21700000e-05 1.38290000e-04 3.07700000e-05 1.36050000e-04 -1.82600000e-05 -7.19000000e-05 4.62500000e-05 1.44400000e-05 2.01900000e-04 -1.25720000e-04 1.72590000e-04 1.93460000e-04 1.59500000e-05 -7.54200000e-05 -6.30600000e-05 -9.41400000e-05 9.97200000e-05 2.83200000e-05 -1.24530000e-04 5.32300000e-05 -1.70160000e-04 2.36600000e-05 1.63490000e-04 -9.95300000e-05 2.07050000e-04 -3.71000000e-06 1.90400000e-04 3.26600000e-05 5.39500000e-05 5.83100000e-05
-1.71738000e-03 -2.57670000e-04 3.35750000e-04 3.30200000e-04 -1.94290000e-04 -1.49030000e-04 -1.01390000e-04 5.02270000e-04 7.09350000e-04 6.60500000e-04 1.95220000e-04 2.87280000e-04 2.75460000e-04 9.44200000e-05 1.33030000e-04 3.91940000e-04 -1.38950000e-04 -8.19570000e-04 3.24410000e-04 3.36400000e-04 2.07000000e-06 1.62500000e-04 7.95540000e-04 -6.25070000e-04 8.83730000e-04 -5.97100000e-05 1.97800000e-05 7.19700000e-04 1.62800000e-05 6.91530000e-04 -2.53790000e-04 1.19900000e-05 2.66460000e-04 -3.24940000e-04 4.68580000e-04 -6.57440000e-04 1.61870000e-04 -6.41550000e-04 -1.09096000e-03 1.18658000e-03 -3.05040000e-04 6.79100000e-04 -6.25430000e-04 9.45800000e-05 1.98800000e-05 1.39450000e-04 -4.24060000e-04 -6.54810000e-04 -5.13500000e-04 -2.65800000e-05 2.89330000e-04 -4.90800000e-05 1.98470000e-04 -1.10850000e-04 -3.23660000e-04 -4.17020000e-04 -7.82900000e-05 -1.67770000e-04 -1.97040000e-04 1.61170000e-04 1.13688000e-03 8.37240000e-04 -1.79920000e-04 -2.40400000e-04 -4.75050000e-04 3.68500000e-04 -8.85970000e-04 -7.64200000e-05 -2.66360000e-04 5.54250000e-04 1.71910000e-04 -1.81650000e-04 2.74380000e-04 -2.07640000e-04 -1.68410000e-04 -3.68340000e-04 3.17300000e-04 1.18895000e-03 4.36530000e-04 1.87600000e-05 -2.91970000e-04 2.46400000e-05 -2.43070000e-04 1.96870000e-04 -2.11410000e-04 8.66770000e-04 4.13270000e-04 4.94440000e-04 -4.05600000e-05 5.06980000e-04 4.60690000e-04 -7.57150000e-04 4.18400000e-05 1.38160000e-04 5.78580000e-04 1.26909000e-03 -1.46370000e-04 -1.28923000e-03 5.33060000e-04 -2.16610000e-04 2.12440000e-04 1.58430000e-04 5.96400000e-05 -7.93560000e-04 -3.98800000e-05 4.70180000e-04 9.78600000e-05 2.50000000e-07 -2.87640000e-04 -4.52820000e-04 -2.30030000e-04 -1.34177000e-03 -6.13690000e-04 -6.44300000e-04 -7.91160000e-04 -3.69130000e-04 -8.90380000e-04
1.53098000e-03 2.30180000e-04 -6.58310000e-04 -1.42640000e-03 9.51980000e-04 4.37310000e-04 1.69850000e-04 -1.04401000e-03 -6.86420000e-04 -8.15350000e-04 -1.53780000e-04 -1.33490000e-04 -6.22210000e-04 1.71560000e-04 -4.43790000e-04 -8.66300000e-04 6.93080000e-04 -2.91800000e-04 -2.06950000e-04 -4.29920000e-04 -5.76720000e-04 -3.47340000e-04 -7.40820000e-04 -3.71700000e-05 -8.09830000e-04 4.57420000e-04 -6.26200000e-05 4.42300000e-04 -1.36520000e-04 -6.02530000e-04 2.58560000e-04 1.73000000e-05 -3.72120000e-04 8.25140000e-04 -5.57890000e-04 5.36750000e-04 -3.99900000e-05 1.45216000e-03 6.72620000e-04 -1.92065000e-03 8.23050000e-04 -8.78350000e-04 1.76245000e-03 -5.09070000e-04 -3.35320000e-04 -4.88100000e-05 9.51130000e-04 2.09200000e-05 1.39890000e-03 -3.16060000e-04 -4.00690000e-04 -2.23800000e-05 -5.14600000e-05 2.01130000e-04 4.69320000e-04 5.14840000e-04 4.20740000e-04 4.49620000e-04 4.91830000e-04 -3.73490000e-04 -1.22939000e-03 -1.02032000e-03 2.72950000e-04 1.48900000e-05 -1.15426000e-03 6.31720000e-04 1.12140000e-04 1.95930000e-04 9.27290000e-04 -4.69720000e-04 -1.04770000e-04 4.51370000e-04 -5.22540000e-04 -9.92000000e-05 -1.46900000e-04 8.46230000e-04 -6.86230000e-04 -1.15783000e-03 -6.42310000e-04 -1.05580000e-04 1.62930000e-04 4.77730000e-04 4.82560000e-04 -4.99340000e-04 9.76200000e-04 -9.47240000e-04 -6.64260000e-04 -6.77750000e-04 4.47300000e-05 -7.64500000e-04 -9.44450000e-04 9.89690000e-04 8.67230000e-04 -6.38950000e-04 -1.16924000e-03 -3.03366000e-03 4.37800000e-04 9.32170000e-04 -1.06715000e-03 8.00000000e-07 -4.88560000e-04 -2.20550000e-04 -2.28500000e-05 4.98480000e-04 -1.68070000e-04 -5.56220000e-04 -6.55810000e-04 1.36430000e-04 1.98260000e-04 -2.95380000e-04 5.01280000e-04 8.20380000e-04 7.74970000e-04 1.33870000e-04 1.14683000e-03 2.03210000e-04 1.47217000e-03
8.45150000e-04 3.25800000e-05 -6.57000000e-05 -5.08540000e-04 3.86010000e-04 1.50720000e-04 3.17670000e-04 -4.78820000e-04 -5.08530000e-04 -3.25700000e-04 9.06200000e-05 1.16900000e-05 -2.70940000e-04 6.13200000e-05 -1.79260000e-04 -1.01250000e-04 5.16550000e-04 3.00560000e-04 -1.29830000e-04 -1.10570000e-04 -2.43170000e-04 -1.35110000e-04 -5.69660000e-04 5.05060000e-04 -3.99100000e-04 2.03610000e-04 2.58120000e-04 2.83770000e-04 -2.01600000e-05 -4.59660000e-04 2.39450000e-04 1.83200000e-04 -1.25580000e-04 5.53620000e-04 -3.72230000e-04 4.66640000e-04 1.60800000e-05 6.22980000e-04 7.12660000e-04 -9.33050000e-04 3.84430000e-04 -4.32860000e-04 5.52260000e-04 -1.95710000e-04 1.29780000e-04 -5.28000000e-05 5.28040000e-04 8.18900000e-05 5.52140000e-04 1.01790000e-04 -9.17000000e-06 1.20560000e-04 1.21000000e-06 2.15320000e-04 3.05050000e-04 3.77920000e-04 5.99000000e-06 2.99620000e-04 1.54160000e-04 4.19200000e-05 -9.02760000e-04 -5.10440000e-04 1.04830000e-04 7.14900000e-05 3.63290000e-04 5.76900000e-05 3.91400000e-04 2.51530000e-04 3.55370000e-04 -9.84900000e-05 1.58270000e-04 2.69700000e-04 -7.30900000e-05 -4.09800000e-05 3.20400000e-04 3.66640000e-04 -3.47780000e-04 -8.16460000e-04 -7.67000000e-06 5.24200000e-05 3.53730000e-04 1.73950000e-04 2.94690000e-04 -3.52340000e-04 3.99030000e-04 -5.59450000e-04 -2.46750000e-04 -3.11410000e-04 8.99200000e-05 -2.22770000e-04 -2.22350000e-04 4.49000000e-04 1.92920000e-04 -2.71880000e-04 -5.44690000e-04 -1.29737000e-03 -1.29060000e-04 4.96940000e-04 -4.96920000e-04 1.09960000e-04 -1.66580000e-04 -9.07200000e-05 -3.73800000e-05 2.78080000e-04 -4.95100000e-05 -2.86320000e-04 -1.97520000e-04 3.72600000e-05 2.15950000e-04 1.90890000e-04 1.06740000e-04 9.34480000e-04 3.74390000e-04 3.20550000e-04 5.49920000e-04 2.04040000e-04 7.14210000e-04
-2.20276000e-03 -2.11530000e-04 -7.67220000e-04 -1.07394000e-03 4.81270000e-04 7.02300000e-05 -1.02768000e-03 -1.45240000e-04 1.18640000e-03 2.45940000e-04 -5.77300000e-04 -4.66300000e-05 -2.45040000e-04 1.55610000e-04 -1.07240000e-04 -8.90030000e-04 -5.25780000e-04 -3.53745000e-03 3.97830000e-04 -2.46360000e-04 -5.25470000e-04 -1.34030000e-04 1.36550000e-03 -3.26271000e-03 9.42760000e-04 1.67500000e-04 -1.06937000e-03 1.30179000e-03 -1.70990000e-04 2.44880000e-04 -6.88920000e-04 -6.35450000e-04 -1.52190000e-04 -6.19560000e-04 5.73610000e-04 -1.49830000e-03 -9.08000000e-06 8.43900000e-05 -2.88589000e-03 6.74860000e-04 1.54200000e-05 5.22700000e-04 8.96570000e-04 -1.35880000e-04 -1.23410000e-03 1.42090000e-04 -1.59950000e-04 -1.15810000e-03 3.18720000e-04 -1.19473000e-03 -5.13440000e-04 -7.11880000e-04 1.44400000e-05 -3.13380000e-04 -4.70150000e-04 -9.69810000e-04 6.47030000e-04 -4.44310000e-04 9.74800000e-05 -8.68140000e-04 1.94566000e-03 7.28950000e-04 -2.57930000e-04 -7.42360000e-04 -4.78426000e-03 1.73350000e-03 -3.00986000e-03 -6.62800000e-04 3.73390000e-04 -2.61100000e-05 -6.86750000e-04 -2.41470000e-04 -3.98830000e-04 -5.24640000e-04 -1.89369000e-03 1.23190000e-04 8.06100000e-05 2.00060000e-03 -8.51230000e-04 -8.19090000e-04 -1.61564000e-03 4.25260000e-04 -5.27540000e-04 3.72990000e-04 5.45950000e-04 1.04842000e-03 -1.26100000e-05 2.65540000e-04 -2.66410000e-04 -2.53820000e-04 -6.59900000e-04 -6.62890000e-04 1.16462000e-03 -5.80640000e-04 -7.19000000e-05 -7.61890000e-04 1.05509000e-03 -1.95377000e-03 2.34520000e-04 -9.27090000e-04 -4.39710000e-04 -1.39260000e-04 9.10000000e-07 -1.27731000e-03 -5.40970000e-04 1.77380000e-04 -9.66950000e-04 -7.52200000e-05 -9.35220000e-04 -2.10565000e-03 1.80520000e-04 -3.90715000e-03 -7.03140000e-04 -1.96380000e-03 -4.12030000e-04 -9.73050000e-04 -4.04480000e-04
1.41537000e-03 6.57500000e-05 1.04590000e-04 -3.15090000e-04 3.34130000e-04 1.60030000e-04 6.53350000e-04 -4.48570000e-04 -7.85660000e-04 -3.99470000e-04 3.02580000e-04 5.75000000e-05 -1.83870000e-04 5.76900000e-05 -2.45230000e-04 3.60200000e-05 8.03660000e-04 1.55175000e-03 -2.16310000e-04 -1.34200000e-05 -1.58440000e-04 -1.23820000e-04 -8.68590000e-04 1.68684000e-03 -6.77010000e-04 2.01200000e-04 5.82170000e-04 -1.63260000e-04 -3.75400000e-05 -3.89170000e-04 3.51960000e-04 3.41990000e-04 -7.84000000e-05 9.26070000e-04 -5.10660000e-04 7.80260000e-04 1.93400000e-05 7.36730000e-04 1.49298000e-03 -1.16988000e-03 4.35070000e-04 -6.20180000e-04 4.82200000e-04 -3.09070000e-04 4.30130000e-04 -1.19050000e-04 5.65030000e-04 1.36860000e-04 7.48330000e-04 3.77630000e-04 1.40640000e-04 2.93650000e-04 1.74500000e-05 2.72600000e-04 4.17950000e-04 6.16380000e-04 -1.42660000e-04 4.46520000e-04 1.66210000e-04 2.61290000e-04 -1.34533000e-03 -7.27760000e-04 2.74030000e-04 2.56760000e-04 1.73702000e-03 -1.98790000e-04 1.40493000e-03 5.01780000e-04 2.98410000e-04 4.87900000e-05 4.22170000e-04 3.61890000e-04 -4.79600000e-05 5.09000000e-05 8.46120000e-04 3.27910000e-04 -4.09130000e-04 -1.33731000e-03 3.32730000e-04 4.22330000e-04 9.22670000e-04 1.31630000e-04 4.59190000e-04 -4.92450000e-04 4.32630000e-04 -8.44120000e-04 -2.82180000e-04 -3.99280000e-04 1.23200000e-04 -1.65880000e-04 -1.14270000e-04 6.84350000e-04 7.32000000e-06 -1.23680000e-04 -5.22010000e-04 -1.19976000e-03 -3.80590000e-04 1.16029000e-03 -5.99540000e-04 3.84930000e-04 -1.70900000e-05 -4.64300000e-05 -6.69000000e-06 7.46480000e-04 1.02680000e-04 -2.70690000e-04 8.98800000e-05 1.48020000e-04 4.93960000e-04 6.11150000e-04 7.49300000e-05 2.18054000e-03 6.91660000e-04 7.54290000e-04 6.31560000e-04 5.06290000e-04 9.51090000e-04
-1.15340000e-04 4.88900000e-05 -6.33100000e-04 -1.18289000e-03 8.86800000e-04 2.56060000e-04 -3.73060000e-04 -6.29010000e-04 2.37520000e-04 -2.62810000e-04 -5.40250000e-04 -1.04700000e-04 -4.69010000e-04 -1.36200000e-05 -1.28700000e-05 -6.34940000e-04 1.23650000e-04 -2.05366000e-03 1.55820000e-04 -2.74460000e-04 -3.60520000e-04 -1.22490000e-04 3.35870000e-04 -1.74430000e-03 1.15660000e-04 3.88040000e-04 -3.99120000e-04 7.74540000e-04 3.16900000e-05 4.85000000e-06 -2.59810000e-04 -2.04190000e-04 -2.42950000e-04 2.78090000e-04 5.18000000e-06 -3.90950000e-04 4.43100000e-05 8.03240000e-04 -1.16896000e-03 -6.03790000e-04 6.60300000e-04 -1.67900000e-04 1.32610000e-03 -1.95200000e-05 -7.94060000e-04 6.38900000e-05 6.08720000e-04 -2.44500000e-04 9.89410000e-04 -7.87120000e-04 -5.21170000e-04 -4.16860000e-04 -7.09900000e-05 1.75490000e-04 1.98680000e-04 -2.10710000e-04 6.38730000e-04 -8.75000000e-06 2.84540000e-04 -7.18910000e-04 3.78270000e-04 -1.30850000e-04 1.53000000e-05 -2.42810000e-04 -3.10947000e-03 1.37847000e-03 -1.64137000e-03 -6.43700000e-05 7.36040000e-04 -3.88710000e-04 -3.84980000e-04 2.34940000e-04 -1.07460000e-04 -1.61530000e-04 -1.23118000e-03 6.08070000e-04 -1.82260000e-04 5.03840000e-04 -8.46460000e-04 -7.63680000e-04 -7.79080000e-04 5.38660000e-04 -4.56900000e-05 1.57750000e-04 9.06600000e-04 3.59000000e-05 -2.83080000e-04 -2.09430000e-04 1.32880000e-04 -5.45000000e-04 -6.39560000e-04 2.30930000e-04 9.73890000e-04 -6.79560000e-04 -6.43140000e-04 -2.02201000e-03 9.50580000e-04 -4.43990000e-04 -1.04990000e-04 -4.74910000e-04 -5.15850000e-04 -2.32480000e-04 -3.97000000e-06 -2.93670000e-04 -3.68190000e-04 -2.95730000e-04 -8.83920000e-04 -1.38500000e-05 -3.65410000e-04 -1.16076000e-03 3.53980000e-04 -1.71380000e-03 6.63000000e-05 -1.02380000e-03 5.82870000e-04 -3.62770000e-04 7.00330000e-04
5.34162000e-03 9.22880000e-04 -7.37390000e-04 -1.92672000e-03 1.33368000e-03 1.03724000e-03 1.19399000e-03 -1.56822000e-03 -2.57873000e-03 -2.06572000e-03 1.42530000e-04 -1.78230000e-04 -6.15040000e-04 1.53460000e-04 -7.65430000e-04 -1.05750000e-03 1.11794000e-03 2.79065000e-03 -7.63860000e-04 -7.69190000e-04 -5.70520000e-04 -5.88600000e-04 -2.80126000e-03 2.93452000e-03 -2.65952000e-03 7.38700000e-04 7.33080000e-04 -5.60220000e-04 -1.67890000e-04 -1.34186000e-03 1.01222000e-03 4.95850000e-04 -7.94870000e-04 2.04571000e-03 -1.81307000e-03 2.32001000e-03 -2.13100000e-04 2.74742000e-03 3.76836000e-03 -4.50845000e-03 1.35691000e-03 -2.32173000e-03 2.71344000e-03 -9.82170000e-04 1.77830000e-04 -5.32010000e-04 1.98300000e-03 1.01601000e-03 2.38612000e-03 3.09850000e-04 -4.69700000e-04 3.49580000e-04 -2.71040000e-04 6.41250000e-04 1.33973000e-03 1.63329000e-03 4.55160000e-04 1.06936000e-03 1.11857000e-03 -9.12700000e-05 -4.34293000e-03 -2.86875000e-03 1.05099000e-03 6.18210000e-04 2.03275000e-03 -3.58440000e-04 3.07737000e-03 6.88190000e-04 1.35444000e-03 -1.15185000e-03 1.65400000e-04 1.03602000e-03 -8.40420000e-04 2.26960000e-04 1.34384000e-03 1.61553000e-03 -1.29483000e-03 -4.25081000e-03 -6.76920000e-04 5.63680000e-04 1.86057000e-03 5.55180000e-04 1.11401000e-03 -1.37783000e-03 1.47264000e-03 -3.01536000e-03 -1.37080000e-03 -1.62896000e-03 2.67190000e-04 -1.32544000e-03 -1.38072000e-03 2.83565000e-03 5.82350000e-04 -3.59580000e-04 -1.85807000e-03 -4.82255000e-03 1.24540000e-04 3.99143000e-03 -2.39766000e-03 1.18485000e-03 -2.47340000e-04 1.14300000e-05 2.35610000e-04 2.50975000e-03 4.67420000e-04 -9.74480000e-04 -3.47700000e-05 6.03220000e-04 1.56694000e-03 1.68335000e-03 1.05464000e-03 5.14310000e-03 2.46948000e-03 1.88859000e-03 2.88956000e-03 1.62025000e-03 3.55801000e-03
1.06535100e-02 1.61416000e-03 2.12730000e-04 -6.86300000e-05 3.64830000e-04 1.19778000e-03 2.89045000e-03 -1.17658000e-03 -4.81115000e-03 -2.88548000e-03 1.17710000e-03 -3.90000000e-04 1.28240000e-04 -9.97100000e-05 -8.83380000e-04 -2.30940000e-04 2.53407000e-03 1.08671900e-02 -1.65273000e-03 -6.23590000e-04 4.37290000e-04 -4.02680000e-04 -5.48643000e-03 1.00387900e-02 -5.02003000e-03 4.43520000e-04 2.31492000e-03 -4.06000000e-03 4.60100000e-05 -7.81160000e-04 2.23999000e-03 1.29297000e-03 -7.14610000e-04 3.65394000e-03 -2.96914000e-03 4.98369000e-03 -5.50520000e-04 3.03961000e-03 9.74240000e-03 -6.12669000e-03 1.42654000e-03 -3.63758000e-03 1.60589000e-03 -9.17700000e-04 2.38635000e-03 -9.87220000e-04 2.28906000e-03 2.98390000e-03 2.62051000e-03 2.44236000e-03 3.14710000e-04 1.59424000e-03 -4.99650000e-04 1.19501000e-03 2.19367000e-03 3.45003000e-03 -4.11810000e-04 1.78401000e-03 1.30083000e-03 1.42368000e-03 -8.03781000e-03 -4.58464000e-03 2.15422000e-03 2.19482000e-03 1.18813400e-02 -3.42673000e-03 9.82738000e-03 1.88510000e-03 6.43970000e-04 -9.78620000e-04 1.30519000e-03 1.46477000e-03 -7.06860000e-04 1.32840000e-03 4.98020000e-03 1.37560000e-03 -1.58727000e-03 -8.38414000e-03 1.05394000e-03 2.54349000e-03 4.97366000e-03 -2.39510000e-04 2.13091000e-03 -2.08235000e-03 9.25590000e-04 -5.26042000e-03 -1.45068000e-03 -2.26419000e-03 5.53120000e-04 -1.20081000e-03 -7.53640000e-04 4.80284000e-03 -1.38005000e-03 9.10460000e-04 -1.56557000e-03 -3.68017000e-03 -1.28724000e-03 9.13618000e-03 -2.87764000e-03 3.33160000e-03 8.21720000e-04 3.77470000e-04 5.32650000e-04 6.21200000e-03 1.72552000e-03 -1.14557000e-03 2.10639000e-03 1.17237000e-03 3.70387000e-03 5.76878000e-03 1.04183000e-03 1.35847200e-02 4.76312000e-03 5.80630000e-03 4.35539000e-03 4.06094000e-03 5.70158000e-03
-2.44061000e-03 -3.13900000e-05 -2.32760000e-04 -3.82260000e-04 8.08500000e-05 1.43100000e-04 -7.12160000e-04 5.83010000e-04 1.17459000e-03 5.49540000e-04 -2.75650000e-04 2.07820000e-04 3.16220000e-04 7.96700000e-05 5.50200000e-05 -2.44040000e-04 -7.65070000e-04 -2.85645000e-03 4.96640000e-04 1.49290000e-04 -2.70140000e-04 2.95000000e-06 1.36324000e-03 -2.55934000e-03 1.16362000e-03 -6.22000000e-06 -6.33520000e-04 1.46620000e-03 -1.22860000e-04 5.38750000e-04 -6.66730000e-04 -3.68890000e-04 1.10970000e-04 -6.88330000e-04 6.00960000e-04 -1.38172000e-03 1.19070000e-04 -6.09270000e-04 -2.60662000e-03 1.26104000e-03 -2.57910000e-04 7.66450000e-04 -4.73000000e-05 -4.14500000e-05 -8.03920000e-04 1.32080000e-04 -4.42100000e-04 -1.18024000e-03 -3.58790000e-04 -8.11990000e-04 -1.56050000e-04 -5.29360000e-04 1.26550000e-04 -2.86370000e-04 -5.60370000e-04 -9.35280000e-04 6.33120000e-04 -4.13660000e-04 1.23230000e-04 -5.05230000e-04 1.89237000e-03 9.69850000e-04 -5.39100000e-05 -6.39520000e-04 -3.27005000e-03 1.35168000e-03 -2.58468000e-03 -5.23260000e-04 -1.31800000e-05 3.79630000e-04 -3.03900000e-04 -3.45460000e-04 -2.58500000e-05 -4.54660000e-04 -1.36188000e-03 -1.59330000e-04 3.27490000e-04 1.97923000e-03 -1.65080000e-04 -5.62080000e-04 -1.21676000e-03 2.24630000e-04 -5.37960000e-04 3.02340000e-04 1.10510000e-04 1.16646000e-03 2.41200000e-04 4.69040000e-04 -1.96550000e-04 2.06150000e-04 -7.57800000e-05 -7.53440000e-04 6.59650000e-04 3.48900000e-05 6.80060000e-04 8.98420000e-04 8.15840000e-04 -1.92349000e-03 4.87640000e-04 -4.54510000e-04 1.77010000e-04 2.71070000e-04 3.01810000e-04 -1.14388000e-03 -1.45500000e-05 7.50700000e-04 -2.08910000e-04 2.00970000e-04 -5.05780000e-04 -1.27501000e-03 2.19940000e-04 -3.50396000e-03 -6.46030000e-04 -1.74613000e-03 -5.87450000e-04 -5.96460000e-04 -6.53990000e-04
2.30920000e-04 -6.22600000e-05 5.47400000e-05 -5.10810000e-04 5.29750000e-04 -1.54590000e-04 4.07530000e-04 -7.71430000e-04 -4.56730000e-04 -3.17690000e-04 1.06100000e-05 9.58000000e-05 -4.96290000e-04 1.62500000e-05 -7.71000000e-05 1.98820000e-04 3.68810000e-04 -4.09920000e-04 -1.58450000e-04 4.89000000e-06 -1.55180000e-04 -1.28690000e-04 -3.63740000e-04 2.83600000e-05 -2.61850000e-04 2.71090000e-04 4.43340000e-04 5.59350000e-04 2.18700000e-05 -4.59840000e-04 8.51000000e-05 3.46970000e-04 4.19300000e-05 5.13220000e-04 -3.00130000e-04 4.89660000e-04 2.58190000e-04 5.94780000e-04 2.69920000e-04 -8.65740000e-04 5.44660000e-04 -5.20390000e-04 5.39480000e-04 -8.19300000e-05 -1.36010000e-04 -3.03900000e-05 6.27380000e-04 2.02450000e-04 4.39290000e-04 -8.80000000e-05 -7.05300000e-05 3.06300000e-05 1.02010000e-04 3.19190000e-04 4.32380000e-04 2.62910000e-04 -2.07330000e-04 2.98160000e-04 -1.16540000e-04 -9.37400000e-05 -8.39070000e-04 -5.58050000e-04 -3.27710000e-04 6.22500000e-05 -2.34410000e-04 3.01940000e-04 -2.55870000e-04 7.62300000e-05 5.38360000e-04 -8.72200000e-05 1.58010000e-04 2.97440000e-04 1.26370000e-04 -2.50900000e-05 2.54300000e-05 5.00970000e-04 -3.29940000e-04 -6.76010000e-04 1.07900000e-05 -2.79500000e-04 3.52110000e-04 2.86810000e-04 1.22310000e-04 -4.89180000e-04 3.83160000e-04 -5.59120000e-04 -3.04970000e-04 -2.99290000e-04 2.04300000e-04 -1.42080000e-04 -4.76800000e-05 1.70590000e-04 3.35210000e-04 -6.13410000e-04 -7.51000000e-04 -1.61138000e-03 -3.77230000e-04 -8.18500000e-05 -4.85970000e-04 -2.24700000e-04 -5.54070000e-04 -3.58330000e-04 -2.79700000e-04 -2.25400000e-04 -1.90460000e-04 -5.55550000e-04 -5.62260000e-04 -4.00490000e-04 -6.69400000e-05 -2.23610000e-04 -1.38160000e-04 1.70880000e-04 -2.67800000e-05 -8.69100000e-05 3.61460000e-04 -7.58900000e-05 4.60160000e-04
-3.89885000e-03 -5.50680000e-04 2.31860000e-04 8.39780000e-04 -7.62970000e-04 -5.08100000e-04 -9.85130000e-04 1.14923000e-03 1.84069000e-03 1.27957000e-03 -1.13400000e-04 1.75330000e-04 5.72460000e-04 1.03600000e-05 3.21360000e-04 2.74900000e-04 -8.40170000e-04 -2.30183000e-03 6.08200000e-04 4.26450000e-04 1.85010000e-04 3.08610000e-04 2.02063000e-03 -2.29728000e-03 1.80639000e-03 -3.97250000e-04 -7.51470000e-04 8.55720000e-04 -3.17000000e-06 1.25014000e-03 -8.81380000e-04 -5.15210000e-04 4.05360000e-04 -1.27564000e-03 1.16489000e-03 -1.95900000e-03 5.74300000e-05 -1.69594000e-03 -3.03543000e-03 2.92910000e-03 -9.23500000e-04 1.48833000e-03 -1.47145000e-03 4.13080000e-04 -4.45980000e-04 2.08500000e-04 -1.29315000e-03 -1.27792000e-03 -1.32087000e-03 -5.18960000e-04 2.03520000e-04 -4.57060000e-04 1.62660000e-04 -4.86520000e-04 -1.01774000e-03 -1.36575000e-03 -2.55500000e-05 -8.19290000e-04 -5.56400000e-04 -1.27180000e-04 3.06428000e-03 1.87563000e-03 -5.06730000e-04 -6.29540000e-04 -1.95072000e-03 8.38960000e-04 -2.48534000e-03 -6.79520000e-04 -8.21400000e-04 9.55760000e-04 -1.96080000e-04 -7.44870000e-04 2.64300000e-04 -3.86240000e-04 -1.15422000e-03 -9.94820000e-04 8.17210000e-04 3.01666000e-03 5.11660000e-04 -3.38500000e-04 -1.44947000e-03 -2.09300000e-04 -9.10050000e-04 7.44930000e-04 -6.37150000e-04 2.05552000e-03 8.61070000e-04 1.09449000e-03 -3.18600000e-04 7.97750000e-04 5.81530000e-04 -1.81730000e-03 -3.47000000e-06 2.06790000e-04 1.37055000e-03 3.00347000e-03 1.98250000e-04 -2.79824000e-03 1.52181000e-03 -7.51250000e-04 2.85250000e-04 1.24410000e-04 3.74100000e-05 -1.62963000e-03 -2.28270000e-04 8.96810000e-04 2.63600000e-05 -1.76970000e-04 -9.90720000e-04 -1.41544000e-03 -5.23930000e-04 -3.96271000e-03 -1.46433000e-03 -1.75690000e-03 -1.76956000e-03 -1.00749000e-03 -1.90527000e-03
-9.02390000e-04 -2.41020000e-04 -8.74500000e-05 -2.75360000e-04 2.26280000e-04 -1.11090000e-04 -2.63520000e-04 -1.37600000e-04 4.01950000e-04 2.23340000e-04 -1.74270000e-04 1.80700000e-05 -1.70310000e-04 9.90000000e-07 9.65300000e-05 -4.02900000e-05 7.32800000e-05 -1.32736000e-03 1.86310000e-04 -2.42900000e-05 -1.16900000e-04 4.99100000e-05 4.45610000e-04 -1.10820000e-03 4.67280000e-04 1.08270000e-04 -1.91270000e-04 7.04560000e-04 7.59500000e-05 1.81170000e-04 -2.02140000e-04 -1.03650000e-04 7.00000000e-07 -7.47600000e-05 2.04220000e-04 -4.66930000e-04 4.60700000e-05 -4.61000000e-06 -9.68760000e-04 3.45730000e-04 1.14700000e-04 2.54520000e-04 1.38790000e-04 1.66270000e-04 -2.54300000e-04 8.65400000e-05 8.58900000e-05 -2.81830000e-04 7.08200000e-05 -2.98530000e-04 -7.73400000e-05 -1.90760000e-04 1.49800000e-05 7.83800000e-05 -5.60900000e-05 -2.88420000e-04 6.12000000e-05 -1.22060000e-04 -1.26690000e-04 -2.10540000e-04 6.22010000e-04 3.58080000e-04 -2.36140000e-04 -2.01630000e-04 -1.37472000e-03 6.18220000e-04 -1.18738000e-03 -5.47900000e-05 1.27890000e-04 8.94100000e-05 -1.08130000e-04 7.34000000e-06 1.43520000e-04 -1.53970000e-04 -5.75980000e-04 4.72800000e-05 7.21200000e-05 7.47270000e-04 -1.18860000e-04 -4.06450000e-04 -5.63050000e-04 1.84090000e-04 -1.60780000e-04 1.80070000e-04 2.15740000e-04 4.29860000e-04 1.12210000e-04 1.58400000e-04 5.65700000e-05 3.78000000e-06 -3.38600000e-05 -3.94150000e-04 3.38810000e-04 -3.46170000e-04 -1.01170000e-04 -3.25610000e-04 1.51140000e-04 -9.26390000e-04 3.06890000e-04 -4.12420000e-04 -2.46520000e-04 -1.45050000e-04 -1.04380000e-04 -6.01600000e-04 -3.15310000e-04 -6.70700000e-05 -4.49100000e-04 -1.76910000e-04 -3.96800000e-04 -7.01400000e-04 -1.27380000e-04 -1.38097000e-03 -3.92970000e-04 -6.65520000e-04 -1.52000000e-04 -4.15270000e-04 -1.33240000e-04
1.84846000e-03 4.07180000e-04 3.18970000e-04 -2.43650000e-04 5.04370000e-04 3.07600000e-04 9.56710000e-04 -3.43440000e-04 -7.73400000e-04 -3.52420000e-04 2.70640000e-04 2.27470000e-04 -4.74400000e-05 -4.88500000e-05 9.79500000e-05 3.52980000e-04 4.38490000e-04 1.66139000e-03 -6.78000000e-05 1.92560000e-04 1.83400000e-04 6.32400000e-05 -8.17900000e-04 1.68917000e-03 -6.95570000e-04 2.76280000e-04 9.15460000e-04 -2.27920000e-04 1.70900000e-04 3.32560000e-04 5.00860000e-04 6.29700000e-04 9.42400000e-05 9.35300000e-04 -4.06010000e-04 1.18434000e-03 2.36900000e-04 7.10980000e-04 1.77248000e-03 -1.12770000e-03 6.80930000e-04 -4.92640000e-04 6.10900000e-04 1.11470000e-04 5.52410000e-04 7.29800000e-05 8.60250000e-04 7.92070000e-04 7.32340000e-04 5.11150000e-04 1.73950000e-04 4.17180000e-04 8.12300000e-05 5.25820000e-04 6.73520000e-04 9.06200000e-04 8.57200000e-05 6.56780000e-04 3.20150000e-04 2.81200000e-04 -1.47054000e-03 -7.51100000e-04 3.30120000e-04 5.62200000e-04 1.60156000e-03 -1.33520000e-04 1.58335000e-03 7.21330000e-04 4.90640000e-04 -3.03120000e-04 5.40420000e-04 5.06550000e-04 2.68370000e-04 4.06090000e-04 7.61880000e-04 5.63830000e-04 -1.39270000e-04 -1.31342000e-03 6.28000000e-05 3.53620000e-04 1.10960000e-03 2.19710000e-04 7.08560000e-04 -2.69500000e-04 4.82030000e-04 -8.53370000e-04 -2.06890000e-04 -3.55550000e-04 4.33070000e-04 -9.86100000e-05 1.39250000e-04 9.06490000e-04 2.83600000e-05 3.13400000e-05 -4.17280000e-04 -1.05953000e-03 -1.23580000e-04 1.35399000e-03 -4.40470000e-04 5.42900000e-04 4.95600000e-05 7.71100000e-05 1.04860000e-04 9.20860000e-04 3.37170000e-04 -2.57860000e-04 2.01900000e-04 1.72680000e-04 6.49450000e-04 9.43160000e-04 3.33480000e-04 2.30228000e-03 7.94400000e-04 9.05500000e-04 9.25460000e-04 6.83600000e-04 1.05787000e-03
1.86821000e-03 3.28980000e-04 -4.30800000e-04 -9.33870000e-04 6.53380000e-04 4.17190000e-04 2.71550000e-04 -7.40800000e-04 -8.01270000e-04 -7.58290000e-04 -6.46400000e-05 -1.43260000e-04 -3.71530000e-04 6.98500000e-05 -3.28490000e-04 -6.05530000e-04 7.16280000e-04 3.81410000e-04 -2.32390000e-04 -3.60060000e-04 -3.37880000e-04 -2.52960000e-04 -9.31750000e-04 5.22140000e-04 -8.82200000e-04 3.39970000e-04 9.87300000e-05 2.54700000e-04 -3.52000000e-05 -3.88660000e-04 3.70520000e-04 8.31800000e-05 -2.89350000e-04 8.27440000e-04 -6.21290000e-04 7.45550000e-04 -7.75600000e-05 1.12982000e-03 1.17007000e-03 -1.74030000e-03 6.99810000e-04 -8.54280000e-04 1.21674000e-03 -3.15280000e-04 -9.24000000e-06 -8.13000000e-05 8.77020000e-04 2.83910000e-04 1.04522000e-03 -2.28700000e-05 -2.56940000e-04 1.21390000e-04 -8.78800000e-05 3.08610000e-04 4.93130000e-04 6.32250000e-04 3.43410000e-04 4.44590000e-04 4.55240000e-04 -1.67690000e-04 -1.45699000e-03 -1.00611000e-03 3.85180000e-04 1.94790000e-04 9.65800000e-05 1.96910000e-04 5.92690000e-04 2.90870000e-04 6.75450000e-04 -3.19610000e-04 2.17800000e-05 4.16730000e-04 -3.30250000e-04 5.26700000e-05 2.34030000e-04 7.06670000e-04 -5.72630000e-04 -1.43623000e-03 -2.61600000e-04 -9.97000000e-06 3.45670000e-04 2.92680000e-04 5.14010000e-04 -5.10050000e-04 7.05930000e-04 -1.03283000e-03 -5.44820000e-04 -6.52180000e-04 1.01110000e-04 -6.29670000e-04 -7.15890000e-04 1.06155000e-03 4.55590000e-04 -3.34800000e-04 -8.54900000e-04 -2.26034000e-03 2.85910000e-04 1.31509000e-03 -8.72820000e-04 2.99350000e-04 -2.17130000e-04 -8.38100000e-05 8.55400000e-05 8.34020000e-04 9.04600000e-05 -4.04720000e-04 -2.44390000e-04 2.14070000e-04 4.81180000e-04 3.49720000e-04 4.76730000e-04 1.42887000e-03 9.43780000e-04 5.47560000e-04 1.26611000e-03 5.13680000e-04 1.63967000e-03
1.13608000e-03 2.62150000e-04 8.19480000e-04 1.14111000e-03 -5.56350000e-04 1.67500000e-05 9.02140000e-04 6.30940000e-04 -7.56420000e-04 2.14500000e-05 7.17110000e-04 2.95520000e-04 6.02880000e-04 -1.00570000e-04 4.83000000e-05 9.06230000e-04 3.48790000e-04 2.83186000e-03 -1.54480000e-04 4.68550000e-04 4.70700000e-04 1.92630000e-04 -8.74280000e-04 2.75398000e-03 -4.88120000e-04 -1.65800000e-04 9.75240000e-04 -4.99190000e-04 9.11900000e-05 4.50720000e-04 4.55070000e-04 5.54050000e-04 2.96930000e-04 4.36880000e-04 -3.43920000e-04 1.02603000e-03 8.86400000e-05 -4.80210000e-04 2.12520000e-03 -1.10570000e-04 -1.41260000e-04 -2.14830000e-04 -1.15389000e-03 -3.44300000e-05 1.08984000e-03 -8.86900000e-05 -1.31850000e-04 5.59710000e-04 -6.12110000e-04 1.03370000e-03 6.18100000e-04 6.26100000e-04 1.20260000e-04 1.84900000e-04 2.34810000e-04 7.05310000e-04 -3.95850000e-04 3.72160000e-04 -4.99000000e-05 8.79810000e-04 -1.32918000e-03 -3.50540000e-04 3.64030000e-04 6.07240000e-04 4.32098000e-03 -1.26969000e-03 2.30951000e-03 5.40690000e-04 -4.38130000e-04 5.16350000e-04 7.57360000e-04 1.04840000e-04 4.26390000e-04 3.95920000e-04 1.72571000e-03 -2.45730000e-04 6.60600000e-05 -1.38656000e-03 1.26486000e-03 8.65480000e-04 1.38852000e-03 -3.36150000e-04 3.89680000e-04 -4.31720000e-04 -6.18320000e-04 -6.31190000e-04 2.00260000e-04 -2.18300000e-05 1.73550000e-04 4.83970000e-04 7.56590000e-04 3.52410000e-04 -9.28380000e-04 8.40050000e-04 5.93630000e-04 1.65351000e-03 -8.93970000e-04 1.26696000e-03 -6.12200000e-05 9.91420000e-04 7.90080000e-04 4.30070000e-04 2.39670000e-04 9.09390000e-04 8.06520000e-04 3.77130000e-04 1.23644000e-03 3.20690000e-04 9.82450000e-04 1.95513000e-03 -4.26400000e-05 2.94373000e-03 5.57720000e-04 1.44067000e-03 1.09360000e-04 9.35200000e-04 1.80680000e-04
7.56155000e-03 1.32126000e-03 -1.13123000e-03 -2.66193000e-03 1.76512000e-03 1.53273000e-03 1.48542000e-03 -2.14900000e-03 -3.48465000e-03 -2.80487000e-03 2.32340000e-04 -3.79700000e-04 -8.65480000e-04 2.80590000e-04 -1.18289000e-03 -1.68289000e-03 1.85357000e-03 3.68785000e-03 -1.09209000e-03 -1.21346000e-03 -9.41470000e-04 -8.32480000e-04 -3.92979000e-03 3.80609000e-03 -3.66264000e-03 9.87960000e-04 7.85290000e-04 -5.81970000e-04 -2.39950000e-04 -1.97049000e-03 1.57097000e-03 5.40480000e-04 -1.10346000e-03 2.70429000e-03 -2.44875000e-03 3.21233000e-03 -3.99720000e-04 3.79148000e-03 5.37645000e-03 -6.22200000e-03 1.87142000e-03 -3.13630000e-03 3.77156000e-03 -1.35240000e-03 4.13260000e-04 -5.80680000e-04 2.67741000e-03 1.44178000e-03 3.19895000e-03 5.39680000e-04 -6.20060000e-04 6.17280000e-04 -3.77710000e-04 8.27100000e-04 1.77168000e-03 2.42402000e-03 7.03550000e-04 1.51749000e-03 1.65211000e-03 -4.11000000e-05 -5.98240000e-03 -3.87475000e-03 1.53590000e-03 9.00340000e-04 2.75293000e-03 -7.58750000e-04 4.21811000e-03 1.01093000e-03 1.86176000e-03 -1.52515000e-03 1.76590000e-04 1.40981000e-03 -1.30157000e-03 3.42270000e-04 1.95447000e-03 2.14205000e-03 -1.91029000e-03 -5.90075000e-03 -9.14880000e-04 8.21430000e-04 2.34269000e-03 6.96590000e-04 1.73347000e-03 -1.88641000e-03 1.88206000e-03 -4.07703000e-03 -1.87522000e-03 -2.26629000e-03 2.76090000e-04 -1.90590000e-03 -2.05808000e-03 4.01328000e-03 8.46990000e-04 -4.23700000e-04 -2.58579000e-03 -6.66677000e-03 2.53690000e-04 5.62528000e-03 -3.42268000e-03 1.68301000e-03 -2.90030000e-04 7.65600000e-05 3.89840000e-04 3.52104000e-03 6.62370000e-04 -1.27478000e-03 -1.86900000e-05 9.22800000e-04 2.22227000e-03 2.43286000e-03 1.56334000e-03 7.17992000e-03 3.51945000e-03 2.89357000e-03 4.14053000e-03 2.29461000e-03 5.07281000e-03
4.53870000e-04 -7.72900000e-05 3.19070000e-04 3.31530000e-04 -1.09040000e-04 -1.15900000e-04 4.19680000e-04 -4.87500000e-05 -4.00010000e-04 -2.17100000e-05 2.91040000e-04 8.22900000e-05 -2.48500000e-05 -3.34200000e-05 -2.37600000e-05 3.83120000e-04 4.20310000e-04 1.11495000e-03 -1.13520000e-04 1.34000000e-04 8.98600000e-05 3.78600000e-05 -4.48330000e-04 1.15145000e-03 -2.45300000e-04 -1.39500000e-05 4.40590000e-04 -2.06470000e-04 1.70300000e-05 -2.50000000e-06 2.04640000e-04 2.60840000e-04 7.62900000e-05 2.91690000e-04 -1.95150000e-04 4.64520000e-04 3.42300000e-05 2.47000000e-06 9.14730000e-04 -2.31120000e-04 3.91500000e-05 -1.66650000e-04 -3.10420000e-04 -5.32100000e-05 4.46270000e-04 -4.41900000e-05 5.98600000e-05 2.37060000e-04 -7.10900000e-05 4.17560000e-04 2.47060000e-04 2.65480000e-04 4.05400000e-05 1.11380000e-04 1.66680000e-04 3.21910000e-04 -3.43920000e-04 1.90170000e-04 -1.38640000e-04 3.57350000e-04 -6.74360000e-04 -2.18800000e-04 -1.12700000e-05 2.28650000e-04 1.65050000e-03 -5.15150000e-04 9.55320000e-04 3.05990000e-04 -7.71700000e-05 1.62240000e-04 3.24200000e-04 1.15950000e-04 1.83140000e-04 1.21470000e-04 7.22880000e-04 -1.93800000e-05 -8.14800000e-05 -6.61850000e-04 4.46030000e-04 3.12800000e-04 5.94000000e-04 -8.70600000e-05 1.97660000e-04 -2.24180000e-04 -1.38440000e-04 -3.30660000e-04 5.20500000e-05 -5.99500000e-05 9.77200000e-05 1.37620000e-04 2.69860000e-04 7.54500000e-05 -3.11370000e-04 1.00780000e-04 -7.38200000e-05 1.57070000e-04 -5.53410000e-04 4.06090000e-04 -1.49290000e-04 2.17980000e-04 7.76000000e-05 -1.84100000e-05 -8.50700000e-05 2.00790000e-04 9.37500000e-05 -9.68000000e-05 2.34230000e-04 -4.49900000e-05 2.42460000e-04 5.71440000e-04 -1.87830000e-04 1.28898000e-03 9.79000000e-05 5.87520000e-04 -3.57700000e-05 2.06260000e-04 -5.56100000e-05
2.50701000e-03 6.05490000e-04 1.39898000e-03 2.01894000e-03 -1.09101000e-03 1.06890000e-04 1.55621000e-03 1.21733000e-03 -1.40302000e-03 -6.57400000e-05 1.22679000e-03 4.68240000e-04 1.27129000e-03 -1.98740000e-04 1.05370000e-04 1.50306000e-03 4.85100000e-04 5.40401000e-03 -3.45140000e-04 7.19870000e-04 9.62300000e-04 3.60260000e-04 -1.66473000e-03 5.12264000e-03 -1.04148000e-03 -3.15810000e-04 1.68151000e-03 -1.12698000e-03 2.32480000e-04 9.74180000e-04 8.50500000e-04 9.27690000e-04 4.63580000e-04 8.40190000e-04 -6.81450000e-04 1.88773000e-03 5.49700000e-05 -8.37920000e-04 4.00148000e-03 -2.29630000e-04 -2.74250000e-04 -4.63610000e-04 -2.06090000e-03 8.97000000e-05 1.96566000e-03 -2.56890000e-04 -1.30610000e-04 1.14969000e-03 -1.04963000e-03 1.87798000e-03 1.05597000e-03 1.06397000e-03 1.11680000e-04 4.54730000e-04 4.63510000e-04 1.26000000e-03 -6.23860000e-04 5.82200000e-04 5.68000000e-06 1.55104000e-03 -2.52199000e-03 -7.30790000e-04 7.79450000e-04 1.15223000e-03 8.20029000e-03 -2.31778000e-03 4.35461000e-03 8.47540000e-04 -8.60370000e-04 8.13810000e-04 1.27464000e-03 1.57550000e-04 6.57480000e-04 7.61150000e-04 3.11770000e-03 -4.33060000e-04 1.45820000e-04 -2.61562000e-03 2.26059000e-03 1.55075000e-03 2.48292000e-03 -6.50510000e-04 6.26630000e-04 -7.80370000e-04 -1.01686000e-03 -1.23317000e-03 3.58800000e-04 -4.89200000e-05 3.04090000e-04 8.12900000e-04 1.27711000e-03 8.48120000e-04 -1.73548000e-03 1.54773000e-03 1.18392000e-03 2.96106000e-03 -1.48817000e-03 2.65520000e-03 2.42000000e-05 1.94683000e-03 1.49190000e-03 8.28010000e-04 5.30160000e-04 2.08904000e-03 1.54077000e-03 6.73560000e-04 2.32288000e-03 6.25870000e-04 1.91688000e-03 3.78176000e-03 1.19600000e-05 5.52710000e-03 1.29658000e-03 2.69836000e-03 6.27990000e-04 1.96511000e-03 1.02844000e-03
-8.05592000e-03 -8.36140000e-04 -4.31050000e-04 8.72980000e-04 -1.10349000e-03 -7.26220000e-04 -2.88732000e-03 2.09964000e-03 4.04494000e-03 2.20473000e-03 -1.04091000e-03 4.45500000e-05 8.78250000e-04 -3.96200000e-05 8.00110000e-04 -3.14060000e-04 -2.85283000e-03 -7.29809000e-03 1.35008000e-03 2.80190000e-04 2.01230000e-04 5.43000000e-04 4.54478000e-03 -7.39247000e-03 3.70069000e-03 -6.45170000e-04 -2.54134000e-03 1.68297000e-03 -2.69300000e-05 2.29009000e-03 -2.07875000e-03 -1.62782000e-03 3.53480000e-04 -3.47714000e-03 2.47688000e-03 -4.54168000e-03 -6.32500000e-05 -3.04073000e-03 -7.84974000e-03 5.66348000e-03 -1.88422000e-03 3.04776000e-03 -1.85878000e-03 8.88700000e-04 -2.10375000e-03 3.93520000e-04 -2.59183000e-03 -2.35757000e-03 -2.53423000e-03 -2.01105000e-03 -3.95510000e-04 -1.56401000e-03 7.45900000e-05 -1.27462000e-03 -2.12197000e-03 -3.32751000e-03 6.16160000e-04 -2.09217000e-03 -7.92380000e-04 -1.14435000e-03 6.98825000e-03 3.77695000e-03 -1.10160000e-03 -1.62214000e-03 -8.26571000e-03 2.25651000e-03 -6.93180000e-03 -2.05458000e-03 -1.27177000e-03 8.10110000e-04 -1.51579000e-03 -1.56691000e-03 1.46940000e-04 -8.29690000e-04 -3.93553000e-03 -1.63163000e-03 1.77899000e-03 6.91049000e-03 -7.18220000e-04 -1.56940000e-03 -4.15645000e-03 -1.56120000e-04 -2.29502000e-03 2.04957000e-03 -1.14181000e-03 4.36167000e-03 1.45698000e-03 2.07111000e-03 -7.15270000e-04 9.92800000e-04 4.47240000e-04 -3.55476000e-03 6.62530000e-04 2.60240000e-04 2.50672000e-03 5.17706000e-03 1.58972000e-03 -6.17419000e-03 2.90904000e-03 -1.99239000e-03 1.88970000e-04 2.47050000e-04 1.23340000e-04 -3.86700000e-03 -7.34290000e-04 1.64685000e-03 -5.77540000e-04 -3.94860000e-04 -2.46989000e-03 -3.89760000e-03 -6.06490000e-04 -1.05380500e-02 -3.27109000e-03 -4.51591000e-03 -3.46789000e-03 -2.60770000e-03 -4.37517000e-03
2.71816000e-03 7.26920000e-04 1.13413000e-03 3.09240000e-03 -2.12253000e-03 7.14500000e-05 8.13270000e-04 2.32664000e-03 -8.41580000e-04 8.79100000e-05 9.09410000e-04 -8.11400000e-05 2.09241000e-03 -4.20920000e-04 2.96170000e-04 1.05552000e-03 -1.98310000e-04 7.55819000e-03 -4.09770000e-04 4.40410000e-04 1.59677000e-03 5.57610000e-04 -1.04945000e-03 6.10695000e-03 -1.20455000e-03 -7.96820000e-04 8.57720000e-04 -4.23409000e-03 1.58720000e-04 2.45344000e-03 1.95320000e-04 1.92820000e-04 2.20130000e-04 2.85230000e-04 -3.11790000e-04 7.91790000e-04 -5.73840000e-04 -1.53407000e-03 3.42552000e-03 1.19749000e-03 -1.25892000e-03 -1.05750000e-04 -2.74187000e-03 3.97440000e-04 1.61878000e-03 -7.83350000e-04 -1.23455000e-03 9.36740000e-04 -1.12885000e-03 1.67080000e-03 8.58720000e-04 5.45900000e-04 -3.64190000e-04 -1.33800000e-05 -1.04690000e-04 1.95230000e-04 -6.44220000e-04 -4.81940000e-04 5.84300000e-05 1.39906000e-03 -1.07832000e-03 -2.74630000e-04 1.28765000e-03 1.12703000e-03 9.28788000e-03 -2.78912000e-03 5.71057000e-03 3.05270000e-04 -1.95202000e-03 7.18120000e-04 7.15790000e-04 -4.01620000e-04 2.13590000e-04 9.09280000e-04 2.78766000e-03 -1.31530000e-03 7.93970000e-04 -1.69770000e-03 2.10076000e-03 2.04179000e-03 2.22913000e-03 -1.15588000e-03 -3.02180000e-04 8.84900000e-05 -1.25799000e-03 -6.65530000e-04 7.95060000e-04 3.75080000e-04 -4.35600000e-05 8.97120000e-04 1.24544000e-03 9.07700000e-04 -2.41522000e-03 2.40511000e-03 2.49430000e-03 5.47150000e-03 -8.87150000e-04 3.88661000e-03 1.00799000e-03 2.26697000e-03 2.09316000e-03 1.07100000e-03 8.81100000e-04 3.30963000e-03 1.73500000e-03 1.24211000e-03 3.20149000e-03 9.59430000e-04 1.95124000e-03 3.72795000e-03 -1.94820000e-04 5.65987000e-03 1.62639000e-03 2.40116000e-03 1.09700000e-04 2.29645000e-03 6.03980000e-04
-3.67603000e-03 -3.77610000e-04 -4.05510000e-04 -1.44500000e-04 -1.24820000e-04 -1.76580000e-04 -1.36556000e-03 6.91800000e-04 1.87574000e-03 9.05330000e-04 -6.19600000e-04 1.16000000e-06 2.02080000e-04 2.26200000e-05 2.88030000e-04 -4.13360000e-04 -1.05367000e-03 -3.90602000e-03 6.81800000e-04 8.08500000e-05 -1.44990000e-04 1.36870000e-04 2.13010000e-03 -3.78480000e-03 1.71070000e-03 -1.44230000e-04 -1.22708000e-03 1.17100000e-03 -4.70500000e-05 9.39740000e-04 -1.02922000e-03 -7.69730000e-04 7.88900000e-05 -1.29922000e-03 1.07098000e-03 -2.20734000e-03 5.73000000e-06 -1.01483000e-03 -3.87871000e-03 2.23387000e-03 -5.78890000e-04 1.27357000e-03 -3.11710000e-04 2.99850000e-04 -1.16650000e-03 1.95830000e-04 -8.94580000e-04 -1.36924000e-03 -6.29740000e-04 -1.17727000e-03 -3.25090000e-04 -8.19070000e-04 4.42900000e-05 -5.09300000e-04 -9.22570000e-04 -1.54623000e-03 5.56630000e-04 -8.68670000e-04 -1.95070000e-04 -7.59300000e-04 3.24175000e-03 1.63971000e-03 -4.03420000e-04 -8.90970000e-04 -4.72138000e-03 1.66755000e-03 -3.64707000e-03 -8.62990000e-04 -2.81870000e-04 3.61990000e-04 -6.87160000e-04 -6.12680000e-04 -1.15300000e-05 -5.32370000e-04 -2.15583000e-03 -5.06360000e-04 6.62750000e-04 3.23067000e-03 -5.24910000e-04 -9.05300000e-04 -2.08859000e-03 1.35990000e-04 -9.64100000e-04 8.79230000e-04 -6.18800000e-05 1.94936000e-03 5.10630000e-04 8.09330000e-04 -3.07680000e-04 2.44640000e-04 -8.64200000e-05 -1.46502000e-03 6.79140000e-04 -1.74730000e-04 8.55740000e-04 1.43340000e-03 1.08515000e-03 -2.88296000e-03 1.20060000e-03 -1.04655000e-03 -6.29700000e-05 2.68500000e-05 9.27200000e-05 -1.79021000e-03 -4.57140000e-04 6.86600000e-04 -5.81080000e-04 -8.87300000e-05 -1.21371000e-03 -2.22786000e-03 -1.11520000e-04 -5.20575000e-03 -1.35858000e-03 -2.41803000e-03 -1.32660000e-03 -1.27605000e-03 -1.59999000e-03
1.36362000e-03 2.77300000e-04 -3.15860000e-04 -8.17500000e-04 5.52050000e-04 3.66600000e-04 3.33620000e-04 -5.86380000e-04 -6.20140000e-04 -5.90660000e-04 8.18300000e-05 8.39000000e-06 -2.78690000e-04 1.48760000e-04 -3.47810000e-04 -4.68640000e-04 4.82730000e-04 4.22510000e-04 -1.85340000e-04 -2.24320000e-04 -3.40750000e-04 -2.29140000e-04 -6.78710000e-04 5.58160000e-04 -6.86670000e-04 3.00310000e-04 1.51250000e-04 1.68830000e-04 -1.16310000e-04 -3.20480000e-04 3.03720000e-04 1.27950000e-04 -1.96180000e-04 6.37340000e-04 -4.53610000e-04 6.17960000e-04 3.09000000e-06 9.51140000e-04 9.19410000e-04 -1.40453000e-03 5.21210000e-04 -6.61190000e-04 1.08943000e-03 -4.40240000e-04 -5.27700000e-05 -4.95900000e-05 6.27630000e-04 8.76600000e-05 8.68900000e-04 -8.82000000e-06 -1.52730000e-04 1.20470000e-04 1.04200000e-05 1.47270000e-04 3.77500000e-04 5.24930000e-04 2.45020000e-04 4.07320000e-04 4.00500000e-04 -6.90100000e-05 -1.13227000e-03 -8.10810000e-04 3.05880000e-04 1.32730000e-04 -2.09300000e-05 1.55000000e-04 6.39440000e-04 2.00070000e-04 5.85530000e-04 -2.72400000e-04 5.80700000e-05 3.37290000e-04 -3.54230000e-04 3.29000000e-06 2.76600000e-04 5.66500000e-04 -4.81480000e-04 -1.11545000e-03 -2.46400000e-04 1.72610000e-04 4.63200000e-04 2.86090000e-04 4.33230000e-04 -4.73480000e-04 5.60900000e-04 -8.05410000e-04 -4.53330000e-04 -4.94570000e-04 3.94500000e-05 -4.32980000e-04 -5.29830000e-04 8.36060000e-04 4.61730000e-04 -2.16640000e-04 -6.81250000e-04 -1.78165000e-03 1.42270000e-04 9.76700000e-04 -8.82180000e-04 2.47360000e-04 -1.55490000e-04 -1.41600000e-05 7.02200000e-05 5.71020000e-04 9.14000000e-05 -2.65250000e-04 -1.68090000e-04 2.03830000e-04 3.86470000e-04 2.02980000e-04 4.05710000e-04 1.23617000e-03 7.12020000e-04 4.09160000e-04 8.44810000e-04 3.76960000e-04 1.07031000e-03
-1.00177200e-02 -1.25315000e-03 5.56430000e-04 2.32322000e-03 -1.82656000e-03 -1.33066000e-03 -2.73691000e-03 3.00936000e-03 4.96126000e-03 3.31416000e-03 -7.70930000e-04 3.91650000e-04 1.43569000e-03 -2.32490000e-04 1.38010000e-03 1.04225000e-03 -3.17873000e-03 -7.13981000e-03 1.66279000e-03 8.86880000e-04 8.24480000e-04 9.93010000e-04 5.58392000e-03 -7.25032000e-03 4.88490000e-03 -9.41110000e-04 -2.01899000e-03 1.55833000e-03 2.27650000e-04 3.17069000e-03 -2.39813000e-03 -1.36460000e-03 9.58320000e-04 -3.90923000e-03 3.18755000e-03 -5.07715000e-03 2.17990000e-04 -4.44313000e-03 -8.78744000e-03 7.87427000e-03 -2.43554000e-03 4.08115000e-03 -3.63196000e-03 1.58000000e-03 -1.68186000e-03 5.30780000e-04 -3.29560000e-03 -2.50273000e-03 -3.72600000e-03 -1.62889000e-03 1.92690000e-04 -1.50597000e-03 2.44250000e-04 -1.15838000e-03 -2.37347000e-03 -3.83924000e-03 -1.24000000e-06 -2.45297000e-03 -1.44878000e-03 -6.88080000e-04 8.45957000e-03 5.03117000e-03 -1.55652000e-03 -1.56899000e-03 -7.11381000e-03 1.97039000e-03 -7.27122000e-03 -1.97397000e-03 -2.06318000e-03 1.51890000e-03 -1.13466000e-03 -1.83185000e-03 1.10319000e-03 -7.33360000e-04 -3.81174000e-03 -2.40140000e-03 2.52706000e-03 8.40218000e-03 2.52620000e-04 -1.60150000e-03 -4.09882000e-03 -4.12810000e-04 -2.77695000e-03 2.58890000e-03 -1.86004000e-03 5.52606000e-03 2.23487000e-03 2.85947000e-03 -5.18460000e-04 1.99460000e-03 1.78051000e-03 -4.72740000e-03 -6.84800000e-05 7.10860000e-04 3.62847000e-03 8.09849000e-03 8.70190000e-04 -7.51569000e-03 4.18832000e-03 -2.13682000e-03 5.08620000e-04 3.72020000e-04 4.82200000e-05 -4.59736000e-03 -7.07250000e-04 2.14262000e-03 -1.03960000e-04 -7.31340000e-04 -2.75730000e-03 -3.85913000e-03 -1.34184000e-03 -1.15964500e-02 -4.17780000e-03 -4.95985000e-03 -4.65033000e-03 -2.88471000e-03 -5.74911000e-03
-2.52313000e-03 -2.47990000e-04 -7.05510000e-04 -7.67670000e-04 3.20630000e-04 -6.51200000e-05 -1.19731000e-03 3.91600000e-05 1.42304000e-03 3.97290000e-04 -6.87300000e-04 -8.50900000e-05 -1.34130000e-04 3.56400000e-05 7.15000000e-05 -7.43790000e-04 -7.18680000e-04 -3.79230000e-03 4.62850000e-04 -2.14670000e-04 -3.10760000e-04 -1.27500000e-05 1.60719000e-03 -3.58180000e-03 1.13981000e-03 8.92100000e-05 -1.15797000e-03 1.22506000e-03 -6.53100000e-05 5.86710000e-04 -7.92520000e-04 -7.11360000e-04 -8.82800000e-05 -8.28130000e-04 7.33810000e-04 -1.66517000e-03 -2.05600000e-05 -2.20660000e-04 -3.20450000e-03 1.13722000e-03 -6.86800000e-05 7.24490000e-04 5.58150000e-04 1.34560000e-04 -1.26436000e-03 1.68820000e-04 -2.88490000e-04 -1.00417000e-03 3.63400000e-05 -1.23002000e-03 -5.19780000e-04 -7.80240000e-04 -3.07300000e-05 -2.70150000e-04 -5.19230000e-04 -1.13159000e-03 6.24380000e-04 -5.99940000e-04 -4.78700000e-05 -9.05180000e-04 2.32138000e-03 9.67960000e-04 -3.66700000e-04 -6.97150000e-04 -4.84183000e-03 1.72302000e-03 -3.33320000e-03 -7.46320000e-04 2.24510000e-04 1.46400000e-05 -7.86010000e-04 -3.29130000e-04 -2.24100000e-04 -4.21350000e-04 -2.08536000e-03 8.76000000e-06 2.79390000e-04 2.36402000e-03 -7.81780000e-04 -1.00608000e-03 -1.86107000e-03 3.51230000e-04 -6.95370000e-04 5.92970000e-04 3.89260000e-04 1.28512000e-03 1.52040000e-04 4.26230000e-04 -2.22570000e-04 -1.62610000e-04 -5.00450000e-04 -8.97080000e-04 1.03320000e-03 -5.20910000e-04 1.58240000e-04 -2.06810000e-04 1.10545000e-03 -2.21319000e-03 6.32780000e-04 -9.98120000e-04 -4.17840000e-04 -1.50540000e-04 -1.91400000e-05 -1.38289000e-03 -5.41450000e-04 2.16610000e-04 -9.27250000e-04 -1.82800000e-04 -1.04259000e-03 -2.11697000e-03 8.10200000e-05 -4.42519000e-03 -8.87570000e-04 -2.10106000e-03 -5.28180000e-04 -1.04787000e-03 -5.43660000e-04
-5.13408000e-03 -7.06240000e-04 1.00370000e-04 6.38150000e-04 -6.33880000e-04 -5.85440000e-04 -1.32472000e-03 1.16695000e-03 2.33639000e-03 1.50153000e-03 -3.22380000e-04 2.37560000e-04 4.44450000e-04 1.32200000e-05 4.10340000e-04 2.20940000e-04 -1.22693000e-03 -3.89084000e-03 8.17260000e-04 4.68010000e-04 5.12000000e-05 3.12590000e-04 2.64616000e-03 -3.71129000e-03 2.34222000e-03 -3.76320000e-04 -1.04574000e-03 1.37454000e-03 -5.00300000e-05 1.15102000e-03 -1.18193000e-03 -6.72570000e-04 4.16450000e-04 -1.71397000e-03 1.45772000e-03 -2.53725000e-03 1.45670000e-04 -1.88702000e-03 -4.33566000e-03 3.41042000e-03 -1.01324000e-03 1.82977000e-03 -1.39406000e-03 4.06540000e-04 -9.10560000e-04 3.03060000e-04 -1.49320000e-03 -1.64596000e-03 -1.49353000e-03 -9.47790000e-04 5.68400000e-05 -7.17270000e-04 2.17140000e-04 -6.66500000e-04 -1.22629000e-03 -1.79304000e-03 1.14860000e-04 -1.00963000e-03 -6.48150000e-04 -4.09320000e-04 3.96479000e-03 2.30176000e-03 -7.59160000e-04 -9.37290000e-04 -3.96886000e-03 1.38611000e-03 -3.82881000e-03 -9.28060000e-04 -7.49420000e-04 9.09170000e-04 -4.42360000e-04 -8.64390000e-04 3.13310000e-04 -5.69020000e-04 -1.90732000e-03 -1.01939000e-03 9.61790000e-04 3.96468000e-03 1.39930000e-04 -7.28660000e-04 -2.06028000e-03 -8.06100000e-05 -1.17389000e-03 9.72790000e-04 -6.53240000e-04 2.57967000e-03 9.30540000e-04 1.26972000e-03 -3.67370000e-04 8.30320000e-04 5.70170000e-04 -2.31798000e-03 3.09400000e-04 4.09200000e-05 1.40874000e-03 3.09554000e-03 4.73440000e-04 -3.91752000e-03 1.68968000e-03 -1.20162000e-03 1.12460000e-04 6.74200000e-05 -3.55000000e-05 -2.48295000e-03 -4.62500000e-04 9.77180000e-04 -3.35970000e-04 -2.99120000e-04 -1.46179000e-03 -2.26003000e-03 -5.66060000e-04 -5.75303000e-03 -2.05640000e-03 -2.58158000e-03 -2.29661000e-03 -1.58061000e-03 -2.72732000e-03
1.38816700e-02 1.96181000e-03 -5.84290000e-04 -2.01797000e-03 1.80448000e-03 1.79184000e-03 3.45870000e-03 -2.98569000e-03 -6.28294000e-03 -4.27072000e-03 8.70950000e-04 -6.68280000e-04 -1.01721000e-03 1.94500000e-05 -1.34413000e-03 -1.15969000e-03 3.41845000e-03 1.12655400e-02 -2.12068000e-03 -1.25014000e-03 -2.41660000e-04 -9.37570000e-04 -7.05152000e-03 1.06992000e-02 -6.55909000e-03 1.06424000e-03 2.58844000e-03 -4.17016000e-03 -6.54800000e-05 -2.30193000e-03 2.87116000e-03 1.56548000e-03 -1.32440000e-03 5.00819000e-03 -4.02635000e-03 6.39346000e-03 -5.68470000e-04 5.40011000e-03 1.15683600e-02 -9.42472000e-03 2.70585000e-03 -5.13240000e-03 4.17147000e-03 -1.51414000e-03 2.16335000e-03 -1.09868000e-03 3.93744000e-03 3.68217000e-03 4.76911000e-03 2.25095000e-03 -2.75120000e-04 1.70681000e-03 -6.53420000e-04 1.62420000e-03 3.14052000e-03 4.52440000e-03 -3.08000000e-06 2.60838000e-03 1.97299000e-03 9.41340000e-04 -1.04612100e-02 -6.37960000e-03 2.49802000e-03 2.36702000e-03 1.08880400e-02 -3.01661000e-03 1.07763900e-02 2.40513000e-03 2.02881000e-03 -2.14729000e-03 1.19328000e-03 2.26785000e-03 -1.27938000e-03 1.35486000e-03 5.05234000e-03 2.77314000e-03 -2.62615000e-03 -1.07108200e-02 -2.13700000e-04 2.35454000e-03 5.64902000e-03 3.30260000e-04 3.01079000e-03 -2.72550000e-03 2.32275000e-03 -7.07598000e-03 -2.56547000e-03 -3.45926000e-03 7.71870000e-04 -2.40693000e-03 -1.97348000e-03 6.49570000e-03 -5.55120000e-04 -6.46400000e-05 -3.62705000e-03 -8.53113000e-03 -8.32550000e-04 1.11058900e-02 -4.57010000e-03 3.39798000e-03 -5.21800000e-05 -9.67200000e-05 3.21600000e-04 7.22590000e-03 1.37793000e-03 -2.36592000e-03 1.09685000e-03 1.23074000e-03 4.05661000e-03 5.74231000e-03 1.70326000e-03 1.58594100e-02 5.97175000e-03 6.60055000e-03 6.16958000e-03 4.42223000e-03 7.71879000e-03
-9.40650000e-04 -4.97300000e-05 9.62700000e-05 7.17200000e-05 -2.32350000e-04 1.17230000e-04 -1.18830000e-04 4.89070000e-04 2.20770000e-04 2.91050000e-04 2.27320000e-04 1.39310000e-04 3.06030000e-04 1.12760000e-04 -1.54660000e-04 -2.25000000e-06 3.97800000e-05 -4.28850000e-04 1.54600000e-04 1.10830000e-04 -2.38590000e-04 -1.73800000e-05 2.05150000e-04 -2.88180000e-04 3.76590000e-04 -8.29800000e-05 -1.34520000e-04 7.70620000e-04 -1.42610000e-04 9.57700000e-05 -1.42430000e-04 -9.83400000e-05 4.40900000e-05 -2.28870000e-04 7.97600000e-05 -4.89240000e-04 -5.73600000e-05 -4.45030000e-04 -5.26320000e-04 5.07390000e-04 -3.30010000e-04 2.85480000e-04 -4.31160000e-04 -2.26110000e-04 6.15100000e-05 -3.04500000e-05 -3.69040000e-04 -7.14560000e-04 -4.17610000e-04 5.79000000e-06 1.93050000e-04 -2.62400000e-05 8.16000000e-05 -2.06660000e-04 -3.40820000e-04 -2.66800000e-04 7.63100000e-05 -1.26610000e-04 8.08600000e-05 1.54870000e-04 3.45600000e-04 3.57190000e-04 1.36670000e-04 -2.49230000e-04 7.58000000e-06 6.39300000e-05 -4.15390000e-04 -7.88000000e-05 -2.52280000e-04 5.00740000e-04 1.31610000e-04 -1.83610000e-04 -6.92500000e-05 -2.77650000e-04 1.16750000e-04 -2.76450000e-04 3.69600000e-05 3.93380000e-04 4.39950000e-04 1.91670000e-04 -1.98240000e-04 -5.29200000e-05 -1.11840000e-04 -1.70200000e-04 -1.94720000e-04 3.62670000e-04 2.09480000e-04 2.07930000e-04 -1.83190000e-04 2.50680000e-04 6.74200000e-05 -2.75020000e-04 2.85700000e-05 3.00890000e-04 4.97260000e-04 9.51980000e-04 -7.42800000e-05 -5.80330000e-04 -8.79000000e-06 1.12490000e-04 4.03350000e-04 3.09290000e-04 2.49850000e-04 -3.57350000e-04 1.93980000e-04 5.71340000e-04 3.22530000e-04 2.85370000e-04 9.48300000e-05 7.90000000e-07 1.88200000e-05 -5.78320000e-04 -1.45960000e-04 -3.08790000e-04 -3.62770000e-04 -1.13700000e-05 -3.86280000e-04
3.25508000e-03 3.22910000e-04 -3.26780000e-04 -1.09481000e-03 9.17370000e-04 3.76090000e-04 8.17480000e-04 -1.31256000e-03 -1.56983000e-03 -1.18502000e-03 8.50100000e-05 -1.73490000e-04 -6.70940000e-04 6.10000000e-05 -4.08900000e-04 -4.45900000e-04 1.07555000e-03 1.66237000e-03 -5.13610000e-04 -4.70120000e-04 -3.21960000e-04 -3.21270000e-04 -1.75164000e-03 1.84667000e-03 -1.55404000e-03 4.86570000e-04 6.06830000e-04 -2.60280000e-04 7.65000000e-06 -1.05918000e-03 7.40280000e-04 4.05950000e-04 -3.90450000e-04 1.43443000e-03 -1.06620000e-03 1.60636000e-03 -4.99200000e-05 1.80651000e-03 2.51799000e-03 -2.79041000e-03 1.03180000e-03 -1.42420000e-03 1.62208000e-03 -4.09800000e-04 3.01990000e-04 -1.92430000e-04 1.40334000e-03 8.53500000e-04 1.54010000e-03 3.17580000e-04 -2.09010000e-04 3.47130000e-04 -1.31580000e-04 5.64810000e-04 9.64520000e-04 1.17735000e-03 -8.72000000e-06 7.82980000e-04 4.27690000e-04 1.47100000e-05 -2.72175000e-03 -1.71116000e-03 3.61190000e-04 4.78220000e-04 1.47181000e-03 -2.96260000e-04 1.81872000e-03 6.11320000e-04 9.21650000e-04 -6.18950000e-04 2.02400000e-04 7.46090000e-04 -3.09480000e-04 2.11800000e-04 9.07480000e-04 1.01412000e-03 -8.69120000e-04 -2.65914000e-03 -2.70470000e-04 2.03550000e-04 1.16394000e-03 3.49820000e-04 8.04520000e-04 -7.89830000e-04 9.14030000e-04 -1.84157000e-03 -8.43530000e-04 -1.00981000e-03 2.63650000e-04 -7.96130000e-04 -7.28060000e-04 1.56337000e-03 3.13840000e-04 -5.44740000e-04 -1.48340000e-03 -3.42472000e-03 -2.34250000e-04 2.27304000e-03 -1.34943000e-03 4.86880000e-04 -4.73500000e-04 -2.74050000e-04 -1.30870000e-04 1.35711000e-03 8.37000000e-06 -9.55160000e-04 -3.37030000e-04 4.98800000e-05 7.50720000e-04 8.94770000e-04 3.79510000e-04 3.29040000e-03 1.32709000e-03 1.32896000e-03 1.73796000e-03 8.10000000e-04 2.20892000e-03
-2.45390000e-03 -2.06940000e-04 -7.28800000e-05 -7.76700000e-05 -3.66900000e-05 -7.28700000e-05 -6.69190000e-04 5.47920000e-04 1.27925000e-03 7.15600000e-04 -2.12280000e-04 2.09100000e-04 2.82270000e-04 5.54700000e-05 2.00970000e-04 -5.41000000e-06 -6.85310000e-04 -2.55692000e-03 4.83770000e-04 1.13480000e-04 -9.09500000e-05 1.56380000e-04 1.44690000e-03 -2.35937000e-03 1.26337000e-03 -2.50000000e-06 -5.45090000e-04 1.05862000e-03 8.47000000e-06 7.41190000e-04 -5.85780000e-04 -3.41500000e-04 1.58010000e-04 -7.69300000e-04 7.43380000e-04 -1.31281000e-03 1.06950000e-04 -6.88560000e-04 -2.51546000e-03 1.57367000e-03 -3.23870000e-04 9.34460000e-04 -2.33380000e-04 2.05200000e-04 -6.58030000e-04 1.72880000e-04 -4.93470000e-04 -8.92170000e-04 -5.02240000e-04 -6.24610000e-04 -5.57000000e-05 -4.68680000e-04 1.01840000e-04 -1.97430000e-04 -4.76020000e-04 -9.12920000e-04 3.12030000e-04 -4.94400000e-04 -9.87800000e-05 -3.33460000e-04 2.06052000e-03 1.15109000e-03 -2.63200000e-04 -4.94900000e-04 -2.88830000e-03 1.01792000e-03 -2.34198000e-03 -4.76990000e-04 -1.40400000e-04 2.81660000e-04 -3.40770000e-04 -3.06850000e-04 1.44650000e-04 -3.18820000e-04 -1.21457000e-03 -2.97180000e-04 4.61430000e-04 2.15076000e-03 -1.69180000e-04 -5.33570000e-04 -1.13866000e-03 1.96660000e-04 -6.01540000e-04 5.14710000e-04 -5.01600000e-05 1.33294000e-03 4.09050000e-04 6.06140000e-04 -1.01820000e-04 3.37910000e-04 1.87450000e-04 -9.46730000e-04 5.07160000e-04 1.41500000e-05 6.81140000e-04 1.15642000e-03 5.06100000e-04 -2.01773000e-03 7.43500000e-04 -5.54790000e-04 4.94600000e-05 1.72230000e-04 1.28710000e-04 -1.21898000e-03 -1.97530000e-04 5.67500000e-04 -2.59040000e-04 -3.90300000e-05 -6.33870000e-04 -1.23730000e-03 -5.78300000e-05 -3.32552000e-03 -8.49580000e-04 -1.55651000e-03 -7.69280000e-04 -6.95070000e-04 -9.18340000e-04
-5.34160000e-04 -1.13460000e-04 3.73280000e-04 4.60390000e-04 -3.35930000e-04 -6.70900000e-05 1.80940000e-04 4.71720000e-04 7.88900000e-05 3.20310000e-04 3.39910000e-04 1.64390000e-04 3.53930000e-04 1.23500000e-05 -4.34300000e-05 3.79360000e-04 1.68760000e-04 6.62060000e-04 6.09900000e-05 2.44600000e-04 3.68000000e-05 7.59800000e-05 6.10500000e-05 7.21190000e-04 2.37260000e-04 -1.25900000e-04 2.46650000e-04 1.71310000e-04 -4.52600000e-05 2.54330000e-04 -6.37800000e-05 1.00610000e-04 1.62490000e-04 6.19800000e-05 5.33200000e-05 -1.66260000e-04 1.91000000e-06 -4.54600000e-04 9.93400000e-05 5.48530000e-04 -2.61120000e-04 2.14940000e-04 -7.11590000e-04 -6.76600000e-05 3.61300000e-04 -6.20400000e-05 -3.04510000e-04 -3.98700000e-04 -3.58660000e-04 2.85830000e-04 3.48700000e-04 1.11580000e-04 7.65600000e-05 -3.42400000e-05 -1.67330000e-04 -9.23300000e-05 -2.09330000e-04 -4.89800000e-05 -1.00730000e-04 3.47440000e-04 1.04950000e-04 2.79670000e-04 8.80600000e-05 -1.05100000e-05 1.37882000e-03 -2.14100000e-04 3.83240000e-04 1.24030000e-04 -3.56060000e-04 5.76860000e-04 3.39860000e-04 -1.09180000e-04 1.50620000e-04 -8.91800000e-05 5.07940000e-04 -3.31310000e-04 9.27500000e-05 9.93700000e-05 7.70390000e-04 3.50670000e-04 2.78000000e-04 -1.38070000e-04 -6.61600000e-05 -1.34530000e-04 -2.15020000e-04 2.03750000e-04 2.68480000e-04 2.31860000e-04 -6.44900000e-05 3.87730000e-04 3.73300000e-04 -2.48510000e-04 -2.87240000e-04 3.28650000e-04 5.14750000e-04 1.15825000e-03 -4.16370000e-04 -1.66740000e-04 1.94590000e-04 2.31100000e-04 3.95600000e-04 2.17050000e-04 1.37660000e-04 -1.16000000e-05 2.14260000e-04 4.11850000e-04 4.67720000e-04 1.53500000e-04 1.95010000e-04 3.50440000e-04 -1.85610000e-04 3.56350000e-04 -4.25800000e-05 5.95100000e-05 -3.40770000e-04 1.68880000e-04 -2.25710000e-04
-2.34393000e-03 -4.39660000e-04 1.61680000e-04 1.81900000e-04 -1.23260000e-04 -3.67610000e-04 -3.56000000e-04 2.54050000e-04 9.12750000e-04 6.48350000e-04 -4.84500000e-05 2.15500000e-04 -5.95000000e-06 -6.84000000e-06 1.15930000e-04 3.00110000e-04 -3.22990000e-04 -1.74782000e-03 3.29550000e-04 3.13870000e-04 -6.75300000e-05 7.84900000e-05 1.05797000e-03 -1.44576000e-03 1.03536000e-03 -1.12280000e-04 -1.87870000e-04 9.42990000e-04 -5.49900000e-05 2.33100000e-04 -4.56150000e-04 -1.24980000e-04 2.56500000e-04 -5.27930000e-04 5.62800000e-04 -9.04940000e-04 1.88260000e-04 -6.82760000e-04 -1.70824000e-03 1.25031000e-03 -2.52760000e-04 7.05630000e-04 -5.80630000e-04 5.67600000e-05 -2.88810000e-04 1.82990000e-04 -4.80940000e-04 -7.51670000e-04 -5.47380000e-04 -3.45460000e-04 1.07850000e-04 -2.15120000e-04 1.75250000e-04 -1.94790000e-04 -4.19270000e-04 -6.08150000e-04 -8.50800000e-05 -2.44830000e-04 -4.08890000e-04 -1.23640000e-04 1.48331000e-03 9.16290000e-04 -4.75020000e-04 -3.85350000e-04 -1.57674000e-03 6.89740000e-04 -1.69191000e-03 -2.36660000e-04 -1.54480000e-04 5.20330000e-04 -2.42800000e-05 -2.80740000e-04 2.54450000e-04 -2.73030000e-04 -6.89830000e-04 -2.86030000e-04 2.75960000e-04 1.51328000e-03 2.60370000e-04 -3.56210000e-04 -7.03040000e-04 2.67600000e-05 -3.63060000e-04 2.29360000e-04 -1.78570000e-04 9.83370000e-04 3.46950000e-04 4.84960000e-04 -1.15020000e-04 3.86760000e-04 3.29380000e-04 -1.10268000e-03 1.75030000e-04 -1.73820000e-04 3.40000000e-04 9.26580000e-04 -5.81300000e-05 -1.91022000e-03 5.64590000e-04 -6.20830000e-04 -1.07950000e-04 -9.86400000e-05 -1.64500000e-04 -1.29500000e-03 -2.90940000e-04 2.64720000e-04 -3.19010000e-04 -2.58960000e-04 -6.86590000e-04 -1.04111000e-03 -3.40720000e-04 -2.31070000e-03 -9.92500000e-04 -1.06849000e-03 -1.04696000e-03 -7.82860000e-04 -1.20575000e-03
8.31390000e-03 1.07664000e-03 -1.03683000e-03 -2.65729000e-03 2.06530000e-03 1.24234000e-03 1.76134000e-03 -2.75122000e-03 -3.72304000e-03 -2.92717000e-03 9.23100000e-05 -5.43480000e-04 -1.27689000e-03 1.05600000e-04 -1.03344000e-03 -1.47465000e-03 2.42888000e-03 4.64158000e-03 -1.22382000e-03 -1.16917000e-03 -7.18340000e-04 -7.81430000e-04 -4.17571000e-03 4.73614000e-03 -3.95538000e-03 1.07013000e-03 1.16352000e-03 -1.26549000e-03 -5.59500000e-05 -1.95468000e-03 1.63617000e-03 7.48200000e-04 -1.07470000e-03 3.42165000e-03 -2.54829000e-03 3.61118000e-03 -3.34360000e-04 4.30377000e-03 6.11247000e-03 -6.64106000e-03 2.37436000e-03 -3.42298000e-03 4.01429000e-03 -1.05800000e-03 6.55510000e-04 -5.60940000e-04 3.15346000e-03 1.92452000e-03 3.93566000e-03 6.61370000e-04 -6.37500000e-04 7.16520000e-04 -4.48380000e-04 1.18944000e-03 2.13537000e-03 2.71631000e-03 4.18390000e-04 1.71611000e-03 1.38581000e-03 -8.82800000e-05 -6.35999000e-03 -4.14069000e-03 1.36358000e-03 1.16562000e-03 3.67095000e-03 -5.86640000e-04 4.86760000e-03 1.44571000e-03 2.07358000e-03 -1.58422000e-03 3.93020000e-04 1.66283000e-03 -1.03578000e-03 5.61050000e-04 2.03995000e-03 2.34217000e-03 -2.01061000e-03 -6.30314000e-03 -8.26630000e-04 7.14420000e-04 2.68389000e-03 7.48000000e-04 1.93429000e-03 -1.74144000e-03 2.34197000e-03 -4.40045000e-03 -1.96778000e-03 -2.40256000e-03 5.16580000e-04 -2.06199000e-03 -2.00422000e-03 4.12502000e-03 7.47710000e-04 -9.57280000e-04 -3.17491000e-03 -7.79907000e-03 7.12700000e-05 6.15559000e-03 -3.14263000e-03 1.48298000e-03 -7.49320000e-04 -4.11720000e-04 3.01000000e-05 3.93253000e-03 2.99790000e-04 -1.93822000e-03 -4.36940000e-04 5.75120000e-04 2.04260000e-03 2.30605000e-03 1.27286000e-03 8.16994000e-03 3.65952000e-03 3.17669000e-03 4.42034000e-03 2.26987000e-03 5.66723000e-03
3.02669000e-03 3.85700000e-05 -4.58620000e-04 -1.55729000e-03 1.20019000e-03 2.76950000e-04 8.05710000e-04 -1.72948000e-03 -1.44394000e-03 -1.14490000e-03 6.39500000e-05 -1.92070000e-04 -9.77190000e-04 1.35230000e-04 -5.57900000e-04 -6.63850000e-04 1.62691000e-03 1.53041000e-03 -4.98100000e-04 -4.93700000e-04 -5.42930000e-04 -3.99870000e-04 -1.62969000e-03 1.82540000e-03 -1.48940000e-03 5.99780000e-04 5.75980000e-04 -1.08300000e-05 -4.09500000e-05 -1.03433000e-03 6.48530000e-04 3.88090000e-04 -4.23230000e-04 1.83099000e-03 -1.02444000e-03 1.40544000e-03 -5.03400000e-05 2.16917000e-03 2.35045000e-03 -2.93385000e-03 1.29881000e-03 -1.46375000e-03 2.05748000e-03 -4.96830000e-04 2.51110000e-04 -1.54420000e-04 1.63019000e-03 4.87490000e-04 2.14562000e-03 1.70700000e-04 -2.24110000e-04 2.97350000e-04 -1.12710000e-04 6.51320000e-04 9.71750000e-04 1.15961000e-03 -5.14200000e-05 8.61180000e-04 3.44020000e-04 -9.09900000e-05 -2.59653000e-03 -1.69352000e-03 2.59900000e-04 3.71970000e-04 1.12448000e-03 2.82860000e-04 1.64961000e-03 7.66490000e-04 1.13888000e-03 -4.71580000e-04 3.27090000e-04 8.22270000e-04 -4.15270000e-04 5.27900000e-05 7.26410000e-04 1.12245000e-03 -1.04576000e-03 -2.46679000e-03 -2.44930000e-04 1.89040000e-04 1.05668000e-03 5.12070000e-04 9.07740000e-04 -8.36300000e-04 1.41571000e-03 -1.75685000e-03 -8.68950000e-04 -1.00777000e-03 2.52300000e-04 -9.05960000e-04 -9.37070000e-04 1.45564000e-03 6.70940000e-04 -1.04061000e-03 -1.89114000e-03 -4.41698000e-03 -2.36410000e-04 2.01479000e-03 -1.33576000e-03 1.72850000e-04 -7.95300000e-04 -5.61210000e-04 -3.14310000e-04 1.26084000e-03 -3.62380000e-04 -1.20998000e-03 -8.19590000e-04 -7.53500000e-05 4.58380000e-04 2.78620000e-04 2.48030000e-04 3.16930000e-03 1.30340000e-03 1.03244000e-03 1.78874000e-03 5.93190000e-04 2.58726000e-03
-4.94980000e-04 -3.78300000e-05 1.94650000e-04 1.17800000e-05 -4.26200000e-05 1.07140000e-04 1.56310000e-04 2.68310000e-04 7.36000000e-05 2.18490000e-04 2.86360000e-04 2.00360000e-04 1.96150000e-04 1.21080000e-04 -1.16920000e-04 1.27160000e-04 2.66750000e-04 2.42000000e-05 1.15570000e-04 1.74540000e-04 -1.80130000e-04 -5.80000000e-07 7.35600000e-05 2.03930000e-04 2.42580000e-04 2.30200000e-05 1.57890000e-04 5.79080000e-04 -7.95400000e-05 6.37300000e-05 -1.90800000e-05 9.52700000e-05 9.94600000e-05 1.00790000e-04 2.94300000e-05 -1.61520000e-04 5.71800000e-05 -1.83190000e-04 -1.03360000e-04 2.19850000e-04 -9.73000000e-05 1.46400000e-04 -2.06360000e-04 -1.96440000e-04 1.73010000e-04 1.53700000e-05 -1.20600000e-04 -5.12060000e-04 -1.17990000e-04 1.18290000e-04 2.33240000e-04 8.52500000e-05 1.31500000e-04 -5.18700000e-05 -1.27940000e-04 -2.98800000e-05 1.70500000e-05 6.38000000e-05 7.67100000e-05 2.19270000e-04 7.91000000e-05 1.90380000e-04 1.36570000e-04 -1.08510000e-04 3.60330000e-04 9.56600000e-05 -1.98100000e-05 1.18810000e-04 -9.03000000e-05 4.18260000e-04 2.84210000e-04 -1.73000000e-05 4.08400000e-05 -1.83650000e-04 2.77390000e-04 -1.51160000e-04 -1.82600000e-05 1.31180000e-04 4.24780000e-04 2.51060000e-04 1.42360000e-04 4.70500000e-05 4.95800000e-05 -1.89430000e-04 -3.91200000e-05 1.74370000e-04 1.10600000e-04 1.03510000e-04 -4.54000000e-05 2.28610000e-04 1.48830000e-04 -1.01560000e-04 6.72300000e-05 1.77430000e-04 2.67100000e-04 4.70690000e-04 -1.61200000e-04 -2.74780000e-04 -6.42900000e-05 1.46350000e-04 2.87510000e-04 2.20270000e-04 1.72330000e-04 -1.57430000e-04 1.56750000e-04 3.74910000e-04 2.45730000e-04 2.29060000e-04 1.55840000e-04 8.84100000e-05 1.78300000e-05 1.13500000e-05 3.16000000e-06 -1.10880000e-04 -1.82710000e-04 7.57600000e-05 -1.27270000e-04
-1.09283700e-02 -1.38072000e-03 4.44980000e-04 2.23494000e-03 -2.04017000e-03 -1.25078000e-03 -3.01153000e-03 3.28008000e-03 5.08391000e-03 3.45251000e-03 -6.79430000e-04 4.05830000e-04 1.48912000e-03 -1.03990000e-04 1.15680000e-03 7.84850000e-04 -3.22679000e-03 -7.60838000e-03 1.74339000e-03 9.96870000e-04 5.02620000e-04 8.68660000e-04 5.71881000e-03 -7.64572000e-03 5.09039000e-03 -1.10366000e-03 -2.36704000e-03 2.01291000e-03 -1.30300000e-05 2.85939000e-03 -2.56863000e-03 -1.56867000e-03 8.75130000e-04 -4.28560000e-03 3.24237000e-03 -5.59106000e-03 1.05980000e-04 -4.77292000e-03 -9.27233000e-03 8.14193000e-03 -2.80704000e-03 4.26610000e-03 -3.90173000e-03 1.20348000e-03 -1.73968000e-03 5.05620000e-04 -3.76980000e-03 -3.18632000e-03 -4.02968000e-03 -1.76095000e-03 2.34440000e-04 -1.56990000e-03 3.07040000e-04 -1.59245000e-03 -2.84967000e-03 -4.11330000e-03 1.19090000e-04 -2.56724000e-03 -1.40586000e-03 -6.54760000e-04 8.81796000e-03 5.27144000e-03 -1.49317000e-03 -1.93656000e-03 -7.49391000e-03 2.09251000e-03 -7.67490000e-03 -2.16944000e-03 -2.27347000e-03 1.80522000e-03 -1.11659000e-03 -2.11130000e-03 7.90310000e-04 -1.06146000e-03 -3.85104000e-03 -2.67843000e-03 2.46941000e-03 8.75783000e-03 3.07320000e-04 -1.39651000e-03 -4.44444000e-03 -5.53600000e-04 -2.84941000e-03 2.44624000e-03 -2.06386000e-03 5.80665000e-03 2.33630000e-03 2.99794000e-03 -8.32340000e-04 2.05933000e-03 1.62053000e-03 -5.07476000e-03 -3.05700000e-05 7.90830000e-04 3.83697000e-03 8.56625000e-03 9.60140000e-04 -8.12760000e-03 4.08223000e-03 -2.23619000e-03 7.39200000e-04 4.80830000e-04 1.39680000e-04 -5.05676000e-03 -7.06830000e-04 2.48267000e-03 -3.05600000e-05 -4.99870000e-04 -2.92296000e-03 -4.15120000e-03 -1.30972000e-03 -1.21882900e-02 -4.48255000e-03 -5.23871000e-03 -5.22492000e-03 -3.16405000e-03 -6.49049000e-03
-2.99260000e-04 -3.64890000e-04 4.76210000e-04 3.72450000e-04 -2.74810000e-04 -4.29270000e-04 4.51780000e-04 -3.04920000e-04 7.69000000e-06 2.70140000e-04 3.85070000e-04 2.46430000e-04 -2.80770000e-04 1.28990000e-04 -4.03200000e-05 6.12980000e-04 1.52980000e-04 9.89600000e-04 -1.63160000e-04 3.72120000e-04 7.21300000e-05 -4.89900000e-05 2.55000000e-06 9.95380000e-04 1.10030000e-04 -1.73660000e-04 4.99270000e-04 -3.40600000e-04 -6.82800000e-05 -3.81700000e-05 2.63510000e-04 3.70160000e-04 2.80630000e-04 -3.55000000e-06 1.45280000e-04 4.65660000e-04 2.42560000e-04 -1.73530000e-04 7.32950000e-04 2.33870000e-04 -1.12960000e-04 1.70730000e-04 -5.22330000e-04 -6.59400000e-05 5.02030000e-04 1.68350000e-04 -1.11550000e-04 1.48710000e-04 -2.46090000e-04 4.89070000e-04 3.98420000e-04 3.73920000e-04 2.40020000e-04 -1.74200000e-05 -1.93900000e-05 3.41470000e-04 -6.11450000e-04 2.77310000e-04 -4.34300000e-04 4.63320000e-04 -8.63500000e-05 1.51780000e-04 -4.62690000e-04 8.15100000e-05 1.38561000e-03 -4.43320000e-04 8.45390000e-04 8.11300000e-05 -8.66900000e-05 1.00650000e-04 3.86510000e-04 -7.67200000e-05 7.61700000e-05 2.82500000e-05 6.81230000e-04 -8.74800000e-05 -8.20200000e-05 -1.11420000e-04 3.15960000e-04 3.85260000e-04 5.69400000e-04 -2.31210000e-04 2.64860000e-04 -1.85780000e-04 -2.05170000e-04 6.10900000e-05 1.85450000e-04 1.94250000e-04 -5.09700000e-05 3.64180000e-04 4.97950000e-04 -4.79910000e-04 -4.13120000e-04 -2.76390000e-04 -3.18970000e-04 1.04400000e-05 -8.17420000e-04 -4.13310000e-04 -8.19100000e-05 -2.66300000e-04 -2.96160000e-04 -3.56180000e-04 -4.56290000e-04 -3.24700000e-04 -3.09570000e-04 -3.95010000e-04 -2.28970000e-04 -4.37030000e-04 -3.35120000e-04 -2.06000000e-06 -4.48270000e-04 9.42180000e-04 -4.79140000e-04 5.76670000e-04 -5.95520000e-04 -2.88160000e-04 -7.11630000e-04
-7.38747000e-03 -8.75070000e-04 6.65490000e-04 1.14398000e-03 -8.53030000e-04 -6.10320000e-04 -1.30511000e-03 1.92969000e-03 2.78311000e-03 2.24604000e-03 -2.51200000e-05 7.06170000e-04 7.15060000e-04 8.49500000e-05 6.59840000e-04 1.01058000e-03 -1.75974000e-03 -5.68978000e-03 1.25253000e-03 9.96070000e-04 -9.19100000e-05 4.92190000e-04 3.25469000e-03 -5.00991000e-03 3.42748000e-03 -4.71440000e-04 -8.62570000e-04 2.82679000e-03 -7.36700000e-05 7.96580000e-04 -1.33899000e-03 -4.87950000e-04 7.06960000e-04 -2.59503000e-03 1.83448000e-03 -3.04735000e-03 4.49330000e-04 -2.92997000e-03 -5.64453000e-03 4.57138000e-03 -1.54872000e-03 2.62996000e-03 -2.42644000e-03 3.35010000e-04 -8.28480000e-04 5.35480000e-04 -2.18280000e-03 -2.18640000e-03 -2.83585000e-03 -8.79610000e-04 4.10270000e-04 -6.62070000e-04 5.42930000e-04 -1.03609000e-03 -1.64115000e-03 -2.14412000e-03 6.63200000e-05 -1.09211000e-03 -8.01900000e-04 -1.03460000e-04 4.87893000e-03 3.21609000e-03 -1.02643000e-03 -1.30823000e-03 -5.14239000e-03 1.27185000e-03 -5.30500000e-03 -9.74580000e-04 -1.07627000e-03 1.31741000e-03 -2.49060000e-04 -1.06062000e-03 8.64630000e-04 -8.45660000e-04 -1.96571000e-03 -1.47354000e-03 1.33668000e-03 5.08799000e-03 3.47630000e-04 -8.33800000e-04 -2.37087000e-03 -1.02230000e-04 -1.37146000e-03 1.07236000e-03 -1.54068000e-03 3.45361000e-03 1.32064000e-03 1.71093000e-03 -3.55880000e-04 1.48542000e-03 1.32698000e-03 -3.29209000e-03 1.77670000e-04 5.32720000e-04 2.13003000e-03 5.07480000e-03 1.70200000e-04 -5.84608000e-03 1.89597000e-03 -1.34793000e-03 5.71140000e-04 5.13240000e-04 1.12590000e-04 -4.09735000e-03 -2.85060000e-04 1.71713000e-03 -1.25000000e-06 -1.78760000e-04 -1.65412000e-03 -2.38025000e-03 -6.91210000e-04 -7.62154000e-03 -3.15981000e-03 -3.17537000e-03 -3.63134000e-03 -2.19522000e-03 -4.98941000e-03
-1.28820600e-02 -1.52404000e-03 5.50280000e-04 2.76692000e-03 -2.47256000e-03 -1.44124000e-03 -3.58243000e-03 4.02054000e-03 6.03583000e-03 4.09422000e-03 -7.88870000e-04 4.94670000e-04 1.88628000e-03 -1.33410000e-04 1.40763000e-03 9.47940000e-04 -3.95616000e-03 -9.09474000e-03 2.09102000e-03 1.16098000e-03 6.68180000e-04 1.07984000e-03 6.76257000e-03 -9.16647000e-03 6.04077000e-03 -1.31263000e-03 -2.81955000e-03 2.50738000e-03 2.81600000e-05 3.46428000e-03 -2.98507000e-03 -1.86465000e-03 1.07881000e-03 -5.17917000e-03 3.85607000e-03 -6.55486000e-03 1.32590000e-04 -5.76159000e-03 -1.09375400e-02 9.70264000e-03 -3.35331000e-03 5.08475000e-03 -4.70701000e-03 1.48807000e-03 -2.02999000e-03 6.40210000e-04 -4.49351000e-03 -3.64551000e-03 -4.96750000e-03 -2.03611000e-03 2.88240000e-04 -1.81880000e-03 3.69050000e-04 -1.87225000e-03 -3.35453000e-03 -4.81724000e-03 1.83090000e-04 -3.03154000e-03 -1.62836000e-03 -7.50560000e-04 1.04004000e-02 6.25547000e-03 -1.73312000e-03 -2.21620000e-03 -8.83524000e-03 2.32883000e-03 -9.12702000e-03 -2.58210000e-03 -2.72144000e-03 2.14696000e-03 -1.35357000e-03 -2.49601000e-03 9.86990000e-04 -1.17755000e-03 -4.52239000e-03 -3.19039000e-03 2.98405000e-03 1.03330400e-02 4.18960000e-04 -1.66773000e-03 -5.27617000e-03 -6.71230000e-04 -3.35600000e-03 2.92022000e-03 -2.59782000e-03 6.88258000e-03 2.76916000e-03 3.55138000e-03 -9.60290000e-04 2.46823000e-03 1.95359000e-03 -5.96450000e-03 -7.26500000e-05 1.10082000e-03 4.68319000e-03 1.04497200e-02 1.14711000e-03 -9.56703000e-03 4.84757000e-03 -2.53446000e-03 9.81310000e-04 6.85990000e-04 2.42520000e-04 -5.95890000e-03 -6.93270000e-04 3.04929000e-03 1.21170000e-04 -5.48860000e-04 -3.33917000e-03 -4.69701000e-03 -1.47369000e-03 -1.44601900e-02 -5.25884000e-03 -6.10708000e-03 -6.11540000e-03 -3.64203000e-03 -7.63780000e-03
-1.01370000e-02 -1.62847000e-03 1.62852000e-03 3.41016000e-03 -2.59335000e-03 -1.81089000e-03 -1.79666000e-03 3.09343000e-03 4.75235000e-03 3.89765000e-03 2.01030000e-04 8.57380000e-04 1.45012000e-03 7.00100000e-05 1.32700000e-03 2.19089000e-03 -2.83546000e-03 -4.57802000e-03 1.43464000e-03 1.64004000e-03 1.04254000e-03 1.05435000e-03 5.26018000e-03 -4.80423000e-03 4.99535000e-03 -1.32539000e-03 -1.02957000e-03 1.08239000e-03 1.89670000e-04 3.05862000e-03 -1.70935000e-03 -6.44470000e-04 1.52535000e-03 -3.95470000e-03 3.37816000e-03 -4.08645000e-03 5.69800000e-04 -5.10499000e-03 -6.81535000e-03 8.43859000e-03 -2.86957000e-03 4.44763000e-03 -5.01595000e-03 1.50889000e-03 -2.99040000e-04 8.72670000e-04 -3.73064000e-03 -2.16115000e-03 -4.61413000e-03 -3.47480000e-04 1.13350000e-03 -5.84650000e-04 7.10970000e-04 -1.27770000e-03 -2.50946000e-03 -2.99963000e-03 -9.94260000e-04 -1.88625000e-03 -1.97469000e-03 5.00350000e-04 7.94159000e-03 5.33720000e-03 -1.97404000e-03 -1.27223000e-03 -3.25153000e-03 5.76500000e-04 -5.08619000e-03 -1.62032000e-03 -2.55422000e-03 1.95879000e-03 -1.78970000e-04 -1.97934000e-03 1.30041000e-03 -6.01850000e-04 -1.97188000e-03 -2.93463000e-03 2.49220000e-03 7.88532000e-03 1.21068000e-03 -4.70000000e-04 -2.80624000e-03 -9.78660000e-04 -2.12165000e-03 2.24138000e-03 -2.70830000e-03 5.61951000e-03 2.63816000e-03 3.23038000e-03 -6.02330000e-04 2.83259000e-03 2.82965000e-03 -5.32157000e-03 -1.09433000e-03 8.42200000e-04 3.64156000e-03 9.25989000e-03 -6.54100000e-04 -7.67629000e-03 4.12568000e-03 -2.02397000e-03 6.28360000e-04 2.18470000e-04 -3.80790000e-04 -4.74063000e-03 -7.51610000e-04 1.96787000e-03 2.66070000e-04 -1.05531000e-03 -2.79495000e-03 -2.90536000e-03 -1.92131000e-03 -9.02701000e-03 -4.66772000e-03 -3.36983000e-03 -5.59042000e-03 -2.89594000e-03 -6.88573000e-03
4.20253000e-03 5.27220000e-04 -2.94010000e-04 -1.17940000e-03 1.03148000e-03 5.40400000e-04 1.14908000e-03 -1.44744000e-03 -2.01396000e-03 -1.43979000e-03 2.14440000e-04 -1.26050000e-04 -6.90760000e-04 5.63500000e-05 -4.98530000e-04 -4.58910000e-04 1.44694000e-03 2.53755000e-03 -6.23180000e-04 -3.99120000e-04 -2.97650000e-04 -3.71630000e-04 -2.25325000e-03 2.72016000e-03 -2.00066000e-03 5.53830000e-04 8.88900000e-04 -3.38990000e-04 8.67000000e-06 -9.36790000e-04 9.63760000e-04 6.03370000e-04 -3.93000000e-04 1.84870000e-03 -1.33309000e-03 2.13977000e-03 -1.86000000e-05 2.06626000e-03 3.48222000e-03 -3.43451000e-03 1.30184000e-03 -1.77005000e-03 1.80628000e-03 -5.34190000e-04 5.57220000e-04 -1.97500000e-04 1.67555000e-03 1.12018000e-03 1.81792000e-03 5.37580000e-04 -1.68470000e-04 5.62340000e-04 -1.04280000e-04 7.01530000e-04 1.17573000e-03 1.61553000e-03 1.00510000e-04 1.07616000e-03 5.88630000e-04 1.42900000e-04 -3.53183000e-03 -2.16056000e-03 5.98410000e-04 7.14260000e-04 2.49365000e-03 -4.10890000e-04 2.63517000e-03 8.78340000e-04 1.09599000e-03 -6.47310000e-04 4.47980000e-04 9.03240000e-04 -3.24010000e-04 3.56300000e-04 1.34796000e-03 1.23927000e-03 -1.04700000e-03 -3.45420000e-03 -1.29540000e-04 4.22870000e-04 1.60977000e-03 3.68640000e-04 1.15927000e-03 -1.05741000e-03 1.06036000e-03 -2.34520000e-03 -9.72150000e-04 -1.23980000e-03 3.65040000e-04 -9.24270000e-04 -8.06300000e-04 2.01976000e-03 2.77300000e-04 -5.07220000e-04 -1.68170000e-03 -3.90490000e-03 -2.33160000e-04 3.03595000e-03 -1.64885000e-03 8.01750000e-04 -3.74960000e-04 -2.41490000e-04 -5.49900000e-05 1.89335000e-03 2.34640000e-04 -1.02965000e-03 -1.68930000e-04 2.16910000e-04 1.11282000e-03 1.43691000e-03 5.94260000e-04 4.50839000e-03 1.79294000e-03 1.85174000e-03 2.20759000e-03 1.18688000e-03 2.81814000e-03
-2.05385800e-02 -2.57402000e-03 1.72641000e-03 5.77608000e-03 -4.72584000e-03 -2.65625000e-03 -5.12123000e-03 7.06013000e-03 9.48103000e-03 6.94216000e-03 -8.56310000e-04 9.69400000e-04 3.44398000e-03 -4.67710000e-04 2.50058000e-03 2.64109000e-03 -6.17860000e-03 -1.18145800e-02 3.19493000e-03 2.52412000e-03 1.67105000e-03 1.90556000e-03 1.07290000e-02 -1.21967700e-02 9.60855000e-03 -2.49691000e-03 -3.69273000e-03 2.42802000e-03 6.05300000e-05 6.17651000e-03 -4.87380000e-03 -2.56151000e-03 2.05547000e-03 -8.09078000e-03 6.23473000e-03 -1.02068100e-02 3.05070000e-04 -1.00343800e-02 -1.64754000e-02 1.63607600e-02 -5.74505000e-03 8.30145000e-03 -9.02531000e-03 2.53123000e-03 -2.49542000e-03 8.44460000e-04 -7.75075000e-03 -5.61191000e-03 -8.43704000e-03 -2.57782000e-03 9.81810000e-04 -2.63991000e-03 6.41580000e-04 -2.99701000e-03 -5.46127000e-03 -7.68025000e-03 -2.54810000e-04 -4.92358000e-03 -2.98648000e-03 -5.70160000e-04 1.65965600e-02 1.02076400e-02 -2.71837000e-03 -3.24399000e-03 -1.05835300e-02 2.96216000e-03 -1.26915000e-02 -3.82715000e-03 -5.06923000e-03 3.85964000e-03 -1.53174000e-03 -4.19887000e-03 2.05029000e-03 -1.63807000e-03 -6.23443000e-03 -5.64350000e-03 5.07228000e-03 1.63283500e-02 1.60418000e-03 -2.03599000e-03 -7.44521000e-03 -1.55865000e-03 -5.45865000e-03 4.68473000e-03 -4.61097000e-03 1.10114600e-02 4.91594000e-03 6.01219000e-03 -1.45803000e-03 4.56667000e-03 4.12509000e-03 -9.82716000e-03 -1.20245000e-03 2.26234000e-03 8.18987000e-03 1.87095500e-02 1.15278000e-03 -1.47640500e-02 8.33468000e-03 -3.66487000e-03 2.04945000e-03 1.12530000e-03 3.58000000e-04 -8.97907000e-03 -8.08400000e-04 5.08227000e-03 9.85830000e-04 -8.76130000e-04 -5.10996000e-03 -6.64864000e-03 -2.83572000e-03 -2.13777300e-02 -8.47186000e-03 -9.17392000e-03 -1.04506300e-02 -5.50504000e-03 -1.29627900e-02
4.53498000e-03 3.34980000e-04 -4.33900000e-04 -1.47055000e-03 1.17379000e-03 4.38070000e-04 1.08310000e-03 -1.89800000e-03 -2.15977000e-03 -1.56017000e-03 1.49180000e-04 -3.03460000e-04 -1.00883000e-03 1.11200000e-04 -5.79840000e-04 -6.66280000e-04 1.76914000e-03 2.49072000e-03 -7.34350000e-04 -6.34870000e-04 -4.34780000e-04 -4.29730000e-04 -2.49762000e-03 2.67217000e-03 -2.15922000e-03 6.11490000e-04 7.79300000e-04 -2.90930000e-04 5.38100000e-05 -1.34437000e-03 1.11500000e-03 5.50000000e-04 -5.20740000e-04 2.01351000e-03 -1.44693000e-03 2.24840000e-03 -1.18820000e-04 2.43176000e-03 3.74686000e-03 -3.78437000e-03 1.44196000e-03 -1.91550000e-03 2.10644000e-03 -4.47720000e-04 6.34470000e-04 -1.88680000e-04 1.95249000e-03 1.25419000e-03 2.10300000e-03 5.69200000e-04 -2.17350000e-04 5.93670000e-04 -1.77250000e-04 8.15630000e-04 1.27536000e-03 1.74409000e-03 -8.80900000e-05 1.13027000e-03 5.05250000e-04 1.15260000e-04 -3.83128000e-03 -2.31026000e-03 4.35050000e-04 7.02880000e-04 2.50100000e-03 -4.71500000e-04 2.65443000e-03 9.23580000e-04 1.21575000e-03 -7.67000000e-04 3.87550000e-04 9.93580000e-04 -4.51500000e-04 3.12960000e-04 1.38894000e-03 1.33882000e-03 -1.23729000e-03 -3.69391000e-03 -2.59650000e-04 3.49190000e-04 1.50500000e-03 3.83650000e-04 1.25955000e-03 -1.08664000e-03 1.25582000e-03 -2.48768000e-03 -1.06536000e-03 -1.33843000e-03 3.51940000e-04 -1.09901000e-03 -1.03551000e-03 2.06578000e-03 3.53120000e-04 -9.04000000e-04 -2.15091000e-03 -4.85898000e-03 -4.05850000e-04 3.09694000e-03 -1.73567000e-03 5.97370000e-04 -7.20270000e-04 -5.04260000e-04 -2.71930000e-04 1.91455000e-03 -1.04620000e-04 -1.44032000e-03 -5.68520000e-04 -7.32000000e-06 9.39410000e-04 1.26990000e-03 4.38210000e-04 4.77440000e-03 1.79764000e-03 2.04280000e-03 2.43668000e-03 1.08326000e-03 3.20213000e-03
4.16563000e-03 8.28250000e-04 -4.80250000e-04 -1.51284000e-03 1.03989000e-03 9.48900000e-04 1.07030000e-03 -1.04409000e-03 -1.98461000e-03 -1.54880000e-03 2.42210000e-04 -1.12900000e-05 -3.01780000e-04 1.61090000e-04 -6.38290000e-04 -7.42920000e-04 9.39980000e-04 2.34522000e-03 -5.52070000e-04 -4.99630000e-04 -4.83220000e-04 -4.69940000e-04 -2.14571000e-03 2.50253000e-03 -2.01813000e-03 6.01450000e-04 7.10380000e-04 -2.98120000e-04 -1.66920000e-04 -9.13530000e-04 7.93190000e-04 4.69780000e-04 -5.52740000e-04 1.69891000e-03 -1.41706000e-03 1.81236000e-03 -1.16330000e-04 2.08447000e-03 2.96648000e-03 -3.45925000e-03 1.05792000e-03 -1.77603000e-03 2.09085000e-03 -8.66850000e-04 2.00390000e-04 -4.13850000e-04 1.53725000e-03 6.08530000e-04 1.88892000e-03 2.99650000e-04 -2.67850000e-04 3.02300000e-04 -1.53440000e-04 5.21250000e-04 1.02826000e-03 1.30072000e-03 4.76720000e-04 8.90260000e-04 1.01797000e-03 9.55000000e-06 -3.38642000e-03 -2.20580000e-03 9.96980000e-04 4.69900000e-04 1.81062000e-03 -1.99870000e-04 2.52503000e-03 5.82050000e-04 1.05708000e-03 -7.72200000e-04 2.75050000e-04 8.16490000e-04 -6.42730000e-04 1.39740000e-04 1.16579000e-03 1.24935000e-03 -1.01288000e-03 -3.30387000e-03 -3.79720000e-04 5.71450000e-04 1.61061000e-03 4.75220000e-04 9.12640000e-04 -1.16655000e-03 1.19544000e-03 -2.32868000e-03 -1.03338000e-03 -1.24128000e-03 2.18960000e-04 -9.34630000e-04 -9.97550000e-04 2.31973000e-03 4.97510000e-04 -1.21130000e-04 -1.26485000e-03 -3.52744000e-03 1.61520000e-04 3.20363000e-03 -1.92831000e-03 1.09692000e-03 1.00200000e-05 1.77640000e-04 3.52970000e-04 2.08594000e-03 5.38520000e-04 -5.30230000e-04 1.70450000e-04 6.63270000e-04 1.40041000e-03 1.46049000e-03 9.57660000e-04 4.12910000e-03 2.09757000e-03 1.43313000e-03 2.34365000e-03 1.43684000e-03 2.92830000e-03
-1.40020000e-04 1.85260000e-04 2.04610000e-04 1.00249000e-03 -5.46590000e-04 -2.00110000e-04 -2.04870000e-04 6.53000000e-04 3.09460000e-04 1.94550000e-04 -7.61900000e-05 -5.72400000e-05 5.01440000e-04 -1.94160000e-04 3.82820000e-04 3.27770000e-04 -6.89270000e-04 3.60750000e-04 6.84900000e-05 3.86100000e-05 6.61990000e-04 3.14360000e-04 3.25480000e-04 -1.78700000e-05 1.44710000e-04 -1.96230000e-04 -1.19220000e-04 -7.54840000e-04 2.10210000e-04 1.11183000e-03 -9.82500000e-05 -1.06570000e-04 1.74370000e-04 -5.47920000e-04 2.80300000e-04 -7.62700000e-05 -3.35700000e-05 -7.22110000e-04 -1.70430000e-04 9.21730000e-04 -3.72020000e-04 3.17600000e-04 -7.90860000e-04 5.02290000e-04 -1.08200000e-05 -1.53200000e-05 -4.43580000e-04 5.82130000e-04 -7.97350000e-04 1.13040000e-04 3.41600000e-05 -3.60600000e-05 -8.28800000e-05 -8.32000000e-06 -4.14800000e-05 -2.37130000e-04 -1.29070000e-04 -3.27900000e-04 -2.00810000e-04 7.18000000e-05 4.98480000e-04 3.06100000e-04 -6.58900000e-05 2.88590000e-04 6.46380000e-04 -5.73540000e-04 1.63310000e-04 -2.41010000e-04 -4.57950000e-04 -3.77000000e-06 -2.23570000e-04 -1.71600000e-04 3.01810000e-04 3.89970000e-04 -2.34600000e-05 -3.21370000e-04 5.26180000e-04 3.75380000e-04 1.91020000e-04 -4.38600000e-05 -8.21500000e-05 -2.33120000e-04 -3.61990000e-04 4.53630000e-04 -6.25930000e-04 2.98850000e-04 2.93910000e-04 2.87010000e-04 9.65400000e-05 2.72200000e-04 4.15300000e-04 -2.09480000e-04 -4.80910000e-04 5.75240000e-04 7.62140000e-04 1.84239000e-03 -2.53600000e-05 1.31580000e-04 6.54020000e-04 2.09290000e-04 2.96410000e-04 2.03620000e-04 9.71300000e-05 1.64700000e-04 3.25580000e-04 2.61080000e-04 5.67500000e-04 -9.94800000e-05 1.19530000e-04 5.09360000e-04 -1.21300000e-04 -2.96070000e-04 -1.43450000e-04 1.15490000e-04 -2.53680000e-04 1.69450000e-04 -4.22460000e-04
1.85122000e-03 1.64840000e-04 -3.35100000e-05 -4.86170000e-04 4.19220000e-04 2.24120000e-04 6.10090000e-04 -5.92270000e-04 -9.62640000e-04 -5.96360000e-04 2.54220000e-04 -2.41100000e-05 -2.27060000e-04 7.73400000e-05 -2.91890000e-04 -1.56370000e-04 8.05880000e-04 1.49222000e-03 -2.81100000e-04 -1.75950000e-04 -1.75730000e-04 -1.43010000e-04 -1.10500000e-03 1.60909000e-03 -8.94860000e-04 2.60770000e-04 4.86430000e-04 -3.52300000e-05 3.96000000e-06 -4.11780000e-04 4.68980000e-04 3.03500000e-04 -1.61900000e-04 9.82260000e-04 -6.48440000e-04 9.50050000e-04 -3.99700000e-05 9.36650000e-04 1.74298000e-03 -1.50881000e-03 5.43370000e-04 -8.00120000e-04 7.09040000e-04 -2.74790000e-04 4.05880000e-04 -1.37300000e-04 7.56380000e-04 3.41460000e-04 8.35700000e-04 3.72440000e-04 5.59100000e-05 3.04490000e-04 -3.38900000e-05 3.52880000e-04 5.29500000e-04 7.43520000e-04 -9.50300000e-05 4.93980000e-04 2.44090000e-04 2.08380000e-04 -1.71951000e-03 -9.63010000e-04 3.01650000e-04 3.27950000e-04 1.75698000e-03 -2.69850000e-04 1.43338000e-03 4.55920000e-04 4.12390000e-04 -7.25400000e-05 3.30950000e-04 4.30900000e-04 -1.50660000e-04 1.05230000e-04 8.80500000e-04 4.67060000e-04 -4.99000000e-04 -1.66681000e-03 2.53490000e-04 3.74240000e-04 8.88700000e-04 1.62570000e-04 5.22220000e-04 -5.73810000e-04 4.98990000e-04 -1.06810000e-03 -3.86070000e-04 -5.10150000e-04 1.39560000e-04 -3.13280000e-04 -3.10310000e-04 9.01120000e-04 8.47900000e-05 -1.95050000e-04 -6.79380000e-04 -1.63410000e-03 -3.46100000e-04 1.42241000e-03 -7.33330000e-04 4.47640000e-04 -8.61100000e-05 -6.25700000e-05 2.56000000e-06 9.27930000e-04 1.26540000e-04 -3.93310000e-04 3.36600000e-05 1.30480000e-04 5.93070000e-04 7.71040000e-04 1.66670000e-04 2.38386000e-03 8.73410000e-04 9.24800000e-04 9.84970000e-04 6.39430000e-04 1.40880000e-03
-2.45440000e-03 -3.08060000e-04 3.73590000e-04 6.44980000e-04 -4.63020000e-04 -2.20250000e-04 -3.42470000e-04 8.94700000e-04 1.04100000e-03 8.94300000e-04 1.26400000e-04 2.70330000e-04 4.73840000e-04 1.49500000e-05 2.18430000e-04 4.63500000e-04 -3.90850000e-04 -1.18908000e-03 4.29000000e-04 3.98030000e-04 7.24800000e-05 2.24760000e-04 1.18835000e-03 -1.07133000e-03 1.19922000e-03 -2.00370000e-04 -1.72060000e-04 6.10400000e-04 -2.69400000e-05 6.56120000e-04 -5.14350000e-04 -1.41020000e-04 3.13270000e-04 -7.04890000e-04 6.81600000e-04 -1.12125000e-03 1.16570000e-04 -1.13721000e-03 -1.79359000e-03 1.85267000e-03 -6.13350000e-04 9.71230000e-04 -1.04712000e-03 1.45920000e-04 -1.37650000e-04 1.12180000e-04 -8.44250000e-04 -8.96900000e-04 -9.19780000e-04 -1.68350000e-04 2.85130000e-04 -2.02160000e-04 1.70860000e-04 -3.00360000e-04 -5.84630000e-04 -8.00380000e-04 -5.51500000e-05 -4.41520000e-04 -2.79210000e-04 1.10860000e-04 1.78969000e-03 1.20065000e-03 -2.05150000e-04 -3.73750000e-04 -8.84190000e-04 3.62630000e-04 -1.30802000e-03 -2.38210000e-04 -5.58200000e-04 6.79470000e-04 6.44300000e-05 -3.87410000e-04 3.45080000e-04 -2.67200000e-04 -4.45440000e-04 -6.73340000e-04 5.34530000e-04 1.79584000e-03 4.62680000e-04 -6.09400000e-05 -5.86590000e-04 -7.66400000e-05 -5.34390000e-04 3.96860000e-04 -5.00880000e-04 1.26386000e-03 5.75850000e-04 6.80630000e-04 -1.16870000e-04 6.58900000e-04 6.15040000e-04 -1.08396000e-03 -6.30200000e-05 3.73740000e-04 1.01764000e-03 2.27328000e-03 -4.08700000e-05 -1.71456000e-03 8.22360000e-04 -2.76540000e-04 3.91720000e-04 2.72860000e-04 1.39940000e-04 -1.06998000e-03 1.67800000e-05 7.71440000e-04 2.75210000e-04 4.44600000e-05 -4.05050000e-04 -6.28750000e-04 -3.10400000e-04 -2.18486000e-03 -8.86710000e-04 -1.04749000e-03 -1.23403000e-03 -5.24480000e-04 -1.49828000e-03
2.06651000e-03 4.88150000e-04 5.16600000e-05 9.59000000e-06 1.50470000e-04 3.23030000e-04 5.23570000e-04 -1.07620000e-04 -8.05540000e-04 -5.42520000e-04 1.54070000e-04 -1.60000000e-05 1.52250000e-04 -4.65500000e-05 -2.18500000e-05 3.28700000e-05 2.28550000e-04 1.55613000e-03 -2.26730000e-04 -1.62860000e-04 1.93280000e-04 8.33000000e-06 -9.19820000e-04 1.42889000e-03 -8.38810000e-04 1.71300000e-04 4.39950000e-04 -5.52060000e-04 1.17200000e-04 1.91170000e-04 4.51990000e-04 2.69370000e-04 -9.27800000e-05 5.85250000e-04 -5.11080000e-04 9.97990000e-04 -3.13500000e-05 5.36550000e-04 1.60054000e-03 -1.07585000e-03 3.30790000e-04 -6.12730000e-04 3.78860000e-04 -1.10000000e-06 3.20710000e-04 -1.41480000e-04 5.48750000e-04 7.70310000e-04 3.65490000e-04 4.04260000e-04 1.21300000e-05 2.59420000e-04 -8.92200000e-05 3.47960000e-04 5.40600000e-04 6.35350000e-04 7.29700000e-05 3.19950000e-04 3.40970000e-04 2.00280000e-04 -1.43057000e-03 -8.21150000e-04 4.34200000e-04 4.85250000e-04 1.71610000e-03 -6.05090000e-04 1.48540000e-03 2.94040000e-04 2.05280000e-04 -3.12470000e-04 1.24210000e-04 3.47210000e-04 2.18600000e-05 3.53000000e-04 7.64100000e-04 3.73870000e-04 -1.70820000e-04 -1.46002000e-03 8.12400000e-05 2.77910000e-04 8.44360000e-04 6.05700000e-05 3.35350000e-04 -2.77500000e-04 1.36390000e-04 -9.40260000e-04 -2.71410000e-04 -4.14920000e-04 2.31130000e-04 -2.08140000e-04 -7.13600000e-05 1.00545000e-03 -1.74840000e-04 3.10230000e-04 -1.57500000e-04 -5.19300000e-04 -7.51500000e-05 1.68483000e-03 -4.80360000e-04 7.13350000e-04 2.09960000e-04 2.13000000e-04 2.16930000e-04 1.15020000e-03 4.67180000e-04 -1.17400000e-04 4.74400000e-04 2.44450000e-04 8.13460000e-04 1.20986000e-03 3.38480000e-04 2.12996000e-03 9.43380000e-04 9.90820000e-04 1.02654000e-03 8.58870000e-04 1.19768000e-03
2.54218000e-03 4.69050000e-04 -5.57670000e-04 -1.41472000e-03 9.26750000e-04 6.73390000e-04 4.69940000e-04 -9.38140000e-04 -1.18913000e-03 -1.05615000e-03 -3.34400000e-05 -1.31060000e-04 -4.29650000e-04 1.52250000e-04 -4.63690000e-04 -7.83550000e-04 7.19020000e-04 6.84160000e-04 -3.21700000e-04 -4.86170000e-04 -5.34970000e-04 -3.79920000e-04 -1.30174000e-03 8.72190000e-04 -1.22604000e-03 4.78550000e-04 2.01550000e-04 1.73790000e-04 -1.19440000e-04 -7.54450000e-04 4.51650000e-04 1.76710000e-04 -4.72500000e-04 1.11861000e-03 -9.10240000e-04 9.56050000e-04 -1.09670000e-04 1.61564000e-03 1.48321000e-03 -2.40572000e-03 8.26800000e-04 -1.16662000e-03 1.77010000e-03 -5.50680000e-04 -9.56100000e-05 -2.32320000e-04 1.16991000e-03 2.35030000e-04 1.50132000e-03 -6.14900000e-05 -3.33770000e-04 7.28400000e-05 -1.29120000e-04 3.40040000e-04 6.52930000e-04 7.33900000e-04 4.49640000e-04 5.47970000e-04 7.27430000e-04 -2.22710000e-04 -2.03429000e-03 -1.41204000e-03 5.90520000e-04 1.39320000e-04 4.11200000e-05 2.53750000e-04 9.78920000e-04 3.36760000e-04 8.77460000e-04 -5.88440000e-04 2.68800000e-05 5.66210000e-04 -5.29100000e-04 -4.70500000e-05 3.52500000e-04 9.42810000e-04 -7.60510000e-04 -1.93059000e-03 -5.36860000e-04 1.18530000e-04 6.49160000e-04 4.31320000e-04 5.79260000e-04 -6.99420000e-04 1.03344000e-03 -1.42880000e-03 -7.66760000e-04 -8.61700000e-04 1.13380000e-04 -7.97280000e-04 -9.33970000e-04 1.50844000e-03 6.26050000e-04 -3.73780000e-04 -1.09385000e-03 -3.03364000e-03 3.48930000e-04 1.80685000e-03 -1.31464000e-03 4.66750000e-04 -2.23360000e-04 -1.12900000e-05 1.82320000e-04 1.13921000e-03 1.23310000e-04 -4.75180000e-04 -2.71740000e-04 3.80070000e-04 6.96010000e-04 4.55330000e-04 6.61450000e-04 2.00650000e-03 1.28817000e-03 6.07260000e-04 1.63388000e-03 7.17460000e-04 2.03161000e-03
-1.22124700e-02 -1.51711000e-03 6.13690000e-04 2.69023000e-03 -2.28057000e-03 -1.47954000e-03 -3.28433000e-03 3.69263000e-03 5.72236000e-03 3.90899000e-03 -7.26650000e-04 5.06810000e-04 1.70438000e-03 -1.44460000e-04 1.39838000e-03 1.04454000e-03 -3.68392000e-03 -8.51167000e-03 1.98161000e-03 1.15325000e-03 7.13770000e-04 1.06961000e-03 6.43407000e-03 -8.54651000e-03 5.74692000e-03 -1.20567000e-03 -2.52569000e-03 2.29419000e-03 8.07600000e-05 3.30309000e-03 -2.80203000e-03 -1.67251000e-03 1.08722000e-03 -4.81437000e-03 3.69205000e-03 -6.09736000e-03 2.04480000e-04 -5.41032000e-03 -1.02805700e-02 9.19828000e-03 -3.08847000e-03 4.81553000e-03 -4.45038000e-03 1.48165000e-03 -1.88330000e-03 6.48840000e-04 -4.18652000e-03 -3.32662000e-03 -4.65685000e-03 -1.88173000e-03 3.07780000e-04 -1.67863000e-03 3.82990000e-04 -1.69869000e-03 -3.08162000e-03 -4.49704000e-03 4.76100000e-05 -2.81220000e-03 -1.65737000e-03 -6.77360000e-04 9.84441000e-03 5.92787000e-03 -1.75983000e-03 -2.02438000e-03 -8.25879000e-03 2.20532000e-03 -8.57438000e-03 -2.36872000e-03 -2.52936000e-03 2.02606000e-03 -1.22370000e-03 -2.29776000e-03 1.06144000e-03 -1.05073000e-03 -4.24900000e-03 -2.99932000e-03 2.85250000e-03 9.78736000e-03 4.27710000e-04 -1.60018000e-03 -4.87411000e-03 -5.95460000e-04 -3.15405000e-03 2.81148000e-03 -2.45185000e-03 6.51469000e-03 2.62016000e-03 3.36991000e-03 -8.26910000e-04 2.37977000e-03 1.96729000e-03 -5.71947000e-03 -7.60600000e-05 9.48260000e-04 4.33267000e-03 9.78719000e-03 9.48050000e-04 -9.11056000e-03 4.66094000e-03 -2.47591000e-03 8.11690000e-04 5.54080000e-04 1.17040000e-04 -5.70508000e-03 -7.37360000e-04 2.75101000e-03 2.71400000e-05 -6.54010000e-04 -3.23183000e-03 -4.49327000e-03 -1.50207000e-03 -1.35934400e-02 -5.06347000e-03 -5.74881000e-03 -5.85486000e-03 -3.51338000e-03 -7.29664000e-03
-7.57270000e-04 -2.49240000e-04 -9.26700000e-05 -5.21480000e-04 3.53950000e-04 -7.21100000e-05 -9.67000000e-05 -3.39600000e-04 2.42080000e-04 1.08120000e-04 -4.50700000e-05 9.28500000e-05 -2.76150000e-04 1.00380000e-04 -6.48900000e-05 -9.24900000e-05 2.02790000e-04 -1.23791000e-03 1.28040000e-04 -3.17400000e-05 -2.86800000e-04 -4.77500000e-05 2.70580000e-04 -8.99690000e-04 3.53350000e-04 1.74090000e-04 -7.30600000e-05 9.49780000e-04 -2.81000000e-06 -1.99370000e-04 -8.46100000e-05 -8.92000000e-06 -3.94000000e-06 9.80800000e-05 8.67000000e-05 -2.75770000e-04 9.96600000e-05 2.16870000e-04 -7.07060000e-04 -8.11000000e-06 2.08440000e-04 1.04790000e-04 3.61640000e-04 -3.76500000e-05 -2.15990000e-04 9.40000000e-05 2.41980000e-04 -3.89110000e-04 2.30430000e-04 -2.50340000e-04 -2.91600000e-05 -1.12360000e-04 8.20500000e-05 9.21500000e-05 1.04100000e-05 -1.24690000e-04 1.81900000e-05 4.93300000e-05 -8.20400000e-05 -1.47700000e-04 2.89200000e-04 1.69450000e-04 -2.42460000e-04 -2.24550000e-04 -1.25229000e-03 6.31120000e-04 -1.03293000e-03 -2.83100000e-05 2.77030000e-04 1.14560000e-04 -1.20500000e-05 7.75200000e-05 2.54400000e-05 -2.31700000e-04 -3.79440000e-04 1.60060000e-04 -1.06470000e-04 4.37390000e-04 -6.58600000e-05 -2.85850000e-04 -3.48520000e-04 2.50100000e-04 -2.92900000e-05 -5.47300000e-05 3.21930000e-04 2.32640000e-04 -2.22600000e-05 5.13700000e-05 1.90500000e-05 -2.55900000e-05 -1.16510000e-04 -2.87330000e-04 4.58940000e-04 -4.64640000e-04 -3.29670000e-04 -8.26900000e-04 -9.93000000e-06 -8.70550000e-04 -1.15900000e-05 -3.96730000e-04 -3.22210000e-04 -1.74450000e-04 -1.45580000e-04 -6.06580000e-04 -3.36000000e-04 -1.51250000e-04 -5.38160000e-04 -1.77060000e-04 -3.42180000e-04 -6.82880000e-04 -9.13600000e-05 -1.01938000e-03 -3.05470000e-04 -5.47310000e-04 -4.96200000e-05 -3.75180000e-04 5.38500000e-05
-5.19223000e-03 -8.44630000e-04 1.81640000e-04 5.83820000e-04 -5.30970000e-04 -7.00310000e-04 -1.22972000e-03 9.58990000e-04 2.37686000e-03 1.57832000e-03 -3.30550000e-04 2.53910000e-04 2.82730000e-04 -1.84000000e-06 4.44630000e-04 3.52780000e-04 -9.72490000e-04 -3.87755000e-03 8.07060000e-04 5.35250000e-04 4.93600000e-05 3.11600000e-04 2.69077000e-03 -3.62900000e-03 2.41512000e-03 -3.45430000e-04 -8.99350000e-04 1.43001000e-03 -5.88000000e-06 1.12387000e-03 -1.17536000e-03 -5.70100000e-04 4.81430000e-04 -1.51568000e-03 1.49415000e-03 -2.48572000e-03 2.21600000e-04 -1.79955000e-03 -4.29376000e-03 3.41520000e-03 -8.52820000e-04 1.83905000e-03 -1.36478000e-03 4.95160000e-04 -8.27580000e-04 3.62560000e-04 -1.34788000e-03 -1.62516000e-03 -1.32050000e-03 -9.17510000e-04 1.01770000e-04 -6.76130000e-04 2.50360000e-04 -5.41290000e-04 -1.15411000e-03 -1.72630000e-03 2.03600000e-05 -9.32370000e-04 -7.58820000e-04 -4.03130000e-04 3.98435000e-03 2.34357000e-03 -8.81850000e-04 -9.18720000e-04 -3.89605000e-03 1.54831000e-03 -3.86733000e-03 -7.93500000e-04 -6.65520000e-04 9.58370000e-04 -3.17140000e-04 -8.05420000e-04 4.33550000e-04 -5.72140000e-04 -1.92936000e-03 -9.64900000e-04 9.17320000e-04 4.02522000e-03 2.04070000e-04 -8.07950000e-04 -2.02729000e-03 -4.23200000e-05 -1.09647000e-03 9.82390000e-04 -4.96980000e-04 2.61385000e-03 9.50210000e-04 1.28205000e-03 -2.91910000e-04 8.48470000e-04 6.47690000e-04 -2.40719000e-03 3.35350000e-04 -1.97870000e-04 1.21251000e-03 2.72939000e-03 3.79790000e-04 -4.05511000e-03 1.78262000e-03 -1.35294000e-03 -7.07500000e-05 -1.06400000e-04 -1.69440000e-04 -2.54564000e-03 -6.33680000e-04 7.92490000e-04 -5.59980000e-04 -4.46660000e-04 -1.60173000e-03 -2.43330000e-03 -6.88740000e-04 -5.72878000e-03 -2.12724000e-03 -2.61798000e-03 -2.27379000e-03 -1.67817000e-03 -2.60999000e-03
-2.71825000e-03 -1.67020000e-04 -1.99620000e-04 1.40820000e-04 -4.11850000e-04 -3.03100000e-05 -9.71450000e-04 8.52970000e-04 1.29032000e-03 7.12770000e-04 -1.94770000e-04 5.57000000e-05 4.17690000e-04 1.05690000e-04 3.93500000e-05 -3.19050000e-04 -7.10510000e-04 -2.50453000e-03 4.69420000e-04 9.47800000e-05 -1.78330000e-04 7.18900000e-05 1.38559000e-03 -2.45181000e-03 1.21603000e-03 -2.24610000e-04 -9.28670000e-04 1.12634000e-03 -1.33700000e-04 6.52600000e-04 -6.32340000e-04 -5.88330000e-04 1.12160000e-04 -1.11278000e-03 7.26540000e-04 -1.56983000e-03 -6.54300000e-05 -1.06306000e-03 -2.50375000e-03 1.74452000e-03 -6.79290000e-04 9.66830000e-04 -6.28890000e-04 3.54400000e-05 -6.06300000e-04 1.40600000e-04 -9.11840000e-04 -1.16845000e-03 -8.97260000e-04 -6.30170000e-04 -5.81100000e-05 -4.36180000e-04 8.70500000e-05 -5.15910000e-04 -8.44550000e-04 -1.03687000e-03 3.93590000e-04 -6.02960000e-04 -6.08800000e-05 -2.98070000e-04 2.15038000e-03 1.21448000e-03 -1.32030000e-04 -6.35700000e-04 -2.58066000e-03 7.85060000e-04 -2.32916000e-03 -6.67140000e-04 -4.27990000e-04 5.59330000e-04 -3.76580000e-04 -5.69030000e-04 -1.37250000e-04 -4.29830000e-04 -1.11257000e-03 -5.69700000e-04 4.37800000e-04 2.11011000e-03 2.34300000e-05 -3.44360000e-04 -1.40824000e-03 -6.61800000e-05 -6.18830000e-04 4.00610000e-04 -3.97900000e-04 1.39973000e-03 4.39830000e-04 6.20870000e-04 -3.73590000e-04 3.21160000e-04 -2.80500000e-05 -1.04035000e-03 3.16610000e-04 2.35960000e-04 9.50690000e-04 1.80790000e-03 5.98410000e-04 -1.97972000e-03 6.89280000e-04 -4.63800000e-04 3.14200000e-04 2.77470000e-04 2.50340000e-04 -1.21882000e-03 -2.79500000e-05 8.53710000e-04 1.45100000e-05 1.55910000e-04 -5.92630000e-04 -1.12051000e-03 3.57000000e-06 -3.37768000e-03 -8.68580000e-04 -1.43702000e-03 -1.02527000e-03 -6.86660000e-04 -1.20750000e-03
-3.24434000e-03 -2.33410000e-04 -3.76400000e-05 2.24720000e-04 -3.26710000e-04 -1.24090000e-04 -9.97220000e-04 9.68460000e-04 1.69910000e-03 9.88450000e-04 -3.26170000e-04 1.81260000e-04 5.09970000e-04 3.12700000e-05 3.68380000e-04 3.11000000e-05 -1.14544000e-03 -3.15664000e-03 6.33390000e-04 1.54390000e-04 1.42300000e-05 2.33860000e-04 1.90496000e-03 -3.07448000e-03 1.66893000e-03 -1.68120000e-04 -8.29490000e-04 1.07601000e-03 3.04900000e-05 9.82880000e-04 -7.85590000e-04 -5.17990000e-04 2.07620000e-04 -1.27227000e-03 9.89820000e-04 -1.79950000e-03 6.89900000e-05 -1.21745000e-03 -3.30147000e-03 2.34527000e-03 -7.03540000e-04 1.32628000e-03 -6.77390000e-04 3.91440000e-04 -8.10750000e-04 1.79340000e-04 -8.67540000e-04 -1.07922000e-03 -9.82230000e-04 -7.72100000e-04 -5.54000000e-05 -6.28190000e-04 8.30500000e-05 -3.64790000e-04 -7.73940000e-04 -1.32361000e-03 3.76930000e-04 -7.74870000e-04 -1.57470000e-04 -4.13140000e-04 2.82788000e-03 1.61122000e-03 -3.13970000e-04 -6.95310000e-04 -3.47337000e-03 1.05809000e-03 -2.96518000e-03 -7.62570000e-04 -4.51190000e-04 3.49950000e-04 -5.07590000e-04 -5.53930000e-04 1.94710000e-04 -3.96430000e-04 -1.56455000e-03 -5.80840000e-04 7.49900000e-04 2.88759000e-03 -2.36340000e-04 -6.62280000e-04 -1.57527000e-03 6.57100000e-05 -9.06570000e-04 7.93290000e-04 -3.32900000e-04 1.83050000e-03 6.04810000e-04 8.67080000e-04 -1.97300000e-04 5.18480000e-04 3.08270000e-04 -1.31071000e-03 3.66680000e-04 2.11010000e-04 1.14826000e-03 2.15007000e-03 6.90770000e-04 -2.54890000e-03 1.14371000e-03 -6.66020000e-04 2.14380000e-04 2.86140000e-04 2.14550000e-04 -1.52823000e-03 -1.80370000e-04 8.57050000e-04 -1.34030000e-04 -1.54000000e-05 -8.24630000e-04 -1.44877000e-03 -1.19160000e-04 -4.39387000e-03 -1.17211000e-03 -1.95322000e-03 -1.16700000e-03 -8.90440000e-04 -1.48829000e-03
4.72302000e-03 9.62540000e-04 -6.10000000e-04 -1.69982000e-03 1.11833000e-03 1.14462000e-03 1.09281000e-03 -1.08977000e-03 -2.17275000e-03 -1.74805000e-03 2.24210000e-04 -8.36400000e-05 -3.17180000e-04 1.78800000e-04 -7.18020000e-04 -9.50470000e-04 1.04119000e-03 2.59536000e-03 -6.04410000e-04 -6.14020000e-04 -6.00240000e-04 -5.42330000e-04 -2.38135000e-03 2.71300000e-03 -2.24203000e-03 6.30710000e-04 6.71460000e-04 -4.30920000e-04 -1.96770000e-04 -1.09854000e-03 8.87870000e-04 4.27410000e-04 -6.73650000e-04 1.84432000e-03 -1.58438000e-03 1.93349000e-03 -1.95990000e-04 2.31294000e-03 3.25783000e-03 -3.83398000e-03 1.10770000e-03 -1.94070000e-03 2.33100000e-03 -9.55370000e-04 1.98730000e-04 -4.79020000e-04 1.68141000e-03 5.97710000e-04 2.11533000e-03 3.01920000e-04 -3.24880000e-04 3.11540000e-04 -2.07740000e-04 5.31960000e-04 1.07834000e-03 1.38367000e-03 6.28510000e-04 9.40380000e-04 1.21513000e-03 -5.37000000e-06 -3.65282000e-03 -2.40962000e-03 1.20757000e-03 4.64580000e-04 1.90422000e-03 -2.19190000e-04 2.78321000e-03 6.01880000e-04 1.11572000e-03 -8.81470000e-04 2.27130000e-04 8.60330000e-04 -7.90140000e-04 1.19030000e-04 1.25502000e-03 1.34197000e-03 -1.12074000e-03 -3.64040000e-03 -4.89020000e-04 6.39150000e-04 1.68042000e-03 4.84330000e-04 9.93600000e-04 -1.24972000e-03 1.33887000e-03 -2.55937000e-03 -1.15820000e-03 -1.39180000e-03 1.73140000e-04 -1.08665000e-03 -1.19266000e-03 2.65614000e-03 5.23510000e-04 -8.19700000e-05 -1.34703000e-03 -3.88901000e-03 3.32070000e-04 3.68418000e-03 -2.13420000e-03 1.25477000e-03 8.27900000e-05 2.30630000e-04 4.60250000e-04 2.41613000e-03 6.19560000e-04 -5.14290000e-04 2.33920000e-04 8.43890000e-04 1.57916000e-03 1.60411000e-03 1.11940000e-03 4.56548000e-03 2.39510000e-03 1.60624000e-03 2.63857000e-03 1.62355000e-03 3.26714000e-03
-1.16218100e-02 -1.39882000e-03 1.01820000e-03 3.18746000e-03 -2.77332000e-03 -1.45171000e-03 -2.88341000e-03 4.15518000e-03 5.40822000e-03 3.97516000e-03 -2.85590000e-04 6.10640000e-04 2.25459000e-03 -1.60320000e-04 1.22792000e-03 1.35494000e-03 -3.26172000e-03 -6.47148000e-03 1.80925000e-03 1.40806000e-03 9.04510000e-04 1.08237000e-03 5.98088000e-03 -6.62639000e-03 5.44754000e-03 -1.40733000e-03 -2.08567000e-03 2.14860000e-03 6.72900000e-05 3.80856000e-03 -2.68004000e-03 -1.46125000e-03 1.26082000e-03 -4.28606000e-03 3.47016000e-03 -5.80744000e-03 1.22830000e-04 -5.75673000e-03 -9.04392000e-03 9.32741000e-03 -3.18804000e-03 4.65699000e-03 -5.26158000e-03 1.46389000e-03 -1.16912000e-03 4.76630000e-04 -4.24354000e-03 -3.45400000e-03 -4.79260000e-03 -1.31677000e-03 7.24400000e-04 -1.40339000e-03 3.94810000e-04 -1.50291000e-03 -3.11570000e-03 -4.23454000e-03 -1.03360000e-04 -2.70725000e-03 -1.62769000e-03 -1.95890000e-04 9.11411000e-03 5.75801000e-03 -1.39758000e-03 -1.77806000e-03 -4.93841000e-03 1.81235000e-03 -7.12783000e-03 -2.15937000e-03 -2.92099000e-03 2.70278000e-03 -6.36450000e-04 -2.39834000e-03 1.05352000e-03 -9.94140000e-04 -3.21873000e-03 -3.24014000e-03 2.77369000e-03 9.05244000e-03 1.63041000e-03 -9.82630000e-04 -4.18582000e-03 -8.93670000e-04 -2.98972000e-03 2.34437000e-03 -2.47275000e-03 6.21138000e-03 2.83360000e-03 3.46719000e-03 -8.93620000e-04 2.68714000e-03 2.23662000e-03 -5.47090000e-03 -6.01460000e-04 1.29079000e-03 4.85053000e-03 1.06869300e-02 4.88610000e-04 -8.26031000e-03 4.81210000e-03 -1.83335000e-03 1.35890000e-03 7.68280000e-04 3.72730000e-04 -4.73169000e-03 -2.46430000e-04 3.09557000e-03 7.56450000e-04 -3.77760000e-04 -2.61844000e-03 -3.39774000e-03 -1.53971000e-03 -1.17973300e-02 -4.42271000e-03 -5.08576000e-03 -5.41116000e-03 -2.70206000e-03 -6.16100000e-03
9.38200000e-04 4.38400000e-05 -1.39210000e-04 -5.46060000e-04 4.52070000e-04 8.37600000e-05 2.69360000e-04 -6.89160000e-04 -4.73180000e-04 -3.74940000e-04 -3.05500000e-05 -6.11800000e-05 -4.48890000e-04 4.34600000e-05 -1.62840000e-04 -1.50400000e-04 5.32820000e-04 1.89930000e-04 -1.82730000e-04 -9.05400000e-05 -1.99100000e-04 -1.66920000e-04 -5.16830000e-04 3.50380000e-04 -4.54650000e-04 1.97520000e-04 2.09720000e-04 1.17100000e-04 -1.46100000e-05 -4.30090000e-04 2.47110000e-04 1.89050000e-04 -8.96400000e-05 5.40740000e-04 -3.03270000e-04 5.67040000e-04 8.19200000e-05 7.13760000e-04 7.57310000e-04 -1.03057000e-03 5.20910000e-04 -4.88140000e-04 6.85230000e-04 -1.46600000e-04 6.58500000e-05 4.29500000e-05 5.71570000e-04 2.78980000e-04 6.58490000e-04 3.63300000e-05 -1.05770000e-04 1.49990000e-04 2.93700000e-05 2.07530000e-04 3.41190000e-04 4.70970000e-04 4.00900000e-05 3.60050000e-04 1.08370000e-04 -5.75900000e-05 -8.50130000e-04 -5.66260000e-04 6.28000000e-06 1.26270000e-04 3.38900000e-05 1.41200000e-04 3.23860000e-04 2.47590000e-04 4.85400000e-04 -2.13400000e-04 1.17580000e-04 2.80000000e-04 -9.50500000e-05 3.88900000e-05 1.53190000e-04 4.46840000e-04 -3.92660000e-04 -8.06780000e-04 -1.84220000e-04 -6.39700000e-05 2.73160000e-04 1.72060000e-04 3.77740000e-04 -2.92670000e-04 4.24230000e-04 -5.89150000e-04 -3.14790000e-04 -3.65190000e-04 1.11240000e-04 -3.29620000e-04 -2.82870000e-04 4.49800000e-04 2.36330000e-04 -4.50390000e-04 -7.64150000e-04 -1.66504000e-03 -4.11000000e-06 5.09160000e-04 -5.09230000e-04 -4.11400000e-05 -3.70660000e-04 -2.58680000e-04 -1.55690000e-04 2.55850000e-04 -1.46160000e-04 -4.89680000e-04 -4.12200000e-04 -9.96900000e-05 6.21900000e-05 -9.50000000e-07 1.24980000e-04 8.49080000e-04 3.19470000e-04 3.49850000e-04 5.63120000e-04 8.33400000e-05 6.94840000e-04
4.52961000e-03 5.32330000e-04 8.70000000e-06 -7.12060000e-04 6.62170000e-04 5.46640000e-04 1.43534000e-03 -1.05306000e-03 -2.10764000e-03 -1.30336000e-03 5.02970000e-04 -8.06400000e-05 -3.22370000e-04 4.67700000e-05 -5.42960000e-04 -1.93610000e-04 1.63051000e-03 4.27077000e-03 -7.11660000e-04 -2.52480000e-04 -1.50860000e-04 -3.26470000e-04 -2.36284000e-03 4.22667000e-03 -2.12452000e-03 4.09790000e-04 1.19200000e-03 -1.19702000e-03 -3.90400000e-05 -7.12160000e-04 9.45590000e-04 7.00670000e-04 -3.19550000e-04 2.12068000e-03 -1.36530000e-03 2.16423000e-03 -1.02970000e-04 1.85746000e-03 4.08333000e-03 -3.12828000e-03 1.05486000e-03 -1.74865000e-03 1.31918000e-03 -5.81250000e-04 9.35200000e-04 -3.78330000e-04 1.43623000e-03 9.18670000e-04 1.84161000e-03 8.91300000e-04 1.02970000e-04 6.63080000e-04 -1.30900000e-04 6.97140000e-04 1.10438000e-03 1.59746000e-03 -1.15970000e-04 9.90400000e-04 6.09440000e-04 4.80860000e-04 -3.60101000e-03 -2.11515000e-03 8.69390000e-04 8.17580000e-04 4.45351000e-03 -7.87810000e-04 3.90018000e-03 1.01662000e-03 7.02060000e-04 -3.53060000e-04 7.46700000e-04 8.27740000e-04 -3.30120000e-04 3.68520000e-04 1.96789000e-03 9.11120000e-04 -9.76020000e-04 -3.65757000e-03 4.14230000e-04 9.61830000e-04 2.19809000e-03 1.80270000e-04 1.10703000e-03 -1.12278000e-03 1.01470000e-03 -2.37788000e-03 -7.97620000e-04 -1.12674000e-03 3.00100000e-04 -6.61410000e-04 -5.08400000e-04 2.15621000e-03 -1.43370000e-04 -1.44120000e-04 -1.23033000e-03 -2.99405000e-03 -5.26540000e-04 3.71611000e-03 -1.50208000e-03 1.18102000e-03 2.25000000e-06 -7.74100000e-05 1.03020000e-04 2.53325000e-03 4.53910000e-04 -7.57550000e-04 3.73150000e-04 4.26800000e-04 1.42687000e-03 1.91745000e-03 4.51400000e-04 5.75165000e-03 2.12221000e-03 2.18181000e-03 2.12463000e-03 1.59983000e-03 2.95460000e-03
1.08592300e-02 1.75376000e-03 -6.95150000e-04 -2.09269000e-03 1.69469000e-03 1.67960000e-03 2.69282000e-03 -2.36236000e-03 -5.16264000e-03 -3.62945000e-03 6.52230000e-04 -4.26750000e-04 -7.66160000e-04 7.00100000e-05 -1.21014000e-03 -1.18413000e-03 2.51197000e-03 7.99835000e-03 -1.62804000e-03 -1.08992000e-03 -4.46220000e-04 -8.55370000e-04 -5.69588000e-03 7.80570000e-03 -5.27791000e-03 1.00495000e-03 1.93096000e-03 -2.55850000e-03 -1.80250000e-04 -2.15929000e-03 2.15623000e-03 1.20895000e-03 -1.18254000e-03 3.91343000e-03 -3.39551000e-03 4.95439000e-03 -4.43810000e-04 4.43531000e-03 8.70976000e-03 -7.90124000e-03 2.22044000e-03 -4.28038000e-03 3.72686000e-03 -1.53599000e-03 1.31319000e-03 -9.87980000e-04 3.21364000e-03 2.64388000e-03 3.80895000e-03 1.46693000e-03 -4.03060000e-04 1.16823000e-03 -5.11360000e-04 1.19921000e-03 2.51483000e-03 3.46304000e-03 2.97800000e-04 2.05994000e-03 1.80887000e-03 5.34590000e-04 -8.58980000e-03 -5.32685000e-03 2.10682000e-03 1.71530000e-03 7.54024000e-03 -2.08846000e-03 7.91089000e-03 1.74848000e-03 1.83638000e-03 -1.80074000e-03 8.15630000e-04 1.85194000e-03 -1.15418000e-03 9.04800000e-04 3.75065000e-03 2.43701000e-03 -2.19520000e-03 -8.63201000e-03 -3.84700000e-04 1.72917000e-03 4.35897000e-03 4.82830000e-04 2.28746000e-03 -2.42938000e-03 1.94617000e-03 -5.80849000e-03 -2.23531000e-03 -2.90735000e-03 6.02870000e-04 -2.06146000e-03 -1.83079000e-03 5.33869000e-03 -3.86500000e-05 2.05900000e-05 -2.89845000e-03 -7.09390000e-03 -4.51560000e-04 8.62236000e-03 -4.06826000e-03 2.79175000e-03 4.82700000e-05 1.34890000e-04 4.47070000e-04 5.49751000e-03 1.28395000e-03 -1.66786000e-03 8.92130000e-04 1.17303000e-03 3.39767000e-03 4.50192000e-03 1.63941000e-03 1.19392900e-02 4.82129000e-03 4.80269000e-03 5.07616000e-03 3.55195000e-03 6.20928000e-03
-3.95482000e-03 -5.62710000e-04 1.00760000e-04 2.57560000e-04 -2.91890000e-04 -4.20320000e-04 -8.49980000e-04 7.09390000e-04 1.67684000e-03 1.08810000e-03 -2.03040000e-04 2.87670000e-04 2.06380000e-04 1.30600000e-05 2.33550000e-04 2.48290000e-04 -8.19270000e-04 -3.19205000e-03 6.14290000e-04 4.23100000e-04 -1.05070000e-04 1.53660000e-04 1.93889000e-03 -2.84493000e-03 1.77981000e-03 -2.13260000e-04 -6.18300000e-04 1.40978000e-03 -9.82400000e-05 5.78550000e-04 -8.81890000e-04 -3.93900000e-04 3.32210000e-04 -1.13582000e-03 1.01818000e-03 -1.81307000e-03 2.06440000e-04 -1.27304000e-03 -3.27727000e-03 2.31336000e-03 -6.02740000e-04 1.28825000e-03 -9.05660000e-04 1.42120000e-04 -7.03580000e-04 2.48100000e-04 -9.72790000e-04 -1.36180000e-03 -9.93510000e-04 -7.50600000e-04 5.46300000e-05 -5.22070000e-04 2.23760000e-04 -4.53550000e-04 -8.49650000e-04 -1.26040000e-03 1.17990000e-04 -6.20310000e-04 -4.79280000e-04 -3.31340000e-04 2.81567000e-03 1.64120000e-03 -6.05870000e-04 -7.50020000e-04 -3.22713000e-03 1.23565000e-03 -3.06108000e-03 -6.05600000e-04 -3.79090000e-04 7.22890000e-04 -2.40710000e-04 -5.77630000e-04 2.77650000e-04 -5.01080000e-04 -1.43850000e-03 -5.94560000e-04 5.91670000e-04 2.85865000e-03 1.44770000e-04 -6.21290000e-04 -1.45724000e-03 3.70900000e-05 -7.87540000e-04 5.51960000e-04 -3.46520000e-04 1.82525000e-03 6.14860000e-04 8.69550000e-04 -2.53120000e-04 6.00310000e-04 4.25270000e-04 -1.74218000e-03 3.63080000e-04 -9.21600000e-05 8.67190000e-04 1.92086000e-03 3.00230000e-04 -3.12686000e-03 1.05596000e-03 -9.51390000e-04 6.90000000e-06 1.80000000e-05 -6.35300000e-05 -2.04312000e-03 -3.71080000e-04 6.86910000e-04 -3.84340000e-04 -2.32480000e-04 -1.10065000e-03 -1.79193000e-03 -3.86400000e-04 -4.37128000e-03 -1.57047000e-03 -2.03053000e-03 -1.69490000e-03 -1.24475000e-03 -2.02336000e-03
1.15075000e-03 2.01500000e-04 -1.21100000e-05 1.10600000e-04 -2.73900000e-05 6.13800000e-05 2.20900000e-04 -1.03700000e-04 -5.20750000e-04 -3.69040000e-04 2.34300000e-05 -9.25400000e-05 2.16600000e-05 -1.29360000e-04 -5.67000000e-05 3.47600000e-05 1.14550000e-04 9.87430000e-04 -2.07160000e-04 -1.24100000e-04 1.34700000e-04 -4.49500000e-05 -5.98430000e-04 8.93790000e-04 -5.74670000e-04 7.21000000e-06 1.91530000e-04 -4.39400000e-04 1.01000000e-05 1.57230000e-04 1.81590000e-04 8.02500000e-05 -9.32500000e-05 2.96440000e-04 -3.63220000e-04 5.36850000e-04 -9.57200000e-05 2.57900000e-04 9.54330000e-04 -6.44720000e-04 1.51720000e-04 -4.26680000e-04 4.89900000e-05 -4.75700000e-05 1.74220000e-04 -1.63430000e-04 2.44740000e-04 4.63340000e-04 1.54560000e-04 2.03770000e-04 -2.96700000e-05 1.03790000e-04 -1.26320000e-04 1.76000000e-04 2.76370000e-04 3.02690000e-04 -5.22800000e-05 1.13800000e-04 7.40300000e-05 6.06600000e-05 -9.01550000e-04 -5.35930000e-04 1.81180000e-04 2.82010000e-04 1.22349000e-03 -4.32910000e-04 8.97450000e-04 1.37000000e-04 6.70700000e-05 -1.21460000e-04 9.33000000e-06 1.30790000e-04 -1.65100000e-05 2.18290000e-04 4.38150000e-04 2.44660000e-04 -1.45030000e-04 -9.70260000e-04 1.71400000e-04 9.53500000e-05 4.27350000e-04 -6.99100000e-05 1.32200000e-04 -2.31280000e-04 6.69800000e-05 -6.39180000e-04 -1.29520000e-04 -2.46610000e-04 6.67800000e-05 -1.66730000e-04 -8.77900000e-05 4.91950000e-04 -2.32070000e-04 1.54390000e-04 -1.25890000e-04 -2.32880000e-04 -1.30060000e-04 9.75390000e-04 -2.97180000e-04 3.63140000e-04 6.88700000e-05 2.65100000e-05 4.49500000e-05 6.49730000e-04 2.36970000e-04 -1.39420000e-04 2.50300000e-04 5.40400000e-05 4.19540000e-04 6.90520000e-04 8.98500000e-05 1.25981000e-03 4.87490000e-04 5.91340000e-04 5.20760000e-04 4.55580000e-04 6.30900000e-04
-2.08135000e-03 -4.38230000e-04 -7.66500000e-05 -9.59400000e-05 -7.99700000e-05 -3.18570000e-04 -5.18730000e-04 8.46500000e-05 8.27560000e-04 4.72890000e-04 -1.72540000e-04 7.48200000e-05 -1.08700000e-04 -1.04000000e-05 -1.80000000e-07 -2.56000000e-06 -2.61170000e-04 -1.83186000e-03 2.44060000e-04 1.22380000e-04 -1.82710000e-04 -2.14800000e-05 9.28730000e-04 -1.58760000e-03 8.46260000e-04 -1.09150000e-04 -4.10640000e-04 8.93050000e-04 -1.10000000e-04 1.49250000e-04 -4.84100000e-04 -2.70220000e-04 9.71200000e-05 -4.83110000e-04 4.41400000e-04 -9.78490000e-04 4.75900000e-05 -4.81560000e-04 -1.71140000e-03 9.89720000e-04 -2.10070000e-04 5.54600000e-04 -3.33040000e-04 9.80000000e-07 -4.17640000e-04 8.84300000e-05 -3.73530000e-04 -7.95670000e-04 -3.22440000e-04 -4.77030000e-04 -2.93300000e-05 -3.20580000e-04 6.65600000e-05 -1.89470000e-04 -4.29700000e-04 -6.61580000e-04 -7.68000000e-06 -3.13050000e-04 -3.37910000e-04 -2.68040000e-04 1.33080000e-03 7.45550000e-04 -4.30130000e-04 -4.48350000e-04 -1.78753000e-03 7.89610000e-04 -1.73528000e-03 -3.37150000e-04 -8.76100000e-05 4.03600000e-04 -1.71100000e-04 -3.03200000e-04 2.97600000e-05 -3.33010000e-04 -8.21410000e-04 -1.72020000e-04 1.46140000e-04 1.36592000e-03 1.06650000e-04 -4.28400000e-04 -8.83230000e-04 2.25400000e-05 -3.92270000e-04 1.54330000e-04 3.15000000e-05 8.40140000e-04 2.78590000e-04 4.01100000e-04 -1.95430000e-04 1.88430000e-04 3.67000000e-05 -9.58450000e-04 2.72770000e-04 -3.27120000e-04 1.64760000e-04 4.13040000e-04 8.53800000e-05 -1.74210000e-03 4.37650000e-04 -6.66730000e-04 -2.18930000e-04 -1.86740000e-04 -1.75070000e-04 -1.13210000e-03 -3.84430000e-04 1.41730000e-04 -4.84410000e-04 -2.60780000e-04 -7.18520000e-04 -1.16067000e-03 -2.93500000e-04 -2.32361000e-03 -8.49600000e-04 -1.11406000e-03 -7.91140000e-04 -7.53560000e-04 -8.18150000e-04
-4.35078000e-03 -1.77140000e-04 9.26530000e-04 2.57991000e-03 -1.69521000e-03 -6.42490000e-04 -8.28710000e-04 2.51358000e-03 1.89074000e-03 1.63123000e-03 1.02460000e-04 3.83930000e-04 1.52151000e-03 -2.79150000e-04 8.86890000e-04 1.32395000e-03 -2.09008000e-03 -1.31535000e-03 7.07660000e-04 8.13100000e-04 1.06690000e-03 7.45790000e-04 2.25044000e-03 -1.66753000e-03 2.01626000e-03 -7.37310000e-04 -4.43090000e-04 -3.31410000e-04 1.34970000e-04 2.23228000e-03 -1.07055000e-03 -3.49120000e-04 6.97120000e-04 -2.22494000e-03 1.39561000e-03 -1.92477000e-03 1.37750000e-04 -3.07183000e-03 -3.16640000e-03 4.27338000e-03 -1.76677000e-03 1.93908000e-03 -3.08037000e-03 7.61100000e-04 -3.34710000e-04 2.75700000e-05 -2.28008000e-03 -6.14110000e-04 -2.94556000e-03 -1.49730000e-04 4.64650000e-04 -4.46180000e-04 1.60330000e-04 -7.50080000e-04 -1.14061000e-03 -1.75268000e-03 -3.17420000e-04 -1.27563000e-03 -7.46380000e-04 2.81040000e-04 3.43632000e-03 2.25173000e-03 -4.66410000e-04 -3.04710000e-04 -4.24970000e-04 -4.67200000e-04 -1.76876000e-03 -9.40150000e-04 -1.69451000e-03 9.42790000e-04 -2.61160000e-04 -1.01567000e-03 8.91190000e-04 6.38600000e-05 -6.99170000e-04 -1.62412000e-03 1.62764000e-03 3.30024000e-03 8.70860000e-04 -7.83900000e-05 -9.62220000e-04 -6.02180000e-04 -1.51994000e-03 1.15826000e-03 -1.96059000e-03 2.33955000e-03 1.33423000e-03 1.51200000e-03 -1.52280000e-04 1.50011000e-03 1.65559000e-03 -2.13898000e-03 -9.99020000e-04 1.55636000e-03 2.84168000e-03 6.67238000e-03 -1.82690000e-04 -2.67881000e-03 2.09289000e-03 -1.19610000e-04 1.15297000e-03 7.80610000e-04 3.69350000e-04 -1.66688000e-03 5.91770000e-04 1.68136000e-03 1.38531000e-03 -5.07900000e-05 -4.97110000e-04 -1.94300000e-04 -6.86990000e-04 -3.96867000e-03 -1.84317000e-03 -1.55296000e-03 -2.70061000e-03 -6.91040000e-04 -3.68916000e-03
-1.44117900e-02 -1.65813000e-03 1.09534000e-03 3.54583000e-03 -3.11533000e-03 -1.57096000e-03 -3.50798000e-03 4.94756000e-03 6.60112000e-03 4.78856000e-03 -3.88770000e-04 8.11800000e-04 2.52267000e-03 -9.32800000e-05 1.41858000e-03 1.52165000e-03 -4.11150000e-03 -8.61030000e-03 2.27445000e-03 1.71438000e-03 7.87730000e-04 1.18720000e-03 7.40987000e-03 -8.66586000e-03 6.73670000e-03 -1.62269000e-03 -2.60981000e-03 2.68626000e-03 -9.47100000e-05 4.04509000e-03 -3.30130000e-03 -1.78467000e-03 1.45332000e-03 -5.43747000e-03 4.25343000e-03 -7.15808000e-03 2.44060000e-04 -6.80596000e-03 -1.14860100e-02 1.11020700e-02 -3.91344000e-03 5.69520000e-03 -5.95000000e-03 1.41247000e-03 -1.72830000e-03 6.45240000e-04 -5.26568000e-03 -4.46259000e-03 -5.72100000e-03 -1.82593000e-03 7.57180000e-04 -1.77067000e-03 5.71840000e-04 -2.11479000e-03 -3.86339000e-03 -5.22194000e-03 5.69200000e-05 -3.23507000e-03 -1.79470000e-03 -3.68260000e-04 1.13401000e-02 7.02657000e-03 -1.66616000e-03 -2.39404000e-03 -7.60245000e-03 2.33983000e-03 -9.07421000e-03 -2.65211000e-03 -3.34834000e-03 3.01154000e-03 -9.13360000e-04 -2.87910000e-03 1.17011000e-03 -1.37440000e-03 -4.20809000e-03 -3.84555000e-03 3.29450000e-03 1.12123000e-02 1.38869000e-03 -1.23891000e-03 -5.15037000e-03 -9.35460000e-04 -3.60547000e-03 2.89051000e-03 -3.03470000e-03 7.61809000e-03 3.26126000e-03 4.08808000e-03 -1.14777000e-03 3.16418000e-03 2.60549000e-03 -6.62970000e-03 -4.61370000e-04 1.61544000e-03 5.71229000e-03 1.26887400e-02 8.46090000e-04 -1.03262300e-02 5.38646000e-03 -2.37575000e-03 1.60209000e-03 1.01168000e-03 4.78040000e-04 -6.23943000e-03 -3.72310000e-04 3.84569000e-03 7.72440000e-04 -3.20210000e-04 -3.31168000e-03 -4.59609000e-03 -1.69042000e-03 -1.48964000e-02 -5.59329000e-03 -6.46694000e-03 -6.97074000e-03 -3.62001000e-03 -8.41100000e-03
-2.36246000e-03 -3.52140000e-04 3.70220000e-04 6.45740000e-04 -4.40190000e-04 -3.11800000e-04 -3.18100000e-04 7.42160000e-04 9.36700000e-04 8.10290000e-04 8.53600000e-05 2.53280000e-04 3.53500000e-04 -3.09900000e-05 2.42010000e-04 5.27710000e-04 -4.98370000e-04 -1.21944000e-03 3.74090000e-04 3.68460000e-04 1.09190000e-04 2.12380000e-04 1.08576000e-03 -1.07619000e-03 1.11259000e-03 -2.04840000e-04 -1.34460000e-04 5.41260000e-04 -1.36000000e-05 5.04000000e-04 -4.72340000e-04 -1.17340000e-04 2.85050000e-04 -7.36650000e-04 6.19880000e-04 -9.83380000e-04 1.24460000e-04 -1.06589000e-03 -1.68166000e-03 1.70425000e-03 -5.78380000e-04 8.96440000e-04 -1.04196000e-03 1.65570000e-04 -1.49250000e-04 9.54700000e-05 -7.75020000e-04 -7.10270000e-04 -9.45780000e-04 -1.57720000e-04 2.49430000e-04 -1.99920000e-04 1.46090000e-04 -2.67600000e-04 -5.08380000e-04 -7.46110000e-04 -1.59060000e-04 -4.19360000e-04 -3.72000000e-04 9.03200000e-05 1.62629000e-03 1.09892000e-03 -3.32750000e-04 -3.37450000e-04 -8.75380000e-04 2.60900000e-04 -1.29788000e-03 -2.67400000e-04 -5.06130000e-04 5.58720000e-04 -5.20000000e-07 -3.64000000e-04 3.67480000e-04 -2.18300000e-04 -4.31040000e-04 -5.79170000e-04 5.04850000e-04 1.63592000e-03 3.92550000e-04 -1.42910000e-04 -5.54360000e-04 -9.60200000e-05 -5.36550000e-04 3.69810000e-04 -5.15100000e-04 1.13693000e-03 5.40700000e-04 6.38720000e-04 -1.00300000e-04 6.15960000e-04 6.20290000e-04 -1.11898000e-03 -1.24910000e-04 2.76820000e-04 8.55810000e-04 2.06177000e-03 -1.57400000e-04 -1.74290000e-03 7.65200000e-04 -3.50480000e-04 2.55230000e-04 1.71390000e-04 2.03500000e-05 -1.14747000e-03 -6.13000000e-05 5.88680000e-04 1.60440000e-04 -9.65900000e-05 -4.69860000e-04 -6.18600000e-04 -3.81940000e-04 -2.10287000e-03 -9.78740000e-04 -9.51130000e-04 -1.24664000e-03 -5.95640000e-04 -1.57888000e-03
-3.26720000e-03 -4.42240000e-04 -5.17070000e-04 -5.01510000e-04 1.50390000e-04 -1.98570000e-04 -1.25532000e-03 2.66910000e-04 1.72118000e-03 7.25900000e-04 -6.59000000e-04 -2.13200000e-05 -5.57500000e-05 2.44000000e-05 1.87520000e-04 -5.33320000e-04 -7.08760000e-04 -3.84548000e-03 5.96720000e-04 -6.00000000e-07 -2.50060000e-04 5.61700000e-05 1.94905000e-03 -3.62143000e-03 1.51541000e-03 -1.82100000e-05 -1.12774000e-03 1.25855000e-03 -4.38800000e-05 7.32970000e-04 -9.51000000e-04 -7.11630000e-04 2.51000000e-05 -9.25650000e-04 9.41370000e-04 -1.99797000e-03 2.53100000e-05 -5.91240000e-04 -3.59656000e-03 1.73820000e-03 -2.54150000e-04 1.03247000e-03 1.10180000e-04 2.37700000e-04 -1.17519000e-03 2.04420000e-04 -5.43020000e-04 -1.30770000e-03 -1.63750000e-04 -1.21377000e-03 -3.93240000e-04 -7.96560000e-04 2.86000000e-05 -3.38960000e-04 -7.30760000e-04 -1.35007000e-03 5.49830000e-04 -7.07380000e-04 -2.03290000e-04 -8.36500000e-04 2.89998000e-03 1.38186000e-03 -4.42710000e-04 -8.31070000e-04 -4.74718000e-03 1.89676000e-03 -3.56190000e-03 -7.30630000e-04 -7.06000000e-06 2.89250000e-04 -6.45150000e-04 -4.61350000e-04 -6.12600000e-05 -5.27470000e-04 -2.16218000e-03 -2.53930000e-04 4.53120000e-04 2.91500000e-03 -5.71450000e-04 -9.86350000e-04 -1.99153000e-03 2.66400000e-04 -8.03810000e-04 7.41690000e-04 2.90320000e-04 1.68898000e-03 3.57930000e-04 6.41860000e-04 -2.50310000e-04 5.78000000e-05 -2.63860000e-04 -1.29344000e-03 8.78790000e-04 -5.12900000e-04 4.14590000e-04 4.21170000e-04 1.06634000e-03 -2.69886000e-03 1.02943000e-03 -1.13923000e-03 -3.28920000e-04 -1.73870000e-04 -4.13500000e-05 -1.64834000e-03 -6.23750000e-04 3.73270000e-04 -8.93830000e-04 -1.95040000e-04 -1.24939000e-03 -2.35827000e-03 -1.03870000e-04 -4.85965000e-03 -1.18683000e-03 -2.34927000e-03 -9.83180000e-04 -1.25842000e-03 -1.02755000e-03
-1.36319700e-02 -1.65889000e-03 9.55990000e-04 3.44194000e-03 -2.92019000e-03 -1.64412000e-03 -3.49001000e-03 4.53944000e-03 6.41756000e-03 4.55913000e-03 -5.61920000e-04 6.30150000e-04 2.25519000e-03 -1.55990000e-04 1.49572000e-03 1.37603000e-03 -3.85719000e-03 -8.29177000e-03 2.17096000e-03 1.54839000e-03 9.15650000e-04 1.20852000e-03 7.18726000e-03 -8.46908000e-03 6.41736000e-03 -1.52830000e-03 -2.61088000e-03 2.20673000e-03 3.09100000e-05 4.09818000e-03 -3.17637000e-03 -1.77776000e-03 1.37522000e-03 -5.18882000e-03 4.16494000e-03 -6.85239000e-03 2.13570000e-04 -6.41335000e-03 -1.10420500e-02 1.06676700e-02 -3.63044000e-03 5.45209000e-03 -5.55481000e-03 1.60842000e-03 -1.73668000e-03 6.67170000e-04 -4.94597000e-03 -3.97356000e-03 -5.31946000e-03 -1.82751000e-03 6.06030000e-04 -1.73492000e-03 4.82050000e-04 -1.93459000e-03 -3.61571000e-03 -5.01396000e-03 4.85000000e-06 -3.14807000e-03 -1.84112000e-03 -4.76330000e-04 1.10289400e-02 6.74200000e-03 -1.72738000e-03 -2.19985000e-03 -7.54627000e-03 2.31438000e-03 -8.76655000e-03 -2.53303000e-03 -3.15860000e-03 2.71978000e-03 -1.00016000e-03 -2.71528000e-03 1.18664000e-03 -1.18258000e-03 -4.27056000e-03 -3.65404000e-03 3.22911000e-03 1.08724600e-02 1.11315000e-03 -1.36429000e-03 -5.10127000e-03 -8.76540000e-04 -3.48259000e-03 3.01465000e-03 -2.83744000e-03 7.34443000e-03 3.11517000e-03 3.90685000e-03 -1.00960000e-03 2.91433000e-03 2.43899000e-03 -6.37954000e-03 -4.16350000e-04 1.34207000e-03 5.29265000e-03 1.18323800e-02 9.22040000e-04 -9.81135000e-03 5.40737000e-03 -2.46033000e-03 1.29274000e-03 7.59460000e-04 3.02120000e-04 -5.91213000e-03 -5.53750000e-04 3.40661000e-03 5.05080000e-04 -5.07910000e-04 -3.36793000e-03 -4.61360000e-03 -1.71855000e-03 -1.44035800e-02 -5.41363000e-03 -6.20563000e-03 -6.61313000e-03 -3.59110000e-03 -7.95512000e-03
-6.69261000e-03 -8.41140000e-04 2.40540000e-04 1.63171000e-03 -1.15327000e-03 -9.42680000e-04 -2.09329000e-03 2.00586000e-03 3.43824000e-03 2.18961000e-03 -7.61830000e-04 1.22670000e-04 9.19370000e-04 -2.56950000e-04 1.14755000e-03 6.06310000e-04 -2.39614000e-03 -5.28486000e-03 1.20485000e-03 4.71020000e-04 7.38940000e-04 8.02220000e-04 3.85237000e-03 -5.43324000e-03 3.32291000e-03 -5.98640000e-04 -1.58427000e-03 9.09390000e-04 3.19040000e-04 2.41061000e-03 -1.63178000e-03 -1.06446000e-03 5.57580000e-04 -2.82264000e-03 2.22394000e-03 -3.48569000e-03 8.71400000e-05 -2.95367000e-03 -6.16345000e-03 5.37677000e-03 -1.60545000e-03 2.82631000e-03 -2.35285000e-03 1.35746000e-03 -1.27835000e-03 3.95080000e-04 -2.16770000e-03 -1.32393000e-03 -2.54705000e-03 -1.22582000e-03 -3.34500000e-05 -1.11510000e-03 6.46100000e-05 -7.36640000e-04 -1.53554000e-03 -2.66931000e-03 6.27400000e-05 -1.76016000e-03 -1.03624000e-03 -6.25850000e-04 5.92356000e-03 3.46161000e-03 -1.13582000e-03 -1.00008000e-03 -5.42028000e-03 1.36609000e-03 -5.30077000e-03 -1.39711000e-03 -1.36613000e-03 7.89310000e-04 -1.03365000e-03 -1.19939000e-03 8.45640000e-04 -3.46610000e-04 -2.89696000e-03 -1.58574000e-03 1.87376000e-03 5.87520000e-03 -1.47090000e-04 -1.34703000e-03 -3.09392000e-03 -2.47600000e-04 -1.98413000e-03 2.08959000e-03 -1.30078000e-03 3.81427000e-03 1.52535000e-03 1.96018000e-03 -2.61890000e-04 1.22331000e-03 1.13112000e-03 -3.24782000e-03 -2.62100000e-05 4.28190000e-04 2.41635000e-03 5.40890000e-03 8.15050000e-04 -5.13248000e-03 3.13758000e-03 -1.56382000e-03 2.36690000e-04 1.93940000e-04 -2.70300000e-05 -3.17357000e-03 -5.81170000e-04 1.29516000e-03 -1.90480000e-04 -5.96400000e-04 -2.00206000e-03 -2.70142000e-03 -9.05930000e-04 -8.28292000e-03 -2.94789000e-03 -3.39874000e-03 -3.11556000e-03 -2.09218000e-03 -3.97738000e-03
6.94735000e-03 7.42570000e-04 -4.32900000e-04 -1.45186000e-03 1.35885000e-03 7.76490000e-04 1.70481000e-03 -2.00760000e-03 -2.98797000e-03 -2.13025000e-03 2.50220000e-04 -3.93970000e-04 -8.66770000e-04 -2.95600000e-05 -6.35810000e-04 -7.03550000e-04 2.23133000e-03 5.23948000e-03 -1.01148000e-03 -6.81240000e-04 -1.87080000e-04 -4.50600000e-04 -3.36375000e-03 5.10320000e-03 -3.19610000e-03 7.35320000e-04 1.32677000e-03 -1.89253000e-03 8.36400000e-05 -1.03262000e-03 1.35918000e-03 7.92260000e-04 -6.83840000e-04 2.99666000e-03 -1.94386000e-03 3.10973000e-03 -2.32750000e-04 3.18262000e-03 5.56721000e-03 -4.91221000e-03 1.83926000e-03 -2.62703000e-03 2.63997000e-03 -5.97040000e-04 9.76810000e-04 -4.56950000e-04 2.39869000e-03 1.80844000e-03 3.10195000e-03 9.27130000e-04 -2.48880000e-04 7.69860000e-04 -3.50950000e-04 1.08437000e-03 1.76933000e-03 2.30212000e-03 2.70800000e-05 1.39398000e-03 8.78970000e-04 2.54060000e-04 -5.06393000e-03 -3.18192000e-03 1.10797000e-03 1.20292000e-03 4.78952000e-03 -8.08840000e-04 4.97080000e-03 1.43739000e-03 1.35730000e-03 -1.07471000e-03 6.34150000e-04 1.33371000e-03 -5.24950000e-04 6.71230000e-04 2.13360000e-03 1.61703000e-03 -1.41665000e-03 -5.11701000e-03 -2.12990000e-04 8.83630000e-04 2.63491000e-03 4.23640000e-04 1.59723000e-03 -1.21712000e-03 1.74579000e-03 -3.47878000e-03 -1.33805000e-03 -1.76851000e-03 5.43620000e-04 -1.39305000e-03 -1.14178000e-03 3.21154000e-03 1.19250000e-04 -6.14380000e-04 -2.30781000e-03 -5.49705000e-03 -2.60840000e-04 5.36727000e-03 -2.05319000e-03 1.34619000e-03 -4.59410000e-04 -3.94020000e-04 -5.51600000e-05 3.58073000e-03 2.83190000e-04 -1.58755000e-03 -4.31100000e-05 4.00840000e-04 1.71974000e-03 2.25889000e-03 7.48400000e-04 7.62475000e-03 2.99624000e-03 2.97545000e-03 3.36154000e-03 1.99905000e-03 4.47271000e-03
2.99937000e-03 4.74210000e-04 -6.73800000e-05 -5.04650000e-04 7.09230000e-04 3.52120000e-04 8.77560000e-04 -8.31920000e-04 -1.33940000e-03 -9.54510000e-04 1.15400000e-04 -2.00700000e-05 -3.45820000e-04 -7.58200000e-05 -1.34600000e-04 -5.98000000e-05 7.12710000e-04 1.81440000e-03 -3.54810000e-04 -1.84530000e-04 5.17500000e-05 -1.17240000e-04 -1.47096000e-03 1.92319000e-03 -1.31854000e-03 3.94650000e-04 7.73640000e-04 -4.11580000e-04 1.30130000e-04 -3.89450000e-04 6.94280000e-04 4.92580000e-04 -1.77050000e-04 1.21427000e-03 -8.44620000e-04 1.64131000e-03 7.89700000e-05 1.31279000e-03 2.44976000e-03 -2.23396000e-03 9.33510000e-04 -1.14037000e-03 1.09381000e-03 -1.98370000e-04 4.16350000e-04 -7.79700000e-05 1.14765000e-03 1.09899000e-03 1.08684000e-03 4.39190000e-04 -1.06220000e-04 4.24810000e-04 -6.38400000e-05 5.62550000e-04 9.38130000e-04 1.18130000e-03 8.94600000e-05 7.66960000e-04 3.66190000e-04 1.14750000e-04 -2.34279000e-03 -1.42477000e-03 4.15820000e-04 6.63320000e-04 1.78662000e-03 -4.01670000e-04 1.85323000e-03 6.80980000e-04 7.44320000e-04 -5.16490000e-04 2.76640000e-04 6.88320000e-04 4.23700000e-05 4.51060000e-04 9.17690000e-04 8.70520000e-04 -5.34590000e-04 -2.34345000e-03 -7.55700000e-05 2.02850000e-04 1.22617000e-03 2.69220000e-04 7.83040000e-04 -5.33030000e-04 5.73010000e-04 -1.60019000e-03 -6.41860000e-04 -8.29150000e-04 3.88810000e-04 -5.62550000e-04 -3.30780000e-04 1.39302000e-03 5.95900000e-05 -1.38030000e-04 -9.86070000e-04 -2.22904000e-03 -1.23690000e-04 2.18675000e-03 -9.39070000e-04 6.61520000e-04 -1.59480000e-04 -6.65500000e-05 -3.95000000e-06 1.33730000e-03 3.12540000e-04 -6.53120000e-04 7.70900000e-05 1.48860000e-04 8.68590000e-04 1.23050000e-03 4.52520000e-04 3.12877000e-03 1.21925000e-03 1.37878000e-03 1.48499000e-03 8.81120000e-04 1.77390000e-03
8.13956000e-03 8.98020000e-04 -1.68750000e-04 -9.07050000e-04 1.06147000e-03 6.64950000e-04 2.05980000e-03 -2.07665000e-03 -3.53570000e-03 -2.32691000e-03 5.28080000e-04 -4.25500000e-04 -8.23420000e-04 -5.18000000e-05 -6.52500000e-04 -4.66160000e-04 2.50969000e-03 6.56085000e-03 -1.23927000e-03 -6.78290000e-04 1.02240000e-04 -3.87760000e-04 -4.13091000e-03 6.26662000e-03 -3.71640000e-03 6.35120000e-04 1.65288000e-03 -2.01254000e-03 2.19070000e-04 -1.01529000e-03 1.91969000e-03 1.02806000e-03 -5.46330000e-04 3.12621000e-03 -2.20647000e-03 4.06598000e-03 -2.30920000e-04 3.09698000e-03 7.24482000e-03 -5.36501000e-03 1.90527000e-03 -2.90968000e-03 2.19927000e-03 -4.47540000e-04 1.66403000e-03 -3.45700000e-04 2.56219000e-03 2.67643000e-03 2.68236000e-03 1.58294000e-03 -1.51100000e-05 1.28006000e-03 -3.20310000e-04 1.28315000e-03 2.02563000e-03 3.03594000e-03 -2.90620000e-04 1.75977000e-03 7.54430000e-04 6.87680000e-04 -6.24157000e-03 -3.61061000e-03 1.09146000e-03 1.70402000e-03 7.10354000e-03 -1.85169000e-03 6.21834000e-03 1.69102000e-03 1.27678000e-03 -1.01669000e-03 8.90520000e-04 1.44299000e-03 -4.07030000e-04 1.05752000e-03 3.12354000e-03 1.65801000e-03 -1.53205000e-03 -6.30790000e-03 3.00040000e-04 1.19711000e-03 3.20665000e-03 1.55570000e-04 2.06277000e-03 -1.48416000e-03 1.28473000e-03 -4.05492000e-03 -1.38784000e-03 -1.95078000e-03 6.44730000e-04 -1.35678000e-03 -9.93850000e-04 3.50518000e-03 -4.05230000e-04 -4.07330000e-04 -2.43881000e-03 -5.31191000e-03 -8.48310000e-04 6.24183000e-03 -2.25909000e-03 1.76200000e-03 -3.61050000e-04 -3.88950000e-04 -1.48430000e-04 4.12336000e-03 5.72050000e-04 -1.80244000e-03 3.40940000e-04 2.95060000e-04 2.17193000e-03 3.47758000e-03 7.31770000e-04 9.49685000e-03 3.33138000e-03 4.26938000e-03 3.78021000e-03 2.48896000e-03 5.00199000e-03
2.09834000e-03 2.39370000e-04 8.52810000e-04 1.75950000e-04 5.64700000e-05 2.03960000e-04 1.59857000e-03 -3.45400000e-04 -1.02488000e-03 -1.77500000e-04 9.57420000e-04 5.86730000e-04 -1.06100000e-05 2.80450000e-04 -2.09930000e-04 8.68870000e-04 9.09960000e-04 3.57330000e-03 -3.54160000e-04 6.84110000e-04 7.56500000e-05 -1.29970000e-04 -1.12197000e-03 3.65649000e-03 -7.66650000e-04 6.57700000e-05 1.56440000e-03 -6.37840000e-04 -3.60400000e-05 -1.25660000e-04 9.28790000e-04 1.06958000e-03 3.63270000e-04 1.17905000e-03 -4.41270000e-04 1.85208000e-03 4.59250000e-04 5.00280000e-04 3.15227000e-03 -1.17099000e-03 4.19650000e-04 -5.12570000e-04 -8.02400000e-05 -4.06280000e-04 1.30848000e-03 1.57630000e-04 5.87660000e-04 5.49610000e-04 4.86470000e-04 1.23593000e-03 7.25000000e-04 9.70920000e-04 4.27120000e-04 3.52340000e-04 5.29570000e-04 1.43951000e-03 -3.23730000e-04 1.07509000e-03 1.79700000e-04 1.02432000e-03 -1.89134000e-03 -7.50320000e-04 3.40870000e-04 5.68040000e-04 4.25651000e-03 -7.79300000e-04 3.16460000e-03 8.03980000e-04 2.39050000e-04 6.33200000e-05 1.18802000e-03 3.82250000e-04 1.14370000e-04 2.46900000e-04 2.05861000e-03 2.78500000e-04 -4.39140000e-04 -1.90233000e-03 7.13250000e-04 1.19974000e-03 2.12418000e-03 -9.67000000e-05 1.10131000e-03 -7.94450000e-04 1.46980000e-04 -1.02570000e-03 -1.56040000e-04 -3.02620000e-04 2.18070000e-04 3.25640000e-04 6.29950000e-04 7.95180000e-04 -5.50980000e-04 7.54500000e-05 -5.02800000e-04 -7.89450000e-04 -8.97910000e-04 1.60022000e-03 -7.85550000e-04 7.70690000e-04 2.38220000e-04 3.05000000e-05 -5.06900000e-05 1.17219000e-03 3.92740000e-04 -2.85200000e-04 4.91200000e-04 2.30880000e-04 7.93270000e-04 1.56065000e-03 1.72020000e-04 4.30306000e-03 8.41330000e-04 1.90647000e-03 5.60970000e-04 8.62340000e-04 8.09880000e-04
-1.48291000e-03 -1.80110000e-04 2.43750000e-04 1.04319000e-03 -4.90610000e-04 -4.54810000e-04 -4.87600000e-04 7.29880000e-04 9.50640000e-04 5.99520000e-04 -2.48830000e-04 1.17600000e-05 4.41130000e-04 -2.61770000e-04 5.94290000e-04 4.59110000e-04 -8.57100000e-04 -6.12320000e-04 3.34130000e-04 2.11410000e-04 7.22090000e-04 4.41580000e-04 1.08595000e-03 -8.57880000e-04 7.95660000e-04 -2.08910000e-04 -2.62000000e-04 -5.56310000e-04 2.77480000e-04 1.41820000e-03 -4.60070000e-04 -2.37100000e-04 2.46140000e-04 -7.35810000e-04 6.87430000e-04 -7.49730000e-04 3.97800000e-05 -9.80530000e-04 -1.35095000e-03 1.72949000e-03 -4.42640000e-04 7.92620000e-04 -9.72140000e-04 7.08530000e-04 -2.55690000e-04 6.58000000e-05 -6.37400000e-04 1.80190000e-04 -8.19490000e-04 -1.92820000e-04 1.65200000e-05 -2.74810000e-04 -5.31700000e-05 -5.09700000e-05 -2.50600000e-04 -7.08500000e-04 -1.47230000e-04 -5.51710000e-04 -4.89040000e-04 -9.96600000e-05 1.66282000e-03 9.38250000e-04 -3.51120000e-04 4.89400000e-05 -5.16050000e-04 1.20270000e-04 -8.92370000e-04 -3.30520000e-04 -5.38110000e-04 1.75090000e-04 -3.05060000e-04 -2.93910000e-04 5.15110000e-04 2.53010000e-04 -6.63710000e-04 -5.01420000e-04 7.98150000e-04 1.53902000e-03 1.33750000e-04 -3.45200000e-04 -5.99240000e-04 -1.44340000e-04 -6.68000000e-04 8.53160000e-04 -5.14070000e-04 9.88180000e-04 5.36410000e-04 6.19760000e-04 9.94000000e-05 4.33080000e-04 5.97710000e-04 -9.07510000e-04 -3.20900000e-04 3.08260000e-04 8.97750000e-04 2.13391000e-03 1.24730000e-04 -9.88860000e-04 1.32338000e-03 -2.86700000e-04 1.31130000e-04 3.53700000e-05 -6.59200000e-05 -5.15870000e-04 -3.38700000e-05 2.68410000e-04 2.15800000e-04 -2.90920000e-04 -4.51990000e-04 -3.61740000e-04 -3.85900000e-04 -1.78177000e-03 -7.59190000e-04 -6.80170000e-04 -8.80290000e-04 -4.09470000e-04 -1.07735000e-03
-2.70751000e-03 -4.54540000e-04 8.57930000e-04 7.87820000e-04 -5.39640000e-04 -4.45430000e-04 1.44320000e-04 6.24390000e-04 1.29011000e-03 1.26550000e-03 4.82590000e-04 6.40750000e-04 3.03610000e-04 2.94460000e-04 2.97270000e-04 1.05654000e-03 -5.41850000e-04 -7.19020000e-04 3.63710000e-04 8.20090000e-04 1.63550000e-04 2.24220000e-04 1.46351000e-03 -5.94410000e-04 1.52470000e-03 -2.68060000e-04 3.60680000e-04 5.20660000e-04 1.71000000e-05 7.69170000e-04 -1.30610000e-04 3.34100000e-04 7.06330000e-04 -7.78060000e-04 1.03046000e-03 -5.75790000e-04 5.40550000e-04 -1.22409000e-03 -1.27743000e-03 2.20121000e-03 -6.13940000e-04 1.31449000e-03 -1.24896000e-03 2.53340000e-04 2.97040000e-04 4.88490000e-04 -7.94130000e-04 -6.27270000e-04 -1.11204000e-03 2.82910000e-04 6.66650000e-04 2.02960000e-04 5.35410000e-04 -2.48280000e-04 -5.45000000e-04 -3.50200000e-04 -3.97300000e-04 -4.75500000e-05 -4.92980000e-04 5.19170000e-04 1.99094000e-03 1.51520000e-03 -6.21110000e-04 -3.03820000e-04 -3.37860000e-04 1.69320000e-04 -8.30880000e-04 -2.15310000e-04 -4.73340000e-04 5.50000000e-04 4.39440000e-04 -4.02700000e-04 4.35750000e-04 -2.16970000e-04 -9.29000000e-06 -6.96700000e-04 5.41300000e-04 2.06309000e-03 4.23120000e-04 2.39840000e-04 -8.52200000e-05 -1.68770000e-04 -1.63660000e-04 3.88510000e-04 -6.43250000e-04 1.55599000e-03 7.01170000e-04 9.30000000e-04 -7.87600000e-05 1.06914000e-03 1.16050000e-03 -1.43565000e-03 -2.43290000e-04 8.28700000e-05 7.37180000e-04 2.08545000e-03 -5.40830000e-04 -2.25804000e-03 8.22950000e-04 -5.44550000e-04 8.79500000e-05 3.51500000e-05 -2.00920000e-04 -1.39095000e-03 -2.52080000e-04 4.39350000e-04 -3.78100000e-05 -3.29550000e-04 -7.51390000e-04 -7.12840000e-04 -4.93950000e-04 -1.68987000e-03 -1.30173000e-03 -5.72370000e-04 -1.57183000e-03 -7.77280000e-04 -1.94124000e-03
6.30699000e-03 4.75510000e-04 -9.85890000e-04 -2.96398000e-03 2.20312000e-03 8.20480000e-04 1.41475000e-03 -3.01081000e-03 -2.57093000e-03 -2.24792000e-03 -9.07700000e-05 -3.57280000e-04 -1.57141000e-03 1.61570000e-04 -9.34740000e-04 -1.39052000e-03 2.72552000e-03 3.01491000e-03 -9.15400000e-04 -8.24300000e-04 -8.28160000e-04 -7.79280000e-04 -2.95004000e-03 3.38635000e-03 -2.88243000e-03 1.04302000e-03 1.01591000e-03 -2.75420000e-04 -7.39000000e-06 -1.56397000e-03 1.24919000e-03 6.82190000e-04 -7.73170000e-04 3.46165000e-03 -1.87958000e-03 2.76334000e-03 -7.33000000e-05 3.97560000e-03 4.57468000e-03 -5.51886000e-03 2.55157000e-03 -2.72869000e-03 3.86957000e-03 -7.72530000e-04 4.41480000e-04 -2.26890000e-04 3.17055000e-03 1.11596000e-03 4.13536000e-03 2.55380000e-04 -5.57030000e-04 5.39960000e-04 -2.44330000e-04 1.32651000e-03 1.80496000e-03 2.29026000e-03 4.96390000e-04 1.66577000e-03 9.54760000e-04 -3.29610000e-04 -4.70723000e-03 -3.19207000e-03 8.53290000e-04 7.74780000e-04 2.08544000e-03 8.72760000e-04 3.12051000e-03 1.34200000e-03 2.18152000e-03 -1.07693000e-03 5.56050000e-04 1.45053000e-03 -8.41870000e-04 2.40380000e-04 1.10616000e-03 2.24129000e-03 -1.88240000e-03 -4.58316000e-03 -6.47320000e-04 2.17310000e-04 1.82459000e-03 8.82950000e-04 1.82313000e-03 -1.45979000e-03 2.83081000e-03 -3.33773000e-03 -1.65207000e-03 -1.93401000e-03 4.80660000e-04 -1.83944000e-03 -1.85933000e-03 3.09116000e-03 1.17591000e-03 -1.82187000e-03 -3.33556000e-03 -8.24784000e-03 3.17810000e-04 4.28627000e-03 -2.27345000e-03 5.71540000e-04 -1.25543000e-03 -9.20550000e-04 -3.21440000e-04 3.01259000e-03 -3.78700000e-04 -2.10707000e-03 -1.36258000e-03 1.62690000e-04 1.05724000e-03 8.04110000e-04 9.50260000e-04 5.96559000e-03 2.90546000e-03 2.02769000e-03 3.95501000e-03 1.45696000e-03 5.67360000e-03
2.39026000e-03 2.16200000e-04 -1.54920000e-04 4.21920000e-04 9.75900000e-05 -1.86310000e-04 7.76400000e-05 -5.10050000e-04 -6.46930000e-04 -6.26150000e-04 -3.15790000e-04 -4.32570000e-04 -2.16120000e-04 -3.05130000e-04 3.62320000e-04 -1.00410000e-04 1.17700000e-04 1.48364000e-03 -2.56080000e-04 -4.18450000e-04 7.30360000e-04 2.54270000e-04 -8.41230000e-04 1.02251000e-03 -9.72140000e-04 1.10030000e-04 6.62900000e-05 -1.42388000e-03 4.59990000e-04 7.17590000e-04 4.90390000e-04 -2.99000000e-06 -1.76630000e-04 3.66160000e-04 -3.23490000e-04 1.07767000e-03 -1.84260000e-04 6.09890000e-04 1.70984000e-03 -9.21910000e-04 4.59880000e-04 -5.70210000e-04 3.46390000e-04 6.94740000e-04 2.72340000e-04 -2.83700000e-05 6.40900000e-04 1.75956000e-03 3.65650000e-04 3.36260000e-04 -2.55470000e-04 2.13670000e-04 -3.18100000e-04 5.13170000e-04 7.00080000e-04 6.53020000e-04 -2.29820000e-04 1.59720000e-04 -1.64400000e-04 -2.94700000e-05 -1.14101000e-03 -7.63960000e-04 -3.56200000e-05 7.90520000e-04 1.55322000e-03 -8.00410000e-04 1.33496000e-03 2.54320000e-04 1.71890000e-04 -6.82540000e-04 -3.01340000e-04 3.73440000e-04 2.11820000e-04 7.90160000e-04 3.48030000e-04 3.77900000e-04 7.70600000e-05 -1.28474000e-03 -2.92230000e-04 -1.63910000e-04 3.38850000e-04 -6.86800000e-05 2.41050000e-04 3.66950000e-04 1.44700000e-05 -8.67230000e-04 -2.04520000e-04 -3.68550000e-04 3.81240000e-04 -4.69350000e-04 -1.74920000e-04 6.95280000e-04 -3.89150000e-04 -1.05760000e-04 -5.40380000e-04 -8.93620000e-04 -3.97000000e-05 1.73613000e-03 2.64750000e-04 2.52820000e-04 -3.48000000e-04 -3.15000000e-04 -2.78510000e-04 1.15433000e-03 -1.81500000e-05 -8.65660000e-04 -4.09000000e-06 -3.60540000e-04 2.91290000e-04 9.57240000e-04 -3.33200000e-05 1.93973000e-03 5.94380000e-04 1.27291000e-03 9.71270000e-04 4.74090000e-04 1.14829000e-03
-3.45556000e-03 -3.91230000e-04 5.76600000e-05 5.62920000e-04 -4.13480000e-04 -3.60290000e-04 -1.08010000e-03 1.00006000e-03 1.79616000e-03 1.10282000e-03 -4.03550000e-04 1.15900000e-04 4.98300000e-04 -9.13800000e-05 5.58170000e-04 2.13010000e-04 -1.18673000e-03 -3.04356000e-03 6.82050000e-04 2.12450000e-04 2.74800000e-04 3.97660000e-04 2.00538000e-03 -3.00404000e-03 1.76484000e-03 -2.04460000e-04 -8.22320000e-04 8.61360000e-04 1.81050000e-04 1.29590000e-03 -8.50100000e-04 -5.46700000e-04 2.52650000e-04 -1.30131000e-03 1.10702000e-03 -1.85646000e-03 5.92400000e-05 -1.36756000e-03 -3.32665000e-03 2.64790000e-03 -6.99430000e-04 1.43537000e-03 -9.83310000e-04 6.73790000e-04 -7.29180000e-04 1.99280000e-04 -9.40380000e-04 -8.45170000e-04 -1.11694000e-03 -7.17270000e-04 -4.26200000e-05 -6.27430000e-04 4.22700000e-05 -2.89730000e-04 -7.41860000e-04 -1.38269000e-03 1.89960000e-04 -8.70670000e-04 -4.11460000e-04 -3.90050000e-04 3.03188000e-03 1.76625000e-03 -4.95950000e-04 -5.71740000e-04 -3.12338000e-03 1.01071000e-03 -3.00326000e-03 -7.03730000e-04 -5.72600000e-04 4.41960000e-04 -5.19990000e-04 -5.49660000e-04 4.20080000e-04 -2.56400000e-04 -1.59687000e-03 -7.02120000e-04 9.20520000e-04 3.06997000e-03 -7.52000000e-05 -7.62470000e-04 -1.66473000e-03 4.55000000e-06 -1.00519000e-03 1.02510000e-03 -4.42500000e-04 1.96343000e-03 7.51720000e-04 9.90400000e-04 -1.07370000e-04 5.85250000e-04 4.83560000e-04 -1.57444000e-03 1.89860000e-04 1.45880000e-04 1.21139000e-03 2.46150000e-03 5.60940000e-04 -2.70802000e-03 1.59238000e-03 -7.83930000e-04 1.36850000e-04 1.54900000e-04 7.53400000e-05 -1.61102000e-03 -2.86310000e-04 7.22600000e-04 -1.65190000e-04 -2.13070000e-04 -9.79530000e-04 -1.47031000e-03 -3.50380000e-04 -4.46523000e-03 -1.39608000e-03 -1.92151000e-03 -1.37480000e-03 -1.01924000e-03 -1.67872000e-03
2.43712000e-03 2.31870000e-04 -2.28230000e-04 -1.19051000e-03 1.16809000e-03 3.56980000e-04 8.13380000e-04 -1.18536000e-03 -1.19281000e-03 -9.19340000e-04 1.41000000e-06 3.63900000e-05 -6.02810000e-04 -2.32300000e-05 -2.07110000e-04 -2.04080000e-04 8.66910000e-04 8.79660000e-04 -2.57220000e-04 -2.30830000e-04 -2.58060000e-04 -1.87010000e-04 -1.24230000e-03 1.29541000e-03 -1.08711000e-03 5.92440000e-04 7.35290000e-04 1.94410000e-04 9.80500000e-05 -6.70860000e-04 4.86840000e-04 4.72110000e-04 -2.85830000e-04 1.48738000e-03 -8.27720000e-04 1.27108000e-03 1.17360000e-04 1.71902000e-03 1.71554000e-03 -2.37010000e-03 1.19333000e-03 -1.13423000e-03 1.64317000e-03 -2.92480000e-04 1.24530000e-04 -1.07070000e-04 1.42925000e-03 6.18070000e-04 1.63975000e-03 9.90200000e-05 -2.10420000e-04 1.85660000e-04 -6.23800000e-05 6.50550000e-04 9.72010000e-04 9.63590000e-04 1.67510000e-04 7.41970000e-04 3.71720000e-04 -1.29610000e-04 -2.08534000e-03 -1.34938000e-03 2.93140000e-04 3.97560000e-04 5.43330000e-04 3.98440000e-04 1.02569000e-03 7.02010000e-04 1.03723000e-03 -5.12940000e-04 2.53390000e-04 7.91780000e-04 4.44000000e-06 1.78360000e-04 4.43230000e-04 1.05634000e-03 -6.60790000e-04 -1.91719000e-03 -2.71360000e-04 -5.08700000e-05 9.67730000e-04 5.62340000e-04 6.81400000e-04 -5.50790000e-04 1.13544000e-03 -1.44777000e-03 -6.94590000e-04 -8.00690000e-04 4.08660000e-04 -6.61280000e-04 -5.07330000e-04 1.24019000e-03 5.60990000e-04 -6.29200000e-04 -1.32246000e-03 -3.26196000e-03 -6.44000000e-06 1.54196000e-03 -9.28180000e-04 2.99040000e-04 -4.66460000e-04 -2.40140000e-04 -1.02930000e-04 9.45130000e-04 -5.61900000e-05 -8.18810000e-04 -4.73810000e-04 5.83300000e-05 5.46660000e-04 4.53100000e-04 3.86100000e-04 2.26849000e-03 1.05281000e-03 6.85850000e-04 1.51819000e-03 5.63260000e-04 1.97666000e-03
5.95553000e-03 6.21930000e-04 8.99890000e-04 -4.73210000e-04 7.99990000e-04 5.12790000e-04 2.88942000e-03 -1.58269000e-03 -2.95771000e-03 -1.35514000e-03 1.29827000e-03 5.16990000e-04 -5.90690000e-04 3.05440000e-04 -5.25750000e-04 9.33330000e-04 1.95612000e-03 6.58813000e-03 -1.02135000e-03 3.83370000e-04 -2.07200000e-05 -3.71200000e-04 -3.21263000e-03 6.73121000e-03 -2.57450000e-03 4.92230000e-04 2.66987000e-03 -1.65863000e-03 1.09200000e-05 -1.22696000e-03 1.86399000e-03 1.79138000e-03 8.03400000e-05 2.72435000e-03 -1.60572000e-03 3.98248000e-03 4.92130000e-04 2.25169000e-03 6.55148000e-03 -4.02792000e-03 1.38556000e-03 -2.03096000e-03 1.22461000e-03 -7.85260000e-04 1.99395000e-03 -7.73100000e-05 1.93222000e-03 1.85167000e-03 1.87284000e-03 1.98887000e-03 7.31540000e-04 1.54446000e-03 3.34250000e-04 9.58480000e-04 1.67085000e-03 2.90484000e-03 -6.69680000e-04 1.96997000e-03 5.42490000e-04 1.38403000e-03 -5.13758000e-03 -2.63723000e-03 6.99960000e-04 1.30980000e-03 7.24493000e-03 -1.77162000e-03 6.17001000e-03 1.61892000e-03 1.01467000e-03 -6.94890000e-04 1.62915000e-03 1.21058000e-03 -1.42400000e-05 6.64500000e-04 3.61564000e-03 1.20403000e-03 -1.26583000e-03 -5.07267000e-03 5.86150000e-04 1.75951000e-03 4.01570000e-03 1.22120000e-04 2.02355000e-03 -1.63652000e-03 8.09940000e-04 -3.12924000e-03 -9.40000000e-04 -1.31161000e-03 6.02730000e-04 -2.64390000e-04 3.25540000e-04 2.50590000e-03 -6.60590000e-04 -2.17060000e-04 -1.91363000e-03 -3.75543000e-03 -1.60596000e-03 4.42290000e-03 -2.23742000e-03 1.52216000e-03 -1.24360000e-04 -1.91800000e-04 -2.27850000e-04 2.83448000e-03 5.43710000e-04 -1.31310000e-03 4.79720000e-04 2.29870000e-04 1.78618000e-03 3.07417000e-03 4.09330000e-04 8.90044000e-03 2.24773000e-03 3.83826000e-03 2.19680000e-03 1.91226000e-03 2.71677000e-03
9.66640000e-04 7.00700000e-05 -6.63490000e-04 -1.49625000e-03 1.08576000e-03 3.17840000e-04 -3.89200000e-05 -1.06876000e-03 -2.58090000e-04 -5.76110000e-04 -3.53760000e-04 -1.26860000e-04 -6.54520000e-04 9.81600000e-05 -2.38160000e-04 -7.94310000e-04 5.74750000e-04 -1.19345000e-03 -3.12600000e-05 -4.43000000e-04 -4.98630000e-04 -2.28910000e-04 -3.01250000e-04 -8.55550000e-04 -3.82080000e-04 5.11640000e-04 -1.56800000e-04 8.38520000e-04 2.84500000e-05 -4.13530000e-04 1.30810000e-04 -5.61000000e-05 -3.18240000e-04 7.83020000e-04 -3.22020000e-04 2.27160000e-04 7.23000000e-06 1.37905000e-03 -3.18200000e-05 -1.47805000e-03 9.30820000e-04 -5.82300000e-04 1.76305000e-03 -1.69660000e-04 -4.54950000e-04 6.26900000e-05 1.06638000e-03 -1.29800000e-05 1.42005000e-03 -4.87740000e-04 -4.49450000e-04 -1.62750000e-04 -7.76300000e-05 3.75790000e-04 4.79100000e-04 3.25980000e-04 4.76870000e-04 3.43000000e-04 3.61550000e-04 -5.52310000e-04 -6.15140000e-04 -6.36210000e-04 9.33600000e-05 -5.03300000e-05 -2.05436000e-03 1.08379000e-03 -7.66380000e-04 2.00760000e-04 9.72980000e-04 -4.44570000e-04 -2.09720000e-04 4.67030000e-04 -2.82700000e-04 -1.10600000e-04 -6.46170000e-04 8.53260000e-04 -5.13960000e-04 -4.66680000e-04 -7.07980000e-04 -5.00930000e-04 -2.78700000e-04 5.86800000e-04 3.55440000e-04 -1.84820000e-04 1.13573000e-03 -5.34960000e-04 -5.41800000e-04 -5.07270000e-04 1.50630000e-04 -7.24430000e-04 -8.65830000e-04 6.81270000e-04 1.01168000e-03 -8.52980000e-04 -1.14340000e-03 -3.07807000e-03 6.05670000e-04 3.04680000e-04 -5.76660000e-04 -2.80840000e-04 -6.56290000e-04 -3.18330000e-04 -9.77100000e-05 1.87910000e-04 -3.94900000e-04 -6.17250000e-04 -9.49210000e-04 -2.91300000e-05 -9.20200000e-05 -7.16510000e-04 4.06210000e-04 -2.17130000e-04 5.30070000e-04 -3.09390000e-04 1.14993000e-03 -3.76900000e-05 1.59076000e-03
-1.36197200e-02 -1.91161000e-03 9.17510000e-04 2.67057000e-03 -2.28806000e-03 -1.85155000e-03 -3.28269000e-03 3.40037000e-03 6.87800000e-03 4.69027000e-03 -6.43770000e-04 7.96200000e-04 1.43231000e-03 1.68100000e-04 1.55117000e-03 1.46753000e-03 -3.91344000e-03 -9.50198000e-03 2.11150000e-03 1.42465000e-03 6.84360000e-04 1.08983000e-03 7.65859000e-03 -9.56217000e-03 6.80215000e-03 -1.25927000e-03 -2.42660000e-03 2.44416000e-03 1.26640000e-04 3.59740000e-03 -2.73218000e-03 -1.47905000e-03 1.56555000e-03 -5.18513000e-03 4.55185000e-03 -6.33350000e-03 6.52720000e-04 -5.63701000e-03 -1.12617400e-02 1.04114200e-02 -3.14829000e-03 5.68607000e-03 -4.46868000e-03 1.79970000e-03 -1.88846000e-03 1.19633000e-03 -4.27839000e-03 -3.52827000e-03 -4.77455000e-03 -1.85806000e-03 5.78940000e-04 -1.55571000e-03 7.44070000e-04 -1.68290000e-03 -3.25247000e-03 -4.56273000e-03 -2.18680000e-04 -2.71134000e-03 -1.98112000e-03 -5.98550000e-04 1.14370500e-02 6.93829000e-03 -2.41900000e-03 -2.23256000e-03 -9.80703000e-03 2.61936000e-03 -9.41936000e-03 -2.53540000e-03 -2.43359000e-03 1.95665000e-03 -1.14776000e-03 -2.43263000e-03 1.18283000e-03 -1.17421000e-03 -4.72467000e-03 -3.15289000e-03 3.02357000e-03 1.13980600e-02 1.06140000e-04 -1.74337000e-03 -5.14404000e-03 -5.52700000e-04 -3.08371000e-03 3.27823000e-03 -2.42737000e-03 7.63489000e-03 2.87308000e-03 3.88303000e-03 -8.49530000e-04 2.84062000e-03 2.47006000e-03 -6.54343000e-03 1.13780000e-04 4.31770000e-04 4.13583000e-03 9.68789000e-03 7.85430000e-04 -1.06300100e-02 5.05928000e-03 -3.27814000e-03 2.16570000e-04 1.82680000e-04 -3.12530000e-04 -6.61740000e-03 -1.41278000e-03 2.47914000e-03 -7.59060000e-04 -1.23258000e-03 -4.13617000e-03 -5.66885000e-03 -1.82808000e-03 -1.50306100e-02 -5.89822000e-03 -6.18710000e-03 -6.50348000e-03 -4.26729000e-03 -8.01441000e-03
7.83731000e-03 8.13400000e-04 -5.82000000e-06 -1.61456000e-03 1.52865000e-03 9.26040000e-04 2.53208000e-03 -2.22413000e-03 -3.67421000e-03 -2.26183000e-03 7.82710000e-04 -8.04900000e-05 -8.70310000e-04 7.37100000e-05 -8.72540000e-04 -2.80780000e-04 3.09579000e-03 6.49628000e-03 -1.16859000e-03 -3.91890000e-04 -3.58460000e-04 -5.60280000e-04 -4.15046000e-03 6.69572000e-03 -3.56631000e-03 8.60860000e-04 2.16132000e-03 -1.23520000e-03 4.94300000e-05 -1.46414000e-03 1.78092000e-03 1.36746000e-03 -5.31950000e-04 3.84198000e-03 -2.37467000e-03 3.96642000e-03 -3.51600000e-05 3.45220000e-03 7.04745000e-03 -5.71344000e-03 2.22310000e-03 -3.03005000e-03 2.59701000e-03 -8.77290000e-04 1.66908000e-03 -4.38180000e-04 2.90468000e-03 1.84492000e-03 3.34654000e-03 1.49721000e-03 1.54970000e-04 1.22563000e-03 -1.56600000e-04 1.41293000e-03 2.08963000e-03 3.02283000e-03 -9.10600000e-05 1.98592000e-03 9.92580000e-04 7.50170000e-04 -6.44906000e-03 -3.69518000e-03 1.31495000e-03 1.43401000e-03 7.02848000e-03 -1.02007000e-03 6.09433000e-03 1.97907000e-03 1.56671000e-03 -7.34590000e-04 1.37632000e-03 1.60450000e-03 -3.69080000e-04 6.59170000e-04 3.21995000e-03 1.84730000e-03 -1.80418000e-03 -6.30453000e-03 5.27410000e-04 1.33064000e-03 3.59489000e-03 4.82860000e-04 2.16418000e-03 -1.91048000e-03 1.94180000e-03 -4.13984000e-03 -1.45199000e-03 -1.99994000e-03 7.07640000e-04 -1.25807000e-03 -9.15080000e-04 3.63571000e-03 2.68200000e-05 -6.62500000e-04 -2.60195000e-03 -6.14535000e-03 -8.48570000e-04 5.95050000e-03 -2.57218000e-03 1.80982000e-03 -2.84170000e-04 -3.13750000e-04 6.25000000e-06 4.04793000e-03 5.57860000e-04 -1.63018000e-03 1.89690000e-04 5.77910000e-04 2.28963000e-03 3.18751000e-03 8.50020000e-04 9.55605000e-03 3.52773000e-03 3.72534000e-03 3.95044000e-03 2.55981000e-03 5.41544000e-03
-6.15020000e-04 -1.18560000e-04 2.29760000e-04 5.42350000e-04 -1.34900000e-04 -2.03660000e-04 -1.15250000e-04 3.36510000e-04 3.14810000e-04 3.31340000e-04 -4.16900000e-05 1.94200000e-05 1.92540000e-04 -1.38180000e-04 3.36790000e-04 3.62020000e-04 -1.56960000e-04 -2.91390000e-04 1.95460000e-04 1.07970000e-04 3.35280000e-04 2.92020000e-04 3.49210000e-04 -3.06770000e-04 3.91170000e-04 -1.93600000e-05 1.61300000e-05 1.28300000e-05 2.22670000e-04 6.74940000e-04 -1.32630000e-04 -1.49600000e-05 1.33610000e-04 -2.12510000e-04 2.60860000e-04 -2.44380000e-04 3.38100000e-05 -4.15390000e-04 -4.61470000e-04 7.45610000e-04 -1.02660000e-04 3.60370000e-04 -4.91420000e-04 4.19270000e-04 5.30400000e-05 6.58000000e-05 -1.96420000e-04 1.98430000e-04 -4.06740000e-04 4.14100000e-05 9.01900000e-05 -4.20000000e-05 -1.34900000e-05 7.87600000e-05 -4.15000000e-06 -2.13180000e-04 -1.47680000e-04 -1.90990000e-04 -2.40770000e-04 5.80800000e-05 5.43620000e-04 4.27860000e-04 -1.63990000e-04 1.09920000e-04 2.67800000e-05 -6.18400000e-05 -3.93170000e-04 5.97600000e-05 -2.26310000e-04 1.64960000e-04 -2.44400000e-05 -9.14000000e-06 4.35590000e-04 1.63230000e-04 -1.37350000e-04 -2.34580000e-04 3.72130000e-04 5.86450000e-04 2.06380000e-04 -1.64830000e-04 -1.99830000e-04 -8.18000000e-06 -2.25550000e-04 4.07770000e-04 -2.78270000e-04 4.24070000e-04 2.90880000e-04 2.83830000e-04 1.71090000e-04 2.45530000e-04 3.81550000e-04 -3.98510000e-04 -1.53600000e-04 1.73280000e-04 4.00810000e-04 1.00250000e-03 -9.71900000e-05 -4.54860000e-04 6.48520000e-04 -6.84700000e-05 9.93900000e-05 6.20800000e-05 -1.55000000e-05 -2.93470000e-04 2.64000000e-06 1.29100000e-04 1.54440000e-04 -1.29430000e-04 -1.10360000e-04 1.88600000e-05 -2.31290000e-04 -6.43550000e-04 -3.49970000e-04 -1.99940000e-04 -3.57640000e-04 -1.45280000e-04 -4.96440000e-04
4.58037000e-03 6.38550000e-04 -2.33450000e-04 -9.75220000e-04 9.41970000e-04 5.85510000e-04 1.22615000e-03 -1.31553000e-03 -2.14724000e-03 -1.49859000e-03 2.63970000e-04 -1.35770000e-04 -5.63360000e-04 1.44500000e-05 -4.60240000e-04 -4.02390000e-04 1.38394000e-03 2.99378000e-03 -6.43240000e-04 -3.93270000e-04 -1.72490000e-04 -3.20420000e-04 -2.42672000e-03 3.09399000e-03 -2.14281000e-03 5.23810000e-04 9.63930000e-04 -5.23170000e-04 5.34000000e-05 -8.59250000e-04 1.06842000e-03 6.30950000e-04 -3.83100000e-04 1.86771000e-03 -1.39896000e-03 2.33971000e-03 -4.58900000e-05 2.02048000e-03 3.87637000e-03 -3.50882000e-03 1.27554000e-03 -1.82173000e-03 1.67748000e-03 -4.95260000e-04 7.08490000e-04 -2.05800000e-04 1.66281000e-03 1.33307000e-03 1.71683000e-03 6.90210000e-04 -1.29070000e-04 6.53740000e-04 -1.27920000e-04 7.26200000e-04 1.23321000e-03 1.75388000e-03 9.74800000e-05 1.12269000e-03 6.24520000e-04 2.35510000e-04 -3.75947000e-03 -2.25068000e-03 7.07790000e-04 8.53260000e-04 3.09669000e-03 -6.81150000e-04 3.03031000e-03 9.51730000e-04 1.02625000e-03 -6.52160000e-04 4.76460000e-04 9.30120000e-04 -2.76560000e-04 4.81630000e-04 1.57687000e-03 1.21392000e-03 -1.00602000e-03 -3.72610000e-03 -2.08900000e-05 5.31020000e-04 1.78215000e-03 3.02000000e-04 1.22869000e-03 -1.04509000e-03 9.29100000e-04 -2.48345000e-03 -9.78110000e-04 -1.27921000e-03 3.94010000e-04 -9.13240000e-04 -7.53730000e-04 2.16132000e-03 1.07950000e-04 -3.04990000e-04 -1.56644000e-03 -3.61307000e-03 -2.70890000e-04 3.40313000e-03 -1.63844000e-03 1.00989000e-03 -2.20120000e-04 -1.36200000e-04 1.50600000e-05 2.14271000e-03 4.04400000e-04 -9.66540000e-04 7.92700000e-05 3.05160000e-04 1.31586000e-03 1.83066000e-03 6.58110000e-04 5.02087000e-03 1.95683000e-03 2.16377000e-03 2.30896000e-03 1.38500000e-03 2.91761000e-03
-3.68803000e-03 -5.31190000e-04 2.71220000e-04 8.88320000e-04 -5.05600000e-04 -5.38250000e-04 -9.35080000e-04 1.02794000e-03 1.87304000e-03 1.28109000e-03 -2.88800000e-04 2.00930000e-04 4.60240000e-04 -1.32320000e-04 6.34910000e-04 5.26190000e-04 -1.06488000e-03 -2.74836000e-03 6.91270000e-04 3.63940000e-04 3.81760000e-04 4.81890000e-04 2.11567000e-03 -2.69460000e-03 1.89286000e-03 -2.36700000e-04 -6.13350000e-04 6.07060000e-04 2.05670000e-04 1.32505000e-03 -8.39520000e-04 -4.46320000e-04 3.77320000e-04 -1.33703000e-03 1.24011000e-03 -1.78749000e-03 1.40440000e-04 -1.52202000e-03 -3.24266000e-03 2.89940000e-03 -7.33800000e-04 1.56435000e-03 -1.25108000e-03 7.04060000e-04 -5.72650000e-04 2.74090000e-04 -1.09626000e-03 -7.56350000e-04 -1.27381000e-03 -5.61030000e-04 8.54600000e-05 -5.22320000e-04 1.05090000e-04 -3.09640000e-04 -7.29830000e-04 -1.32490000e-03 -3.46800000e-05 -8.46400000e-04 -6.07820000e-04 -2.21000000e-04 3.20479000e-03 1.93014000e-03 -6.39500000e-04 -4.72000000e-04 -2.76256000e-03 8.08210000e-04 -2.78006000e-03 -5.70670000e-04 -6.57340000e-04 5.17770000e-04 -4.10660000e-04 -5.41280000e-04 6.13150000e-04 -1.68250000e-04 -1.43181000e-03 -8.30590000e-04 9.95240000e-04 3.19445000e-03 5.90100000e-05 -6.81650000e-04 -1.48130000e-03 -3.20500000e-05 -9.77710000e-04 1.10471000e-03 -6.37090000e-04 2.09038000e-03 8.64610000e-04 1.07600000e-03 -5.34100000e-05 7.43460000e-04 7.78950000e-04 -1.80187000e-03 4.72000000e-05 1.94460000e-04 1.24703000e-03 2.84185000e-03 3.00050000e-04 -2.87321000e-03 1.70991000e-03 -8.49250000e-04 1.12720000e-04 1.00560000e-04 -5.18800000e-05 -1.79803000e-03 -3.44420000e-04 6.82000000e-04 -1.23840000e-04 -3.35670000e-04 -1.06658000e-03 -1.46484000e-03 -5.42320000e-04 -4.28751000e-03 -1.62153000e-03 -1.80413000e-03 -1.73841000e-03 -1.15057000e-03 -2.19421000e-03
6.45090000e-03 8.29940000e-04 -2.83730000e-04 -1.45535000e-03 1.35715000e-03 7.95470000e-04 1.79002000e-03 -1.92266000e-03 -2.88723000e-03 -2.03862000e-03 3.73870000e-04 -1.23430000e-04 -8.07440000e-04 4.51000000e-05 -6.15840000e-04 -4.87390000e-04 1.88575000e-03 4.34319000e-03 -9.07550000e-04 -5.23100000e-04 -2.26330000e-04 -4.60770000e-04 -3.26078000e-03 4.46203000e-03 -2.92402000e-03 7.48070000e-04 1.44871000e-03 -9.46370000e-04 8.35400000e-05 -1.21226000e-03 1.50516000e-03 9.37410000e-04 -5.23240000e-04 2.70392000e-03 -1.88404000e-03 3.29180000e-03 -2.04800000e-05 2.91675000e-03 5.38529000e-03 -4.83452000e-03 1.80538000e-03 -2.47062000e-03 2.44051000e-03 -6.54720000e-04 9.91140000e-04 -2.82540000e-04 2.41751000e-03 1.83601000e-03 2.57404000e-03 9.77380000e-04 -1.49260000e-04 8.90480000e-04 -1.71200000e-04 1.08820000e-03 1.75942000e-03 2.44390000e-03 1.10120000e-04 1.58318000e-03 8.55070000e-04 3.37320000e-04 -5.08477000e-03 -3.06454000e-03 9.56070000e-04 1.16430000e-03 4.30589000e-03 -8.23650000e-04 4.33452000e-03 1.32489000e-03 1.46070000e-03 -1.02457000e-03 6.76930000e-04 1.30980000e-03 -3.92130000e-04 6.45400000e-04 2.16629000e-03 1.72435000e-03 -1.39116000e-03 -5.04329000e-03 -1.38050000e-04 7.50430000e-04 2.57840000e-03 4.54020000e-04 1.69972000e-03 -1.38982000e-03 1.46446000e-03 -3.39340000e-03 -1.35125000e-03 -1.73781000e-03 5.63390000e-04 -1.23667000e-03 -9.74960000e-04 2.99684000e-03 1.62330000e-04 -5.36450000e-04 -2.25827000e-03 -5.24646000e-03 -3.76530000e-04 4.71445000e-03 -2.20930000e-03 1.34244000e-03 -3.99050000e-04 -2.54740000e-04 -4.04100000e-05 3.06358000e-03 4.36730000e-04 -1.45306000e-03 -1.49600000e-05 3.70820000e-04 1.74694000e-03 2.43218000e-03 8.85540000e-04 7.06953000e-03 2.74066000e-03 2.98023000e-03 3.27041000e-03 1.90958000e-03 4.21147000e-03
-6.31143000e-03 -9.85820000e-04 7.47770000e-04 1.25245000e-03 -1.10245000e-03 -8.63030000e-04 -1.09995000e-03 1.49612000e-03 3.17629000e-03 2.36470000e-03 8.79000000e-05 6.54940000e-04 6.28250000e-04 2.86540000e-04 6.22690000e-04 9.77410000e-04 -1.53988000e-03 -3.73679000e-03 9.60270000e-04 9.39940000e-04 2.17690000e-04 4.57140000e-04 3.50565000e-03 -3.67736000e-03 3.25936000e-03 -5.92160000e-04 -7.10440000e-04 1.25607000e-03 5.04000000e-06 1.61068000e-03 -9.81810000e-04 -3.79510000e-04 9.04430000e-04 -2.23304000e-03 2.17656000e-03 -2.57856000e-03 4.94750000e-04 -2.61148000e-03 -4.62722000e-03 4.82887000e-03 -1.47335000e-03 2.76545000e-03 -2.19413000e-03 6.75080000e-04 -4.51110000e-04 7.16300000e-04 -1.93512000e-03 -1.74992000e-03 -2.22098000e-03 -4.77270000e-04 6.01370000e-04 -3.99990000e-04 5.73590000e-04 -7.64310000e-04 -1.51290000e-03 -1.76149000e-03 -2.63170000e-04 -9.30840000e-04 -9.47110000e-04 1.17020000e-04 5.17352000e-03 3.32206000e-03 -1.15900000e-03 -1.01877000e-03 -3.66474000e-03 1.07971000e-03 -3.75128000e-03 -9.96770000e-04 -1.10647000e-03 1.02880000e-03 -1.40440000e-04 -1.10010000e-03 5.46990000e-04 -6.13110000e-04 -1.61476000e-03 -1.50002000e-03 1.29989000e-03 5.17358000e-03 2.58970000e-04 -4.00710000e-04 -1.89987000e-03 -2.89580000e-04 -1.09655000e-03 1.32447000e-03 -1.14963000e-03 3.58381000e-03 1.39588000e-03 1.87287000e-03 -4.13480000e-04 1.56298000e-03 1.42232000e-03 -3.12007000e-03 -4.40700000e-05 1.42590000e-04 1.78650000e-03 4.39595000e-03 -1.52000000e-06 -5.04621000e-03 2.17257000e-03 -1.48258000e-03 1.27060000e-04 7.32800000e-05 -2.33400000e-04 -3.11415000e-03 -7.01120000e-04 1.11552000e-03 -3.42700000e-04 -5.59360000e-04 -1.90717000e-03 -2.45542000e-03 -8.86290000e-04 -6.13968000e-03 -2.77842000e-03 -2.44015000e-03 -3.17011000e-03 -1.97149000e-03 -3.84917000e-03
2.33260000e-04 4.80700000e-05 -3.03700000e-05 -1.51200000e-04 2.53380000e-04 1.18340000e-04 5.28400000e-05 -4.76000000e-05 -8.37400000e-05 -3.93600000e-05 -1.97300000e-05 -7.96000000e-06 -7.18000000e-06 -1.98500000e-05 4.85500000e-05 -3.96100000e-05 2.71560000e-04 -1.50570000e-04 7.58200000e-05 -4.61700000e-05 -2.25400000e-05 7.23800000e-05 -9.81800000e-05 -4.73700000e-05 -2.75400000e-05 1.59780000e-04 5.91400000e-05 2.60960000e-04 9.77800000e-05 2.22480000e-04 2.83200000e-05 3.61700000e-05 -3.85100000e-05 2.48700000e-04 -6.28200000e-05 4.15900000e-05 9.10000000e-07 2.27150000e-04 3.86200000e-05 -2.04940000e-04 2.33400000e-04 -7.11400000e-05 2.66390000e-04 7.11400000e-05 2.04700000e-05 2.21600000e-05 2.23090000e-04 6.28300000e-05 2.50570000e-04 -1.70400000e-05 -2.48900000e-05 3.63000000e-06 -1.77500000e-05 1.43010000e-04 1.58940000e-04 8.45400000e-05 1.15250000e-04 6.84600000e-05 1.03170000e-04 -3.05700000e-05 -1.58280000e-04 -7.31800000e-05 1.15550000e-04 7.98300000e-05 -1.49130000e-04 1.75620000e-04 -1.06850000e-04 2.12750000e-04 1.53230000e-04 2.15200000e-05 4.75700000e-05 1.76010000e-04 1.30630000e-04 4.73000000e-05 -3.10400000e-05 1.14660000e-04 -1.33600000e-05 -8.13300000e-05 6.55000000e-06 -7.34100000e-05 -3.37000000e-06 1.69960000e-04 7.94900000e-05 5.63700000e-05 1.79200000e-04 -6.77700000e-05 -2.84700000e-05 -6.18500000e-05 1.44170000e-04 -8.01100000e-05 -5.48600000e-05 1.76760000e-04 1.93250000e-04 -1.69500000e-05 -6.15900000e-05 -3.08020000e-04 1.16330000e-04 1.43480000e-04 3.68500000e-05 8.01100000e-05 2.83800000e-05 6.34400000e-05 8.38400000e-05 9.20900000e-05 3.44700000e-05 1.12300000e-05 -1.72000000e-06 9.71000000e-05 1.28480000e-04 5.97900000e-05 9.19000000e-05 4.39000000e-05 1.66860000e-04 -3.70700000e-05 2.55230000e-04 9.43400000e-05 3.14320000e-04
4.08430000e-04 -5.78200000e-05 1.41660000e-04 1.52570000e-04 8.64600000e-05 -1.35440000e-04 9.57400000e-05 -1.17290000e-04 1.52300000e-05 4.96400000e-05 -4.51900000e-05 -8.80000000e-07 5.54000000e-06 -1.03320000e-04 2.45950000e-04 2.27190000e-04 1.44230000e-04 2.51150000e-04 3.41700000e-05 -1.50800000e-05 3.04020000e-04 1.92980000e-04 -5.27700000e-05 2.29020000e-04 2.10000000e-06 9.23100000e-05 1.91760000e-04 -5.01900000e-05 2.81780000e-04 5.98300000e-04 1.41750000e-04 1.08210000e-04 5.49100000e-05 2.60510000e-04 2.77800000e-05 2.57610000e-04 2.96800000e-05 9.76800000e-05 3.35010000e-04 5.63400000e-05 2.43060000e-04 3.91500000e-05 -4.42200000e-05 4.56470000e-04 2.15710000e-04 5.95300000e-05 3.43210000e-04 5.01670000e-04 1.09280000e-04 1.76600000e-04 5.89400000e-05 7.58900000e-05 -5.47700000e-05 3.81790000e-04 2.78290000e-04 1.81730000e-04 -1.14460000e-04 6.24200000e-05 -1.50120000e-04 6.61800000e-05 -1.29310000e-04 2.48400000e-05 -1.03260000e-04 2.62920000e-04 6.25460000e-04 1.01800000e-05 1.23050000e-04 1.86460000e-04 5.20800000e-05 -5.35100000e-05 5.12900000e-05 1.65270000e-04 3.14350000e-04 2.36650000e-04 8.57000000e-05 1.06860000e-04 1.31430000e-04 -4.91500000e-05 1.36990000e-04 -1.54600000e-04 5.21200000e-05 5.77600000e-05 5.83400000e-05 2.04490000e-04 1.44040000e-04 -1.98600000e-05 1.18150000e-04 6.84900000e-05 2.45910000e-04 2.81100000e-05 1.77560000e-04 1.39600000e-05 -8.55100000e-05 -1.52830000e-04 -8.43900000e-05 -1.96890000e-04 -1.05220000e-04 1.37860000e-04 4.41760000e-04 6.19000000e-06 -1.28840000e-04 -1.16760000e-04 -1.07510000e-04 2.45640000e-04 -9.26500000e-05 -2.64780000e-04 -9.00600000e-05 -1.96120000e-04 1.46700000e-05 2.51700000e-04 -1.20160000e-04 3.10830000e-04 8.57200000e-05 2.35020000e-04 3.71130000e-04 1.24280000e-04 6.07360000e-04
-3.95585000e-03 -7.32080000e-04 -4.08870000e-04 6.47590000e-04 -2.64170000e-04 -8.26840000e-04 -1.74818000e-03 6.76200000e-04 2.47319000e-03 1.12178000e-03 -1.05289000e-03 -3.31770000e-04 1.68640000e-04 -4.09620000e-04 7.54660000e-04 -1.84310000e-04 -1.09294000e-03 -3.75314000e-03 7.45900000e-04 -1.11660000e-04 5.64600000e-04 5.20580000e-04 2.77796000e-03 -3.97709000e-03 1.94100000e-03 -1.79660000e-04 -1.41208000e-03 -1.22020000e-04 2.72530000e-04 1.88062000e-03 -1.41844000e-03 -1.03842000e-03 1.68630000e-04 -1.33320000e-03 1.50548000e-03 -2.60815000e-03 -1.06680000e-04 -1.20835000e-03 -4.55860000e-03 3.15277000e-03 -4.93920000e-04 1.53807000e-03 -5.76220000e-04 1.04825000e-03 -1.43050000e-03 1.75670000e-04 -1.02807000e-03 -7.68320000e-04 -5.58300000e-04 -1.39512000e-03 -4.96860000e-04 -1.10246000e-03 -2.34120000e-04 -2.55120000e-04 -7.37060000e-04 -1.99542000e-03 1.20980000e-04 -1.33156000e-03 -8.20880000e-04 -1.03535000e-03 4.24249000e-03 2.02924000e-03 -8.24290000e-04 -5.38540000e-04 -4.83529000e-03 1.67096000e-03 -3.84821000e-03 -8.08240000e-04 -5.14520000e-04 3.42320000e-04 -1.07425000e-03 -5.85550000e-04 4.99680000e-04 -7.24500000e-05 -2.79512000e-03 -7.24010000e-04 1.14566000e-03 4.04352000e-03 -4.56340000e-04 -1.39583000e-03 -2.43679000e-03 1.38870000e-04 -1.49631000e-03 1.75807000e-03 -1.03360000e-04 2.38331000e-03 7.53700000e-04 1.06465000e-03 -5.25300000e-05 2.63210000e-04 2.00780000e-04 -1.94145000e-03 5.19020000e-04 -2.78160000e-04 1.03053000e-03 2.12708000e-03 1.02175000e-03 -2.94094000e-03 2.30879000e-03 -1.42944000e-03 -4.49220000e-04 -3.42710000e-04 -2.75510000e-04 -1.74498000e-03 -8.30330000e-04 3.02230000e-04 -7.69270000e-04 -6.78030000e-04 -1.65112000e-03 -2.69029000e-03 -7.00060000e-04 -5.94994000e-03 -1.68577000e-03 -2.82116000e-03 -1.62406000e-03 -1.54876000e-03 -1.72860000e-03
2.33538000e-03 2.93220000e-04 -6.03800000e-05 -8.22670000e-04 7.49080000e-04 4.02300000e-04 7.50330000e-04 -7.58310000e-04 -1.11206000e-03 -7.17720000e-04 1.90170000e-04 6.58100000e-05 -2.72320000e-04 4.40300000e-05 -2.16580000e-04 -1.61040000e-04 9.51500000e-04 1.21062000e-03 -2.21890000e-04 -1.45920000e-04 -1.80590000e-04 -1.29280000e-04 -1.28722000e-03 1.50400000e-03 -9.78760000e-04 4.25030000e-04 6.66100000e-04 4.54550000e-04 1.32360000e-04 -3.61520000e-04 6.12970000e-04 4.39400000e-04 -1.92220000e-04 1.29124000e-03 -7.73090000e-04 1.23670000e-03 3.97800000e-05 1.21588000e-03 1.98927000e-03 -1.94080000e-03 9.04430000e-04 -9.25180000e-04 1.03282000e-03 -1.73090000e-04 4.80530000e-04 -6.04400000e-05 1.19910000e-03 5.62380000e-04 1.11144000e-03 3.80500000e-04 4.47000000e-06 3.57290000e-04 -2.50700000e-05 6.16470000e-04 7.55530000e-04 1.01529000e-03 1.80030000e-04 7.21100000e-04 3.91360000e-04 1.46520000e-04 -2.07620000e-03 -1.13189000e-03 4.19820000e-04 4.20840000e-04 1.59288000e-03 6.13400000e-05 1.23630000e-03 6.64210000e-04 6.99820000e-04 -2.09410000e-04 4.18460000e-04 6.17000000e-04 -1.18300000e-05 1.69580000e-04 8.24170000e-04 7.68240000e-04 -5.66340000e-04 -1.89277000e-03 1.44250000e-04 1.81380000e-04 8.96630000e-04 3.31590000e-04 7.51520000e-04 -6.22870000e-04 7.86210000e-04 -1.26783000e-03 -4.83560000e-04 -6.46700000e-04 3.20960000e-04 -4.57300000e-04 -3.82480000e-04 1.14868000e-03 2.68910000e-04 -3.43220000e-04 -8.99110000e-04 -2.34154000e-03 -1.06730000e-04 1.54371000e-03 -7.26710000e-04 5.42200000e-04 -1.06050000e-04 -3.72400000e-05 6.62900000e-05 1.09973000e-03 1.81160000e-04 -4.99760000e-04 -7.89700000e-05 2.25730000e-04 7.40700000e-04 9.75430000e-04 4.18010000e-04 2.51030000e-03 1.12355000e-03 1.00904000e-03 1.53411000e-03 7.93450000e-04 2.11303000e-03
