2.09877700e-02 -4.72800000e-04 -7.85110000e-04 5.90510000e-04 7.72900000e-05 1.71573000e-03 9.48200000e-04 -5.95600000e-05 4.62200000e-04 -8.60010000e-04 -2.68887000e-03 2.56350000e-04 8.19100000e-04 -4.96990000e-04 1.16318000e-03 -4.08160000e-04 -8.26500000e-05 4.25940000e-04 -5.36820000e-04 1.90160000e-04 -8.03000000e-06 -4.72020000e-04 -3.37410000e-04 4.55200000e-05 5.05310000e-04 -1.05250000e-04 -8.99000000e-05 -4.75500000e-05 8.61000000e-04 3.79390000e-04 4.55220000e-04 5.30940000e-04 7.08050000e-04 1.28714000e-03 1.09840000e-03 1.58290000e-04 3.54770000e-04 -3.93290000e-04 1.97040000e-04 4.31920000e-04 6.56770000e-04 -3.50140000e-04 1.64984000e-03 -7.69300000e-05 -5.06080000e-04 -1.16969000e-03 -7.28110000e-04 -9.34900000e-05 5.39150000e-04 -1.66168000e-03 2.79990000e-04 -5.10840000e-04 2.07447000e-03 -3.46700000e-05 8.11370000e-04 -2.71000000e-06 -3.28000000e-06 -1.16000000e-04 2.06693000e-03 1.38254000e-03 1.48620000e-04 -1.83545000e-03 -2.39670000e-04 -1.38618000e-03 -2.30013000e-03 -2.33943000e-03 9.83090000e-04 -4.04303000e-03 1.13435000e-03 1.12068000e-03 -6.09750000e-04 5.78380000e-04 -3.03060000e-04 1.34740000e-04 9.14450000e-04 -2.15554000e-03 3.46720000e-04 -3.50330000e-04 -2.79260000e-04 -3.06380000e-04 1.23763000e-03 -1.84498000e-03 3.40920000e-04 1.11500000e-03 1.73700000e-03 -2.59460000e-04 3.40000000e-07 2.83500000e-05 -1.74247000e-03 -2.42685000e-03 -4.03390000e-04 2.53890000e-04 -2.30183000e-03 -1.28535000e-03 1.63536000e-03 4.89700000e-04 1.25202000e-03 3.16530000e-04 -4.95470000e-04 -4.77480000e-04 2.69989000e-03 -1.71540000e-04 -4.03140000e-04 1.03095000e-03 8.45330000e-04 1.01151000e-03 -2.15947000e-03 2.04074000e-03 -2.39350000e-04 8.68250000e-04 -5.74390000e-04 1.36140000e-03 -9.39660000e-04 2.06800000e-04 1.54670000e-04 -1.25750000e-04 8.36520000e-04
-4.72800000e-04 2.02150300e-02 4.28360000e-04 -2.50000000e-07 -1.40490000e-04 7.97300000e-04 -4.83630000e-04 -2.14370000e-04 -2.62520000e-04 7.47470000e-04 1.02700000e-03 -3.13870000e-04 5.46700000e-05 6.55430000e-04 -4.01250000e-04 6.66470000e-04 2.23240000e-04 -2.19800000e-05 8.70100000e-04 4.49450000e-04 3.62710000e-04 4.99700000e-05 4.87880000e-04 1.52460000e-04 -1.53420000e-04 -1.06471000e-03 1.76140000e-04 2.86480000e-04 -7.17200000e-04 -1.28680000e-04 -8.46310000e-04 1.18450000e-04 -8.61600000e-04 -7.93640000e-04 7.94910000e-04 -3.08510000e-04 -1.34820000e-04 3.91270000e-04 -1.84410000e-04 -1.04490000e-04 -3.65000000e-04 1.04994000e-03 -1.03851000e-03 3.64900000e-04 1.83773000e-03 -3.55400000e-04 1.98445000e-03 -4.53020000e-04 -3.26680000e-04 4.94190000e-04 -7.46230000e-04 1.12060000e-04 -3.54580000e-04 2.47730000e-04 -3.57410000e-04 -2.08830000e-04 5.26090000e-04 1.35180000e-04 -1.02715000e-03 -5.30990000e-04 2.24850000e-04 5.07510000e-04 2.87450000e-04 4.18610000e-04 6.79410000e-04 1.38240000e-03 -3.07430000e-04 1.90605000e-03 -4.39380000e-04 -5.54760000e-04 3.95140000e-04 3.99800000e-05 3.72760000e-04 9.52400000e-05 -6.48370000e-04 6.82070000e-04 -2.09660000e-04 1.06510000e-04 -1.89000000e-06 -1.69670000e-04 -6.65620000e-04 1.39255000e-03 -2.27810000e-04 8.47900000e-05 -5.31370000e-04 3.97900000e-05 1.50880000e-04 -4.22100000e-05 1.12581000e-03 1.34867000e-03 3.47060000e-04 -5.90370000e-04 1.18467000e-03 1.95000000e-04 -4.19590000e-04 -1.03930000e-04 9.67200000e-05 4.62150000e-04 3.07950000e-04 3.89520000e-04 -1.18591000e-03 3.83700000e-05 -3.76000000e-06 -4.70790000e-04 3.28700000e-04 -8.27790000e-04 4.63470000e-04 -7.75000000e-05 2.51660000e-04 -1.71220000e-04 1.80200000e-04 -3.51380000e-04 3.42710000e-04 -4.10400000e-05 8.14500000e-05 -2.26180000e-04 -1.44640000e-04
-7.85110000e-04 4.28360000e-04 2.56036800e-02 -4.87240000e-04 4.79270000e-04 -4.07999000e-03 -7.66810000e-04 5.48850000e-04 -3.25800000e-05 1.67408000e-03 3.52229000e-03 2.81840000e-04 -1.93382000e-03 3.09800000e-04 -2.00243000e-03 2.99810000e-04 -3.67010000e-04 -6.78290000e-04 2.57689000e-03 -1.02743000e-03 -4.67000000e-06 1.16161000e-03 5.80590000e-04 -1.80100000e-05 -7.47820000e-04 5.26900000e-05 -4.00900000e-05 8.28280000e-04 -8.94380000e-04 -3.16570000e-04 2.54980000e-04 -2.37660000e-04 -4.39720000e-04 -2.09029000e-03 -2.40152000e-03 7.97030000e-04 -3.20980000e-04 1.71233000e-03 1.82910000e-04 -6.22900000e-04 -7.23590000e-04 4.63430000e-04 -2.93884000e-03 8.34600000e-05 7.73650000e-04 2.36461000e-03 1.23347000e-03 1.01751000e-03 -5.91540000e-04 3.49124000e-03 4.20080000e-04 1.80769000e-03 -4.35127000e-03 6.63690000e-04 -1.33024000e-03 7.12210000e-04 7.35240000e-04 8.62460000e-04 -3.13052000e-03 -1.18399000e-03 4.56150000e-04 3.94456000e-03 1.62840000e-04 2.38173000e-03 4.64186000e-03 3.90316000e-03 -1.48372000e-03 8.21215000e-03 -1.74498000e-03 -1.47843000e-03 1.66350000e-04 -4.55080000e-04 1.11967000e-03 -6.06960000e-04 -1.10504000e-03 4.34998000e-03 1.06410000e-04 1.84048000e-03 1.03648000e-03 9.66520000e-04 -1.64954000e-03 5.18230000e-03 -4.88500000e-04 -1.06386000e-03 -3.57767000e-03 1.37283000e-03 -2.04680000e-04 7.67040000e-04 1.99850000e-03 5.91639000e-03 9.90540000e-04 8.48090000e-04 5.45988000e-03 2.11168000e-03 -2.22581000e-03 -1.09975000e-03 -2.43285000e-03 -2.50240000e-04 6.10060000e-04 9.54600000e-04 -2.27644000e-03 -1.01083000e-03 1.12197000e-03 -1.04167000e-03 -1.77751000e-03 -7.82830000e-04 4.34447000e-03 -2.09318000e-03 2.74580000e-04 -1.52848000e-03 1.21832000e-03 -2.19658000e-03 2.10097000e-03 -7.07600000e-05 -6.17800000e-05 1.13564000e-03 -6.63840000e-04
5.90510000e-04 -2.50000000e-07 -4.87240000e-04 1.98888100e-02 -4.31900000e-05 1.58246000e-03 3.71690000e-04 -1.55190000e-04 2.07870000e-04 -2.61850000e-04 -1.24465000e-03 3.60800000e-05 5.37960000e-04 -1.44300000e-05 5.20220000e-04 4.96000000e-06 2.92000000e-05 2.34310000e-04 -2.46850000e-04 3.55640000e-04 1.52740000e-04 -3.40280000e-04 2.46500000e-05 1.86360000e-04 2.38640000e-04 -5.09240000e-04 -4.87400000e-05 5.83400000e-05 3.14700000e-04 2.22330000e-04 -5.27600000e-05 3.72060000e-04 -2.66000000e-06 7.05010000e-04 1.09613000e-03 -9.28900000e-05 1.96770000e-04 -2.20550000e-04 -7.04000000e-06 5.49700000e-05 2.70980000e-04 1.76400000e-04 9.42540000e-04 1.19710000e-04 3.19150000e-04 -8.93130000e-04 1.69510000e-04 -3.21950000e-04 2.82010000e-04 -1.07094000e-03 -1.88790000e-04 -3.57260000e-04 1.34513000e-03 1.53460000e-04 4.41090000e-04 -1.25040000e-04 1.81950000e-04 -7.84700000e-05 9.47610000e-04 6.01230000e-04 2.06880000e-04 -1.04403000e-03 -1.80600000e-05 -5.34130000e-04 -1.27578000e-03 -1.08200000e-03 5.03580000e-04 -2.12760000e-03 5.69070000e-04 6.32440000e-04 -2.51250000e-04 3.98740000e-04 -6.11900000e-05 1.50920000e-04 4.10120000e-04 -1.20406000e-03 1.37750000e-04 -3.55090000e-04 -1.46510000e-04 -2.89250000e-04 6.95250000e-04 -9.42270000e-04 1.03310000e-04 6.78980000e-04 1.16838000e-03 -2.11120000e-04 5.57700000e-05 -5.54900000e-05 -5.78740000e-04 -1.19810000e-03 -1.00920000e-04 -2.22140000e-04 -1.24922000e-03 -8.74320000e-04 7.46210000e-04 2.39100000e-04 7.13840000e-04 3.14810000e-04 -3.21320000e-04 -1.91560000e-04 8.99550000e-04 -1.83790000e-04 -3.56010000e-04 3.88840000e-04 7.08680000e-04 2.17930000e-04 -1.42221000e-03 1.06896000e-03 -1.10490000e-04 4.85000000e-04 -3.91170000e-04 6.84690000e-04 -5.52170000e-04 7.33100000e-05 -2.26700000e-05 -5.06670000e-04 3.74770000e-04
7.72900000e-05 -1.40490000e-04 4.79270000e-04 -4.31900000e-05 1.49012600e-02 -1.49917000e-03 1.20200000e-04 1.85010000e-04 1.52450000e-04 1.99130000e-04 2.15250000e-04 2.82500000e-04 -4.39280000e-04 -1.71830000e-04 -2.92730000e-04 -1.75480000e-04 -1.55000000e-04 -7.53800000e-05 3.22030000e-04 -5.58540000e-04 -1.42970000e-04 3.77180000e-04 4.44500000e-05 7.20800000e-05 -5.16400000e-05 2.23320000e-04 1.29500000e-05 2.11220000e-04 1.85390000e-04 3.32200000e-05 4.94620000e-04 -2.25700000e-05 3.19240000e-04 -1.26330000e-04 -9.96360000e-04 3.97500000e-04 1.03590000e-04 2.70710000e-04 1.90610000e-04 7.54000000e-06 3.01400000e-05 -2.59840000e-04 -1.63040000e-04 -8.06200000e-05 -5.29910000e-04 6.54510000e-04 -7.77890000e-04 4.08400000e-04 9.68500000e-05 6.58330000e-04 4.70170000e-04 4.28650000e-04 -1.03413000e-03 1.35220000e-04 -9.38400000e-05 3.93410000e-04 2.90100000e-05 2.14340000e-04 -2.67240000e-04 6.15800000e-05 1.38810000e-04 6.74310000e-04 -1.77580000e-04 5.82820000e-04 8.00570000e-04 2.84390000e-04 -1.57690000e-04 9.26660000e-04 -1.81220000e-04 -3.81200000e-05 -1.15350000e-04 -2.93700000e-05 2.24170000e-04 -1.23400000e-04 6.04400000e-05 7.69890000e-04 2.29680000e-04 4.37590000e-04 2.66930000e-04 3.62030000e-04 -7.94600000e-05 6.22080000e-04 -1.72200000e-05 -2.58550000e-04 -6.40570000e-04 3.76580000e-04 -1.43860000e-04 1.98070000e-04 6.42100000e-05 8.36440000e-04 1.71020000e-04 4.47040000e-04 7.72360000e-04 4.26190000e-04 -3.59960000e-04 -1.37380000e-04 -6.20580000e-04 -2.93220000e-04 2.28300000e-05 1.20030000e-04 -5.70300000e-05 -3.12990000e-04 3.16480000e-04 9.90500000e-05 -5.33350000e-04 2.80260000e-04 8.83290000e-04 -3.63490000e-04 6.47100000e-05 -2.29800000e-04 3.10680000e-04 -3.26160000e-04 3.84070000e-04 1.21730000e-04 -7.43000000e-06 4.63130000e-04 6.09000000e-06
1.71573000e-03 7.97300000e-04 -4.07999000e-03 1.58246000e-03 -1.49917000e-03 7.11702500e-02 5.89060000e-04 -1.41120000e-03 -4.49280000e-04 -1.54782000e-03 -4.95865000e-03 -1.37640000e-03 4.10415000e-03 1.02434000e-03 3.36798000e-03 1.01372000e-03 1.07767000e-03 1.24663000e-03 -2.31744000e-03 3.79318000e-03 1.11740000e-03 -2.68318000e-03 -4.24200000e-05 9.37000000e-05 1.06824000e-03 -3.65802000e-03 1.52260000e-04 -7.22200000e-04 1.08880000e-04 3.97810000e-04 -2.73064000e-03 1.37179000e-03 -1.46048000e-03 2.79131000e-03 8.92607000e-03 -2.28638000e-03 -1.09630000e-04 -2.17485000e-03 -1.03836000e-03 1.48673000e-03 5.44950000e-04 2.14839000e-03 3.72667000e-03 8.82490000e-04 4.05441000e-03 -6.38098000e-03 5.20461000e-03 -3.27633000e-03 5.71990000e-04 -6.59196000e-03 -3.03770000e-03 -3.40929000e-03 9.76905000e-03 -3.55290000e-04 1.68326000e-03 -2.12015000e-03 4.30970000e-04 -1.45857000e-03 4.44880000e-03 1.61122000e-03 4.81800000e-05 -6.95148000e-03 7.80540000e-04 -4.76340000e-03 -8.30350000e-03 -4.59303000e-03 2.43248000e-03 -1.14261700e-02 2.44501000e-03 2.32616000e-03 4.83700000e-05 1.36851000e-03 -1.13097000e-03 1.30861000e-03 9.08870000e-04 -7.78020000e-03 -8.72840000e-04 -3.39763000e-03 -2.13122000e-03 -2.70143000e-03 2.55270000e-03 -6.31863000e-03 3.20480000e-04 3.66005000e-03 7.14719000e-03 -2.69517000e-03 7.78340000e-04 -1.52239000e-03 -1.67164000e-03 -8.12078000e-03 -1.13805000e-03 -3.16499000e-03 -7.86033000e-03 -4.84509000e-03 4.59615000e-03 1.69702000e-03 5.63936000e-03 3.01815000e-03 -8.09660000e-04 -6.83890000e-04 3.06065000e-03 1.09331000e-03 -2.70360000e-03 1.05222000e-03 5.75084000e-03 -6.53380000e-04 -8.56920000e-03 5.73701000e-03 -3.53920000e-04 2.77159000e-03 -2.51085000e-03 3.98681000e-03 -3.37467000e-03 -7.62000000e-05 1.40000000e-04 -3.48995000e-03 1.22760000e-03
9.48200000e-04 -4.83630000e-04 -7.66810000e-04 3.71690000e-04 1.20200000e-04 5.89060000e-04 1.38202300e-02 1.43100000e-05 4.71740000e-04 -7.76580000e-04 -2.10966000e-03 3.07410000e-04 6.01470000e-04 -4.96740000e-04 9.44320000e-04 -4.34910000e-04 -9.61900000e-05 3.55220000e-04 -8.26150000e-04 -2.02020000e-04 -8.53000000e-05 -3.21500000e-04 -2.69360000e-04 1.44290000e-04 4.31460000e-04 2.45530000e-04 -8.79300000e-05 -9.62100000e-05 8.46130000e-04 3.41720000e-04 5.57120000e-04 2.77580000e-04 7.63750000e-04 1.16146000e-03 1.97100000e-04 2.02420000e-04 4.39290000e-04 -5.08870000e-04 2.24730000e-04 2.99240000e-04 6.03430000e-04 -5.36150000e-04 1.55387000e-03 -1.27950000e-04 -9.81120000e-04 -7.01490000e-04 -1.75291000e-03 3.54000000e-05 5.09040000e-04 -1.34358000e-03 3.97640000e-04 -4.07820000e-04 1.30909000e-03 -6.73200000e-05 7.30000000e-04 8.26000000e-05 -2.32430000e-04 -8.73000000e-05 1.64219000e-03 1.00348000e-03 4.79300000e-05 -1.47226000e-03 -2.86300000e-04 -6.50710000e-04 -1.79340000e-03 -2.09944000e-03 8.09480000e-04 -3.64890000e-03 9.38180000e-04 9.48020000e-04 -4.98440000e-04 3.68140000e-04 -3.13720000e-04 1.21180000e-04 8.47380000e-04 -1.68462000e-03 3.56740000e-04 -3.43890000e-04 -1.66600000e-04 -1.30530000e-04 1.04326000e-03 -2.00171000e-03 3.42800000e-04 5.44360000e-04 1.32411000e-03 -1.64710000e-04 -4.27500000e-05 -2.56000000e-06 -1.42345000e-03 -2.26285000e-03 -3.32640000e-04 2.64740000e-04 -2.15229000e-03 -9.11750000e-04 1.00597000e-03 4.68260000e-04 7.04880000e-04 -2.90200000e-05 -4.80080000e-04 -4.48930000e-04 1.84817000e-03 -9.12200000e-05 -2.72270000e-04 8.71380000e-04 4.44950000e-04 9.46640000e-04 -1.69316000e-03 1.16833000e-03 -1.80450000e-04 7.03820000e-04 -4.13830000e-04 1.02467000e-03 -7.99720000e-04 1.93310000e-04 3.96800000e-05 -2.32580000e-04 6.19550000e-04
-5.95600000e-05 -2.14370000e-04 5.48850000e-04 -1.55190000e-04 1.85010000e-04 -1.41120000e-03 1.43100000e-05 2.19348900e-02 2.60100000e-04 1.32980000e-04 9.89190000e-04 2.25870000e-04 -6.21750000e-04 -2.18740000e-04 -4.17700000e-04 -2.40640000e-04 -2.78690000e-04 -1.87210000e-04 2.85560000e-04 -8.27920000e-04 -1.95350000e-04 2.58600000e-04 -3.67600000e-05 -4.25400000e-05 -1.44990000e-04 7.20630000e-04 -1.47930000e-04 1.71540000e-04 1.80240000e-04 -1.18300000e-05 5.36440000e-04 -1.32130000e-04 2.41000000e-04 -2.42450000e-04 -1.36998000e-03 4.22670000e-04 2.64200000e-05 3.03720000e-04 1.20790000e-04 -1.39050000e-04 -2.89000000e-06 -3.84820000e-04 -3.12190000e-04 -1.71500000e-04 -7.77670000e-04 8.23240000e-04 -1.22109000e-03 5.26240000e-04 6.77400000e-05 5.60930000e-04 4.49720000e-04 5.06830000e-04 -1.26712000e-03 1.10150000e-04 -2.03870000e-04 2.79590000e-04 -9.11000000e-05 2.27650000e-04 -4.88600000e-04 -9.63600000e-05 8.80900000e-05 8.33330000e-04 8.49300000e-05 7.94360000e-04 9.54210000e-04 6.84800000e-04 -2.36910000e-04 1.16490000e-03 -2.46350000e-04 -1.67870000e-04 -2.75050000e-04 -1.51360000e-04 1.36860000e-04 -2.95070000e-04 1.50900000e-05 8.76210000e-04 1.81480000e-04 5.11250000e-04 3.85490000e-04 3.33780000e-04 -1.83160000e-04 6.51860000e-04 5.09600000e-05 -4.46730000e-04 -8.97090000e-04 4.28690000e-04 -2.64660000e-04 2.13410000e-04 -1.20850000e-04 1.00736000e-03 9.42600000e-05 5.16370000e-04 9.21450000e-04 3.44700000e-04 -6.06320000e-04 -2.64130000e-04 -8.13910000e-04 5.72900000e-05 -1.55290000e-04 4.36650000e-04 -1.19840000e-04 -4.88770000e-04 2.30900000e-04 -1.22740000e-04 -3.29920000e-04 1.86840000e-04 1.25973000e-03 -6.43370000e-04 -1.29380000e-04 -3.25290000e-04 1.71770000e-04 -4.49710000e-04 7.53220000e-04 -2.60900000e-05 -1.64270000e-04 -8.75000000e-06 -1.02980000e-04
4.62200000e-04 -2.62520000e-04 -3.25800000e-05 2.07870000e-04 1.52450000e-04 -4.49280000e-04 4.71740000e-04 2.60100000e-04 1.22059700e-02 -1.18350000e-04 -7.00240000e-04 3.49470000e-04 -8.45700000e-05 -3.29220000e-04 2.74290000e-04 -2.44140000e-04 -2.78150000e-04 1.11190000e-04 -7.87500000e-05 -8.50530000e-04 2.61000000e-05 -1.16660000e-04 3.59700000e-05 2.28860000e-04 1.26400000e-04 -6.71000000e-06 -2.61360000e-04 2.10500000e-04 3.81270000e-04 2.89730000e-04 3.23470000e-04 2.44550000e-04 2.86680000e-04 4.35120000e-04 -6.99790000e-04 4.02840000e-04 4.81130000e-04 -1.09080000e-04 2.18180000e-04 -1.21490000e-04 3.04170000e-04 -2.14330000e-04 5.26650000e-04 7.96000000e-06 -5.29730000e-04 -4.52830000e-04 -1.76490000e-03 9.76300000e-05 2.18550000e-04 -5.02800000e-04 1.47620000e-04 2.04600000e-05 -1.81660000e-04 3.00350000e-04 3.18270000e-04 1.50430000e-04 1.16750000e-04 2.50580000e-04 4.06570000e-04 4.85320000e-04 2.98280000e-04 -4.23880000e-04 -7.89700000e-05 5.04420000e-04 -5.44190000e-04 -7.50740000e-04 3.10190000e-04 -1.32421000e-03 3.55510000e-04 4.49400000e-04 -6.05830000e-04 2.08650000e-04 1.02030000e-04 -1.14860000e-04 4.68430000e-04 -5.46130000e-04 3.73190000e-04 1.05790000e-04 1.19160000e-04 9.58300000e-05 4.88170000e-04 -5.87990000e-04 1.63750000e-04 1.61770000e-04 1.72750000e-04 2.72360000e-04 -6.82100000e-05 2.50400000e-04 -7.84250000e-04 -4.81170000e-04 6.96800000e-05 2.00460000e-04 -6.74740000e-04 -5.91740000e-04 -1.86000000e-05 6.23800000e-05 -2.28820000e-04 5.63700000e-05 -6.24530000e-04 2.46900000e-05 6.86920000e-04 -8.42610000e-04 -1.37250000e-04 3.90840000e-04 1.64820000e-04 4.40420000e-04 -4.64280000e-04 4.21140000e-04 -2.08540000e-04 1.94080000e-04 -2.61420000e-04 2.31630000e-04 -9.95400000e-05 7.55400000e-05 -1.74260000e-04 -6.21520000e-04 3.46150000e-04
-8.60010000e-04 7.47470000e-04 1.67408000e-03 -2.61850000e-04 1.99130000e-04 -1.54782000e-03 -7.76580000e-04 1.32980000e-04 -1.18350000e-04 1.57390200e-02 2.90051000e-03 -4.31500000e-05 -1.09686000e-03 6.88420000e-04 -1.42509000e-03 6.37840000e-04 -8.12600000e-05 -4.14680000e-04 1.92767000e-03 -4.08200000e-04 2.30310000e-04 7.08420000e-04 6.89350000e-04 1.14930000e-04 -5.96550000e-04 -1.02445000e-03 7.36200000e-05 7.11910000e-04 -1.05863000e-03 -2.37060000e-04 -5.72390000e-04 -8.49000000e-06 -8.98630000e-04 -1.75460000e-03 -8.53170000e-04 1.38280000e-04 -2.60070000e-04 1.11868000e-03 -1.45300000e-05 -3.22030000e-04 -7.38270000e-04 9.89980000e-04 -2.41042000e-03 3.60370000e-04 1.62975000e-03 8.82230000e-04 1.94973000e-03 1.45360000e-04 -5.86950000e-04 2.29840000e-03 -4.56780000e-04 1.01128000e-03 -2.69281000e-03 5.59320000e-04 -9.83330000e-04 2.61590000e-04 7.91960000e-04 5.30060000e-04 -2.54028000e-03 -1.05569000e-03 4.70240000e-04 2.50028000e-03 2.84120000e-04 1.82986000e-03 2.99723000e-03 3.22364000e-03 -1.09335000e-03 5.81786000e-03 -1.31730000e-03 -1.22483000e-03 3.21900000e-04 -2.32720000e-04 9.74460000e-04 -2.54130000e-04 -1.06691000e-03 2.86520000e-03 -7.53800000e-05 1.03682000e-03 4.66270000e-04 4.38750000e-04 -1.39108000e-03 3.62292000e-03 -4.63330000e-04 -5.42140000e-04 -2.36570000e-03 7.36060000e-04 -8.65600000e-05 2.84910000e-04 1.98016000e-03 4.13383000e-03 8.65310000e-04 -9.12400000e-05 3.75531000e-03 1.29557000e-03 -1.57669000e-03 -7.09540000e-04 -1.41784000e-03 2.23140000e-04 4.86950000e-04 9.36950000e-04 -2.36913000e-03 -6.65740000e-04 5.97960000e-04 -9.02470000e-04 -5.72370000e-04 -1.07904000e-03 2.83262000e-03 -1.24720000e-03 3.87280000e-04 -1.03733000e-03 8.45830000e-04 -1.54706000e-03 1.49444000e-03 -2.04000000e-05 -1.39600000e-05 3.55940000e-04 -5.26150000e-04
-2.68887000e-03 1.02700000e-03 3.52229000e-03 -1.24465000e-03 2.15250000e-04 -4.95865000e-03 -2.10966000e-03 9.89190000e-04 -7.00240000e-04 2.90051000e-03 2.62185000e-02 -2.67490000e-04 -2.97529000e-03 1.06200000e-03 -3.54323000e-03 8.66290000e-04 -4.11270000e-04 -1.40226000e-03 3.25524000e-03 -1.24998000e-03 6.64000000e-06 1.64088000e-03 7.93970000e-04 -3.12080000e-04 -1.64975000e-03 5.17700000e-05 -5.36800000e-05 9.36880000e-04 -2.28359000e-03 -8.30270000e-04 -7.62400000e-04 -8.34740000e-04 -1.66459000e-03 -4.06141000e-03 -3.49672000e-03 1.80770000e-04 -1.15445000e-03 2.15225000e-03 -1.28200000e-04 -8.84210000e-04 -1.87330000e-03 1.01921000e-03 -5.48473000e-03 2.98780000e-04 1.62367000e-03 3.45191000e-03 2.69416000e-03 8.60410000e-04 -1.48627000e-03 5.46723000e-03 -4.20090000e-04 2.29849000e-03 -6.72046000e-03 6.12120000e-04 -2.50775000e-03 5.33000000e-04 7.93980000e-04 8.79930000e-04 -5.93591000e-03 -2.93780000e-03 2.64210000e-04 6.24859000e-03 9.50450000e-04 4.05084000e-03 7.42170000e-03 7.78109000e-03 -2.89482000e-03 1.36667300e-02 -3.20246000e-03 -3.18380000e-03 7.28780000e-04 -1.22192000e-03 1.52166000e-03 -9.35970000e-04 -2.49848000e-03 6.98689000e-03 -4.22920000e-04 2.22573000e-03 1.07975000e-03 1.18502000e-03 -3.50370000e-03 7.48095000e-03 -9.71270000e-04 -2.36201000e-03 -5.98759000e-03 1.49315000e-03 -3.98070000e-04 5.61260000e-04 3.99469000e-03 8.96428000e-03 1.50489000e-03 2.21450000e-04 8.39340000e-03 3.66011000e-03 -4.08564000e-03 -1.89770000e-03 -3.85744000e-03 8.73300000e-05 1.17979000e-03 2.18706000e-03 -5.71269000e-03 -8.31700000e-04 1.52717000e-03 -2.44047000e-03 -1.92974000e-03 -2.31826000e-03 7.52740000e-03 -4.37119000e-03 5.95420000e-04 -2.79208000e-03 1.96863000e-03 -3.95108000e-03 3.88470000e-03 -3.79100000e-04 -1.48080000e-04 8.83170000e-04 -1.74706000e-03
2.56350000e-04 -3.13870000e-04 2.81840000e-04 3.60800000e-05 2.82500000e-04 -1.37640000e-03 3.07410000e-04 2.25870000e-04 3.49470000e-04 -4.31500000e-05 -2.67490000e-04 1.37546000e-02 -3.65830000e-04 -3.42850000e-04 -2.93300000e-05 -3.31130000e-04 -1.66810000e-04 -5.80000000e-07 5.73500000e-05 -5.52980000e-04 -1.93000000e-04 2.44670000e-04 -6.32400000e-05 9.40800000e-05 4.63400000e-05 4.21510000e-04 -1.15130000e-04 1.60550000e-04 3.52020000e-04 1.22800000e-04 6.24570000e-04 3.53000000e-06 4.74280000e-04 2.38060000e-04 -9.68540000e-04 4.88960000e-04 1.97850000e-04 1.34680000e-04 2.25830000e-04 2.22000000e-05 1.90460000e-04 -4.65730000e-04 2.50080000e-04 -1.61250000e-04 -8.66250000e-04 5.67620000e-04 -1.20338000e-03 4.94770000e-04 1.84050000e-04 3.72060000e-04 5.48680000e-04 3.25960000e-04 -6.56200000e-04 1.36070000e-04 7.85800000e-05 3.75940000e-04 -6.24600000e-05 1.50450000e-04 8.75500000e-05 2.13510000e-04 1.26130000e-04 3.94650000e-04 -2.59460000e-04 4.43690000e-04 4.47540000e-04 -2.44970000e-04 -1.30000000e-07 1.22730000e-04 2.49200000e-05 2.33330000e-04 -2.38090000e-04 3.16500000e-05 1.18390000e-04 -7.01700000e-05 3.38690000e-04 4.01250000e-04 2.97340000e-04 3.22850000e-04 2.85460000e-04 4.06520000e-04 2.96530000e-04 1.43260000e-04 4.94400000e-05 -1.69400000e-04 -2.69710000e-04 3.14710000e-04 -1.37300000e-04 1.89840000e-04 -2.76420000e-04 3.30740000e-04 7.39600000e-05 5.36710000e-04 2.73850000e-04 2.43480000e-04 -2.06880000e-04 -7.71500000e-05 -5.62930000e-04 -3.36520000e-04 -1.29830000e-04 -2.89900000e-05 3.15540000e-04 -3.60670000e-04 2.79300000e-04 2.06660000e-04 -5.23760000e-04 4.57260000e-04 4.83480000e-04 -2.37890000e-04 -5.17400000e-05 -9.90600000e-05 1.35540000e-04 -1.22360000e-04 1.88670000e-04 1.00400000e-04 -4.07100000e-05 2.55020000e-04 1.12630000e-04
8.19100000e-04 5.46700000e-05 -1.93382000e-03 5.37960000e-04 -4.39280000e-04 4.10415000e-03 6.01470000e-04 -6.21750000e-04 -8.45700000e-05 -1.09686000e-03 -2.97529000e-03 -3.65830000e-04 2.02509100e-02 8.03000000e-05 1.87055000e-03 1.74110000e-04 4.83560000e-04 7.58620000e-04 -1.46499000e-03 1.11045000e-03 3.57790000e-04 -1.01182000e-03 -2.05030000e-04 1.96610000e-04 7.05600000e-04 -6.95570000e-04 2.04280000e-04 -4.40340000e-04 4.33610000e-04 2.88140000e-04 -6.76490000e-04 4.11990000e-04 9.28600000e-05 1.46101000e-03 2.66868000e-03 -7.15880000e-04 4.47320000e-04 -1.16967000e-03 -1.47940000e-04 7.35500000e-04 5.32150000e-04 3.89300000e-04 1.91650000e-03 1.99810000e-04 7.61300000e-04 -2.45653000e-03 1.31000000e-04 -1.11975000e-03 3.77470000e-04 -2.77529000e-03 -7.01920000e-04 -1.44125000e-03 3.66050000e-03 -4.34310000e-04 1.03842000e-03 -6.66750000e-04 -2.26160000e-04 -5.08610000e-04 2.31139000e-03 9.57350000e-04 -2.07890000e-04 -3.27827000e-03 6.24500000e-05 -1.93230000e-03 -3.84195000e-03 -2.75935000e-03 1.33786000e-03 -6.13005000e-03 1.40600000e-03 1.10418000e-03 6.04600000e-05 5.46010000e-04 -7.24390000e-04 6.37100000e-04 6.44760000e-04 -3.53839000e-03 -9.20100000e-05 -1.37728000e-03 -9.64450000e-04 -9.60410000e-04 1.15323000e-03 -3.52034000e-03 3.79840000e-04 1.22026000e-03 2.89735000e-03 -1.02052000e-03 3.63090000e-04 -5.25410000e-04 -1.16485000e-03 -4.40317000e-03 -6.18350000e-04 -9.32720000e-04 -4.10378000e-03 -1.78396000e-03 1.95549000e-03 1.09075000e-03 2.41313000e-03 7.18650000e-04 -2.33820000e-04 -6.13590000e-04 1.92088000e-03 9.24950000e-04 -9.15150000e-04 9.67020000e-04 1.96648000e-03 3.85410000e-04 -3.78581000e-03 2.31957000e-03 -3.53000000e-05 1.43623000e-03 -9.07560000e-04 2.02105000e-03 -1.74645000e-03 1.07300000e-04 2.97920000e-04 -9.70500000e-04 8.07250000e-04
-4.96990000e-04 6.55430000e-04 3.09800000e-04 -1.44300000e-05 -1.71830000e-04 1.02434000e-03 -4.96740000e-04 -2.18740000e-04 -3.29220000e-04 6.88420000e-04 1.06200000e-03 -3.42850000e-04 8.03000000e-05 1.13556900e-02 -3.31560000e-04 6.25440000e-04 2.28440000e-04 -2.95700000e-05 6.80710000e-04 4.66460000e-04 3.37430000e-04 1.50000000e-05 4.06800000e-04 7.94400000e-05 -1.82690000e-04 -1.01596000e-03 1.60250000e-04 2.19960000e-04 -7.00070000e-04 -1.42260000e-04 -8.50320000e-04 9.36500000e-05 -8.06930000e-04 -7.13260000e-04 8.44800000e-04 -3.79470000e-04 -1.21690000e-04 2.86310000e-04 -2.01080000e-04 -4.70900000e-05 -3.93350000e-04 9.39310000e-04 -1.00712000e-03 3.50660000e-04 1.63136000e-03 -3.68600000e-04 2.00239000e-03 -4.54440000e-04 -3.32480000e-04 4.46600000e-04 -7.57200000e-04 4.15100000e-05 -1.50150000e-04 1.43040000e-04 -3.40250000e-04 -2.47730000e-04 4.32700000e-04 6.76000000e-05 -9.40990000e-04 -5.23620000e-04 1.47600000e-04 4.29780000e-04 3.24690000e-04 3.01080000e-04 5.49080000e-04 1.29912000e-03 -3.00160000e-04 1.79823000e-03 -4.40940000e-04 -5.17840000e-04 4.07000000e-04 -1.05500000e-05 3.19160000e-04 1.01490000e-04 -6.13920000e-04 5.69770000e-04 -2.55730000e-04 4.16500000e-05 -1.04910000e-04 -1.98410000e-04 -6.11110000e-04 1.12426000e-03 -2.14120000e-04 9.69800000e-05 -3.81470000e-04 -3.07600000e-05 1.46550000e-04 -9.96100000e-05 1.13085000e-03 1.12099000e-03 3.09180000e-04 -6.01820000e-04 1.01341000e-03 1.94910000e-04 -3.17060000e-04 -9.60300000e-05 8.63800000e-05 4.83290000e-04 3.42760000e-04 3.88390000e-04 -1.16434000e-03 9.97800000e-05 -3.57000000e-05 -4.51900000e-04 4.41110000e-04 -8.39640000e-04 4.03280000e-04 -8.12000000e-05 2.37460000e-04 -1.84470000e-04 1.62940000e-04 -3.30300000e-04 3.04670000e-04 -6.09900000e-05 6.14400000e-05 -1.76420000e-04 -2.17950000e-04
1.16318000e-03 -4.01250000e-04 -2.00243000e-03 5.20220000e-04 -2.92730000e-04 3.36798000e-03 9.44320000e-04 -4.17700000e-04 2.74290000e-04 -1.42509000e-03 -3.54323000e-03 -2.93300000e-05 1.87055000e-03 -3.31560000e-04 6.93976500e-02 -2.28810000e-04 3.59860000e-04 8.48620000e-04 -1.81224000e-03 4.94190000e-04 1.95340000e-04 -9.90990000e-04 -4.41240000e-04 1.44470000e-04 8.09330000e-04 -4.23510000e-04 6.70200000e-05 -4.91740000e-04 8.07360000e-04 4.02660000e-04 -1.68830000e-04 3.91950000e-04 7.09020000e-04 1.82784000e-03 1.84780000e-03 -3.03610000e-04 7.10140000e-04 -1.35230000e-03 1.35000000e-06 1.22738000e-03 7.21450000e-04 -1.83380000e-04 2.24723000e-03 -1.10400000e-05 -3.24310000e-04 -2.27650000e-03 -1.28789000e-03 -7.43990000e-04 5.36220000e-04 -2.82108000e-03 -2.40040000e-04 -1.38393000e-03 3.59077000e-03 -5.66200000e-04 1.21249000e-03 -4.53990000e-04 -4.68710000e-04 -4.28330000e-04 2.76138000e-03 1.21716000e-03 -2.86160000e-04 -3.43143000e-03 -1.07660000e-04 -1.86300000e-03 -4.07741000e-03 -3.44443000e-03 1.48027000e-03 -6.84833000e-03 1.52885000e-03 1.41246000e-03 -2.22090000e-04 5.04450000e-04 -8.27790000e-04 5.91320000e-04 1.04984000e-03 -3.76511000e-03 8.67800000e-05 -1.26206000e-03 -9.83060000e-04 -7.18690000e-04 1.55939000e-03 -4.15591000e-03 5.51000000e-04 1.15634000e-03 2.96398000e-03 -8.52670000e-04 2.90140000e-04 -4.04130000e-04 -1.72426000e-03 -4.90613000e-03 -6.96680000e-04 -4.93970000e-04 -4.57908000e-03 -1.76723000e-03 2.08538000e-03 1.21315000e-03 2.09271000e-03 5.61020000e-04 -3.73470000e-04 -6.92090000e-04 2.60292000e-03 6.97040000e-04 -8.02230000e-04 1.38897000e-03 1.86301000e-03 9.03700000e-04 -3.78942000e-03 2.34633000e-03 -1.52490000e-04 1.48854000e-03 -9.33610000e-04 2.17530000e-03 -1.82441000e-03 1.57280000e-04 2.50460000e-04 -7.87440000e-04 9.28690000e-04
-4.08160000e-04 6.66470000e-04 2.99810000e-04 4.96000000e-06 -1.75480000e-04 1.01372000e-03 -4.34910000e-04 -2.40640000e-04 -2.44140000e-04 6.37840000e-04 8.66290000e-04 -3.31130000e-04 1.74110000e-04 6.25440000e-04 -2.28810000e-04 1.19469700e-02 2.34740000e-04 2.40400000e-05 7.28380000e-04 4.32770000e-04 3.92680000e-04 -1.85400000e-05 4.28560000e-04 1.22240000e-04 -1.23040000e-04 -1.05826000e-03 1.71190000e-04 2.31350000e-04 -6.82470000e-04 -1.06270000e-04 -8.65140000e-04 1.15920000e-04 -7.79170000e-04 -6.87510000e-04 8.56120000e-04 -3.33130000e-04 -9.09000000e-05 2.71490000e-04 -1.74890000e-04 1.94000000e-05 -3.33090000e-04 1.02000000e-03 -9.33390000e-04 3.75370000e-04 1.78453000e-03 -4.95000000e-04 1.88472000e-03 -4.99990000e-04 -3.09630000e-04 3.44540000e-04 -7.50950000e-04 1.28900000e-05 -1.45680000e-04 1.85640000e-04 -3.08000000e-04 -2.30680000e-04 4.69900000e-04 1.16100000e-04 -8.80370000e-04 -4.82360000e-04 1.72040000e-04 3.08620000e-04 3.37670000e-04 2.90920000e-04 4.24900000e-04 1.19470000e-03 -2.20150000e-04 1.58067000e-03 -3.71440000e-04 -4.67610000e-04 3.76030000e-04 2.51200000e-05 3.07340000e-04 1.23890000e-04 -5.95460000e-04 4.41760000e-04 -2.21550000e-04 3.14400000e-05 -9.91700000e-05 -2.06830000e-04 -5.67730000e-04 1.10520000e-03 -1.95670000e-04 1.38860000e-04 -3.58320000e-04 -2.37000000e-06 2.03320000e-04 -3.74500000e-05 1.02371000e-03 1.02374000e-03 3.09570000e-04 -6.12950000e-04 8.83050000e-04 9.45700000e-05 -2.92860000e-04 -3.19500000e-05 1.94450000e-04 5.23720000e-04 2.89730000e-04 3.55540000e-04 -1.01599000e-03 7.51100000e-05 -6.12900000e-05 -3.83840000e-04 4.75430000e-04 -7.82340000e-04 2.40210000e-04 6.48800000e-05 2.27540000e-04 -9.67000000e-05 1.31330000e-04 -2.18730000e-04 2.38480000e-04 -5.03900000e-05 1.05190000e-04 -2.73750000e-04 -1.06950000e-04
-8.26500000e-05 2.23240000e-04 -3.67010000e-04 2.92000000e-05 -1.55000000e-04 1.07767000e-03 -9.61900000e-05 -2.78690000e-04 -2.78150000e-04 -8.12600000e-05 -4.11270000e-04 -1.66810000e-04 4.83560000e-04 2.28440000e-04 3.59860000e-04 2.34740000e-04 2.07755900e-02 2.20020000e-04 -1.83540000e-04 5.80170000e-04 1.05610000e-04 -1.36550000e-04 4.04000000e-05 2.14000000e-05 1.48960000e-04 -3.32000000e-04 1.93350000e-04 -1.09140000e-04 -1.73590000e-04 -7.59500000e-05 -3.83630000e-04 -3.48000000e-06 -2.09860000e-04 1.26520000e-04 9.05670000e-04 -2.42960000e-04 2.66200000e-05 -1.85670000e-04 -1.49140000e-04 2.73250000e-04 -2.59700000e-05 3.16490000e-04 7.78900000e-05 6.74400000e-05 6.37300000e-04 -4.31940000e-04 9.07510000e-04 -3.27380000e-04 -3.57700000e-05 -2.14910000e-04 -3.03520000e-04 -3.19280000e-04 7.84220000e-04 -1.92160000e-04 7.69100000e-05 -1.79660000e-04 -3.99000000e-05 -1.79850000e-04 1.55140000e-04 -1.10850000e-04 -1.24080000e-04 -5.24120000e-04 1.56600000e-05 -5.36470000e-04 -5.43880000e-04 -1.70120000e-04 1.42290000e-04 -6.69620000e-04 5.00300000e-05 9.89200000e-05 4.21500000e-04 3.06800000e-05 -1.19600000e-04 3.13210000e-04 -7.09200000e-05 -4.63570000e-04 -1.93020000e-04 -3.47990000e-04 -2.54150000e-04 -1.46930000e-04 8.27900000e-05 -3.93100000e-04 -5.21600000e-05 1.97060000e-04 5.38260000e-04 -3.08380000e-04 1.80850000e-04 -2.43050000e-04 3.68490000e-04 -6.09340000e-04 -9.04200000e-05 -3.71630000e-04 -5.01260000e-04 -7.14600000e-05 2.84800000e-04 2.69310000e-04 5.59730000e-04 1.61690000e-04 2.89850000e-04 -6.15100000e-05 -1.03610000e-04 5.36400000e-04 -9.53900000e-05 5.34000000e-06 3.84660000e-04 -1.99020000e-04 -4.79680000e-04 2.43520000e-04 1.12140000e-04 2.35560000e-04 -7.82600000e-05 3.29510000e-04 -2.82070000e-04 -2.13600000e-05 1.49060000e-04 3.10400000e-05 1.67400000e-05
4.25940000e-04 -2.19800000e-05 -6.78290000e-04 2.34310000e-04 -7.53800000e-05 1.24663000e-03 3.55220000e-04 -1.87210000e-04 1.11190000e-04 -4.14680000e-04 -1.40226000e-03 -5.80000000e-07 7.58620000e-04 -2.95700000e-05 8.48620000e-04 2.40400000e-05 2.20020000e-04 8.38480000e-03 -5.32580000e-04 1.63440000e-04 1.15210000e-04 -3.26540000e-04 -2.96600000e-05 1.45180000e-04 3.58100000e-04 -3.67100000e-04 1.10340000e-04 -9.88700000e-05 2.86440000e-04 1.43880000e-04 -8.02300000e-05 1.91440000e-04 2.31680000e-04 6.59270000e-04 7.46720000e-04 -7.21700000e-05 3.53740000e-04 -4.34170000e-04 1.61000000e-06 3.73040000e-04 2.99000000e-04 8.18300000e-05 7.87390000e-04 3.50600000e-05 1.21850000e-04 -8.93470000e-04 -3.74910000e-04 -3.04160000e-04 2.42290000e-04 -9.46480000e-04 -1.08500000e-04 -4.62930000e-04 1.22280000e-03 -1.76250000e-04 4.58470000e-04 -1.14290000e-04 -1.17150000e-04 -1.04240000e-04 9.15410000e-04 4.32820000e-04 -2.77600000e-05 -1.27496000e-03 -8.82300000e-05 -5.92930000e-04 -1.47072000e-03 -1.23253000e-03 5.83490000e-04 -2.51641000e-03 5.13770000e-04 5.58600000e-04 2.37600000e-05 2.25780000e-04 -2.09400000e-04 3.03760000e-04 3.48100000e-04 -1.32077000e-03 5.66900000e-05 -4.24560000e-04 -3.26590000e-04 -2.33800000e-04 5.84150000e-04 -1.43296000e-03 1.77490000e-04 4.70840000e-04 1.07958000e-03 -2.61020000e-04 1.21190000e-04 -1.69130000e-04 -4.36240000e-04 -1.69793000e-03 -1.92490000e-04 -2.01470000e-04 -1.58679000e-03 -6.37490000e-04 7.17270000e-04 5.34350000e-04 7.99270000e-04 2.64000000e-04 -6.28200000e-05 -2.07900000e-04 8.83940000e-04 2.61610000e-04 -2.73120000e-04 5.26440000e-04 7.21600000e-04 3.16290000e-04 -1.33119000e-03 8.93680000e-04 -7.00000000e-06 6.03040000e-04 -2.77610000e-04 8.50380000e-04 -6.31540000e-04 8.58700000e-05 1.07440000e-04 -2.05580000e-04 3.73270000e-04
-5.36820000e-04 8.70100000e-04 2.57689000e-03 -2.46850000e-04 3.22030000e-04 -2.31744000e-03 -8.26150000e-04 2.85560000e-04 -7.87500000e-05 1.92767000e-03 3.25524000e-03 5.73500000e-05 -1.46499000e-03 6.80710000e-04 -1.81224000e-03 7.28380000e-04 -1.83540000e-04 -5.32580000e-04 4.79166100e-02 -4.24140000e-04 2.97310000e-04 9.44030000e-04 8.22840000e-04 1.26610000e-04 -6.82110000e-04 -9.66960000e-04 5.82000000e-05 9.92120000e-04 -1.26440000e-03 -2.86870000e-04 -4.72880000e-04 6.79100000e-05 -1.01133000e-03 -2.24118000e-03 -1.00457000e-03 4.98500000e-04 -2.81780000e-04 1.81782000e-03 5.68600000e-05 -4.42850000e-04 -8.13100000e-04 1.31863000e-03 -3.15263000e-03 3.81130000e-04 2.40383000e-03 1.35695000e-03 2.92139000e-03 4.28110000e-04 -7.10330000e-04 3.11824000e-03 -2.74830000e-04 1.55691000e-03 -3.63530000e-03 8.36910000e-04 -1.31339000e-03 4.60610000e-04 1.19417000e-03 8.31560000e-04 -3.16989000e-03 -1.12410000e-03 6.92720000e-04 3.45595000e-03 3.19620000e-04 2.00432000e-03 4.09687000e-03 4.13714000e-03 -1.33531000e-03 8.00376000e-03 -1.63569000e-03 -1.48754000e-03 3.00870000e-04 -1.78240000e-04 1.27695000e-03 -4.15160000e-04 -1.31919000e-03 3.87356000e-03 1.23200000e-05 1.66039000e-03 8.24800000e-04 6.34370000e-04 -1.71060000e-03 5.58364000e-03 -5.72430000e-04 -4.67080000e-04 -3.20127000e-03 1.16757000e-03 -7.21600000e-05 6.45630000e-04 2.28966000e-03 5.92617000e-03 1.07761000e-03 2.68100000e-04 5.38459000e-03 1.63792000e-03 -1.87543000e-03 -1.00122000e-03 -1.70893000e-03 3.70420000e-04 6.37860000e-04 1.12278000e-03 -2.23054000e-03 -1.03440000e-03 8.82470000e-04 -1.07733000e-03 -9.76560000e-04 -1.18342000e-03 3.69576000e-03 -1.18740000e-03 3.83670000e-04 -1.30065000e-03 1.04990000e-03 -1.89585000e-03 1.94347000e-03 -4.99800000e-05 1.07500000e-04 6.85700000e-04 -4.17960000e-04
1.90160000e-04 4.49450000e-04 -1.02743000e-03 3.55640000e-04 -5.58540000e-04 3.79318000e-03 -2.02020000e-04 -8.27920000e-04 -8.50530000e-04 -4.08200000e-04 -1.24998000e-03 -5.52980000e-04 1.11045000e-03 4.66460000e-04 4.94190000e-04 4.32770000e-04 5.80170000e-04 1.63440000e-04 -4.24140000e-04 4.38710600e-02 2.50940000e-04 -5.98570000e-04 -1.38120000e-04 -1.01020000e-04 2.14770000e-04 -5.20110000e-04 2.10720000e-04 -3.50380000e-04 -3.44330000e-04 -9.15900000e-05 -9.90160000e-04 2.02060000e-04 -8.50360000e-04 5.41270000e-04 3.44012000e-03 -9.94900000e-04 -4.10800000e-04 -3.18510000e-04 -4.25960000e-04 -8.27600000e-05 -3.17900000e-05 6.85310000e-04 7.78430000e-04 1.96590000e-04 1.66488000e-03 -1.19732000e-03 3.53155000e-03 -9.36850000e-04 -9.28200000e-05 -1.19752000e-03 -8.93530000e-04 -9.51440000e-04 3.01007000e-03 -1.93150000e-04 3.04260000e-04 -7.20200000e-04 1.83310000e-04 -6.90410000e-04 1.01537000e-03 1.63280000e-04 -2.20440000e-04 -1.41154000e-03 1.44890000e-04 -2.19992000e-03 -1.65646000e-03 -7.05000000e-04 3.49760000e-04 -1.98912000e-03 5.68240000e-04 3.29540000e-04 6.29780000e-04 3.62660000e-04 -4.42980000e-04 5.26430000e-04 -3.58300000e-05 -1.59053000e-03 -4.90930000e-04 -1.06402000e-03 -5.15620000e-04 -7.09700000e-04 4.30040000e-04 -7.50550000e-04 -1.89970000e-04 9.87910000e-04 1.91369000e-03 -1.07144000e-03 4.09200000e-04 -5.32270000e-04 1.40050000e-04 -1.62340000e-03 -4.08050000e-04 -9.86660000e-04 -1.40747000e-03 -7.07360000e-04 1.29559000e-03 2.06950000e-04 1.86756000e-03 2.79490000e-04 3.26750000e-04 -5.40100000e-04 3.61870000e-04 1.17464000e-03 -4.92610000e-04 -2.28840000e-04 8.52100000e-04 -5.56310000e-04 -2.04280000e-03 1.13882000e-03 4.54200000e-05 5.39230000e-04 -5.55070000e-04 8.10220000e-04 -1.02641000e-03 -1.42680000e-04 2.97480000e-04 -2.88190000e-04 6.72000000e-05
-8.03000000e-06 3.62710000e-04 -4.67000000e-06 1.52740000e-04 -1.42970000e-04 1.11740000e-03 -8.53000000e-05 -1.95350000e-04 2.61000000e-05 2.30310000e-04 6.64000000e-06 -1.93000000e-04 3.57790000e-04 3.37430000e-04 1.95340000e-04 3.92680000e-04 1.05610000e-04 1.15210000e-04 2.97310000e-04 2.50940000e-04 1.35903000e-02 -1.99990000e-04 2.50400000e-04 1.50590000e-04 2.35300000e-05 -8.26320000e-04 6.20800000e-05 1.63440000e-04 -2.70680000e-04 8.54600000e-05 -5.48800000e-04 2.27260000e-04 -3.96750000e-04 -1.40800000e-04 7.61100000e-04 -2.03170000e-04 1.07930000e-04 1.60700000e-05 -6.24400000e-05 8.24200000e-05 -6.92400000e-05 6.88620000e-04 -2.03470000e-04 3.23160000e-04 1.14948000e-03 -7.61380000e-04 8.79910000e-04 -4.51580000e-04 -8.04300000e-05 -3.00180000e-04 -5.11470000e-04 -1.45990000e-04 3.92890000e-04 1.94800000e-04 1.89900000e-05 -2.00370000e-04 3.77890000e-04 1.50080000e-04 -1.22120000e-04 -2.20500000e-05 1.58130000e-04 -2.89310000e-04 3.41870000e-04 4.22100000e-05 -3.51480000e-04 2.45710000e-04 1.17730000e-04 5.86100000e-05 5.92300000e-05 -4.96000000e-05 3.52100000e-05 1.62450000e-04 1.26640000e-04 8.83300000e-05 -1.80770000e-04 -3.25870000e-04 -4.25600000e-05 -9.25200000e-05 -1.62320000e-04 -2.80650000e-04 -8.98300000e-05 1.89710000e-04 -1.57000000e-06 3.40860000e-04 2.08450000e-04 1.57000000e-06 2.48420000e-04 1.12310000e-04 2.64790000e-04 3.37500000e-05 1.81030000e-04 -4.48100000e-04 -1.21550000e-04 -3.75430000e-04 9.80000000e-05 1.08370000e-04 3.76990000e-04 4.60510000e-04 -3.27000000e-05 1.17450000e-04 -1.65840000e-04 -1.14780000e-04 -2.23800000e-04 2.01000000e-06 6.24530000e-04 -3.51520000e-04 -5.43830000e-04 5.04850000e-04 5.80600000e-05 1.63840000e-04 -1.12220000e-04 1.76240000e-04 -1.37180000e-04 -2.72300000e-05 4.91500000e-05 -4.76020000e-04 1.05340000e-04
-4.72020000e-04 4.99700000e-05 1.16161000e-03 -3.40280000e-04 3.77180000e-04 -2.68318000e-03 -3.21500000e-04 2.58600000e-04 -1.16660000e-04 7.08420000e-04 1.64088000e-03 2.44670000e-04 -1.01182000e-03 1.50000000e-05 -9.90990000e-04 -1.85400000e-05 -1.36550000e-04 -3.26540000e-04 9.44030000e-04 -5.98570000e-04 -1.99990000e-04 1.39029400e-02 1.45650000e-04 -3.45200000e-05 -3.40540000e-04 3.71910000e-04 7.25300000e-05 3.25970000e-04 -2.86610000e-04 -1.79120000e-04 3.86070000e-04 -2.67700000e-04 5.25200000e-05 -9.29130000e-04 -1.61492000e-03 4.31670000e-04 -1.49550000e-04 7.06630000e-04 1.67150000e-04 -2.09400000e-04 -3.20490000e-04 -1.37600000e-04 -1.24945000e-03 -8.27400000e-05 -2.57680000e-04 1.50887000e-03 -3.11000000e-06 6.38280000e-04 -2.21070000e-04 1.93408000e-03 4.92960000e-04 8.69360000e-04 -2.33430000e-03 1.63670000e-04 -6.00460000e-04 5.36820000e-04 1.13290000e-04 3.16010000e-04 -1.42247000e-03 -5.71630000e-04 9.56300000e-05 1.95979000e-03 -9.73100000e-05 1.12857000e-03 2.34991000e-03 1.76312000e-03 -7.58700000e-04 3.71736000e-03 -8.41710000e-04 -6.81670000e-04 2.09000000e-04 -3.14520000e-04 4.71670000e-04 -2.20230000e-04 -4.44410000e-04 2.22934000e-03 9.90800000e-05 8.53440000e-04 4.83210000e-04 6.71670000e-04 -7.77920000e-04 2.17420000e-03 -2.38520000e-04 -7.59020000e-04 -1.82942000e-03 6.07770000e-04 -1.64160000e-04 2.72150000e-04 9.61040000e-04 2.60034000e-03 4.17990000e-04 5.55070000e-04 2.49901000e-03 1.34482000e-03 -1.13308000e-03 -4.97340000e-04 -1.32873000e-03 -4.75950000e-04 4.19270000e-04 4.19940000e-04 -1.17207000e-03 -2.26250000e-04 7.17760000e-04 -4.27010000e-04 -1.16032000e-03 -1.50420000e-04 2.45994000e-03 -1.33102000e-03 2.21690000e-04 -7.99050000e-04 7.66300000e-04 -1.11278000e-03 1.08433000e-03 4.36000000e-05 5.06400000e-05 9.52570000e-04 -3.79690000e-04
-3.37410000e-04 4.87880000e-04 5.80590000e-04 2.46500000e-05 4.44500000e-05 -4.24200000e-05 -2.69360000e-04 -3.67600000e-05 3.59700000e-05 6.89350000e-04 7.93970000e-04 -6.32400000e-05 -2.05030000e-04 4.06800000e-04 -4.41240000e-04 4.28560000e-04 4.04000000e-05 -2.96600000e-05 8.22840000e-04 -1.38120000e-04 2.50400000e-04 1.45650000e-04 1.23726500e-02 2.05210000e-04 -1.17120000e-04 -8.91650000e-04 6.75100000e-05 3.51510000e-04 -3.80810000e-04 -4.73500000e-05 -3.62040000e-04 1.20000000e-04 -4.89000000e-04 -5.71220000e-04 5.44200000e-05 6.72800000e-05 -4.39000000e-05 4.08910000e-04 -6.92200000e-05 -7.46600000e-05 -1.96940000e-04 7.39290000e-04 -7.27510000e-04 2.60610000e-04 1.16470000e-03 -3.62200000e-05 8.80670000e-04 -1.30690000e-04 -1.23990000e-04 4.95200000e-04 -3.57240000e-04 3.19790000e-04 -7.80300000e-04 3.81430000e-04 -3.21970000e-04 2.23600000e-05 4.52190000e-04 2.70010000e-04 -9.14240000e-04 -3.94520000e-04 3.37080000e-04 6.66480000e-04 1.15240000e-04 8.60590000e-04 8.53270000e-04 9.96960000e-04 -2.50870000e-04 1.77481000e-03 -4.47860000e-04 -3.28690000e-04 1.09740000e-04 2.64100000e-05 4.44550000e-04 -2.35700000e-05 -3.91660000e-04 8.13290000e-04 -3.32800000e-05 2.95030000e-04 2.27440000e-04 2.07400000e-05 -4.01970000e-04 1.26371000e-03 -1.62330000e-04 -4.68300000e-05 -5.98500000e-04 3.01130000e-04 3.56400000e-05 1.08600000e-04 8.34990000e-04 1.45562000e-03 3.81350000e-04 -2.32470000e-04 1.20680000e-03 1.33500000e-04 -5.80340000e-04 -1.27700000e-04 -3.25050000e-04 2.98240000e-04 6.30900000e-05 3.27050000e-04 -9.62600000e-04 -4.04200000e-04 4.44200000e-05 -3.14770000e-04 2.62100000e-05 -5.02000000e-04 5.46370000e-04 -2.09190000e-04 1.36250000e-04 -1.85850000e-04 1.80070000e-04 -4.07400000e-04 3.79190000e-04 2.02600000e-05 -9.40100000e-05 -2.45320000e-04 -8.69000000e-05
4.55200000e-05 1.52460000e-04 -1.80100000e-05 1.86360000e-04 7.20800000e-05 9.37000000e-05 1.44290000e-04 -4.25400000e-05 2.28860000e-04 1.14930000e-04 -3.12080000e-04 9.40800000e-05 1.96610000e-04 7.94400000e-05 1.44470000e-04 1.22240000e-04 2.14000000e-05 1.45180000e-04 1.26610000e-04 -1.01020000e-04 1.50590000e-04 -3.45200000e-05 2.05210000e-04 2.76961200e-02 1.03200000e-04 -3.38500000e-04 5.63000000e-06 1.96430000e-04 4.14100000e-05 1.52210000e-04 -9.67500000e-05 1.74530000e-04 -1.08190000e-04 1.73360000e-04 8.96600000e-05 6.60200000e-05 3.47170000e-04 2.33000000e-06 5.87600000e-05 -4.63500000e-05 8.20300000e-05 2.98450000e-04 2.09590000e-04 1.37050000e-04 4.69860000e-04 -3.71610000e-04 -2.98320000e-04 -1.82670000e-04 9.73100000e-05 -2.16450000e-04 -1.46250000e-04 -1.20500000e-05 -4.10300000e-05 2.14770000e-04 1.82310000e-04 4.64300000e-05 2.01560000e-04 1.26240000e-04 2.97000000e-05 1.23010000e-04 2.27380000e-04 -2.25500000e-04 -1.95600000e-05 3.97330000e-04 -2.15580000e-04 -1.44050000e-04 1.69410000e-04 -5.32130000e-04 1.64530000e-04 1.99980000e-04 -5.82500000e-05 2.13380000e-04 1.41760000e-04 1.05360000e-04 9.97300000e-05 -1.76670000e-04 1.89640000e-04 -3.11800000e-05 2.30700000e-05 -8.94000000e-06 1.80010000e-04 -5.67800000e-05 1.68400000e-05 1.25790000e-04 1.94070000e-04 8.77300000e-05 1.35900000e-05 3.67900000e-05 9.63300000e-05 -9.23400000e-05 1.44010000e-04 -1.77870000e-04 -2.31290000e-04 -2.42690000e-04 -1.00810000e-04 1.23070000e-04 3.29100000e-05 1.24960000e-04 -1.36750000e-04 7.60800000e-05 -8.47400000e-05 -2.32470000e-04 -5.04900000e-05 1.70380000e-04 2.73210000e-04 5.05000000e-06 -3.51460000e-04 2.45740000e-04 5.25100000e-05 1.69320000e-04 -4.93900000e-05 1.57340000e-04 -9.61100000e-05 7.08400000e-05 4.70000000e-07 -4.19880000e-04 2.23460000e-04
5.05310000e-04 -1.53420000e-04 -7.47820000e-04 2.38640000e-04 -5.16400000e-05 1.06824000e-03 4.31460000e-04 -1.44990000e-04 1.26400000e-04 -5.96550000e-04 -1.64975000e-03 4.63400000e-05 7.05600000e-04 -1.82690000e-04 8.09330000e-04 -1.23040000e-04 1.48960000e-04 3.58100000e-04 -6.82110000e-04 2.14770000e-04 2.35300000e-05 -3.40540000e-04 -1.17120000e-04 1.03200000e-04 1.90237800e-02 -4.49000000e-06 6.19600000e-05 -1.72300000e-04 4.67640000e-04 1.59830000e-04 1.30500000e-04 1.52190000e-04 3.47200000e-04 8.26770000e-04 6.90300000e-04 -1.75300000e-05 2.48010000e-04 -4.61810000e-04 1.76700000e-05 2.82930000e-04 4.01380000e-04 -1.28960000e-04 1.11794000e-03 -5.34300000e-05 -2.24050000e-04 -7.29790000e-04 -6.65520000e-04 -1.94770000e-04 3.28280000e-04 -1.14586000e-03 7.13100000e-05 -4.77770000e-04 1.35185000e-03 -1.48210000e-04 5.12030000e-04 -1.05480000e-04 -1.94100000e-04 -1.63270000e-04 1.18010000e-03 5.47590000e-04 -5.93000000e-05 -1.33694000e-03 -1.65800000e-04 -7.41640000e-04 -1.55288000e-03 -1.54606000e-03 6.36550000e-04 -2.90726000e-03 6.49570000e-04 6.60340000e-04 -8.17200000e-05 2.43830000e-04 -3.21530000e-04 2.43380000e-04 4.92040000e-04 -1.44808000e-03 8.11600000e-05 -4.73250000e-04 -2.21370000e-04 -2.34160000e-04 7.04120000e-04 -1.60356000e-03 2.17950000e-04 4.40940000e-04 1.22130000e-03 -2.99540000e-04 9.39000000e-05 -1.41990000e-04 -7.52510000e-04 -1.89886000e-03 -3.09950000e-04 -7.59100000e-05 -1.77630000e-03 -7.32620000e-04 7.99340000e-04 4.85630000e-04 8.52370000e-04 8.75900000e-05 -1.93510000e-04 -3.75510000e-04 1.12427000e-03 2.61210000e-04 -3.02490000e-04 5.29820000e-04 4.97890000e-04 4.78450000e-04 -1.52063000e-03 8.81860000e-04 -8.84400000e-05 6.42480000e-04 -3.83180000e-04 8.84820000e-04 -7.52990000e-04 9.20400000e-05 6.14600000e-05 -2.42450000e-04 4.01640000e-04
-1.05250000e-04 -1.06471000e-03 5.26900000e-05 -5.09240000e-04 2.23320000e-04 -3.65802000e-03 2.45530000e-04 7.20630000e-04 -6.71000000e-06 -1.02445000e-03 5.17700000e-05 4.21510000e-04 -6.95570000e-04 -1.01596000e-03 -4.23510000e-04 -1.05826000e-03 -3.32000000e-04 -3.67100000e-04 -9.66960000e-04 -5.20110000e-04 -8.26320000e-04 3.71910000e-04 -8.91650000e-04 -3.38500000e-04 -4.49000000e-06 1.23376580e-01 -2.34350000e-04 -4.95940000e-04 7.56730000e-04 -1.06640000e-04 1.54231000e-03 -7.59250000e-04 1.14156000e-03 6.45950000e-04 -2.43014000e-03 5.47460000e-04 4.22400000e-05 -6.55600000e-05 3.51120000e-04 -1.11027000e-03 2.96080000e-04 -1.94410000e-03 6.36470000e-04 -8.17350000e-04 -3.15761000e-03 2.27586000e-03 -3.04979000e-03 1.29092000e-03 1.22430000e-04 7.04650000e-04 1.54758000e-03 4.06810000e-04 -1.14683000e-03 -5.43680000e-04 1.16170000e-04 3.85280000e-04 -1.08112000e-03 -1.93960000e-04 4.38550000e-04 1.16480000e-04 -6.88670000e-04 8.66180000e-04 -3.88840000e-04 -1.55410000e-04 9.55560000e-04 -5.42570000e-04 -1.39010000e-04 -7.14800000e-05 1.93930000e-04 1.97700000e-04 -6.68700000e-05 -4.52820000e-04 -6.79740000e-04 -3.37230000e-04 5.61400000e-04 7.94000000e-04 2.21940000e-04 2.97170000e-04 4.56780000e-04 6.95880000e-04 1.65770000e-04 -4.30090000e-04 1.27820000e-04 -1.13027000e-03 -4.71860000e-04 1.39380000e-04 -2.66870000e-04 1.69300000e-04 -8.45770000e-04 -2.96210000e-04 -5.50520000e-04 1.35917000e-03 8.06300000e-05 1.04066000e-03 -4.28200000e-04 -2.63990000e-04 -9.11990000e-04 -1.35138000e-03 8.77600000e-05 -4.80510000e-04 6.98800000e-04 5.92100000e-04 6.28700000e-04 3.71200000e-05 -1.81108000e-03 9.79710000e-04 1.15416000e-03 -1.54686000e-03 -2.66780000e-04 -3.16400000e-04 1.31600000e-04 -3.36600000e-04 1.68000000e-04 -1.23470000e-04 2.33600000e-05 8.98440000e-04 -1.80510000e-04
-8.99000000e-05 1.76140000e-04 -4.00900000e-05 -4.87400000e-05 1.29500000e-05 1.52260000e-04 -8.79300000e-05 -1.47930000e-04 -2.61360000e-04 7.36200000e-05 -5.36800000e-05 -1.15130000e-04 2.04280000e-04 1.60250000e-04 6.70200000e-05 1.71190000e-04 1.93350000e-04 1.10340000e-04 5.82000000e-05 2.10720000e-04 6.20800000e-05 7.25300000e-05 6.75100000e-05 5.63000000e-06 6.19600000e-05 -2.34350000e-04 1.47499100e-02 -6.87000000e-06 -9.96500000e-05 -7.20300000e-05 -1.46960000e-04 -2.75200000e-05 -4.13700000e-05 -1.57280000e-04 2.46420000e-04 -1.07520000e-04 1.08600000e-05 -1.63000000e-06 -3.08500000e-05 2.07700000e-04 -3.83300000e-05 1.96220000e-04 -1.75000000e-04 5.83700000e-05 3.52770000e-04 -7.92900000e-05 4.33440000e-04 -1.33100000e-04 -1.89300000e-05 1.47040000e-04 -5.61600000e-05 -5.42800000e-05 3.62700000e-05 -1.18290000e-04 -3.80100000e-05 7.08000000e-06 -7.52000000e-06 -1.67100000e-05 -8.10000000e-05 -8.50100000e-05 -6.54700000e-05 -9.62800000e-05 1.37500000e-05 -1.90840000e-04 -4.89300000e-05 1.58760000e-04 1.74200000e-05 3.75200000e-05 -5.59700000e-05 -1.14840000e-04 2.98830000e-04 -1.54700000e-05 -3.06000000e-06 1.45070000e-04 -1.66630000e-04 1.05100000e-05 -8.14400000e-05 -4.16500000e-05 -1.13290000e-04 -4.46700000e-05 -1.83670000e-04 4.48500000e-05 -2.18500000e-05 2.00800000e-05 -5.02600000e-05 -7.03800000e-05 9.23300000e-05 -7.59200000e-05 3.06420000e-04 -6.49100000e-05 5.96000000e-06 -1.22240000e-04 1.92500000e-05 1.53120000e-04 6.72400000e-05 1.49290000e-04 2.50350000e-04 2.01600000e-05 2.69940000e-04 2.82000000e-05 -1.31020000e-04 3.64820000e-04 4.27600000e-05 1.46500000e-05 7.38000000e-05 -6.15900000e-05 8.80000000e-05 3.44100000e-05 1.57850000e-04 6.90400000e-05 1.37780000e-04 7.51300000e-05 -1.60000000e-05 4.55900000e-05 1.50440000e-04 3.18100000e-04 -1.30500000e-05
-4.75500000e-05 2.86480000e-04 8.28280000e-04 5.83400000e-05 2.11220000e-04 -7.22200000e-04 -9.62100000e-05 1.71540000e-04 2.10500000e-04 7.11910000e-04 9.36880000e-04 1.60550000e-04 -4.40340000e-04 2.19960000e-04 -4.91740000e-04 2.31350000e-04 -1.09140000e-04 -9.88700000e-05 9.92120000e-04 -3.50380000e-04 1.63440000e-04 3.25970000e-04 3.51510000e-04 1.96430000e-04 -1.72300000e-04 -4.95940000e-04 -6.87000000e-06 1.48926400e-02 -2.69550000e-04 4.46000000e-05 -7.25500000e-05 1.75480000e-04 -2.53910000e-04 -5.60740000e-04 -4.47190000e-04 2.48870000e-04 6.88400000e-05 5.73290000e-04 1.22180000e-04 -1.38830000e-04 -1.77020000e-04 4.60240000e-04 -8.08320000e-04 2.05680000e-04 7.22270000e-04 2.75140000e-04 4.87890000e-04 1.33630000e-04 -1.08950000e-04 8.93550000e-04 -8.81900000e-05 5.32980000e-04 -1.17902000e-03 4.28000000e-04 -2.85340000e-04 2.49380000e-04 4.98980000e-04 3.71850000e-04 -8.94970000e-04 -1.72490000e-04 3.96760000e-04 1.02018000e-03 1.25940000e-04 9.65700000e-04 1.19657000e-03 1.22951000e-03 -3.19070000e-04 2.21327000e-03 -3.95080000e-04 -3.05840000e-04 -5.86900000e-05 8.22500000e-05 5.31900000e-04 -1.13800000e-04 -2.65760000e-04 1.14459000e-03 1.76110000e-04 5.74350000e-04 2.91150000e-04 2.46750000e-04 -3.76080000e-04 1.61215000e-03 -1.37920000e-04 -5.78600000e-05 -9.29690000e-04 4.74720000e-04 -4.55200000e-05 2.68190000e-04 6.32200000e-04 1.80998000e-03 4.57700000e-04 9.50400000e-05 1.55270000e-03 3.99480000e-04 -5.86550000e-04 -2.64570000e-04 -6.16770000e-04 2.08240000e-04 6.69800000e-05 4.70100000e-04 -6.40390000e-04 -5.67880000e-04 2.87160000e-04 -1.62210000e-04 -1.14560000e-04 -2.50700000e-04 1.11109000e-03 -2.22790000e-04 1.54690000e-04 -3.40250000e-04 3.57390000e-04 -5.20230000e-04 6.80190000e-04 7.62800000e-05 1.93900000e-05 3.50500000e-05 -1.98000000e-06
8.61000000e-04 -7.17200000e-04 -8.94380000e-04 3.14700000e-04 1.85390000e-04 1.08880000e-04 8.46130000e-04 1.80240000e-04 3.81270000e-04 -1.05863000e-03 -2.28359000e-03 3.52020000e-04 4.33610000e-04 -7.00070000e-04 8.07360000e-04 -6.82470000e-04 -1.73590000e-04 2.86440000e-04 -1.26440000e-03 -3.44330000e-04 -2.70680000e-04 -2.86610000e-04 -3.80810000e-04 4.14100000e-05 4.67640000e-04 7.56730000e-04 -9.96500000e-05 -2.69550000e-04 1.40667200e-02 3.06100000e-04 1.08534000e-03 1.25110000e-04 1.06207000e-03 1.45139000e-03 -1.92720000e-04 3.30940000e-04 3.18470000e-04 -6.23230000e-04 1.96900000e-04 1.28840000e-04 7.66490000e-04 -1.03003000e-03 2.12117000e-03 -3.17510000e-04 -1.92842000e-03 -1.97720000e-04 -2.58376000e-03 2.99640000e-04 7.54390000e-04 -1.57062000e-03 8.52710000e-04 -3.66620000e-04 1.34672000e-03 -1.28320000e-04 7.84540000e-04 1.71340000e-04 -5.20950000e-04 -1.54360000e-04 1.97726000e-03 1.08291000e-03 -7.14600000e-05 -1.50684000e-03 -3.73970000e-04 -7.49780000e-04 -1.83652000e-03 -2.60258000e-03 8.54290000e-04 -4.24225000e-03 9.94780000e-04 1.11552000e-03 -5.94460000e-04 2.70700000e-04 -4.96070000e-04 2.48200000e-05 1.06011000e-03 -1.77478000e-03 3.59400000e-04 -4.05730000e-04 2.79300000e-05 -8.87900000e-05 1.25836000e-03 -2.55209000e-03 4.23230000e-04 3.33800000e-04 1.50467000e-03 -1.54660000e-04 -1.12000000e-04 2.09600000e-05 -1.78029000e-03 -2.63067000e-03 -5.07000000e-04 5.45970000e-04 -2.46810000e-03 -9.85970000e-04 9.93510000e-04 4.36530000e-04 5.57850000e-04 -3.39030000e-04 -6.30720000e-04 -6.46000000e-04 2.01756000e-03 -8.66400000e-05 -3.39180000e-04 8.42170000e-04 6.32400000e-05 1.22299000e-03 -1.72883000e-03 8.12310000e-04 -3.56680000e-04 7.13040000e-04 -5.06710000e-04 1.00204000e-03 -8.69230000e-04 1.62040000e-04 -1.80080000e-04 -1.07700000e-04 4.57630000e-04
3.79390000e-04 -1.28680000e-04 -3.16570000e-04 2.22330000e-04 3.32200000e-05 3.97810000e-04 3.41720000e-04 -1.18300000e-05 2.89730000e-04 -2.37060000e-04 -8.30270000e-04 1.22800000e-04 2.88140000e-04 -1.42260000e-04 4.02660000e-04 -1.06270000e-04 -7.59500000e-05 1.43880000e-04 -2.86870000e-04 -9.15900000e-05 8.54600000e-05 -1.79120000e-04 -4.73500000e-05 1.52210000e-04 1.59830000e-04 -1.06640000e-04 -7.20300000e-05 4.46000000e-05 3.06100000e-04 2.18991600e-02 1.04660000e-04 2.04810000e-04 2.08210000e-04 4.54410000e-04 1.44970000e-04 3.46200000e-05 2.55220000e-04 -2.15450000e-04 1.19010000e-04 2.99200000e-05 2.44210000e-04 -8.67500000e-05 6.46920000e-04 5.09000000e-05 -2.10780000e-04 -5.26340000e-04 -7.41480000e-04 -1.11130000e-04 1.96100000e-04 -6.75020000e-04 2.46100000e-05 -1.99270000e-04 5.58590000e-04 9.94700000e-05 3.58450000e-04 -3.56000000e-06 4.63100000e-05 3.15600000e-05 6.55460000e-04 4.60850000e-04 1.08920000e-04 -6.73820000e-04 -3.64000000e-06 -1.28820000e-04 -8.35570000e-04 -8.14150000e-04 3.62730000e-04 -1.58302000e-03 4.78600000e-04 3.82480000e-04 -2.94270000e-04 2.32290000e-04 -6.91500000e-05 4.09200000e-05 3.53710000e-04 -7.97810000e-04 2.11320000e-04 -1.55140000e-04 -8.63100000e-05 -1.05160000e-04 4.33630000e-04 -8.23910000e-04 1.60770000e-04 2.98200000e-04 5.64860000e-04 -3.97600000e-05 2.64400000e-05 7.39200000e-05 -6.12080000e-04 -9.42650000e-04 -5.12300000e-05 -1.61900000e-05 -9.77910000e-04 -5.23420000e-04 3.77140000e-04 1.67430000e-04 3.05400000e-04 6.67900000e-05 -3.17140000e-04 -1.36140000e-04 6.95180000e-04 -1.89260000e-04 -1.80080000e-04 3.59410000e-04 3.35260000e-04 3.19750000e-04 -8.37530000e-04 5.96950000e-04 -7.79800000e-05 3.06870000e-04 -2.23960000e-04 4.27300000e-04 -3.39730000e-04 7.84500000e-05 1.05000000e-06 -3.44420000e-04 2.91300000e-04
4.55220000e-04 -8.46310000e-04 2.54980000e-04 -5.27600000e-05 4.94620000e-04 -2.73064000e-03 5.57120000e-04 5.36440000e-04 3.23470000e-04 -5.72390000e-04 -7.62400000e-04 6.24570000e-04 -6.76490000e-04 -8.50320000e-04 -1.68830000e-04 -8.65140000e-04 -3.83630000e-04 -8.02300000e-05 -4.72880000e-04 -9.90160000e-04 -5.48800000e-04 3.86070000e-04 -3.62040000e-04 -9.67500000e-05 1.30500000e-04 1.54231000e-03 -1.46960000e-04 -7.25500000e-05 1.08534000e-03 1.04660000e-04 2.23012400e-02 -2.06620000e-04 1.23456000e-03 7.02100000e-04 -1.94726000e-03 8.60580000e-04 1.24890000e-04 5.96300000e-05 3.32970000e-04 -2.52030000e-04 5.08160000e-04 -1.42637000e-03 1.03782000e-03 -5.36060000e-04 -2.60451000e-03 1.52303000e-03 -2.84951000e-03 1.11669000e-03 5.67230000e-04 2.59200000e-04 1.52088000e-03 5.33530000e-04 -8.81340000e-04 -2.87900000e-05 2.04040000e-04 6.71100000e-04 -5.39250000e-04 1.46050000e-04 7.13330000e-04 5.43790000e-04 -7.28500000e-05 4.69790000e-04 -4.97250000e-04 2.32080000e-04 4.92270000e-04 -1.10858000e-03 1.06590000e-04 -6.52200000e-04 1.64730000e-04 5.33950000e-04 -4.97710000e-04 -1.03350000e-04 -1.53420000e-04 -2.89180000e-04 7.29130000e-04 3.95880000e-04 4.34420000e-04 4.55470000e-04 5.87600000e-04 5.89370000e-04 6.30310000e-04 -5.12490000e-04 2.18040000e-04 -4.67100000e-04 -2.07870000e-04 4.80980000e-04 -2.92260000e-04 3.51590000e-04 -1.07110000e-03 -1.28380000e-04 -1.99680000e-04 1.29658000e-03 -5.55200000e-05 2.98780000e-04 -1.05270000e-04 -1.01520000e-04 -8.63640000e-04 -9.04540000e-04 -2.91960000e-04 -3.74400000e-04 1.10544000e-03 -3.74260000e-04 3.47950000e-04 4.04040000e-04 -1.27719000e-03 1.16975000e-03 6.25450000e-04 -6.32610000e-04 -3.02830000e-04 -9.57600000e-05 1.38660000e-04 -9.29200000e-05 1.29690000e-04 1.08100000e-04 -2.43580000e-04 8.41930000e-04 2.56800000e-05
5.30940000e-04 1.18450000e-04 -2.37660000e-04 3.72060000e-04 -2.25700000e-05 1.37179000e-03 2.77580000e-04 -1.32130000e-04 2.44550000e-04 -8.49000000e-06 -8.34740000e-04 3.53000000e-06 4.11990000e-04 9.36500000e-05 3.91950000e-04 1.15920000e-04 -3.48000000e-06 1.91440000e-04 6.79100000e-05 2.02060000e-04 2.27260000e-04 -2.67700000e-04 1.20000000e-04 1.74530000e-04 1.52190000e-04 -7.59250000e-04 -2.75200000e-05 1.75480000e-04 1.25110000e-04 2.04810000e-04 -2.06620000e-04 1.97060000e-02 -1.09160000e-04 3.44950000e-04 9.10790000e-04 -9.16400000e-05 1.95810000e-04 -6.40100000e-05 1.94900000e-05 7.83000000e-05 1.56580000e-04 3.46150000e-04 4.40390000e-04 1.97950000e-04 5.68130000e-04 -9.27640000e-04 3.61110000e-04 -3.30650000e-04 1.48980000e-04 -7.63810000e-04 -3.13570000e-04 -2.26430000e-04 9.33950000e-04 2.02600000e-04 3.12730000e-04 -1.27750000e-04 3.25020000e-04 4.89200000e-05 5.91660000e-04 5.05300000e-04 2.70050000e-04 -7.61510000e-04 5.85300000e-05 -2.84460000e-04 -9.49020000e-04 -6.01410000e-04 3.70590000e-04 -1.34273000e-03 4.16620000e-04 3.66330000e-04 -2.53980000e-04 3.74890000e-04 8.14500000e-05 7.94400000e-05 2.16460000e-04 -8.72180000e-04 1.34660000e-04 -1.58590000e-04 -1.53440000e-04 -2.73260000e-04 3.88920000e-04 -4.53100000e-04 8.02100000e-05 6.48020000e-04 7.25220000e-04 -8.47500000e-05 5.13700000e-05 1.64200000e-05 -3.92850000e-04 -6.69270000e-04 2.92100000e-05 -2.39210000e-04 -7.57380000e-04 -7.18090000e-04 5.90420000e-04 1.76530000e-04 5.82430000e-04 4.02550000e-04 -2.57170000e-04 -3.16500000e-05 6.87400000e-04 -2.87190000e-04 -2.86640000e-04 3.29140000e-04 7.11260000e-04 8.69600000e-05 -1.03010000e-03 1.01312000e-03 -2.68900000e-05 3.58830000e-04 -2.63360000e-04 4.97550000e-04 -3.47250000e-04 9.00500000e-05 1.26100000e-05 -4.09880000e-04 3.37850000e-04
7.08050000e-04 -8.61600000e-04 -4.39720000e-04 -2.66000000e-06 3.19240000e-04 -1.46048000e-03 7.63750000e-04 2.41000000e-04 2.86680000e-04 -8.98630000e-04 -1.66459000e-03 4.74280000e-04 9.28600000e-05 -8.06930000e-04 7.09020000e-04 -7.79170000e-04 -2.09860000e-04 2.31680000e-04 -1.01133000e-03 -8.50360000e-04 -3.96750000e-04 5.25200000e-05 -4.89000000e-04 -1.08190000e-04 3.47200000e-04 1.14156000e-03 -4.13700000e-05 -2.53910000e-04 1.06207000e-03 2.08210000e-04 1.23456000e-03 -1.09160000e-04 1.14548910e-01 9.31280000e-04 -1.32747000e-03 5.54450000e-04 3.32010000e-04 -4.59590000e-04 3.72650000e-04 3.03840000e-04 6.13100000e-04 -1.28233000e-03 1.24334000e-03 -4.37810000e-04 -2.36951000e-03 4.88260000e-04 -2.98820000e-03 7.08210000e-04 5.19880000e-04 -4.91800000e-04 1.16807000e-03 -2.28200000e-05 1.85660000e-04 -3.61850000e-04 5.01380000e-04 4.22170000e-04 -6.97300000e-04 -1.32700000e-05 1.35595000e-03 7.69610000e-04 -2.54170000e-04 -6.81900000e-04 -4.66230000e-04 -3.37220000e-04 -8.77880000e-04 -1.93766000e-03 5.47570000e-04 -2.50629000e-03 5.89210000e-04 6.85840000e-04 -4.35160000e-04 -3.20000000e-05 -4.00580000e-04 -4.87800000e-05 8.27920000e-04 -8.22530000e-04 3.67860000e-04 4.51300000e-05 1.83700000e-05 2.75680000e-04 7.93560000e-04 -1.84999000e-03 4.17510000e-04 -1.07720000e-04 5.03970000e-04 1.23410000e-04 -1.52950000e-04 1.32580000e-04 -1.41012000e-03 -1.77603000e-03 -3.81010000e-04 9.61930000e-04 -1.50406000e-03 -9.86600000e-05 6.14420000e-04 3.87860000e-04 -4.56200000e-05 -5.83530000e-04 -2.23750000e-04 -5.27420000e-04 1.78657000e-03 1.05330000e-04 1.34400000e-04 8.71800000e-04 -4.66920000e-04 1.30339000e-03 -5.56140000e-04 2.43680000e-04 -1.64650000e-04 3.77480000e-04 -9.46000000e-06 6.11920000e-04 -4.73900000e-04 2.09770000e-04 2.67000000e-05 7.02720000e-04 3.44680000e-04
1.28714000e-03 -7.93640000e-04 -2.09029000e-03 7.05010000e-04 -1.26330000e-04 2.79131000e-03 1.16146000e-03 -2.42450000e-04 4.35120000e-04 -1.75460000e-03 -4.06141000e-03 2.38060000e-04 1.46101000e-03 -7.13260000e-04 1.82784000e-03 -6.87510000e-04 1.26520000e-04 6.59270000e-04 -2.24118000e-03 5.41270000e-04 -1.40800000e-04 -9.29130000e-04 -5.71220000e-04 1.73360000e-04 8.26770000e-04 6.45950000e-04 -1.57280000e-04 -5.60740000e-04 1.45139000e-03 4.54410000e-04 7.02100000e-04 3.44950000e-04 9.31280000e-04 2.77019800e-02 1.65819000e-03 -4.22800000e-05 5.69800000e-04 -1.34853000e-03 1.43700000e-05 3.20350000e-04 1.00060000e-03 -8.85550000e-04 3.52393000e-03 -2.64530000e-04 -1.50493000e-03 -1.49333000e-03 -2.06722000e-03 -3.40210000e-04 9.69740000e-04 -3.13784000e-03 3.65730000e-04 -1.25775000e-03 3.79792000e-03 -3.17710000e-04 1.40728000e-03 -2.24060000e-04 -6.45320000e-04 -5.86830000e-04 3.33968000e-03 1.53491000e-03 -1.82510000e-04 -3.29906000e-03 -4.12540000e-04 -1.92634000e-03 -3.95432000e-03 -4.28652000e-03 1.53423000e-03 -7.68646000e-03 1.69708000e-03 2.08363000e-03 -5.18630000e-04 5.89460000e-04 -9.18320000e-04 4.64800000e-04 1.60763000e-03 -3.76669000e-03 2.53990000e-04 -1.37245000e-03 -5.00490000e-04 -5.13920000e-04 2.29095000e-03 -4.54604000e-03 4.73590000e-04 1.06518000e-03 3.65193000e-03 -8.38470000e-04 1.08630000e-04 -3.74390000e-04 -2.19379000e-03 -5.05811000e-03 -8.61690000e-04 -8.35400000e-05 -4.82028000e-03 -2.04845000e-03 2.03055000e-03 9.28650000e-04 1.69464000e-03 -2.38500000e-05 -8.19210000e-04 -1.06046000e-03 2.81279000e-03 2.51090000e-04 -8.70850000e-04 1.28042000e-03 1.16529000e-03 1.28359000e-03 -4.01424000e-03 1.94730000e-03 -5.04020000e-04 1.43652000e-03 -1.17744000e-03 2.08756000e-03 -1.94566000e-03 1.03610000e-04 -1.48800000e-04 -9.48650000e-04 8.06730000e-04
1.09840000e-03 7.94910000e-04 -2.40152000e-03 1.09613000e-03 -9.96360000e-04 8.92607000e-03 1.97100000e-04 -1.36998000e-03 -6.99790000e-04 -8.53170000e-04 -3.49672000e-03 -9.68540000e-04 2.66868000e-03 8.44800000e-04 1.84780000e-03 8.56120000e-04 9.05670000e-04 7.46720000e-04 -1.00457000e-03 3.44012000e-03 7.61100000e-04 -1.61492000e-03 5.44200000e-05 8.96600000e-05 6.90300000e-04 -2.43014000e-03 2.46420000e-04 -4.47190000e-04 -1.92720000e-04 1.44970000e-04 -1.94726000e-03 9.10790000e-04 -1.32747000e-03 1.65819000e-03 5.20777200e-02 -1.62853000e-03 -2.37670000e-04 -1.04821000e-03 -7.56680000e-04 5.86560000e-04 2.74410000e-04 1.70032000e-03 2.23382000e-03 6.17130000e-04 3.45256000e-03 -3.88056000e-03 5.19323000e-03 -2.18367000e-03 2.38870000e-04 -3.81831000e-03 -2.03337000e-03 -2.12894000e-03 6.51433000e-03 -1.32470000e-04 9.89140000e-04 -1.41324000e-03 5.37180000e-04 -1.04235000e-03 2.71801000e-03 9.54540000e-04 4.65000000e-05 -4.13110000e-03 3.41490000e-04 -3.65829000e-03 -4.89602000e-03 -2.67245000e-03 1.40483000e-03 -6.45213000e-03 1.48778000e-03 1.37575000e-03 4.36730000e-04 1.00675000e-03 -6.69460000e-04 9.87960000e-04 3.85330000e-04 -4.60299000e-03 -6.78900000e-04 -2.19220000e-03 -1.24768000e-03 -1.74053000e-03 1.52020000e-03 -3.01625000e-03 -2.51300000e-05 2.54999000e-03 4.63133000e-03 -1.86748000e-03 6.74330000e-04 -9.91500000e-04 -5.69200000e-04 -4.51888000e-03 -7.09730000e-04 -2.12662000e-03 -4.33443000e-03 -2.82132000e-03 3.03957000e-03 9.34730000e-04 3.92923000e-03 1.58432000e-03 -1.62620000e-04 -7.59090000e-04 1.75100000e-03 1.11079000e-03 -1.58605000e-03 3.84060000e-04 3.16966000e-03 -6.88870000e-04 -5.50496000e-03 3.67941000e-03 -1.05360000e-04 1.69668000e-03 -1.52909000e-03 2.42225000e-03 -2.35283000e-03 -8.19200000e-05 2.70460000e-04 -1.74425000e-03 7.28210000e-04
1.58290000e-04 -3.08510000e-04 7.97030000e-04 -9.28900000e-05 3.97500000e-04 -2.28638000e-03 2.02420000e-04 4.22670000e-04 4.02840000e-04 1.38280000e-04 1.80770000e-04 4.88960000e-04 -7.15880000e-04 -3.79470000e-04 -3.03610000e-04 -3.33130000e-04 -2.42960000e-04 -7.21700000e-05 4.98500000e-04 -9.94900000e-04 -2.03170000e-04 4.31670000e-04 6.72800000e-05 6.60200000e-05 -1.75300000e-05 5.47460000e-04 -1.07520000e-04 2.48870000e-04 3.30940000e-04 3.46200000e-05 8.60580000e-04 -9.16400000e-05 5.54450000e-04 -4.22800000e-05 -1.62853000e-03 2.57932900e-02 1.51770000e-04 4.16630000e-04 2.24890000e-04 2.62000000e-05 1.31000000e-04 -4.32090000e-04 -1.62050000e-04 -2.17640000e-04 -8.64940000e-04 1.08427000e-03 -1.37160000e-03 7.70130000e-04 1.82790000e-04 8.78980000e-04 8.03480000e-04 7.04700000e-04 -1.53479000e-03 2.27940000e-04 -1.87730000e-04 5.51370000e-04 -1.52400000e-05 3.82480000e-04 -4.10590000e-04 -1.48300000e-05 1.78920000e-04 1.04171000e-03 -2.48150000e-04 9.21700000e-04 1.22844000e-03 2.31870000e-04 -1.93470000e-04 1.44471000e-03 -3.50120000e-04 8.50200000e-05 -2.50460000e-04 -1.12710000e-04 2.69260000e-04 -2.19420000e-04 1.90810000e-04 1.12189000e-03 3.00120000e-04 6.95610000e-04 5.40530000e-04 5.87600000e-04 8.06900000e-05 9.73140000e-04 9.19000000e-06 -4.24280000e-04 -8.60730000e-04 6.77980000e-04 -1.62950000e-04 4.02160000e-04 8.49000000e-06 1.35217000e-03 2.04620000e-04 8.13270000e-04 1.18058000e-03 5.01880000e-04 -6.49580000e-04 -1.87320000e-04 -1.05461000e-03 -3.27960000e-04 -7.77500000e-05 1.15790000e-04 6.86900000e-05 -6.69930000e-04 4.20360000e-04 9.79000000e-05 -8.72200000e-04 4.25710000e-04 1.18989000e-03 -6.22650000e-04 -9.69300000e-05 -3.00440000e-04 2.84710000e-04 -4.39740000e-04 5.19410000e-04 6.35400000e-05 -1.53030000e-04 4.41230000e-04 7.21000000e-06
3.54770000e-04 -1.34820000e-04 -3.20980000e-04 1.96770000e-04 1.03590000e-04 -1.09630000e-04 4.39290000e-04 2.64200000e-05 4.81130000e-04 -2.60070000e-04 -1.15445000e-03 1.97850000e-04 4.47320000e-04 -1.21690000e-04 7.10140000e-04 -9.09000000e-05 2.66200000e-05 3.53740000e-04 -2.81780000e-04 -4.10800000e-04 1.07930000e-04 -1.49550000e-04 -4.39000000e-05 3.47170000e-04 2.48010000e-04 4.22400000e-05 1.08600000e-05 6.88400000e-05 3.18470000e-04 2.55220000e-04 1.24890000e-04 1.95810000e-04 3.32010000e-04 5.69800000e-04 -2.37670000e-04 1.51770000e-04 2.06332600e-02 -2.63490000e-04 2.00300000e-04 9.81100000e-05 2.87800000e-04 -1.05410000e-04 4.67780000e-04 4.03500000e-05 -2.09900000e-04 -6.48480000e-04 -1.37520000e-03 -1.15920000e-04 1.92910000e-04 -4.40640000e-04 7.82300000e-05 -1.72250000e-04 2.14190000e-04 -9.92700000e-05 5.32830000e-04 7.25800000e-05 -5.72600000e-05 1.49170000e-04 5.69820000e-04 5.11950000e-04 6.28200000e-05 -8.42630000e-04 -7.60200000e-05 1.66200000e-05 -9.93790000e-04 -9.03130000e-04 4.89270000e-04 -1.88989000e-03 4.86100000e-04 4.94770000e-04 -1.17900000e-04 2.42770000e-04 -6.07500000e-05 1.80820000e-04 3.83840000e-04 -8.25530000e-04 3.32140000e-04 -6.20300000e-05 -2.49980000e-04 -5.87000000e-06 4.38550000e-04 -9.56410000e-04 2.32890000e-04 2.67280000e-04 5.03580000e-04 6.92200000e-05 5.65200000e-05 5.77500000e-05 -3.16270000e-04 -1.14902000e-03 -7.26000000e-06 1.92000000e-05 -1.11950000e-03 -4.05550000e-04 2.36190000e-04 3.78660000e-04 1.39340000e-04 4.12000000e-05 -1.52110000e-04 -1.96000000e-05 6.96410000e-04 -1.47810000e-04 -9.96800000e-05 6.04540000e-04 5.18430000e-04 4.01060000e-04 -7.43200000e-04 5.52770000e-04 -8.68000000e-06 3.77550000e-04 -1.44300000e-04 5.21010000e-04 -4.12630000e-04 7.29300000e-05 7.45000000e-05 -1.93380000e-04 3.64890000e-04
-3.93290000e-04 3.91270000e-04 1.71233000e-03 -2.20550000e-04 2.70710000e-04 -2.17485000e-03 -5.08870000e-04 3.03720000e-04 -1.09080000e-04 1.11868000e-03 2.15225000e-03 1.34680000e-04 -1.16967000e-03 2.86310000e-04 -1.35230000e-03 2.71490000e-04 -1.85670000e-04 -4.34170000e-04 1.81782000e-03 -3.18510000e-04 1.60700000e-05 7.06630000e-04 4.08910000e-04 2.33000000e-06 -4.61810000e-04 -6.55600000e-05 -1.63000000e-06 5.73290000e-04 -6.23230000e-04 -2.15450000e-04 5.96300000e-05 -6.40100000e-05 -4.59590000e-04 -1.34853000e-03 -1.04821000e-03 4.16630000e-04 -2.63490000e-04 2.21253400e-02 7.32400000e-05 -5.26430000e-04 -4.61870000e-04 4.44730000e-04 -1.87562000e-03 8.66400000e-05 8.33400000e-04 1.40624000e-03 1.42127000e-03 5.76610000e-04 -3.89480000e-04 2.16375000e-03 1.52880000e-04 1.13827000e-03 -2.51689000e-03 4.80850000e-04 -8.34350000e-04 3.76850000e-04 5.93240000e-04 4.98620000e-04 -1.94797000e-03 -6.78160000e-04 3.57800000e-04 2.47628000e-03 9.29400000e-05 1.27434000e-03 2.91400000e-03 2.55276000e-03 -9.32380000e-04 5.23044000e-03 -1.05037000e-03 -9.49790000e-04 1.57320000e-04 -1.78820000e-04 7.40490000e-04 -3.57250000e-04 -7.38500000e-04 2.73307000e-03 4.58700000e-05 1.15213000e-03 6.92250000e-04 5.37600000e-04 -1.04837000e-03 3.54287000e-03 -3.59390000e-04 -4.95300000e-04 -2.17116000e-03 7.91560000e-04 -1.33200000e-04 4.40750000e-04 1.30125000e-03 3.87620000e-03 6.09900000e-04 4.70210000e-04 3.59581000e-03 1.27212000e-03 -1.27281000e-03 -7.42610000e-04 -1.31641000e-03 -8.81500000e-05 4.25310000e-04 5.94950000e-04 -1.35947000e-03 -5.77660000e-04 6.86300000e-04 -7.42730000e-04 -1.08274000e-03 -5.79410000e-04 2.66418000e-03 -1.13930000e-03 1.88850000e-04 -9.38430000e-04 7.23700000e-04 -1.35751000e-03 1.31584000e-03 -4.46000000e-05 6.40000000e-07 7.34200000e-04 -3.84450000e-04
1.97040000e-04 -1.84410000e-04 1.82910000e-04 -7.04000000e-06 1.90610000e-04 -1.03836000e-03 2.24730000e-04 1.20790000e-04 2.18180000e-04 -1.45300000e-05 -1.28200000e-04 2.25830000e-04 -1.47940000e-04 -2.01080000e-04 1.35000000e-06 -1.74890000e-04 -1.49140000e-04 1.61000000e-06 5.68600000e-05 -4.25960000e-04 -6.24400000e-05 1.67150000e-04 -6.92200000e-05 5.87600000e-05 1.76700000e-05 3.51120000e-04 -3.08500000e-05 1.22180000e-04 1.96900000e-04 1.19010000e-04 3.32970000e-04 1.94900000e-05 3.72650000e-04 1.43700000e-05 -7.56680000e-04 2.24890000e-04 2.00300000e-04 7.32400000e-05 3.69873900e-02 -6.46600000e-05 1.24610000e-04 -2.82700000e-04 7.31000000e-06 -4.31900000e-05 -5.40360000e-04 2.50250000e-04 -9.55910000e-04 2.70060000e-04 5.82300000e-05 2.59780000e-04 3.32360000e-04 1.91380000e-04 -5.45790000e-04 4.50600000e-05 8.47100000e-05 2.30330000e-04 -2.85500000e-05 1.51920000e-04 5.71700000e-05 2.18920000e-04 5.24300000e-05 2.08690000e-04 -8.98500000e-05 2.89210000e-04 2.11430000e-04 -8.49900000e-05 4.04100000e-05 6.97100000e-05 1.14570000e-04 1.83700000e-05 -1.84740000e-04 2.74600000e-05 6.43600000e-05 -8.20100000e-05 1.45020000e-04 2.09360000e-04 2.39170000e-04 2.63820000e-04 8.98000000e-05 2.02280000e-04 1.24000000e-05 6.16400000e-05 9.23400000e-05 -1.05550000e-04 -3.42230000e-04 2.19120000e-04 -5.62700000e-05 1.82450000e-04 -2.82850000e-04 1.01230000e-04 6.40200000e-05 3.52400000e-04 1.10080000e-04 1.95430000e-04 -6.73600000e-05 -1.23500000e-05 -2.60280000e-04 -2.16810000e-04 -5.63300000e-05 -1.14200000e-05 3.38090000e-04 -1.31870000e-04 1.98120000e-04 2.21530000e-04 -2.84910000e-04 3.46670000e-04 3.02850000e-04 -3.00000000e-05 4.29400000e-05 -3.99400000e-05 1.69260000e-04 -3.94800000e-05 1.11100000e-04 1.08010000e-04 9.05600000e-05 2.62110000e-04 1.43020000e-04
4.31920000e-04 -1.04490000e-04 -6.22900000e-04 5.49700000e-05 7.54000000e-06 1.48673000e-03 2.99240000e-04 -1.39050000e-04 -1.21490000e-04 -3.22030000e-04 -8.84210000e-04 2.22000000e-05 7.35500000e-04 -4.70900000e-05 1.22738000e-03 1.94000000e-05 2.73250000e-04 3.73040000e-04 -4.42850000e-04 -8.27600000e-05 8.24200000e-05 -2.09400000e-04 -7.46600000e-05 -4.63500000e-05 2.82930000e-04 -1.11027000e-03 2.07700000e-04 -1.38830000e-04 1.28840000e-04 2.99200000e-05 -2.52030000e-04 7.83000000e-05 3.03840000e-04 3.20350000e-04 5.86560000e-04 2.62000000e-05 9.81100000e-05 -5.26430000e-04 -6.46600000e-05 2.21521400e-02 1.04480000e-04 2.41760000e-04 3.59870000e-04 8.10200000e-05 3.13360000e-04 -9.29120000e-04 -1.66850000e-04 -3.32670000e-04 1.73580000e-04 -7.51310000e-04 -1.63680000e-04 -4.68720000e-04 1.07226000e-03 -2.76460000e-04 1.01080000e-04 -3.10500000e-05 -1.92950000e-04 -1.21820000e-04 6.78900000e-04 1.74510000e-04 -9.11900000e-05 -1.16399000e-03 9.80000000e-06 -4.64410000e-04 -1.29729000e-03 -7.82790000e-04 4.73030000e-04 -1.84952000e-03 2.37970000e-04 3.34290000e-04 8.15200000e-05 3.10400000e-05 -1.81590000e-04 3.16370000e-04 1.93040000e-04 -1.15619000e-03 -1.09170000e-04 -3.68130000e-04 -5.05550000e-04 -1.86780000e-04 3.63100000e-04 -1.28561000e-03 1.73340000e-04 3.56330000e-04 7.40190000e-04 -2.48530000e-04 7.94400000e-05 -2.21360000e-04 -3.07410000e-04 -1.51987000e-03 -1.61550000e-04 -3.05980000e-04 -1.38523000e-03 -4.24960000e-04 7.03980000e-04 5.83200000e-04 7.73180000e-04 6.01600000e-04 1.05590000e-04 8.29900000e-05 7.17920000e-04 3.49660000e-04 -2.16740000e-04 5.87560000e-04 1.00291000e-03 2.61840000e-04 -1.00013000e-03 9.68090000e-04 1.31950000e-04 5.39150000e-04 -1.63030000e-04 7.75450000e-04 -4.07700000e-04 1.79180000e-04 2.49040000e-04 -1.89000000e-04 4.14720000e-04
6.56770000e-04 -3.65000000e-04 -7.23590000e-04 2.70980000e-04 3.01400000e-05 5.44950000e-04 6.03430000e-04 -2.89000000e-06 3.04170000e-04 -7.38270000e-04 -1.87330000e-03 1.90460000e-04 5.32150000e-04 -3.93350000e-04 7.21450000e-04 -3.33090000e-04 -2.59700000e-05 2.99000000e-04 -8.13100000e-04 -3.17900000e-05 -6.92400000e-05 -3.20490000e-04 -1.96940000e-04 8.20300000e-05 4.01380000e-04 2.96080000e-04 -3.83300000e-05 -1.77020000e-04 7.66490000e-04 2.44210000e-04 5.08160000e-04 1.56580000e-04 6.13100000e-04 1.00060000e-03 2.74410000e-04 1.31000000e-04 2.87800000e-04 -4.61870000e-04 1.24610000e-04 1.04480000e-04 1.72218000e-02 -4.74460000e-04 1.46801000e-03 -1.33130000e-04 -8.75660000e-04 -5.12940000e-04 -1.45169000e-03 3.05800000e-05 4.77820000e-04 -1.27801000e-03 3.82490000e-04 -3.91160000e-04 1.22803000e-03 -6.12400000e-05 6.04790000e-04 2.06000000e-06 -2.68360000e-04 -1.21360000e-04 1.42952000e-03 7.71120000e-04 -2.08800000e-05 -1.32046000e-03 -2.30350000e-04 -6.93200000e-04 -1.57849000e-03 -1.91338000e-03 7.10390000e-04 -3.28079000e-03 8.07060000e-04 7.84230000e-04 -3.46110000e-04 2.66650000e-04 -3.57750000e-04 1.19160000e-04 7.06140000e-04 -1.51803000e-03 2.19950000e-04 -3.83990000e-04 -5.10900000e-05 -1.71010000e-04 8.90820000e-04 -1.82557000e-03 3.06660000e-04 4.05940000e-04 1.21084000e-03 -1.98940000e-04 3.15100000e-05 -8.45000000e-06 -1.23339000e-03 -2.04838000e-03 -3.63480000e-04 2.10210000e-04 -1.93335000e-03 -8.53570000e-04 8.19270000e-04 4.01790000e-04 7.04490000e-04 -1.12870000e-04 -4.39970000e-04 -5.08370000e-04 1.50040000e-03 4.04700000e-05 -3.20180000e-04 5.82550000e-04 2.19220000e-04 7.65380000e-04 -1.57914000e-03 8.46980000e-04 -2.20950000e-04 6.42000000e-04 -4.44050000e-04 8.72170000e-04 -7.79580000e-04 1.11560000e-04 -4.12900000e-05 -2.41080000e-04 4.30250000e-04
-3.50140000e-04 1.04994000e-03 4.63430000e-04 1.76400000e-04 -2.59840000e-04 2.14839000e-03 -5.36150000e-04 -3.84820000e-04 -2.14330000e-04 9.89980000e-04 1.01921000e-03 -4.65730000e-04 3.89300000e-04 9.39310000e-04 -1.83380000e-04 1.02000000e-03 3.16490000e-04 8.18300000e-05 1.31863000e-03 6.85310000e-04 6.88620000e-04 -1.37600000e-04 7.39290000e-04 2.98450000e-04 -1.28960000e-04 -1.94410000e-03 1.96220000e-04 4.60240000e-04 -1.03003000e-03 -8.67500000e-05 -1.42637000e-03 3.46150000e-04 -1.28233000e-03 -8.85550000e-04 1.70032000e-03 -4.32090000e-04 -1.05410000e-04 4.44730000e-04 -2.82700000e-04 2.41760000e-04 -4.74460000e-04 2.19931900e-02 -1.24180000e-03 6.52970000e-04 3.22954000e-03 -1.12295000e-03 3.14624000e-03 -9.05610000e-04 -4.09220000e-04 2.17910000e-04 -1.30416000e-03 -2.66500000e-05 5.07200000e-05 4.65900000e-04 -4.29560000e-04 -3.61800000e-04 9.19800000e-04 2.14310000e-04 -1.20159000e-03 -6.09810000e-04 4.45120000e-04 2.60000000e-04 5.18960000e-04 4.78090000e-04 3.98750000e-04 1.67663000e-03 -2.10270000e-04 2.12469000e-03 -4.84760000e-04 -5.09390000e-04 4.22730000e-04 2.02910000e-04 5.48880000e-04 2.09200000e-04 -8.18540000e-04 4.20780000e-04 -2.83230000e-04 8.96000000e-06 -1.52040000e-04 -4.08570000e-04 -6.71050000e-04 1.79448000e-03 -2.95660000e-04 4.76070000e-04 -2.54140000e-04 1.44900000e-05 3.05770000e-04 -3.34300000e-05 1.47646000e-03 1.56825000e-03 5.11580000e-04 -1.06033000e-03 1.22138000e-03 -2.03010000e-04 -3.08020000e-04 -1.61000000e-05 4.48920000e-04 1.08331000e-03 2.69840000e-04 5.92020000e-04 -1.33651000e-03 -1.98940000e-04 -2.02030000e-04 -4.55740000e-04 1.06343000e-03 -1.20342000e-03 -6.70000000e-05 5.66910000e-04 3.09960000e-04 -1.48200000e-05 5.85700000e-05 -1.59520000e-04 2.56070000e-04 -4.38000000e-05 1.49680000e-04 -8.35420000e-04 5.59800000e-05
1.64984000e-03 -1.03851000e-03 -2.93884000e-03 9.42540000e-04 -1.63040000e-04 3.72667000e-03 1.55387000e-03 -3.12190000e-04 5.26650000e-04 -2.41042000e-03 -5.48473000e-03 2.50080000e-04 1.91650000e-03 -1.00712000e-03 2.24723000e-03 -9.33390000e-04 7.78900000e-05 7.87390000e-04 -3.15263000e-03 7.78430000e-04 -2.03470000e-04 -1.24945000e-03 -7.27510000e-04 2.09590000e-04 1.11794000e-03 6.36470000e-04 -1.75000000e-04 -8.08320000e-04 2.12117000e-03 6.46920000e-04 1.03782000e-03 4.40390000e-04 1.24334000e-03 3.52393000e-03 2.23382000e-03 -1.62050000e-04 4.67780000e-04 -1.87562000e-03 7.31000000e-06 3.59870000e-04 1.46801000e-03 -1.24180000e-03 4.24406100e-02 -3.34980000e-04 -2.18712000e-03 -2.03614000e-03 -3.11012000e-03 -5.43940000e-04 1.43304000e-03 -4.60705000e-03 5.73740000e-04 -1.77845000e-03 5.13539000e-03 -2.70070000e-04 1.90101000e-03 -2.97890000e-04 -8.60050000e-04 -8.34900000e-04 4.67234000e-03 2.12454000e-03 -2.00590000e-04 -4.61891000e-03 -5.28100000e-04 -2.64896000e-03 -5.49191000e-03 -5.94840000e-03 2.09587000e-03 -1.09314000e-02 2.45755000e-03 2.69460000e-03 -8.55480000e-04 8.22460000e-04 -1.30060000e-03 5.47380000e-04 2.16009000e-03 -5.30378000e-03 3.51210000e-04 -1.97398000e-03 -5.17800000e-04 -8.16780000e-04 3.02727000e-03 -6.39757000e-03 7.05130000e-04 1.38283000e-03 4.84204000e-03 -1.20744000e-03 1.30790000e-04 -4.69190000e-04 -3.41447000e-03 -7.08539000e-03 -1.23704000e-03 -1.70220000e-04 -6.79181000e-03 -3.01621000e-03 2.74006000e-03 1.17463000e-03 2.48228000e-03 -1.63680000e-04 -1.39150000e-03 -1.53746000e-03 3.82528000e-03 3.16730000e-04 -1.33492000e-03 1.58004000e-03 1.38909000e-03 1.83110000e-03 -5.59599000e-03 2.61128000e-03 -7.41360000e-04 1.98288000e-03 -1.66540000e-03 2.79053000e-03 -2.65237000e-03 1.83290000e-04 -2.78600000e-04 -1.47853000e-03 1.06720000e-03
-7.69300000e-05 3.64900000e-04 8.34600000e-05 1.19710000e-04 -8.06200000e-05 8.82490000e-04 -1.27950000e-04 -1.71500000e-04 7.96000000e-06 3.60370000e-04 2.98780000e-04 -1.61250000e-04 1.99810000e-04 3.50660000e-04 -1.10400000e-05 3.75370000e-04 6.74400000e-05 3.50600000e-05 3.81130000e-04 1.96590000e-04 3.23160000e-04 -8.27400000e-05 2.60610000e-04 1.37050000e-04 -5.34300000e-05 -8.17350000e-04 5.83700000e-05 2.05680000e-04 -3.17510000e-04 5.09000000e-05 -5.36060000e-04 1.97950000e-04 -4.37810000e-04 -2.64530000e-04 6.17130000e-04 -2.17640000e-04 4.03500000e-05 8.66400000e-05 -4.31900000e-05 8.10200000e-05 -1.33130000e-04 6.52970000e-04 -3.34980000e-04 7.71831000e-03 1.08903000e-03 -6.01800000e-04 9.20130000e-04 -4.06210000e-04 -1.16210000e-04 -8.22200000e-05 -5.11030000e-04 -7.39400000e-05 1.31680000e-04 2.24030000e-04 -6.58200000e-05 -1.38090000e-04 3.80070000e-04 1.14220000e-04 -3.07170000e-04 -7.89300000e-05 1.99990000e-04 -6.00400000e-05 2.82800000e-04 1.85030000e-04 -7.10000000e-05 4.94850000e-04 -9.90000000e-07 4.47540000e-04 -4.19900000e-05 -1.36660000e-04 4.67800000e-05 1.31970000e-04 2.07400000e-04 6.21400000e-05 -2.35440000e-04 -5.31500000e-05 -3.37300000e-05 -2.94300000e-05 -1.16270000e-04 -1.99520000e-04 -1.97630000e-04 4.05710000e-04 -5.76700000e-05 2.48310000e-04 -8.15000000e-06 1.55000000e-06 1.59880000e-04 5.36400000e-05 3.70300000e-04 3.16310000e-04 2.17610000e-04 -4.33680000e-04 1.72350000e-04 -2.19050000e-04 -2.37300000e-05 8.80000000e-07 2.21650000e-04 3.92130000e-04 -1.59700000e-05 2.00850000e-04 -3.83240000e-04 -1.50610000e-04 -1.45880000e-04 -9.19600000e-05 5.01160000e-04 -3.87110000e-04 -2.14890000e-04 3.54370000e-04 1.10450000e-04 3.79800000e-05 -1.54800000e-05 2.69000000e-06 3.15700000e-05 8.26000000e-06 5.68700000e-05 -4.01970000e-04 5.24400000e-05
-5.06080000e-04 1.83773000e-03 7.73650000e-04 3.19150000e-04 -5.29910000e-04 4.05441000e-03 -9.81120000e-04 -7.77670000e-04 -5.29730000e-04 1.62975000e-03 1.62367000e-03 -8.66250000e-04 7.61300000e-04 1.63136000e-03 -3.24310000e-04 1.78453000e-03 6.37300000e-04 1.21850000e-04 2.40383000e-03 1.66488000e-03 1.14948000e-03 -2.57680000e-04 1.16470000e-03 4.69860000e-04 -2.24050000e-04 -3.15761000e-03 3.52770000e-04 7.22270000e-04 -1.92842000e-03 -2.10780000e-04 -2.60451000e-03 5.68130000e-04 -2.36951000e-03 -1.50493000e-03 3.45256000e-03 -8.64940000e-04 -2.09900000e-04 8.33400000e-04 -5.40360000e-04 3.13360000e-04 -8.75660000e-04 3.22954000e-03 -2.18712000e-03 1.08903000e-03 4.52308400e-02 -1.93036000e-03 6.29421000e-03 -1.64128000e-03 -8.05990000e-04 4.99400000e-04 -2.32966000e-03 -1.27670000e-04 3.55630000e-04 7.23490000e-04 -7.57340000e-04 -6.75780000e-04 1.61374000e-03 2.27680000e-04 -2.05234000e-03 -1.08791000e-03 6.95180000e-04 4.51330000e-04 8.55320000e-04 3.51410000e-04 6.94460000e-04 3.00565000e-03 -4.04950000e-04 3.83885000e-03 -8.29170000e-04 -8.70960000e-04 9.12100000e-04 3.72180000e-04 8.82190000e-04 4.53560000e-04 -1.47632000e-03 7.31750000e-04 -5.73240000e-04 -7.02500000e-05 -3.23590000e-04 -7.05500000e-04 -1.15251000e-03 3.41726000e-03 -6.09150000e-04 9.48650000e-04 -3.06570000e-04 -1.37240000e-04 5.68180000e-04 -1.50380000e-04 2.69219000e-03 2.78208000e-03 8.09280000e-04 -1.90184000e-03 2.24047000e-03 -2.53060000e-04 -3.95110000e-04 -8.33900000e-05 9.77820000e-04 1.86313000e-03 6.35790000e-04 9.71320000e-04 -2.23379000e-03 -1.03870000e-04 -2.94960000e-04 -8.79490000e-04 1.83547000e-03 -2.18772000e-03 -1.39540000e-04 1.08897000e-03 5.47480000e-04 -4.96600000e-05 9.53000000e-05 -2.35740000e-04 3.87380000e-04 -1.32250000e-04 4.01630000e-04 -1.32454000e-03 1.21410000e-04
-1.16969000e-03 -3.55400000e-04 2.36461000e-03 -8.93130000e-04 6.54510000e-04 -6.38098000e-03 -7.01490000e-04 8.23240000e-04 -4.52830000e-04 8.82230000e-04 3.45191000e-03 5.67620000e-04 -2.45653000e-03 -3.68600000e-04 -2.27650000e-03 -4.95000000e-04 -4.31940000e-04 -8.93470000e-04 1.35695000e-03 -1.19732000e-03 -7.61380000e-04 1.50887000e-03 -3.62200000e-05 -3.71610000e-04 -7.29790000e-04 2.27586000e-03 -7.92900000e-05 2.75140000e-04 -1.97720000e-04 -5.26340000e-04 1.52303000e-03 -9.27640000e-04 4.88260000e-04 -1.49333000e-03 -3.88056000e-03 1.08427000e-03 -6.48480000e-04 1.40624000e-03 2.50250000e-04 -9.29120000e-04 -5.12940000e-04 -1.12295000e-03 -2.03614000e-03 -6.01800000e-04 -1.93036000e-03 3.84072800e-02 -7.44580000e-04 1.96143000e-03 -3.20830000e-04 3.93717000e-03 1.68581000e-03 1.95822000e-03 -4.73176000e-03 1.19780000e-04 -1.30393000e-03 1.08015000e-03 -3.10600000e-04 4.75710000e-04 -2.63422000e-03 -1.31633000e-03 -1.64560000e-04 4.44283000e-03 -3.48690000e-04 2.10298000e-03 5.25112000e-03 3.12237000e-03 -1.66486000e-03 7.76874000e-03 -1.81350000e-03 -1.25564000e-03 3.26300000e-04 -9.32240000e-04 5.68810000e-04 -6.86680000e-04 -6.66930000e-04 4.85301000e-03 6.95400000e-05 1.74237000e-03 1.35600000e-03 1.50213000e-03 -1.30863000e-03 4.16867000e-03 -4.48710000e-04 -2.00641000e-03 -3.59532000e-03 1.25863000e-03 -4.41200000e-04 5.99510000e-04 1.54450000e-03 5.28245000e-03 5.16230000e-04 1.74828000e-03 5.18956000e-03 2.99791000e-03 -2.44001000e-03 -1.19707000e-03 -3.12656000e-03 -1.47741000e-03 8.22740000e-04 4.19780000e-04 -2.18654000e-03 -2.58720000e-04 1.54768000e-03 -1.09501000e-03 -3.24843000e-03 -6.47100000e-05 5.10965000e-03 -3.58755000e-03 1.10600000e-04 -1.77238000e-03 1.43561000e-03 -2.45842000e-03 2.11156000e-03 -1.19160000e-04 -1.90590000e-04 2.13683000e-03 -1.07406000e-03
-7.28110000e-04 1.98445000e-03 1.23347000e-03 1.69510000e-04 -7.77890000e-04 5.20461000e-03 -1.75291000e-03 -1.22109000e-03 -1.76490000e-03 1.94973000e-03 2.69416000e-03 -1.20338000e-03 1.31000000e-04 2.00239000e-03 -1.28789000e-03 1.88472000e-03 9.07510000e-04 -3.74910000e-04 2.92139000e-03 3.53155000e-03 8.79910000e-04 -3.11000000e-06 8.80670000e-04 -2.98320000e-04 -6.65520000e-04 -3.04979000e-03 4.33440000e-04 4.87890000e-04 -2.58376000e-03 -7.41480000e-04 -2.84951000e-03 3.61110000e-04 -2.98820000e-03 -2.06722000e-03 5.19323000e-03 -1.37160000e-03 -1.37520000e-03 1.42127000e-03 -9.55910000e-04 -1.66850000e-04 -1.45169000e-03 3.14624000e-03 -3.11012000e-03 9.20130000e-04 6.29421000e-03 -7.44580000e-04 7.37519000e-02 -1.38453000e-03 -1.24611000e-03 1.85003000e-03 -2.43130000e-03 5.87700000e-05 1.13729000e-03 4.47950000e-04 -1.43452000e-03 -8.81740000e-04 1.71094000e-03 -3.11270000e-04 -2.60584000e-03 -1.65673000e-03 3.50150000e-04 1.82091000e-03 8.33230000e-04 -1.21214000e-03 2.15010000e-03 4.33835000e-03 -1.27118000e-03 7.34692000e-03 -1.64702000e-03 -1.39010000e-03 1.65218000e-03 7.54500000e-05 9.05470000e-04 4.49980000e-04 -2.01812000e-03 2.04291000e-03 -1.27727000e-03 -1.11000000e-05 -2.68230000e-04 -6.03110000e-04 -1.53929000e-03 5.33392000e-03 -1.17092000e-03 1.13887000e-03 -4.24350000e-04 -5.71150000e-04 6.33130000e-04 -4.45650000e-04 3.82589000e-03 4.61699000e-03 7.17340000e-04 -1.82048000e-03 4.33170000e-03 8.07990000e-04 -5.88000000e-05 -8.05890000e-04 9.44970000e-04 1.51639000e-03 1.57453000e-03 7.70620000e-04 -2.94765000e-03 6.90120000e-04 4.54900000e-05 -1.87897000e-03 1.02404000e-03 -3.00073000e-03 1.12105000e-03 4.10410000e-04 5.93910000e-04 -8.34980000e-04 3.99470000e-04 -1.06468000e-03 7.55890000e-04 -4.00620000e-04 4.68990000e-04 2.25640000e-04 -7.71820000e-04
-9.34900000e-05 -4.53020000e-04 1.01751000e-03 -3.21950000e-04 4.08400000e-04 -3.27633000e-03 3.54000000e-05 5.26240000e-04 9.76300000e-05 1.45360000e-04 8.60410000e-04 4.94770000e-04 -1.11975000e-03 -4.54440000e-04 -7.43990000e-04 -4.99990000e-04 -3.27380000e-04 -3.04160000e-04 4.28110000e-04 -9.36850000e-04 -4.51580000e-04 6.38280000e-04 -1.30690000e-04 -1.82670000e-04 -1.94770000e-04 1.29092000e-03 -1.33100000e-04 1.33630000e-04 2.99640000e-04 -1.11130000e-04 1.11669000e-03 -3.30650000e-04 7.08210000e-04 -3.40210000e-04 -2.18367000e-03 7.70130000e-04 -1.15920000e-04 5.76610000e-04 2.70060000e-04 -3.32670000e-04 3.05800000e-05 -9.05610000e-04 -5.43940000e-04 -4.06210000e-04 -1.64128000e-03 1.96143000e-03 -1.38453000e-03 2.21832000e-02 3.65900000e-05 1.52671000e-03 1.11258000e-03 9.41470000e-04 -2.03252000e-03 2.78500000e-05 -3.78350000e-04 5.93990000e-04 -2.63940000e-04 2.84810000e-04 -6.78810000e-04 -1.93970000e-04 -4.29600000e-05 1.75938000e-03 -3.42180000e-04 9.01450000e-04 2.02053000e-03 6.65090000e-04 -5.10260000e-04 2.61903000e-03 -5.55150000e-04 -2.85310000e-04 -1.58390000e-04 -3.43170000e-04 1.95740000e-04 -3.84330000e-04 5.32300000e-05 1.85941000e-03 2.19470000e-04 9.10690000e-04 6.75580000e-04 7.57500000e-04 -2.43970000e-04 1.36491000e-03 -3.53300000e-05 -7.96140000e-04 -1.44430000e-03 6.90120000e-04 -2.92500000e-04 3.73270000e-04 5.85600000e-05 1.89223000e-03 1.31330000e-04 1.19123000e-03 1.90440000e-03 1.17931000e-03 -8.18280000e-04 -4.25830000e-04 -1.41778000e-03 -7.51980000e-04 1.87650000e-04 2.58500000e-05 -1.32620000e-04 -3.01920000e-04 7.13980000e-04 -1.50580000e-04 -1.56799000e-03 4.52520000e-04 2.02008000e-03 -1.32685000e-03 -5.07900000e-05 -6.35240000e-04 5.60860000e-04 -8.62000000e-04 7.90220000e-04 3.33200000e-05 -1.19560000e-04 1.11339000e-03 -2.77240000e-04
5.39150000e-04 -3.26680000e-04 -5.91540000e-04 2.82010000e-04 9.68500000e-05 5.71990000e-04 5.09040000e-04 6.77400000e-05 2.18550000e-04 -5.86950000e-04 -1.48627000e-03 1.84050000e-04 3.77470000e-04 -3.32480000e-04 5.36220000e-04 -3.09630000e-04 -3.57700000e-05 2.42290000e-04 -7.10330000e-04 -9.28200000e-05 -8.04300000e-05 -2.21070000e-04 -1.23990000e-04 9.73100000e-05 3.28280000e-04 1.22430000e-04 -1.89300000e-05 -1.08950000e-04 7.54390000e-04 1.96100000e-04 5.67230000e-04 1.48980000e-04 5.19880000e-04 9.69740000e-04 2.38870000e-04 1.82790000e-04 1.92910000e-04 -3.89480000e-04 5.82300000e-05 1.73580000e-04 4.77820000e-04 -4.09220000e-04 1.43304000e-03 -1.16210000e-04 -8.05990000e-04 -3.20830000e-04 -1.24611000e-03 3.65900000e-05 1.09984700e-02 -1.11020000e-03 4.01470000e-04 -2.80160000e-04 1.03813000e-03 1.42800000e-05 4.86390000e-04 9.87600000e-05 -2.16610000e-04 -9.28800000e-05 1.22382000e-03 6.47570000e-04 4.65000000e-05 -1.06744000e-03 -1.76680000e-04 -4.68220000e-04 -1.26645000e-03 -1.60010000e-03 5.79850000e-04 -2.77078000e-03 5.96770000e-04 7.94400000e-04 -3.17240000e-04 2.34920000e-04 -2.48450000e-04 9.86900000e-05 6.48500000e-04 -1.22119000e-03 1.98590000e-04 -3.37080000e-04 1.79300000e-05 -1.13300000e-04 8.75680000e-04 -1.57321000e-03 2.29800000e-04 3.34660000e-04 1.13945000e-03 -1.20060000e-04 -2.04700000e-05 -1.35600000e-05 -9.56780000e-04 -1.63530000e-03 -2.68700000e-04 1.75760000e-04 -1.60316000e-03 -7.85570000e-04 6.36430000e-04 3.16540000e-04 4.58890000e-04 -3.65900000e-05 -4.19700000e-04 -3.36720000e-04 1.13985000e-03 -1.34140000e-04 -3.00640000e-04 5.01330000e-04 2.64260000e-04 6.59180000e-04 -1.24463000e-03 6.43780000e-04 -2.27250000e-04 5.16310000e-04 -3.67520000e-04 7.01840000e-04 -5.57060000e-04 9.60900000e-05 -1.43450000e-04 -2.66420000e-04 3.05900000e-04
-1.66168000e-03 4.94190000e-04 3.49124000e-03 -1.07094000e-03 6.58330000e-04 -6.59196000e-03 -1.34358000e-03 5.60930000e-04 -5.02800000e-04 2.29840000e-03 5.46723000e-03 3.72060000e-04 -2.77529000e-03 4.46600000e-04 -2.82108000e-03 3.44540000e-04 -2.14910000e-04 -9.46480000e-04 3.11824000e-03 -1.19752000e-03 -3.00180000e-04 1.93408000e-03 4.95200000e-04 -2.16450000e-04 -1.14586000e-03 7.04650000e-04 1.47040000e-04 8.93550000e-04 -1.57062000e-03 -6.75020000e-04 2.59200000e-04 -7.63810000e-04 -4.91800000e-04 -3.13784000e-03 -3.81831000e-03 8.78980000e-04 -4.40640000e-04 2.16375000e-03 2.59780000e-04 -7.51310000e-04 -1.27801000e-03 2.17910000e-04 -4.60705000e-03 -8.22200000e-05 4.99400000e-04 3.93717000e-03 1.85003000e-03 1.52671000e-03 -1.11020000e-03 2.59023000e-02 6.87480000e-04 2.41608000e-03 -6.46633000e-03 3.35530000e-04 -1.98362000e-03 1.11840000e-03 5.30310000e-04 8.96660000e-04 -4.78069000e-03 -2.15722000e-03 1.54890000e-04 5.87273000e-03 3.56200000e-05 3.08566000e-03 6.99654000e-03 5.97356000e-03 -2.42488000e-03 1.21751400e-02 -2.78513000e-03 -2.37107000e-03 9.18720000e-04 -1.01778000e-03 1.39721000e-03 -5.78270000e-04 -1.77021000e-03 6.66325000e-03 -5.92300000e-05 2.43192000e-03 1.12910000e-03 1.70720000e-03 -2.65338000e-03 7.06174000e-03 -8.41810000e-04 -2.02204000e-03 -5.39941000e-03 1.63627000e-03 -2.78530000e-04 6.99380000e-04 3.53552000e-03 8.14727000e-03 1.31082000e-03 1.17400000e-03 7.84067000e-03 4.03716000e-03 -3.36245000e-03 -1.48085000e-03 -3.71207000e-03 -9.05680000e-04 1.55831000e-03 1.36432000e-03 -3.99049000e-03 -4.41780000e-04 2.02500000e-03 -1.58744000e-03 -2.90396000e-03 -1.19385000e-03 7.13490000e-03 -3.88280000e-03 6.78130000e-04 -2.44959000e-03 2.19160000e-03 -3.35648000e-03 3.15160000e-03 -1.24360000e-04 2.19800000e-04 2.53167000e-03 -1.28927000e-03
2.79990000e-04 -7.46230000e-04 4.20080000e-04 -1.88790000e-04 4.70170000e-04 -3.03770000e-03 3.97640000e-04 4.49720000e-04 1.47620000e-04 -4.56780000e-04 -4.20090000e-04 5.48680000e-04 -7.01920000e-04 -7.57200000e-04 -2.40040000e-04 -7.50950000e-04 -3.03520000e-04 -1.08500000e-04 -2.74830000e-04 -8.93530000e-04 -5.11470000e-04 4.92960000e-04 -3.57240000e-04 -1.46250000e-04 7.13100000e-05 1.54758000e-03 -5.61600000e-05 -8.81900000e-05 8.52710000e-04 2.46100000e-05 1.52088000e-03 -3.13570000e-04 1.16807000e-03 3.65730000e-04 -2.03337000e-03 8.03480000e-04 7.82300000e-05 1.52880000e-04 3.32360000e-04 -1.63680000e-04 3.82490000e-04 -1.30416000e-03 5.73740000e-04 -5.11030000e-04 -2.32966000e-03 1.68581000e-03 -2.43130000e-03 1.11258000e-03 4.01470000e-04 6.87480000e-04 2.64820700e-02 6.01960000e-04 -1.22154000e-03 -1.14630000e-04 4.15900000e-05 6.79910000e-04 -5.32950000e-04 1.71110000e-04 3.55530000e-04 3.09200000e-04 -1.69550000e-04 7.76230000e-04 -4.42770000e-04 2.44930000e-04 8.73800000e-04 -6.37970000e-04 -4.85800000e-05 2.18220000e-04 -1.75100000e-05 2.65300000e-04 -2.85280000e-04 -2.17430000e-04 -1.29760000e-04 -2.61200000e-04 4.92040000e-04 7.70400000e-04 3.50980000e-04 5.53210000e-04 5.45530000e-04 6.53750000e-04 3.16210000e-04 -3.92300000e-05 1.68910000e-04 -6.05080000e-04 -6.03010000e-04 5.07640000e-04 -2.15820000e-04 3.75000000e-04 -7.35210000e-04 2.89040000e-04 -1.40090000e-04 1.27603000e-03 4.02100000e-04 6.54780000e-04 -2.66820000e-04 -1.28950000e-04 -9.19470000e-04 -9.49400000e-04 -3.84000000e-05 -3.25750000e-04 8.19180000e-04 -1.26750000e-04 4.93480000e-04 2.86200000e-04 -1.42460000e-03 1.01302000e-03 1.02437000e-03 -8.37870000e-04 -1.87630000e-04 -2.21600000e-04 3.22940000e-04 -2.55340000e-04 2.55320000e-04 8.91400000e-05 -1.02780000e-04 1.11531000e-03 -5.14100000e-05
-5.10840000e-04 1.12060000e-04 1.80769000e-03 -3.57260000e-04 4.28650000e-04 -3.40929000e-03 -4.07820000e-04 5.06830000e-04 2.04600000e-05 1.01128000e-03 2.29849000e-03 3.25960000e-04 -1.44125000e-03 4.15100000e-05 -1.38393000e-03 1.28900000e-05 -3.19280000e-04 -4.62930000e-04 1.55691000e-03 -9.51440000e-04 -1.45990000e-04 8.69360000e-04 3.19790000e-04 -1.20500000e-05 -4.77770000e-04 4.06810000e-04 -5.42800000e-05 5.32980000e-04 -3.66620000e-04 -1.99270000e-04 5.33530000e-04 -2.26430000e-04 -2.28200000e-05 -1.25775000e-03 -2.12894000e-03 7.04700000e-04 -1.72250000e-04 1.13827000e-03 1.91380000e-04 -4.68720000e-04 -3.91160000e-04 -2.66500000e-05 -1.77845000e-03 -7.39400000e-05 -1.27670000e-04 1.95822000e-03 5.87700000e-05 9.41470000e-04 -2.80160000e-04 2.41608000e-03 6.01960000e-04 1.94279900e-02 -3.16682000e-03 4.02250000e-04 -8.43000000e-04 6.11660000e-04 3.24930000e-04 5.99040000e-04 -1.98787000e-03 -7.12090000e-04 2.73700000e-04 2.76411000e-03 -1.92400000e-05 1.75335000e-03 3.25046000e-03 2.39913000e-03 -9.83280000e-04 5.34036000e-03 -1.14850000e-03 -9.04530000e-04 2.67600000e-05 -3.45520000e-04 7.13870000e-04 -4.66340000e-04 -5.91890000e-04 3.04792000e-03 1.68220000e-04 1.32830000e-03 8.14910000e-04 7.84120000e-04 -9.93750000e-04 3.27608000e-03 -2.75660000e-04 -8.83140000e-04 -2.47638000e-03 1.01911000e-03 -2.42950000e-04 5.44310000e-04 1.15590000e-03 3.90366000e-03 6.20790000e-04 8.44470000e-04 3.63656000e-03 1.54145000e-03 -1.56675000e-03 -7.35760000e-04 -1.86423000e-03 -3.76350000e-04 3.78210000e-04 5.80510000e-04 -1.38464000e-03 -7.02610000e-04 8.50030000e-04 -6.08610000e-04 -1.47106000e-03 -2.78390000e-04 3.10080000e-03 -1.63889000e-03 1.44510000e-04 -1.04880000e-03 8.73080000e-04 -1.51053000e-03 1.46029000e-03 -1.67200000e-05 -1.04160000e-04 9.47650000e-04 -4.58690000e-04
2.07447000e-03 -3.54580000e-04 -4.35127000e-03 1.34513000e-03 -1.03413000e-03 9.76905000e-03 1.30909000e-03 -1.26712000e-03 -1.81660000e-04 -2.69281000e-03 -6.72046000e-03 -6.56200000e-04 3.66050000e-03 -1.50150000e-04 3.59077000e-03 -1.45680000e-04 7.84220000e-04 1.22280000e-03 -3.63530000e-03 3.01007000e-03 3.92890000e-04 -2.33430000e-03 -7.80300000e-04 -4.10300000e-05 1.35185000e-03 -1.14683000e-03 3.62700000e-05 -1.17902000e-03 1.34672000e-03 5.58590000e-04 -8.81340000e-04 9.33950000e-04 1.85660000e-04 3.79792000e-03 6.51433000e-03 -1.53479000e-03 2.14190000e-04 -2.51689000e-03 -5.45790000e-04 1.07226000e-03 1.22803000e-03 5.07200000e-05 5.13539000e-03 1.31680000e-04 3.55630000e-04 -4.73176000e-03 1.13729000e-03 -2.03252000e-03 1.03813000e-03 -6.46633000e-03 -1.22154000e-03 -3.16682000e-03 5.17241200e-02 -7.81940000e-04 2.25056000e-03 -1.54337000e-03 -5.57750000e-04 -1.49664000e-03 5.78289000e-03 2.35190000e-03 -4.60550000e-04 -6.95676000e-03 -5.45900000e-05 -5.08429000e-03 -8.34476000e-03 -6.72046000e-03 2.70346000e-03 -1.35584300e-02 3.06741000e-03 2.85887000e-03 -3.01490000e-04 1.20062000e-03 -1.73553000e-03 1.11945000e-03 1.88905000e-03 -7.88438000e-03 -3.80280000e-04 -3.21323000e-03 -1.76183000e-03 -2.05570000e-03 3.24981000e-03 -7.92341000e-03 6.64480000e-04 2.92149000e-03 7.14496000e-03 -2.48223000e-03 6.15140000e-04 -1.21851000e-03 -3.26334000e-03 -9.58748000e-03 -1.63444000e-03 -1.70397000e-03 -8.97022000e-03 -4.25582000e-03 4.72427000e-03 1.80110000e-03 5.03485000e-03 1.15027000e-03 -9.61820000e-04 -1.76915000e-03 4.58854000e-03 1.52706000e-03 -2.20699000e-03 1.70868000e-03 3.72082000e-03 9.29160000e-04 -8.50712000e-03 4.85256000e-03 -5.69330000e-04 2.83937000e-03 -2.42069000e-03 4.12282000e-03 -3.93738000e-03 5.92300000e-05 1.19090000e-04 -2.09820000e-03 1.30663000e-03
-3.46700000e-05 2.47730000e-04 6.63690000e-04 1.53460000e-04 1.35220000e-04 -3.55290000e-04 -6.73200000e-05 1.10150000e-04 3.00350000e-04 5.59320000e-04 6.12120000e-04 1.36070000e-04 -4.34310000e-04 1.43040000e-04 -5.66200000e-04 1.85640000e-04 -1.92160000e-04 -1.76250000e-04 8.36910000e-04 -1.93150000e-04 1.94800000e-04 1.63670000e-04 3.81430000e-04 2.14770000e-04 -1.48210000e-04 -5.43680000e-04 -1.18290000e-04 4.28000000e-04 -1.28320000e-04 9.94700000e-05 -2.87900000e-05 2.02600000e-04 -3.61850000e-04 -3.17710000e-04 -1.32470000e-04 2.27940000e-04 -9.92700000e-05 4.80850000e-04 4.50600000e-05 -2.76460000e-04 -6.12400000e-05 4.65900000e-04 -2.70070000e-04 2.24030000e-04 7.23490000e-04 1.19780000e-04 4.47950000e-04 2.78500000e-05 1.42800000e-05 3.35530000e-04 -1.14630000e-04 4.02250000e-04 -7.81940000e-04 1.60092000e-02 -2.25450000e-04 1.53660000e-04 5.52770000e-04 3.09830000e-04 -6.22250000e-04 -9.66900000e-05 4.64450000e-04 7.56890000e-04 1.43620000e-04 8.35170000e-04 8.85720000e-04 7.77400000e-04 -2.19700000e-04 1.54458000e-03 -2.29020000e-04 -1.07550000e-04 -2.49550000e-04 1.55310000e-04 4.47560000e-04 -1.64800000e-04 -1.14980000e-04 7.50890000e-04 1.61430000e-04 3.68500000e-04 4.28370000e-04 1.27290000e-04 -1.06660000e-04 1.33349000e-03 -1.41350000e-04 3.21200000e-05 -5.21140000e-04 3.91610000e-04 2.57000000e-06 3.23770000e-04 2.93580000e-04 1.50613000e-03 3.74770000e-04 -1.68200000e-05 1.13705000e-03 -7.64800000e-05 -5.39860000e-04 -3.54990000e-04 -4.71550000e-04 1.44290000e-04 -2.93370000e-04 2.43430000e-04 -5.52180000e-04 -8.10290000e-04 3.14300000e-05 -2.91490000e-04 -1.90820000e-04 -2.62010000e-04 4.74090000e-04 -1.00750000e-04 -3.96400000e-05 -2.41020000e-04 4.54600000e-05 -4.48990000e-04 4.13650000e-04 1.47000000e-05 -1.70070000e-04 -4.72420000e-04 6.70000000e-07
8.11370000e-04 -3.57410000e-04 -1.33024000e-03 4.41090000e-04 -9.38400000e-05 1.68326000e-03 7.30000000e-04 -2.03870000e-04 3.18270000e-04 -9.83330000e-04 -2.50775000e-03 7.85800000e-05 1.03842000e-03 -3.40250000e-04 1.21249000e-03 -3.08000000e-04 7.69100000e-05 4.58470000e-04 -1.31339000e-03 3.04260000e-04 1.89900000e-05 -6.00460000e-04 -3.21970000e-04 1.82310000e-04 5.12030000e-04 1.16170000e-04 -3.80100000e-05 -2.85340000e-04 7.84540000e-04 3.58450000e-04 2.04040000e-04 3.12730000e-04 5.01380000e-04 1.40728000e-03 9.89140000e-04 -1.87730000e-04 5.32830000e-04 -8.34350000e-04 8.47100000e-05 1.01080000e-04 6.04790000e-04 -4.29560000e-04 1.90101000e-03 -6.58200000e-05 -7.57340000e-04 -1.30393000e-03 -1.43452000e-03 -3.78350000e-04 4.86390000e-04 -1.98362000e-03 4.15900000e-05 -8.43000000e-04 2.25056000e-03 -2.25450000e-04 2.42599500e-02 -2.28040000e-04 -2.95180000e-04 -2.86010000e-04 2.04252000e-03 1.07276000e-03 -9.01400000e-05 -2.23406000e-03 -1.91290000e-04 -1.18347000e-03 -2.67297000e-03 -2.55216000e-03 9.95850000e-04 -5.02611000e-03 1.22897000e-03 1.05033000e-03 -3.47750000e-04 4.53750000e-04 -5.39580000e-04 2.81630000e-04 8.76900000e-04 -2.49112000e-03 2.36440000e-04 -8.12630000e-04 -4.53890000e-04 -4.35950000e-04 1.16053000e-03 -2.88413000e-03 3.73970000e-04 7.37410000e-04 2.00629000e-03 -5.37490000e-04 7.68200000e-05 -2.12300000e-04 -1.48449000e-03 -3.32756000e-03 -4.85550000e-04 -1.73610000e-04 -3.13303000e-03 -1.28765000e-03 1.32772000e-03 6.41220000e-04 1.25238000e-03 1.39300000e-05 -4.96610000e-04 -5.96220000e-04 1.83717000e-03 2.66540000e-04 -5.53320000e-04 8.78590000e-04 8.80030000e-04 7.90550000e-04 -2.51121000e-03 1.41068000e-03 -1.96000000e-04 9.38770000e-04 -6.77630000e-04 1.34771000e-03 -1.21660000e-03 1.18830000e-04 3.65800000e-05 -5.24870000e-04 5.87560000e-04
-2.71000000e-06 -2.08830000e-04 7.12210000e-04 -1.25040000e-04 3.93410000e-04 -2.12015000e-03 8.26000000e-05 2.79590000e-04 1.50430000e-04 2.61590000e-04 5.33000000e-04 3.75940000e-04 -6.66750000e-04 -2.47730000e-04 -4.53990000e-04 -2.30680000e-04 -1.79660000e-04 -1.14290000e-04 4.60610000e-04 -7.20200000e-04 -2.00370000e-04 5.36820000e-04 2.23600000e-05 4.64300000e-05 -1.05480000e-04 3.85280000e-04 7.08000000e-06 2.49380000e-04 1.71340000e-04 -3.56000000e-06 6.71100000e-04 -1.27750000e-04 4.22170000e-04 -2.24060000e-04 -1.41324000e-03 5.51370000e-04 7.25800000e-05 3.76850000e-04 2.30330000e-04 -3.10500000e-05 2.06000000e-06 -3.61800000e-04 -2.97890000e-04 -1.38090000e-04 -6.75780000e-04 1.08015000e-03 -8.81740000e-04 5.93990000e-04 9.87600000e-05 1.11840000e-03 6.79910000e-04 6.11660000e-04 -1.54337000e-03 1.53660000e-04 -2.28040000e-04 1.26213800e-02 -9.56000000e-06 2.76610000e-04 -5.50720000e-04 -1.08060000e-04 1.24460000e-04 1.10579000e-03 -1.79190000e-04 7.98630000e-04 1.32013000e-03 6.15090000e-04 -3.14810000e-04 1.70232000e-03 -3.99320000e-04 -8.75500000e-05 -6.53600000e-05 -1.40420000e-04 2.95020000e-04 -1.34290000e-04 1.23000000e-05 1.24500000e-03 2.51790000e-04 5.98910000e-04 3.94920000e-04 5.79720000e-04 -1.23060000e-04 1.02328000e-03 -6.71100000e-05 -4.49530000e-04 -9.78870000e-04 5.27940000e-04 -1.44090000e-04 2.83920000e-04 2.43530000e-04 1.35242000e-03 2.52000000e-04 6.29990000e-04 1.24997000e-03 7.33430000e-04 -6.37660000e-04 -2.28660000e-04 -9.86010000e-04 -3.86980000e-04 1.02430000e-04 2.08880000e-04 -2.66440000e-04 -3.81430000e-04 4.95070000e-04 1.74200000e-05 -7.91820000e-04 3.01470000e-04 1.45555000e-03 -7.24510000e-04 5.29200000e-05 -4.06210000e-04 4.98240000e-04 -5.32800000e-04 6.49460000e-04 9.22100000e-05 -9.50000000e-07 6.41940000e-04 -8.26100000e-05
-3.28000000e-06 5.26090000e-04 7.35240000e-04 1.81950000e-04 2.90100000e-05 4.30970000e-04 -2.32430000e-04 -9.11000000e-05 1.16750000e-04 7.91960000e-04 7.93980000e-04 -6.24600000e-05 -2.26160000e-04 4.32700000e-04 -4.68710000e-04 4.69900000e-04 -3.99000000e-05 -1.17150000e-04 1.19417000e-03 1.83310000e-04 3.77890000e-04 1.13290000e-04 4.52190000e-04 2.01560000e-04 -1.94100000e-04 -1.08112000e-03 -7.52000000e-06 4.98980000e-04 -5.20950000e-04 4.63100000e-05 -5.39250000e-04 3.25020000e-04 -6.97300000e-04 -6.45320000e-04 5.37180000e-04 -1.52400000e-05 -5.72600000e-05 5.93240000e-04 -2.85500000e-05 -1.92950000e-04 -2.68360000e-04 9.19800000e-04 -8.60050000e-04 3.80070000e-04 1.61374000e-03 -3.10600000e-04 1.71094000e-03 -2.63940000e-04 -2.16610000e-04 5.30310000e-04 -5.32950000e-04 3.24930000e-04 -5.57750000e-04 5.52770000e-04 -2.95180000e-04 -9.56000000e-06 2.54018400e-02 3.23530000e-04 -8.61180000e-04 -1.79350000e-04 4.67560000e-04 7.28510000e-04 2.87020000e-04 5.70350000e-04 8.40290000e-04 1.27580000e-03 -2.91030000e-04 2.13447000e-03 -3.28680000e-04 -3.44120000e-04 -2.56200000e-05 2.11630000e-04 5.43810000e-04 -7.37900000e-05 -4.11900000e-04 7.78670000e-04 3.89800000e-05 3.77200000e-04 1.73120000e-04 -3.98600000e-05 -4.12630000e-04 1.81038000e-03 -2.10150000e-04 2.90800000e-04 -6.00220000e-04 3.02960000e-04 1.04140000e-04 2.57590000e-04 7.21060000e-04 1.77733000e-03 4.73620000e-04 -3.09650000e-04 1.43522000e-03 1.15600000e-05 -3.68960000e-04 -3.09450000e-04 -1.77800000e-04 4.40490000e-04 -3.60000000e-07 4.00850000e-04 -6.88850000e-04 -6.09080000e-04 3.73900000e-05 -3.13590000e-04 2.18740000e-04 -5.91320000e-04 5.21410000e-04 2.20930000e-04 1.22070000e-04 -2.59870000e-04 1.35990000e-04 -4.20080000e-04 4.42810000e-04 -1.59000000e-06 1.49600000e-05 -3.02240000e-04 6.68000000e-06
-1.16000000e-04 1.35180000e-04 8.62460000e-04 -7.84700000e-05 2.14340000e-04 -1.45857000e-03 -8.73000000e-05 2.27650000e-04 2.50580000e-04 5.30060000e-04 8.79930000e-04 1.50450000e-04 -5.08610000e-04 6.76000000e-05 -4.28330000e-04 1.16100000e-04 -1.79850000e-04 -1.04240000e-04 8.31560000e-04 -6.90410000e-04 1.50080000e-04 3.16010000e-04 2.70010000e-04 1.26240000e-04 -1.63270000e-04 -1.93960000e-04 -1.67100000e-05 3.71850000e-04 -1.54360000e-04 3.15600000e-05 1.46050000e-04 4.89200000e-05 -1.32700000e-05 -5.86830000e-04 -1.04235000e-03 3.82480000e-04 1.49170000e-04 4.98620000e-04 1.51920000e-04 -1.21820000e-04 -1.21360000e-04 2.14310000e-04 -8.34900000e-04 1.14220000e-04 2.27680000e-04 4.75710000e-04 -3.11270000e-04 2.84810000e-04 -9.28800000e-05 8.96660000e-04 1.71110000e-04 5.99040000e-04 -1.49664000e-03 3.09830000e-04 -2.86010000e-04 2.76610000e-04 3.23530000e-04 1.01093600e-02 -8.70610000e-04 -1.86190000e-04 2.46850000e-04 1.04171000e-03 1.47050000e-04 1.02441000e-03 1.21424000e-03 1.02028000e-03 -3.02240000e-04 2.14961000e-03 -4.09280000e-04 -3.65660000e-04 -1.36670000e-04 -5.19700000e-05 4.06880000e-04 -2.27680000e-04 -2.58350000e-04 1.15053000e-03 1.90250000e-04 6.65330000e-04 3.11280000e-04 2.71620000e-04 -4.42010000e-04 1.41237000e-03 -4.55500000e-05 -2.66540000e-04 -1.13334000e-03 6.17630000e-04 -3.64000000e-06 4.30930000e-04 4.11650000e-04 1.66905000e-03 4.04240000e-04 3.01290000e-04 1.43486000e-03 4.36610000e-04 -7.01910000e-04 -2.17110000e-04 -7.74990000e-04 2.08400000e-05 2.87500000e-05 3.34680000e-04 -4.74350000e-04 -5.70090000e-04 2.78610000e-04 -8.93100000e-05 -3.78090000e-04 -9.37700000e-05 1.14319000e-03 -4.36350000e-04 6.42100000e-05 -3.47600000e-04 3.47340000e-04 -5.38950000e-04 6.02150000e-04 1.80100000e-05 -4.79800000e-05 1.92750000e-04 -6.04900000e-05
2.06693000e-03 -1.02715000e-03 -3.13052000e-03 9.47610000e-04 -2.67240000e-04 4.44880000e-03 1.64219000e-03 -4.88600000e-04 4.06570000e-04 -2.54028000e-03 -5.93591000e-03 8.75500000e-05 2.31139000e-03 -9.40990000e-04 2.76138000e-03 -8.80370000e-04 1.55140000e-04 9.15410000e-04 -3.16989000e-03 1.01537000e-03 -1.22120000e-04 -1.42247000e-03 -9.14240000e-04 2.97000000e-05 1.18010000e-03 4.38550000e-04 -8.10000000e-05 -8.94970000e-04 1.97726000e-03 6.55460000e-04 7.13330000e-04 5.91660000e-04 1.35595000e-03 3.33968000e-03 2.71801000e-03 -4.10590000e-04 5.69820000e-04 -1.94797000e-03 5.71700000e-05 6.78900000e-04 1.42952000e-03 -1.20159000e-03 4.67234000e-03 -3.07170000e-04 -2.05234000e-03 -2.63422000e-03 -2.60584000e-03 -6.78810000e-04 1.22382000e-03 -4.78069000e-03 3.55530000e-04 -1.98787000e-03 5.78289000e-03 -6.22250000e-04 2.04252000e-03 -5.50720000e-04 -8.61180000e-04 -8.70610000e-04 4.52201600e-02 2.44556000e-03 -3.72530000e-04 -5.12644000e-03 -4.95320000e-04 -3.38397000e-03 -6.18174000e-03 -6.17512000e-03 2.27115000e-03 -1.14441600e-02 2.72028000e-03 2.49904000e-03 -8.29020000e-04 8.98030000e-04 -1.44070000e-03 5.55300000e-04 2.06439000e-03 -5.85446000e-03 2.85240000e-04 -1.96791000e-03 -9.61580000e-04 -1.08352000e-03 2.81656000e-03 -6.70505000e-03 8.30630000e-04 1.76861000e-03 4.92928000e-03 -1.38764000e-03 1.74020000e-04 -5.38020000e-04 -3.73196000e-03 -7.74638000e-03 -1.37033000e-03 -1.92200000e-04 -7.20615000e-03 -3.03102000e-03 3.46513000e-03 1.40128000e-03 3.13567000e-03 3.92300000e-05 -1.11131000e-03 -1.62124000e-03 4.67589000e-03 7.84880000e-04 -1.35222000e-03 1.92142000e-03 1.81356000e-03 1.92681000e-03 -6.00452000e-03 3.36127000e-03 -5.82830000e-04 2.17145000e-03 -1.65667000e-03 3.15932000e-03 -2.93204000e-03 2.54450000e-04 2.72200000e-05 -9.42600000e-04 1.25837000e-03
1.38254000e-03 -5.30990000e-04 -1.18399000e-03 6.01230000e-04 6.15800000e-05 1.61122000e-03 1.00348000e-03 -9.63600000e-05 4.85320000e-04 -1.05569000e-03 -2.93780000e-03 2.13510000e-04 9.57350000e-04 -5.23620000e-04 1.21716000e-03 -4.82360000e-04 -1.10850000e-04 4.32820000e-04 -1.12410000e-03 1.63280000e-04 -2.20500000e-05 -5.71630000e-04 -3.94520000e-04 1.23010000e-04 5.47590000e-04 1.16480000e-04 -8.50100000e-05 -1.72490000e-04 1.08291000e-03 4.60850000e-04 5.43790000e-04 5.05300000e-04 7.69610000e-04 1.53491000e-03 9.54540000e-04 -1.48300000e-05 5.11950000e-04 -6.78160000e-04 2.18920000e-04 1.74510000e-04 7.71120000e-04 -6.09810000e-04 2.12454000e-03 -7.89300000e-05 -1.08791000e-03 -1.31633000e-03 -1.65673000e-03 -1.93970000e-04 6.47570000e-04 -2.15722000e-03 3.09200000e-04 -7.12090000e-04 2.35190000e-03 -9.66900000e-05 1.07276000e-03 -1.08060000e-04 -1.79350000e-04 -1.86190000e-04 2.44556000e-03 4.25662100e-02 6.12600000e-05 -2.29201000e-03 -2.34290000e-04 -1.40962000e-03 -2.83073000e-03 -2.88282000e-03 1.14212000e-03 -5.33034000e-03 1.45001000e-03 1.20585000e-03 -6.88350000e-04 6.20720000e-04 -4.84200000e-04 1.27130000e-04 1.07731000e-03 -2.65221000e-03 4.15640000e-04 -5.96420000e-04 -3.52070000e-04 -4.46250000e-04 1.33609000e-03 -2.80602000e-03 4.58830000e-04 1.01888000e-03 2.04393000e-03 -4.04200000e-04 -1.46000000e-06 -2.49100000e-05 -2.08361000e-03 -3.34307000e-03 -5.16050000e-04 1.52600000e-04 -3.15176000e-03 -1.52008000e-03 1.70084000e-03 5.74590000e-04 1.37998000e-03 3.80900000e-05 -6.85030000e-04 -6.66930000e-04 2.70569000e-03 -2.79000000e-05 -5.73880000e-04 1.10324000e-03 8.25660000e-04 1.15025000e-03 -2.64694000e-03 1.93209000e-03 -2.73420000e-04 1.00731000e-03 -7.27250000e-04 1.48305000e-03 -1.22282000e-03 2.16050000e-04 5.10400000e-05 -3.03080000e-04 7.85750000e-04
1.48620000e-04 2.24850000e-04 4.56150000e-04 2.06880000e-04 1.38810000e-04 4.81800000e-05 4.79300000e-05 8.80900000e-05 2.98280000e-04 4.70240000e-04 2.64210000e-04 1.26130000e-04 -2.07890000e-04 1.47600000e-04 -2.86160000e-04 1.72040000e-04 -1.24080000e-04 -2.77600000e-05 6.92720000e-04 -2.20440000e-04 1.58130000e-04 9.56300000e-05 3.37080000e-04 2.27380000e-04 -5.93000000e-05 -6.88670000e-04 -6.54700000e-05 3.96760000e-04 -7.14600000e-05 1.08920000e-04 -7.28500000e-05 2.70050000e-04 -2.54170000e-04 -1.82510000e-04 4.65000000e-05 1.78920000e-04 6.28200000e-05 3.57800000e-04 5.24300000e-05 -9.11900000e-05 -2.08800000e-05 4.45120000e-04 -2.00590000e-04 1.99990000e-04 6.95180000e-04 -1.64560000e-04 3.50150000e-04 -4.29600000e-05 4.65000000e-05 1.54890000e-04 -1.69550000e-04 2.73700000e-04 -4.60550000e-04 4.64450000e-04 -9.01400000e-05 1.24460000e-04 4.67560000e-04 2.46850000e-04 -3.72530000e-04 6.12600000e-05 1.52490700e-02 3.70500000e-04 4.76800000e-05 6.32130000e-04 4.34900000e-04 4.70180000e-04 -6.46600000e-05 8.21330000e-04 -1.13510000e-04 6.55000000e-06 -2.18670000e-04 2.06280000e-04 4.06680000e-04 -7.51800000e-05 -5.01600000e-05 3.98640000e-04 1.73190000e-04 2.85980000e-04 2.43030000e-04 6.09900000e-05 -7.28000000e-06 8.81860000e-04 -8.46900000e-05 1.90650000e-04 -2.75900000e-04 2.89900000e-04 -6.19400000e-05 1.71160000e-04 2.02700000e-04 9.82350000e-04 3.02770000e-04 -4.91600000e-05 7.22310000e-04 -1.68990000e-04 -2.51340000e-04 -1.63160000e-04 -2.41990000e-04 2.85350000e-04 -2.12700000e-04 2.72050000e-04 -2.24790000e-04 -6.71800000e-04 -2.80000000e-07 -6.24100000e-05 1.30760000e-04 -1.42370000e-04 2.34090000e-04 2.18430000e-04 1.67400000e-05 -8.42100000e-05 4.19500000e-05 -1.88740000e-04 2.98570000e-04 7.54200000e-05 -9.31000000e-05 -3.50860000e-04 1.24000000e-04
-1.83545000e-03 5.07510000e-04 3.94456000e-03 -1.04403000e-03 6.74310000e-04 -6.95148000e-03 -1.47226000e-03 8.33330000e-04 -4.23880000e-04 2.50028000e-03 6.24859000e-03 3.94650000e-04 -3.27827000e-03 4.29780000e-04 -3.43143000e-03 3.08620000e-04 -5.24120000e-04 -1.27496000e-03 3.45595000e-03 -1.41154000e-03 -2.89310000e-04 1.95979000e-03 6.66480000e-04 -2.25500000e-04 -1.33694000e-03 8.66180000e-04 -9.62800000e-05 1.02018000e-03 -1.50684000e-03 -6.73820000e-04 4.69790000e-04 -7.61510000e-04 -6.81900000e-04 -3.29906000e-03 -4.13110000e-03 1.04171000e-03 -8.42630000e-04 2.47628000e-03 2.08690000e-04 -1.16399000e-03 -1.32046000e-03 2.60000000e-04 -4.61891000e-03 -6.00400000e-05 4.51330000e-04 4.44283000e-03 1.82091000e-03 1.75938000e-03 -1.06744000e-03 5.87273000e-03 7.76230000e-04 2.76411000e-03 -6.95676000e-03 7.56890000e-04 -2.23406000e-03 1.10579000e-03 7.28510000e-04 1.04171000e-03 -5.12644000e-03 -2.29201000e-03 3.70500000e-04 3.47476300e-02 1.71570000e-04 3.73951000e-03 7.77693000e-03 6.38710000e-03 -2.64761000e-03 1.33936200e-02 -2.97341000e-03 -2.49660000e-03 5.34550000e-04 -1.03846000e-03 1.54965000e-03 -9.32720000e-04 -1.80401000e-03 7.26190000e-03 -3.30300000e-05 2.67342000e-03 1.59966000e-03 1.70299000e-03 -2.71869000e-03 7.83871000e-03 -8.91030000e-04 -2.21509000e-03 -5.73425000e-03 1.90804000e-03 -3.95210000e-04 9.43470000e-04 3.43327000e-03 9.22242000e-03 1.42446000e-03 1.33441000e-03 8.66784000e-03 3.91347000e-03 -3.78792000e-03 -1.87966000e-03 -4.18623000e-03 -8.63180000e-04 1.19176000e-03 1.40647000e-03 -4.34451000e-03 -1.06111000e-03 1.95191000e-03 -1.94654000e-03 -3.27344000e-03 -1.36508000e-03 7.36308000e-03 -4.23478000e-03 4.74730000e-04 -2.68837000e-03 2.07580000e-03 -3.79811000e-03 3.42566000e-03 -1.95820000e-04 -1.18860000e-04 2.01330000e-03 -1.42977000e-03
-2.39670000e-04 2.87450000e-04 1.62840000e-04 -1.80600000e-05 -1.77580000e-04 7.80540000e-04 -2.86300000e-04 8.49300000e-05 -7.89700000e-05 2.84120000e-04 9.50450000e-04 -2.59460000e-04 6.24500000e-05 3.24690000e-04 -1.07660000e-04 3.37670000e-04 1.56600000e-05 -8.82300000e-05 3.19620000e-04 1.44890000e-04 3.41870000e-04 -9.73100000e-05 1.15240000e-04 -1.95600000e-05 -1.65800000e-04 -3.88840000e-04 1.37500000e-05 1.25940000e-04 -3.73970000e-04 -3.64000000e-06 -4.97250000e-04 5.85300000e-05 -4.66230000e-04 -4.12540000e-04 3.41490000e-04 -2.48150000e-04 -7.60200000e-05 9.29400000e-05 -8.98500000e-05 9.80000000e-06 -2.30350000e-04 5.18960000e-04 -5.28100000e-04 2.82800000e-04 8.55320000e-04 -3.48690000e-04 8.33230000e-04 -3.42180000e-04 -1.76680000e-04 3.56200000e-05 -4.42770000e-04 -1.92400000e-05 -5.45900000e-05 1.43620000e-04 -1.91290000e-04 -1.79190000e-04 2.87020000e-04 1.47050000e-04 -4.95320000e-04 -2.34290000e-04 4.76800000e-05 1.71570000e-04 8.99127000e-03 1.50330000e-04 1.53600000e-04 9.32600000e-04 -1.36420000e-04 9.74240000e-04 -1.45700000e-04 -3.05510000e-04 3.76400000e-05 -1.71700000e-05 9.83800000e-05 -5.59700000e-05 -3.38610000e-04 1.22920000e-04 -1.05410000e-04 2.80500000e-05 -1.08240000e-04 -1.91300000e-04 -3.61160000e-04 5.30590000e-04 -3.63800000e-05 6.05700000e-05 -2.66590000e-04 4.74900000e-05 2.08620000e-04 1.72730000e-04 3.48780000e-04 5.00910000e-04 1.91060000e-04 -3.80540000e-04 3.48920000e-04 -1.15210000e-04 -1.94000000e-04 -1.28100000e-04 5.88600000e-05 5.01050000e-04 -1.13500000e-05 3.73480000e-04 -5.00290000e-04 -1.28740000e-04 -1.54410000e-04 -2.63570000e-04 5.33790000e-04 -4.86240000e-04 2.04190000e-04 4.40900000e-05 -3.13000000e-06 -1.16050000e-04 -3.14400000e-05 -1.55310000e-04 2.98990000e-04 -1.38420000e-04 9.68000000e-06 -4.72740000e-04 -1.38160000e-04
-1.38618000e-03 4.18610000e-04 2.38173000e-03 -5.34130000e-04 5.82820000e-04 -4.76340000e-03 -6.50710000e-04 7.94360000e-04 5.04420000e-04 1.82986000e-03 4.05084000e-03 4.43690000e-04 -1.93230000e-03 3.01080000e-04 -1.86300000e-03 2.90920000e-04 -5.36470000e-04 -5.92930000e-04 2.00432000e-03 -2.19992000e-03 4.22100000e-05 1.12857000e-03 8.60590000e-04 3.97330000e-04 -7.41640000e-04 -1.55410000e-04 -1.90840000e-04 9.65700000e-04 -7.49780000e-04 -1.28820000e-04 2.32080000e-04 -2.84460000e-04 -3.37220000e-04 -1.92634000e-03 -3.65829000e-03 9.21700000e-04 1.66200000e-05 1.27434000e-03 2.89210000e-04 -4.64410000e-04 -6.93200000e-04 4.78090000e-04 -2.64896000e-03 1.85030000e-04 3.51410000e-04 2.10298000e-03 -1.21214000e-03 9.01450000e-04 -4.68220000e-04 3.08566000e-03 2.44930000e-04 1.75335000e-03 -5.08429000e-03 8.35170000e-04 -1.18347000e-03 7.98630000e-04 5.70350000e-04 1.02441000e-03 -3.38397000e-03 -1.40962000e-03 6.32130000e-04 3.73951000e-03 1.50330000e-04 1.57479100e-02 4.50341000e-03 3.71977000e-03 -1.37688000e-03 7.30008000e-03 -1.72738000e-03 -1.36347000e-03 -1.47680000e-04 -5.21740000e-04 1.24350000e-03 -6.32770000e-04 -9.43940000e-04 4.24138000e-03 3.35060000e-04 1.69624000e-03 1.03721000e-03 1.04531000e-03 -1.55234000e-03 4.07499000e-03 -3.57520000e-04 -1.59873000e-03 -3.64975000e-03 1.55948000e-03 -4.06080000e-04 6.72730000e-04 2.02416000e-03 5.39422000e-03 1.19548000e-03 5.85490000e-04 4.74083000e-03 1.90986000e-03 -2.93167000e-03 -8.71700000e-04 -3.06949000e-03 -1.42700000e-04 1.59040000e-04 1.24936000e-03 -3.17930000e-03 -1.50481000e-03 1.01921000e-03 -8.11510000e-04 -1.40557000e-03 -7.33370000e-04 4.17580000e-03 -2.58311000e-03 3.34460000e-04 -1.42270000e-03 1.22922000e-03 -2.23255000e-03 2.18824000e-03 5.60000000e-05 -3.35340000e-04 3.62800000e-05 -5.65570000e-04
-2.30013000e-03 6.79410000e-04 4.64186000e-03 -1.27578000e-03 8.00570000e-04 -8.30350000e-03 -1.79340000e-03 9.54210000e-04 -5.44190000e-04 2.99723000e-03 7.42170000e-03 4.47540000e-04 -3.84195000e-03 5.49080000e-04 -4.07741000e-03 4.24900000e-04 -5.43880000e-04 -1.47072000e-03 4.09687000e-03 -1.65646000e-03 -3.51480000e-04 2.34991000e-03 8.53270000e-04 -2.15580000e-04 -1.55288000e-03 9.55560000e-04 -4.89300000e-05 1.19657000e-03 -1.83652000e-03 -8.35570000e-04 4.92270000e-04 -9.49020000e-04 -8.77880000e-04 -3.95432000e-03 -4.89602000e-03 1.22844000e-03 -9.93790000e-04 2.91400000e-03 2.11430000e-04 -1.29729000e-03 -1.57849000e-03 3.98750000e-04 -5.49191000e-03 -7.10000000e-05 6.94460000e-04 5.25112000e-03 2.15010000e-03 2.02053000e-03 -1.26645000e-03 6.99654000e-03 8.73800000e-04 3.25046000e-03 -8.34476000e-03 8.85720000e-04 -2.67297000e-03 1.32013000e-03 8.40290000e-04 1.21424000e-03 -6.18174000e-03 -2.83073000e-03 4.34900000e-04 7.77693000e-03 1.53600000e-04 4.50341000e-03 3.79739200e-02 7.62868000e-03 -3.14980000e-03 1.58047700e-02 -3.57595000e-03 -2.99477000e-03 7.54570000e-04 -1.24932000e-03 1.83959000e-03 -1.03477000e-03 -2.19544000e-03 8.64444000e-03 -6.95900000e-05 3.11355000e-03 1.90279000e-03 2.02767000e-03 -3.28170000e-03 9.29065000e-03 -1.08126000e-03 -2.70215000e-03 -6.83714000e-03 2.23125000e-03 -4.66160000e-04 1.04823000e-03 4.22410000e-03 1.09276300e-02 1.68889000e-03 1.48776000e-03 1.02701000e-02 4.68017000e-03 -4.60633000e-03 -2.17224000e-03 -4.93739000e-03 -1.04337000e-03 1.45818000e-03 1.69208000e-03 -5.36715000e-03 -1.16973000e-03 2.32283000e-03 -2.35006000e-03 -3.90074000e-03 -1.66663000e-03 8.77873000e-03 -5.12762000e-03 6.07130000e-04 -3.16196000e-03 2.48297000e-03 -4.50587000e-03 4.06780000e-03 -2.24180000e-04 -1.26770000e-04 2.34620000e-03 -1.69900000e-03
-2.33943000e-03 1.38240000e-03 3.90316000e-03 -1.08200000e-03 2.84390000e-04 -4.59303000e-03 -2.09944000e-03 6.84800000e-04 -7.50740000e-04 3.22364000e-03 7.78109000e-03 -2.44970000e-04 -2.75935000e-03 1.29912000e-03 -3.44443000e-03 1.19470000e-03 -1.70120000e-04 -1.23253000e-03 4.13714000e-03 -7.05000000e-04 2.45710000e-04 1.76312000e-03 9.96960000e-04 -1.44050000e-04 -1.54606000e-03 -5.42570000e-04 1.58760000e-04 1.22951000e-03 -2.60258000e-03 -8.14150000e-04 -1.10858000e-03 -6.01410000e-04 -1.93766000e-03 -4.28652000e-03 -2.67245000e-03 2.31870000e-04 -9.03130000e-04 2.55276000e-03 -8.49900000e-05 -7.82790000e-04 -1.91338000e-03 1.67663000e-03 -5.94840000e-03 4.94850000e-04 3.00565000e-03 3.12237000e-03 4.33835000e-03 6.65090000e-04 -1.60010000e-03 5.97356000e-03 -6.37970000e-04 2.39913000e-03 -6.72046000e-03 7.77400000e-04 -2.55216000e-03 6.15090000e-04 1.27580000e-03 1.02028000e-03 -6.17512000e-03 -2.88282000e-03 4.70180000e-04 6.38710000e-03 9.32600000e-04 3.71977000e-03 7.62868000e-03 2.93101300e-02 -2.88163000e-03 1.45290300e-02 -3.26567000e-03 -3.22576000e-03 1.06768000e-03 -9.79480000e-04 1.78131000e-03 -6.95120000e-04 -2.69126000e-03 7.23571000e-03 -3.90500000e-04 2.42174000e-03 1.04510000e-03 1.22291000e-03 -3.63537000e-03 8.69954000e-03 -1.10188000e-03 -1.91457000e-03 -6.10769000e-03 1.57032000e-03 -1.64930000e-04 6.69290000e-04 4.58883000e-03 9.75437000e-03 1.70624000e-03 9.00000000e-05 9.10806000e-03 3.80965000e-03 -3.94881000e-03 -1.84914000e-03 -3.51698000e-03 2.56090000e-04 1.52591000e-03 2.26431000e-03 -5.62293000e-03 -7.55270000e-04 1.70265000e-03 -2.39963000e-03 -1.81137000e-03 -2.50472000e-03 7.64767000e-03 -3.83049000e-03 8.09360000e-04 -2.74432000e-03 2.12989000e-03 -3.87375000e-03 3.88282000e-03 -3.13090000e-04 1.85990000e-04 1.24009000e-03 -1.52031000e-03
9.83090000e-04 -3.07430000e-04 -1.48372000e-03 5.03580000e-04 -1.57690000e-04 2.43248000e-03 8.09480000e-04 -2.36910000e-04 3.10190000e-04 -1.09335000e-03 -2.89482000e-03 -1.30000000e-07 1.33786000e-03 -3.00160000e-04 1.48027000e-03 -2.20150000e-04 1.42290000e-04 5.83490000e-04 -1.33531000e-03 3.49760000e-04 1.17730000e-04 -7.58700000e-04 -2.50870000e-04 1.69410000e-04 6.36550000e-04 -1.39010000e-04 1.74200000e-05 -3.19070000e-04 8.54290000e-04 3.62730000e-04 1.06590000e-04 3.70590000e-04 5.47570000e-04 1.53423000e-03 1.40483000e-03 -1.93470000e-04 4.89270000e-04 -9.32380000e-04 4.04100000e-05 4.73030000e-04 7.10390000e-04 -2.10270000e-04 2.09587000e-03 -9.90000000e-07 -4.04950000e-04 -1.66486000e-03 -1.27118000e-03 -5.10260000e-04 5.79850000e-04 -2.42488000e-03 -4.85800000e-05 -9.83280000e-04 2.70346000e-03 -2.19700000e-04 9.95850000e-04 -3.14810000e-04 -2.91030000e-04 -3.02240000e-04 2.27115000e-03 1.14212000e-03 -6.46600000e-05 -2.64761000e-03 -1.36420000e-04 -1.37688000e-03 -3.14980000e-03 -2.88163000e-03 1.27589400e-02 -5.61570000e-03 1.33054000e-03 1.20069000e-03 -3.62180000e-04 4.96250000e-04 -5.97690000e-04 3.44630000e-04 9.16020000e-04 -2.94991000e-03 1.70720000e-04 -9.28920000e-04 -5.12940000e-04 -6.08150000e-04 1.29605000e-03 -3.18290000e-03 4.43230000e-04 9.40870000e-04 2.37362000e-03 -5.99940000e-04 1.51280000e-04 -2.33590000e-04 -1.61633000e-03 -3.73915000e-03 -5.64150000e-04 -2.70530000e-04 -3.53900000e-03 -1.63960000e-03 1.59361000e-03 8.21510000e-04 1.64588000e-03 3.25750000e-04 -5.57290000e-04 -6.40870000e-04 2.17893000e-03 2.88510000e-04 -7.36440000e-04 9.81000000e-04 1.21688000e-03 8.17940000e-04 -3.09891000e-03 1.86803000e-03 -2.25480000e-04 1.19371000e-03 -8.34180000e-04 1.66068000e-03 -1.43367000e-03 1.46850000e-04 5.45700000e-05 -7.60330000e-04 7.51090000e-04
-4.04303000e-03 1.90605000e-03 8.21215000e-03 -2.12760000e-03 9.26660000e-04 -1.14261700e-02 -3.64890000e-03 1.16490000e-03 -1.32421000e-03 5.81786000e-03 1.36667300e-02 1.22730000e-04 -6.13005000e-03 1.79823000e-03 -6.84833000e-03 1.58067000e-03 -6.69620000e-04 -2.51641000e-03 8.00376000e-03 -1.98912000e-03 5.86100000e-05 3.71736000e-03 1.77481000e-03 -5.32130000e-04 -2.90726000e-03 -7.14800000e-05 3.75200000e-05 2.21327000e-03 -4.24225000e-03 -1.58302000e-03 -6.52200000e-04 -1.34273000e-03 -2.50629000e-03 -7.68646000e-03 -6.45213000e-03 1.44471000e-03 -1.88989000e-03 5.23044000e-03 6.97100000e-05 -1.84952000e-03 -3.28079000e-03 2.12469000e-03 -1.09314000e-02 4.47540000e-04 3.83885000e-03 7.76874000e-03 7.34692000e-03 2.61903000e-03 -2.77078000e-03 1.21751400e-02 2.18220000e-04 5.34036000e-03 -1.35584300e-02 1.54458000e-03 -5.02611000e-03 1.70232000e-03 2.13447000e-03 2.14961000e-03 -1.14441600e-02 -5.33034000e-03 8.21330000e-04 1.33936200e-02 9.74240000e-04 7.30008000e-03 1.58047700e-02 1.45290300e-02 -5.61570000e-03 9.58869000e-02 -6.58608000e-03 -5.72987000e-03 1.66437000e-03 -2.13310000e-03 3.44354000e-03 -1.67271000e-03 -4.59742000e-03 1.48347900e-02 -6.08120000e-04 5.30592000e-03 2.69800000e-03 2.92064000e-03 -6.32904000e-03 1.72756900e-02 -2.05921000e-03 -3.95109000e-03 -1.17728800e-02 3.65375000e-03 -3.93730000e-04 1.77213000e-03 8.39704000e-03 1.97302700e-02 3.21542000e-03 1.63990000e-03 1.84929900e-02 7.86715000e-03 -7.59032000e-03 -3.76765000e-03 -7.82654000e-03 -6.34450000e-04 2.95527000e-03 3.34370000e-03 -9.83926000e-03 -1.92619000e-03 3.71488000e-03 -4.37488000e-03 -5.39510000e-03 -4.03306000e-03 1.47922400e-02 -7.91055000e-03 1.26482000e-03 -5.51786000e-03 4.27080000e-03 -7.77636000e-03 7.03060000e-03 -5.39840000e-04 2.39200000e-05 3.73270000e-03 -3.02867000e-03
1.13435000e-03 -4.39380000e-04 -1.74498000e-03 5.69070000e-04 -1.81220000e-04 2.44501000e-03 9.38180000e-04 -2.46350000e-04 3.55510000e-04 -1.31730000e-03 -3.20246000e-03 2.49200000e-05 1.40600000e-03 -4.40940000e-04 1.52885000e-03 -3.71440000e-04 5.00300000e-05 5.13770000e-04 -1.63569000e-03 5.68240000e-04 5.92300000e-05 -8.41710000e-04 -4.47860000e-04 1.64530000e-04 6.49570000e-04 1.93930000e-04 -5.59700000e-05 -3.95080000e-04 9.94780000e-04 4.78600000e-04 1.64730000e-04 4.16620000e-04 5.89210000e-04 1.69708000e-03 1.48778000e-03 -3.50120000e-04 4.86100000e-04 -1.05037000e-03 1.14570000e-04 2.37970000e-04 8.07060000e-04 -4.84760000e-04 2.45755000e-03 -4.19900000e-05 -8.29170000e-04 -1.81350000e-03 -1.64702000e-03 -5.55150000e-04 5.96770000e-04 -2.78513000e-03 -1.75100000e-05 -1.14850000e-03 3.06741000e-03 -2.29020000e-04 1.22897000e-03 -3.99320000e-04 -3.28680000e-04 -4.09280000e-04 2.72028000e-03 1.45001000e-03 -1.13510000e-04 -2.97341000e-03 -1.45700000e-04 -1.72738000e-03 -3.57595000e-03 -3.26567000e-03 1.33054000e-03 -6.58608000e-03 2.97577800e-02 1.24754000e-03 -5.31640000e-04 6.21170000e-04 -7.59820000e-04 2.97760000e-04 1.09068000e-03 -3.37945000e-03 2.77370000e-04 -1.07412000e-03 -5.65950000e-04 -6.87390000e-04 1.40510000e-03 -3.66507000e-03 5.14730000e-04 1.02819000e-03 2.56887000e-03 -7.72900000e-04 1.14140000e-04 -2.34830000e-04 -2.18110000e-03 -4.38589000e-03 -6.97850000e-04 -2.70020000e-04 -4.11627000e-03 -1.80962000e-03 1.85097000e-03 7.64230000e-04 1.90068000e-03 1.07810000e-04 -7.34380000e-04 -8.13330000e-04 2.59403000e-03 4.15710000e-04 -8.00340000e-04 1.04593000e-03 1.15445000e-03 1.00767000e-03 -3.44709000e-03 2.04670000e-03 -2.70230000e-04 1.26660000e-03 -9.78190000e-04 1.78978000e-03 -1.61280000e-03 1.62130000e-04 1.09920000e-04 -8.26490000e-04 8.34300000e-04
1.12068000e-03 -5.54760000e-04 -1.47843000e-03 6.32440000e-04 -3.81200000e-05 2.32616000e-03 9.48020000e-04 -1.67870000e-04 4.49400000e-04 -1.22483000e-03 -3.18380000e-03 2.33330000e-04 1.10418000e-03 -5.17840000e-04 1.41246000e-03 -4.67610000e-04 9.89200000e-05 5.58600000e-04 -1.48754000e-03 3.29540000e-04 -4.96000000e-05 -6.81670000e-04 -3.28690000e-04 1.99980000e-04 6.60340000e-04 1.97700000e-04 -1.14840000e-04 -3.05840000e-04 1.11552000e-03 3.82480000e-04 5.33950000e-04 3.66330000e-04 6.85840000e-04 2.08363000e-03 1.37575000e-03 8.50200000e-05 4.94770000e-04 -9.49790000e-04 1.83700000e-05 3.34290000e-04 7.84230000e-04 -5.09390000e-04 2.69460000e-03 -1.36660000e-04 -8.70960000e-04 -1.25564000e-03 -1.39010000e-03 -2.85310000e-04 7.94400000e-04 -2.37107000e-03 2.65300000e-04 -9.04530000e-04 2.85887000e-03 -1.07550000e-04 1.05033000e-03 -8.75500000e-05 -3.44120000e-04 -3.65660000e-04 2.49904000e-03 1.20585000e-03 6.55000000e-06 -2.49660000e-03 -3.05510000e-04 -1.36347000e-03 -2.99477000e-03 -3.22576000e-03 1.20069000e-03 -5.72987000e-03 1.24754000e-03 1.94420400e-02 -4.36310000e-04 5.09030000e-04 -5.64970000e-04 3.87300000e-04 1.24940000e-03 -2.85472000e-03 2.35400000e-04 -9.77120000e-04 -3.25810000e-04 -3.52500000e-04 1.84845000e-03 -3.26495000e-03 3.38370000e-04 9.52790000e-04 2.82117000e-03 -5.38230000e-04 1.01440000e-04 -2.22870000e-04 -1.59764000e-03 -3.63677000e-03 -5.61650000e-04 -7.05900000e-05 -3.53926000e-03 -1.67030000e-03 1.54321000e-03 7.14950000e-04 1.26377000e-03 1.50680000e-04 -6.73300000e-04 -7.05420000e-04 2.19828000e-03 -4.49200000e-05 -6.76680000e-04 1.01967000e-03 1.02842000e-03 9.74950000e-04 -3.05522000e-03 1.67649000e-03 -3.93260000e-04 1.12158000e-03 -8.94960000e-04 1.61698000e-03 -1.41324000e-03 1.10730000e-04 -1.26540000e-04 -8.16280000e-04 6.92080000e-04
-6.09750000e-04 3.95140000e-04 1.66350000e-04 -2.51250000e-04 -1.15350000e-04 4.83700000e-05 -4.98440000e-04 -2.75050000e-04 -6.05830000e-04 3.21900000e-04 7.28780000e-04 -2.38090000e-04 6.04600000e-05 4.07000000e-04 -2.22090000e-04 3.76030000e-04 4.21500000e-04 2.37600000e-05 3.00870000e-04 6.29780000e-04 3.52100000e-05 2.09000000e-04 1.09740000e-04 -5.82500000e-05 -8.17200000e-05 -6.68700000e-05 2.98830000e-04 -5.86900000e-05 -5.94460000e-04 -2.94270000e-04 -4.97710000e-04 -2.53980000e-04 -4.35160000e-04 -5.18630000e-04 4.36730000e-04 -2.50460000e-04 -1.17900000e-04 1.57320000e-04 -1.84740000e-04 8.15200000e-05 -3.46110000e-04 4.22730000e-04 -8.55480000e-04 4.67800000e-05 9.12100000e-04 3.26300000e-04 1.65218000e-03 -1.58390000e-04 -3.17240000e-04 9.18720000e-04 -2.85280000e-04 2.67600000e-05 -3.01490000e-04 -2.49550000e-04 -3.47750000e-04 -6.53600000e-05 -2.56200000e-05 -1.36670000e-04 -8.29020000e-04 -6.88350000e-04 -2.18670000e-04 5.34550000e-04 3.76400000e-05 -1.47680000e-04 7.54570000e-04 1.06768000e-03 -3.62180000e-04 1.66437000e-03 -5.31640000e-04 -4.36310000e-04 7.50686000e-03 -2.29850000e-04 5.06800000e-05 2.77690000e-04 -5.27100000e-04 7.83190000e-04 -3.37030000e-04 -3.50100000e-05 -1.23980000e-04 1.05280000e-04 -5.42860000e-04 9.00540000e-04 -2.56420000e-04 -2.53250000e-04 -4.07740000e-04 -1.59090000e-04 1.68170000e-04 -2.42830000e-04 1.27709000e-03 8.19910000e-04 8.82100000e-05 -3.11370000e-04 9.38520000e-04 7.75880000e-04 -3.69170000e-04 6.29000000e-06 -1.14200000e-05 -5.22000000e-05 7.25920000e-04 1.60650000e-04 -1.12800000e-03 7.42470000e-04 2.67180000e-04 -4.25880000e-04 -1.59180000e-04 -5.83690000e-04 8.34230000e-04 -6.29580000e-04 2.87360000e-04 -2.33740000e-04 3.36240000e-04 -3.26450000e-04 2.40280000e-04 -8.87500000e-05 2.31230000e-04 5.33900000e-04 -3.26220000e-04
5.78380000e-04 3.99800000e-05 -4.55080000e-04 3.98740000e-04 -2.93700000e-05 1.36851000e-03 3.68140000e-04 -1.51360000e-04 2.08650000e-04 -2.32720000e-04 -1.22192000e-03 3.16500000e-05 5.46010000e-04 -1.05500000e-05 5.04450000e-04 2.51200000e-05 3.06800000e-05 2.25780000e-04 -1.78240000e-04 3.62660000e-04 1.62450000e-04 -3.14520000e-04 2.64100000e-05 2.13380000e-04 2.43830000e-04 -4.52820000e-04 -1.54700000e-05 8.22500000e-05 2.70700000e-04 2.32290000e-04 -1.03350000e-04 3.74890000e-04 -3.20000000e-05 5.89460000e-04 1.00675000e-03 -1.12710000e-04 2.42770000e-04 -1.78820000e-04 2.74600000e-05 3.10400000e-05 2.66650000e-04 2.02910000e-04 8.22460000e-04 1.31970000e-04 3.72180000e-04 -9.32240000e-04 7.54500000e-05 -3.43170000e-04 2.34920000e-04 -1.01778000e-03 -2.17430000e-04 -3.45520000e-04 1.20062000e-03 1.55310000e-04 4.53750000e-04 -1.40420000e-04 2.11630000e-04 -5.19700000e-05 8.98030000e-04 6.20720000e-04 2.06280000e-04 -1.03846000e-03 -1.71700000e-05 -5.21740000e-04 -1.24932000e-03 -9.79480000e-04 4.96250000e-04 -2.13310000e-03 6.21170000e-04 5.09030000e-04 -2.29850000e-04 2.49521900e-02 -6.62900000e-05 1.43490000e-04 3.62970000e-04 -1.16856000e-03 1.69360000e-04 -3.15590000e-04 -1.53130000e-04 -3.00350000e-04 5.61220000e-04 -8.39440000e-04 1.18900000e-04 6.51330000e-04 9.99830000e-04 -2.09690000e-04 5.83500000e-05 -3.80200000e-05 -6.06790000e-04 -1.16812000e-03 -1.01640000e-04 -2.36970000e-04 -1.20557000e-03 -8.21710000e-04 7.09460000e-04 2.39470000e-04 7.70390000e-04 2.58920000e-04 -3.08640000e-04 -1.79270000e-04 8.96130000e-04 -1.17670000e-04 -3.19870000e-04 3.89380000e-04 6.48980000e-04 2.31330000e-04 -1.34010000e-03 1.06280000e-03 -5.87300000e-05 4.86040000e-04 -3.69840000e-04 6.60950000e-04 -5.37610000e-04 9.44400000e-05 4.19200000e-05 -4.76260000e-04 4.11510000e-04
-3.03060000e-04 3.72760000e-04 1.11967000e-03 -6.11900000e-05 2.24170000e-04 -1.13097000e-03 -3.13720000e-04 1.36860000e-04 1.02030000e-04 9.74460000e-04 1.52166000e-03 1.18390000e-04 -7.24390000e-04 3.19160000e-04 -8.27790000e-04 3.07340000e-04 -1.19600000e-04 -2.09400000e-04 1.27695000e-03 -4.42980000e-04 1.26640000e-04 4.71670000e-04 4.44550000e-04 1.41760000e-04 -3.21530000e-04 -6.79740000e-04 -3.06000000e-06 5.31900000e-04 -4.96070000e-04 -6.91500000e-05 -1.53420000e-04 8.14500000e-05 -4.00580000e-04 -9.18320000e-04 -6.69460000e-04 2.69260000e-04 -6.07500000e-05 7.40490000e-04 6.43600000e-05 -1.81590000e-04 -3.57750000e-04 5.48880000e-04 -1.30060000e-03 2.07400000e-04 8.82190000e-04 5.68810000e-04 9.05470000e-04 1.95740000e-04 -2.48450000e-04 1.39721000e-03 -1.29760000e-04 7.13870000e-04 -1.73553000e-03 4.47560000e-04 -5.39580000e-04 2.95020000e-04 5.43810000e-04 4.06880000e-04 -1.44070000e-03 -4.84200000e-04 4.06680000e-04 1.54965000e-03 9.83800000e-05 1.24350000e-03 1.83959000e-03 1.78131000e-03 -5.97690000e-04 3.44354000e-03 -7.59820000e-04 -5.64970000e-04 5.06800000e-05 -6.62900000e-05 1.24101500e-02 -1.71870000e-04 -5.06230000e-04 1.75504000e-03 8.33300000e-05 7.38700000e-04 3.72780000e-04 3.64000000e-04 -6.49640000e-04 2.25626000e-03 -2.63810000e-04 -2.49530000e-04 -1.39607000e-03 5.80190000e-04 -9.33900000e-05 2.62450000e-04 1.07104000e-03 2.60332000e-03 5.80120000e-04 9.78600000e-05 2.31202000e-03 7.09920000e-04 -9.36140000e-04 -4.30110000e-04 -9.80540000e-04 1.50700000e-04 1.96510000e-04 5.75300000e-04 -1.18993000e-03 -6.58470000e-04 3.96850000e-04 -4.11560000e-04 -3.68310000e-04 -4.92410000e-04 1.70696000e-03 -6.11280000e-04 1.93890000e-04 -6.03660000e-04 5.22260000e-04 -8.87720000e-04 9.35110000e-04 3.28700000e-05 -3.64200000e-05 2.19770000e-04 -2.07790000e-04
1.34740000e-04 9.52400000e-05 -6.06960000e-04 1.50920000e-04 -1.23400000e-04 1.30861000e-03 1.21180000e-04 -2.95070000e-04 -1.14860000e-04 -2.54130000e-04 -9.35970000e-04 -7.01700000e-05 6.37100000e-04 1.01490000e-04 5.91320000e-04 1.23890000e-04 3.13210000e-04 3.03760000e-04 -4.15160000e-04 5.26430000e-04 8.83300000e-05 -2.20230000e-04 -2.35700000e-05 1.05360000e-04 2.43380000e-04 -3.37230000e-04 1.45070000e-04 -1.13800000e-04 2.48200000e-05 4.09200000e-05 -2.89180000e-04 7.94400000e-05 -4.87800000e-05 4.64800000e-04 9.87960000e-04 -2.19420000e-04 1.80820000e-04 -3.57250000e-04 -8.20100000e-05 3.16370000e-04 1.19160000e-04 2.09200000e-04 5.47380000e-04 6.21400000e-05 4.53560000e-04 -6.86680000e-04 4.49980000e-04 -3.84330000e-04 9.86900000e-05 -5.78270000e-04 -2.61200000e-04 -4.66340000e-04 1.11945000e-03 -1.64800000e-04 2.81630000e-04 -1.34290000e-04 -7.37900000e-05 -2.27680000e-04 5.55300000e-04 1.27130000e-04 -7.51800000e-05 -9.32720000e-04 -5.59700000e-05 -6.32770000e-04 -1.03477000e-03 -6.95120000e-04 3.44630000e-04 -1.67271000e-03 2.97760000e-04 3.87300000e-04 2.77690000e-04 1.43490000e-04 -1.71870000e-04 8.47536000e-03 1.66160000e-04 -9.29710000e-04 -7.95200000e-05 -4.88270000e-04 -3.15610000e-04 -1.60620000e-04 4.01450000e-04 -9.47620000e-04 1.92500000e-05 3.48320000e-04 9.28190000e-04 -3.78360000e-04 1.63040000e-04 -2.72340000e-04 4.19100000e-05 -1.22225000e-03 -1.46650000e-04 -3.81430000e-04 -1.11908000e-03 -3.48230000e-04 4.98150000e-04 3.66760000e-04 6.90710000e-04 1.67930000e-04 1.07020000e-04 -1.40910000e-04 2.60150000e-04 4.33360000e-04 -1.77730000e-04 2.19750000e-04 5.74240000e-04 1.29300000e-05 -9.48660000e-04 5.48570000e-04 6.73300000e-05 4.00860000e-04 -1.85160000e-04 5.76850000e-04 -4.82880000e-04 3.18000000e-05 1.54520000e-04 -1.78490000e-04 1.84790000e-04
9.14450000e-04 -6.48370000e-04 -1.10504000e-03 4.10120000e-04 6.04400000e-05 9.08870000e-04 8.47380000e-04 1.50900000e-05 4.68430000e-04 -1.06691000e-03 -2.49848000e-03 3.38690000e-04 6.44760000e-04 -6.13920000e-04 1.04984000e-03 -5.95460000e-04 -7.09200000e-05 3.48100000e-04 -1.31919000e-03 -3.58300000e-05 -1.80770000e-04 -4.44410000e-04 -3.91660000e-04 9.97300000e-05 4.92040000e-04 5.61400000e-04 -1.66630000e-04 -2.65760000e-04 1.06011000e-03 3.53710000e-04 7.29130000e-04 2.16460000e-04 8.27920000e-04 1.60763000e-03 3.85330000e-04 1.90810000e-04 3.83840000e-04 -7.38500000e-04 1.45020000e-04 1.93040000e-04 7.06140000e-04 -8.18540000e-04 2.16009000e-03 -2.35440000e-04 -1.47632000e-03 -6.66930000e-04 -2.01812000e-03 5.32300000e-05 6.48500000e-04 -1.77021000e-03 4.92040000e-04 -5.91890000e-04 1.88905000e-03 -1.14980000e-04 8.76900000e-04 1.23000000e-05 -4.11900000e-04 -2.58350000e-04 2.06439000e-03 1.07731000e-03 -5.01600000e-05 -1.80401000e-03 -3.38610000e-04 -9.43940000e-04 -2.19544000e-03 -2.69126000e-03 9.16020000e-04 -4.59742000e-03 1.09068000e-03 1.24940000e-03 -5.27100000e-04 3.62970000e-04 -5.06230000e-04 1.66160000e-04 1.69123900e-02 -2.11468000e-03 3.11470000e-04 -6.21460000e-04 -1.54700000e-04 -1.52680000e-04 1.41952000e-03 -2.70470000e-03 3.62960000e-04 5.45450000e-04 1.91121000e-03 -3.40670000e-04 -2.77600000e-05 -9.18800000e-05 -1.64791000e-03 -2.91827000e-03 -5.00010000e-04 2.44540000e-04 -2.78591000e-03 -1.15723000e-03 1.14456000e-03 4.78910000e-04 7.73030000e-04 -1.84940000e-04 -6.36300000e-04 -6.48810000e-04 1.95436000e-03 -6.15500000e-05 -4.20150000e-04 8.48530000e-04 4.08760000e-04 1.03099000e-03 -2.14696000e-03 1.09408000e-03 -3.39970000e-04 7.97220000e-04 -6.66430000e-04 1.15752000e-03 -1.05164000e-03 1.26040000e-04 -1.19970000e-04 -4.36720000e-04 5.30190000e-04
-2.15554000e-03 6.82070000e-04 4.34998000e-03 -1.20406000e-03 7.69890000e-04 -7.78020000e-03 -1.68462000e-03 8.76210000e-04 -5.46130000e-04 2.86520000e-03 6.98689000e-03 4.01250000e-04 -3.53839000e-03 5.69770000e-04 -3.76511000e-03 4.41760000e-04 -4.63570000e-04 -1.32077000e-03 3.87356000e-03 -1.59053000e-03 -3.25870000e-04 2.22934000e-03 8.13290000e-04 -1.76670000e-04 -1.44808000e-03 7.94000000e-04 1.05100000e-05 1.14459000e-03 -1.77478000e-03 -7.97810000e-04 3.95880000e-04 -8.72180000e-04 -8.22530000e-04 -3.76669000e-03 -4.60299000e-03 1.12189000e-03 -8.25530000e-04 2.73307000e-03 2.09360000e-04 -1.15619000e-03 -1.51803000e-03 4.20780000e-04 -5.30378000e-03 -5.31500000e-05 7.31750000e-04 4.85301000e-03 2.04291000e-03 1.85941000e-03 -1.22119000e-03 6.66325000e-03 7.70400000e-04 3.04792000e-03 -7.88438000e-03 7.50890000e-04 -2.49112000e-03 1.24500000e-03 7.78670000e-04 1.15053000e-03 -5.85446000e-03 -2.65221000e-03 3.98640000e-04 7.26190000e-03 1.22920000e-04 4.24138000e-03 8.64444000e-03 7.23571000e-03 -2.94991000e-03 1.48347900e-02 -3.37945000e-03 -2.85472000e-03 7.83190000e-04 -1.16856000e-03 1.75504000e-03 -9.29710000e-04 -2.11468000e-03 3.50634600e-02 -5.89700000e-05 2.94646000e-03 1.69649000e-03 1.89931000e-03 -3.15652000e-03 8.70685000e-03 -1.01194000e-03 -2.51971000e-03 -6.47505000e-03 2.09056000e-03 -4.60150000e-04 9.28340000e-04 4.08292000e-03 1.02268500e-02 1.60761000e-03 1.36719000e-03 9.65396000e-03 4.47589000e-03 -4.29738000e-03 -1.96689000e-03 -4.60907000e-03 -9.30550000e-04 1.48069000e-03 1.65993000e-03 -5.05694000e-03 -1.00987000e-03 2.22160000e-03 -2.13123000e-03 -3.54874000e-03 -1.57042000e-03 8.33131000e-03 -4.77167000e-03 6.45460000e-04 -2.95504000e-03 2.40971000e-03 -4.19646000e-03 3.85015000e-03 -1.82720000e-04 -5.73000000e-05 2.33704000e-03 -1.57311000e-03
3.46720000e-04 -2.09660000e-04 1.06410000e-04 1.37750000e-04 2.29680000e-04 -8.72840000e-04 3.56740000e-04 1.81480000e-04 3.73190000e-04 -7.53800000e-05 -4.22920000e-04 2.97340000e-04 -9.20100000e-05 -2.55730000e-04 8.67800000e-05 -2.21550000e-04 -1.93020000e-04 5.66900000e-05 1.23200000e-05 -4.90930000e-04 -4.25600000e-05 9.90800000e-05 -3.32800000e-05 1.89640000e-04 8.11600000e-05 2.21940000e-04 -8.14400000e-05 1.76110000e-04 3.59400000e-04 2.11320000e-04 4.34420000e-04 1.34660000e-04 3.67860000e-04 2.53990000e-04 -6.78900000e-04 3.00120000e-04 3.32140000e-04 4.58700000e-05 2.39170000e-04 -1.09170000e-04 2.19950000e-04 -2.83230000e-04 3.51210000e-04 -3.37300000e-05 -5.73240000e-04 6.95400000e-05 -1.27727000e-03 2.19470000e-04 1.98590000e-04 -5.92300000e-05 3.50980000e-04 1.68220000e-04 -3.80280000e-04 1.61430000e-04 2.36440000e-04 2.51790000e-04 3.89800000e-05 1.90250000e-04 2.85240000e-04 4.15640000e-04 1.73190000e-04 -3.30300000e-05 -1.05410000e-04 3.35060000e-04 -6.95900000e-05 -3.90500000e-04 1.70720000e-04 -6.08120000e-04 2.77370000e-04 2.35400000e-04 -3.37030000e-04 1.69360000e-04 8.33300000e-05 -7.95200000e-05 3.11470000e-04 -5.89700000e-05 2.43531300e-02 2.13990000e-04 1.39010000e-04 1.69410000e-04 2.55610000e-04 -1.76480000e-04 1.32460000e-04 2.03800000e-05 -8.97500000e-05 2.47290000e-04 -9.97900000e-05 2.13300000e-04 -4.94130000e-04 -1.40710000e-04 6.76500000e-05 3.28680000e-04 -2.07210000e-04 -1.01750000e-04 -8.56000000e-06 1.73600000e-05 -2.18090000e-04 -1.53830000e-04 -2.53280000e-04 -6.99000000e-06 5.41070000e-04 -3.65760000e-04 9.27100000e-05 3.33230000e-04 -1.33600000e-04 4.52330000e-04 1.06800000e-05 1.71220000e-04 -4.12600000e-05 7.10000000e-05 2.80600000e-05 9.92200000e-05 3.82300000e-05 1.15360000e-04 -1.70000000e-07 4.16000000e-06 2.45900000e-04
-3.50330000e-04 1.06510000e-04 1.84048000e-03 -3.55090000e-04 4.37590000e-04 -3.39763000e-03 -3.43890000e-04 5.11250000e-04 1.05790000e-04 1.03682000e-03 2.22573000e-03 3.22850000e-04 -1.37728000e-03 4.16500000e-05 -1.26206000e-03 3.14400000e-05 -3.47990000e-04 -4.24560000e-04 1.66039000e-03 -1.06402000e-03 -9.25200000e-05 8.53440000e-04 2.95030000e-04 -3.11800000e-05 -4.73250000e-04 2.97170000e-04 -4.16500000e-05 5.74350000e-04 -4.05730000e-04 -1.55140000e-04 4.55470000e-04 -1.58590000e-04 4.51300000e-05 -1.37245000e-03 -2.19220000e-03 6.95610000e-04 -6.20300000e-05 1.15213000e-03 2.63820000e-04 -3.68130000e-04 -3.83990000e-04 8.96000000e-06 -1.97398000e-03 -2.94300000e-05 -7.02500000e-05 1.74237000e-03 -1.11000000e-05 9.10690000e-04 -3.37080000e-04 2.43192000e-03 5.53210000e-04 1.32830000e-03 -3.21323000e-03 3.68500000e-04 -8.12630000e-04 5.98910000e-04 3.77200000e-04 6.65330000e-04 -1.96791000e-03 -5.96420000e-04 2.85980000e-04 2.67342000e-03 2.80500000e-05 1.69624000e-03 3.11355000e-03 2.42174000e-03 -9.28920000e-04 5.30592000e-03 -1.07412000e-03 -9.77120000e-04 -3.50100000e-05 -3.15590000e-04 7.38700000e-04 -4.88270000e-04 -6.21460000e-04 2.94646000e-03 2.13990000e-04 2.05442200e-02 7.12720000e-04 7.49620000e-04 -1.08937000e-03 3.29446000e-03 -2.17500000e-04 -7.80200000e-04 -2.60258000e-03 1.05480000e-03 -2.27860000e-04 5.99780000e-04 1.03312000e-03 3.83349000e-03 6.42060000e-04 8.68220000e-04 3.59679000e-03 1.51413000e-03 -1.44613000e-03 -6.93800000e-04 -1.76715000e-03 -2.78080000e-04 3.85230000e-04 6.31180000e-04 -1.12370000e-03 -7.22810000e-04 8.54240000e-04 -4.95060000e-04 -1.33436000e-03 -2.21940000e-04 3.09468000e-03 -1.39112000e-03 1.85570000e-04 -1.01734000e-03 8.99430000e-04 -1.43918000e-03 1.46454000e-03 1.83700000e-05 -9.40000000e-06 1.03881000e-03 -3.65250000e-04
-2.79260000e-04 -1.89000000e-06 1.03648000e-03 -1.46510000e-04 2.66930000e-04 -2.13122000e-03 -1.66600000e-04 3.85490000e-04 1.19160000e-04 4.66270000e-04 1.07975000e-03 2.85460000e-04 -9.64450000e-04 -1.04910000e-04 -9.83060000e-04 -9.91700000e-05 -2.54150000e-04 -3.26590000e-04 8.24800000e-04 -5.15620000e-04 -1.62320000e-04 4.83210000e-04 2.27440000e-04 2.30700000e-05 -2.21370000e-04 4.56780000e-04 -1.13290000e-04 2.91150000e-04 2.79300000e-05 -8.63100000e-05 5.87600000e-04 -1.53440000e-04 1.83700000e-05 -5.00490000e-04 -1.24768000e-03 5.40530000e-04 -2.49980000e-04 6.92250000e-04 8.98000000e-05 -5.05550000e-04 -5.10900000e-05 -1.52040000e-04 -5.17800000e-04 -1.16270000e-04 -3.23590000e-04 1.35600000e-03 -2.68230000e-04 6.75580000e-04 1.79300000e-05 1.12910000e-03 5.45530000e-04 8.14910000e-04 -1.76183000e-03 4.28370000e-04 -4.53890000e-04 3.94920000e-04 1.73120000e-04 3.11280000e-04 -9.61580000e-04 -3.52070000e-04 2.43030000e-04 1.59966000e-03 -1.08240000e-04 1.03721000e-03 1.90279000e-03 1.04510000e-03 -5.12940000e-04 2.69800000e-03 -5.65950000e-04 -3.25810000e-04 -1.23980000e-04 -1.53130000e-04 3.72780000e-04 -3.15610000e-04 -1.54700000e-04 1.69649000e-03 1.39010000e-04 7.12720000e-04 1.93156500e-02 4.88090000e-04 -3.19170000e-04 1.81440000e-03 -1.54370000e-04 -5.49450000e-04 -1.24321000e-03 6.03840000e-04 -1.67640000e-04 3.66440000e-04 3.83300000e-04 2.23689000e-03 2.80600000e-04 6.08130000e-04 2.00749000e-03 6.68920000e-04 -9.81240000e-04 -5.21300000e-04 -1.10616000e-03 -3.74220000e-04 -4.71200000e-05 1.66920000e-04 -7.10890000e-04 -5.92800000e-04 4.04720000e-04 -4.87680000e-04 -1.16533000e-03 -4.27100000e-05 1.58085000e-03 -1.05875000e-03 -8.00700000e-05 -5.58250000e-04 3.29680000e-04 -8.83420000e-04 7.71170000e-04 -2.74400000e-05 -2.30590000e-04 2.85740000e-04 -2.64070000e-04
-3.06380000e-04 -1.69670000e-04 9.66520000e-04 -2.89250000e-04 3.62030000e-04 -2.70143000e-03 -1.30530000e-04 3.33780000e-04 9.58300000e-05 4.38750000e-04 1.18502000e-03 4.06520000e-04 -9.60410000e-04 -1.98410000e-04 -7.18690000e-04 -2.06830000e-04 -1.46930000e-04 -2.33800000e-04 6.34370000e-04 -7.09700000e-04 -2.80650000e-04 6.71670000e-04 2.07400000e-05 -8.94000000e-06 -2.34160000e-04 6.95880000e-04 -4.46700000e-05 2.46750000e-04 -8.87900000e-05 -1.05160000e-04 5.89370000e-04 -2.73260000e-04 2.75680000e-04 -5.13920000e-04 -1.74053000e-03 5.87600000e-04 -5.87000000e-06 5.37600000e-04 2.02280000e-04 -1.86780000e-04 -1.71010000e-04 -4.08570000e-04 -8.16780000e-04 -1.99520000e-04 -7.05500000e-04 1.50213000e-03 -6.03110000e-04 7.57500000e-04 -1.13300000e-04 1.70720000e-03 6.53750000e-04 7.84120000e-04 -2.05570000e-03 1.27290000e-04 -4.35950000e-04 5.79720000e-04 -3.98600000e-05 2.71620000e-04 -1.08352000e-03 -4.46250000e-04 6.09900000e-05 1.70299000e-03 -1.91300000e-04 1.04531000e-03 2.02767000e-03 1.22291000e-03 -6.08150000e-04 2.92064000e-03 -6.87390000e-04 -3.52500000e-04 1.05280000e-04 -3.00350000e-04 3.64000000e-04 -1.60620000e-04 -1.52680000e-04 1.89931000e-03 1.69410000e-04 7.49620000e-04 4.88090000e-04 1.40509000e-02 -3.83090000e-04 1.63556000e-03 -1.70590000e-04 -7.22160000e-04 -1.45773000e-03 5.90300000e-04 -1.63760000e-04 2.64380000e-04 6.63530000e-04 2.08718000e-03 3.28700000e-04 6.85780000e-04 1.99277000e-03 1.20436000e-03 -1.03126000e-03 -4.09250000e-04 -1.36367000e-03 -5.26990000e-04 2.82200000e-04 3.08210000e-04 -8.17240000e-04 -2.96840000e-04 7.06310000e-04 -2.69200000e-04 -1.14822000e-03 7.00300000e-05 2.15062000e-03 -1.27483000e-03 9.77000000e-05 -6.76680000e-04 6.25410000e-04 -9.13260000e-04 9.27870000e-04 1.98500000e-05 -2.98000000e-06 7.81280000e-04 -2.81410000e-04
1.23763000e-03 -6.65620000e-04 -1.64954000e-03 6.95250000e-04 -7.94600000e-05 2.55270000e-03 1.04326000e-03 -1.83160000e-04 4.88170000e-04 -1.39108000e-03 -3.50370000e-03 2.96530000e-04 1.15323000e-03 -6.11110000e-04 1.55939000e-03 -5.67730000e-04 8.27900000e-05 5.84150000e-04 -1.71060000e-03 4.30040000e-04 -8.98300000e-05 -7.77920000e-04 -4.01970000e-04 1.80010000e-04 7.04120000e-04 1.65770000e-04 -1.83670000e-04 -3.76080000e-04 1.25836000e-03 4.33630000e-04 6.30310000e-04 3.88920000e-04 7.93560000e-04 2.29095000e-03 1.52020000e-03 8.06900000e-05 4.38550000e-04 -1.04837000e-03 1.24000000e-05 3.63100000e-04 8.90820000e-04 -6.71050000e-04 3.02727000e-03 -1.97630000e-04 -1.15251000e-03 -1.30863000e-03 -1.53929000e-03 -2.43970000e-04 8.75680000e-04 -2.65338000e-03 3.16210000e-04 -9.93750000e-04 3.24981000e-03 -1.06660000e-04 1.16053000e-03 -1.23060000e-04 -4.12630000e-04 -4.42010000e-04 2.81656000e-03 1.33609000e-03 -7.28000000e-06 -2.71869000e-03 -3.61160000e-04 -1.55234000e-03 -3.28170000e-03 -3.63537000e-03 1.29605000e-03 -6.32904000e-03 1.40510000e-03 1.84845000e-03 -5.42860000e-04 5.61220000e-04 -6.49640000e-04 4.01450000e-04 1.41952000e-03 -3.15652000e-03 2.55610000e-04 -1.08937000e-03 -3.19170000e-04 -3.83090000e-04 2.42358700e-02 -3.65207000e-03 3.94160000e-04 1.03787000e-03 3.09952000e-03 -6.23090000e-04 8.90600000e-05 -2.57040000e-04 -1.91139000e-03 -4.04168000e-03 -6.48360000e-04 -2.19600000e-05 -3.92078000e-03 -1.82510000e-03 1.74001000e-03 7.38480000e-04 1.37084000e-03 1.03240000e-04 -7.90970000e-04 -8.54250000e-04 2.48893000e-03 -2.66000000e-05 -7.35110000e-04 1.07270000e-03 1.02042000e-03 1.08736000e-03 -3.39659000e-03 1.79658000e-03 -4.81180000e-04 1.21091000e-03 -1.01136000e-03 1.75252000e-03 -1.57355000e-03 1.09430000e-04 -1.78940000e-04 -8.89760000e-04 7.28860000e-04
-1.84498000e-03 1.39255000e-03 5.18230000e-03 -9.42270000e-04 6.22080000e-04 -6.31863000e-03 -2.00171000e-03 6.51860000e-04 -5.87990000e-04 3.62292000e-03 7.48095000e-03 1.43260000e-04 -3.52034000e-03 1.12426000e-03 -4.15591000e-03 1.10520000e-03 -3.93100000e-04 -1.43296000e-03 5.58364000e-03 -7.50550000e-04 1.89710000e-04 2.17420000e-03 1.26371000e-03 -5.67800000e-05 -1.60356000e-03 -4.30090000e-04 4.48500000e-05 1.61215000e-03 -2.55209000e-03 -8.23910000e-04 -5.12490000e-04 -4.53100000e-04 -1.84999000e-03 -4.54604000e-03 -3.01625000e-03 9.73140000e-04 -9.56410000e-04 3.54287000e-03 6.16400000e-05 -1.28561000e-03 -1.82557000e-03 1.79448000e-03 -6.39757000e-03 4.05710000e-04 3.41726000e-03 4.16867000e-03 5.33392000e-03 1.36491000e-03 -1.57321000e-03 7.06174000e-03 -3.92300000e-05 3.27608000e-03 -7.92341000e-03 1.33349000e-03 -2.88413000e-03 1.02328000e-03 1.81038000e-03 1.41237000e-03 -6.70505000e-03 -2.80602000e-03 8.81860000e-04 7.83871000e-03 5.30590000e-04 4.07499000e-03 9.29065000e-03 8.69954000e-03 -3.18290000e-03 1.72756900e-02 -3.66507000e-03 -3.26495000e-03 9.00540000e-04 -8.39440000e-04 2.25626000e-03 -9.47620000e-04 -2.70470000e-03 8.70685000e-03 -1.76480000e-04 3.29446000e-03 1.81440000e-03 1.63556000e-03 -3.65207000e-03 6.09194100e-02 -1.29253000e-03 -1.81432000e-03 -6.89351000e-03 2.25082000e-03 -2.01890000e-04 1.20492000e-03 4.88870000e-03 1.22554900e-02 1.99410000e-03 8.79160000e-04 1.13387600e-02 4.25234000e-03 -4.34260000e-03 -2.32493000e-03 -4.20668000e-03 -1.49930000e-04 1.58495000e-03 2.02245000e-03 -5.36114000e-03 -1.50243000e-03 2.13810000e-03 -2.59434000e-03 -3.08472000e-03 -2.41138000e-03 8.47288000e-03 -3.94208000e-03 7.28460000e-04 -3.11451000e-03 2.35511000e-03 -4.44985000e-03 4.13122000e-03 -2.75060000e-04 1.22260000e-04 1.94927000e-03 -1.42726000e-03
3.40920000e-04 -2.27810000e-04 -4.88500000e-04 1.03310000e-04 -1.72200000e-05 3.20480000e-04 3.42800000e-04 5.09600000e-05 1.63750000e-04 -4.63330000e-04 -9.71270000e-04 4.94400000e-05 3.79840000e-04 -2.14120000e-04 5.51000000e-04 -1.95670000e-04 -5.21600000e-05 1.77490000e-04 -5.72430000e-04 -1.89970000e-04 -1.57000000e-06 -2.38520000e-04 -1.62330000e-04 1.68400000e-05 2.17950000e-04 1.27820000e-04 -2.18500000e-05 -1.37920000e-04 4.23230000e-04 1.60770000e-04 2.18040000e-04 8.02100000e-05 4.17510000e-04 4.73590000e-04 -2.51300000e-05 9.19000000e-06 2.32890000e-04 -3.59390000e-04 9.23400000e-05 1.73340000e-04 3.06660000e-04 -2.95660000e-04 7.05130000e-04 -5.76700000e-05 -6.09150000e-04 -4.48710000e-04 -1.17092000e-03 -3.53300000e-05 2.29800000e-04 -8.41810000e-04 1.68910000e-04 -2.75660000e-04 6.64480000e-04 -1.41350000e-04 3.73970000e-04 -6.71100000e-05 -2.10150000e-04 -4.55500000e-05 8.30630000e-04 4.58830000e-04 -8.46900000e-05 -8.91030000e-04 -3.63800000e-05 -3.57520000e-04 -1.08126000e-03 -1.10188000e-03 4.43230000e-04 -2.05921000e-03 5.14730000e-04 3.38370000e-04 -2.56420000e-04 1.18900000e-04 -2.63810000e-04 1.92500000e-05 3.62960000e-04 -1.01194000e-03 1.32460000e-04 -2.17500000e-04 -1.54370000e-04 -1.70590000e-04 3.94160000e-04 -1.29253000e-03 1.95726900e-02 1.96000000e-04 5.98510000e-04 -1.23410000e-04 -1.70000000e-07 3.74000000e-06 -8.07770000e-04 -1.41516000e-03 -2.30690000e-04 8.42500000e-05 -1.31111000e-03 -5.30440000e-04 5.03700000e-04 2.86250000e-04 4.40760000e-04 2.88200000e-05 -2.60760000e-04 -2.31960000e-04 9.30450000e-04 5.51000000e-05 -2.33810000e-04 4.11990000e-04 3.07500000e-04 4.57790000e-04 -9.47300000e-04 5.47250000e-04 -1.02820000e-04 3.86550000e-04 -2.64880000e-04 5.45380000e-04 -4.60570000e-04 6.03300000e-05 -1.18000000e-06 -1.67340000e-04 2.46270000e-04
1.11500000e-03 8.47900000e-05 -1.06386000e-03 6.78980000e-04 -2.58550000e-04 3.66005000e-03 5.44360000e-04 -4.46730000e-04 1.61770000e-04 -5.42140000e-04 -2.36201000e-03 -1.69400000e-04 1.22026000e-03 9.69800000e-05 1.15634000e-03 1.38860000e-04 1.97060000e-04 4.70840000e-04 -4.67080000e-04 9.87910000e-04 3.40860000e-04 -7.59020000e-04 -4.68300000e-05 1.25790000e-04 4.40940000e-04 -1.13027000e-03 2.00800000e-05 -5.78600000e-05 3.33800000e-04 2.98200000e-04 -4.67100000e-04 6.48020000e-04 -1.07720000e-04 1.06518000e-03 2.54999000e-03 -4.24280000e-04 2.67280000e-04 -4.95300000e-04 -1.05550000e-04 3.56330000e-04 4.05940000e-04 4.76070000e-04 1.38283000e-03 2.48310000e-04 9.48650000e-04 -2.00641000e-03 1.13887000e-03 -7.96140000e-04 3.34660000e-04 -2.02204000e-03 -6.05080000e-04 -8.83140000e-04 2.92149000e-03 3.21200000e-05 7.37410000e-04 -4.49530000e-04 2.90800000e-04 -2.66540000e-04 1.76861000e-03 1.01888000e-03 1.90650000e-04 -2.21509000e-03 6.05700000e-05 -1.59873000e-03 -2.70215000e-03 -1.91457000e-03 9.40870000e-04 -3.95109000e-03 1.02819000e-03 9.52790000e-04 -2.53250000e-04 6.51330000e-04 -2.49530000e-04 3.48320000e-04 5.45450000e-04 -2.51971000e-03 2.03800000e-05 -7.80200000e-04 -5.49450000e-04 -7.22160000e-04 1.03787000e-03 -1.81432000e-03 1.96000000e-04 3.81290300e-02 2.20804000e-03 -6.13510000e-04 2.22090000e-04 -2.23880000e-04 -1.00308000e-03 -2.51743000e-03 -3.11090000e-04 -5.96140000e-04 -2.46163000e-03 -1.62310000e-03 1.68997000e-03 5.36830000e-04 1.76165000e-03 7.46700000e-04 -3.83630000e-04 -3.84820000e-04 1.80886000e-03 4.14400000e-05 -7.46080000e-04 6.61820000e-04 1.55571000e-03 2.36150000e-04 -2.79598000e-03 2.23334000e-03 -1.42810000e-04 9.52020000e-04 -7.58210000e-04 1.39063000e-03 -1.17003000e-03 8.91300000e-05 1.11390000e-04 -7.23760000e-04 6.44050000e-04
1.73700000e-03 -5.31370000e-04 -3.57767000e-03 1.16838000e-03 -6.40570000e-04 7.14719000e-03 1.32411000e-03 -8.97090000e-04 1.72750000e-04 -2.36570000e-03 -5.98759000e-03 -2.69710000e-04 2.89735000e-03 -3.81470000e-04 2.96398000e-03 -3.58320000e-04 5.38260000e-04 1.07958000e-03 -3.20127000e-03 1.91369000e-03 2.08450000e-04 -1.82942000e-03 -5.98500000e-04 1.94070000e-04 1.22130000e-03 -4.71860000e-04 -5.02600000e-05 -9.29690000e-04 1.50467000e-03 5.64860000e-04 -2.07870000e-04 7.25220000e-04 5.03970000e-04 3.65193000e-03 4.63133000e-03 -8.60730000e-04 5.03580000e-04 -2.17116000e-03 -3.42230000e-04 7.40190000e-04 1.21084000e-03 -2.54140000e-04 4.84204000e-03 -8.15000000e-06 -3.06570000e-04 -3.59532000e-03 -4.24350000e-04 -1.44430000e-03 1.13945000e-03 -5.39941000e-03 -6.03010000e-04 -2.47638000e-03 7.14496000e-03 -5.21140000e-04 2.00629000e-03 -9.78870000e-04 -6.00220000e-04 -1.13334000e-03 4.92928000e-03 2.04393000e-03 -2.75900000e-04 -5.73425000e-03 -2.66590000e-04 -3.64975000e-03 -6.83714000e-03 -6.10769000e-03 2.37362000e-03 -1.17728800e-02 2.56887000e-03 2.82117000e-03 -4.07740000e-04 9.99830000e-04 -1.39607000e-03 9.28190000e-04 1.91121000e-03 -6.47505000e-03 -8.97500000e-05 -2.60258000e-03 -1.24321000e-03 -1.45773000e-03 3.09952000e-03 -6.89351000e-03 5.98510000e-04 2.20804000e-03 3.81677500e-02 -1.81757000e-03 4.14620000e-04 -9.17030000e-04 -2.75965000e-03 -8.04395000e-03 -1.30460000e-03 -1.15367000e-03 -7.65158000e-03 -3.61917000e-03 3.60011000e-03 1.55946000e-03 3.67922000e-03 7.21960000e-04 -1.03588000e-03 -1.52670000e-03 3.80814000e-03 8.35200000e-04 -1.78855000e-03 1.62023000e-03 2.83731000e-03 1.09077000e-03 -7.08872000e-03 3.77399000e-03 -5.91210000e-04 2.40849000e-03 -2.03144000e-03 3.44136000e-03 -3.30387000e-03 8.83500000e-05 -9.54200000e-05 -1.94392000e-03 1.18067000e-03
-2.59460000e-04 3.97900000e-05 1.37283000e-03 -2.11120000e-04 3.76580000e-04 -2.69517000e-03 -1.64710000e-04 4.28690000e-04 2.72360000e-04 7.36060000e-04 1.49315000e-03 3.14710000e-04 -1.02052000e-03 -3.07600000e-05 -8.52670000e-04 -2.37000000e-06 -3.08380000e-04 -2.61020000e-04 1.16757000e-03 -1.07144000e-03 1.57000000e-06 6.07770000e-04 3.01130000e-04 8.77300000e-05 -2.99540000e-04 1.39380000e-04 -7.03800000e-05 4.74720000e-04 -1.54660000e-04 -3.97600000e-05 4.80980000e-04 -8.47500000e-05 1.23410000e-04 -8.38470000e-04 -1.86748000e-03 6.77980000e-04 6.92200000e-05 7.91560000e-04 2.19120000e-04 -2.48530000e-04 -1.98940000e-04 1.44900000e-05 -1.20744000e-03 1.55000000e-06 -1.37240000e-04 1.25863000e-03 -5.71150000e-04 6.90120000e-04 -1.20060000e-04 1.63627000e-03 5.07640000e-04 1.01911000e-03 -2.48223000e-03 3.91610000e-04 -5.37490000e-04 5.27940000e-04 3.02960000e-04 6.17630000e-04 -1.38764000e-03 -4.04200000e-04 2.89900000e-04 1.90804000e-03 4.74900000e-05 1.55948000e-03 2.23125000e-03 1.57032000e-03 -5.99940000e-04 3.65375000e-03 -7.72900000e-04 -5.38230000e-04 -1.59090000e-04 -2.09690000e-04 5.80190000e-04 -3.78360000e-04 -3.40670000e-04 2.09056000e-03 2.47290000e-04 1.05480000e-03 6.03840000e-04 5.90300000e-04 -6.23090000e-04 2.25082000e-03 -1.23410000e-04 -6.13510000e-04 -1.81757000e-03 1.70305200e-02 -1.32330000e-04 5.66790000e-04 6.84300000e-04 2.76521000e-03 5.40510000e-04 6.74440000e-04 2.47244000e-03 9.41290000e-04 -1.19239000e-03 -4.51350000e-04 -1.46128000e-03 -1.88410000e-04 1.16000000e-04 4.58910000e-04 -8.33720000e-04 -8.03860000e-04 5.66530000e-04 -2.54190000e-04 -9.48580000e-04 -7.35000000e-05 2.11486000e-03 -1.04489000e-03 6.11100000e-05 -6.83840000e-04 6.10490000e-04 -1.00594000e-03 1.03591000e-03 1.37800000e-05 -1.24210000e-04 5.26110000e-04 -2.20100000e-04
3.40000000e-07 1.50880000e-04 -2.04680000e-04 5.57700000e-05 -1.43860000e-04 7.78340000e-04 -4.27500000e-05 -2.64660000e-04 -6.82100000e-05 -8.65600000e-05 -3.98070000e-04 -1.37300000e-04 3.63090000e-04 1.46550000e-04 2.90140000e-04 2.03320000e-04 1.80850000e-04 1.21190000e-04 -7.21600000e-05 4.09200000e-04 2.48420000e-04 -1.64160000e-04 3.56400000e-05 1.35900000e-05 9.39000000e-05 -2.66870000e-04 9.23300000e-05 -4.55200000e-05 -1.12000000e-04 2.64400000e-05 -2.92260000e-04 5.13700000e-05 -1.52950000e-04 1.08630000e-04 6.74330000e-04 -1.62950000e-04 5.65200000e-05 -1.33200000e-04 -5.62700000e-05 7.94400000e-05 3.15100000e-05 3.05770000e-04 1.30790000e-04 1.59880000e-04 5.68180000e-04 -4.41200000e-04 6.33130000e-04 -2.92500000e-04 -2.04700000e-05 -2.78530000e-04 -2.15820000e-04 -2.42950000e-04 6.15140000e-04 2.57000000e-06 7.68200000e-05 -1.44090000e-04 1.04140000e-04 -3.64000000e-06 1.74020000e-04 -1.46000000e-06 -6.19400000e-05 -3.95210000e-04 2.08620000e-04 -4.06080000e-04 -4.66160000e-04 -1.64930000e-04 1.51280000e-04 -3.93730000e-04 1.14140000e-04 1.01440000e-04 1.68170000e-04 5.83500000e-05 -9.33900000e-05 1.63040000e-04 -2.77600000e-05 -4.60150000e-04 -9.97900000e-05 -2.27860000e-04 -1.67640000e-04 -1.63760000e-04 8.90600000e-05 -2.01890000e-04 -1.70000000e-07 2.22090000e-04 4.14620000e-04 -1.32330000e-04 1.80639400e-02 6.70900000e-05 1.02400000e-04 -4.16460000e-04 -7.06000000e-06 -2.75060000e-04 -4.45410000e-04 -2.36460000e-04 2.22390000e-04 1.44160000e-04 4.29590000e-04 9.88200000e-05 5.03100000e-05 -1.43470000e-04 4.73700000e-05 2.02120000e-04 -1.60680000e-04 1.32400000e-05 2.65410000e-04 -1.51220000e-04 -5.99210000e-04 3.06890000e-04 4.38000000e-06 1.85830000e-04 -1.38700000e-04 2.50740000e-04 -3.18300000e-04 -5.95700000e-05 8.92200000e-05 -1.56730000e-04 3.12600000e-05
2.83500000e-05 -4.22100000e-05 7.67040000e-04 -5.54900000e-05 1.98070000e-04 -1.52239000e-03 -2.56000000e-06 2.13410000e-04 2.50400000e-04 2.84910000e-04 5.61260000e-04 1.89840000e-04 -5.25410000e-04 -9.96100000e-05 -4.04130000e-04 -3.74500000e-05 -2.43050000e-04 -1.69130000e-04 6.45630000e-04 -5.32270000e-04 1.12310000e-04 2.72150000e-04 1.08600000e-04 3.67900000e-05 -1.41990000e-04 1.69300000e-04 -7.59200000e-05 2.68190000e-04 2.09600000e-05 7.39200000e-05 3.51590000e-04 1.64200000e-05 1.32580000e-04 -3.74390000e-04 -9.91500000e-04 4.02160000e-04 5.77500000e-05 4.40750000e-04 1.82450000e-04 -2.21360000e-04 -8.45000000e-06 -3.34300000e-05 -4.69190000e-04 5.36400000e-05 -1.50380000e-04 5.99510000e-04 -4.45650000e-04 3.73270000e-04 -1.35600000e-05 6.99380000e-04 3.75000000e-04 5.44310000e-04 -1.21851000e-03 3.23770000e-04 -2.12300000e-04 2.83920000e-04 2.57590000e-04 4.30930000e-04 -5.38020000e-04 -2.49100000e-05 1.71160000e-04 9.43470000e-04 1.72730000e-04 6.72730000e-04 1.04823000e-03 6.69290000e-04 -2.33590000e-04 1.77213000e-03 -2.34830000e-04 -2.22870000e-04 -2.42830000e-04 -3.80200000e-05 2.62450000e-04 -2.72340000e-04 -9.18800000e-05 9.28340000e-04 2.13300000e-04 5.99780000e-04 3.66440000e-04 2.64380000e-04 -2.57040000e-04 1.20492000e-03 3.74000000e-06 -2.23880000e-04 -9.17030000e-04 5.66790000e-04 6.70900000e-05 1.97764500e-02 4.01000000e-05 1.37288000e-03 2.91260000e-04 4.38150000e-04 1.15340000e-03 3.14550000e-04 -5.31080000e-04 -2.90890000e-04 -6.79630000e-04 -1.67570000e-04 -9.48100000e-05 1.14150000e-04 -9.98300000e-05 -5.48710000e-04 2.30400000e-04 -9.01800000e-05 -5.85300000e-04 6.62700000e-05 8.83420000e-04 -3.72140000e-04 -6.01900000e-05 -3.18020000e-04 2.19090000e-04 -4.68130000e-04 4.39090000e-04 -2.28900000e-05 -6.34000000e-05 2.15540000e-04 -6.13300000e-05
-1.74247000e-03 1.12581000e-03 1.99850000e-03 -5.78740000e-04 6.42100000e-05 -1.67164000e-03 -1.42345000e-03 -1.20850000e-04 -7.84250000e-04 1.98016000e-03 3.99469000e-03 -2.76420000e-04 -1.16485000e-03 1.13085000e-03 -1.72426000e-03 1.02371000e-03 3.68490000e-04 -4.36240000e-04 2.28966000e-03 1.40050000e-04 2.64790000e-04 9.61040000e-04 8.34990000e-04 9.63300000e-05 -7.52510000e-04 -8.45770000e-04 3.06420000e-04 6.32200000e-04 -1.78029000e-03 -6.12080000e-04 -1.07110000e-03 -3.92850000e-04 -1.41012000e-03 -2.19379000e-03 -5.69200000e-04 8.49000000e-06 -3.16270000e-04 1.30125000e-03 -2.82850000e-04 -3.07410000e-04 -1.23339000e-03 1.47646000e-03 -3.41447000e-03 3.70300000e-04 2.69219000e-03 1.54450000e-03 3.82589000e-03 5.85600000e-05 -9.56780000e-04 3.53552000e-03 -7.35210000e-04 1.15590000e-03 -3.26334000e-03 2.93580000e-04 -1.48449000e-03 2.43530000e-04 7.21060000e-04 4.11650000e-04 -3.73196000e-03 -2.08361000e-03 2.02700000e-04 3.43327000e-03 3.48780000e-04 2.02416000e-03 4.22410000e-03 4.58883000e-03 -1.61633000e-03 8.39704000e-03 -2.18110000e-03 -1.59764000e-03 1.27709000e-03 -6.06790000e-04 1.07104000e-03 4.19100000e-05 -1.64791000e-03 4.08292000e-03 -4.94130000e-04 1.03312000e-03 3.83300000e-04 6.63530000e-04 -1.91139000e-03 4.88870000e-03 -8.07770000e-04 -1.00308000e-03 -2.75965000e-03 6.84300000e-04 1.02400000e-04 4.01000000e-05 3.54455300e-02 5.48994000e-03 1.04678000e-03 -4.19460000e-04 5.13340000e-03 2.28656000e-03 -2.30687000e-03 -7.66050000e-04 -1.88104000e-03 2.06400000e-04 1.34108000e-03 1.18747000e-03 -4.05713000e-03 -5.10700000e-05 9.51370000e-04 -1.43501000e-03 -7.62630000e-04 -1.89600000e-03 3.92174000e-03 -2.28752000e-03 6.37620000e-04 -1.43051000e-03 1.23388000e-03 -2.08001000e-03 1.82900000e-03 -2.15470000e-04 1.07600000e-04 7.55950000e-04 -1.00512000e-03
-2.42685000e-03 1.34867000e-03 5.91639000e-03 -1.19810000e-03 8.36440000e-04 -8.12078000e-03 -2.26285000e-03 1.00736000e-03 -4.81170000e-04 4.13383000e-03 8.96428000e-03 3.30740000e-04 -4.40317000e-03 1.12099000e-03 -4.90613000e-03 1.02374000e-03 -6.09340000e-04 -1.69793000e-03 5.92617000e-03 -1.62340000e-03 3.37500000e-05 2.60034000e-03 1.45562000e-03 -9.23400000e-05 -1.89886000e-03 -2.96210000e-04 -6.49100000e-05 1.80998000e-03 -2.63067000e-03 -9.42650000e-04 -1.28380000e-04 -6.69270000e-04 -1.77603000e-03 -5.05811000e-03 -4.51888000e-03 1.35217000e-03 -1.14902000e-03 3.87620000e-03 1.01230000e-04 -1.51987000e-03 -2.04838000e-03 1.56825000e-03 -7.08539000e-03 3.16310000e-04 2.78208000e-03 5.28245000e-03 4.61699000e-03 1.89223000e-03 -1.63530000e-03 8.14727000e-03 2.89040000e-04 3.90366000e-03 -9.58748000e-03 1.50613000e-03 -3.32756000e-03 1.35242000e-03 1.77733000e-03 1.66905000e-03 -7.74638000e-03 -3.34307000e-03 9.82350000e-04 9.22242000e-03 5.00910000e-04 5.39422000e-03 1.09276300e-02 9.75437000e-03 -3.73915000e-03 1.97302700e-02 -4.38589000e-03 -3.63677000e-03 8.19910000e-04 -1.16812000e-03 2.60332000e-03 -1.22225000e-03 -2.91827000e-03 1.02268500e-02 -1.40710000e-04 3.83349000e-03 2.23689000e-03 2.08718000e-03 -4.04168000e-03 1.22554900e-02 -1.41516000e-03 -2.51743000e-03 -8.04395000e-03 2.76521000e-03 -4.16460000e-04 1.37288000e-03 5.48994000e-03 4.36667000e-02 2.31570000e-03 1.26767000e-03 1.28966300e-02 4.99183000e-03 -5.34901000e-03 -2.67813000e-03 -5.50512000e-03 -3.83670000e-04 1.62352000e-03 2.36819000e-03 -6.49469000e-03 -2.02653000e-03 2.48742000e-03 -2.93750000e-03 -3.79764000e-03 -2.56314000e-03 1.00936900e-02 -5.18553000e-03 7.33200000e-04 -3.70597000e-03 2.77918000e-03 -5.32170000e-03 4.93095000e-03 -2.97990000e-04 -1.75280000e-04 2.18884000e-03 -1.85541000e-03
-4.03390000e-04 3.47060000e-04 9.90540000e-04 -1.00920000e-04 1.71020000e-04 -1.13805000e-03 -3.32640000e-04 9.42600000e-05 6.96800000e-05 8.65310000e-04 1.50489000e-03 7.39600000e-05 -6.18350000e-04 3.09180000e-04 -6.96680000e-04 3.09570000e-04 -9.04200000e-05 -1.92490000e-04 1.07761000e-03 -4.08050000e-04 1.81030000e-04 4.17990000e-04 3.81350000e-04 1.44010000e-04 -3.09950000e-04 -5.50520000e-04 5.96000000e-06 4.57700000e-04 -5.07000000e-04 -5.12300000e-05 -1.99680000e-04 2.92100000e-05 -3.81010000e-04 -8.61690000e-04 -7.09730000e-04 2.04620000e-04 -7.26000000e-06 6.09900000e-04 6.40200000e-05 -1.61550000e-04 -3.63480000e-04 5.11580000e-04 -1.23704000e-03 2.17610000e-04 8.09280000e-04 5.16230000e-04 7.17340000e-04 1.31330000e-04 -2.68700000e-04 1.31082000e-03 -1.40090000e-04 6.20790000e-04 -1.63444000e-03 3.74770000e-04 -4.85550000e-04 2.52000000e-04 4.73620000e-04 4.04240000e-04 -1.37033000e-03 -5.16050000e-04 3.02770000e-04 1.42446000e-03 1.91060000e-04 1.19548000e-03 1.68889000e-03 1.70624000e-03 -5.64150000e-04 3.21542000e-03 -6.97850000e-04 -5.61650000e-04 8.82100000e-05 -1.01640000e-04 5.80120000e-04 -1.46650000e-04 -5.00010000e-04 1.60761000e-03 6.76500000e-05 6.42060000e-04 2.80600000e-04 3.28700000e-04 -6.48360000e-04 1.99410000e-03 -2.30690000e-04 -3.11090000e-04 -1.30460000e-03 5.40510000e-04 -7.06000000e-06 2.91260000e-04 1.04678000e-03 2.31570000e-03 1.26358500e-02 3.34500000e-05 2.03574000e-03 7.09710000e-04 -9.37010000e-04 -3.70410000e-04 -9.38510000e-04 1.01010000e-04 2.15820000e-04 5.23450000e-04 -1.22890000e-03 -5.24060000e-04 3.70620000e-04 -3.70490000e-04 -3.18400000e-04 -4.98410000e-04 1.56360000e-03 -6.76430000e-04 1.90110000e-04 -5.66470000e-04 4.99480000e-04 -8.27230000e-04 8.35980000e-04 -5.02000000e-06 -1.17400000e-05 1.60000000e-04 -2.28460000e-04
2.53890000e-04 -5.90370000e-04 8.48090000e-04 -2.22140000e-04 4.47040000e-04 -3.16499000e-03 2.64740000e-04 5.16370000e-04 2.00460000e-04 -9.12400000e-05 2.21450000e-04 5.36710000e-04 -9.32720000e-04 -6.01820000e-04 -4.93970000e-04 -6.12950000e-04 -3.71630000e-04 -2.01470000e-04 2.68100000e-04 -9.86660000e-04 -4.48100000e-04 5.55070000e-04 -2.32470000e-04 -1.77870000e-04 -7.59100000e-05 1.35917000e-03 -1.22240000e-04 9.50400000e-05 5.45970000e-04 -1.61900000e-05 1.29658000e-03 -2.39210000e-04 9.61930000e-04 -8.35400000e-05 -2.12662000e-03 8.13270000e-04 1.92000000e-05 4.70210000e-04 3.52400000e-04 -3.05980000e-04 2.10210000e-04 -1.06033000e-03 -1.70220000e-04 -4.33680000e-04 -1.90184000e-03 1.74828000e-03 -1.82048000e-03 1.19123000e-03 1.75760000e-04 1.17400000e-03 1.27603000e-03 8.44470000e-04 -1.70397000e-03 -1.68200000e-05 -1.73610000e-04 6.29990000e-04 -3.09650000e-04 3.01290000e-04 -1.92200000e-04 1.52600000e-04 -4.91600000e-05 1.33441000e-03 -3.80540000e-04 5.85490000e-04 1.48776000e-03 9.00000000e-05 -2.70530000e-04 1.63990000e-03 -2.70020000e-04 -7.05900000e-05 -3.11370000e-04 -2.36970000e-04 9.78600000e-05 -3.81430000e-04 2.44540000e-04 1.36719000e-03 3.28680000e-04 8.68220000e-04 6.08130000e-04 6.85780000e-04 -2.19600000e-05 8.79160000e-04 8.42500000e-05 -5.96140000e-04 -1.15367000e-03 6.74440000e-04 -2.75060000e-04 4.38150000e-04 -4.19460000e-04 1.26767000e-03 3.34500000e-05 2.77865300e-02 1.32960000e-03 9.13670000e-04 -4.65680000e-04 -2.94530000e-04 -1.15157000e-03 -7.60380000e-04 7.53600000e-05 -1.17910000e-04 5.57010000e-04 -3.06570000e-04 6.30650000e-04 1.23030000e-04 -1.45598000e-03 7.58780000e-04 1.56849000e-03 -9.05340000e-04 -1.07610000e-04 -4.36700000e-04 4.73460000e-04 -5.51140000e-04 5.67490000e-04 8.14900000e-05 -7.08700000e-05 1.19751000e-03 -9.33100000e-05
-2.30183000e-03 1.18467000e-03 5.45988000e-03 -1.24922000e-03 7.72360000e-04 -7.86033000e-03 -2.15229000e-03 9.21450000e-04 -6.74740000e-04 3.75531000e-03 8.39340000e-03 2.73850000e-04 -4.10378000e-03 1.01341000e-03 -4.57908000e-03 8.83050000e-04 -5.01260000e-04 -1.58679000e-03 5.38459000e-03 -1.40747000e-03 -1.21550000e-04 2.49901000e-03 1.20680000e-03 -2.31290000e-04 -1.77630000e-03 8.06300000e-05 1.92500000e-05 1.55270000e-03 -2.46810000e-03 -9.77910000e-04 -5.55200000e-05 -7.57380000e-04 -1.50406000e-03 -4.82028000e-03 -4.33443000e-03 1.18058000e-03 -1.11950000e-03 3.59581000e-03 1.10080000e-04 -1.38523000e-03 -1.93335000e-03 1.22138000e-03 -6.79181000e-03 1.72350000e-04 2.24047000e-03 5.18956000e-03 4.33170000e-03 1.90440000e-03 -1.60316000e-03 7.84067000e-03 4.02100000e-04 3.63656000e-03 -8.97022000e-03 1.13705000e-03 -3.13303000e-03 1.24997000e-03 1.43522000e-03 1.43486000e-03 -7.20615000e-03 -3.15176000e-03 7.22310000e-04 8.66784000e-03 3.48920000e-04 4.74083000e-03 1.02701000e-02 9.10806000e-03 -3.53900000e-03 1.84929900e-02 -4.11627000e-03 -3.53926000e-03 9.38520000e-04 -1.20557000e-03 2.31202000e-03 -1.11908000e-03 -2.78591000e-03 9.65396000e-03 -2.07210000e-04 3.59679000e-03 2.00749000e-03 1.99277000e-03 -3.92078000e-03 1.13387600e-02 -1.31111000e-03 -2.46163000e-03 -7.65158000e-03 2.47244000e-03 -4.45410000e-04 1.15340000e-03 5.13340000e-03 1.28966300e-02 2.03574000e-03 1.32960000e-03 4.91849700e-02 4.98701000e-03 -4.87734000e-03 -2.46367000e-03 -5.06869000e-03 -5.32620000e-04 1.77252000e-03 2.13442000e-03 -5.94331000e-03 -1.46039000e-03 2.45800000e-03 -2.74852000e-03 -3.75345000e-03 -2.30908000e-03 9.67261000e-03 -4.99654000e-03 7.66230000e-04 -3.50147000e-03 2.72547000e-03 -4.98230000e-03 4.61158000e-03 -2.61470000e-04 -3.83700000e-05 2.55085000e-03 -1.80003000e-03
-1.28535000e-03 1.95000000e-04 2.11168000e-03 -8.74320000e-04 4.26190000e-04 -4.84509000e-03 -9.11750000e-04 3.44700000e-04 -5.91740000e-04 1.29557000e-03 3.66011000e-03 2.43480000e-04 -1.78396000e-03 1.94910000e-04 -1.76723000e-03 9.45700000e-05 -7.14600000e-05 -6.37490000e-04 1.63792000e-03 -7.07360000e-04 -3.75430000e-04 1.34482000e-03 1.33500000e-04 -2.42690000e-04 -7.32620000e-04 1.04066000e-03 1.53120000e-04 3.99480000e-04 -9.85970000e-04 -5.23420000e-04 2.98780000e-04 -7.18090000e-04 -9.86600000e-05 -2.04845000e-03 -2.82132000e-03 5.01880000e-04 -4.05550000e-04 1.27212000e-03 1.95430000e-04 -4.24960000e-04 -8.53570000e-04 -2.03010000e-04 -3.01621000e-03 -2.19050000e-04 -2.53060000e-04 2.99791000e-03 8.07990000e-04 1.17931000e-03 -7.85570000e-04 4.03716000e-03 6.54780000e-04 1.54145000e-03 -4.25582000e-03 -7.64800000e-05 -1.28765000e-03 7.33430000e-04 1.15600000e-05 4.36610000e-04 -3.03102000e-03 -1.52008000e-03 -1.68990000e-04 3.91347000e-03 -1.15210000e-04 1.90986000e-03 4.68017000e-03 3.80965000e-03 -1.63960000e-03 7.86715000e-03 -1.80962000e-03 -1.67030000e-03 7.75880000e-04 -8.21710000e-04 7.09920000e-04 -3.48230000e-04 -1.15723000e-03 4.47589000e-03 -1.01750000e-04 1.51413000e-03 6.68920000e-04 1.20436000e-03 -1.82510000e-03 4.25234000e-03 -5.30440000e-04 -1.62310000e-03 -3.61917000e-03 9.41290000e-04 -2.36460000e-04 3.14550000e-04 2.28656000e-03 4.99183000e-03 7.09710000e-04 9.13670000e-04 4.98701000e-03 2.34094700e-02 -2.17409000e-03 -8.82800000e-04 -2.43742000e-03 -9.00970000e-04 1.28278000e-03 7.46680000e-04 -2.65003000e-03 2.79540000e-04 1.51526000e-03 -9.89450000e-04 -2.20514000e-03 -6.44210000e-04 4.84861000e-03 -2.91970000e-03 5.50620000e-04 -1.62391000e-03 1.59083000e-03 -2.20169000e-03 2.01455000e-03 -5.05600000e-05 2.67140000e-04 2.06264000e-03 -9.06710000e-04
1.63536000e-03 -4.19590000e-04 -2.22581000e-03 7.46210000e-04 -3.59960000e-04 4.59615000e-03 1.00597000e-03 -6.06320000e-04 -1.86000000e-05 -1.57669000e-03 -4.08564000e-03 -2.06880000e-04 1.95549000e-03 -3.17060000e-04 2.08538000e-03 -2.92860000e-04 2.84800000e-04 7.17270000e-04 -1.87543000e-03 1.29559000e-03 9.80000000e-05 -1.13308000e-03 -5.80340000e-04 -1.00810000e-04 7.99340000e-04 -4.28200000e-04 6.72400000e-05 -5.86550000e-04 9.93510000e-04 3.77140000e-04 -1.05270000e-04 5.90420000e-04 6.14420000e-04 2.03055000e-03 3.03957000e-03 -6.49580000e-04 2.36190000e-04 -1.27281000e-03 -6.73600000e-05 7.03980000e-04 8.19270000e-04 -3.08020000e-04 2.74006000e-03 -2.37300000e-05 -3.95110000e-04 -2.44001000e-03 -5.88000000e-05 -8.18280000e-04 6.36430000e-04 -3.36245000e-03 -2.66820000e-04 -1.56675000e-03 4.72427000e-03 -5.39860000e-04 1.32772000e-03 -6.37660000e-04 -3.68960000e-04 -7.01910000e-04 3.46513000e-03 1.70084000e-03 -2.51340000e-04 -3.78792000e-03 -1.94000000e-04 -2.93167000e-03 -4.60633000e-03 -3.94881000e-03 1.59361000e-03 -7.59032000e-03 1.85097000e-03 1.54321000e-03 -3.69170000e-04 7.09460000e-04 -9.36140000e-04 4.98150000e-04 1.14456000e-03 -4.29738000e-03 -8.56000000e-06 -1.44613000e-03 -9.81240000e-04 -1.03126000e-03 1.74001000e-03 -4.34260000e-03 5.03700000e-04 1.68997000e-03 3.60011000e-03 -1.19239000e-03 2.22390000e-04 -5.31080000e-04 -2.30687000e-03 -5.34901000e-03 -9.37010000e-04 -4.65680000e-04 -4.87734000e-03 -2.17409000e-03 5.73373400e-02 1.05498000e-03 2.79306000e-03 5.01820000e-04 -4.71120000e-04 -1.03109000e-03 3.39954000e-03 8.54250000e-04 -1.02388000e-03 1.31346000e-03 1.84726000e-03 1.00493000e-03 -4.44837000e-03 2.99901000e-03 -2.40750000e-04 1.59348000e-03 -1.12377000e-03 2.38512000e-03 -2.11292000e-03 1.92500000e-04 2.47300000e-04 -4.78600000e-04 9.38070000e-04
4.89700000e-04 -1.03930000e-04 -1.09975000e-03 2.39100000e-04 -1.37380000e-04 1.69702000e-03 4.68260000e-04 -2.64130000e-04 6.23800000e-05 -7.09540000e-04 -1.89770000e-03 -7.71500000e-05 1.09075000e-03 -9.60300000e-05 1.21315000e-03 -3.19500000e-05 2.69310000e-04 5.34350000e-04 -1.00122000e-03 2.06950000e-04 1.08370000e-04 -4.97340000e-04 -1.27700000e-04 1.23070000e-04 4.85630000e-04 -2.63990000e-04 1.49290000e-04 -2.64570000e-04 4.36530000e-04 1.67430000e-04 -1.01520000e-04 1.76530000e-04 3.87860000e-04 9.28650000e-04 9.34730000e-04 -1.87320000e-04 3.78660000e-04 -7.42610000e-04 -1.23500000e-05 5.83200000e-04 4.01790000e-04 -1.61000000e-05 1.17463000e-03 8.80000000e-07 -8.33900000e-05 -1.19707000e-03 -8.05890000e-04 -4.25830000e-04 3.16540000e-04 -1.48085000e-03 -1.28950000e-04 -7.35760000e-04 1.80110000e-03 -3.54990000e-04 6.41220000e-04 -2.28660000e-04 -3.09450000e-04 -2.17110000e-04 1.40128000e-03 5.74590000e-04 -1.63160000e-04 -1.87966000e-03 -1.28100000e-04 -8.71700000e-04 -2.17224000e-03 -1.84914000e-03 8.21510000e-04 -3.76765000e-03 7.64230000e-04 7.14950000e-04 6.29000000e-06 2.39470000e-04 -4.30110000e-04 3.66760000e-04 4.78910000e-04 -1.96689000e-03 1.73600000e-05 -6.93800000e-04 -5.21300000e-04 -4.09250000e-04 7.38480000e-04 -2.32493000e-03 2.86250000e-04 5.36830000e-04 1.55946000e-03 -4.51350000e-04 1.44160000e-04 -2.90890000e-04 -7.66050000e-04 -2.67813000e-03 -3.70410000e-04 -2.94530000e-04 -2.46367000e-03 -8.82800000e-04 1.05498000e-03 1.82535800e-02 1.17876000e-03 2.81610000e-04 -1.01210000e-04 -3.75410000e-04 1.23316000e-03 5.25860000e-04 -4.18860000e-04 7.63430000e-04 9.71960000e-04 4.86720000e-04 -2.00278000e-03 1.15700000e-03 -2.26000000e-06 8.65110000e-04 -4.08010000e-04 1.20662000e-03 -9.86500000e-04 1.27180000e-04 1.44650000e-04 -3.12390000e-04 4.97220000e-04
1.25202000e-03 9.67200000e-05 -2.43285000e-03 7.13840000e-04 -6.20580000e-04 5.63936000e-03 7.04880000e-04 -8.13910000e-04 -2.28820000e-04 -1.41784000e-03 -3.85744000e-03 -5.62930000e-04 2.41313000e-03 8.63800000e-05 2.09271000e-03 1.94450000e-04 5.59730000e-04 7.99270000e-04 -1.70893000e-03 1.86756000e-03 3.76990000e-04 -1.32873000e-03 -3.25050000e-04 3.29100000e-05 8.52370000e-04 -9.11990000e-04 2.50350000e-04 -6.16770000e-04 5.57850000e-04 3.05400000e-04 -8.63640000e-04 5.82430000e-04 -4.56200000e-05 1.69464000e-03 3.92923000e-03 -1.05461000e-03 1.39340000e-04 -1.31641000e-03 -2.60280000e-04 7.73180000e-04 7.04490000e-04 4.48920000e-04 2.48228000e-03 2.21650000e-04 9.77820000e-04 -3.12656000e-03 9.44970000e-04 -1.41778000e-03 4.58890000e-04 -3.71207000e-03 -9.19470000e-04 -1.86423000e-03 5.03485000e-03 -4.71550000e-04 1.25238000e-03 -9.86010000e-04 -1.77800000e-04 -7.74990000e-04 3.13567000e-03 1.37998000e-03 -2.41990000e-04 -4.18623000e-03 5.88600000e-05 -3.06949000e-03 -4.93739000e-03 -3.51698000e-03 1.64588000e-03 -7.82654000e-03 1.90068000e-03 1.26377000e-03 -1.14200000e-05 7.70390000e-04 -9.80540000e-04 6.90710000e-04 7.73030000e-04 -4.60907000e-03 -2.18090000e-04 -1.76715000e-03 -1.10616000e-03 -1.36367000e-03 1.37084000e-03 -4.20668000e-03 4.40760000e-04 1.76165000e-03 3.67922000e-03 -1.46128000e-03 4.29590000e-04 -6.79630000e-04 -1.88104000e-03 -5.50512000e-03 -9.38510000e-04 -1.15157000e-03 -5.06869000e-03 -2.43742000e-03 2.79306000e-03 1.17876000e-03 3.04422000e-02 8.37740000e-04 -4.05490000e-04 -9.35480000e-04 2.80054000e-03 1.23306000e-03 -1.27189000e-03 9.87870000e-04 2.26212000e-03 4.83380000e-04 -4.89027000e-03 3.16877000e-03 -1.25090000e-04 1.79190000e-03 -1.30432000e-03 2.51933000e-03 -2.24539000e-03 1.22850000e-04 3.67270000e-04 -1.08502000e-03 9.73340000e-04
3.16530000e-04 4.62150000e-04 -2.50240000e-04 3.14810000e-04 -2.93220000e-04 3.01815000e-03 -2.90200000e-05 5.72900000e-05 5.63700000e-05 2.23140000e-04 8.73300000e-05 -3.36520000e-04 7.18650000e-04 4.83290000e-04 5.61020000e-04 5.23720000e-04 1.61690000e-04 2.64000000e-04 3.70420000e-04 2.79490000e-04 4.60510000e-04 -4.75950000e-04 2.98240000e-04 1.24960000e-04 8.75900000e-05 -1.35138000e-03 2.01600000e-05 2.08240000e-04 -3.39030000e-04 6.67900000e-05 -9.04540000e-04 4.02550000e-04 -5.83530000e-04 -2.38500000e-05 1.58432000e-03 -3.27960000e-04 4.12000000e-05 -8.81500000e-05 -2.16810000e-04 6.01600000e-04 -1.12870000e-04 1.08331000e-03 -1.63680000e-04 3.92130000e-04 1.86313000e-03 -1.47741000e-03 1.51639000e-03 -7.51980000e-04 -3.65900000e-05 -9.05680000e-04 -9.49400000e-04 -3.76350000e-04 1.15027000e-03 1.44290000e-04 1.39300000e-05 -3.86980000e-04 4.40490000e-04 2.08400000e-05 3.92300000e-05 3.80900000e-05 2.85350000e-04 -8.63180000e-04 5.01050000e-04 -1.42700000e-04 -1.04337000e-03 2.56090000e-04 3.25750000e-04 -6.34450000e-04 1.07810000e-04 1.50680000e-04 -5.22000000e-05 2.58920000e-04 1.50700000e-04 1.67930000e-04 -1.84940000e-04 -9.30550000e-04 -1.53830000e-04 -2.78080000e-04 -3.74220000e-04 -5.26990000e-04 1.03240000e-04 -1.49930000e-04 2.88200000e-05 7.46700000e-04 7.21960000e-04 -1.88410000e-04 9.88200000e-05 -1.67570000e-04 2.06400000e-04 -3.83670000e-04 1.01010000e-04 -7.60380000e-04 -5.32620000e-04 -9.00970000e-04 5.01820000e-04 2.81610000e-04 8.37740000e-04 3.94793400e-02 -1.15890000e-04 5.46370000e-04 1.85120000e-04 -2.66820000e-04 -4.91520000e-04 1.17240000e-04 1.75155000e-03 -4.98240000e-04 -9.84410000e-04 1.27829000e-03 9.61000000e-06 4.10070000e-04 -3.27660000e-04 5.85630000e-04 -3.14500000e-05 -1.74100000e-05 5.04700000e-05 -1.09373000e-03 3.30000000e-04
-4.95470000e-04 3.07950000e-04 6.10060000e-04 -3.21320000e-04 2.28300000e-05 -8.09660000e-04 -4.80080000e-04 -1.55290000e-04 -6.24530000e-04 4.86950000e-04 1.17979000e-03 -1.29830000e-04 -2.33820000e-04 3.42760000e-04 -3.73470000e-04 2.89730000e-04 2.89850000e-04 -6.28200000e-05 6.37860000e-04 3.26750000e-04 -3.27000000e-05 4.19270000e-04 6.30900000e-05 -1.36750000e-04 -1.93510000e-04 8.77600000e-05 2.69940000e-04 6.69800000e-05 -6.30720000e-04 -3.17140000e-04 -2.91960000e-04 -2.57170000e-04 -2.23750000e-04 -8.19210000e-04 -1.62620000e-04 -7.77500000e-05 -1.52110000e-04 4.25310000e-04 -5.63300000e-05 1.05590000e-04 -4.39970000e-04 2.69840000e-04 -1.39150000e-03 -1.59700000e-05 6.35790000e-04 8.22740000e-04 1.57453000e-03 1.87650000e-04 -4.19700000e-04 1.55831000e-03 -3.84000000e-05 3.78210000e-04 -9.61820000e-04 -2.93370000e-04 -4.96610000e-04 1.02430000e-04 -3.60000000e-07 2.87500000e-05 -1.11131000e-03 -6.85030000e-04 -2.12700000e-04 1.19176000e-03 -1.13500000e-05 1.59040000e-04 1.45818000e-03 1.52591000e-03 -5.57290000e-04 2.95527000e-03 -7.34380000e-04 -6.73300000e-04 7.25920000e-04 -3.08640000e-04 1.96510000e-04 1.07020000e-04 -6.36300000e-04 1.48069000e-03 -2.53280000e-04 3.85230000e-04 -4.71200000e-05 2.82200000e-04 -7.90970000e-04 1.58495000e-03 -2.60760000e-04 -3.83630000e-04 -1.03588000e-03 1.16000000e-04 5.03100000e-05 -9.48100000e-05 1.34108000e-03 1.62352000e-03 2.15820000e-04 7.53600000e-05 1.77252000e-03 1.28278000e-03 -4.71120000e-04 -1.01210000e-04 -4.05490000e-04 -1.15890000e-04 1.29374000e-02 2.66430000e-04 -1.02316000e-03 7.01900000e-04 5.72890000e-04 -3.28910000e-04 -4.46450000e-04 -4.75920000e-04 1.56996000e-03 -8.11240000e-04 3.82870000e-04 -4.64290000e-04 6.66330000e-04 -5.76820000e-04 5.70570000e-04 -2.87200000e-05 3.23220000e-04 1.10951000e-03 -3.30050000e-04
-4.77480000e-04 3.89520000e-04 9.54600000e-04 -1.91560000e-04 1.20030000e-04 -6.83890000e-04 -4.48930000e-04 4.36650000e-04 2.46900000e-05 9.36950000e-04 2.18706000e-03 -2.89900000e-05 -6.13590000e-04 3.88390000e-04 -6.92090000e-04 3.55540000e-04 -6.15100000e-05 -2.07900000e-04 1.12278000e-03 -5.40100000e-04 1.17450000e-04 4.19940000e-04 3.27050000e-04 7.60800000e-05 -3.75510000e-04 -4.80510000e-04 2.82000000e-05 4.70100000e-04 -6.46000000e-04 -1.36140000e-04 -3.74400000e-04 -3.16500000e-05 -5.27420000e-04 -1.06046000e-03 -7.59090000e-04 1.15790000e-04 -1.96000000e-05 5.94950000e-04 -1.14200000e-05 8.29900000e-05 -5.08370000e-04 5.92020000e-04 -1.53746000e-03 2.00850000e-04 9.71320000e-04 4.19780000e-04 7.70620000e-04 2.58500000e-05 -3.36720000e-04 1.36432000e-03 -3.25750000e-04 5.80510000e-04 -1.76915000e-03 2.43430000e-04 -5.96220000e-04 2.08880000e-04 4.00850000e-04 3.34680000e-04 -1.62124000e-03 -6.66930000e-04 2.72050000e-04 1.40647000e-03 3.73480000e-04 1.24936000e-03 1.69208000e-03 2.26431000e-03 -6.40870000e-04 3.34370000e-03 -8.13330000e-04 -7.05420000e-04 1.60650000e-04 -1.79270000e-04 5.75300000e-04 -1.40910000e-04 -6.48810000e-04 1.65993000e-03 -6.99000000e-06 6.31180000e-04 1.66920000e-04 3.08210000e-04 -8.54250000e-04 2.02245000e-03 -2.31960000e-04 -3.84820000e-04 -1.52670000e-03 4.58910000e-04 -1.43470000e-04 1.14150000e-04 1.18747000e-03 2.36819000e-03 5.23450000e-04 -1.17910000e-04 2.13442000e-03 7.46680000e-04 -1.03109000e-03 -3.75410000e-04 -9.35480000e-04 5.46370000e-04 2.66430000e-04 2.20811800e-02 -1.41635000e-03 -4.95170000e-04 3.50510000e-04 -4.55890000e-04 1.85540000e-04 -6.36080000e-04 2.05474000e-03 -7.09310000e-04 2.09620000e-04 -6.28490000e-04 5.20370000e-04 -8.58750000e-04 1.24297000e-03 -3.78100000e-05 2.54200000e-05 -6.09900000e-05 -2.63910000e-04
2.69989000e-03 -1.18591000e-03 -2.27644000e-03 8.99550000e-04 -5.70300000e-05 3.06065000e-03 1.84817000e-03 -1.19840000e-04 6.86920000e-04 -2.36913000e-03 -5.71269000e-03 3.15540000e-04 1.92088000e-03 -1.16434000e-03 2.60292000e-03 -1.01599000e-03 -1.03610000e-04 8.83940000e-04 -2.23054000e-03 3.61870000e-04 -1.65840000e-04 -1.17207000e-03 -9.62600000e-04 -8.47400000e-05 1.12427000e-03 6.98800000e-04 -1.31020000e-04 -6.40390000e-04 2.01756000e-03 6.95180000e-04 1.10544000e-03 6.87400000e-04 1.78657000e-03 2.81279000e-03 1.75100000e-03 6.86900000e-05 6.96410000e-04 -1.35947000e-03 3.38090000e-04 7.17920000e-04 1.50040000e-03 -1.33651000e-03 3.82528000e-03 -3.83240000e-04 -2.23379000e-03 -2.18654000e-03 -2.94765000e-03 -1.32620000e-04 1.13985000e-03 -3.99049000e-03 8.19180000e-04 -1.38464000e-03 4.58854000e-03 -5.52180000e-04 1.83717000e-03 -2.66440000e-04 -6.88850000e-04 -4.74350000e-04 4.67589000e-03 2.70569000e-03 -2.24790000e-04 -4.34451000e-03 -5.00290000e-04 -3.17930000e-03 -5.36715000e-03 -5.62293000e-03 2.17893000e-03 -9.83926000e-03 2.59403000e-03 2.19828000e-03 -1.12800000e-03 8.96130000e-04 -1.18993000e-03 2.60150000e-04 1.95436000e-03 -5.05694000e-03 5.41070000e-04 -1.12370000e-03 -7.10890000e-04 -8.17240000e-04 2.48893000e-03 -5.36114000e-03 9.30450000e-04 1.80886000e-03 3.80814000e-03 -8.33720000e-04 4.73700000e-05 -9.98300000e-05 -4.05713000e-03 -6.49469000e-03 -1.22890000e-03 5.57010000e-04 -5.94331000e-03 -2.65003000e-03 3.39954000e-03 1.23316000e-03 2.80054000e-03 1.85120000e-04 -1.02316000e-03 -1.41635000e-03 2.96814600e-02 4.07750000e-04 -1.00285000e-03 2.07168000e-03 1.41254000e-03 2.26698000e-03 -4.99110000e-03 3.62640000e-03 -5.90780000e-04 1.97030000e-03 -1.36439000e-03 2.97073000e-03 -2.40409000e-03 3.20650000e-04 2.19640000e-04 -2.11190000e-04 1.48793000e-03
-1.71540000e-04 3.83700000e-05 -1.01083000e-03 -1.83790000e-04 -3.12990000e-04 1.09331000e-03 -9.12200000e-05 -4.88770000e-04 -8.42610000e-04 -6.65740000e-04 -8.31700000e-04 -3.60670000e-04 9.24950000e-04 9.97800000e-05 6.97040000e-04 7.51100000e-05 5.36400000e-04 2.61610000e-04 -1.03440000e-03 1.17464000e-03 -1.14780000e-04 -2.26250000e-04 -4.04200000e-04 -2.32470000e-04 2.61210000e-04 5.92100000e-04 3.64820000e-04 -5.67880000e-04 -8.66400000e-05 -1.89260000e-04 -3.74260000e-04 -2.87190000e-04 1.05330000e-04 2.51090000e-04 1.11079000e-03 -6.69930000e-04 -1.47810000e-04 -5.77660000e-04 -1.31870000e-04 3.49660000e-04 4.04700000e-05 -1.98940000e-04 3.16730000e-04 -1.50610000e-04 -1.03870000e-04 -2.58720000e-04 6.90120000e-04 -3.01920000e-04 -1.34140000e-04 -4.41780000e-04 -1.26750000e-04 -7.02610000e-04 1.52706000e-03 -8.10290000e-04 2.66540000e-04 -3.81430000e-04 -6.09080000e-04 -5.70090000e-04 7.84880000e-04 -2.79000000e-05 -6.71800000e-04 -1.06111000e-03 -1.28740000e-04 -1.50481000e-03 -1.16973000e-03 -7.55270000e-04 2.88510000e-04 -1.92619000e-03 4.15710000e-04 -4.49200000e-05 7.42470000e-04 -1.17670000e-04 -6.58470000e-04 4.33360000e-04 -6.15500000e-05 -1.00987000e-03 -3.65760000e-04 -7.22810000e-04 -5.92800000e-04 -2.96840000e-04 -2.66000000e-05 -1.50243000e-03 5.51000000e-05 4.14400000e-05 8.35200000e-04 -8.03860000e-04 2.02120000e-04 -5.48710000e-04 -5.10700000e-05 -2.02653000e-03 -5.24060000e-04 -3.06570000e-04 -1.46039000e-03 2.79540000e-04 8.54250000e-04 5.25860000e-04 1.23306000e-03 -2.66820000e-04 7.01900000e-04 -4.95170000e-04 4.07750000e-04 1.88499700e-02 -1.16000000e-06 1.54090000e-04 1.70650000e-04 7.40600000e-05 -9.01200000e-04 1.78910000e-04 2.65170000e-04 4.39630000e-04 -4.72000000e-06 6.84390000e-04 -7.20010000e-04 1.04300000e-05 4.90160000e-04 7.02190000e-04 2.93600000e-05
-4.03140000e-04 -3.76000000e-06 1.12197000e-03 -3.56010000e-04 3.16480000e-04 -2.70360000e-03 -2.72270000e-04 2.30900000e-04 -1.37250000e-04 5.97960000e-04 1.52717000e-03 2.79300000e-04 -9.15150000e-04 -3.57000000e-05 -8.02230000e-04 -6.12900000e-05 -9.53900000e-05 -2.73120000e-04 8.82470000e-04 -4.92610000e-04 -2.23800000e-04 7.17760000e-04 4.44200000e-05 -5.04900000e-05 -3.02490000e-04 6.28700000e-04 4.27600000e-05 2.87160000e-04 -3.39180000e-04 -1.80080000e-04 3.47950000e-04 -2.86640000e-04 1.34400000e-04 -8.70850000e-04 -1.58605000e-03 4.20360000e-04 -9.96800000e-05 6.86300000e-04 1.98120000e-04 -2.16740000e-04 -3.20180000e-04 -2.02030000e-04 -1.33492000e-03 -1.45880000e-04 -2.94960000e-04 1.54768000e-03 4.54900000e-05 7.13980000e-04 -3.00640000e-04 2.02500000e-03 4.93480000e-04 8.50030000e-04 -2.20699000e-03 3.14300000e-05 -5.53320000e-04 4.95070000e-04 3.73900000e-05 2.78610000e-04 -1.35222000e-03 -5.73880000e-04 -2.80000000e-07 1.95191000e-03 -1.54410000e-04 1.01921000e-03 2.32283000e-03 1.70265000e-03 -7.36440000e-04 3.71488000e-03 -8.00340000e-04 -6.76680000e-04 2.67180000e-04 -3.19870000e-04 3.96850000e-04 -1.77730000e-04 -4.20150000e-04 2.22160000e-03 9.27100000e-05 8.54240000e-04 4.04720000e-04 7.06310000e-04 -7.35110000e-04 2.13810000e-03 -2.33810000e-04 -7.46080000e-04 -1.78855000e-03 5.66530000e-04 -1.60680000e-04 2.30400000e-04 9.51370000e-04 2.48742000e-03 3.70620000e-04 6.30650000e-04 2.45800000e-03 1.51526000e-03 -1.02388000e-03 -4.18860000e-04 -1.27189000e-03 -4.91520000e-04 5.72890000e-04 3.50510000e-04 -1.00285000e-03 -1.16000000e-06 9.70806000e-03 -3.24060000e-04 -1.16363000e-03 -1.06330000e-04 2.40770000e-03 -1.31218000e-03 2.65400000e-04 -7.62770000e-04 8.16160000e-04 -1.01780000e-03 1.00543000e-03 3.68400000e-05 1.66130000e-04 1.08065000e-03 -3.04320000e-04
1.03095000e-03 -4.70790000e-04 -1.04167000e-03 3.88840000e-04 9.90500000e-05 1.05222000e-03 8.71380000e-04 -1.22740000e-04 3.90840000e-04 -9.02470000e-04 -2.44047000e-03 2.06660000e-04 9.67020000e-04 -4.51900000e-04 1.38897000e-03 -3.83840000e-04 5.34000000e-06 5.26440000e-04 -1.07733000e-03 -2.28840000e-04 2.01000000e-06 -4.27010000e-04 -3.14770000e-04 1.70380000e-04 5.29820000e-04 3.71200000e-05 1.46500000e-05 -1.62210000e-04 8.42170000e-04 3.59410000e-04 4.04040000e-04 3.29140000e-04 8.71800000e-04 1.28042000e-03 3.84060000e-04 9.79000000e-05 6.04540000e-04 -7.42730000e-04 2.21530000e-04 5.87560000e-04 5.82550000e-04 -4.55740000e-04 1.58004000e-03 -9.19600000e-05 -8.79490000e-04 -1.09501000e-03 -1.87897000e-03 -1.50580000e-04 5.01330000e-04 -1.58744000e-03 2.86200000e-04 -6.08610000e-04 1.70868000e-03 -2.91490000e-04 8.78590000e-04 1.74200000e-05 -3.13590000e-04 -8.93100000e-05 1.92142000e-03 1.10324000e-03 -6.24100000e-05 -1.94654000e-03 -2.63570000e-04 -8.11510000e-04 -2.35006000e-03 -2.39963000e-03 9.81000000e-04 -4.37488000e-03 1.04593000e-03 1.01967000e-03 -4.25880000e-04 3.89380000e-04 -4.11560000e-04 2.19750000e-04 8.48530000e-04 -2.13123000e-03 3.33230000e-04 -4.95060000e-04 -4.87680000e-04 -2.69200000e-04 1.07270000e-03 -2.59434000e-03 4.11990000e-04 6.61820000e-04 1.62023000e-03 -2.54190000e-04 1.32400000e-05 -9.01800000e-05 -1.43501000e-03 -2.93750000e-03 -3.70490000e-04 1.23030000e-04 -2.74852000e-03 -9.89450000e-04 1.31346000e-03 7.63430000e-04 9.87870000e-04 1.17240000e-04 -3.28910000e-04 -4.55890000e-04 2.07168000e-03 1.54090000e-04 -3.24060000e-04 3.16010500e-02 8.91080000e-04 1.02320000e-03 -2.10261000e-03 1.49284000e-03 -7.01000000e-05 9.04270000e-04 -3.80870000e-04 1.34738000e-03 -1.03165000e-03 2.47810000e-04 1.56740000e-04 -1.27230000e-04 7.43660000e-04
8.45330000e-04 3.28700000e-04 -1.77751000e-03 7.08680000e-04 -5.33350000e-04 5.75084000e-03 4.44950000e-04 -3.29920000e-04 1.64820000e-04 -5.72370000e-04 -1.92974000e-03 -5.23760000e-04 1.96648000e-03 4.41110000e-04 1.86301000e-03 4.75430000e-04 3.84660000e-04 7.21600000e-04 -9.76560000e-04 8.52100000e-04 6.24530000e-04 -1.16032000e-03 2.62100000e-05 2.73210000e-04 4.97890000e-04 -1.81108000e-03 7.38000000e-05 -1.14560000e-04 6.32400000e-05 3.35260000e-04 -1.27719000e-03 7.11260000e-04 -4.66920000e-04 1.16529000e-03 3.16966000e-03 -8.72200000e-04 5.18430000e-04 -1.08274000e-03 -2.84910000e-04 1.00291000e-03 2.19220000e-04 1.06343000e-03 1.38909000e-03 5.01160000e-04 1.83547000e-03 -3.24843000e-03 1.02404000e-03 -1.56799000e-03 2.64260000e-04 -2.90396000e-03 -1.42460000e-03 -1.47106000e-03 3.72082000e-03 -1.90820000e-04 8.80030000e-04 -7.91820000e-04 2.18740000e-04 -3.78090000e-04 1.81356000e-03 8.25660000e-04 1.30760000e-04 -3.27344000e-03 5.33790000e-04 -1.40557000e-03 -3.90074000e-03 -1.81137000e-03 1.21688000e-03 -5.39510000e-03 1.15445000e-03 1.02842000e-03 -1.59180000e-04 6.48980000e-04 -3.68310000e-04 5.74240000e-04 4.08760000e-04 -3.54874000e-03 -1.33600000e-04 -1.33436000e-03 -1.16533000e-03 -1.14822000e-03 1.02042000e-03 -3.08472000e-03 3.07500000e-04 1.55571000e-03 2.83731000e-03 -9.48580000e-04 2.65410000e-04 -5.85300000e-04 -7.62630000e-04 -3.79764000e-03 -3.18400000e-04 -1.45598000e-03 -3.75345000e-03 -2.20514000e-03 1.84726000e-03 9.71960000e-04 2.26212000e-03 1.75155000e-03 -4.46450000e-04 1.85540000e-04 1.41254000e-03 1.70650000e-04 -1.16363000e-03 8.91080000e-04 2.87925700e-02 -1.38710000e-04 -3.54930000e-03 2.75619000e-03 -5.36700000e-05 1.30773000e-03 -9.70650000e-04 1.90941000e-03 -1.22196000e-03 5.85900000e-05 1.54000000e-04 -1.85118000e-03 7.89850000e-04
1.01151000e-03 -8.27790000e-04 -7.82830000e-04 2.17930000e-04 2.80260000e-04 -6.53380000e-04 9.46640000e-04 1.86840000e-04 4.40420000e-04 -1.07904000e-03 -2.31826000e-03 4.57260000e-04 3.85410000e-04 -8.39640000e-04 9.03700000e-04 -7.82340000e-04 -1.99020000e-04 3.16290000e-04 -1.18342000e-03 -5.56310000e-04 -3.51520000e-04 -1.50420000e-04 -5.02000000e-04 5.05000000e-06 4.78450000e-04 9.79710000e-04 -6.15900000e-05 -2.50700000e-04 1.22299000e-03 3.19750000e-04 1.16975000e-03 8.69600000e-05 1.30339000e-03 1.28359000e-03 -6.88870000e-04 4.25710000e-04 4.01060000e-04 -5.79410000e-04 3.46670000e-04 2.61840000e-04 7.65380000e-04 -1.20342000e-03 1.83110000e-03 -3.87110000e-04 -2.18772000e-03 -6.47100000e-05 -3.00073000e-03 4.52520000e-04 6.59180000e-04 -1.19385000e-03 1.01302000e-03 -2.78390000e-04 9.29160000e-04 -2.62010000e-04 7.90550000e-04 3.01470000e-04 -5.91320000e-04 -9.37700000e-05 1.92681000e-03 1.15025000e-03 -1.42370000e-04 -1.36508000e-03 -4.86240000e-04 -7.33370000e-04 -1.66663000e-03 -2.50472000e-03 8.17940000e-04 -4.03306000e-03 1.00767000e-03 9.74950000e-04 -5.83690000e-04 2.31330000e-04 -4.92410000e-04 1.29300000e-05 1.03099000e-03 -1.57042000e-03 4.52330000e-04 -2.21940000e-04 -4.27100000e-05 7.00300000e-05 1.08736000e-03 -2.41138000e-03 4.57790000e-04 2.36150000e-04 1.09077000e-03 -7.35000000e-05 -1.51220000e-04 6.62700000e-05 -1.89600000e-03 -2.56314000e-03 -4.98410000e-04 7.58780000e-04 -2.30908000e-03 -6.44210000e-04 1.00493000e-03 4.86720000e-04 4.83380000e-04 -4.98240000e-04 -4.75920000e-04 -6.36080000e-04 2.26698000e-03 7.40600000e-05 -1.06330000e-04 1.02320000e-03 -1.38710000e-04 2.34872800e-02 -1.33509000e-03 7.97140000e-04 -2.35720000e-04 6.60440000e-04 -2.90940000e-04 9.92040000e-04 -7.64190000e-04 2.39750000e-04 2.70700000e-05 3.30300000e-04 5.69890000e-04
-2.15947000e-03 4.63470000e-04 4.34447000e-03 -1.42221000e-03 8.83290000e-04 -8.56920000e-03 -1.69316000e-03 1.25973000e-03 -4.64280000e-04 2.83262000e-03 7.52740000e-03 4.83480000e-04 -3.78581000e-03 4.03280000e-04 -3.78942000e-03 2.40210000e-04 -4.79680000e-04 -1.33119000e-03 3.69576000e-03 -2.04280000e-03 -5.43830000e-04 2.45994000e-03 5.46370000e-04 -3.51460000e-04 -1.52063000e-03 1.15416000e-03 8.80000000e-05 1.11109000e-03 -1.72883000e-03 -8.37530000e-04 6.25450000e-04 -1.03010000e-03 -5.56140000e-04 -4.01424000e-03 -5.50496000e-03 1.18989000e-03 -7.43200000e-04 2.66418000e-03 3.02850000e-04 -1.00013000e-03 -1.57914000e-03 -6.70000000e-05 -5.59599000e-03 -2.14890000e-04 -1.39540000e-04 5.10965000e-03 1.12105000e-03 2.02008000e-03 -1.24463000e-03 7.13490000e-03 1.02437000e-03 3.10080000e-03 -8.50712000e-03 4.74090000e-04 -2.51121000e-03 1.45555000e-03 5.21410000e-04 1.14319000e-03 -6.00452000e-03 -2.64694000e-03 2.34090000e-04 7.36308000e-03 2.04190000e-04 4.17580000e-03 8.77873000e-03 7.64767000e-03 -3.09891000e-03 1.47922400e-02 -3.44709000e-03 -3.05522000e-03 8.34230000e-04 -1.34010000e-03 1.70696000e-03 -9.48660000e-04 -2.14696000e-03 8.33131000e-03 1.06800000e-05 3.09468000e-03 1.58085000e-03 2.15062000e-03 -3.39659000e-03 8.47288000e-03 -9.47300000e-04 -2.79598000e-03 -7.08872000e-03 2.11486000e-03 -5.99210000e-04 8.83420000e-04 3.92174000e-03 1.00936900e-02 1.56360000e-03 1.56849000e-03 9.67261000e-03 4.84861000e-03 -4.44837000e-03 -2.00278000e-03 -4.89027000e-03 -9.84410000e-04 1.56996000e-03 2.05474000e-03 -4.99110000e-03 -9.01200000e-04 2.40770000e-03 -2.10261000e-03 -3.54930000e-03 -1.33509000e-03 2.36570700e-02 -5.13398000e-03 6.67580000e-04 -3.16596000e-03 2.62534000e-03 -4.34566000e-03 4.40997000e-03 -1.85460000e-04 4.15600000e-05 2.80994000e-03 -1.72932000e-03
2.04074000e-03 -7.75000000e-05 -2.09318000e-03 1.06896000e-03 -3.63490000e-04 5.73701000e-03 1.16833000e-03 -6.43370000e-04 4.21140000e-04 -1.24720000e-03 -4.37119000e-03 -2.37890000e-04 2.31957000e-03 -8.12000000e-05 2.34633000e-03 6.48800000e-05 2.43520000e-04 8.93680000e-04 -1.18740000e-03 1.13882000e-03 5.04850000e-04 -1.33102000e-03 -2.09190000e-04 2.45740000e-04 8.81860000e-04 -1.54686000e-03 3.44100000e-05 -2.22790000e-04 8.12310000e-04 5.96950000e-04 -6.32610000e-04 1.01312000e-03 2.43680000e-04 1.94730000e-03 3.67941000e-03 -6.22650000e-04 5.52770000e-04 -1.13930000e-03 -3.00000000e-05 9.68090000e-04 8.46980000e-04 5.66910000e-04 2.61128000e-03 3.54370000e-04 1.08897000e-03 -3.58755000e-03 4.10410000e-04 -1.32685000e-03 6.43780000e-04 -3.88280000e-03 -8.37870000e-04 -1.63889000e-03 4.85256000e-03 -1.00750000e-04 1.41068000e-03 -7.24510000e-04 2.20930000e-04 -4.36350000e-04 3.36127000e-03 1.93209000e-03 2.18430000e-04 -4.23478000e-03 4.40900000e-05 -2.58311000e-03 -5.12762000e-03 -3.83049000e-03 1.86803000e-03 -7.91055000e-03 2.04670000e-03 1.67649000e-03 -6.29580000e-04 1.06280000e-03 -6.11280000e-04 5.48570000e-04 1.09408000e-03 -4.77167000e-03 1.71220000e-04 -1.39112000e-03 -1.05875000e-03 -1.27483000e-03 1.79658000e-03 -3.94208000e-03 5.47250000e-04 2.23334000e-03 3.77399000e-03 -1.04489000e-03 3.06890000e-04 -3.72140000e-04 -2.28752000e-03 -5.18553000e-03 -6.76430000e-04 -9.05340000e-04 -4.99654000e-03 -2.91970000e-03 2.99901000e-03 1.15700000e-03 3.16877000e-03 1.27829000e-03 -8.11240000e-04 -7.09310000e-04 3.62640000e-03 1.78910000e-04 -1.31218000e-03 1.49284000e-03 2.75619000e-03 7.97140000e-04 -5.13398000e-03 8.48363000e-02 -2.19660000e-04 1.86648000e-03 -1.35062000e-03 2.69808000e-03 -2.15871000e-03 2.70390000e-04 2.98240000e-04 -1.37235000e-03 1.38637000e-03
-2.39350000e-04 2.51660000e-04 2.74580000e-04 -1.10490000e-04 6.47100000e-05 -3.53920000e-04 -1.80450000e-04 -1.29380000e-04 -2.08540000e-04 3.87280000e-04 5.95420000e-04 -5.17400000e-05 -3.53000000e-05 2.37460000e-04 -1.52490000e-04 2.27540000e-04 1.12140000e-04 -7.00000000e-06 3.83670000e-04 4.54200000e-05 5.80600000e-05 2.21690000e-04 1.36250000e-04 5.25100000e-05 -8.84400000e-05 -2.66780000e-04 1.57850000e-04 1.54690000e-04 -3.56680000e-04 -7.79800000e-05 -3.02830000e-04 -2.68900000e-05 -1.64650000e-04 -5.04020000e-04 -1.05360000e-04 -9.69300000e-05 -8.68000000e-06 1.88850000e-04 4.29400000e-05 1.31950000e-04 -2.20950000e-04 3.09960000e-04 -7.41360000e-04 1.10450000e-04 5.47480000e-04 1.10600000e-04 5.93910000e-04 -5.07900000e-05 -2.27250000e-04 6.78130000e-04 -1.87630000e-04 1.44510000e-04 -5.69330000e-04 -3.96400000e-05 -1.96000000e-04 5.29200000e-05 1.22070000e-04 6.42100000e-05 -5.82830000e-04 -2.73420000e-04 1.67400000e-05 4.74730000e-04 -3.13000000e-06 3.34460000e-04 6.07130000e-04 8.09360000e-04 -2.25480000e-04 1.26482000e-03 -2.70230000e-04 -3.93260000e-04 2.87360000e-04 -5.87300000e-05 1.93890000e-04 6.73300000e-05 -3.39970000e-04 6.45460000e-04 -4.12600000e-05 1.85570000e-04 -8.00700000e-05 9.77000000e-05 -4.81180000e-04 7.28460000e-04 -1.02820000e-04 -1.42810000e-04 -5.91210000e-04 6.11100000e-05 4.38000000e-06 -6.01900000e-05 6.37620000e-04 7.33200000e-04 1.90110000e-04 -1.07610000e-04 7.66230000e-04 5.50620000e-04 -2.40750000e-04 -2.26000000e-06 -1.25090000e-04 9.61000000e-06 3.82870000e-04 2.09620000e-04 -5.90780000e-04 2.65170000e-04 2.65400000e-04 -7.01000000e-05 -5.36700000e-05 -2.35720000e-04 6.67580000e-04 -2.19660000e-04 9.73006000e-03 -1.71640000e-04 3.68330000e-04 -2.52480000e-04 2.75860000e-04 8.84600000e-05 2.21510000e-04 3.65900000e-04 -3.61500000e-05
8.68250000e-04 -1.71220000e-04 -1.52848000e-03 4.85000000e-04 -2.29800000e-04 2.77159000e-03 7.03820000e-04 -3.25290000e-04 1.94080000e-04 -1.03733000e-03 -2.79208000e-03 -9.90600000e-05 1.43623000e-03 -1.84470000e-04 1.48854000e-03 -9.67000000e-05 2.35560000e-04 6.03040000e-04 -1.30065000e-03 5.39230000e-04 1.63840000e-04 -7.99050000e-04 -1.85850000e-04 1.69320000e-04 6.42480000e-04 -3.16400000e-04 6.90400000e-05 -3.40250000e-04 7.13040000e-04 3.06870000e-04 -9.57600000e-05 3.58830000e-04 3.77480000e-04 1.43652000e-03 1.69668000e-03 -3.00440000e-04 3.77550000e-04 -9.38430000e-04 -3.99400000e-05 5.39150000e-04 6.42000000e-04 -1.48200000e-05 1.98288000e-03 3.79800000e-05 -4.96600000e-05 -1.77238000e-03 -8.34980000e-04 -6.35240000e-04 5.16310000e-04 -2.44959000e-03 -2.21600000e-04 -1.04880000e-03 2.83937000e-03 -2.41020000e-04 9.38770000e-04 -4.06210000e-04 -2.59870000e-04 -3.47600000e-04 2.17145000e-03 1.00731000e-03 -8.42100000e-05 -2.68837000e-03 -1.16050000e-04 -1.42270000e-03 -3.16196000e-03 -2.74432000e-03 1.19371000e-03 -5.51786000e-03 1.26660000e-03 1.12158000e-03 -2.33740000e-04 4.86040000e-04 -6.03660000e-04 4.00860000e-04 7.97220000e-04 -2.95504000e-03 7.10000000e-05 -1.01734000e-03 -5.58250000e-04 -6.76680000e-04 1.21091000e-03 -3.11451000e-03 3.86550000e-04 9.52020000e-04 2.40849000e-03 -6.83840000e-04 1.85830000e-04 -3.18020000e-04 -1.43051000e-03 -3.70597000e-03 -5.66470000e-04 -4.36700000e-04 -3.50147000e-03 -1.62391000e-03 1.59348000e-03 8.65110000e-04 1.79190000e-03 4.10070000e-04 -4.64290000e-04 -6.28490000e-04 1.97030000e-03 4.39630000e-04 -7.62770000e-04 9.04270000e-04 1.30773000e-03 6.60440000e-04 -3.16596000e-03 1.86648000e-03 -1.71640000e-04 3.80470000e-02 -8.35020000e-04 1.67695000e-03 -1.46166000e-03 1.34830000e-04 8.37800000e-05 -8.18940000e-04 7.30770000e-04
-5.74390000e-04 1.80200000e-04 1.21832000e-03 -3.91170000e-04 3.10680000e-04 -2.51085000e-03 -4.13830000e-04 1.71770000e-04 -2.61420000e-04 8.45830000e-04 1.96863000e-03 1.35540000e-04 -9.07560000e-04 1.62940000e-04 -9.33610000e-04 1.31330000e-04 -7.82600000e-05 -2.77610000e-04 1.04990000e-03 -5.55070000e-04 -1.12220000e-04 7.66300000e-04 1.80070000e-04 -4.93900000e-05 -3.83180000e-04 1.31600000e-04 1.37780000e-04 3.57390000e-04 -5.06710000e-04 -2.23960000e-04 1.38660000e-04 -2.63360000e-04 -9.46000000e-06 -1.17744000e-03 -1.52909000e-03 2.84710000e-04 -1.44300000e-04 7.23700000e-04 1.69260000e-04 -1.63030000e-04 -4.44050000e-04 5.85700000e-05 -1.66540000e-03 -1.54800000e-05 9.53000000e-05 1.43561000e-03 3.99470000e-04 5.60860000e-04 -3.67520000e-04 2.19160000e-03 3.22940000e-04 8.73080000e-04 -2.42069000e-03 4.54600000e-05 -6.77630000e-04 4.98240000e-04 1.35990000e-04 3.47340000e-04 -1.65667000e-03 -7.27250000e-04 4.19500000e-05 2.07580000e-03 -3.14400000e-05 1.22922000e-03 2.48297000e-03 2.12989000e-03 -8.34180000e-04 4.27080000e-03 -9.78190000e-04 -8.94960000e-04 3.36240000e-04 -3.69840000e-04 5.22260000e-04 -1.85160000e-04 -6.66430000e-04 2.40971000e-03 2.80600000e-05 8.99430000e-04 3.29680000e-04 6.25410000e-04 -1.01136000e-03 2.35511000e-03 -2.64880000e-04 -7.58210000e-04 -2.03144000e-03 6.10490000e-04 -1.38700000e-04 2.19090000e-04 1.23388000e-03 2.77918000e-03 4.99480000e-04 4.73460000e-04 2.72547000e-03 1.59083000e-03 -1.12377000e-03 -4.08010000e-04 -1.30432000e-03 -3.27660000e-04 6.66330000e-04 5.20370000e-04 -1.36439000e-03 -4.72000000e-06 8.16160000e-04 -3.80870000e-04 -9.70650000e-04 -2.90940000e-04 2.62534000e-03 -1.35062000e-03 3.68330000e-04 -8.35020000e-04 3.19272200e-02 -1.12958000e-03 1.16371000e-03 5.97300000e-05 1.84810000e-04 1.12641000e-03 -3.81040000e-04
1.36140000e-03 -3.51380000e-04 -2.19658000e-03 6.84690000e-04 -3.26160000e-04 3.98681000e-03 1.02467000e-03 -4.49710000e-04 2.31630000e-04 -1.54706000e-03 -3.95108000e-03 -1.22360000e-04 2.02105000e-03 -3.30300000e-04 2.17530000e-03 -2.18730000e-04 3.29510000e-04 8.50380000e-04 -1.89585000e-03 8.10220000e-04 1.76240000e-04 -1.11278000e-03 -4.07400000e-04 1.57340000e-04 8.84820000e-04 -3.36600000e-04 7.51300000e-05 -5.20230000e-04 1.00204000e-03 4.27300000e-04 -9.29200000e-05 4.97550000e-04 6.11920000e-04 2.08756000e-03 2.42225000e-03 -4.39740000e-04 5.21010000e-04 -1.35751000e-03 -3.94800000e-05 7.75450000e-04 8.72170000e-04 -1.59520000e-04 2.79053000e-03 2.69000000e-06 -2.35740000e-04 -2.45842000e-03 -1.06468000e-03 -8.62000000e-04 7.01840000e-04 -3.35648000e-03 -2.55340000e-04 -1.51053000e-03 4.12282000e-03 -4.48990000e-04 1.34771000e-03 -5.32800000e-04 -4.20080000e-04 -5.38950000e-04 3.15932000e-03 1.48305000e-03 -1.88740000e-04 -3.79811000e-03 -1.55310000e-04 -2.23255000e-03 -4.50587000e-03 -3.87375000e-03 1.66068000e-03 -7.77636000e-03 1.78978000e-03 1.61698000e-03 -3.26450000e-04 6.60950000e-04 -8.87720000e-04 5.76850000e-04 1.15752000e-03 -4.19646000e-03 9.92200000e-05 -1.43918000e-03 -8.83420000e-04 -9.13260000e-04 1.75252000e-03 -4.44985000e-03 5.45380000e-04 1.39063000e-03 3.44136000e-03 -1.00594000e-03 2.50740000e-04 -4.68130000e-04 -2.08001000e-03 -5.32170000e-03 -8.27230000e-04 -5.51140000e-04 -4.98230000e-03 -2.20169000e-03 2.38512000e-03 1.20662000e-03 2.51933000e-03 5.85630000e-04 -5.76820000e-04 -8.58750000e-04 2.97073000e-03 6.84390000e-04 -1.01780000e-03 1.34738000e-03 1.90941000e-03 9.92040000e-04 -4.34566000e-03 2.69808000e-03 -2.52480000e-04 1.67695000e-03 -1.12958000e-03 1.73648500e-02 -2.00654000e-03 1.72000000e-04 1.85250000e-04 -9.62650000e-04 1.02557000e-03
-9.39660000e-04 3.42710000e-04 2.10097000e-03 -5.52170000e-04 3.84070000e-04 -3.37467000e-03 -7.99720000e-04 7.53220000e-04 -9.95400000e-05 1.49444000e-03 3.88470000e-03 1.88670000e-04 -1.74645000e-03 3.04670000e-04 -1.82441000e-03 2.38480000e-04 -2.82070000e-04 -6.31540000e-04 1.94347000e-03 -1.02641000e-03 -1.37180000e-04 1.08433000e-03 3.79190000e-04 -9.61100000e-05 -7.52990000e-04 1.68000000e-04 -1.60000000e-05 6.80190000e-04 -8.69230000e-04 -3.39730000e-04 1.29690000e-04 -3.47250000e-04 -4.73900000e-04 -1.94566000e-03 -2.35283000e-03 5.19410000e-04 -4.12630000e-04 1.31584000e-03 1.11100000e-04 -4.07700000e-04 -7.79580000e-04 2.56070000e-04 -2.65237000e-03 3.15700000e-05 3.87380000e-04 2.11156000e-03 7.55890000e-04 7.90220000e-04 -5.57060000e-04 3.15160000e-03 2.55320000e-04 1.46029000e-03 -3.93738000e-03 4.13650000e-04 -1.21660000e-03 6.49460000e-04 4.42810000e-04 6.02150000e-04 -2.93204000e-03 -1.22282000e-03 2.98570000e-04 3.42566000e-03 2.98990000e-04 2.18824000e-03 4.06780000e-03 3.88282000e-03 -1.43367000e-03 7.03060000e-03 -1.61280000e-03 -1.41324000e-03 2.40280000e-04 -5.37610000e-04 9.35110000e-04 -4.82880000e-04 -1.05164000e-03 3.85015000e-03 3.82300000e-05 1.46454000e-03 7.71170000e-04 9.27870000e-04 -1.57355000e-03 4.13122000e-03 -4.60570000e-04 -1.17003000e-03 -3.30387000e-03 1.03591000e-03 -3.18300000e-04 4.39090000e-04 1.82900000e-03 4.93095000e-03 8.35980000e-04 5.67490000e-04 4.61158000e-03 2.01455000e-03 -2.11292000e-03 -9.86500000e-04 -2.24539000e-03 -3.14500000e-05 5.70570000e-04 1.24297000e-03 -2.40409000e-03 -7.20010000e-04 1.00543000e-03 -1.03165000e-03 -1.22196000e-03 -7.64190000e-04 4.40997000e-03 -2.15871000e-03 2.75860000e-04 -1.46166000e-03 1.16371000e-03 -2.00654000e-03 2.39210900e-02 -8.80200000e-05 -3.00500000e-05 8.56460000e-04 -7.32410000e-04
2.06800000e-04 -4.10400000e-05 -7.07600000e-05 7.33100000e-05 1.21730000e-04 -7.62000000e-05 1.93310000e-04 -2.60900000e-05 7.55400000e-05 -2.04000000e-05 -3.79100000e-04 1.00400000e-04 1.07300000e-04 -6.09900000e-05 1.57280000e-04 -5.03900000e-05 -2.13600000e-05 8.58700000e-05 -4.99800000e-05 -1.42680000e-04 -2.72300000e-05 4.36000000e-05 2.02600000e-05 7.08400000e-05 9.20400000e-05 -1.23470000e-04 4.55900000e-05 7.62800000e-05 1.62040000e-04 7.84500000e-05 1.08100000e-04 9.00500000e-05 2.09770000e-04 1.03610000e-04 -8.19200000e-05 6.35400000e-05 7.29300000e-05 -4.46000000e-05 1.08010000e-04 1.79180000e-04 1.11560000e-04 -4.38000000e-05 1.83290000e-04 8.26000000e-06 -1.32250000e-04 -1.19160000e-04 -4.00620000e-04 3.33200000e-05 9.60900000e-05 -1.24360000e-04 8.91400000e-05 -1.67200000e-05 5.92300000e-05 1.47000000e-05 1.18830000e-04 9.22100000e-05 -1.59000000e-06 1.80100000e-05 2.54450000e-04 2.16050000e-04 7.54200000e-05 -1.95820000e-04 -1.38420000e-04 5.60000000e-05 -2.24180000e-04 -3.13090000e-04 1.46850000e-04 -5.39840000e-04 1.62130000e-04 1.10730000e-04 -8.87500000e-05 9.44400000e-05 3.28700000e-05 3.18000000e-05 1.26040000e-04 -1.82720000e-04 1.15360000e-04 1.83700000e-05 -2.74400000e-05 1.98500000e-05 1.09430000e-04 -2.75060000e-04 6.03300000e-05 8.91300000e-05 8.83500000e-05 1.37800000e-05 -5.95700000e-05 -2.28900000e-05 -2.15470000e-04 -2.97990000e-04 -5.02000000e-06 8.14900000e-05 -2.61470000e-04 -5.05600000e-05 1.92500000e-04 1.27180000e-04 1.22850000e-04 -1.74100000e-05 -2.87200000e-05 -3.78100000e-05 3.20650000e-04 1.04300000e-05 3.68400000e-05 2.47810000e-04 5.85900000e-05 2.39750000e-04 -1.85460000e-04 2.70390000e-04 8.84600000e-05 1.34830000e-04 5.97300000e-05 1.72000000e-04 -8.80200000e-05 1.35102700e-02 8.22300000e-05 1.06070000e-04 1.90640000e-04
1.54670000e-04 8.14500000e-05 -6.17800000e-05 -2.26700000e-05 -7.43000000e-06 1.40000000e-04 3.96800000e-05 -1.64270000e-04 -1.74260000e-04 -1.39600000e-05 -1.48080000e-04 -4.07100000e-05 2.97920000e-04 6.14400000e-05 2.50460000e-04 1.05190000e-04 1.49060000e-04 1.07440000e-04 1.07500000e-04 2.97480000e-04 4.91500000e-05 5.06400000e-05 -9.40100000e-05 4.70000000e-07 6.14600000e-05 2.33600000e-05 1.50440000e-04 1.93900000e-05 -1.80080000e-04 1.05000000e-06 -2.43580000e-04 1.26100000e-05 2.67000000e-05 -1.48800000e-04 2.70460000e-04 -1.53030000e-04 7.45000000e-05 6.40000000e-07 9.05600000e-05 2.49040000e-04 -4.12900000e-05 1.49680000e-04 -2.78600000e-04 5.68700000e-05 4.01630000e-04 -1.90590000e-04 4.68990000e-04 -1.19560000e-04 -1.43450000e-04 2.19800000e-04 -1.02780000e-04 -1.04160000e-04 1.19090000e-04 -1.70070000e-04 3.65800000e-05 -9.50000000e-07 1.49600000e-05 -4.79800000e-05 2.72200000e-05 5.10400000e-05 -9.31000000e-05 -1.18860000e-04 9.68000000e-06 -3.35340000e-04 -1.26770000e-04 1.85990000e-04 5.45700000e-05 2.39200000e-05 1.09920000e-04 -1.26540000e-04 2.31230000e-04 4.19200000e-05 -3.64200000e-05 1.54520000e-04 -1.19970000e-04 -5.73000000e-05 -1.70000000e-07 -9.40000000e-06 -2.30590000e-04 -2.98000000e-06 -1.78940000e-04 1.22260000e-04 -1.18000000e-06 1.11390000e-04 -9.54200000e-05 -1.24210000e-04 8.92200000e-05 -6.34000000e-05 1.07600000e-04 -1.75280000e-04 -1.17400000e-05 -7.08700000e-05 -3.83700000e-05 2.67140000e-04 2.47300000e-04 1.44650000e-04 3.67270000e-04 5.04700000e-05 3.23220000e-04 2.54200000e-05 2.19640000e-04 4.90160000e-04 1.66130000e-04 1.56740000e-04 1.54000000e-04 2.70700000e-05 4.15600000e-05 2.98240000e-04 2.21510000e-04 8.37800000e-05 1.84810000e-04 1.85250000e-04 -3.00500000e-05 8.22300000e-05 1.61969800e-02 3.50310000e-04 1.85370000e-04
-1.25750000e-04 -2.26180000e-04 1.13564000e-03 -5.06670000e-04 4.63130000e-04 -3.48995000e-03 -2.32580000e-04 -8.75000000e-06 -6.21520000e-04 3.55940000e-04 8.83170000e-04 2.55020000e-04 -9.70500000e-04 -1.76420000e-04 -7.87440000e-04 -2.73750000e-04 3.10400000e-05 -2.05580000e-04 6.85700000e-04 -2.88190000e-04 -4.76020000e-04 9.52570000e-04 -2.45320000e-04 -4.19880000e-04 -2.42450000e-04 8.98440000e-04 3.18100000e-04 3.50500000e-05 -1.07700000e-04 -3.44420000e-04 8.41930000e-04 -4.09880000e-04 7.02720000e-04 -9.48650000e-04 -1.74425000e-03 4.41230000e-04 -1.93380000e-04 7.34200000e-04 2.62110000e-04 -1.89000000e-04 -2.41080000e-04 -8.35420000e-04 -1.47853000e-03 -4.01970000e-04 -1.32454000e-03 2.13683000e-03 2.25640000e-04 1.11339000e-03 -2.66420000e-04 2.53167000e-03 1.11531000e-03 9.47650000e-04 -2.09820000e-03 -4.72420000e-04 -5.24870000e-04 6.41940000e-04 -3.02240000e-04 1.92750000e-04 -9.42600000e-04 -3.03080000e-04 -3.50860000e-04 2.01330000e-03 -4.72740000e-04 3.62800000e-05 2.34620000e-03 1.24009000e-03 -7.60330000e-04 3.73270000e-03 -8.26490000e-04 -8.16280000e-04 5.33900000e-04 -4.76260000e-04 2.19770000e-04 -1.78490000e-04 -4.36720000e-04 2.33704000e-03 4.16000000e-06 1.03881000e-03 2.85740000e-04 7.81280000e-04 -8.89760000e-04 1.94927000e-03 -1.67340000e-04 -7.23760000e-04 -1.94392000e-03 5.26110000e-04 -1.56730000e-04 2.15540000e-04 7.55950000e-04 2.18884000e-03 1.60000000e-04 1.19751000e-03 2.55085000e-03 2.06264000e-03 -4.78600000e-04 -3.12390000e-04 -1.08502000e-03 -1.09373000e-03 1.10951000e-03 -6.09900000e-05 -2.11190000e-04 7.02190000e-04 1.08065000e-03 -1.27230000e-04 -1.85118000e-03 3.30300000e-04 2.80994000e-03 -1.37235000e-03 3.65900000e-04 -8.18940000e-04 1.12641000e-03 -9.62650000e-04 8.56460000e-04 1.06070000e-04 3.50310000e-04 3.62083000e-02 -4.88710000e-04
8.36520000e-04 -1.44640000e-04 -6.63840000e-04 3.74770000e-04 6.09000000e-06 1.22760000e-03 6.19550000e-04 -1.02980000e-04 3.46150000e-04 -5.26150000e-04 -1.74706000e-03 1.12630000e-04 8.07250000e-04 -2.17950000e-04 9.28690000e-04 -1.06950000e-04 1.67400000e-05 3.73270000e-04 -4.17960000e-04 6.72000000e-05 1.05340000e-04 -3.79690000e-04 -8.69000000e-05 2.23460000e-04 4.01640000e-04 -1.80510000e-04 -1.30500000e-05 -1.98000000e-06 4.57630000e-04 2.91300000e-04 2.56800000e-05 3.37850000e-04 3.44680000e-04 8.06730000e-04 7.28210000e-04 7.21000000e-06 3.64890000e-04 -3.84450000e-04 1.43020000e-04 4.14720000e-04 4.30250000e-04 5.59800000e-05 1.06720000e-03 5.24400000e-05 1.21410000e-04 -1.07406000e-03 -7.71820000e-04 -2.77240000e-04 3.05900000e-04 -1.28927000e-03 -5.14100000e-05 -4.58690000e-04 1.30663000e-03 6.70000000e-07 5.87560000e-04 -8.26100000e-05 6.68000000e-06 -6.04900000e-05 1.25837000e-03 7.85750000e-04 1.24000000e-04 -1.42977000e-03 -1.38160000e-04 -5.65570000e-04 -1.69900000e-03 -1.52031000e-03 7.51090000e-04 -3.02867000e-03 8.34300000e-04 6.92080000e-04 -3.26220000e-04 4.11510000e-04 -2.07790000e-04 1.84790000e-04 5.30190000e-04 -1.57311000e-03 2.45900000e-04 -3.65250000e-04 -2.64070000e-04 -2.81410000e-04 7.28860000e-04 -1.42726000e-03 2.46270000e-04 6.44050000e-04 1.18067000e-03 -2.20100000e-04 3.12600000e-05 -6.13300000e-05 -1.00512000e-03 -1.85541000e-03 -2.28460000e-04 -9.33100000e-05 -1.80003000e-03 -9.06710000e-04 9.38070000e-04 4.97220000e-04 9.73340000e-04 3.30000000e-04 -3.30050000e-04 -2.63910000e-04 1.48793000e-03 2.93600000e-05 -3.04320000e-04 7.43660000e-04 7.89850000e-04 5.69890000e-04 -1.72932000e-03 1.38637000e-03 -3.61500000e-05 7.30770000e-04 -3.81040000e-04 1.02557000e-03 -7.32410000e-04 1.90640000e-04 1.85370000e-04 -4.88710000e-04 1.78187800e-02
