-2.22660000e-04 1.78790000e-04 3.89460000e-04 -3.75400000e-04 -9.34400000e-05 -5.35600000e-05 2.12730000e-04 4.45340000e-04 -2.35200000e-05 3.25080000e-04 -2.29760000e-04 4.24750000e-04 -8.97000000e-06 -1.31100000e-04 -5.18400000e-04 4.63400000e-05 1.16740000e-04 -4.29000000e-04 3.48680000e-04 2.48870000e-04 2.22360000e-04 -2.26000000e-06 -1.29330000e-04 -2.91700000e-05 5.19500000e-04 -3.23400000e-05 6.08000000e-06 2.59420000e-04 -3.74300000e-04 -2.96980000e-04 4.80940000e-04 1.43150000e-04 -5.86000000e-06 -5.44270000e-04 1.64200000e-04 1.63550000e-04 -5.94000000e-06 -7.31400000e-05 -2.66060000e-04 5.33850000e-04 2.47180000e-04 1.81830000e-04 1.06760000e-04 2.05200000e-04 -5.57290000e-04 -2.89600000e-05 6.70700000e-05 1.10600000e-05 4.89630000e-04 9.54300000e-05 -2.80250000e-04 7.74240000e-04 4.41640000e-04 -2.18000000e-04 1.03960000e-04 4.05840000e-04 -2.97740000e-04 -1.46150000e-04 -8.71000000e-06 5.79100000e-05 -3.87310000e-04 2.15020000e-04 1.41280000e-04 6.35990000e-04 -9.61000000e-05 -6.85400000e-05 -3.27440000e-04 3.91750000e-04 3.32900000e-05 5.09330000e-04 5.17500000e-05 3.21580000e-04 2.49360000e-04 -5.99500000e-05 3.18600000e-04 -1.11200000e-04 2.92880000e-04 4.71510000e-04 -2.89000000e-05 2.52940000e-04 3.04940000e-04 1.27058000e-03 1.94410000e-04 2.41530000e-04 -6.65400000e-05 -3.14000000e-04 2.05140000e-04 2.14400000e-05 5.21090000e-04 1.39438000e-03 -1.50350000e-04 7.50000000e-07 1.60970000e-04 -1.36500000e-04 -4.98900000e-05 -1.84770000e-04 3.95890000e-04 5.36400000e-05 1.43950000e-04 8.60200000e-05 3.76430000e-04 -2.38120000e-04 8.48100000e-05 -3.99300000e-04
-1.77400000e-04 4.54530000e-04 -5.98380000e-04 1.60600000e-05 3.69620000e-04 1.06987000e-03 7.97000000e-06 1.46530000e-04 9.83400000e-05 6.43200000e-05 2.89800000e-05 -8.79200000e-05 1.78080000e-04 6.90450000e-04 9.84300000e-05 1.55530000e-04 1.12380000e-04 3.22860000e-04 1.39100000e-05 -3.57980000e-04 1.01464000e-03 -5.42000000e-05 5.09900000e-05 2.33430000e-04 4.24800000e-05 2.47780000e-04 8.86600000e-05 2.50440000e-04 1.26990000e-04 5.15700000e-04 3.25200000e-05 -1.55190000e-04 2.83700000e-05 1.11230000e-04 3.63920000e-04 1.94830000e-04 1.63010000e-04 1.57080000e-04 2.38180000e-04 -2.00200000e-05 -1.86700000e-04 5.05760000e-04 -6.86900000e-05 6.08100000e-05 1.75690000e-04 2.96560000e-04 2.46390000e-04 2.02080000e-04 -1.37770000e-04 2.26950000e-04 2.27010000e-04 -4.15700000e-05 -4.87200000e-05 1.96250000e-04 2.86060000e-04 -5.95000000e-04 -8.31000000e-06 3.85040000e-04 4.69520000e-04 8.63870000e-04 -1.05680000e-04 6.84830000e-04 2.76100000e-05 1.85690000e-04 3.94020000e-04 1.31010000e-04 -1.91500000e-05 6.19000000e-06 6.01340000e-04 -2.10700000e-05 -6.48900000e-05 -5.18970000e-04 5.84100000e-04 2.72160000e-04 1.48830000e-04 5.17700000e-05 -1.74720000e-04 -2.82150000e-04 1.20140000e-04 -2.53440000e-04 4.55500000e-05 5.80520000e-04 9.38000000e-05 1.20120000e-04 2.78520000e-04 1.55970000e-04 6.60200000e-04 3.50830000e-04 -4.38400000e-05 -1.57010000e-04 9.74000000e-05 2.71200000e-04 1.01560000e-04 -3.92630000e-04 2.29000000e-05 4.96900000e-05 4.48980000e-04 -1.72100000e-05 9.31700000e-05 2.32200000e-04 1.56140000e-04 -9.35500000e-05 3.47280000e-04 6.09000000e-04
1.31680000e-04 -7.46780000e-04 1.75374000e-03 -2.98320000e-04 -7.93720000e-04 -3.85208000e-03 9.04560000e-04 4.27530000e-04 2.11880000e-04 3.74260000e-04 -1.71700000e-05 3.83080000e-04 -2.04780000e-04 -2.09207000e-03 -1.07867000e-03 -6.17860000e-04 2.13580000e-04 -3.23500000e-04 2.51670000e-04 1.70574000e-03 -2.57723000e-03 -3.27010000e-04 -1.42990000e-04 -3.70720000e-04 9.48100000e-04 -9.26000000e-05 -5.90020000e-04 7.02900000e-05 -5.63460000e-04 -1.11051000e-03 4.48300000e-04 1.49409000e-03 1.27910000e-04 -1.11663000e-03 -1.73762000e-03 3.46880000e-04 -9.87300000e-05 -7.35590000e-04 -7.25160000e-04 3.84980000e-04 9.05640000e-04 -1.14430000e-03 5.45710000e-04 -2.34870000e-04 -9.44660000e-04 -6.37300000e-04 -2.27300000e-05 -5.42480000e-04 7.06470000e-04 -2.88280000e-04 -7.82000000e-04 1.08413000e-03 7.66730000e-04 -6.82920000e-04 -3.33550000e-04 2.46955000e-03 -2.95900000e-04 -3.05075000e-03 -1.27298000e-03 -2.30580000e-03 8.86920000e-04 -2.56793000e-03 -5.90830000e-04 1.06363000e-03 -4.04360000e-04 -4.60820000e-04 -3.34630000e-04 -3.00470000e-04 -1.34008000e-03 7.30750000e-04 -3.15200000e-04 2.55296000e-03 -1.25920000e-04 -6.13150000e-04 -5.49530000e-04 1.38730000e-04 1.41814000e-03 7.07680000e-04 -6.77350000e-04 1.60466000e-03 5.64090000e-04 7.15120000e-04 -6.46230000e-04 5.26230000e-04 -2.67930000e-04 -1.34083000e-03 -9.28600000e-05 -2.44125000e-03 9.45470000e-04 1.95364000e-03 -4.71840000e-04 -8.27860000e-04 6.61500000e-05 3.66390000e-04 3.95700000e-05 -2.05650000e-04 -1.31921000e-03 6.15560000e-04 -2.40600000e-04 -6.86750000e-04 -1.91630000e-04 -2.81430000e-04 -1.52084000e-03 -1.55149000e-03
-5.24360000e-04 -6.04720000e-04 4.20326000e-03 -2.03473000e-03 -1.60696000e-03 -6.72089000e-03 2.77352000e-03 1.92793000e-03 4.13010000e-04 1.46601000e-03 -1.99230000e-04 1.03890000e-03 -2.30780000e-04 -3.27898000e-03 -3.87609000e-03 -1.85573000e-03 9.69260000e-04 -1.60855000e-03 9.05250000e-04 3.79539000e-03 -3.48324000e-03 -1.05256000e-03 -9.78530000e-04 -7.81650000e-04 3.49578000e-03 -1.69900000e-05 -1.88701000e-03 1.02744000e-03 -2.11739000e-03 -2.82777000e-03 1.43713000e-03 3.54243000e-03 1.06340000e-04 -3.89638000e-03 -2.66402000e-03 1.50906000e-03 -1.02390000e-04 -1.50510000e-03 -1.79352000e-03 1.22777000e-03 2.35992000e-03 -1.00096000e-03 1.14481000e-03 -2.58050000e-04 -3.38382000e-03 -1.10567000e-03 6.97410000e-04 -6.60200000e-04 2.00106000e-03 -8.75110000e-04 -2.85097000e-03 3.34940000e-03 2.76096000e-03 -1.71121000e-03 2.16380000e-04 5.88447000e-03 -1.18607000e-03 -7.15892000e-03 -2.29381000e-03 -3.55268000e-03 3.96560000e-04 -3.73577000e-03 -1.37149000e-03 4.32134000e-03 -3.25800000e-04 -1.46062000e-03 -1.32669000e-03 -3.47350000e-04 -1.59470000e-03 1.59250000e-03 -1.44627000e-03 5.75947000e-03 1.15996000e-03 -4.52410000e-04 -8.40130000e-04 2.78300000e-04 3.89535000e-03 1.82945000e-03 -2.11200000e-03 4.08019000e-03 2.01096000e-03 5.42595000e-03 -1.51402000e-03 1.95763000e-03 -2.79600000e-05 -3.67460000e-03 1.70317000e-03 -5.07675000e-03 3.21026000e-03 7.63899000e-03 -1.06106000e-03 -1.65870000e-03 8.85330000e-04 -1.71180000e-04 5.45500000e-05 -4.42350000e-04 -1.75280000e-03 1.84482000e-03 -2.26340000e-04 -1.10925000e-03 7.10860000e-04 -1.30256000e-03 -2.98778000e-03 -4.57121000e-03
3.77770000e-04 -5.51640000e-04 -1.23760000e-04 8.33240000e-04 -2.06110000e-04 -1.26740000e-04 -5.69680000e-04 -9.40740000e-04 -2.56600000e-04 -7.61750000e-04 1.18300000e-04 -2.72830000e-04 -2.15950000e-04 -2.13110000e-04 1.14566000e-03 2.57530000e-04 -4.27950000e-04 7.49420000e-04 -2.79500000e-04 -3.45880000e-04 -7.65660000e-04 -4.44600000e-05 3.49370000e-04 -1.79340000e-04 -1.04125000e-03 -4.03580000e-04 3.08200000e-04 -7.18300000e-04 7.84820000e-04 5.34340000e-04 -4.20370000e-04 -4.53690000e-04 -9.69700000e-05 1.19019000e-03 -1.74110000e-04 -6.93080000e-04 -2.11200000e-04 1.07440000e-04 9.88900000e-05 -2.19770000e-04 -3.05910000e-04 -5.26370000e-04 -8.82600000e-05 -2.21070000e-04 1.23726000e-03 7.18200000e-05 -4.64070000e-04 -1.36960000e-04 -5.12270000e-04 1.55170000e-04 7.90320000e-04 -5.54060000e-04 -1.05884000e-03 2.52210000e-04 -5.04590000e-04 -5.05410000e-04 2.13330000e-04 8.30670000e-04 -4.17950000e-04 -5.43020000e-04 8.79700000e-04 -5.79180000e-04 1.50360000e-04 -1.41391000e-03 -2.51410000e-04 2.93640000e-04 2.54120000e-04 -1.58510000e-04 -5.83680000e-04 -4.98130000e-04 2.89660000e-04 -4.50200000e-04 -7.96590000e-04 -3.76150000e-04 -1.42610000e-04 -5.96500000e-05 -5.92530000e-04 -1.70240000e-04 3.67270000e-04 -4.86260000e-04 -4.76910000e-04 -2.48426000e-03 9.70400000e-05 -7.49100000e-04 -3.79140000e-04 5.08940000e-04 -1.13327000e-03 2.73130000e-04 -1.16696000e-03 -2.89471000e-03 2.74000000e-05 -2.74500000e-04 -6.78430000e-04 5.84310000e-04 -2.02010000e-04 -7.48700000e-05 -8.19720000e-04 -6.85100000e-04 -5.02410000e-04 -4.00260000e-04 -9.74950000e-04 2.83370000e-04 1.07400000e-04 1.07279000e-03
2.60560000e-04 -1.18800000e-04 -5.98110000e-04 4.36680000e-04 2.08910000e-04 -3.06430000e-04 -4.41700000e-05 -2.34980000e-04 1.89200000e-04 -1.74930000e-04 1.91330000e-04 -2.71980000e-04 1.08920000e-04 -1.47260000e-04 3.88120000e-04 -5.50000000e-07 1.46500000e-05 4.62200000e-04 -2.70100000e-04 -1.02920000e-04 -4.31800000e-04 1.59200000e-05 1.80740000e-04 1.53170000e-04 -3.53520000e-04 1.99790000e-04 7.37900000e-05 -5.44600000e-05 4.20900000e-04 3.29140000e-04 -2.60820000e-04 1.30290000e-04 1.31100000e-04 3.80480000e-04 -3.21270000e-04 2.46900000e-05 1.23150000e-04 6.08500000e-05 2.74310000e-04 -4.06650000e-04 -2.04300000e-04 -1.79340000e-04 5.06000000e-05 -1.31340000e-04 3.91710000e-04 1.11020000e-04 3.34100000e-05 -6.40000000e-07 -3.61800000e-04 6.25100000e-05 3.70650000e-04 -5.86500000e-04 -2.74640000e-04 2.75370000e-04 -8.39300000e-05 -2.85120000e-04 3.03620000e-04 -2.02430000e-04 1.88400000e-05 -2.16340000e-04 5.53850000e-04 -6.16590000e-04 -2.19160000e-04 -3.65790000e-04 2.17060000e-04 1.20220000e-04 3.11700000e-04 -4.00660000e-04 -7.43100000e-05 -1.99340000e-04 6.23800000e-05 -1.29060000e-04 -5.10900000e-05 -8.08900000e-05 -3.33220000e-04 1.49700000e-04 -1.08050000e-04 -4.54490000e-04 7.33500000e-05 -1.14220000e-04 -2.27000000e-04 -9.36640000e-04 -1.77750000e-04 -7.79500000e-05 1.06090000e-04 1.87020000e-04 5.06000000e-05 -3.46300000e-04 -3.33220000e-04 -1.05733000e-03 1.37530000e-04 6.77300000e-05 -4.32200000e-05 9.40200000e-05 1.32990000e-04 2.16130000e-04 -2.95860000e-04 1.09830000e-04 -3.94800000e-05 -3.84100000e-05 -2.73520000e-04 2.61370000e-04 -2.75040000e-04 4.18630000e-04
6.09150000e-04 -1.05021000e-03 1.16037000e-03 6.46430000e-04 -7.24200000e-04 -3.05276000e-03 1.00680000e-04 -5.82850000e-04 -1.23800000e-05 -3.26620000e-04 1.03930000e-04 -4.80100000e-05 -2.93760000e-04 -1.77555000e-03 3.38640000e-04 -1.87630000e-04 -2.05260000e-04 5.75900000e-04 -1.03130000e-04 1.03624000e-03 -2.64701000e-03 -1.19780000e-04 2.59380000e-04 -4.26400000e-04 -3.49660000e-04 -3.66410000e-04 -9.40000000e-05 -6.59140000e-04 3.86140000e-04 -2.63160000e-04 -1.20580000e-04 6.79880000e-04 6.67100000e-05 3.50460000e-04 -1.57627000e-03 -3.82270000e-04 -2.10810000e-04 -4.97490000e-04 -4.22580000e-04 -4.77800000e-05 4.11880000e-04 -1.47966000e-03 3.14260000e-04 -4.09650000e-04 5.61240000e-04 -4.33050000e-04 -4.82320000e-04 -5.64130000e-04 -1.25000000e-06 -8.67400000e-05 1.53290000e-04 1.53780000e-04 -3.50910000e-04 -2.41470000e-04 -7.79330000e-04 1.39537000e-03 9.98700000e-05 -1.47577000e-03 -1.24729000e-03 -2.20038000e-03 1.62741000e-03 -2.48452000e-03 -2.82410000e-04 -6.24470000e-04 -5.34850000e-04 -4.86100000e-05 1.32570000e-04 -3.54580000e-04 -1.62109000e-03 5.90800000e-05 1.15330000e-04 1.47854000e-03 -7.97090000e-04 -7.90700000e-04 -5.12040000e-04 2.96000000e-05 4.46020000e-04 2.86580000e-04 -1.11810000e-04 7.04250000e-04 -9.23300000e-05 -1.95919000e-03 -3.59490000e-04 -3.15310000e-04 -5.30180000e-04 -3.68610000e-04 -1.14019000e-03 -1.45346000e-03 -2.97400000e-04 -1.24946000e-03 -2.09850000e-04 -7.51980000e-04 -5.07020000e-04 9.60140000e-04 -3.40400000e-05 -1.08590000e-04 -1.76561000e-03 -3.31500000e-05 -4.87740000e-04 -7.85070000e-04 -9.68770000e-04 2.22580000e-04 -9.32320000e-04 4.55900000e-05
3.17270000e-04 -2.11630000e-04 -1.09476000e-03 1.10109000e-03 2.46360000e-04 1.69714000e-03 -1.10036000e-03 -1.09782000e-03 -3.34840000e-04 -8.91460000e-04 5.23900000e-05 -3.35090000e-04 -1.42710000e-04 6.70330000e-04 1.80944000e-03 7.44510000e-04 -5.74700000e-04 1.02562000e-03 -3.44440000e-04 -1.14292000e-03 5.06570000e-04 1.90860000e-04 5.02360000e-04 5.54300000e-05 -1.56219000e-03 -3.01670000e-04 7.50700000e-04 -7.44620000e-04 1.07984000e-03 1.18903000e-03 -5.14890000e-04 -1.23594000e-03 -1.12890000e-04 1.87071000e-03 5.60260000e-04 -8.97520000e-04 -1.64390000e-04 4.20760000e-04 4.67770000e-04 -2.69050000e-04 -7.73500000e-04 -1.17810000e-04 -3.47770000e-04 -5.55300000e-05 1.83876000e-03 3.51290000e-04 -5.28820000e-04 2.72000000e-05 -7.67350000e-04 4.59140000e-04 1.35652000e-03 -9.82290000e-04 -1.47406000e-03 5.50670000e-04 -4.53260000e-04 -1.75239000e-03 3.39810000e-04 2.52892000e-03 3.04930000e-04 5.97710000e-04 5.63460000e-04 6.47950000e-04 5.16210000e-04 -2.05092000e-03 -1.41880000e-04 6.10970000e-04 4.12010000e-04 8.41000000e-05 -6.89400000e-05 -5.61330000e-04 6.14030000e-04 -1.72293000e-03 -8.14300000e-04 -2.21010000e-04 2.09530000e-04 -1.40840000e-04 -1.38229000e-03 -4.33710000e-04 8.52000000e-04 -1.36600000e-03 -8.01340000e-04 -2.95709000e-03 5.32430000e-04 -1.02625000e-03 -3.42740000e-04 1.27211000e-03 -1.28366000e-03 1.60927000e-03 -1.62358000e-03 -3.96399000e-03 2.36900000e-04 1.82310000e-04 -7.79460000e-04 4.42840000e-04 -2.21900000e-04 -5.23200000e-05 -1.45640000e-04 -1.07277000e-03 -3.60090000e-04 -3.16700000e-05 -8.99100000e-04 4.25140000e-04 9.92900000e-04 2.10535000e-03
7.81500000e-05 4.85590000e-04 -1.35068000e-03 4.67590000e-04 6.67480000e-04 2.22675000e-03 -6.37750000e-04 -1.90050000e-04 4.33800000e-05 -1.82700000e-04 -2.26600000e-05 -1.22150000e-04 2.29600000e-04 1.08406000e-03 9.07100000e-04 6.53990000e-04 -1.01280000e-04 4.25940000e-04 -9.77600000e-05 -9.73440000e-04 1.43896000e-03 3.53720000e-04 2.82190000e-04 3.75720000e-04 -7.30230000e-04 2.07090000e-04 6.45100000e-04 -4.30000000e-07 5.44190000e-04 9.02060000e-04 -1.29080000e-04 -8.75330000e-04 8.80300000e-05 8.82860000e-04 9.45970000e-04 -2.07900000e-04 1.84480000e-04 4.95070000e-04 5.17940000e-04 -1.67350000e-04 -5.73270000e-04 5.33300000e-04 -2.38650000e-04 2.57220000e-04 7.66370000e-04 4.57680000e-04 -2.04900000e-05 3.14750000e-04 -3.74660000e-04 4.25370000e-04 8.18920000e-04 -6.78660000e-04 -5.37950000e-04 5.57150000e-04 1.25080000e-04 -1.59047000e-03 2.66830000e-04 2.07437000e-03 9.26430000e-04 1.37562000e-03 -2.38160000e-04 1.34316000e-03 4.61000000e-04 -8.27660000e-04 2.43090000e-04 4.74140000e-04 2.80420000e-04 2.89050000e-04 6.99990000e-04 -1.50660000e-04 5.34350000e-04 -1.62003000e-03 4.82800000e-05 1.90160000e-04 4.55530000e-04 -9.38200000e-05 -9.67070000e-04 -4.24230000e-04 6.99120000e-04 -1.09696000e-03 -4.38520000e-04 -7.55410000e-04 6.04770000e-04 -3.38740000e-04 1.42760000e-04 9.96680000e-04 -7.30300000e-05 1.54648000e-03 -6.30270000e-04 -1.48199000e-03 3.29830000e-04 6.59850000e-04 -6.61800000e-05 -1.00610000e-04 3.72400000e-05 1.39990000e-04 8.88300000e-04 -3.88150000e-04 2.67150000e-04 5.10510000e-04 1.06020000e-04 3.35350000e-04 9.90820000e-04 1.34949000e-03
-9.41200000e-05 -1.20314000e-03 4.07771000e-03 -1.19233000e-03 -1.83169000e-03 -7.37474000e-03 2.12782000e-03 1.27463000e-03 1.25660000e-04 9.24770000e-04 -3.10990000e-04 1.17019000e-03 -4.98160000e-04 -4.05311000e-03 -2.87713000e-03 -1.39075000e-03 5.52160000e-04 -1.28146000e-03 8.50640000e-04 3.50987000e-03 -4.62364000e-03 -8.19860000e-04 -5.95780000e-04 -8.96150000e-04 2.58892000e-03 -4.13930000e-04 -1.40033000e-03 4.13780000e-04 -1.56523000e-03 -2.56060000e-03 1.37069000e-03 3.07813000e-03 9.65000000e-05 -2.92318000e-03 -3.01900000e-03 8.34350000e-04 -3.12550000e-04 -1.52204000e-03 -1.81056000e-03 1.39929000e-03 2.07126000e-03 -1.76001000e-03 1.10940000e-03 -2.49060000e-04 -2.51288000e-03 -1.18624000e-03 6.85700000e-05 -9.62210000e-04 1.82706000e-03 -6.27150000e-04 -2.09497000e-03 3.11324000e-03 1.97440000e-03 -1.66056000e-03 -4.41550000e-04 5.41167000e-03 -9.81280000e-04 -6.21233000e-03 -2.71795000e-03 -4.37819000e-03 1.08093000e-03 -4.62443000e-03 -1.08589000e-03 3.01380000e-03 -8.16080000e-04 -1.10367000e-03 -1.07635000e-03 -2.19320000e-04 -2.48274000e-03 1.64991000e-03 -8.44290000e-04 5.38804000e-03 1.11100000e-04 -1.17830000e-03 -8.00190000e-04 1.26940000e-04 3.24548000e-03 1.96636000e-03 -1.60634000e-03 3.54233000e-03 1.54219000e-03 3.11891000e-03 -1.20607000e-03 1.25876000e-03 -6.34460000e-04 -3.08571000e-03 2.56600000e-04 -4.68163000e-03 2.37916000e-03 5.42259000e-03 -1.08696000e-03 -1.80335000e-03 2.92810000e-04 5.67310000e-04 -4.23300000e-05 -6.03880000e-04 -2.28979000e-03 1.21415000e-03 -4.80230000e-04 -1.38243000e-03 -2.72100000e-05 -9.84880000e-04 -2.87620000e-03 -3.80859000e-03
-1.42660000e-04 5.54810000e-04 -1.16292000e-03 3.34130000e-04 6.53350000e-04 2.18054000e-03 -3.99470000e-04 -1.14270000e-04 5.75000000e-05 -1.83870000e-04 5.76900000e-05 -2.45230000e-04 2.15520000e-04 1.28151000e-03 7.09300000e-04 4.17950000e-04 -1.34200000e-05 5.30940000e-04 -1.23820000e-04 -8.68590000e-04 1.68684000e-03 6.57500000e-05 2.01200000e-04 3.41990000e-04 -4.90630000e-04 2.94070000e-04 3.55800000e-04 1.04590000e-04 4.27630000e-04 9.26070000e-04 -1.88300000e-04 -6.77010000e-04 1.93400000e-05 7.36730000e-04 7.54290000e-04 -3.16500000e-05 1.78290000e-04 3.51960000e-04 5.30760000e-04 -3.09070000e-04 -5.10660000e-04 6.35930000e-04 -2.16310000e-04 9.97300000e-05 7.48330000e-04 5.01780000e-04 1.40640000e-04 2.93650000e-04 -4.09130000e-04 2.72600000e-04 5.65030000e-04 -5.99540000e-04 -4.48570000e-04 4.46520000e-04 2.61290000e-04 -1.34533000e-03 1.60030000e-04 1.41537000e-03 9.22670000e-04 1.50015000e-03 -1.98790000e-04 1.40493000e-03 2.33340000e-04 -4.29620000e-04 4.22170000e-04 3.61890000e-04 1.66210000e-04 5.09000000e-05 8.46120000e-04 -2.77730000e-04 1.76530000e-04 -1.33731000e-03 3.32730000e-04 4.22330000e-04 2.56760000e-04 1.68100000e-05 -7.27760000e-04 -4.92450000e-04 4.22190000e-04 -8.44120000e-04 -2.82180000e-04 -2.54180000e-04 3.22320000e-04 -1.65880000e-04 3.02580000e-04 6.84350000e-04 4.11720000e-04 1.16029000e-03 -5.22010000e-04 -1.19976000e-03 2.74030000e-04 4.93960000e-04 -1.70900000e-05 -3.80590000e-04 -6.69000000e-06 1.48020000e-04 6.11150000e-04 -2.70690000e-04 1.02680000e-04 3.84930000e-04 8.98800000e-05 7.49300000e-05 7.46480000e-04 9.51090000e-04
7.92460000e-04 -2.79475000e-03 7.32821000e-03 -8.61300000e-04 -3.32465000e-03 -1.31738600e-02 2.92784000e-03 5.47560000e-04 1.26530000e-04 6.51220000e-04 -4.58000000e-05 9.21460000e-04 -1.06940000e-03 -6.89245000e-03 -3.31880000e-03 -2.62182000e-03 6.18780000e-04 -4.44710000e-04 5.22360000e-04 6.04623000e-03 -8.67437000e-03 -1.45426000e-03 -6.60670000e-04 -1.84480000e-03 2.81188000e-03 -8.96580000e-04 -2.36951000e-03 -4.93570000e-04 -1.48782000e-03 -3.44503000e-03 1.00864000e-03 4.84999000e-03 9.87800000e-05 -3.26931000e-03 -6.32448000e-03 5.72530000e-04 -6.77550000e-04 -2.91001000e-03 -2.73846000e-03 9.29570000e-04 3.19100000e-03 -4.35978000e-03 1.75301000e-03 -1.26450000e-03 -1.95337000e-03 -2.14360000e-03 -4.67470000e-04 -2.06670000e-03 2.02631000e-03 -1.44437000e-03 -2.92152000e-03 3.77052000e-03 2.09539000e-03 -2.47511000e-03 -1.60232000e-03 9.25051000e-03 -9.90960000e-04 -1.04358800e-02 -5.00388000e-03 -8.03166000e-03 3.99202000e-03 -8.64916000e-03 -2.23819000e-03 3.08622000e-03 -1.47836000e-03 -1.81530000e-03 -1.04504000e-03 -1.34220000e-03 -5.27121000e-03 1.61012000e-03 -1.46679000e-03 9.09025000e-03 -8.64870000e-04 -1.98006000e-03 -2.27468000e-03 3.39850000e-04 4.85328000e-03 2.58825000e-03 -2.64920000e-03 5.60952000e-03 1.75520000e-03 1.23953000e-03 -2.63654000e-03 1.18650000e-03 -1.36151000e-03 -4.53120000e-03 -8.57430000e-04 -7.90205000e-03 2.63312000e-03 5.13492000e-03 -1.36312000e-03 -3.51379000e-03 -1.44010000e-04 2.16847000e-03 -4.40900000e-05 -5.30570000e-04 -5.98387000e-03 1.79027000e-03 -1.42712000e-03 -2.92258000e-03 -1.35146000e-03 -9.54260000e-04 -4.83058000e-03 -5.25276000e-03
3.20420000e-04 -6.71240000e-04 1.52592000e-03 -2.55130000e-04 -7.02750000e-04 -3.29985000e-03 7.77650000e-04 3.13670000e-04 1.84750000e-04 4.79160000e-04 1.78900000e-05 3.21000000e-04 -1.91750000e-04 -1.78222000e-03 -9.19910000e-04 -5.56690000e-04 1.64370000e-04 -2.25710000e-04 2.14420000e-04 1.45225000e-03 -2.27015000e-03 -1.17260000e-04 -1.06620000e-04 -3.47760000e-04 8.05540000e-04 -9.25100000e-05 -5.12900000e-04 3.93300000e-05 -4.56650000e-04 -9.38710000e-04 3.41590000e-04 1.30212000e-03 8.73900000e-05 -9.76010000e-04 -1.46560000e-03 2.91970000e-04 -1.09250000e-04 -5.87550000e-04 -6.18400000e-04 3.39340000e-04 7.58690000e-04 -9.49010000e-04 5.20260000e-04 -2.65590000e-04 -8.06790000e-04 -5.42750000e-04 -6.29000000e-06 -4.51990000e-04 6.18210000e-04 -2.31980000e-04 -6.42760000e-04 9.09920000e-04 8.37140000e-04 -5.75830000e-04 -2.69180000e-04 2.14034000e-03 -5.21700000e-05 -2.45801000e-03 -1.13804000e-03 -2.00577000e-03 8.03500000e-04 -2.23613000e-03 -5.38360000e-04 9.20070000e-04 -3.37430000e-04 -3.94390000e-04 -8.48800000e-05 -2.80040000e-04 -1.13239000e-03 5.96560000e-04 -2.77530000e-04 2.18541000e-03 -8.99700000e-05 -4.92040000e-04 -4.91280000e-04 1.19800000e-04 1.24683000e-03 6.00940000e-04 -5.89930000e-04 1.39655000e-03 4.84680000e-04 6.17860000e-04 -5.91230000e-04 4.44400000e-04 -2.13840000e-04 -9.61610000e-04 -3.97000000e-05 -1.90528000e-03 9.80530000e-04 1.82410000e-03 -1.90700000e-04 -5.29480000e-04 2.54240000e-04 5.30240000e-04 2.35040000e-04 4.17000000e-05 -9.73640000e-04 7.41840000e-04 -3.53200000e-05 -4.13840000e-04 1.15900000e-05 -5.14400000e-05 -1.11986000e-03 -1.09698000e-03
3.61750000e-04 8.40700000e-05 -1.14398000e-03 7.12950000e-04 4.50010000e-04 1.37153000e-03 -7.26970000e-04 -5.69500000e-04 3.26000000e-05 -2.89070000e-04 9.64800000e-05 -3.14680000e-04 1.17980000e-04 6.36740000e-04 1.12490000e-03 5.31200000e-04 -2.24080000e-04 6.93080000e-04 -2.64440000e-04 -8.37670000e-04 5.90700000e-04 3.77130000e-04 3.66360000e-04 2.29960000e-04 -1.02029000e-03 8.93200000e-05 5.87730000e-04 -3.04190000e-04 7.23140000e-04 8.59330000e-04 -4.02580000e-04 -7.87240000e-04 6.14600000e-05 1.10720000e-03 4.44070000e-04 -3.76430000e-04 1.00890000e-04 3.63810000e-04 4.79540000e-04 -3.98960000e-04 -5.99290000e-04 5.57300000e-05 -1.87970000e-04 -1.57700000e-05 1.01528000e-03 2.81040000e-04 -1.85220000e-04 1.26900000e-04 -5.36530000e-04 3.23850000e-04 9.17210000e-04 -9.42170000e-04 -6.82420000e-04 5.34140000e-04 -1.39110000e-04 -1.43978000e-03 4.45220000e-04 1.70396000e-03 5.51110000e-04 7.08220000e-04 3.01110000e-04 5.65960000e-04 3.02960000e-04 -1.20245000e-03 1.07510000e-04 4.35940000e-04 4.74630000e-04 2.33500000e-05 2.66870000e-04 -3.17940000e-04 4.88500000e-04 -1.38943000e-03 -2.18970000e-04 3.04500000e-05 1.66270000e-04 -5.63200000e-05 -9.90720000e-04 -5.66560000e-04 6.43610000e-04 -1.02868000e-03 -5.77730000e-04 -1.65374000e-03 3.83300000e-04 -5.09480000e-04 2.51100000e-05 1.02844000e-03 -4.24920000e-04 1.16226000e-03 -7.89910000e-04 -2.14832000e-03 3.75810000e-04 5.28880000e-04 -1.64240000e-04 2.19880000e-04 1.14430000e-04 2.40710000e-04 3.79930000e-04 -3.20900000e-04 1.73450000e-04 3.44120000e-04 -1.84600000e-04 5.27780000e-04 7.35770000e-04 1.54982000e-03
4.11680000e-04 -5.92310000e-04 6.77950000e-04 2.10540000e-04 -4.14400000e-04 -1.97354000e-03 2.33200000e-04 -1.71340000e-04 7.27700000e-05 1.29830000e-04 7.96600000e-05 3.52800000e-05 -1.80370000e-04 -1.08224000e-03 -8.28600000e-05 -2.22590000e-04 -6.52500000e-05 2.56350000e-04 2.21000000e-06 6.56730000e-04 -1.57668000e-03 -2.60000000e-07 1.12560000e-04 -2.34500000e-04 5.59000000e-05 -1.11540000e-04 -1.85600000e-04 -2.13480000e-04 4.43600000e-05 -2.62420000e-04 2.38000000e-06 6.06570000e-04 1.19200000e-05 -1.11940000e-04 -1.02071000e-03 -2.89900000e-05 -1.28130000e-04 -3.25980000e-04 -2.64130000e-04 2.70900000e-05 2.42050000e-04 -7.56440000e-04 3.08450000e-04 -3.24760000e-04 8.28000000e-06 -2.61480000e-04 -1.35640000e-04 -3.44410000e-04 1.47430000e-04 -5.89100000e-05 -3.97200000e-05 2.10010000e-04 2.27550000e-04 -2.41260000e-04 -3.25210000e-04 9.38230000e-04 1.91800000e-04 -1.14041000e-03 -7.42540000e-04 -1.31260000e-03 8.51820000e-04 -1.55958000e-03 -3.25250000e-04 7.12600000e-05 -2.28400000e-04 -9.00900000e-05 1.84790000e-04 -3.07170000e-04 -8.11160000e-04 1.87910000e-04 -7.71500000e-05 1.03457000e-03 -2.31400000e-04 -3.77020000e-04 -3.94350000e-04 7.21900000e-05 4.70890000e-04 1.75430000e-04 -2.11180000e-04 5.90060000e-04 8.88300000e-05 -5.04780000e-04 -3.64830000e-04 2.08500000e-05 -1.93200000e-04 -2.50430000e-04 -2.55400000e-04 -9.61580000e-04 2.76310000e-04 1.03190000e-04 4.22800000e-05 -2.29140000e-04 5.97000000e-05 5.36530000e-04 2.22140000e-04 1.60060000e-04 -7.51990000e-04 3.79530000e-04 -6.33000000e-05 -2.36230000e-04 -2.01440000e-04 1.67300000e-04 -5.65580000e-04 -1.01100000e-04
-1.59850000e-04 5.48180000e-04 3.55770000e-04 -5.30040000e-04 1.89160000e-04 8.30000000e-07 6.51390000e-04 6.80820000e-04 2.95050000e-04 6.07160000e-04 2.92700000e-05 8.22100000e-05 2.35200000e-04 3.43910000e-04 -8.63890000e-04 -3.64050000e-04 4.93960000e-04 -1.37030000e-04 1.87820000e-04 4.25370000e-04 7.38410000e-04 -1.18000000e-04 -2.08240000e-04 1.38160000e-04 8.86820000e-04 4.18650000e-04 -3.86560000e-04 5.93240000e-04 -4.22140000e-04 -1.15170000e-04 2.60660000e-04 5.95840000e-04 8.25200000e-05 -8.92090000e-04 -1.32290000e-04 6.62750000e-04 2.49510000e-04 -1.85630000e-04 -2.80500000e-05 -6.63000000e-06 3.01550000e-04 4.35090000e-04 2.19610000e-04 -9.70000000e-07 -6.57540000e-04 1.41930000e-04 5.01610000e-04 1.32570000e-04 3.25220000e-04 -1.56490000e-04 -6.38470000e-04 5.12180000e-04 9.00590000e-04 -1.35780000e-04 4.81880000e-04 6.83660000e-04 -5.36500000e-05 -1.13442000e-03 2.62890000e-04 4.96720000e-04 -1.66000000e-04 3.10660000e-04 -3.41210000e-04 1.34288000e-03 4.83710000e-04 -2.26330000e-04 -1.11310000e-04 -1.18940000e-04 5.03360000e-04 2.18660000e-04 -4.15900000e-04 6.48290000e-04 9.25680000e-04 4.83770000e-04 -6.91600000e-05 1.38660000e-04 6.84780000e-04 4.57100000e-05 -4.16990000e-04 6.17360000e-04 4.79720000e-04 2.07847000e-03 -2.99490000e-04 6.57630000e-04 4.47620000e-04 -4.97540000e-04 1.36291000e-03 -4.74370000e-04 9.66910000e-04 2.14125000e-03 1.55840000e-04 1.75420000e-04 6.73180000e-04 -3.49730000e-04 2.68900000e-04 2.99300000e-04 3.26960000e-04 7.65780000e-04 3.41720000e-04 2.78780000e-04 7.40290000e-04 -2.05790000e-04 -1.69670000e-04 -7.81230000e-04
-3.11720000e-04 9.25540000e-04 -1.86868000e-03 -2.30570000e-04 7.58230000e-04 5.65738000e-03 -1.30388000e-03 -4.57710000e-04 -4.95820000e-04 2.49930000e-04 -1.75170000e-04 -2.21710000e-04 -8.39300000e-05 3.05514000e-03 1.01382000e-03 8.66880000e-04 -5.91940000e-04 1.90160000e-04 -1.28600000e-05 -2.32480000e-03 4.09671000e-03 7.04120000e-04 3.86300000e-05 1.81160000e-04 -9.05460000e-04 -9.98100000e-05 7.00240000e-04 -1.03870000e-04 1.52000000e-04 1.18322000e-03 -4.06690000e-04 -2.28833000e-03 -5.39180000e-04 1.05649000e-03 2.61667000e-03 -5.40100000e-04 -2.39690000e-04 8.90590000e-04 6.34150000e-04 1.91600000e-05 -1.21466000e-03 1.69081000e-03 -7.55190000e-04 1.08380000e-04 8.06140000e-04 4.80060000e-04 -2.11300000e-05 5.22990000e-04 -4.30890000e-04 5.09950000e-04 7.72730000e-04 -7.59120000e-04 -2.83480000e-04 3.70140000e-04 5.04420000e-04 -3.23153000e-03 3.39440000e-04 4.76793000e-03 1.72897000e-03 3.43777000e-03 -1.86952000e-03 4.27550000e-03 9.65530000e-04 -9.56270000e-04 1.41500000e-04 4.69350000e-04 4.08570000e-04 7.72790000e-04 1.98647000e-03 -5.25090000e-04 2.06950000e-04 -3.48430000e-03 4.18440000e-04 9.84690000e-04 1.06577000e-03 -3.55910000e-04 -1.90149000e-03 -5.61460000e-04 8.52760000e-04 -2.16366000e-03 -4.68220000e-04 4.82620000e-04 9.65800000e-04 -5.90800000e-04 2.65160000e-04 1.99680000e-03 1.76730000e-04 4.20732000e-03 -3.75650000e-04 -9.23400000e-04 8.56650000e-04 1.53719000e-03 3.63700000e-04 -4.97420000e-04 2.06920000e-04 3.44600000e-04 2.64422000e-03 -5.57990000e-04 7.24570000e-04 1.44317000e-03 1.04536000e-03 2.79760000e-04 2.96778000e-03 2.61221000e-03
-2.99500000e-04 6.31490000e-04 -8.72180000e-04 -3.47900000e-05 5.28270000e-04 1.72119000e-03 -2.08440000e-04 1.84900000e-04 8.54700000e-05 -7.64500000e-05 -6.22400000e-05 -8.37600000e-05 2.64150000e-04 9.66810000e-04 1.47420000e-04 2.73800000e-04 1.33080000e-04 -8.03000000e-06 -3.19600000e-05 -6.55770000e-04 1.43581000e-03 1.02500000e-05 4.70000000e-07 3.13870000e-04 -1.24920000e-04 2.61340000e-04 2.33800000e-04 2.79370000e-04 1.04720000e-04 4.47260000e-04 9.40000000e-07 -4.64480000e-04 5.34500000e-05 1.79440000e-04 7.73800000e-04 1.17450000e-04 2.27040000e-04 2.78420000e-04 3.13830000e-04 -1.51390000e-04 -3.40880000e-04 6.55520000e-04 -1.95700000e-04 2.77270000e-04 7.72600000e-05 3.29030000e-04 2.05640000e-04 3.07110000e-04 -1.96150000e-04 1.65770000e-04 2.06030000e-04 -3.29700000e-04 -1.79330000e-04 3.06070000e-04 3.32890000e-04 -1.01603000e-03 -7.50400000e-05 8.50290000e-04 7.66090000e-04 1.24493000e-03 -5.20310000e-04 1.19161000e-03 2.48920000e-04 4.33700000e-05 3.41000000e-04 1.68110000e-04 -9.23500000e-05 1.68920000e-04 8.28850000e-04 -8.72700000e-05 1.08370000e-04 -1.05349000e-03 4.75020000e-04 3.20480000e-04 2.96030000e-04 -3.00300000e-05 -4.63420000e-04 -3.72580000e-04 2.53180000e-04 -6.17570000e-04 -7.07600000e-05 5.19840000e-04 3.17600000e-04 3.68200000e-05 2.84150000e-04 2.64920000e-04 5.86200000e-04 7.09270000e-04 -2.27520000e-04 -1.99100000e-04 4.46400000e-05 3.54410000e-04 4.85700000e-05 -5.44370000e-04 -9.37800000e-05 -2.50500000e-05 7.25240000e-04 -1.95180000e-04 1.63990000e-04 3.04790000e-04 2.34690000e-04 -9.61700000e-05 4.00500000e-04 2.28460000e-04
-3.02100000e-04 3.47362000e-03 -7.76981000e-03 1.21289000e-03 4.10388000e-03 1.74926500e-02 -3.93928000e-03 -1.37589000e-03 -2.17330000e-04 -6.64340000e-04 4.58550000e-04 -1.52814000e-03 1.11870000e-03 9.70700000e-03 4.82196000e-03 2.93509000e-03 -7.84580000e-04 1.43785000e-03 -9.90720000e-04 -7.31197000e-03 1.20124600e-02 2.16692000e-03 8.28850000e-04 2.03647000e-03 -3.93030000e-03 1.09818000e-03 2.74269000e-03 7.54400000e-05 1.99459000e-03 4.67012000e-03 -2.10161000e-03 -6.48919000e-03 -2.94160000e-04 4.85718000e-03 7.78119000e-03 -1.13008000e-03 6.98820000e-04 3.49520000e-03 3.76524000e-03 -1.79793000e-03 -3.93142000e-03 5.08952000e-03 -2.26318000e-03 1.13767000e-03 3.86027000e-03 2.38378000e-03 3.65250000e-04 2.38929000e-03 -2.70195000e-03 1.36999000e-03 3.52144000e-03 -5.07347000e-03 -2.56462000e-03 3.03248000e-03 1.82504000e-03 -1.08990600e-02 1.91693000e-03 1.39652500e-02 6.55605000e-03 1.08294300e-02 -4.13929000e-03 1.21558700e-02 2.66825000e-03 -4.75513000e-03 1.77649000e-03 2.10169000e-03 2.08530000e-03 1.33169000e-03 6.41099000e-03 -2.59010000e-03 1.55316000e-03 -1.11683300e-02 2.73410000e-04 3.30211000e-03 2.46622000e-03 -1.95610000e-04 -6.21332000e-03 -3.20950000e-03 3.16605000e-03 -7.02711000e-03 -2.40082000e-03 -2.93851000e-03 2.87263000e-03 -1.80295000e-03 1.68527000e-03 6.47748000e-03 2.39670000e-04 1.12080700e-02 -3.28080000e-03 -7.35651000e-03 2.54919000e-03 4.42311000e-03 4.15720000e-04 -1.58706000e-03 4.38510000e-04 1.41266000e-03 6.74450000e-03 -1.99633000e-03 1.79037000e-03 3.84458000e-03 1.74220000e-03 1.77127000e-03 7.25067000e-03 7.04341000e-03
-3.67690000e-04 6.68040000e-04 -4.09430000e-04 -4.42790000e-04 3.73270000e-04 1.29826000e-03 1.36640000e-04 5.24930000e-04 1.06770000e-04 2.66660000e-04 -9.85600000e-05 1.19940000e-04 2.60620000e-04 7.81390000e-04 -4.35980000e-04 6.48300000e-05 2.66800000e-04 -4.08160000e-04 1.63260000e-04 -2.71090000e-04 1.30693000e-03 1.74600000e-05 -1.62850000e-04 2.41110000e-04 4.21560000e-04 2.60360000e-04 3.46800000e-05 4.90190000e-04 -2.55600000e-04 2.73900000e-05 2.39480000e-04 -1.18190000e-04 5.72900000e-05 -4.51660000e-04 7.54210000e-04 3.55540000e-04 2.21640000e-04 2.00520000e-04 1.06800000e-04 1.07130000e-04 -2.44200000e-05 7.77060000e-04 -6.66300000e-05 3.07820000e-04 -5.38650000e-04 2.38710000e-04 3.44150000e-04 3.41250000e-04 1.48000000e-04 4.81500000e-05 -2.39510000e-04 1.59900000e-04 3.56360000e-04 1.15870000e-04 4.83770000e-04 -3.74190000e-04 -1.86380000e-04 3.07970000e-04 6.18370000e-04 1.05724000e-03 -8.14980000e-04 1.12246000e-03 1.50420000e-04 6.99870000e-04 3.29170000e-04 -1.34400000e-05 -2.25070000e-04 2.80650000e-04 8.39310000e-04 1.11390000e-04 -3.19500000e-05 -4.81180000e-04 6.72590000e-04 3.93200000e-04 3.48570000e-04 -3.24400000e-05 3.38000000e-06 -5.61600000e-05 3.38100000e-05 -1.45840000e-04 1.96580000e-04 1.55279000e-03 2.34230000e-04 3.28350000e-04 3.36790000e-04 -6.82300000e-05 8.68920000e-04 4.50360000e-04 3.58290000e-04 1.22688000e-03 1.35900000e-05 3.36560000e-04 3.29740000e-04 -5.70020000e-04 -6.31000000e-06 -2.09000000e-06 9.02550000e-04 1.29440000e-04 3.20910000e-04 3.72560000e-04 6.09920000e-04 -1.97840000e-04 2.78570000e-04 -3.38210000e-04
-2.20000000e-04 3.06610000e-04 -1.68210000e-04 -1.23800000e-04 2.14940000e-04 3.46670000e-04 1.19700000e-04 2.79310000e-04 1.30150000e-04 2.38000000e-06 1.23100000e-05 1.33400000e-05 1.81580000e-04 2.66350000e-04 -1.86260000e-04 -9.97000000e-06 2.02300000e-04 -1.84550000e-04 3.96900000e-05 -1.30100000e-05 4.51170000e-04 -9.11900000e-05 -4.06400000e-05 1.53040000e-04 1.93330000e-04 2.01290000e-04 -9.61000000e-06 2.57100000e-04 -6.85000000e-05 -1.31500000e-05 7.83500000e-05 7.76700000e-05 1.12240000e-04 -1.91390000e-04 1.88240000e-04 2.23070000e-04 1.84490000e-04 5.13500000e-05 9.22300000e-05 -8.90100000e-05 3.74400000e-05 2.57420000e-04 7.42000000e-06 1.62910000e-04 -2.40520000e-04 9.56200000e-05 1.83830000e-04 1.59230000e-04 3.16600000e-05 -5.74200000e-05 -1.60820000e-04 -2.99700000e-05 7.65700000e-05 9.42200000e-05 2.32950000e-04 -2.76000000e-05 -1.34020000e-04 -2.48480000e-04 2.96970000e-04 3.81270000e-04 -2.44610000e-04 2.98880000e-04 1.35000000e-06 3.70450000e-04 1.93410000e-04 -1.56000000e-06 -1.59360000e-04 3.30500000e-05 3.42020000e-04 1.70400000e-05 -1.49000000e-06 -8.76900000e-05 2.91300000e-04 1.85770000e-04 6.26300000e-05 4.83400000e-05 6.86500000e-05 -8.07300000e-05 2.84000000e-06 1.13500000e-05 7.15200000e-05 5.83240000e-04 5.31200000e-05 1.97130000e-04 2.08910000e-04 -1.86510000e-04 4.54910000e-04 -1.20180000e-04 6.79900000e-05 4.46510000e-04 -9.45100000e-05 2.02000000e-05 7.01000000e-05 -3.40960000e-04 -7.51600000e-05 -4.95300000e-05 1.45890000e-04 4.65700000e-05 5.71500000e-05 2.87500000e-05 1.55760000e-04 -1.53800000e-04 -1.91240000e-04 -5.47340000e-04
-1.84040000e-04 1.99600000e-05 2.84769000e-03 -1.60870000e-03 -8.83910000e-04 -5.13104000e-03 2.33768000e-03 1.81435000e-03 7.27400000e-04 1.63211000e-03 -1.08970000e-04 7.41200000e-04 1.75930000e-04 -2.39498000e-03 -3.29497000e-03 -1.45306000e-03 1.14709000e-03 -9.69130000e-04 7.38520000e-04 2.91092000e-03 -2.34803000e-03 -6.16360000e-04 -7.25590000e-04 -3.02020000e-04 2.93843000e-03 4.17700000e-04 -1.40656000e-03 1.17666000e-03 -1.58350000e-03 -1.90362000e-03 1.17322000e-03 2.98553000e-03 2.88170000e-04 -3.40157000e-03 -2.16399000e-03 1.61446000e-03 3.13980000e-04 -1.16073000e-03 -1.23112000e-03 8.29320000e-04 1.75187000e-03 -5.23390000e-04 1.03324000e-03 -2.02780000e-04 -2.94045000e-03 -7.15320000e-04 8.57980000e-04 -3.72850000e-04 1.55723000e-03 -5.12450000e-04 -2.15005000e-03 2.63523000e-03 2.62719000e-03 -1.11420000e-03 4.24560000e-04 4.25622000e-03 -7.14570000e-04 -5.97692000e-03 -1.46532000e-03 -2.38997000e-03 5.87760000e-04 -3.04820000e-03 -1.26515000e-03 3.87074000e-03 2.54740000e-04 -1.12692000e-03 -8.73920000e-04 -3.79350000e-04 -8.24020000e-04 1.43791000e-03 -1.14322000e-03 4.34748000e-03 1.76491000e-03 -1.83200000e-04 -6.40260000e-04 2.75790000e-04 3.08441000e-03 9.80840000e-04 -1.60060000e-03 3.16105000e-03 1.67141000e-03 5.16424000e-03 -1.23647000e-03 1.86504000e-03 3.43090000e-04 -2.84106000e-03 2.30916000e-03 -4.19699000e-03 2.99522000e-03 6.64488000e-03 -5.71680000e-04 -8.10120000e-04 1.21366000e-03 -2.76730000e-04 4.02830000e-04 6.59000000e-06 -7.37870000e-04 2.00695000e-03 3.57070000e-04 -4.27420000e-04 1.05518000e-03 -7.84070000e-04 -2.27330000e-03 -2.95356000e-03
3.11650000e-04 -1.78390000e-03 2.36720000e-03 1.60310000e-04 -1.60439000e-03 -5.17874000e-03 4.05740000e-04 -6.47240000e-04 -2.14520000e-04 -4.80100000e-04 1.76260000e-04 2.36370000e-04 -6.63440000e-04 -3.13205000e-03 -3.75470000e-04 -6.59460000e-04 -3.33510000e-04 -1.05250000e-04 -1.32900000e-05 1.63784000e-03 -4.52343000e-03 -5.54350000e-04 -5.33800000e-05 -8.09590000e-04 1.49580000e-04 -9.14770000e-04 -5.15300000e-04 -8.62580000e-04 -1.61720000e-04 -1.40156000e-03 -3.83200000e-05 1.20323000e-03 -4.74400000e-05 -3.52260000e-04 -2.06806000e-03 -4.80510000e-04 -4.97710000e-04 -7.03080000e-04 -9.33330000e-04 5.07680000e-04 8.30150000e-04 -1.98296000e-03 3.64660000e-04 -5.15200000e-04 -3.76740000e-04 -1.24117000e-03 -6.81540000e-04 -8.52860000e-04 3.65560000e-04 -3.26900000e-04 -2.95250000e-04 9.61930000e-04 -3.89610000e-04 -7.26890000e-04 -1.08730000e-03 2.34812000e-03 -4.57880000e-04 -2.95493000e-03 -2.41821000e-03 -3.91933000e-03 1.64023000e-03 -3.96081000e-03 -5.13190000e-04 -4.57520000e-04 -1.05465000e-03 -5.21330000e-04 -4.32330000e-04 -4.74510000e-04 -2.40733000e-03 3.19690000e-04 -2.63990000e-04 2.66710000e-03 -1.31700000e-03 -1.29425000e-03 -8.68620000e-04 1.38440000e-04 1.04871000e-03 7.37740000e-04 -5.44000000e-04 1.47037000e-03 2.20050000e-04 -1.81995000e-03 -7.69460000e-04 -2.10040000e-04 -9.47800000e-04 -1.45548000e-03 -1.99212000e-03 -3.05807000e-03 -2.77710000e-04 -8.18060000e-04 -1.01305000e-03 -1.73972000e-03 -1.00079000e-03 8.89360000e-04 -5.02010000e-04 -8.15000000e-04 -2.50767000e-03 -4.31360000e-04 -1.10720000e-03 -1.60532000e-03 -1.62442000e-03 -2.45500000e-04 -1.91363000e-03 -7.57470000e-04
-1.43320000e-04 9.96000000e-05 -1.06560000e-04 -3.11600000e-05 3.93500000e-05 2.07050000e-04 1.26900000e-05 1.36050000e-04 -3.17900000e-05 1.19900000e-05 -9.02200000e-05 1.31490000e-04 4.32600000e-05 4.29900000e-05 -2.70900000e-05 1.65900000e-04 -4.93000000e-06 -8.99000000e-05 1.43840000e-04 2.69100000e-05 1.71900000e-04 1.34600000e-05 2.19000000e-05 3.76200000e-05 9.06500000e-05 -4.45000000e-06 1.41400000e-04 7.59400000e-05 5.07000000e-06 3.03300000e-05 2.14960000e-04 -4.58600000e-05 3.98600000e-05 -3.15200000e-05 1.90400000e-04 2.82000000e-05 1.78300000e-05 5.13100000e-05 -6.05000000e-05 2.18950000e-04 8.50700000e-05 1.17480000e-04 -9.95000000e-06 1.38180000e-04 -6.43600000e-05 9.15400000e-05 1.54000000e-05 7.80400000e-05 1.12240000e-04 1.25630000e-04 3.03200000e-05 1.93460000e-04 -2.22400000e-05 2.04300000e-05 3.66100000e-05 -2.77500000e-05 -1.62510000e-04 1.92500000e-04 9.35900000e-05 1.40980000e-04 -1.90250000e-04 2.12010000e-04 1.77160000e-04 1.01950000e-04 -1.86000000e-05 8.23200000e-05 -1.56840000e-04 2.63730000e-04 6.21900000e-05 1.45310000e-04 1.49290000e-04 -6.29600000e-05 1.35060000e-04 -4.07200000e-05 2.67610000e-04 -7.44000000e-05 -1.70100000e-05 1.61090000e-04 1.37700000e-04 -2.20200000e-05 5.32400000e-05 2.97580000e-04 2.37810000e-04 3.07700000e-05 -1.24700000e-05 -1.82600000e-05 2.99200000e-05 1.72590000e-04 1.44400000e-05 2.01900000e-04 -1.11800000e-04 2.36600000e-05 -7.54200000e-05 -1.25720000e-04 -9.41400000e-05 -1.70160000e-04 1.63490000e-04 -1.24530000e-04 2.83200000e-05 1.59500000e-05 5.32300000e-05 -9.95300000e-05 9.97200000e-05 5.83100000e-05
-7.82900000e-05 9.28000000e-06 6.30420000e-04 -1.94290000e-04 -1.01390000e-04 -1.34177000e-03 6.60500000e-04 4.60690000e-04 2.87280000e-04 2.75460000e-04 9.44200000e-05 1.33030000e-04 1.17760000e-04 -5.50870000e-04 -6.28810000e-04 -3.23660000e-04 3.36400000e-04 -4.75500000e-05 1.62500000e-04 7.95540000e-04 -6.25070000e-04 -2.57670000e-04 -5.97100000e-05 1.19900000e-05 6.92490000e-04 2.26760000e-04 -3.37670000e-04 3.35750000e-04 -2.43270000e-04 -3.24940000e-04 2.64650000e-04 8.83730000e-04 1.61870000e-04 -6.41550000e-04 -6.44300000e-04 4.70100000e-04 1.58660000e-04 -2.53790000e-04 -1.71020000e-04 9.45800000e-05 4.68580000e-04 -1.46000000e-04 3.24410000e-04 -4.19300000e-05 -5.13500000e-04 -7.64200000e-05 2.89330000e-04 -4.90800000e-05 3.17300000e-04 -1.10850000e-04 -4.24060000e-04 5.33060000e-04 5.02270000e-04 -1.67770000e-04 1.61170000e-04 1.13688000e-03 -1.49030000e-04 -1.71738000e-03 -2.91970000e-04 -5.92420000e-04 3.68500000e-04 -8.85970000e-04 -3.55480000e-04 9.39960000e-04 1.71910000e-04 -1.81650000e-04 -1.97040000e-04 -2.07640000e-04 -1.68410000e-04 3.13040000e-04 -2.64570000e-04 1.18895000e-03 4.36530000e-04 1.87600000e-05 -2.40400000e-04 1.93070000e-04 8.37240000e-04 1.96870000e-04 -3.65020000e-04 8.66770000e-04 4.13270000e-04 1.02684000e-03 -3.43900000e-04 5.06980000e-04 1.95220000e-04 -7.57150000e-04 6.59130000e-04 -1.28923000e-03 5.78580000e-04 1.26909000e-03 -1.79920000e-04 -2.87640000e-04 2.12440000e-04 -1.46370000e-04 5.96400000e-05 2.50000000e-07 -4.52820000e-04 4.70180000e-04 -3.98800000e-05 -2.16610000e-04 9.78600000e-05 -2.30030000e-04 -7.93560000e-04 -8.90380000e-04
4.20740000e-04 -3.09190000e-04 -7.81970000e-04 9.51980000e-04 1.69850000e-04 8.20380000e-04 -8.15350000e-04 -9.44450000e-04 -1.33490000e-04 -6.22210000e-04 1.71560000e-04 -4.43790000e-04 -6.29100000e-05 3.65260000e-04 1.43167000e-03 4.69320000e-04 -4.29920000e-04 8.61000000e-04 -3.47340000e-04 -7.40820000e-04 -3.71700000e-05 2.30180000e-04 4.57420000e-04 1.73000000e-05 -1.29411000e-03 -1.63840000e-04 5.12240000e-04 -6.58310000e-04 8.91110000e-04 8.25140000e-04 -5.84290000e-04 -8.09830000e-04 -3.99900000e-05 1.45216000e-03 1.33870000e-04 -6.46000000e-04 -7.90900000e-05 2.58560000e-04 3.89010000e-04 -5.09070000e-04 -5.57890000e-04 -3.18750000e-04 -2.06950000e-04 -1.95650000e-04 1.39890000e-03 1.95930000e-04 -4.00690000e-04 -2.23800000e-05 -6.86230000e-04 2.01130000e-04 9.51130000e-04 -1.06715000e-03 -1.04401000e-03 4.49620000e-04 -3.73490000e-04 -1.22939000e-03 4.37310000e-04 1.53098000e-03 1.62930000e-04 1.72920000e-04 6.31720000e-04 1.12140000e-04 2.88640000e-04 -1.62233000e-03 -1.04770000e-04 4.51370000e-04 4.91830000e-04 -9.92000000e-05 -1.46900000e-04 -6.08640000e-04 4.36530000e-04 -1.15783000e-03 -6.42310000e-04 -1.05580000e-04 1.48900000e-05 -5.78600000e-05 -1.02032000e-03 -4.99340000e-04 5.95050000e-04 -9.47240000e-04 -6.64260000e-04 -2.59902000e-03 2.80850000e-04 -7.64500000e-04 -1.53780000e-04 9.89690000e-04 -9.33750000e-04 9.32170000e-04 -1.16924000e-03 -3.03366000e-03 2.72950000e-04 1.98260000e-04 -4.88560000e-04 4.37800000e-04 -2.28500000e-05 1.36430000e-04 -2.95380000e-04 -5.56220000e-04 -1.68070000e-04 8.00000000e-07 -6.55810000e-04 5.01280000e-04 4.98480000e-04 1.47217000e-03
5.99000000e-06 1.34190000e-04 -7.81160000e-04 3.86010000e-04 3.17670000e-04 9.34480000e-04 -3.25700000e-04 -2.22350000e-04 1.16900000e-05 -2.70940000e-04 6.13200000e-05 -1.79260000e-04 8.42300000e-05 4.80810000e-04 6.08690000e-04 3.05050000e-04 -1.10570000e-04 3.79390000e-04 -1.35110000e-04 -5.69660000e-04 5.05060000e-04 3.25800000e-05 2.03610000e-04 1.83200000e-04 -4.87570000e-04 8.82900000e-05 2.59630000e-04 -6.57000000e-05 3.79640000e-04 5.53620000e-04 -1.74360000e-04 -3.99100000e-04 1.60800000e-05 6.22980000e-04 3.20550000e-04 -1.36140000e-04 6.65600000e-05 2.39450000e-04 3.12000000e-04 -1.95710000e-04 -3.72230000e-04 1.99840000e-04 -1.29830000e-04 4.49100000e-05 5.52140000e-04 2.51530000e-04 -9.17000000e-06 1.20560000e-04 -3.47780000e-04 2.15320000e-04 5.28040000e-04 -4.96920000e-04 -4.78820000e-04 2.99620000e-04 4.19200000e-05 -9.02760000e-04 1.50720000e-04 8.45150000e-04 3.53730000e-04 5.36430000e-04 5.76900000e-05 3.91400000e-04 1.50310000e-04 -5.28940000e-04 1.58270000e-04 2.69700000e-04 1.54160000e-04 -4.09800000e-05 3.20400000e-04 -2.10400000e-04 1.67430000e-04 -8.16460000e-04 -7.67000000e-06 5.24200000e-05 7.14900000e-05 1.98500000e-05 -5.10440000e-04 -3.52340000e-04 3.02860000e-04 -5.59450000e-04 -2.46750000e-04 -7.21590000e-04 1.84070000e-04 -2.22770000e-04 9.06200000e-05 4.49000000e-04 -1.97900000e-05 4.96940000e-04 -5.44690000e-04 -1.29737000e-03 1.04830000e-04 2.15950000e-04 -1.66580000e-04 -1.29060000e-04 -3.73800000e-05 3.72600000e-05 1.90890000e-04 -2.86320000e-04 -4.95100000e-05 1.09960000e-04 -1.97520000e-04 1.06740000e-04 2.78080000e-04 7.14210000e-04
-4.64380000e-04 6.42420000e-04 -2.12630000e-04 -5.00390000e-04 3.28520000e-04 1.13902000e-03 2.02150000e-04 5.75440000e-04 7.52700000e-05 2.32640000e-04 -8.27100000e-05 1.46750000e-04 2.23580000e-04 7.48870000e-04 -5.14870000e-04 -9.99000000e-06 2.87970000e-04 -4.96990000e-04 1.80400000e-04 -1.52620000e-04 1.29007000e-03 -5.64100000e-05 -1.95570000e-04 2.15780000e-04 5.29180000e-04 2.65500000e-04 -5.01900000e-05 5.04850000e-04 -3.54790000e-04 -8.18400000e-05 2.50530000e-04 -5.76400000e-05 5.64200000e-05 -5.20450000e-04 6.36600000e-04 3.88390000e-04 2.00670000e-04 1.14400000e-04 8.98100000e-05 1.06240000e-04 5.74100000e-05 7.08780000e-04 -6.25600000e-05 3.04470000e-04 -5.75440000e-04 1.79280000e-04 3.41350000e-04 2.99160000e-04 2.07630000e-04 -5.85000000e-05 -3.94070000e-04 2.15950000e-04 3.77620000e-04 2.51400000e-05 4.82220000e-04 -1.57690000e-04 -2.61130000e-04 7.08500000e-05 5.99530000e-04 1.01429000e-03 -8.49180000e-04 1.13724000e-03 1.03070000e-04 8.01820000e-04 3.01740000e-04 -6.27100000e-05 -2.91020000e-04 2.55450000e-04 7.75840000e-04 1.25550000e-04 -9.60300000e-05 -2.89010000e-04 5.89180000e-04 4.40580000e-04 2.96050000e-04 5.61000000e-06 9.10700000e-05 3.69500000e-05 -4.82400000e-05 -2.47100000e-05 2.38730000e-04 1.61251000e-03 1.64610000e-04 3.77990000e-04 3.29250000e-04 -1.93070000e-04 8.36000000e-04 3.36420000e-04 3.96710000e-04 1.39461000e-03 -6.06500000e-05 2.04940000e-04 2.86630000e-04 -6.11270000e-04 -6.07300000e-05 -6.41300000e-05 7.04730000e-04 1.18960000e-04 2.37250000e-04 2.69360000e-04 5.77660000e-04 -3.12320000e-04 1.49520000e-04 -7.40530000e-04
6.38730000e-04 -7.23410000e-04 3.99850000e-04 8.86800000e-04 -3.73060000e-04 -1.71380000e-03 -2.62810000e-04 -6.39560000e-04 -1.04700000e-04 -4.69010000e-04 -1.36200000e-05 -1.28700000e-05 -2.25950000e-04 -1.16462000e-03 8.06840000e-04 1.98680000e-04 -2.74460000e-04 7.08050000e-04 -1.22490000e-04 3.35870000e-04 -1.74430000e-03 4.88900000e-05 3.88040000e-04 -2.04190000e-04 -7.13130000e-04 -3.18000000e-04 2.39810000e-04 -6.33100000e-04 6.29620000e-04 2.78090000e-04 -6.92500000e-05 1.15660000e-04 4.43100000e-05 8.03240000e-04 -1.02380000e-03 -5.27420000e-04 -1.69960000e-04 -2.59810000e-04 -1.67430000e-04 -1.95200000e-05 5.18000000e-06 -1.11798000e-03 1.55820000e-04 -1.88710000e-04 9.89410000e-04 -6.43700000e-05 -5.21170000e-04 -4.16860000e-04 -1.82260000e-04 1.75490000e-04 6.08720000e-04 -1.04990000e-04 -6.29010000e-04 -8.75000000e-06 -7.18910000e-04 3.78270000e-04 2.56060000e-04 -1.15340000e-04 -7.79080000e-04 -1.36538000e-03 1.37847000e-03 -1.64137000e-03 -2.50000000e-07 -1.02315000e-03 -3.84980000e-04 2.34940000e-04 2.84540000e-04 -1.61530000e-04 -1.23118000e-03 1.15500000e-05 3.87860000e-04 5.03840000e-04 -8.46460000e-04 -7.63680000e-04 -2.42810000e-04 -6.59700000e-05 -1.30850000e-04 1.57750000e-04 2.24200000e-04 3.59000000e-05 -2.83080000e-04 -2.27986000e-03 -1.10900000e-05 -5.45000000e-04 -5.40250000e-04 2.30930000e-04 -1.16448000e-03 -4.43990000e-04 -6.43140000e-04 -2.02201000e-03 1.53000000e-05 -3.65410000e-04 -5.15850000e-04 9.50580000e-04 -3.97000000e-06 -1.38500000e-05 -1.16076000e-03 -2.95730000e-04 -3.68190000e-04 -4.74910000e-04 -8.83920000e-04 3.53980000e-04 -2.93670000e-04 7.00330000e-04
2.74260000e-04 -6.16580000e-04 1.04643000e-03 -2.34000000e-05 -5.13330000e-04 -2.46674000e-03 4.11500000e-04 5.65900000e-05 1.52280000e-04 2.28420000e-04 5.36500000e-05 1.37000000e-04 -1.73030000e-04 -1.33974000e-03 -4.32980000e-04 -3.42470000e-04 2.54800000e-05 -3.42900000e-05 7.40900000e-05 9.72370000e-04 -1.80490000e-03 -8.65400000e-05 4.20000000e-06 -2.64160000e-04 3.38780000e-04 -9.35000000e-05 -3.13930000e-04 -1.20940000e-04 -2.37180000e-04 -6.24470000e-04 1.14330000e-04 8.28060000e-04 5.12000000e-05 -4.69530000e-04 -1.17317000e-03 8.66500000e-05 -1.05260000e-04 -4.37820000e-04 -3.97370000e-04 9.64900000e-05 4.53050000e-04 -8.80420000e-04 3.34820000e-04 -2.54670000e-04 -3.86470000e-04 -4.55380000e-04 -1.06250000e-04 -4.05100000e-04 3.36290000e-04 -1.70810000e-04 -3.33900000e-04 4.35230000e-04 4.04070000e-04 -3.93910000e-04 -3.06400000e-04 1.36996000e-03 4.48000000e-06 -1.68213000e-03 -8.31750000e-04 -1.55411000e-03 7.30110000e-04 -1.72755000e-03 -3.58870000e-04 3.39990000e-04 -3.29990000e-04 -2.36550000e-04 -1.42600000e-05 -2.69200000e-04 -9.25510000e-04 3.56850000e-04 -1.49940000e-04 1.46462000e-03 -2.62190000e-04 -4.07900000e-04 -4.12270000e-04 9.31100000e-05 7.25320000e-04 3.27810000e-04 -3.56130000e-04 8.68530000e-04 2.38500000e-04 -1.04160000e-04 -4.21880000e-04 1.97300000e-04 -1.94030000e-04 -6.13260000e-04 -2.83820000e-04 -1.41139000e-03 4.93030000e-04 7.84270000e-04 -1.62330000e-04 -4.14830000e-04 5.27600000e-05 4.14730000e-04 1.27180000e-04 1.52000000e-06 -8.48730000e-04 4.17650000e-04 -1.05810000e-04 -3.61540000e-04 -1.68100000e-04 1.77400000e-05 -8.59390000e-04 -6.48760000e-04
-4.11810000e-04 2.91316000e-03 -5.47357000e-03 3.64830000e-04 2.89045000e-03 1.35847200e-02 -2.88548000e-03 -7.53640000e-04 -3.90000000e-04 1.28240000e-04 -9.97100000e-05 -8.83380000e-04 6.31650000e-04 7.56711000e-03 3.01057000e-03 2.19367000e-03 -6.23590000e-04 1.09840000e-03 -4.02680000e-04 -5.48643000e-03 1.00387900e-02 1.61416000e-03 4.43520000e-04 1.29297000e-03 -2.48130000e-03 7.24940000e-04 1.94711000e-03 2.12730000e-04 1.10614000e-03 3.65394000e-03 -1.12050000e-03 -5.02003000e-03 -5.50520000e-04 3.03961000e-03 5.80630000e-03 -7.59090000e-04 3.17870000e-04 2.23999000e-03 2.36305000e-03 -9.17700000e-04 -2.96914000e-03 4.00925000e-03 -1.65273000e-03 6.72970000e-04 2.62051000e-03 1.88510000e-03 3.14710000e-04 1.59424000e-03 -1.58727000e-03 1.19501000e-03 2.28906000e-03 -2.87764000e-03 -1.17658000e-03 1.78401000e-03 1.42368000e-03 -8.03781000e-03 1.19778000e-03 1.06535100e-02 4.97366000e-03 8.72789000e-03 -3.42673000e-03 9.82738000e-03 2.02423000e-03 -2.60086000e-03 1.30519000e-03 1.46477000e-03 1.30083000e-03 1.32840000e-03 4.98020000e-03 -1.48903000e-03 9.34730000e-04 -8.38414000e-03 1.05394000e-03 2.54349000e-03 2.19482000e-03 -4.82450000e-04 -4.58464000e-03 -2.08235000e-03 2.25221000e-03 -5.26042000e-03 -1.45068000e-03 -1.50890000e-04 2.24794000e-03 -1.20081000e-03 1.17710000e-03 4.80284000e-03 1.02554000e-03 9.13618000e-03 -1.56557000e-03 -3.68017000e-03 2.15422000e-03 3.70387000e-03 8.21720000e-04 -1.28724000e-03 5.32650000e-04 1.17237000e-03 5.76878000e-03 -1.14557000e-03 1.72552000e-03 3.33160000e-03 2.10639000e-03 1.04183000e-03 6.21200000e-03 5.70158000e-03
-2.62290000e-04 4.72560000e-04 1.80300000e-04 -5.84310000e-04 1.43030000e-04 1.58920000e-04 5.61900000e-04 6.58090000e-04 1.90480000e-04 5.39800000e-04 -7.09000000e-06 1.24620000e-04 1.87680000e-04 3.38720000e-04 -8.60450000e-04 -3.05800000e-04 3.85560000e-04 -4.08620000e-04 2.13610000e-04 2.50280000e-04 6.73930000e-04 -9.14200000e-05 -2.31150000e-04 1.06850000e-04 8.40290000e-04 3.11580000e-04 -3.42620000e-04 5.68640000e-04 -4.66790000e-04 -2.59850000e-04 2.81250000e-04 4.68460000e-04 3.68400000e-05 -8.87180000e-04 1.11710000e-04 5.93280000e-04 1.75360000e-04 -8.34500000e-05 -5.57700000e-05 6.50800000e-05 2.39270000e-04 5.46450000e-04 1.63630000e-04 5.85800000e-05 -8.26240000e-04 1.29480000e-04 4.60920000e-04 1.83110000e-04 3.27530000e-04 -1.74170000e-04 -6.51410000e-04 4.38720000e-04 8.49610000e-04 -1.40780000e-04 4.94730000e-04 4.76400000e-04 -1.01400000e-04 -8.92000000e-04 2.46870000e-04 4.67330000e-04 -5.17790000e-04 3.97390000e-04 -2.26790000e-04 1.30283000e-03 3.71570000e-04 -2.01550000e-04 -1.57900000e-04 -1.24400000e-05 5.80850000e-04 1.74850000e-04 -3.62310000e-04 4.23000000e-04 8.33630000e-04 4.36020000e-04 1.78600000e-05 9.23000000e-05 5.85160000e-04 9.02400000e-05 -3.69160000e-04 4.96740000e-04 4.40390000e-04 2.07536000e-03 -1.92790000e-04 5.99290000e-04 4.03950000e-04 -4.55020000e-04 1.25562000e-03 -3.24800000e-04 8.96440000e-04 2.18274000e-03 8.52200000e-05 2.02320000e-04 6.23550000e-04 -4.45850000e-04 2.10820000e-04 2.12580000e-04 5.01580000e-04 6.60120000e-04 3.44340000e-04 2.94060000e-04 7.66180000e-04 -2.43620000e-04 -1.87400000e-04 -9.48500000e-04
-2.16350000e-04 4.27180000e-04 -4.23650000e-04 -4.78500000e-05 2.85310000e-04 6.68880000e-04 6.19500000e-05 1.87160000e-04 1.06520000e-04 -3.97100000e-05 2.03000000e-06 -7.04900000e-05 2.18660000e-04 4.46290000e-04 -6.87900000e-05 6.94800000e-05 1.90270000e-04 1.10620000e-04 3.93000000e-06 -1.98100000e-04 6.95650000e-04 -1.19380000e-04 -1.09500000e-05 2.06150000e-04 1.01040000e-04 2.10880000e-04 6.23100000e-05 2.50820000e-04 9.42900000e-05 2.97790000e-04 5.68000000e-05 -4.30600000e-05 8.92000000e-05 -5.55000000e-05 2.70100000e-04 2.12040000e-04 2.12200000e-04 9.75500000e-05 1.40570000e-04 -5.37300000e-05 -7.99400000e-05 3.83380000e-04 -4.90000000e-05 1.29140000e-04 -2.82700000e-05 2.19290000e-04 2.22140000e-04 2.06880000e-04 -1.05080000e-04 1.13850000e-04 6.93800000e-05 -3.33500000e-05 -7.47200000e-05 1.92500000e-04 2.45860000e-04 -3.72640000e-04 -1.39330000e-04 -1.48600000e-05 3.34640000e-04 5.96470000e-04 -1.01330000e-04 4.06840000e-04 1.67700000e-05 2.74280000e-04 3.45510000e-04 5.29900000e-05 -1.56720000e-04 2.55700000e-05 4.64280000e-04 -2.97200000e-05 -3.19600000e-05 -3.44570000e-04 5.46120000e-04 1.84060000e-04 1.20690000e-04 2.36800000e-05 -7.89900000e-05 -2.51480000e-04 7.57600000e-05 -1.46140000e-04 6.19900000e-05 5.92530000e-04 8.83800000e-05 1.42610000e-04 2.36910000e-04 -8.07600000e-05 6.18270000e-04 1.44300000e-05 -7.65100000e-05 -3.20000000e-07 -6.53700000e-05 9.04200000e-05 1.35000000e-05 -4.07430000e-04 -8.74700000e-05 -6.88700000e-05 2.52300000e-04 -5.32300000e-05 4.09500000e-05 6.48700000e-05 6.49900000e-05 -1.55770000e-04 2.27000000e-05 1.29290000e-04
-2.08220000e-04 3.77230000e-04 -4.33810000e-04 -4.32900000e-05 2.75700000e-04 5.91200000e-04 7.20400000e-05 2.05410000e-04 1.14730000e-04 -1.90100000e-05 8.43000000e-06 -4.75100000e-05 2.14820000e-04 3.81270000e-04 -7.32000000e-05 6.75400000e-05 1.85100000e-04 4.94900000e-05 1.77400000e-05 -1.37810000e-04 6.11650000e-04 -9.63500000e-05 -3.95000000e-06 1.92510000e-04 1.09400000e-04 2.16360000e-04 7.31300000e-05 2.56650000e-04 9.21200000e-05 2.38450000e-04 7.09200000e-05 4.09000000e-06 1.12390000e-04 -6.90000000e-05 2.69770000e-04 2.17980000e-04 2.10110000e-04 1.07140000e-04 1.31410000e-04 -6.03000000e-05 -4.23100000e-05 3.65820000e-04 -1.89400000e-05 1.25970000e-04 -7.68300000e-05 2.05210000e-04 2.15520000e-04 2.11460000e-04 -6.93800000e-05 8.51000000e-05 3.46200000e-05 -3.81200000e-05 -3.32000000e-05 1.96870000e-04 2.38820000e-04 -2.70420000e-04 -1.32060000e-04 -5.85200000e-05 3.39620000e-04 5.29780000e-04 -1.34950000e-04 3.45650000e-04 9.40000000e-06 3.08730000e-04 3.05680000e-04 5.94000000e-05 -1.51230000e-04 3.70700000e-05 4.33770000e-04 -6.51000000e-06 1.41900000e-05 -2.93850000e-04 5.12070000e-04 1.72640000e-04 1.17570000e-04 2.65100000e-05 -3.54600000e-05 -2.01560000e-04 9.42400000e-05 -1.09330000e-04 3.01200000e-05 5.93020000e-04 9.97300000e-05 1.54700000e-04 2.31520000e-04 -8.86000000e-05 5.91780000e-04 8.52000000e-06 -3.65900000e-05 1.16210000e-04 -6.26400000e-05 9.80900000e-05 3.61700000e-05 -3.87470000e-04 -7.44300000e-05 -5.35300000e-05 2.41120000e-04 -1.15700000e-05 6.76600000e-05 7.24500000e-05 1.08400000e-04 -1.35750000e-04 -2.57900000e-05 1.10000000e-07
4.73870000e-04 -6.04080000e-04 2.31660000e-04 7.25990000e-04 -2.96010000e-04 -1.40293000e-03 -1.95370000e-04 -6.47490000e-04 -1.66800000e-05 -4.73800000e-04 9.42800000e-05 -2.12160000e-04 -1.33010000e-04 -8.63990000e-04 6.73510000e-04 5.45600000e-05 -2.01940000e-04 7.58610000e-04 -2.20660000e-04 2.83990000e-04 -1.43649000e-03 -9.47300000e-05 3.04600000e-04 -1.84590000e-04 -6.59800000e-04 -2.21900000e-04 1.41520000e-04 -5.48920000e-04 6.37040000e-04 2.96430000e-04 -2.36490000e-04 1.48180000e-04 4.52900000e-05 6.89590000e-04 -8.66260000e-04 -4.03090000e-04 -8.79500000e-05 -1.96610000e-04 -9.55500000e-05 -2.37600000e-04 -1.37900000e-05 -8.93200000e-04 1.19640000e-04 -2.91100000e-04 8.51840000e-04 -6.57600000e-05 -3.62740000e-04 -2.92650000e-04 -3.05530000e-04 9.55500000e-05 5.05750000e-04 -2.66880000e-04 -6.40170000e-04 9.38500000e-05 -5.53820000e-04 2.80790000e-04 1.57990000e-04 -4.02270000e-04 -6.50720000e-04 -1.12941000e-03 1.28148000e-03 -1.45500000e-03 -1.17610000e-04 -8.41620000e-04 -2.10170000e-04 1.40480000e-04 1.75900000e-04 -3.03350000e-04 -9.19380000e-04 -1.80130000e-04 2.07990000e-04 3.75670000e-04 -4.90500000e-04 -5.34500000e-04 -3.21850000e-04 -1.39900000e-05 -9.58100000e-05 -1.17800000e-04 1.58010000e-04 3.85400000e-05 -2.82490000e-04 -1.90448000e-03 -1.23020000e-04 -4.40200000e-04 -3.33630000e-04 5.57900000e-05 -7.59830000e-04 -6.28850000e-04 -6.66840000e-04 -1.92365000e-03 -4.63700000e-05 -3.75650000e-04 -4.82360000e-04 6.22390000e-04 -7.31000000e-05 -2.71500000e-05 -1.11152000e-03 -2.47070000e-04 -3.81520000e-04 -4.81340000e-04 -8.46220000e-04 2.54430000e-04 -4.11640000e-04 6.81270000e-04
8.57200000e-05 7.99550000e-04 -1.15940000e-03 5.04370000e-04 9.56710000e-04 2.30228000e-03 -3.52420000e-04 1.39250000e-04 2.27470000e-04 -4.74400000e-05 -4.88500000e-05 9.79500000e-05 4.45140000e-04 1.23315000e-03 7.41610000e-04 6.73520000e-04 1.92560000e-04 4.31920000e-04 6.32400000e-05 -8.17900000e-04 1.68917000e-03 4.07180000e-04 2.76280000e-04 6.29700000e-04 -3.95820000e-04 4.79370000e-04 6.78700000e-04 3.18970000e-04 4.02610000e-04 9.35300000e-04 1.00770000e-04 -6.95570000e-04 2.36900000e-04 7.10980000e-04 9.05500000e-04 8.29900000e-05 3.80940000e-04 5.00860000e-04 6.80110000e-04 1.11470000e-04 -4.06010000e-04 7.33190000e-04 -6.78000000e-05 4.63990000e-04 7.32340000e-04 7.21330000e-04 1.73950000e-04 4.17180000e-04 -1.39270000e-04 5.25820000e-04 8.60250000e-04 -4.40470000e-04 -3.43440000e-04 6.56780000e-04 2.81200000e-04 -1.47054000e-03 3.07600000e-04 1.84846000e-03 1.10960000e-03 1.59648000e-03 -1.33520000e-04 1.58335000e-03 4.63990000e-04 -6.86600000e-04 5.40420000e-04 5.06550000e-04 3.20150000e-04 4.06090000e-04 7.61880000e-04 1.81250000e-04 5.83200000e-04 -1.31342000e-03 6.28000000e-05 3.53620000e-04 5.62200000e-04 -1.73300000e-05 -7.51100000e-04 -2.69500000e-04 5.92290000e-04 -8.53370000e-04 -2.06890000e-04 -4.79830000e-04 6.18780000e-04 -9.86100000e-05 2.70640000e-04 9.06490000e-04 1.04910000e-04 1.35399000e-03 -4.17280000e-04 -1.05953000e-03 3.30120000e-04 6.49450000e-04 4.95600000e-05 -1.23580000e-04 1.04860000e-04 1.72680000e-04 9.43160000e-04 -2.57860000e-04 3.37170000e-04 5.42900000e-04 2.01900000e-04 3.33480000e-04 9.20860000e-04 1.05787000e-03
2.50440000e-04 -5.36590000e-04 8.08390000e-04 8.45600000e-05 -4.46920000e-04 -2.08578000e-03 3.64040000e-04 1.51400000e-05 7.78200000e-05 1.44840000e-04 2.71800000e-05 1.53220000e-04 -1.58480000e-04 -1.17019000e-03 -2.80260000e-04 -2.40330000e-04 4.66000000e-06 6.74100000e-05 9.94500000e-05 7.81710000e-04 -1.57764000e-03 -1.04960000e-04 4.90700000e-05 -2.22800000e-04 2.66440000e-04 -1.15350000e-04 -2.30160000e-04 -1.04800000e-04 -9.31000000e-05 -4.02050000e-04 1.64110000e-04 7.22620000e-04 3.67900000e-05 -3.05750000e-04 -9.82160000e-04 5.83800000e-05 -1.04670000e-04 -3.47460000e-04 -3.43350000e-04 1.77230000e-04 3.69280000e-04 -6.87800000e-04 3.20240000e-04 -2.21610000e-04 -2.14150000e-04 -2.66640000e-04 -8.87100000e-05 -3.21190000e-04 2.71220000e-04 -6.49000000e-05 -1.72470000e-04 4.62510000e-04 2.85220000e-04 -2.96210000e-04 -2.74210000e-04 1.12536000e-03 1.22900000e-05 -1.37344000e-03 -7.70420000e-04 -1.35700000e-03 7.08980000e-04 -1.57022000e-03 -2.99200000e-04 2.95500000e-04 -2.36750000e-04 -1.32160000e-04 -7.65000000e-06 -2.13500000e-04 -8.05420000e-04 3.12100000e-04 -9.92700000e-05 1.22875000e-03 -1.64380000e-04 -4.09450000e-04 -3.25260000e-04 7.07300000e-05 6.27690000e-04 3.27790000e-04 -2.66580000e-04 7.40130000e-04 2.02780000e-04 -1.13590000e-04 -3.31420000e-04 1.30360000e-04 -1.98680000e-04 -4.93670000e-04 -1.90780000e-04 -1.17567000e-03 3.54030000e-04 4.73730000e-04 -1.24250000e-04 -3.57050000e-04 1.59800000e-05 3.85560000e-04 1.07380000e-04 3.19000000e-06 -7.42630000e-04 3.13520000e-04 -1.31410000e-04 -3.27880000e-04 -2.01380000e-04 5.57000000e-06 -7.10390000e-04 -3.90330000e-04
-3.95850000e-04 1.32345000e-03 -1.11351000e-03 -5.56350000e-04 9.02140000e-04 2.94373000e-03 2.14500000e-05 7.56590000e-04 2.95520000e-04 6.02880000e-04 -1.00570000e-04 4.83000000e-05 5.35290000e-04 1.79387000e-03 -4.29180000e-04 2.34810000e-04 4.68550000e-04 -3.50140000e-04 1.92630000e-04 -8.74280000e-04 2.75398000e-03 2.62150000e-04 -1.65800000e-04 5.54050000e-04 4.36810000e-04 5.95220000e-04 1.87990000e-04 8.19480000e-04 -2.67220000e-04 4.36880000e-04 2.06890000e-04 -4.88120000e-04 8.86400000e-05 -4.80210000e-04 1.44067000e-03 5.92020000e-04 4.68510000e-04 4.55070000e-04 4.43820000e-04 -3.44300000e-05 -3.43920000e-04 1.48454000e-03 -1.54480000e-04 4.40960000e-04 -6.12110000e-04 5.40690000e-04 6.18100000e-04 6.26100000e-04 6.60600000e-05 1.84900000e-04 -1.31850000e-04 -6.12200000e-05 6.30940000e-04 3.72160000e-04 8.79810000e-04 -1.32918000e-03 1.67500000e-05 1.13608000e-03 1.38852000e-03 2.31204000e-03 -1.26969000e-03 2.30951000e-03 2.71870000e-04 8.96780000e-04 7.57360000e-04 1.04840000e-04 -4.99000000e-05 3.95920000e-04 1.72571000e-03 7.43200000e-05 -1.61000000e-05 -1.38656000e-03 1.26486000e-03 8.65480000e-04 6.07240000e-04 -3.31000000e-05 -3.50540000e-04 -4.31720000e-04 1.90820000e-04 -6.31190000e-04 2.00260000e-04 2.39040000e-03 4.25220000e-04 4.83970000e-04 7.17110000e-04 3.52410000e-04 1.64336000e-03 1.26696000e-03 5.93630000e-04 1.65351000e-03 3.64030000e-04 9.82450000e-04 7.90080000e-04 -8.93970000e-04 2.39670000e-04 3.20690000e-04 1.95513000e-03 3.77130000e-04 8.06520000e-04 9.91420000e-04 1.23644000e-03 -4.26400000e-05 9.09390000e-04 1.80680000e-04
7.03550000e-04 4.46900000e-04 -4.02332000e-03 1.76512000e-03 1.48542000e-03 7.17992000e-03 -2.80487000e-03 -2.05808000e-03 -3.79700000e-04 -8.65480000e-04 2.80590000e-04 -1.18289000e-03 7.90600000e-05 3.71896000e-03 3.79066000e-03 1.77168000e-03 -1.21346000e-03 1.64984000e-03 -8.32480000e-04 -3.92979000e-03 3.80609000e-03 1.32126000e-03 9.87960000e-04 5.40480000e-04 -3.48217000e-03 -6.14600000e-05 1.71998000e-03 -1.13123000e-03 1.88806000e-03 2.70429000e-03 -1.63086000e-03 -3.66264000e-03 -3.99720000e-04 3.79148000e-03 2.89357000e-03 -1.53746000e-03 -1.21640000e-04 1.57097000e-03 1.70899000e-03 -1.35240000e-03 -2.44875000e-03 1.19105000e-03 -1.09209000e-03 -1.14800000e-04 3.19895000e-03 1.01093000e-03 -6.20060000e-04 6.17280000e-04 -1.91029000e-03 8.27100000e-04 2.67741000e-03 -3.42268000e-03 -2.14900000e-03 1.51749000e-03 -4.11000000e-05 -5.98240000e-03 1.53273000e-03 7.56155000e-03 2.34269000e-03 3.77314000e-03 -7.58750000e-04 4.21811000e-03 1.40655000e-03 -4.12794000e-03 1.76590000e-04 1.40981000e-03 1.65211000e-03 3.42270000e-04 1.95447000e-03 -1.76005000e-03 1.17463000e-03 -5.90075000e-03 -9.14880000e-04 8.21430000e-04 9.00340000e-04 -3.24920000e-04 -3.87475000e-03 -1.88641000e-03 1.98568000e-03 -4.07703000e-03 -1.87522000e-03 -4.82300000e-03 1.43951000e-03 -1.90590000e-03 2.32340000e-04 4.01328000e-03 -1.37588000e-03 5.62528000e-03 -2.58579000e-03 -6.66677000e-03 1.53590000e-03 2.22227000e-03 -2.90030000e-04 2.53690000e-04 3.89840000e-04 9.22800000e-04 2.43286000e-03 -1.27478000e-03 6.62370000e-04 1.68301000e-03 -1.86900000e-05 1.56334000e-03 3.52104000e-03 5.07281000e-03
-3.43920000e-04 5.22610000e-04 -6.27260000e-04 -1.09040000e-04 4.19680000e-04 1.28898000e-03 -2.17100000e-05 2.69860000e-04 8.22900000e-05 -2.48500000e-05 -3.34200000e-05 -2.37600000e-05 2.12410000e-04 7.81950000e-04 -1.42200000e-05 1.66680000e-04 1.34000000e-04 -7.69300000e-05 3.78600000e-05 -4.48330000e-04 1.15145000e-03 -7.72900000e-05 -1.39500000e-05 2.60840000e-04 7.88200000e-05 2.41660000e-04 9.88500000e-05 3.19070000e-04 -1.47000000e-05 2.91690000e-04 8.40500000e-05 -2.45300000e-04 3.42300000e-05 2.47000000e-06 5.87520000e-04 2.00850000e-04 1.76040000e-04 2.04640000e-04 2.35670000e-04 -5.32100000e-05 -1.95150000e-04 6.05000000e-04 -1.13520000e-04 2.23530000e-04 -7.10900000e-05 3.05990000e-04 2.47060000e-04 2.65480000e-04 -8.14800000e-05 1.11380000e-04 5.98600000e-05 -1.49290000e-04 -4.87500000e-05 1.90170000e-04 3.57350000e-04 -6.74360000e-04 -1.15900000e-04 4.53870000e-04 5.94000000e-04 9.83530000e-04 -5.15150000e-04 9.55320000e-04 1.44370000e-04 2.50520000e-04 3.24200000e-04 1.15950000e-04 -1.38640000e-04 1.21470000e-04 7.22880000e-04 -4.15700000e-05 8.80000000e-07 -6.61850000e-04 4.46030000e-04 3.12800000e-04 2.28650000e-04 1.11400000e-05 -2.18800000e-04 -2.24180000e-04 1.14090000e-04 -3.30660000e-04 5.20500000e-05 7.06430000e-04 2.03920000e-04 1.37620000e-04 2.91040000e-04 7.54500000e-05 6.26880000e-04 4.06090000e-04 -7.38200000e-05 1.57070000e-04 -1.12700000e-05 2.42460000e-04 7.76000000e-05 -5.53410000e-04 -8.50700000e-05 -4.49900000e-05 5.71440000e-04 -9.68000000e-05 9.37500000e-05 2.17980000e-04 2.34230000e-04 -1.87830000e-04 2.00790000e-04 -5.56100000e-05
-5.05930000e-04 3.10055000e-03 -6.96538000e-03 1.60956000e-03 3.81726000e-03 1.42740600e-02 -3.19123000e-03 -9.28050000e-04 3.25400000e-05 -1.18179000e-03 3.92260000e-04 -1.18749000e-03 1.21224000e-03 7.80014000e-03 4.47254000e-03 2.78542000e-03 -4.17240000e-04 1.63004000e-03 -8.63100000e-04 -5.91340000e-03 9.85062000e-03 1.42708000e-03 9.20810000e-04 2.11570000e-03 -3.39879000e-03 1.22639000e-03 2.57823000e-03 2.51780000e-04 2.06614000e-03 4.40520000e-03 -1.49617000e-03 -5.17980000e-03 1.46940000e-04 4.53807000e-03 6.16554000e-03 -8.18330000e-04 9.17340000e-04 2.93675000e-03 3.40730000e-03 -1.42668000e-03 -3.18435000e-03 4.05386000e-03 -1.88385000e-03 1.34224000e-03 3.79547000e-03 2.28293000e-03 3.53110000e-04 2.05277000e-03 -2.42057000e-03 1.45739000e-03 3.49024000e-03 -4.23684000e-03 -2.97018000e-03 2.88205000e-03 1.43091000e-03 -9.11918000e-03 1.27114000e-03 1.12652000e-02 5.66802000e-03 8.99342000e-03 -2.78807000e-03 9.65432000e-03 2.26412000e-03 -4.32473000e-03 1.75394000e-03 2.02758000e-03 1.41363000e-03 1.08124000e-03 5.10515000e-03 -1.86759000e-03 1.65111000e-03 -9.13513000e-03 9.42700000e-05 2.42261000e-03 2.05989000e-03 -1.66000000e-06 -5.20246000e-03 -2.70068000e-03 2.90946000e-03 -5.86059000e-03 -2.11132000e-03 -3.32996000e-03 2.56976000e-03 -1.48240000e-03 1.38366000e-03 5.08842000e-03 -2.74500000e-05 8.57880000e-03 -3.56052000e-03 -7.69601000e-03 1.60035000e-03 3.16828000e-03 -3.75390000e-04 -1.63447000e-03 -1.29920000e-04 6.39550000e-04 4.87758000e-03 -2.34128000e-03 9.26550000e-04 2.61835000e-03 5.74970000e-04 1.19054000e-03 5.45819000e-03 5.87534000e-03
6.16160000e-04 -2.47554000e-03 5.78074000e-03 -1.10349000e-03 -2.88732000e-03 -1.05380500e-02 2.20473000e-03 4.47240000e-04 4.45500000e-05 8.78250000e-04 -3.96200000e-05 8.00110000e-04 -9.35710000e-04 -5.65319000e-03 -3.00676000e-03 -2.12197000e-03 2.80190000e-04 -1.16969000e-03 5.43000000e-04 4.54478000e-03 -7.39247000e-03 -8.36140000e-04 -6.45170000e-04 -1.62782000e-03 2.31434000e-03 -9.60890000e-04 -1.91568000e-03 -4.31050000e-04 -1.58177000e-03 -3.47714000e-03 7.34240000e-04 3.70069000e-03 -6.32500000e-05 -3.04073000e-03 -4.51591000e-03 4.19780000e-04 -6.77910000e-04 -2.07875000e-03 -2.35794000e-03 8.88700000e-04 2.47688000e-03 -3.24881000e-03 1.35008000e-03 -1.02141000e-03 -2.53423000e-03 -2.05458000e-03 -3.95510000e-04 -1.56401000e-03 1.77899000e-03 -1.27462000e-03 -2.59183000e-03 2.90904000e-03 2.09964000e-03 -2.09217000e-03 -1.14435000e-03 6.98825000e-03 -7.26220000e-04 -8.05592000e-03 -4.15645000e-03 -6.73863000e-03 2.25651000e-03 -6.93180000e-03 -1.58607000e-03 2.57504000e-03 -1.51579000e-03 -1.56691000e-03 -7.92380000e-04 -8.29690000e-04 -3.93553000e-03 1.23267000e-03 -1.19707000e-03 6.91049000e-03 -7.18220000e-04 -1.56940000e-03 -1.62214000e-03 1.62970000e-04 3.77695000e-03 2.04957000e-03 -2.12748000e-03 4.36167000e-03 1.45698000e-03 1.50636000e-03 -1.96805000e-03 9.92800000e-04 -1.04091000e-03 -3.55476000e-03 -7.86480000e-04 -6.17419000e-03 2.50672000e-03 5.17706000e-03 -1.10160000e-03 -2.46989000e-03 1.88970000e-04 1.58972000e-03 1.23340000e-04 -3.94860000e-04 -3.89760000e-03 1.64685000e-03 -7.34290000e-04 -1.99239000e-03 -5.77540000e-04 -6.06490000e-04 -3.86700000e-03 -4.37517000e-03
1.07920000e-04 -8.25170000e-04 2.11328000e-03 -3.12400000e-04 -9.70770000e-04 -4.58116000e-03 1.18869000e-03 4.16030000e-04 2.25990000e-04 2.52020000e-04 4.35100000e-05 2.95310000e-04 -1.84950000e-04 -2.38022000e-03 -1.29365000e-03 -8.80830000e-04 3.39780000e-04 -2.28810000e-04 2.23370000e-04 2.05286000e-03 -3.04306000e-03 -6.02630000e-04 -1.99180000e-04 -4.69470000e-04 1.13113000e-03 -1.24320000e-04 -8.13640000e-04 7.63400000e-05 -5.00000000e-04 -1.18540000e-03 4.41590000e-04 1.89281000e-03 1.52750000e-04 -1.30286000e-03 -2.09369000e-03 4.55700000e-04 -6.72800000e-05 -8.86070000e-04 -8.62860000e-04 3.03220000e-04 1.11252000e-03 -1.25578000e-03 6.67030000e-04 -3.59270000e-04 -9.97030000e-04 -6.13450000e-04 5.69500000e-05 -5.52540000e-04 6.75120000e-04 -4.27740000e-04 -9.86430000e-04 1.24695000e-03 7.66510000e-04 -7.08480000e-04 -3.38840000e-04 3.03267000e-03 -4.21260000e-04 -4.02052000e-03 -1.61840000e-03 -2.74453000e-03 1.24336000e-03 -3.18342000e-03 -8.29030000e-04 1.38595000e-03 -2.93740000e-04 -5.79930000e-04 -4.74870000e-04 -5.05920000e-04 -1.52923000e-03 5.93590000e-04 -5.20540000e-04 3.10596000e-03 8.78600000e-05 -6.44900000e-04 -7.64680000e-04 1.89260000e-04 1.79595000e-03 7.21780000e-04 -9.07800000e-04 2.01374000e-03 6.84250000e-04 8.88740000e-04 -8.95550000e-04 6.20870000e-04 -2.40460000e-04 -1.78243000e-03 2.03060000e-04 -3.18366000e-03 9.45840000e-04 2.02340000e-03 -6.09570000e-04 -1.15847000e-03 2.92000000e-06 3.52200000e-04 -4.50900000e-05 -2.44940000e-04 -1.87050000e-03 7.07770000e-04 -4.47080000e-04 -9.92930000e-04 -4.09410000e-04 -4.29230000e-04 -2.03109000e-03 -1.95486000e-03
-3.79840000e-04 -3.26400000e-04 2.71031000e-03 -1.42075000e-03 -9.92670000e-04 -4.32280000e-03 1.83588000e-03 1.37462000e-03 2.67070000e-04 9.75430000e-04 -1.50570000e-04 6.83360000e-04 -1.15920000e-04 -2.06382000e-03 -2.67718000e-03 -1.29716000e-03 7.09410000e-04 -1.40508000e-03 5.75740000e-04 2.40459000e-03 -2.17871000e-03 -6.48010000e-04 -7.01570000e-04 -4.81960000e-04 2.35236000e-03 4.70200000e-05 -1.30823000e-03 7.59120000e-04 -1.50681000e-03 -2.03856000e-03 9.32800000e-04 2.32033000e-03 7.73800000e-05 -2.69178000e-03 -1.69002000e-03 1.06202000e-03 -4.07100000e-05 -1.01314000e-03 -1.14136000e-03 6.28120000e-04 1.50081000e-03 -5.88800000e-04 7.54820000e-04 -9.75500000e-05 -2.44079000e-03 -6.80130000e-04 4.94650000e-04 -3.97270000e-04 1.32994000e-03 -7.85300000e-04 -2.12301000e-03 1.99479000e-03 1.98804000e-03 -1.14887000e-03 2.22200000e-04 3.84030000e-03 -7.13930000e-04 -4.80532000e-03 -1.38022000e-03 -2.22034000e-03 -4.92300000e-05 -2.29944000e-03 -9.05060000e-04 3.05567000e-03 -2.00280000e-04 -9.85050000e-04 -8.22390000e-04 -2.51210000e-04 -9.13180000e-04 9.61510000e-04 -9.60700000e-04 3.68988000e-03 7.16630000e-04 -1.87360000e-04 -6.02850000e-04 1.89100000e-04 2.56246000e-03 1.20178000e-03 -1.47851000e-03 2.64656000e-03 1.31687000e-03 3.74930000e-03 -1.01962000e-03 1.34583000e-03 4.67000000e-05 -2.41597000e-03 1.31353000e-03 -3.28424000e-03 2.24215000e-03 5.50934000e-03 -6.26770000e-04 -1.00280000e-03 7.54390000e-04 -1.64580000e-04 1.08630000e-04 -1.60080000e-04 -1.05236000e-03 1.39373000e-03 -2.35400000e-05 -6.35840000e-04 6.97210000e-04 -8.50550000e-04 -2.13710000e-03 -3.79616000e-03
-3.30680000e-04 5.55430000e-04 -3.83490000e-04 -3.82860000e-04 3.06880000e-04 1.02297000e-03 1.36260000e-04 4.22770000e-04 8.93900000e-05 2.18980000e-04 -5.54100000e-05 3.09300000e-05 2.34690000e-04 6.71190000e-04 -4.14980000e-04 -1.23800000e-05 2.46360000e-04 -3.89360000e-04 1.14080000e-04 -2.33510000e-04 1.06016000e-03 -5.10000000e-07 -1.48280000e-04 1.87270000e-04 3.62210000e-04 2.41370000e-04 -1.72600000e-05 4.15650000e-04 -2.00740000e-04 -1.60000000e-05 1.47840000e-04 -6.52400000e-05 4.97600000e-05 -4.24560000e-04 5.79230000e-04 3.41100000e-04 1.98820000e-04 1.30960000e-04 9.22000000e-05 -3.38900000e-05 -3.08300000e-05 6.53640000e-04 -4.23900000e-05 2.00910000e-04 -5.16120000e-04 2.09850000e-04 3.13750000e-04 2.99050000e-04 8.69600000e-05 -6.10300000e-05 -3.12800000e-04 2.28800000e-05 3.48580000e-04 9.59700000e-05 4.26730000e-04 -3.10570000e-04 -1.45940000e-04 4.07000000e-05 5.22270000e-04 8.68730000e-04 -7.17190000e-04 8.85650000e-04 7.18700000e-05 7.06470000e-04 3.14180000e-04 -2.86500000e-05 -1.78540000e-04 1.77530000e-04 7.46480000e-04 -2.38000000e-06 -7.23800000e-05 -4.15050000e-04 6.65640000e-04 3.93790000e-04 2.42770000e-04 -1.97500000e-05 1.44300000e-05 -1.15140000e-04 -1.62100000e-05 -1.05380000e-04 1.54140000e-04 1.38802000e-03 1.43030000e-04 3.03230000e-04 3.37790000e-04 -1.00240000e-04 9.04040000e-04 2.93730000e-04 3.43970000e-04 1.16417000e-03 2.25400000e-05 2.94700000e-04 3.31140000e-04 -5.36940000e-04 2.41000000e-05 4.68800000e-05 7.02190000e-04 2.13750000e-04 3.09920000e-04 3.15000000e-04 5.69360000e-04 -1.79720000e-04 9.48600000e-05 -5.29010000e-04
-3.13510000e-04 8.58580000e-04 -8.32460000e-04 -3.50590000e-04 5.93430000e-04 2.04013000e-03 -1.83400000e-05 4.71290000e-04 1.32890000e-04 2.88770000e-04 -7.29900000e-05 1.84800000e-05 3.51430000e-04 1.22018000e-03 -2.47700000e-04 1.62950000e-04 2.86230000e-04 -3.52060000e-04 1.11590000e-04 -6.39350000e-04 1.82061000e-03 1.56250000e-04 -1.15570000e-04 3.54690000e-04 2.41970000e-04 3.59000000e-04 1.42860000e-04 5.23390000e-04 -1.31280000e-04 2.55260000e-04 1.29740000e-04 -3.66810000e-04 5.92400000e-05 -2.70660000e-04 1.04797000e-03 3.58300000e-04 2.91290000e-04 3.32710000e-04 2.98160000e-04 -7.20700000e-05 -2.44140000e-04 1.02476000e-03 -1.23280000e-04 3.26080000e-04 -4.07580000e-04 4.09090000e-04 3.90550000e-04 4.60880000e-04 4.45000000e-06 5.80900000e-05 -1.30760000e-04 -1.49540000e-04 3.47320000e-04 2.76110000e-04 5.84070000e-04 -9.17530000e-04 -1.14700000e-05 8.01200000e-04 9.33200000e-04 1.54407000e-03 -9.71820000e-04 1.58323000e-03 2.20700000e-04 5.93630000e-04 4.80550000e-04 9.45700000e-05 -5.26200000e-05 2.87990000e-04 1.16946000e-03 -4.74800000e-05 3.16000000e-05 -1.01756000e-03 7.91220000e-04 5.76640000e-04 4.18530000e-04 -3.92300000e-05 -2.69490000e-04 -2.65490000e-04 1.46460000e-04 -4.67290000e-04 8.32800000e-05 1.50372000e-03 3.25210000e-04 2.76100000e-04 4.62200000e-04 2.46440000e-04 1.08239000e-03 9.10530000e-04 3.00700000e-04 1.04183000e-03 2.15560000e-04 6.25760000e-04 4.77610000e-04 -6.21770000e-04 1.13400000e-04 1.90100000e-04 1.25075000e-03 2.03670000e-04 5.06990000e-04 6.20890000e-04 8.00730000e-04 -5.46200000e-05 5.26840000e-04 -1.47500000e-04
6.24380000e-04 -1.38957000e-03 1.95356000e-03 3.20630000e-04 -1.19731000e-03 -4.42519000e-03 3.97290000e-04 -5.00450000e-04 -8.50900000e-05 -1.34130000e-04 3.56400000e-05 7.15000000e-05 -4.73430000e-04 -2.52756000e-03 -2.32230000e-04 -5.19230000e-04 -2.14670000e-04 2.79990000e-04 -1.27500000e-05 1.60719000e-03 -3.58180000e-03 -2.47990000e-04 8.92100000e-05 -7.11360000e-04 4.29200000e-05 -5.68830000e-04 -4.07480000e-04 -7.05510000e-04 5.43700000e-05 -8.28130000e-04 8.65000000e-06 1.13981000e-03 -2.05600000e-05 -2.20660000e-04 -2.10106000e-03 -3.25750000e-04 -3.65690000e-04 -7.92520000e-04 -8.43940000e-04 1.34560000e-04 7.33810000e-04 -1.84789000e-03 4.62850000e-04 -5.71940000e-04 3.63400000e-05 -7.46320000e-04 -5.19780000e-04 -7.80240000e-04 2.79390000e-04 -2.70150000e-04 -2.88490000e-04 6.32780000e-04 3.91600000e-05 -5.99940000e-04 -9.05180000e-04 2.32138000e-03 -6.51200000e-05 -2.52313000e-03 -1.86107000e-03 -3.08711000e-03 1.72302000e-03 -3.33320000e-03 -4.87020000e-04 -1.21710000e-04 -7.86010000e-04 -3.29130000e-04 -4.78700000e-05 -4.21350000e-04 -2.08536000e-03 2.40550000e-04 -1.28950000e-04 2.36402000e-03 -7.81780000e-04 -1.00608000e-03 -6.97150000e-04 -8.50000000e-06 9.67960000e-04 5.92970000e-04 -4.56330000e-04 1.28512000e-03 1.52040000e-04 -1.40915000e-03 -6.28880000e-04 -1.62610000e-04 -6.87300000e-04 -8.97080000e-04 -1.14577000e-03 -2.21319000e-03 1.58240000e-04 -2.06810000e-04 -3.66700000e-04 -1.04259000e-03 -4.17840000e-04 1.10545000e-03 -1.91400000e-05 -1.82800000e-04 -2.11697000e-03 2.16610000e-04 -5.41450000e-04 -9.98120000e-04 -9.27250000e-04 8.10200000e-05 -1.38289000e-03 -5.43660000e-04
6.31300000e-05 -1.50590000e-03 4.87962000e-03 -1.37082000e-03 -2.14618000e-03 -8.95194000e-03 2.51295000e-03 1.14110000e-03 3.33520000e-04 9.91830000e-04 -5.77900000e-05 7.75440000e-04 -5.07380000e-04 -4.56589000e-03 -3.34374000e-03 -2.04852000e-03 7.33070000e-04 -1.14759000e-03 5.86550000e-04 4.19350000e-03 -5.58447000e-03 -1.08440000e-03 -7.55320000e-04 -1.11257000e-03 2.80067000e-03 -3.45650000e-04 -1.94119000e-03 3.06750000e-04 -1.69804000e-03 -2.98143000e-03 9.75840000e-04 3.73727000e-03 1.05790000e-04 -3.35257000e-03 -3.95867000e-03 1.02689000e-03 -2.77270000e-04 -1.91425000e-03 -1.96826000e-03 7.94430000e-04 2.34259000e-03 -2.31711000e-03 1.26860000e-03 -6.87540000e-04 -2.75653000e-03 -1.54276000e-03 1.74070000e-04 -1.17312000e-03 1.72018000e-03 -1.12262000e-03 -2.65480000e-03 2.89763000e-03 2.25146000e-03 -1.83528000e-03 -5.14260000e-04 6.40760000e-03 -9.36420000e-04 -8.08898000e-03 -3.21704000e-03 -5.22893000e-03 1.72119000e-03 -5.69001000e-03 -1.64785000e-03 3.41128000e-03 -7.64810000e-04 -1.50157000e-03 -1.04427000e-03 -8.45740000e-04 -2.85188000e-03 1.34559000e-03 -1.36762000e-03 6.39537000e-03 2.70920000e-04 -1.04007000e-03 -1.45867000e-03 3.05370000e-04 3.81418000e-03 1.70029000e-03 -2.16506000e-03 4.21504000e-03 1.67534000e-03 3.13525000e-03 -1.90345000e-03 1.48523000e-03 -4.79120000e-04 -3.72690000e-03 6.17920000e-04 -6.05401000e-03 2.66557000e-03 5.91926000e-03 -1.13071000e-03 -2.19302000e-03 4.39050000e-04 6.48650000e-04 5.30900000e-05 -4.05960000e-04 -3.21420000e-03 1.74979000e-03 -6.04170000e-04 -1.71502000e-03 -1.67750000e-04 -9.93130000e-04 -3.76898000e-03 -4.63385000e-03
-3.08000000e-06 2.71422000e-03 -7.23263000e-03 1.80448000e-03 3.45870000e-03 1.58594100e-02 -4.27072000e-03 -1.97348000e-03 -6.68280000e-04 -1.01721000e-03 1.94500000e-05 -1.34413000e-03 5.88420000e-04 8.48444000e-03 5.31067000e-03 3.14052000e-03 -1.25014000e-03 2.07447000e-03 -9.37570000e-04 -7.05152000e-03 1.06992000e-02 1.96181000e-03 1.06424000e-03 1.56548000e-03 -4.48598000e-03 5.51460000e-04 2.90429000e-03 -5.84290000e-04 2.37529000e-03 5.00819000e-03 -1.82809000e-03 -6.55909000e-03 -5.68470000e-04 5.40011000e-03 6.60055000e-03 -1.76915000e-03 2.27640000e-04 2.87116000e-03 3.17647000e-03 -1.51414000e-03 -4.02635000e-03 3.92888000e-03 -2.12068000e-03 7.69770000e-04 4.76911000e-03 2.40513000e-03 -2.75120000e-04 1.70681000e-03 -2.62615000e-03 1.62420000e-03 3.93744000e-03 -4.57010000e-03 -2.98569000e-03 2.60838000e-03 9.41340000e-04 -1.04612100e-02 1.79184000e-03 1.38816700e-02 5.64902000e-03 9.61271000e-03 -3.01661000e-03 1.07763900e-02 2.67935000e-03 -5.25259000e-03 1.19328000e-03 2.26785000e-03 1.97299000e-03 1.35486000e-03 5.05234000e-03 -2.23476000e-03 1.80110000e-03 -1.07108200e-02 -2.13700000e-04 2.35454000e-03 2.36702000e-03 -5.65390000e-04 -6.37960000e-03 -2.72550000e-03 3.28562000e-03 -7.07598000e-03 -2.56547000e-03 -4.14044000e-03 2.91130000e-03 -2.40693000e-03 8.70950000e-04 6.49570000e-03 -5.94770000e-04 1.11058900e-02 -3.62705000e-03 -8.53113000e-03 2.49802000e-03 4.05661000e-03 -5.21800000e-05 -8.32550000e-04 3.21600000e-04 1.23074000e-03 5.74231000e-03 -2.36592000e-03 1.37793000e-03 3.39798000e-03 1.09685000e-03 1.70326000e-03 7.22590000e-03 7.71879000e-03
6.63200000e-05 -9.87620000e-04 3.31283000e-03 -8.53030000e-04 -1.30511000e-03 -7.62154000e-03 2.24604000e-03 1.32698000e-03 7.06170000e-04 7.15060000e-04 8.49500000e-05 6.59840000e-04 2.97700000e-05 -3.91835000e-03 -2.80681000e-03 -1.64115000e-03 9.96070000e-04 -1.38618000e-03 4.92190000e-04 3.25469000e-03 -5.00991000e-03 -8.75070000e-04 -4.71440000e-04 -4.87950000e-04 2.33497000e-03 1.19390000e-04 -1.49326000e-03 6.65490000e-04 -1.28012000e-03 -2.59503000e-03 8.68030000e-04 3.42748000e-03 4.49330000e-04 -2.92997000e-03 -3.17537000e-03 1.24936000e-03 2.30950000e-04 -1.33899000e-03 -1.28966000e-03 3.35010000e-04 1.83448000e-03 -1.63170000e-03 1.25253000e-03 -2.48070000e-04 -2.83585000e-03 -9.74580000e-04 4.10270000e-04 -6.62070000e-04 1.33668000e-03 -1.03609000e-03 -2.18280000e-03 1.89597000e-03 1.92969000e-03 -1.09211000e-03 -1.03460000e-04 4.87893000e-03 -6.10320000e-04 -7.38747000e-03 -2.37087000e-03 -4.42829000e-03 1.27185000e-03 -5.30500000e-03 -1.44269000e-03 3.10397000e-03 -2.49060000e-04 -1.06062000e-03 -8.01900000e-04 -8.45660000e-04 -1.96571000e-03 1.06948000e-03 -8.71700000e-04 5.08799000e-03 3.47630000e-04 -8.33800000e-04 -1.30823000e-03 4.14410000e-04 3.21609000e-03 1.07236000e-03 -1.70692000e-03 3.45361000e-03 1.32064000e-03 2.59710000e-03 -1.51970000e-03 1.48542000e-03 -2.51200000e-05 -3.29209000e-03 1.11014000e-03 -5.84608000e-03 2.13003000e-03 5.07480000e-03 -1.02643000e-03 -1.65412000e-03 5.71140000e-04 1.70200000e-04 1.12590000e-04 -1.78760000e-04 -2.38025000e-03 1.71713000e-03 -2.85060000e-04 -1.34793000e-03 -1.25000000e-06 -6.91210000e-04 -4.09735000e-03 -4.98941000e-03
-8.72000000e-06 3.46100000e-04 -2.16215000e-03 9.17370000e-04 8.17480000e-04 3.29040000e-03 -1.18502000e-03 -7.28060000e-04 -1.73490000e-04 -6.70940000e-04 6.10000000e-05 -4.08900000e-04 1.16180000e-04 1.59695000e-03 1.77313000e-03 9.64520000e-04 -4.70120000e-04 8.11370000e-04 -3.21270000e-04 -1.75164000e-03 1.84667000e-03 3.22910000e-04 4.86570000e-04 4.05950000e-04 -1.48138000e-03 7.36800000e-05 8.85360000e-04 -3.26780000e-04 9.60960000e-04 1.43443000e-03 -4.94020000e-04 -1.55404000e-03 -4.99200000e-05 1.80651000e-03 1.32896000e-03 -5.96220000e-04 4.82800000e-05 7.40280000e-04 8.22900000e-04 -4.09800000e-04 -1.06620000e-03 6.45300000e-04 -5.13610000e-04 1.56650000e-04 1.54010000e-03 6.11320000e-04 -2.09010000e-04 3.47130000e-04 -8.69120000e-04 5.64810000e-04 1.40334000e-03 -1.34943000e-03 -1.31256000e-03 7.82980000e-04 1.47100000e-05 -2.72175000e-03 3.76090000e-04 3.25508000e-03 1.16394000e-03 1.80959000e-03 -2.96260000e-04 1.81872000e-03 6.61090000e-04 -1.75298000e-03 2.02400000e-04 7.46090000e-04 4.27690000e-04 2.11800000e-04 9.07480000e-04 -5.78030000e-04 6.41220000e-04 -2.65914000e-03 -2.70470000e-04 2.03550000e-04 4.78220000e-04 -1.02240000e-04 -1.71116000e-03 -7.89830000e-04 1.01922000e-03 -1.84157000e-03 -8.43530000e-04 -2.05274000e-03 7.67510000e-04 -7.96130000e-04 8.50100000e-05 1.56337000e-03 -5.22570000e-04 2.27304000e-03 -1.48340000e-03 -3.42472000e-03 3.61190000e-04 7.50720000e-04 -4.73500000e-04 -2.34250000e-04 -1.30870000e-04 4.98800000e-05 8.94770000e-04 -9.55160000e-04 8.37000000e-06 4.86880000e-04 -3.37030000e-04 3.79510000e-04 1.35711000e-03 2.20892000e-03
-3.30940000e-04 -9.38360000e-04 4.33102000e-03 -1.71049000e-03 -1.74054000e-03 -7.85319000e-03 2.72352000e-03 1.76823000e-03 4.29320000e-04 1.21866000e-03 -1.40710000e-04 1.01818000e-03 -2.62250000e-04 -3.97445000e-03 -3.70400000e-03 -1.89562000e-03 9.61050000e-04 -1.63434000e-03 8.14300000e-04 4.00008000e-03 -4.53130000e-03 -1.04676000e-03 -8.55890000e-04 -8.05570000e-04 3.28726000e-03 -5.98900000e-05 -1.85997000e-03 8.50980000e-04 -1.95820000e-03 -2.99226000e-03 1.35229000e-03 3.72820000e-03 2.30370000e-04 -3.75512000e-03 -3.23688000e-03 1.41731000e-03 -7.68300000e-05 -1.65892000e-03 -1.81390000e-03 1.06934000e-03 2.39794000e-03 -1.54678000e-03 1.23145000e-03 -2.90040000e-04 -3.30305000e-03 -1.24958000e-03 5.11030000e-04 -8.21410000e-04 1.93229000e-03 -1.01513000e-03 -2.81924000e-03 3.11631000e-03 2.56178000e-03 -1.71475000e-03 -4.56100000e-05 6.13310000e-03 -1.10911000e-03 -7.73240000e-03 -2.61541000e-03 -4.33728000e-03 8.39200000e-04 -4.72144000e-03 -1.48671000e-03 4.05826000e-03 -4.68140000e-04 -1.43192000e-03 -1.24481000e-03 -5.20000000e-04 -2.12213000e-03 1.57306000e-03 -1.28961000e-03 6.07555000e-03 7.30970000e-04 -7.57600000e-04 -1.08320000e-03 3.25750000e-04 3.90396000e-03 1.81810000e-03 -2.09022000e-03 4.17708000e-03 1.85315000e-03 4.48375000e-03 -1.62195000e-03 1.84113000e-03 -1.86680000e-04 -3.76887000e-03 1.28160000e-03 -5.65720000e-03 2.98880000e-03 7.08816000e-03 -1.18067000e-03 -1.90103000e-03 6.85630000e-04 9.36700000e-05 3.11800000e-05 -4.79820000e-04 -2.36834000e-03 1.82304000e-03 -3.52710000e-04 -1.39775000e-03 3.62420000e-04 -1.20375000e-03 -3.57676000e-03 -5.06795000e-03
-2.90000000e-05 3.66340000e-04 -6.69230000e-04 -6.47200000e-05 3.35190000e-04 1.60320000e-03 -3.42690000e-04 5.21600000e-05 -4.58100000e-05 1.90190000e-04 -9.47100000e-05 6.80600000e-05 8.69700000e-05 7.85360000e-04 2.26560000e-04 3.60240000e-04 -7.52700000e-05 -8.26500000e-05 7.20400000e-05 -5.73480000e-04 1.16131000e-03 3.56280000e-04 3.32300000e-05 1.67300000e-04 -1.77470000e-04 7.92000000e-05 3.47430000e-04 9.85300000e-05 3.55100000e-05 2.93390000e-04 4.39600000e-05 -5.91830000e-04 -2.21100000e-05 1.99180000e-04 8.27830000e-04 -6.15100000e-05 3.88800000e-05 3.13370000e-04 1.99960000e-04 1.03840000e-04 -2.74850000e-04 5.12370000e-04 -1.61590000e-04 1.93970000e-04 7.68200000e-05 1.85720000e-04 3.31100000e-05 2.20550000e-04 8.30000000e-07 2.19900000e-04 2.51360000e-04 -1.72800000e-04 4.85000000e-05 1.90640000e-04 1.73520000e-04 -8.82610000e-04 1.18590000e-04 1.46308000e-03 6.28910000e-04 1.02125000e-03 -6.16370000e-04 1.24154000e-03 3.64860000e-04 -1.87020000e-04 5.78800000e-05 1.88490000e-04 1.30490000e-04 3.81600000e-04 5.84860000e-04 5.77900000e-05 2.69310000e-04 -9.90500000e-04 1.49770000e-04 2.31460000e-04 4.45200000e-04 -1.20470000e-04 -5.13490000e-04 -6.70600000e-05 3.64310000e-04 -6.14100000e-04 -1.35930000e-04 2.89500000e-04 4.35750000e-04 -8.46000000e-05 9.48300000e-05 6.22760000e-04 6.05400000e-05 1.28262000e-03 3.08700000e-05 9.58400000e-05 2.63550000e-04 5.70800000e-04 1.93690000e-04 -1.00650000e-04 1.17380000e-04 1.15270000e-04 9.80720000e-04 -7.07400000e-05 3.89030000e-04 5.33820000e-04 4.72730000e-04 1.78340000e-04 8.77350000e-04 6.78880000e-04
-1.22910000e-04 -4.14700000e-05 2.05630000e-04 7.36600000e-05 -7.87600000e-05 -7.34430000e-04 2.68900000e-04 1.69000000e-05 7.03200000e-05 -2.62030000e-04 1.12480000e-04 -9.09900000e-05 7.58300000e-05 -2.90720000e-04 -1.07640000e-04 -1.75900000e-04 1.39740000e-04 1.69020000e-04 -4.71500000e-05 3.22370000e-04 -4.81160000e-04 -3.46490000e-04 1.18800000e-05 6.99000000e-06 1.45880000e-04 4.10200000e-05 -1.47090000e-04 4.55700000e-05 1.30120000e-04 5.40000000e-06 2.27000000e-06 3.89390000e-04 1.00980000e-04 -8.83100000e-05 -3.76220000e-04 1.38950000e-04 1.02150000e-04 -1.07550000e-04 -4.28300000e-05 -6.92800000e-05 1.94890000e-04 -1.32800000e-04 9.44200000e-05 -4.46700000e-05 1.67200000e-05 2.94400000e-05 1.01940000e-04 2.15800000e-05 -7.80900000e-05 -5.90000000e-05 -6.17200000e-05 8.54700000e-05 -2.09990000e-04 4.96100000e-05 1.88800000e-05 4.38690000e-04 -2.06280000e-04 -9.84740000e-04 -2.76520000e-04 -4.11830000e-04 4.20440000e-04 -6.51560000e-04 -2.15400000e-04 2.10010000e-04 1.67300000e-04 -6.24900000e-05 -2.19900000e-04 -2.17480000e-04 -1.60190000e-04 -9.75100000e-05 -1.44280000e-04 5.03640000e-04 1.69440000e-04 -6.15400000e-05 -2.05130000e-04 1.07750000e-04 3.08220000e-04 -6.42800000e-05 -1.35010000e-04 3.61370000e-04 1.01730000e-04 -3.30900000e-05 -2.02240000e-04 1.03810000e-04 6.64200000e-05 -4.84700000e-04 2.19150000e-04 -8.84300000e-04 -2.03630000e-04 -3.01950000e-04 -2.77470000e-04 -4.13340000e-04 -2.39090000e-04 -1.56840000e-04 -2.04660000e-04 -1.91350000e-04 -6.43060000e-04 -8.58300000e-05 -3.21720000e-04 -4.13720000e-04 -4.04550000e-04 -2.29130000e-04 -6.27090000e-04 -3.67440000e-04
3.34570000e-04 3.44090000e-04 -1.58365000e-03 9.56340000e-04 7.19850000e-04 2.77006000e-03 -9.06790000e-04 -7.36810000e-04 -7.66200000e-05 -4.57770000e-04 1.08950000e-04 -4.07710000e-04 1.14360000e-04 1.46801000e-03 1.66773000e-03 7.82910000e-04 -3.34410000e-04 1.23129000e-03 -3.03090000e-04 -1.30792000e-03 1.66955000e-03 3.45900000e-04 4.97430000e-04 3.39220000e-04 -1.29496000e-03 1.19080000e-04 7.42960000e-04 -3.50780000e-04 1.02868000e-03 1.57196000e-03 -4.41430000e-04 -1.21138000e-03 -4.40100000e-05 1.68755000e-03 8.84950000e-04 -5.18910000e-04 5.02400000e-05 5.51200000e-04 7.40030000e-04 -3.92610000e-04 -8.43010000e-04 4.47480000e-04 -3.30190000e-04 -3.88000000e-06 1.79299000e-03 6.97290000e-04 -1.65290000e-04 2.55390000e-04 -7.71970000e-04 5.74180000e-04 1.33491000e-03 -1.04606000e-03 -1.03850000e-03 7.10790000e-04 -5.28600000e-05 -2.06829000e-03 5.66160000e-04 2.84860000e-03 9.33130000e-04 1.59557000e-03 3.27430000e-04 1.54400000e-03 4.54540000e-04 -1.60301000e-03 3.34610000e-04 6.75400000e-04 6.17090000e-04 7.16700000e-05 6.18400000e-04 -5.43610000e-04 5.16660000e-04 -1.99407000e-03 -1.91580000e-04 2.41750000e-04 3.40990000e-04 -6.30800000e-05 -1.33761000e-03 -6.44980000e-04 8.33200000e-04 -1.41252000e-03 -6.75900000e-04 -1.99362000e-03 5.48860000e-04 -7.19120000e-04 7.38700000e-05 1.52856000e-03 -3.98990000e-04 2.07396000e-03 -1.17964000e-03 -3.17942000e-03 6.17330000e-04 7.23110000e-04 -2.61390000e-04 2.11730000e-04 9.69400000e-05 3.34970000e-04 5.81910000e-04 -6.05390000e-04 4.91900000e-05 5.01670000e-04 -2.86580000e-04 5.49730000e-04 1.47213000e-03 2.50642000e-03
-8.34800000e-05 -4.61260000e-04 1.44322000e-03 -9.14400000e-05 -5.95890000e-04 -3.39585000e-03 9.16810000e-04 4.13520000e-04 2.19610000e-04 -5.68000000e-05 -5.73000000e-06 2.70260000e-04 -2.12100000e-05 -1.81757000e-03 -8.75190000e-04 -5.41540000e-04 3.72460000e-04 -4.48700000e-05 1.77510000e-04 1.60918000e-03 -2.16954000e-03 -6.29700000e-04 -1.07360000e-04 -2.22780000e-04 8.39260000e-04 -1.42000000e-06 -4.88790000e-04 1.49060000e-04 -2.25450000e-04 -6.94680000e-04 4.52930000e-04 1.46900000e-03 2.54440000e-04 -8.55770000e-04 -1.58375000e-03 3.85500000e-04 8.98400000e-05 -6.55420000e-04 -5.97310000e-04 2.88540000e-04 8.87960000e-04 -9.40190000e-04 4.88220000e-04 -9.92000000e-05 -5.77680000e-04 -3.56610000e-04 6.95100000e-05 -3.56210000e-04 4.68320000e-04 -2.01280000e-04 -5.83290000e-04 1.02409000e-03 2.62450000e-04 -3.96180000e-04 -2.63110000e-04 2.28746000e-03 -5.39360000e-04 -3.15578000e-03 -1.11313000e-03 -1.96173000e-03 1.12528000e-03 -2.44367000e-03 -5.78510000e-04 1.00256000e-03 -1.12450000e-04 -3.58130000e-04 -5.78840000e-04 -3.24660000e-04 -1.17852000e-03 5.58530000e-04 -2.55620000e-04 2.33494000e-03 1.45800000e-04 -5.85250000e-04 -5.08940000e-04 1.59020000e-04 1.33594000e-03 5.39320000e-04 -5.56460000e-04 1.48408000e-03 4.87820000e-04 5.77350000e-04 -5.59670000e-04 4.77540000e-04 -1.92300000e-04 -1.51521000e-03 1.59620000e-04 -2.60425000e-03 4.06580000e-04 1.04195000e-03 -6.95820000e-04 -1.09023000e-03 -2.84610000e-04 9.06200000e-05 -2.78820000e-04 -4.43230000e-04 -1.64949000e-03 2.28220000e-04 -5.43380000e-04 -9.78850000e-04 -6.07410000e-04 -4.96850000e-04 -1.69621000e-03 -1.49157000e-03
-1.98700000e-05 5.16830000e-04 -1.32151000e-03 4.05040000e-04 6.85460000e-04 2.60942000e-03 -6.58380000e-04 -3.13040000e-04 1.95300000e-05 -1.66210000e-04 8.16700000e-05 -3.33050000e-04 1.73430000e-04 1.49803000e-03 9.49880000e-04 5.15660000e-04 -1.47260000e-04 5.90510000e-04 -1.84260000e-04 -1.15879000e-03 1.85683000e-03 2.36660000e-04 2.60350000e-04 3.21370000e-04 -7.68350000e-04 2.32250000e-04 4.56860000e-04 -3.83600000e-05 4.88900000e-04 1.01240000e-03 -3.67330000e-04 -9.84640000e-04 -5.11600000e-05 9.60610000e-04 9.48580000e-04 -1.91560000e-04 1.30600000e-04 4.57370000e-04 6.09750000e-04 -4.09860000e-04 -7.02680000e-04 6.52390000e-04 -2.96480000e-04 4.61200000e-05 8.97170000e-04 4.52620000e-04 5.33800000e-05 2.92030000e-04 -5.15040000e-04 2.98790000e-04 7.21750000e-04 -8.52680000e-04 -5.20780000e-04 5.00290000e-04 2.36440000e-04 -1.77367000e-03 3.23050000e-04 2.01578000e-03 1.02873000e-03 1.68506000e-03 -2.85940000e-04 1.67094000e-03 3.38880000e-04 -7.77780000e-04 3.43420000e-04 4.20790000e-04 3.36600000e-04 7.99300000e-05 9.52500000e-04 -4.06990000e-04 2.39100000e-04 -1.76561000e-03 1.87000000e-04 4.80970000e-04 3.07360000e-04 -2.68800000e-05 -1.03783000e-03 -6.28780000e-04 5.49630000e-04 -1.15530000e-03 -4.18610000e-04 -6.36380000e-04 4.04350000e-04 -3.26590000e-04 2.96080000e-04 1.01834000e-03 2.03410000e-04 1.61393000e-03 -6.25780000e-04 -1.56953000e-03 4.31470000e-04 7.01360000e-04 2.42900000e-05 -2.74910000e-04 7.86800000e-05 2.62940000e-04 8.62140000e-04 -3.09010000e-04 2.17340000e-04 5.62810000e-04 1.56340000e-04 2.55780000e-04 1.05819000e-03 1.35893000e-03
-6.11450000e-04 6.23260000e-04 -2.58830000e-04 -2.74810000e-04 4.51780000e-04 9.42180000e-04 2.70140000e-04 4.97950000e-04 2.46430000e-04 -2.80770000e-04 1.28990000e-04 -4.03200000e-05 3.67620000e-04 6.70870000e-04 -2.58470000e-04 -1.93900000e-05 3.72120000e-04 -2.39670000e-04 -4.89900000e-05 2.55000000e-06 9.95380000e-04 -3.64890000e-04 -1.73660000e-04 3.70160000e-04 3.79950000e-04 3.59460000e-04 -6.44700000e-05 4.76210000e-04 -1.69090000e-04 -3.55000000e-06 4.27200000e-05 1.10030000e-04 2.42560000e-04 -1.73530000e-04 5.76670000e-04 3.73480000e-04 3.50360000e-04 2.63510000e-04 3.00250000e-04 -6.59400000e-05 1.45280000e-04 5.86480000e-04 -1.63160000e-04 4.61070000e-04 -2.46090000e-04 8.11300000e-05 3.98420000e-04 3.73920000e-04 -8.20200000e-05 -1.74200000e-05 -1.11550000e-04 -8.19100000e-05 -3.04920000e-04 2.77310000e-04 4.63320000e-04 -8.63500000e-05 -4.29270000e-04 -2.99260000e-04 5.69400000e-04 8.35190000e-04 -4.43320000e-04 8.45390000e-04 7.34000000e-05 2.88850000e-04 3.86510000e-04 -7.67200000e-05 -4.34300000e-04 2.82500000e-05 6.81230000e-04 -2.44000000e-05 -1.28100000e-04 -1.11420000e-04 3.15960000e-04 3.85260000e-04 8.15100000e-05 2.29620000e-04 1.51780000e-04 -1.85780000e-04 -6.51500000e-05 6.10900000e-05 1.85450000e-04 6.61310000e-04 5.72000000e-05 3.64180000e-04 3.85070000e-04 -4.79910000e-04 4.39490000e-04 -4.13310000e-04 -3.18970000e-04 1.04400000e-05 -4.62690000e-04 -3.35120000e-04 -2.96160000e-04 -8.17420000e-04 -4.56290000e-04 -4.37030000e-04 -2.06000000e-06 -3.95010000e-04 -3.09570000e-04 -2.66300000e-04 -2.28970000e-04 -4.48270000e-04 -3.24700000e-04 -7.11630000e-04
-1.75000000e-05 -4.35590000e-04 1.35700000e-03 -4.87280000e-04 -6.16950000e-04 -2.70760000e-03 8.42500000e-04 4.02980000e-04 1.97300000e-04 4.94500000e-04 6.91300000e-05 1.68780000e-04 -1.17960000e-04 -1.29258000e-03 -1.12333000e-03 -6.68670000e-04 2.37500000e-04 -3.22860000e-04 2.18020000e-04 1.24394000e-03 -1.65831000e-03 -3.07700000e-04 -2.08760000e-04 -3.25470000e-04 9.55600000e-04 -1.56200000e-05 -6.56180000e-04 1.83230000e-04 -5.67150000e-04 -9.26290000e-04 2.50780000e-04 1.23565000e-03 2.44500000e-05 -1.14633000e-03 -1.19498000e-03 4.56280000e-04 -5.18900000e-05 -5.48070000e-04 -5.66810000e-04 1.79830000e-04 6.89780000e-04 -5.71920000e-04 4.44250000e-04 -3.25830000e-04 -1.03863000e-03 -4.98890000e-04 1.83600000e-04 -3.15000000e-04 5.38330000e-04 -3.52080000e-04 -8.72000000e-04 8.47770000e-04 8.90930000e-04 -5.61520000e-04 -1.58200000e-05 1.86687000e-03 -2.27650000e-04 -2.70383000e-03 -9.19220000e-04 -1.53320000e-03 4.39560000e-04 -1.77007000e-03 -5.86860000e-04 1.29634000e-03 -1.43660000e-04 -4.62120000e-04 -2.73670000e-04 -3.30390000e-04 -6.41350000e-04 3.92450000e-04 -5.32780000e-04 1.92197000e-03 3.96060000e-04 -1.64800000e-04 -4.67710000e-04 1.49430000e-04 1.22220000e-03 3.87420000e-04 -6.98310000e-04 1.33909000e-03 5.78320000e-04 1.37876000e-03 -6.53950000e-04 5.95830000e-04 3.65000000e-05 -1.16852000e-03 5.72610000e-04 -1.96848000e-03 1.03120000e-03 2.18444000e-03 -2.86340000e-04 -5.10110000e-04 3.27460000e-04 1.73700000e-05 1.40910000e-04 -1.71100000e-05 -7.80940000e-04 7.66880000e-04 -3.71200000e-05 -3.78360000e-04 1.59690000e-04 -3.00450000e-04 -1.21376000e-03 -1.36448000e-03
-1.59060000e-04 -1.17750000e-04 1.02372000e-03 -4.40190000e-04 -3.18100000e-04 -2.10287000e-03 8.10290000e-04 6.20290000e-04 2.53280000e-04 3.53500000e-04 -3.09900000e-05 2.42010000e-04 3.41500000e-05 -1.00468000e-03 -1.05421000e-03 -5.08380000e-04 3.68460000e-04 -4.03390000e-04 2.12380000e-04 1.08576000e-03 -1.07619000e-03 -3.52140000e-04 -2.04840000e-04 -1.17340000e-04 9.43260000e-04 1.51460000e-04 -5.22290000e-04 3.70220000e-04 -5.35720000e-04 -7.36650000e-04 3.90490000e-04 1.11259000e-03 1.24460000e-04 -1.06589000e-03 -9.51130000e-04 5.23450000e-04 9.16000000e-05 -4.72340000e-04 -4.24810000e-04 1.65570000e-04 6.19880000e-04 -3.75920000e-04 3.74090000e-04 -4.39100000e-05 -9.45780000e-04 -2.67400000e-04 2.49430000e-04 -1.99920000e-04 5.04850000e-04 -2.67600000e-04 -7.75020000e-04 7.65200000e-04 7.42160000e-04 -4.19360000e-04 9.03200000e-05 1.62629000e-03 -3.11800000e-04 -2.36246000e-03 -5.54360000e-04 -1.03068000e-03 2.60900000e-04 -1.29788000e-03 -4.55100000e-04 1.29134000e-03 -5.20000000e-07 -3.64000000e-04 -3.72000000e-04 -2.18300000e-04 -4.31040000e-04 4.75080000e-04 -3.70410000e-04 1.63592000e-03 3.92550000e-04 -1.42910000e-04 -3.37450000e-04 1.32160000e-04 1.09892000e-03 3.69810000e-04 -5.86180000e-04 1.13693000e-03 5.40700000e-04 1.44236000e-03 -4.67760000e-04 6.15960000e-04 8.53600000e-05 -1.11898000e-03 6.74830000e-04 -1.74290000e-03 8.55810000e-04 2.06177000e-03 -3.32750000e-04 -4.69860000e-04 2.55230000e-04 -1.57400000e-04 2.03500000e-05 -9.65900000e-05 -6.18600000e-04 5.88680000e-04 -6.13000000e-05 -3.50480000e-04 1.60440000e-04 -3.81940000e-04 -1.14747000e-03 -1.57888000e-03
-2.34310000e-04 -5.63420000e-04 4.14413000e-03 -1.96839000e-03 -1.56400000e-03 -6.85169000e-03 2.67771000e-03 1.86838000e-03 4.60880000e-04 1.58691000e-03 -1.55470000e-04 9.96090000e-04 -1.54920000e-04 -3.31364000e-03 -3.92655000e-03 -1.97395000e-03 1.09951000e-03 -1.87212000e-03 8.67920000e-04 3.54455000e-03 -3.68382000e-03 -8.01430000e-04 -9.51460000e-04 -7.37830000e-04 3.38927000e-03 2.75900000e-05 -1.89538000e-03 1.03060000e-03 -2.08727000e-03 -2.97215000e-03 1.28550000e-03 3.48432000e-03 1.38520000e-04 -4.03308000e-03 -2.72166000e-03 1.55899000e-03 6.23000000e-06 -1.53038000e-03 -1.70097000e-03 9.54670000e-04 2.17640000e-03 -9.99380000e-04 1.23624000e-03 -3.02600000e-04 -3.64285000e-03 -1.08186000e-03 6.70500000e-04 -6.27220000e-04 1.96340000e-03 -1.12008000e-03 -3.03301000e-03 3.03081000e-03 3.06060000e-03 -1.65460000e-03 2.49620000e-04 5.59643000e-03 -8.65200000e-04 -7.28941000e-03 -2.28262000e-03 -3.64268000e-03 3.47010000e-04 -3.96697000e-03 -1.47290000e-03 4.42367000e-03 -2.25060000e-04 -1.46005000e-03 -1.04155000e-03 -4.64060000e-04 -1.50770000e-03 1.40829000e-03 -1.39505000e-03 5.51143000e-03 1.12715000e-03 -3.66400000e-04 -9.68100000e-04 2.69910000e-04 3.75466000e-03 1.62951000e-03 -2.13070000e-03 3.93343000e-03 1.91142000e-03 5.36794000e-03 -1.59765000e-03 1.93941000e-03 4.57500000e-05 -3.49672000e-03 1.93691000e-03 -5.03439000e-03 3.42490000e-03 7.98995000e-03 -7.87790000e-04 -1.37389000e-03 1.26462000e-03 3.90400000e-05 3.54820000e-04 -5.18700000e-05 -1.50526000e-03 2.25299000e-03 1.41530000e-04 -8.56080000e-04 1.06451000e-03 -1.01835000e-03 -3.17093000e-03 -5.12254000e-03
4.18390000e-04 8.09330000e-04 -4.47237000e-03 2.06530000e-03 1.76134000e-03 8.16994000e-03 -2.92717000e-03 -2.00422000e-03 -5.43480000e-04 -1.27689000e-03 1.05600000e-04 -1.03344000e-03 1.36600000e-04 4.12969000e-03 4.22197000e-03 2.13537000e-03 -1.16917000e-03 2.06693000e-03 -7.81430000e-04 -4.17571000e-03 4.73614000e-03 1.07664000e-03 1.07013000e-03 7.48200000e-04 -3.61096000e-03 -6.00000000e-06 2.01053000e-03 -1.03683000e-03 2.21038000e-03 3.42165000e-03 -1.35027000e-03 -3.95538000e-03 -3.34360000e-04 4.30377000e-03 3.17669000e-03 -1.62124000e-03 -5.29800000e-05 1.63617000e-03 1.86029000e-03 -1.05800000e-03 -2.54829000e-03 1.45145000e-03 -1.22382000e-03 1.56400000e-04 3.93566000e-03 1.44571000e-03 -6.37500000e-04 7.16520000e-04 -2.01061000e-03 1.18944000e-03 3.15346000e-03 -3.14263000e-03 -2.75122000e-03 1.71611000e-03 -8.82800000e-05 -6.35999000e-03 1.24234000e-03 8.31390000e-03 2.68389000e-03 4.49476000e-03 -5.86640000e-04 4.86760000e-03 1.61229000e-03 -4.37116000e-03 3.93020000e-04 1.66283000e-03 1.38581000e-03 5.61050000e-04 2.03995000e-03 -1.57671000e-03 1.40128000e-03 -6.30314000e-03 -8.26630000e-04 7.14420000e-04 1.16562000e-03 -3.68580000e-04 -4.14069000e-03 -1.74144000e-03 2.27474000e-03 -4.40045000e-03 -1.96778000e-03 -4.98593000e-03 1.74515000e-03 -2.06199000e-03 9.23100000e-05 4.12502000e-03 -1.44035000e-03 6.15559000e-03 -3.17491000e-03 -7.79907000e-03 1.36358000e-03 2.04260000e-03 -7.49320000e-04 7.12700000e-05 3.01000000e-05 5.75120000e-04 2.30605000e-03 -1.93822000e-03 2.99790000e-04 1.48298000e-03 -4.36940000e-04 1.27286000e-03 3.93253000e-03 5.66723000e-03
2.58800000e-05 -7.53500000e-04 2.12301000e-03 -3.78850000e-04 -9.86920000e-04 -4.34033000e-03 1.12225000e-03 3.66020000e-04 1.59970000e-04 1.95110000e-04 2.41600000e-05 2.60910000e-04 -1.99680000e-04 -2.23993000e-03 -1.30028000e-03 -8.83530000e-04 3.32800000e-04 -2.01950000e-04 1.97770000e-04 1.99638000e-03 -2.80320000e-03 -6.36580000e-04 -2.49520000e-04 -4.93610000e-04 1.11067000e-03 -1.59920000e-04 -8.01830000e-04 4.74900000e-05 -4.88300000e-04 -1.13639000e-03 4.00250000e-04 1.77134000e-03 1.26850000e-04 -1.27937000e-03 -1.99772000e-03 4.12240000e-04 -7.75400000e-05 -8.94410000e-04 -8.75670000e-04 3.01300000e-04 1.08574000e-03 -1.21610000e-03 5.92470000e-04 -3.57190000e-04 -9.37730000e-04 -6.57000000e-04 3.93600000e-05 -5.40290000e-04 6.38200000e-04 -4.32360000e-04 -1.00133000e-03 1.25899000e-03 6.79160000e-04 -7.14280000e-04 -3.48510000e-04 2.95574000e-03 -5.15030000e-04 -3.91188000e-03 -1.57234000e-03 -2.57339000e-03 1.20493000e-03 -2.96478000e-03 -7.94700000e-04 1.36536000e-03 -2.92610000e-04 -6.12720000e-04 -5.51230000e-04 -4.69240000e-04 -1.47480000e-03 5.53580000e-04 -5.51530000e-04 2.96830000e-03 1.68370000e-04 -6.00730000e-04 -7.24670000e-04 1.64170000e-04 1.70632000e-03 6.81060000e-04 -8.83870000e-04 1.92066000e-03 6.70850000e-04 9.70070000e-04 -8.70990000e-04 5.85670000e-04 -2.59900000e-04 -1.78246000e-03 2.07590000e-04 -3.03306000e-03 8.70780000e-04 1.91625000e-03 -6.54490000e-04 -1.20557000e-03 -7.63100000e-05 2.92540000e-04 -1.24580000e-04 -3.28580000e-04 -1.89036000e-03 5.91900000e-04 -4.86720000e-04 -1.02897000e-03 -4.53140000e-04 -5.03200000e-04 -1.90989000e-03 -1.86328000e-03
4.60860000e-04 -3.19830000e-04 -3.06340000e-04 5.74910000e-04 6.05900000e-05 -1.49270000e-04 -4.47430000e-04 -5.24520000e-04 6.88600000e-05 -8.61700000e-05 1.09000000e-04 -2.30700000e-04 -8.34700000e-05 -1.16870000e-04 7.47900000e-04 2.27300000e-04 -2.49890000e-04 6.27290000e-04 -2.00990000e-04 -2.42490000e-04 -3.98180000e-04 2.69660000e-04 3.21420000e-04 -1.34100000e-05 -7.25600000e-04 -2.35000000e-06 2.61290000e-04 -3.90870000e-04 4.26460000e-04 4.01320000e-04 -3.50310000e-04 -2.98840000e-04 -1.21300000e-05 7.15210000e-04 -3.65730000e-04 -3.24340000e-04 -5.30500000e-05 -1.02100000e-05 1.83030000e-04 -3.47830000e-04 -3.33220000e-04 -5.06470000e-04 6.58000000e-06 -2.59490000e-04 7.25250000e-04 -6.10800000e-05 -2.60900000e-04 -2.07410000e-04 -2.77210000e-04 1.34710000e-04 5.49940000e-04 -6.02440000e-04 -3.15040000e-04 1.25850000e-04 -3.11820000e-04 -5.13610000e-04 4.30240000e-04 5.75860000e-04 1.08200000e-05 -1.99340000e-04 6.54590000e-04 -3.70460000e-04 1.86700000e-05 -8.62860000e-04 -1.37830000e-04 2.22890000e-04 4.50670000e-04 -1.94900000e-04 -2.95350000e-04 -1.18090000e-04 2.44650000e-04 -4.06970000e-04 -3.96380000e-04 -1.45070000e-04 -1.44930000e-04 -5.23000000e-06 -5.07020000e-04 -3.28450000e-04 2.99690000e-04 -4.40320000e-04 -3.60410000e-04 -1.50125000e-03 2.10700000e-05 -3.63830000e-04 -9.79800000e-05 6.06740000e-04 -5.33870000e-04 3.29900000e-04 -3.48980000e-04 -1.38163000e-03 3.07110000e-04 2.60770000e-04 -6.20900000e-05 4.42220000e-04 2.20730000e-04 2.72500000e-04 -1.69020000e-04 3.04000000e-06 9.00100000e-05 1.35800000e-04 -2.04270000e-04 4.44230000e-04 2.39740000e-04 9.58350000e-04
-1.29070000e-04 4.58200000e-05 4.41290000e-04 -5.46590000e-04 -2.04870000e-04 -2.96070000e-04 1.94550000e-04 4.15300000e-04 -5.72400000e-05 5.01440000e-04 -1.94160000e-04 3.82820000e-04 -7.57600000e-05 -2.61650000e-04 -6.75320000e-04 -4.14800000e-05 3.86100000e-05 -6.09750000e-04 3.14360000e-04 3.25480000e-04 -1.78700000e-05 1.85260000e-04 -1.96230000e-04 -1.06570000e-04 5.75380000e-04 -7.29300000e-05 -5.03300000e-05 2.04610000e-04 -5.09990000e-04 -5.47920000e-04 3.95130000e-04 1.44710000e-04 -3.35700000e-05 -7.22110000e-04 1.15490000e-04 1.60650000e-04 -8.14600000e-05 -9.82500000e-05 -3.26450000e-04 5.02290000e-04 2.80300000e-04 7.45300000e-05 6.84900000e-05 1.30560000e-04 -7.97350000e-04 -2.41010000e-04 3.41600000e-05 -3.60600000e-05 5.26180000e-04 -8.32000000e-06 -4.43580000e-04 6.54020000e-04 6.53000000e-04 -3.27900000e-04 7.18000000e-05 4.98480000e-04 -2.00110000e-04 -1.40020000e-04 -8.21500000e-05 -1.09520000e-04 -5.73540000e-04 1.63310000e-04 1.10660000e-04 6.69150000e-04 -2.23570000e-04 -1.71600000e-04 -2.00810000e-04 3.89970000e-04 -2.34600000e-05 4.83420000e-04 6.29000000e-06 3.75380000e-04 1.91020000e-04 -4.38600000e-05 2.88590000e-04 -1.18720000e-04 3.06100000e-04 4.53630000e-04 -8.45300000e-05 2.98850000e-04 2.93910000e-04 1.31920000e-03 1.36000000e-04 2.72200000e-04 -7.61900000e-05 -2.09480000e-04 1.02230000e-04 1.31580000e-04 7.62140000e-04 1.84239000e-03 -6.58900000e-05 1.19530000e-04 2.96410000e-04 -2.53600000e-05 9.71300000e-05 -9.94800000e-05 5.09360000e-04 2.61080000e-04 3.25580000e-04 2.09290000e-04 5.67500000e-04 -1.21300000e-04 1.64700000e-04 -4.22460000e-04
-9.44900000e-05 1.68840000e-04 -1.89790000e-04 9.17500000e-05 1.31780000e-04 -5.31100000e-05 1.29410000e-04 7.20400000e-05 1.21410000e-04 -1.26180000e-04 4.91600000e-05 -8.65700000e-05 1.63480000e-04 3.94800000e-05 -1.82700000e-05 -8.55000000e-06 1.58610000e-04 1.93110000e-04 -2.59300000e-05 6.58900000e-05 5.13000000e-05 -1.67410000e-04 3.88700000e-05 1.15520000e-04 4.86800000e-05 1.48450000e-04 2.07400000e-05 1.24320000e-04 1.82060000e-04 1.94250000e-04 3.01300000e-05 1.68140000e-04 1.19380000e-04 -7.04000000e-06 -8.16900000e-05 1.55500000e-04 1.67450000e-04 -2.50000000e-06 6.26000000e-05 -1.01880000e-04 3.68300000e-05 7.61400000e-05 4.84500000e-05 2.67900000e-05 5.16900000e-05 1.51860000e-04 1.35340000e-04 1.04280000e-04 -9.81600000e-05 4.84800000e-05 5.54800000e-05 -3.80700000e-05 -1.32140000e-04 1.55800000e-04 8.62600000e-05 4.60000000e-07 -1.12170000e-04 -4.46020000e-04 5.89200000e-05 6.55200000e-05 2.29420000e-04 -1.76040000e-04 -8.32300000e-05 1.79390000e-04 2.42980000e-04 3.80900000e-05 -1.25630000e-04 -8.44900000e-05 1.07460000e-04 -4.39000000e-05 -5.58000000e-06 3.84800000e-05 3.50990000e-04 3.16600000e-05 -2.69600000e-05 4.84000000e-05 7.82500000e-05 -1.73360000e-04 2.57000000e-05 6.58900000e-05 3.13500000e-05 1.61850000e-04 -1.81900000e-05 9.59100000e-05 1.39780000e-04 -2.03880000e-04 3.97270000e-04 -3.79970000e-04 -1.32790000e-04 -1.95780000e-04 -1.17510000e-04 -9.49200000e-05 -8.25000000e-05 -2.15070000e-04 -9.51000000e-05 -7.41000000e-05 -1.78840000e-04 -1.78700000e-05 -7.68500000e-05 -1.26320000e-04 -1.37230000e-04 -1.09100000e-04 -2.78790000e-04 -3.25500000e-05
-5.51500000e-05 -1.18020000e-04 1.14714000e-03 -4.63020000e-04 -3.42470000e-04 -2.18486000e-03 8.94300000e-04 6.15040000e-04 2.70330000e-04 4.73840000e-04 1.49500000e-05 2.18430000e-04 2.89100000e-05 -9.72160000e-04 -1.10182000e-03 -5.84630000e-04 3.98030000e-04 -3.03060000e-04 2.24760000e-04 1.18835000e-03 -1.07133000e-03 -3.08060000e-04 -2.00370000e-04 -1.41020000e-04 1.02132000e-03 1.76760000e-04 -5.79840000e-04 3.73590000e-04 -5.29090000e-04 -7.04890000e-04 3.78450000e-04 1.19922000e-03 1.16570000e-04 -1.13721000e-03 -1.04749000e-03 5.75300000e-04 8.75800000e-05 -5.14350000e-04 -4.29530000e-04 1.45920000e-04 6.81600000e-04 -3.79120000e-04 4.29000000e-04 -1.34730000e-04 -9.19780000e-04 -2.38210000e-04 2.85130000e-04 -2.02160000e-04 5.34530000e-04 -3.00360000e-04 -8.44250000e-04 8.22360000e-04 8.94700000e-04 -4.41520000e-04 1.10860000e-04 1.78969000e-03 -2.20250000e-04 -2.45440000e-03 -5.86590000e-04 -1.03823000e-03 3.62630000e-04 -1.30802000e-03 -5.44260000e-04 1.39422000e-03 6.44300000e-05 -3.87410000e-04 -2.79210000e-04 -2.67200000e-04 -4.45440000e-04 4.38060000e-04 -4.30110000e-04 1.79584000e-03 4.62680000e-04 -6.09400000e-05 -3.73750000e-04 1.50200000e-04 1.20065000e-03 3.96860000e-04 -6.40650000e-04 1.26386000e-03 5.75850000e-04 1.55178000e-03 -5.47350000e-04 6.58900000e-04 1.26400000e-04 -1.08396000e-03 7.84340000e-04 -1.71456000e-03 1.01764000e-03 2.27328000e-03 -2.05150000e-04 -4.05050000e-04 3.91720000e-04 -4.08700000e-05 1.39940000e-04 4.44600000e-05 -6.28750000e-04 7.71440000e-04 1.67800000e-05 -2.76540000e-04 2.75210000e-04 -3.10400000e-04 -1.06998000e-03 -1.49828000e-03
7.29700000e-05 4.19740000e-04 -1.09605000e-03 1.50470000e-04 5.23570000e-04 2.12996000e-03 -5.42520000e-04 -7.13600000e-05 -1.60000000e-05 1.52250000e-04 -4.65500000e-05 -2.18500000e-05 1.15440000e-04 1.06209000e-03 5.79980000e-04 5.40600000e-04 -1.62860000e-04 1.34740000e-04 8.33000000e-06 -9.19820000e-04 1.42889000e-03 4.88150000e-04 1.71300000e-04 2.69370000e-04 -4.57820000e-04 1.41540000e-04 4.90880000e-04 5.16600000e-05 2.10970000e-04 5.85250000e-04 -7.22000000e-05 -8.38810000e-04 -3.13500000e-05 5.36550000e-04 9.90820000e-04 -1.40910000e-04 5.62500000e-05 4.51990000e-04 3.97200000e-04 -1.10000000e-06 -5.11080000e-04 6.06650000e-04 -2.26730000e-04 1.94100000e-04 3.65490000e-04 2.94040000e-04 1.21300000e-05 2.59420000e-04 -1.70820000e-04 3.47960000e-04 5.48750000e-04 -4.80360000e-04 -1.07620000e-04 3.19950000e-04 2.00280000e-04 -1.43057000e-03 3.23030000e-04 2.06651000e-03 8.44360000e-04 1.32436000e-03 -6.05090000e-04 1.48540000e-03 4.44510000e-04 -5.24180000e-04 1.24210000e-04 3.47210000e-04 3.40970000e-04 3.53000000e-04 7.64100000e-04 -5.04800000e-05 3.66760000e-04 -1.46002000e-03 8.12400000e-05 2.77910000e-04 4.85250000e-04 -1.04700000e-04 -8.21150000e-04 -2.77500000e-04 5.34540000e-04 -9.40260000e-04 -2.71410000e-04 -1.52330000e-04 5.29120000e-04 -2.08140000e-04 1.54070000e-04 1.00545000e-03 4.91000000e-06 1.68483000e-03 -1.57500000e-04 -5.19300000e-04 4.34200000e-04 8.13460000e-04 2.09960000e-04 -7.51500000e-05 2.16930000e-04 2.44450000e-04 1.20986000e-03 -1.17400000e-04 4.67180000e-04 7.13350000e-04 4.74400000e-04 3.38480000e-04 1.15020000e-03 1.19768000e-03
4.49640000e-04 -4.90100000e-05 -1.38348000e-03 9.26750000e-04 4.69940000e-04 2.00650000e-03 -1.05615000e-03 -9.33970000e-04 -1.31060000e-04 -4.29650000e-04 1.52250000e-04 -4.63690000e-04 -3.69200000e-05 1.00447000e-03 1.61284000e-03 6.52930000e-04 -4.86170000e-04 9.14450000e-04 -3.79920000e-04 -1.30174000e-03 8.72190000e-04 4.69050000e-04 4.78550000e-04 1.76710000e-04 -1.44098000e-03 -3.42300000e-05 6.54720000e-04 -5.57670000e-04 8.75030000e-04 1.11861000e-03 -6.53680000e-04 -1.22604000e-03 -1.09670000e-04 1.61564000e-03 6.07260000e-04 -6.48810000e-04 -7.19800000e-05 4.51650000e-04 6.38580000e-04 -5.50680000e-04 -9.10240000e-04 7.10000000e-05 -3.21700000e-04 -1.56690000e-04 1.50132000e-03 3.36760000e-04 -3.33770000e-04 7.28400000e-05 -7.60510000e-04 3.40040000e-04 1.16991000e-03 -1.31464000e-03 -9.38140000e-04 5.47970000e-04 -2.22710000e-04 -2.03429000e-03 6.73390000e-04 2.54218000e-03 6.49160000e-04 9.77480000e-04 2.53750000e-04 9.78920000e-04 3.98920000e-04 -1.74389000e-03 2.68800000e-05 5.66210000e-04 7.27430000e-04 -4.70500000e-05 3.52500000e-04 -5.93980000e-04 4.78910000e-04 -1.93059000e-03 -5.36860000e-04 1.18530000e-04 1.39320000e-04 -6.45500000e-05 -1.41204000e-03 -6.99420000e-04 7.45630000e-04 -1.42880000e-03 -7.66760000e-04 -2.41622000e-03 4.05910000e-04 -7.97280000e-04 -3.34400000e-05 1.50844000e-03 -7.46580000e-04 1.80685000e-03 -1.09385000e-03 -3.03364000e-03 5.90520000e-04 6.96010000e-04 -2.23360000e-04 3.48930000e-04 1.82320000e-04 3.80070000e-04 4.55330000e-04 -4.75180000e-04 1.23310000e-04 4.66750000e-04 -2.71740000e-04 6.61450000e-04 1.13921000e-03 2.03161000e-03
-2.81690000e-04 5.26280000e-04 -3.57930000e-04 -2.47760000e-04 3.56770000e-04 1.16108000e-03 -2.77300000e-05 3.13180000e-04 9.94400000e-05 9.35500000e-05 -5.03500000e-05 4.77000000e-06 2.01030000e-04 7.29090000e-04 -1.72870000e-04 8.12300000e-05 1.81040000e-04 -2.58530000e-04 4.02400000e-05 -3.36630000e-04 1.12882000e-03 1.44300000e-05 -8.81600000e-05 2.11520000e-04 1.47570000e-04 2.29360000e-04 4.79100000e-05 3.06730000e-04 -1.62080000e-04 8.26400000e-05 5.08900000e-05 -2.36140000e-04 3.56800000e-05 -1.65400000e-04 5.49400000e-04 1.99350000e-04 1.79570000e-04 1.41240000e-04 1.72690000e-04 -9.93700000e-05 -1.36170000e-04 5.05030000e-04 -1.10210000e-04 2.38660000e-04 -2.40770000e-04 1.48990000e-04 2.14940000e-04 2.20930000e-04 1.01500000e-05 -1.32700000e-05 -1.33170000e-04 -1.25570000e-04 1.31280000e-04 1.08070000e-04 3.40440000e-04 -4.83940000e-04 -9.43900000e-05 3.64410000e-04 5.86730000e-04 9.41950000e-04 -5.85660000e-04 9.99360000e-04 1.47550000e-04 3.25170000e-04 2.31070000e-04 1.73800000e-05 -1.17580000e-04 1.51420000e-04 6.67790000e-04 -4.61000000e-06 -1.30200000e-05 -5.56780000e-04 3.67400000e-04 3.54290000e-04 2.11620000e-04 -5.12000000e-06 -1.75050000e-04 -1.66230000e-04 5.24600000e-05 -2.82190000e-04 7.68000000e-05 8.32130000e-04 1.73960000e-04 1.75660000e-04 2.71130000e-04 4.53900000e-05 5.55560000e-04 4.27050000e-04 1.11360000e-04 5.76270000e-04 2.76100000e-05 2.54400000e-04 1.86380000e-04 -4.46530000e-04 -3.01700000e-05 1.23700000e-05 6.01120000e-04 2.04300000e-05 2.02600000e-04 2.67810000e-04 3.81350000e-04 -1.31420000e-04 2.09960000e-04 -3.46940000e-04
-1.27800000e-05 -2.83220000e-04 5.59390000e-04 4.22700000e-05 -2.64010000e-04 -1.58109000e-03 3.63210000e-04 8.01200000e-05 1.23190000e-04 -6.87900000e-05 4.53000000e-05 8.77000000e-06 -2.67500000e-05 -8.04320000e-04 -2.86960000e-04 -2.51500000e-04 1.08500000e-04 8.91700000e-05 1.28000000e-05 6.39350000e-04 -1.06879000e-03 -3.13680000e-04 3.26000000e-06 -1.17260000e-04 2.50490000e-04 4.06000000e-06 -2.47840000e-04 4.21000000e-06 -4.26500000e-05 -2.55980000e-04 9.00100000e-05 6.42570000e-04 7.84500000e-05 -2.68530000e-04 -8.00780000e-04 1.41890000e-04 1.99200000e-05 -3.00970000e-04 -2.34190000e-04 -1.98700000e-05 3.06270000e-04 -4.85910000e-04 2.16580000e-04 -1.37190000e-04 -1.70130000e-04 -1.64450000e-04 2.88500000e-05 -1.96190000e-04 1.05020000e-04 -1.04020000e-04 -1.99240000e-04 2.71830000e-04 5.42000000e-05 -1.67800000e-04 -1.26370000e-04 8.97980000e-04 -1.73550000e-04 -1.47587000e-03 -5.22150000e-04 -9.32930000e-04 5.88600000e-04 -1.21675000e-03 -2.96090000e-04 3.68040000e-04 -5.11000000e-05 -1.38310000e-04 -1.97730000e-04 -2.64260000e-04 -5.07160000e-04 1.46490000e-04 -1.70180000e-04 9.69200000e-04 6.88600000e-05 -2.49070000e-04 -3.20220000e-04 9.39700000e-05 5.34610000e-04 1.02980000e-04 -2.65730000e-04 6.05850000e-04 1.85800000e-04 5.42200000e-05 -3.15060000e-04 1.74600000e-04 -4.35700000e-05 -6.44180000e-04 1.19290000e-04 -1.26135000e-03 1.03280000e-04 2.21510000e-04 -2.78900000e-04 -4.60120000e-04 -1.29210000e-04 9.07000000e-06 -9.60800000e-05 -1.42920000e-04 -8.02910000e-04 1.30710000e-04 -2.68630000e-04 -4.39220000e-04 -3.27410000e-04 -1.96710000e-04 -8.46210000e-04 -6.06320000e-04
2.03600000e-05 -8.82470000e-04 2.82964000e-03 -5.30970000e-04 -1.22972000e-03 -5.72878000e-03 1.57832000e-03 6.47690000e-04 2.53910000e-04 2.82730000e-04 -1.84000000e-06 4.44630000e-04 -2.04200000e-04 -2.96833000e-03 -1.80863000e-03 -1.15411000e-03 5.35250000e-04 -3.50330000e-04 3.11600000e-04 2.69077000e-03 -3.62900000e-03 -8.44630000e-04 -3.45430000e-04 -5.70100000e-04 1.59920000e-03 -1.45840000e-04 -1.05639000e-03 1.81640000e-04 -7.05150000e-04 -1.51568000e-03 6.54150000e-04 2.41512000e-03 2.21600000e-04 -1.79955000e-03 -2.61798000e-03 6.31180000e-04 -4.08500000e-05 -1.17536000e-03 -1.13746000e-03 4.95160000e-04 1.49415000e-03 -1.53818000e-03 8.07060000e-04 -3.47860000e-04 -1.32050000e-03 -7.93500000e-04 1.01770000e-04 -6.76130000e-04 9.17320000e-04 -5.41290000e-04 -1.34788000e-03 1.78262000e-03 9.58990000e-04 -9.32370000e-04 -4.03130000e-04 3.98435000e-03 -7.00310000e-04 -5.19223000e-03 -2.02729000e-03 -3.34010000e-03 1.54831000e-03 -3.86733000e-03 -1.04415000e-03 1.90615000e-03 -3.17140000e-04 -8.05420000e-04 -7.58820000e-04 -5.72140000e-04 -1.92936000e-03 8.32050000e-04 -6.93800000e-04 4.02522000e-03 2.04070000e-04 -8.07950000e-04 -9.18720000e-04 2.29450000e-04 2.34357000e-03 9.82390000e-04 -1.18671000e-03 2.61385000e-03 9.50210000e-04 1.43876000e-03 -1.12208000e-03 8.48470000e-04 -3.30550000e-04 -2.40719000e-03 3.16500000e-04 -4.05511000e-03 1.21251000e-03 2.72939000e-03 -8.81850000e-04 -1.60173000e-03 -7.07500000e-05 3.79790000e-04 -1.69440000e-04 -4.46660000e-04 -2.43330000e-03 7.92490000e-04 -6.33680000e-04 -1.35294000e-03 -5.59980000e-04 -6.88740000e-04 -2.54564000e-03 -2.60999000e-03
3.93590000e-04 -8.19780000e-04 1.79811000e-03 -4.11850000e-04 -9.71450000e-04 -3.37768000e-03 7.12770000e-04 -2.80500000e-05 5.57000000e-05 4.17690000e-04 1.05690000e-04 3.93500000e-05 -2.69440000e-04 -1.69331000e-03 -1.02723000e-03 -8.44550000e-04 9.47800000e-05 -2.79260000e-04 7.18900000e-05 1.38559000e-03 -2.45181000e-03 -1.67020000e-04 -2.24610000e-04 -5.88330000e-04 6.79990000e-04 -3.11260000e-04 -7.00330000e-04 -1.99620000e-04 -4.11490000e-04 -1.11278000e-03 9.32000000e-06 1.21603000e-03 -6.54300000e-05 -1.06306000e-03 -1.43702000e-03 1.66920000e-04 -2.05410000e-04 -6.32340000e-04 -7.44740000e-04 3.54400000e-05 7.26540000e-04 -9.71540000e-04 4.69420000e-04 -5.36830000e-04 -8.97260000e-04 -6.67140000e-04 -5.81100000e-05 -4.36180000e-04 4.37800000e-04 -5.15910000e-04 -9.11840000e-04 6.89280000e-04 8.52970000e-04 -6.02960000e-04 -2.98070000e-04 2.15038000e-03 -3.03100000e-05 -2.71825000e-03 -1.40824000e-03 -2.19600000e-03 7.85060000e-04 -2.32916000e-03 -6.41590000e-04 9.16560000e-04 -3.76580000e-04 -5.69030000e-04 -6.08800000e-05 -4.29830000e-04 -1.11257000e-03 1.11490000e-04 -5.21300000e-04 2.11011000e-03 2.34300000e-05 -3.44360000e-04 -6.35700000e-04 5.53700000e-05 1.21448000e-03 4.00610000e-04 -7.51850000e-04 1.39973000e-03 4.39830000e-04 5.76600000e-04 -7.75910000e-04 3.21160000e-04 -1.94770000e-04 -1.04035000e-03 7.01100000e-05 -1.97972000e-03 9.50690000e-04 1.80790000e-03 -1.32030000e-04 -5.92630000e-04 3.14200000e-04 5.98410000e-04 2.50340000e-04 1.55910000e-04 -1.12051000e-03 8.53710000e-04 -2.79500000e-05 -4.63800000e-04 1.45100000e-05 3.57000000e-06 -1.21882000e-03 -1.20750000e-03
6.28510000e-04 4.64720000e-04 -2.42925000e-03 1.11833000e-03 1.09281000e-03 4.56548000e-03 -1.74805000e-03 -1.19266000e-03 -8.36400000e-05 -3.17180000e-04 1.78800000e-04 -7.18020000e-04 1.03620000e-04 2.45067000e-03 2.33213000e-03 1.07834000e-03 -6.14020000e-04 1.23763000e-03 -5.42330000e-04 -2.38135000e-03 2.71300000e-03 9.62540000e-04 6.30710000e-04 4.27410000e-04 -2.13029000e-03 1.72580000e-04 1.08030000e-03 -6.10000000e-04 1.15315000e-03 1.84432000e-03 -1.03773000e-03 -2.24203000e-03 -1.95990000e-04 2.31294000e-03 1.60624000e-03 -8.54250000e-04 2.43300000e-05 8.87870000e-04 1.16289000e-03 -9.55370000e-04 -1.58438000e-03 6.57020000e-04 -6.04410000e-04 -9.39800000e-05 2.11533000e-03 6.01880000e-04 -3.24880000e-04 3.11540000e-04 -1.12074000e-03 5.31960000e-04 1.68141000e-03 -2.13420000e-03 -1.08977000e-03 9.40380000e-04 -5.37000000e-06 -3.65282000e-03 1.14462000e-03 4.72302000e-03 1.68042000e-03 2.63227000e-03 -2.19190000e-04 2.78321000e-03 7.62070000e-04 -2.46460000e-03 2.27130000e-04 8.60330000e-04 1.21513000e-03 1.19030000e-04 1.25502000e-03 -9.31160000e-04 7.38480000e-04 -3.64040000e-03 -4.89020000e-04 6.39150000e-04 4.64580000e-04 -1.53580000e-04 -2.40962000e-03 -1.24972000e-03 1.22542000e-03 -2.55937000e-03 -1.15820000e-03 -2.84841000e-03 8.00300000e-04 -1.08665000e-03 2.24210000e-04 2.65614000e-03 -6.74620000e-04 3.68418000e-03 -1.34703000e-03 -3.88901000e-03 1.20757000e-03 1.57916000e-03 8.27900000e-05 3.32070000e-04 4.60250000e-04 8.43890000e-04 1.60411000e-03 -5.14290000e-04 6.19560000e-04 1.25477000e-03 2.33920000e-04 1.11940000e-03 2.41613000e-03 3.26714000e-03
3.76930000e-04 -9.67730000e-04 2.08026000e-03 -3.26710000e-04 -9.97220000e-04 -4.39387000e-03 9.88450000e-04 3.08270000e-04 1.81260000e-04 5.09970000e-04 3.12700000e-05 3.68380000e-04 -3.08090000e-04 -2.36838000e-03 -1.16717000e-03 -7.73940000e-04 1.54390000e-04 -3.06380000e-04 2.33860000e-04 1.90496000e-03 -3.07448000e-03 -2.33410000e-04 -1.68120000e-04 -5.17990000e-04 9.96090000e-04 -1.98620000e-04 -7.10290000e-04 -3.76400000e-05 -5.87210000e-04 -1.27227000e-03 3.82460000e-04 1.66893000e-03 6.89900000e-05 -1.21745000e-03 -1.95322000e-03 3.08210000e-04 -2.02580000e-04 -7.85590000e-04 -8.43480000e-04 3.91440000e-04 9.89820000e-04 -1.32118000e-03 6.33390000e-04 -3.82500000e-04 -9.82230000e-04 -7.62570000e-04 -5.54000000e-05 -6.28190000e-04 7.49900000e-04 -3.64790000e-04 -8.67540000e-04 1.14371000e-03 9.68460000e-04 -7.74870000e-04 -4.13140000e-04 2.82788000e-03 -1.24090000e-04 -3.24434000e-03 -1.57527000e-03 -2.72340000e-03 1.05809000e-03 -2.96518000e-03 -7.06700000e-04 1.09046000e-03 -5.07590000e-04 -5.53930000e-04 -1.57470000e-04 -3.96430000e-04 -1.56455000e-03 6.71240000e-04 -4.09250000e-04 2.88759000e-03 -2.36340000e-04 -6.62280000e-04 -6.95310000e-04 1.48420000e-04 1.61122000e-03 7.93290000e-04 -8.17730000e-04 1.83050000e-03 6.04810000e-04 5.96240000e-04 -8.15780000e-04 5.18480000e-04 -3.26170000e-04 -1.31071000e-03 -1.96160000e-04 -2.54890000e-03 1.14826000e-03 2.15007000e-03 -3.13970000e-04 -8.24630000e-04 2.14380000e-04 6.90770000e-04 2.14550000e-04 -1.54000000e-05 -1.44877000e-03 8.57050000e-04 -1.80370000e-04 -6.66020000e-04 -1.34030000e-04 -1.19160000e-04 -1.52823000e-03 -1.48829000e-03
-1.03360000e-04 -1.41496000e-03 6.94421000e-03 -2.77332000e-03 -2.88341000e-03 -1.17973300e-02 3.97516000e-03 2.23662000e-03 6.10640000e-04 2.25459000e-03 -1.60320000e-04 1.22792000e-03 -5.14560000e-04 -5.80639000e-03 -5.70539000e-03 -3.11570000e-03 1.40806000e-03 -1.84498000e-03 1.08237000e-03 5.98088000e-03 -6.62639000e-03 -1.39882000e-03 -1.40733000e-03 -1.46125000e-03 4.84523000e-03 -2.29310000e-04 -2.95825000e-03 1.01820000e-03 -2.89645000e-03 -4.28606000e-03 1.65582000e-03 5.44754000e-03 1.22830000e-04 -5.75673000e-03 -5.08576000e-03 2.02245000e-03 -2.00510000e-04 -2.68004000e-03 -2.87585000e-03 1.46389000e-03 3.47016000e-03 -2.45270000e-03 1.80925000e-03 -9.32560000e-04 -4.79260000e-03 -2.15937000e-03 7.24400000e-04 -1.40339000e-03 2.77369000e-03 -1.50291000e-03 -4.24354000e-03 4.81210000e-03 4.15518000e-03 -2.70725000e-03 -1.95890000e-04 9.11411000e-03 -1.45171000e-03 -1.16218100e-02 -4.18582000e-03 -6.47805000e-03 1.81235000e-03 -7.12783000e-03 -2.45129000e-03 6.05774000e-03 -6.36450000e-04 -2.39834000e-03 -1.62769000e-03 -9.94140000e-04 -3.21873000e-03 2.19110000e-03 -2.32493000e-03 9.05244000e-03 1.63041000e-03 -9.82630000e-04 -1.77806000e-03 4.13300000e-04 5.75801000e-03 2.34437000e-03 -3.28400000e-03 6.21138000e-03 2.83360000e-03 7.07058000e-03 -2.74341000e-03 2.68714000e-03 -2.85590000e-04 -5.47090000e-03 2.19324000e-03 -8.26031000e-03 4.85053000e-03 1.06869300e-02 -1.39758000e-03 -2.61844000e-03 1.35890000e-03 4.88610000e-04 3.72730000e-04 -3.77760000e-04 -3.39774000e-03 3.09557000e-03 -2.46430000e-04 -1.83335000e-03 7.56450000e-04 -1.53971000e-03 -4.73169000e-03 -6.16100000e-03
-2.49470000e-04 5.86280000e-04 -6.25710000e-04 -1.42160000e-04 5.37940000e-04 1.41970000e-03 -6.88000000e-05 3.47570000e-04 2.06130000e-04 1.94620000e-04 -5.07000000e-06 3.56300000e-05 2.49320000e-04 8.60040000e-04 -2.63400000e-05 1.94830000e-04 1.91160000e-04 -1.36480000e-04 5.71200000e-05 -4.72620000e-04 1.32091000e-03 1.12000000e-04 -1.05400000e-05 3.48110000e-04 1.00580000e-04 3.63480000e-04 1.63420000e-04 3.72400000e-04 -1.20210000e-04 2.26140000e-04 6.58400000e-05 -3.23770000e-04 7.69800000e-05 -6.10300000e-05 6.01280000e-04 2.54060000e-04 2.36330000e-04 2.11330000e-04 3.44770000e-04 -8.51100000e-05 -2.29820000e-04 5.79230000e-04 -1.18130000e-04 2.50570000e-04 -1.60730000e-04 2.14820000e-04 2.35600000e-04 2.35950000e-04 8.95000000e-06 9.18400000e-05 2.74600000e-05 -1.84040000e-04 1.37650000e-04 1.83800000e-04 3.61180000e-04 -7.87670000e-04 3.86000000e-06 6.51950000e-04 7.97110000e-04 1.12879000e-03 -5.77640000e-04 1.16637000e-03 1.59680000e-04 1.77380000e-04 3.24410000e-04 1.01540000e-04 -2.14200000e-05 1.54970000e-04 7.63680000e-04 9.04600000e-05 7.58000000e-05 -7.19760000e-04 3.21880000e-04 4.02890000e-04 2.51620000e-04 4.46000000e-05 -3.01420000e-04 -2.50450000e-04 1.64340000e-04 -3.99050000e-04 1.63200000e-05 7.20000000e-04 2.23460000e-04 1.97970000e-04 3.33310000e-04 2.17260000e-04 5.13680000e-04 5.90890000e-04 1.19500000e-04 4.36170000e-04 1.04500000e-04 4.19110000e-04 2.44500000e-04 -4.94840000e-04 4.79700000e-05 7.21200000e-05 8.34250000e-04 3.65800000e-05 2.86310000e-04 4.09560000e-04 4.55770000e-04 -4.67000000e-05 3.71810000e-04 9.34000000e-06
-1.15970000e-04 1.25628000e-03 -2.71269000e-03 6.62170000e-04 1.43534000e-03 5.75165000e-03 -1.30336000e-03 -5.08400000e-04 -8.06400000e-05 -3.22370000e-04 4.67700000e-05 -5.42960000e-04 3.59830000e-04 3.22060000e-03 1.81082000e-03 1.10438000e-03 -2.52480000e-04 1.11500000e-03 -3.26470000e-04 -2.36284000e-03 4.22667000e-03 5.32330000e-04 4.09790000e-04 7.00670000e-04 -1.39928000e-03 4.52870000e-04 9.92840000e-04 8.70000000e-06 9.45650000e-04 2.12068000e-03 -5.62790000e-04 -2.12452000e-03 -1.02970000e-04 1.85746000e-03 2.18181000e-03 -3.84820000e-04 2.46570000e-04 9.45590000e-04 1.21840000e-03 -5.81250000e-04 -1.36530000e-03 1.51338000e-03 -7.11660000e-04 2.69550000e-04 1.84161000e-03 1.01662000e-03 1.02970000e-04 6.63080000e-04 -9.76020000e-04 6.97140000e-04 1.43623000e-03 -1.50208000e-03 -1.05306000e-03 9.90400000e-04 4.80860000e-04 -3.60101000e-03 5.46640000e-04 4.52961000e-03 2.19809000e-03 3.74848000e-03 -7.87810000e-04 3.90018000e-03 8.04680000e-04 -1.53528000e-03 7.46700000e-04 8.27740000e-04 6.09440000e-04 3.68520000e-04 1.96789000e-03 -7.25680000e-04 5.36830000e-04 -3.65757000e-03 4.14230000e-04 9.61830000e-04 8.17580000e-04 -1.17460000e-04 -2.11515000e-03 -1.12278000e-03 1.14530000e-03 -2.37788000e-03 -7.97620000e-04 -9.86410000e-04 9.57860000e-04 -6.61410000e-04 5.02970000e-04 2.15621000e-03 3.51460000e-04 3.71611000e-03 -1.23033000e-03 -2.99405000e-03 8.69390000e-04 1.42687000e-03 2.25000000e-06 -5.26540000e-04 1.03020000e-04 4.26800000e-04 1.91745000e-03 -7.57550000e-04 4.53910000e-04 1.18102000e-03 3.73150000e-04 4.51400000e-04 2.53325000e-03 2.95460000e-03
2.97800000e-04 1.87356000e-03 -5.85003000e-03 1.69469000e-03 2.69282000e-03 1.19392900e-02 -3.62945000e-03 -1.83079000e-03 -4.26750000e-04 -7.66160000e-04 7.00100000e-05 -1.21014000e-03 4.37280000e-04 6.35950000e-03 4.43512000e-03 2.51483000e-03 -1.08992000e-03 1.73700000e-03 -8.55370000e-04 -5.69588000e-03 7.80570000e-03 1.75376000e-03 1.00495000e-03 1.20895000e-03 -3.94160000e-03 4.34890000e-04 2.38989000e-03 -6.95150000e-04 2.02268000e-03 3.91343000e-03 -1.68051000e-03 -5.27791000e-03 -4.43810000e-04 4.43531000e-03 4.80269000e-03 -1.52670000e-03 1.86420000e-04 2.15623000e-03 2.54606000e-03 -1.53599000e-03 -3.39551000e-03 2.65766000e-03 -1.62804000e-03 4.10660000e-04 3.80895000e-03 1.74848000e-03 -4.03060000e-04 1.16823000e-03 -2.19520000e-03 1.19921000e-03 3.21364000e-03 -4.06826000e-03 -2.36236000e-03 2.05994000e-03 5.34590000e-04 -8.58980000e-03 1.67960000e-03 1.08592300e-02 4.35897000e-03 7.16067000e-03 -2.08846000e-03 7.91089000e-03 2.06388000e-03 -4.49363000e-03 8.15630000e-04 1.85194000e-03 1.80887000e-03 9.04800000e-04 3.75065000e-03 -1.85537000e-03 1.55946000e-03 -8.63201000e-03 -3.84700000e-04 1.72917000e-03 1.71530000e-03 -4.80300000e-04 -5.32685000e-03 -2.42938000e-03 2.70106000e-03 -5.80849000e-03 -2.23531000e-03 -4.03250000e-03 2.25130000e-03 -2.06146000e-03 6.52230000e-04 5.33869000e-03 -6.82620000e-04 8.62236000e-03 -2.89845000e-03 -7.09390000e-03 2.10682000e-03 3.39767000e-03 4.82700000e-05 -4.51560000e-04 4.47070000e-04 1.17303000e-03 4.50192000e-03 -1.66786000e-03 1.28395000e-03 2.79175000e-03 8.92130000e-04 1.63941000e-03 5.49751000e-03 6.20928000e-03
-2.97080000e-04 5.17580000e-04 -4.46250000e-04 -1.93910000e-04 3.58800000e-04 8.91990000e-04 8.29600000e-05 3.37320000e-04 1.47000000e-04 6.47800000e-05 -3.93400000e-05 -1.47600000e-05 2.58000000e-04 5.80690000e-04 -2.20290000e-04 6.08400000e-05 2.35160000e-04 -1.54600000e-04 5.15400000e-05 -2.15900000e-04 9.26170000e-04 -6.16500000e-05 -6.54900000e-05 2.31750000e-04 2.01490000e-04 2.73540000e-04 5.82000000e-05 3.52980000e-04 -5.36700000e-05 1.39410000e-04 1.12670000e-04 -7.10100000e-05 9.54100000e-05 -2.17290000e-04 4.24240000e-04 2.81750000e-04 2.33240000e-04 1.12800000e-04 1.46980000e-04 -8.82400000e-05 -6.65000000e-05 4.93790000e-04 -4.62500000e-05 2.02860000e-04 -2.64580000e-04 2.29470000e-04 2.63440000e-04 2.50130000e-04 -3.41000000e-06 2.81300000e-05 -1.11910000e-04 -7.37700000e-05 1.08150000e-04 1.62800000e-04 3.33570000e-04 -3.73570000e-04 -1.56680000e-04 2.36300000e-05 5.08270000e-04 7.80420000e-04 -4.22180000e-04 7.03440000e-04 6.96500000e-05 4.48360000e-04 3.24990000e-04 3.10600000e-05 -1.83210000e-04 1.13460000e-04 6.09200000e-04 1.23800000e-05 2.01000000e-06 -4.12960000e-04 5.58350000e-04 2.90680000e-04 1.95100000e-04 -1.83000000e-06 -6.20900000e-05 -2.06450000e-04 5.85800000e-05 -1.62330000e-04 9.09600000e-05 9.28070000e-04 1.53210000e-04 2.25550000e-04 2.98970000e-04 -9.23800000e-05 7.34620000e-04 1.46840000e-04 1.02280000e-04 5.72180000e-04 -4.31200000e-05 1.95410000e-04 1.51210000e-04 -5.09570000e-04 -5.56100000e-05 -3.00900000e-05 4.73630000e-04 6.04000000e-05 1.75340000e-04 1.86720000e-04 3.12230000e-04 -1.71760000e-04 2.03300000e-05 -2.95920000e-04
-4.85700000e-05 5.83800000e-05 -1.12500000e-04 -8.11600000e-05 -1.08400000e-05 3.18810000e-04 -6.24900000e-05 5.30300000e-05 -9.60900000e-05 1.07860000e-04 -8.72800000e-05 1.03220000e-04 -6.88000000e-06 1.07040000e-04 -1.68700000e-05 1.57220000e-04 -7.68000000e-05 -1.18540000e-04 1.36430000e-04 -6.35900000e-05 2.01060000e-04 1.38090000e-04 1.47900000e-05 -1.49900000e-05 4.43900000e-05 -6.68600000e-05 1.44280000e-04 1.25100000e-05 -1.10700000e-05 9.52000000e-06 1.54280000e-04 -1.56430000e-04 -2.16100000e-05 -3.97700000e-05 2.65020000e-04 -2.40000000e-05 -3.98200000e-05 7.19200000e-05 -7.86400000e-05 2.17610000e-04 3.53400000e-05 1.40030000e-04 -3.68600000e-05 7.60200000e-05 -8.61300000e-05 6.04900000e-05 -1.66400000e-05 7.50400000e-05 1.02440000e-04 1.08790000e-04 1.60700000e-05 1.40910000e-04 7.38100000e-05 -7.41000000e-06 3.23600000e-05 -1.31830000e-04 -6.09000000e-05 4.45150000e-04 7.45500000e-05 1.73940000e-04 -2.90890000e-04 3.17550000e-04 1.97620000e-04 5.68700000e-05 -6.02200000e-05 6.96600000e-05 -4.78600000e-05 2.91020000e-04 9.73400000e-05 7.60000000e-05 1.33740000e-04 -1.86420000e-04 1.19130000e-04 -4.73000000e-06 2.96520000e-04 -1.13160000e-04 -9.85800000e-05 1.44040000e-04 1.50260000e-04 -9.51000000e-05 2.52400000e-05 2.93310000e-04 2.46070000e-04 -2.02900000e-05 -2.45800000e-05 1.50050000e-04 -7.80000000e-06 4.39670000e-04 1.07910000e-04 3.05900000e-04 1.81400000e-05 1.68570000e-04 3.43800000e-05 -1.50600000e-05 1.57000000e-05 -6.10000000e-05 3.39860000e-04 -3.28700000e-05 1.54120000e-04 1.54850000e-04 1.93580000e-04 6.24000000e-06 3.00740000e-04 2.45840000e-04
-7.68000000e-06 -4.38320000e-04 9.49460000e-04 -7.99700000e-05 -5.18730000e-04 -2.32361000e-03 4.72890000e-04 3.67000000e-05 7.48200000e-05 -1.08700000e-04 -1.04000000e-05 -1.80000000e-07 -9.73000000e-05 -1.23037000e-03 -5.42680000e-04 -4.29700000e-04 1.22380000e-04 2.83500000e-05 -2.14800000e-05 9.28730000e-04 -1.58760000e-03 -4.38230000e-04 -1.09150000e-04 -2.70220000e-04 3.56590000e-04 -1.22610000e-04 -3.86690000e-04 -7.66500000e-05 -1.11100000e-04 -4.83110000e-04 1.04150000e-04 8.46260000e-04 4.75900000e-05 -4.81560000e-04 -1.11406000e-03 1.14150000e-04 -3.98700000e-05 -4.84100000e-04 -4.64060000e-04 9.80000000e-07 4.41400000e-04 -7.53650000e-04 2.44060000e-04 -2.07910000e-04 -3.22440000e-04 -3.37150000e-04 -2.93300000e-05 -3.20580000e-04 1.46140000e-04 -1.89470000e-04 -3.73530000e-04 4.37650000e-04 8.46500000e-05 -3.13050000e-04 -2.68040000e-04 1.33080000e-03 -3.18570000e-04 -2.08135000e-03 -8.83230000e-04 -1.42484000e-03 7.89610000e-04 -1.73528000e-03 -3.89980000e-04 5.13060000e-04 -1.71100000e-04 -3.03200000e-04 -3.37910000e-04 -3.33010000e-04 -8.21410000e-04 1.81430000e-04 -2.90890000e-04 1.36592000e-03 1.06650000e-04 -4.28400000e-04 -4.48350000e-04 5.56700000e-05 7.45550000e-04 1.54330000e-04 -4.34140000e-04 8.40140000e-04 2.78590000e-04 1.54110000e-04 -4.57020000e-04 1.88430000e-04 -1.72540000e-04 -9.58450000e-04 8.02100000e-05 -1.74210000e-03 1.64760000e-04 4.13040000e-04 -4.30130000e-04 -7.18520000e-04 -2.18930000e-04 8.53800000e-05 -1.75070000e-04 -2.60780000e-04 -1.16067000e-03 1.41730000e-04 -3.84430000e-04 -6.66730000e-04 -4.84410000e-04 -2.93500000e-04 -1.13210000e-03 -8.18150000e-04
-1.13370000e-04 6.76990000e-04 -1.89733000e-03 5.61390000e-04 8.82940000e-04 3.48389000e-03 -8.59860000e-04 -3.89000000e-04 -5.09600000e-05 -3.30750000e-04 6.42100000e-05 -3.46610000e-04 2.29710000e-04 1.88103000e-03 1.27748000e-03 7.71590000e-04 -2.21950000e-04 7.14510000e-04 -1.92820000e-04 -1.58661000e-03 2.35480000e-03 2.67350000e-04 3.38250000e-04 4.54490000e-04 -9.90440000e-04 2.32940000e-04 6.82160000e-04 -2.63000000e-05 7.00120000e-04 1.35573000e-03 -3.58520000e-04 -1.31421000e-03 -4.69500000e-05 1.30069000e-03 1.41121000e-03 -2.75420000e-04 1.59080000e-04 6.92510000e-04 7.82370000e-04 -3.27720000e-04 -9.09790000e-04 9.74530000e-04 -4.22340000e-04 1.67880000e-04 1.15467000e-03 6.66000000e-04 5.89700000e-05 4.51370000e-04 -6.75370000e-04 5.08900000e-04 1.07021000e-03 -9.89250000e-04 -8.36920000e-04 7.10820000e-04 2.95530000e-04 -2.44049000e-03 3.14100000e-04 2.80312000e-03 1.28424000e-03 2.15128000e-03 -4.62160000e-04 2.14359000e-03 5.30180000e-04 -1.07384000e-03 4.50740000e-04 6.02850000e-04 3.37890000e-04 2.16810000e-04 1.23977000e-03 -4.78980000e-04 3.90560000e-04 -2.38761000e-03 2.47230000e-04 4.97070000e-04 5.09800000e-04 -5.53100000e-05 -1.37552000e-03 -7.45400000e-04 7.96100000e-04 -1.54239000e-03 -5.47640000e-04 -8.44010000e-04 6.42110000e-04 -4.63030000e-04 3.13590000e-04 1.30511000e-03 1.68210000e-04 2.12296000e-03 -9.73890000e-04 -2.27763000e-03 4.31860000e-04 8.40260000e-04 -1.24850000e-04 -4.29440000e-04 -1.53900000e-05 1.73470000e-04 1.17906000e-03 -6.11710000e-04 1.86420000e-04 6.50310000e-04 6.28500000e-05 2.59940000e-04 1.39233000e-03 1.95039000e-03
-1.40820000e-04 3.81150000e-04 -2.20600000e-04 -2.14590000e-04 2.32300000e-04 5.61720000e-04 1.97520000e-04 2.75470000e-04 1.46240000e-04 3.01540000e-04 3.34400000e-05 -6.81900000e-05 1.47450000e-04 4.98150000e-04 -2.72050000e-04 -7.67400000e-05 1.90670000e-04 8.10800000e-05 5.15900000e-05 -7.01800000e-05 7.79320000e-04 -3.37900000e-05 -5.72600000e-05 1.24610000e-04 3.02450000e-04 2.66180000e-04 -1.18170000e-04 3.09580000e-04 -1.07100000e-04 1.76800000e-04 4.55300000e-05 1.03450000e-04 8.11000000e-06 -2.70440000e-04 1.40190000e-04 3.22020000e-04 1.39640000e-04 2.66000000e-06 9.80900000e-05 -9.69800000e-05 -3.05600000e-05 4.00860000e-04 3.42900000e-05 -3.63500000e-05 -1.95010000e-04 1.54760000e-04 2.97360000e-04 1.30140000e-04 2.56000000e-05 9.31000000e-06 -1.66680000e-04 6.50900000e-05 3.62940000e-04 2.00800000e-05 3.18730000e-04 -9.97000000e-05 1.62300000e-05 -2.16770000e-04 3.46100000e-04 6.20000000e-04 -1.86650000e-04 4.71550000e-04 -1.19110000e-04 6.09040000e-04 3.31880000e-04 -3.07800000e-05 -8.33000000e-06 -6.87700000e-05 5.24770000e-04 1.81100000e-05 -2.14970000e-04 -1.05760000e-04 6.70340000e-04 3.48060000e-04 2.55500000e-05 6.56000000e-05 1.22440000e-04 -1.83270000e-04 -1.03050000e-04 5.01800000e-05 1.69870000e-04 1.08772000e-03 -8.39400000e-05 2.91210000e-04 3.23710000e-04 -5.73600000e-05 8.85520000e-04 6.48500000e-05 3.89030000e-04 8.06190000e-04 1.54320000e-04 2.72660000e-04 3.62070000e-04 -3.41370000e-04 1.61920000e-04 1.91970000e-04 3.98200000e-04 3.50660000e-04 2.37410000e-04 2.81810000e-04 4.35210000e-04 -9.46000000e-05 1.23380000e-04 -9.27000000e-06
-3.94300000e-05 5.40000000e-06 5.71600000e-05 9.76200000e-05 8.86000000e-06 -1.89620000e-04 6.21500000e-05 -2.33200000e-05 4.74800000e-05 -1.88160000e-04 6.88300000e-05 -6.08600000e-05 6.55000000e-05 -5.30500000e-05 5.12500000e-05 -3.71200000e-05 6.60800000e-05 6.76600000e-05 -3.62700000e-05 9.04400000e-05 -1.63070000e-04 -1.40080000e-04 3.94700000e-05 2.38700000e-05 -2.44400000e-05 2.21900000e-05 -1.79000000e-05 -2.79000000e-06 1.15780000e-04 3.07800000e-05 -3.88500000e-05 1.18320000e-04 6.87300000e-05 5.81600000e-05 -8.67500000e-05 2.53100000e-05 7.43600000e-05 5.94000000e-06 2.37800000e-05 -9.55000000e-05 6.18200000e-05 -4.65600000e-05 3.58300000e-05 2.20300000e-05 7.68400000e-05 3.54500000e-05 3.36900000e-05 4.79900000e-05 -7.38900000e-05 -4.00800000e-05 1.25800000e-05 -6.43100000e-05 -1.74710000e-04 8.89800000e-05 2.19000000e-05 1.22230000e-04 -6.93800000e-05 -3.26770000e-04 -6.33100000e-05 -1.17590000e-04 1.81660000e-04 -2.17890000e-04 -4.37100000e-05 -7.01000000e-06 7.03800000e-05 1.39700000e-05 -7.92700000e-05 -7.67900000e-05 -3.05200000e-05 -1.06690000e-04 -1.50000000e-06 1.20430000e-04 7.74000000e-06 4.20000000e-07 -6.91200000e-05 4.85100000e-05 7.01300000e-05 -4.83100000e-05 -4.63000000e-06 8.67800000e-05 6.20000000e-07 -1.91320000e-04 -3.67900000e-05 4.08000000e-06 4.72500000e-05 -1.64930000e-04 4.11100000e-05 -3.29950000e-04 -1.96460000e-04 -3.19990000e-04 -1.17160000e-04 -1.80700000e-04 -1.40370000e-04 -5.55300000e-05 -1.15690000e-04 -7.73200000e-05 -2.96980000e-04 -9.11500000e-05 -1.53090000e-04 -1.89530000e-04 -2.14340000e-04 -6.63200000e-05 -2.88950000e-04 -2.32570000e-04
-4.83730000e-04 7.45680000e-04 1.16897000e-03 -1.39746000e-03 -1.23900000e-05 -9.84690000e-04 1.34537000e-03 1.54573000e-03 4.76760000e-04 1.22731000e-03 -1.57950000e-04 5.05570000e-04 3.11850000e-04 -1.46470000e-04 -2.22036000e-03 -7.85080000e-04 8.77000000e-04 -1.16093000e-03 5.36180000e-04 1.07322000e-03 4.81080000e-04 -2.51520000e-04 -6.02760000e-04 8.25400000e-05 2.00046000e-03 5.26830000e-04 -8.41430000e-04 1.15705000e-03 -1.30592000e-03 -1.09546000e-03 7.78680000e-04 1.33392000e-03 1.09270000e-04 -2.28196000e-03 -2.65600000e-04 1.22338000e-03 3.31110000e-04 -4.26290000e-04 -4.49430000e-04 3.72010000e-04 7.83060000e-04 6.28850000e-04 4.56980000e-04 2.01390000e-04 -2.16057000e-03 -1.00710000e-04 8.24170000e-04 1.25250000e-04 9.99180000e-04 -4.20440000e-04 -1.59354000e-03 1.37446000e-03 1.96625000e-03 -5.70550000e-04 8.13880000e-04 1.75954000e-03 -4.02910000e-04 -2.65786000e-03 4.96500000e-05 1.20260000e-04 -8.48650000e-04 3.16000000e-06 -5.16610000e-04 2.83470000e-03 4.51540000e-04 -6.37030000e-04 -5.40620000e-04 1.87600000e-05 6.13440000e-04 7.70010000e-04 -7.53700000e-04 1.67232000e-03 1.42871000e-03 5.32480000e-04 -6.42700000e-05 1.44930000e-04 1.58987000e-03 4.86950000e-04 -9.64630000e-04 1.44660000e-03 1.10518000e-03 4.41531000e-03 -5.00880000e-04 1.34521000e-03 5.93690000e-04 -1.44029000e-03 2.19014000e-03 -1.48001000e-03 2.11780000e-03 5.16933000e-03 -9.64600000e-05 6.22500000e-05 1.21381000e-03 -7.28710000e-04 3.39570000e-04 2.26920000e-04 7.09240000e-04 1.37463000e-03 6.13210000e-04 3.34470000e-04 1.45220000e-03 -5.81840000e-04 -8.40350000e-04 -2.48767000e-03
4.85000000e-06 -2.00882000e-03 8.37094000e-03 -2.92019000e-03 -3.49001000e-03 -1.44035800e-02 4.55913000e-03 2.43899000e-03 6.30150000e-04 2.25519000e-03 -1.55990000e-04 1.49572000e-03 -6.92590000e-04 -7.20610000e-03 -6.33880000e-03 -3.61571000e-03 1.54839000e-03 -2.30183000e-03 1.20852000e-03 7.18726000e-03 -8.46908000e-03 -1.65889000e-03 -1.52830000e-03 -1.77776000e-03 5.40311000e-03 -3.99600000e-04 -3.39328000e-03 9.55990000e-04 -3.24522000e-03 -5.18882000e-03 1.90127000e-03 6.41736000e-03 2.13570000e-04 -6.41335000e-03 -6.20563000e-03 2.13442000e-03 -3.15270000e-04 -3.17637000e-03 -3.36147000e-03 1.60842000e-03 4.16494000e-03 -3.29081000e-03 2.17096000e-03 -1.02192000e-03 -5.31946000e-03 -2.53303000e-03 6.06030000e-04 -1.73492000e-03 3.22911000e-03 -1.93459000e-03 -4.94597000e-03 5.40737000e-03 4.53944000e-03 -3.14807000e-03 -4.76330000e-04 1.10289400e-02 -1.64412000e-03 -1.36319700e-02 -5.10127000e-03 -8.12693000e-03 2.31438000e-03 -8.76655000e-03 -2.81919000e-03 6.62450000e-03 -1.00016000e-03 -2.71528000e-03 -1.84112000e-03 -1.18258000e-03 -4.27056000e-03 2.45736000e-03 -2.46367000e-03 1.08724600e-02 1.11315000e-03 -1.36429000e-03 -2.19985000e-03 4.94700000e-04 6.74200000e-03 3.01465000e-03 -3.78377000e-03 7.34443000e-03 3.11517000e-03 7.07156000e-03 -3.17590000e-03 2.91433000e-03 -5.61920000e-04 -6.37954000e-03 1.80973000e-03 -9.81135000e-03 5.29265000e-03 1.18323800e-02 -1.72738000e-03 -3.36793000e-03 1.29274000e-03 9.22040000e-04 3.02120000e-04 -5.07910000e-04 -4.61360000e-03 3.40661000e-03 -5.53750000e-04 -2.46033000e-03 5.05080000e-04 -1.71855000e-03 -5.91213000e-03 -7.95512000e-03
6.27400000e-05 -1.57385000e-03 4.46757000e-03 -1.15327000e-03 -2.09329000e-03 -8.28292000e-03 2.18961000e-03 1.13112000e-03 1.22670000e-04 9.19370000e-04 -2.56950000e-04 1.14755000e-03 -6.14290000e-04 -4.57284000e-03 -2.91130000e-03 -1.53554000e-03 4.71020000e-04 -1.28535000e-03 8.02220000e-04 3.85237000e-03 -5.43324000e-03 -8.41140000e-04 -5.98640000e-04 -1.06446000e-03 2.56223000e-03 -5.39880000e-04 -1.50809000e-03 2.40540000e-04 -1.59102000e-03 -2.82264000e-03 1.29135000e-03 3.32291000e-03 8.71400000e-05 -2.95367000e-03 -3.39874000e-03 7.46680000e-04 -4.12490000e-04 -1.63178000e-03 -1.96244000e-03 1.35746000e-03 2.22394000e-03 -2.14296000e-03 1.20485000e-03 -4.00930000e-04 -2.54705000e-03 -1.39711000e-03 -3.34500000e-05 -1.11510000e-03 1.87376000e-03 -7.36640000e-04 -2.16770000e-03 3.13758000e-03 2.00586000e-03 -1.76016000e-03 -6.25850000e-04 5.92356000e-03 -9.42680000e-04 -6.69261000e-03 -3.09392000e-03 -5.06140000e-03 1.36609000e-03 -5.30077000e-03 -1.20136000e-03 2.92433000e-03 -1.03365000e-03 -1.19939000e-03 -1.03624000e-03 -3.46610000e-04 -2.89696000e-03 1.66527000e-03 -8.82800000e-04 5.87520000e-03 -1.47090000e-04 -1.34703000e-03 -1.00008000e-03 1.52350000e-04 3.46161000e-03 2.08959000e-03 -1.72330000e-03 3.81427000e-03 1.52535000e-03 2.71707000e-03 -1.37402000e-03 1.22331000e-03 -7.61830000e-04 -3.24782000e-03 -7.21400000e-05 -5.13248000e-03 2.41635000e-03 5.40890000e-03 -1.13582000e-03 -2.00206000e-03 2.36690000e-04 8.15050000e-04 -2.70300000e-05 -5.96400000e-04 -2.70142000e-03 1.29516000e-03 -5.81170000e-04 -1.56382000e-03 -1.90480000e-04 -9.05930000e-04 -3.17357000e-03 -3.97738000e-03
2.70800000e-05 1.25886000e-03 -3.59795000e-03 1.35885000e-03 1.70481000e-03 7.62475000e-03 -2.13025000e-03 -1.14178000e-03 -3.93970000e-04 -8.66770000e-04 -2.95600000e-05 -6.35810000e-04 2.60620000e-04 4.00308000e-03 3.10162000e-03 1.76933000e-03 -6.81240000e-04 1.63536000e-03 -4.50600000e-04 -3.36375000e-03 5.10320000e-03 7.42570000e-04 7.35320000e-04 7.92260000e-04 -2.44710000e-03 2.15360000e-04 1.60001000e-03 -4.32900000e-04 1.58572000e-03 2.99666000e-03 -7.63150000e-04 -3.19610000e-03 -2.32750000e-04 3.18262000e-03 2.97545000e-03 -1.03109000e-03 9.84400000e-05 1.35918000e-03 1.56683000e-03 -5.97040000e-04 -1.94386000e-03 1.71693000e-03 -1.01148000e-03 3.84470000e-04 3.10195000e-03 1.43739000e-03 -2.48880000e-04 7.69860000e-04 -1.41665000e-03 1.08437000e-03 2.39869000e-03 -2.05319000e-03 -2.00760000e-03 1.39398000e-03 2.54060000e-04 -5.06393000e-03 7.76490000e-04 6.94735000e-03 2.63491000e-03 4.58384000e-03 -8.08840000e-04 4.97080000e-03 1.36135000e-03 -2.96952000e-03 6.34150000e-04 1.33371000e-03 8.78970000e-04 6.71230000e-04 2.13360000e-03 -1.04655000e-03 1.05498000e-03 -5.11701000e-03 -2.12990000e-04 8.83630000e-04 1.20292000e-03 -2.91320000e-04 -3.18192000e-03 -1.21712000e-03 1.80210000e-03 -3.47878000e-03 -1.33805000e-03 -2.79422000e-03 1.53635000e-03 -1.39305000e-03 2.50220000e-04 3.21154000e-03 -5.81500000e-04 5.36727000e-03 -2.30781000e-03 -5.49705000e-03 1.10797000e-03 1.71974000e-03 -4.59410000e-04 -2.60840000e-04 -5.51600000e-05 4.00840000e-04 2.25889000e-03 -1.58755000e-03 2.83190000e-04 1.34619000e-03 -4.31100000e-05 7.48400000e-04 3.58073000e-03 4.47271000e-03
-2.66530000e-04 3.43440000e-04 2.13040000e-04 -7.37300000e-05 3.26360000e-04 -4.42670000e-04 6.13510000e-04 5.60000000e-04 4.71170000e-04 -1.59430000e-04 3.40180000e-04 1.62800000e-05 4.36740000e-04 -4.51200000e-05 -3.13620000e-04 -1.83160000e-04 5.31100000e-04 -6.71300000e-05 -1.39600000e-05 7.09610000e-04 -1.10260000e-04 -3.01520000e-04 -6.54300000e-05 3.77440000e-04 5.76830000e-04 4.60190000e-04 -1.43270000e-04 4.77100000e-04 -8.18400000e-05 -1.99430000e-04 7.40800000e-05 7.49680000e-04 4.78010000e-04 -3.10080000e-04 -4.07200000e-05 5.35410000e-04 4.67470000e-04 1.77260000e-04 2.76840000e-04 -2.71200000e-05 5.53790000e-04 1.83120000e-04 1.07750000e-04 3.77710000e-04 -2.89290000e-04 -4.86900000e-05 4.25390000e-04 3.18080000e-04 5.41400000e-05 -8.06300000e-05 -1.59350000e-04 1.04330000e-04 -1.38450000e-04 3.17900000e-04 3.62340000e-04 8.34840000e-04 -2.66860000e-04 -1.24244000e-03 1.99440000e-04 -3.66600000e-05 2.27350000e-04 -2.34900000e-04 -1.92950000e-04 3.35410000e-04 4.06180000e-04 -1.17970000e-04 -2.74680000e-04 -1.50610000e-04 1.68040000e-04 1.06470000e-04 -6.38400000e-05 8.71590000e-04 1.17140000e-04 2.43760000e-04 -1.48560000e-04 4.06830000e-04 6.69950000e-04 4.51000000e-06 -1.51760000e-04 6.92570000e-04 2.24950000e-04 2.30090000e-04 -1.67860000e-04 5.26900000e-04 3.89350000e-04 -7.14530000e-04 2.10110000e-04 -1.25776000e-03 -1.27820000e-04 1.06630000e-04 -4.74680000e-04 -5.53780000e-04 -2.62900000e-04 -4.20620000e-04 -3.15940000e-04 -3.27100000e-04 -5.80820000e-04 -9.33800000e-05 -3.34120000e-04 -4.67160000e-04 -3.93260000e-04 -2.32460000e-04 -8.16480000e-04 -8.69550000e-04
-4.69430000e-04 9.28150000e-04 -3.90250000e-04 -2.88970000e-04 8.03460000e-04 1.24878000e-03 5.47910000e-04 9.04030000e-04 5.50010000e-04 1.21160000e-04 2.87730000e-04 8.57600000e-05 6.11460000e-04 9.51010000e-04 -3.53510000e-04 1.49400000e-05 6.45100000e-04 -2.34810000e-04 8.62800000e-05 1.51200000e-04 1.38316000e-03 -1.32620000e-04 -1.06520000e-04 6.57660000e-04 7.20330000e-04 7.26110000e-04 -3.82600000e-05 8.39540000e-04 -2.65540000e-04 6.30700000e-05 1.75670000e-04 3.73840000e-04 4.56720000e-04 -3.71340000e-04 7.39600000e-04 7.44700000e-04 6.00450000e-04 4.41720000e-04 5.69040000e-04 1.82400000e-05 3.12940000e-04 9.33240000e-04 -1.74500000e-05 6.09980000e-04 -4.29340000e-04 2.47260000e-04 6.77510000e-04 5.81290000e-04 8.90100000e-05 4.74500000e-05 -1.29040000e-04 3.35100000e-05 1.17300000e-04 4.50290000e-04 7.77770000e-04 4.94400000e-05 -1.75640000e-04 -2.63350000e-04 9.57790000e-04 1.21972000e-03 -5.20570000e-04 1.14823000e-03 2.04000000e-06 5.75390000e-04 7.03910000e-04 -4.73000000e-06 -2.05430000e-04 6.05900000e-05 1.02004000e-03 1.60220000e-04 -6.02700000e-05 9.68500000e-05 4.66710000e-04 6.80530000e-04 1.62590000e-04 4.12150000e-04 4.03440000e-04 -1.16150000e-04 -4.31600000e-05 2.95190000e-04 2.89450000e-04 1.13638000e-03 6.63300000e-05 6.95280000e-04 6.91750000e-04 -3.51200000e-04 7.71240000e-04 -3.44710000e-04 1.03790000e-04 7.21400000e-04 -2.28190000e-04 -1.89100000e-05 9.91400000e-05 -8.10300000e-04 -1.77050000e-04 -1.47310000e-04 4.47200000e-04 6.36000000e-06 8.88000000e-06 7.40000000e-05 2.00420000e-04 -2.36670000e-04 -1.71530000e-04 -6.90130000e-04
-3.23730000e-04 1.74968000e-03 -1.67829000e-03 5.64700000e-05 1.59857000e-03 4.30306000e-03 -1.77500000e-04 6.29950000e-04 5.86730000e-04 -1.06100000e-05 2.80450000e-04 -2.09930000e-04 9.10390000e-04 2.66210000e-03 5.23350000e-04 5.29570000e-04 6.84110000e-04 3.16530000e-04 -1.29970000e-04 -1.12197000e-03 3.65649000e-03 2.39370000e-04 6.57700000e-05 1.06958000e-03 -6.72200000e-05 9.88580000e-04 5.14900000e-04 8.52810000e-04 2.75440000e-04 1.17905000e-03 -1.71410000e-04 -7.66650000e-04 4.59250000e-04 5.00280000e-04 1.90647000e-03 5.46370000e-04 8.61980000e-04 9.28790000e-04 1.21387000e-03 -4.06280000e-04 -4.41270000e-04 1.71819000e-03 -3.54160000e-04 8.12100000e-04 4.86470000e-04 8.03980000e-04 7.25000000e-04 9.70920000e-04 -4.39140000e-04 3.52340000e-04 5.87660000e-04 -7.85550000e-04 -3.45400000e-04 1.07509000e-03 1.02432000e-03 -1.89134000e-03 2.03960000e-04 2.09834000e-03 2.12418000e-03 3.23555000e-03 -7.79300000e-04 3.16460000e-03 4.08470000e-04 -2.48000000e-04 1.18802000e-03 3.82250000e-04 1.79700000e-04 2.46900000e-04 2.05861000e-03 -2.62140000e-04 2.81610000e-04 -1.90233000e-03 7.13250000e-04 1.19974000e-03 5.68040000e-04 3.03400000e-04 -7.50320000e-04 -7.94450000e-04 5.59190000e-04 -1.02570000e-03 -1.56040000e-04 6.14640000e-04 5.66960000e-04 3.25640000e-04 9.57420000e-04 7.95180000e-04 1.02611000e-03 1.60022000e-03 -5.02800000e-04 -7.89450000e-04 3.40870000e-04 7.93270000e-04 2.38220000e-04 -8.97910000e-04 -5.06900000e-05 2.30880000e-04 1.56065000e-03 -2.85200000e-04 3.92740000e-04 7.70690000e-04 4.91200000e-04 1.72020000e-04 1.17219000e-03 8.09880000e-04
-2.88940000e-04 6.78980000e-04 9.59940000e-04 -4.82720000e-04 3.49090000e-04 -7.69270000e-04 9.95810000e-04 1.05506000e-03 6.45000000e-04 2.57150000e-04 2.61090000e-04 2.07170000e-04 5.29950000e-04 -3.41300000e-05 -9.86340000e-04 -4.77000000e-04 9.13510000e-04 -3.51190000e-04 1.29970000e-04 1.13977000e-03 2.50010000e-04 -3.24190000e-04 -2.66450000e-04 4.12420000e-04 1.19054000e-03 6.73650000e-04 -4.36750000e-04 8.05480000e-04 -5.48000000e-04 -5.03420000e-04 2.78490000e-04 1.11089000e-03 5.25930000e-04 -9.96620000e-04 -3.27290000e-04 8.83910000e-04 6.13200000e-04 -1.12380000e-04 1.63480000e-04 7.17000000e-06 8.12370000e-04 1.84460000e-04 2.50710000e-04 4.69250000e-04 -7.69860000e-04 -1.42810000e-04 6.09460000e-04 2.44220000e-04 4.14710000e-04 -2.98860000e-04 -7.42120000e-04 5.81880000e-04 5.38260000e-04 6.31200000e-05 5.40150000e-04 1.55540000e-03 -3.20720000e-04 -2.06291000e-03 2.89210000e-04 1.28710000e-04 1.92440000e-04 -8.04200000e-05 -3.77750000e-04 1.13801000e-03 5.42900000e-04 -3.62260000e-04 -3.64520000e-04 -1.74550000e-04 2.15470000e-04 4.02900000e-04 -2.98790000e-04 1.51888000e-03 3.70600000e-04 4.65490000e-04 -2.33610000e-04 4.62560000e-04 1.13685000e-03 2.05670000e-04 -4.99560000e-04 1.14086000e-03 5.77510000e-04 1.44679000e-03 -3.84830000e-04 9.24780000e-04 5.15720000e-04 -1.10605000e-03 7.45860000e-04 -1.59972000e-03 6.00050000e-04 1.72191000e-03 -3.96640000e-04 -5.72400000e-04 1.64940000e-04 -4.15440000e-04 -1.56860000e-04 -1.56670000e-04 -5.27340000e-04 3.75970000e-04 -1.22440000e-04 -3.60130000e-04 7.88600000e-05 -3.54410000e-04 -9.52580000e-04 -1.81562000e-03
-2.29820000e-04 1.29370000e-04 -6.32000000e-04 9.75900000e-05 7.76400000e-05 1.93973000e-03 -6.26150000e-04 -1.74920000e-04 -4.32570000e-04 -2.16120000e-04 -3.05130000e-04 3.62320000e-04 -1.54980000e-04 6.38650000e-04 6.02960000e-04 7.00080000e-04 -4.18450000e-04 -1.71540000e-04 2.54270000e-04 -8.41230000e-04 1.02251000e-03 2.16200000e-04 1.10030000e-04 -2.99000000e-06 -4.35840000e-04 -3.86890000e-04 6.00390000e-04 -1.54920000e-04 1.65140000e-04 3.66160000e-04 2.83660000e-04 -9.72140000e-04 -1.84260000e-04 6.09890000e-04 1.27291000e-03 -4.95170000e-04 -2.27580000e-04 4.90390000e-04 3.30000000e-06 6.94740000e-04 -3.23490000e-04 5.85560000e-04 -2.56080000e-04 3.56510000e-04 3.65650000e-04 2.54320000e-04 -2.55470000e-04 2.13670000e-04 7.70600000e-05 5.13170000e-04 6.40900000e-04 2.64750000e-04 -5.10050000e-04 1.59720000e-04 -2.94700000e-05 -1.14101000e-03 -1.86310000e-04 2.39026000e-03 3.38850000e-04 8.40510000e-04 -8.00410000e-04 1.33496000e-03 7.53800000e-04 -7.02250000e-04 -3.01340000e-04 3.73440000e-04 -1.64400000e-04 7.90160000e-04 3.48030000e-04 1.61490000e-04 5.25860000e-04 -1.28474000e-03 -2.92230000e-04 -1.63910000e-04 7.90520000e-04 -3.14480000e-04 -7.63960000e-04 3.66950000e-04 6.43920000e-04 -8.67230000e-04 -2.04520000e-04 -2.29440000e-04 8.27960000e-04 -4.69350000e-04 -3.15790000e-04 6.95280000e-04 -7.34210000e-04 1.73613000e-03 -5.40380000e-04 -8.93620000e-04 -3.56200000e-05 2.91290000e-04 -3.48000000e-04 -3.97000000e-05 -2.78510000e-04 -3.60540000e-04 9.57240000e-04 -8.65660000e-04 -1.81500000e-05 2.52820000e-04 -4.09000000e-06 -3.33200000e-05 1.15433000e-03 1.14829000e-03
2.38700000e-05 -2.52660000e-04 1.13827000e-03 -7.11500000e-05 -2.40300000e-04 -2.31845000e-03 8.37460000e-04 3.30890000e-04 4.05340000e-04 -1.35890000e-04 3.94730000e-04 2.60800000e-05 2.03830000e-04 -1.06938000e-03 -5.63440000e-04 -5.55280000e-04 4.69000000e-04 -5.95600000e-05 -4.71400000e-05 1.33939000e-03 -1.62231000e-03 -3.95950000e-04 -1.15670000e-04 4.02300000e-05 6.89740000e-04 1.91400000e-04 -4.39860000e-04 1.97140000e-04 -1.54510000e-04 -6.73450000e-04 7.81000000e-06 1.25534000e-03 4.13870000e-04 -5.58460000e-04 -8.98290000e-04 4.36650000e-04 2.82370000e-04 -1.69040000e-04 -7.48700000e-05 2.26000000e-06 8.41900000e-04 -5.04280000e-04 3.08700000e-04 6.57600000e-05 -4.38440000e-04 -4.03050000e-04 2.37100000e-04 -1.87000000e-06 1.80800000e-04 -3.05730000e-04 -4.28720000e-04 3.78330000e-04 3.42600000e-05 1.24700000e-05 2.16500000e-05 1.82758000e-03 -2.33670000e-04 -2.42621000e-03 -6.55700000e-04 -1.36818000e-03 8.60090000e-04 -1.62560000e-03 -4.99920000e-04 4.09500000e-04 1.16620000e-04 -3.53890000e-04 -2.38970000e-04 -4.24240000e-04 -6.49130000e-04 1.26790000e-04 -2.64130000e-04 1.90111000e-03 -1.89150000e-04 -9.51600000e-05 -5.47330000e-04 4.35840000e-04 1.14769000e-03 2.16710000e-04 -4.76850000e-04 1.29964000e-03 3.28730000e-04 -1.62020000e-04 -5.73670000e-04 4.99480000e-04 1.21320000e-04 -1.12632000e-03 -1.64230000e-04 -2.22497000e-03 7.81100000e-05 2.98750000e-04 -5.61410000e-04 -9.72060000e-04 -3.02670000e-04 6.34400000e-05 -2.45640000e-04 -3.00080000e-04 -1.40186000e-03 1.36080000e-04 -5.11580000e-04 -8.38300000e-04 -6.70800000e-04 -1.82140000e-04 -1.41376000e-03 -1.25202000e-03
1.67510000e-04 3.41470000e-04 -1.71249000e-03 1.16809000e-03 8.13380000e-04 2.26849000e-03 -9.19340000e-04 -5.07330000e-04 3.63900000e-05 -6.02810000e-04 -2.32300000e-05 -2.07110000e-04 2.10500000e-04 1.01339000e-03 1.70050000e-03 9.72010000e-04 -2.30830000e-04 1.03095000e-03 -1.87010000e-04 -1.24230000e-03 1.29541000e-03 2.31870000e-04 5.92440000e-04 4.72110000e-04 -1.31093000e-03 2.08470000e-04 8.88220000e-04 -2.28230000e-04 1.00591000e-03 1.48738000e-03 -2.04920000e-04 -1.08711000e-03 1.17360000e-04 1.71902000e-03 6.85850000e-04 -4.55890000e-04 1.95880000e-04 4.86840000e-04 7.15390000e-04 -2.92480000e-04 -8.27720000e-04 2.60880000e-04 -2.57220000e-04 2.20680000e-04 1.63975000e-03 7.02010000e-04 -2.10420000e-04 1.85660000e-04 -6.60790000e-04 6.50550000e-04 1.42925000e-03 -9.28180000e-04 -1.18536000e-03 7.41970000e-04 -1.29610000e-04 -2.08534000e-03 3.56980000e-04 2.43712000e-03 9.67730000e-04 1.31587000e-03 3.98440000e-04 1.02569000e-03 5.50730000e-04 -1.55818000e-03 2.53390000e-04 7.91780000e-04 3.71720000e-04 1.78360000e-04 4.43230000e-04 -1.88450000e-04 7.63430000e-04 -1.91719000e-03 -2.71360000e-04 -5.08700000e-05 3.97560000e-04 -7.01600000e-05 -1.34938000e-03 -5.50790000e-04 9.56430000e-04 -1.44777000e-03 -6.94590000e-04 -2.06527000e-03 7.08570000e-04 -6.61280000e-04 1.41000000e-06 1.24019000e-03 -4.78160000e-04 1.54196000e-03 -1.32246000e-03 -3.26196000e-03 2.93140000e-04 5.46660000e-04 -4.66460000e-04 -6.44000000e-06 -1.02930000e-04 5.83300000e-05 4.53100000e-04 -8.18810000e-04 -5.61900000e-05 2.99040000e-04 -4.73810000e-04 3.86100000e-04 9.45130000e-04 1.97666000e-03
1.20980000e-04 -1.51005000e-03 3.17842000e-03 -2.64170000e-04 -1.74818000e-03 -5.94994000e-03 1.12178000e-03 2.00780000e-04 -3.31770000e-04 1.68640000e-04 -4.09620000e-04 7.54660000e-04 -7.64540000e-04 -3.45164000e-03 -1.25922000e-03 -7.37060000e-04 -1.11660000e-04 -1.25750000e-04 5.20580000e-04 2.77796000e-03 -3.97709000e-03 -7.32080000e-04 -1.79660000e-04 -1.03842000e-03 1.16027000e-03 -7.37900000e-04 -7.51510000e-04 -4.08870000e-04 -5.63420000e-04 -1.33320000e-03 9.70870000e-04 1.94100000e-03 -1.06680000e-04 -1.20835000e-03 -2.82116000e-03 -6.09900000e-05 -6.24070000e-04 -1.41844000e-03 -1.61773000e-03 1.04825000e-03 1.50548000e-03 -2.14644000e-03 7.45900000e-04 -5.13070000e-04 -5.58300000e-04 -8.08240000e-04 -4.96860000e-04 -1.10246000e-03 1.14566000e-03 -2.55120000e-04 -1.02807000e-03 2.30879000e-03 6.76200000e-04 -1.33156000e-03 -1.03535000e-03 4.24249000e-03 -8.26840000e-04 -3.95585000e-03 -2.43679000e-03 -3.76296000e-03 1.67096000e-03 -3.84821000e-03 -6.39730000e-04 1.28596000e-03 -1.07425000e-03 -5.85550000e-04 -8.20880000e-04 -7.24500000e-05 -2.79512000e-03 1.14502000e-03 -3.12390000e-04 4.04352000e-03 -4.56340000e-04 -1.39583000e-03 -5.38540000e-04 -1.69430000e-04 2.02924000e-03 1.75807000e-03 -8.65540000e-04 2.38331000e-03 7.53700000e-04 5.98000000e-04 -7.02970000e-04 2.63210000e-04 -1.05289000e-03 -1.94145000e-03 -8.50730000e-04 -2.94094000e-03 1.03053000e-03 2.12708000e-03 -8.24290000e-04 -1.65112000e-03 -4.49220000e-04 1.02175000e-03 -2.75510000e-04 -6.78030000e-04 -2.69029000e-03 3.02230000e-04 -8.30330000e-04 -1.42944000e-03 -7.69270000e-04 -7.00060000e-04 -1.74498000e-03 -1.72860000e-03
4.76870000e-04 -5.61710000e-04 -5.00880000e-04 1.08576000e-03 -3.89200000e-05 -2.17130000e-04 -5.76110000e-04 -8.65830000e-04 -1.26860000e-04 -6.54520000e-04 9.81600000e-05 -2.38160000e-04 -1.43360000e-04 -3.41600000e-04 1.35786000e-03 4.79100000e-04 -4.43000000e-04 1.01151000e-03 -2.28910000e-04 -3.01250000e-04 -8.55550000e-04 7.00700000e-05 5.11640000e-04 -5.61000000e-05 -1.12742000e-03 -2.50260000e-04 4.86120000e-04 -6.63490000e-04 9.35960000e-04 7.83020000e-04 -2.94570000e-04 -3.82080000e-04 7.23000000e-06 1.37905000e-03 -3.09390000e-04 -6.36080000e-04 -1.44470000e-04 1.30810000e-04 1.75230000e-04 -1.69660000e-04 -3.22020000e-04 -6.02930000e-04 -3.12600000e-05 -2.03540000e-04 1.42005000e-03 2.00760000e-04 -4.49450000e-04 -1.62750000e-04 -5.13960000e-04 3.75790000e-04 1.06638000e-03 -5.76660000e-04 -1.06876000e-03 3.43000000e-04 -5.52310000e-04 -6.15140000e-04 3.17840000e-04 9.66640000e-04 -2.78700000e-04 -5.48150000e-04 1.08379000e-03 -7.66380000e-04 1.92690000e-04 -1.51118000e-03 -2.09720000e-04 4.67030000e-04 3.61550000e-04 -1.10600000e-04 -6.46170000e-04 -2.89370000e-04 4.86720000e-04 -4.66680000e-04 -7.07980000e-04 -5.00930000e-04 -5.03300000e-05 -5.21700000e-05 -6.36210000e-04 -1.84820000e-04 5.37540000e-04 -5.34960000e-04 -5.41800000e-04 -2.65856000e-03 2.22800000e-04 -7.24430000e-04 -3.53760000e-04 6.81270000e-04 -1.11078000e-03 3.04680000e-04 -1.14340000e-03 -3.07807000e-03 9.33600000e-05 -9.20200000e-05 -6.56290000e-04 6.05670000e-04 -9.77100000e-05 -2.91300000e-05 -7.16510000e-04 -6.17250000e-04 -3.94900000e-04 -2.80840000e-04 -9.49210000e-04 4.06210000e-04 1.87910000e-04 1.59076000e-03
-2.18680000e-04 -2.41533000e-03 7.90158000e-03 -2.28806000e-03 -3.28269000e-03 -1.50306100e-02 4.69027000e-03 2.47006000e-03 7.96200000e-04 1.43231000e-03 1.68100000e-04 1.55117000e-03 -5.55250000e-04 -7.77392000e-03 -5.60283000e-03 -3.25247000e-03 1.42465000e-03 -2.15947000e-03 1.08983000e-03 7.65859000e-03 -9.56217000e-03 -1.91161000e-03 -1.25927000e-03 -1.47905000e-03 5.18357000e-03 -2.92520000e-04 -3.10792000e-03 9.17510000e-04 -2.87359000e-03 -5.18513000e-03 1.96118000e-03 6.80215000e-03 6.52720000e-04 -5.63701000e-03 -6.18710000e-03 2.05474000e-03 -2.16240000e-04 -2.73218000e-03 -3.01560000e-03 1.79970000e-03 4.55185000e-03 -3.54276000e-03 2.11150000e-03 -5.78450000e-04 -4.77455000e-03 -2.53540000e-03 5.78940000e-04 -1.55571000e-03 3.02357000e-03 -1.68290000e-03 -4.27839000e-03 5.05928000e-03 3.40037000e-03 -2.71134000e-03 -5.98550000e-04 1.14370500e-02 -1.85155000e-03 -1.36197200e-02 -5.14404000e-03 -8.80675000e-03 2.61936000e-03 -9.41936000e-03 -2.63636000e-03 5.60230000e-03 -1.14776000e-03 -2.43263000e-03 -1.98112000e-03 -1.17421000e-03 -4.72467000e-03 2.52470000e-03 -2.00278000e-03 1.13980600e-02 1.06140000e-04 -1.74337000e-03 -2.23256000e-03 8.42870000e-04 6.93829000e-03 3.27823000e-03 -3.48679000e-03 7.63489000e-03 2.87308000e-03 4.98921000e-03 -2.97129000e-03 2.84062000e-03 -6.43770000e-04 -6.54343000e-03 4.88630000e-04 -1.06300100e-02 4.13583000e-03 9.68789000e-03 -2.41900000e-03 -4.13617000e-03 2.16570000e-04 7.85430000e-04 -3.12530000e-04 -1.23258000e-03 -5.66885000e-03 2.47914000e-03 -1.41278000e-03 -3.27814000e-03 -7.59060000e-04 -1.82808000e-03 -6.61740000e-03 -8.01441000e-03
-5.51080000e-04 -7.99390000e-04 3.59532000e-03 -1.16075000e-03 -1.23888000e-03 -6.79747000e-03 2.54287000e-03 1.61406000e-03 5.84390000e-04 4.37220000e-04 2.17710000e-04 8.21140000e-04 6.45000000e-06 -3.42950000e-03 -2.78120000e-03 -1.50569000e-03 9.45870000e-04 -1.17667000e-03 5.72160000e-04 3.81515000e-03 -4.14645000e-03 -1.21178000e-03 -6.33110000e-04 -3.98080000e-04 2.82028000e-03 1.39640000e-04 -1.49343000e-03 8.22950000e-04 -1.44905000e-03 -2.47882000e-03 1.09080000e-03 3.49939000e-03 5.64030000e-04 -2.77438000e-03 -2.62815000e-03 1.29655000e-03 1.64200000e-04 -1.07425000e-03 -1.20357000e-03 9.74610000e-04 2.40966000e-03 -1.29712000e-03 9.77910000e-04 1.01090000e-04 -2.42881000e-03 -1.09348000e-03 5.74760000e-04 -4.52850000e-04 1.46308000e-03 -7.46750000e-04 -2.03829000e-03 2.50237000e-03 1.34791000e-03 -1.06325000e-03 5.13500000e-05 5.61078000e-03 -1.21024000e-03 -6.84290000e-03 -2.12285000e-03 -3.82695000e-03 1.02821000e-03 -4.15711000e-03 -1.22646000e-03 2.87026000e-03 -2.67330000e-04 -1.13651000e-03 -1.28003000e-03 -5.13150000e-04 -1.89048000e-03 1.28897000e-03 -9.55610000e-04 5.62548000e-03 1.45050000e-04 -6.43990000e-04 -9.88850000e-04 6.22670000e-04 3.56589000e-03 1.60079000e-03 -1.66288000e-03 3.86797000e-03 1.51470000e-03 2.69203000e-03 -1.34987000e-03 1.65443000e-03 -4.53500000e-05 -3.53482000e-03 4.08660000e-04 -5.56933000e-03 1.69795000e-03 4.52143000e-03 -1.57025000e-03 -2.31249000e-03 -2.01040000e-04 -1.86340000e-04 -5.16410000e-04 -9.76370000e-04 -2.85367000e-03 8.43770000e-04 -9.97100000e-04 -1.86009000e-03 -6.48470000e-04 -1.22055000e-03 -3.54615000e-03 -4.39478000e-03
-1.47680000e-04 6.06000000e-06 3.16050000e-04 -1.34900000e-04 -1.15250000e-04 -6.43550000e-04 3.31340000e-04 3.81550000e-04 1.94200000e-05 1.92540000e-04 -1.38180000e-04 3.36790000e-04 -1.13600000e-05 -4.14870000e-04 -3.89530000e-04 -4.15000000e-06 1.07970000e-04 -2.39350000e-04 2.92020000e-04 3.49210000e-04 -3.06770000e-04 -1.18560000e-04 -1.93600000e-05 -1.49600000e-05 4.68240000e-04 5.32000000e-06 -7.47000000e-05 2.29760000e-04 -2.23230000e-04 -2.12510000e-04 4.47950000e-04 3.91170000e-04 3.38100000e-05 -4.15390000e-04 -1.99940000e-04 2.09620000e-04 -8.00000000e-07 -1.32630000e-04 -2.27830000e-04 4.19270000e-04 2.60860000e-04 1.64600000e-05 1.95460000e-04 1.05980000e-04 -4.06740000e-04 5.97600000e-05 9.01900000e-05 -4.20000000e-05 3.72130000e-04 7.87600000e-05 -1.96420000e-04 6.48520000e-04 3.36510000e-04 -1.90990000e-04 5.80800000e-05 5.43620000e-04 -2.03660000e-04 -6.15020000e-04 -1.99830000e-04 -3.26850000e-04 -6.18400000e-05 -3.93170000e-04 -2.34000000e-05 6.24530000e-04 -2.44400000e-05 -9.14000000e-06 -2.40770000e-04 1.63230000e-04 -1.37350000e-04 4.15490000e-04 -2.26000000e-06 5.86450000e-04 2.06380000e-04 -1.64830000e-04 1.09920000e-04 -1.84500000e-05 4.27860000e-04 4.07770000e-04 -1.07770000e-04 4.24070000e-04 2.90880000e-04 8.78210000e-04 3.07000000e-05 2.45530000e-04 -4.16900000e-05 -3.98510000e-04 2.75690000e-04 -4.54860000e-04 4.00810000e-04 1.00250000e-03 -1.63990000e-04 -1.10360000e-04 9.93900000e-05 -9.71900000e-05 -1.55000000e-05 -1.29430000e-04 1.88600000e-05 1.29100000e-04 2.64000000e-06 -6.84700000e-05 1.54440000e-04 -2.31290000e-04 -2.93470000e-04 -4.96440000e-04
-3.46800000e-05 -6.74420000e-04 2.26216000e-03 -5.05600000e-04 -9.35080000e-04 -4.28751000e-03 1.28109000e-03 7.78950000e-04 2.00930000e-04 4.60240000e-04 -1.32320000e-04 6.34910000e-04 -1.96280000e-04 -2.33044000e-03 -1.49645000e-03 -7.29830000e-04 3.63940000e-04 -5.74390000e-04 4.81890000e-04 2.11567000e-03 -2.69460000e-03 -5.31190000e-04 -2.36700000e-04 -4.46320000e-04 1.42429000e-03 -1.31860000e-04 -7.63990000e-04 2.71220000e-04 -7.72490000e-04 -1.33703000e-03 8.03830000e-04 1.89286000e-03 1.40440000e-04 -1.52202000e-03 -1.80413000e-03 5.20370000e-04 -9.50000000e-05 -8.39520000e-04 -9.69540000e-04 7.04060000e-04 1.24011000e-03 -1.04701000e-03 6.91270000e-04 -1.06100000e-04 -1.27381000e-03 -5.70670000e-04 8.54600000e-05 -5.22320000e-04 9.95240000e-04 -3.09640000e-04 -1.09626000e-03 1.70991000e-03 1.02794000e-03 -8.46400000e-04 -2.21000000e-04 3.20479000e-03 -5.38250000e-04 -3.68803000e-03 -1.48130000e-03 -2.51924000e-03 8.08210000e-04 -2.78006000e-03 -6.18710000e-04 1.67391000e-03 -4.10660000e-04 -5.41280000e-04 -6.07820000e-04 -1.68250000e-04 -1.43181000e-03 9.31360000e-04 -4.08010000e-04 3.19445000e-03 5.90100000e-05 -6.81650000e-04 -4.72000000e-04 1.20520000e-04 1.93014000e-03 1.10471000e-03 -8.70380000e-04 2.09038000e-03 8.64610000e-04 1.57014000e-03 -6.60660000e-04 7.43460000e-04 -2.88800000e-04 -1.80187000e-03 1.87590000e-04 -2.87321000e-03 1.24703000e-03 2.84185000e-03 -6.39500000e-04 -1.06658000e-03 1.12720000e-04 3.00050000e-04 -5.18800000e-05 -3.35670000e-04 -1.46484000e-03 6.82000000e-04 -3.44420000e-04 -8.49250000e-04 -1.23840000e-04 -5.42320000e-04 -1.79803000e-03 -2.19421000e-03
-2.63170000e-04 -6.82020000e-04 3.40444000e-03 -1.10245000e-03 -1.09995000e-03 -6.13968000e-03 2.36470000e-03 1.42232000e-03 6.54940000e-04 6.28250000e-04 2.86540000e-04 6.22690000e-04 5.33900000e-05 -2.96627000e-03 -2.59267000e-03 -1.51290000e-03 9.39940000e-04 -9.39660000e-04 4.57140000e-04 3.50565000e-03 -3.67736000e-03 -9.85820000e-04 -5.92160000e-04 -3.79510000e-04 2.57071000e-03 2.02550000e-04 -1.45706000e-03 7.47770000e-04 -1.32557000e-03 -2.23304000e-03 8.35410000e-04 3.25936000e-03 4.94750000e-04 -2.61148000e-03 -2.44015000e-03 1.24297000e-03 1.96200000e-04 -9.81810000e-04 -1.05165000e-03 6.75080000e-04 2.17656000e-03 -1.15256000e-03 9.60270000e-04 -5.09300000e-05 -2.22098000e-03 -9.96770000e-04 6.01370000e-04 -3.99990000e-04 1.29989000e-03 -7.64310000e-04 -1.93512000e-03 2.17257000e-03 1.49612000e-03 -9.30840000e-04 1.17020000e-04 5.17352000e-03 -8.63030000e-04 -6.31143000e-03 -1.89987000e-03 -3.40539000e-03 1.07971000e-03 -3.75128000e-03 -1.23941000e-03 2.68973000e-03 -1.40440000e-04 -1.10010000e-03 -9.47110000e-04 -6.13110000e-04 -1.61476000e-03 1.05199000e-03 -9.86500000e-04 5.17358000e-03 2.58970000e-04 -4.00710000e-04 -1.01877000e-03 6.01200000e-04 3.32206000e-03 1.32447000e-03 -1.61564000e-03 3.58381000e-03 1.39588000e-03 2.56550000e-03 -1.37919000e-03 1.56298000e-03 8.79000000e-05 -3.12007000e-03 6.03830000e-04 -5.04621000e-03 1.78650000e-03 4.39595000e-03 -1.15900000e-03 -1.90717000e-03 1.27060000e-04 -1.52000000e-06 -2.33400000e-04 -5.59360000e-04 -2.45542000e-03 1.11552000e-03 -7.01120000e-04 -1.48258000e-03 -3.42700000e-04 -8.86290000e-04 -3.11415000e-03 -3.84917000e-03
1.80030000e-04 4.97970000e-04 -1.61059000e-03 7.49080000e-04 7.50330000e-04 2.51030000e-03 -7.17720000e-04 -3.82480000e-04 6.58100000e-05 -2.72320000e-04 4.40300000e-05 -2.16580000e-04 2.52600000e-04 1.24918000e-03 1.24428000e-03 7.55530000e-04 -1.45920000e-04 8.36520000e-04 -1.29280000e-04 -1.28722000e-03 1.50400000e-03 2.93220000e-04 4.25030000e-04 4.39400000e-04 -9.62110000e-04 1.92490000e-04 7.06720000e-04 -6.03800000e-05 7.93320000e-04 1.29124000e-03 -2.18840000e-04 -9.78760000e-04 3.97800000e-05 1.21588000e-03 1.00904000e-03 -2.63910000e-04 2.08690000e-04 6.12970000e-04 6.56100000e-04 -1.73090000e-04 -7.73090000e-04 6.82830000e-04 -2.21890000e-04 1.58310000e-04 1.11144000e-03 6.64210000e-04 4.47000000e-06 3.57290000e-04 -5.66340000e-04 6.16470000e-04 1.19910000e-03 -7.26710000e-04 -7.58310000e-04 7.21100000e-04 1.46520000e-04 -2.07620000e-03 4.02300000e-04 2.33538000e-03 8.96630000e-04 1.45650000e-03 6.13400000e-05 1.23630000e-03 4.41970000e-04 -1.10022000e-03 4.18460000e-04 6.17000000e-04 3.91360000e-04 1.69580000e-04 8.24170000e-04 -2.78000000e-04 4.97220000e-04 -1.89277000e-03 1.44250000e-04 1.81380000e-04 4.20840000e-04 -5.84900000e-05 -1.13189000e-03 -6.22870000e-04 7.78310000e-04 -1.26783000e-03 -4.83560000e-04 -1.10269000e-03 5.85270000e-04 -4.57300000e-04 1.90170000e-04 1.14868000e-03 1.28800000e-05 1.54371000e-03 -8.99110000e-04 -2.34154000e-03 4.19820000e-04 7.40700000e-04 -1.06050000e-04 -1.06730000e-04 6.62900000e-05 2.25730000e-04 9.75430000e-04 -4.99760000e-04 1.81160000e-04 5.42200000e-04 -7.89700000e-05 4.18010000e-04 1.09973000e-03 2.11303000e-03
