3.81016600e-02 -5.81470000e-04 6.15250000e-04 1.50600000e-04 -5.00530000e-04 -9.12850000e-04 -3.99320000e-04 -6.57880000e-04 -1.05440000e-04 1.46236000e-03 -8.38600000e-05 -4.40700000e-05 -3.64720000e-04 -6.08730000e-04 1.28570000e-04 -1.58700000e-04 -2.78960000e-04 3.01570000e-04 -5.90300000e-05 -1.06750000e-04 -1.03201000e-03 1.54192000e-03 1.32500000e-04 -4.51840000e-04 -4.71180000e-04 -3.37370000e-04 8.77000000e-06 -6.06700000e-04 7.61900000e-05 -5.60800000e-05 -3.35050000e-04 -1.92760000e-04 -3.45030000e-04 -6.92200000e-05 -5.81060000e-04 -3.97300000e-04 -3.54870000e-04 -2.48850000e-04 -2.87900000e-04 -1.94850000e-04 -3.49670000e-04 -6.70640000e-04 2.84960000e-04 -6.82920000e-04 1.21430000e-04 -2.02090000e-04 -4.21750000e-04 -4.68080000e-04 1.27390000e-04 -6.85200000e-05 1.81600000e-05 -1.68310000e-04 1.62133000e-03 -3.27960000e-04 -4.95760000e-04 2.15600000e-05 1.70327000e-03 1.35017000e-03 -6.00100000e-04 -7.85240000e-04 6.42990000e-04 -7.86330000e-04 -1.16710000e-04 -2.98970000e-04 -3.95900000e-04 -5.34500000e-05 1.69191000e-03 -1.08850000e-04 -6.35190000e-04 -5.80100000e-05 8.94600000e-05 -4.08600000e-05 -2.82640000e-04 -1.99610000e-04 -1.91890000e-04 -2.79020000e-04 -1.83860000e-04 2.51800000e-05 -7.11200000e-05 -1.71830000e-04 -1.78620000e-04 -5.37380000e-04 -2.42500000e-04 -3.74910000e-04 -3.44070000e-04 1.65099000e-03 -2.79040000e-04 1.63017000e-03 1.57221000e-03 1.36738000e-03 1.83996000e-03 1.57929000e-03 1.68094000e-03 2.21612000e-03 1.75590000e-03 1.85440000e-03 1.24714000e-03 1.81008000e-03 1.60353000e-03 1.52145000e-03 1.54488000e-03 1.75141000e-03 1.57397000e-03 1.95344000e-03
-5.81470000e-04 5.43199600e-02 -3.09890000e-03 2.65890000e-04 2.35608000e-03 7.43018000e-03 -8.86740000e-04 5.24090000e-04 4.92210000e-04 -2.55620000e-04 2.37030000e-04 -3.64020000e-04 1.10927000e-03 4.33450000e-03 1.33618000e-03 1.15423000e-03 5.62760000e-04 4.86290000e-04 -2.27410000e-04 -2.45240000e-03 5.91699000e-03 5.00570000e-04 2.15190000e-04 1.47499000e-03 -7.00530000e-04 1.18243000e-03 1.04857000e-03 9.39340000e-04 5.82110000e-04 2.04807000e-03 -3.67450000e-04 -1.96540000e-03 4.19310000e-04 1.33333000e-03 3.26792000e-03 3.56380000e-04 1.00109000e-03 1.48392000e-03 1.82688000e-03 -5.78200000e-04 -1.14538000e-03 2.61298000e-03 -7.97940000e-04 1.15886000e-03 1.15009000e-03 1.26108000e-03 7.68020000e-04 1.36620000e-03 -8.62700000e-04 6.69480000e-04 1.22146000e-03 -1.52151000e-03 -9.25710000e-04 1.54899000e-03 1.34367000e-03 -3.87991000e-03 3.34670000e-04 4.55431000e-03 3.32873000e-03 5.24716000e-03 -1.60113000e-03 5.37344000e-03 9.60750000e-04 -9.96370000e-04 1.48851000e-03 7.95730000e-04 3.40310000e-04 5.98290000e-04 3.17795000e-03 -5.75730000e-04 6.12850000e-04 -3.92307000e-03 7.92140000e-04 1.67099000e-03 1.11067000e-03 2.19100000e-04 -1.90347000e-03 -1.28184000e-03 1.16743000e-03 -2.33024000e-03 -5.28520000e-04 2.71070000e-04 1.18816000e-03 1.50200000e-05 1.19498000e-03 1.81797000e-03 1.08855000e-03 3.55051000e-03 -1.18125000e-03 -2.11682000e-03 6.09150000e-04 1.45997000e-03 1.47260000e-04 -1.35166000e-03 -1.37530000e-04 2.57840000e-04 2.70901000e-03 -8.55320000e-04 5.93080000e-04 1.33187000e-03 6.91090000e-04 2.65800000e-04 2.38234000e-03 1.86584000e-03
6.15250000e-04 -3.09890000e-03 4.68716900e-02 -1.76423000e-03 -3.91146000e-03 -1.49867400e-02 3.60188000e-03 1.14340000e-03 1.72270000e-04 1.25660000e-03 -1.12330000e-04 1.28540000e-03 -1.16649000e-03 -7.90374000e-03 -4.69546000e-03 -3.15775000e-03 7.54680000e-04 -1.67884000e-03 8.54650000e-04 6.82032000e-03 -9.99439000e-03 -1.48102000e-03 -1.05159000e-03 -2.12870000e-03 3.85706000e-03 -1.08824000e-03 -2.90825000e-03 -1.99550000e-04 -2.40158000e-03 -4.84968000e-03 1.37603000e-03 5.67442000e-03 4.61700000e-05 -4.71315000e-03 -6.56348000e-03 9.73690000e-04 -7.90710000e-04 -3.09966000e-03 -3.33136000e-03 1.39012000e-03 3.78313000e-03 -4.40074000e-03 1.99207000e-03 -1.23329000e-03 -3.70995000e-03 -2.67772000e-03 -2.88800000e-04 -2.13343000e-03 2.68340000e-03 -1.82043000e-03 -3.94882000e-03 4.55168000e-03 3.15182000e-03 -3.01423000e-03 -1.41053000e-03 1.05136000e-02 -1.26715000e-03 -1.21278600e-02 -5.74011000e-03 -9.23683000e-03 3.24402000e-03 -9.63581000e-03 -2.43068000e-03 4.34986000e-03 -1.80486000e-03 -2.31146000e-03 -1.37542000e-03 -1.22758000e-03 -5.47272000e-03 1.96466000e-03 -1.85873000e-03 1.03664300e-02 -6.71890000e-04 -2.10940000e-03 -2.34688000e-03 3.40260000e-04 5.84040000e-03 3.09605000e-03 -3.25750000e-03 6.62611000e-03 2.35112000e-03 3.07316000e-03 -2.92348000e-03 1.76097000e-03 -1.34210000e-03 -5.48568000e-03 -5.16070000e-04 -9.17696000e-03 3.77654000e-03 8.07485000e-03 -1.69301000e-03 -3.73699000e-03 3.07820000e-04 2.00739000e-03 6.65000000e-05 -6.54250000e-04 -5.76478000e-03 2.42499000e-03 -1.19182000e-03 -2.98730000e-03 -7.88190000e-04 -1.20036000e-03 -5.71456000e-03 -6.88687000e-03
1.50600000e-04 2.65890000e-04 -1.76423000e-03 2.51578100e-02 7.44840000e-04 2.36087000e-03 -9.86390000e-04 -6.80730000e-04 -6.54400000e-05 -7.42200000e-04 2.26800000e-05 -3.03550000e-04 1.63480000e-04 1.08965000e-03 1.79133000e-03 9.33710000e-04 -3.11950000e-04 1.04898000e-03 -2.46840000e-04 -1.37741000e-03 1.23839000e-03 1.85660000e-04 5.90570000e-04 4.19340000e-04 -1.42252000e-03 1.07740000e-04 8.68920000e-04 -3.34540000e-04 1.08919000e-03 1.50953000e-03 -3.18500000e-04 -1.19152000e-03 5.64300000e-05 1.81761000e-03 7.54380000e-04 -5.39640000e-04 1.34820000e-04 5.24280000e-04 7.27010000e-04 -3.53810000e-04 -8.90510000e-04 2.97500000e-04 -3.04490000e-04 1.47280000e-04 1.72223000e-03 7.26620000e-04 -2.44530000e-04 2.17460000e-04 -7.75710000e-04 5.98260000e-04 1.45013000e-03 -1.06198000e-03 -1.33123000e-03 7.73130000e-04 -1.47890000e-04 -2.24233000e-03 3.59270000e-04 2.52575000e-03 8.78510000e-04 1.28119000e-03 3.65030000e-04 1.04369000e-03 5.44050000e-04 -1.68837000e-03 2.58360000e-04 7.91720000e-04 3.82440000e-04 1.32090000e-04 4.65950000e-04 -3.95060000e-04 7.09230000e-04 -2.05431000e-03 -3.19100000e-04 -2.17700000e-05 3.64000000e-04 -8.09100000e-05 -1.44399000e-03 -6.17130000e-04 9.49020000e-04 -1.51769000e-03 -7.48770000e-04 -2.29476000e-03 6.78490000e-04 -7.63900000e-04 -1.35300000e-05 1.27951000e-03 -5.35530000e-04 1.59542000e-03 -1.49494000e-03 -3.59253000e-03 2.81760000e-04 4.98870000e-04 -5.50100000e-04 -1.40100000e-05 -1.49990000e-04 4.18100000e-05 3.74580000e-04 -9.07640000e-04 -1.39530000e-04 2.37270000e-04 -5.86960000e-04 3.75620000e-04 9.31260000e-04 2.01930000e-03
-5.00530000e-04 2.35608000e-03 -3.91146000e-03 7.44840000e-04 3.84724300e-02 8.17169000e-03 -1.24925000e-03 2.14690000e-04 5.19850000e-04 -4.90940000e-04 3.45130000e-04 -5.46650000e-04 1.13216000e-03 4.65820000e-03 2.09298000e-03 1.49446000e-03 3.30180000e-04 8.58040000e-04 -3.79840000e-04 -2.91464000e-03 6.11452000e-03 6.25960000e-04 4.65970000e-04 1.61306000e-03 -1.29563000e-03 1.24863000e-03 1.35258000e-03 7.72060000e-04 9.66660000e-04 2.49415000e-03 -5.88310000e-04 -2.34392000e-03 4.42730000e-04 2.09829000e-03 3.53652000e-03 1.44320000e-04 9.88200000e-04 1.75645000e-03 2.16242000e-03 -7.95120000e-04 -1.46233000e-03 2.67261000e-03 -9.07800000e-04 1.12932000e-03 1.76294000e-03 1.46071000e-03 6.78190000e-04 1.43191000e-03 -1.18710000e-03 8.64590000e-04 1.79979000e-03 -2.13709000e-03 -1.41753000e-03 1.84964000e-03 1.27565000e-03 -4.66951000e-03 5.72620000e-04 5.50834000e-03 3.65998000e-03 5.54793000e-03 -1.54745000e-03 5.64994000e-03 1.13236000e-03 -1.77217000e-03 1.48820000e-03 1.09679000e-03 5.97760000e-04 5.61050000e-04 3.32029000e-03 -7.57820000e-04 8.77560000e-04 -4.62836000e-03 4.99190000e-04 1.67347000e-03 1.16170000e-03 2.56780000e-04 -2.39855000e-03 -1.54210000e-03 1.50875000e-03 -2.84415000e-03 -8.86360000e-04 -8.84150000e-04 1.38651000e-03 -2.62290000e-04 1.22564000e-03 2.36714000e-03 7.14000000e-04 4.08032000e-03 -1.73665000e-03 -3.49968000e-03 7.33550000e-04 1.69026000e-03 -5.13700000e-05 -1.37112000e-03 -1.39790000e-04 3.16370000e-04 2.82981000e-03 -1.12072000e-03 5.41180000e-04 1.44836000e-03 4.68970000e-04 4.95100000e-04 2.65644000e-03 2.64342000e-03
-9.12850000e-04 7.43018000e-03 -1.49867400e-02 2.36087000e-03 8.17169000e-03 8.55144200e-02 -7.00141000e-03 -1.78235000e-03 -1.96220000e-04 -1.27488000e-03 3.43330000e-04 -2.43105000e-03 2.46742000e-03 1.83682400e-02 8.70906000e-03 5.84072000e-03 -9.62960000e-04 3.03412000e-03 -1.49661000e-03 -1.36952600e-02 2.36107300e-02 3.55869000e-03 1.61353000e-03 4.22080000e-03 -6.90445000e-03 2.42311000e-03 5.35291000e-03 8.00170000e-04 3.87261000e-03 9.58411000e-03 -2.99861000e-03 -1.18627600e-02 -3.80650000e-04 8.73850000e-03 1.45556100e-02 -1.68987000e-03 1.69242000e-03 6.39524000e-03 6.91935000e-03 -2.89579000e-03 -7.34415000e-03 1.00092500e-02 -4.02387000e-03 2.60420000e-03 7.29516000e-03 5.35327000e-03 1.02083000e-03 4.63157000e-03 -4.80701000e-03 3.15802000e-03 6.87309000e-03 -8.50662000e-03 -4.77120000e-03 5.85205000e-03 3.68168000e-03 -2.05008100e-02 3.09342000e-03 2.58798500e-02 1.26431800e-02 2.11021100e-02 -7.45565000e-03 2.29741500e-02 5.04348000e-03 -7.95269000e-03 3.95659000e-03 4.19649000e-03 3.27612000e-03 2.79775000e-03 1.23173100e-02 -4.16887000e-03 3.12877000e-03 -2.08781900e-02 1.54665000e-03 5.92794000e-03 5.03003000e-03 -5.92830000e-04 -1.14046500e-02 -5.77831000e-03 6.05623000e-03 -1.31289600e-02 -4.14365000e-03 -3.82091000e-03 5.74351000e-03 -3.08846000e-03 3.24304000e-03 1.16110600e-02 1.72903000e-03 2.06809800e-02 -6.08372000e-03 -1.32555200e-02 4.59433000e-03 8.30828000e-03 8.22500000e-04 -3.47340000e-03 5.68740000e-04 2.43186000e-03 1.30376500e-02 -3.91486000e-03 3.27529000e-03 7.19920000e-03 3.35735000e-03 2.82813000e-03 1.35348500e-02 1.33655200e-02
-3.99320000e-04 -8.86740000e-04 3.60188000e-03 -9.86390000e-04 -1.24925000e-03 -7.00141000e-03 2.65828900e-02 1.48430000e-03 6.38090000e-04 3.65750000e-04 2.83590000e-04 7.37230000e-04 2.37900000e-05 -3.51525000e-03 -2.63597000e-03 -1.53901000e-03 9.52460000e-04 -9.17780000e-04 5.04690000e-04 3.88800000e-03 -4.38234000e-03 -1.25545000e-03 -5.68320000e-04 -4.07960000e-04 2.70965000e-03 1.42800000e-04 -1.49800000e-03 7.48730000e-04 -1.26024000e-03 -2.33838000e-03 1.02741000e-03 3.61509000e-03 5.83250000e-04 -2.62889000e-03 -2.77638000e-03 1.26550000e-03 1.73780000e-04 -1.07300000e-03 -1.17209000e-03 8.77340000e-04 2.42130000e-03 -1.37910000e-03 1.04509000e-03 7.70000000e-06 -2.20344000e-03 -9.95620000e-04 5.68530000e-04 -4.57120000e-04 1.36483000e-03 -7.19000000e-04 -1.91310000e-03 2.43483000e-03 1.25208000e-03 -9.75010000e-04 -1.00500000e-05 5.70233000e-03 -1.10827000e-03 -6.97534000e-03 -2.24213000e-03 -4.01296000e-03 1.37059000e-03 -4.44338000e-03 -1.31195000e-03 2.73394000e-03 -2.00520000e-04 -1.10126000e-03 -1.18604000e-03 -6.47950000e-04 -2.01489000e-03 1.18671000e-03 -9.54510000e-04 5.75659000e-03 1.17580000e-04 -6.89130000e-04 -1.10024000e-03 6.54130000e-04 3.63564000e-03 1.54385000e-03 -1.67404000e-03 3.94804000e-03 1.47125000e-03 2.33471000e-03 -1.43100000e-03 1.59526000e-03 -5.03900000e-05 -3.52475000e-03 3.90200000e-04 -5.75540000e-03 1.57584000e-03 4.11055000e-03 -1.50586000e-03 -2.35943000e-03 -2.27820000e-04 -4.28200000e-05 -4.82860000e-04 -8.81810000e-04 -3.07023000e-03 8.79810000e-04 -1.07282000e-03 -1.92719000e-03 -8.00530000e-04 -1.11684000e-03 -3.63041000e-03 -4.16616000e-03
-6.57880000e-04 5.24090000e-04 1.14340000e-03 -6.80730000e-04 2.14690000e-04 -1.78235000e-03 1.48430000e-03 3.48689800e-02 7.24860000e-04 2.93730000e-04 1.93460000e-04 5.42490000e-04 5.28700000e-04 -7.17110000e-04 -1.45908000e-03 -5.02030000e-04 9.70300000e-04 -7.34270000e-04 3.83730000e-04 1.70885000e-03 -4.67040000e-04 -6.29580000e-04 -3.24830000e-04 4.23240000e-04 1.77921000e-03 6.99140000e-04 -5.80410000e-04 1.10846000e-03 -8.59490000e-04 -9.28690000e-04 7.65380000e-04 1.75330000e-03 6.38070000e-04 -1.47408000e-03 -5.19810000e-04 1.16050000e-03 6.01880000e-04 -1.38740000e-04 -7.35600000e-05 4.98870000e-04 1.23697000e-03 1.88750000e-04 4.14310000e-04 6.63460000e-04 -1.37382000e-03 -1.95960000e-04 7.70420000e-04 2.40700000e-04 7.71690000e-04 -1.92750000e-04 -9.20710000e-04 1.20951000e-03 6.80140000e-04 -1.04740000e-04 6.40450000e-04 2.36881000e-03 -7.15240000e-04 -3.01181000e-03 -3.15000000e-06 -5.06910000e-04 -7.25000000e-06 -7.74630000e-04 -4.38520000e-04 1.74629000e-03 4.34530000e-04 -4.19420000e-04 -7.88100000e-04 -6.65000000e-05 1.53600000e-05 8.69180000e-04 -3.30780000e-04 2.39465000e-03 4.47640000e-04 1.77650000e-04 -1.96610000e-04 5.40800000e-04 1.79080000e-03 6.60440000e-04 -6.65980000e-04 1.78596000e-03 8.83370000e-04 2.20602000e-03 -3.95830000e-04 1.27270000e-03 4.95740000e-04 -1.79184000e-03 8.33450000e-04 -2.57067000e-03 8.23790000e-04 2.60460000e-03 -8.74430000e-04 -9.55540000e-04 -2.09000000e-06 -7.71200000e-04 -3.94150000e-04 -5.75530000e-04 -7.38530000e-04 3.04150000e-04 -3.88150000e-04 -6.93820000e-04 -6.07800000e-05 -7.58980000e-04 -1.61722000e-03 -2.51014000e-03
-1.05440000e-04 4.92210000e-04 1.72270000e-04 -6.54400000e-05 5.19850000e-04 -1.96220000e-04 6.38090000e-04 7.24860000e-04 3.07984900e-02 1.52200000e-04 3.32560000e-04 6.89200000e-05 5.32330000e-04 1.14290000e-04 -3.25810000e-04 -1.21700000e-04 6.32460000e-04 1.59100000e-05 3.25400000e-05 6.87190000e-04 1.91760000e-04 -1.43850000e-04 -1.75400000e-05 4.81770000e-04 6.07340000e-04 6.43740000e-04 -1.10000000e-04 6.11110000e-04 -1.66940000e-04 -1.21700000e-04 1.09700000e-04 7.90470000e-04 5.11720000e-04 -3.58960000e-04 3.52000000e-06 6.40750000e-04 5.67090000e-04 2.19820000e-04 3.71030000e-04 -8.05200000e-05 4.98340000e-04 2.65840000e-04 1.95020000e-04 4.01440000e-04 -3.39540000e-04 3.50000000e-07 5.13960000e-04 3.13710000e-04 1.49370000e-04 5.72000000e-06 -9.84700000e-05 1.26590000e-04 1.57420000e-04 3.55360000e-04 4.65530000e-04 7.59010000e-04 -6.38400000e-05 -1.08239000e-03 4.43320000e-04 2.16180000e-04 2.65190000e-04 -5.51900000e-05 -1.88070000e-04 4.07710000e-04 4.75340000e-04 -7.69300000e-05 -1.09460000e-04 -1.57410000e-04 3.35260000e-04 2.83950000e-04 -2.00700000e-05 8.29940000e-04 1.99940000e-04 3.47190000e-04 -1.26900000e-04 4.33760000e-04 6.96380000e-04 -4.29800000e-05 -1.33180000e-04 6.57260000e-04 2.68080000e-04 4.83150000e-04 -1.48630000e-04 6.41230000e-04 5.13700000e-04 -5.75850000e-04 3.97160000e-04 -1.14197000e-03 1.57030000e-04 5.05320000e-04 -2.47490000e-04 -2.58050000e-04 5.10600000e-05 -3.63920000e-04 -9.85400000e-05 -7.04900000e-05 -1.85160000e-04 1.74400000e-04 -8.20500000e-05 -1.65240000e-04 -6.92800000e-05 -4.16800000e-05 -6.22680000e-04 -6.59660000e-04
1.46236000e-03 -2.55620000e-04 1.25660000e-03 -7.42200000e-04 -4.90940000e-04 -1.27488000e-03 3.65750000e-04 2.93730000e-04 1.52200000e-04 1.20162780e-01 -1.01220000e-04 2.99240000e-04 -2.50840000e-04 -5.86950000e-04 -1.09586000e-03 -5.33510000e-04 1.00570000e-04 -4.71720000e-04 3.06940000e-04 5.72880000e-04 -6.26480000e-04 1.37408000e-03 -2.21500000e-04 -4.01830000e-04 7.57930000e-04 -2.21900000e-05 -4.61610000e-04 7.24000000e-05 -8.42800000e-04 -8.33660000e-04 1.09450000e-04 5.09820000e-04 -2.81750000e-04 -1.31094000e-03 -5.67470000e-04 3.03610000e-04 -2.40290000e-04 -4.02890000e-04 -4.78940000e-04 1.63200000e-04 1.99610000e-04 -2.52930000e-04 4.62850000e-04 -5.40110000e-04 -1.17086000e-03 -4.26390000e-04 4.94800000e-05 -3.93110000e-04 7.88330000e-04 -2.95290000e-04 -9.08770000e-04 6.54890000e-04 2.64948000e-03 -7.20260000e-04 7.80000000e-06 1.07343000e-03 1.32629000e-03 -1.11500000e-05 -4.26460000e-04 -6.19240000e-04 -1.46800000e-04 -4.53920000e-04 -3.24370000e-04 1.19763000e-03 -2.79120000e-04 -4.18870000e-04 1.27421000e-03 4.99000000e-06 -2.29150000e-04 4.87280000e-04 -3.45820000e-04 9.60970000e-04 3.46690000e-04 2.00650000e-04 -1.34510000e-04 -1.16340000e-04 7.24630000e-04 4.30730000e-04 -5.80630000e-04 6.97280000e-04 4.51540000e-04 1.95748000e-03 -4.67720000e-04 4.55790000e-04 1.71700000e-05 7.97200000e-04 6.57430000e-04 8.71510000e-04 2.73936000e-03 4.34569000e-03 1.59119000e-03 1.50887000e-03 2.19136000e-03 1.55784000e-03 1.80166000e-03 1.73924000e-03 1.63806000e-03 2.38898000e-03 1.82180000e-03 1.63695000e-03 2.29859000e-03 1.26355000e-03 1.15522000e-03 4.93460000e-04
-8.38600000e-05 2.37030000e-04 -1.12330000e-04 2.26800000e-05 3.45130000e-04 3.43330000e-04 2.83590000e-04 1.93460000e-04 3.32560000e-04 -1.01220000e-04 7.83463000e-03 -1.61690000e-04 3.03230000e-04 4.00270000e-04 7.83000000e-05 -7.88900000e-05 2.60670000e-04 1.44680000e-04 -1.24920000e-04 2.37460000e-04 2.56360000e-04 -6.55000000e-05 8.65000000e-06 3.03130000e-04 1.92600000e-04 3.43720000e-04 -5.52600000e-05 2.43250000e-04 5.59400000e-05 3.52300000e-05 -2.01090000e-04 2.95030000e-04 2.94510000e-04 8.16800000e-05 2.67020000e-04 2.94460000e-04 2.95950000e-04 3.28510000e-04 4.13220000e-04 -1.67510000e-04 2.46620000e-04 3.07430000e-04 -2.27300000e-05 1.84720000e-04 5.99900000e-05 -1.51400000e-05 3.19440000e-04 3.19060000e-04 -1.48540000e-04 -3.49100000e-05 7.20200000e-05 -2.71720000e-04 -2.06910000e-04 3.59030000e-04 3.25760000e-04 1.99350000e-04 4.18400000e-05 -2.47300000e-04 3.32910000e-04 3.08470000e-04 7.63800000e-05 2.87420000e-04 -9.28400000e-05 -1.29210000e-04 3.40700000e-04 -2.29000000e-05 6.11700000e-05 -1.74160000e-04 3.62720000e-04 -1.75800000e-04 -7.58200000e-05 2.41960000e-04 -2.47000000e-05 3.91680000e-04 -1.11580000e-04 3.62890000e-04 2.56260000e-04 -1.82660000e-04 -2.61900000e-05 2.76710000e-04 3.37100000e-05 -2.67790000e-04 -1.20300000e-04 2.74160000e-04 3.81210000e-04 -1.22300000e-04 1.15700000e-05 -4.15000000e-04 -2.35150000e-04 -4.39510000e-04 -1.31650000e-04 -1.90460000e-04 -1.44050000e-04 -2.43180000e-04 -1.15760000e-04 -6.71900000e-05 -2.14380000e-04 -7.13600000e-05 -1.79700000e-04 -1.50900000e-04 -2.50560000e-04 3.07300000e-05 -2.01700000e-04 -7.15400000e-05
-4.40700000e-05 -3.64020000e-04 1.28540000e-03 -3.03550000e-04 -5.46650000e-04 -2.43105000e-03 7.37230000e-04 5.42490000e-04 6.89200000e-05 2.99240000e-04 -1.61690000e-04 9.15241000e-03 -1.31790000e-04 -1.43018000e-03 -9.03940000e-04 -3.26690000e-04 2.10020000e-04 -4.73950000e-04 3.92160000e-04 1.15844000e-03 -1.56844000e-03 -2.67770000e-04 -1.34780000e-04 -2.25800000e-04 8.97380000e-04 -1.20890000e-04 -3.59450000e-04 2.21150000e-04 -4.97290000e-04 -8.10590000e-04 6.43900000e-04 1.06661000e-03 8.28200000e-05 -9.36900000e-04 -9.21860000e-04 2.97270000e-04 -7.21900000e-05 -4.40980000e-04 -5.94010000e-04 6.55830000e-04 7.09510000e-04 -5.13570000e-04 4.37170000e-04 5.08800000e-05 -8.45040000e-04 -2.76350000e-04 3.13400000e-05 -2.83030000e-04 7.13180000e-04 -8.01900000e-05 -5.70300000e-04 1.20515000e-03 6.44710000e-04 -5.05980000e-04 -1.30900000e-04 1.78337000e-03 -3.48150000e-04 -1.94177000e-03 -8.79130000e-04 -1.47340000e-03 3.46580000e-04 -1.58569000e-03 -2.71860000e-04 1.02188000e-03 -2.70510000e-04 -2.63990000e-04 -4.00490000e-04 4.67500000e-05 -8.36020000e-04 7.30410000e-04 -1.34600000e-04 1.80773000e-03 -1.37700000e-05 -4.96040000e-04 -1.59170000e-04 3.44700000e-05 1.11507000e-03 8.06670000e-04 -4.43200000e-04 1.18577000e-03 5.45830000e-04 1.07717000e-03 -2.70120000e-04 4.33840000e-04 -2.48200000e-04 -1.03087000e-03 4.13100000e-05 -1.55597000e-03 7.71470000e-04 1.80854000e-03 -4.00290000e-04 -5.87310000e-04 7.53400000e-05 1.91130000e-04 -4.15100000e-05 -2.50310000e-04 -6.54190000e-04 3.28530000e-04 -1.70260000e-04 -4.53410000e-04 -1.28400000e-05 -3.40410000e-04 -9.74380000e-04 -1.28865000e-03
-3.64720000e-04 1.10927000e-03 -1.16649000e-03 1.63480000e-04 1.13216000e-03 2.46742000e-03 2.37900000e-05 5.28700000e-04 5.32330000e-04 -2.50840000e-04 3.03230000e-04 -1.31790000e-04 2.06142400e-02 1.52271000e-03 4.06530000e-04 3.89150000e-04 5.37430000e-04 1.82130000e-04 -1.01900000e-04 -4.96760000e-04 2.01929000e-03 -8.38000000e-06 9.29500000e-05 8.26580000e-04 3.65000000e-06 7.46510000e-04 3.79080000e-04 6.43210000e-04 2.52750000e-04 6.87100000e-04 -8.26100000e-05 -2.54180000e-04 4.98620000e-04 4.02280000e-04 1.21999000e-03 4.52220000e-04 7.06000000e-04 7.23850000e-04 8.84130000e-04 -2.47460000e-04 -1.00370000e-04 1.08143000e-03 -2.12960000e-04 6.98260000e-04 2.87910000e-04 4.91660000e-04 5.47050000e-04 7.34410000e-04 -3.27100000e-04 2.63300000e-04 4.83750000e-04 -5.64540000e-04 -5.33220000e-04 8.69270000e-04 7.11070000e-04 -1.01765000e-03 -3.97800000e-05 9.52180000e-04 1.37686000e-03 1.86386000e-03 -3.90320000e-04 1.72470000e-03 2.76520000e-04 -2.78220000e-04 8.10900000e-04 2.82700000e-04 -5.42800000e-05 1.40110000e-04 1.27529000e-03 -1.31900000e-04 2.79990000e-04 -9.76730000e-04 3.45810000e-04 7.05100000e-04 3.42510000e-04 3.31710000e-04 -3.26590000e-04 -5.13460000e-04 4.15060000e-04 -4.84960000e-04 -1.08430000e-04 5.47500000e-05 3.99920000e-04 3.04360000e-04 6.91230000e-04 2.32240000e-04 4.83500000e-04 4.44330000e-04 -6.39210000e-04 -9.61590000e-04 -1.11350000e-04 1.99210000e-04 -1.70120000e-04 -7.92440000e-04 -2.85680000e-04 -1.40160000e-04 6.57580000e-04 -4.42290000e-04 -1.05500000e-05 1.81220000e-04 -6.94000000e-05 -6.68000000e-06 2.97290000e-04 2.64410000e-04
-6.08730000e-04 4.33450000e-03 -7.90374000e-03 1.08965000e-03 4.65820000e-03 1.83682400e-02 -3.51525000e-03 -7.17110000e-04 1.14290000e-04 -5.86950000e-04 4.00270000e-04 -1.43018000e-03 1.52271000e-03 5.65262300e-02 4.51509000e-03 2.95822000e-03 -2.50420000e-04 1.66315000e-03 -8.59640000e-04 -7.20473000e-03 1.33638400e-02 1.85109000e-03 7.88230000e-04 2.44709000e-03 -3.41926000e-03 1.61012000e-03 2.70184000e-03 6.75210000e-04 1.93365000e-03 5.15757000e-03 -1.74318000e-03 -6.22309000e-03 -8.61400000e-05 4.53684000e-03 7.93232000e-03 -6.13960000e-04 1.10929000e-03 3.49134000e-03 3.97091000e-03 -1.78456000e-03 -3.79456000e-03 5.63942000e-03 -2.17396000e-03 1.46365000e-03 3.87996000e-03 2.89836000e-03 8.21470000e-04 2.65633000e-03 -2.59905000e-03 1.52570000e-03 3.45074000e-03 -4.69464000e-03 -2.42161000e-03 3.24226000e-03 2.28626000e-03 -1.08072200e-02 1.68962000e-03 1.36078300e-02 7.17325000e-03 1.18944900e-02 -4.08785000e-03 1.29542400e-02 2.58057000e-03 -4.03376000e-03 2.43663000e-03 2.15298000e-03 1.79157000e-03 1.36283000e-03 7.00917000e-03 -2.37305000e-03 1.47070000e-03 -1.10331900e-02 9.82750000e-04 3.67541000e-03 2.61235000e-03 -1.05490000e-04 -5.92717000e-03 -3.22392000e-03 3.08740000e-03 -6.84252000e-03 -2.09754000e-03 -1.67840000e-03 2.91627000e-03 -1.37636000e-03 2.08406000e-03 6.11869000e-03 1.28855000e-03 1.09976400e-02 -3.12960000e-03 -6.74935000e-03 2.51195000e-03 4.43827000e-03 5.81030000e-04 -2.08857000e-03 3.24190000e-04 1.40812000e-03 6.96255000e-03 -1.92886000e-03 1.76889000e-03 3.90721000e-03 1.93808000e-03 1.46358000e-03 7.24228000e-03 6.74833000e-03
1.28570000e-04 1.33618000e-03 -4.69546000e-03 1.79133000e-03 2.09298000e-03 8.70906000e-03 -2.63597000e-03 -1.45908000e-03 -3.25810000e-04 -1.09586000e-03 7.83000000e-05 -9.03940000e-04 4.06530000e-04 4.51509000e-03 2.89209100e-02 2.11400000e-03 -8.27670000e-04 1.80380000e-03 -6.43840000e-04 -4.19449000e-03 5.47427000e-03 9.66260000e-04 9.67750000e-04 1.01945000e-03 -3.14619000e-03 3.11810000e-04 1.95811000e-03 -5.46520000e-04 1.98958000e-03 3.41965000e-03 -1.09873000e-03 -3.76570000e-03 -1.92720000e-04 3.85002000e-03 3.48806000e-03 -1.20193000e-03 2.15570000e-04 1.72947000e-03 1.97713000e-03 -9.81670000e-04 -2.47281000e-03 1.96874000e-03 -1.17434000e-03 4.20280000e-04 3.45630000e-03 1.64925000e-03 -2.93330000e-04 9.56710000e-04 -1.85639000e-03 1.21573000e-03 2.94889000e-03 -2.92568000e-03 -2.45785000e-03 1.81931000e-03 3.09690000e-04 -6.41160000e-03 1.07582000e-03 8.01107000e-03 3.09371000e-03 5.09713000e-03 -9.81940000e-04 5.34754000e-03 1.57689000e-03 -3.69730000e-03 7.55600000e-04 1.63813000e-03 1.16894000e-03 6.40940000e-04 2.59141000e-03 -1.38999000e-03 1.33653000e-03 -6.32479000e-03 -3.06470000e-04 9.72000000e-04 1.29405000e-03 -2.96220000e-04 -3.92729000e-03 -1.77169000e-03 2.20523000e-03 -4.28537000e-03 -1.74400000e-03 -3.77300000e-03 1.79517000e-03 -1.67785000e-03 4.03680000e-04 3.83479000e-03 -6.67710000e-04 5.97168000e-03 -2.87996000e-03 -6.82018000e-03 1.27969000e-03 2.15174000e-03 -5.14920000e-04 -4.18500000e-04 -5.60000000e-07 5.50410000e-04 2.77395000e-03 -1.78345000e-03 4.44130000e-04 1.63023000e-03 -8.81300000e-05 1.05978000e-03 3.80030000e-03 5.14591000e-03
-1.58700000e-04 1.15423000e-03 -3.15775000e-03 9.33710000e-04 1.49446000e-03 5.84072000e-03 -1.53901000e-03 -5.02030000e-04 -1.21700000e-04 -5.33510000e-04 -7.88900000e-05 -3.26690000e-04 3.89150000e-04 2.95822000e-03 2.11400000e-03 7.29290100e-02 -3.82710000e-04 8.46400000e-04 -2.01160000e-04 -2.68202000e-03 3.86108000e-03 6.12920000e-04 5.64760000e-04 8.04890000e-04 -1.66698000e-03 3.28250000e-04 1.32364000e-03 -2.44300000e-05 1.06218000e-03 2.09853000e-03 -3.62090000e-04 -2.33040000e-03 -3.94700000e-05 2.12168000e-03 2.50638000e-03 -5.45000000e-04 2.57470000e-04 1.18267000e-03 1.23061000e-03 -3.17570000e-04 -1.50376000e-03 1.56877000e-03 -7.23960000e-04 5.40750000e-04 1.77443000e-03 1.13033000e-03 -2.98800000e-05 7.35870000e-04 -9.50610000e-04 9.23040000e-04 1.81119000e-03 -1.52798000e-03 -1.36205000e-03 1.15362000e-03 4.05790000e-04 -4.14833000e-03 4.87550000e-04 5.11748000e-03 2.19098000e-03 3.54959000e-03 -1.02670000e-03 3.69280000e-03 1.13298000e-03 -1.92024000e-03 5.68990000e-04 1.07320000e-03 5.21430000e-04 6.66760000e-04 1.93003000e-03 -5.53840000e-04 9.38130000e-04 -4.07795000e-03 1.06950000e-04 6.21970000e-04 1.08540000e-03 -2.17530000e-04 -2.40046000e-03 -9.92770000e-04 1.46174000e-03 -2.69903000e-03 -9.25640000e-04 -1.49270000e-03 1.34901000e-03 -8.37520000e-04 3.51310000e-04 2.27995000e-03 -8.73000000e-05 3.80930000e-03 -1.59287000e-03 -3.55685000e-03 6.74220000e-04 1.46597000e-03 -2.36960000e-04 -5.86600000e-04 -5.79800000e-05 1.92670000e-04 2.22922000e-03 -1.14447000e-03 4.11470000e-04 1.15369000e-03 1.96260000e-04 4.94540000e-04 2.43088000e-03 3.06012000e-03
-2.78960000e-04 5.62760000e-04 7.54680000e-04 -3.11950000e-04 3.30180000e-04 -9.62960000e-04 9.52460000e-04 9.70300000e-04 6.32460000e-04 1.00570000e-04 2.60670000e-04 2.10020000e-04 5.37430000e-04 -2.50420000e-04 -8.27670000e-04 -3.82710000e-04 2.54427000e-02 -2.74330000e-04 1.13410000e-04 1.11250000e-03 -8.87900000e-05 -3.71350000e-04 -1.97150000e-04 4.30750000e-04 1.05526000e-03 6.21570000e-04 -3.34610000e-04 7.49760000e-04 -3.85450000e-04 -4.33300000e-04 3.05970000e-04 1.13519000e-03 5.69540000e-04 -8.39270000e-04 -3.39430000e-04 8.20090000e-04 6.16940000e-04 -4.45200000e-05 1.62350000e-04 6.64800000e-05 7.93820000e-04 1.34120000e-04 2.58700000e-04 4.89920000e-04 -6.82500000e-04 -9.22600000e-05 5.62790000e-04 2.61460000e-04 3.40890000e-04 -1.91810000e-04 -5.33760000e-04 5.51320000e-04 3.12440000e-04 1.64540000e-04 4.58570000e-04 1.45592000e-03 -3.60500000e-04 -2.04471000e-03 1.73470000e-04 -1.12980000e-04 3.23600000e-04 -4.16820000e-04 -3.46530000e-04 9.49690000e-04 5.17830000e-04 -2.83540000e-04 -4.06960000e-04 -1.68170000e-04 9.74800000e-05 4.13110000e-04 -1.84530000e-04 1.47851000e-03 3.12760000e-04 2.78960000e-04 -2.24140000e-04 4.52270000e-04 1.09357000e-03 1.89510000e-04 -3.95440000e-04 1.09812000e-03 4.93820000e-04 1.09403000e-03 -3.18950000e-04 8.38790000e-04 4.45430000e-04 -1.12485000e-03 5.87560000e-04 -1.76408000e-03 3.60000000e-04 1.22325000e-03 -5.09500000e-04 -6.56140000e-04 -1.51300000e-05 -4.21050000e-04 -2.51840000e-04 -2.73720000e-04 -6.28860000e-04 2.04810000e-04 -2.36190000e-04 -4.82590000e-04 -1.51120000e-04 -3.45930000e-04 -1.08706000e-03 -1.58337000e-03
3.01570000e-04 4.86290000e-04 -1.67884000e-03 1.04898000e-03 8.58040000e-04 3.03412000e-03 -9.17780000e-04 -7.34270000e-04 1.59100000e-05 -4.71720000e-04 1.44680000e-04 -4.73950000e-04 1.82130000e-04 1.66315000e-03 1.80380000e-03 8.46400000e-04 -2.74330000e-04 2.09877700e-02 -3.39080000e-04 -1.31428000e-03 2.01249000e-03 2.64170000e-04 5.41530000e-04 4.30140000e-04 -1.34062000e-03 2.38000000e-04 7.85450000e-04 -3.07460000e-04 1.12038000e-03 1.86737000e-03 -4.79460000e-04 -1.23063000e-03 -5.00000000e-07 1.84546000e-03 8.61800000e-04 -4.77480000e-04 1.41670000e-04 5.65590000e-04 8.42400000e-04 -4.24150000e-04 -8.72740000e-04 4.85420000e-04 -3.50580000e-04 -2.05400000e-05 2.06214000e-03 7.43750000e-04 -9.61800000e-05 2.63630000e-04 -8.47130000e-04 7.10700000e-04 1.53359000e-03 -1.00741000e-03 -1.17989000e-03 8.09970000e-04 -2.21700000e-05 -2.17155000e-03 5.29430000e-04 2.90386000e-03 1.09419000e-03 1.86822000e-03 5.86290000e-04 1.69118000e-03 4.25380000e-04 -1.69576000e-03 4.73740000e-04 7.12970000e-04 5.81170000e-04 1.56500000e-05 7.12350000e-04 -4.81450000e-04 4.89700000e-04 -2.05336000e-03 -2.43600000e-05 3.11090000e-04 3.35450000e-04 -1.05800000e-05 -1.39204000e-03 -7.62390000e-04 8.92070000e-04 -1.47451000e-03 -6.87860000e-04 -2.01666000e-03 5.36470000e-04 -6.92590000e-04 1.48160000e-04 1.53049000e-03 -3.05560000e-04 2.06109000e-03 -1.30509000e-03 -3.58624000e-03 6.03840000e-04 7.05050000e-04 -3.40510000e-04 1.12520000e-04 3.87300000e-05 2.94430000e-04 5.39690000e-04 -7.15210000e-04 -3.10900000e-05 4.80530000e-04 -4.09770000e-04 5.15370000e-04 1.61084000e-03 2.99849000e-03
-5.90300000e-05 -2.27410000e-04 8.54650000e-04 -2.46840000e-04 -3.79840000e-04 -1.49661000e-03 5.04690000e-04 3.83730000e-04 3.25400000e-05 3.06940000e-04 -1.24920000e-04 3.92160000e-04 -1.01900000e-04 -8.59640000e-04 -6.43840000e-04 -2.01160000e-04 1.13410000e-04 -3.39080000e-04 1.55420700e-02 7.20540000e-04 -9.36970000e-04 -1.58070000e-04 -7.63000000e-05 -1.80530000e-04 6.46230000e-04 -9.68400000e-05 -2.46220000e-04 1.66020000e-04 -3.69300000e-04 -5.38090000e-04 4.71720000e-04 6.86440000e-04 5.12000000e-06 -6.78780000e-04 -5.45000000e-04 2.24220000e-04 -7.60500000e-05 -2.88090000e-04 -4.30940000e-04 4.81790000e-04 4.64760000e-04 -2.45270000e-04 3.19680000e-04 -1.45900000e-05 -6.39160000e-04 -1.38920000e-04 4.92400000e-05 -1.72140000e-04 5.30470000e-04 -4.27500000e-05 -4.27250000e-04 8.82900000e-04 5.52460000e-04 -3.72190000e-04 -3.28000000e-05 1.12600000e-03 -2.27070000e-04 -1.25571000e-03 -5.65600000e-04 -9.05250000e-04 1.16720000e-04 -9.50330000e-04 -1.54820000e-04 8.11260000e-04 -1.73800000e-04 -1.52940000e-04 -2.71650000e-04 9.11300000e-05 -4.55860000e-04 4.88620000e-04 -1.17240000e-04 1.15815000e-03 1.26090000e-04 -2.64990000e-04 -2.74200000e-05 -9.96000000e-06 7.44620000e-04 5.72990000e-04 -2.95640000e-04 7.91970000e-04 4.15230000e-04 9.94350000e-04 -1.44590000e-04 3.17850000e-04 -1.21340000e-04 -6.70500000e-04 1.85920000e-04 -9.41300000e-04 6.44920000e-04 1.47502000e-03 -2.19190000e-04 -2.87950000e-04 1.56600000e-04 7.11100000e-05 2.70900000e-05 -1.20190000e-04 -2.65980000e-04 3.04120000e-04 -2.87500000e-05 -2.00500000e-04 1.44390000e-04 -2.39240000e-04 -5.81270000e-04 -8.21710000e-04
-1.06750000e-04 -2.45240000e-03 6.82032000e-03 -1.37741000e-03 -2.91464000e-03 -1.36952600e-02 3.88800000e-03 1.70885000e-03 6.87190000e-04 5.72880000e-04 2.37460000e-04 1.15844000e-03 -4.96760000e-04 -7.20473000e-03 -4.19449000e-03 -2.68202000e-03 1.11250000e-03 -1.31428000e-03 7.20540000e-04 2.57045700e-02 -9.07240000e-03 -1.90873000e-03 -8.77700000e-04 -1.31879000e-03 3.93480000e-03 -3.48880000e-04 -2.49667000e-03 4.30290000e-04 -1.94046000e-03 -4.19252000e-03 1.51814000e-03 5.94636000e-03 7.09450000e-04 -4.15802000e-03 -5.79728000e-03 1.46351000e-03 -1.77390000e-04 -2.40308000e-03 -2.56881000e-03 1.34406000e-03 4.00225000e-03 -3.65502000e-03 1.81326000e-03 -5.45290000e-04 -3.31686000e-03 -2.19953000e-03 2.52830000e-04 -1.46037000e-03 2.30131000e-03 -1.37199000e-03 -3.23806000e-03 4.07036000e-03 2.06469000e-03 -2.12149000e-03 -9.07830000e-04 1.01193800e-02 -1.72625000e-03 -1.20027800e-02 -4.71758000e-03 -8.22991000e-03 3.13607000e-03 -8.94023000e-03 -2.27362000e-03 4.02249000e-03 -1.13401000e-03 -1.95847000e-03 -1.80368000e-03 -1.17914000e-03 -4.71640000e-03 2.03037000e-03 -1.47096000e-03 1.00617900e-02 -3.95570000e-04 -1.87754000e-03 -2.11112000e-03 7.65640000e-04 5.88601000e-03 2.77162000e-03 -2.80054000e-03 6.57140000e-03 2.17298000e-03 2.61433000e-03 -2.54631000e-03 2.11317000e-03 -7.91800000e-04 -5.75059000e-03 -3.46170000e-04 -9.70815000e-03 2.67467000e-03 6.41221000e-03 -2.40145000e-03 -4.12461000e-03 -5.35400000e-04 8.85170000e-04 -6.48880000e-04 -1.39459000e-03 -5.99677000e-03 1.56334000e-03 -1.79169000e-03 -3.45234000e-03 -1.61383000e-03 -1.58171000e-03 -6.15086000e-03 -6.63310000e-03
-1.03201000e-03 5.91699000e-03 -9.99439000e-03 1.23839000e-03 6.11452000e-03 2.36107300e-02 -4.38234000e-03 -4.67040000e-04 1.91760000e-04 -6.26480000e-04 2.56360000e-04 -1.56844000e-03 2.01929000e-03 1.33638400e-02 5.47427000e-03 3.86108000e-03 -8.87900000e-05 2.01249000e-03 -9.36970000e-04 -9.07240000e-03 6.87926400e-02 2.24517000e-03 9.24900000e-04 3.25358000e-03 -4.04720000e-03 2.24604000e-03 3.46636000e-03 1.16029000e-03 2.23834000e-03 6.67470000e-03 -1.86122000e-03 -7.90143000e-03 -4.27300000e-05 5.52724000e-03 1.00178800e-02 -5.94410000e-04 1.54635000e-03 4.23484000e-03 4.99650000e-03 -2.08671000e-03 -4.78530000e-03 7.23079000e-03 -2.77190000e-03 2.10246000e-03 4.83236000e-03 3.77483000e-03 1.11577000e-03 3.31045000e-03 -3.07261000e-03 2.03144000e-03 4.25079000e-03 -5.53461000e-03 -2.90420000e-03 3.99265000e-03 2.97106000e-03 -1.36176400e-02 1.88036000e-03 1.71871700e-02 9.45330000e-03 1.56229200e-02 -5.29780000e-03 1.68669500e-02 3.33168000e-03 -4.65776000e-03 3.19375000e-03 2.73194000e-03 1.99219000e-03 1.91035000e-03 8.99660000e-03 -2.56426000e-03 1.92319000e-03 -1.39768000e-02 1.52742000e-03 4.65024000e-03 3.47737000e-03 -1.91740000e-04 -7.48657000e-03 -3.93388000e-03 3.93128000e-03 -8.72293000e-03 -2.52223000e-03 -1.23803000e-03 3.82953000e-03 -1.55632000e-03 2.63527000e-03 7.57428000e-03 1.99436000e-03 1.40685700e-02 -3.73628000e-03 -7.87623000e-03 3.08769000e-03 5.63479000e-03 7.90520000e-04 -2.89229000e-03 3.13390000e-04 1.64095000e-03 9.00437000e-03 -2.50127000e-03 2.29511000e-03 5.00409000e-03 2.66299000e-03 1.57382000e-03 9.30055000e-03 8.21570000e-03
1.54192000e-03 5.00570000e-04 -1.48102000e-03 1.85660000e-04 6.25960000e-04 3.55869000e-03 -1.25545000e-03 -6.29580000e-04 -1.43850000e-04 1.37408000e-03 -6.55000000e-05 -2.67770000e-04 -8.38000000e-06 1.85109000e-03 9.66260000e-04 6.12920000e-04 -3.71350000e-04 2.64170000e-04 -1.58070000e-04 -1.90873000e-03 2.24517000e-03 4.56211500e-02 2.36790000e-04 1.64980000e-04 -1.10282000e-03 6.25200000e-05 6.90410000e-04 -3.14410000e-04 3.08080000e-04 8.96980000e-04 -6.22290000e-04 -1.77387000e-03 -3.53830000e-04 7.80740000e-04 1.48826000e-03 -4.54540000e-04 -1.07410000e-04 5.89260000e-04 6.21180000e-04 -4.52040000e-04 -1.25108000e-03 7.89690000e-04 -3.28240000e-04 -2.03760000e-04 6.04370000e-04 3.49280000e-04 -2.16210000e-04 1.90660000e-04 -3.65220000e-04 2.63570000e-04 6.53650000e-04 -1.26029000e-03 1.12558000e-03 3.23190000e-04 1.13470000e-04 -2.72713000e-03 1.89299000e-03 4.56673000e-03 1.23914000e-03 2.14016000e-03 -8.82440000e-04 2.50956000e-03 6.14970000e-04 -1.03058000e-03 8.88800000e-05 4.28780000e-04 1.93342000e-03 4.09340000e-04 1.17392000e-03 -4.64520000e-04 4.74210000e-04 -2.84364000e-03 4.87400000e-05 6.70740000e-04 6.02190000e-04 -3.33900000e-04 -1.67298000e-03 -7.14050000e-04 7.02490000e-04 -1.87984000e-03 -6.26820000e-04 -4.30300000e-04 5.87950000e-04 -5.87540000e-04 1.65210000e-04 3.01753000e-03 8.81000000e-05 4.32013000e-03 9.66250000e-04 3.50860000e-04 2.21872000e-03 2.65618000e-03 1.77247000e-03 1.36706000e-03 1.74036000e-03 1.94248000e-03 3.14360000e-03 1.28217000e-03 2.10959000e-03 2.47317000e-03 2.15676000e-03 1.88624000e-03 3.21068000e-03 3.13402000e-03
1.32500000e-04 2.15190000e-04 -1.05159000e-03 5.90570000e-04 4.65970000e-04 1.61353000e-03 -5.68320000e-04 -3.24830000e-04 -1.75400000e-05 -2.21500000e-04 8.65000000e-06 -1.34780000e-04 9.29500000e-05 7.88230000e-04 9.67750000e-04 5.64760000e-04 -1.97150000e-04 5.41530000e-04 -7.63000000e-05 -8.77700000e-04 9.24900000e-04 2.36790000e-04 1.40572400e-02 2.45310000e-04 -7.50780000e-04 8.47700000e-05 5.04260000e-04 -1.35360000e-04 5.41620000e-04 8.51500000e-04 -1.53200000e-04 -7.38070000e-04 -9.70000000e-06 9.52530000e-04 5.84570000e-04 -2.68060000e-04 6.20100000e-05 3.55370000e-04 4.26720000e-04 -1.50900000e-04 -5.45810000e-04 3.13390000e-04 -1.58610000e-04 7.69400000e-05 8.65200000e-04 4.32200000e-04 -9.26700000e-05 1.59040000e-04 -3.71460000e-04 3.75600000e-04 8.00230000e-04 -5.73210000e-04 -5.44410000e-04 4.12470000e-04 1.41200000e-05 -1.39080000e-03 3.08450000e-04 1.69018000e-03 6.00440000e-04 9.15840000e-04 1.89300000e-05 8.36760000e-04 3.52180000e-04 -8.51670000e-04 1.57760000e-04 4.68460000e-04 3.12450000e-04 1.42350000e-04 4.39580000e-04 -1.96090000e-04 3.94650000e-04 -1.28883000e-03 -9.14900000e-05 8.66400000e-05 2.94250000e-04 -6.30300000e-05 -8.43810000e-04 -3.43150000e-04 5.59120000e-04 -9.06640000e-04 -3.76670000e-04 -1.00718000e-03 4.33650000e-04 -3.87920000e-04 6.17300000e-05 8.76670000e-04 -1.70520000e-04 1.18045000e-03 -6.33520000e-04 -1.65914000e-03 3.11280000e-04 5.12410000e-04 -1.05520000e-04 5.92000000e-06 6.12200000e-05 1.62000000e-04 5.60520000e-04 -3.54080000e-04 1.11440000e-04 3.63590000e-04 -6.07700000e-05 2.94170000e-04 7.52650000e-04 1.28098000e-03
-4.51840000e-04 1.47499000e-03 -2.12870000e-03 4.19340000e-04 1.61306000e-03 4.22080000e-03 -4.07960000e-04 4.23240000e-04 4.81770000e-04 -4.01830000e-04 3.03130000e-04 -2.25800000e-04 8.26580000e-04 2.44709000e-03 1.01945000e-03 8.04890000e-04 4.30750000e-04 4.30140000e-04 -1.80530000e-04 -1.31879000e-03 3.25358000e-03 1.64980000e-04 2.45310000e-04 2.07653200e-02 -4.30800000e-04 8.92580000e-04 7.21070000e-04 6.75770000e-04 4.98570000e-04 1.31993000e-03 -1.96340000e-04 -9.50760000e-04 4.82220000e-04 1.02070000e-03 1.89861000e-03 3.34100000e-04 7.71390000e-04 1.04059000e-03 1.31133000e-03 -3.40280000e-04 -5.69870000e-04 1.54877000e-03 -4.59790000e-04 8.63640000e-04 8.31980000e-04 8.14110000e-04 5.59050000e-04 9.23390000e-04 -6.12780000e-04 5.13580000e-04 9.96080000e-04 -1.04187000e-03 -9.21200000e-04 1.16231000e-03 8.47190000e-04 -2.27804000e-03 1.26990000e-04 2.47103000e-03 2.07961000e-03 2.99649000e-03 -7.35640000e-04 2.91228000e-03 5.62150000e-04 -8.28560000e-04 1.01896000e-03 5.85940000e-04 1.34190000e-04 2.78990000e-04 1.87005000e-03 -2.73390000e-04 4.92580000e-04 -2.16164000e-03 3.22750000e-04 9.33160000e-04 6.06730000e-04 3.22500000e-04 -1.04280000e-03 -8.12580000e-04 7.93770000e-04 -1.27300000e-03 -3.65220000e-04 -3.84940000e-04 7.30500000e-04 9.63100000e-05 8.10460000e-04 9.32860000e-04 4.57300000e-04 1.59511000e-03 -1.08424000e-03 -1.99274000e-03 9.95100000e-05 6.28870000e-04 -2.33940000e-04 -1.00179000e-03 -2.83790000e-04 -7.75200000e-05 1.29595000e-03 -7.69140000e-04 8.59700000e-05 5.26440000e-04 -1.04600000e-05 9.81100000e-05 1.04048000e-03 1.09938000e-03
-4.71180000e-04 -7.00530000e-04 3.85706000e-03 -1.42252000e-03 -1.29563000e-03 -6.90445000e-03 2.70965000e-03 1.77921000e-03 6.07340000e-04 7.57930000e-04 1.92600000e-04 8.97380000e-04 3.65000000e-06 -3.41926000e-03 -3.14619000e-03 -1.66698000e-03 1.05526000e-03 -1.34062000e-03 6.46230000e-04 3.93480000e-03 -4.04720000e-03 -1.10282000e-03 -7.50780000e-04 -4.30800000e-04 1.68803700e-02 1.74710000e-04 -1.63715000e-03 9.45240000e-04 -1.66745000e-03 -2.65688000e-03 1.16525000e-03 3.63203000e-03 5.28670000e-04 -3.16448000e-03 -2.66760000e-03 1.44440000e-03 1.63360000e-04 -1.16243000e-03 -1.28585000e-03 1.04815000e-03 2.49231000e-03 -1.20981000e-03 1.04092000e-03 6.75900000e-05 -2.75439000e-03 -1.14563000e-03 6.59350000e-04 -4.63090000e-04 1.63166000e-03 -8.33860000e-04 -2.31829000e-03 2.72073000e-03 1.79819000e-03 -1.20470000e-03 1.39990000e-04 5.84734000e-03 -1.13290000e-03 -7.05702000e-03 -2.15709000e-03 -3.79395000e-03 9.00650000e-04 -4.08013000e-03 -1.32277000e-03 3.27819000e-03 -2.12790000e-04 -1.26749000e-03 -1.21121000e-03 -5.10470000e-04 -1.82318000e-03 1.37553000e-03 -1.10015000e-03 5.84130000e-03 3.39100000e-04 -5.33340000e-04 -1.00444000e-03 6.21740000e-04 3.77051000e-03 1.67568000e-03 -1.83348000e-03 4.06253000e-03 1.68062000e-03 3.38114000e-03 -1.46268000e-03 1.82428000e-03 7.20000000e-06 -3.58295000e-03 7.07700000e-04 -5.54593000e-03 2.17466000e-03 5.46229000e-03 -1.41484000e-03 -2.16994000e-03 1.31010000e-04 -1.02950000e-04 -3.11700000e-04 -7.88630000e-04 -2.61625000e-03 1.19754000e-03 -7.62140000e-04 -1.66812000e-03 -2.76600000e-04 -1.17662000e-03 -3.44527000e-03 -4.57733000e-03
-3.37370000e-04 1.18243000e-03 -1.08824000e-03 1.07740000e-04 1.24863000e-03 2.42311000e-03 1.42800000e-04 6.99140000e-04 6.43740000e-04 -2.21900000e-05 3.43720000e-04 -1.20890000e-04 7.46510000e-04 1.61012000e-03 3.11810000e-04 3.28250000e-04 6.21570000e-04 2.38000000e-04 -9.68400000e-05 -3.48880000e-04 2.24604000e-03 6.25200000e-05 8.47700000e-05 8.92580000e-04 1.74710000e-04 2.62559600e-02 2.80150000e-04 7.68080000e-04 9.71500000e-05 6.87570000e-04 -7.23200000e-05 -1.32110000e-04 5.29320000e-04 3.06450000e-04 1.00960000e-03 6.07310000e-04 7.38600000e-04 6.10610000e-04 9.72880000e-04 -3.26440000e-04 -5.57200000e-05 1.02789000e-03 -1.76780000e-04 6.61700000e-04 2.83720000e-04 4.56690000e-04 6.28330000e-04 6.55580000e-04 -2.40060000e-04 2.04540000e-04 3.51110000e-04 -5.66640000e-04 -2.64080000e-04 7.65330000e-04 7.66340000e-04 -8.12220000e-04 7.97100000e-05 7.81640000e-04 1.56689000e-03 2.03916000e-03 -3.63960000e-04 1.88282000e-03 1.62730000e-04 -8.26200000e-05 8.75490000e-04 2.46390000e-04 7.44100000e-05 3.92700000e-05 1.30991000e-03 4.29000000e-06 1.90470000e-04 -7.64080000e-04 3.71720000e-04 8.56130000e-04 2.47160000e-04 4.30980000e-04 -2.04030000e-04 -5.00270000e-04 3.06220000e-04 -3.54550000e-04 -4.34400000e-05 2.94260000e-04 2.69140000e-04 4.72300000e-04 7.91290000e-04 2.76200000e-04 6.46620000e-04 4.65040000e-04 -3.30300000e-04 -4.72400000e-04 3.04600000e-05 3.13500000e-04 3.73700000e-05 -7.83040000e-04 -1.16260000e-04 2.33500000e-05 6.67660000e-04 -1.70980000e-04 1.12230000e-04 3.19310000e-04 1.53670000e-04 1.79400000e-05 3.64020000e-04 8.73900000e-05
8.77000000e-06 1.04857000e-03 -2.90825000e-03 8.68920000e-04 1.35258000e-03 5.35291000e-03 -1.49800000e-03 -5.80410000e-04 -1.10000000e-04 -4.61610000e-04 -5.52600000e-05 -3.59450000e-04 3.79080000e-04 2.70184000e-03 1.95811000e-03 1.32364000e-03 -3.34610000e-04 7.85450000e-04 -2.46220000e-04 -2.49667000e-03 3.46636000e-03 6.90410000e-04 5.04260000e-04 7.21070000e-04 -1.63715000e-03 2.80150000e-04 2.01744800e-02 -9.74500000e-05 1.05744000e-03 1.90931000e-03 -4.34750000e-04 -2.21251000e-03 -1.94300000e-05 1.94772000e-03 2.31127000e-03 -5.50680000e-04 2.60000000e-04 1.08971000e-03 1.13817000e-03 -3.88720000e-04 -1.42006000e-03 1.38570000e-03 -6.67990000e-04 4.52970000e-04 1.63141000e-03 1.00026000e-03 -7.97400000e-05 6.89930000e-04 -9.19850000e-04 7.97770000e-04 1.65893000e-03 -1.53757000e-03 -1.22125000e-03 1.11623000e-03 3.11390000e-04 -3.88560000e-03 5.41840000e-04 4.77776000e-03 1.98928000e-03 3.21324000e-03 -8.67310000e-04 3.35022000e-03 1.03323000e-03 -1.87262000e-03 5.24720000e-04 9.58910000e-04 5.80010000e-04 6.03710000e-04 1.72816000e-03 -5.89820000e-04 9.18480000e-04 -3.85843000e-03 8.63900000e-05 5.75620000e-04 9.82730000e-04 -2.35470000e-04 -2.29553000e-03 -1.00826000e-03 1.38666000e-03 -2.56294000e-03 -9.34700000e-04 -1.53409000e-03 1.24078000e-03 -8.35540000e-04 2.99250000e-04 2.20595000e-03 -1.35680000e-04 3.61219000e-03 -1.45092000e-03 -3.31304000e-03 7.13280000e-04 1.42662000e-03 -1.52800000e-04 -3.84510000e-04 2.51500000e-05 2.78820000e-04 2.08987000e-03 -9.66370000e-04 5.03630000e-04 1.12881000e-03 2.40930000e-04 6.09900000e-04 2.30114000e-03 2.91937000e-03
-6.06700000e-04 9.39340000e-04 -1.99550000e-04 -3.34540000e-04 7.72060000e-04 8.00170000e-04 7.48730000e-04 1.10846000e-03 6.11110000e-04 7.24000000e-05 2.43250000e-04 2.21150000e-04 6.43210000e-04 6.75210000e-04 -5.46520000e-04 -2.44300000e-05 7.49760000e-04 -3.07460000e-04 1.66020000e-04 4.30290000e-04 1.16029000e-03 -3.14410000e-04 -1.35360000e-04 6.75770000e-04 9.45240000e-04 7.68080000e-04 -9.74500000e-05 5.24993600e-02 -3.49140000e-04 -4.71500000e-05 3.63110000e-04 6.53510000e-04 5.32040000e-04 -5.54720000e-04 5.69480000e-04 8.57930000e-04 6.51690000e-04 3.69820000e-04 4.77060000e-04 1.71980000e-04 4.89760000e-04 8.73630000e-04 7.07400000e-05 7.04960000e-04 -5.83610000e-04 2.31020000e-04 7.34260000e-04 5.59920000e-04 2.27390000e-04 7.75500000e-05 -2.01880000e-04 3.20980000e-04 1.23900000e-04 3.99500000e-04 7.94480000e-04 4.57920000e-04 -3.73090000e-04 -7.91430000e-04 8.47000000e-04 9.93390000e-04 -4.20190000e-04 8.29470000e-04 -5.97100000e-05 8.28320000e-04 7.06950000e-04 -4.49800000e-05 -4.19260000e-04 6.50200000e-05 8.86880000e-04 3.68350000e-04 -6.73800000e-05 4.96750000e-04 5.14200000e-04 5.59420000e-04 1.31740000e-04 4.44650000e-04 6.76530000e-04 3.69300000e-05 -1.15120000e-04 5.58930000e-04 4.12900000e-04 1.41515000e-03 3.21800000e-05 8.29150000e-04 6.69180000e-04 -7.00410000e-04 8.39520000e-04 -8.27610000e-04 1.39170000e-04 9.60590000e-04 -4.42340000e-04 -2.58210000e-04 -7.87000000e-06 -9.23320000e-04 -3.16170000e-04 -3.28630000e-04 2.09470000e-04 -5.89100000e-05 -1.47160000e-04 -1.35990000e-04 6.92000000e-05 -4.30260000e-04 -4.97910000e-04 -1.06325000e-03
7.61900000e-05 5.82110000e-04 -2.40158000e-03 1.08919000e-03 9.66660000e-04 3.87261000e-03 -1.26024000e-03 -8.59490000e-04 -1.66940000e-04 -8.42800000e-04 5.59400000e-05 -4.97290000e-04 2.52750000e-04 1.93365000e-03 1.98958000e-03 1.06218000e-03 -3.85450000e-04 1.12038000e-03 -3.69300000e-04 -1.94046000e-03 2.23834000e-03 3.08080000e-04 5.41620000e-04 4.98570000e-04 -1.66745000e-03 9.71500000e-05 1.05744000e-03 -3.49140000e-04 2.85599600e-02 1.83444000e-03 -5.12330000e-04 -1.71406000e-03 -4.18000000e-06 2.02470000e-03 1.55746000e-03 -6.43700000e-04 1.57310000e-04 8.48170000e-04 9.23320000e-04 -4.72430000e-04 -1.15328000e-03 8.40190000e-04 -5.31370000e-04 2.03020000e-04 1.89296000e-03 9.06530000e-04 -1.85990000e-04 5.13440000e-04 -1.03768000e-03 6.90050000e-04 1.63430000e-03 -1.43527000e-03 -1.55800000e-03 1.04016000e-03 3.20800000e-05 -3.05358000e-03 3.93690000e-04 3.61312000e-03 1.28347000e-03 2.15413000e-03 -7.45100000e-05 2.09384000e-03 7.31980000e-04 -1.94321000e-03 4.40700000e-04 8.59620000e-04 4.43340000e-04 2.67150000e-04 1.04658000e-03 -7.61520000e-04 7.64750000e-04 -2.99650000e-03 -7.57200000e-05 2.60310000e-04 6.03200000e-04 -1.66390000e-04 -1.88759000e-03 -9.35280000e-04 1.18092000e-03 -2.04163000e-03 -9.21390000e-04 -2.24273000e-03 9.07360000e-04 -9.25460000e-04 1.18820000e-04 1.71488000e-03 -3.75490000e-04 2.54050000e-03 -1.77382000e-03 -4.05472000e-03 4.41010000e-04 8.04350000e-04 -5.48570000e-04 -1.82210000e-04 -1.80400000e-04 9.05800000e-05 9.37170000e-04 -1.08965000e-03 -2.49000000e-06 5.03100000e-04 -4.49260000e-04 4.64780000e-04 1.57168000e-03 2.70828000e-03
-5.60800000e-05 2.04807000e-03 -4.84968000e-03 1.50953000e-03 2.49415000e-03 9.58411000e-03 -2.33838000e-03 -9.28690000e-04 -1.21700000e-04 -8.33660000e-04 3.52300000e-05 -8.10590000e-04 6.87100000e-04 5.15757000e-03 3.41965000e-03 2.09853000e-03 -4.33300000e-04 1.86737000e-03 -5.38090000e-04 -4.19252000e-03 6.67470000e-03 8.96980000e-04 8.51500000e-04 1.31993000e-03 -2.65688000e-03 6.87570000e-04 1.90931000e-03 -4.71500000e-05 1.83444000e-03 1.62573200e-02 -8.51820000e-04 -3.64411000e-03 -6.80000000e-05 3.45532000e-03 3.77596000e-03 -7.78060000e-04 5.02080000e-04 1.77359000e-03 2.13086000e-03 -8.81450000e-04 -2.40358000e-03 2.52220000e-03 -1.16339000e-03 6.60730000e-04 3.28376000e-03 1.92821000e-03 8.09400000e-05 1.18743000e-03 -1.73913000e-03 1.34182000e-03 2.83112000e-03 -2.59866000e-03 -2.14247000e-03 1.92809000e-03 7.11170000e-04 -6.44077000e-03 9.75840000e-04 7.98226000e-03 3.60823000e-03 6.04747000e-03 -1.15760000e-03 6.16255000e-03 1.51203000e-03 -3.04761000e-03 1.25287000e-03 1.60454000e-03 1.03944000e-03 7.10860000e-04 3.17779000e-03 -1.19182000e-03 1.21427000e-03 -6.36050000e-03 3.52290000e-04 1.31958000e-03 1.44739000e-03 -2.29220000e-04 -3.74107000e-03 -1.82521000e-03 2.13590000e-03 -4.19764000e-03 -1.49047000e-03 -2.47341000e-03 1.81820000e-03 -1.30356000e-03 7.20660000e-04 3.71143000e-03 1.96030000e-04 6.11866000e-03 -2.53489000e-03 -5.97023000e-03 1.36771000e-03 2.34097000e-03 -2.21440000e-04 -7.57760000e-04 4.86800000e-05 6.31410000e-04 3.26062000e-03 -1.59594000e-03 6.25170000e-04 1.87192000e-03 2.98320000e-04 9.00480000e-04 4.08437000e-03 5.16642000e-03
-3.35050000e-04 -3.67450000e-04 1.37603000e-03 -3.18500000e-04 -5.88310000e-04 -2.99861000e-03 1.02741000e-03 7.65380000e-04 1.09700000e-04 1.09450000e-04 -2.01090000e-04 6.43900000e-04 -8.26100000e-05 -1.74318000e-03 -1.09873000e-03 -3.62090000e-04 3.05970000e-04 -4.79460000e-04 4.71720000e-04 1.51814000e-03 -1.86122000e-03 -6.22290000e-04 -1.53200000e-04 -1.96340000e-04 1.16525000e-03 -7.23200000e-05 -4.34750000e-04 3.63110000e-04 -5.12330000e-04 -8.51820000e-04 2.10039300e-02 1.43439000e-03 1.76530000e-04 -1.10660000e-03 -1.17305000e-03 4.53800000e-04 -2.28700000e-05 -5.46330000e-04 -7.15400000e-04 7.98780000e-04 9.56590000e-04 -5.78360000e-04 5.10030000e-04 1.36040000e-04 -9.46850000e-04 -1.89660000e-04 1.26680000e-04 -2.78950000e-04 7.98270000e-04 -3.81800000e-05 -6.50890000e-04 1.50733000e-03 4.98600000e-04 -5.35860000e-04 -1.16410000e-04 2.25510000e-03 -6.98760000e-04 -2.70318000e-03 -1.03122000e-03 -1.75402000e-03 4.74350000e-04 -1.98773000e-03 -3.54370000e-04 1.34617000e-03 -2.07670000e-04 -2.80590000e-04 -7.63750000e-04 4.16500000e-05 -9.93590000e-04 8.84500000e-04 -1.68800000e-04 2.31835000e-03 1.47940000e-04 -6.45230000e-04 -1.74150000e-04 6.71100000e-05 1.45179000e-03 9.80430000e-04 -5.32540000e-04 1.54100000e-03 6.91230000e-04 1.37857000e-03 -2.98240000e-04 5.89190000e-04 -2.49520000e-04 -1.54717000e-03 2.10860000e-04 -2.26442000e-03 6.69980000e-04 1.91178000e-03 -7.66920000e-04 -9.70140000e-04 -1.89650000e-04 -9.62700000e-05 -3.20330000e-04 -5.83290000e-04 -1.09147000e-03 1.53640000e-04 -4.86870000e-04 -8.22900000e-04 -3.11130000e-04 -6.87780000e-04 -1.48394000e-03 -1.71643000e-03
-1.92760000e-04 -1.96540000e-03 5.67442000e-03 -1.19152000e-03 -2.34392000e-03 -1.18627600e-02 3.61509000e-03 1.75330000e-03 7.90470000e-04 5.09820000e-04 2.95030000e-04 1.06661000e-03 -2.54180000e-04 -6.22309000e-03 -3.76570000e-03 -2.33040000e-03 1.13519000e-03 -1.23063000e-03 6.86440000e-04 5.94636000e-03 -7.90143000e-03 -1.77387000e-03 -7.38070000e-04 -9.50760000e-04 3.63203000e-03 -1.32110000e-04 -2.21251000e-03 6.53510000e-04 -1.71406000e-03 -3.64411000e-03 1.43439000e-03 2.92783700e-02 7.35660000e-04 -3.76705000e-03 -4.87490000e-03 1.52470000e-03 1.35500000e-05 -1.90220000e-03 -2.10009000e-03 1.23800000e-03 3.51323000e-03 -2.84658000e-03 1.67427000e-03 -3.25650000e-04 -3.15373000e-03 -1.75248000e-03 4.60020000e-04 -1.08281000e-03 2.01576000e-03 -1.10945000e-03 -2.75038000e-03 3.59813000e-03 1.84538000e-03 -1.67956000e-03 -5.30150000e-04 8.72626000e-03 -1.50547000e-03 -1.07428200e-02 -4.02254000e-03 -7.11168000e-03 2.63085000e-03 -7.92321000e-03 -2.04758000e-03 3.76080000e-03 -7.44520000e-04 -1.65418000e-03 -1.62213000e-03 -1.09704000e-03 -3.80337000e-03 1.81842000e-03 -1.31854000e-03 8.82353000e-03 -1.42460000e-04 -1.57524000e-03 -1.86481000e-03 7.97930000e-04 5.33153000e-03 2.34856000e-03 -2.48310000e-03 5.86801000e-03 2.01426000e-03 2.63528000e-03 -2.24623000e-03 2.05454000e-03 -4.75090000e-04 -5.20607000e-03 7.80100000e-05 -8.89851000e-03 2.33611000e-03 5.72401000e-03 -2.17864000e-03 -3.58450000e-03 -3.94030000e-04 4.90500000e-04 -5.82700000e-04 -1.21840000e-03 -5.02299000e-03 1.41445000e-03 -1.58690000e-03 -3.00352000e-03 -1.39354000e-03 -1.43927000e-03 -5.66603000e-03 -5.96072000e-03
-3.45030000e-04 4.19310000e-04 4.61700000e-05 5.64300000e-05 4.42730000e-04 -3.80650000e-04 5.83250000e-04 6.38070000e-04 5.11720000e-04 -2.81750000e-04 2.94510000e-04 8.28200000e-05 4.98620000e-04 -8.61400000e-05 -1.92720000e-04 -3.94700000e-05 5.69540000e-04 -5.00000000e-07 5.12000000e-06 7.09450000e-04 -4.27300000e-05 -3.53830000e-04 -9.70000000e-06 4.82220000e-04 5.28670000e-04 5.29320000e-04 -1.94300000e-05 5.32040000e-04 -4.18000000e-06 -6.80000000e-05 1.76530000e-04 7.35660000e-04 1.27767300e-02 -1.79090000e-04 -3.71100000e-05 5.40550000e-04 5.41330000e-04 2.00200000e-04 3.30150000e-04 4.00600000e-05 5.50560000e-04 1.61270000e-04 9.28900000e-05 5.11120000e-04 -1.62250000e-04 1.83200000e-05 4.16380000e-04 3.29790000e-04 4.83900000e-05 3.75200000e-05 3.39000000e-06 1.34800000e-04 -3.27740000e-04 3.96580000e-04 3.34040000e-04 7.58690000e-04 -3.63210000e-04 -1.16448000e-03 3.09470000e-04 3.82200000e-05 3.10020000e-04 -2.39370000e-04 -1.20350000e-04 2.32520000e-04 4.30270000e-04 -3.04800000e-05 -3.69920000e-04 -8.26800000e-05 1.33620000e-04 2.45230000e-04 7.89700000e-05 8.15930000e-04 8.30800000e-05 1.42240000e-04 -7.83300000e-05 4.11710000e-04 6.07870000e-04 2.68300000e-05 -3.25600000e-05 6.15980000e-04 1.85040000e-04 7.90700000e-05 -5.07800000e-05 5.16810000e-04 3.58900000e-04 -7.38520000e-04 1.20500000e-04 -1.29721000e-03 -3.09500000e-04 -2.14480000e-04 -5.96560000e-04 -6.27610000e-04 -4.30850000e-04 -5.03990000e-04 -4.39400000e-04 -4.76440000e-04 -6.46670000e-04 -2.89640000e-04 -4.29810000e-04 -5.58310000e-04 -5.51890000e-04 -2.99650000e-04 -8.58470000e-04 -8.07800000e-04
-6.92200000e-05 1.33333000e-03 -4.71315000e-03 1.81761000e-03 2.09829000e-03 8.73850000e-03 -2.62889000e-03 -1.47408000e-03 -3.58960000e-04 -1.31094000e-03 8.16800000e-05 -9.36900000e-04 4.02280000e-04 4.53684000e-03 3.85002000e-03 2.12168000e-03 -8.39270000e-04 1.84546000e-03 -6.78780000e-04 -4.15802000e-03 5.52724000e-03 7.80740000e-04 9.52530000e-04 1.02070000e-03 -3.16448000e-03 3.06450000e-04 1.94772000e-03 -5.54720000e-04 2.02470000e-03 3.45532000e-03 -1.10660000e-03 -3.76705000e-03 -1.79090000e-04 3.46137900e-02 3.47904000e-03 -1.22409000e-03 2.12010000e-04 1.71516000e-03 1.98715000e-03 -9.95340000e-04 -2.44342000e-03 1.94875000e-03 -1.22713000e-03 4.52010000e-04 3.57084000e-03 1.64407000e-03 -2.96670000e-04 9.57170000e-04 -1.91443000e-03 1.21236000e-03 2.97019000e-03 -2.94260000e-03 -2.70663000e-03 1.83152000e-03 2.89020000e-04 -6.36694000e-03 8.90730000e-04 7.86769000e-03 3.10648000e-03 5.12056000e-03 -9.56320000e-04 5.37928000e-03 1.58724000e-03 -3.75327000e-03 7.48830000e-04 1.63617000e-03 9.99050000e-04 6.21480000e-04 2.56476000e-03 -1.41487000e-03 1.31279000e-03 -6.30260000e-03 -3.26190000e-04 9.56400000e-04 1.27414000e-03 -2.70820000e-04 -3.92794000e-03 -1.78011000e-03 2.20365000e-03 -4.28026000e-03 -1.75531000e-03 -3.88777000e-03 1.79534000e-03 -1.69483000e-03 3.85680000e-04 3.67693000e-03 -7.28430000e-04 5.81303000e-03 -3.11824000e-03 -7.15942000e-03 1.07968000e-03 1.92517000e-03 -7.61590000e-04 -5.98320000e-04 -2.09280000e-04 3.35060000e-04 2.49295000e-03 -2.02343000e-03 2.12580000e-04 1.40817000e-03 -3.44430000e-04 8.68710000e-04 3.64705000e-03 4.99723000e-03
-5.81060000e-04 3.26792000e-03 -6.56348000e-03 7.54380000e-04 3.53652000e-03 1.45556100e-02 -2.77638000e-03 -5.19810000e-04 3.52000000e-06 -5.67470000e-04 2.67020000e-04 -9.21860000e-04 1.21999000e-03 7.93232000e-03 3.48806000e-03 2.50638000e-03 -3.39430000e-04 8.61800000e-04 -5.45000000e-04 -5.79728000e-03 1.00178800e-02 1.48826000e-03 5.84570000e-04 1.89861000e-03 -2.66760000e-03 1.00960000e-03 2.31127000e-03 5.69480000e-04 1.55746000e-03 3.77596000e-03 -1.17305000e-03 -4.87490000e-03 -3.71100000e-05 3.47904000e-03 4.46230700e-02 -5.72370000e-04 8.24940000e-04 3.18443000e-03 2.98792000e-03 -9.43090000e-04 -2.91074000e-03 4.82301000e-03 -1.71796000e-03 1.39800000e-03 2.57557000e-03 2.28169000e-03 6.60890000e-04 2.35653000e-03 -1.97352000e-03 1.43288000e-03 2.93799000e-03 -3.48725000e-03 -2.06778000e-03 2.74047000e-03 1.88781000e-03 -8.67620000e-03 1.15733000e-03 1.11397000e-02 5.39919000e-03 9.00160000e-03 -3.71758000e-03 9.94794000e-03 2.29636000e-03 -3.25931000e-03 1.73900000e-03 1.75483000e-03 1.21362000e-03 1.39617000e-03 5.63287000e-03 -1.80878000e-03 1.37878000e-03 -8.89233000e-03 7.47230000e-04 2.59948000e-03 2.34170000e-03 -1.68970000e-04 -4.59469000e-03 -2.35780000e-03 2.62404000e-03 -5.40793000e-03 -1.65209000e-03 -1.20243000e-03 2.61219000e-03 -1.13824000e-03 1.54452000e-03 4.73219000e-03 7.40340000e-04 8.61669000e-03 -2.66932000e-03 -5.37767000e-03 1.71040000e-03 3.45067000e-03 2.68510000e-04 -1.76937000e-03 5.83300000e-05 8.10660000e-04 5.93494000e-03 -1.84299000e-03 1.34024000e-03 3.01897000e-03 1.41361000e-03 1.15266000e-03 5.63713000e-03 5.59927000e-03
-3.97300000e-04 3.56380000e-04 9.73690000e-04 -5.39640000e-04 1.44320000e-04 -1.68987000e-03 1.26550000e-03 1.16050000e-03 6.40750000e-04 3.03610000e-04 2.94460000e-04 2.97270000e-04 4.52220000e-04 -6.13960000e-04 -1.20193000e-03 -5.45000000e-04 8.20090000e-04 -4.77480000e-04 2.24220000e-04 1.46351000e-03 -5.94410000e-04 -4.54540000e-04 -2.68060000e-04 3.34100000e-04 1.44440000e-03 6.07310000e-04 -5.50680000e-04 8.57930000e-04 -6.43700000e-04 -7.78060000e-04 4.53800000e-04 1.52470000e-03 5.40550000e-04 -1.22409000e-03 -5.72370000e-04 2.20811800e-02 5.15760000e-04 -1.30610000e-04 -3.17000000e-06 2.53340000e-04 1.03046000e-03 9.45500000e-05 3.63710000e-04 3.96040000e-04 -1.11204000e-03 -2.15310000e-04 6.66650000e-04 2.02960000e-04 5.41300000e-04 -2.48280000e-04 -7.94130000e-04 8.22950000e-04 6.24390000e-04 -4.75500000e-05 5.19170000e-04 1.99094000e-03 -4.45430000e-04 -2.70751000e-03 -8.52200000e-05 -5.61030000e-04 1.69320000e-04 -8.30880000e-04 -4.96210000e-04 1.40364000e-03 4.39440000e-04 -4.02700000e-04 -4.92980000e-04 -2.16970000e-04 -9.29000000e-06 5.62080000e-04 -3.75410000e-04 2.06309000e-03 4.23120000e-04 2.39840000e-04 -3.03820000e-04 5.15500000e-04 1.51520000e-03 3.88510000e-04 -6.20430000e-04 1.55599000e-03 7.01170000e-04 1.65484000e-03 -4.87040000e-04 1.06914000e-03 4.82590000e-04 -1.43565000e-03 7.52390000e-04 -2.25804000e-03 7.37180000e-04 2.08545000e-03 -6.21110000e-04 -7.51390000e-04 8.79500000e-05 -5.40830000e-04 -2.00920000e-04 -3.29550000e-04 -7.12840000e-04 4.39350000e-04 -2.52080000e-04 -5.44550000e-04 -3.78100000e-05 -4.93950000e-04 -1.39095000e-03 -1.94124000e-03
-3.54870000e-04 1.00109000e-03 -7.90710000e-04 1.34820000e-04 9.88200000e-04 1.69242000e-03 1.73780000e-04 6.01880000e-04 5.67090000e-04 -2.40290000e-04 2.95950000e-04 -7.21900000e-05 7.06000000e-04 1.10929000e-03 2.15570000e-04 2.57470000e-04 6.16940000e-04 1.41670000e-04 -7.60500000e-05 -1.77390000e-04 1.54635000e-03 -1.07410000e-04 6.20100000e-05 7.71390000e-04 1.63360000e-04 7.38600000e-04 2.60000000e-04 6.51690000e-04 1.57310000e-04 5.02080000e-04 -2.28700000e-05 1.35500000e-05 5.41330000e-04 2.12010000e-04 8.24940000e-04 5.15760000e-04 2.27146100e-02 5.43140000e-04 7.58600000e-04 -2.07980000e-04 5.83300000e-05 8.15060000e-04 -1.25970000e-04 6.68410000e-04 1.53030000e-04 3.47530000e-04 5.27980000e-04 6.11110000e-04 -2.21300000e-04 1.84240000e-04 3.31690000e-04 -3.63700000e-04 -4.49520000e-04 7.43630000e-04 6.27440000e-04 -5.57990000e-04 -1.29350000e-04 2.89310000e-04 1.13845000e-03 1.43470000e-03 -1.43830000e-04 1.19512000e-03 1.44080000e-04 -9.80600000e-05 7.55130000e-04 1.83140000e-04 -1.49770000e-04 5.45400000e-05 9.91400000e-04 2.23000000e-06 2.11120000e-04 -4.96290000e-04 3.11960000e-04 5.78710000e-04 2.03510000e-04 3.67410000e-04 -9.06200000e-05 -4.14260000e-04 2.83200000e-04 -2.05890000e-04 -1.65100000e-05 1.27750000e-04 2.53490000e-04 3.94030000e-04 6.27820000e-04 -6.43500000e-05 4.54640000e-04 -8.43000000e-05 -5.23150000e-04 -7.23100000e-04 -2.41010000e-04 -2.35400000e-05 -2.10770000e-04 -7.31930000e-04 -3.20810000e-04 -2.15410000e-04 3.08300000e-04 -3.80410000e-04 -1.00380000e-04 -1.15500000e-05 -1.79490000e-04 -9.45200000e-05 -4.62600000e-05 -9.65600000e-05
-2.48850000e-04 1.48392000e-03 -3.09966000e-03 5.24280000e-04 1.75645000e-03 6.39524000e-03 -1.07300000e-03 -1.38740000e-04 2.19820000e-04 -4.02890000e-04 3.28510000e-04 -4.40980000e-04 7.23850000e-04 3.49134000e-03 1.72947000e-03 1.18267000e-03 -4.45200000e-05 5.65590000e-04 -2.88090000e-04 -2.40308000e-03 4.23484000e-03 5.89260000e-04 3.55370000e-04 1.04059000e-03 -1.16243000e-03 6.10610000e-04 1.08971000e-03 3.69820000e-04 8.48170000e-04 1.77359000e-03 -5.46330000e-04 -1.90220000e-03 2.00200000e-04 1.71516000e-03 3.18443000e-03 -1.30610000e-04 5.43140000e-04 3.72378900e-02 1.53666000e-03 -3.96690000e-04 -1.14160000e-03 2.24793000e-03 -7.17920000e-04 7.73410000e-04 1.26086000e-03 1.06058000e-03 4.49820000e-04 1.22579000e-03 -9.70290000e-04 7.72260000e-04 1.58074000e-03 -1.63664000e-03 -1.18827000e-03 1.50220000e-03 9.63000000e-04 -3.73601000e-03 5.31700000e-04 4.81947000e-03 2.45924000e-03 3.91363000e-03 -1.42557000e-03 4.20099000e-03 9.98510000e-04 -1.66108000e-03 9.28680000e-04 8.58450000e-04 5.53340000e-04 5.41270000e-04 2.57101000e-03 -8.04340000e-04 6.94280000e-04 -3.74758000e-03 2.46200000e-04 1.16868000e-03 9.92710000e-04 1.23590000e-04 -1.86612000e-03 -1.09655000e-03 1.24104000e-03 -2.22613000e-03 -7.45030000e-04 -9.72960000e-04 1.16040000e-03 -4.00920000e-04 8.35900000e-04 2.01037000e-03 1.88050000e-04 3.39729000e-03 -1.48192000e-03 -3.02539000e-03 6.10540000e-04 1.36523000e-03 -8.88200000e-05 -8.70920000e-04 -9.31500000e-05 2.45870000e-04 2.44671000e-03 -9.81900000e-04 3.98230000e-04 1.16474000e-03 2.95060000e-04 5.61250000e-04 2.27814000e-03 2.70067000e-03
-2.87900000e-04 1.82688000e-03 -3.33136000e-03 7.27010000e-04 2.16242000e-03 6.91935000e-03 -1.17209000e-03 -7.35600000e-05 3.71030000e-04 -4.78940000e-04 4.13220000e-04 -5.94010000e-04 8.84130000e-04 3.97091000e-03 1.97713000e-03 1.23061000e-03 1.62350000e-04 8.42400000e-04 -4.30940000e-04 -2.56881000e-03 4.99650000e-03 6.21180000e-04 4.26720000e-04 1.31133000e-03 -1.28585000e-03 9.72880000e-04 1.13817000e-03 4.77060000e-04 9.23320000e-04 2.13086000e-03 -7.15400000e-04 -2.10009000e-03 3.30150000e-04 1.98715000e-03 2.98792000e-03 -3.17000000e-06 7.58600000e-04 1.53666000e-03 2.83808400e-02 -7.79780000e-04 -1.31208000e-03 2.18719000e-03 -8.24980000e-04 8.31550000e-04 1.68216000e-03 1.15687000e-03 4.94570000e-04 1.19355000e-03 -1.14836000e-03 6.76470000e-04 1.60883000e-03 -2.04902000e-03 -1.32008000e-03 1.59316000e-03 9.98900000e-04 -4.09393000e-03 6.43780000e-04 4.87527000e-03 3.01005000e-03 4.58429000e-03 -1.22105000e-03 4.74057000e-03 9.34620000e-04 -1.82220000e-03 1.21389000e-03 9.28690000e-04 6.94260000e-04 3.69800000e-04 2.74705000e-03 -8.49450000e-04 7.03150000e-04 -4.02493000e-03 2.22950000e-04 1.45232000e-03 8.85460000e-04 2.65620000e-04 -2.15745000e-03 -1.41017000e-03 1.28801000e-03 -2.48602000e-03 -8.60430000e-04 -1.29648000e-03 1.09415000e-03 -3.52170000e-04 1.00576000e-03 2.21052000e-03 3.41740000e-04 3.59848000e-03 -1.61093000e-03 -3.45341000e-03 7.14880000e-04 1.44586000e-03 -8.99400000e-05 -9.97100000e-04 -5.45700000e-05 3.50160000e-04 2.28686000e-03 -9.64410000e-04 4.33580000e-04 1.22535000e-03 2.85270000e-04 5.61720000e-04 2.35381000e-03 2.51042000e-03
-1.94850000e-04 -5.78200000e-04 1.39012000e-03 -3.53810000e-04 -7.95120000e-04 -2.89579000e-03 8.77340000e-04 4.98870000e-04 -8.05200000e-05 1.63200000e-04 -1.67510000e-04 6.55830000e-04 -2.47460000e-04 -1.78456000e-03 -9.81670000e-04 -3.17570000e-04 6.64800000e-05 -4.24150000e-04 4.81790000e-04 1.34406000e-03 -2.08671000e-03 -4.52040000e-04 -1.50900000e-04 -3.40280000e-04 1.04815000e-03 -3.26440000e-04 -3.88720000e-04 1.71980000e-04 -4.72430000e-04 -8.81450000e-04 7.98780000e-04 1.23800000e-03 4.00600000e-05 -9.95340000e-04 -9.43090000e-04 2.53340000e-04 -2.07980000e-04 -3.96690000e-04 -7.79780000e-04 4.98132700e-02 8.86690000e-04 -5.11090000e-04 4.47900000e-04 3.11000000e-05 -9.05460000e-04 -3.33460000e-04 1.95000000e-05 -2.77330000e-04 7.72770000e-04 9.46400000e-05 -4.52740000e-04 1.58152000e-03 4.47880000e-04 -5.74400000e-04 -1.85240000e-04 2.04479000e-03 -5.89570000e-04 -2.13243000e-03 -1.28468000e-03 -1.93097000e-03 4.01580000e-04 -2.00937000e-03 -2.72060000e-04 1.04388000e-03 -3.64270000e-04 -2.87780000e-04 -6.20040000e-04 1.22930000e-04 -1.04097000e-03 8.12210000e-04 -1.98370000e-04 2.12924000e-03 2.56400000e-05 -7.31690000e-04 -9.96300000e-05 2.41100000e-05 1.32272000e-03 9.99740000e-04 -4.61030000e-04 1.43947000e-03 6.63400000e-04 1.12953000e-03 -2.64610000e-04 4.21100000e-04 -3.80740000e-04 -1.26931000e-03 -1.47220000e-04 -1.87932000e-03 6.29140000e-04 1.57061000e-03 -6.79500000e-04 -8.81030000e-04 -2.25470000e-04 1.21900000e-04 -2.41570000e-04 -5.80550000e-04 -8.91200000e-04 5.57700000e-05 -4.55080000e-04 -7.40260000e-04 -3.55310000e-04 -5.51890000e-04 -1.08584000e-03 -9.29920000e-04
-3.49670000e-04 -1.14538000e-03 3.78313000e-03 -8.90510000e-04 -1.46233000e-03 -7.34415000e-03 2.42130000e-03 1.23697000e-03 4.98340000e-04 1.99610000e-04 2.46620000e-04 7.09510000e-04 -1.00370000e-04 -3.79456000e-03 -2.47281000e-03 -1.50376000e-03 7.93820000e-04 -8.72740000e-04 4.64760000e-04 4.00225000e-03 -4.78530000e-03 -1.25108000e-03 -5.45810000e-04 -5.69870000e-04 2.49231000e-03 -5.57200000e-05 -1.42006000e-03 4.89760000e-04 -1.15328000e-03 -2.40358000e-03 9.56590000e-04 3.51323000e-03 5.50560000e-04 -2.44342000e-03 -2.91074000e-03 1.03046000e-03 5.83300000e-05 -1.14160000e-03 -1.31208000e-03 8.86690000e-04 1.86226200e-02 -1.69684000e-03 1.00160000e-03 -6.59400000e-05 -2.01486000e-03 -1.15013000e-03 3.60300000e-04 -5.68970000e-04 1.33253000e-03 -7.42480000e-04 -1.85794000e-03 2.41313000e-03 1.02075000e-03 -1.02082000e-03 -2.51010000e-04 5.84882000e-03 -1.19368000e-03 -6.90094000e-03 -2.46102000e-03 -4.35993000e-03 1.53717000e-03 -4.69636000e-03 -1.23388000e-03 2.41382000e-03 -4.50220000e-04 -1.10738000e-03 -1.24103000e-03 -5.77720000e-04 -2.36454000e-03 1.14766000e-03 -8.44620000e-04 5.80686000e-03 -1.29620000e-04 -8.76470000e-04 -1.08202000e-03 5.66080000e-04 3.52918000e-03 1.63956000e-03 -1.58211000e-03 3.89780000e-03 1.34033000e-03 1.77997000e-03 -1.36708000e-03 1.39246000e-03 -2.59030000e-04 -3.50621000e-03 -8.56700000e-05 -5.71218000e-03 1.36020000e-03 3.65144000e-03 -1.61135000e-03 -2.53562000e-03 -4.76060000e-04 1.46810000e-04 -6.06340000e-04 -1.03413000e-03 -3.39880000e-03 6.65350000e-04 -1.20275000e-03 -2.11267000e-03 -1.05069000e-03 -1.09834000e-03 -3.63415000e-03 -4.03616000e-03
-6.70640000e-04 2.61298000e-03 -4.40074000e-03 2.97500000e-04 2.67261000e-03 1.00092500e-02 -1.37910000e-03 1.88750000e-04 2.65840000e-04 -2.52930000e-04 3.07430000e-04 -5.13570000e-04 1.08143000e-03 5.63942000e-03 1.96874000e-03 1.56877000e-03 1.34120000e-04 4.85420000e-04 -2.45270000e-04 -3.65502000e-03 7.23079000e-03 7.89690000e-04 3.13390000e-04 1.54877000e-03 -1.20981000e-03 1.02789000e-03 1.38570000e-03 8.73630000e-04 8.40190000e-04 2.52220000e-03 -5.78360000e-04 -2.84658000e-03 1.61270000e-04 1.94875000e-03 4.82301000e-03 9.45500000e-05 8.15060000e-04 2.24793000e-03 2.18719000e-03 -5.11090000e-04 -1.69684000e-03 5.50148400e-02 -1.05160000e-03 1.15608000e-03 1.39749000e-03 1.71550000e-03 8.49490000e-04 1.82979000e-03 -1.17700000e-03 9.73980000e-04 1.78724000e-03 -2.04983000e-03 -1.17085000e-03 1.95355000e-03 1.68573000e-03 -5.49989000e-03 6.32420000e-04 6.87030000e-03 3.91064000e-03 6.44385000e-03 -2.65779000e-03 6.97213000e-03 1.39625000e-03 -1.57210000e-03 1.58115000e-03 1.12673000e-03 6.35990000e-04 8.88010000e-04 4.21698000e-03 -1.06527000e-03 7.47710000e-04 -5.56358000e-03 8.88200000e-04 2.05912000e-03 1.57102000e-03 1.10160000e-04 -2.62224000e-03 -1.52705000e-03 1.58081000e-03 -3.20940000e-03 -8.16850000e-04 1.54310000e-04 1.64577000e-03 -3.09560000e-04 1.38834000e-03 2.76976000e-03 1.13344000e-03 5.27509000e-03 -1.56026000e-03 -2.87817000e-03 1.00557000e-03 2.21424000e-03 3.04880000e-04 -1.62891000e-03 -2.68000000e-05 4.84250000e-04 4.08129000e-03 -1.10523000e-03 8.41470000e-04 1.99214000e-03 1.07217000e-03 5.30790000e-04 3.50926000e-03 3.23349000e-03
2.84960000e-04 -7.97940000e-04 1.99207000e-03 -3.04490000e-04 -9.07800000e-04 -4.02387000e-03 1.04509000e-03 4.14310000e-04 1.95020000e-04 4.62850000e-04 -2.27300000e-05 4.37170000e-04 -2.12960000e-04 -2.17396000e-03 -1.17434000e-03 -7.23960000e-04 2.58700000e-04 -3.50580000e-04 3.19680000e-04 1.81326000e-03 -2.77190000e-03 -3.28240000e-04 -1.58610000e-04 -4.59790000e-04 1.04092000e-03 -1.76780000e-04 -6.67990000e-04 7.07400000e-05 -5.31370000e-04 -1.16339000e-03 5.10030000e-04 1.67427000e-03 9.28900000e-05 -1.22713000e-03 -1.71796000e-03 3.63710000e-04 -1.25970000e-04 -7.17920000e-04 -8.24980000e-04 4.47900000e-04 1.00160000e-03 -1.05160000e-03 4.18190400e-02 -2.96440000e-04 -1.00995000e-03 -5.11240000e-04 1.57800000e-05 -4.93290000e-04 7.84850000e-04 -3.28550000e-04 -8.65120000e-04 1.28190000e-03 9.64280000e-04 -6.67430000e-04 -3.03500000e-04 2.74887000e-03 -2.02240000e-04 -3.22401000e-03 -1.47393000e-03 -2.50438000e-03 9.73920000e-04 -2.77690000e-03 -6.48950000e-04 1.25454000e-03 -3.73930000e-04 -4.75550000e-04 -2.72550000e-04 -3.07240000e-04 -1.38366000e-03 6.74450000e-04 -3.54810000e-04 2.78416000e-03 -5.54600000e-05 -6.09280000e-04 -5.75580000e-04 1.12500000e-04 1.65021000e-03 8.63520000e-04 -7.76540000e-04 1.81280000e-03 6.40660000e-04 9.16240000e-04 -7.04770000e-04 5.40870000e-04 -2.78170000e-04 -1.40668000e-03 6.47100000e-05 -2.53730000e-03 1.10632000e-03 2.25510000e-03 -3.44650000e-04 -8.11710000e-04 2.44840000e-04 5.60980000e-04 1.48480000e-04 -2.69800000e-05 -1.30670000e-03 8.09250000e-04 -1.87090000e-04 -6.47670000e-04 -7.32300000e-05 -1.87700000e-04 -1.57337000e-03 -1.65914000e-03
-6.82920000e-04 1.15886000e-03 -1.23329000e-03 1.47280000e-04 1.12932000e-03 2.60420000e-03 7.70000000e-06 6.63460000e-04 4.01440000e-04 -5.40110000e-04 1.84720000e-04 5.08800000e-05 6.98260000e-04 1.46365000e-03 4.20280000e-04 5.40750000e-04 4.89920000e-04 -2.05400000e-05 -1.45900000e-05 -5.45290000e-04 2.10246000e-03 -2.03760000e-04 7.69400000e-05 8.63640000e-04 6.75900000e-05 6.61700000e-04 4.52970000e-04 7.04960000e-04 2.03020000e-04 6.60730000e-04 1.36040000e-04 -3.25650000e-04 5.11120000e-04 4.52010000e-04 1.39800000e-03 3.96040000e-04 6.68410000e-04 7.73410000e-04 8.31550000e-04 3.11000000e-05 -6.59400000e-05 1.15608000e-03 -2.96440000e-04 2.01287800e-02 2.76930000e-04 5.22030000e-04 5.07190000e-04 7.64190000e-04 -2.65200000e-04 3.71270000e-04 5.56110000e-04 -3.62270000e-04 -8.40750000e-04 8.34920000e-04 7.12230000e-04 -1.04493000e-03 -3.48670000e-04 1.11015000e-03 1.37725000e-03 1.91574000e-03 -6.27490000e-04 1.85564000e-03 4.39470000e-04 -3.00330000e-04 7.18940000e-04 3.41380000e-04 -3.54550000e-04 3.25430000e-04 1.25201000e-03 8.61000000e-06 3.78060000e-04 -1.02741000e-03 1.95040000e-04 5.34830000e-04 4.91360000e-04 3.00190000e-04 -3.56640000e-04 -3.10880000e-04 4.93860000e-04 -5.34410000e-04 -6.39100000e-05 7.20800000e-05 5.79480000e-04 2.69040000e-04 5.67420000e-04 6.75800000e-05 2.65690000e-04 4.35020000e-04 -9.30980000e-04 -1.22416000e-03 -4.29970000e-04 -6.50200000e-05 -5.21450000e-04 -1.01522000e-03 -6.02220000e-04 -5.29790000e-04 5.42130000e-04 -8.92400000e-04 -2.99550000e-04 -7.22900000e-05 -3.53040000e-04 -3.15210000e-04 1.99300000e-04 -1.98100000e-05
1.21430000e-04 1.15009000e-03 -3.70995000e-03 1.72223000e-03 1.76294000e-03 7.29516000e-03 -2.20344000e-03 -1.37382000e-03 -3.39540000e-04 -1.17086000e-03 5.99900000e-05 -8.45040000e-04 2.87910000e-04 3.87996000e-03 3.45630000e-03 1.77443000e-03 -6.82500000e-04 2.06214000e-03 -6.39160000e-04 -3.31686000e-03 4.83236000e-03 6.04370000e-04 8.65200000e-04 8.31980000e-04 -2.75439000e-03 2.83720000e-04 1.63141000e-03 -5.83610000e-04 1.89296000e-03 3.28376000e-03 -9.46850000e-04 -3.15373000e-03 -1.62250000e-04 3.57084000e-03 2.57557000e-03 -1.11204000e-03 1.53030000e-04 1.26086000e-03 1.68216000e-03 -9.05460000e-04 -2.01486000e-03 1.39749000e-03 -1.00995000e-03 2.76930000e-04 6.96089100e-02 1.50329000e-03 -3.15250000e-04 6.81060000e-04 -1.67340000e-03 1.07286000e-03 2.62139000e-03 -2.38407000e-03 -2.39227000e-03 1.51846000e-03 9.03100000e-05 -5.08064000e-03 8.31640000e-04 6.68675000e-03 2.58929000e-03 4.40887000e-03 -2.41960000e-04 4.57277000e-03 1.24405000e-03 -3.31845000e-03 7.09720000e-04 1.40920000e-03 9.45030000e-04 4.18620000e-04 1.90052000e-03 -1.20218000e-03 1.08684000e-03 -5.07145000e-03 -3.43620000e-04 8.01110000e-04 9.80330000e-04 -2.24070000e-04 -3.28545000e-03 -1.42438000e-03 1.83945000e-03 -3.53598000e-03 -1.50442000e-03 -3.65555000e-03 1.41789000e-03 -1.52927000e-03 2.30110000e-04 3.21800000e-03 -7.10240000e-04 5.05555000e-03 -2.71654000e-03 -6.52345000e-03 1.07448000e-03 1.53820000e-03 -7.02830000e-04 -1.81960000e-04 -1.36330000e-04 3.94920000e-04 1.68200000e-03 -1.71617000e-03 5.45000000e-05 1.10907000e-03 -4.60430000e-04 7.84160000e-04 3.32540000e-03 4.59838000e-03
-2.02090000e-04 1.26108000e-03 -2.67772000e-03 7.26620000e-04 1.46071000e-03 5.35327000e-03 -9.95620000e-04 -1.95960000e-04 3.50000000e-07 -4.26390000e-04 -1.51400000e-05 -2.76350000e-04 4.91660000e-04 2.89836000e-03 1.64925000e-03 1.13033000e-03 -9.22600000e-05 7.43750000e-04 -1.38920000e-04 -2.19953000e-03 3.77483000e-03 3.49280000e-04 4.32200000e-04 8.14110000e-04 -1.14563000e-03 4.56690000e-04 1.00026000e-03 2.31020000e-04 9.06530000e-04 1.92821000e-03 -1.89660000e-04 -1.75248000e-03 1.83200000e-05 1.64407000e-03 2.28169000e-03 -2.15310000e-04 3.47530000e-04 1.06058000e-03 1.15687000e-03 -3.33460000e-04 -1.15013000e-03 1.71550000e-03 -5.11240000e-04 5.22030000e-04 1.50329000e-03 4.86995200e-02 2.27940000e-04 8.28430000e-04 -7.84850000e-04 7.25270000e-04 1.39743000e-03 -1.18181000e-03 -1.00310000e-03 1.12336000e-03 6.00390000e-04 -3.31101000e-03 4.21040000e-04 4.12336000e-03 2.03725000e-03 3.38347000e-03 -9.22960000e-04 3.48495000e-03 8.46740000e-04 -1.23971000e-03 8.33840000e-04 9.14500000e-04 4.02930000e-04 4.95880000e-04 1.93553000e-03 -5.74350000e-04 6.80980000e-04 -3.25954000e-03 3.31800000e-04 7.94900000e-04 8.97900000e-04 -1.10370000e-04 -1.73993000e-03 -7.61230000e-04 1.08754000e-03 -2.04341000e-03 -6.55280000e-04 -7.45230000e-04 1.06436000e-03 -5.26210000e-04 5.09330000e-04 1.76527000e-03 4.57590000e-04 3.11770000e-03 -1.24903000e-03 -2.61041000e-03 6.66400000e-04 1.25329000e-03 -1.25500000e-05 -6.29210000e-04 -3.44200000e-05 3.23960000e-04 1.95449000e-03 -7.97920000e-04 3.22330000e-04 1.02414000e-03 3.22210000e-04 3.55180000e-04 1.98100000e-03 2.21640000e-03
-4.21750000e-04 7.68020000e-04 -2.88800000e-04 -2.44530000e-04 6.78190000e-04 1.02083000e-03 5.68530000e-04 7.70420000e-04 5.13960000e-04 4.94800000e-05 3.19440000e-04 3.13400000e-05 5.47050000e-04 8.21470000e-04 -2.93330000e-04 -2.98800000e-05 5.62790000e-04 -9.61800000e-05 4.92400000e-05 2.52830000e-04 1.11577000e-03 -2.16210000e-04 -9.26700000e-05 5.59050000e-04 6.59350000e-04 6.28330000e-04 -7.97400000e-05 7.34260000e-04 -1.85990000e-04 8.09400000e-05 1.26680000e-04 4.60020000e-04 4.16380000e-04 -2.96670000e-04 6.60890000e-04 6.66650000e-04 5.27980000e-04 4.49820000e-04 4.94570000e-04 1.95000000e-05 3.60300000e-04 8.49490000e-04 1.57800000e-05 5.07190000e-04 -3.15250000e-04 2.27940000e-04 4.85714400e-02 5.54280000e-04 4.67800000e-05 7.05600000e-05 -5.80000000e-05 6.70800000e-05 2.22500000e-05 4.56750000e-04 7.17810000e-04 2.24600000e-04 -1.84460000e-04 -3.58670000e-04 7.63490000e-04 9.85130000e-04 -3.46780000e-04 9.03880000e-04 -4.67700000e-05 4.92190000e-04 6.43690000e-04 -1.98900000e-05 -2.15540000e-04 -6.96000000e-06 8.92620000e-04 9.26500000e-05 -1.06220000e-04 2.46930000e-04 4.32210000e-04 6.11390000e-04 8.98200000e-05 4.08580000e-04 4.91180000e-04 -8.15000000e-05 -7.36800000e-05 3.93020000e-04 2.75840000e-04 9.35170000e-04 2.42000000e-06 6.32670000e-04 6.42520000e-04 -4.09000000e-04 6.71860000e-04 -4.88630000e-04 2.69000000e-06 4.59330000e-04 -2.47650000e-04 -1.26380000e-04 1.49700000e-05 -7.26320000e-04 -2.16210000e-04 -1.63920000e-04 2.50870000e-04 -4.22400000e-05 -1.16460000e-04 -3.50400000e-05 4.27000000e-05 -2.28850000e-04 -2.21720000e-04 -4.97920000e-04
-4.68080000e-04 1.36620000e-03 -2.13343000e-03 2.17460000e-04 1.43191000e-03 4.63157000e-03 -4.57120000e-04 2.40700000e-04 3.13710000e-04 -3.93110000e-04 3.19060000e-04 -2.83030000e-04 7.34410000e-04 2.65633000e-03 9.56710000e-04 7.35870000e-04 2.61460000e-04 2.63630000e-04 -1.72140000e-04 -1.46037000e-03 3.31045000e-03 1.90660000e-04 1.59040000e-04 9.23390000e-04 -4.63090000e-04 6.55580000e-04 6.89930000e-04 5.59920000e-04 5.13440000e-04 1.18743000e-03 -2.78950000e-04 -1.08281000e-03 3.29790000e-04 9.57170000e-04 2.35653000e-03 2.02960000e-04 6.11110000e-04 1.22579000e-03 1.19355000e-03 -2.77330000e-04 -5.68970000e-04 1.82979000e-03 -4.93290000e-04 7.64190000e-04 6.81060000e-04 8.28430000e-04 5.54280000e-04 3.04098100e-02 -6.35060000e-04 4.71550000e-04 9.18510000e-04 -1.04283000e-03 -8.85260000e-04 1.18506000e-03 9.20730000e-04 -2.34208000e-03 1.17560000e-04 2.83870000e-03 1.93640000e-03 3.01551000e-03 -1.10274000e-03 3.17859000e-03 6.41310000e-04 -8.19660000e-04 9.23680000e-04 5.36530000e-04 1.24450000e-04 3.83160000e-04 2.04452000e-03 -5.43830000e-04 4.24810000e-04 -2.37052000e-03 3.91290000e-04 1.02507000e-03 7.16250000e-04 2.21440000e-04 -1.04214000e-03 -7.61240000e-04 7.88560000e-04 -1.30396000e-03 -3.77290000e-04 -1.89690000e-04 7.90500000e-04 -1.00500000e-05 8.01070000e-04 1.01044000e-03 4.60300000e-04 1.93982000e-03 -1.08395000e-03 -1.83514000e-03 1.64520000e-04 7.04550000e-04 -1.75400000e-04 -9.83960000e-04 -2.87110000e-04 -3.93300000e-05 1.54856000e-03 -7.77930000e-04 1.24930000e-04 6.13320000e-04 1.13640000e-04 1.38110000e-04 1.25563000e-03 1.26407000e-03
1.27390000e-04 -8.62700000e-04 2.68340000e-03 -7.75710000e-04 -1.18710000e-03 -4.80701000e-03 1.36483000e-03 7.71690000e-04 1.49370000e-04 7.88330000e-04 -1.48540000e-04 7.13180000e-04 -3.27100000e-04 -2.59905000e-03 -1.85639000e-03 -9.50610000e-04 3.40890000e-04 -8.47130000e-04 5.30470000e-04 2.30131000e-03 -3.07261000e-03 -3.65220000e-04 -3.71460000e-04 -6.12780000e-04 1.63166000e-03 -2.40060000e-04 -9.19850000e-04 2.27390000e-04 -1.03768000e-03 -1.73913000e-03 7.98270000e-04 2.01576000e-03 4.83900000e-05 -1.91443000e-03 -1.97352000e-03 5.41300000e-04 -2.21300000e-04 -9.70290000e-04 -1.14836000e-03 7.72770000e-04 1.33253000e-03 -1.17700000e-03 7.84850000e-04 -2.65200000e-04 -1.67340000e-03 -7.84850000e-04 4.67800000e-05 -6.35060000e-04 2.67505000e-02 -4.85900000e-04 -1.41538000e-03 1.87530000e-03 1.50292000e-03 -1.06612000e-03 -2.89080000e-04 3.54916000e-03 -4.27440000e-04 -3.96426000e-03 -1.73031000e-03 -2.87998000e-03 6.91740000e-04 -2.98172000e-03 -7.33530000e-04 1.93567000e-03 -5.63970000e-04 -7.24650000e-04 -4.98360000e-04 -1.83500000e-04 -1.59863000e-03 1.02951000e-03 -5.34590000e-04 3.50943000e-03 1.59900000e-05 -6.66430000e-04 -5.64310000e-04 8.82400000e-05 2.12385000e-03 1.26705000e-03 -1.06643000e-03 2.31614000e-03 9.60480000e-04 1.96079000e-03 -8.26060000e-04 8.25340000e-04 -3.62670000e-04 -1.85234000e-03 1.71900000e-04 -2.91472000e-03 1.74397000e-03 3.81247000e-03 -4.97480000e-04 -9.74760000e-04 4.23130000e-04 5.33690000e-04 1.70660000e-04 -1.46140000e-04 -1.33519000e-03 1.05869000e-03 -1.13410000e-04 -7.03000000e-04 2.19610000e-04 -4.23510000e-04 -1.78577000e-03 -2.47527000e-03
-6.85200000e-05 6.69480000e-04 -1.82043000e-03 5.98260000e-04 8.64590000e-04 3.15802000e-03 -7.19000000e-04 -1.92750000e-04 5.72000000e-06 -2.95290000e-04 -3.49100000e-05 -8.01900000e-05 2.63300000e-04 1.52570000e-03 1.21573000e-03 9.23040000e-04 -1.91810000e-04 7.10700000e-04 -4.27500000e-05 -1.37199000e-03 2.03144000e-03 2.63570000e-04 3.75600000e-04 5.13580000e-04 -8.33860000e-04 2.04540000e-04 7.97770000e-04 7.75500000e-05 6.90050000e-04 1.34182000e-03 -3.81800000e-05 -1.10945000e-03 3.75200000e-05 1.21236000e-03 1.43288000e-03 -2.48280000e-04 1.84240000e-04 7.72260000e-04 6.76470000e-04 9.46400000e-05 -7.42480000e-04 9.73980000e-04 -3.28550000e-04 3.71270000e-04 1.07286000e-03 7.25270000e-04 7.05600000e-05 4.71550000e-04 -4.85900000e-04 2.19863900e-02 1.28501000e-03 -5.59950000e-04 -8.49610000e-04 7.36700000e-04 2.71600000e-04 -2.19196000e-03 2.23950000e-04 2.86658000e-03 1.12116000e-03 1.87877000e-03 -3.41940000e-04 1.83312000e-03 6.30290000e-04 -1.06963000e-03 4.00580000e-04 6.61890000e-04 2.29290000e-04 4.03290000e-04 1.05230000e-03 -1.30700000e-04 5.62550000e-04 -2.08279000e-03 1.75950000e-04 2.09990000e-04 6.61030000e-04 -8.19300000e-05 -1.16488000e-03 -4.74170000e-04 8.76080000e-04 -1.35550000e-03 -4.24870000e-04 -7.65640000e-04 7.95670000e-04 -4.13020000e-04 1.94860000e-04 1.19541000e-03 -4.16600000e-05 1.92566000e-03 -9.60300000e-04 -2.24106000e-03 3.06640000e-04 7.53670000e-04 -2.27430000e-04 -3.26090000e-04 -8.42500000e-05 1.15100000e-05 1.25553000e-03 -7.53180000e-04 1.14440000e-04 5.74890000e-04 -5.84500000e-05 2.52880000e-04 1.40189000e-03 2.27137000e-03
1.81600000e-05 1.22146000e-03 -3.94882000e-03 1.45013000e-03 1.79979000e-03 6.87309000e-03 -1.91310000e-03 -9.20710000e-04 -9.84700000e-05 -9.08770000e-04 7.20200000e-05 -5.70300000e-04 4.83750000e-04 3.45074000e-03 2.94889000e-03 1.81119000e-03 -5.33760000e-04 1.53359000e-03 -4.27250000e-04 -3.23806000e-03 4.25079000e-03 6.53650000e-04 8.00230000e-04 9.96080000e-04 -2.31829000e-03 3.51110000e-04 1.65893000e-03 -2.01880000e-04 1.63430000e-03 2.83112000e-03 -6.50890000e-04 -2.75038000e-03 3.39000000e-06 2.97019000e-03 2.93799000e-03 -7.94130000e-04 3.31690000e-04 1.58074000e-03 1.60883000e-03 -4.52740000e-04 -1.85794000e-03 1.78724000e-03 -8.65120000e-04 5.56110000e-04 2.62139000e-03 1.39743000e-03 -5.80000000e-05 9.18510000e-04 -1.41538000e-03 1.28501000e-03 2.84117200e-02 -2.02628000e-03 -2.08963000e-03 1.63742000e-03 3.88600000e-04 -5.08284000e-03 7.07790000e-04 6.27673000e-03 2.43991000e-03 4.00695000e-03 -6.62570000e-04 4.00680000e-03 1.27501000e-03 -2.86395000e-03 7.63240000e-04 1.35958000e-03 7.54980000e-04 5.82810000e-04 2.16807000e-03 -8.37710000e-04 1.14765000e-03 -4.89987000e-03 -3.95200000e-05 6.20960000e-04 1.12635000e-03 -1.66480000e-04 -2.93324000e-03 -1.38547000e-03 1.84548000e-03 -3.27184000e-03 -1.26469000e-03 -2.75795000e-03 1.52426000e-03 -1.18308000e-03 3.89740000e-04 2.83932000e-03 -4.35400000e-04 4.34535000e-03 -2.41549000e-03 -5.62271000e-03 8.02940000e-04 1.60375000e-03 -5.58880000e-04 -5.20880000e-04 -1.46140000e-04 2.17660000e-04 2.33463000e-03 -1.61625000e-03 2.28200000e-04 1.18557000e-03 -2.74510000e-04 7.55130000e-04 2.91015000e-03 4.52866000e-03
-1.68310000e-04 -1.52151000e-03 4.55168000e-03 -1.06198000e-03 -2.13709000e-03 -8.50662000e-03 2.43483000e-03 1.20951000e-03 1.26590000e-04 6.54890000e-04 -2.71720000e-04 1.20515000e-03 -5.64540000e-04 -4.69464000e-03 -2.92568000e-03 -1.52798000e-03 5.51320000e-04 -1.00741000e-03 8.82900000e-04 4.07036000e-03 -5.53461000e-03 -1.26029000e-03 -5.73210000e-04 -1.04187000e-03 2.72073000e-03 -5.66640000e-04 -1.53757000e-03 3.20980000e-04 -1.43527000e-03 -2.59866000e-03 1.50733000e-03 3.59813000e-03 1.34800000e-04 -2.94260000e-03 -3.48725000e-03 8.22950000e-04 -3.63700000e-04 -1.63664000e-03 -2.04902000e-03 1.58152000e-03 2.41313000e-03 -2.04983000e-03 1.28190000e-03 -3.62270000e-04 -2.38407000e-03 -1.18181000e-03 6.70800000e-05 -1.04283000e-03 1.87530000e-03 -5.59950000e-04 -2.02628000e-03 1.51244300e-02 1.69418000e-03 -1.67378000e-03 -5.96210000e-04 6.21494000e-03 -1.27643000e-03 -7.17295000e-03 -3.29515000e-03 -5.21102000e-03 1.69742000e-03 -5.60844000e-03 -1.26991000e-03 3.07521000e-03 -8.65960000e-04 -1.15887000e-03 -1.39480000e-03 -3.55370000e-04 -2.98156000e-03 1.72423000e-03 -9.39070000e-04 6.24828000e-03 9.08900000e-05 -1.47606000e-03 -9.76760000e-04 1.72620000e-04 3.73225000e-03 2.23331000e-03 -1.74890000e-03 4.09434000e-03 1.65673000e-03 2.89405000e-03 -1.38161000e-03 1.27462000e-03 -7.75130000e-04 -3.69486000e-03 9.17200000e-05 -5.71452000e-03 2.11940000e-03 4.96105000e-03 -1.45499000e-03 -2.40030000e-03 -9.36200000e-05 5.87370000e-04 -3.48630000e-04 -9.15840000e-04 -3.10177000e-03 9.65580000e-04 -9.96950000e-04 -1.94955000e-03 -6.30490000e-04 -1.22212000e-03 -3.46966000e-03 -3.81777000e-03
1.62133000e-03 -9.25710000e-04 3.15182000e-03 -1.33123000e-03 -1.41753000e-03 -4.77120000e-03 1.25208000e-03 6.80140000e-04 1.57420000e-04 2.64948000e-03 -2.06910000e-04 6.44710000e-04 -5.33220000e-04 -2.42161000e-03 -2.45785000e-03 -1.36205000e-03 3.12440000e-04 -1.17989000e-03 5.52460000e-04 2.06469000e-03 -2.90420000e-03 1.12558000e-03 -5.44410000e-04 -9.21200000e-04 1.79819000e-03 -2.64080000e-04 -1.22125000e-03 1.23900000e-04 -1.55800000e-03 -2.14247000e-03 4.98600000e-04 1.84538000e-03 -3.27740000e-04 -2.70663000e-03 -2.06778000e-03 6.24390000e-04 -4.49520000e-04 -1.18827000e-03 -1.32008000e-03 4.47880000e-04 1.02075000e-03 -1.17085000e-03 9.64280000e-04 -8.40750000e-04 -2.39227000e-03 -1.00310000e-03 2.22500000e-05 -8.85260000e-04 1.50292000e-03 -8.49610000e-04 -2.08963000e-03 1.69418000e-03 2.65105500e-02 -1.52788000e-03 -2.46040000e-04 3.47794000e-03 1.11061000e-03 -2.93296000e-03 -1.74354000e-03 -2.73030000e-03 2.82830000e-04 -2.64185000e-03 -9.36440000e-04 2.58124000e-03 -6.82410000e-04 -1.00859000e-03 1.01330000e-03 -2.70080000e-04 -1.38143000e-03 9.40430000e-04 -8.31920000e-04 3.30492000e-03 3.30040000e-04 -2.39950000e-04 -6.84090000e-04 -9.84800000e-05 2.12674000e-03 1.16117000e-03 -1.44586000e-03 2.24347000e-03 1.05510000e-03 3.20932000e-03 -1.18164000e-03 9.48880000e-04 -2.56500000e-04 -4.63240000e-04 8.78200000e-04 -1.15707000e-03 3.96431000e-03 7.05534000e-03 1.33797000e-03 8.49920000e-04 2.57097000e-03 2.00921000e-03 1.99502000e-03 1.77399000e-03 6.03110000e-04 3.26866000e-03 1.79449000e-03 1.15313000e-03 2.50306000e-03 1.01038000e-03 -2.13210000e-04 -1.57623000e-03
-3.27960000e-04 1.54899000e-03 -3.01423000e-03 7.73130000e-04 1.84964000e-03 5.85205000e-03 -9.75010000e-04 -1.04740000e-04 3.55360000e-04 -7.20260000e-04 3.59030000e-04 -5.05980000e-04 8.69270000e-04 3.24226000e-03 1.81931000e-03 1.15362000e-03 1.64540000e-04 8.09970000e-04 -3.72190000e-04 -2.12149000e-03 3.99265000e-03 3.23190000e-04 4.12470000e-04 1.16231000e-03 -1.20470000e-03 7.65330000e-04 1.11623000e-03 3.99500000e-04 1.04016000e-03 1.92809000e-03 -5.35860000e-04 -1.67956000e-03 3.96580000e-04 1.83152000e-03 2.74047000e-03 -4.75500000e-05 7.43630000e-04 1.50220000e-03 1.59316000e-03 -5.74400000e-04 -1.02082000e-03 1.95355000e-03 -6.67430000e-04 8.34920000e-04 1.51846000e-03 1.12336000e-03 4.56750000e-04 1.18506000e-03 -1.06612000e-03 7.36700000e-04 1.63742000e-03 -1.67378000e-03 -1.52788000e-03 3.49014300e-02 8.54490000e-04 -3.46631000e-03 3.32940000e-04 4.08582000e-03 2.44374000e-03 3.71748000e-03 -8.68430000e-04 3.73637000e-03 8.77790000e-04 -1.71938000e-03 1.08021000e-03 8.73900000e-04 3.48880000e-04 3.97230000e-04 2.31107000e-03 -7.57220000e-04 7.66960000e-04 -3.42704000e-03 2.48810000e-04 1.06284000e-03 8.44480000e-04 1.96760000e-04 -1.78209000e-03 -1.17248000e-03 1.25039000e-03 -2.09484000e-03 -7.95470000e-04 -1.37619000e-03 1.08719000e-03 -3.70240000e-04 8.34970000e-04 1.65342000e-03 1.88610000e-04 2.70861000e-03 -1.81963000e-03 -3.62909000e-03 3.37580000e-04 9.80150000e-04 -4.08200000e-04 -9.68540000e-04 -3.42710000e-04 3.12700000e-05 1.77565000e-03 -1.18596000e-03 1.08480000e-04 7.68110000e-04 -1.52770000e-04 4.07290000e-04 1.74967000e-03 2.35503000e-03
-4.95760000e-04 1.34367000e-03 -1.41053000e-03 -1.47890000e-04 1.27565000e-03 3.68168000e-03 -1.00500000e-05 6.40450000e-04 4.65530000e-04 7.80000000e-06 3.25760000e-04 -1.30900000e-04 7.11070000e-04 2.28626000e-03 3.09690000e-04 4.05790000e-04 4.58570000e-04 -2.21700000e-05 -3.28000000e-05 -9.07830000e-04 2.97106000e-03 1.13470000e-04 1.41200000e-05 8.47190000e-04 1.39990000e-04 7.66340000e-04 3.11390000e-04 7.94480000e-04 3.20800000e-05 7.11170000e-04 -1.16410000e-04 -5.30150000e-04 3.34040000e-04 2.89020000e-04 1.88781000e-03 5.19170000e-04 6.27440000e-04 9.63000000e-04 9.98900000e-04 -1.85240000e-04 -2.51010000e-04 1.68573000e-03 -3.03500000e-04 7.12230000e-04 9.03100000e-05 6.00390000e-04 7.17810000e-04 9.20730000e-04 -2.89080000e-04 2.71600000e-04 3.88600000e-04 -5.96210000e-04 -2.46040000e-04 8.54490000e-04 3.81441200e-02 -1.44885000e-03 8.05500000e-05 1.72996000e-03 1.72910000e-03 2.63799000e-03 -1.11183000e-03 2.75698000e-03 3.75190000e-04 -6.37300000e-05 9.03010000e-04 2.85780000e-04 5.54400000e-05 2.48610000e-04 1.92149000e-03 -2.69570000e-04 1.14750000e-04 -1.46966000e-03 5.34070000e-04 1.09802000e-03 5.12710000e-04 3.27960000e-04 -4.31110000e-04 -5.34560000e-04 3.82330000e-04 -6.71170000e-04 -2.09400000e-05 7.82910000e-04 4.66290000e-04 3.86010000e-04 9.01040000e-04 5.27070000e-04 8.34130000e-04 1.21822000e-03 -3.76260000e-04 -3.36400000e-04 1.45570000e-04 5.96000000e-04 1.67580000e-04 -1.00011000e-03 -1.25030000e-04 6.62400000e-05 1.42654000e-03 -2.91610000e-04 2.21760000e-04 6.04910000e-04 4.31620000e-04 2.40000000e-07 8.55510000e-04 3.98700000e-04
2.15600000e-05 -3.87991000e-03 1.05136000e-02 -2.24233000e-03 -4.66951000e-03 -2.05008100e-02 5.70233000e-03 2.36881000e-03 7.59010000e-04 1.07343000e-03 1.99350000e-04 1.78337000e-03 -1.01765000e-03 -1.08072200e-02 -6.41160000e-03 -4.14833000e-03 1.45592000e-03 -2.17155000e-03 1.12600000e-03 1.01193800e-02 -1.36176400e-02 -2.72713000e-03 -1.39080000e-03 -2.27804000e-03 5.84734000e-03 -8.12220000e-04 -3.88560000e-03 4.57920000e-04 -3.05358000e-03 -6.44077000e-03 2.25510000e-03 8.72626000e-03 7.58690000e-04 -6.36694000e-03 -8.67620000e-03 1.99094000e-03 -5.57990000e-04 -3.73601000e-03 -4.09393000e-03 2.04479000e-03 5.84882000e-03 -5.49989000e-03 2.74887000e-03 -1.04493000e-03 -5.08064000e-03 -3.31101000e-03 2.24600000e-04 -2.34208000e-03 3.54916000e-03 -2.19196000e-03 -5.08284000e-03 6.21494000e-03 3.47794000e-03 -3.46631000e-03 -1.44885000e-03 6.00851500e-02 -2.39939000e-03 -1.76619500e-02 -7.32409000e-03 -1.24425100e-02 4.45026000e-03 -1.33190100e-02 -3.42052000e-03 6.20170000e-03 -1.92745000e-03 -3.00854000e-03 -2.53275000e-03 -1.75235000e-03 -7.14564000e-03 2.92818000e-03 -2.34279000e-03 1.49687400e-02 -6.69700000e-04 -2.84022000e-03 -3.19584000e-03 9.64540000e-04 8.77972000e-03 4.31101000e-03 -4.34128000e-03 9.77611000e-03 3.27810000e-03 4.21616000e-03 -3.89166000e-03 3.00305000e-03 -1.36137000e-03 -8.39669000e-03 -4.69210000e-04 -1.40196500e-02 4.37012000e-03 1.02497500e-02 -3.26033000e-03 -5.92957000e-03 -4.48360000e-04 1.65650000e-03 -7.08160000e-04 -1.76716000e-03 -8.70668000e-03 2.63628000e-03 -2.46690000e-03 -4.90519000e-03 -2.01440000e-03 -2.25850000e-03 -8.89594000e-03 -1.00435900e-02
1.70327000e-03 3.34670000e-04 -1.26715000e-03 3.59270000e-04 5.72620000e-04 3.09342000e-03 -1.10827000e-03 -7.15240000e-04 -6.38400000e-05 1.32629000e-03 4.18400000e-05 -3.48150000e-04 -3.97800000e-05 1.68962000e-03 1.07582000e-03 4.87550000e-04 -3.60500000e-04 5.29430000e-04 -2.27070000e-04 -1.72625000e-03 1.88036000e-03 1.89299000e-03 3.08450000e-04 1.26990000e-04 -1.13290000e-03 7.97100000e-05 5.41840000e-04 -3.73090000e-04 3.93690000e-04 9.75840000e-04 -6.98760000e-04 -1.50547000e-03 -3.63210000e-04 8.90730000e-04 1.15733000e-03 -4.45430000e-04 -1.29350000e-04 5.31700000e-04 6.43780000e-04 -5.89570000e-04 -1.19368000e-03 6.32420000e-04 -2.02240000e-04 -3.48670000e-04 8.31640000e-04 4.21040000e-04 -1.84460000e-04 1.17560000e-04 -4.27440000e-04 2.23950000e-04 7.07790000e-04 -1.27643000e-03 1.11061000e-03 3.32940000e-04 8.05500000e-05 -2.39939000e-03 2.30954100e-02 4.17999000e-03 1.04301000e-03 1.83069000e-03 -4.67810000e-04 2.07197000e-03 4.23560000e-04 -1.07290000e-03 1.40050000e-04 4.30430000e-04 2.05577000e-03 1.45500000e-04 9.99550000e-04 -5.57390000e-04 3.52120000e-04 -2.44647000e-03 -8.32300000e-05 6.55430000e-04 3.44500000e-04 -2.32010000e-04 -1.44486000e-03 -6.93080000e-04 5.50870000e-04 -1.63071000e-03 -6.04570000e-04 -7.94620000e-04 3.57210000e-04 -5.85880000e-04 1.85970000e-04 2.92460000e-03 8.75500000e-05 3.90648000e-03 9.16930000e-04 5.00100000e-05 2.30694000e-03 2.53719000e-03 1.79815000e-03 1.53881000e-03 1.80544000e-03 2.10393000e-03 2.77884000e-03 1.40186000e-03 1.95044000e-03 2.35777000e-03 1.98723000e-03 1.95584000e-03 2.98204000e-03 3.10677000e-03
1.35017000e-03 4.55431000e-03 -1.21278600e-02 2.52575000e-03 5.50834000e-03 2.58798500e-02 -6.97534000e-03 -3.01181000e-03 -1.08239000e-03 -1.11500000e-05 -2.47300000e-04 -1.94177000e-03 9.52180000e-04 1.36078300e-02 8.01107000e-03 5.11748000e-03 -2.04471000e-03 2.90386000e-03 -1.25571000e-03 -1.20027800e-02 1.71871700e-02 4.56673000e-03 1.69018000e-03 2.47103000e-03 -7.05702000e-03 7.81640000e-04 4.77776000e-03 -7.91430000e-04 3.61312000e-03 7.98226000e-03 -2.70318000e-03 -1.07428200e-02 -1.16448000e-03 7.86769000e-03 1.11397000e-02 -2.70751000e-03 2.89310000e-04 4.81947000e-03 4.87527000e-03 -2.13243000e-03 -6.90094000e-03 6.87030000e-03 -3.22401000e-03 1.11015000e-03 6.68675000e-03 4.12336000e-03 -3.58670000e-04 2.83870000e-03 -3.96426000e-03 2.86658000e-03 6.27673000e-03 -7.17295000e-03 -2.93296000e-03 4.08582000e-03 1.72996000e-03 -1.76619500e-02 4.17999000e-03 1.10710130e-01 8.97962000e-03 1.55881300e-02 -5.52018000e-03 1.73325600e-02 4.40769000e-03 -7.77928000e-03 2.00486000e-03 3.68005000e-03 4.38022000e-03 2.49734000e-03 8.61212000e-03 -3.47530000e-03 2.99937000e-03 -1.79566400e-02 3.53120000e-04 3.70474000e-03 4.17405000e-03 -1.28072000e-03 -1.03883600e-02 -4.46653000e-03 5.30960000e-03 -1.17054400e-02 -3.98332000e-03 -5.09750000e-03 4.86169000e-03 -3.80423000e-03 1.46693000e-03 1.18150800e-02 -3.42000000e-05 1.95618500e-02 -4.02015000e-03 -1.10238300e-02 5.56830000e-03 8.47076000e-03 1.81402000e-03 -1.73660000e-04 2.11057000e-03 3.53630000e-03 1.18901900e-02 -2.06273000e-03 4.08002000e-03 7.32440000e-03 3.83921000e-03 4.07449000e-03 1.31768600e-02 1.42169500e-02
-6.00100000e-04 3.32873000e-03 -5.74011000e-03 8.78510000e-04 3.65998000e-03 1.26431800e-02 -2.24213000e-03 -3.15000000e-06 4.43320000e-04 -4.26460000e-04 3.32910000e-04 -8.79130000e-04 1.37686000e-03 7.17325000e-03 3.09371000e-03 2.19098000e-03 1.73470000e-04 1.09419000e-03 -5.65600000e-04 -4.71758000e-03 9.45330000e-03 1.23914000e-03 6.00440000e-04 2.07961000e-03 -2.15709000e-03 1.56689000e-03 1.98928000e-03 8.47000000e-04 1.28347000e-03 3.60823000e-03 -1.03122000e-03 -4.02254000e-03 3.09470000e-04 3.10648000e-03 5.39919000e-03 -8.52200000e-05 1.13845000e-03 2.45924000e-03 3.01005000e-03 -1.28468000e-03 -2.46102000e-03 3.91064000e-03 -1.47393000e-03 1.37725000e-03 2.58929000e-03 2.03725000e-03 7.63490000e-04 1.93640000e-03 -1.73031000e-03 1.12116000e-03 2.43991000e-03 -3.29515000e-03 -1.74354000e-03 2.44374000e-03 1.72910000e-03 -7.32409000e-03 1.04301000e-03 8.97962000e-03 4.56751600e-02 8.47684000e-03 -2.74767000e-03 8.96086000e-03 1.79551000e-03 -2.66065000e-03 1.89673000e-03 1.56577000e-03 1.10582000e-03 9.63600000e-04 4.96166000e-03 -1.28153000e-03 1.22617000e-03 -7.42888000e-03 7.27570000e-04 2.57726000e-03 1.83169000e-03 1.24720000e-04 -3.96098000e-03 -2.26999000e-03 2.23554000e-03 -4.62815000e-03 -1.43528000e-03 -1.07039000e-03 2.10924000e-03 -6.39130000e-04 1.64465000e-03 4.00162000e-03 1.01198000e-03 7.12216000e-03 -2.20634000e-03 -4.57869000e-03 1.49148000e-03 2.95982000e-03 2.87190000e-04 -1.77245000e-03 8.69600000e-05 7.83590000e-04 4.71720000e-03 -1.39910000e-03 1.19506000e-03 2.59690000e-03 1.25522000e-03 9.12090000e-04 4.62894000e-03 4.17126000e-03
-7.85240000e-04 5.24716000e-03 -9.23683000e-03 1.28119000e-03 5.54793000e-03 2.11021100e-02 -4.01296000e-03 -5.06910000e-04 2.16180000e-04 -6.19240000e-04 3.08470000e-04 -1.47340000e-03 1.86386000e-03 1.18944900e-02 5.09713000e-03 3.54959000e-03 -1.12980000e-04 1.86822000e-03 -9.05250000e-04 -8.22991000e-03 1.56229200e-02 2.14016000e-03 9.15840000e-04 2.99649000e-03 -3.79395000e-03 2.03916000e-03 3.21324000e-03 9.93390000e-04 2.15413000e-03 6.04747000e-03 -1.75402000e-03 -7.11168000e-03 3.82200000e-05 5.12056000e-03 9.00160000e-03 -5.61030000e-04 1.43470000e-03 3.91363000e-03 4.58429000e-03 -1.93097000e-03 -4.35993000e-03 6.44385000e-03 -2.50438000e-03 1.91574000e-03 4.40887000e-03 3.38347000e-03 9.85130000e-04 3.01551000e-03 -2.87998000e-03 1.87877000e-03 4.00695000e-03 -5.21102000e-03 -2.73030000e-03 3.71748000e-03 2.63799000e-03 -1.24425100e-02 1.83069000e-03 1.55881300e-02 8.47684000e-03 7.41179000e-02 -4.67136000e-03 1.49242100e-02 3.01517000e-03 -4.43240000e-03 2.88296000e-03 2.52931000e-03 1.94147000e-03 1.68301000e-03 8.05721000e-03 -2.37031000e-03 1.83602000e-03 -1.26866000e-02 1.27315000e-03 4.10367000e-03 3.10551000e-03 -1.33100000e-04 -6.83538000e-03 -3.65535000e-03 3.63270000e-03 -7.93023000e-03 -2.36801000e-03 -1.58174000e-03 3.47548000e-03 -1.45431000e-03 2.38345000e-03 6.97329000e-03 1.64070000e-03 1.26208000e-02 -3.50011000e-03 -7.50520000e-03 2.80844000e-03 5.13527000e-03 6.66470000e-04 -2.50844000e-03 3.40310000e-04 1.51569000e-03 8.11122000e-03 -2.25326000e-03 2.10676000e-03 4.52078000e-03 2.29683000e-03 1.58100000e-03 8.32256000e-03 7.64349000e-03
6.42990000e-04 -1.60113000e-03 3.24402000e-03 3.65030000e-04 -1.54745000e-03 -7.45565000e-03 1.37059000e-03 -7.25000000e-06 2.65190000e-04 -1.46800000e-04 7.63800000e-05 3.46580000e-04 -3.90320000e-04 -4.08785000e-03 -9.81940000e-04 -1.02670000e-03 3.23600000e-04 5.86290000e-04 1.16720000e-04 3.13607000e-03 -5.29780000e-03 -8.82440000e-04 1.89300000e-05 -7.35640000e-04 9.00650000e-04 -3.63960000e-04 -8.67310000e-04 -4.20190000e-04 -7.45100000e-05 -1.15760000e-03 4.74350000e-04 2.63085000e-03 3.10020000e-04 -9.56320000e-04 -3.71758000e-03 1.69320000e-04 -1.43830000e-04 -1.42557000e-03 -1.22105000e-03 4.01580000e-04 1.53717000e-03 -2.65779000e-03 9.73920000e-04 -6.27490000e-04 -2.41960000e-04 -9.22960000e-04 -3.46780000e-04 -1.10274000e-03 6.91740000e-04 -3.41940000e-04 -6.62570000e-04 1.69742000e-03 2.82830000e-04 -8.68430000e-04 -1.11183000e-03 4.45026000e-03 -4.67810000e-04 -5.52018000e-03 -2.74767000e-03 -4.67136000e-03 2.93652000e-02 -5.55593000e-03 -1.17010000e-03 8.22400000e-04 -6.17690000e-04 -6.29330000e-04 -4.98970000e-04 -8.77610000e-04 -3.14176000e-03 8.92800000e-04 -4.01670000e-04 4.65269000e-03 -5.58950000e-04 -1.49292000e-03 -1.28671000e-03 2.59470000e-04 2.29029000e-03 1.03485000e-03 -1.00491000e-03 2.72637000e-03 6.40280000e-04 -8.65820000e-04 -1.26824000e-03 3.76100000e-04 -8.00890000e-04 -2.29238000e-03 -8.27580000e-04 -4.73771000e-03 5.30290000e-04 5.14100000e-04 -9.11710000e-04 -2.05344000e-03 -6.25260000e-04 1.24102000e-03 -2.17800000e-04 -4.80990000e-04 -3.70677000e-03 4.77330000e-04 -1.08830000e-03 -1.89090000e-03 -1.55175000e-03 -3.42560000e-04 -2.86478000e-03 -1.62377000e-03
-7.86330000e-04 5.37344000e-03 -9.63581000e-03 1.04369000e-03 5.64994000e-03 2.29741500e-02 -4.44338000e-03 -7.74630000e-04 -5.51900000e-05 -4.53920000e-04 2.87420000e-04 -1.58569000e-03 1.72470000e-03 1.29542400e-02 5.34754000e-03 3.69280000e-03 -4.16820000e-04 1.69118000e-03 -9.50330000e-04 -8.94023000e-03 1.68669500e-02 2.50956000e-03 8.36760000e-04 2.91228000e-03 -4.08013000e-03 1.88282000e-03 3.35022000e-03 8.29470000e-04 2.09384000e-03 6.16255000e-03 -1.98773000e-03 -7.92321000e-03 -2.39370000e-04 5.37928000e-03 9.94794000e-03 -8.30880000e-04 1.19512000e-03 4.20099000e-03 4.74057000e-03 -2.00937000e-03 -4.69636000e-03 6.97213000e-03 -2.77690000e-03 1.85564000e-03 4.57277000e-03 3.48495000e-03 9.03880000e-04 3.17859000e-03 -2.98172000e-03 1.83312000e-03 4.00680000e-03 -5.60844000e-03 -2.64185000e-03 3.73637000e-03 2.75698000e-03 -1.33190100e-02 2.07197000e-03 1.73325600e-02 8.96086000e-03 1.49242100e-02 -5.55593000e-03 8.65165200e-02 3.34283000e-03 -4.80035000e-03 2.78151000e-03 2.59050000e-03 2.22761000e-03 1.95273000e-03 8.63641000e-03 -2.73546000e-03 1.85323000e-03 -1.37482000e-02 1.14214000e-03 4.53864000e-03 3.42970000e-03 -2.83220000e-04 -7.40797000e-03 -3.71054000e-03 3.79721000e-03 -8.55622000e-03 -2.54807000e-03 -1.54603000e-03 3.73974000e-03 -1.70915000e-03 2.41725000e-03 7.76491000e-03 1.48005000e-03 1.42912700e-02 -3.45930000e-03 -7.39592000e-03 3.24292000e-03 5.70502000e-03 9.23570000e-04 -2.46029000e-03 5.25390000e-04 1.78528000e-03 9.00530000e-03 -2.25824000e-03 2.44004000e-03 5.09073000e-03 2.82869000e-03 1.80563000e-03 9.42206000e-03 8.19264000e-03
-1.16710000e-04 9.60750000e-04 -2.43068000e-03 5.44050000e-04 1.13236000e-03 5.04348000e-03 -1.31195000e-03 -4.38520000e-04 -1.88070000e-04 -3.24370000e-04 -9.28400000e-05 -2.71860000e-04 2.76520000e-04 2.58057000e-03 1.57689000e-03 1.13298000e-03 -3.46530000e-04 4.25380000e-04 -1.54820000e-04 -2.27362000e-03 3.33168000e-03 6.14970000e-04 3.52180000e-04 5.62150000e-04 -1.32277000e-03 1.62730000e-04 1.03323000e-03 -5.97100000e-05 7.31980000e-04 1.51203000e-03 -3.54370000e-04 -2.04758000e-03 -1.20350000e-04 1.58724000e-03 2.29636000e-03 -4.96210000e-04 1.44080000e-04 9.98510000e-04 9.34620000e-04 -2.72060000e-04 -1.23388000e-03 1.39625000e-03 -6.48950000e-04 4.39470000e-04 1.24405000e-03 8.46740000e-04 -4.67700000e-05 6.41310000e-04 -7.33530000e-04 6.30290000e-04 1.27501000e-03 -1.26991000e-03 -9.36440000e-04 8.77790000e-04 3.75190000e-04 -3.42052000e-03 4.23560000e-04 4.40769000e-03 1.79551000e-03 3.01517000e-03 -1.17010000e-03 3.34283000e-03 1.93147600e-02 -1.50000000e-03 3.75170000e-04 7.87050000e-04 4.55070000e-04 6.46330000e-04 1.69322000e-03 -5.65600000e-04 7.11260000e-04 -3.47054000e-03 7.90600000e-05 6.21750000e-04 9.62360000e-04 -2.44100000e-04 -1.99966000e-03 -7.75500000e-04 1.14220000e-03 -2.25973000e-03 -7.30400000e-04 -9.63870000e-04 1.13499000e-03 -7.04420000e-04 2.80970000e-04 1.93743000e-03 -7.59600000e-05 3.41913000e-03 -1.13781000e-03 -2.45627000e-03 6.37570000e-04 1.30297000e-03 -5.04700000e-05 -4.28100000e-04 1.35500000e-05 2.32850000e-04 2.06743000e-03 -8.45080000e-04 4.82460000e-04 1.08012000e-03 3.93280000e-04 4.57530000e-04 2.16662000e-03 2.33473000e-03
-2.98970000e-04 -9.96370000e-04 4.34986000e-03 -1.68837000e-03 -1.77217000e-03 -7.95269000e-03 2.73394000e-03 1.74629000e-03 4.07710000e-04 1.19763000e-03 -1.29210000e-04 1.02188000e-03 -2.78220000e-04 -4.03376000e-03 -3.69730000e-03 -1.92024000e-03 9.49690000e-04 -1.69576000e-03 8.11260000e-04 4.02249000e-03 -4.65776000e-03 -1.03058000e-03 -8.51670000e-04 -8.28560000e-04 3.27819000e-03 -8.26200000e-05 -1.87262000e-03 8.28320000e-04 -1.94321000e-03 -3.04761000e-03 1.34617000e-03 3.76080000e-03 2.32520000e-04 -3.75327000e-03 -3.25931000e-03 1.40364000e-03 -9.80600000e-05 -1.66108000e-03 -1.82220000e-03 1.04388000e-03 2.41382000e-03 -1.57210000e-03 1.25454000e-03 -3.00330000e-04 -3.31845000e-03 -1.23971000e-03 4.92190000e-04 -8.19660000e-04 1.93567000e-03 -1.06963000e-03 -2.86395000e-03 3.07521000e-03 2.58124000e-03 -1.71938000e-03 -6.37300000e-05 6.20170000e-03 -1.07290000e-03 -7.77928000e-03 -2.66065000e-03 -4.43240000e-03 8.22400000e-04 -4.80035000e-03 -1.50000000e-03 1.97918100e-02 -4.93990000e-04 -1.42728000e-03 -1.20827000e-03 -5.33560000e-04 -2.16905000e-03 1.53102000e-03 -1.27240000e-03 6.12003000e-03 6.62400000e-04 -7.68220000e-04 -1.11085000e-03 3.28200000e-04 3.93509000e-03 1.85846000e-03 -2.10618000e-03 4.21237000e-03 1.83277000e-03 4.40172000e-03 -1.63675000e-03 1.82575000e-03 -2.03970000e-04 -3.75985000e-03 1.25086000e-03 -5.67051000e-03 2.99616000e-03 7.12402000e-03 -1.15969000e-03 -1.91036000e-03 7.02710000e-04 1.51090000e-04 5.44400000e-05 -4.42250000e-04 -2.42594000e-03 1.86597000e-03 -3.47580000e-04 -1.40912000e-03 3.72580000e-04 -1.17606000e-03 -3.64504000e-03 -5.24071000e-03
-3.95900000e-04 1.48851000e-03 -1.80486000e-03 2.58360000e-04 1.48820000e-03 3.95659000e-03 -2.00520000e-04 4.34530000e-04 4.75340000e-04 -2.79120000e-04 3.40700000e-04 -2.70510000e-04 8.10900000e-04 2.43663000e-03 7.55600000e-04 5.68990000e-04 5.17830000e-04 4.73740000e-04 -1.73800000e-04 -1.13401000e-03 3.19375000e-03 8.88800000e-05 1.57760000e-04 1.01896000e-03 -2.12790000e-04 8.75490000e-04 5.24720000e-04 7.06950000e-04 4.40700000e-04 1.25287000e-03 -2.07670000e-04 -7.44520000e-04 4.30270000e-04 7.48830000e-04 1.73900000e-03 4.39440000e-04 7.55130000e-04 9.28680000e-04 1.21389000e-03 -3.64270000e-04 -4.50220000e-04 1.58115000e-03 -3.73930000e-04 7.18940000e-04 7.09720000e-04 8.33840000e-04 6.43690000e-04 9.23680000e-04 -5.63970000e-04 4.00580000e-04 7.63240000e-04 -8.65960000e-04 -6.82410000e-04 1.08021000e-03 9.03010000e-04 -1.92745000e-03 1.40050000e-04 2.00486000e-03 1.89673000e-03 2.88296000e-03 -6.17690000e-04 2.78151000e-03 3.75170000e-04 -4.93990000e-04 3.79576900e-02 4.54540000e-04 1.35830000e-04 1.58210000e-04 1.85418000e-03 -3.67790000e-04 2.76640000e-04 -1.82773000e-03 5.40590000e-04 1.03976000e-03 4.90400000e-04 3.34610000e-04 -7.82640000e-04 -7.90100000e-04 5.88120000e-04 -9.92820000e-04 -2.29700000e-04 4.64100000e-05 5.28030000e-04 1.97550000e-04 8.65110000e-04 7.54610000e-04 7.74770000e-04 1.37154000e-03 -8.36860000e-04 -1.51517000e-03 1.81460000e-04 5.85740000e-04 -5.82100000e-05 -9.34610000e-04 -1.91040000e-04 5.66900000e-05 1.18747000e-03 -5.20340000e-04 1.15980000e-04 5.20800000e-04 1.06900000e-04 7.35800000e-05 9.62580000e-04 9.57870000e-04
-5.34500000e-05 7.95730000e-04 -2.31146000e-03 7.91720000e-04 1.09679000e-03 4.19649000e-03 -1.10126000e-03 -4.19420000e-04 -7.69300000e-05 -4.18870000e-04 -2.29000000e-05 -2.63990000e-04 2.82700000e-04 2.15298000e-03 1.63813000e-03 1.07320000e-03 -2.83540000e-04 7.12970000e-04 -1.52940000e-04 -1.95847000e-03 2.73194000e-03 4.28780000e-04 4.68460000e-04 5.85940000e-04 -1.26749000e-03 2.46390000e-04 9.58910000e-04 -4.49800000e-05 8.59620000e-04 1.60454000e-03 -2.80590000e-04 -1.65418000e-03 -3.04800000e-05 1.63617000e-03 1.75483000e-03 -4.02700000e-04 1.83140000e-04 8.58450000e-04 9.28690000e-04 -2.87780000e-04 -1.10738000e-03 1.12673000e-03 -4.75550000e-04 3.41380000e-04 1.40920000e-03 9.14500000e-04 -1.98900000e-05 5.36530000e-04 -7.24650000e-04 6.61890000e-04 1.35958000e-03 -1.15887000e-03 -1.00859000e-03 8.73900000e-04 2.85780000e-04 -3.00854000e-03 4.30430000e-04 3.68005000e-03 1.56577000e-03 2.52931000e-03 -6.29330000e-04 2.59050000e-03 7.87050000e-04 -1.42728000e-03 4.54540000e-04 2.99350100e-02 4.45820000e-04 4.24720000e-04 1.37830000e-03 -4.65300000e-04 6.88320000e-04 -2.92877000e-03 4.90600000e-05 4.64830000e-04 7.42660000e-04 -1.39010000e-04 -1.72680000e-03 -7.19480000e-04 1.05948000e-03 -1.93517000e-03 -6.93650000e-04 -1.24391000e-03 9.49260000e-04 -6.36410000e-04 2.70210000e-04 1.69112000e-03 -3.06200000e-05 2.73029000e-03 -1.19692000e-03 -2.73403000e-03 5.51870000e-04 1.07854000e-03 -1.48140000e-04 -3.67280000e-04 -1.21000000e-06 2.22860000e-04 1.54105000e-03 -7.83700000e-04 2.79960000e-04 8.36820000e-04 1.18290000e-04 4.04580000e-04 1.71360000e-03 2.21448000e-03
1.69191000e-03 3.40310000e-04 -1.37542000e-03 3.82440000e-04 5.97760000e-04 3.27612000e-03 -1.18604000e-03 -7.88100000e-04 -1.09460000e-04 1.27421000e-03 6.11700000e-05 -4.00490000e-04 -5.42800000e-05 1.79157000e-03 1.16894000e-03 5.21430000e-04 -4.06960000e-04 5.81170000e-04 -2.71650000e-04 -1.80368000e-03 1.99219000e-03 1.93342000e-03 3.12450000e-04 1.34190000e-04 -1.21121000e-03 7.44100000e-05 5.80010000e-04 -4.19260000e-04 4.43340000e-04 1.03944000e-03 -7.63750000e-04 -1.62213000e-03 -3.69920000e-04 9.99050000e-04 1.21362000e-03 -4.92980000e-04 -1.49770000e-04 5.53340000e-04 6.94260000e-04 -6.20040000e-04 -1.24103000e-03 6.35990000e-04 -2.72550000e-04 -3.54550000e-04 9.45030000e-04 4.02930000e-04 -2.15540000e-04 1.24450000e-04 -4.98360000e-04 2.29290000e-04 7.54980000e-04 -1.39480000e-03 1.01330000e-03 3.48880000e-04 5.54400000e-05 -2.53275000e-03 2.05577000e-03 4.38022000e-03 1.10582000e-03 1.94147000e-03 -4.98970000e-04 2.22761000e-03 4.55070000e-04 -1.20827000e-03 1.35830000e-04 4.45820000e-04 7.68989100e-02 1.53310000e-04 1.02072000e-03 -6.22390000e-04 3.66190000e-04 -2.59346000e-03 -1.19510000e-04 6.83850000e-04 3.64460000e-04 -2.29650000e-04 -1.56109000e-03 -7.55120000e-04 5.97770000e-04 -1.73436000e-03 -6.62750000e-04 -9.64600000e-04 3.82150000e-04 -6.40110000e-04 1.75670000e-04 3.04580000e-03 1.90000000e-07 4.09677000e-03 8.27130000e-04 -1.74070000e-04 2.32007000e-03 2.55513000e-03 1.73477000e-03 1.54065000e-03 1.79524000e-03 2.08165000e-03 2.76144000e-03 1.33618000e-03 1.94220000e-03 2.36371000e-03 1.94190000e-03 1.96822000e-03 3.10503000e-03 3.25431000e-03
-1.08850000e-04 5.98290000e-04 -1.22758000e-03 1.32090000e-04 5.61050000e-04 2.79775000e-03 -6.47950000e-04 -6.65000000e-05 -1.57410000e-04 4.99000000e-06 -1.74160000e-04 4.67500000e-05 1.40110000e-04 1.36283000e-03 6.40940000e-04 6.66760000e-04 -1.68170000e-04 1.56500000e-05 9.11300000e-05 -1.17914000e-03 1.91035000e-03 4.09340000e-04 1.42350000e-04 2.78990000e-04 -5.10470000e-04 3.92700000e-05 6.03710000e-04 6.50200000e-05 2.67150000e-04 7.10860000e-04 4.16500000e-05 -1.09704000e-03 -8.26800000e-05 6.21480000e-04 1.39617000e-03 -2.16970000e-04 5.45400000e-05 5.41270000e-04 3.69800000e-04 1.22930000e-04 -5.77720000e-04 8.88010000e-04 -3.07240000e-04 3.25430000e-04 4.18620000e-04 4.95880000e-04 -6.96000000e-06 3.83160000e-04 -1.83500000e-04 4.03290000e-04 5.82810000e-04 -3.55370000e-04 -2.70080000e-04 3.97230000e-04 2.48610000e-04 -1.75235000e-03 1.45500000e-04 2.49734000e-03 9.63600000e-04 1.68301000e-03 -8.77610000e-04 1.95273000e-03 6.46330000e-04 -5.33560000e-04 1.58210000e-04 4.24720000e-04 1.53310000e-04 1.80618900e-02 9.55940000e-04 -1.12200000e-04 4.51060000e-04 -1.83101000e-03 1.87620000e-04 3.01690000e-04 7.28490000e-04 -2.25410000e-04 -9.96680000e-04 -1.91280000e-04 6.44700000e-04 -1.15846000e-03 -2.81660000e-04 6.39900000e-05 7.57360000e-04 -3.07450000e-04 1.10420000e-04 1.01642000e-03 6.81900000e-05 2.03834000e-03 -3.47530000e-04 -6.54360000e-04 3.47990000e-04 8.03180000e-04 9.95100000e-05 -2.31330000e-04 4.30300000e-05 9.76000000e-05 1.42101000e-03 -3.88310000e-04 4.09310000e-04 7.06280000e-04 4.64070000e-04 2.06030000e-04 1.32120000e-03 1.20853000e-03
-6.35190000e-04 3.17795000e-03 -5.47272000e-03 4.65950000e-04 3.32029000e-03 1.23173100e-02 -2.01489000e-03 1.53600000e-05 3.35260000e-04 -2.29150000e-04 3.62720000e-04 -8.36020000e-04 1.27529000e-03 7.00917000e-03 2.59141000e-03 1.93003000e-03 9.74800000e-05 7.12350000e-04 -4.55860000e-04 -4.71640000e-03 8.99660000e-03 1.17392000e-03 4.39580000e-04 1.87005000e-03 -1.82318000e-03 1.30991000e-03 1.72816000e-03 8.86880000e-04 1.04658000e-03 3.17779000e-03 -9.93590000e-04 -3.80337000e-03 1.33620000e-04 2.56476000e-03 5.63287000e-03 -9.29000000e-06 9.91400000e-04 2.57101000e-03 2.74705000e-03 -1.04097000e-03 -2.36454000e-03 4.21698000e-03 -1.38366000e-03 1.25201000e-03 1.90052000e-03 1.93553000e-03 8.92620000e-04 2.04452000e-03 -1.59863000e-03 1.05230000e-03 2.16807000e-03 -2.98156000e-03 -1.38143000e-03 2.31107000e-03 1.92149000e-03 -7.14564000e-03 9.99550000e-04 8.61212000e-03 4.96166000e-03 8.05721000e-03 -3.14176000e-03 8.63641000e-03 1.69322000e-03 -2.16905000e-03 1.85418000e-03 1.37830000e-03 1.02072000e-03 9.55940000e-04 6.92436500e-02 -1.42073000e-03 9.17690000e-04 -7.21428000e-03 1.00671000e-03 2.59285000e-03 1.80744000e-03 8.43500000e-05 -3.62480000e-03 -2.18697000e-03 1.98208000e-03 -4.31258000e-03 -1.17827000e-03 -2.21260000e-04 1.95718000e-03 -5.16370000e-04 1.70011000e-03 3.72084000e-03 1.34991000e-03 6.79183000e-03 -1.86175000e-03 -3.69623000e-03 1.46868000e-03 2.97121000e-03 5.26050000e-04 -1.85227000e-03 1.66560000e-04 8.29840000e-04 5.05090000e-03 -1.17156000e-03 1.26787000e-03 2.65128000e-03 1.48028000e-03 8.46050000e-04 4.46244000e-03 4.04053000e-03
-5.80100000e-05 -5.75730000e-04 1.96466000e-03 -3.95060000e-04 -7.57820000e-04 -4.16887000e-03 1.18671000e-03 8.69180000e-04 2.83950000e-04 4.87280000e-04 -1.75800000e-04 7.30410000e-04 -1.31900000e-04 -2.37305000e-03 -1.38999000e-03 -5.53840000e-04 4.13110000e-04 -4.81450000e-04 4.88620000e-04 2.03037000e-03 -2.56426000e-03 -4.64520000e-04 -1.96090000e-04 -2.73390000e-04 1.37553000e-03 4.29000000e-06 -5.89820000e-04 3.68350000e-04 -7.61520000e-04 -1.19182000e-03 8.84500000e-04 1.81842000e-03 2.45230000e-04 -1.41487000e-03 -1.80878000e-03 5.62080000e-04 2.23000000e-06 -8.04340000e-04 -8.49450000e-04 8.12210000e-04 1.14766000e-03 -1.06527000e-03 6.74450000e-04 8.61000000e-06 -1.20218000e-03 -5.74350000e-04 9.26500000e-05 -5.43830000e-04 1.02951000e-03 -1.30700000e-04 -8.37710000e-04 1.72423000e-03 9.40430000e-04 -7.57220000e-04 -2.69570000e-04 2.92818000e-03 -5.57390000e-04 -3.47530000e-03 -1.28153000e-03 -2.37031000e-03 8.92800000e-04 -2.73546000e-03 -5.65600000e-04 1.53102000e-03 -3.67790000e-04 -4.65300000e-04 -6.22390000e-04 -1.12200000e-04 -1.42073000e-03 1.97654700e-02 -2.53840000e-04 3.01511000e-03 5.83300000e-05 -7.71440000e-04 -4.19340000e-04 1.54410000e-04 1.77557000e-03 1.06648000e-03 -7.23480000e-04 1.91451000e-03 7.99860000e-04 1.48329000e-03 -5.65030000e-04 7.75950000e-04 -3.13120000e-04 -1.72369000e-03 8.60600000e-05 -2.81889000e-03 1.17922000e-03 2.62231000e-03 -6.99190000e-04 -1.00581000e-03 4.19300000e-05 2.17940000e-04 -8.30100000e-05 -4.30050000e-04 -1.31065000e-03 5.58500000e-04 -3.11500000e-04 -8.05880000e-04 -1.65740000e-04 -5.27880000e-04 -1.69945000e-03 -1.87336000e-03
8.94600000e-05 6.12850000e-04 -1.85873000e-03 7.09230000e-04 8.77560000e-04 3.12877000e-03 -9.54510000e-04 -3.30780000e-04 -2.00700000e-05 -3.45820000e-04 -7.58200000e-05 -1.34600000e-04 2.79990000e-04 1.47070000e-03 1.33653000e-03 9.38130000e-04 -1.84530000e-04 4.89700000e-04 -1.17240000e-04 -1.47096000e-03 1.92319000e-03 4.74210000e-04 3.94650000e-04 4.92580000e-04 -1.10015000e-03 1.90470000e-04 9.18480000e-04 -6.73800000e-05 7.64750000e-04 1.21427000e-03 -1.68800000e-04 -1.31854000e-03 7.89700000e-05 1.31279000e-03 1.37878000e-03 -3.75410000e-04 2.11120000e-04 6.94280000e-04 7.03150000e-04 -1.98370000e-04 -8.44620000e-04 7.47710000e-04 -3.54810000e-04 3.78060000e-04 1.08684000e-03 6.80980000e-04 -1.06220000e-04 4.24810000e-04 -5.34590000e-04 5.62550000e-04 1.14765000e-03 -9.39070000e-04 -8.31920000e-04 7.66960000e-04 1.14750000e-04 -2.34279000e-03 3.52120000e-04 2.99937000e-03 1.22617000e-03 1.83602000e-03 -4.01670000e-04 1.85323000e-03 7.11260000e-04 -1.27240000e-03 2.76640000e-04 6.88320000e-04 3.66190000e-04 4.51060000e-04 9.17690000e-04 -2.53840000e-04 1.82535800e-02 -2.34345000e-03 -7.55700000e-05 2.02850000e-04 6.63320000e-04 -1.69160000e-04 -1.42477000e-03 -5.33030000e-04 9.79390000e-04 -1.60019000e-03 -6.41860000e-04 -1.22514000e-03 8.88200000e-04 -5.62550000e-04 1.15400000e-04 1.39302000e-03 -2.48500000e-04 2.18675000e-03 -9.86070000e-04 -2.22904000e-03 4.15820000e-04 8.68590000e-04 -1.59480000e-04 -1.23690000e-04 -3.95000000e-06 1.48860000e-04 1.23050000e-03 -6.53120000e-04 3.12540000e-04 6.61520000e-04 7.70900000e-05 4.52520000e-04 1.33730000e-03 1.77390000e-03
-4.08600000e-05 -3.92307000e-03 1.03664300e-02 -2.05431000e-03 -4.62836000e-03 -2.08781900e-02 5.75659000e-03 2.39465000e-03 8.29940000e-04 9.60970000e-04 2.41960000e-04 1.80773000e-03 -9.76730000e-04 -1.10331900e-02 -6.32479000e-03 -4.07795000e-03 1.47851000e-03 -2.05336000e-03 1.15815000e-03 1.00617900e-02 -1.39768000e-02 -2.84364000e-03 -1.28883000e-03 -2.16164000e-03 5.84130000e-03 -7.64080000e-04 -3.85843000e-03 4.96750000e-04 -2.99650000e-03 -6.36050000e-03 2.31835000e-03 8.82353000e-03 8.15930000e-04 -6.30260000e-03 -8.89233000e-03 2.06309000e-03 -4.96290000e-04 -3.74758000e-03 -4.02493000e-03 2.12924000e-03 5.80686000e-03 -5.56358000e-03 2.78416000e-03 -1.02741000e-03 -5.07145000e-03 -3.25954000e-03 2.46930000e-04 -2.37052000e-03 3.50943000e-03 -2.08279000e-03 -4.89987000e-03 6.24828000e-03 3.30492000e-03 -3.42704000e-03 -1.46966000e-03 1.49687400e-02 -2.44647000e-03 -1.79566400e-02 -7.42888000e-03 -1.26866000e-02 4.65269000e-03 -1.37482000e-02 -3.47054000e-03 6.12003000e-03 -1.82773000e-03 -2.92877000e-03 -2.59346000e-03 -1.83101000e-03 -7.21428000e-03 3.01511000e-03 -2.34345000e-03 3.45336100e-02 -6.72860000e-04 -2.97074000e-03 -3.24512000e-03 1.03715000e-03 8.76067000e-03 4.23671000e-03 -4.32782000e-03 9.81109000e-03 3.32035000e-03 3.99979000e-03 -3.92565000e-03 3.03673000e-03 -1.34343000e-03 -8.53741000e-03 -4.74390000e-04 -1.44972200e-02 4.20071000e-03 9.82959000e-03 -3.43549000e-03 -6.04599000e-03 -6.03950000e-04 1.49892000e-03 -7.88720000e-04 -1.91028000e-03 -8.82596000e-03 2.50794000e-03 -2.61412000e-03 -5.05622000e-03 -2.26958000e-03 -2.34663000e-03 -9.20584000e-03 -9.92404000e-03
-2.82640000e-04 7.92140000e-04 -6.71890000e-04 -3.19100000e-04 4.99190000e-04 1.54665000e-03 1.17580000e-04 4.47640000e-04 1.99940000e-04 3.46690000e-04 -2.47000000e-05 -1.37700000e-05 3.45810000e-04 9.82750000e-04 -3.06470000e-04 1.06950000e-04 3.12760000e-04 -2.43600000e-05 1.26090000e-04 -3.95570000e-04 1.52742000e-03 4.87400000e-05 -9.14900000e-05 3.22750000e-04 3.39100000e-04 3.71720000e-04 8.63900000e-05 5.14200000e-04 -7.57200000e-05 3.52290000e-04 1.47940000e-04 -1.42460000e-04 8.30800000e-05 -3.26190000e-04 7.47230000e-04 4.23120000e-04 3.11960000e-04 2.46200000e-04 2.22950000e-04 2.56400000e-05 -1.29620000e-04 8.88200000e-04 -5.54600000e-05 1.95040000e-04 -3.43620000e-04 3.31800000e-04 4.32210000e-04 3.91290000e-04 1.59900000e-05 1.75950000e-04 -3.95200000e-05 9.08900000e-05 3.30040000e-04 2.48810000e-04 5.34070000e-04 -6.69700000e-04 -8.32300000e-05 3.53120000e-04 7.27570000e-04 1.27315000e-03 -5.58950000e-04 1.14214000e-03 7.90600000e-05 6.62400000e-04 5.40590000e-04 4.90600000e-05 -1.19510000e-04 1.87620000e-04 1.00671000e-03 5.83300000e-05 -7.55700000e-05 -6.72860000e-04 1.42131600e-02 4.91900000e-04 3.41510000e-04 4.77000000e-06 -9.59100000e-05 -3.00780000e-04 1.00270000e-04 -2.47450000e-04 1.69860000e-04 1.59593000e-03 1.98930000e-04 3.48230000e-04 4.65840000e-04 5.58200000e-05 1.16484000e-03 4.88720000e-04 3.37600000e-04 9.04250000e-04 1.29600000e-04 4.90710000e-04 4.04890000e-04 -6.21660000e-04 9.39200000e-05 1.12330000e-04 1.01731000e-03 2.15150000e-04 4.08460000e-04 4.88950000e-04 6.26370000e-04 -1.07880000e-04 4.38570000e-04 3.37050000e-04
-1.99610000e-04 1.67099000e-03 -2.10940000e-03 -2.17700000e-05 1.67347000e-03 5.92794000e-03 -6.89130000e-04 1.77650000e-04 3.47190000e-04 2.00650000e-04 3.91680000e-04 -4.96040000e-04 7.05100000e-04 3.67541000e-03 9.72000000e-04 6.21970000e-04 2.78960000e-04 3.11090000e-04 -2.64990000e-04 -1.87754000e-03 4.65024000e-03 6.70740000e-04 8.66400000e-05 9.33160000e-04 -5.33340000e-04 8.56130000e-04 5.75620000e-04 5.59420000e-04 2.60310000e-04 1.31958000e-03 -6.45230000e-04 -1.57524000e-03 1.42240000e-04 9.56400000e-04 2.59948000e-03 2.39840000e-04 5.78710000e-04 1.16868000e-03 1.45232000e-03 -7.31690000e-04 -8.76470000e-04 2.05912000e-03 -6.09280000e-04 5.34830000e-04 8.01110000e-04 7.94900000e-04 6.11390000e-04 1.02507000e-03 -6.66430000e-04 2.09990000e-04 6.20960000e-04 -1.47606000e-03 -2.39950000e-04 1.06284000e-03 1.09802000e-03 -2.84022000e-03 6.55430000e-04 3.70474000e-03 2.57726000e-03 4.10367000e-03 -1.49292000e-03 4.53864000e-03 6.21750000e-04 -7.68220000e-04 1.03976000e-03 4.64830000e-04 6.83850000e-04 3.01690000e-04 2.59285000e-03 -7.71440000e-04 2.02850000e-04 -2.97074000e-03 4.91900000e-04 3.32125200e-02 6.99350000e-04 2.36990000e-04 -1.40112000e-03 -1.01879000e-03 6.83620000e-04 -1.68364000e-03 -4.28940000e-04 2.31060000e-04 6.64890000e-04 3.15400000e-05 1.05639000e-03 1.72584000e-03 8.32560000e-04 3.18643000e-03 -4.52830000e-04 -9.52150000e-04 9.06510000e-04 1.44837000e-03 5.72300000e-04 -7.79730000e-04 2.85970000e-04 6.77550000e-04 2.30748000e-03 -1.23160000e-04 7.65190000e-04 1.39256000e-03 1.01795000e-03 5.22290000e-04 2.18391000e-03 1.43225000e-03
-1.91890000e-04 1.11067000e-03 -2.34688000e-03 3.64000000e-04 1.16170000e-03 5.03003000e-03 -1.10024000e-03 -1.96610000e-04 -1.26900000e-04 -1.34510000e-04 -1.11580000e-04 -1.59170000e-04 3.42510000e-04 2.61235000e-03 1.29405000e-03 1.08540000e-03 -2.24140000e-04 3.35450000e-04 -2.74200000e-05 -2.11112000e-03 3.47737000e-03 6.02190000e-04 2.94250000e-04 6.06730000e-04 -1.00444000e-03 2.47160000e-04 9.82730000e-04 1.31740000e-04 6.03200000e-04 1.44739000e-03 -1.74150000e-04 -1.86481000e-03 -7.83300000e-05 1.27414000e-03 2.34170000e-03 -3.03820000e-04 2.03510000e-04 9.92710000e-04 8.85460000e-04 -9.96300000e-05 -1.08202000e-03 1.57102000e-03 -5.75580000e-04 4.91360000e-04 9.80330000e-04 8.97900000e-04 8.98200000e-05 7.16250000e-04 -5.64310000e-04 6.61030000e-04 1.12635000e-03 -9.76760000e-04 -6.84090000e-04 8.44480000e-04 5.12710000e-04 -3.19584000e-03 3.44500000e-04 4.17405000e-03 1.83169000e-03 3.10551000e-03 -1.28671000e-03 3.42970000e-03 9.62360000e-04 -1.11085000e-03 4.90400000e-04 7.42660000e-04 3.64460000e-04 7.28490000e-04 1.80744000e-03 -4.19340000e-04 6.63320000e-04 -3.24512000e-03 3.41510000e-04 6.99350000e-04 2.47987900e-02 -2.35140000e-04 -1.77357000e-03 -6.55080000e-04 1.07936000e-03 -2.04238000e-03 -5.70810000e-04 -2.86940000e-04 1.13720000e-03 -5.08630000e-04 3.71330000e-04 1.77983000e-03 2.30130000e-04 3.32004000e-03 -8.49170000e-04 -1.76862000e-03 6.20620000e-04 1.33903000e-03 9.55800000e-05 -5.32860000e-04 5.20000000e-05 2.30090000e-04 2.23680000e-03 -6.91540000e-04 5.78180000e-04 1.14841000e-03 5.97790000e-04 3.77910000e-04 2.16787000e-03 2.22794000e-03
-2.79020000e-04 2.19100000e-04 3.40260000e-04 -8.09100000e-05 2.56780000e-04 -5.92830000e-04 6.54130000e-04 5.40800000e-04 4.33760000e-04 -1.16340000e-04 3.62890000e-04 3.44700000e-05 3.31710000e-04 -1.05490000e-04 -2.96220000e-04 -2.17530000e-04 4.52270000e-04 -1.05800000e-05 -9.96000000e-06 7.65640000e-04 -1.91740000e-04 -3.33900000e-04 -6.30300000e-05 3.22500000e-04 6.21740000e-04 4.30980000e-04 -2.35470000e-04 4.44650000e-04 -1.66390000e-04 -2.29220000e-04 6.71100000e-05 7.97930000e-04 4.11710000e-04 -2.70820000e-04 -1.68970000e-04 5.15500000e-04 3.67410000e-04 1.23590000e-04 2.65620000e-04 2.41100000e-05 5.66080000e-04 1.10160000e-04 1.12500000e-04 3.00190000e-04 -2.24070000e-04 -1.10370000e-04 4.08580000e-04 2.21440000e-04 8.82400000e-05 -8.19300000e-05 -1.66480000e-04 1.72620000e-04 -9.84800000e-05 1.96760000e-04 3.27960000e-04 9.64540000e-04 -2.32010000e-04 -1.28072000e-03 1.24720000e-04 -1.33100000e-04 2.59470000e-04 -2.83220000e-04 -2.44100000e-04 3.28200000e-04 3.34610000e-04 -1.39010000e-04 -2.29650000e-04 -2.25410000e-04 8.43500000e-05 1.54410000e-04 -1.69160000e-04 1.03715000e-03 4.77000000e-06 2.36990000e-04 -2.35140000e-04 1.35468300e-02 7.46390000e-04 7.96700000e-05 -2.40110000e-04 7.88600000e-04 2.70760000e-04 1.81370000e-04 -2.70870000e-04 5.38880000e-04 3.52390000e-04 -7.10470000e-04 1.12710000e-04 -1.28813000e-03 -6.62300000e-05 1.20200000e-04 -4.53430000e-04 -5.95110000e-04 -2.63020000e-04 -3.86280000e-04 -2.82720000e-04 -3.14660000e-04 -6.84980000e-04 -7.34000000e-05 -4.10330000e-04 -4.91460000e-04 -4.25810000e-04 -2.72250000e-04 -7.85390000e-04 -8.40580000e-04
-1.83860000e-04 -1.90347000e-03 5.84040000e-03 -1.44399000e-03 -2.39855000e-03 -1.14046500e-02 3.63564000e-03 1.79080000e-03 6.96380000e-04 7.24630000e-04 2.56260000e-04 1.11507000e-03 -3.26590000e-04 -5.92717000e-03 -3.92729000e-03 -2.40046000e-03 1.09357000e-03 -1.39204000e-03 7.44620000e-04 5.88601000e-03 -7.48657000e-03 -1.67298000e-03 -8.43810000e-04 -1.04280000e-03 3.77051000e-03 -2.04030000e-04 -2.29553000e-03 6.76530000e-04 -1.88759000e-03 -3.74107000e-03 1.45179000e-03 5.33153000e-03 6.07870000e-04 -3.92794000e-03 -4.59469000e-03 1.51520000e-03 -9.06200000e-05 -1.86612000e-03 -2.15745000e-03 1.32272000e-03 3.52918000e-03 -2.62224000e-03 1.65021000e-03 -3.56640000e-04 -3.28545000e-03 -1.73993000e-03 4.91180000e-04 -1.04214000e-03 2.12385000e-03 -1.16488000e-03 -2.93324000e-03 3.73225000e-03 2.12674000e-03 -1.78209000e-03 -4.31110000e-04 8.77972000e-03 -1.44486000e-03 -1.03883600e-02 -3.96098000e-03 -6.83538000e-03 2.29029000e-03 -7.40797000e-03 -1.99966000e-03 3.93509000e-03 -7.82640000e-04 -1.72680000e-03 -1.56109000e-03 -9.96680000e-04 -3.62480000e-03 1.77557000e-03 -1.42477000e-03 8.76067000e-03 -9.59100000e-05 -1.40112000e-03 -1.77357000e-03 7.46390000e-04 4.58624700e-02 2.47700000e-03 -2.56696000e-03 5.88475000e-03 2.09627000e-03 3.11294000e-03 -2.23751000e-03 2.07989000e-03 -4.60240000e-04 -5.08062000e-03 1.73770000e-04 -8.43581000e-03 2.61907000e-03 6.34298000e-03 -1.99488000e-03 -3.41027000e-03 -1.58270000e-04 5.59230000e-04 -4.59730000e-04 -1.06887000e-03 -4.68480000e-03 1.57021000e-03 -1.43093000e-03 -2.78158000e-03 -1.05970000e-03 -1.40304000e-03 -5.29683000e-03 -5.96175000e-03
2.51800000e-05 -1.28184000e-03 3.09605000e-03 -6.17130000e-04 -1.54210000e-03 -5.77831000e-03 1.54385000e-03 6.60440000e-04 -4.29800000e-05 4.30730000e-04 -1.82660000e-04 8.06670000e-04 -5.13460000e-04 -3.22392000e-03 -1.77169000e-03 -9.92770000e-04 1.89510000e-04 -7.62390000e-04 5.72990000e-04 2.77162000e-03 -3.93388000e-03 -7.14050000e-04 -3.43150000e-04 -8.12580000e-04 1.67568000e-03 -5.00270000e-04 -1.00826000e-03 3.69300000e-05 -9.35280000e-04 -1.82521000e-03 9.80430000e-04 2.34856000e-03 2.68300000e-05 -1.78011000e-03 -2.35780000e-03 3.88510000e-04 -4.14260000e-04 -1.09655000e-03 -1.41017000e-03 9.99740000e-04 1.63956000e-03 -1.52705000e-03 8.63520000e-04 -3.10880000e-04 -1.42438000e-03 -7.61230000e-04 -8.15000000e-05 -7.61240000e-04 1.26705000e-03 -4.74170000e-04 -1.38547000e-03 2.23331000e-03 1.16117000e-03 -1.17248000e-03 -5.34560000e-04 4.31101000e-03 -6.93080000e-04 -4.46653000e-03 -2.26999000e-03 -3.65535000e-03 1.03485000e-03 -3.71054000e-03 -7.75500000e-04 1.85846000e-03 -7.90100000e-04 -7.19480000e-04 -7.55120000e-04 -1.91280000e-04 -2.18697000e-03 1.06648000e-03 -5.33030000e-04 4.23671000e-03 -3.00780000e-04 -1.01879000e-03 -6.55080000e-04 7.96700000e-05 2.47700000e-03 1.16824000e-02 -1.16354000e-03 2.74570000e-03 9.96140000e-04 1.46004000e-03 -8.86620000e-04 7.15120000e-04 -6.39010000e-04 -2.23944000e-03 -2.90510000e-04 -3.49201000e-03 1.42520000e-03 3.30754000e-03 -8.19650000e-04 -1.53891000e-03 -2.91900000e-05 6.70540000e-04 -1.37970000e-04 -4.78880000e-04 -2.15737000e-03 7.16110000e-04 -6.42620000e-04 -1.24472000e-03 -3.60300000e-04 -6.60730000e-04 -2.20245000e-03 -2.70588000e-03
-7.11200000e-05 1.16743000e-03 -3.25750000e-03 9.49020000e-04 1.50875000e-03 6.05623000e-03 -1.67404000e-03 -6.65980000e-04 -1.33180000e-04 -5.80630000e-04 -2.61900000e-05 -4.43200000e-04 4.15060000e-04 3.08740000e-03 2.20523000e-03 1.46174000e-03 -3.95440000e-04 8.92070000e-04 -2.95640000e-04 -2.80054000e-03 3.93128000e-03 7.02490000e-04 5.59120000e-04 7.93770000e-04 -1.83348000e-03 3.06220000e-04 1.38666000e-03 -1.15120000e-04 1.18092000e-03 2.13590000e-03 -5.32540000e-04 -2.48310000e-03 -3.25600000e-05 2.20365000e-03 2.62404000e-03 -6.20430000e-04 2.83200000e-04 1.24104000e-03 1.28801000e-03 -4.61030000e-04 -1.58211000e-03 1.58081000e-03 -7.76540000e-04 4.93860000e-04 1.83945000e-03 1.08754000e-03 -7.36800000e-05 7.88560000e-04 -1.06643000e-03 8.76080000e-04 1.84548000e-03 -1.74890000e-03 -1.44586000e-03 1.25039000e-03 3.82330000e-04 -4.34128000e-03 5.50870000e-04 5.30960000e-03 2.23554000e-03 3.63270000e-03 -1.00491000e-03 3.79721000e-03 1.14220000e-03 -2.10618000e-03 5.88120000e-04 1.05948000e-03 5.97770000e-04 6.44700000e-04 1.98208000e-03 -7.23480000e-04 9.79390000e-04 -4.32782000e-03 1.00270000e-04 6.83620000e-04 1.07936000e-03 -2.40110000e-04 -2.56696000e-03 -1.16354000e-03 1.15234800e-02 -2.86248000e-03 -1.04870000e-03 -1.72964000e-03 1.36626000e-03 -9.33940000e-04 3.63610000e-04 2.41995000e-03 -1.53280000e-04 4.00105000e-03 -1.70170000e-03 -3.82115000e-03 7.38970000e-04 1.53051000e-03 -2.41820000e-04 -5.18690000e-04 -3.82000000e-05 2.49950000e-04 2.26704000e-03 -1.15514000e-03 4.83000000e-04 1.20049000e-03 1.95330000e-04 6.12550000e-04 2.53742000e-03 3.23480000e-03
-1.71830000e-04 -2.33024000e-03 6.62611000e-03 -1.51769000e-03 -2.84415000e-03 -1.31289600e-02 3.94804000e-03 1.78596000e-03 6.57260000e-04 6.97280000e-04 2.76710000e-04 1.18577000e-03 -4.84960000e-04 -6.84252000e-03 -4.28537000e-03 -2.69903000e-03 1.09812000e-03 -1.47451000e-03 7.91970000e-04 6.57140000e-03 -8.72293000e-03 -1.87984000e-03 -9.06640000e-04 -1.27300000e-03 4.06253000e-03 -3.54550000e-04 -2.56294000e-03 5.58930000e-04 -2.04163000e-03 -4.19764000e-03 1.54100000e-03 5.86801000e-03 6.15980000e-04 -4.28026000e-03 -5.40793000e-03 1.55599000e-03 -2.05890000e-04 -2.22613000e-03 -2.48602000e-03 1.43947000e-03 3.89780000e-03 -3.20940000e-03 1.81280000e-03 -5.34410000e-04 -3.53598000e-03 -2.04341000e-03 3.93020000e-04 -1.30396000e-03 2.31614000e-03 -1.35550000e-03 -3.27184000e-03 4.09434000e-03 2.24347000e-03 -2.09484000e-03 -6.71170000e-04 9.77611000e-03 -1.63071000e-03 -1.17054400e-02 -4.62815000e-03 -7.93023000e-03 2.72637000e-03 -8.55622000e-03 -2.25973000e-03 4.21237000e-03 -9.92820000e-04 -1.93517000e-03 -1.73436000e-03 -1.15846000e-03 -4.31258000e-03 1.91451000e-03 -1.60019000e-03 9.81109000e-03 -2.47450000e-04 -1.68364000e-03 -2.04238000e-03 7.88600000e-04 5.88475000e-03 2.74570000e-03 -2.86248000e-03 2.59884500e-02 2.27461000e-03 3.07847000e-03 -2.54634000e-03 2.18495000e-03 -6.46560000e-04 -5.65243000e-03 -3.36500000e-05 -9.47648000e-03 2.81392000e-03 6.75593000e-03 -2.27640000e-03 -3.90936000e-03 -3.13800000e-04 7.27970000e-04 -5.40930000e-04 -1.25863000e-03 -5.51134000e-03 1.67980000e-03 -1.67797000e-03 -3.23101000e-03 -1.35450000e-03 -1.58374000e-03 -5.99454000e-03 -6.61041000e-03
-1.78620000e-04 -5.28520000e-04 2.35112000e-03 -7.48770000e-04 -8.86360000e-04 -4.14365000e-03 1.47125000e-03 8.83370000e-04 2.68080000e-04 4.51540000e-04 3.37100000e-05 5.45830000e-04 -1.08430000e-04 -2.09754000e-03 -1.74400000e-03 -9.25640000e-04 4.93820000e-04 -6.87860000e-04 4.15230000e-04 2.17298000e-03 -2.52223000e-03 -6.26820000e-04 -3.76670000e-04 -3.65220000e-04 1.68062000e-03 -4.34400000e-05 -9.34700000e-04 4.12900000e-04 -9.21390000e-04 -1.49047000e-03 6.91230000e-04 2.01426000e-03 1.85040000e-04 -1.75531000e-03 -1.65209000e-03 7.01170000e-04 -1.65100000e-05 -7.45030000e-04 -8.60430000e-04 6.63400000e-04 1.34033000e-03 -8.16850000e-04 6.40660000e-04 -6.39100000e-05 -1.50442000e-03 -6.55280000e-04 2.75840000e-04 -3.77290000e-04 9.60480000e-04 -4.24870000e-04 -1.26469000e-03 1.65673000e-03 1.05510000e-03 -7.95470000e-04 -2.09400000e-05 3.27810000e-03 -6.04570000e-04 -3.98332000e-03 -1.43528000e-03 -2.36801000e-03 6.40280000e-04 -2.54807000e-03 -7.30400000e-04 1.83277000e-03 -2.29700000e-04 -6.93650000e-04 -6.62750000e-04 -2.81660000e-04 -1.17827000e-03 7.99860000e-04 -6.41860000e-04 3.32035000e-03 1.69860000e-04 -4.28940000e-04 -5.70810000e-04 2.70760000e-04 2.09627000e-03 9.96140000e-04 -1.04870000e-03 2.27461000e-03 1.43347900e-02 1.86630000e-03 -8.31180000e-04 9.31120000e-04 -1.03730000e-04 -2.00025000e-03 3.62290000e-04 -3.13784000e-03 1.26998000e-03 3.04455000e-03 -7.44370000e-04 -1.20181000e-03 1.06820000e-04 7.88200000e-05 -1.20150000e-04 -3.99390000e-04 -1.49160000e-03 6.99570000e-04 -4.26420000e-04 -9.31510000e-04 -1.60130000e-04 -6.48050000e-04 -1.92449000e-03 -2.43708000e-03
-5.37380000e-04 2.71070000e-04 3.07316000e-03 -2.29476000e-03 -8.84150000e-04 -3.82091000e-03 2.33471000e-03 2.20602000e-03 4.83150000e-04 1.95748000e-03 -2.67790000e-04 1.07717000e-03 5.47500000e-05 -1.67840000e-03 -3.77300000e-03 -1.49270000e-03 1.09403000e-03 -2.01666000e-03 9.94350000e-04 2.61433000e-03 -1.23803000e-03 -4.30300000e-04 -1.00718000e-03 -3.84940000e-04 3.38114000e-03 2.94260000e-04 -1.53409000e-03 1.41515000e-03 -2.24273000e-03 -2.47341000e-03 1.37857000e-03 2.63528000e-03 7.90700000e-05 -3.88777000e-03 -1.20243000e-03 1.65484000e-03 1.27750000e-04 -9.72960000e-04 -1.29648000e-03 1.12953000e-03 1.77997000e-03 1.54310000e-04 9.16240000e-04 7.20800000e-05 -3.65555000e-03 -7.45230000e-04 9.35170000e-04 -1.89690000e-04 1.96079000e-03 -7.65640000e-04 -2.75795000e-03 2.89405000e-03 3.20932000e-03 -1.37619000e-03 7.82910000e-04 4.21616000e-03 -7.94620000e-04 -5.09750000e-03 -1.07039000e-03 -1.58174000e-03 -8.65820000e-04 -1.54603000e-03 -9.63870000e-04 4.40172000e-03 4.64100000e-05 -1.24391000e-03 -9.64600000e-04 6.39900000e-05 -2.21260000e-04 1.48329000e-03 -1.22514000e-03 3.99979000e-03 1.59593000e-03 2.31060000e-04 -2.86940000e-04 1.81370000e-04 3.11294000e-03 1.46004000e-03 -1.72964000e-03 3.07847000e-03 1.86630000e-03 4.42418800e-02 -1.01435000e-03 2.01455000e-03 3.91890000e-04 -2.70685000e-03 2.39441000e-03 -3.12963000e-03 3.55735000e-03 8.44080000e-03 -4.41660000e-04 -5.21630000e-04 1.61788000e-03 -4.81880000e-04 4.60490000e-04 7.16600000e-05 1.89540000e-04 2.12036000e-03 6.49920000e-04 -7.01000000e-06 1.86182000e-03 -9.50620000e-04 -1.74961000e-03 -4.11804000e-03
-2.42500000e-04 1.18816000e-03 -2.92348000e-03 6.78490000e-04 1.38651000e-03 5.74351000e-03 -1.43100000e-03 -3.95830000e-04 -1.48630000e-04 -4.67720000e-04 -1.20300000e-04 -2.70120000e-04 3.99920000e-04 2.91627000e-03 1.79517000e-03 1.34901000e-03 -3.18950000e-04 5.36470000e-04 -1.44590000e-04 -2.54631000e-03 3.82953000e-03 5.87950000e-04 4.33650000e-04 7.30500000e-04 -1.46268000e-03 2.69140000e-04 1.24078000e-03 3.21800000e-05 9.07360000e-04 1.81820000e-03 -2.98240000e-04 -2.24623000e-03 -5.07800000e-05 1.79534000e-03 2.61219000e-03 -4.87040000e-04 2.53490000e-04 1.16040000e-03 1.09415000e-03 -2.64610000e-04 -1.36708000e-03 1.64577000e-03 -7.04770000e-04 5.79480000e-04 1.41789000e-03 1.06436000e-03 2.42000000e-06 7.90500000e-04 -8.26060000e-04 7.95670000e-04 1.52426000e-03 -1.38161000e-03 -1.18164000e-03 1.08719000e-03 4.66290000e-04 -3.89166000e-03 3.57210000e-04 4.86169000e-03 2.10924000e-03 3.47548000e-03 -1.26824000e-03 3.73974000e-03 1.13499000e-03 -1.63675000e-03 5.28030000e-04 9.49260000e-04 3.82150000e-04 7.57360000e-04 1.95718000e-03 -5.65030000e-04 8.88200000e-04 -3.92565000e-03 1.98930000e-04 6.64890000e-04 1.13720000e-03 -2.70870000e-04 -2.23751000e-03 -8.86620000e-04 1.36626000e-03 -2.54634000e-03 -8.31180000e-04 -1.01435000e-03 2.18572500e-02 -7.51980000e-04 3.56500000e-04 2.06992000e-03 2.70200000e-05 3.70553000e-03 -1.40717000e-03 -2.90533000e-03 5.95440000e-04 1.39993000e-03 -1.64610000e-04 -6.42090000e-04 -1.00360000e-04 1.42070000e-04 2.28826000e-03 -1.06697000e-03 4.65070000e-04 1.13151000e-03 3.41700000e-04 4.16230000e-04 2.31313000e-03 2.60580000e-03
-3.74910000e-04 1.50200000e-05 1.76097000e-03 -7.63900000e-04 -2.62290000e-04 -3.08846000e-03 1.59526000e-03 1.27270000e-03 6.41230000e-04 4.55790000e-04 2.74160000e-04 4.33840000e-04 3.04360000e-04 -1.37636000e-03 -1.67785000e-03 -8.37520000e-04 8.38790000e-04 -6.92590000e-04 3.17850000e-04 2.11317000e-03 -1.55632000e-03 -5.87540000e-04 -3.87920000e-04 9.63100000e-05 1.82428000e-03 4.72300000e-04 -8.35540000e-04 8.29150000e-04 -9.25460000e-04 -1.30356000e-03 5.89190000e-04 2.05454000e-03 5.16810000e-04 -1.69483000e-03 -1.13824000e-03 1.06914000e-03 3.94030000e-04 -4.00920000e-04 -3.52170000e-04 4.21100000e-04 1.39246000e-03 -3.09560000e-04 5.40870000e-04 2.69040000e-04 -1.52927000e-03 -5.26210000e-04 6.32670000e-04 -1.00500000e-05 8.25340000e-04 -4.13020000e-04 -1.18308000e-03 1.27462000e-03 9.48880000e-04 -3.70240000e-04 3.86010000e-04 3.00305000e-03 -5.85880000e-04 -3.80423000e-03 -6.39130000e-04 -1.45431000e-03 3.76100000e-04 -1.70915000e-03 -7.04420000e-04 1.82575000e-03 1.97550000e-04 -6.36410000e-04 -6.40110000e-04 -3.07450000e-04 -5.16370000e-04 7.75950000e-04 -5.62550000e-04 3.03673000e-03 3.48230000e-04 3.15400000e-05 -5.08630000e-04 5.38880000e-04 2.07989000e-03 7.15120000e-04 -9.33940000e-04 2.18495000e-03 9.31120000e-04 2.01455000e-03 -7.51980000e-04 2.02025400e-02 3.42550000e-04 -1.95724000e-03 6.62110000e-04 -3.08984000e-03 1.12960000e-03 2.95104000e-03 -7.98630000e-04 -1.09707000e-03 1.17580000e-04 -3.80750000e-04 -2.01710000e-04 -4.18330000e-04 -1.20446000e-03 6.60020000e-04 -3.63210000e-04 -8.12730000e-04 -8.44600000e-05 -6.24220000e-04 -1.89888000e-03 -2.57567000e-03
-3.44070000e-04 1.19498000e-03 -1.34210000e-03 -1.35300000e-05 1.22564000e-03 3.24304000e-03 -5.03900000e-05 4.95740000e-04 5.13700000e-04 1.71700000e-05 3.81210000e-04 -2.48200000e-04 6.91230000e-04 2.08406000e-03 4.03680000e-04 3.51310000e-04 4.45430000e-04 1.48160000e-04 -1.21340000e-04 -7.91800000e-04 2.63527000e-03 1.65210000e-04 6.17300000e-05 8.10460000e-04 7.20000000e-06 7.91290000e-04 2.99250000e-04 6.69180000e-04 1.18820000e-04 7.20660000e-04 -2.49520000e-04 -4.75090000e-04 3.58900000e-04 3.85680000e-04 1.54452000e-03 4.82590000e-04 6.27820000e-04 8.35900000e-04 1.00576000e-03 -3.80740000e-04 -2.59030000e-04 1.38834000e-03 -2.78170000e-04 5.67420000e-04 2.30110000e-04 5.09330000e-04 6.42520000e-04 8.01070000e-04 -3.62670000e-04 1.94860000e-04 3.89740000e-04 -7.75130000e-04 -2.56500000e-04 8.34970000e-04 9.01040000e-04 -1.36137000e-03 1.85970000e-04 1.46693000e-03 1.64465000e-03 2.38345000e-03 -8.00890000e-04 2.41725000e-03 2.80970000e-04 -2.03970000e-04 8.65110000e-04 2.70210000e-04 1.75670000e-04 1.10420000e-04 1.70011000e-03 -3.13120000e-04 1.15400000e-04 -1.34343000e-03 4.65840000e-04 1.05639000e-03 3.71330000e-04 3.52390000e-04 -4.60240000e-04 -6.39010000e-04 3.63610000e-04 -6.46560000e-04 -1.03730000e-04 3.91890000e-04 3.56500000e-04 3.42550000e-04 2.88294700e-02 5.60250000e-04 7.36500000e-04 1.03970000e-03 -3.76920000e-04 -5.35480000e-04 1.98670000e-04 5.80640000e-04 1.68830000e-04 -8.53280000e-04 -4.45100000e-05 1.53000000e-04 1.16636000e-03 -1.73350000e-04 2.47460000e-04 5.67480000e-04 3.60860000e-04 1.16440000e-04 7.34100000e-04 4.58430000e-04
1.65099000e-03 1.81797000e-03 -5.48568000e-03 1.27951000e-03 2.36714000e-03 1.16110600e-02 -3.52475000e-03 -1.79184000e-03 -5.75850000e-04 7.97200000e-04 -1.22300000e-04 -1.03087000e-03 2.32240000e-04 6.11869000e-03 3.83479000e-03 2.27995000e-03 -1.12485000e-03 1.53049000e-03 -6.70500000e-04 -5.75059000e-03 7.57428000e-03 3.01753000e-03 8.76670000e-04 9.32860000e-04 -3.58295000e-03 2.76200000e-04 2.20595000e-03 -7.00410000e-04 1.71488000e-03 3.71143000e-03 -1.54717000e-03 -5.20607000e-03 -7.38520000e-04 3.67693000e-03 4.73219000e-03 -1.43565000e-03 -6.43500000e-05 2.01037000e-03 2.21052000e-03 -1.26931000e-03 -3.50621000e-03 2.76976000e-03 -1.40668000e-03 6.75800000e-05 3.21800000e-03 1.76527000e-03 -4.09000000e-04 1.01044000e-03 -1.85234000e-03 1.19541000e-03 2.83932000e-03 -3.69486000e-03 -4.63240000e-04 1.65342000e-03 5.27070000e-04 -8.39669000e-03 2.92460000e-03 1.18150800e-02 4.00162000e-03 6.97329000e-03 -2.29238000e-03 7.76491000e-03 1.93743000e-03 -3.75985000e-03 7.54610000e-04 1.69112000e-03 3.04580000e-03 1.01642000e-03 3.72084000e-03 -1.72369000e-03 1.39302000e-03 -8.53741000e-03 5.58200000e-05 1.72584000e-03 1.77983000e-03 -7.10470000e-04 -5.08062000e-03 -2.23944000e-03 2.41995000e-03 -5.65243000e-03 -2.00025000e-03 -2.70685000e-03 2.06992000e-03 -1.95724000e-03 5.60250000e-04 7.02658900e-02 -4.15400000e-05 1.01003700e-02 -9.67910000e-04 -4.35350000e-03 3.63465000e-03 4.88520000e-03 1.79403000e-03 1.01598000e-03 2.01140000e-03 2.69896000e-03 6.14725000e-03 1.29250000e-04 2.84844000e-03 4.29081000e-03 2.70257000e-03 2.81506000e-03 6.96190000e-03 7.48783000e-03
-2.79040000e-04 1.08855000e-03 -5.16070000e-04 -5.35530000e-04 7.14000000e-04 1.72903000e-03 3.90200000e-04 8.33450000e-04 3.97160000e-04 6.57430000e-04 1.15700000e-05 4.13100000e-05 4.83500000e-04 1.28855000e-03 -6.67710000e-04 -8.73000000e-05 5.87560000e-04 -3.05560000e-04 1.85920000e-04 -3.46170000e-04 1.99436000e-03 8.81000000e-05 -1.70520000e-04 4.57300000e-04 7.07700000e-04 6.46620000e-04 -1.35680000e-04 8.39520000e-04 -3.75490000e-04 1.96030000e-04 2.10860000e-04 7.80100000e-05 1.20500000e-04 -7.28430000e-04 7.40340000e-04 7.52390000e-04 4.54640000e-04 1.88050000e-04 3.41740000e-04 -1.47220000e-04 -8.56700000e-05 1.13344000e-03 6.47100000e-05 2.65690000e-04 -7.10240000e-04 4.57590000e-04 6.71860000e-04 4.60300000e-04 1.71900000e-04 -4.16600000e-05 -4.35400000e-04 9.17200000e-05 8.78200000e-04 1.88610000e-04 8.34130000e-04 -4.69210000e-04 8.75500000e-05 -3.42000000e-05 1.01198000e-03 1.64070000e-03 -8.27580000e-04 1.48005000e-03 -7.59600000e-05 1.25086000e-03 7.74770000e-04 -3.06200000e-05 1.90000000e-07 6.81900000e-05 1.34991000e-03 8.60600000e-05 -2.48500000e-04 -4.74390000e-04 1.16484000e-03 8.32560000e-04 2.30130000e-04 1.12710000e-04 1.73770000e-04 -2.90510000e-04 -1.53280000e-04 -3.36500000e-05 3.62290000e-04 2.39441000e-03 2.70200000e-05 6.62110000e-04 7.36500000e-04 -4.15400000e-05 3.04722800e-02 3.88640000e-04 8.55260000e-04 2.08124000e-03 3.56780000e-04 7.06320000e-04 8.97640000e-04 -7.19230000e-04 3.42060000e-04 4.58820000e-04 1.30868000e-03 7.21300000e-04 6.69660000e-04 7.57770000e-04 1.14840000e-03 -8.93100000e-05 3.00660000e-04 -5.73610000e-04
1.63017000e-03 3.55051000e-03 -9.17696000e-03 1.59542000e-03 4.08032000e-03 2.06809800e-02 -5.75540000e-03 -2.57067000e-03 -1.14197000e-03 8.71510000e-04 -4.15000000e-04 -1.55597000e-03 4.44330000e-04 1.09976400e-02 5.97168000e-03 3.80930000e-03 -1.76408000e-03 2.06109000e-03 -9.41300000e-04 -9.70815000e-03 1.40685700e-02 4.32013000e-03 1.18045000e-03 1.59511000e-03 -5.54593000e-03 4.65040000e-04 3.61219000e-03 -8.27610000e-04 2.54050000e-03 6.11866000e-03 -2.26442000e-03 -8.89851000e-03 -1.29721000e-03 5.81303000e-03 8.61669000e-03 -2.25804000e-03 -8.43000000e-05 3.39729000e-03 3.59848000e-03 -1.87932000e-03 -5.71218000e-03 5.27509000e-03 -2.53730000e-03 4.35020000e-04 5.05555000e-03 3.11770000e-03 -4.88630000e-04 1.93982000e-03 -2.91472000e-03 1.92566000e-03 4.34535000e-03 -5.71452000e-03 -1.15707000e-03 2.70861000e-03 1.21822000e-03 -1.40196500e-02 3.90648000e-03 1.95618500e-02 7.12216000e-03 1.26208000e-02 -4.73771000e-03 1.42912700e-02 3.41913000e-03 -5.67051000e-03 1.37154000e-03 2.73029000e-03 4.09677000e-03 2.03834000e-03 6.79183000e-03 -2.81889000e-03 2.18675000e-03 -1.44972200e-02 4.88720000e-04 3.18643000e-03 3.32004000e-03 -1.28813000e-03 -8.43581000e-03 -3.49201000e-03 4.00105000e-03 -9.47648000e-03 -3.13784000e-03 -3.12963000e-03 3.70553000e-03 -3.08984000e-03 1.03970000e-03 1.01003700e-02 3.88640000e-04 7.68975900e-02 -1.96473000e-03 -6.75940000e-03 5.34539000e-03 7.60125000e-03 2.48828000e-03 5.90720000e-04 2.54445000e-03 3.70014000e-03 1.02051300e-02 -5.50320000e-04 4.20648000e-03 6.71511000e-03 4.32338000e-03 3.71935000e-03 1.14048800e-02 1.12855500e-02
1.57221000e-03 -1.18125000e-03 3.77654000e-03 -1.49494000e-03 -1.73665000e-03 -6.08372000e-03 1.57584000e-03 8.23790000e-04 1.57030000e-04 2.73936000e-03 -2.35150000e-04 7.71470000e-04 -6.39210000e-04 -3.12960000e-03 -2.87996000e-03 -1.59287000e-03 3.60000000e-04 -1.30509000e-03 6.44920000e-04 2.67467000e-03 -3.73628000e-03 9.66250000e-04 -6.33520000e-04 -1.08424000e-03 2.17466000e-03 -3.30300000e-04 -1.45092000e-03 1.39170000e-04 -1.77382000e-03 -2.53489000e-03 6.69980000e-04 2.33611000e-03 -3.09500000e-04 -3.11824000e-03 -2.66932000e-03 7.37180000e-04 -5.23150000e-04 -1.48192000e-03 -1.61093000e-03 6.29140000e-04 1.36020000e-03 -1.56026000e-03 1.10632000e-03 -9.30980000e-04 -2.71654000e-03 -1.24903000e-03 2.69000000e-06 -1.08395000e-03 1.74397000e-03 -9.60300000e-04 -2.41549000e-03 2.11940000e-03 3.96431000e-03 -1.81963000e-03 -3.76260000e-04 4.37012000e-03 9.16930000e-04 -4.02015000e-03 -2.20634000e-03 -3.50011000e-03 5.30290000e-04 -3.45930000e-03 -1.13781000e-03 2.99616000e-03 -8.36860000e-04 -1.19692000e-03 8.27130000e-04 -3.47530000e-04 -1.86175000e-03 1.17922000e-03 -9.86070000e-04 4.20071000e-03 3.37600000e-04 -4.52830000e-04 -8.49170000e-04 -6.62300000e-05 2.61907000e-03 1.42520000e-03 -1.70170000e-03 2.81392000e-03 1.26998000e-03 3.55735000e-03 -1.40717000e-03 1.12960000e-03 -3.76920000e-04 -9.67910000e-04 8.55260000e-04 -1.96473000e-03 2.72903800e-02 7.75254000e-03 1.10987000e-03 4.95110000e-04 2.52083000e-03 2.07385000e-03 1.95051000e-03 1.61132000e-03 6.81500000e-05 3.41747000e-03 1.65670000e-03 8.53990000e-04 2.39195000e-03 8.14260000e-04 -7.15130000e-04 -2.12687000e-03
1.36738000e-03 -2.11682000e-03 8.07485000e-03 -3.59253000e-03 -3.49968000e-03 -1.32555200e-02 4.11055000e-03 2.60460000e-03 5.05320000e-04 4.34569000e-03 -4.39510000e-04 1.80854000e-03 -9.61590000e-04 -6.74935000e-03 -6.82018000e-03 -3.55685000e-03 1.22325000e-03 -3.58624000e-03 1.47502000e-03 6.41221000e-03 -7.87623000e-03 3.50860000e-04 -1.65914000e-03 -1.99274000e-03 5.46229000e-03 -4.72400000e-04 -3.31304000e-03 9.60590000e-04 -4.05472000e-03 -5.97023000e-03 1.91178000e-03 5.72401000e-03 -2.14480000e-04 -7.15942000e-03 -5.37767000e-03 2.08545000e-03 -7.23100000e-04 -3.02539000e-03 -3.45341000e-03 1.57061000e-03 3.65144000e-03 -2.87817000e-03 2.25510000e-03 -1.22416000e-03 -6.52345000e-03 -2.61041000e-03 4.59330000e-04 -1.83514000e-03 3.81247000e-03 -2.24106000e-03 -5.62271000e-03 4.96105000e-03 7.05534000e-03 -3.62909000e-03 -3.36400000e-04 1.02497500e-02 5.00100000e-05 -1.10238300e-02 -4.57869000e-03 -7.50520000e-03 5.14100000e-04 -7.39592000e-03 -2.45627000e-03 7.12402000e-03 -1.51517000e-03 -2.73403000e-03 -1.74070000e-04 -6.54360000e-04 -3.69623000e-03 2.62231000e-03 -2.22904000e-03 9.82959000e-03 9.04250000e-04 -9.52150000e-04 -1.76862000e-03 1.20200000e-04 6.34298000e-03 3.30754000e-03 -3.82115000e-03 6.75593000e-03 3.04455000e-03 8.44080000e-03 -2.90533000e-03 2.95104000e-03 -5.35480000e-04 -4.35350000e-03 2.08124000e-03 -6.75940000e-03 7.75254000e-03 7.00957100e-02 2.70860000e-04 -9.16470000e-04 3.69516000e-03 2.30994000e-03 2.27840000e-03 1.47109000e-03 -1.49949000e-03 5.62987000e-03 1.82610000e-03 -1.91600000e-05 3.49595000e-03 -9.50100000e-05 -3.84513000e-03 -7.60599000e-03
1.83996000e-03 6.09150000e-04 -1.69301000e-03 2.81760000e-04 7.33550000e-04 4.59433000e-03 -1.50586000e-03 -8.74430000e-04 -2.47490000e-04 1.59119000e-03 -1.31650000e-04 -4.00290000e-04 -1.11350000e-04 2.51195000e-03 1.27969000e-03 6.74220000e-04 -5.09500000e-04 6.03840000e-04 -2.19190000e-04 -2.40145000e-03 3.08769000e-03 2.21872000e-03 3.11280000e-04 9.95100000e-05 -1.41484000e-03 3.04600000e-05 7.13280000e-04 -4.42340000e-04 4.41010000e-04 1.36771000e-03 -7.66920000e-04 -2.17864000e-03 -5.96560000e-04 1.07968000e-03 1.71040000e-03 -6.21110000e-04 -2.41010000e-04 6.10540000e-04 7.14880000e-04 -6.79500000e-04 -1.61135000e-03 1.00557000e-03 -3.44650000e-04 -4.29970000e-04 1.07448000e-03 6.66400000e-04 -2.47650000e-04 1.64520000e-04 -4.97480000e-04 3.06640000e-04 8.02940000e-04 -1.45499000e-03 1.33797000e-03 3.37580000e-04 1.45570000e-04 -3.26033000e-03 2.30694000e-03 5.56830000e-03 1.49148000e-03 2.80844000e-03 -9.11710000e-04 3.24292000e-03 6.37570000e-04 -1.15969000e-03 1.81460000e-04 5.51870000e-04 2.32007000e-03 3.47990000e-04 1.46868000e-03 -6.99190000e-04 4.15820000e-04 -3.43549000e-03 1.29600000e-04 9.06510000e-04 6.20620000e-04 -4.53430000e-04 -1.99488000e-03 -8.19650000e-04 7.38970000e-04 -2.27640000e-03 -7.44370000e-04 -4.41660000e-04 5.95440000e-04 -7.98630000e-04 1.98670000e-04 3.63465000e-03 3.56780000e-04 5.34539000e-03 1.10987000e-03 2.70860000e-04 4.79928300e-02 3.20994000e-03 2.21140000e-03 1.66602000e-03 2.10431000e-03 2.50325000e-03 3.68247000e-03 1.57115000e-03 2.40517000e-03 2.99334000e-03 2.60730000e-03 2.19086000e-03 3.98818000e-03 3.82432000e-03
1.57929000e-03 1.45997000e-03 -3.73699000e-03 4.98870000e-04 1.69026000e-03 8.30828000e-03 -2.35943000e-03 -9.55540000e-04 -2.58050000e-04 1.50887000e-03 -1.90460000e-04 -5.87310000e-04 1.99210000e-04 4.43827000e-03 2.15174000e-03 1.46597000e-03 -6.56140000e-04 7.05050000e-04 -2.87950000e-04 -4.12461000e-03 5.63479000e-03 2.65618000e-03 5.12410000e-04 6.28870000e-04 -2.16994000e-03 3.13500000e-04 1.42662000e-03 -2.58210000e-04 8.04350000e-04 2.34097000e-03 -9.70140000e-04 -3.58450000e-03 -6.27610000e-04 1.92517000e-03 3.45067000e-03 -7.51390000e-04 -2.35400000e-05 1.36523000e-03 1.44586000e-03 -8.81030000e-04 -2.53562000e-03 2.21424000e-03 -8.11710000e-04 -6.50200000e-05 1.53820000e-03 1.25329000e-03 -1.26380000e-04 7.04550000e-04 -9.74760000e-04 7.53670000e-04 1.60375000e-03 -2.40030000e-03 8.49920000e-04 9.80150000e-04 5.96000000e-04 -5.92957000e-03 2.53719000e-03 8.47076000e-03 2.95982000e-03 5.13527000e-03 -2.05344000e-03 5.70502000e-03 1.30297000e-03 -1.91036000e-03 5.85740000e-04 1.07854000e-03 2.55513000e-03 8.03180000e-04 2.97121000e-03 -1.00581000e-03 8.68590000e-04 -6.04599000e-03 4.90710000e-04 1.44837000e-03 1.33903000e-03 -5.95110000e-04 -3.41027000e-03 -1.53891000e-03 1.53051000e-03 -3.90936000e-03 -1.20181000e-03 -5.21630000e-04 1.39993000e-03 -1.09707000e-03 5.80640000e-04 4.88520000e-03 7.06320000e-04 7.60125000e-03 4.95110000e-04 -9.16470000e-04 3.20994000e-03 3.01603800e-02 2.31533000e-03 9.95430000e-04 2.13689000e-03 2.63551000e-03 5.49902000e-03 1.10361000e-03 2.90254000e-03 3.88593000e-03 3.11027000e-03 2.42057000e-03 5.37424000e-03 5.29035000e-03
1.68094000e-03 1.47260000e-04 3.07820000e-04 -5.50100000e-04 -5.13700000e-05 8.22500000e-04 -2.27820000e-04 -2.09000000e-06 5.10600000e-05 2.19136000e-03 -1.44050000e-04 7.53400000e-05 -1.70120000e-04 5.81030000e-04 -5.14920000e-04 -2.36960000e-04 -1.51300000e-05 -3.40510000e-04 1.56600000e-04 -5.35400000e-04 7.90520000e-04 1.77247000e-03 -1.05520000e-04 -2.33940000e-04 1.31010000e-04 3.73700000e-05 -1.52800000e-04 -7.87000000e-06 -5.48570000e-04 -2.21440000e-04 -1.89650000e-04 -3.94030000e-04 -4.30850000e-04 -7.61590000e-04 2.68510000e-04 8.79500000e-05 -2.10770000e-04 -8.88200000e-05 -8.99400000e-05 -2.25470000e-04 -4.76060000e-04 3.04880000e-04 2.44840000e-04 -5.21450000e-04 -7.02830000e-04 -1.25500000e-05 1.49700000e-05 -1.75400000e-04 4.23130000e-04 -2.27430000e-04 -5.58880000e-04 -9.36200000e-05 2.57097000e-03 -4.08200000e-04 1.67580000e-04 -4.48360000e-04 1.79815000e-03 1.81402000e-03 2.87190000e-04 6.66470000e-04 -6.25260000e-04 9.23570000e-04 -5.04700000e-05 7.02710000e-04 -5.82100000e-05 -1.48140000e-04 1.73477000e-03 9.95100000e-05 5.26050000e-04 4.19300000e-05 -1.59480000e-04 -6.03950000e-04 4.04890000e-04 5.72300000e-04 9.55800000e-05 -2.63020000e-04 -1.58270000e-04 -2.91900000e-05 -2.41820000e-04 -3.13800000e-04 1.06820000e-04 1.61788000e-03 -1.64610000e-04 1.17580000e-04 1.68830000e-04 1.79403000e-03 8.97640000e-04 2.48828000e-03 2.52083000e-03 3.69516000e-03 2.21140000e-03 2.31533000e-03 3.88037300e-02 1.63061000e-03 2.10695000e-03 2.25740000e-03 2.66444000e-03 2.44742000e-03 2.28616000e-03 2.34051000e-03 2.79809000e-03 1.67605000e-03 2.12652000e-03 1.25140000e-03
2.21612000e-03 -1.35166000e-03 2.00739000e-03 -1.40100000e-05 -1.37112000e-03 -3.47340000e-03 -4.28200000e-05 -7.71200000e-04 -3.63920000e-04 1.55784000e-03 -2.43180000e-04 1.91130000e-04 -7.92440000e-04 -2.08857000e-03 -4.18500000e-04 -5.86600000e-04 -4.21050000e-04 1.12520000e-04 7.11100000e-05 8.85170000e-04 -2.89229000e-03 1.36706000e-03 5.92000000e-06 -1.00179000e-03 -1.02950000e-04 -7.83040000e-04 -3.84510000e-04 -9.23320000e-04 -1.82210000e-04 -7.57760000e-04 -9.62700000e-05 4.90500000e-04 -5.03990000e-04 -5.98320000e-04 -1.76937000e-03 -5.40830000e-04 -7.31930000e-04 -8.70920000e-04 -9.97100000e-04 1.21900000e-04 1.46810000e-04 -1.62891000e-03 5.60980000e-04 -1.01522000e-03 -1.81960000e-04 -6.29210000e-04 -7.26320000e-04 -9.83960000e-04 5.33690000e-04 -3.26090000e-04 -5.20880000e-04 5.87370000e-04 2.00921000e-03 -9.68540000e-04 -1.00011000e-03 1.65650000e-03 1.53881000e-03 -1.73660000e-04 -1.77245000e-03 -2.50844000e-03 1.24102000e-03 -2.46029000e-03 -4.28100000e-04 1.51090000e-04 -9.34610000e-04 -3.67280000e-04 1.54065000e-03 -2.31330000e-04 -1.85227000e-03 2.17940000e-04 -1.23690000e-04 1.49892000e-03 -6.21660000e-04 -7.79730000e-04 -5.32860000e-04 -3.86280000e-04 5.59230000e-04 6.70540000e-04 -5.18690000e-04 7.27970000e-04 7.88200000e-05 -4.81880000e-04 -6.42090000e-04 -3.80750000e-04 -8.53280000e-04 1.01598000e-03 -7.19230000e-04 5.90720000e-04 2.07385000e-03 2.30994000e-03 1.66602000e-03 9.95430000e-04 1.63061000e-03 7.11276000e-02 1.79531000e-03 1.75817000e-03 1.83960000e-04 2.09075000e-03 1.37221000e-03 1.02466000e-03 1.33410000e-03 1.60395000e-03 9.10220000e-04 1.13820000e-03
1.75590000e-03 -1.37530000e-04 6.65000000e-05 -1.49990000e-04 -1.39790000e-04 5.68740000e-04 -4.82860000e-04 -3.94150000e-04 -9.85400000e-05 1.80166000e-03 -1.15760000e-04 -4.15100000e-05 -2.85680000e-04 3.24190000e-04 -5.60000000e-07 -5.79800000e-05 -2.51840000e-04 3.87300000e-05 2.70900000e-05 -6.48880000e-04 3.13390000e-04 1.74036000e-03 6.12200000e-05 -2.83790000e-04 -3.11700000e-04 -1.16260000e-04 2.51500000e-05 -3.16170000e-04 -1.80400000e-04 4.86800000e-05 -3.20330000e-04 -5.82700000e-04 -4.39400000e-04 -2.09280000e-04 5.83300000e-05 -2.00920000e-04 -3.20810000e-04 -9.31500000e-05 -5.45700000e-05 -2.41570000e-04 -6.06340000e-04 -2.68000000e-05 1.48480000e-04 -6.02220000e-04 -1.36330000e-04 -3.44200000e-05 -2.16210000e-04 -2.87110000e-04 1.70660000e-04 -8.42500000e-05 -1.46140000e-04 -3.48630000e-04 1.99502000e-03 -3.42710000e-04 -1.25030000e-04 -7.08160000e-04 1.80544000e-03 2.11057000e-03 8.69600000e-05 3.40310000e-04 -2.17800000e-04 5.25390000e-04 1.35500000e-05 5.44400000e-05 -1.91040000e-04 -1.21000000e-06 1.79524000e-03 4.30300000e-05 1.66560000e-04 -8.30100000e-05 -3.95000000e-06 -7.88720000e-04 9.39200000e-05 2.85970000e-04 5.20000000e-05 -2.82720000e-04 -4.59730000e-04 -1.37970000e-04 -3.82000000e-05 -5.40930000e-04 -1.20150000e-04 4.60490000e-04 -1.00360000e-04 -2.01710000e-04 -4.45100000e-05 2.01140000e-03 3.42060000e-04 2.54445000e-03 1.95051000e-03 2.27840000e-03 2.10431000e-03 2.13689000e-03 2.10695000e-03 1.79531000e-03 1.13652970e-01 2.06887000e-03 2.18734000e-03 2.05477000e-03 2.01035000e-03 2.07984000e-03 2.24308000e-03 1.70951000e-03 2.13476000e-03 1.87222000e-03
1.85440000e-03 2.57840000e-04 -6.54250000e-04 4.18100000e-05 3.16370000e-04 2.43186000e-03 -8.81810000e-04 -5.75530000e-04 -7.04900000e-05 1.73924000e-03 -6.71900000e-05 -2.50310000e-04 -1.40160000e-04 1.40812000e-03 5.50410000e-04 1.92670000e-04 -2.73720000e-04 2.94430000e-04 -1.20190000e-04 -1.39459000e-03 1.64095000e-03 1.94248000e-03 1.62000000e-04 -7.75200000e-05 -7.88630000e-04 2.33500000e-05 2.78820000e-04 -3.28630000e-04 9.05800000e-05 6.31410000e-04 -5.83290000e-04 -1.21840000e-03 -4.76440000e-04 3.35060000e-04 8.10660000e-04 -3.29550000e-04 -2.15410000e-04 2.45870000e-04 3.50160000e-04 -5.80550000e-04 -1.03413000e-03 4.84250000e-04 -2.69800000e-05 -5.29790000e-04 3.94920000e-04 3.23960000e-04 -1.63920000e-04 -3.93300000e-05 -1.46140000e-04 1.15100000e-05 2.17660000e-04 -9.15840000e-04 1.77399000e-03 3.12700000e-05 6.62400000e-05 -1.76716000e-03 2.10393000e-03 3.53630000e-03 7.83590000e-04 1.51569000e-03 -4.80990000e-04 1.78528000e-03 2.32850000e-04 -4.42250000e-04 5.66900000e-05 2.22860000e-04 2.08165000e-03 9.76000000e-05 8.29840000e-04 -4.30050000e-04 1.48860000e-04 -1.91028000e-03 1.12330000e-04 6.77550000e-04 2.30090000e-04 -3.14660000e-04 -1.06887000e-03 -4.78880000e-04 2.49950000e-04 -1.25863000e-03 -3.99390000e-04 7.16600000e-05 1.42070000e-04 -4.18330000e-04 1.53000000e-04 2.69896000e-03 4.58820000e-04 3.70014000e-03 1.61132000e-03 1.47109000e-03 2.50325000e-03 2.63551000e-03 2.25740000e-03 1.75817000e-03 2.06887000e-03 5.15370500e-02 2.85665000e-03 1.94965000e-03 2.21576000e-03 2.52294000e-03 2.46972000e-03 1.99210000e-03 2.89033000e-03 2.56328000e-03
1.24714000e-03 2.70901000e-03 -5.76478000e-03 3.74580000e-04 2.82981000e-03 1.30376500e-02 -3.07023000e-03 -7.38530000e-04 -1.85160000e-04 1.63806000e-03 -2.14380000e-04 -6.54190000e-04 6.57580000e-04 6.96255000e-03 2.77395000e-03 2.22922000e-03 -6.28860000e-04 5.39690000e-04 -2.65980000e-04 -5.99677000e-03 9.00437000e-03 3.14360000e-03 5.60520000e-04 1.29595000e-03 -2.61625000e-03 6.67660000e-04 2.08987000e-03 2.09470000e-04 9.37170000e-04 3.26062000e-03 -1.09147000e-03 -5.02299000e-03 -6.46670000e-04 2.49295000e-03 5.93494000e-03 -7.12840000e-04 3.08300000e-04 2.44671000e-03 2.28686000e-03 -8.91200000e-04 -3.39880000e-03 4.08129000e-03 -1.30670000e-03 5.42130000e-04 1.68200000e-03 1.95449000e-03 2.50870000e-04 1.54856000e-03 -1.33519000e-03 1.25553000e-03 2.33463000e-03 -3.10177000e-03 6.03110000e-04 1.77565000e-03 1.42654000e-03 -8.70668000e-03 2.77884000e-03 1.18901900e-02 4.71720000e-03 8.11122000e-03 -3.70677000e-03 9.00530000e-03 2.06743000e-03 -2.42594000e-03 1.18747000e-03 1.54105000e-03 2.76144000e-03 1.42101000e-03 5.05090000e-03 -1.31065000e-03 1.23050000e-03 -8.82596000e-03 1.01731000e-03 2.30748000e-03 2.23680000e-03 -6.84980000e-04 -4.68480000e-03 -2.15737000e-03 2.26704000e-03 -5.51134000e-03 -1.49160000e-03 1.89540000e-04 2.28826000e-03 -1.20446000e-03 1.16636000e-03 6.14725000e-03 1.30868000e-03 1.02051300e-02 6.81500000e-05 -1.49949000e-03 3.68247000e-03 5.49902000e-03 2.66444000e-03 1.83960000e-04 2.18734000e-03 2.85665000e-03 1.89988730e-01 6.62750000e-04 3.52603000e-03 5.03101000e-03 3.94084000e-03 2.67757000e-03 7.14601000e-03 6.82669000e-03
1.81008000e-03 -8.55320000e-04 2.42499000e-03 -9.07640000e-04 -1.12072000e-03 -3.91486000e-03 8.79810000e-04 3.04150000e-04 1.74400000e-04 2.38898000e-03 -7.13600000e-05 3.28530000e-04 -4.42290000e-04 -1.92886000e-03 -1.78345000e-03 -1.14447000e-03 2.04810000e-04 -7.15210000e-04 3.04120000e-04 1.56334000e-03 -2.50127000e-03 1.28217000e-03 -3.54080000e-04 -7.69140000e-04 1.19754000e-03 -1.70980000e-04 -9.66370000e-04 -5.89100000e-05 -1.08965000e-03 -1.59594000e-03 1.53640000e-04 1.41445000e-03 -2.89640000e-04 -2.02343000e-03 -1.84299000e-03 4.39350000e-04 -3.80410000e-04 -9.81900000e-04 -9.64410000e-04 5.57700000e-05 6.65350000e-04 -1.10523000e-03 8.09250000e-04 -8.92400000e-04 -1.71617000e-03 -7.97920000e-04 -4.22400000e-05 -7.77930000e-04 1.05869000e-03 -7.53180000e-04 -1.61625000e-03 9.65580000e-04 3.26866000e-03 -1.18596000e-03 -2.91610000e-04 2.63628000e-03 1.40186000e-03 -2.06273000e-03 -1.39910000e-03 -2.25326000e-03 4.77330000e-04 -2.25824000e-03 -8.45080000e-04 1.86597000e-03 -5.20340000e-04 -7.83700000e-04 1.33618000e-03 -3.88310000e-04 -1.17156000e-03 5.58500000e-04 -6.53120000e-04 2.50794000e-03 2.15150000e-04 -1.23160000e-04 -6.91540000e-04 -7.34000000e-05 1.57021000e-03 7.16110000e-04 -1.15514000e-03 1.67980000e-03 6.99570000e-04 2.12036000e-03 -1.06697000e-03 6.60020000e-04 -1.73350000e-04 1.29250000e-04 7.21300000e-04 -5.50320000e-04 3.41747000e-03 5.62987000e-03 1.57115000e-03 1.10361000e-03 2.44742000e-03 2.09075000e-03 2.05477000e-03 1.94965000e-03 6.62750000e-04 2.14935000e-02 1.82408000e-03 1.29570000e-03 2.31565000e-03 1.29942000e-03 1.39500000e-04 -7.72400000e-04
1.60353000e-03 5.93080000e-04 -1.19182000e-03 -1.39530000e-04 5.41180000e-04 3.27529000e-03 -1.07282000e-03 -3.88150000e-04 -8.20500000e-05 1.82180000e-03 -1.79700000e-04 -1.70260000e-04 -1.05500000e-05 1.76889000e-03 4.44130000e-04 4.11470000e-04 -2.36190000e-04 -3.10900000e-05 -2.87500000e-05 -1.79169000e-03 2.29511000e-03 2.10959000e-03 1.11440000e-04 8.59700000e-05 -7.62140000e-04 1.12230000e-04 5.03630000e-04 -1.47160000e-04 -2.49000000e-06 6.25170000e-04 -4.86870000e-04 -1.58690000e-03 -4.29810000e-04 2.12580000e-04 1.34024000e-03 -2.52080000e-04 -1.00380000e-04 3.98230000e-04 4.33580000e-04 -4.55080000e-04 -1.20275000e-03 8.41470000e-04 -1.87090000e-04 -2.99550000e-04 5.45000000e-05 3.22330000e-04 -1.16460000e-04 1.24930000e-04 -1.13410000e-04 1.14440000e-04 2.28200000e-04 -9.96950000e-04 1.79449000e-03 1.08480000e-04 2.21760000e-04 -2.46690000e-03 1.95044000e-03 4.08002000e-03 1.19506000e-03 2.10676000e-03 -1.08830000e-03 2.44004000e-03 4.82460000e-04 -3.47580000e-04 1.15980000e-04 2.79960000e-04 1.94220000e-03 4.09310000e-04 1.26787000e-03 -3.11500000e-04 3.12540000e-04 -2.61412000e-03 4.08460000e-04 7.65190000e-04 5.78180000e-04 -4.10330000e-04 -1.43093000e-03 -6.42620000e-04 4.83000000e-04 -1.67797000e-03 -4.26420000e-04 6.49920000e-04 4.65070000e-04 -3.63210000e-04 2.47460000e-04 2.84844000e-03 6.69660000e-04 4.20648000e-03 1.65670000e-03 1.82610000e-03 2.40517000e-03 2.90254000e-03 2.28616000e-03 1.37221000e-03 2.01035000e-03 2.21576000e-03 3.52603000e-03 1.82408000e-03 5.09660000e-02 2.76105000e-03 2.75197000e-03 1.90556000e-03 3.14884000e-03 2.64202000e-03
1.52145000e-03 1.33187000e-03 -2.98730000e-03 2.37270000e-04 1.44836000e-03 7.19920000e-03 -1.92719000e-03 -6.93820000e-04 -1.65240000e-04 1.63695000e-03 -1.50900000e-04 -4.53410000e-04 1.81220000e-04 3.90721000e-03 1.63023000e-03 1.15369000e-03 -4.82590000e-04 4.80530000e-04 -2.00500000e-04 -3.45234000e-03 5.00409000e-03 2.47317000e-03 3.63590000e-04 5.26440000e-04 -1.66812000e-03 3.19310000e-04 1.12881000e-03 -1.35990000e-04 5.03100000e-04 1.87192000e-03 -8.22900000e-04 -3.00352000e-03 -5.58310000e-04 1.40817000e-03 3.01897000e-03 -5.44550000e-04 -1.15500000e-05 1.16474000e-03 1.22535000e-03 -7.40260000e-04 -2.11267000e-03 1.99214000e-03 -6.47670000e-04 -7.22900000e-05 1.10907000e-03 1.02414000e-03 -3.50400000e-05 6.13320000e-04 -7.03000000e-04 5.74890000e-04 1.18557000e-03 -1.94955000e-03 1.15313000e-03 7.68110000e-04 6.04910000e-04 -4.90519000e-03 2.35777000e-03 7.32440000e-03 2.59690000e-03 4.52078000e-03 -1.89090000e-03 5.09073000e-03 1.08012000e-03 -1.40912000e-03 5.20800000e-04 8.36820000e-04 2.36371000e-03 7.06280000e-04 2.65128000e-03 -8.05880000e-04 6.61520000e-04 -5.05622000e-03 4.88950000e-04 1.39256000e-03 1.14841000e-03 -4.91460000e-04 -2.78158000e-03 -1.24472000e-03 1.20049000e-03 -3.23101000e-03 -9.31510000e-04 -7.01000000e-06 1.13151000e-03 -8.12730000e-04 5.67480000e-04 4.29081000e-03 7.57770000e-04 6.71511000e-03 8.53990000e-04 -1.91600000e-05 2.99334000e-03 3.88593000e-03 2.34051000e-03 1.02466000e-03 2.07984000e-03 2.52294000e-03 5.03101000e-03 1.29570000e-03 2.76105000e-03 5.14742800e-02 3.06055000e-03 2.24227000e-03 4.84065000e-03 4.50549000e-03
1.54488000e-03 6.91090000e-04 -7.88190000e-04 -5.86960000e-04 4.68970000e-04 3.35735000e-03 -8.00530000e-04 -6.07800000e-05 -6.92800000e-05 2.29859000e-03 -2.50560000e-04 -1.28400000e-05 -6.94000000e-05 1.93808000e-03 -8.81300000e-05 1.96260000e-04 -1.51120000e-04 -4.09770000e-04 1.44390000e-04 -1.61383000e-03 2.66299000e-03 2.15676000e-03 -6.07700000e-05 -1.04600000e-05 -2.76600000e-04 1.53670000e-04 2.40930000e-04 6.92000000e-05 -4.49260000e-04 2.98320000e-04 -3.11130000e-04 -1.39354000e-03 -5.51890000e-04 -3.44430000e-04 1.41361000e-03 -3.78100000e-05 -1.79490000e-04 2.95060000e-04 2.85270000e-04 -3.55310000e-04 -1.05069000e-03 1.07217000e-03 -7.32300000e-05 -3.53040000e-04 -4.60430000e-04 3.22210000e-04 4.27000000e-05 1.13640000e-04 2.19610000e-04 -5.84500000e-05 -2.74510000e-04 -6.30490000e-04 2.50306000e-03 -1.52770000e-04 4.31620000e-04 -2.01440000e-03 1.98723000e-03 3.83921000e-03 1.25522000e-03 2.29683000e-03 -1.55175000e-03 2.82869000e-03 3.93280000e-04 3.72580000e-04 1.06900000e-04 1.18290000e-04 1.94190000e-03 4.64070000e-04 1.48028000e-03 -1.65740000e-04 7.70900000e-05 -2.26958000e-03 6.26370000e-04 1.01795000e-03 5.97790000e-04 -4.25810000e-04 -1.05970000e-03 -3.60300000e-04 1.95330000e-04 -1.35450000e-03 -1.60130000e-04 1.86182000e-03 3.41700000e-04 -8.44600000e-05 3.60860000e-04 2.70257000e-03 1.14840000e-03 4.32338000e-03 2.39195000e-03 3.49595000e-03 2.60730000e-03 3.11027000e-03 2.79809000e-03 1.33410000e-03 2.24308000e-03 2.46972000e-03 3.94084000e-03 2.31565000e-03 2.75197000e-03 3.06055000e-03 2.97377400e-02 1.84869000e-03 3.26782000e-03 2.00816000e-03
1.75141000e-03 2.65800000e-04 -1.20036000e-03 3.75620000e-04 4.95100000e-04 2.82813000e-03 -1.11684000e-03 -7.58980000e-04 -4.16800000e-05 1.26355000e-03 3.07300000e-05 -3.40410000e-04 -6.68000000e-06 1.46358000e-03 1.05978000e-03 4.94540000e-04 -3.45930000e-04 5.15370000e-04 -2.39240000e-04 -1.58171000e-03 1.57382000e-03 1.88624000e-03 2.94170000e-04 9.81100000e-05 -1.17662000e-03 1.79400000e-05 6.09900000e-04 -4.30260000e-04 4.64780000e-04 9.00480000e-04 -6.87780000e-04 -1.43927000e-03 -2.99650000e-04 8.68710000e-04 1.15266000e-03 -4.93950000e-04 -9.45200000e-05 5.61250000e-04 5.61720000e-04 -5.51890000e-04 -1.09834000e-03 5.30790000e-04 -1.87700000e-04 -3.15210000e-04 7.84160000e-04 3.55180000e-04 -2.28850000e-04 1.38110000e-04 -4.23510000e-04 2.52880000e-04 7.55130000e-04 -1.22212000e-03 1.01038000e-03 4.07290000e-04 2.40000000e-07 -2.25850000e-03 1.95584000e-03 4.07449000e-03 9.12090000e-04 1.58100000e-03 -3.42560000e-04 1.80563000e-03 4.57530000e-04 -1.17606000e-03 7.35800000e-05 4.04580000e-04 1.96822000e-03 2.06030000e-04 8.46050000e-04 -5.27880000e-04 4.52520000e-04 -2.34663000e-03 -1.07880000e-04 5.22290000e-04 3.77910000e-04 -2.72250000e-04 -1.40304000e-03 -6.60730000e-04 6.12550000e-04 -1.58374000e-03 -6.48050000e-04 -9.50620000e-04 4.16230000e-04 -6.24220000e-04 1.16440000e-04 2.81506000e-03 -8.93100000e-05 3.71935000e-03 8.14260000e-04 -9.50100000e-05 2.19086000e-03 2.42057000e-03 1.67605000e-03 1.60395000e-03 1.70951000e-03 1.99210000e-03 2.67757000e-03 1.29942000e-03 1.90556000e-03 2.24227000e-03 1.84869000e-03 2.94181800e-02 2.87849000e-03 3.22041000e-03
1.57397000e-03 2.38234000e-03 -5.71456000e-03 9.31260000e-04 2.65644000e-03 1.35348500e-02 -3.63041000e-03 -1.61722000e-03 -6.22680000e-04 1.15522000e-03 -2.01700000e-04 -9.74380000e-04 2.97290000e-04 7.24228000e-03 3.80030000e-03 2.43088000e-03 -1.08706000e-03 1.61084000e-03 -5.81270000e-04 -6.15086000e-03 9.30055000e-03 3.21068000e-03 7.52650000e-04 1.04048000e-03 -3.44527000e-03 3.64020000e-04 2.30114000e-03 -4.97910000e-04 1.57168000e-03 4.08437000e-03 -1.48394000e-03 -5.66603000e-03 -8.58470000e-04 3.64705000e-03 5.63713000e-03 -1.39095000e-03 -4.62600000e-05 2.27814000e-03 2.35381000e-03 -1.08584000e-03 -3.63415000e-03 3.50926000e-03 -1.57337000e-03 1.99300000e-04 3.32540000e-03 1.98100000e-03 -2.21720000e-04 1.25563000e-03 -1.78577000e-03 1.40189000e-03 2.91015000e-03 -3.46966000e-03 -2.13210000e-04 1.74967000e-03 8.55510000e-04 -8.89594000e-03 2.98204000e-03 1.31768600e-02 4.62894000e-03 8.32256000e-03 -2.86478000e-03 9.42206000e-03 2.16662000e-03 -3.64504000e-03 9.62580000e-04 1.71360000e-03 3.10503000e-03 1.32120000e-03 4.46244000e-03 -1.69945000e-03 1.33730000e-03 -9.20584000e-03 4.38570000e-04 2.18391000e-03 2.16787000e-03 -7.85390000e-04 -5.29683000e-03 -2.20245000e-03 2.53742000e-03 -5.99454000e-03 -1.92449000e-03 -1.74961000e-03 2.31313000e-03 -1.89888000e-03 7.34100000e-04 6.96190000e-03 3.00660000e-04 1.14048800e-02 -7.15130000e-04 -3.84513000e-03 3.98818000e-03 5.37424000e-03 2.12652000e-03 9.10220000e-04 2.13476000e-03 2.89033000e-03 7.14601000e-03 1.39500000e-04 3.14884000e-03 4.84065000e-03 3.26782000e-03 2.87849000e-03 2.74381450e-01 8.37911000e-03
1.95344000e-03 1.86584000e-03 -6.88687000e-03 2.01930000e-03 2.64342000e-03 1.33655200e-02 -4.16616000e-03 -2.51014000e-03 -6.59660000e-04 4.93460000e-04 -7.15400000e-05 -1.28865000e-03 2.64410000e-04 6.74833000e-03 5.14591000e-03 3.06012000e-03 -1.58337000e-03 2.99849000e-03 -8.21710000e-04 -6.63310000e-03 8.21570000e-03 3.13402000e-03 1.28098000e-03 1.09938000e-03 -4.57733000e-03 8.73900000e-05 2.91937000e-03 -1.06325000e-03 2.70828000e-03 5.16642000e-03 -1.71643000e-03 -5.96072000e-03 -8.07800000e-04 4.99723000e-03 5.59927000e-03 -1.94124000e-03 -9.65600000e-05 2.70067000e-03 2.51042000e-03 -9.29920000e-04 -4.03616000e-03 3.23349000e-03 -1.65914000e-03 -1.98100000e-05 4.59838000e-03 2.21640000e-03 -4.97920000e-04 1.26407000e-03 -2.47527000e-03 2.27137000e-03 4.52866000e-03 -3.81777000e-03 -1.57623000e-03 2.35503000e-03 3.98700000e-04 -1.00435900e-02 3.10677000e-03 1.42169500e-02 4.17126000e-03 7.64349000e-03 -1.62377000e-03 8.19264000e-03 2.33473000e-03 -5.24071000e-03 9.57870000e-04 2.21448000e-03 3.25431000e-03 1.20853000e-03 4.04053000e-03 -1.87336000e-03 1.77390000e-03 -9.92404000e-03 3.37050000e-04 1.43225000e-03 2.22794000e-03 -8.40580000e-04 -5.96175000e-03 -2.70588000e-03 3.23480000e-03 -6.61041000e-03 -2.43708000e-03 -4.11804000e-03 2.60580000e-03 -2.57567000e-03 4.58430000e-04 7.48783000e-03 -5.73610000e-04 1.12855500e-02 -2.12687000e-03 -7.60599000e-03 3.82432000e-03 5.29035000e-03 1.25140000e-03 1.13820000e-03 1.87222000e-03 2.56328000e-03 6.82669000e-03 -7.72400000e-04 2.64202000e-03 4.50549000e-03 2.00816000e-03 3.22041000e-03 8.37911000e-03 4.49900500e-02
