9.87078200e-02 1.15304000e-03 3.75674000e-03 4.89710000e-04 3.14720000e-04 -6.58500000e-04 -2.02010000e-04 -2.83300000e-03 1.42000000e-04 2.53640000e-03 -6.69780000e-04 3.07336000e-03 -7.39510000e-04 -9.44870000e-04 -7.82090000e-04 -9.59000000e-06 -9.60800000e-05 -4.13390000e-04 1.18658000e-03 1.83410000e-04 5.28540000e-04 2.32731000e-03 1.15420000e-03 6.35000000e-05 3.48070000e-04 -9.28040000e-04 -4.87400000e-04 1.26713000e-03 -5.00520000e-04 9.66000000e-05 1.29632000e-03 2.36420000e-04 1.24927000e-03 1.16872000e-03 4.94710000e-04 -9.08690000e-04 -7.88350000e-04 3.15420000e-04 6.38880000e-04 -2.12250000e-04 -3.60487000e-03 -9.60070000e-04 -8.17450000e-04 -6.97490000e-04 2.65800000e-05 5.09100000e-05 -3.63020000e-03 -1.94011000e-03 -3.37810000e-04 8.62210000e-04 -1.25731000e-03 2.70309000e-03 1.24860000e-04 -1.57397000e-03 -1.46471000e-03 1.02122000e-03 8.69910000e-04 -1.09780000e-04 1.51880000e-03 5.66080000e-04 -2.25284000e-03 -6.01150000e-04 -1.63649000e-03 -1.55891000e-03 7.35500000e-04 -6.87740000e-04 2.00370000e-04 4.07831000e-03 -1.08646000e-03 9.35430000e-04 4.02550000e-04 -2.28890000e-04 8.81890000e-04 1.02253000e-03 -1.65022000e-03 -6.70600000e-05 -1.94982000e-03 -1.44364000e-03 -3.17085000e-03 -8.36520000e-04 -2.61190000e-04 -2.00352000e-03 2.40272000e-03 -7.25620000e-04 -2.21220000e-04 1.20098000e-03 -1.62580000e-04 2.66317000e-03 -2.06905000e-03 6.31000000e-06 2.54996000e-03 -9.10500000e-04 5.99190000e-04 2.29700000e-04 3.49730000e-04 -3.62440000e-04 -8.36230000e-04 4.39144000e-03 2.09476000e-03 3.78350000e-04 1.24420000e-03 1.88104000e-03 -9.89380000e-04
1.15304000e-03 1.23295800e-02 1.90699000e-03 -5.00200000e-05 3.46830000e-04 -3.85300000e-05 -1.24290000e-04 -1.18051000e-03 3.56410000e-04 1.20340000e-03 -2.95710000e-04 2.12872000e-03 5.80400000e-05 -6.25100000e-05 -3.35260000e-04 -5.02860000e-04 -7.88780000e-04 -3.14240000e-04 7.69650000e-04 3.28600000e-05 6.29080000e-04 2.30330000e-04 6.75130000e-04 4.55000000e-06 2.80520000e-04 -2.24610000e-04 -2.38270000e-04 8.73820000e-04 3.29250000e-04 2.48450000e-04 7.74710000e-04 -3.45200000e-05 5.40700000e-04 6.93640000e-04 4.68000000e-06 -2.42300000e-04 -2.00730000e-04 3.65430000e-04 3.98540000e-04 -1.86890000e-04 -2.13675000e-03 -4.98040000e-04 -2.56800000e-04 -1.18950000e-04 -5.26000000e-05 -2.97460000e-04 -2.33616000e-03 -1.16380000e-03 3.46510000e-04 4.63140000e-04 -5.17490000e-04 1.24429000e-03 -3.57900000e-05 -5.00210000e-04 -4.32900000e-04 7.39990000e-04 6.22720000e-04 -1.91550000e-04 1.14120000e-03 3.38480000e-04 -9.71450000e-04 -2.76280000e-04 -7.29240000e-04 -5.63520000e-04 5.49600000e-05 -3.28330000e-04 2.86330000e-04 1.74853000e-03 -2.64570000e-04 6.95800000e-04 4.25460000e-04 -8.17000000e-06 5.35740000e-04 7.29920000e-04 -6.13760000e-04 5.38280000e-04 -2.07699000e-03 -8.09240000e-04 -1.76175000e-03 -1.52090000e-04 -2.48150000e-04 -1.93826000e-03 1.45949000e-03 -9.71300000e-05 5.07500000e-05 1.89840000e-04 -1.22250000e-04 1.32725000e-03 -1.05544000e-03 9.70800000e-05 1.30974000e-03 -5.98260000e-04 3.26880000e-04 -2.69350000e-04 3.66630000e-04 -3.94850000e-04 9.94800000e-05 2.39665000e-03 1.11788000e-03 1.58490000e-04 7.57840000e-04 1.03992000e-03 -3.37480000e-04
3.75674000e-03 1.90699000e-03 3.47476300e-02 1.41348000e-03 5.72250000e-04 -4.23880000e-04 1.00550000e-04 -5.12644000e-03 3.94650000e-04 3.79374000e-03 -7.61510000e-04 5.44876000e-03 -1.32794000e-03 -1.50684000e-03 -1.27496000e-03 -2.13150000e-04 -1.41154000e-03 -2.89310000e-04 1.95979000e-03 6.66480000e-04 1.04160000e-03 3.62794000e-03 8.66180000e-04 -9.62800000e-05 1.02018000e-03 -1.34802000e-03 -5.55140000e-04 2.67342000e-03 -6.81900000e-04 5.92350000e-04 2.12320000e-03 7.92630000e-04 2.50028000e-03 2.36637000e-03 1.87568000e-03 -1.16399000e-03 -1.32046000e-03 5.78180000e-04 1.54965000e-03 -6.00400000e-05 -6.21882000e-03 -1.53470000e-03 -1.08976000e-03 -1.03537000e-03 4.74280000e-04 2.58250000e-04 -6.95676000e-03 -3.36923000e-03 -4.32700000e-04 1.67803000e-03 -2.23406000e-03 4.80265000e-03 7.28510000e-04 -2.85479000e-03 -2.29201000e-03 2.23810000e-03 1.52504000e-03 1.71570000e-04 3.73951000e-03 1.42446000e-03 -4.36723000e-03 -1.10015000e-03 -2.97341000e-03 -2.49660000e-03 5.34550000e-04 -1.03846000e-03 9.43470000e-04 7.61218000e-03 -1.80401000e-03 1.68525000e-03 7.44670000e-04 1.02590000e-04 1.59966000e-03 1.70299000e-03 -2.71869000e-03 2.55100000e-05 -3.62599000e-03 -2.21509000e-03 -5.73425000e-03 -1.35875000e-03 -3.95210000e-04 -4.13110000e-03 5.08364000e-03 -8.89580000e-04 3.29380000e-04 2.67942000e-03 6.98700000e-05 3.91347000e-03 -3.78792000e-03 3.07040000e-04 3.68051000e-03 -8.63180000e-04 1.40647000e-03 -1.06111000e-03 8.33330000e-04 -1.06146000e-03 -1.36508000e-03 7.36308000e-03 3.50951000e-03 4.74730000e-04 2.07580000e-03 3.42566000e-03 -1.42977000e-03
4.89710000e-04 -5.00200000e-05 1.41348000e-03 2.16558900e-02 -1.62400000e-05 -1.20320000e-04 6.72610000e-04 -1.98169000e-03 -2.64160000e-04 7.53100000e-04 3.04810000e-04 -4.91090000e-04 -1.41476000e-03 -1.19389000e-03 -1.50990000e-04 1.20862000e-03 3.33720000e-04 5.71210000e-04 2.41440000e-04 8.37950000e-04 -7.04690000e-04 3.53594000e-03 -1.77700000e-03 1.14950000e-04 7.24240000e-04 -5.62300000e-04 3.19820000e-04 5.63970000e-04 -1.31822000e-03 1.25150000e-04 2.80150000e-04 1.05487000e-03 1.43532000e-03 7.34730000e-04 2.11289000e-03 3.85000000e-05 -6.41650000e-04 -1.44870000e-04 8.91470000e-04 6.11690000e-04 -6.70380000e-04 4.82000000e-05 -3.85460000e-04 -7.30930000e-04 9.49740000e-04 1.35269000e-03 -1.23167000e-03 -2.06140000e-04 -1.19676000e-03 7.49780000e-04 -7.59070000e-04 1.76674000e-03 1.11985000e-03 -1.57049000e-03 -8.27980000e-04 4.16580000e-04 8.43400000e-05 4.30590000e-04 1.16454000e-03 7.72080000e-04 -1.92581000e-03 -2.10240000e-04 -9.10620000e-04 -8.31610000e-04 3.63700000e-04 1.19820000e-04 1.51720000e-04 3.61764000e-03 -1.00688000e-03 -2.38110000e-04 -2.15570000e-04 3.98310000e-04 1.91350000e-04 -3.98900000e-05 -1.01978000e-03 -1.20698000e-03 1.59457000e-03 1.94510000e-04 -1.24857000e-03 -7.97840000e-04 1.34900000e-04 8.98630000e-04 1.50478000e-03 -5.09040000e-04 4.78680000e-04 2.49161000e-03 6.23710000e-04 4.04800000e-04 -9.06750000e-04 1.86020000e-04 1.18830000e-04 9.25800000e-04 8.55500000e-04 -6.02420000e-04 -1.76100000e-04 8.90700000e-05 -1.29511000e-03 1.22645000e-03 7.30200000e-04 3.72110000e-04 4.02800000e-04 8.85090000e-04 -6.68900000e-05
3.14720000e-04 3.46830000e-04 5.72250000e-04 -1.62400000e-05 1.24158600e-02 4.47300000e-05 -3.26900000e-05 -2.49170000e-04 2.06900000e-04 3.89220000e-04 -4.04000000e-05 7.20430000e-04 1.33920000e-04 8.88700000e-05 -5.09700000e-05 -2.18220000e-04 -3.45720000e-04 -1.14680000e-04 3.09840000e-04 2.61800000e-05 2.86840000e-04 -3.17000000e-05 1.93100000e-04 2.61600000e-05 1.65380000e-04 1.73500000e-05 -2.15100000e-05 3.07840000e-04 2.24900000e-04 1.36330000e-04 2.87290000e-04 -1.95900000e-05 1.69360000e-04 2.46310000e-04 -1.32000000e-05 -1.20900000e-05 -1.02800000e-05 1.98280000e-04 1.71360000e-04 -6.02900000e-05 -7.01760000e-04 -9.81900000e-05 -3.79700000e-05 2.68700000e-05 1.25700000e-05 -1.11610000e-04 -7.73600000e-04 -3.51760000e-04 2.20720000e-04 2.02680000e-04 -8.80200000e-05 3.75530000e-04 5.36000000e-06 -5.61400000e-05 -1.75500000e-05 2.71200000e-04 2.66470000e-04 -1.41440000e-04 4.61180000e-04 1.40820000e-04 -2.16760000e-04 -4.58800000e-05 -1.72070000e-04 -5.75400000e-05 -1.88700000e-05 -3.98700000e-05 1.04700000e-04 5.38540000e-04 1.08700000e-05 2.55050000e-04 2.10880000e-04 2.96300000e-05 1.79460000e-04 2.92090000e-04 -9.16500000e-05 2.98100000e-04 -8.23650000e-04 -2.29790000e-04 -5.02640000e-04 4.80700000e-05 -1.05240000e-04 -7.08060000e-04 5.05110000e-04 6.80500000e-05 7.69600000e-05 1.14000000e-05 -2.14400000e-05 4.44180000e-04 -2.80920000e-04 3.10700000e-05 4.11530000e-04 -2.23520000e-04 1.08440000e-04 -1.17860000e-04 1.11380000e-04 -1.20970000e-04 1.79140000e-04 7.43730000e-04 3.36650000e-04 1.00760000e-04 3.09360000e-04 3.25700000e-04 1.69000000e-06
-6.58500000e-04 -3.85300000e-05 -4.23880000e-04 -1.20320000e-04 4.47300000e-05 1.22059700e-02 1.10790000e-04 4.06570000e-04 3.49470000e-04 -6.64460000e-04 2.44550000e-04 -1.11780000e-04 3.24570000e-04 3.81270000e-04 1.11190000e-04 -4.16920000e-04 -8.50530000e-04 2.61000000e-05 -1.16660000e-04 3.59700000e-05 2.68670000e-04 -1.13290000e-03 -6.71000000e-06 -2.61360000e-04 2.10500000e-04 4.17110000e-04 2.52760000e-04 1.05790000e-04 2.86680000e-04 2.42240000e-04 -1.05260000e-04 -8.84100000e-05 -1.18350000e-04 6.00400000e-05 -2.60600000e-05 -1.21490000e-04 3.04170000e-04 1.75160000e-04 1.02030000e-04 7.96000000e-06 1.80310000e-04 2.00710000e-04 2.51330000e-04 3.89040000e-04 1.44240000e-04 -2.11640000e-04 -1.81660000e-04 7.12100000e-05 3.87970000e-04 7.20200000e-05 3.18270000e-04 -3.94320000e-04 1.16750000e-04 6.08190000e-04 4.85320000e-04 1.79610000e-04 4.14400000e-05 -7.89700000e-05 5.04420000e-04 6.96800000e-05 2.69130000e-04 2.89800000e-05 3.55510000e-04 4.49400000e-04 -6.05830000e-04 2.08650000e-04 2.50400000e-04 -4.95300000e-04 4.68430000e-04 3.24500000e-05 1.56990000e-04 2.52090000e-04 1.19160000e-04 9.58300000e-05 4.88170000e-04 2.83380000e-04 -8.28580000e-04 1.61770000e-04 1.72750000e-04 3.48610000e-04 -6.82100000e-05 -6.99790000e-04 1.14090000e-04 4.46240000e-04 3.28580000e-04 -3.55310000e-04 1.36810000e-04 -5.91740000e-04 -1.86000000e-05 1.33830000e-04 -7.08620000e-04 5.63700000e-05 2.46900000e-05 -8.42610000e-04 2.60100000e-04 -4.00660000e-04 4.40420000e-04 -4.64280000e-04 -2.74270000e-04 -2.08540000e-04 -2.61420000e-04 -9.95400000e-05 3.46150000e-04
-2.02010000e-04 -1.24290000e-04 1.00550000e-04 6.72610000e-04 -3.26900000e-05 1.10790000e-04 2.57481200e-02 -3.36450000e-04 -7.34000000e-05 -7.07900000e-05 2.44460000e-04 -3.87750000e-04 -3.44620000e-04 -2.26000000e-04 4.35500000e-05 4.05080000e-04 3.16100000e-05 3.10270000e-04 -3.07100000e-05 2.97180000e-04 -2.81190000e-04 9.49990000e-04 -7.19220000e-04 4.43900000e-05 2.86170000e-04 -4.13300000e-05 1.88300000e-04 1.98000000e-04 -3.28230000e-04 1.26130000e-04 -4.23300000e-05 3.26330000e-04 3.75790000e-04 2.52140000e-04 6.47370000e-04 1.65000000e-05 -5.35600000e-05 -6.67600000e-05 2.68830000e-04 2.72380000e-04 4.46100000e-05 1.82490000e-04 9.26000000e-06 -1.01590000e-04 3.95110000e-04 4.95440000e-04 -1.84610000e-04 1.33070000e-04 -2.55790000e-04 2.11650000e-04 -7.36900000e-05 3.12030000e-04 4.53640000e-04 -3.22680000e-04 3.00300000e-05 1.50500000e-04 -8.32800000e-05 2.23630000e-04 2.65890000e-04 2.39130000e-04 -3.96440000e-04 7.27000000e-06 -2.15500000e-05 -1.54220000e-04 -5.35300000e-05 1.84540000e-04 1.90950000e-04 8.91150000e-04 -2.06570000e-04 -9.94100000e-05 -1.36210000e-04 2.81740000e-04 3.85100000e-05 -1.40300000e-04 -2.11370000e-04 -3.22820000e-04 4.78090000e-04 2.77360000e-04 -2.27940000e-04 -1.70230000e-04 1.08040000e-04 3.74080000e-04 3.33600000e-04 -6.10600000e-05 2.74930000e-04 6.77040000e-04 3.31920000e-04 -2.12770000e-04 -7.26100000e-05 9.93000000e-05 -2.64270000e-04 4.01780000e-04 2.12040000e-04 -3.20060000e-04 -4.16800000e-05 2.55700000e-05 -2.57550000e-04 -5.87100000e-05 3.04100000e-05 6.88800000e-05 -7.27000000e-06 1.07470000e-04 1.46620000e-04
-2.83300000e-03 -1.18051000e-03 -5.12644000e-03 -1.98169000e-03 -2.49170000e-04 4.06570000e-04 -3.36450000e-04 4.52201600e-02 8.75500000e-05 -3.16213000e-03 5.91660000e-04 -2.84705000e-03 1.94215000e-03 1.97726000e-03 9.15410000e-04 -6.00960000e-04 1.01537000e-03 -1.22120000e-04 -1.42247000e-03 -9.14240000e-04 -7.44800000e-05 -4.46966000e-03 4.38550000e-04 -8.10000000e-05 -8.94970000e-04 1.36521000e-03 5.49700000e-04 -1.96791000e-03 1.35595000e-03 -3.09620000e-04 -1.62979000e-03 -1.28411000e-03 -2.54028000e-03 -1.81170000e-03 -2.31531000e-03 6.78900000e-04 1.42952000e-03 -1.86710000e-04 -1.44070000e-03 -3.07170000e-04 4.55109000e-03 1.26208000e-03 1.03984000e-03 1.30118000e-03 -6.02510000e-04 -9.21250000e-04 5.78289000e-03 2.71543000e-03 1.26493000e-03 -1.33023000e-03 2.04252000e-03 -4.39586000e-03 -8.61180000e-04 3.15303000e-03 2.44556000e-03 -1.56975000e-03 -1.08792000e-03 -4.95320000e-04 -3.38397000e-03 -1.37033000e-03 4.49683000e-03 8.57520000e-04 2.72028000e-03 2.49904000e-03 -8.29020000e-04 8.98030000e-04 -5.38020000e-04 -6.83558000e-03 2.06439000e-03 -8.39500000e-04 -3.00730000e-04 -1.74220000e-04 -9.61580000e-04 -1.08352000e-03 2.81656000e-03 9.32320000e-04 1.20420000e-03 1.76861000e-03 4.92928000e-03 1.51927000e-03 1.74020000e-04 2.71801000e-03 -4.14052000e-03 1.11256000e-03 -2.47860000e-04 -3.25366000e-03 -3.40240000e-04 -3.03102000e-03 3.46513000e-03 -4.48380000e-04 -2.65588000e-03 3.92300000e-05 -1.62124000e-03 7.84880000e-04 -4.88600000e-04 5.61050000e-04 1.92681000e-03 -6.00452000e-03 -3.11784000e-03 -5.82830000e-04 -1.65667000e-03 -2.93204000e-03 1.25837000e-03
1.42000000e-04 3.56410000e-04 3.94650000e-04 -2.64160000e-04 2.06900000e-04 3.49470000e-04 -7.34000000e-05 8.75500000e-05 1.37546000e-02 1.02960000e-04 3.53000000e-06 9.20450000e-04 4.08480000e-04 3.52020000e-04 -5.80000000e-07 -5.15550000e-04 -5.52980000e-04 -1.93000000e-04 2.44670000e-04 -6.32400000e-05 5.65230000e-04 -7.45160000e-04 4.21510000e-04 -1.15130000e-04 1.60550000e-04 2.57800000e-04 7.92100000e-05 3.22850000e-04 4.74280000e-04 2.09710000e-04 2.25660000e-04 -2.08400000e-04 -4.31500000e-05 2.38810000e-04 -2.44780000e-04 2.22000000e-05 1.90460000e-04 3.05200000e-04 1.18390000e-04 -1.61250000e-04 -6.58910000e-04 -3.75300000e-05 1.09580000e-04 2.80200000e-04 -2.15900000e-05 -3.38920000e-04 -6.56200000e-04 -2.84140000e-04 5.11250000e-04 1.98550000e-04 7.85800000e-05 5.39200000e-05 -6.24600000e-05 3.86210000e-04 2.13510000e-04 3.34610000e-04 3.02290000e-04 -2.59460000e-04 4.43690000e-04 7.39600000e-05 8.18100000e-05 -1.43900000e-05 2.49200000e-05 2.33330000e-04 -2.38090000e-04 3.16500000e-05 1.89840000e-04 1.55700000e-04 3.38690000e-04 3.67140000e-04 3.29370000e-04 6.03500000e-05 2.85460000e-04 4.06520000e-04 2.96530000e-04 5.51300000e-04 -1.36964000e-03 -1.69400000e-04 -2.69710000e-04 2.63090000e-04 -1.37300000e-04 -9.68540000e-04 4.40350000e-04 3.13860000e-04 1.43450000e-04 -3.95320000e-04 -5.88600000e-05 2.43480000e-04 -2.06880000e-04 1.94100000e-05 1.40680000e-04 -3.36520000e-04 -2.89900000e-05 -3.60670000e-04 2.25870000e-04 -3.07170000e-04 4.57260000e-04 4.83480000e-04 1.16960000e-04 -5.17400000e-05 1.35540000e-04 1.88670000e-04 1.12630000e-04
2.53640000e-03 1.20340000e-03 3.79374000e-03 7.53100000e-04 3.89220000e-04 -6.64460000e-04 -7.07900000e-05 -3.16213000e-03 1.02960000e-04 1.48739200e-02 -6.18260000e-04 3.09889000e-03 -1.02753000e-03 -1.19480000e-03 -6.06300000e-04 4.89000000e-05 -5.28200000e-04 -2.30770000e-04 1.26894000e-03 2.42140000e-04 2.67410000e-04 2.76805000e-03 6.00240000e-04 2.13100000e-04 4.60030000e-04 -9.60280000e-04 -7.18630000e-04 1.48121000e-03 -3.10130000e-04 1.50750000e-04 1.38560000e-03 4.31840000e-04 1.46045000e-03 1.22524000e-03 7.08960000e-04 -3.22980000e-04 -9.37960000e-04 3.54960000e-04 7.85260000e-04 -7.03700000e-05 -3.73559000e-03 -9.99270000e-04 -7.79130000e-04 -8.32380000e-04 6.14300000e-05 2.07080000e-04 -4.09420000e-03 -2.13759000e-03 -5.32400000e-04 7.70600000e-04 -1.33514000e-03 3.03947000e-03 1.80240000e-04 -2.04670000e-03 -1.56541000e-03 1.07671000e-03 1.02137000e-03 -1.88300000e-05 1.85834000e-03 7.70400000e-04 -2.81238000e-03 -5.01190000e-04 -1.82267000e-03 -1.79051000e-03 8.45400000e-04 -7.59510000e-04 2.63110000e-04 4.44094000e-03 -1.33050000e-03 8.42420000e-04 3.92960000e-04 -1.31060000e-04 5.33630000e-04 1.04250000e-03 -1.98757000e-03 -1.09450000e-04 -1.87042000e-03 -1.43184000e-03 -3.61164000e-03 -9.72510000e-04 -1.86900000e-04 -2.35976000e-03 2.62994000e-03 -7.53150000e-04 -1.21130000e-04 1.58286000e-03 -5.57000000e-05 2.96621000e-03 -2.07316000e-03 6.38800000e-05 2.77634000e-03 -6.44230000e-04 8.34350000e-04 3.07860000e-04 2.16280000e-04 -2.19320000e-04 -8.55130000e-04 4.65347000e-03 2.32070000e-03 6.45230000e-04 1.59529000e-03 1.96206000e-03 -8.47120000e-04
-6.69780000e-04 -2.95710000e-04 -7.61510000e-04 3.04810000e-04 -4.04000000e-05 2.44550000e-04 2.44460000e-04 5.91660000e-04 3.53000000e-06 -6.18260000e-04 1.97060000e-02 -7.23720000e-04 -4.79000000e-06 1.25110000e-04 1.91440000e-04 2.55620000e-04 2.02060000e-04 2.27260000e-04 -2.67700000e-04 1.20000000e-04 -2.47750000e-04 -1.56700000e-05 -7.59250000e-04 -2.75200000e-05 1.75480000e-04 1.89440000e-04 3.65640000e-04 -1.58590000e-04 -1.09160000e-04 7.67800000e-05 -3.13160000e-04 1.14520000e-04 -8.49000000e-06 -7.79100000e-05 3.07390000e-04 7.83000000e-05 1.56580000e-04 -6.37200000e-05 8.14500000e-05 1.97950000e-04 9.07480000e-04 4.27790000e-04 1.20390000e-04 1.05160000e-04 3.28860000e-04 2.74490000e-04 9.33950000e-04 6.68670000e-04 -6.02600000e-05 2.11900000e-05 3.12730000e-04 -4.18590000e-04 3.25020000e-04 2.68020000e-04 5.05300000e-04 -1.46490000e-04 -2.33600000e-04 5.85300000e-05 -2.84460000e-04 2.92100000e-05 4.32340000e-04 1.11120000e-04 4.16620000e-04 3.66330000e-04 -2.53980000e-04 3.74890000e-04 1.64200000e-05 -4.08190000e-04 2.16460000e-04 -2.55070000e-04 -1.48870000e-04 2.12820000e-04 -1.53440000e-04 -2.73260000e-04 3.88920000e-04 -1.62950000e-04 6.73220000e-04 6.48020000e-04 7.25220000e-04 1.28240000e-04 5.13700000e-05 9.10790000e-04 -3.27970000e-04 1.82560000e-04 2.88560000e-04 1.20720000e-04 2.40300000e-04 -7.18090000e-04 5.90420000e-04 1.74500000e-05 -6.74430000e-04 4.02550000e-04 -3.16500000e-05 -2.87190000e-04 -1.32130000e-04 5.09000000e-05 8.69600000e-05 -1.03010000e-03 -4.76640000e-04 -2.68900000e-05 -2.63360000e-04 -3.47250000e-04 3.37850000e-04
3.07336000e-03 2.12872000e-03 5.44876000e-03 -4.91090000e-04 7.20430000e-04 -1.11780000e-04 -3.87750000e-04 -2.84705000e-03 9.20450000e-04 3.09889000e-03 -7.23720000e-04 3.32437400e-02 2.34020000e-04 -4.00500000e-05 -1.01440000e-03 -1.66384000e-03 -2.03562000e-03 -9.23870000e-04 1.80633000e-03 -1.47940000e-04 2.00174000e-03 -3.73100000e-05 2.25093000e-03 -2.52980000e-04 5.70450000e-04 -5.65570000e-04 -6.07250000e-04 2.69342000e-03 1.11527000e-03 6.53900000e-04 1.85921000e-03 -3.53510000e-04 1.16686000e-03 2.11149000e-03 8.81500000e-05 -8.71200000e-04 -5.17760000e-04 8.65720000e-04 9.26630000e-04 -7.62670000e-04 -5.78756000e-03 -1.40763000e-03 -6.83770000e-04 -1.65360000e-04 -2.17550000e-04 -1.11694000e-03 -5.70651000e-03 -2.98846000e-03 1.15791000e-03 1.02074000e-03 -1.50789000e-03 3.06439000e-03 -1.58410000e-04 -1.24981000e-03 -9.41970000e-04 2.20004000e-03 1.51133000e-03 -5.07240000e-04 2.37709000e-03 7.16360000e-04 -2.33216000e-03 -8.70170000e-04 -2.09960000e-03 -1.46556000e-03 -1.66740000e-04 -9.76320000e-04 9.91560000e-04 4.73799000e-03 -6.23820000e-04 2.10895000e-03 9.98710000e-04 -2.85000000e-05 1.55801000e-03 1.84886000e-03 -1.45631000e-03 1.73159000e-03 -6.16841000e-03 -1.87129000e-03 -4.58582000e-03 -4.96250000e-04 -7.16110000e-04 -4.97382000e-03 4.17633000e-03 -2.13300000e-04 1.48010000e-04 8.63200000e-05 -3.98210000e-04 3.51094000e-03 -2.30369000e-03 1.81280000e-04 3.74604000e-03 -1.47142000e-03 5.72530000e-04 -8.97380000e-04 1.16771000e-03 -1.34220000e-03 3.55210000e-04 6.30346000e-03 2.69875000e-03 8.21300000e-05 1.82303000e-03 2.66424000e-03 -1.06374000e-03
-7.39510000e-04 5.80400000e-05 -1.32794000e-03 -1.41476000e-03 1.33920000e-04 3.24570000e-04 -3.44620000e-04 1.94215000e-03 4.08480000e-04 -1.02753000e-03 -4.79000000e-06 2.34020000e-04 2.65684500e-02 1.31383000e-03 2.51730000e-04 -9.77990000e-04 -4.07450000e-04 -3.74440000e-04 -1.94790000e-04 -4.71200000e-04 8.03100000e-04 -2.94827000e-03 1.15558000e-03 -9.32200000e-05 -3.34070000e-04 7.49780000e-04 1.09180000e-04 -3.77720000e-04 1.19243000e-03 7.92200000e-05 -2.92660000e-04 -7.76650000e-04 -1.14832000e-03 -4.35620000e-04 -1.38663000e-03 5.98600000e-05 7.73570000e-04 2.18060000e-04 -5.64510000e-04 -4.20670000e-04 7.11710000e-04 2.15390000e-04 4.98220000e-04 8.20670000e-04 -5.17380000e-04 -9.38130000e-04 1.10807000e-03 4.36260000e-04 1.27267000e-03 -3.71440000e-04 7.65380000e-04 -1.63674000e-03 -6.72340000e-04 1.59465000e-03 1.00730000e-03 -1.67620000e-04 -7.61300000e-05 -4.34350000e-04 -7.03010000e-04 -5.44830000e-04 1.83691000e-03 2.80550000e-04 9.39290000e-04 1.09693000e-03 -5.32960000e-04 1.80740000e-04 2.83500000e-05 -2.68349000e-03 1.08710000e-03 2.59700000e-04 2.72660000e-04 -7.87000000e-05 8.68400000e-05 3.81500000e-05 1.24454000e-03 1.23013000e-03 -1.38859000e-03 1.22390000e-04 1.36551000e-03 8.85980000e-04 -1.29610000e-04 -5.52090000e-04 -1.02342000e-03 6.56160000e-04 -1.20720000e-04 -1.99243000e-03 -3.19880000e-04 -7.49900000e-04 8.54390000e-04 -7.25200000e-05 -6.16950000e-04 -5.64520000e-04 -6.95540000e-04 4.15100000e-05 2.31090000e-04 -1.25650000e-04 1.31772000e-03 -1.45254000e-03 -8.91940000e-04 -3.59370000e-04 -4.18630000e-04 -8.05120000e-04 3.84210000e-04
-9.44870000e-04 -6.25100000e-05 -1.50684000e-03 -1.19389000e-03 8.88700000e-05 3.81270000e-04 -2.26000000e-04 1.97726000e-03 3.52020000e-04 -1.19480000e-03 1.25110000e-04 -4.00500000e-05 1.31383000e-03 1.40667200e-02 2.86440000e-04 -8.15930000e-04 -3.44330000e-04 -2.70680000e-04 -2.86610000e-04 -3.80810000e-04 6.27870000e-04 -2.74204000e-03 7.56730000e-04 -9.96500000e-05 -2.69550000e-04 7.44630000e-04 2.15910000e-04 -4.05730000e-04 1.06207000e-03 8.40300000e-05 -3.95860000e-04 -6.64290000e-04 -1.05863000e-03 -4.36880000e-04 -1.14350000e-03 1.28840000e-04 7.66490000e-04 1.52600000e-04 -4.96070000e-04 -3.17510000e-04 9.90650000e-04 3.26070000e-04 4.90820000e-04 7.72220000e-04 -3.78010000e-04 -7.73090000e-04 1.34672000e-03 6.32200000e-04 1.14905000e-03 -3.71180000e-04 7.84540000e-04 -1.66718000e-03 -5.20950000e-04 1.54326000e-03 1.08291000e-03 -2.14420000e-04 -1.82650000e-04 -3.73970000e-04 -7.49780000e-04 -5.07000000e-04 1.83586000e-03 2.86910000e-04 9.94780000e-04 1.11552000e-03 -5.94460000e-04 2.70700000e-04 2.09600000e-05 -2.63572000e-03 1.06011000e-03 1.26030000e-04 1.70990000e-04 5.18000000e-06 2.79300000e-05 -8.87900000e-05 1.25836000e-03 1.06188000e-03 -1.01249000e-03 3.33800000e-04 1.50467000e-03 8.45850000e-04 -1.12000000e-04 -1.92720000e-04 -1.06073000e-03 6.37850000e-04 -2.70200000e-05 -1.79198000e-03 -2.13990000e-04 -9.85970000e-04 9.93510000e-04 -5.14600000e-05 -8.19240000e-04 -3.39030000e-04 -6.46000000e-04 -8.66400000e-05 1.80240000e-04 -9.92000000e-05 1.22299000e-03 -1.72883000e-03 -1.00067000e-03 -3.56680000e-04 -5.06710000e-04 -8.69230000e-04 4.57630000e-04
-7.82090000e-04 -3.35260000e-04 -1.27496000e-03 -1.50990000e-04 -5.09700000e-05 1.11190000e-04 4.35500000e-05 9.15410000e-04 -5.80000000e-07 -6.06300000e-04 1.91440000e-04 -1.01440000e-03 2.51730000e-04 2.86440000e-04 8.38480000e-03 9.09700000e-05 1.63440000e-04 1.15210000e-04 -3.26540000e-04 -2.96600000e-05 -1.22410000e-04 -5.15320000e-04 -3.67100000e-04 1.10340000e-04 -9.88700000e-05 3.94460000e-04 1.22410000e-04 -4.24560000e-04 2.31680000e-04 -7.71900000e-05 -3.62940000e-04 -3.33500000e-05 -4.14680000e-04 -3.72600000e-04 -2.24450000e-04 3.73040000e-04 2.99000000e-04 -4.77200000e-05 -2.09400000e-04 3.50600000e-05 1.13302000e-03 3.19860000e-04 2.97870000e-04 2.57490000e-04 -4.96200000e-05 5.92900000e-05 1.22280000e-03 6.30270000e-04 9.43000000e-05 -2.93330000e-04 4.58470000e-04 -8.28150000e-04 -1.17150000e-04 4.79450000e-04 4.32820000e-04 -3.61320000e-04 -1.74340000e-04 -8.82300000e-05 -5.92930000e-04 -1.92490000e-04 6.64610000e-04 3.43210000e-04 5.13770000e-04 5.58600000e-04 2.37600000e-05 2.25780000e-04 -1.69130000e-04 -1.22611000e-03 3.48100000e-04 -3.05190000e-04 -6.63800000e-05 5.36300000e-05 -3.26590000e-04 -2.33800000e-04 5.84150000e-04 6.04500000e-05 7.37330000e-04 4.70840000e-04 1.07958000e-03 3.01700000e-04 1.21190000e-04 7.46720000e-04 -8.25150000e-04 2.38230000e-04 -6.65000000e-06 -4.28800000e-04 8.38400000e-05 -6.37490000e-04 7.17270000e-04 -1.18400000e-05 -7.16710000e-04 2.64000000e-04 -2.07900000e-04 2.61610000e-04 -1.87210000e-04 2.89050000e-04 3.16290000e-04 -1.33119000e-03 -6.38490000e-04 -7.00000000e-06 -2.77610000e-04 -6.31540000e-04 3.73270000e-04
-9.59000000e-06 -5.02860000e-04 -2.13150000e-04 1.20862000e-03 -2.18220000e-04 -4.16920000e-04 4.05080000e-04 -6.00960000e-04 -5.15550000e-04 4.89000000e-05 2.55620000e-04 -1.66384000e-03 -9.77990000e-04 -8.15930000e-04 9.09700000e-05 1.89080100e-02 1.08601000e-03 5.13430000e-04 -2.38580000e-04 4.59010000e-04 -9.58890000e-04 2.35943000e-03 -1.42072000e-03 2.23970000e-04 1.95450000e-04 -3.81680000e-04 2.03850000e-04 -2.89390000e-04 -1.12642000e-03 -1.85920000e-04 -2.30390000e-04 6.96560000e-04 5.96860000e-04 -4.41200000e-05 1.10962000e-03 -1.18600000e-05 -3.52980000e-04 -3.67400000e-04 2.29250000e-04 4.89680000e-04 8.20840000e-04 2.63150000e-04 -2.08890000e-04 -5.12200000e-04 5.23480000e-04 1.06388000e-03 7.52760000e-04 5.47760000e-04 -1.08439000e-03 1.35550000e-04 -1.86500000e-04 4.86970000e-04 6.11390000e-04 -8.45910000e-04 -3.94150000e-04 -3.15610000e-04 -3.36330000e-04 4.04330000e-04 -2.39950000e-04 2.21890000e-04 -6.14230000e-04 5.56600000e-05 -1.64570000e-04 -3.96320000e-04 5.01720000e-04 2.01990000e-04 -2.19430000e-04 1.05036000e-03 -6.27700000e-04 -5.85020000e-04 -4.52930000e-04 1.25840000e-04 -2.77630000e-04 -4.97090000e-04 -4.82220000e-04 -1.18157000e-03 2.52721000e-03 5.04100000e-04 2.08110000e-04 -5.23390000e-04 2.89070000e-04 1.95010000e-03 -1.50240000e-04 -4.46850000e-04 8.71800000e-05 1.43209000e-03 4.07720000e-04 -2.46650000e-04 9.32700000e-05 -3.65000000e-06 -3.34790000e-04 7.43450000e-04 2.89360000e-04 3.07570000e-04 -4.53900000e-04 5.05090000e-04 -9.87360000e-04 -4.52680000e-04 -3.82000000e-05 2.60130000e-04 -6.69200000e-05 -5.17600000e-05 -2.40400000e-05
-9.60800000e-05 -7.88780000e-04 -1.41154000e-03 3.33720000e-04 -3.45720000e-04 -8.50530000e-04 3.16100000e-05 1.01537000e-03 -5.52980000e-04 -5.28200000e-04 2.02060000e-04 -2.03562000e-03 -4.07450000e-04 -3.44330000e-04 1.63440000e-04 1.08601000e-03 4.38710600e-02 2.50940000e-04 -5.98570000e-04 -1.38120000e-04 -8.79440000e-04 1.43028000e-03 -5.20110000e-04 2.10720000e-04 -3.50380000e-04 -2.06570000e-04 2.91980000e-04 -1.06402000e-03 -8.50360000e-04 -4.76040000e-04 -6.29250000e-04 -8.61600000e-05 -4.08200000e-04 -7.03000000e-04 -1.21330000e-04 -8.27600000e-05 -3.17900000e-05 -4.54880000e-04 -4.42980000e-04 1.96590000e-04 1.94411000e-03 5.19570000e-04 2.16000000e-06 -2.08080000e-04 1.66370000e-04 6.19860000e-04 3.01007000e-03 1.42176000e-03 -7.77250000e-04 -2.75900000e-04 3.04260000e-04 -8.59930000e-04 1.83310000e-04 1.35700000e-04 1.63280000e-04 -9.53320000e-04 -6.30220000e-04 1.44890000e-04 -2.19992000e-03 -4.08050000e-04 9.93100000e-04 2.39850000e-04 5.68240000e-04 3.29540000e-04 6.29780000e-04 3.62660000e-04 -5.32270000e-04 -8.60930000e-04 -3.58300000e-05 -6.93560000e-04 -4.90170000e-04 -2.81970000e-04 -5.15620000e-04 -7.09700000e-04 4.30040000e-04 -9.35210000e-04 2.97073000e-03 9.87910000e-04 1.91369000e-03 -1.65560000e-04 4.09200000e-04 3.44012000e-03 -1.76319000e-03 -2.36630000e-04 -2.73160000e-04 2.18590000e-04 -7.72000000e-06 -7.07360000e-04 1.29559000e-03 -4.68550000e-04 -6.52280000e-04 2.79490000e-04 -5.40100000e-04 1.17464000e-03 -8.27920000e-04 7.72790000e-04 -5.56310000e-04 -2.04280000e-03 -1.01557000e-03 4.54200000e-05 -5.55070000e-04 -1.02641000e-03 6.72000000e-05
-4.13390000e-04 -3.14240000e-04 -2.89310000e-04 5.71210000e-04 -1.14680000e-04 2.61000000e-05 3.10270000e-04 -1.22120000e-04 -1.93000000e-04 -2.30770000e-04 2.27260000e-04 -9.23870000e-04 -3.74440000e-04 -2.70680000e-04 1.15210000e-04 5.13430000e-04 2.50940000e-04 1.35903000e-02 -1.99990000e-04 2.50400000e-04 -4.16350000e-04 7.88010000e-04 -8.26320000e-04 6.20800000e-05 1.63440000e-04 -4.51800000e-05 1.39770000e-04 -9.25200000e-05 -3.96750000e-04 3.61700000e-05 -2.04680000e-04 3.59520000e-04 2.30310000e-04 -2.30200000e-05 5.99470000e-04 8.24200000e-05 -6.92400000e-05 -1.60040000e-04 1.26640000e-04 3.23160000e-04 5.27560000e-04 2.01740000e-04 9.35300000e-05 -8.81200000e-05 3.12250000e-04 4.92990000e-04 3.92890000e-04 3.42440000e-04 -4.04780000e-04 4.33400000e-05 1.89900000e-05 7.38400000e-05 3.77890000e-04 -2.70540000e-04 -2.20500000e-05 -7.42200000e-05 -1.82960000e-04 3.41870000e-04 4.22100000e-05 1.81030000e-04 -2.25410000e-04 7.40600000e-05 5.92300000e-05 -4.96000000e-05 3.52100000e-05 1.62450000e-04 1.12310000e-04 2.45670000e-04 -1.80770000e-04 -2.43430000e-04 -1.98310000e-04 1.84880000e-04 -1.62320000e-04 -2.80650000e-04 -8.98300000e-05 -4.79930000e-04 1.15382000e-03 3.40860000e-04 2.08450000e-04 -1.56320000e-04 2.48420000e-04 7.61100000e-04 -5.68300000e-05 -3.48400000e-05 2.24800000e-04 6.76280000e-04 2.75920000e-04 -3.75430000e-04 9.80000000e-05 3.35200000e-05 -4.23880000e-04 4.60510000e-04 1.17450000e-04 -1.14780000e-04 -1.95350000e-04 1.68920000e-04 -3.51520000e-04 -5.43830000e-04 -1.77730000e-04 5.80600000e-05 -1.12220000e-04 -1.37180000e-04 1.05340000e-04
1.18658000e-03 7.69650000e-04 1.95979000e-03 2.41440000e-04 3.09840000e-04 -1.16660000e-04 -3.07100000e-05 -1.42247000e-03 2.44670000e-04 1.26894000e-03 -2.67700000e-04 1.80633000e-03 -1.94790000e-04 -2.86610000e-04 -3.26540000e-04 -2.38580000e-04 -5.98570000e-04 -1.99990000e-04 1.39029400e-02 1.45650000e-04 4.40300000e-04 8.60210000e-04 3.71910000e-04 7.25300000e-05 3.25970000e-04 -3.11570000e-04 -2.25110000e-04 8.53440000e-04 5.25200000e-05 2.18320000e-04 7.86830000e-04 1.31220000e-04 7.08420000e-04 7.28580000e-04 2.57220000e-04 -2.09400000e-04 -3.20490000e-04 2.95550000e-04 4.71670000e-04 -8.27400000e-05 -2.09217000e-03 -4.83250000e-04 -2.79870000e-04 -2.40070000e-04 6.27400000e-05 -4.83600000e-05 -2.33430000e-03 -1.13371000e-03 9.04800000e-05 5.16010000e-04 -6.00460000e-04 1.44229000e-03 1.13290000e-04 -7.57600000e-04 -5.71630000e-04 7.14960000e-04 6.00840000e-04 -9.73100000e-05 1.12857000e-03 4.17990000e-04 -1.21469000e-03 -2.75740000e-04 -8.41710000e-04 -6.81670000e-04 2.09000000e-04 -3.14520000e-04 2.72150000e-04 2.16821000e-03 -4.44410000e-04 5.88580000e-04 3.53660000e-04 2.08300000e-05 4.83210000e-04 6.71670000e-04 -7.77920000e-04 2.70330000e-04 -1.58315000e-03 -7.59020000e-04 -1.82942000e-03 -2.89680000e-04 -1.64160000e-04 -1.61492000e-03 1.52394000e-03 -1.88340000e-04 7.53700000e-05 5.52900000e-04 -2.85300000e-05 1.34482000e-03 -1.13308000e-03 9.35800000e-05 1.27263000e-03 -4.75950000e-04 4.19940000e-04 -2.26250000e-04 2.58600000e-04 -2.96590000e-04 -1.50420000e-04 2.45994000e-03 1.17702000e-03 2.21690000e-04 7.66300000e-04 1.08433000e-03 -3.79690000e-04
1.83410000e-04 3.28600000e-05 6.66480000e-04 8.37950000e-04 2.61800000e-05 3.59700000e-05 2.97180000e-04 -9.14240000e-04 -6.32400000e-05 2.42140000e-04 1.20000000e-04 -1.47940000e-04 -4.71200000e-04 -3.80810000e-04 -2.96600000e-05 4.59010000e-04 -1.38120000e-04 2.50400000e-04 1.45650000e-04 1.23726500e-02 -1.47310000e-04 1.18048000e-03 -8.91650000e-04 6.75100000e-05 3.51510000e-04 -1.55550000e-04 1.66530000e-04 2.95030000e-04 -4.89000000e-04 1.04630000e-04 1.47480000e-04 6.05870000e-04 6.89350000e-04 3.76990000e-04 1.05653000e-03 -7.46600000e-05 -1.96940000e-04 -4.19900000e-05 4.44550000e-04 2.60610000e-04 -4.94780000e-04 -3.53400000e-05 -1.37780000e-04 -2.38380000e-04 3.96110000e-04 5.53700000e-04 -7.80300000e-04 -1.68000000e-04 -3.81770000e-04 3.59990000e-04 -3.21970000e-04 8.05270000e-04 4.52190000e-04 -6.34010000e-04 -3.94520000e-04 3.05010000e-04 5.35500000e-05 1.15240000e-04 8.60590000e-04 3.81350000e-04 -8.58330000e-04 -7.41400000e-05 -4.47860000e-04 -3.28690000e-04 1.09740000e-04 2.64100000e-05 1.08600000e-04 1.45243000e-03 -3.91660000e-04 -2.34000000e-05 -6.14700000e-05 2.38970000e-04 2.27440000e-04 2.07400000e-05 -4.01970000e-04 -4.05900000e-04 5.49910000e-04 -4.68300000e-05 -5.98500000e-04 -2.90180000e-04 3.56400000e-05 5.44200000e-05 8.71520000e-04 -1.90260000e-04 2.48300000e-04 1.04138000e-03 3.21750000e-04 1.33500000e-04 -5.80340000e-04 9.52700000e-05 1.64400000e-05 2.98240000e-04 3.27050000e-04 -4.04200000e-04 -3.67600000e-05 9.41000000e-06 -5.02000000e-04 5.46370000e-04 2.86230000e-04 1.36250000e-04 1.80070000e-04 3.79190000e-04 -8.69000000e-05
5.28540000e-04 6.29080000e-04 1.04160000e-03 -7.04690000e-04 2.86840000e-04 2.68670000e-04 -2.81190000e-04 -7.44800000e-05 5.65230000e-04 2.67410000e-04 -2.47750000e-04 2.00174000e-03 8.03100000e-04 6.27870000e-04 -1.22410000e-04 -9.58890000e-04 -8.79440000e-04 -4.16350000e-04 4.40300000e-04 -1.47310000e-04 1.76017100e-02 -1.39179000e-03 1.31971000e-03 -1.77110000e-04 6.46100000e-05 3.32710000e-04 9.60000000e-07 5.43910000e-04 7.80840000e-04 2.74050000e-04 4.66840000e-04 -3.61080000e-04 -1.81850000e-04 4.13980000e-04 -4.25020000e-04 -3.57330000e-04 2.33510000e-04 4.13260000e-04 6.92800000e-05 -4.10970000e-04 -1.37409000e-03 -3.33830000e-04 1.76210000e-04 4.43500000e-04 -2.77230000e-04 -7.28800000e-04 -1.28878000e-03 -7.11520000e-04 9.33920000e-04 2.69630000e-04 -6.33000000e-05 1.52670000e-04 -3.39210000e-04 5.20650000e-04 4.99600000e-05 6.07690000e-04 5.43870000e-04 -3.57920000e-04 7.22700000e-04 3.85100000e-05 4.98800000e-05 -7.59200000e-05 -2.64190000e-04 3.43150000e-04 -2.41210000e-04 -1.89350000e-04 3.22700000e-04 3.31660000e-04 4.40730000e-04 8.14120000e-04 6.03310000e-04 -4.44600000e-05 6.31490000e-04 6.91080000e-04 4.04440000e-04 1.05276000e-03 -2.23878000e-03 -6.04320000e-04 -4.92860000e-04 4.22460000e-04 -2.29280000e-04 -1.80001000e-03 9.16190000e-04 4.17760000e-04 6.75800000e-05 -8.07670000e-04 -2.46230000e-04 5.92880000e-04 -6.10640000e-04 6.25900000e-05 4.70020000e-04 -6.83200000e-04 -1.05930000e-04 -4.80890000e-04 4.91910000e-04 -5.32320000e-04 6.24810000e-04 1.13307000e-03 3.15560000e-04 -2.27620000e-04 2.41880000e-04 4.25890000e-04 -1.43980000e-04
2.32731000e-03 2.30330000e-04 3.62794000e-03 3.53594000e-03 -3.17000000e-05 -1.13290000e-03 9.49990000e-04 -4.46966000e-03 -7.45160000e-04 2.76805000e-03 -1.56700000e-05 -3.73100000e-05 -2.94827000e-03 -2.74204000e-03 -5.15320000e-04 2.35943000e-03 1.43028000e-03 7.88010000e-04 8.60210000e-04 1.18048000e-03 -1.39179000e-03 2.95105900e-02 -2.06735000e-03 5.13290000e-04 9.92180000e-04 -1.55025000e-03 -5.76100000e-05 1.18749000e-03 -2.60023000e-03 -3.61500000e-05 1.01179000e-03 1.61652000e-03 2.64117000e-03 1.46980000e-03 3.06088000e-03 -2.34180000e-04 -1.56637000e-03 -2.88940000e-04 1.39759000e-03 8.92080000e-04 -2.40500000e-03 -3.84560000e-04 -9.91860000e-04 -1.70868000e-03 1.34222000e-03 2.42668000e-03 -3.07501000e-03 -1.12995000e-03 -2.48742000e-03 1.31350000e-03 -1.80660000e-03 3.99224000e-03 1.68885000e-03 -3.61524000e-03 -2.17748000e-03 7.31840000e-04 4.55170000e-04 7.91260000e-04 1.42248000e-03 1.28535000e-03 -4.18201000e-03 -4.50240000e-04 -2.16465000e-03 -2.35488000e-03 1.57276000e-03 -2.22340000e-04 1.34770000e-04 7.73120000e-03 -2.47076000e-03 -1.91190000e-04 -3.49490000e-04 3.18580000e-04 2.78030000e-04 1.95110000e-04 -2.78408000e-03 -2.31360000e-03 2.54520000e-03 -2.74700000e-04 -3.35287000e-03 -1.91278000e-03 3.64790000e-04 1.40792000e-03 2.73322000e-03 -1.44533000e-03 2.85290000e-04 4.51338000e-03 8.52380000e-04 2.16748000e-03 -2.07686000e-03 1.41510000e-04 1.58693000e-03 1.00250000e-03 1.52318000e-03 1.95120000e-04 -4.88080000e-04 4.59370000e-04 -2.73077000e-03 3.87433000e-03 2.16951000e-03 9.41350000e-04 1.27011000e-03 2.03165000e-03 -6.53190000e-04
1.15420000e-03 6.75130000e-04 8.66180000e-04 -1.77700000e-03 1.93100000e-04 -6.71000000e-06 -7.19220000e-04 4.38550000e-04 4.21510000e-04 6.00240000e-04 -7.59250000e-04 2.25093000e-03 1.15558000e-03 7.56730000e-04 -3.67100000e-04 -1.42072000e-03 -5.20110000e-04 -8.26320000e-04 3.71910000e-04 -8.91650000e-04 1.31971000e-03 -2.06735000e-03 1.23376580e-01 -2.34350000e-04 -4.95940000e-04 1.67770000e-04 -6.08700000e-04 2.97170000e-04 1.14156000e-03 3.24600000e-05 6.29880000e-04 -1.24212000e-03 -1.02445000e-03 4.67200000e-05 -2.07972000e-03 -1.11027000e-03 2.96080000e-04 4.72200000e-04 -6.79740000e-04 -8.17350000e-04 -1.39522000e-03 -5.22820000e-04 1.10090000e-04 5.39710000e-04 -9.83750000e-04 -1.40201000e-03 -1.14683000e-03 -1.10298000e-03 1.20497000e-03 -1.33400000e-04 1.16170000e-04 -4.41620000e-04 -1.08112000e-03 1.06397000e-03 1.16480000e-04 2.76170000e-04 5.57720000e-04 -3.88840000e-04 -1.55410000e-04 -5.50520000e-04 7.31650000e-04 -8.64000000e-05 1.93930000e-04 1.97700000e-04 -6.68700000e-05 -4.52820000e-04 1.69300000e-04 -7.19200000e-04 5.61400000e-04 9.75440000e-04 6.60970000e-04 -4.64880000e-04 4.56780000e-04 6.95880000e-04 1.65770000e-04 1.32827000e-03 -3.14614000e-03 -1.13027000e-03 -4.71860000e-04 5.98790000e-04 -2.66870000e-04 -2.43014000e-03 -1.44720000e-04 3.04960000e-04 -6.57810000e-04 -2.06061000e-03 -7.35670000e-04 1.04066000e-03 -4.28200000e-04 -6.08200000e-05 1.00250000e-03 -1.35138000e-03 -4.80510000e-04 5.92100000e-04 7.20630000e-04 -4.74510000e-04 9.79710000e-04 1.15416000e-03 3.72770000e-04 -2.66780000e-04 1.31600000e-04 1.68000000e-04 -1.80510000e-04
6.35000000e-05 4.55000000e-06 -9.62800000e-05 1.14950000e-04 2.61600000e-05 -2.61360000e-04 4.43900000e-05 -8.10000000e-05 -1.15130000e-04 2.13100000e-04 -2.75200000e-05 -2.52980000e-04 -9.32200000e-05 -9.96500000e-05 1.10340000e-04 2.23970000e-04 2.10720000e-04 6.20800000e-05 7.25300000e-05 6.75100000e-05 -1.77110000e-04 5.13290000e-04 -2.34350000e-04 1.47499100e-02 -6.87000000e-06 -4.19700000e-05 -9.88600000e-05 -4.16500000e-05 -4.13700000e-05 -6.66400000e-05 5.73900000e-05 1.10710000e-04 7.36200000e-05 -1.70200000e-05 -3.46000000e-06 2.07700000e-04 -3.83300000e-05 -4.31800000e-05 -3.06000000e-06 5.83700000e-05 1.45400000e-05 -8.62000000e-06 4.76000000e-06 -9.21600000e-05 -1.03800000e-05 1.92340000e-04 3.62700000e-05 1.85200000e-05 -1.15880000e-04 -4.13700000e-05 -3.80100000e-05 1.14790000e-04 -7.52000000e-06 -2.49830000e-04 -8.50100000e-05 -6.14600000e-05 1.16000000e-05 1.37500000e-05 -1.90840000e-04 5.96000000e-06 -1.19020000e-04 1.10970000e-04 -5.59700000e-05 -1.14840000e-04 2.98830000e-04 -1.54700000e-05 -7.59200000e-05 1.53630000e-04 -1.66630000e-04 -8.48500000e-05 -5.13100000e-05 6.70000000e-06 -1.13290000e-04 -4.46700000e-05 -1.83670000e-04 -6.83500000e-05 3.78920000e-04 2.00800000e-05 -5.02600000e-05 -8.88400000e-05 9.23300000e-05 2.46420000e-04 -8.89900000e-05 -1.23130000e-04 -8.29900000e-05 1.36720000e-04 5.24000000e-05 1.53120000e-04 6.72400000e-05 -1.04200000e-05 1.52190000e-04 2.01600000e-05 2.82000000e-05 3.64820000e-04 -1.47930000e-04 2.63730000e-04 -6.15900000e-05 8.80000000e-05 8.94800000e-05 1.57850000e-04 1.37780000e-04 -1.60000000e-05 -1.30500000e-05
3.48070000e-04 2.80520000e-04 1.02018000e-03 7.24240000e-04 1.65380000e-04 2.10500000e-04 2.86170000e-04 -8.94970000e-04 1.60550000e-04 4.60030000e-04 1.75480000e-04 5.70450000e-04 -3.34070000e-04 -2.69550000e-04 -9.88700000e-05 1.95450000e-04 -3.50380000e-04 1.63440000e-04 3.25970000e-04 3.51510000e-04 6.46100000e-05 9.92180000e-04 -4.95940000e-04 -6.87000000e-06 1.48926400e-02 -1.22100000e-04 1.80390000e-04 5.74350000e-04 -2.53910000e-04 2.59370000e-04 3.29090000e-04 3.89550000e-04 7.11910000e-04 5.64470000e-04 8.17140000e-04 -1.38830000e-04 -1.77020000e-04 1.48340000e-04 5.31900000e-04 2.05680000e-04 -8.00900000e-04 -6.96000000e-06 -1.38120000e-04 -1.53770000e-04 4.41580000e-04 3.71930000e-04 -1.17902000e-03 -3.51240000e-04 -1.55470000e-04 5.09030000e-04 -2.85340000e-04 9.51660000e-04 4.98980000e-04 -5.06770000e-04 -1.72490000e-04 4.80780000e-04 2.54990000e-04 1.25940000e-04 9.65700000e-04 4.57700000e-04 -8.53450000e-04 -1.39180000e-04 -3.95080000e-04 -3.05840000e-04 -5.86900000e-05 8.22500000e-05 2.68190000e-04 1.68965000e-03 -2.65760000e-04 2.03950000e-04 1.18600000e-04 2.69660000e-04 2.91150000e-04 2.46750000e-04 -3.76080000e-04 -1.27300000e-04 -3.48610000e-04 -5.78600000e-05 -9.29690000e-04 -1.93560000e-04 -4.55200000e-05 -4.47190000e-04 1.10215000e-03 -3.05700000e-05 3.71610000e-04 8.84210000e-04 2.83760000e-04 3.99480000e-04 -5.86550000e-04 1.98470000e-04 3.02830000e-04 2.08240000e-04 4.70100000e-04 -5.67880000e-04 1.71540000e-04 -2.07640000e-04 -2.50700000e-04 1.11109000e-03 6.00960000e-04 1.54690000e-04 3.57390000e-04 6.80190000e-04 -1.98000000e-06
-9.28040000e-04 -2.24610000e-04 -1.34802000e-03 -5.62300000e-04 1.73500000e-05 4.17110000e-04 -4.13300000e-05 1.36521000e-03 2.57800000e-04 -9.60280000e-04 1.89440000e-04 -5.65570000e-04 7.49780000e-04 7.44630000e-04 3.94460000e-04 -3.81680000e-04 -2.06570000e-04 -4.51800000e-05 -3.11570000e-04 -1.55550000e-04 3.32710000e-04 -1.55025000e-03 1.67770000e-04 -4.19700000e-05 -1.22100000e-04 1.02279400e-02 2.24180000e-04 -3.57390000e-04 6.10240000e-04 4.85700000e-05 -3.61280000e-04 -3.15970000e-04 -7.06610000e-04 -3.34210000e-04 -5.72880000e-04 3.17970000e-04 5.43190000e-04 9.66300000e-05 -2.95500000e-04 -1.34150000e-04 1.01986000e-03 3.41850000e-04 4.68870000e-04 5.77350000e-04 -1.49410000e-04 -3.10060000e-04 1.15856000e-03 5.96960000e-04 6.14230000e-04 -2.64190000e-04 6.29240000e-04 -1.21376000e-03 -2.48710000e-04 1.04969000e-03 7.46920000e-04 -2.15700000e-04 -1.15580000e-04 -2.39960000e-04 -5.19910000e-04 -2.94020000e-04 1.13619000e-03 3.30300000e-04 7.28280000e-04 9.15210000e-04 -3.12140000e-04 2.78690000e-04 -1.35600000e-05 -1.67266000e-03 7.49360000e-04 -7.08300000e-05 1.11000000e-04 8.25800000e-05 -1.02900000e-04 -8.99100000e-05 9.87270000e-04 5.41750000e-04 -2.03250000e-04 4.10500000e-04 1.27350000e-03 6.07040000e-04 2.30100000e-05 1.85790000e-04 -8.02560000e-04 5.34280000e-04 5.45800000e-05 -1.03844000e-03 -9.81000000e-06 -8.49770000e-04 7.38750000e-04 -2.00000000e-06 -9.39090000e-04 1.66800000e-05 -3.76430000e-04 -8.50100000e-05 3.73900000e-05 2.33500000e-05 7.52220000e-04 -1.50585000e-03 -8.40110000e-04 -2.14550000e-04 -4.42970000e-04 -7.24130000e-04 4.72370000e-04
-4.87400000e-04 -2.38270000e-04 -5.55140000e-04 3.19820000e-04 -2.15100000e-05 2.52760000e-04 1.88300000e-04 5.49700000e-04 7.92100000e-05 -7.18630000e-04 3.65640000e-04 -6.07250000e-04 1.09180000e-04 2.15910000e-04 1.22410000e-04 2.03850000e-04 2.91980000e-04 1.39770000e-04 -2.25110000e-04 1.66530000e-04 9.60000000e-07 -5.76100000e-05 -6.08700000e-04 -9.88600000e-05 1.80390000e-04 2.24180000e-04 1.90097600e-02 -1.85360000e-04 -1.74580000e-04 8.34500000e-05 -2.81140000e-04 9.56700000e-05 -1.61000000e-05 -3.30700000e-05 4.06910000e-04 -1.15280000e-04 1.95430000e-04 -3.76800000e-05 1.14630000e-04 1.36480000e-04 7.67070000e-04 3.90170000e-04 1.25900000e-04 1.53900000e-04 3.44300000e-04 2.34230000e-04 9.02490000e-04 6.63150000e-04 3.24700000e-05 1.51070000e-04 2.56350000e-04 -4.12310000e-04 3.29870000e-04 3.95830000e-04 4.20640000e-04 -8.91600000e-05 -1.94890000e-04 -2.94100000e-05 -1.98360000e-04 2.25100000e-05 4.87470000e-04 7.06500000e-05 3.25640000e-04 5.26020000e-04 -2.63840000e-04 3.72690000e-04 2.97000000e-06 -1.91100000e-04 3.06450000e-04 -1.52310000e-04 -4.74100000e-05 1.71670000e-04 7.72400000e-05 -1.71080000e-04 5.88720000e-04 -9.77900000e-05 6.30290000e-04 5.82940000e-04 8.53250000e-04 1.98990000e-04 8.56000000e-06 9.75640000e-04 -1.79450000e-04 2.27440000e-04 2.99100000e-04 1.05400000e-04 1.90880000e-04 -7.50130000e-04 4.21510000e-04 -6.37000000e-06 -7.78970000e-04 3.18560000e-04 -7.60700000e-05 -4.56290000e-04 -7.71900000e-05 -4.45900000e-05 4.98800000e-05 -9.77270000e-04 -5.35370000e-04 -1.36190000e-04 -3.30880000e-04 -2.94240000e-04 2.68880000e-04
1.26713000e-03 8.73820000e-04 2.67342000e-03 5.63970000e-04 3.07840000e-04 1.05790000e-04 1.98000000e-04 -1.96791000e-03 3.22850000e-04 1.48121000e-03 -1.58590000e-04 2.69342000e-03 -3.77720000e-04 -4.05730000e-04 -4.24560000e-04 -2.89390000e-04 -1.06402000e-03 -9.25200000e-05 8.53440000e-04 2.95030000e-04 5.43910000e-04 1.18749000e-03 2.97170000e-04 -4.16500000e-05 5.74350000e-04 -3.57390000e-04 -1.85360000e-04 2.05442200e-02 4.51300000e-05 4.16570000e-04 9.04360000e-04 2.76460000e-04 1.03682000e-03 1.20789000e-03 7.34640000e-04 -3.68130000e-04 -3.83990000e-04 3.44440000e-04 7.38700000e-04 -2.94300000e-05 -2.73042000e-03 -5.27380000e-04 -3.49490000e-04 -2.64890000e-04 2.85550000e-04 6.72300000e-05 -3.21323000e-03 -1.44076000e-03 1.20240000e-04 7.28500000e-04 -8.12630000e-04 1.92380000e-03 3.77200000e-04 -1.05880000e-03 -5.96420000e-04 1.15101000e-03 6.83400000e-04 2.80500000e-05 1.69624000e-03 6.42060000e-04 -1.77743000e-03 -4.01210000e-04 -1.07412000e-03 -9.77120000e-04 -3.50100000e-05 -3.15590000e-04 5.99780000e-04 3.25904000e-03 -6.21460000e-04 8.11400000e-04 3.44870000e-04 2.65990000e-04 7.12720000e-04 7.49620000e-04 -1.08937000e-03 3.21500000e-04 -2.26642000e-03 -7.80200000e-04 -2.60258000e-03 -4.51520000e-04 -2.27860000e-04 -2.19220000e-03 2.33194000e-03 -2.23830000e-04 3.05040000e-04 9.03260000e-04 1.74490000e-04 1.51413000e-03 -1.44613000e-03 2.50360000e-04 1.45226000e-03 -2.78080000e-04 6.31180000e-04 -7.22810000e-04 5.11250000e-04 -5.72140000e-04 -2.21940000e-04 3.09468000e-03 1.47180000e-03 1.85570000e-04 8.99430000e-04 1.46454000e-03 -3.65250000e-04
-5.00520000e-04 3.29250000e-04 -6.81900000e-04 -1.31822000e-03 2.24900000e-04 2.86680000e-04 -3.28230000e-04 1.35595000e-03 4.74280000e-04 -3.10130000e-04 -1.09160000e-04 1.11527000e-03 1.19243000e-03 1.06207000e-03 2.31680000e-04 -1.12642000e-03 -8.50360000e-04 -3.96750000e-04 5.25200000e-05 -4.89000000e-04 7.80840000e-04 -2.60023000e-03 1.14156000e-03 -4.13700000e-05 -2.53910000e-04 6.10240000e-04 -1.74580000e-04 4.51300000e-05 1.14548910e-01 1.31640000e-04 -2.34100000e-05 -7.44980000e-04 -8.98630000e-04 -1.99160000e-04 -1.33739000e-03 3.03840000e-04 6.13100000e-04 3.32780000e-04 -4.00580000e-04 -4.37810000e-04 -9.56300000e-05 -8.42000000e-06 4.03780000e-04 6.71930000e-04 -5.62930000e-04 -9.89240000e-04 1.85660000e-04 -5.99500000e-05 1.21627000e-03 -3.85040000e-04 5.01380000e-04 -1.06546000e-03 -6.97300000e-04 1.12231000e-03 7.69610000e-04 7.55000000e-05 1.68280000e-04 -4.66230000e-04 -3.37220000e-04 -3.81010000e-04 1.17781000e-03 2.32960000e-04 5.89210000e-04 6.85840000e-04 -4.35160000e-04 -3.20000000e-05 1.32580000e-04 -1.92949000e-03 8.27920000e-04 3.93830000e-04 3.49250000e-04 -6.34900000e-05 1.83700000e-05 2.75680000e-04 7.93560000e-04 1.31431000e-03 -2.03869000e-03 -1.07720000e-04 5.03970000e-04 6.94000000e-04 -1.52950000e-04 -1.32747000e-03 -5.10090000e-04 5.39600000e-04 -1.23780000e-04 -1.74542000e-03 -3.37400000e-04 -9.86600000e-05 6.14420000e-04 -7.09900000e-05 4.54200000e-05 -5.83530000e-04 -5.27420000e-04 1.05330000e-04 2.41000000e-04 -1.61530000e-04 1.30339000e-03 -5.56140000e-04 -4.51850000e-04 -1.64650000e-04 -9.46000000e-06 -4.73900000e-04 3.44680000e-04
9.66000000e-05 2.48450000e-04 5.92350000e-04 1.25150000e-04 1.36330000e-04 2.42240000e-04 1.26130000e-04 -3.09620000e-04 2.09710000e-04 1.50750000e-04 7.67800000e-05 6.53900000e-04 7.92200000e-05 8.40300000e-05 -7.71900000e-05 -1.85920000e-04 -4.76040000e-04 3.61700000e-05 2.18320000e-04 1.04630000e-04 2.74050000e-04 -3.61500000e-05 3.24600000e-05 -6.66400000e-05 2.59370000e-04 4.85700000e-05 8.34500000e-05 4.16570000e-04 1.31640000e-04 1.03873800e-02 2.07360000e-04 5.03400000e-05 2.41650000e-04 3.55330000e-04 1.99580000e-04 -1.54590000e-04 1.98600000e-05 1.60810000e-04 2.49000000e-04 3.87500000e-05 -6.74160000e-04 -2.56800000e-05 3.26300000e-05 8.61500000e-05 1.65700000e-04 -2.38200000e-05 -8.60090000e-04 -2.94600000e-04 2.15260000e-04 2.76510000e-04 -7.11100000e-05 3.74670000e-04 1.91760000e-04 -4.29800000e-05 7.61200000e-05 3.87120000e-04 1.98830000e-04 2.99800000e-05 6.14930000e-04 2.33240000e-04 -2.99840000e-04 -8.59400000e-05 -1.12220000e-04 -6.29900000e-05 -2.23490000e-04 4.03000000e-05 3.09060000e-04 6.79910000e-04 1.91000000e-05 2.89870000e-04 1.65020000e-04 1.73700000e-04 2.50850000e-04 2.23570000e-04 -7.75200000e-05 2.27620000e-04 -8.38200000e-04 -1.17410000e-04 -5.63740000e-04 3.14400000e-05 -4.71000000e-05 -7.38330000e-04 6.57560000e-04 1.31190000e-04 2.60360000e-04 1.52720000e-04 1.08290000e-04 1.87500000e-04 -3.48950000e-04 9.00200000e-05 1.57950000e-04 -9.01200000e-05 1.41890000e-04 -4.71800000e-04 1.77930000e-04 -2.64260000e-04 1.22750000e-04 6.03920000e-04 2.73990000e-04 -7.19000000e-06 1.82250000e-04 3.36230000e-04 3.14500000e-05
1.29632000e-03 7.74710000e-04 2.12320000e-03 2.80150000e-04 2.87290000e-04 -1.05260000e-04 -4.23300000e-05 -1.62979000e-03 2.25660000e-04 1.38560000e-03 -3.13160000e-04 1.85921000e-03 -2.92660000e-04 -3.95860000e-04 -3.62940000e-04 -2.30390000e-04 -6.29250000e-04 -2.04680000e-04 7.86830000e-04 1.47480000e-04 4.66840000e-04 1.01179000e-03 6.29880000e-04 5.73900000e-05 3.29090000e-04 -3.61280000e-04 -2.81140000e-04 9.04360000e-04 -2.34100000e-05 2.07360000e-04 2.14306300e-02 1.57220000e-04 7.69290000e-04 7.67990000e-04 2.95450000e-04 -3.50970000e-04 -4.00020000e-04 3.04730000e-04 4.86620000e-04 -9.04300000e-05 -2.20023000e-03 -5.44660000e-04 -3.03610000e-04 -2.82090000e-04 4.94300000e-05 -3.90200000e-05 -2.52698000e-03 -1.25281000e-03 1.36000000e-06 5.49030000e-04 -6.57460000e-04 1.58017000e-03 1.07080000e-04 -8.38920000e-04 -6.83200000e-04 7.41180000e-04 6.75600000e-04 -7.25000000e-05 1.23240000e-03 4.43050000e-04 -1.39648000e-03 -3.00590000e-04 -9.42460000e-04 -7.37640000e-04 2.83710000e-04 -3.62710000e-04 2.64360000e-04 2.40616000e-03 -5.06130000e-04 6.25620000e-04 3.93830000e-04 2.47000000e-06 4.73700000e-04 7.07430000e-04 -8.86230000e-04 1.92190000e-04 -1.54101000e-03 -8.47540000e-04 -1.93083000e-03 -3.04830000e-04 -1.66910000e-04 -1.73709000e-03 1.64003000e-03 -2.01570000e-04 5.18500000e-05 6.29950000e-04 -3.72500000e-05 1.45506000e-03 -1.29126000e-03 1.10650000e-04 1.32652000e-03 -4.90800000e-04 4.78350000e-04 -2.44220000e-04 2.89960000e-04 -3.34580000e-04 -2.61960000e-04 2.65952000e-03 1.28046000e-03 2.32310000e-04 7.76130000e-04 1.15125000e-03 -4.49360000e-04
2.36420000e-04 -3.45200000e-05 7.92630000e-04 1.05487000e-03 -1.95900000e-05 -8.84100000e-05 3.26330000e-04 -1.28411000e-03 -2.08400000e-04 4.31840000e-04 1.14520000e-04 -3.53510000e-04 -7.76650000e-04 -6.64290000e-04 -3.33500000e-05 6.96560000e-04 -8.61600000e-05 3.59520000e-04 1.31220000e-04 6.05870000e-04 -3.61080000e-04 1.61652000e-03 -1.24212000e-03 1.10710000e-04 3.89550000e-04 -3.15970000e-04 9.56700000e-05 2.76460000e-04 -7.44980000e-04 5.03400000e-05 1.57220000e-04 1.80639300e-02 9.14680000e-04 3.55420000e-04 1.37333000e-03 -1.31400000e-05 -3.97230000e-04 -1.28110000e-04 5.24740000e-04 3.67180000e-04 -3.79440000e-04 -9.65400000e-05 -2.47130000e-04 -4.39750000e-04 4.43580000e-04 7.31120000e-04 -8.44190000e-04 -2.13280000e-04 -7.13510000e-04 3.52940000e-04 -4.45710000e-04 1.10211000e-03 5.21240000e-04 -9.89740000e-04 -6.46960000e-04 2.40210000e-04 4.46100000e-05 2.81630000e-04 1.04238000e-03 4.91130000e-04 -1.22039000e-03 -1.09330000e-04 -6.53560000e-04 -5.49180000e-04 2.60230000e-04 -4.19900000e-05 2.91600000e-05 1.64305000e-03 -6.30140000e-04 -1.36320000e-04 -1.48230000e-04 2.16340000e-04 9.13900000e-05 -4.65000000e-05 -6.51150000e-04 -7.08320000e-04 1.11131000e-03 -8.94900000e-05 -7.53950000e-04 -4.66460000e-04 6.61300000e-05 2.08940000e-04 9.86580000e-04 -3.28640000e-04 2.50090000e-04 1.45382000e-03 3.73700000e-04 2.65930000e-04 -7.20020000e-04 1.81940000e-04 1.49470000e-04 5.16250000e-04 5.40990000e-04 -3.27890000e-04 -7.21900000e-05 9.41500000e-05 -8.19680000e-04 7.83240000e-04 5.17070000e-04 2.31540000e-04 2.72620000e-04 5.39730000e-04 -2.21250000e-04
1.24927000e-03 5.40700000e-04 2.50028000e-03 1.43532000e-03 1.69360000e-04 -1.18350000e-04 3.75790000e-04 -2.54028000e-03 -4.31500000e-05 1.46045000e-03 -8.49000000e-06 1.16686000e-03 -1.14832000e-03 -1.05863000e-03 -4.14680000e-04 5.96860000e-04 -4.08200000e-04 2.30310000e-04 7.08420000e-04 6.89350000e-04 -1.81850000e-04 2.64117000e-03 -1.02445000e-03 7.36200000e-05 7.11910000e-04 -7.06610000e-04 -1.61000000e-05 1.03682000e-03 -8.98630000e-04 2.41650000e-04 7.69290000e-04 9.14680000e-04 1.57390200e-02 1.01678000e-03 1.67483000e-03 -3.22030000e-04 -7.38270000e-04 7.28300000e-05 9.74460000e-04 3.60370000e-04 -2.04747000e-03 -4.18060000e-04 -5.82090000e-04 -7.34480000e-04 6.44070000e-04 7.76230000e-04 -2.69281000e-03 -1.06268000e-03 -7.98680000e-04 8.37470000e-04 -9.83330000e-04 2.37530000e-03 7.91960000e-04 -1.69967000e-03 -1.05569000e-03 8.20700000e-04 4.66290000e-04 2.84120000e-04 1.82986000e-03 8.65310000e-04 -2.29366000e-03 -4.41600000e-04 -1.31730000e-03 -1.22483000e-03 3.21900000e-04 -2.32720000e-04 2.84910000e-04 3.70593000e-03 -1.06691000e-03 2.89150000e-04 5.68100000e-05 2.62880000e-04 4.66270000e-04 4.38750000e-04 -1.39108000e-03 -6.83590000e-04 -1.35370000e-04 -5.42140000e-04 -2.36570000e-03 -8.17680000e-04 -8.65600000e-05 -8.53170000e-04 2.24834000e-03 -5.48240000e-04 3.86770000e-04 2.09554000e-03 3.86950000e-04 1.29557000e-03 -1.57669000e-03 2.42150000e-04 1.17999000e-03 2.23140000e-04 9.36950000e-04 -6.65740000e-04 1.32980000e-04 -2.52420000e-04 -1.07904000e-03 2.83262000e-03 1.51648000e-03 3.87280000e-04 8.45830000e-04 1.49444000e-03 -5.26150000e-04
1.16872000e-03 6.93640000e-04 2.36637000e-03 7.34730000e-04 2.46310000e-04 6.00400000e-05 2.52140000e-04 -1.81170000e-03 2.38810000e-04 1.22524000e-03 -7.79100000e-05 2.11149000e-03 -4.35620000e-04 -4.36880000e-04 -3.72600000e-04 -4.41200000e-05 -7.03000000e-04 -2.30200000e-05 7.28580000e-04 3.76990000e-04 4.13980000e-04 1.46980000e-03 4.67200000e-05 -1.70200000e-05 5.64470000e-04 -3.34210000e-04 -3.30700000e-05 1.20789000e-03 -1.99160000e-04 3.55330000e-04 7.67990000e-04 3.55420000e-04 1.01678000e-03 2.02981000e-02 8.76720000e-04 -4.44570000e-04 -3.59330000e-04 2.56830000e-04 7.14700000e-04 3.23800000e-05 -2.32756000e-03 -3.93060000e-04 -3.30080000e-04 -2.75120000e-04 3.89180000e-04 2.62540000e-04 -2.71689000e-03 -1.15073000e-03 -1.93600000e-05 7.50440000e-04 -7.36510000e-04 1.76187000e-03 4.80080000e-04 -1.00239000e-03 -5.63560000e-04 1.00961000e-03 5.50780000e-04 3.25900000e-05 1.45831000e-03 6.00900000e-04 -1.61757000e-03 -3.51590000e-04 -9.72520000e-04 -8.52990000e-04 3.47100000e-05 -1.97050000e-04 5.05990000e-04 3.20524000e-03 -6.04350000e-04 6.57370000e-04 2.57490000e-04 2.76510000e-04 6.97130000e-04 6.03100000e-04 -9.55760000e-04 1.20930000e-04 -1.64121000e-03 -5.85480000e-04 -2.20618000e-03 -4.51770000e-04 -1.71750000e-04 -1.54440000e-03 2.10308000e-03 -2.39710000e-04 3.09480000e-04 1.01449000e-03 2.44410000e-04 1.23523000e-03 -1.30623000e-03 2.08310000e-04 1.12100000e-03 -1.74880000e-04 5.71930000e-04 -6.83460000e-04 3.93020000e-04 -4.61350000e-04 -3.47830000e-04 2.64346000e-03 1.23792000e-03 1.58970000e-04 7.33100000e-04 1.28385000e-03 -3.23750000e-04
4.94710000e-04 4.68000000e-06 1.87568000e-03 2.11289000e-03 -1.32000000e-05 -2.60600000e-05 6.47370000e-04 -2.31531000e-03 -2.44780000e-04 7.08960000e-04 3.07390000e-04 8.81500000e-05 -1.38663000e-03 -1.14350000e-03 -2.24450000e-04 1.10962000e-03 -1.21330000e-04 5.99470000e-04 2.57220000e-04 1.05653000e-03 -4.25020000e-04 3.06088000e-03 -2.07972000e-03 -3.46000000e-06 8.17140000e-04 -5.72880000e-04 4.06910000e-04 7.34640000e-04 -1.33739000e-03 1.99580000e-04 2.95450000e-04 1.37333000e-03 1.67483000e-03 8.76720000e-04 5.93727500e-02 -1.01730000e-04 -7.09850000e-04 -1.69980000e-04 1.07305000e-03 6.16920000e-04 -9.12130000e-04 -1.25380000e-04 -4.43840000e-04 -7.40600000e-04 9.74710000e-04 1.27642000e-03 -1.57342000e-03 -3.49290000e-04 -1.15612000e-03 8.22550000e-04 -9.37080000e-04 2.03923000e-03 1.14670000e-03 -1.70222000e-03 -1.05436000e-03 6.38110000e-04 1.16090000e-04 4.72610000e-04 1.86766000e-03 9.33080000e-04 -2.18117000e-03 -3.26730000e-04 -1.27188000e-03 -8.39350000e-04 1.94940000e-04 -7.62000000e-06 2.27600000e-04 3.71502000e-03 -1.04249000e-03 -9.02500000e-05 -1.81640000e-04 4.43630000e-04 4.03290000e-04 1.18000000e-05 -9.82420000e-04 -1.14866000e-03 1.60479000e-03 2.13000000e-05 -1.38346000e-03 -8.23290000e-04 4.46600000e-05 5.17190000e-04 2.14726000e-03 -4.89460000e-04 6.28990000e-04 2.73699000e-03 6.53730000e-04 4.17000000e-04 -1.24592000e-03 2.89850000e-04 2.09290000e-04 1.04932000e-03 9.68920000e-04 -1.06083000e-03 -1.16400000e-05 -1.01190000e-04 -1.44838000e-03 1.49748000e-03 8.31220000e-04 2.65250000e-04 4.46750000e-04 1.10025000e-03 -3.02950000e-04
-9.08690000e-04 -2.42300000e-04 -1.16399000e-03 3.85000000e-05 -1.20900000e-05 -1.21490000e-04 1.65000000e-05 6.78900000e-04 2.22000000e-05 -3.22980000e-04 7.83000000e-05 -8.71200000e-04 5.98600000e-05 1.28840000e-04 3.73040000e-04 -1.18600000e-05 -8.27600000e-05 8.24200000e-05 -2.09400000e-04 -7.46600000e-05 -3.57330000e-04 -2.34180000e-04 -1.11027000e-03 2.07700000e-04 -1.38830000e-04 3.17970000e-04 -1.15280000e-04 -3.68130000e-04 3.03840000e-04 -1.54590000e-04 -3.50970000e-04 -1.31400000e-05 -3.22030000e-04 -4.44570000e-04 -1.01730000e-04 2.21521400e-02 1.04480000e-04 -5.28100000e-05 -1.81590000e-04 8.10200000e-05 1.15944000e-03 1.27360000e-04 2.83440000e-04 4.98500000e-05 -1.73160000e-04 4.20400000e-05 1.07226000e-03 4.62650000e-04 -3.45000000e-06 -4.49270000e-04 1.01080000e-04 -6.64740000e-04 -1.92950000e-04 1.49110000e-04 1.74510000e-04 -3.80510000e-04 -1.49320000e-04 9.80000000e-06 -4.64410000e-04 -1.61550000e-04 4.08100000e-04 2.91810000e-04 2.37970000e-04 3.34290000e-04 8.15200000e-05 3.10400000e-05 -2.21360000e-04 -9.79950000e-04 1.93040000e-04 -4.85640000e-04 -1.28030000e-04 1.75800000e-05 -5.05550000e-04 -1.86780000e-04 3.63100000e-04 5.48900000e-05 7.16130000e-04 3.56330000e-04 7.40190000e-04 9.70600000e-05 7.94400000e-05 5.86560000e-04 -7.16650000e-04 1.48130000e-04 -8.98000000e-05 -1.36960000e-04 -6.11900000e-05 -4.24960000e-04 7.03980000e-04 8.12300000e-05 -4.34800000e-04 6.01600000e-04 8.29900000e-05 3.49660000e-04 -1.39050000e-04 4.06090000e-04 2.61840000e-04 -1.00013000e-03 -3.89260000e-04 1.31950000e-04 -1.63030000e-04 -4.07700000e-04 4.14720000e-04
-7.88350000e-04 -2.00730000e-04 -1.32046000e-03 -6.41650000e-04 -1.02800000e-05 3.04170000e-04 -5.35600000e-05 1.42952000e-03 1.90460000e-04 -9.37960000e-04 1.56580000e-04 -5.17760000e-04 7.73570000e-04 7.66490000e-04 2.99000000e-04 -3.52980000e-04 -3.17900000e-05 -6.92400000e-05 -3.20490000e-04 -1.96940000e-04 2.33510000e-04 -1.56637000e-03 2.96080000e-04 -3.83300000e-05 -1.77020000e-04 5.43190000e-04 1.95430000e-04 -3.83990000e-04 6.13100000e-04 1.98600000e-05 -4.00020000e-04 -3.97230000e-04 -7.38270000e-04 -3.59330000e-04 -7.09850000e-04 1.04480000e-04 1.72218000e-02 5.00400000e-05 -3.57750000e-04 -1.33130000e-04 9.26850000e-04 3.37820000e-04 3.81430000e-04 5.40050000e-04 -1.74240000e-04 -3.44090000e-04 1.22803000e-03 6.22100000e-04 6.44890000e-04 -2.94910000e-04 6.04790000e-04 -1.25212000e-03 -2.68360000e-04 1.04974000e-03 7.71120000e-04 -2.36340000e-04 -2.26210000e-04 -2.30350000e-04 -6.93200000e-04 -3.63480000e-04 1.26709000e-03 2.84240000e-04 8.07060000e-04 7.84230000e-04 -3.46110000e-04 2.66650000e-04 -8.45000000e-06 -1.81544000e-03 7.06140000e-04 -6.46800000e-05 2.46700000e-05 5.88100000e-05 -5.10900000e-05 -1.71010000e-04 8.90820000e-04 5.39680000e-04 -2.63360000e-04 4.05940000e-04 1.21084000e-03 5.39830000e-04 3.15100000e-05 2.74410000e-04 -9.42920000e-04 4.04870000e-04 -1.61900000e-05 -1.10501000e-03 -4.91300000e-05 -8.53570000e-04 8.19270000e-04 -8.78800000e-05 -8.00110000e-04 -1.12870000e-04 -5.08370000e-04 4.04700000e-05 -2.89000000e-06 5.26700000e-05 7.65380000e-04 -1.57914000e-03 -8.86000000e-04 -2.20950000e-04 -4.44050000e-04 -7.79580000e-04 4.30250000e-04
3.15420000e-04 3.65430000e-04 5.78180000e-04 -1.44870000e-04 1.98280000e-04 1.75160000e-04 -6.67600000e-05 -1.86710000e-04 3.05200000e-04 3.54960000e-04 -6.37200000e-05 8.65720000e-04 2.18060000e-04 1.52600000e-04 -4.77200000e-05 -3.67400000e-04 -4.54880000e-04 -1.60040000e-04 2.95550000e-04 -4.19900000e-05 4.13260000e-04 -2.88940000e-04 4.72200000e-04 -4.31800000e-05 1.48340000e-04 9.66300000e-05 -3.76800000e-05 3.44440000e-04 3.32780000e-04 1.60810000e-04 3.04730000e-04 -1.28110000e-04 7.28300000e-05 2.56830000e-04 -1.69980000e-04 -5.28100000e-05 5.00400000e-05 1.16434500e-02 1.30290000e-04 -1.23160000e-04 -7.78150000e-04 -1.09450000e-04 1.62900000e-05 1.27800000e-04 -3.32200000e-05 -2.31120000e-04 -8.42520000e-04 -4.11150000e-04 3.23510000e-04 1.97450000e-04 -3.88500000e-05 2.88970000e-04 -5.11200000e-05 1.03820000e-04 3.04400000e-05 3.13740000e-04 3.17120000e-04 -1.83050000e-04 4.78520000e-04 1.08910000e-04 -1.65210000e-04 -4.15800000e-05 -1.14410000e-04 6.09000000e-06 -8.11600000e-05 -4.51000000e-05 1.50510000e-04 4.56960000e-04 1.21510000e-04 3.28870000e-04 2.78730000e-04 2.36600000e-05 2.18420000e-04 3.71750000e-04 5.75000000e-06 3.95070000e-04 -1.14054000e-03 -2.71920000e-04 -5.04190000e-04 1.23280000e-04 -1.12440000e-04 -9.40470000e-04 4.98360000e-04 1.59650000e-04 6.98100000e-05 -1.70330000e-04 -5.57100000e-05 4.51810000e-04 -3.17110000e-04 2.52400000e-05 3.62680000e-04 -3.10350000e-04 5.83800000e-05 -1.77150000e-04 1.80430000e-04 -2.13500000e-04 2.79380000e-04 7.49260000e-04 3.00330000e-04 4.50700000e-05 2.56610000e-04 2.99100000e-04 3.11100000e-05
6.38880000e-04 3.98540000e-04 1.54965000e-03 8.91470000e-04 1.71360000e-04 1.02030000e-04 2.68830000e-04 -1.44070000e-03 1.18390000e-04 7.85260000e-04 8.14500000e-05 9.26630000e-04 -5.64510000e-04 -4.96070000e-04 -2.09400000e-04 2.29250000e-04 -4.42980000e-04 1.26640000e-04 4.71670000e-04 4.44550000e-04 6.92800000e-05 1.39759000e-03 -6.79740000e-04 -3.06000000e-06 5.31900000e-04 -2.95500000e-04 1.14630000e-04 7.38700000e-04 -4.00580000e-04 2.49000000e-04 4.86620000e-04 5.24740000e-04 9.74460000e-04 7.14700000e-04 1.07305000e-03 -1.81590000e-04 -3.57750000e-04 1.30290000e-04 1.24101500e-02 2.07400000e-04 -1.33039000e-03 -1.93540000e-04 -2.75080000e-04 -3.32050000e-04 4.64430000e-04 4.25910000e-04 -1.73553000e-03 -6.23280000e-04 -3.12660000e-04 5.93400000e-04 -5.39580000e-04 1.40394000e-03 5.43810000e-04 -8.87660000e-04 -4.84200000e-04 6.11340000e-04 3.56470000e-04 9.83800000e-05 1.24350000e-03 5.80120000e-04 -1.33774000e-03 -2.50430000e-04 -7.59820000e-04 -5.64970000e-04 5.06800000e-05 -6.62900000e-05 2.62450000e-04 2.34873000e-03 -5.06230000e-04 2.61430000e-04 1.35570000e-04 2.37040000e-04 3.72780000e-04 3.64000000e-04 -6.49640000e-04 -2.40580000e-04 -4.03700000e-04 -2.49530000e-04 -1.39607000e-03 -3.77950000e-04 -9.33900000e-05 -6.69460000e-04 1.53040000e-03 -1.85510000e-04 3.72110000e-04 1.20752000e-03 2.72600000e-04 7.09920000e-04 -9.36140000e-04 1.70860000e-04 6.04070000e-04 1.50700000e-04 5.75300000e-04 -6.58470000e-04 1.36860000e-04 -2.67200000e-04 -4.92410000e-04 1.70696000e-03 8.68610000e-04 1.93890000e-04 5.22260000e-04 9.35110000e-04 -2.07790000e-04
-2.12250000e-04 -1.86890000e-04 -6.00400000e-05 6.11690000e-04 -6.02900000e-05 7.96000000e-06 2.72380000e-04 -3.07170000e-04 -1.61250000e-04 -7.03700000e-05 1.97950000e-04 -7.62670000e-04 -4.20670000e-04 -3.17510000e-04 3.50600000e-05 4.89680000e-04 1.96590000e-04 3.23160000e-04 -8.27400000e-05 2.60610000e-04 -4.10970000e-04 8.92080000e-04 -8.17350000e-04 5.83700000e-05 2.05680000e-04 -1.34150000e-04 1.36480000e-04 -2.94300000e-05 -4.37810000e-04 3.87500000e-05 -9.04300000e-05 3.67180000e-04 3.60370000e-04 3.23800000e-05 6.16920000e-04 8.10200000e-05 -1.33130000e-04 -1.23160000e-04 2.07400000e-04 7.71831000e-03 3.09200000e-04 1.51210000e-04 -2.83000000e-05 -1.82130000e-04 3.18310000e-04 4.71470000e-04 1.31680000e-04 2.14570000e-04 -4.26650000e-04 1.17230000e-04 -6.58200000e-05 2.73460000e-04 3.80070000e-04 -3.53630000e-04 -7.89300000e-05 -4.46700000e-05 -1.18880000e-04 2.82800000e-04 1.85030000e-04 2.17610000e-04 -3.41220000e-04 3.23000000e-06 -4.19900000e-05 -1.36660000e-04 4.67800000e-05 1.31970000e-04 5.36400000e-05 4.53170000e-04 -2.35440000e-04 -2.29440000e-04 -1.62940000e-04 1.61610000e-04 -1.16270000e-04 -1.99520000e-04 -1.97630000e-04 -4.94560000e-04 9.90880000e-04 2.48310000e-04 -8.15000000e-06 -1.90020000e-04 1.59880000e-04 6.17130000e-04 8.57400000e-05 -1.03790000e-04 2.10070000e-04 7.52070000e-04 2.42420000e-04 -2.19050000e-04 -2.37300000e-05 4.05400000e-05 -2.28720000e-04 3.92130000e-04 2.00850000e-04 -1.50610000e-04 -1.71500000e-04 1.21470000e-04 -3.87110000e-04 -2.14890000e-04 1.04400000e-05 1.10450000e-04 -1.54800000e-05 3.15700000e-05 5.24400000e-05
-3.60487000e-03 -2.13675000e-03 -6.21882000e-03 -6.70380000e-04 -7.01760000e-04 1.80310000e-04 4.46100000e-05 4.55109000e-03 -6.58910000e-04 -3.73559000e-03 9.07480000e-04 -5.78756000e-03 7.11710000e-04 9.90650000e-04 1.13302000e-03 8.20840000e-04 1.94411000e-03 5.27560000e-04 -2.09217000e-03 -4.94780000e-04 -1.37409000e-03 -2.40500000e-03 -1.39522000e-03 1.45400000e-05 -8.00900000e-04 1.01986000e-03 7.67070000e-04 -2.73042000e-03 -9.56300000e-05 -6.74160000e-04 -2.20023000e-03 -3.79440000e-04 -2.04747000e-03 -2.32756000e-03 -9.12130000e-04 1.15944000e-03 9.26850000e-04 -7.78150000e-04 -1.33039000e-03 3.09200000e-04 4.48808800e-02 1.59269000e-03 8.63630000e-04 6.43530000e-04 -1.50260000e-04 2.20590000e-04 7.38676000e-03 3.60393000e-03 -2.50690000e-04 -1.49847000e-03 1.94565000e-03 -4.32102000e-03 -3.37190000e-04 2.34319000e-03 1.92122000e-03 -2.39434000e-03 -1.63654000e-03 3.20330000e-04 -3.61635000e-03 -1.22325000e-03 3.90081000e-03 9.42320000e-04 2.61525000e-03 2.34684000e-03 -3.98840000e-04 1.07917000e-03 -1.07615000e-03 -6.77377000e-03 1.46453000e-03 -1.90455000e-03 -9.05830000e-04 -1.16840000e-04 -1.68929000e-03 -1.88475000e-03 2.54868000e-03 -7.20190000e-04 5.11378000e-03 2.47107000e-03 5.84546000e-03 1.07282000e-03 4.26350000e-04 5.23856000e-03 -4.81400000e-03 7.05750000e-04 -1.92090000e-04 -1.66556000e-03 5.41700000e-05 -3.97562000e-03 3.70221000e-03 6.50000000e-06 -3.74645000e-03 1.70681000e-03 -8.18330000e-04 8.62110000e-04 -6.80000000e-04 1.08124000e-03 5.96370000e-04 -7.07760000e-03 -3.13385000e-03 -4.56910000e-04 -2.11687000e-03 -2.97457000e-03 1.24625000e-03
-9.60070000e-04 -4.98040000e-04 -1.53470000e-03 4.82000000e-05 -9.81900000e-05 2.00710000e-04 1.82490000e-04 1.26208000e-03 -3.75300000e-05 -9.99270000e-04 4.27790000e-04 -1.40763000e-03 2.15390000e-04 3.26070000e-04 3.19860000e-04 2.63150000e-04 5.19570000e-04 2.01740000e-04 -4.83250000e-04 -3.53400000e-05 -3.33830000e-04 -3.84560000e-04 -5.22820000e-04 -8.62000000e-06 -6.96000000e-06 3.41850000e-04 3.90170000e-04 -5.27380000e-04 -8.42000000e-06 -2.56800000e-05 -5.44660000e-04 -9.65400000e-05 -4.18060000e-04 -3.93060000e-04 -1.25380000e-04 1.27360000e-04 3.37820000e-04 -1.09450000e-04 -1.93540000e-04 1.51210000e-04 1.59269000e-03 2.18364000e-02 2.43630000e-04 2.46390000e-04 2.00990000e-04 2.00880000e-04 1.78049000e-03 1.02950000e-03 3.22400000e-05 -1.76640000e-04 6.04580000e-04 -1.05315000e-03 1.57940000e-04 6.99610000e-04 7.68110000e-04 -4.54410000e-04 -4.03340000e-04 -3.61000000e-06 -8.45630000e-04 -2.13420000e-04 1.05033000e-03 2.58350000e-04 8.37720000e-04 6.54240000e-04 -2.49190000e-04 4.91430000e-04 -1.27020000e-04 -1.32391000e-03 4.54080000e-04 -4.20530000e-04 -2.13040000e-04 1.39160000e-04 -3.17790000e-04 -4.57130000e-04 7.19280000e-04 -1.29630000e-04 1.00195000e-03 8.34290000e-04 1.42628000e-03 3.14770000e-04 1.01150000e-04 1.40167000e-03 -1.07749000e-03 2.71510000e-04 1.46100000e-04 -3.35900000e-04 1.76380000e-04 -1.08950000e-03 1.03661000e-03 -6.44100000e-05 -1.06410000e-03 3.78610000e-04 -2.75420000e-04 3.07800000e-05 -2.34670000e-04 2.16810000e-04 2.89870000e-04 -1.91890000e-03 -9.13980000e-04 -7.29800000e-05 -5.11130000e-04 -8.00500000e-04 5.29980000e-04
-8.17450000e-04 -2.56800000e-04 -1.08976000e-03 -3.85460000e-04 -3.79700000e-05 2.51330000e-04 9.26000000e-06 1.03984000e-03 1.09580000e-04 -7.79130000e-04 1.20390000e-04 -6.83770000e-04 4.98220000e-04 4.90820000e-04 2.97870000e-04 -2.08890000e-04 2.16000000e-06 9.35300000e-05 -2.79870000e-04 -1.37780000e-04 1.76210000e-04 -9.91860000e-04 1.10090000e-04 4.76000000e-06 -1.38120000e-04 4.68870000e-04 1.25900000e-04 -3.49490000e-04 4.03780000e-04 3.26300000e-05 -3.03610000e-04 -2.47130000e-04 -5.82090000e-04 -3.30080000e-04 -4.43840000e-04 2.83440000e-04 3.81430000e-04 1.62900000e-05 -2.75080000e-04 -2.83000000e-05 8.63630000e-04 2.43630000e-04 8.26034000e-03 4.49230000e-04 -1.10920000e-04 -1.78750000e-04 1.03690000e-03 5.10870000e-04 3.81790000e-04 -2.47750000e-04 4.53890000e-04 -9.61790000e-04 -1.42270000e-04 7.26870000e-04 5.08540000e-04 -2.06100000e-04 -1.09540000e-04 -1.42000000e-05 -5.66870000e-04 -2.03840000e-04 8.38120000e-04 2.76460000e-04 5.47390000e-04 7.15050000e-04 -1.62980000e-04 1.84600000e-04 8.80600000e-05 -1.28967000e-03 5.22540000e-04 -7.23800000e-05 7.51500000e-05 4.58600000e-05 -1.54790000e-04 -1.20310000e-04 7.46320000e-04 3.17800000e-04 1.96570000e-04 3.49640000e-04 1.08487000e-03 4.28460000e-04 1.95260000e-04 3.40520000e-04 -7.29820000e-04 4.29500000e-04 7.03900000e-05 -6.69780000e-04 -2.00100000e-05 -7.13120000e-04 5.81890000e-04 -6.35000000e-05 -7.93900000e-04 3.19400000e-05 -3.36100000e-04 -2.01000000e-05 -8.68000000e-05 8.09700000e-05 4.71010000e-04 -1.30322000e-03 -7.23930000e-04 -1.86480000e-04 -3.82920000e-04 -6.45980000e-04 3.16720000e-04
-6.97490000e-04 -1.18950000e-04 -1.03537000e-03 -7.30930000e-04 2.68700000e-05 3.89040000e-04 -1.01590000e-04 1.30118000e-03 2.80200000e-04 -8.32380000e-04 1.05160000e-04 -1.65360000e-04 8.20670000e-04 7.72220000e-04 2.57490000e-04 -5.12200000e-04 -2.08080000e-04 -8.81200000e-05 -2.40070000e-04 -2.38380000e-04 4.43500000e-04 -1.70868000e-03 5.39710000e-04 -9.21600000e-05 -1.53770000e-04 5.77350000e-04 1.53900000e-04 -2.64890000e-04 6.71930000e-04 8.61500000e-05 -2.82090000e-04 -4.39750000e-04 -7.34480000e-04 -2.75120000e-04 -7.40600000e-04 4.98500000e-05 5.40050000e-04 1.27800000e-04 -3.32050000e-04 -1.82130000e-04 6.43530000e-04 2.46390000e-04 4.49230000e-04 1.64394000e-02 -2.07420000e-04 -4.59480000e-04 9.19050000e-04 4.29570000e-04 7.17050000e-04 -2.32290000e-04 5.69760000e-04 -1.12790000e-03 -2.84990000e-04 1.06228000e-03 7.13600000e-04 -1.07030000e-04 -7.52100000e-05 -2.11710000e-04 -5.05090000e-04 -2.98030000e-04 1.13980000e-03 2.47190000e-04 6.86770000e-04 8.07200000e-04 -3.64450000e-04 2.04880000e-04 1.09100000e-04 -1.62903000e-03 7.38640000e-04 9.16900000e-05 1.56860000e-04 3.63400000e-05 8.53000000e-06 -2.44500000e-05 9.02800000e-04 6.48640000e-04 -5.99550000e-04 2.60790000e-04 1.05251000e-03 5.77120000e-04 5.24800000e-05 -1.06920000e-04 -7.04030000e-04 5.19950000e-04 3.47400000e-05 -1.13103000e-03 -9.27000000e-05 -6.74460000e-04 6.19950000e-04 -8.28500000e-05 -6.96550000e-04 -2.37980000e-04 -4.80590000e-04 -8.34100000e-05 6.51400000e-05 -7.50000000e-05 7.89340000e-04 -1.25669000e-03 -7.66440000e-04 -2.60090000e-04 -3.84900000e-04 -6.59120000e-04 3.58040000e-04
2.65800000e-05 -5.26000000e-05 4.74280000e-04 9.49740000e-04 1.25700000e-05 1.44240000e-04 3.95110000e-04 -6.02510000e-04 -2.15900000e-05 6.14300000e-05 3.28860000e-04 -2.17550000e-04 -5.17380000e-04 -3.78010000e-04 -4.96200000e-05 5.23480000e-04 1.66370000e-04 3.12250000e-04 6.27400000e-05 3.96110000e-04 -2.77230000e-04 1.34222000e-03 -9.83750000e-04 -1.03800000e-05 4.41580000e-04 -1.49410000e-04 3.44300000e-04 2.85550000e-04 -5.62930000e-04 1.65700000e-04 4.94300000e-05 4.43580000e-04 6.44070000e-04 3.89180000e-04 9.74710000e-04 -1.73160000e-04 -1.74240000e-04 -3.32200000e-05 4.64430000e-04 3.18310000e-04 -1.50260000e-04 2.00990000e-04 -1.10920000e-04 -2.07420000e-04 1.94758900e-02 6.23430000e-04 -3.34250000e-04 1.33590000e-04 -4.12700000e-04 4.34160000e-04 -1.75820000e-04 6.43720000e-04 6.72260000e-04 -4.83430000e-04 -6.35400000e-05 2.41510000e-04 -1.76100000e-05 1.88880000e-04 4.50750000e-04 3.83890000e-04 -6.13010000e-04 -1.01580000e-04 -1.99950000e-04 -1.97680000e-04 -5.19600000e-05 2.41410000e-04 1.80960000e-04 1.46806000e-03 -2.77640000e-04 -7.02200000e-05 -9.86800000e-05 2.86910000e-04 1.40840000e-04 -5.17600000e-05 -2.41710000e-04 -4.72480000e-04 5.61180000e-04 3.30980000e-04 -3.67760000e-04 -2.62490000e-04 5.96600000e-05 5.53330000e-04 6.61810000e-04 -7.81400000e-05 4.06700000e-04 1.04547000e-03 3.73250000e-04 -8.70800000e-05 -2.23220000e-04 7.29300000e-05 -1.74180000e-04 4.03740000e-04 3.22020000e-04 -5.41760000e-04 -7.94800000e-05 -6.87700000e-05 -4.42620000e-04 2.82100000e-04 1.67650000e-04 9.96700000e-05 7.93800000e-05 3.09660000e-04 6.81700000e-05
5.09100000e-05 -2.97460000e-04 2.58250000e-04 1.35269000e-03 -1.11610000e-04 -2.11640000e-04 4.95440000e-04 -9.21250000e-04 -3.38920000e-04 2.07080000e-04 2.74490000e-04 -1.11694000e-03 -9.38130000e-04 -7.73090000e-04 5.92900000e-05 1.06388000e-03 6.19860000e-04 4.92990000e-04 -4.83600000e-05 5.53700000e-04 -7.28800000e-04 2.42668000e-03 -1.40201000e-03 1.92340000e-04 3.71930000e-04 -3.10060000e-04 2.34230000e-04 6.72300000e-05 -9.89240000e-04 -2.38200000e-05 -3.90200000e-05 7.31120000e-04 7.76230000e-04 2.62540000e-04 1.27642000e-03 4.20400000e-05 -3.44090000e-04 -2.31120000e-04 4.25910000e-04 4.71470000e-04 2.20590000e-04 2.00880000e-04 -1.78750000e-04 -4.59480000e-04 6.23430000e-04 1.60646100e-02 -5.40700000e-05 2.40310000e-04 -9.10980000e-04 3.36300000e-04 -3.00220000e-04 7.93200000e-04 7.22180000e-04 -9.38370000e-04 -4.05490000e-04 1.00700000e-05 -1.50820000e-04 3.49020000e-04 2.61440000e-04 3.80080000e-04 -9.49460000e-04 7.02000000e-06 -3.31250000e-04 -4.56200000e-04 3.72510000e-04 1.95760000e-04 -1.83100000e-05 1.79129000e-03 -6.40520000e-04 -3.81520000e-04 -3.11260000e-04 2.65700000e-04 -7.15200000e-05 -2.87660000e-04 -5.72890000e-04 -9.69030000e-04 1.78264000e-03 3.73200000e-04 -3.10140000e-04 -5.10600000e-04 2.13890000e-04 1.28668000e-03 4.29920000e-04 -3.67700000e-04 2.37580000e-04 1.53875000e-03 4.85060000e-04 -6.76800000e-05 -2.33670000e-04 8.84600000e-05 -2.45490000e-04 7.15180000e-04 4.33440000e-04 -7.15100000e-05 -2.87920000e-04 3.10270000e-04 -8.79330000e-04 1.03870000e-04 1.85730000e-04 2.59510000e-04 8.14400000e-05 2.32610000e-04 3.05600000e-05
-3.63020000e-03 -2.33616000e-03 -6.95676000e-03 -1.23167000e-03 -7.73600000e-04 -1.81660000e-04 -1.84610000e-04 5.78289000e-03 -6.56200000e-04 -4.09420000e-03 9.33950000e-04 -5.70651000e-03 1.10807000e-03 1.34672000e-03 1.22280000e-03 7.52760000e-04 3.01007000e-03 3.92890000e-04 -2.33430000e-03 -7.80300000e-04 -1.28878000e-03 -3.07501000e-03 -1.14683000e-03 3.62700000e-05 -1.17902000e-03 1.15856000e-03 9.02490000e-04 -3.21323000e-03 1.85660000e-04 -8.60090000e-04 -2.52698000e-03 -8.44190000e-04 -2.69281000e-03 -2.71689000e-03 -1.57342000e-03 1.07226000e-03 1.22803000e-03 -8.42520000e-04 -1.73553000e-03 1.31680000e-04 7.38676000e-03 1.78049000e-03 1.03690000e-03 9.19050000e-04 -3.34250000e-04 -5.40700000e-05 5.17241200e-02 4.34058000e-03 4.23000000e-06 -1.79829000e-03 2.25056000e-03 -5.23097000e-03 -5.57750000e-04 2.99687000e-03 2.35190000e-03 -2.71760000e-03 -1.89095000e-03 -5.45900000e-05 -5.08429000e-03 -1.63444000e-03 5.10294000e-03 1.10117000e-03 3.06741000e-03 2.85887000e-03 -3.01490000e-04 1.20062000e-03 -1.21851000e-03 -8.03450000e-03 1.88905000e-03 -1.95606000e-03 -9.78120000e-04 -3.58690000e-04 -1.76183000e-03 -2.05570000e-03 3.24981000e-03 -5.23810000e-04 5.49338000e-03 2.92149000e-03 7.14496000e-03 1.26089000e-03 6.15140000e-04 6.51433000e-03 -5.81975000e-03 8.36400000e-04 -3.79510000e-04 -2.40830000e-03 -1.96430000e-04 -4.25582000e-03 4.72427000e-03 -6.53420000e-04 -3.81806000e-03 1.15027000e-03 -1.76915000e-03 1.52706000e-03 -1.26712000e-03 1.35486000e-03 9.29160000e-04 -8.50712000e-03 -4.18547000e-03 -5.69330000e-04 -2.42069000e-03 -3.93738000e-03 1.30663000e-03
-1.94011000e-03 -1.16380000e-03 -3.36923000e-03 -2.06140000e-04 -3.51760000e-04 7.12100000e-05 1.33070000e-04 2.71543000e-03 -2.84140000e-04 -2.13759000e-03 6.68670000e-04 -2.98846000e-03 4.36260000e-04 6.32200000e-04 6.30270000e-04 5.47760000e-04 1.42176000e-03 3.42440000e-04 -1.13371000e-03 -1.68000000e-04 -7.11520000e-04 -1.12995000e-03 -1.10298000e-03 1.85200000e-05 -3.51240000e-04 5.96960000e-04 6.63150000e-04 -1.44076000e-03 -5.99500000e-05 -2.94600000e-04 -1.25281000e-03 -2.13280000e-04 -1.06268000e-03 -1.15073000e-03 -3.49290000e-04 4.62650000e-04 6.22100000e-04 -4.11150000e-04 -6.23280000e-04 2.14570000e-04 3.60393000e-03 1.02950000e-03 5.10870000e-04 4.29570000e-04 1.33590000e-04 2.40310000e-04 4.34058000e-03 3.43455500e-02 -5.44300000e-05 -6.75590000e-04 1.12009000e-03 -2.40267000e-03 4.00200000e-05 1.38038000e-03 1.26745000e-03 -1.19958000e-03 -9.55200000e-04 7.98000000e-06 -2.22554000e-03 -6.24670000e-04 2.34155000e-03 5.33710000e-04 1.53995000e-03 1.42594000e-03 -2.74330000e-04 7.66740000e-04 -4.85310000e-04 -3.45062000e-03 8.96360000e-04 -9.73040000e-04 -5.13670000e-04 2.16700000e-05 -7.73430000e-04 -1.04199000e-03 1.59356000e-03 -3.63200000e-04 2.82162000e-03 1.64491000e-03 3.43207000e-03 5.90540000e-04 2.87790000e-04 3.36212000e-03 -2.57704000e-03 4.42920000e-04 6.60800000e-05 -8.25370000e-04 1.18330000e-04 -2.29207000e-03 2.26230000e-03 -2.67470000e-04 -2.11172000e-03 7.43180000e-04 -7.58220000e-04 3.87540000e-04 -6.42540000e-04 6.08150000e-04 3.88970000e-04 -4.24094000e-03 -2.07761000e-03 -2.58520000e-04 -1.18941000e-03 -1.86824000e-03 7.58180000e-04
-3.37810000e-04 3.46510000e-04 -4.32700000e-04 -1.19676000e-03 2.20720000e-04 3.87970000e-04 -2.55790000e-04 1.26493000e-03 5.11250000e-04 -5.32400000e-04 -6.02600000e-05 1.15791000e-03 1.27267000e-03 1.14905000e-03 9.43000000e-05 -1.08439000e-03 -7.77250000e-04 -4.04780000e-04 9.04800000e-05 -3.81770000e-04 9.33920000e-04 -2.48742000e-03 1.20497000e-03 -1.15880000e-04 -1.55470000e-04 6.14230000e-04 3.24700000e-05 1.20240000e-04 1.21627000e-03 2.15260000e-04 1.36000000e-06 -7.13510000e-04 -7.98680000e-04 -1.93600000e-05 -1.15612000e-03 -3.45000000e-06 6.44890000e-04 3.23510000e-04 -3.12660000e-04 -4.26650000e-04 -2.50690000e-04 3.22400000e-05 3.81790000e-04 7.17050000e-04 -4.12700000e-04 -9.10980000e-04 4.23000000e-06 -5.44300000e-05 1.71043400e-02 -1.52670000e-04 4.65640000e-04 -9.90970000e-04 -5.28010000e-04 1.21023000e-03 8.11310000e-04 2.25200000e-04 1.34410000e-04 -4.30680000e-04 -1.92280000e-04 -3.35730000e-04 1.21359000e-03 1.33340000e-04 5.82140000e-04 7.33240000e-04 -5.65720000e-04 6.20700000e-05 2.48020000e-04 -1.52095000e-03 8.59000000e-04 5.08670000e-04 3.64930000e-04 2.03900000e-05 3.18400000e-04 2.85250000e-04 8.42200000e-04 1.31732000e-03 -2.19737000e-03 -1.15970000e-04 4.37940000e-04 7.02960000e-04 -1.98520000e-04 -1.28548000e-03 -2.52780000e-04 5.58980000e-04 -1.90600000e-05 -1.67476000e-03 -2.60650000e-04 -2.61660000e-04 3.90750000e-04 -1.41800000e-05 -1.33030000e-04 -6.47350000e-04 -4.98530000e-04 -2.25180000e-04 3.82530000e-04 -3.27770000e-04 1.23795000e-03 -4.27170000e-04 -4.20190000e-04 -3.04220000e-04 -1.33960000e-04 -3.26820000e-04 2.77850000e-04
8.62210000e-04 4.63140000e-04 1.67803000e-03 7.49780000e-04 2.02680000e-04 7.20200000e-05 2.11650000e-04 -1.33023000e-03 1.98550000e-04 7.70600000e-04 2.11900000e-05 1.02074000e-03 -3.71440000e-04 -3.71180000e-04 -2.93330000e-04 1.35550000e-04 -2.75900000e-04 4.33400000e-05 5.16010000e-04 3.59990000e-04 2.69630000e-04 1.31350000e-03 -1.33400000e-04 -4.13700000e-05 5.09030000e-04 -2.64190000e-04 1.51070000e-04 7.28500000e-04 -3.85040000e-04 2.76510000e-04 5.49030000e-04 3.52940000e-04 8.37470000e-04 7.50440000e-04 8.22550000e-04 -4.49270000e-04 -2.94910000e-04 1.97450000e-04 5.93400000e-04 1.17230000e-04 -1.49847000e-03 -1.76640000e-04 -2.47750000e-04 -2.32290000e-04 4.34160000e-04 3.36300000e-04 -1.79829000e-03 -6.75590000e-04 -1.52670000e-04 1.54591800e-02 -4.87070000e-04 1.31670000e-03 5.06420000e-04 -6.61090000e-04 -4.35720000e-04 6.64690000e-04 3.93860000e-04 5.12800000e-05 1.18739000e-03 5.13960000e-04 -1.14142000e-03 -2.73840000e-04 -6.63000000e-04 -4.96620000e-04 4.22100000e-05 -1.69200000e-05 3.18290000e-04 2.41796000e-03 -3.91740000e-04 4.26010000e-04 2.22500000e-04 1.93550000e-04 5.37590000e-04 4.33340000e-04 -5.55130000e-04 -9.88800000e-05 -7.62080000e-04 -3.55140000e-04 -1.36748000e-03 -2.92010000e-04 -1.04130000e-04 -7.72360000e-04 1.48873000e-03 -1.16440000e-04 3.22220000e-04 9.84100000e-04 2.10500000e-04 7.70960000e-04 -1.03326000e-03 1.25040000e-04 5.85550000e-04 -1.08690000e-04 4.56280000e-04 -6.17360000e-04 2.02030000e-04 -3.30390000e-04 -3.92330000e-04 1.75342000e-03 8.30360000e-04 1.32870000e-04 4.72740000e-04 9.13840000e-04 -2.13720000e-04
-1.25731000e-03 -5.17490000e-04 -2.23406000e-03 -7.59070000e-04 -8.80200000e-05 3.18270000e-04 -7.36900000e-05 2.04252000e-03 7.85800000e-05 -1.33514000e-03 3.12730000e-04 -1.50789000e-03 7.65380000e-04 7.84540000e-04 4.58470000e-04 -1.86500000e-04 3.04260000e-04 1.89900000e-05 -6.00460000e-04 -3.21970000e-04 -6.33000000e-05 -1.80660000e-03 1.16170000e-04 -3.80100000e-05 -2.85340000e-04 6.29240000e-04 2.56350000e-04 -8.12630000e-04 5.01380000e-04 -7.11100000e-05 -6.57460000e-04 -4.45710000e-04 -9.83330000e-04 -7.36510000e-04 -9.37080000e-04 1.01080000e-04 6.04790000e-04 -3.88500000e-05 -5.39580000e-04 -6.58200000e-05 1.94565000e-03 6.04580000e-04 4.53890000e-04 5.69760000e-04 -1.75820000e-04 -3.00220000e-04 2.25056000e-03 1.12009000e-03 4.65640000e-04 -4.87070000e-04 2.42599500e-02 -1.77255000e-03 -2.95180000e-04 1.34996000e-03 1.07276000e-03 -6.57130000e-04 -3.98140000e-04 -1.91290000e-04 -1.18347000e-03 -4.85550000e-04 1.76225000e-03 4.00020000e-04 1.22897000e-03 1.05033000e-03 -3.47750000e-04 4.53750000e-04 -2.12300000e-04 -2.85838000e-03 8.76900000e-04 -3.63690000e-04 -9.65500000e-05 -1.14600000e-05 -4.53890000e-04 -4.35950000e-04 1.16053000e-03 3.03140000e-04 5.27130000e-04 7.37410000e-04 2.00629000e-03 6.78500000e-04 7.68200000e-05 9.89140000e-04 -1.71278000e-03 5.31250000e-04 -2.31300000e-05 -1.30161000e-03 -3.45500000e-05 -1.28765000e-03 1.32772000e-03 -1.31580000e-04 -1.25270000e-03 1.39300000e-05 -5.96220000e-04 2.66540000e-04 -2.03870000e-04 2.11800000e-04 7.90550000e-04 -2.51121000e-03 -1.24093000e-03 -1.96000000e-04 -6.77630000e-04 -1.21660000e-03 5.87560000e-04
2.70309000e-03 1.24429000e-03 4.80265000e-03 1.76674000e-03 3.75530000e-04 -3.94320000e-04 3.12030000e-04 -4.39586000e-03 5.39200000e-05 3.03947000e-03 -4.18590000e-04 3.06439000e-03 -1.63674000e-03 -1.66718000e-03 -8.28150000e-04 4.86970000e-04 -8.59930000e-04 7.38400000e-05 1.44229000e-03 8.05270000e-04 1.52670000e-04 3.99224000e-03 -4.41620000e-04 1.14790000e-04 9.51660000e-04 -1.21376000e-03 -4.12310000e-04 1.92380000e-03 -1.06546000e-03 3.74670000e-04 1.58017000e-03 1.10211000e-03 2.37530000e-03 1.76187000e-03 2.03923000e-03 -6.64740000e-04 -1.25212000e-03 2.88970000e-04 1.40394000e-03 2.73460000e-04 -4.32102000e-03 -1.05315000e-03 -9.61790000e-04 -1.12790000e-03 6.43720000e-04 7.93200000e-04 -5.23097000e-03 -2.40267000e-03 -9.90970000e-04 1.31670000e-03 -1.77255000e-03 1.45470200e-02 8.72930000e-04 -2.77923000e-03 -1.97876000e-03 1.52385000e-03 1.07942000e-03 3.26780000e-04 3.00710000e-03 1.30494000e-03 -3.90597000e-03 -7.79020000e-04 -2.39717000e-03 -2.20239000e-03 7.05100000e-04 -7.08370000e-04 5.44640000e-04 6.27968000e-03 -1.77373000e-03 8.77890000e-04 3.48280000e-04 1.87870000e-04 9.02280000e-04 1.09025000e-03 -2.47468000e-03 -6.56020000e-04 -1.46809000e-03 -1.48079000e-03 -4.48581000e-03 -1.32264000e-03 -1.89350000e-04 -2.46988000e-03 3.87112000e-03 -9.12060000e-04 3.40480000e-04 2.90261000e-03 3.23050000e-04 2.93307000e-03 -2.94287000e-03 3.25270000e-04 2.67880000e-03 -2.04440000e-04 1.41731000e-03 -6.90480000e-04 3.81660000e-04 -5.20000000e-04 -1.54627000e-03 5.60629000e-03 2.86967000e-03 6.27740000e-04 1.67976000e-03 2.69638000e-03 -1.07196000e-03
1.24860000e-04 -3.57900000e-05 7.28510000e-04 1.11985000e-03 5.36000000e-06 1.16750000e-04 4.53640000e-04 -8.61180000e-04 -6.24600000e-05 1.80240000e-04 3.25020000e-04 -1.58410000e-04 -6.72340000e-04 -5.20950000e-04 -1.17150000e-04 6.11390000e-04 1.83310000e-04 3.77890000e-04 1.13290000e-04 4.52190000e-04 -3.39210000e-04 1.68885000e-03 -1.08112000e-03 -7.52000000e-06 4.98980000e-04 -2.48710000e-04 3.29870000e-04 3.77200000e-04 -6.97300000e-04 1.91760000e-04 1.07080000e-04 5.21240000e-04 7.91960000e-04 4.80080000e-04 1.14670000e-03 -1.92950000e-04 -2.68360000e-04 -5.11200000e-05 5.43810000e-04 3.80070000e-04 -3.37190000e-04 1.57940000e-04 -1.42270000e-04 -2.84990000e-04 6.72260000e-04 7.22180000e-04 -5.57750000e-04 4.00200000e-05 -5.28010000e-04 5.06420000e-04 -2.95180000e-04 8.72930000e-04 2.54018400e-02 -6.83250000e-04 -1.79350000e-04 3.19280000e-04 3.35000000e-06 2.87020000e-04 5.70350000e-04 4.73620000e-04 -8.46890000e-04 -1.58860000e-04 -3.28680000e-04 -3.44120000e-04 -2.56200000e-05 2.11630000e-04 2.57590000e-04 1.86801000e-03 -4.11900000e-04 -5.28200000e-05 -1.14570000e-04 3.13300000e-04 1.73120000e-04 -3.98600000e-05 -4.12630000e-04 -5.87930000e-04 6.30550000e-04 2.90800000e-04 -6.00220000e-04 -3.74430000e-04 1.04140000e-04 5.37180000e-04 8.55170000e-04 -1.38520000e-04 4.55340000e-04 1.30861000e-03 4.09890000e-04 1.15600000e-05 -3.68960000e-04 7.65600000e-05 -7.16200000e-05 4.40490000e-04 4.00850000e-04 -6.09080000e-04 -9.11000000e-05 -8.91800000e-05 -5.91320000e-04 5.21410000e-04 2.94880000e-04 1.22070000e-04 1.35990000e-04 4.42810000e-04 6.68000000e-06
-1.57397000e-03 -5.00210000e-04 -2.85479000e-03 -1.57049000e-03 -5.61400000e-05 6.08190000e-04 -3.22680000e-04 3.15303000e-03 3.86210000e-04 -2.04670000e-03 2.68020000e-04 -1.24981000e-03 1.59465000e-03 1.54326000e-03 4.79450000e-04 -8.45910000e-04 1.35700000e-04 -2.70540000e-04 -7.57600000e-04 -6.34010000e-04 5.20650000e-04 -3.61524000e-03 1.06397000e-03 -2.49830000e-04 -5.06770000e-04 1.04969000e-03 3.95830000e-04 -1.05880000e-03 1.12231000e-03 -4.29800000e-05 -8.38920000e-04 -9.89740000e-04 -1.69967000e-03 -1.00239000e-03 -1.70222000e-03 1.49110000e-04 1.04974000e-03 1.03820000e-04 -8.87660000e-04 -3.53630000e-04 2.34319000e-03 6.99610000e-04 7.26870000e-04 1.06228000e-03 -4.83430000e-04 -9.38370000e-04 2.99687000e-03 1.38038000e-03 1.21023000e-03 -6.61090000e-04 1.34996000e-03 -2.77923000e-03 -6.83250000e-04 4.10974400e-02 1.59761000e-03 -7.48460000e-04 -4.62250000e-04 -4.61520000e-04 -1.57123000e-03 -8.48570000e-04 2.91374000e-03 4.71910000e-04 1.75361000e-03 1.77824000e-03 -7.55370000e-04 5.36790000e-04 -1.98720000e-04 -4.32524000e-03 1.61018000e-03 -1.83210000e-04 9.89100000e-05 -1.10420000e-04 -2.74530000e-04 -3.58540000e-04 2.02797000e-03 9.58320000e-04 -3.23680000e-04 7.74420000e-04 2.92303000e-03 1.22605000e-03 -3.23400000e-05 7.28980000e-04 -2.28806000e-03 9.52790000e-04 -1.11560000e-04 -2.46167000e-03 -3.07250000e-04 -1.79838000e-03 1.75418000e-03 -2.23740000e-04 -1.69843000e-03 -3.13790000e-04 -1.05041000e-03 1.25020000e-04 -1.03000000e-06 4.45000000e-06 1.47795000e-03 -3.43877000e-03 -1.86973000e-03 -5.15350000e-04 -1.09075000e-03 -1.69075000e-03 7.88160000e-04
-1.46471000e-03 -4.32900000e-04 -2.29201000e-03 -8.27980000e-04 -1.75500000e-05 4.85320000e-04 3.00300000e-05 2.44556000e-03 2.13510000e-04 -1.56541000e-03 5.05300000e-04 -9.41970000e-04 1.00730000e-03 1.08291000e-03 4.32820000e-04 -3.94150000e-04 1.63280000e-04 -2.20500000e-05 -5.71630000e-04 -3.94520000e-04 4.99600000e-05 -2.17748000e-03 1.16480000e-04 -8.50100000e-05 -1.72490000e-04 7.46920000e-04 4.20640000e-04 -5.96420000e-04 7.69610000e-04 7.61200000e-05 -6.83200000e-04 -6.46960000e-04 -1.05569000e-03 -5.63560000e-04 -1.05436000e-03 1.74510000e-04 7.71120000e-04 3.04400000e-05 -4.84200000e-04 -7.89300000e-05 1.92122000e-03 7.68110000e-04 5.08540000e-04 7.13600000e-04 -6.35400000e-05 -4.05490000e-04 2.35190000e-03 1.26745000e-03 8.11310000e-04 -4.35720000e-04 1.07276000e-03 -1.97876000e-03 -1.79350000e-04 1.59761000e-03 4.25662100e-02 -5.05260000e-04 -4.42290000e-04 -2.34290000e-04 -1.40962000e-03 -5.16050000e-04 2.12691000e-03 3.73100000e-04 1.45001000e-03 1.20585000e-03 -6.88350000e-04 6.20720000e-04 -2.49100000e-05 -2.88933000e-03 1.07731000e-03 -2.64880000e-04 -8.73600000e-05 1.48330000e-04 -3.52070000e-04 -4.46250000e-04 1.33609000e-03 6.21770000e-04 -1.47470000e-04 1.01888000e-03 2.04393000e-03 8.05550000e-04 -1.46000000e-06 9.54540000e-04 -1.65116000e-03 6.62730000e-04 1.46970000e-04 -1.56916000e-03 1.27400000e-05 -1.52008000e-03 1.70084000e-03 -1.12710000e-04 -1.27752000e-03 3.80900000e-05 -6.66930000e-04 -2.79000000e-05 -9.63600000e-05 5.27900000e-05 1.15025000e-03 -2.64694000e-03 -1.35199000e-03 -2.73420000e-04 -7.27250000e-04 -1.22282000e-03 7.85750000e-04
1.02122000e-03 7.39990000e-04 2.23810000e-03 4.16580000e-04 2.71200000e-04 1.79610000e-04 1.50500000e-04 -1.56975000e-03 3.34610000e-04 1.07671000e-03 -1.46490000e-04 2.20004000e-03 -1.67620000e-04 -2.14420000e-04 -3.61320000e-04 -3.15610000e-04 -9.53320000e-04 -7.42200000e-05 7.14960000e-04 3.05010000e-04 6.07690000e-04 7.31840000e-04 2.76170000e-04 -6.14600000e-05 4.80780000e-04 -2.15700000e-04 -8.91600000e-05 1.15101000e-03 7.55000000e-05 3.87120000e-04 7.41180000e-04 2.40210000e-04 8.20700000e-04 1.00961000e-03 6.38110000e-04 -3.80510000e-04 -2.36340000e-04 3.13740000e-04 6.11340000e-04 -4.46700000e-05 -2.39434000e-03 -4.54410000e-04 -2.06100000e-04 -1.07030000e-04 2.41510000e-04 1.00700000e-05 -2.71760000e-03 -1.19958000e-03 2.25200000e-04 6.64690000e-04 -6.57130000e-04 1.52385000e-03 3.19280000e-04 -7.48460000e-04 -5.05260000e-04 1.62426400e-02 5.69830000e-04 -2.26400000e-05 1.54771000e-03 5.40980000e-04 -1.38528000e-03 -3.31840000e-04 -8.85840000e-04 -6.90540000e-04 -9.28100000e-05 -2.51720000e-04 5.74000000e-04 2.63902000e-03 -4.17710000e-04 7.50450000e-04 3.42170000e-04 2.40160000e-04 7.37390000e-04 6.71020000e-04 -7.68540000e-04 3.66650000e-04 -1.99164000e-03 -7.14360000e-04 -2.07690000e-03 -3.07700000e-04 -1.57080000e-04 -1.94392000e-03 2.01460000e-03 -1.04560000e-04 2.93980000e-04 6.95080000e-04 1.37170000e-04 1.16064000e-03 -1.31681000e-03 1.54010000e-04 1.06854000e-03 -3.68310000e-04 4.13570000e-04 -7.44170000e-04 4.20980000e-04 -5.22640000e-04 -1.20790000e-04 2.45721000e-03 1.08173000e-03 8.07200000e-05 6.83160000e-04 1.14813000e-03 -3.19690000e-04
8.69910000e-04 6.22720000e-04 1.52504000e-03 8.43400000e-05 2.66470000e-04 4.14400000e-05 -8.32800000e-05 -1.08792000e-03 3.02290000e-04 1.02137000e-03 -2.33600000e-04 1.51133000e-03 -7.61300000e-05 -1.82650000e-04 -1.74340000e-04 -3.36330000e-04 -6.30220000e-04 -1.82960000e-04 6.00840000e-04 5.35500000e-05 5.43870000e-04 4.55170000e-04 5.57720000e-04 1.16000000e-05 2.54990000e-04 -1.15580000e-04 -1.94890000e-04 6.83400000e-04 1.68280000e-04 1.98830000e-04 6.75600000e-04 4.46100000e-05 4.66290000e-04 5.50780000e-04 1.16090000e-04 -1.49320000e-04 -2.26210000e-04 3.17120000e-04 3.56470000e-04 -1.18880000e-04 -1.63654000e-03 -4.03340000e-04 -1.09540000e-04 -7.52100000e-05 -1.76100000e-05 -1.50820000e-04 -1.89095000e-03 -9.55200000e-04 1.34410000e-04 3.93860000e-04 -3.98140000e-04 1.07942000e-03 3.35000000e-06 -4.62250000e-04 -4.42290000e-04 5.69830000e-04 4.57402200e-02 -1.20560000e-04 9.80730000e-04 3.43630000e-04 -9.93110000e-04 -1.52770000e-04 -6.76120000e-04 -3.47930000e-04 1.87350000e-04 -2.68960000e-04 2.21860000e-04 1.64252000e-03 -2.28310000e-04 5.35220000e-04 4.30810000e-04 -1.51800000e-05 3.36400000e-04 6.55720000e-04 -4.36320000e-04 3.17890000e-04 -1.36781000e-03 -6.37910000e-04 -1.31990000e-03 -9.12700000e-05 -1.19460000e-04 -1.49131000e-03 1.23193000e-03 1.79300000e-05 8.32200000e-05 3.00850000e-04 -6.25300000e-05 1.12584000e-03 -9.49500000e-04 9.57100000e-05 9.21610000e-04 -3.94040000e-04 3.46880000e-04 -2.23490000e-04 2.45360000e-04 -3.00470000e-04 -3.71300000e-05 1.96416000e-03 9.21150000e-04 1.50170000e-04 6.15720000e-04 8.37270000e-04 -2.57870000e-04
-1.09780000e-04 -1.91550000e-04 1.71570000e-04 4.30590000e-04 -1.41440000e-04 -7.89700000e-05 2.23630000e-04 -4.95320000e-04 -2.59460000e-04 -1.88300000e-05 5.85300000e-05 -5.07240000e-04 -4.34350000e-04 -3.73970000e-04 -8.82300000e-05 4.04330000e-04 1.44890000e-04 3.41870000e-04 -9.73100000e-05 1.15240000e-04 -3.57920000e-04 7.91260000e-04 -3.88840000e-04 1.37500000e-05 1.25940000e-04 -2.39960000e-04 -2.94100000e-05 2.80500000e-05 -4.66230000e-04 2.99800000e-05 -7.25000000e-05 2.81630000e-04 2.84120000e-04 3.25900000e-05 4.72610000e-04 9.80000000e-06 -2.30350000e-04 -1.83050000e-04 9.83800000e-05 2.82800000e-04 3.20330000e-04 -3.61000000e-06 -1.42000000e-05 -2.11710000e-04 1.88880000e-04 3.49020000e-04 -5.45900000e-05 7.98000000e-06 -4.30680000e-04 5.12800000e-05 -1.91290000e-04 3.26780000e-04 2.87020000e-04 -4.61520000e-04 -2.34290000e-04 -2.26400000e-05 -1.20560000e-04 8.99127000e-03 1.50330000e-04 1.91060000e-04 -4.65420000e-04 -8.46600000e-05 -1.45700000e-04 -3.05510000e-04 3.76400000e-05 -1.71700000e-05 1.72730000e-04 3.97840000e-04 -3.38610000e-04 -1.16190000e-04 -1.67750000e-04 9.59700000e-05 -1.08240000e-04 -1.91300000e-04 -3.61160000e-04 -4.74180000e-04 8.43260000e-04 6.05700000e-05 -2.66590000e-04 -2.61560000e-04 2.08620000e-04 3.41490000e-04 1.21210000e-04 -1.51870000e-04 1.39000000e-04 6.93740000e-04 1.54120000e-04 -1.15210000e-04 -1.94000000e-04 2.40020000e-04 -5.48900000e-05 5.01050000e-04 3.73480000e-04 -1.28740000e-04 8.49300000e-05 2.82500000e-05 -4.86240000e-04 2.04190000e-04 3.26340000e-04 -3.13000000e-06 -3.14400000e-05 2.98990000e-04 -1.38160000e-04
1.51880000e-03 1.14120000e-03 3.73951000e-03 1.16454000e-03 4.61180000e-04 5.04420000e-04 2.65890000e-04 -3.38397000e-03 4.43690000e-04 1.85834000e-03 -2.84460000e-04 2.37709000e-03 -7.03010000e-04 -7.49780000e-04 -5.92930000e-04 -2.39950000e-04 -2.19992000e-03 4.22100000e-05 1.12857000e-03 8.60590000e-04 7.22700000e-04 1.42248000e-03 -1.55410000e-04 -1.90840000e-04 9.65700000e-04 -5.19910000e-04 -1.98360000e-04 1.69624000e-03 -3.37220000e-04 6.14930000e-04 1.23240000e-03 1.04238000e-03 1.82986000e-03 1.45831000e-03 1.86766000e-03 -4.64410000e-04 -6.93200000e-04 4.78520000e-04 1.24350000e-03 1.85030000e-04 -3.61635000e-03 -8.45630000e-04 -5.66870000e-04 -5.05090000e-04 4.50750000e-04 2.61440000e-04 -5.08429000e-03 -2.22554000e-03 -1.92280000e-04 1.18739000e-03 -1.18347000e-03 3.00710000e-03 5.70350000e-04 -1.57123000e-03 -1.40962000e-03 1.54771000e-03 9.80730000e-04 1.50330000e-04 1.57479100e-02 1.19548000e-03 -3.00538000e-03 -6.23340000e-04 -1.72738000e-03 -1.36347000e-03 -1.47680000e-04 -5.21740000e-04 6.72730000e-04 4.29303000e-03 -9.43940000e-04 9.38750000e-04 5.33190000e-04 3.88550000e-04 1.03721000e-03 1.04531000e-03 -1.55234000e-03 2.75000000e-06 -2.25986000e-03 -1.59873000e-03 -3.64975000e-03 -5.94470000e-04 -4.06080000e-04 -3.65829000e-03 3.60918000e-03 -2.94790000e-04 5.42760000e-04 1.97637000e-03 3.31840000e-04 1.90986000e-03 -2.93167000e-03 5.42930000e-04 1.53815000e-03 -1.42700000e-04 1.24936000e-03 -1.50481000e-03 7.94360000e-04 -8.45660000e-04 -7.33370000e-04 4.17580000e-03 2.14467000e-03 3.34460000e-04 1.22922000e-03 2.18824000e-03 -5.65570000e-04
5.66080000e-04 3.38480000e-04 1.42446000e-03 7.72080000e-04 1.40820000e-04 6.96800000e-05 2.39130000e-04 -1.37033000e-03 7.39600000e-05 7.70400000e-04 2.92100000e-05 7.16360000e-04 -5.44830000e-04 -5.07000000e-04 -1.92490000e-04 2.21890000e-04 -4.08050000e-04 1.81030000e-04 4.17990000e-04 3.81350000e-04 3.85100000e-05 1.28535000e-03 -5.50520000e-04 5.96000000e-06 4.57700000e-04 -2.94020000e-04 2.25100000e-05 6.42060000e-04 -3.81010000e-04 2.33240000e-04 4.43050000e-04 4.91130000e-04 8.65310000e-04 6.00900000e-04 9.33080000e-04 -1.61550000e-04 -3.63480000e-04 1.08910000e-04 5.80120000e-04 2.17610000e-04 -1.22325000e-03 -2.13420000e-04 -2.03840000e-04 -2.98030000e-04 3.83890000e-04 3.80080000e-04 -1.63444000e-03 -6.24670000e-04 -3.35730000e-04 5.13960000e-04 -4.85550000e-04 1.30494000e-03 4.73620000e-04 -8.48570000e-04 -5.16050000e-04 5.40980000e-04 3.43630000e-04 1.91060000e-04 1.19548000e-03 1.26358500e-02 -1.28826000e-03 -2.19290000e-04 -6.97850000e-04 -5.61650000e-04 8.82100000e-05 -1.01640000e-04 2.91260000e-04 2.04961000e-03 -5.00010000e-04 2.57380000e-04 1.30440000e-04 1.88160000e-04 2.80600000e-04 3.28700000e-04 -6.48360000e-04 -2.62250000e-04 -2.81240000e-04 -3.11090000e-04 -1.30460000e-03 -3.67060000e-04 -7.06000000e-06 -7.09730000e-04 1.35152000e-03 -1.54000000e-04 3.35370000e-04 1.14194000e-03 2.34380000e-04 7.09710000e-04 -9.37010000e-04 1.46090000e-04 5.76320000e-04 1.01010000e-04 5.23450000e-04 -5.24060000e-04 9.42600000e-05 -2.18300000e-04 -4.98410000e-04 1.56360000e-03 8.22320000e-04 1.90110000e-04 4.99480000e-04 8.35980000e-04 -2.28460000e-04
-2.25284000e-03 -9.71450000e-04 -4.36723000e-03 -1.92581000e-03 -2.16760000e-04 2.69130000e-04 -3.96440000e-04 4.49683000e-03 8.18100000e-05 -2.81238000e-03 4.32340000e-04 -2.33216000e-03 1.83691000e-03 1.83586000e-03 6.64610000e-04 -6.14230000e-04 9.93100000e-04 -2.25410000e-04 -1.21469000e-03 -8.58330000e-04 4.98800000e-05 -4.18201000e-03 7.31650000e-04 -1.19020000e-04 -8.53450000e-04 1.13619000e-03 4.87470000e-04 -1.77743000e-03 1.17781000e-03 -2.99840000e-04 -1.39648000e-03 -1.22039000e-03 -2.29366000e-03 -1.61757000e-03 -2.18117000e-03 4.08100000e-04 1.26709000e-03 -1.65210000e-04 -1.33774000e-03 -3.41220000e-04 3.90081000e-03 1.05033000e-03 8.38120000e-04 1.13980000e-03 -6.13010000e-04 -9.49460000e-04 5.10294000e-03 2.34155000e-03 1.21359000e-03 -1.14142000e-03 1.76225000e-03 -3.90597000e-03 -8.46890000e-04 2.91374000e-03 2.12691000e-03 -1.38528000e-03 -9.93110000e-04 -4.65420000e-04 -3.00538000e-03 -1.28826000e-03 4.01378000e-02 6.66570000e-04 2.40328000e-03 2.18660000e-03 -7.62190000e-04 7.51530000e-04 -5.06930000e-04 -6.18417000e-03 1.87135000e-03 -6.53720000e-04 -2.54750000e-04 -2.32750000e-04 -7.09170000e-04 -9.33820000e-04 2.49906000e-03 8.78620000e-04 8.80720000e-04 1.41713000e-03 4.35691000e-03 1.36460000e-03 9.07300000e-05 2.32072000e-03 -3.68120000e-03 9.40860000e-04 -3.08850000e-04 -3.02959000e-03 -4.02440000e-04 -2.63746000e-03 2.98058000e-03 -4.27260000e-04 -2.21616000e-03 -1.53240000e-04 -1.50790000e-03 7.20820000e-04 -3.58500000e-04 4.36670000e-04 1.70206000e-03 -5.21029000e-03 -2.72668000e-03 -5.74630000e-04 -1.52230000e-03 -2.55398000e-03 9.83550000e-04
-6.01150000e-04 -2.76280000e-04 -1.10015000e-03 -2.10240000e-04 -4.58800000e-05 2.89800000e-05 7.27000000e-06 8.57520000e-04 -1.43900000e-05 -5.01190000e-04 1.11120000e-04 -8.70170000e-04 2.80550000e-04 2.86910000e-04 3.43210000e-04 5.56600000e-05 2.39850000e-04 7.40600000e-05 -2.75740000e-04 -7.41400000e-05 -7.59200000e-05 -4.50240000e-04 -8.64000000e-05 1.10970000e-04 -1.39180000e-04 3.30300000e-04 7.06500000e-05 -4.01210000e-04 2.32960000e-04 -8.59400000e-05 -3.00590000e-04 -1.09330000e-04 -4.41600000e-04 -3.51590000e-04 -3.26730000e-04 2.91810000e-04 2.84240000e-04 -4.15800000e-05 -2.50430000e-04 3.23000000e-06 9.42320000e-04 2.58350000e-04 2.76460000e-04 2.47190000e-04 -1.01580000e-04 7.02000000e-06 1.10117000e-03 5.33710000e-04 1.33340000e-04 -2.73840000e-04 4.00020000e-04 -7.79020000e-04 -1.58860000e-04 4.71910000e-04 3.73100000e-04 -3.31840000e-04 -1.52770000e-04 -8.46600000e-05 -6.23340000e-04 -2.19290000e-04 6.66570000e-04 1.20163200e-02 4.79210000e-04 5.01290000e-04 6.00000000e-05 1.75180000e-04 -1.41560000e-04 -1.10760000e-03 3.17800000e-04 -2.29680000e-04 -4.43500000e-05 9.68000000e-06 -2.63380000e-04 -2.01720000e-04 5.14110000e-04 1.00640000e-04 6.07930000e-04 3.67450000e-04 9.83040000e-04 2.79800000e-04 1.31710000e-04 6.60530000e-04 -8.07510000e-04 1.98670000e-04 -6.56900000e-05 -4.70930000e-04 2.52300000e-05 -5.19650000e-04 6.36610000e-04 -5.99900000e-05 -5.88090000e-04 1.31030000e-04 -2.60360000e-04 3.36130000e-04 -1.78450000e-04 2.79180000e-04 3.04360000e-04 -1.20487000e-03 -5.99250000e-04 -1.52700000e-05 -2.50040000e-04 -6.08260000e-04 3.13610000e-04
-1.63649000e-03 -7.29240000e-04 -2.97341000e-03 -9.10620000e-04 -1.72070000e-04 3.55510000e-04 -2.15500000e-05 2.72028000e-03 2.49200000e-05 -1.82267000e-03 4.16620000e-04 -2.09960000e-03 9.39290000e-04 9.94780000e-04 5.13770000e-04 -1.64570000e-04 5.68240000e-04 5.92300000e-05 -8.41710000e-04 -4.47860000e-04 -2.64190000e-04 -2.16465000e-03 1.93930000e-04 -5.59700000e-05 -3.95080000e-04 7.28280000e-04 3.25640000e-04 -1.07412000e-03 5.89210000e-04 -1.12220000e-04 -9.42460000e-04 -6.53560000e-04 -1.31730000e-03 -9.72520000e-04 -1.27188000e-03 2.37970000e-04 8.07060000e-04 -1.14410000e-04 -7.59820000e-04 -4.19900000e-05 2.61525000e-03 8.37720000e-04 5.47390000e-04 6.86770000e-04 -1.99950000e-04 -3.31250000e-04 3.06741000e-03 1.53995000e-03 5.82140000e-04 -6.63000000e-04 1.22897000e-03 -2.39717000e-03 -3.28680000e-04 1.75361000e-03 1.45001000e-03 -8.85840000e-04 -6.76120000e-04 -1.45700000e-04 -1.72738000e-03 -6.97850000e-04 2.40328000e-03 4.79210000e-04 2.97577800e-02 1.24754000e-03 -5.31640000e-04 6.21170000e-04 -2.34830000e-04 -3.71366000e-03 1.09068000e-03 -5.37780000e-04 -2.54330000e-04 1.93400000e-05 -5.65950000e-04 -6.87390000e-04 1.40510000e-03 3.05230000e-04 7.29040000e-04 1.02819000e-03 2.56887000e-03 8.03420000e-04 1.14140000e-04 1.48778000e-03 -2.40324000e-03 5.77740000e-04 -7.34100000e-05 -1.65538000e-03 -3.88700000e-05 -1.80962000e-03 1.85097000e-03 -1.77250000e-04 -1.63380000e-03 1.07810000e-04 -8.13330000e-04 4.15710000e-04 -2.46350000e-04 3.12960000e-04 1.00767000e-03 -3.44709000e-03 -1.67782000e-03 -2.70230000e-04 -9.78190000e-04 -1.61280000e-03 8.34300000e-04
-1.55891000e-03 -5.63520000e-04 -2.49660000e-03 -8.31610000e-04 -5.75400000e-05 4.49400000e-04 -1.54220000e-04 2.49904000e-03 2.33330000e-04 -1.79051000e-03 3.66330000e-04 -1.46556000e-03 1.09693000e-03 1.11552000e-03 5.58600000e-04 -3.96320000e-04 3.29540000e-04 -4.96000000e-05 -6.81670000e-04 -3.28690000e-04 3.43150000e-04 -2.35488000e-03 1.97700000e-04 -1.14840000e-04 -3.05840000e-04 9.15210000e-04 5.26020000e-04 -9.77120000e-04 6.85840000e-04 -6.29900000e-05 -7.37640000e-04 -5.49180000e-04 -1.22483000e-03 -8.52990000e-04 -8.39350000e-04 3.34290000e-04 7.84230000e-04 6.09000000e-06 -5.64970000e-04 -1.36660000e-04 2.34684000e-03 6.54240000e-04 7.15050000e-04 8.07200000e-04 -1.97680000e-04 -4.56200000e-04 2.85887000e-03 1.42594000e-03 7.33240000e-04 -4.96620000e-04 1.05033000e-03 -2.20239000e-03 -3.44120000e-04 1.77824000e-03 1.20585000e-03 -6.90540000e-04 -3.47930000e-04 -3.05510000e-04 -1.36347000e-03 -5.61650000e-04 2.18660000e-03 5.01290000e-04 1.24754000e-03 1.94420400e-02 -4.36310000e-04 5.09030000e-04 -2.22870000e-04 -3.13020000e-03 1.24940000e-03 -3.28650000e-04 1.08890000e-04 -3.37300000e-05 -3.25810000e-04 -3.52500000e-04 1.84845000e-03 5.68130000e-04 7.46340000e-04 9.52790000e-04 2.82117000e-03 9.93390000e-04 1.01440000e-04 1.37575000e-03 -1.77088000e-03 8.42100000e-04 7.90900000e-05 -1.53097000e-03 -1.35280000e-04 -1.67030000e-03 1.54321000e-03 -1.53440000e-04 -1.71994000e-03 1.50680000e-04 -7.05420000e-04 -4.49200000e-05 -1.67870000e-04 1.39740000e-04 9.74950000e-04 -3.05522000e-03 -1.64967000e-03 -3.93260000e-04 -8.94960000e-04 -1.41324000e-03 6.92080000e-04
7.35500000e-04 5.49600000e-05 5.34550000e-04 3.63700000e-04 -1.88700000e-05 -6.05830000e-04 -5.35300000e-05 -8.29020000e-04 -2.38090000e-04 8.45400000e-04 -2.53980000e-04 -1.66740000e-04 -5.32960000e-04 -5.94460000e-04 2.37600000e-05 5.01720000e-04 6.29780000e-04 3.52100000e-05 2.09000000e-04 1.09740000e-04 -2.41210000e-04 1.57276000e-03 -6.68700000e-05 2.98830000e-04 -5.86900000e-05 -3.12140000e-04 -2.63840000e-04 -3.50100000e-05 -4.35160000e-04 -2.23490000e-04 2.83710000e-04 2.60230000e-04 3.21900000e-04 3.47100000e-05 1.94940000e-04 8.15200000e-05 -3.46110000e-04 -8.11600000e-05 5.06800000e-05 4.67800000e-05 -3.98840000e-04 -2.49190000e-04 -1.62980000e-04 -3.64450000e-04 -5.19600000e-05 3.72510000e-04 -3.01490000e-04 -2.74330000e-04 -5.65720000e-04 4.22100000e-05 -3.47750000e-04 7.05100000e-04 -2.56200000e-05 -7.55370000e-04 -6.88350000e-04 -9.28100000e-05 1.87350000e-04 3.76400000e-05 -1.47680000e-04 8.82100000e-05 -7.62190000e-04 6.00000000e-05 -5.31640000e-04 -4.36310000e-04 7.50686000e-03 -2.29850000e-04 -2.42830000e-04 1.07432000e-03 -5.27100000e-04 -7.28900000e-05 -7.18000000e-06 -1.86760000e-04 -1.23980000e-04 1.05280000e-04 -5.42860000e-04 -4.43880000e-04 9.11290000e-04 -2.53250000e-04 -4.07740000e-04 -3.57530000e-04 1.68170000e-04 4.36730000e-04 1.55320000e-04 -3.57670000e-04 -2.67860000e-04 6.20920000e-04 -1.73400000e-05 7.75880000e-04 -3.69170000e-04 -8.28800000e-05 5.82080000e-04 -5.22000000e-05 1.60650000e-04 7.42470000e-04 -2.75050000e-04 3.89970000e-04 -5.83690000e-04 8.34230000e-04 4.55980000e-04 2.87360000e-04 3.36240000e-04 2.40280000e-04 -3.26220000e-04
-6.87740000e-04 -3.28330000e-04 -1.03846000e-03 1.19820000e-04 -3.98700000e-05 2.08650000e-04 1.84540000e-04 8.98030000e-04 3.16500000e-05 -7.59510000e-04 3.74890000e-04 -9.76320000e-04 1.80740000e-04 2.70700000e-04 2.25780000e-04 2.01990000e-04 3.62660000e-04 1.62450000e-04 -3.14520000e-04 2.64100000e-05 -1.89350000e-04 -2.22340000e-04 -4.52820000e-04 -1.54700000e-05 8.22500000e-05 2.78690000e-04 3.72690000e-04 -3.15590000e-04 -3.20000000e-05 4.03000000e-05 -3.62710000e-04 -4.19900000e-05 -2.32720000e-04 -1.97050000e-04 -7.62000000e-06 3.10400000e-05 2.66650000e-04 -4.51000000e-05 -6.62900000e-05 1.31970000e-04 1.07917000e-03 4.91430000e-04 1.84600000e-04 2.04880000e-04 2.41410000e-04 1.95760000e-04 1.20062000e-03 7.66740000e-04 6.20700000e-05 -1.69200000e-05 4.53750000e-04 -7.08370000e-04 2.11630000e-04 5.36790000e-04 6.20720000e-04 -2.51720000e-04 -2.68960000e-04 -1.71700000e-05 -5.21740000e-04 -1.01640000e-04 7.51530000e-04 1.75180000e-04 6.21170000e-04 5.09030000e-04 -2.29850000e-04 2.49521900e-02 -3.80200000e-05 -7.71780000e-04 3.62970000e-04 -2.55850000e-04 -1.25570000e-04 1.60970000e-04 -1.53130000e-04 -3.00350000e-04 5.61220000e-04 -6.83000000e-05 6.18620000e-04 6.51330000e-04 9.99830000e-04 2.50040000e-04 5.83500000e-05 1.00675000e-03 -6.53460000e-04 2.43290000e-04 1.92030000e-04 -1.89080000e-04 1.82550000e-04 -8.21710000e-04 7.09460000e-04 -3.38900000e-05 -8.27690000e-04 2.58920000e-04 -1.79270000e-04 -1.17670000e-04 -1.51360000e-04 1.05230000e-04 2.31330000e-04 -1.34010000e-03 -6.53370000e-04 -5.87300000e-05 -3.69840000e-04 -5.37610000e-04 4.11510000e-04
2.00370000e-04 2.86330000e-04 9.43470000e-04 1.51720000e-04 1.04700000e-04 2.50400000e-04 1.90950000e-04 -5.38020000e-04 1.89840000e-04 2.63110000e-04 1.64200000e-05 9.91560000e-04 2.83500000e-05 2.09600000e-05 -1.69130000e-04 -2.19430000e-04 -5.32270000e-04 1.12310000e-04 2.72150000e-04 1.08600000e-04 3.22700000e-04 1.34770000e-04 1.69300000e-04 -7.59200000e-05 2.68190000e-04 -1.35600000e-05 2.97000000e-06 5.99780000e-04 1.32580000e-04 3.09060000e-04 2.64360000e-04 2.91600000e-05 2.84910000e-04 5.05990000e-04 2.27600000e-04 -2.21360000e-04 -8.45000000e-06 1.50510000e-04 2.62450000e-04 5.36400000e-05 -1.07615000e-03 -1.27020000e-04 8.80600000e-05 1.09100000e-04 1.80960000e-04 -1.83100000e-05 -1.21851000e-03 -4.85310000e-04 2.48020000e-04 3.18290000e-04 -2.12300000e-04 5.44640000e-04 2.57590000e-04 -1.98720000e-04 -2.49100000e-05 5.74000000e-04 2.21860000e-04 1.72730000e-04 6.72730000e-04 2.91260000e-04 -5.06930000e-04 -1.41560000e-04 -2.34830000e-04 -2.22870000e-04 -2.42830000e-04 -3.80200000e-05 1.97764500e-02 1.08502000e-03 -9.18800000e-05 4.32580000e-04 1.65190000e-04 2.20180000e-04 3.66440000e-04 2.64380000e-04 -2.57040000e-04 2.65920000e-04 -1.10911000e-03 -2.23880000e-04 -9.17030000e-04 -8.06400000e-05 6.70900000e-05 -9.91500000e-04 8.97140000e-04 9.95600000e-05 2.96120000e-04 2.58210000e-04 1.24400000e-04 3.14550000e-04 -5.31080000e-04 6.65600000e-05 3.00760000e-04 -1.67570000e-04 1.14150000e-04 -5.48710000e-04 2.13410000e-04 -3.33010000e-04 6.62700000e-05 8.83420000e-04 3.62730000e-04 -6.01900000e-05 2.19090000e-04 4.39090000e-04 -6.13300000e-05
4.07831000e-03 1.74853000e-03 7.61218000e-03 3.61764000e-03 5.38540000e-04 -4.95300000e-04 8.91150000e-04 -6.83558000e-03 1.55700000e-04 4.44094000e-03 -4.08190000e-04 4.73799000e-03 -2.68349000e-03 -2.63572000e-03 -1.22611000e-03 1.05036000e-03 -8.60930000e-04 2.45670000e-04 2.16821000e-03 1.45243000e-03 3.31660000e-04 7.73120000e-03 -7.19200000e-04 1.53630000e-04 1.68965000e-03 -1.67266000e-03 -1.91100000e-04 3.25904000e-03 -1.92949000e-03 6.79910000e-04 2.40616000e-03 1.64305000e-03 3.70593000e-03 3.20524000e-03 3.71502000e-03 -9.79950000e-04 -1.81544000e-03 4.56960000e-04 2.34873000e-03 4.53170000e-04 -6.77377000e-03 -1.32391000e-03 -1.28967000e-03 -1.62903000e-03 1.46806000e-03 1.79129000e-03 -8.03450000e-03 -3.45062000e-03 -1.52095000e-03 2.41796000e-03 -2.85838000e-03 6.27968000e-03 1.86801000e-03 -4.32524000e-03 -2.88933000e-03 2.63902000e-03 1.64252000e-03 3.97840000e-04 4.29303000e-03 2.04961000e-03 -6.18417000e-03 -1.10760000e-03 -3.71366000e-03 -3.13020000e-03 1.07432000e-03 -7.71780000e-04 1.08502000e-03 3.86392600e-02 -2.74744000e-03 1.38775000e-03 5.48260000e-04 5.96650000e-04 1.75452000e-03 1.65428000e-03 -3.61886000e-03 -1.04351000e-03 -2.16915000e-03 -1.75668000e-03 -6.78773000e-03 -2.06830000e-03 -2.15960000e-04 -2.88177000e-03 6.37443000e-03 -1.32493000e-03 7.29950000e-04 4.88478000e-03 8.01060000e-04 4.17420000e-03 -4.43839000e-03 4.62390000e-04 3.39402000e-03 8.38000000e-05 2.15433000e-03 -1.51372000e-03 5.95290000e-04 -8.48670000e-04 -2.46206000e-03 8.31294000e-03 3.98921000e-03 8.35130000e-04 2.36768000e-03 4.06703000e-03 -1.21747000e-03
-1.08646000e-03 -2.64570000e-04 -1.80401000e-03 -1.00688000e-03 1.08700000e-05 4.68430000e-04 -2.06570000e-04 2.06439000e-03 3.38690000e-04 -1.33050000e-03 2.16460000e-04 -6.23820000e-04 1.08710000e-03 1.06011000e-03 3.48100000e-04 -6.27700000e-04 -3.58300000e-05 -1.80770000e-04 -4.44410000e-04 -3.91660000e-04 4.40730000e-04 -2.47076000e-03 5.61400000e-04 -1.66630000e-04 -2.65760000e-04 7.49360000e-04 3.06450000e-04 -6.21460000e-04 8.27920000e-04 1.91000000e-05 -5.06130000e-04 -6.30140000e-04 -1.06691000e-03 -6.04350000e-04 -1.04249000e-03 1.93040000e-04 7.06140000e-04 1.21510000e-04 -5.06230000e-04 -2.35440000e-04 1.46453000e-03 4.54080000e-04 5.22540000e-04 7.38640000e-04 -2.77640000e-04 -6.40520000e-04 1.88905000e-03 8.96360000e-04 8.59000000e-04 -3.91740000e-04 8.76900000e-04 -1.77373000e-03 -4.11900000e-04 1.61018000e-03 1.07731000e-03 -4.17710000e-04 -2.28310000e-04 -3.38610000e-04 -9.43940000e-04 -5.00010000e-04 1.87135000e-03 3.17800000e-04 1.09068000e-03 1.24940000e-03 -5.27100000e-04 3.62970000e-04 -9.18800000e-05 -2.74744000e-03 1.69123900e-02 -7.11500000e-05 1.38410000e-04 -4.36800000e-05 -1.54700000e-04 -1.52680000e-04 1.41952000e-03 7.23700000e-04 -3.43570000e-04 5.45450000e-04 1.91121000e-03 8.47910000e-04 -2.77600000e-05 3.85330000e-04 -1.34635000e-03 7.08050000e-04 1.10300000e-05 -1.59024000e-03 -1.95260000e-04 -1.15723000e-03 1.14456000e-03 -1.29120000e-04 -1.10929000e-03 -1.84940000e-04 -6.48810000e-04 -6.15500000e-05 1.50900000e-05 -4.70500000e-05 1.03099000e-03 -2.14696000e-03 -1.20030000e-03 -3.39970000e-04 -6.66430000e-04 -1.05164000e-03 5.30190000e-04
9.35430000e-04 6.95800000e-04 1.68525000e-03 -2.38110000e-04 2.55050000e-04 3.24500000e-05 -9.94100000e-05 -8.39500000e-04 3.67140000e-04 8.42420000e-04 -2.55070000e-04 2.10895000e-03 2.59700000e-04 1.26030000e-04 -3.05190000e-04 -5.85020000e-04 -6.93560000e-04 -2.43430000e-04 5.88580000e-04 -2.34000000e-05 8.14120000e-04 -1.91190000e-04 9.75440000e-04 -8.48500000e-05 2.03950000e-04 -7.08300000e-05 -1.52310000e-04 8.11400000e-04 3.93830000e-04 2.89870000e-04 6.25620000e-04 -1.36320000e-04 2.89150000e-04 6.57370000e-04 -9.02500000e-05 -4.85640000e-04 -6.46800000e-05 3.28870000e-04 2.61430000e-04 -2.29440000e-04 -1.90455000e-03 -4.20530000e-04 -7.23800000e-05 9.16900000e-05 -7.02200000e-05 -3.81520000e-04 -1.95606000e-03 -9.73040000e-04 5.08670000e-04 4.26010000e-04 -3.63690000e-04 8.77890000e-04 -5.28200000e-05 -1.83210000e-04 -2.64880000e-04 7.50450000e-04 5.35220000e-04 -1.16190000e-04 9.38750000e-04 2.57380000e-04 -6.53720000e-04 -2.29680000e-04 -5.37780000e-04 -3.28650000e-04 -7.28900000e-05 -2.55850000e-04 4.32580000e-04 1.38775000e-03 -7.11500000e-05 2.26783600e-02 4.26870000e-04 1.87100000e-05 6.00620000e-04 6.33590000e-04 -3.33100000e-04 6.47880000e-04 -2.07104000e-03 -6.99020000e-04 -1.36168000e-03 -1.75000000e-05 -1.59400000e-04 -1.80562000e-03 1.30072000e-03 7.54000000e-05 1.05630000e-04 -8.81300000e-05 -1.08120000e-04 1.02556000e-03 -9.28610000e-04 6.24000000e-05 9.69800000e-04 -6.33710000e-04 1.17370000e-04 -3.70480000e-04 4.00320000e-04 -4.68460000e-04 1.90580000e-04 1.88134000e-03 7.85570000e-04 -2.96400000e-05 5.14890000e-04 7.76140000e-04 -3.18840000e-04
4.02550000e-04 4.25460000e-04 7.44670000e-04 -2.15570000e-04 2.10880000e-04 1.56990000e-04 -1.36210000e-04 -3.00730000e-04 3.29370000e-04 3.92960000e-04 -1.48870000e-04 9.98710000e-04 2.72660000e-04 1.70990000e-04 -6.63800000e-05 -4.52930000e-04 -4.90170000e-04 -1.98310000e-04 3.53660000e-04 -6.14700000e-05 6.03310000e-04 -3.49490000e-04 6.60970000e-04 -5.13100000e-05 1.18600000e-04 1.11000000e-04 -4.74100000e-05 3.44870000e-04 3.49250000e-04 1.65020000e-04 3.93830000e-04 -1.48230000e-04 5.68100000e-05 2.57490000e-04 -1.81640000e-04 -1.28030000e-04 2.46700000e-05 2.78730000e-04 1.35570000e-04 -1.62940000e-04 -9.05830000e-04 -2.13040000e-04 7.51500000e-05 1.56860000e-04 -9.86800000e-05 -3.11260000e-04 -9.78120000e-04 -5.13670000e-04 3.64930000e-04 2.22500000e-04 -9.65500000e-05 3.48280000e-04 -1.14570000e-04 9.89100000e-05 -8.73600000e-05 3.42170000e-04 4.30810000e-04 -1.67750000e-04 5.33190000e-04 1.30440000e-04 -2.54750000e-04 -4.43500000e-05 -2.54330000e-04 1.08890000e-04 -7.18000000e-06 -1.25570000e-04 1.65190000e-04 5.48260000e-04 1.38410000e-04 4.26870000e-04 1.11353600e-02 -3.74500000e-05 2.74030000e-04 4.89700000e-04 7.88300000e-05 4.65500000e-04 -1.14572000e-03 -3.82600000e-04 -4.78940000e-04 1.79300000e-04 -9.10900000e-05 -1.06316000e-03 6.15060000e-04 2.14990000e-04 7.04200000e-05 -1.94810000e-04 -1.26670000e-04 5.38300000e-04 -4.82920000e-04 4.22900000e-05 3.87930000e-04 -3.68070000e-04 8.66500000e-05 -2.38120000e-04 2.14860000e-04 -2.69200000e-04 2.41630000e-04 9.55230000e-04 3.82500000e-04 -1.22000000e-05 2.81950000e-04 3.87680000e-04 -8.01300000e-05
-2.28890000e-04 -8.17000000e-06 1.02590000e-04 3.98310000e-04 2.96300000e-05 2.52090000e-04 2.81740000e-04 -1.74220000e-04 6.03500000e-05 -1.31060000e-04 2.12820000e-04 -2.85000000e-05 -7.87000000e-05 5.18000000e-06 5.36300000e-05 1.25840000e-04 -2.81970000e-04 1.84880000e-04 2.08300000e-05 2.38970000e-04 -4.44600000e-05 3.18580000e-04 -4.64880000e-04 6.70000000e-06 2.69660000e-04 8.25800000e-05 1.71670000e-04 2.65990000e-04 -6.34900000e-05 1.73700000e-04 2.47000000e-06 2.16340000e-04 2.62880000e-04 2.76510000e-04 4.43630000e-04 1.75800000e-05 5.88100000e-05 2.36600000e-05 2.37040000e-04 1.61610000e-04 -1.16840000e-04 1.39160000e-04 4.58600000e-05 3.63400000e-05 2.86910000e-04 2.65700000e-04 -3.58690000e-04 2.16700000e-05 2.03900000e-05 1.93550000e-04 -1.14600000e-05 1.87870000e-04 3.13300000e-04 -1.10420000e-04 1.48330000e-04 2.40160000e-04 -1.51800000e-05 9.59700000e-05 3.88550000e-04 1.88160000e-04 -2.32750000e-04 9.68000000e-06 1.93400000e-05 -3.37300000e-05 -1.86760000e-04 1.60970000e-04 2.20180000e-04 5.96650000e-04 -4.36800000e-05 1.87100000e-05 -3.74500000e-05 9.50196000e-03 1.29540000e-04 -3.80800000e-05 -8.06500000e-05 -2.39100000e-05 -1.09690000e-04 1.70350000e-04 -2.61100000e-04 -3.00900000e-05 1.73300000e-05 -9.51600000e-05 4.06680000e-04 4.14800000e-05 2.60960000e-04 3.33430000e-04 2.67250000e-04 -1.99090000e-04 -9.05100000e-05 1.27640000e-04 -2.19720000e-04 2.42630000e-04 1.55500000e-04 -4.22970000e-04 8.66300000e-05 -8.44900000e-05 5.77000000e-06 2.86900000e-05 3.29200000e-05 1.38600000e-05 7.04000000e-06 1.25000000e-04 1.67190000e-04
8.81890000e-04 5.35740000e-04 1.59966000e-03 1.91350000e-04 1.79460000e-04 1.19160000e-04 3.85100000e-05 -9.61580000e-04 2.85460000e-04 5.33630000e-04 -1.53440000e-04 1.55801000e-03 8.68400000e-05 2.79300000e-05 -3.26590000e-04 -2.77630000e-04 -5.15620000e-04 -1.62320000e-04 4.83210000e-04 2.27440000e-04 6.31490000e-04 2.78030000e-04 4.56780000e-04 -1.13290000e-04 2.91150000e-04 -1.02900000e-04 7.72400000e-05 7.12720000e-04 1.83700000e-05 2.50850000e-04 4.73700000e-04 9.13900000e-05 4.66270000e-04 6.97130000e-04 4.03290000e-04 -5.05550000e-04 -5.10900000e-05 2.18420000e-04 3.72780000e-04 -1.16270000e-04 -1.68929000e-03 -3.17790000e-04 -1.54790000e-04 8.53000000e-06 1.40840000e-04 -7.15200000e-05 -1.76183000e-03 -7.73430000e-04 3.18400000e-04 5.37590000e-04 -4.53890000e-04 9.02280000e-04 1.73120000e-04 -2.74530000e-04 -3.52070000e-04 7.37390000e-04 3.36400000e-04 -1.08240000e-04 1.03721000e-03 2.80600000e-04 -7.09170000e-04 -2.63380000e-04 -5.65950000e-04 -3.25810000e-04 -1.23980000e-04 -1.53130000e-04 3.66440000e-04 1.75452000e-03 -1.54700000e-04 6.00620000e-04 2.74030000e-04 1.29540000e-04 1.93156500e-02 4.88090000e-04 -3.19170000e-04 3.52380000e-04 -1.48616000e-03 -5.49450000e-04 -1.24321000e-03 -1.25290000e-04 -1.67640000e-04 -1.24768000e-03 1.37045000e-03 -6.26000000e-05 1.48870000e-04 3.01340000e-04 3.85100000e-05 6.68920000e-04 -9.81240000e-04 8.70500000e-05 6.05350000e-04 -3.74220000e-04 1.66920000e-04 -5.92800000e-04 3.85490000e-04 -4.29830000e-04 -4.27100000e-05 1.58085000e-03 6.15160000e-04 -8.00700000e-05 3.29680000e-04 7.71170000e-04 -2.64070000e-04
1.02253000e-03 7.29920000e-04 1.70299000e-03 -3.98900000e-05 2.92090000e-04 9.58300000e-05 -1.40300000e-04 -1.08352000e-03 4.06520000e-04 1.04250000e-03 -2.73260000e-04 1.84886000e-03 3.81500000e-05 -8.87900000e-05 -2.33800000e-04 -4.97090000e-04 -7.09700000e-04 -2.80650000e-04 6.71670000e-04 2.07400000e-05 6.91080000e-04 1.95110000e-04 6.95880000e-04 -4.46700000e-05 2.46750000e-04 -8.99100000e-05 -1.71080000e-04 7.49620000e-04 2.75680000e-04 2.23570000e-04 7.07430000e-04 -4.65000000e-05 4.38750000e-04 6.03100000e-04 1.18000000e-05 -1.86780000e-04 -1.71010000e-04 3.71750000e-04 3.64000000e-04 -1.99520000e-04 -1.88475000e-03 -4.57130000e-04 -1.20310000e-04 -2.44500000e-05 -5.17600000e-05 -2.87660000e-04 -2.05570000e-03 -1.04199000e-03 2.85250000e-04 4.33340000e-04 -4.35950000e-04 1.09025000e-03 -3.98600000e-05 -3.58540000e-04 -4.46250000e-04 6.71020000e-04 6.55720000e-04 -1.91300000e-04 1.04531000e-03 3.28700000e-04 -9.33820000e-04 -2.01720000e-04 -6.87390000e-04 -3.52500000e-04 1.05280000e-04 -3.00350000e-04 2.64380000e-04 1.65428000e-03 -1.52680000e-04 6.33590000e-04 4.89700000e-04 -3.80800000e-05 4.88090000e-04 1.40509000e-02 -3.83090000e-04 4.60890000e-04 -1.82914000e-03 -7.22160000e-04 -1.45773000e-03 -7.40900000e-05 -1.63760000e-04 -1.74053000e-03 1.33314000e-03 4.41200000e-05 6.71700000e-05 1.69650000e-04 -1.25420000e-04 1.20436000e-03 -1.03126000e-03 8.30500000e-05 1.02640000e-03 -5.26990000e-04 3.08210000e-04 -2.96840000e-04 3.33780000e-04 -3.96430000e-04 7.00300000e-05 2.15062000e-03 9.54390000e-04 9.77000000e-05 6.25410000e-04 9.27870000e-04 -2.81410000e-04
-1.65022000e-03 -6.13760000e-04 -2.71869000e-03 -1.01978000e-03 -9.16500000e-05 4.88170000e-04 -2.11370000e-04 2.81656000e-03 2.96530000e-04 -1.98757000e-03 3.88920000e-04 -1.45631000e-03 1.24454000e-03 1.25836000e-03 5.84150000e-04 -4.82220000e-04 4.30040000e-04 -8.98300000e-05 -7.77920000e-04 -4.01970000e-04 4.04440000e-04 -2.78408000e-03 1.65770000e-04 -1.83670000e-04 -3.76080000e-04 9.87270000e-04 5.88720000e-04 -1.08937000e-03 7.93560000e-04 -7.75200000e-05 -8.86230000e-04 -6.51150000e-04 -1.39108000e-03 -9.55760000e-04 -9.82420000e-04 3.63100000e-04 8.90820000e-04 5.75000000e-06 -6.49640000e-04 -1.97630000e-04 2.54868000e-03 7.19280000e-04 7.46320000e-04 9.02800000e-04 -2.41710000e-04 -5.72890000e-04 3.24981000e-03 1.59356000e-03 8.42200000e-04 -5.55130000e-04 1.16053000e-03 -2.47468000e-03 -4.12630000e-04 2.02797000e-03 1.33609000e-03 -7.68540000e-04 -4.36320000e-04 -3.61160000e-04 -1.55234000e-03 -6.48360000e-04 2.49906000e-03 5.14110000e-04 1.40510000e-03 1.84845000e-03 -5.42860000e-04 5.61220000e-04 -2.57040000e-04 -3.61886000e-03 1.41952000e-03 -3.33100000e-04 7.88300000e-05 -8.06500000e-05 -3.19170000e-04 -3.83090000e-04 2.42358700e-02 6.49310000e-04 6.70620000e-04 1.03787000e-03 3.09952000e-03 1.06641000e-03 8.90600000e-05 1.52020000e-03 -1.99365000e-03 9.04380000e-04 6.24900000e-05 -1.76323000e-03 -1.94330000e-04 -1.82510000e-03 1.74001000e-03 -2.07740000e-04 -1.83534000e-03 1.03240000e-04 -8.54250000e-04 -2.66000000e-05 -1.83160000e-04 1.19030000e-04 1.08736000e-03 -3.39659000e-03 -1.86870000e-03 -4.81180000e-04 -1.01136000e-03 -1.57355000e-03 7.28860000e-04
-6.70600000e-05 5.38280000e-04 2.55100000e-05 -1.20698000e-03 2.98100000e-04 2.83380000e-04 -3.22820000e-04 9.32320000e-04 5.51300000e-04 -1.09450000e-04 -1.62950000e-04 1.73159000e-03 1.23013000e-03 1.06188000e-03 6.04500000e-05 -1.18157000e-03 -9.35210000e-04 -4.79930000e-04 2.70330000e-04 -4.05900000e-04 1.05276000e-03 -2.31360000e-03 1.32827000e-03 -6.83500000e-05 -1.27300000e-04 5.41750000e-04 -9.77900000e-05 3.21500000e-04 1.31431000e-03 2.27620000e-04 1.92190000e-04 -7.08320000e-04 -6.83590000e-04 1.20930000e-04 -1.14866000e-03 5.48900000e-05 5.39680000e-04 3.95070000e-04 -2.40580000e-04 -4.94560000e-04 -7.20190000e-04 -1.29630000e-04 3.17800000e-04 6.48640000e-04 -4.72480000e-04 -9.69030000e-04 -5.23810000e-04 -3.63200000e-04 1.31732000e-03 -9.88800000e-05 3.03140000e-04 -6.56020000e-04 -5.87930000e-04 9.58320000e-04 6.21770000e-04 3.66650000e-04 3.17890000e-04 -4.74180000e-04 2.75000000e-06 -2.62250000e-04 8.78620000e-04 1.00640000e-04 3.05230000e-04 5.68130000e-04 -4.43880000e-04 -6.83000000e-05 2.65920000e-04 -1.04351000e-03 7.23700000e-04 6.47880000e-04 4.65500000e-04 -2.39100000e-05 3.52380000e-04 4.60890000e-04 6.49310000e-04 3.95121000e-02 -2.57485000e-03 -3.11330000e-04 1.40000000e-06 6.21880000e-04 -2.41210000e-04 -1.69240000e-03 9.56900000e-05 5.04200000e-04 -5.60300000e-05 -1.59878000e-03 -3.15920000e-04 1.74180000e-04 1.74260000e-04 2.07100000e-05 2.62350000e-04 -7.30230000e-04 -3.82270000e-04 -1.63120000e-04 4.40520000e-04 -3.54580000e-04 1.22993000e-03 2.37380000e-04 -1.01020000e-04 -2.26310000e-04 1.28730000e-04 -6.43300000e-05 1.73500000e-04
-1.94982000e-03 -2.07699000e-03 -3.62599000e-03 1.59457000e-03 -8.23650000e-04 -8.28580000e-04 4.78090000e-04 1.20420000e-03 -1.36964000e-03 -1.87042000e-03 6.73220000e-04 -6.16841000e-03 -1.38859000e-03 -1.01249000e-03 7.37330000e-04 2.52721000e-03 2.97073000e-03 1.15382000e-03 -1.58315000e-03 5.49910000e-04 -2.23878000e-03 2.54520000e-03 -3.14614000e-03 3.78920000e-04 -3.48610000e-04 -2.03250000e-04 6.30290000e-04 -2.26642000e-03 -2.03869000e-03 -8.38200000e-04 -1.54101000e-03 1.11131000e-03 -1.35370000e-04 -1.64121000e-03 1.60479000e-03 7.16130000e-04 -2.63360000e-04 -1.14054000e-03 -4.03700000e-04 9.90880000e-04 5.11378000e-03 1.00195000e-03 1.96570000e-04 -5.99550000e-04 5.61180000e-04 1.78264000e-03 5.49338000e-03 2.82162000e-03 -2.19737000e-03 -7.62080000e-04 5.27130000e-04 -1.46809000e-03 6.30550000e-04 -3.23680000e-04 -1.47470000e-04 -1.99164000e-03 -1.36781000e-03 8.43260000e-04 -2.25986000e-03 -2.81240000e-04 8.80720000e-04 6.07930000e-04 7.29040000e-04 7.46340000e-04 9.11290000e-04 6.18620000e-04 -1.10911000e-03 -2.16915000e-03 -3.43570000e-04 -2.07104000e-03 -1.14572000e-03 -1.09690000e-04 -1.48616000e-03 -1.82914000e-03 6.70620000e-04 -2.57485000e-03 2.32509800e-02 1.93207000e-03 3.94713000e-03 -3.02830000e-04 8.62280000e-04 6.29616000e-03 -2.87770000e-03 -3.87700000e-04 -6.60500000e-05 1.74092000e-03 4.75930000e-04 -2.47306000e-03 1.92463000e-03 -2.51750000e-04 -2.54913000e-03 2.07344000e-03 -1.27260000e-04 1.08319000e-03 -1.43879000e-03 1.53941000e-03 -1.69112000e-03 -4.80191000e-03 -1.97780000e-03 1.51180000e-04 -1.28139000e-03 -1.90349000e-03 3.15660000e-04
-1.44364000e-03 -8.09240000e-04 -2.21509000e-03 1.94510000e-04 -2.29790000e-04 1.61770000e-04 2.77360000e-04 1.76861000e-03 -1.69400000e-04 -1.43184000e-03 6.48020000e-04 -1.87129000e-03 1.22390000e-04 3.33800000e-04 4.70840000e-04 5.04100000e-04 9.87910000e-04 3.40860000e-04 -7.59020000e-04 -4.68300000e-05 -6.04320000e-04 -2.74700000e-04 -1.13027000e-03 2.00800000e-05 -5.78600000e-05 4.10500000e-04 5.82940000e-04 -7.80200000e-04 -1.07720000e-04 -1.17410000e-04 -8.47540000e-04 -8.94900000e-05 -5.42140000e-04 -5.85480000e-04 2.13000000e-05 3.56330000e-04 4.05940000e-04 -2.71920000e-04 -2.49530000e-04 2.48310000e-04 2.47107000e-03 8.34290000e-04 3.49640000e-04 2.60790000e-04 3.30980000e-04 3.73200000e-04 2.92149000e-03 1.64491000e-03 -1.15970000e-04 -3.55140000e-04 7.37410000e-04 -1.48079000e-03 2.90800000e-04 7.74420000e-04 1.01888000e-03 -7.14360000e-04 -6.37910000e-04 6.05700000e-05 -1.59873000e-03 -3.11090000e-04 1.41713000e-03 3.67450000e-04 1.02819000e-03 9.52790000e-04 -2.53250000e-04 6.51330000e-04 -2.23880000e-04 -1.75668000e-03 5.45450000e-04 -6.99020000e-04 -3.82600000e-04 1.70350000e-04 -5.49450000e-04 -7.22160000e-04 1.03787000e-03 -3.11330000e-04 1.93207000e-03 3.81290300e-02 2.20804000e-03 3.30950000e-04 2.22090000e-04 2.54999000e-03 -1.54453000e-03 3.15340000e-04 2.29880000e-04 -2.93780000e-04 2.39630000e-04 -1.62310000e-03 1.68997000e-03 -1.30900000e-04 -1.50262000e-03 7.46700000e-04 -3.84820000e-04 4.14400000e-05 -4.46730000e-04 3.68520000e-04 2.36150000e-04 -2.79598000e-03 -1.36246000e-03 -1.42810000e-04 -7.58210000e-04 -1.17003000e-03 6.44050000e-04
-3.17085000e-03 -1.76175000e-03 -5.73425000e-03 -1.24857000e-03 -5.02640000e-04 1.72750000e-04 -2.27940000e-04 4.92928000e-03 -2.69710000e-04 -3.61164000e-03 7.25220000e-04 -4.58582000e-03 1.36551000e-03 1.50467000e-03 1.07958000e-03 2.08110000e-04 1.91369000e-03 2.08450000e-04 -1.82942000e-03 -5.98500000e-04 -4.92860000e-04 -3.35287000e-03 -4.71860000e-04 -5.02600000e-05 -9.29690000e-04 1.27350000e-03 8.53250000e-04 -2.60258000e-03 5.03970000e-04 -5.63740000e-04 -1.93083000e-03 -7.53950000e-04 -2.36570000e-03 -2.20618000e-03 -1.38346000e-03 7.40190000e-04 1.21084000e-03 -5.04190000e-04 -1.39607000e-03 -8.15000000e-06 5.84546000e-03 1.42628000e-03 1.08487000e-03 1.05251000e-03 -3.67760000e-04 -3.10140000e-04 7.14496000e-03 3.43207000e-03 4.37940000e-04 -1.36748000e-03 2.00629000e-03 -4.48581000e-03 -6.00220000e-04 2.92303000e-03 2.04393000e-03 -2.07690000e-03 -1.31990000e-03 -2.66590000e-04 -3.64975000e-03 -1.30460000e-03 4.35691000e-03 9.83040000e-04 2.56887000e-03 2.82117000e-03 -4.07740000e-04 9.99830000e-04 -9.17030000e-04 -6.78773000e-03 1.91121000e-03 -1.36168000e-03 -4.78940000e-04 -2.61100000e-04 -1.24321000e-03 -1.45773000e-03 3.09952000e-03 1.40000000e-06 3.94713000e-03 2.20804000e-03 3.81677500e-02 1.43075000e-03 4.14620000e-04 4.63133000e-03 -4.55158000e-03 1.03804000e-03 -1.99000000e-04 -2.36424000e-03 -2.13840000e-04 -3.61917000e-03 3.60011000e-03 -5.11360000e-04 -3.48164000e-03 7.21960000e-04 -1.52670000e-03 8.35200000e-04 -8.97090000e-04 9.04800000e-04 1.09077000e-03 -7.08872000e-03 -3.60419000e-03 -5.91210000e-04 -2.03144000e-03 -3.30387000e-03 1.18067000e-03
-8.36520000e-04 -1.52090000e-04 -1.35875000e-03 -7.97840000e-04 4.80700000e-05 3.48610000e-04 -1.70230000e-04 1.51927000e-03 2.63090000e-04 -9.72510000e-04 1.28240000e-04 -4.96250000e-04 8.85980000e-04 8.45850000e-04 3.01700000e-04 -5.23390000e-04 -1.65560000e-04 -1.56320000e-04 -2.89680000e-04 -2.90180000e-04 4.22460000e-04 -1.91278000e-03 5.98790000e-04 -8.88400000e-05 -1.93560000e-04 6.07040000e-04 1.98990000e-04 -4.51520000e-04 6.94000000e-04 3.14400000e-05 -3.04830000e-04 -4.66460000e-04 -8.17680000e-04 -4.51770000e-04 -8.23290000e-04 9.70600000e-05 5.39830000e-04 1.23280000e-04 -3.77950000e-04 -1.90020000e-04 1.07282000e-03 3.14770000e-04 4.28460000e-04 5.77120000e-04 -2.62490000e-04 -5.10600000e-04 1.26089000e-03 5.90540000e-04 7.02960000e-04 -2.92010000e-04 6.78500000e-04 -1.32264000e-03 -3.74430000e-04 1.22605000e-03 8.05550000e-04 -3.07700000e-04 -9.12700000e-05 -2.61560000e-04 -5.94470000e-04 -3.67060000e-04 1.36460000e-03 2.79800000e-04 8.03420000e-04 9.93390000e-04 -3.57530000e-04 2.50040000e-04 -8.06400000e-05 -2.06830000e-03 8.47910000e-04 -1.75000000e-05 1.79300000e-04 -3.00900000e-05 -1.25290000e-04 -7.40900000e-05 1.06641000e-03 6.21880000e-04 -3.02830000e-04 3.30950000e-04 1.43075000e-03 1.06187500e-02 -4.30000000e-05 1.01030000e-04 -9.72510000e-04 5.65780000e-04 -3.30000000e-06 -1.25716000e-03 -1.52890000e-04 -8.31460000e-04 7.85940000e-04 -3.23000000e-05 -8.31310000e-04 -1.31650000e-04 -4.27810000e-04 -3.85600000e-05 6.42000000e-05 -3.07600000e-05 8.27630000e-04 -1.52206000e-03 -8.24470000e-04 -2.37250000e-04 -4.52690000e-04 -7.39920000e-04 4.18440000e-04
-2.61190000e-04 -2.48150000e-04 -3.95210000e-04 1.34900000e-04 -1.05240000e-04 -6.82100000e-05 1.08040000e-04 1.74020000e-04 -1.37300000e-04 -1.86900000e-04 5.13700000e-05 -7.16110000e-04 -1.29610000e-04 -1.12000000e-04 1.21190000e-04 2.89070000e-04 4.09200000e-04 2.48420000e-04 -1.64160000e-04 3.56400000e-05 -2.29280000e-04 3.64790000e-04 -2.66870000e-04 9.23300000e-05 -4.55200000e-05 2.30100000e-05 8.56000000e-06 -2.27860000e-04 -1.52950000e-04 -4.71000000e-05 -1.66910000e-04 6.61300000e-05 -8.65600000e-05 -1.71750000e-04 4.46600000e-05 7.94400000e-05 3.15100000e-05 -1.12440000e-04 -9.33900000e-05 1.59880000e-04 4.26350000e-04 1.01150000e-04 1.95260000e-04 5.24800000e-05 5.96600000e-05 2.13890000e-04 6.15140000e-04 2.87790000e-04 -1.98520000e-04 -1.04130000e-04 7.68200000e-05 -1.89350000e-04 1.04140000e-04 -3.23400000e-05 -1.46000000e-06 -1.57080000e-04 -1.19460000e-04 2.08620000e-04 -4.06080000e-04 -7.06000000e-06 9.07300000e-05 1.31710000e-04 1.14140000e-04 1.01440000e-04 1.68170000e-04 5.83500000e-05 6.70900000e-05 -2.15960000e-04 -2.77600000e-05 -1.59400000e-04 -9.10900000e-05 1.73300000e-05 -1.67640000e-04 -1.63760000e-04 8.90600000e-05 -2.41210000e-04 8.62280000e-04 2.22090000e-04 4.14620000e-04 -4.30000000e-05 1.80639400e-02 6.74330000e-04 -3.74800000e-04 2.91000000e-05 2.86400000e-05 1.88900000e-04 6.94100000e-05 -2.36460000e-04 2.22390000e-04 -1.26320000e-04 -2.90020000e-04 9.88200000e-05 -1.43470000e-04 2.02120000e-04 -2.64660000e-04 2.18290000e-04 -1.51220000e-04 -5.99210000e-04 -3.04600000e-04 4.38000000e-06 -1.38700000e-04 -3.18300000e-04 3.12600000e-05
-2.00352000e-03 -1.93826000e-03 -4.13110000e-03 8.98630000e-04 -7.08060000e-04 -6.99790000e-04 3.74080000e-04 2.71801000e-03 -9.68540000e-04 -2.35976000e-03 9.10790000e-04 -4.97382000e-03 -5.52090000e-04 -1.92720000e-04 7.46720000e-04 1.95010000e-03 3.44012000e-03 7.61100000e-04 -1.61492000e-03 5.44200000e-05 -1.80001000e-03 1.40792000e-03 -2.43014000e-03 2.46420000e-04 -4.47190000e-04 1.85790000e-04 9.75640000e-04 -2.19220000e-03 -1.32747000e-03 -7.38330000e-04 -1.73709000e-03 2.08940000e-04 -8.53170000e-04 -1.54440000e-03 5.17190000e-04 5.86560000e-04 2.74410000e-04 -9.40470000e-04 -6.69460000e-04 6.17130000e-04 5.23856000e-03 1.40167000e-03 3.40520000e-04 -1.06920000e-04 5.53330000e-04 1.28668000e-03 6.51433000e-03 3.36212000e-03 -1.28548000e-03 -7.72360000e-04 9.89140000e-04 -2.46988000e-03 5.37180000e-04 7.28980000e-04 9.54540000e-04 -1.94392000e-03 -1.49131000e-03 3.41490000e-04 -3.65829000e-03 -7.09730000e-04 2.32072000e-03 6.60530000e-04 1.48778000e-03 1.37575000e-03 4.36730000e-04 1.00675000e-03 -9.91500000e-04 -2.88177000e-03 3.85330000e-04 -1.80562000e-03 -1.06316000e-03 -9.51600000e-05 -1.24768000e-03 -1.74053000e-03 1.52020000e-03 -1.69240000e-03 6.29616000e-03 2.54999000e-03 4.63133000e-03 1.01030000e-04 6.74330000e-04 5.20777200e-02 -3.48854000e-03 -3.23000000e-05 -5.23500000e-05 3.81580000e-04 3.23430000e-04 -2.82132000e-03 3.03957000e-03 -4.99650000e-04 -2.67570000e-03 1.58432000e-03 -7.59090000e-04 1.11079000e-03 -1.36998000e-03 1.32840000e-03 -6.88870000e-04 -5.50496000e-03 -2.61505000e-03 -1.05360000e-04 -1.52909000e-03 -2.35283000e-03 7.28210000e-04
2.40272000e-03 1.45949000e-03 5.08364000e-03 1.50478000e-03 5.05110000e-04 1.14090000e-04 3.33600000e-04 -4.14052000e-03 4.40350000e-04 2.62994000e-03 -3.27970000e-04 4.17633000e-03 -1.02342000e-03 -1.06073000e-03 -8.25150000e-04 -1.50240000e-04 -1.76319000e-03 -5.68300000e-05 1.52394000e-03 8.71520000e-04 9.16190000e-04 2.73322000e-03 -1.44720000e-04 -8.89900000e-05 1.10215000e-03 -8.02560000e-04 -1.79450000e-04 2.33194000e-03 -5.10090000e-04 6.57560000e-04 1.64003000e-03 9.86580000e-04 2.24834000e-03 2.10308000e-03 2.14726000e-03 -7.16650000e-04 -9.42920000e-04 4.98360000e-04 1.53040000e-03 8.57400000e-05 -4.81400000e-03 -1.07749000e-03 -7.29820000e-04 -7.04030000e-04 6.61810000e-04 4.29920000e-04 -5.81975000e-03 -2.57704000e-03 -2.52780000e-04 1.48873000e-03 -1.71278000e-03 3.87112000e-03 8.55170000e-04 -2.28806000e-03 -1.65116000e-03 2.01460000e-03 1.23193000e-03 1.21210000e-04 3.60918000e-03 1.35152000e-03 -3.68120000e-03 -8.07510000e-04 -2.40324000e-03 -1.77088000e-03 1.55320000e-04 -6.53460000e-04 8.97140000e-04 6.37443000e-03 -1.34635000e-03 1.30072000e-03 6.15060000e-04 4.06680000e-04 1.37045000e-03 1.33314000e-03 -1.99365000e-03 9.56900000e-05 -2.87770000e-03 -1.54453000e-03 -4.55158000e-03 -9.72510000e-04 -3.74800000e-04 -3.48854000e-03 2.54739900e-02 -5.18590000e-04 6.11250000e-04 2.40811000e-03 3.51340000e-04 2.68088000e-03 -3.11682000e-03 4.62190000e-04 2.39664000e-03 -2.95240000e-04 1.34797000e-03 -1.55841000e-03 7.96050000e-04 -9.77260000e-04 -9.99780000e-04 5.69255000e-03 2.70649000e-03 3.36170000e-04 1.59520000e-03 2.79394000e-03 -9.35690000e-04
-7.25620000e-04 -9.71300000e-05 -8.89580000e-04 -5.09040000e-04 6.80500000e-05 4.46240000e-04 -6.10600000e-05 1.11256000e-03 3.13860000e-04 -7.53150000e-04 1.82560000e-04 -2.13300000e-04 6.56160000e-04 6.37850000e-04 2.38230000e-04 -4.46850000e-04 -2.36630000e-04 -3.48400000e-05 -1.88340000e-04 -1.90260000e-04 4.17760000e-04 -1.44533000e-03 3.04960000e-04 -1.23130000e-04 -3.05700000e-05 5.34280000e-04 2.27440000e-04 -2.23830000e-04 5.39600000e-04 1.31190000e-04 -2.01570000e-04 -3.28640000e-04 -5.48240000e-04 -2.39710000e-04 -4.89460000e-04 1.48130000e-04 4.04870000e-04 1.59650000e-04 -1.85510000e-04 -1.03790000e-04 7.05750000e-04 2.71510000e-04 4.29500000e-04 5.19950000e-04 -7.81400000e-05 -3.67700000e-04 8.36400000e-04 4.42920000e-04 5.58980000e-04 -1.16440000e-04 5.31250000e-04 -9.12060000e-04 -1.38520000e-04 9.52790000e-04 6.62730000e-04 -1.04560000e-04 1.79300000e-05 -1.51870000e-04 -2.94790000e-04 -1.54000000e-04 9.40860000e-04 1.98670000e-04 5.77740000e-04 8.42100000e-04 -3.57670000e-04 2.43290000e-04 9.95600000e-05 -1.32493000e-03 7.08050000e-04 7.54000000e-05 2.14990000e-04 4.14800000e-05 -6.26000000e-05 4.41200000e-05 9.04380000e-04 5.04200000e-04 -3.87700000e-04 3.15340000e-04 1.03804000e-03 5.65780000e-04 2.91000000e-05 -3.23000000e-05 -5.18590000e-04 2.86121400e-02 1.75540000e-04 -8.27880000e-04 -6.06200000e-05 -6.24390000e-04 5.26400000e-04 -3.16200000e-05 -7.12130000e-04 -9.34500000e-05 -2.87600000e-04 -2.79840000e-04 4.79500000e-05 -1.35070000e-04 6.38590000e-04 -1.07490000e-03 -6.28430000e-04 -2.06480000e-04 -3.30800000e-04 -5.18360000e-04 3.45350000e-04
-2.21220000e-04 5.07500000e-05 3.29380000e-04 4.78680000e-04 7.69600000e-05 3.28580000e-04 2.74930000e-04 -2.47860000e-04 1.43450000e-04 -1.21130000e-04 2.88560000e-04 1.48010000e-04 -1.20720000e-04 -2.70200000e-05 -6.65000000e-06 8.71800000e-05 -2.73160000e-04 2.24800000e-04 7.53700000e-05 2.48300000e-04 6.75800000e-05 2.85290000e-04 -6.57810000e-04 -8.29900000e-05 3.71610000e-04 5.45800000e-05 2.99100000e-04 3.05040000e-04 -1.23780000e-04 2.60360000e-04 5.18500000e-05 2.50090000e-04 3.86770000e-04 3.09480000e-04 6.28990000e-04 -8.98000000e-05 -1.61900000e-05 6.98100000e-05 3.72110000e-04 2.10070000e-04 -1.92090000e-04 1.46100000e-04 7.03900000e-05 3.47400000e-05 4.06700000e-04 2.37580000e-04 -3.79510000e-04 6.60800000e-05 -1.90600000e-05 3.22220000e-04 -2.31300000e-05 3.40480000e-04 4.55340000e-04 -1.11560000e-04 1.46970000e-04 2.93980000e-04 8.32200000e-05 1.39000000e-04 5.42760000e-04 3.35370000e-04 -3.08850000e-04 -6.56900000e-05 -7.34100000e-05 7.90900000e-05 -2.67860000e-04 1.92030000e-04 2.96120000e-04 7.29950000e-04 1.10300000e-05 1.05630000e-04 7.04200000e-05 2.60960000e-04 1.48870000e-04 6.71700000e-05 6.24900000e-05 -5.60300000e-05 -6.60500000e-05 2.29880000e-04 -1.99000000e-04 -3.30000000e-06 2.86400000e-05 -5.23500000e-05 6.11250000e-04 1.75540000e-04 1.55140700e-02 5.32600000e-04 2.48650000e-04 -1.65880000e-04 -1.67650000e-04 8.91600000e-05 -2.07100000e-04 2.25400000e-04 2.09020000e-04 -7.00210000e-04 3.41200000e-05 -2.25820000e-04 -7.39300000e-05 1.62490000e-04 7.87100000e-05 -1.72100000e-05 5.69800000e-05 2.24700000e-04 9.58500000e-05
1.20098000e-03 1.89840000e-04 2.67942000e-03 2.49161000e-03 1.14000000e-05 -3.55310000e-04 6.77040000e-04 -3.25366000e-03 -3.95320000e-04 1.58286000e-03 1.20720000e-04 8.63200000e-05 -1.99243000e-03 -1.79198000e-03 -4.28800000e-04 1.43209000e-03 2.18590000e-04 6.76280000e-04 5.52900000e-04 1.04138000e-03 -8.07670000e-04 4.51338000e-03 -2.06061000e-03 1.36720000e-04 8.84210000e-04 -1.03844000e-03 1.05400000e-04 9.03260000e-04 -1.74542000e-03 1.52720000e-04 6.29950000e-04 1.45382000e-03 2.09554000e-03 1.01449000e-03 2.73699000e-03 -1.36960000e-04 -1.10501000e-03 -1.70330000e-04 1.20752000e-03 7.52070000e-04 -1.66556000e-03 -3.35900000e-04 -6.69780000e-04 -1.13103000e-03 1.04547000e-03 1.53875000e-03 -2.40830000e-03 -8.25370000e-04 -1.67476000e-03 9.84100000e-04 -1.30161000e-03 2.90261000e-03 1.30861000e-03 -2.46167000e-03 -1.56916000e-03 6.95080000e-04 3.00850000e-04 6.93740000e-04 1.97637000e-03 1.14194000e-03 -3.02959000e-03 -4.70930000e-04 -1.65538000e-03 -1.53097000e-03 6.20920000e-04 -1.89080000e-04 2.58210000e-04 4.88478000e-03 -1.59024000e-03 -8.81300000e-05 -1.94810000e-04 3.33430000e-04 3.01340000e-04 1.69650000e-04 -1.76323000e-03 -1.59878000e-03 1.74092000e-03 -2.93780000e-04 -2.36424000e-03 -1.25716000e-03 1.88900000e-04 3.81580000e-04 2.40811000e-03 -8.27880000e-04 5.32600000e-04 2.80076100e-02 6.28730000e-04 1.20905000e-03 -1.73640000e-03 2.19770000e-04 9.49830000e-04 8.84780000e-04 1.22338000e-03 -6.65700000e-04 -1.88620000e-04 1.87600000e-05 -1.93103000e-03 2.65237000e-03 1.51176000e-03 5.43290000e-04 8.43400000e-04 1.57491000e-03 -5.48220000e-04
-1.62580000e-04 -1.22250000e-04 6.98700000e-05 6.23710000e-04 -2.14400000e-05 1.36810000e-04 3.31920000e-04 -3.40240000e-04 -5.88600000e-05 -5.57000000e-05 2.40300000e-04 -3.98210000e-04 -3.19880000e-04 -2.13990000e-04 8.38400000e-05 4.07720000e-04 -7.72000000e-06 2.75920000e-04 -2.85300000e-05 3.21750000e-04 -2.46230000e-04 8.52380000e-04 -7.35670000e-04 5.24000000e-05 2.83760000e-04 -9.81000000e-06 1.90880000e-04 1.74490000e-04 -3.37400000e-04 1.08290000e-04 -3.72500000e-05 3.73700000e-04 3.86950000e-04 2.44410000e-04 6.53730000e-04 -6.11900000e-05 -4.91300000e-05 -5.57100000e-05 2.72600000e-04 2.42420000e-04 5.41700000e-05 1.76380000e-04 -2.00100000e-05 -9.27000000e-05 3.73250000e-04 4.85060000e-04 -1.96430000e-04 1.18330000e-04 -2.60650000e-04 2.10500000e-04 -3.45500000e-05 3.23050000e-04 4.09890000e-04 -3.07250000e-04 1.27400000e-05 1.37170000e-04 -6.25300000e-05 1.54120000e-04 3.31840000e-04 2.34380000e-04 -4.02440000e-04 2.52300000e-05 -3.88700000e-05 -1.35280000e-04 -1.73400000e-05 1.82550000e-04 1.24400000e-04 8.01060000e-04 -1.95260000e-04 -1.08120000e-04 -1.26670000e-04 2.67250000e-04 3.85100000e-05 -1.25420000e-04 -1.94330000e-04 -3.15920000e-04 4.75930000e-04 2.39630000e-04 -2.13840000e-04 -1.52890000e-04 6.94100000e-05 3.23430000e-04 3.51340000e-04 -6.06200000e-05 2.48650000e-04 6.28730000e-04 1.09921100e-02 -1.73170000e-04 -1.06280000e-04 1.14450000e-04 -2.54950000e-04 3.62120000e-04 2.17980000e-04 -2.79320000e-04 -3.40400000e-05 3.70700000e-05 -2.48420000e-04 -1.74800000e-05 5.45700000e-05 8.39400000e-05 1.29700000e-05 1.12650000e-04 1.23220000e-04
2.66317000e-03 1.32725000e-03 3.91347000e-03 4.04800000e-04 4.44180000e-04 -5.91740000e-04 -2.12770000e-04 -3.03102000e-03 2.43480000e-04 2.96621000e-03 -7.18090000e-04 3.51094000e-03 -7.49900000e-04 -9.85970000e-04 -6.37490000e-04 -2.46650000e-04 -7.07360000e-04 -3.75430000e-04 1.34482000e-03 1.33500000e-04 5.92880000e-04 2.16748000e-03 1.04066000e-03 1.53120000e-04 3.99480000e-04 -8.49770000e-04 -7.50130000e-04 1.51413000e-03 -9.86600000e-05 1.87500000e-04 1.45506000e-03 2.65930000e-04 1.29557000e-03 1.23523000e-03 4.17000000e-04 -4.24960000e-04 -8.53570000e-04 4.51810000e-04 7.09920000e-04 -2.19050000e-04 -3.97562000e-03 -1.08950000e-03 -7.13120000e-04 -6.74460000e-04 -8.70800000e-05 -6.76800000e-05 -4.25582000e-03 -2.29207000e-03 -2.61660000e-04 7.70960000e-04 -1.28765000e-03 2.93307000e-03 1.15600000e-05 -1.79838000e-03 -1.52008000e-03 1.16064000e-03 1.12584000e-03 -1.15210000e-04 1.90986000e-03 7.09710000e-04 -2.63746000e-03 -5.19650000e-04 -1.80962000e-03 -1.67030000e-03 7.75880000e-04 -8.21710000e-04 3.14550000e-04 4.17420000e-03 -1.15723000e-03 1.02556000e-03 5.38300000e-04 -1.99090000e-04 6.68920000e-04 1.20436000e-03 -1.82510000e-03 1.74180000e-04 -2.47306000e-03 -1.62310000e-03 -3.61917000e-03 -8.31460000e-04 -2.36460000e-04 -2.82132000e-03 2.68088000e-03 -6.24390000e-04 -1.65880000e-04 1.20905000e-03 -1.73170000e-04 2.34094700e-02 -2.17409000e-03 6.46100000e-05 2.87818000e-03 -9.00970000e-04 7.46680000e-04 2.79540000e-04 3.44700000e-04 -3.46610000e-04 -6.44210000e-04 4.84861000e-03 2.35827000e-03 5.50620000e-04 1.59083000e-03 2.01455000e-03 -9.06710000e-04
-2.06905000e-03 -1.05544000e-03 -3.78792000e-03 -9.06750000e-04 -2.80920000e-04 -1.86000000e-05 -7.26100000e-05 3.46513000e-03 -2.06880000e-04 -2.07316000e-03 5.90420000e-04 -2.30369000e-03 8.54390000e-04 9.93510000e-04 7.17270000e-04 9.32700000e-05 1.29559000e-03 9.80000000e-05 -1.13308000e-03 -5.80340000e-04 -6.10640000e-04 -2.07686000e-03 -4.28200000e-04 6.72400000e-05 -5.86550000e-04 7.38750000e-04 4.21510000e-04 -1.44613000e-03 6.14420000e-04 -3.48950000e-04 -1.29126000e-03 -7.20020000e-04 -1.57669000e-03 -1.30623000e-03 -1.24592000e-03 7.03980000e-04 8.19270000e-04 -3.17110000e-04 -9.36140000e-04 -2.37300000e-05 3.70221000e-03 1.03661000e-03 5.81890000e-04 6.19950000e-04 -2.23220000e-04 -2.33670000e-04 4.72427000e-03 2.26230000e-03 3.90750000e-04 -1.03326000e-03 1.32772000e-03 -2.94287000e-03 -3.68960000e-04 1.75418000e-03 1.70084000e-03 -1.31681000e-03 -9.49500000e-04 -1.94000000e-04 -2.93167000e-03 -9.37010000e-04 2.98058000e-03 6.36610000e-04 1.85097000e-03 1.54321000e-03 -3.69170000e-04 7.09460000e-04 -5.31080000e-04 -4.43839000e-03 1.14456000e-03 -9.28610000e-04 -4.82920000e-04 -9.05100000e-05 -9.81240000e-04 -1.03126000e-03 1.74001000e-03 1.74260000e-04 1.92463000e-03 1.68997000e-03 3.60011000e-03 7.85940000e-04 2.22390000e-04 3.03957000e-03 -3.11682000e-03 5.26400000e-04 -1.67650000e-04 -1.73640000e-03 -1.06280000e-04 -2.17409000e-03 5.73373400e-02 -3.50950000e-04 -1.76750000e-03 5.01820000e-04 -1.03109000e-03 8.54250000e-04 -6.06320000e-04 6.71230000e-04 1.00493000e-03 -4.44837000e-03 -2.21231000e-03 -2.40750000e-04 -1.12377000e-03 -2.11292000e-03 9.38070000e-04
6.31000000e-06 9.70800000e-05 3.07040000e-04 1.86020000e-04 3.10700000e-05 1.33830000e-04 9.93000000e-05 -4.48380000e-04 1.94100000e-05 6.38800000e-05 1.74500000e-05 1.81280000e-04 -7.25200000e-05 -5.14600000e-05 -1.18400000e-05 -3.65000000e-06 -4.68550000e-04 3.35200000e-05 9.35800000e-05 9.52700000e-05 6.25900000e-05 1.41510000e-04 -6.08200000e-05 -1.04200000e-05 1.98470000e-04 -2.00000000e-06 -6.37000000e-06 2.50360000e-04 -7.09900000e-05 9.00200000e-05 1.10650000e-04 1.81940000e-04 2.42150000e-04 2.08310000e-04 2.89850000e-04 8.12300000e-05 -8.78800000e-05 2.52400000e-05 1.70860000e-04 4.05400000e-05 6.50000000e-06 -6.44100000e-05 -6.35000000e-05 -8.28500000e-05 7.29300000e-05 8.84600000e-05 -6.53420000e-04 -2.67470000e-04 -1.41800000e-05 1.25040000e-04 -1.31580000e-04 3.25270000e-04 7.65600000e-05 -2.23740000e-04 -1.12710000e-04 1.54010000e-04 9.57100000e-05 2.40020000e-04 5.42930000e-04 1.46090000e-04 -4.27260000e-04 -5.99900000e-05 -1.77250000e-04 -1.53440000e-04 -8.28800000e-05 -3.38900000e-05 6.65600000e-05 4.62390000e-04 -1.29120000e-04 6.24000000e-05 4.22900000e-05 1.27640000e-04 8.70500000e-05 8.30500000e-05 -2.07740000e-04 2.07100000e-05 -2.51750000e-04 -1.30900000e-04 -5.11360000e-04 -3.23000000e-05 -1.26320000e-04 -4.99650000e-04 4.62190000e-04 -3.16200000e-05 8.91600000e-05 2.19770000e-04 1.14450000e-04 6.46100000e-05 -3.50950000e-04 9.44985000e-03 4.40900000e-05 4.27120000e-04 5.35410000e-04 -3.18100000e-04 4.48330000e-04 -1.50610000e-04 -7.76300000e-05 7.44070000e-04 5.76710000e-04 -1.34900000e-05 1.05090000e-04 5.73590000e-04 -2.50700000e-05
2.54996000e-03 1.30974000e-03 3.68051000e-03 1.18830000e-04 4.11530000e-04 -7.08620000e-04 -2.64270000e-04 -2.65588000e-03 1.40680000e-04 2.77634000e-03 -6.74430000e-04 3.74604000e-03 -6.16950000e-04 -8.19240000e-04 -7.16710000e-04 -3.34790000e-04 -6.52280000e-04 -4.23880000e-04 1.27263000e-03 1.64400000e-05 4.70020000e-04 1.58693000e-03 1.00250000e-03 1.52190000e-04 3.02830000e-04 -9.39090000e-04 -7.78970000e-04 1.45226000e-03 4.54200000e-05 1.57950000e-04 1.32652000e-03 1.49470000e-04 1.17999000e-03 1.12100000e-03 2.09290000e-04 -4.34800000e-04 -8.00110000e-04 3.62680000e-04 6.04070000e-04 -2.28720000e-04 -3.74645000e-03 -1.06410000e-03 -7.93900000e-04 -6.96550000e-04 -1.74180000e-04 -2.45490000e-04 -3.81806000e-03 -2.11172000e-03 -1.33030000e-04 5.85550000e-04 -1.25270000e-03 2.67880000e-03 -7.16200000e-05 -1.69843000e-03 -1.27752000e-03 1.06854000e-03 9.21610000e-04 -5.48900000e-05 1.53815000e-03 5.76320000e-04 -2.21616000e-03 -5.88090000e-04 -1.63380000e-03 -1.71994000e-03 5.82080000e-04 -8.27690000e-04 3.00760000e-04 3.39402000e-03 -1.10929000e-03 9.69800000e-04 3.87930000e-04 -2.19720000e-04 6.05350000e-04 1.02640000e-03 -1.83534000e-03 2.62350000e-04 -2.54913000e-03 -1.50262000e-03 -3.48164000e-03 -8.31310000e-04 -2.90020000e-04 -2.67570000e-03 2.39664000e-03 -7.12130000e-04 -2.07100000e-04 9.49830000e-04 -2.54950000e-04 2.87818000e-03 -1.76750000e-03 4.40900000e-05 2.80171900e-02 -9.04570000e-04 6.21690000e-04 3.69170000e-04 3.53270000e-04 -3.34260000e-04 -4.91040000e-04 4.59817000e-03 2.28128000e-03 5.04470000e-04 1.52013000e-03 1.93588000e-03 -9.51090000e-04
-9.10500000e-04 -5.98260000e-04 -8.63180000e-04 9.25800000e-04 -2.23520000e-04 5.63700000e-05 4.01780000e-04 3.92300000e-05 -3.36520000e-04 -6.44230000e-04 4.02550000e-04 -1.47142000e-03 -5.64520000e-04 -3.39030000e-04 2.64000000e-04 7.43450000e-04 2.79490000e-04 4.60510000e-04 -4.75950000e-04 2.98240000e-04 -6.83200000e-04 1.00250000e-03 -1.35138000e-03 2.01600000e-05 2.08240000e-04 1.66800000e-05 3.18560000e-04 -2.78080000e-04 -5.83530000e-04 -9.01200000e-05 -4.90800000e-04 5.16250000e-04 2.23140000e-04 -1.74880000e-04 1.04932000e-03 6.01600000e-04 -1.12870000e-04 -3.10350000e-04 1.50700000e-04 3.92130000e-04 1.70681000e-03 3.78610000e-04 3.19400000e-05 -2.37980000e-04 4.03740000e-04 7.15180000e-04 1.15027000e-03 7.43180000e-04 -6.47350000e-04 -1.08690000e-04 1.39300000e-05 -2.04440000e-04 4.40490000e-04 -3.13790000e-04 3.80900000e-05 -3.68310000e-04 -3.94040000e-04 5.01050000e-04 -1.42700000e-04 1.01010000e-04 -1.53240000e-04 1.31030000e-04 1.07810000e-04 1.50680000e-04 -5.22000000e-05 2.58920000e-04 -1.67570000e-04 8.38000000e-05 -1.84940000e-04 -6.33710000e-04 -3.68070000e-04 2.42630000e-04 -3.74220000e-04 -5.26990000e-04 1.03240000e-04 -7.30230000e-04 2.07344000e-03 7.46700000e-04 7.21960000e-04 -1.31650000e-04 9.88200000e-05 1.58432000e-03 -2.95240000e-04 -9.34500000e-05 2.25400000e-04 8.84780000e-04 3.62120000e-04 -9.00970000e-04 5.01820000e-04 4.27120000e-04 -9.04570000e-04 3.94793400e-02 5.46370000e-04 -2.66820000e-04 5.72900000e-05 2.46900000e-04 -4.98240000e-04 -9.84410000e-04 -1.93000000e-04 9.61000000e-06 -3.27660000e-04 -3.14500000e-05 3.30000000e-04
5.99190000e-04 3.26880000e-04 1.40647000e-03 8.55500000e-04 1.08440000e-04 2.46900000e-05 2.12040000e-04 -1.62124000e-03 -2.89900000e-05 8.34350000e-04 -3.16500000e-05 5.72530000e-04 -6.95540000e-04 -6.46000000e-04 -2.07900000e-04 2.89360000e-04 -5.40100000e-04 1.17450000e-04 4.19940000e-04 3.27050000e-04 -1.05930000e-04 1.52318000e-03 -4.80510000e-04 2.82000000e-05 4.70100000e-04 -3.76430000e-04 -7.60700000e-05 6.31180000e-04 -5.27420000e-04 1.41890000e-04 4.78350000e-04 5.40990000e-04 9.36950000e-04 5.71930000e-04 9.68920000e-04 8.29900000e-05 -5.08370000e-04 5.83800000e-05 5.75300000e-04 2.00850000e-04 -8.18330000e-04 -2.75420000e-04 -3.36100000e-04 -4.80590000e-04 3.22020000e-04 4.33440000e-04 -1.76915000e-03 -7.58220000e-04 -4.98530000e-04 4.56280000e-04 -5.96220000e-04 1.41731000e-03 4.00850000e-04 -1.05041000e-03 -6.66930000e-04 4.13570000e-04 3.46880000e-04 3.73480000e-04 1.24936000e-03 5.23450000e-04 -1.50790000e-03 -2.60360000e-04 -8.13330000e-04 -7.05420000e-04 1.60650000e-04 -1.79270000e-04 1.14150000e-04 2.15433000e-03 -6.48810000e-04 1.17370000e-04 8.66500000e-05 1.55500000e-04 1.66920000e-04 3.08210000e-04 -8.54250000e-04 -3.82270000e-04 -1.27260000e-04 -3.84820000e-04 -1.52670000e-03 -4.27810000e-04 -1.43470000e-04 -7.59090000e-04 1.34797000e-03 -2.87600000e-04 2.09020000e-04 1.22338000e-03 2.17980000e-04 7.46680000e-04 -1.03109000e-03 5.35410000e-04 6.21690000e-04 5.46370000e-04 2.20811800e-02 -4.95170000e-04 4.36650000e-04 -2.16970000e-04 -6.36080000e-04 2.05474000e-03 1.29655000e-03 2.09620000e-04 5.20370000e-04 1.24297000e-03 -2.63910000e-04
2.29700000e-04 -2.69350000e-04 -1.06111000e-03 -6.02420000e-04 -1.17860000e-04 -8.42610000e-04 -3.20060000e-04 7.84880000e-04 -3.60670000e-04 3.07860000e-04 -2.87190000e-04 -8.97380000e-04 4.15100000e-05 -8.66400000e-05 2.61610000e-04 3.07570000e-04 1.17464000e-03 -1.14780000e-04 -2.26250000e-04 -4.04200000e-04 -4.80890000e-04 1.95120000e-04 5.92100000e-04 3.64820000e-04 -5.67880000e-04 -8.50100000e-05 -4.56290000e-04 -7.22810000e-04 1.05330000e-04 -4.71800000e-04 -2.44220000e-04 -3.27890000e-04 -6.65740000e-04 -6.83460000e-04 -1.06083000e-03 3.49660000e-04 4.04700000e-05 -1.77150000e-04 -6.58470000e-04 -1.50610000e-04 8.62110000e-04 3.07800000e-05 -2.01000000e-05 -8.34100000e-05 -5.41760000e-04 -7.15100000e-05 1.52706000e-03 3.87540000e-04 -2.25180000e-04 -6.17360000e-04 2.66540000e-04 -6.90480000e-04 -6.09080000e-04 1.25020000e-04 -2.79000000e-05 -7.44170000e-04 -2.23490000e-04 -1.28740000e-04 -1.50481000e-03 -5.24060000e-04 7.20820000e-04 3.36130000e-04 4.15710000e-04 -4.49200000e-05 7.42470000e-04 -1.17670000e-04 -5.48710000e-04 -1.51372000e-03 -6.15500000e-05 -3.70480000e-04 -2.38120000e-04 -4.22970000e-04 -5.92800000e-04 -2.96840000e-04 -2.66000000e-05 -1.63120000e-04 1.08319000e-03 4.14400000e-05 8.35200000e-04 -3.85600000e-05 2.02120000e-04 1.11079000e-03 -1.55841000e-03 -2.79840000e-04 -7.00210000e-04 -6.65700000e-04 -2.79320000e-04 2.79540000e-04 8.54250000e-04 -3.18100000e-04 3.69170000e-04 -2.66820000e-04 -4.95170000e-04 1.88499700e-02 -4.88770000e-04 7.90160000e-04 7.40600000e-05 -9.01200000e-04 -3.67240000e-04 2.65170000e-04 -4.72000000e-06 -7.20010000e-04 2.93600000e-05
3.49730000e-04 3.66630000e-04 8.33330000e-04 -1.76100000e-04 1.11380000e-04 2.60100000e-04 -4.16800000e-05 -4.88600000e-04 2.25870000e-04 2.16280000e-04 -1.32130000e-04 1.16771000e-03 2.31090000e-04 1.80240000e-04 -1.87210000e-04 -4.53900000e-04 -8.27920000e-04 -1.95350000e-04 2.58600000e-04 -3.67600000e-05 4.91910000e-04 -4.88080000e-04 7.20630000e-04 -1.47930000e-04 1.71540000e-04 3.73900000e-05 -7.71900000e-05 5.11250000e-04 2.41000000e-04 1.77930000e-04 2.89960000e-04 -7.21900000e-05 1.32980000e-04 3.93020000e-04 -1.16400000e-05 -1.39050000e-04 -2.89000000e-06 1.80430000e-04 1.36860000e-04 -1.71500000e-04 -6.80000000e-04 -2.34670000e-04 -8.68000000e-05 6.51400000e-05 -7.94800000e-05 -2.87920000e-04 -1.26712000e-03 -6.42540000e-04 3.82530000e-04 2.02030000e-04 -2.03870000e-04 3.81660000e-04 -9.11000000e-05 -1.03000000e-06 -9.63600000e-05 4.20980000e-04 2.45360000e-04 8.49300000e-05 7.94360000e-04 9.42600000e-05 -3.58500000e-04 -1.78450000e-04 -2.46350000e-04 -1.67870000e-04 -2.75050000e-04 -1.51360000e-04 2.13410000e-04 5.95290000e-04 1.50900000e-05 4.00320000e-04 2.14860000e-04 8.66300000e-05 3.85490000e-04 3.33780000e-04 -1.83160000e-04 4.40520000e-04 -1.43879000e-03 -4.46730000e-04 -8.97090000e-04 6.42000000e-05 -2.64660000e-04 -1.36998000e-03 7.96050000e-04 4.79500000e-05 3.41200000e-05 -1.88620000e-04 -3.40400000e-05 3.44700000e-04 -6.06320000e-04 4.48330000e-04 3.53270000e-04 5.72900000e-05 4.36650000e-04 -4.88770000e-04 2.19348900e-02 -4.24240000e-04 1.86840000e-04 1.25973000e-03 7.15320000e-04 -1.29380000e-04 1.71770000e-04 7.53220000e-04 -1.02980000e-04
-3.62440000e-04 -3.94850000e-04 -1.06146000e-03 8.90700000e-05 -1.20970000e-04 -4.00660000e-04 2.55700000e-05 5.61050000e-04 -3.07170000e-04 -2.19320000e-04 5.09000000e-05 -1.34220000e-03 -1.25650000e-04 -9.92000000e-05 2.89050000e-04 5.05090000e-04 7.72790000e-04 1.68920000e-04 -2.96590000e-04 9.41000000e-06 -5.32320000e-04 4.59370000e-04 -4.74510000e-04 2.63730000e-04 -2.07640000e-04 2.33500000e-05 -4.45900000e-05 -5.72140000e-04 -1.61530000e-04 -2.64260000e-04 -3.34580000e-04 9.41500000e-05 -2.52420000e-04 -4.61350000e-04 -1.01190000e-04 4.06090000e-04 5.26700000e-05 -2.13500000e-04 -2.67200000e-04 1.21470000e-04 1.08124000e-03 2.16810000e-04 8.09700000e-05 -7.50000000e-05 -6.87700000e-05 3.10270000e-04 1.35486000e-03 6.08150000e-04 -3.27770000e-04 -3.30390000e-04 2.11800000e-04 -5.20000000e-04 -8.91800000e-05 4.45000000e-06 5.27900000e-05 -5.22640000e-04 -3.00470000e-04 2.82500000e-05 -8.45660000e-04 -2.18300000e-04 4.36670000e-04 2.79180000e-04 3.12960000e-04 1.39740000e-04 3.89970000e-04 1.05230000e-04 -3.33010000e-04 -8.48670000e-04 -4.70500000e-05 -4.68460000e-04 -2.69200000e-04 -8.44900000e-05 -4.29830000e-04 -3.96430000e-04 1.19030000e-04 -3.54580000e-04 1.53941000e-03 3.68520000e-04 9.04800000e-04 -3.07600000e-05 2.18290000e-04 1.32840000e-03 -9.77260000e-04 -1.35070000e-04 -2.25820000e-04 1.87600000e-05 3.70700000e-05 -3.46610000e-04 6.71230000e-04 -1.50610000e-04 -3.34260000e-04 2.46900000e-04 -2.16970000e-04 7.90160000e-04 -4.24240000e-04 1.80618900e-02 -1.10600000e-04 -1.17421000e-03 -5.13150000e-04 1.63230000e-04 -1.68250000e-04 -6.13110000e-04 1.69580000e-04
-8.36230000e-04 9.94800000e-05 -1.36508000e-03 -1.29511000e-03 1.79140000e-04 4.40420000e-04 -2.57550000e-04 1.92681000e-03 4.57260000e-04 -8.55130000e-04 8.69600000e-05 3.55210000e-04 1.31772000e-03 1.22299000e-03 3.16290000e-04 -9.87360000e-04 -5.56310000e-04 -3.51520000e-04 -1.50420000e-04 -5.02000000e-04 6.24810000e-04 -2.73077000e-03 9.79710000e-04 -6.15900000e-05 -2.50700000e-04 7.52220000e-04 4.98800000e-05 -2.21940000e-04 1.30339000e-03 1.22750000e-04 -2.61960000e-04 -8.19680000e-04 -1.07904000e-03 -3.47830000e-04 -1.44838000e-03 2.61840000e-04 7.65380000e-04 2.79380000e-04 -4.92410000e-04 -3.87110000e-04 5.96370000e-04 2.89870000e-04 4.71010000e-04 7.89340000e-04 -4.42620000e-04 -8.79330000e-04 9.29160000e-04 3.88970000e-04 1.23795000e-03 -3.92330000e-04 7.90550000e-04 -1.54627000e-03 -5.91320000e-04 1.47795000e-03 1.15025000e-03 -1.20790000e-04 -3.71300000e-05 -4.86240000e-04 -7.33370000e-04 -4.98410000e-04 1.70206000e-03 3.04360000e-04 1.00767000e-03 9.74950000e-04 -5.83690000e-04 2.31330000e-04 6.62700000e-05 -2.46206000e-03 1.03099000e-03 1.90580000e-04 2.41630000e-04 5.77000000e-06 -4.27100000e-05 7.00300000e-05 1.08736000e-03 1.22993000e-03 -1.69112000e-03 2.36150000e-04 1.09077000e-03 8.27630000e-04 -1.51220000e-04 -6.88870000e-04 -9.99780000e-04 6.38590000e-04 -7.39300000e-05 -1.93103000e-03 -2.48420000e-04 -6.44210000e-04 1.00493000e-03 -7.76300000e-05 -4.91040000e-04 -4.98240000e-04 -6.36080000e-04 7.40600000e-05 1.86840000e-04 -1.10600000e-04 2.34872800e-02 -1.33509000e-03 -8.13960000e-04 -2.35720000e-04 -2.90940000e-04 -7.64190000e-04 5.69890000e-04
4.39144000e-03 2.39665000e-03 7.36308000e-03 1.22645000e-03 7.43730000e-04 -4.64280000e-04 -5.87100000e-05 -6.00452000e-03 4.83480000e-04 4.65347000e-03 -1.03010000e-03 6.30346000e-03 -1.45254000e-03 -1.72883000e-03 -1.33119000e-03 -4.52680000e-04 -2.04280000e-03 -5.43830000e-04 2.45994000e-03 5.46370000e-04 1.13307000e-03 3.87433000e-03 1.15416000e-03 8.80000000e-05 1.11109000e-03 -1.50585000e-03 -9.77270000e-04 3.09468000e-03 -5.56140000e-04 6.03920000e-04 2.65952000e-03 7.83240000e-04 2.83262000e-03 2.64346000e-03 1.49748000e-03 -1.00013000e-03 -1.57914000e-03 7.49260000e-04 1.70696000e-03 -2.14890000e-04 -7.07760000e-03 -1.91890000e-03 -1.30322000e-03 -1.25669000e-03 2.82100000e-04 1.03870000e-04 -8.50712000e-03 -4.24094000e-03 -4.27170000e-04 1.75342000e-03 -2.51121000e-03 5.60629000e-03 5.21410000e-04 -3.43877000e-03 -2.64694000e-03 2.45721000e-03 1.96416000e-03 2.04190000e-04 4.17580000e-03 1.56360000e-03 -5.21029000e-03 -1.20487000e-03 -3.44709000e-03 -3.05522000e-03 8.34230000e-04 -1.34010000e-03 8.83420000e-04 8.31294000e-03 -2.14696000e-03 1.88134000e-03 9.55230000e-04 2.86900000e-05 1.58085000e-03 2.15062000e-03 -3.39659000e-03 2.37380000e-04 -4.80191000e-03 -2.79598000e-03 -7.08872000e-03 -1.52206000e-03 -5.99210000e-04 -5.50496000e-03 5.69255000e-03 -1.07490000e-03 1.62490000e-04 2.65237000e-03 -1.74800000e-05 4.84861000e-03 -4.44837000e-03 7.44070000e-04 4.59817000e-03 -9.84410000e-04 2.05474000e-03 -9.01200000e-04 1.25973000e-03 -1.17421000e-03 -1.33509000e-03 2.36570700e-02 4.78376000e-03 6.67580000e-04 2.62534000e-03 4.40997000e-03 -1.72932000e-03
2.09476000e-03 1.11788000e-03 3.50951000e-03 7.30200000e-04 3.36650000e-04 -2.74270000e-04 3.04100000e-05 -3.11784000e-03 1.16960000e-04 2.32070000e-03 -4.76640000e-04 2.69875000e-03 -8.91940000e-04 -1.00067000e-03 -6.38490000e-04 -3.82000000e-05 -1.01557000e-03 -1.77730000e-04 1.17702000e-03 2.86230000e-04 3.15560000e-04 2.16951000e-03 3.72770000e-04 8.94800000e-05 6.00960000e-04 -8.40110000e-04 -5.35370000e-04 1.47180000e-03 -4.51850000e-04 2.73990000e-04 1.28046000e-03 5.17070000e-04 1.51648000e-03 1.23792000e-03 8.31220000e-04 -3.89260000e-04 -8.86000000e-04 3.00330000e-04 8.68610000e-04 1.04400000e-05 -3.13385000e-03 -9.13980000e-04 -7.23930000e-04 -7.66440000e-04 1.67650000e-04 1.85730000e-04 -4.18547000e-03 -2.07761000e-03 -4.20190000e-04 8.30360000e-04 -1.24093000e-03 2.86967000e-03 2.94880000e-04 -1.86973000e-03 -1.35199000e-03 1.08173000e-03 9.21150000e-04 3.26340000e-04 2.14467000e-03 8.22320000e-04 -2.72668000e-03 -5.99250000e-04 -1.67782000e-03 -1.64967000e-03 4.55980000e-04 -6.53370000e-04 3.62730000e-04 3.98921000e-03 -1.20030000e-03 7.85570000e-04 3.82500000e-04 3.29200000e-05 6.15160000e-04 9.54390000e-04 -1.86870000e-03 -1.01020000e-04 -1.97780000e-03 -1.36246000e-03 -3.60419000e-03 -8.24470000e-04 -3.04600000e-04 -2.61505000e-03 2.70649000e-03 -6.28430000e-04 7.87100000e-05 1.51176000e-03 5.45700000e-05 2.35827000e-03 -2.21231000e-03 5.76710000e-04 2.28128000e-03 -1.93000000e-04 1.29655000e-03 -3.67240000e-04 7.15320000e-04 -5.13150000e-04 -8.13960000e-04 4.78376000e-03 3.39609100e-02 4.03950000e-04 1.32804000e-03 2.35870000e-03 -8.59450000e-04
3.78350000e-04 1.58490000e-04 4.74730000e-04 3.72110000e-04 1.00760000e-04 -2.08540000e-04 6.88800000e-05 -5.82830000e-04 -5.17400000e-05 6.45230000e-04 -2.68900000e-05 8.21300000e-05 -3.59370000e-04 -3.56680000e-04 -7.00000000e-06 2.60130000e-04 4.54200000e-05 5.80600000e-05 2.21690000e-04 1.36250000e-04 -2.27620000e-04 9.41350000e-04 -2.66780000e-04 1.57850000e-04 1.54690000e-04 -2.14550000e-04 -1.36190000e-04 1.85570000e-04 -1.64650000e-04 -7.19000000e-06 2.32310000e-04 2.31540000e-04 3.87280000e-04 1.58970000e-04 2.65250000e-04 1.31950000e-04 -2.20950000e-04 4.50700000e-05 1.93890000e-04 1.10450000e-04 -4.56910000e-04 -7.29800000e-05 -1.86480000e-04 -2.60090000e-04 9.96700000e-05 2.59510000e-04 -5.69330000e-04 -2.58520000e-04 -3.04220000e-04 1.32870000e-04 -1.96000000e-04 6.27740000e-04 1.22070000e-04 -5.15350000e-04 -2.73420000e-04 8.07200000e-05 1.50170000e-04 -3.13000000e-06 3.34460000e-04 1.90110000e-04 -5.74630000e-04 -1.52700000e-05 -2.70230000e-04 -3.93260000e-04 2.87360000e-04 -5.87300000e-05 -6.01900000e-05 8.35130000e-04 -3.39970000e-04 -2.96400000e-05 -1.22000000e-05 1.38600000e-05 -8.00700000e-05 9.77000000e-05 -4.81180000e-04 -2.26310000e-04 1.51180000e-04 -1.42810000e-04 -5.91210000e-04 -2.37250000e-04 4.38000000e-06 -1.05360000e-04 3.36170000e-04 -2.06480000e-04 -1.72100000e-05 5.43290000e-04 8.39400000e-05 5.50620000e-04 -2.40750000e-04 -1.34900000e-05 5.04470000e-04 9.61000000e-06 2.09620000e-04 2.65170000e-04 -1.29380000e-04 1.63230000e-04 -2.35720000e-04 6.67580000e-04 4.03950000e-04 9.73006000e-03 3.68330000e-04 2.75860000e-04 -3.61500000e-05
1.24420000e-03 7.57840000e-04 2.07580000e-03 4.02800000e-04 3.09360000e-04 -2.61420000e-04 -7.27000000e-06 -1.65667000e-03 1.35540000e-04 1.59529000e-03 -2.63360000e-04 1.82303000e-03 -4.18630000e-04 -5.06710000e-04 -2.77610000e-04 -6.69200000e-05 -5.55070000e-04 -1.12220000e-04 7.66300000e-04 1.80070000e-04 2.41880000e-04 1.27011000e-03 1.31600000e-04 1.37780000e-04 3.57390000e-04 -4.42970000e-04 -3.30880000e-04 8.99430000e-04 -9.46000000e-06 1.82250000e-04 7.76130000e-04 2.72620000e-04 8.45830000e-04 7.33100000e-04 4.46750000e-04 -1.63030000e-04 -4.44050000e-04 2.56610000e-04 5.22260000e-04 -1.54800000e-05 -2.11687000e-03 -5.11130000e-04 -3.82920000e-04 -3.84900000e-04 7.93800000e-05 8.14400000e-05 -2.42069000e-03 -1.18941000e-03 -1.33960000e-04 4.72740000e-04 -6.77630000e-04 1.67976000e-03 1.35990000e-04 -1.09075000e-03 -7.27250000e-04 6.83160000e-04 6.15720000e-04 -3.14400000e-05 1.22922000e-03 4.99480000e-04 -1.52230000e-03 -2.50040000e-04 -9.78190000e-04 -8.94960000e-04 3.36240000e-04 -3.69840000e-04 2.19090000e-04 2.36768000e-03 -6.66430000e-04 5.14890000e-04 2.81950000e-04 7.04000000e-06 3.29680000e-04 6.25410000e-04 -1.01136000e-03 1.28730000e-04 -1.28139000e-03 -7.58210000e-04 -2.03144000e-03 -4.52690000e-04 -1.38700000e-04 -1.52909000e-03 1.59520000e-03 -3.30800000e-04 5.69800000e-05 8.43400000e-04 1.29700000e-05 1.59083000e-03 -1.12377000e-03 1.05090000e-04 1.52013000e-03 -3.27660000e-04 5.20370000e-04 -4.72000000e-06 1.71770000e-04 -1.68250000e-04 -2.90940000e-04 2.62534000e-03 1.32804000e-03 3.68330000e-04 3.19272200e-02 1.16371000e-03 -3.81040000e-04
1.88104000e-03 1.03992000e-03 3.42566000e-03 8.85090000e-04 3.25700000e-04 -9.95400000e-05 1.07470000e-04 -2.93204000e-03 1.88670000e-04 1.96206000e-03 -3.47250000e-04 2.66424000e-03 -8.05120000e-04 -8.69230000e-04 -6.31540000e-04 -5.17600000e-05 -1.02641000e-03 -1.37180000e-04 1.08433000e-03 3.79190000e-04 4.25890000e-04 2.03165000e-03 1.68000000e-04 -1.60000000e-05 6.80190000e-04 -7.24130000e-04 -2.94240000e-04 1.46454000e-03 -4.73900000e-04 3.36230000e-04 1.15125000e-03 5.39730000e-04 1.49444000e-03 1.28385000e-03 1.10025000e-03 -4.07700000e-04 -7.79580000e-04 2.99100000e-04 9.35110000e-04 3.15700000e-05 -2.97457000e-03 -8.00500000e-04 -6.45980000e-04 -6.59120000e-04 3.09660000e-04 2.32610000e-04 -3.93738000e-03 -1.86824000e-03 -3.26820000e-04 9.13840000e-04 -1.21660000e-03 2.69638000e-03 4.42810000e-04 -1.69075000e-03 -1.22282000e-03 1.14813000e-03 8.37270000e-04 2.98990000e-04 2.18824000e-03 8.35980000e-04 -2.55398000e-03 -6.08260000e-04 -1.61280000e-03 -1.41324000e-03 2.40280000e-04 -5.37610000e-04 4.39090000e-04 4.06703000e-03 -1.05164000e-03 7.76140000e-04 3.87680000e-04 1.25000000e-04 7.71170000e-04 9.27870000e-04 -1.57355000e-03 -6.43300000e-05 -1.90349000e-03 -1.17003000e-03 -3.30387000e-03 -7.39920000e-04 -3.18300000e-04 -2.35283000e-03 2.79394000e-03 -5.18360000e-04 2.24700000e-04 1.57491000e-03 1.12650000e-04 2.01455000e-03 -2.11292000e-03 5.73590000e-04 1.93588000e-03 -3.14500000e-05 1.24297000e-03 -7.20010000e-04 7.53220000e-04 -6.13110000e-04 -7.64190000e-04 4.40997000e-03 2.35870000e-03 2.75860000e-04 1.16371000e-03 2.39210900e-02 -7.32410000e-04
-9.89380000e-04 -3.37480000e-04 -1.42977000e-03 -6.68900000e-05 1.69000000e-06 3.46150000e-04 1.46620000e-04 1.25837000e-03 1.12630000e-04 -8.47120000e-04 3.37850000e-04 -1.06374000e-03 3.84210000e-04 4.57630000e-04 3.73270000e-04 -2.40400000e-05 6.72000000e-05 1.05340000e-04 -3.79690000e-04 -8.69000000e-05 -1.43980000e-04 -6.53190000e-04 -1.80510000e-04 -1.30500000e-05 -1.98000000e-06 4.72370000e-04 2.68880000e-04 -3.65250000e-04 3.44680000e-04 3.14500000e-05 -4.49360000e-04 -2.21250000e-04 -5.26150000e-04 -3.23750000e-04 -3.02950000e-04 4.14720000e-04 4.30250000e-04 3.11100000e-05 -2.07790000e-04 5.24400000e-05 1.24625000e-03 5.29980000e-04 3.16720000e-04 3.58040000e-04 6.81700000e-05 3.05600000e-05 1.30663000e-03 7.58180000e-04 2.77850000e-04 -2.13720000e-04 5.87560000e-04 -1.07196000e-03 6.68000000e-06 7.88160000e-04 7.85750000e-04 -3.19690000e-04 -2.57870000e-04 -1.38160000e-04 -5.65570000e-04 -2.28460000e-04 9.83550000e-04 3.13610000e-04 8.34300000e-04 6.92080000e-04 -3.26220000e-04 4.11510000e-04 -6.13300000e-05 -1.21747000e-03 5.30190000e-04 -3.18840000e-04 -8.01300000e-05 1.67190000e-04 -2.64070000e-04 -2.81410000e-04 7.28860000e-04 1.73500000e-04 3.15660000e-04 6.44050000e-04 1.18067000e-03 4.18440000e-04 3.12600000e-05 7.28210000e-04 -9.35690000e-04 3.45350000e-04 9.58500000e-05 -5.48220000e-04 1.23220000e-04 -9.06710000e-04 9.38070000e-04 -2.50700000e-05 -9.51090000e-04 3.30000000e-04 -2.63910000e-04 2.93600000e-05 -1.02980000e-04 1.69580000e-04 5.69890000e-04 -1.72932000e-03 -8.59450000e-04 -3.61500000e-05 -3.81040000e-04 -7.32410000e-04 1.78187800e-02
