2.09877700e-02 3.55870000e-04 5.90510000e-04 -4.24840000e-04 5.37530000e-04 4.62200000e-04 5.75900000e-04 -2.68887000e-03 8.78900000e-05 1.54149000e-03 -4.96990000e-04 -4.44710000e-04 -2.30183000e-03 8.61000000e-04 2.56350000e-04 -4.04500000e-04 1.90160000e-04 9.14450000e-04 -1.37280000e-03 -5.29500000e-04 -2.79260000e-04 -6.78750000e-04 -1.05250000e-04 -1.39400000e-05 -9.48890000e-04 6.93080000e-04 5.31550000e-04 1.93110000e-04 -1.14147000e-03 1.13766000e-03 1.09840000e-03 1.58290000e-04 1.10620000e-04 3.64110000e-04 -2.23936000e-03 4.31920000e-04 -3.50140000e-04 4.83980000e-04 1.64984000e-03 8.91700000e-05 -7.86980000e-04 -1.16000000e-04 -2.33590000e-04 -9.34900000e-05 -1.84498000e-03 -1.33707000e-03 6.78690000e-04 3.69460000e-04 2.07447000e-03 -3.22860000e-04 8.11370000e-04 -2.39820000e-04 -8.21950000e-04 1.69020000e-04 1.38254000e-03 -4.48700000e-05 -1.83545000e-03 -2.39670000e-04 -1.38618000e-03 2.17680000e-04 -1.87212000e-03 3.43470000e-04 -2.01950000e-04 6.27290000e-04 -6.09750000e-04 -3.50330000e-04 -3.03060000e-04 1.34740000e-04 1.11500000e-03 -2.58530000e-04 3.46720000e-04 5.30940000e-04 -1.84550000e-04 -3.06380000e-04 1.23763000e-03 5.39150000e-04 -1.85540000e-04 -8.03000000e-06 1.73700000e-03 1.13138000e-03 7.78600000e-04 2.83500000e-05 7.88000000e-05 6.06260000e-04 -2.46590000e-04 -1.16093000e-03 -2.25710000e-04 -1.28535000e-03 1.63536000e-03 -6.71300000e-05 9.72400000e-05 3.16530000e-04 -4.77480000e-04 -1.71540000e-04 6.00390000e-04 1.03095000e-03 1.10209000e-03 3.43410000e-04 -2.15947000e-03 -1.17667000e-03 -2.39350000e-04 -5.74390000e-04 -9.39660000e-04 8.36520000e-04
3.55870000e-04 7.64110000e-03 2.59640000e-04 -2.39080000e-04 3.70010000e-04 7.01500000e-05 -9.30000000e-06 -1.52191000e-03 -8.42100000e-05 6.35130000e-04 -4.48300000e-05 -1.28800000e-03 -1.85190000e-03 3.34130000e-04 -3.37000000e-05 3.88200000e-05 4.20120000e-04 4.38190000e-04 -2.67950000e-04 -7.49400000e-04 -2.90420000e-04 -2.03880000e-04 -2.10520000e-04 7.02700000e-05 -1.89600000e-04 3.93780000e-04 5.24450000e-04 -2.00700000e-05 -8.82360000e-04 8.63110000e-04 1.04285000e-03 -1.43680000e-04 -1.35600000e-05 -9.32000000e-06 -1.27323000e-03 3.02260000e-04 3.89000000e-05 4.05080000e-04 1.11049000e-03 -1.31960000e-04 -6.29790000e-04 -2.17480000e-04 -2.67070000e-04 -3.70260000e-04 -1.64748000e-03 -9.31060000e-04 8.70200000e-05 8.76900000e-05 1.59617000e-03 -3.13850000e-04 4.97160000e-04 -9.82000000e-06 -8.40340000e-04 -1.13110000e-04 4.27330000e-04 -3.17670000e-04 -1.42191000e-03 -6.08500000e-05 -8.03420000e-04 -5.95200000e-05 -1.07826000e-03 3.25520000e-04 -4.40840000e-04 2.60550000e-04 3.44900000e-05 -6.17390000e-04 -3.16710000e-04 3.24640000e-04 4.85860000e-04 3.34000000e-05 -6.25000000e-06 1.55910000e-04 -4.60000000e-07 -3.02170000e-04 7.26110000e-04 2.88260000e-04 1.00591000e-03 9.95300000e-05 1.40540000e-03 6.32450000e-04 4.03080000e-04 -2.08040000e-04 -3.09240000e-04 2.67780000e-04 -3.35700000e-04 -5.21480000e-04 -2.05400000e-04 -8.11610000e-04 7.61520000e-04 -7.94100000e-05 1.51040000e-04 1.87930000e-04 -3.24150000e-04 2.93140000e-04 1.82590000e-04 4.04370000e-04 3.99340000e-04 3.41600000e-05 -1.62666000e-03 -8.15620000e-04 -9.92200000e-05 -4.60520000e-04 -7.73960000e-04 3.10020000e-04
5.90510000e-04 2.59640000e-04 1.98888100e-02 8.09900000e-05 2.94230000e-04 2.07870000e-04 -3.77400000e-05 -1.24465000e-03 -7.88000000e-06 6.14170000e-04 -1.44300000e-05 -8.88940000e-04 -1.24922000e-03 3.14700000e-04 3.60800000e-05 7.65400000e-05 3.55640000e-04 4.10120000e-04 -2.61050000e-04 -3.94330000e-04 -1.46510000e-04 -3.04560000e-04 -5.09240000e-04 2.64710000e-04 -2.49180000e-04 3.02470000e-04 2.85630000e-04 1.26300000e-04 -8.21860000e-04 8.96250000e-04 1.09613000e-03 -9.28900000e-05 1.45330000e-04 3.26070000e-04 -9.87310000e-04 5.49700000e-05 1.76400000e-04 2.54450000e-04 9.42540000e-04 3.34300000e-05 -4.81320000e-04 -7.84700000e-05 -8.43000000e-06 -3.21950000e-04 -9.42270000e-04 -8.06430000e-04 8.56200000e-05 3.21450000e-04 1.34513000e-03 -5.06900000e-05 4.41090000e-04 4.08200000e-05 -4.24680000e-04 8.43800000e-05 6.01230000e-04 -1.56770000e-04 -1.04403000e-03 -1.80600000e-05 -5.34130000e-04 2.19780000e-04 -7.14280000e-04 1.76330000e-04 -2.07470000e-04 2.58840000e-04 -2.51250000e-04 -3.55090000e-04 -6.11900000e-05 1.50920000e-04 6.78980000e-04 5.65600000e-05 1.37750000e-04 3.72060000e-04 6.01400000e-05 -2.89250000e-04 6.95250000e-04 2.82010000e-04 7.45910000e-04 1.52740000e-04 1.16838000e-03 4.61020000e-04 3.22260000e-04 -5.54900000e-05 -8.58000000e-05 2.85380000e-04 -2.46940000e-04 -1.99350000e-04 -1.99310000e-04 -8.74320000e-04 7.46210000e-04 -3.77700000e-05 2.02680000e-04 3.14810000e-04 -1.91560000e-04 -1.83790000e-04 2.15520000e-04 3.88840000e-04 4.43180000e-04 9.48600000e-05 -1.42221000e-03 -7.10610000e-04 -1.10490000e-04 -3.91170000e-04 -5.52170000e-04 3.74770000e-04
-4.24840000e-04 -2.39080000e-04 8.09900000e-05 2.16558900e-02 -2.01870000e-04 -1.20320000e-04 -1.20698000e-03 1.89349000e-03 -1.77800000e-05 -1.34154000e-03 9.03540000e-04 -4.91090000e-04 2.77296000e-03 -1.19389000e-03 -2.64160000e-04 1.29156000e-03 3.33720000e-04 -1.00688000e-03 1.58902000e-03 9.60430000e-04 1.91350000e-04 5.29160000e-04 -1.77700000e-03 1.71946000e-03 1.20662000e-03 -5.62300000e-04 -7.34710000e-04 3.98310000e-04 7.98400000e-05 -3.62060000e-04 8.98630000e-04 -1.31880000e-04 6.72610000e-04 1.31248000e-03 2.30947000e-03 3.85000000e-05 1.79886000e-03 -3.50300000e-04 -1.93813000e-03 1.25150000e-04 3.36200000e-04 4.13870000e-04 8.26540000e-04 -5.21370000e-04 3.26036000e-03 9.62780000e-04 -1.19676000e-03 8.79000000e-05 -1.23167000e-03 7.49780000e-04 -7.59070000e-04 8.50320000e-04 2.06075000e-03 1.90750000e-04 -8.27980000e-04 2.79930000e-04 1.41348000e-03 4.30590000e-04 1.16454000e-03 4.78680000e-04 2.41351000e-03 -2.10240000e-04 3.98610000e-04 -6.31130000e-04 3.63700000e-04 5.63970000e-04 8.91470000e-04 1.38300000e-05 1.94510000e-04 5.51580000e-04 -1.69680000e-04 3.04810000e-04 4.21880000e-04 -3.98900000e-05 -1.01978000e-03 -5.42340000e-04 1.59457000e-03 5.71210000e-04 -1.24857000e-03 -1.88139000e-03 -7.30790000e-04 1.51720000e-04 1.54610000e-04 -5.09040000e-04 -2.38110000e-04 2.49161000e-03 1.04280000e-04 4.04800000e-04 -9.06750000e-04 1.86020000e-04 7.04090000e-04 9.25800000e-04 8.55500000e-04 -6.02420000e-04 -3.50940000e-04 -7.02210000e-04 -6.29430000e-04 -2.28780000e-04 1.22645000e-03 7.30200000e-04 3.72110000e-04 4.02800000e-04 8.85090000e-04 -6.68900000e-05
5.37530000e-04 3.70010000e-04 2.94230000e-04 -2.01870000e-04 1.02254900e-02 2.26090000e-04 1.70000000e-04 -1.64066000e-03 5.86000000e-06 7.85970000e-04 -1.21810000e-04 -1.05407000e-03 -1.79010000e-03 4.65500000e-04 4.22300000e-05 -4.11000000e-05 7.90800000e-05 4.79410000e-04 -3.85300000e-04 -6.04850000e-04 -2.23160000e-04 -3.26510000e-04 -3.07080000e-04 6.99700000e-05 -3.25170000e-04 4.62150000e-04 4.11840000e-04 1.14350000e-04 -8.68590000e-04 7.37450000e-04 7.09880000e-04 -5.04000000e-06 7.48800000e-05 -3.66800000e-05 -1.35717000e-03 3.59620000e-04 1.47100000e-05 4.13360000e-04 1.08862000e-03 -3.05800000e-05 -5.85830000e-04 -8.53800000e-05 -1.98480000e-04 -2.68350000e-04 -1.59122000e-03 -9.29170000e-04 2.62220000e-04 1.12140000e-04 1.30976000e-03 -2.75610000e-04 5.16880000e-04 3.12800000e-05 -7.99010000e-04 2.96200000e-05 5.87060000e-04 -1.47490000e-04 -1.39637000e-03 -1.18630000e-04 -5.66860000e-04 3.83200000e-05 -1.05675000e-03 3.26270000e-04 -3.10850000e-04 3.04880000e-04 -1.64620000e-04 -4.37220000e-04 -2.33330000e-04 2.27050000e-04 5.20740000e-04 -1.84800000e-05 1.18400000e-04 2.37610000e-04 1.92100000e-05 -2.86030000e-04 7.14210000e-04 3.54700000e-04 5.70030000e-04 1.05320000e-04 1.22202000e-03 6.71560000e-04 4.97400000e-04 -1.01610000e-04 -1.44410000e-04 3.00610000e-04 -2.82340000e-04 -5.68360000e-04 -1.93080000e-04 -8.83680000e-04 7.81600000e-04 -3.50200000e-05 1.39320000e-04 2.25300000e-04 -3.08880000e-04 7.55800000e-05 2.95410000e-04 5.64880000e-04 5.80190000e-04 1.39970000e-04 -1.62933000e-03 -8.31450000e-04 -8.87200000e-05 -4.05330000e-04 -7.47320000e-04 4.50040000e-04
4.62200000e-04 7.01500000e-05 2.07870000e-04 -1.20320000e-04 2.26090000e-04 1.22059700e-02 2.83380000e-04 -7.00240000e-04 3.21870000e-04 5.21720000e-04 -3.29220000e-04 -1.11780000e-04 -6.74740000e-04 3.81270000e-04 3.49470000e-04 -4.04000000e-04 -8.50530000e-04 4.68430000e-04 -4.56390000e-04 -2.47400000e-05 1.19160000e-04 -6.21000000e-04 -6.71000000e-06 -1.80440000e-04 -5.64430000e-04 4.17110000e-04 2.67160000e-04 2.52090000e-04 -2.71160000e-04 4.54000000e-05 -6.99790000e-04 4.02840000e-04 1.10790000e-04 -2.04470000e-04 -6.85610000e-04 -1.21490000e-04 -2.14330000e-04 9.47200000e-05 5.26650000e-04 2.42240000e-04 8.02400000e-05 2.50580000e-04 1.80210000e-04 9.76300000e-05 -5.87990000e-04 -4.05450000e-04 3.87970000e-04 2.07800000e-04 -1.81660000e-04 7.20200000e-05 3.18270000e-04 -3.23100000e-05 -4.26880000e-04 2.46300000e-04 4.85320000e-04 1.68040000e-04 -4.23880000e-04 -7.89700000e-05 5.04420000e-04 3.28580000e-04 -4.36240000e-04 2.89800000e-05 1.15420000e-04 4.30510000e-04 -6.05830000e-04 1.05790000e-04 1.02030000e-04 -1.14860000e-04 1.61770000e-04 -1.46990000e-04 3.73190000e-04 2.44550000e-04 1.90600000e-05 9.58300000e-05 4.88170000e-04 2.18550000e-04 -8.28580000e-04 2.61000000e-05 1.72750000e-04 6.43950000e-04 3.67540000e-04 2.50400000e-04 2.61570000e-04 4.46240000e-04 3.24500000e-05 -3.55310000e-04 1.01890000e-04 -5.91740000e-04 -1.86000000e-05 1.33830000e-04 4.17800000e-05 5.63700000e-05 2.46900000e-05 -8.42610000e-04 3.33940000e-04 3.90840000e-04 4.25700000e-04 1.76120000e-04 -4.64280000e-04 -2.74270000e-04 -2.08540000e-04 -2.61420000e-04 -9.95400000e-05 3.46150000e-04
5.75900000e-04 -9.30000000e-06 -3.77400000e-05 -1.20698000e-03 1.70000000e-04 2.83380000e-04 3.95121000e-02 -1.08574000e-03 4.34820000e-04 9.57490000e-04 -8.25910000e-04 1.73159000e-03 -5.61950000e-04 1.06188000e-03 5.51300000e-04 -1.17729000e-03 -9.35210000e-04 7.23700000e-04 -1.30236000e-03 1.29800000e-04 3.52380000e-04 -3.68340000e-04 1.32827000e-03 -1.23853000e-03 -1.00938000e-03 5.41750000e-04 3.41170000e-04 -2.39100000e-05 6.67310000e-04 -3.91550000e-04 -1.69240000e-03 7.46440000e-04 -3.22820000e-04 -7.91140000e-04 -1.16037000e-03 5.48900000e-05 -1.32033000e-03 1.27800000e-04 1.06363000e-03 2.27620000e-04 2.66740000e-04 1.04360000e-04 -2.53330000e-04 9.41480000e-04 -9.45410000e-04 2.90000000e-07 1.31732000e-03 9.54300000e-05 -5.23810000e-04 -9.88800000e-05 3.03140000e-04 -5.68340000e-04 -7.09160000e-04 1.14000000e-04 6.21770000e-04 3.14240000e-04 2.55100000e-05 -4.74180000e-04 2.75000000e-06 -5.60300000e-05 -1.13435000e-03 1.00640000e-04 3.01610000e-04 7.38070000e-04 -4.43880000e-04 3.21500000e-04 -2.40580000e-04 -1.83280000e-04 -3.11330000e-04 -4.94330000e-04 4.07920000e-04 -1.62950000e-04 -2.76600000e-04 4.60890000e-04 6.49310000e-04 5.53340000e-04 -2.57485000e-03 -4.79930000e-04 1.40000000e-06 1.25026000e-03 6.21230000e-04 2.65920000e-04 3.72980000e-04 5.04200000e-04 6.47880000e-04 -1.59878000e-03 3.04900000e-04 1.74180000e-04 1.74260000e-04 2.07100000e-05 -7.00030000e-04 -7.30230000e-04 -3.82270000e-04 -1.63120000e-04 4.35180000e-04 6.15340000e-04 5.52870000e-04 4.39360000e-04 2.37380000e-04 -1.01020000e-04 -2.26310000e-04 1.28730000e-04 -6.43300000e-05 1.73500000e-04
-2.68887000e-03 -1.52191000e-03 -1.24465000e-03 1.89349000e-03 -1.64066000e-03 -7.00240000e-04 -1.08574000e-03 2.62185000e-02 1.20580000e-04 -3.88376000e-03 1.06200000e-03 3.71993000e-03 8.39340000e-03 -2.28359000e-03 -2.67490000e-04 8.42280000e-04 -1.24998000e-03 -2.49848000e-03 2.84936000e-03 2.89091000e-03 1.07975000e-03 1.43961000e-03 5.17700000e-05 5.10040000e-04 2.04178000e-03 -1.91303000e-03 -2.04687000e-03 3.28000000e-06 3.57855000e-03 -3.57050000e-03 -3.49672000e-03 1.80770000e-04 1.60600000e-04 1.06010000e-04 6.68885000e-03 -8.84210000e-04 1.01921000e-03 -1.66611000e-03 -5.48473000e-03 3.09880000e-04 3.03260000e-03 8.79930000e-04 1.31680000e-03 8.60410000e-04 7.48095000e-03 4.26019000e-03 -1.48138000e-03 -6.28850000e-04 -6.72046000e-03 1.44118000e-03 -2.50775000e-03 6.67640000e-04 3.86136000e-03 1.95390000e-04 -2.93780000e-03 1.03281000e-03 6.24859000e-03 9.50450000e-04 4.05084000e-03 1.39070000e-04 5.69203000e-03 -1.27866000e-03 1.52694000e-03 -1.52857000e-03 7.28780000e-04 2.22573000e-03 1.52166000e-03 -9.35970000e-04 -2.36201000e-03 4.90930000e-04 -4.22920000e-04 -8.34740000e-04 4.20170000e-04 1.18502000e-03 -3.50370000e-03 -1.48627000e-03 -1.61412000e-03 6.64000000e-06 -5.98759000e-03 -3.71308000e-03 -2.13907000e-03 5.61260000e-04 7.73780000e-04 -1.46858000e-03 1.02459000e-03 3.64261000e-03 8.96220000e-04 3.66011000e-03 -4.08564000e-03 8.23950000e-04 3.53180000e-04 8.73300000e-05 2.18706000e-03 -8.31700000e-04 -1.25955000e-03 -2.44047000e-03 -2.52065000e-03 -5.88060000e-04 7.52740000e-03 4.17462000e-03 5.95420000e-04 1.96863000e-03 3.88470000e-03 -1.74706000e-03
8.78900000e-05 -8.42100000e-05 -7.88000000e-06 -1.77800000e-05 5.86000000e-06 3.21870000e-04 4.34820000e-04 1.20580000e-04 1.67931900e-02 3.56000000e-05 -2.08080000e-04 9.16310000e-04 7.63420000e-04 1.88630000e-04 3.77950000e-04 -3.47250000e-04 -6.17950000e-04 1.44120000e-04 -1.93880000e-04 4.49840000e-04 3.34870000e-04 -3.92100000e-05 2.89660000e-04 -2.75900000e-04 -2.01050000e-04 1.62730000e-04 5.88800000e-05 1.04220000e-04 5.71760000e-04 -4.92680000e-04 -1.03934000e-03 4.80810000e-04 -1.12000000e-05 -1.20950000e-04 2.40740000e-04 -1.09420000e-04 -2.51150000e-04 -6.01600000e-05 -6.80100000e-05 2.25990000e-04 3.98230000e-04 2.27020000e-04 2.04690000e-04 4.56200000e-04 6.21090000e-04 5.14880000e-04 3.67710000e-04 9.72400000e-05 -1.05505000e-03 2.98400000e-04 -5.89500000e-05 -6.35300000e-05 2.65420000e-04 1.36120000e-04 2.15200000e-05 3.03260000e-04 6.89090000e-04 -2.21680000e-04 7.22360000e-04 1.79710000e-04 3.08250000e-04 -3.31100000e-05 3.54260000e-04 3.51240000e-04 -1.34750000e-04 4.32520000e-04 2.54500000e-04 -7.34800000e-05 -2.53110000e-04 -1.31220000e-04 2.64120000e-04 -1.32400000e-05 2.93000000e-06 4.44860000e-04 8.59600000e-05 1.14250000e-04 -1.19747000e-03 -1.39070000e-04 -5.56300000e-04 1.93200000e-04 1.18970000e-04 2.00310000e-04 3.30290000e-04 2.07610000e-04 3.73230000e-04 -6.30100000e-05 3.75880000e-04 3.95540000e-04 -4.59260000e-04 6.45000000e-05 -2.27740000e-04 -2.68360000e-04 1.12400000e-04 -4.24870000e-04 1.76350000e-04 8.23800000e-05 5.18500000e-05 1.90890000e-04 8.30090000e-04 3.13260000e-04 1.13400000e-05 2.73800000e-04 3.77310000e-04 4.82900000e-05
1.54149000e-03 6.35130000e-04 6.14170000e-04 -1.34154000e-03 7.85970000e-04 5.21720000e-04 9.57490000e-04 -3.88376000e-03 3.56000000e-05 3.22210900e-02 -7.63820000e-04 -1.21708000e-03 -4.35957000e-03 1.44062000e-03 2.74250000e-04 -8.07070000e-04 3.97500000e-05 1.42121000e-03 -1.76750000e-03 -1.37469000e-03 -5.50910000e-04 -8.82710000e-04 3.57070000e-04 -7.16730000e-04 -1.36392000e-03 1.03895000e-03 9.99450000e-04 1.73900000e-05 -1.61695000e-03 1.55186000e-03 9.37110000e-04 6.16400000e-05 -1.76150000e-04 -4.47880000e-04 -3.53591000e-03 5.21430000e-04 -9.55120000e-04 8.01440000e-04 2.86914000e-03 -1.75400000e-05 -1.18773000e-03 -3.28320000e-04 -6.49910000e-04 -1.77190000e-04 -4.12525000e-03 -2.09294000e-03 1.09947000e-03 2.28940000e-04 3.03515000e-03 -7.51380000e-04 1.35713000e-03 -4.65100000e-04 -2.24232000e-03 1.04700000e-05 1.75162000e-03 -3.07200000e-04 -3.04818000e-03 -4.34260000e-04 -1.73808000e-03 -6.53000000e-06 -3.11778000e-03 5.67580000e-04 -6.32320000e-04 9.00500000e-04 -6.99140000e-04 -9.29790000e-04 -7.76450000e-04 2.73230000e-04 1.04397000e-03 -3.85510000e-04 4.13700000e-04 4.36220000e-04 -2.48630000e-04 -4.76980000e-04 1.81361000e-03 8.62470000e-04 -1.29090000e-04 -1.29900000e-04 2.77818000e-03 2.14038000e-03 1.21631000e-03 -1.74800000e-04 -1.79470000e-04 8.90730000e-04 -3.43320000e-04 -2.23152000e-03 -3.99030000e-04 -1.75690000e-03 2.09353000e-03 -1.94360000e-04 -7.17600000e-05 -6.35800000e-05 -9.30580000e-04 2.23010000e-04 7.83450000e-04 1.53109000e-03 1.48699000e-03 4.87050000e-04 -3.41782000e-03 -1.80141000e-03 -3.28190000e-04 -8.58750000e-04 -1.69103000e-03 9.36780000e-04
-4.96990000e-04 -4.48300000e-05 -1.44300000e-05 9.03540000e-04 -1.21810000e-04 -3.29220000e-04 -8.25910000e-04 1.06200000e-03 -2.08080000e-04 -7.63820000e-04 1.13556900e-02 -6.30460000e-04 1.01341000e-03 -7.00070000e-04 -3.42850000e-04 8.44970000e-04 4.66460000e-04 -6.13920000e-04 1.08254000e-03 2.04470000e-04 -1.04910000e-04 4.42300000e-04 -1.01596000e-03 8.29900000e-04 8.58220000e-04 -3.88930000e-04 -3.62880000e-04 8.95700000e-05 -1.31530000e-04 1.37000000e-06 8.44800000e-04 -3.79470000e-04 2.69120000e-04 5.20300000e-04 1.15701000e-03 -4.70900000e-05 9.39310000e-04 -1.10080000e-04 -1.00712000e-03 -8.13900000e-05 -2.89000000e-06 6.76000000e-05 2.72320000e-04 -4.54440000e-04 1.12426000e-03 3.90320000e-04 -8.06520000e-04 -9.30200000e-05 -1.50150000e-04 1.84250000e-04 -3.40250000e-04 4.94190000e-04 7.54870000e-04 -7.50000000e-06 -5.23620000e-04 -1.72300000e-05 4.29780000e-04 3.24690000e-04 3.01080000e-04 9.62200000e-05 1.11598000e-03 -5.97300000e-05 -4.24000000e-06 -5.01900000e-04 4.07000000e-04 4.16500000e-05 3.19160000e-04 1.01490000e-04 9.69800000e-05 3.93080000e-04 -2.55730000e-04 9.36500000e-05 2.83120000e-04 -1.98410000e-04 -6.11110000e-04 -3.32480000e-04 1.51171000e-03 3.37430000e-04 -3.81470000e-04 -1.09320000e-03 -4.41330000e-04 -9.96100000e-05 -1.41080000e-04 -3.91690000e-04 -2.64350000e-04 1.24123000e-03 -9.86500000e-05 1.94910000e-04 -3.17060000e-04 7.46000000e-05 4.50890000e-04 4.83290000e-04 3.88390000e-04 9.97800000e-05 -3.16450000e-04 -4.51900000e-04 -4.55310000e-04 -2.35680000e-04 4.03280000e-04 3.64300000e-04 2.37460000e-04 1.62940000e-04 3.04670000e-04 -2.17950000e-04
-4.44710000e-04 -1.28800000e-03 -8.88940000e-04 -4.91090000e-04 -1.05407000e-03 -1.11780000e-04 1.73159000e-03 3.71993000e-03 9.16310000e-04 -1.21708000e-03 -6.30460000e-04 3.32437400e-02 6.61634000e-03 -4.00500000e-05 9.20450000e-04 -1.45421000e-03 -2.03562000e-03 -6.23820000e-04 -3.75730000e-04 3.05364000e-03 1.55801000e-03 5.70160000e-04 2.25093000e-03 -1.66553000e-03 -2.04230000e-04 -5.65570000e-04 -9.33340000e-04 -2.85000000e-05 4.39618000e-03 -3.37013000e-03 -4.97382000e-03 1.63481000e-03 -3.87750000e-04 -5.74600000e-04 3.29600000e-03 -8.71200000e-04 -1.61066000e-03 -1.15399000e-03 -2.90853000e-03 6.53900000e-04 2.42299000e-03 8.54290000e-04 6.32830000e-04 2.76622000e-03 5.31169000e-03 3.61511000e-03 1.15791000e-03 -1.36390000e-04 -5.70651000e-03 1.02074000e-03 -1.50789000e-03 -5.89100000e-04 2.51488000e-03 3.78280000e-04 -9.41970000e-04 1.54322000e-03 5.44876000e-03 -5.07240000e-04 2.37709000e-03 1.48010000e-04 2.65483000e-03 -8.70170000e-04 2.05958000e-03 2.10010000e-04 -1.66740000e-04 2.69342000e-03 9.26630000e-04 -1.10745000e-03 -1.87129000e-03 -6.01750000e-04 3.00090000e-04 -7.23720000e-04 -2.73380000e-04 1.84886000e-03 -1.45631000e-03 -3.78630000e-04 -6.16841000e-03 -9.23870000e-04 -4.58582000e-03 -9.88950000e-04 -6.42480000e-04 9.91560000e-04 1.41962000e-03 -2.13300000e-04 2.10895000e-03 8.63200000e-05 1.35326000e-03 3.51094000e-03 -2.30369000e-03 1.81280000e-04 -1.53962000e-03 -1.47142000e-03 5.72530000e-04 -8.97380000e-04 -1.95530000e-04 -8.25640000e-04 -9.86190000e-04 2.94760000e-04 6.30346000e-03 2.69875000e-03 8.21300000e-05 1.82303000e-03 2.66424000e-03 -1.06374000e-03
-2.30183000e-03 -1.85190000e-03 -1.24922000e-03 2.77296000e-03 -1.79010000e-03 -6.74740000e-04 -5.61950000e-04 8.39340000e-03 7.63420000e-04 -4.35957000e-03 1.01341000e-03 6.61634000e-03 4.91849700e-02 -2.46810000e-03 2.73850000e-04 7.76260000e-04 -1.40747000e-03 -2.78591000e-03 2.73907000e-03 4.72809000e-03 2.00749000e-03 1.87875000e-03 8.06300000e-05 8.99710000e-04 2.23965000e-03 -1.93311000e-03 -2.32077000e-03 3.41510000e-04 5.15855000e-03 -4.67419000e-03 -4.33443000e-03 1.18058000e-03 4.78870000e-04 1.17958000e-03 8.19384000e-03 -1.38523000e-03 1.22138000e-03 -2.01565000e-03 -6.79181000e-03 7.11250000e-04 3.42100000e-03 1.43486000e-03 1.91483000e-03 1.90440000e-03 1.13387600e-02 5.90584000e-03 -1.14641000e-03 -2.77270000e-04 -8.97022000e-03 2.34636000e-03 -3.13303000e-03 7.33600000e-04 6.14014000e-03 4.75010000e-04 -3.15176000e-03 1.84001000e-03 8.66784000e-03 3.48920000e-04 4.74083000e-03 5.58580000e-04 7.31496000e-03 -1.41782000e-03 2.68080000e-03 -1.21679000e-03 9.38520000e-04 3.59679000e-03 2.31202000e-03 -1.11908000e-03 -2.46163000e-03 3.39290000e-04 -2.07210000e-04 -7.57380000e-04 3.98340000e-04 1.99277000e-03 -3.92078000e-03 -1.60316000e-03 -3.63405000e-03 -1.21550000e-04 -7.65158000e-03 -4.43418000e-03 -2.33145000e-03 1.15340000e-03 1.52105000e-03 -1.44500000e-03 1.87818000e-03 4.41624000e-03 1.62534000e-03 4.98701000e-03 -4.87734000e-03 4.82050000e-04 -6.42310000e-04 -5.32620000e-04 2.13442000e-03 -1.46039000e-03 -1.20382000e-03 -2.74852000e-03 -2.78683000e-03 -3.76410000e-04 9.67261000e-03 4.66562000e-03 7.66230000e-04 2.72547000e-03 4.61158000e-03 -1.80003000e-03
8.61000000e-04 3.34130000e-04 3.14700000e-04 -1.19389000e-03 4.65500000e-04 3.81270000e-04 1.06188000e-03 -2.28359000e-03 1.88630000e-04 1.44062000e-03 -7.00070000e-04 -4.00500000e-05 -2.46810000e-03 1.40667200e-02 3.52020000e-04 -9.10890000e-04 -3.44330000e-04 1.06011000e-03 -1.31070000e-03 -6.81800000e-04 2.79300000e-05 -6.93890000e-04 7.56730000e-04 -9.14190000e-04 -1.12322000e-03 7.44630000e-04 6.52770000e-04 5.18000000e-06 -4.96320000e-04 7.60540000e-04 -1.92720000e-04 3.30940000e-04 -2.26000000e-04 -6.21840000e-04 -2.29169000e-03 1.28840000e-04 -1.03003000e-03 4.19950000e-04 2.12117000e-03 8.40300000e-05 -4.00110000e-04 -1.54360000e-04 -4.31180000e-04 2.99640000e-04 -2.55209000e-03 -1.17610000e-03 1.14905000e-03 3.43110000e-04 1.34672000e-03 -3.71180000e-04 7.84540000e-04 -4.84480000e-04 -1.52122000e-03 1.08670000e-04 1.08291000e-03 -1.25100000e-04 -1.50684000e-03 -3.73970000e-04 -7.49780000e-04 -2.70200000e-05 -1.99682000e-03 2.86910000e-04 -2.18950000e-04 7.60770000e-04 -5.94460000e-04 -4.05730000e-04 -4.96070000e-04 2.48200000e-05 3.33800000e-04 -3.58560000e-04 3.59400000e-04 1.25110000e-04 -2.00860000e-04 -8.87900000e-05 1.25836000e-03 7.54390000e-04 -1.01249000e-03 -2.70680000e-04 1.50467000e-03 1.72213000e-03 8.59600000e-04 2.09600000e-05 2.75700000e-05 6.37850000e-04 1.26030000e-04 -1.79198000e-03 -1.23240000e-04 -9.85970000e-04 9.93510000e-04 -5.14600000e-05 -3.84410000e-04 -3.39030000e-04 -6.46000000e-04 -8.66400000e-05 4.99700000e-04 8.42170000e-04 8.95480000e-04 3.58010000e-04 -1.72883000e-03 -1.00067000e-03 -3.56680000e-04 -5.06710000e-04 -8.69230000e-04 4.57630000e-04
2.56350000e-04 -3.37000000e-05 3.60800000e-05 -2.64160000e-04 4.22300000e-05 3.49470000e-04 5.51300000e-04 -2.67490000e-04 3.77950000e-04 2.74250000e-04 -3.42850000e-04 9.20450000e-04 2.73850000e-04 3.52020000e-04 1.37546000e-02 -5.09700000e-04 -5.52980000e-04 3.38690000e-04 -4.62640000e-04 2.87860000e-04 2.85460000e-04 -1.70490000e-04 4.21510000e-04 -4.41450000e-04 -4.14950000e-04 2.57800000e-04 1.89830000e-04 6.03500000e-05 4.84790000e-04 -3.13680000e-04 -9.68540000e-04 4.88960000e-04 -7.34000000e-05 -2.03690000e-04 -1.57920000e-04 2.22000000e-05 -4.65730000e-04 -2.15700000e-05 2.50080000e-04 2.09710000e-04 3.00250000e-04 1.50450000e-04 9.54600000e-05 4.94770000e-04 1.43260000e-04 2.55190000e-04 5.11250000e-04 1.50910000e-04 -6.56200000e-04 1.98550000e-04 7.85800000e-05 -1.98520000e-04 -1.82700000e-05 1.18950000e-04 2.13510000e-04 2.35740000e-04 3.94650000e-04 -2.59460000e-04 4.43690000e-04 1.43450000e-04 -8.70100000e-05 -1.43900000e-05 2.84840000e-04 4.37030000e-04 -2.38090000e-04 3.22850000e-04 1.18390000e-04 -7.01700000e-05 -1.69400000e-04 -2.07590000e-04 2.97340000e-04 3.53000000e-06 -7.97500000e-05 4.06520000e-04 2.96530000e-04 1.84050000e-04 -1.36964000e-03 -1.93000000e-04 -2.69710000e-04 4.92040000e-04 2.15010000e-04 1.89840000e-04 3.08070000e-04 3.13860000e-04 3.67140000e-04 -3.95320000e-04 3.37860000e-04 2.43480000e-04 -2.06880000e-04 1.94100000e-05 -3.03090000e-04 -3.36520000e-04 -2.89900000e-05 -3.60670000e-04 2.47230000e-04 2.06660000e-04 1.85580000e-04 2.17570000e-04 4.83480000e-04 1.16960000e-04 -5.17400000e-05 1.35540000e-04 1.88670000e-04 1.12630000e-04
-4.04500000e-04 3.88200000e-05 7.65400000e-05 1.29156000e-03 -4.11000000e-05 -4.04000000e-04 -1.17729000e-03 8.42280000e-04 -3.47250000e-04 -8.07070000e-04 8.44970000e-04 -1.45421000e-03 7.76260000e-04 -9.10890000e-04 -5.09700000e-04 2.23584100e-02 8.67990000e-04 -7.51050000e-04 1.23146000e-03 8.39700000e-05 -2.71330000e-04 4.96050000e-04 -1.45027000e-03 1.36487000e-03 1.06328000e-03 -4.38810000e-04 -4.14840000e-04 1.65640000e-04 -6.08830000e-04 2.69950000e-04 1.59889000e-03 -6.02790000e-04 4.49980000e-04 9.09830000e-04 1.15978000e-03 8.47300000e-05 1.40180000e-03 -2.64500000e-05 -1.08539000e-03 -1.39070000e-04 -2.91460000e-04 4.65900000e-05 3.00360000e-04 -8.24740000e-04 1.20471000e-03 1.58670000e-04 -1.10993000e-03 -1.13580000e-04 2.94460000e-04 1.65900000e-04 -2.95790000e-04 6.68440000e-04 9.50630000e-04 -1.96900000e-05 -4.95790000e-04 -1.02790000e-04 5.43300000e-05 4.53590000e-04 8.59000000e-06 1.15800000e-04 1.14535000e-03 2.54400000e-05 -1.32620000e-04 -6.82470000e-04 5.14290000e-04 -1.19720000e-04 3.11450000e-04 2.21350000e-04 3.81680000e-04 5.11760000e-04 -3.16600000e-04 2.17330000e-04 3.28820000e-04 -4.27230000e-04 -6.94830000e-04 -4.20540000e-04 2.31214000e-03 5.39820000e-04 -1.71610000e-04 -1.33234000e-03 -4.99910000e-04 -1.38000000e-04 -2.41850000e-04 -4.93310000e-04 -5.28990000e-04 1.58168000e-03 -2.49690000e-04 -5.35000000e-05 -9.54400000e-05 3.78300000e-05 6.79350000e-04 7.55520000e-04 3.98780000e-04 2.58920000e-04 -3.28270000e-04 -4.37280000e-04 -4.03410000e-04 -2.93690000e-04 -9.39000000e-05 1.67190000e-04 3.17250000e-04 6.67100000e-05 1.15070000e-04 -4.86300000e-05
1.90160000e-04 4.20120000e-04 3.55640000e-04 3.33720000e-04 7.90800000e-05 -8.50530000e-04 -9.35210000e-04 -1.24998000e-03 -6.17950000e-04 3.97500000e-05 4.66460000e-04 -2.03562000e-03 -1.40747000e-03 -3.44330000e-04 -5.52980000e-04 8.67990000e-04 4.38710600e-02 -3.58300000e-05 1.65600000e-04 -8.53740000e-04 -5.15620000e-04 3.46320000e-04 -5.20110000e-04 8.89600000e-04 4.80380000e-04 -2.06570000e-04 2.92240000e-04 -2.81970000e-04 -1.23096000e-03 1.65889000e-03 3.44012000e-03 -9.94900000e-04 3.16100000e-05 1.08603000e-03 -6.57110000e-04 -8.27600000e-05 6.85310000e-04 2.56570000e-04 7.78430000e-04 -4.76040000e-04 -1.17069000e-03 -6.90410000e-04 -3.83330000e-04 -9.36850000e-04 -7.50550000e-04 -9.89510000e-04 -7.77250000e-04 2.66210000e-04 3.01007000e-03 -2.75900000e-04 3.04260000e-04 3.10000000e-06 -7.63700000e-05 -3.92640000e-04 1.63280000e-04 -8.37010000e-04 -1.41154000e-03 1.44890000e-04 -2.19992000e-03 -2.73160000e-04 -6.77510000e-04 2.39850000e-04 -7.34570000e-04 -3.46030000e-04 6.29780000e-04 -1.06402000e-03 -4.42980000e-04 5.26430000e-04 9.87910000e-04 2.78450000e-04 -4.90930000e-04 2.02060000e-04 -5.43300000e-05 -7.09700000e-04 4.30040000e-04 -9.28200000e-05 2.97073000e-03 2.50940000e-04 1.91369000e-03 -1.02140000e-04 -1.67670000e-04 -5.32270000e-04 -7.39170000e-04 -2.36630000e-04 -6.93560000e-04 2.18590000e-04 -5.58360000e-04 -7.07360000e-04 1.29559000e-03 -4.68550000e-04 1.58580000e-04 2.79490000e-04 -5.40100000e-04 1.17464000e-03 -2.45290000e-04 -2.28840000e-04 -7.79000000e-05 -3.43570000e-04 -2.04280000e-03 -1.01557000e-03 4.54200000e-05 -5.55070000e-04 -1.02641000e-03 6.72000000e-05
9.14450000e-04 4.38190000e-04 4.10120000e-04 -1.00688000e-03 4.79410000e-04 4.68430000e-04 7.23700000e-04 -2.49848000e-03 1.44120000e-04 1.42121000e-03 -6.13920000e-04 -6.23820000e-04 -2.78591000e-03 1.06011000e-03 3.38690000e-04 -7.51050000e-04 -3.58300000e-05 1.69123900e-02 -1.21764000e-03 -9.01910000e-04 -1.54700000e-04 -7.13930000e-04 5.61400000e-04 -6.96160000e-04 -1.05207000e-03 7.49360000e-04 8.06910000e-04 -4.36800000e-05 -8.01450000e-04 1.04852000e-03 3.85330000e-04 1.90810000e-04 -2.06570000e-04 -4.23970000e-04 -2.35983000e-03 1.93040000e-04 -8.18540000e-04 4.69440000e-04 2.16009000e-03 1.91000000e-05 -5.81850000e-04 -2.58350000e-04 -4.13360000e-04 5.32300000e-05 -2.70470000e-03 -1.36578000e-03 8.59000000e-04 3.54070000e-04 1.88905000e-03 -3.91740000e-04 8.76900000e-04 -4.46080000e-04 -1.57483000e-03 1.46700000e-05 1.07731000e-03 -2.90060000e-04 -1.80401000e-03 -3.38610000e-04 -9.43940000e-04 1.10300000e-05 -2.03645000e-03 3.17800000e-04 -3.89250000e-04 7.78350000e-04 -5.27100000e-04 -6.21460000e-04 -5.06230000e-04 1.66160000e-04 5.45450000e-04 -2.88400000e-04 3.11470000e-04 2.16460000e-04 -1.95860000e-04 -1.52680000e-04 1.41952000e-03 6.48500000e-04 -3.43570000e-04 -1.80770000e-04 1.91121000e-03 1.71795000e-03 8.26580000e-04 -9.18800000e-05 -1.06480000e-04 7.08050000e-04 -7.11500000e-05 -1.59024000e-03 -1.43770000e-04 -1.15723000e-03 1.14456000e-03 -1.29120000e-04 -2.16660000e-04 -1.84940000e-04 -6.48810000e-04 -6.15500000e-05 5.07550000e-04 8.48530000e-04 8.79010000e-04 2.82390000e-04 -2.14696000e-03 -1.20030000e-03 -3.39970000e-04 -6.66430000e-04 -1.05164000e-03 5.30190000e-04
-1.37280000e-03 -2.67950000e-04 -2.61050000e-04 1.58902000e-03 -3.85300000e-04 -4.56390000e-04 -1.30236000e-03 2.84936000e-03 -1.93880000e-04 -1.76750000e-03 1.08254000e-03 -3.75730000e-04 2.73907000e-03 -1.31070000e-03 -4.62640000e-04 1.23146000e-03 1.65600000e-04 -1.21764000e-03 1.60537900e-02 6.48770000e-04 1.31930000e-04 7.93390000e-04 -1.63217000e-03 1.14056000e-03 1.55554000e-03 -7.90700000e-04 -7.48730000e-04 1.19090000e-04 5.10240000e-04 -6.08890000e-04 3.35490000e-04 -3.53360000e-04 3.48480000e-04 4.54480000e-04 2.81058000e-03 -8.21100000e-05 1.53217000e-03 -4.31440000e-04 -2.14891000e-03 -4.74500000e-05 5.01750000e-04 2.99280000e-04 6.57230000e-04 -4.53810000e-04 2.61381000e-03 1.22469000e-03 -1.34565000e-03 -2.09440000e-04 -1.45316000e-03 5.10080000e-04 -9.47500000e-04 8.37330000e-04 1.42655000e-03 -4.48000000e-05 -1.42658000e-03 9.13900000e-05 1.69408000e-03 5.34080000e-04 1.57849000e-03 1.97890000e-04 2.65729000e-03 -2.95760000e-04 1.95780000e-04 -8.83530000e-04 6.37120000e-04 3.64230000e-04 7.37770000e-04 -1.01100000e-05 -4.34590000e-04 6.85740000e-04 -4.59720000e-04 -5.91400000e-05 5.11630000e-04 -2.63200000e-05 -1.30904000e-03 -6.42700000e-04 1.95959000e-03 5.06650000e-04 -1.43895000e-03 -2.03530000e-03 -9.26610000e-04 -2.56600000e-05 -1.40420000e-04 -7.20650000e-04 -1.80530000e-04 2.46995000e-03 5.99400000e-05 8.33540000e-04 -1.36491000e-03 1.59730000e-04 5.97000000e-04 6.22260000e-04 8.20380000e-04 -1.91400000e-04 -6.60760000e-04 -1.02758000e-03 -1.07547000e-03 -3.83360000e-04 1.65166000e-03 1.01784000e-03 4.04120000e-04 5.41280000e-04 9.74580000e-04 -6.38750000e-04
-5.29500000e-04 -7.49400000e-04 -3.94330000e-04 9.60430000e-04 -6.04850000e-04 -2.47400000e-05 1.29800000e-04 2.89091000e-03 4.49840000e-04 -1.37469000e-03 2.04470000e-04 3.05364000e-03 4.72809000e-03 -6.81800000e-04 2.87860000e-04 8.39700000e-05 -8.53740000e-04 -9.01910000e-04 6.48770000e-04 2.59329100e-02 9.34640000e-04 5.29010000e-04 1.94840000e-04 2.46340000e-04 5.78770000e-04 -5.67610000e-04 -8.55960000e-04 2.99190000e-04 2.07544000e-03 -1.91264000e-03 -2.10584000e-03 7.10460000e-04 2.76790000e-04 4.95100000e-04 2.88412000e-03 -6.40790000e-04 2.62710000e-04 -7.59930000e-04 -2.49641000e-03 4.39570000e-04 1.39691000e-03 7.29030000e-04 8.02620000e-04 9.73340000e-04 4.48527000e-03 2.25297000e-03 -8.79100000e-05 7.85000000e-06 -3.75348000e-03 1.00853000e-03 -1.08542000e-03 2.28860000e-04 2.45864000e-03 3.80250000e-04 -8.62260000e-04 9.57960000e-04 3.38954000e-03 4.72300000e-05 1.90108000e-03 3.49630000e-04 2.63248000e-03 -5.36020000e-04 1.28307000e-03 -2.95680000e-04 1.06650000e-04 1.65200000e-03 9.49270000e-04 -5.53660000e-04 -8.68290000e-04 -4.61000000e-06 1.47990000e-04 -1.72640000e-04 1.36760000e-04 8.48140000e-04 -1.41391000e-03 -4.81270000e-04 -2.27889000e-03 -8.70600000e-05 -3.13264000e-03 -1.46402000e-03 -7.20570000e-04 6.49430000e-04 8.50830000e-04 -4.07400000e-04 9.07330000e-04 1.40349000e-03 6.90360000e-04 1.85052000e-03 -1.80691000e-03 2.50970000e-04 -3.96290000e-04 -3.06010000e-04 7.84880000e-04 -8.21130000e-04 -2.94030000e-04 -8.54450000e-04 -8.33820000e-04 -1.19500000e-05 3.81948000e-03 1.79641000e-03 2.36640000e-04 1.06029000e-03 1.82665000e-03 -5.30080000e-04
-2.79260000e-04 -2.90420000e-04 -1.46510000e-04 1.91350000e-04 -2.23160000e-04 1.19160000e-04 3.52380000e-04 1.07975000e-03 3.34870000e-04 -5.50910000e-04 -1.04910000e-04 1.55801000e-03 2.00749000e-03 2.79300000e-05 2.85460000e-04 -2.71330000e-04 -5.15620000e-04 -1.54700000e-04 1.31930000e-04 9.34640000e-04 1.93156500e-02 7.78000000e-06 4.56780000e-04 -1.83570000e-04 -1.45300000e-05 -1.02900000e-04 -2.07850000e-04 1.29540000e-04 1.17625000e-03 -7.49690000e-04 -1.24768000e-03 5.40530000e-04 3.85100000e-05 1.64600000e-05 1.00638000e-03 -5.05550000e-04 -1.52040000e-04 -3.59670000e-04 -5.17800000e-04 2.50850000e-04 7.62520000e-04 3.11280000e-04 3.22080000e-04 6.75580000e-04 1.81440000e-03 8.48140000e-04 3.18400000e-04 3.05210000e-04 -1.76183000e-03 5.37590000e-04 -4.53890000e-04 -7.14900000e-05 8.75240000e-04 2.34700000e-04 -3.52070000e-04 3.49360000e-04 1.59966000e-03 -1.08240000e-04 1.03721000e-03 1.48870000e-04 1.02028000e-03 -2.63380000e-04 6.17370000e-04 8.20500000e-05 -1.23980000e-04 7.12720000e-04 3.72780000e-04 -3.15610000e-04 -5.49450000e-04 -8.57100000e-05 1.39010000e-04 -1.53440000e-04 2.16500000e-05 4.88090000e-04 -3.19170000e-04 1.79300000e-05 -1.48616000e-03 -1.62320000e-04 -1.24321000e-03 -1.50550000e-04 -1.89740000e-04 3.66440000e-04 4.15940000e-04 -6.26000000e-05 6.00620000e-04 3.01340000e-04 3.63430000e-04 6.68920000e-04 -9.81240000e-04 8.70500000e-05 -5.01010000e-04 -3.74220000e-04 1.66920000e-04 -5.92800000e-04 -1.12240000e-04 -4.87680000e-04 -3.48740000e-04 1.40700000e-05 1.58085000e-03 6.15160000e-04 -8.00700000e-05 3.29680000e-04 7.71170000e-04 -2.64070000e-04
-6.78750000e-04 -2.03880000e-04 -3.04560000e-04 5.29160000e-04 -3.26510000e-04 -6.21000000e-04 -3.68340000e-04 1.43961000e-03 -3.92100000e-05 -8.82710000e-04 4.42300000e-04 5.70160000e-04 1.87875000e-03 -6.93890000e-04 -1.70490000e-04 4.96050000e-04 3.46320000e-04 -7.13930000e-04 7.93390000e-04 5.29010000e-04 7.78000000e-06 1.40522100e-02 -2.45930000e-04 3.12950000e-04 8.45800000e-04 -4.97270000e-04 -4.35630000e-04 -1.26480000e-04 6.61690000e-04 -7.08580000e-04 -1.00160000e-04 -1.56800000e-04 -1.20300000e-05 2.97050000e-04 1.63117000e-03 -7.21000000e-06 4.21260000e-04 -2.41450000e-04 -1.35784000e-03 -8.33900000e-05 2.66970000e-04 3.38200000e-05 1.78580000e-04 2.42200000e-05 1.72166000e-03 1.21635000e-03 -5.53430000e-04 -3.24340000e-04 -1.11628000e-03 2.63120000e-04 -5.54190000e-04 2.29000000e-04 1.03130000e-03 -1.98420000e-04 -7.72400000e-04 1.30090000e-04 1.26253000e-03 5.33100000e-05 3.51590000e-04 -1.16080000e-04 1.29438000e-03 -1.09130000e-04 1.93560000e-04 -4.05500000e-04 7.21290000e-04 3.27990000e-04 3.06680000e-04 1.07480000e-04 -4.15990000e-04 1.80240000e-04 -2.53820000e-04 -2.31090000e-04 8.55200000e-05 2.72350000e-04 -8.77860000e-04 -4.02160000e-04 3.23700000e-04 1.46600000e-05 -1.12718000e-03 -1.12386000e-03 -5.39920000e-04 -9.70300000e-05 -1.70600000e-05 -4.36730000e-04 1.08960000e-04 9.56720000e-04 2.47320000e-04 1.18965000e-03 -6.64070000e-04 -4.53300000e-05 2.30600000e-05 -1.53510000e-04 3.58920000e-04 5.04550000e-04 -3.15240000e-04 -4.93670000e-04 -6.23910000e-04 -9.45600000e-05 1.69000000e-03 9.02130000e-04 3.99140000e-04 6.70840000e-04 6.74290000e-04 -4.32740000e-04
-1.05250000e-04 -2.10520000e-04 -5.09240000e-04 -1.77700000e-03 -3.07080000e-04 -6.71000000e-06 1.32827000e-03 5.17700000e-05 2.89660000e-04 3.57070000e-04 -1.01596000e-03 2.25093000e-03 8.06300000e-05 7.56730000e-04 4.21510000e-04 -1.45027000e-03 -5.20110000e-04 5.61400000e-04 -1.63217000e-03 1.94840000e-04 4.56780000e-04 -2.45930000e-04 1.23376580e-01 -1.84302000e-03 -1.09176000e-03 1.67770000e-04 3.92090000e-04 -4.64880000e-04 1.58661000e-03 -1.04884000e-03 -2.43014000e-03 5.47460000e-04 -7.19220000e-04 -1.18666000e-03 -6.45960000e-04 -1.11027000e-03 -1.94410000e-03 -8.49200000e-05 6.36470000e-04 3.24600000e-05 8.72790000e-04 -1.93960000e-04 -6.12900000e-04 1.29092000e-03 -4.30090000e-04 4.02510000e-04 1.20497000e-03 -2.10100000e-04 -1.14683000e-03 -1.33400000e-04 1.16170000e-04 -1.04368000e-03 -5.35430000e-04 -1.07740000e-04 1.16480000e-04 9.48800000e-05 8.66180000e-04 -3.88840000e-04 -1.55410000e-04 -6.57810000e-04 -1.00773000e-03 -8.64000000e-05 2.97690000e-04 5.47280000e-04 -6.68700000e-05 2.97170000e-04 -6.79740000e-04 -3.37230000e-04 -1.13027000e-03 -7.02650000e-04 2.21940000e-04 -7.59250000e-04 -5.48970000e-04 6.95880000e-04 1.65770000e-04 1.22430000e-04 -3.14614000e-03 -8.26320000e-04 -4.71860000e-04 1.66471000e-03 3.26450000e-04 1.69300000e-04 2.72940000e-04 3.04960000e-04 9.75440000e-04 -2.06061000e-03 3.63670000e-04 1.04066000e-03 -4.28200000e-04 -6.08200000e-05 -1.15007000e-03 -1.35138000e-03 -4.80510000e-04 5.92100000e-04 1.61200000e-04 3.71200000e-05 -3.11000000e-06 1.02040000e-04 1.15416000e-03 3.72770000e-04 -2.66780000e-04 1.31600000e-04 1.68000000e-04 -1.80510000e-04
-1.39400000e-05 7.02700000e-05 2.64710000e-04 1.71946000e-03 6.99700000e-05 -1.80440000e-04 -1.23853000e-03 5.10040000e-04 -2.75900000e-04 -7.16730000e-04 8.29900000e-04 -1.66553000e-03 8.99710000e-04 -9.14190000e-04 -4.41450000e-04 1.36487000e-03 8.89600000e-04 -6.96160000e-04 1.14056000e-03 2.46340000e-04 -1.83570000e-04 3.12950000e-04 -1.84302000e-03 2.23146500e-02 9.85140000e-04 -3.29390000e-04 -4.24290000e-04 3.65320000e-04 -8.60820000e-04 4.54700000e-04 1.96138000e-03 -4.51730000e-04 6.81180000e-04 1.35773000e-03 1.08066000e-03 2.22240000e-04 1.74064000e-03 -1.24800000e-05 -1.01851000e-03 -2.93400000e-05 -3.72560000e-04 1.82760000e-04 4.91120000e-04 -9.27030000e-04 1.66485000e-03 -1.74000000e-05 -1.12400000e-03 1.02560000e-04 3.91610000e-04 3.27410000e-04 -2.88040000e-04 7.70410000e-04 1.29828000e-03 1.09270000e-04 -3.13660000e-04 -2.46400000e-05 -3.14300000e-05 5.06220000e-04 5.52000000e-06 3.44160000e-04 1.20168000e-03 4.63300000e-05 -2.57200000e-05 -5.98630000e-04 3.34720000e-04 -1.98400000e-05 4.59370000e-04 2.13690000e-04 7.07610000e-04 5.48830000e-04 -2.14810000e-04 4.32780000e-04 3.45880000e-04 -4.73290000e-04 -5.43830000e-04 -3.60830000e-04 2.41374000e-03 6.86040000e-04 -6.70700000e-05 -1.38262000e-03 -4.36350000e-04 2.47100000e-05 -1.26470000e-04 -3.89810000e-04 -5.90240000e-04 1.85905000e-03 -2.58240000e-04 -4.00280000e-04 1.77400000e-05 7.03300000e-05 7.98420000e-04 1.04827000e-03 4.57350000e-04 -1.46260000e-04 -2.29750000e-04 -3.50430000e-04 -2.36810000e-04 -2.44640000e-04 -3.84360000e-04 -3.53500000e-05 2.60030000e-04 -5.91100000e-05 9.02400000e-05 2.02010000e-04
-9.48890000e-04 -1.89600000e-04 -2.49180000e-04 1.20662000e-03 -3.25170000e-04 -5.64430000e-04 -1.00938000e-03 2.04178000e-03 -2.01050000e-04 -1.36392000e-03 8.58220000e-04 -2.04230000e-04 2.23965000e-03 -1.12322000e-03 -4.14950000e-04 1.06328000e-03 4.80380000e-04 -1.05207000e-03 1.55554000e-03 5.78770000e-04 -1.45300000e-05 8.45800000e-04 -1.09176000e-03 9.85140000e-04 8.45176000e-03 -6.61030000e-04 -5.92640000e-04 4.21600000e-05 3.64360000e-04 -5.47490000e-04 5.04650000e-04 -3.70450000e-04 2.65350000e-04 6.02090000e-04 2.18639000e-03 -7.01400000e-05 1.16804000e-03 -2.86670000e-04 -1.87571000e-03 -1.03140000e-04 2.45310000e-04 1.62470000e-04 4.09720000e-04 -3.71990000e-04 2.25540000e-03 1.11709000e-03 -1.10208000e-03 -2.95810000e-04 -1.06131000e-03 3.50620000e-04 -7.26290000e-04 6.16290000e-04 1.38028000e-03 -1.12530000e-04 -1.06721000e-03 9.94200000e-05 1.29446000e-03 3.85230000e-04 6.92480000e-04 3.51200000e-05 1.93735000e-03 -1.53570000e-04 1.63930000e-04 -7.41450000e-04 7.55160000e-04 3.03440000e-04 5.01950000e-04 1.01150000e-04 -2.55200000e-04 4.80640000e-04 -3.99400000e-04 -8.64200000e-05 3.23360000e-04 6.83000000e-06 -1.15635000e-03 -5.86150000e-04 1.48451000e-03 3.56260000e-04 -1.21728000e-03 -1.74652000e-03 -7.62270000e-04 -6.65100000e-05 -1.19720000e-04 -6.44910000e-04 -1.51400000e-04 1.81548000e-03 7.37900000e-05 8.92660000e-04 -8.85210000e-04 7.27600000e-05 4.17260000e-04 3.83550000e-04 6.03080000e-04 2.55890000e-04 -5.14320000e-04 -7.95420000e-04 -8.61760000e-04 -3.17640000e-04 1.50134000e-03 9.10010000e-04 4.04430000e-04 5.34460000e-04 7.59650000e-04 -4.90290000e-04
6.93080000e-04 3.93780000e-04 3.02470000e-04 -5.62300000e-04 4.62150000e-04 4.17110000e-04 5.41750000e-04 -1.91303000e-03 1.62730000e-04 1.03895000e-03 -3.88930000e-04 -5.65570000e-04 -1.93311000e-03 7.44630000e-04 2.57800000e-04 -4.38810000e-04 -2.06570000e-04 7.49360000e-04 -7.90700000e-04 -5.67610000e-04 -1.02900000e-04 -4.97270000e-04 1.67770000e-04 -3.29390000e-04 -6.61030000e-04 1.02279400e-02 6.43150000e-04 8.25800000e-05 -6.41710000e-04 6.32970000e-04 1.85790000e-04 2.65130000e-04 -4.13300000e-05 -2.70380000e-04 -1.70668000e-03 3.17970000e-04 -4.00670000e-04 4.29290000e-04 1.42005000e-03 4.85700000e-05 -4.33150000e-04 -5.33900000e-05 -2.43380000e-04 1.43400000e-05 -1.82557000e-03 -9.48160000e-04 6.14230000e-04 1.64420000e-04 1.15856000e-03 -2.64190000e-04 6.29240000e-04 -1.66370000e-04 -1.01414000e-03 4.32700000e-05 7.46920000e-04 -7.48200000e-05 -1.34802000e-03 -2.39960000e-04 -5.19910000e-04 5.45800000e-05 -1.40469000e-03 3.30300000e-04 -2.17880000e-04 5.98950000e-04 -3.12140000e-04 -3.57390000e-04 -2.95500000e-04 1.80180000e-04 4.10500000e-04 -1.70010000e-04 2.57610000e-04 1.89440000e-04 -6.78400000e-05 -8.99100000e-05 9.87270000e-04 4.96470000e-04 -2.03250000e-04 -4.51800000e-05 1.27350000e-03 1.11110000e-03 6.75270000e-04 -1.35600000e-05 -4.27000000e-05 5.34280000e-04 -7.08300000e-05 -1.03844000e-03 -5.31500000e-05 -8.49770000e-04 7.38750000e-04 -2.00000000e-06 -4.90100000e-05 1.66800000e-05 -3.76430000e-04 -8.50100000e-05 4.13860000e-04 7.05630000e-04 6.82180000e-04 2.31770000e-04 -1.50585000e-03 -8.40110000e-04 -2.14550000e-04 -4.42970000e-04 -7.24130000e-04 4.72370000e-04
5.31550000e-04 5.24450000e-04 2.85630000e-04 -7.34710000e-04 4.11840000e-04 2.67160000e-04 3.41170000e-04 -2.04687000e-03 5.88800000e-05 9.99450000e-04 -3.62880000e-04 -9.33340000e-04 -2.32077000e-03 6.52770000e-04 1.89830000e-04 -4.14840000e-04 2.92240000e-04 8.06910000e-04 -7.48730000e-04 -8.55960000e-04 -2.07850000e-04 -4.35630000e-04 3.92090000e-04 -4.24290000e-04 -5.92640000e-04 6.43150000e-04 1.09902060e-01 -1.14770000e-04 -7.24520000e-04 9.15560000e-04 7.06370000e-04 7.11200000e-05 -2.12930000e-04 -2.96230000e-04 -1.84571000e-03 3.08560000e-04 -4.69620000e-04 4.66090000e-04 1.66709000e-03 -1.10920000e-04 -5.95160000e-04 -2.70940000e-04 -4.10250000e-04 -9.35400000e-05 -2.20827000e-03 -1.14391000e-03 4.36870000e-04 1.40330000e-04 1.81162000e-03 -3.78270000e-04 7.09060000e-04 -2.83850000e-04 -1.26952000e-03 -1.65120000e-04 6.46640000e-04 -3.43640000e-04 -1.57816000e-03 -2.66610000e-04 -9.38100000e-04 -1.16350000e-04 -1.61836000e-03 3.58850000e-04 -4.45520000e-04 5.96420000e-04 -1.14060000e-04 -6.85140000e-04 -4.92950000e-04 3.04850000e-04 4.12770000e-04 -1.70500000e-04 9.35800000e-05 1.02680000e-04 -1.31450000e-04 -1.57250000e-04 1.14903000e-03 4.35450000e-04 3.52080000e-04 -9.10300000e-05 1.74229000e-03 1.29088000e-03 6.32010000e-04 -1.94660000e-04 -2.90570000e-04 5.42370000e-04 -1.83290000e-04 -1.16145000e-03 -1.00180000e-04 -8.49330000e-04 8.53410000e-04 -1.52940000e-04 -1.25030000e-04 -1.30830000e-04 -5.53530000e-04 2.72190000e-04 3.13280000e-04 5.82330000e-04 5.43970000e-04 1.04670000e-04 -1.83067000e-03 -1.03286000e-03 -2.59000000e-04 -6.02530000e-04 -9.50390000e-04 3.59590000e-04
1.93110000e-04 -2.00700000e-05 1.26300000e-04 3.98310000e-04 1.14350000e-04 2.52090000e-04 -2.39100000e-05 3.28000000e-06 1.04220000e-04 1.73900000e-05 8.95700000e-05 -2.85000000e-05 3.41510000e-04 5.18000000e-06 6.03500000e-05 1.65640000e-04 -2.81970000e-04 -4.36800000e-05 1.19090000e-04 2.99190000e-04 1.29540000e-04 -1.26480000e-04 -4.64880000e-04 3.65320000e-04 4.21600000e-05 8.25800000e-05 -1.14770000e-04 9.50196000e-03 -1.08820000e-04 -5.55000000e-05 -9.51600000e-05 1.60160000e-04 2.81740000e-04 2.46540000e-04 1.54160000e-04 1.75800000e-05 3.25030000e-04 5.53000000e-06 -2.01360000e-04 1.73700000e-04 5.38600000e-05 2.71880000e-04 2.51140000e-04 -2.71800000e-05 5.01640000e-04 1.36300000e-05 2.03900000e-05 1.24640000e-04 -3.58690000e-04 1.93550000e-04 -1.14600000e-05 2.25150000e-04 3.44600000e-04 2.41800000e-04 1.48330000e-04 2.42740000e-04 1.02590000e-04 9.59700000e-05 3.88550000e-04 2.60960000e-04 2.86910000e-04 9.68000000e-06 2.26900000e-04 4.20000000e-06 -1.86760000e-04 2.65990000e-04 2.37040000e-04 -7.70700000e-05 1.70350000e-04 7.81500000e-05 1.57920000e-04 2.12820000e-04 1.37670000e-04 -3.80800000e-05 -8.06500000e-05 4.85800000e-05 -1.09690000e-04 1.84880000e-04 -2.61100000e-04 -1.79900000e-04 5.07100000e-05 2.20180000e-04 2.14920000e-04 4.14800000e-05 1.87100000e-05 3.33430000e-04 6.52000000e-06 -1.99090000e-04 -9.05100000e-05 1.27640000e-04 1.32640000e-04 2.42630000e-04 1.55500000e-04 -4.22970000e-04 8.30100000e-05 7.56500000e-05 1.28580000e-04 6.27400000e-05 2.86900000e-05 3.29200000e-05 1.38600000e-05 7.04000000e-06 1.25000000e-04 1.67190000e-04
-1.14147000e-03 -8.82360000e-04 -8.21860000e-04 7.98400000e-05 -8.68590000e-04 -2.71160000e-04 6.67310000e-04 3.57855000e-03 5.71760000e-04 -1.61695000e-03 -1.31530000e-04 4.39618000e-03 5.15855000e-03 -4.96320000e-04 4.84790000e-04 -6.08830000e-04 -1.23096000e-03 -8.01450000e-04 5.10240000e-04 2.07544000e-03 1.17625000e-03 6.61690000e-04 1.58661000e-03 -8.60820000e-04 3.64360000e-04 -6.41710000e-04 -7.24520000e-04 -1.08820000e-04 4.59307700e-02 -2.58781000e-03 -3.50290000e-03 9.49710000e-04 -2.61820000e-04 -4.60970000e-04 3.15363000e-03 -7.24890000e-04 -6.52020000e-04 -9.12630000e-04 -2.46452000e-03 3.44240000e-04 1.93606000e-03 5.48330000e-04 5.10140000e-04 1.67505000e-03 4.26283000e-03 2.80812000e-03 3.12440000e-04 -2.03340000e-04 -4.54345000e-03 8.81280000e-04 -1.31649000e-03 -2.25470000e-04 2.02295000e-03 1.35610000e-04 -1.36212000e-03 8.79560000e-04 4.22899000e-03 -2.01240000e-04 2.29248000e-03 -5.84100000e-05 2.65880000e-03 -6.57680000e-04 1.30757000e-03 -1.39660000e-04 2.76110000e-04 1.73307000e-03 7.09470000e-04 -6.51530000e-04 -1.76568000e-03 -2.22900000e-04 3.51200000e-05 -7.42020000e-04 -7.56100000e-05 1.32720000e-03 -1.43992000e-03 -4.96590000e-04 -3.49945000e-03 -5.39530000e-04 -3.59146000e-03 -1.01677000e-03 -7.72840000e-04 5.61910000e-04 7.98130000e-04 -4.12190000e-04 1.37817000e-03 7.43970000e-04 9.98860000e-04 2.76185000e-03 -2.37582000e-03 1.49450000e-04 -9.67290000e-04 -1.02414000e-03 6.06930000e-04 -4.19040000e-04 -3.91730000e-04 -1.08532000e-03 -1.16660000e-03 -1.95300000e-05 4.81350000e-03 2.17078000e-03 1.89640000e-04 1.33459000e-03 2.07673000e-03 -9.55020000e-04
1.13766000e-03 8.63110000e-04 8.96250000e-04 -3.62060000e-04 7.37450000e-04 4.54000000e-05 -3.91550000e-04 -3.57050000e-03 -4.92680000e-04 1.55186000e-03 1.37000000e-06 -3.37013000e-03 -4.67419000e-03 7.60540000e-04 -3.13680000e-04 2.69950000e-04 1.65889000e-03 1.04852000e-03 -6.08890000e-04 -1.91264000e-03 -7.49690000e-04 -7.08580000e-04 -1.04884000e-03 4.54700000e-04 -5.47490000e-04 6.32970000e-04 9.15560000e-04 -5.55000000e-05 -2.58781000e-03 3.87886200e-02 3.72522000e-03 -7.99450000e-04 5.02100000e-05 4.83330000e-04 -3.14719000e-03 3.14690000e-04 2.62720000e-04 7.73070000e-04 2.97130000e-03 -3.50520000e-04 -1.74500000e-03 -7.17470000e-04 -5.68920000e-04 -1.20935000e-03 -3.97781000e-03 -2.74172000e-03 -1.81700000e-05 6.56210000e-04 4.88025000e-03 -7.27980000e-04 1.22199000e-03 -9.61400000e-05 -1.99990000e-03 -1.64650000e-04 1.33137000e-03 -1.03927000e-03 -3.68087000e-03 3.14000000e-05 -2.47473000e-03 2.60800000e-05 -2.61220000e-03 5.35030000e-04 -1.19206000e-03 3.43560000e-04 -3.22910000e-04 -1.71099000e-03 -7.46110000e-04 5.71060000e-04 1.71061000e-03 1.61300000e-04 -1.05850000e-04 6.64750000e-04 -1.19300000e-05 -1.13691000e-03 1.85691000e-03 6.67490000e-04 3.14305000e-03 3.20060000e-04 3.89809000e-03 1.40256000e-03 7.58160000e-04 -5.56380000e-04 -8.14080000e-04 4.91590000e-04 -1.04149000e-03 -9.94830000e-04 -8.97800000e-04 -2.58498000e-03 2.40463000e-03 -3.09410000e-04 4.74480000e-04 7.04100000e-04 -8.87430000e-04 3.96560000e-04 2.96480000e-04 7.88720000e-04 9.95720000e-04 -2.24700000e-05 -4.67642000e-03 -2.30648000e-03 -3.75270000e-04 -1.39156000e-03 -2.03665000e-03 7.23200000e-04
1.09840000e-03 1.04285000e-03 1.09613000e-03 8.98630000e-04 7.09880000e-04 -6.99790000e-04 -1.69240000e-03 -3.49672000e-03 -1.03934000e-03 9.37110000e-04 8.44800000e-04 -4.97382000e-03 -4.33443000e-03 -1.92720000e-04 -9.68540000e-04 1.59889000e-03 3.44012000e-03 3.85330000e-04 3.35490000e-04 -2.10584000e-03 -1.24768000e-03 -1.00160000e-04 -2.43014000e-03 1.96138000e-03 5.04650000e-04 1.85790000e-04 7.06370000e-04 -9.51600000e-05 -3.50290000e-03 3.72522000e-03 5.20777200e-02 -1.62853000e-03 3.74080000e-04 1.85124000e-03 -2.52518000e-03 5.86560000e-04 1.70032000e-03 8.43630000e-04 2.23382000e-03 -7.38330000e-04 -2.48832000e-03 -1.04235000e-03 -5.44150000e-04 -2.18367000e-03 -3.01625000e-03 -2.92950000e-03 -1.28548000e-03 5.94720000e-04 6.51433000e-03 -7.72360000e-04 9.89140000e-04 4.14540000e-04 -1.04550000e-03 -4.34490000e-04 9.54540000e-04 -1.44840000e-03 -4.13110000e-03 3.41490000e-04 -3.65829000e-03 -5.23500000e-05 -1.95636000e-03 6.60530000e-04 -1.59842000e-03 -3.05800000e-04 4.36730000e-04 -2.19220000e-03 -6.69460000e-04 9.87960000e-04 2.54999000e-03 6.30350000e-04 -6.78900000e-04 9.10790000e-04 1.50490000e-04 -1.74053000e-03 1.52020000e-03 2.38870000e-04 6.29616000e-03 7.61100000e-04 4.63133000e-03 1.07710000e-04 2.76990000e-04 -9.91500000e-04 -1.35216000e-03 -3.23000000e-05 -1.80562000e-03 3.81580000e-04 -1.28740000e-03 -2.82132000e-03 3.03957000e-03 -4.99650000e-04 1.12849000e-03 1.58432000e-03 -7.59090000e-04 1.11079000e-03 -7.72600000e-05 3.84060000e-04 6.27010000e-04 -4.11910000e-04 -5.50496000e-03 -2.61505000e-03 -1.05360000e-04 -1.52909000e-03 -2.35283000e-03 7.28210000e-04
1.58290000e-04 -1.43680000e-04 -9.28900000e-05 -1.31880000e-04 -5.04000000e-06 4.02840000e-04 7.46440000e-04 1.80770000e-04 4.80810000e-04 6.16400000e-05 -3.79470000e-04 1.63481000e-03 1.18058000e-03 3.30940000e-04 4.88960000e-04 -6.02790000e-04 -9.94900000e-04 1.90810000e-04 -3.53360000e-04 7.10460000e-04 5.40530000e-04 -1.56800000e-04 5.47460000e-04 -4.51730000e-04 -3.70450000e-04 2.65130000e-04 7.11200000e-05 1.60160000e-04 9.49710000e-04 -7.99450000e-04 -1.62853000e-03 2.57932900e-02 -1.36500000e-05 -2.62420000e-04 2.66190000e-04 2.62000000e-05 -4.32090000e-04 -1.36540000e-04 -1.62050000e-04 3.09540000e-04 6.09600000e-04 3.82480000e-04 2.36720000e-04 7.70130000e-04 9.73140000e-04 6.30630000e-04 6.38590000e-04 1.13430000e-04 -1.53479000e-03 3.36880000e-04 -1.87730000e-04 -1.37620000e-04 3.85290000e-04 1.89150000e-04 -1.48300000e-05 4.79120000e-04 1.04171000e-03 -2.48150000e-04 9.21700000e-04 2.02470000e-04 3.17120000e-04 -8.03600000e-05 5.70010000e-04 4.49150000e-04 -2.50460000e-04 6.95610000e-04 2.69260000e-04 -2.19420000e-04 -4.24280000e-04 -2.13850000e-04 3.00120000e-04 -9.16400000e-05 -5.95400000e-05 5.87600000e-04 8.06900000e-05 1.82790000e-04 -1.92973000e-03 -2.03170000e-04 -8.60730000e-04 2.65730000e-04 1.80900000e-04 4.02160000e-04 4.65420000e-04 2.94970000e-04 6.00990000e-04 -2.17990000e-04 4.66650000e-04 5.01880000e-04 -6.49580000e-04 1.26550000e-04 -4.14730000e-04 -3.27960000e-04 1.15790000e-04 -6.69930000e-04 1.84160000e-04 9.79000000e-05 5.46600000e-05 2.42860000e-04 1.18989000e-03 3.83380000e-04 -9.69300000e-05 2.84710000e-04 5.19410000e-04 7.21000000e-06
1.10620000e-04 -1.35600000e-05 1.45330000e-04 6.72610000e-04 7.48800000e-05 1.10790000e-04 -3.22820000e-04 1.60600000e-04 -1.12000000e-05 -1.76150000e-04 2.69120000e-04 -3.87750000e-04 4.78870000e-04 -2.26000000e-04 -7.34000000e-05 4.49980000e-04 3.16100000e-05 -2.06570000e-04 3.48480000e-04 2.76790000e-04 3.85100000e-05 -1.20300000e-05 -7.19220000e-04 6.81180000e-04 2.65350000e-04 -4.13300000e-05 -2.12930000e-04 2.81740000e-04 -2.61820000e-04 5.02100000e-05 3.74080000e-04 -1.36500000e-05 2.57481200e-02 4.88560000e-04 4.04630000e-04 1.65000000e-05 6.27230000e-04 -7.61000000e-06 -4.21480000e-04 1.26130000e-04 -4.48900000e-05 2.43960000e-04 3.00710000e-04 -2.38180000e-04 7.82220000e-04 2.10000000e-05 -2.55790000e-04 1.01890000e-04 -1.84610000e-04 2.11650000e-04 -7.36900000e-05 3.35930000e-04 5.68250000e-04 2.08030000e-04 3.00300000e-05 1.71460000e-04 1.00550000e-04 2.23630000e-04 2.65890000e-04 2.74930000e-04 4.86570000e-04 7.27000000e-06 1.65720000e-04 -1.54880000e-04 -5.35300000e-05 1.98000000e-04 2.68830000e-04 -1.80700000e-05 2.77360000e-04 2.00540000e-04 6.69500000e-05 2.44460000e-04 1.80400000e-04 -1.40300000e-04 -2.11370000e-04 -7.23000000e-05 4.78090000e-04 3.10270000e-04 -2.27940000e-04 -4.68090000e-04 -8.79600000e-05 1.90950000e-04 1.28170000e-04 -6.10600000e-05 -9.94100000e-05 6.77040000e-04 -6.69900000e-05 -2.12770000e-04 -7.26100000e-05 9.93000000e-05 2.70350000e-04 4.01780000e-04 2.12040000e-04 -3.20060000e-04 -6.94000000e-06 -4.58100000e-05 1.01600000e-05 -2.27900000e-05 -5.87100000e-05 3.04100000e-05 6.88800000e-05 -7.27000000e-06 1.07470000e-04 1.46620000e-04
3.64110000e-04 -9.32000000e-06 3.26070000e-04 1.31248000e-03 -3.66800000e-05 -2.04470000e-04 -7.91140000e-04 1.06010000e-04 -1.20950000e-04 -4.47880000e-04 5.20300000e-04 -5.74600000e-04 1.17958000e-03 -6.21840000e-04 -2.03690000e-04 9.09830000e-04 1.08603000e-03 -4.23970000e-04 4.54480000e-04 4.95100000e-04 1.64600000e-05 2.97050000e-04 -1.18666000e-03 1.35773000e-03 6.02090000e-04 -2.70380000e-04 -2.96230000e-04 2.46540000e-04 -4.60970000e-04 4.83330000e-04 1.85124000e-03 -2.62420000e-04 4.88560000e-04 3.32249600e-02 7.64900000e-04 -1.21560000e-04 1.14379000e-03 -1.06620000e-04 -6.76980000e-04 9.75000000e-06 -2.99340000e-04 5.07700000e-05 3.91280000e-04 -4.98610000e-04 1.87740000e-03 1.49410000e-04 -7.21500000e-04 3.45190000e-04 4.43410000e-04 4.27060000e-04 -2.19540000e-04 3.93680000e-04 1.41390000e-03 1.06380000e-04 -1.37100000e-05 2.51000000e-06 2.65390000e-04 1.98050000e-04 -4.89180000e-04 3.18250000e-04 8.78710000e-04 -3.24200000e-05 1.49790000e-04 -3.10760000e-04 2.48840000e-04 1.24060000e-04 4.15740000e-04 1.44450000e-04 7.67350000e-04 2.79660000e-04 -1.15300000e-04 4.16980000e-04 1.44290000e-04 -2.17990000e-04 -2.51320000e-04 -2.40380000e-04 1.38569000e-03 3.60790000e-04 -6.91000000e-06 -9.83380000e-04 -3.59100000e-04 3.16900000e-05 2.92100000e-05 -2.44830000e-04 -2.99540000e-04 1.27579000e-03 -9.58800000e-05 -1.66020000e-04 2.36770000e-04 -6.59500000e-05 3.41780000e-04 5.94960000e-04 2.43620000e-04 -1.63200000e-04 -1.48450000e-04 -3.38890000e-04 -1.74330000e-04 -1.57750000e-04 -2.16800000e-05 -1.58500000e-05 1.54070000e-04 -7.22000000e-06 1.49190000e-04 1.48540000e-04
-2.23936000e-03 -1.27323000e-03 -9.87310000e-04 2.30947000e-03 -1.35717000e-03 -6.85610000e-04 -1.16037000e-03 6.68885000e-03 2.40740000e-04 -3.53591000e-03 1.15701000e-03 3.29600000e-03 8.19384000e-03 -2.29169000e-03 -1.57920000e-04 1.15978000e-03 -6.57110000e-04 -2.35983000e-03 2.81058000e-03 2.88412000e-03 1.00638000e-03 1.63117000e-03 -6.45960000e-04 1.08066000e-03 2.18639000e-03 -1.70668000e-03 -1.84571000e-03 1.54160000e-04 3.15363000e-03 -3.14719000e-03 -2.52518000e-03 2.66190000e-04 4.04630000e-04 7.64900000e-04 3.54213000e-02 -7.72500000e-04 1.45116000e-03 -1.41830000e-03 -5.22839000e-03 3.73480000e-04 2.18844000e-03 9.58260000e-04 1.44665000e-03 7.02060000e-04 7.72859000e-03 4.16153000e-03 -1.52565000e-03 -4.74000000e-04 -6.03719000e-03 1.53345000e-03 -2.29968000e-03 8.10710000e-04 4.15728000e-03 1.56610000e-04 -2.64502000e-03 1.03152000e-03 5.88103000e-03 6.84540000e-04 3.51839000e-03 3.65740000e-04 5.57371000e-03 -1.01133000e-03 1.53350000e-03 -1.33158000e-03 9.44160000e-04 2.16534000e-03 1.62671000e-03 -6.33460000e-04 -1.81138000e-03 5.99680000e-04 -3.67070000e-04 -5.66460000e-04 4.37500000e-04 1.14493000e-03 -3.19305000e-03 -1.43322000e-03 -1.01939000e-03 2.64830000e-04 -5.40292000e-03 -3.71217000e-03 -1.97854000e-03 6.97350000e-04 7.60560000e-04 -1.26676000e-03 9.36610000e-04 3.91363000e-03 9.42320000e-04 3.52753000e-03 -3.58261000e-03 2.92160000e-04 1.16800000e-05 -1.44600000e-04 1.67562000e-03 -6.59930000e-04 -1.06366000e-03 -2.13081000e-03 -2.23224000e-03 -4.10470000e-04 6.59127000e-03 3.41097000e-03 7.66160000e-04 1.97165000e-03 3.20280000e-03 -1.42490000e-03
4.31920000e-04 3.02260000e-04 5.49700000e-05 3.85000000e-05 3.59620000e-04 -1.21490000e-04 5.48900000e-05 -8.84210000e-04 -1.09420000e-04 5.21430000e-04 -4.70900000e-05 -8.71200000e-04 -1.38523000e-03 1.28840000e-04 2.22000000e-05 8.47300000e-05 -8.27600000e-05 1.93040000e-04 -8.21100000e-05 -6.40790000e-04 -5.05550000e-04 -7.21000000e-06 -1.11027000e-03 2.22240000e-04 -7.01400000e-05 3.17970000e-04 3.08560000e-04 1.75800000e-05 -7.24890000e-04 3.14690000e-04 5.86560000e-04 2.62000000e-05 1.65000000e-05 -1.21560000e-04 -7.72500000e-04 2.21521400e-02 2.41760000e-04 2.93560000e-04 3.59870000e-04 -1.54590000e-04 -4.26100000e-04 -1.21820000e-04 -2.08260000e-04 -3.32670000e-04 -1.28561000e-03 -5.92690000e-04 -3.45000000e-06 -2.28200000e-04 1.07226000e-03 -4.49270000e-04 1.01080000e-04 1.33660000e-04 -6.40320000e-04 -1.70320000e-04 1.74510000e-04 -1.22440000e-04 -1.16399000e-03 9.80000000e-06 -4.64410000e-04 -8.98000000e-05 -6.94440000e-04 2.91810000e-04 -4.20740000e-04 1.09620000e-04 8.15200000e-05 -3.68130000e-04 -1.81590000e-04 3.16370000e-04 3.56330000e-04 2.13800000e-05 -1.09170000e-04 7.83000000e-05 -1.28140000e-04 -1.86780000e-04 3.63100000e-04 1.73580000e-04 7.16130000e-04 8.24200000e-05 7.40190000e-04 3.92900000e-05 2.48710000e-04 -2.21360000e-04 -2.35390000e-04 1.48130000e-04 -4.85640000e-04 -1.36960000e-04 -4.92700000e-05 -4.24960000e-04 7.03980000e-04 8.12300000e-05 5.69990000e-04 6.01600000e-04 8.29900000e-05 3.49660000e-04 2.42580000e-04 5.87560000e-04 4.73070000e-04 1.87070000e-04 -1.00013000e-03 -3.89260000e-04 1.31950000e-04 -1.63030000e-04 -4.07700000e-04 4.14720000e-04
-3.50140000e-04 3.89000000e-05 1.76400000e-04 1.79886000e-03 1.47100000e-05 -2.14330000e-04 -1.32033000e-03 1.01921000e-03 -2.51150000e-04 -9.55120000e-04 9.39310000e-04 -1.61066000e-03 1.22138000e-03 -1.03003000e-03 -4.65730000e-04 1.40180000e-03 6.85310000e-04 -8.18540000e-04 1.53217000e-03 2.62710000e-04 -1.52040000e-04 4.21260000e-04 -1.94410000e-03 1.74064000e-03 1.16804000e-03 -4.00670000e-04 -4.69620000e-04 3.25030000e-04 -6.52020000e-04 2.62720000e-04 1.70032000e-03 -4.32090000e-04 6.27230000e-04 1.14379000e-03 1.45116000e-03 2.41760000e-04 2.19931900e-02 -6.56400000e-05 -1.24180000e-03 -4.48800000e-05 -1.91730000e-04 2.14310000e-04 5.49920000e-04 -9.05610000e-04 1.79448000e-03 2.08300000e-04 -1.24359000e-03 5.02000000e-06 5.07200000e-05 3.66510000e-04 -4.29560000e-04 8.61540000e-04 1.27814000e-03 5.45200000e-05 -6.09810000e-04 -1.81200000e-05 2.60000000e-04 5.18960000e-04 4.78090000e-04 3.32690000e-04 1.57456000e-03 4.72000000e-06 -3.11100000e-05 -6.44270000e-04 4.22730000e-04 8.96000000e-06 5.48880000e-04 2.09200000e-04 4.76070000e-04 6.29140000e-04 -2.83230000e-04 3.46150000e-04 4.29490000e-04 -4.08570000e-04 -6.71050000e-04 -4.09220000e-04 2.59432000e-03 6.88620000e-04 -2.54140000e-04 -1.55652000e-03 -5.18840000e-04 -3.34300000e-05 -1.77950000e-04 -4.47820000e-04 -5.68490000e-04 2.11017000e-03 -1.93590000e-04 -2.03010000e-04 -3.08020000e-04 1.20260000e-04 8.72270000e-04 1.08331000e-03 5.92020000e-04 -1.98940000e-04 -3.16670000e-04 -4.55740000e-04 -4.08370000e-04 -2.69420000e-04 -6.70000000e-05 1.47650000e-04 3.09960000e-04 5.85700000e-05 2.56070000e-04 5.59800000e-05
4.83980000e-04 4.05080000e-04 2.54450000e-04 -3.50300000e-04 4.13360000e-04 9.47200000e-05 1.27800000e-04 -1.66611000e-03 -6.01600000e-05 8.01440000e-04 -1.10080000e-04 -1.15399000e-03 -2.01565000e-03 4.19950000e-04 -2.15700000e-05 -2.64500000e-05 2.56570000e-04 4.69440000e-04 -4.31440000e-04 -7.59930000e-04 -3.59670000e-04 -2.41450000e-04 -8.49200000e-05 -1.24800000e-05 -2.86670000e-04 4.29290000e-04 4.66090000e-04 5.53000000e-06 -9.12630000e-04 7.73070000e-04 8.43630000e-04 -1.36540000e-04 -7.61000000e-06 -1.06620000e-04 -1.41830000e-03 2.93560000e-04 -6.56400000e-05 1.48712100e-02 1.11154000e-03 -1.01810000e-04 -6.57460000e-04 -1.82470000e-04 -3.01940000e-04 -3.17100000e-04 -1.84349000e-03 -9.38640000e-04 1.98640000e-04 -1.60800000e-05 1.54133000e-03 -3.91570000e-04 5.68090000e-04 -1.76300000e-05 -9.26290000e-04 -6.88000000e-05 5.59350000e-04 -2.27100000e-04 -1.51920000e-03 -8.68400000e-05 -8.12160000e-04 -6.32800000e-05 -1.22768000e-03 3.68900000e-04 -4.20230000e-04 2.85420000e-04 -3.83900000e-05 -5.59340000e-04 -3.47310000e-04 2.96130000e-04 5.03760000e-04 -9.99000000e-06 5.97600000e-05 1.70100000e-04 -8.84000000e-06 -3.13590000e-04 7.11940000e-04 3.02310000e-04 7.68640000e-04 8.88400000e-05 1.36578000e-03 6.88220000e-04 4.89420000e-04 -1.82060000e-04 -2.45420000e-04 2.84800000e-04 -3.17320000e-04 -6.83900000e-04 -2.16460000e-04 -7.93070000e-04 8.88270000e-04 -6.72400000e-05 1.71510000e-04 1.88820000e-04 -3.51540000e-04 3.53490000e-04 2.76980000e-04 5.81460000e-04 5.40580000e-04 1.07800000e-04 -1.69490000e-03 -8.25430000e-04 -6.60300000e-05 -3.88470000e-04 -8.18360000e-04 4.13590000e-04
1.64984000e-03 1.11049000e-03 9.42540000e-04 -1.93813000e-03 1.08862000e-03 5.26650000e-04 1.06363000e-03 -5.48473000e-03 -6.80100000e-05 2.86914000e-03 -1.00712000e-03 -2.90853000e-03 -6.79181000e-03 2.12117000e-03 2.50080000e-04 -1.08539000e-03 7.78430000e-04 2.16009000e-03 -2.14891000e-03 -2.49641000e-03 -5.17800000e-04 -1.35784000e-03 6.36470000e-04 -1.01851000e-03 -1.87571000e-03 1.42005000e-03 1.66709000e-03 -2.01360000e-04 -2.46452000e-03 2.97130000e-03 2.23382000e-03 -1.62050000e-04 -4.21480000e-04 -6.76980000e-04 -5.22839000e-03 3.59870000e-04 -1.24180000e-03 1.11154000e-03 4.24406100e-02 -2.14920000e-04 -1.74077000e-03 -8.34900000e-04 -1.05491000e-03 -5.43940000e-04 -6.39757000e-03 -3.47015000e-03 1.43308000e-03 8.26760000e-04 5.13539000e-03 -1.02242000e-03 1.90101000e-03 -8.17370000e-04 -3.61851000e-03 -1.61870000e-04 2.12454000e-03 -1.10031000e-03 -4.61891000e-03 -5.28100000e-04 -2.64896000e-03 -1.61990000e-04 -4.54703000e-03 7.76360000e-04 -1.31705000e-03 1.31400000e-03 -8.55480000e-04 -1.97398000e-03 -1.30060000e-03 5.47380000e-04 1.38283000e-03 -3.84500000e-04 3.51210000e-04 4.40390000e-04 -3.50480000e-04 -8.16780000e-04 3.02727000e-03 1.43304000e-03 1.03881000e-03 -2.03470000e-04 4.84204000e-03 3.47802000e-03 1.64203000e-03 -4.69190000e-04 -6.92350000e-04 1.21609000e-03 -5.92370000e-04 -3.12554000e-03 -7.22190000e-04 -3.01621000e-03 2.74006000e-03 -3.77710000e-04 -2.47080000e-04 -1.63680000e-04 -1.53746000e-03 3.16730000e-04 8.35390000e-04 1.58004000e-03 1.76211000e-03 4.25880000e-04 -5.59599000e-03 -2.98367000e-03 -7.41360000e-04 -1.66540000e-03 -2.65237000e-03 1.06720000e-03
8.91700000e-05 -1.31960000e-04 3.34300000e-05 1.25150000e-04 -3.05800000e-05 2.42240000e-04 2.27620000e-04 3.09880000e-04 2.25990000e-04 -1.75400000e-05 -8.13900000e-05 6.53900000e-04 7.11250000e-04 8.40300000e-05 2.09710000e-04 -1.39070000e-04 -4.76040000e-04 1.91000000e-05 -4.74500000e-05 4.39570000e-04 2.50850000e-04 -8.33900000e-05 3.24600000e-05 -2.93400000e-05 -1.03140000e-04 4.85700000e-05 -1.10920000e-04 1.73700000e-04 3.44240000e-04 -3.50520000e-04 -7.38330000e-04 3.09540000e-04 1.26130000e-04 9.75000000e-06 3.73480000e-04 -1.54590000e-04 -4.48800000e-05 -1.01810000e-04 -2.14920000e-04 1.03873800e-02 3.03400000e-04 2.92530000e-04 2.76210000e-04 2.61040000e-04 7.03770000e-04 3.47120000e-04 2.15260000e-04 1.09910000e-04 -8.60090000e-04 2.76510000e-04 -7.11100000e-05 3.26100000e-05 3.38780000e-04 2.03160000e-04 7.61200000e-05 3.03570000e-04 5.92350000e-04 2.99800000e-05 6.14930000e-04 2.60360000e-04 3.37330000e-04 -8.59400000e-05 3.51040000e-04 1.39400000e-04 -2.23490000e-04 4.16570000e-04 2.49000000e-04 -1.62150000e-04 -1.17410000e-04 -1.11200000e-05 2.32780000e-04 7.67800000e-05 5.60200000e-05 2.23570000e-04 -7.75200000e-05 4.71000000e-05 -8.38200000e-04 3.61700000e-05 -5.63740000e-04 -2.49900000e-05 1.88000000e-05 3.09060000e-04 3.14030000e-04 1.31190000e-04 2.89870000e-04 1.52720000e-04 1.79200000e-04 1.87500000e-04 -3.48950000e-04 9.00200000e-05 -9.28000000e-05 -9.01200000e-05 1.41890000e-04 -4.71800000e-04 9.29100000e-05 3.94400000e-05 3.30900000e-05 1.34800000e-04 6.03920000e-04 2.73990000e-04 -7.19000000e-06 1.82250000e-04 3.36230000e-04 3.14500000e-05
-7.86980000e-04 -6.29790000e-04 -4.81320000e-04 3.36200000e-04 -5.85830000e-04 8.02400000e-05 2.66740000e-04 3.03260000e-03 3.98230000e-04 -1.18773000e-03 -2.89000000e-06 2.42299000e-03 3.42100000e-03 -4.00110000e-04 3.00250000e-04 -2.91460000e-04 -1.17069000e-03 -5.81850000e-04 5.01750000e-04 1.39691000e-03 7.62520000e-04 2.66970000e-04 8.72790000e-04 -3.72560000e-04 2.45310000e-04 -4.33150000e-04 -5.95160000e-04 5.38600000e-05 1.93606000e-03 -1.74500000e-03 -2.48832000e-03 6.09600000e-04 -4.48900000e-05 -2.99340000e-04 2.18844000e-03 -4.26100000e-04 -1.91730000e-04 -6.57460000e-04 -1.74077000e-03 3.03400000e-04 2.38118000e-02 4.68300000e-04 5.05700000e-04 9.02530000e-04 2.89087000e-03 1.77898000e-03 7.14400000e-05 -1.13680000e-04 -3.29504000e-03 7.08460000e-04 -8.76750000e-04 1.12800000e-05 1.39338000e-03 2.33850000e-04 -9.14140000e-04 6.42120000e-04 2.75129000e-03 1.50000000e-04 2.02843000e-03 9.90400000e-05 1.96562000e-03 -5.09370000e-04 8.78180000e-04 -1.43610000e-04 -1.63000000e-05 1.18206000e-03 6.08100000e-04 -4.97480000e-04 -1.16220000e-03 -7.80000000e-05 1.32350000e-04 -3.84800000e-04 7.06200000e-05 8.27440000e-04 -1.03822000e-03 -3.17130000e-04 -2.15459000e-03 -2.65030000e-04 -2.55220000e-03 -7.67750000e-04 -5.33420000e-04 3.73940000e-04 6.08460000e-04 -2.57030000e-04 8.04980000e-04 7.77480000e-04 6.38100000e-04 1.56062000e-03 -1.82013000e-03 5.30940000e-04 -7.92800000e-05 -1.63890000e-04 9.25930000e-04 -7.16090000e-04 -2.47360000e-04 -7.37950000e-04 -7.75700000e-04 -3.70000000e-05 3.42939000e-03 1.80334000e-03 8.73400000e-05 8.15680000e-04 1.77135000e-03 -5.52290000e-04
-1.16000000e-04 -2.17480000e-04 -7.84700000e-05 4.13870000e-04 -8.53800000e-05 2.50580000e-04 1.04360000e-04 8.79930000e-04 2.27020000e-04 -3.28320000e-04 6.76000000e-05 8.54290000e-04 1.43486000e-03 -1.54360000e-04 1.50450000e-04 4.65900000e-05 -6.90410000e-04 -2.58350000e-04 2.99280000e-04 7.29030000e-04 3.11280000e-04 3.38200000e-05 -1.93960000e-04 1.82760000e-04 1.62470000e-04 -5.33900000e-05 -2.70940000e-04 2.71880000e-04 5.48330000e-04 -7.17470000e-04 -1.04235000e-03 3.82480000e-04 2.43960000e-04 5.07700000e-05 9.58260000e-04 -1.21820000e-04 2.14310000e-04 -1.82470000e-04 -8.34900000e-04 2.92530000e-04 4.68300000e-04 1.01093600e-02 4.31490000e-04 2.84810000e-04 1.41237000e-03 6.80330000e-04 4.83500000e-05 -3.26100000e-05 -1.49664000e-03 3.73070000e-04 -2.86010000e-04 2.19750000e-04 7.36330000e-04 2.43900000e-04 -1.86190000e-04 4.86030000e-04 1.04171000e-03 1.47050000e-04 1.02441000e-03 3.13590000e-04 8.61210000e-04 -1.29260000e-04 5.20950000e-04 -3.05900000e-05 -1.36670000e-04 6.65330000e-04 4.06880000e-04 -2.27680000e-04 -2.66540000e-04 7.89700000e-05 1.90250000e-04 4.89200000e-05 1.47970000e-04 2.71620000e-04 -4.42010000e-04 -9.28800000e-05 -8.55690000e-04 1.50080000e-04 -1.13334000e-03 -4.73940000e-04 -1.20580000e-04 4.30930000e-04 3.89980000e-04 5.87000000e-06 3.36140000e-04 5.77090000e-04 2.29850000e-04 4.36610000e-04 -7.01910000e-04 1.75250000e-04 -1.07500000e-05 2.08400000e-05 3.34680000e-04 -5.70090000e-04 1.18000000e-06 -8.93100000e-05 -1.37590000e-04 9.51100000e-05 1.14319000e-03 5.61760000e-04 6.42100000e-05 3.47340000e-04 6.02150000e-04 -6.04900000e-05
-2.33590000e-04 -2.67070000e-04 -8.43000000e-06 8.26540000e-04 -1.98480000e-04 1.80210000e-04 -2.53330000e-04 1.31680000e-03 2.04690000e-04 -6.49910000e-04 2.72320000e-04 6.32830000e-04 1.91483000e-03 -4.31180000e-04 9.54600000e-05 3.00360000e-04 -3.83330000e-04 -4.13360000e-04 6.57230000e-04 8.02620000e-04 3.22080000e-04 1.78580000e-04 -6.12900000e-04 4.91120000e-04 4.09720000e-04 -2.43380000e-04 -4.10250000e-04 2.51140000e-04 5.10140000e-04 -5.68920000e-04 -5.44150000e-04 2.36720000e-04 3.00710000e-04 3.91280000e-04 1.44665000e-03 -2.08260000e-04 5.49920000e-04 -3.01940000e-04 -1.05491000e-03 2.76210000e-04 5.05700000e-04 4.31490000e-04 1.28317300e-02 9.99600000e-05 1.98107000e-03 8.54360000e-04 -2.84790000e-04 1.07620000e-04 -1.45121000e-03 5.48400000e-04 -4.33050000e-04 3.16770000e-04 1.07630000e-03 2.16270000e-04 -3.71740000e-04 3.76010000e-04 1.30719000e-03 2.26660000e-04 1.12165000e-03 4.22460000e-04 1.34436000e-03 -2.28460000e-04 4.94380000e-04 -1.34210000e-04 -4.93400000e-05 6.31540000e-04 5.92450000e-04 -1.81860000e-04 -1.65340000e-04 2.12300000e-04 1.12450000e-04 1.21760000e-04 2.08550000e-04 2.75100000e-04 -5.21730000e-04 -2.06360000e-04 -2.59530000e-04 2.22390000e-04 -1.15484000e-03 -8.18350000e-04 -3.39890000e-04 3.58640000e-04 3.37990000e-04 -8.68600000e-05 2.40530000e-04 1.13391000e-03 2.46910000e-04 4.78420000e-04 -8.24890000e-04 1.52040000e-04 1.43470000e-04 1.74640000e-04 4.96350000e-04 -7.08060000e-04 -1.17230000e-04 -3.34800000e-04 -3.40570000e-04 1.61600000e-05 1.32866000e-03 6.84840000e-04 1.19840000e-04 3.86410000e-04 7.75610000e-04 -1.52540000e-04
-9.34900000e-05 -3.70260000e-04 -3.21950000e-04 -5.21370000e-04 -2.68350000e-04 9.76300000e-05 9.41480000e-04 8.60410000e-04 4.56200000e-04 -1.77190000e-04 -4.54440000e-04 2.76622000e-03 1.90440000e-03 2.99640000e-04 4.94770000e-04 -8.24740000e-04 -9.36850000e-04 5.32300000e-05 -4.53810000e-04 9.73340000e-04 6.75580000e-04 2.42200000e-05 1.29092000e-03 -9.27030000e-04 -3.71990000e-04 1.43400000e-05 -9.35400000e-05 -2.71800000e-05 1.67505000e-03 -1.20935000e-03 -2.18367000e-03 7.70130000e-04 -2.38180000e-04 -4.98610000e-04 7.02060000e-04 -3.32670000e-04 -9.05610000e-04 -3.17100000e-04 -5.43940000e-04 2.61040000e-04 9.02530000e-04 2.84810000e-04 9.99600000e-05 2.21832000e-02 1.36491000e-03 1.10959000e-03 7.56810000e-04 7.09000000e-06 -2.03252000e-03 3.20050000e-04 -3.78350000e-04 -3.67660000e-04 5.38370000e-04 1.53670000e-04 -1.93970000e-04 5.37710000e-04 1.75938000e-03 -3.42180000e-04 9.01450000e-04 -2.30700000e-05 5.65660000e-04 -2.34480000e-04 7.22920000e-04 3.08080000e-04 -1.58390000e-04 9.10690000e-04 1.95740000e-04 -3.84330000e-04 -7.96140000e-04 -3.48610000e-04 2.19470000e-04 -3.30650000e-04 -1.63330000e-04 7.57500000e-04 -2.43970000e-04 3.65900000e-05 -2.72433000e-03 -4.51580000e-04 -1.44430000e-03 1.97910000e-04 -9.20000000e-06 3.73270000e-04 5.42940000e-04 8.83800000e-05 8.73960000e-04 -4.64320000e-04 5.55030000e-04 1.17931000e-03 -8.18280000e-04 4.42900000e-05 -7.67980000e-04 -7.51980000e-04 2.58500000e-05 -3.01920000e-04 6.39800000e-05 -1.50580000e-04 -1.86500000e-04 1.81770000e-04 2.02008000e-03 7.77150000e-04 -5.07900000e-05 5.60860000e-04 7.90220000e-04 -2.77240000e-04
-1.84498000e-03 -1.64748000e-03 -9.42270000e-04 3.26036000e-03 -1.59122000e-03 -5.87990000e-04 -9.45410000e-04 7.48095000e-03 6.21090000e-04 -4.12525000e-03 1.12426000e-03 5.31169000e-03 1.13387600e-02 -2.55209000e-03 1.43260000e-04 1.20471000e-03 -7.50550000e-04 -2.70470000e-03 2.61381000e-03 4.48527000e-03 1.81440000e-03 1.72166000e-03 -4.30090000e-04 1.66485000e-03 2.25540000e-03 -1.82557000e-03 -2.20827000e-03 5.01640000e-04 4.26283000e-03 -3.97781000e-03 -3.01625000e-03 9.73140000e-04 7.82220000e-04 1.87740000e-03 7.72859000e-03 -1.28561000e-03 1.79448000e-03 -1.84349000e-03 -6.39757000e-03 7.03770000e-04 2.89087000e-03 1.41237000e-03 1.98107000e-03 1.36491000e-03 6.09194100e-02 5.24923000e-03 -1.39867000e-03 -7.83200000e-05 -7.92341000e-03 2.36560000e-03 -2.88413000e-03 8.76860000e-04 6.29450000e-03 5.14630000e-04 -2.80602000e-03 1.67258000e-03 7.83871000e-03 5.30590000e-04 4.07499000e-03 7.22310000e-04 6.94192000e-03 -1.26662000e-03 2.50162000e-03 -1.24179000e-03 9.00540000e-04 3.29446000e-03 2.25626000e-03 -9.47620000e-04 -1.81432000e-03 4.73760000e-04 -1.76480000e-04 -4.53100000e-04 4.17310000e-04 1.63556000e-03 -3.65207000e-03 -1.57321000e-03 -2.56667000e-03 1.89710000e-04 -6.89351000e-03 -4.39324000e-03 -2.24864000e-03 1.20492000e-03 1.41084000e-03 -1.35051000e-03 1.53948000e-03 4.67074000e-03 1.37896000e-03 4.25234000e-03 -4.34260000e-03 3.94810000e-04 -3.91210000e-04 -1.49930000e-04 2.02245000e-03 -1.50243000e-03 -1.11699000e-03 -2.59434000e-03 -2.54176000e-03 -4.07820000e-04 8.47288000e-03 4.07105000e-03 7.28460000e-04 2.35511000e-03 4.13122000e-03 -1.42726000e-03
-1.33707000e-03 -9.31060000e-04 -8.06430000e-04 9.62780000e-04 -9.29170000e-04 -4.05450000e-04 2.90000000e-07 4.26019000e-03 5.14880000e-04 -2.09294000e-03 3.90320000e-04 3.61511000e-03 5.90584000e-03 -1.17610000e-03 2.55190000e-04 1.58670000e-04 -9.89510000e-04 -1.36578000e-03 1.22469000e-03 2.25297000e-03 8.48140000e-04 1.21635000e-03 4.02510000e-04 -1.74000000e-05 1.11709000e-03 -9.48160000e-04 -1.14391000e-03 1.36300000e-05 2.80812000e-03 -2.74172000e-03 -2.92950000e-03 6.30630000e-04 2.10000000e-05 1.49410000e-04 4.16153000e-03 -5.92690000e-04 2.08300000e-04 -9.38640000e-04 -3.47015000e-03 3.47120000e-04 1.77898000e-03 6.80330000e-04 8.54360000e-04 1.10959000e-03 5.24923000e-03 1.53333000e-02 -4.24630000e-04 -4.47000000e-04 -4.95032000e-03 1.07327000e-03 -1.51634000e-03 2.57830000e-04 2.77941000e-03 8.50100000e-05 -1.66293000e-03 9.81650000e-04 4.43596000e-03 4.32000000e-05 2.48502000e-03 1.52060000e-04 3.50051000e-03 -6.35790000e-04 1.30422000e-03 -4.76580000e-04 6.87520000e-04 1.82119000e-03 1.10087000e-03 -4.36830000e-04 -1.56131000e-03 8.06000000e-05 -4.18700000e-05 -5.70920000e-04 1.41390000e-04 1.27441000e-03 -2.03749000e-03 -8.11050000e-04 -2.35992000e-03 -2.15450000e-04 -4.10144000e-03 -2.12752000e-03 -1.11066000e-03 4.95510000e-04 7.73340000e-04 -6.63630000e-04 1.07781000e-03 1.88484000e-03 1.03214000e-03 3.02914000e-03 -2.58663000e-03 2.24090000e-04 -4.00090000e-04 -6.40710000e-04 1.09064000e-03 -3.76220000e-04 -5.06570000e-04 -1.20320000e-03 -1.39739000e-03 -5.00200000e-05 5.42097000e-03 2.67603000e-03 5.44180000e-04 1.69723000e-03 2.42949000e-03 -9.98300000e-04
6.78690000e-04 8.70200000e-05 8.56200000e-05 -1.19676000e-03 2.62220000e-04 3.87970000e-04 1.31732000e-03 -1.48138000e-03 3.67710000e-04 1.09947000e-03 -8.06520000e-04 1.15791000e-03 -1.14641000e-03 1.14905000e-03 5.11250000e-04 -1.10993000e-03 -7.77250000e-04 8.59000000e-04 -1.34565000e-03 -8.79100000e-05 3.18400000e-04 -5.53430000e-04 1.20497000e-03 -1.12400000e-03 -1.10208000e-03 6.14230000e-04 4.36870000e-04 2.03900000e-05 3.12440000e-04 -1.81700000e-05 -1.28548000e-03 6.38590000e-04 -2.55790000e-04 -7.21500000e-04 -1.52565000e-03 -3.45000000e-06 -1.24359000e-03 1.98640000e-04 1.43308000e-03 2.15260000e-04 7.14400000e-05 4.83500000e-05 -2.84790000e-04 7.56810000e-04 -1.39867000e-03 -4.24630000e-04 1.71043400e-02 2.50210000e-04 4.23000000e-06 -1.52670000e-04 4.65640000e-04 -5.55170000e-04 -9.42170000e-04 1.78050000e-04 8.11310000e-04 1.80110000e-04 -4.32700000e-04 -4.30680000e-04 -1.92280000e-04 -1.90600000e-05 -1.40090000e-03 1.33340000e-04 1.72080000e-04 7.47280000e-04 -5.65720000e-04 1.20240000e-04 -3.12660000e-04 -1.62350000e-04 -1.15970000e-04 -4.61180000e-04 4.29770000e-04 -6.02600000e-05 -2.56140000e-04 2.85250000e-04 8.42200000e-04 6.21930000e-04 -2.19737000e-03 -4.04780000e-04 4.37940000e-04 1.46627000e-03 6.92520000e-04 2.48020000e-04 3.08730000e-04 5.58980000e-04 5.08670000e-04 -1.67476000e-03 1.57010000e-04 -2.61660000e-04 3.90750000e-04 -1.41800000e-05 -6.64580000e-04 -6.47350000e-04 -4.98530000e-04 -2.25180000e-04 4.54970000e-04 6.38550000e-04 6.67810000e-04 3.97240000e-04 -4.27170000e-04 -4.20190000e-04 -3.04220000e-04 -1.33960000e-04 -3.26820000e-04 2.77850000e-04
3.69460000e-04 8.76900000e-05 3.21450000e-04 8.79000000e-05 1.12140000e-04 2.07800000e-04 9.54300000e-05 -6.28850000e-04 9.72400000e-05 2.28940000e-04 -9.30200000e-05 -1.36390000e-04 -2.77270000e-04 3.43110000e-04 1.50910000e-04 -1.13580000e-04 2.66210000e-04 3.54070000e-04 -2.09440000e-04 7.85000000e-06 3.05210000e-04 -3.24340000e-04 -2.10100000e-04 1.02560000e-04 -2.95810000e-04 1.64420000e-04 1.40330000e-04 1.24640000e-04 -2.03340000e-04 6.56210000e-04 5.94720000e-04 1.13430000e-04 1.01890000e-04 3.45190000e-04 -4.74000000e-04 -2.28200000e-04 5.02000000e-06 -1.60800000e-05 8.26760000e-04 1.09910000e-04 -1.13680000e-04 -3.26100000e-05 1.07620000e-04 7.09000000e-06 -7.83200000e-05 -4.47000000e-04 2.50210000e-04 2.64944500e-02 6.04180000e-04 2.05760000e-04 1.46950000e-04 -1.03780000e-04 -5.36000000e-05 1.82060000e-04 3.76740000e-04 -1.40430000e-04 -2.25690000e-04 -5.29500000e-05 -1.94900000e-04 2.40010000e-04 -2.39720000e-04 -3.67800000e-05 3.96800000e-05 2.47870000e-04 -3.25920000e-04 -9.39100000e-05 7.15700000e-05 -3.92500000e-05 3.74370000e-04 1.08000000e-06 1.29300000e-04 2.37260000e-04 3.22000000e-06 -5.10500000e-05 5.51440000e-04 3.03950000e-04 4.65000000e-05 1.37200000e-05 6.17980000e-04 4.50950000e-04 1.42310000e-04 1.04100000e-04 6.53800000e-05 2.02070000e-04 5.06900000e-05 -9.89900000e-05 -6.93000000e-05 -6.22740000e-04 2.46100000e-04 -5.76700000e-05 -1.80400000e-04 1.21800000e-05 -1.88420000e-04 -5.03780000e-04 6.05000000e-05 -6.41700000e-05 1.70330000e-04 2.76400000e-05 -6.50640000e-04 -4.42250000e-04 -2.24740000e-04 -3.38490000e-04 -1.82280000e-04 1.11850000e-04
2.07447000e-03 1.59617000e-03 1.34513000e-03 -1.23167000e-03 1.30976000e-03 -1.81660000e-04 -5.23810000e-04 -6.72046000e-03 -1.05505000e-03 3.03515000e-03 -1.50150000e-04 -5.70651000e-03 -8.97022000e-03 1.34672000e-03 -6.56200000e-04 2.94460000e-04 3.01007000e-03 1.88905000e-03 -1.45316000e-03 -3.75348000e-03 -1.76183000e-03 -1.11628000e-03 -1.14683000e-03 3.91610000e-04 -1.06131000e-03 1.15856000e-03 1.81162000e-03 -3.58690000e-04 -4.54345000e-03 4.88025000e-03 6.51433000e-03 -1.53479000e-03 -1.84610000e-04 4.43410000e-04 -6.03719000e-03 1.07226000e-03 5.07200000e-05 1.54133000e-03 5.13539000e-03 -8.60090000e-04 -3.29504000e-03 -1.49664000e-03 -1.45121000e-03 -2.03252000e-03 -7.92341000e-03 -4.95032000e-03 4.23000000e-06 6.04180000e-04 5.17241200e-02 -1.79829000e-03 2.25056000e-03 -3.50790000e-04 -4.01085000e-03 -5.68670000e-04 2.35190000e-03 -1.89723000e-03 -6.95676000e-03 -5.45900000e-05 -5.08429000e-03 -3.79510000e-04 -5.26869000e-03 1.10117000e-03 -2.35070000e-03 5.66530000e-04 -3.01490000e-04 -3.21323000e-03 -1.73553000e-03 1.11945000e-03 2.92149000e-03 1.25290000e-04 -3.80280000e-04 9.33950000e-04 -2.23480000e-04 -2.05570000e-03 3.24981000e-03 1.03813000e-03 5.49338000e-03 3.92890000e-04 7.14496000e-03 2.62221000e-03 1.44854000e-03 -1.21851000e-03 -1.64577000e-03 8.36400000e-04 -1.95606000e-03 -2.40830000e-03 -1.62886000e-03 -4.25582000e-03 4.72427000e-03 -6.53420000e-04 8.24230000e-04 1.15027000e-03 -1.76915000e-03 1.52706000e-03 5.82230000e-04 1.70868000e-03 1.86706000e-03 -4.43500000e-05 -8.50712000e-03 -4.18547000e-03 -5.69330000e-04 -2.42069000e-03 -3.93738000e-03 1.30663000e-03
-3.22860000e-04 -3.13850000e-04 -5.06900000e-05 7.49780000e-04 -2.75610000e-04 7.20200000e-05 -9.88800000e-05 1.44118000e-03 2.98400000e-04 -7.51380000e-04 1.84250000e-04 1.02074000e-03 2.34636000e-03 -3.71180000e-04 1.98550000e-04 1.65900000e-04 -2.75900000e-04 -3.91740000e-04 5.10080000e-04 1.00853000e-03 5.37590000e-04 2.63120000e-04 -1.33400000e-04 3.27410000e-04 3.50620000e-04 -2.64190000e-04 -3.78270000e-04 1.93550000e-04 8.81280000e-04 -7.27980000e-04 -7.72360000e-04 3.36880000e-04 2.11650000e-04 4.27060000e-04 1.53345000e-03 -4.49270000e-04 3.66510000e-04 -3.91570000e-04 -1.02242000e-03 2.76510000e-04 7.08460000e-04 3.73070000e-04 5.48400000e-04 3.20050000e-04 2.36560000e-03 1.07327000e-03 -1.52670000e-04 2.05760000e-04 -1.79829000e-03 1.54591800e-02 -4.87070000e-04 1.79050000e-04 1.29026000e-03 2.05360000e-04 -4.35720000e-04 3.93700000e-04 1.67803000e-03 5.12800000e-05 1.18739000e-03 3.22220000e-04 1.49125000e-03 -2.73840000e-04 6.14370000e-04 -6.52000000e-05 4.22100000e-05 7.28500000e-04 5.93400000e-04 -1.98330000e-04 -3.55140000e-04 9.12300000e-05 1.52380000e-04 2.11900000e-05 1.47220000e-04 4.33340000e-04 -5.55130000e-04 -1.80610000e-04 -7.62080000e-04 4.33400000e-05 -1.36748000e-03 -6.48690000e-04 -3.72290000e-04 3.18290000e-04 4.11050000e-04 -1.16440000e-04 4.26010000e-04 9.84100000e-04 3.75920000e-04 7.70960000e-04 -1.03326000e-03 1.25040000e-04 -1.20860000e-04 -1.08690000e-04 4.56280000e-04 -6.17360000e-04 -1.31730000e-04 -4.74340000e-04 -4.33570000e-04 9.49000000e-06 1.75342000e-03 8.30360000e-04 1.32870000e-04 4.72740000e-04 9.13840000e-04 -2.13720000e-04
8.11370000e-04 4.97160000e-04 4.41090000e-04 -7.59070000e-04 5.16880000e-04 3.18270000e-04 3.03140000e-04 -2.50775000e-03 -5.89500000e-05 1.35713000e-03 -3.40250000e-04 -1.50789000e-03 -3.13303000e-03 7.84540000e-04 7.85800000e-05 -2.95790000e-04 3.04260000e-04 8.76900000e-04 -9.47500000e-04 -1.08542000e-03 -4.53890000e-04 -5.54190000e-04 1.16170000e-04 -2.88040000e-04 -7.26290000e-04 6.29240000e-04 7.09060000e-04 -1.14600000e-05 -1.31649000e-03 1.22199000e-03 9.89140000e-04 -1.87730000e-04 -7.36900000e-05 -2.19540000e-04 -2.29968000e-03 1.01080000e-04 -4.29560000e-04 5.68090000e-04 1.90101000e-03 -7.11100000e-05 -8.76750000e-04 -2.86010000e-04 -4.33050000e-04 -3.78350000e-04 -2.88413000e-03 -1.51634000e-03 4.65640000e-04 1.46950000e-04 2.25056000e-03 -4.87070000e-04 2.42599500e-02 -2.18880000e-04 -1.53197000e-03 -2.43000000e-05 1.07276000e-03 -3.42440000e-04 -2.23406000e-03 -1.91290000e-04 -1.18347000e-03 -2.31300000e-05 -2.00126000e-03 4.00020000e-04 -5.56020000e-04 4.89700000e-04 -3.47750000e-04 -8.12630000e-04 -5.39580000e-04 2.81630000e-04 7.37410000e-04 -1.54450000e-04 2.36440000e-04 3.12730000e-04 -8.09400000e-05 -4.35950000e-04 1.16053000e-03 4.86390000e-04 5.27130000e-04 1.89900000e-05 2.00629000e-03 1.36734000e-03 7.28910000e-04 -2.12300000e-04 -2.43130000e-04 5.31250000e-04 -3.63690000e-04 -1.30161000e-03 -3.41050000e-04 -1.28765000e-03 1.32772000e-03 -1.31580000e-04 7.21700000e-05 1.39300000e-05 -5.96220000e-04 2.66540000e-04 4.48910000e-04 8.78590000e-04 8.66360000e-04 1.95410000e-04 -2.51121000e-03 -1.24093000e-03 -1.96000000e-04 -6.77630000e-04 -1.21660000e-03 5.87560000e-04
-2.39820000e-04 -9.82000000e-06 4.08200000e-05 8.50320000e-04 3.12800000e-05 -3.23100000e-05 -5.68340000e-04 6.67640000e-04 -6.35300000e-05 -4.65100000e-04 4.94190000e-04 -5.89100000e-04 7.33600000e-04 -4.84480000e-04 -1.98520000e-04 6.68440000e-04 3.10000000e-06 -4.46080000e-04 8.37330000e-04 2.28860000e-04 -7.14900000e-05 2.29000000e-04 -1.04368000e-03 7.70410000e-04 6.16290000e-04 -1.66370000e-04 -2.83850000e-04 2.25150000e-04 -2.25470000e-04 -9.61400000e-05 4.14540000e-04 -1.37620000e-04 3.35930000e-04 3.93680000e-04 8.10710000e-04 1.33660000e-04 8.61540000e-04 -1.76300000e-05 -8.17370000e-04 3.26100000e-05 1.12800000e-05 2.19750000e-04 3.16770000e-04 -3.67660000e-04 8.76860000e-04 2.57830000e-04 -5.55170000e-04 -1.03780000e-04 -3.50790000e-04 1.79050000e-04 -2.18880000e-04 1.03327600e-02 6.08330000e-04 9.71900000e-05 -3.08850000e-04 1.45070000e-04 2.34930000e-04 2.52790000e-04 5.31470000e-04 2.02900000e-04 8.84760000e-04 1.15800000e-05 7.65500000e-05 -3.15040000e-04 1.87040000e-04 1.50780000e-04 3.48160000e-04 6.52700000e-05 1.32060000e-04 3.13190000e-04 -8.10500000e-05 1.71460000e-04 2.83240000e-04 -1.43630000e-04 -4.45680000e-04 -1.99340000e-04 1.02633000e-03 3.46990000e-04 -3.90800000e-04 -8.59020000e-04 -2.23760000e-04 2.33700000e-05 2.80000000e-07 -2.20900000e-04 -2.23320000e-04 1.03936000e-03 -4.36100000e-05 9.60000000e-06 -2.86480000e-04 1.54400000e-04 4.78680000e-04 5.39810000e-04 3.96170000e-04 -1.63220000e-04 -1.28310000e-04 -1.61080000e-04 -1.87960000e-04 -9.22700000e-05 2.37620000e-04 2.55150000e-04 1.97450000e-04 1.39470000e-04 2.55580000e-04 2.24000000e-06
-8.21950000e-04 -8.40340000e-04 -4.24680000e-04 2.06075000e-03 -7.99010000e-04 -4.26880000e-04 -7.09160000e-04 3.86136000e-03 2.65420000e-04 -2.24232000e-03 7.54870000e-04 2.51488000e-03 6.14014000e-03 -1.52122000e-03 -1.82700000e-05 9.50630000e-04 -7.63700000e-05 -1.57483000e-03 1.42655000e-03 2.45864000e-03 8.75240000e-04 1.03130000e-03 -5.35430000e-04 1.29828000e-03 1.38028000e-03 -1.01414000e-03 -1.26952000e-03 3.44600000e-04 2.02295000e-03 -1.99990000e-03 -1.04550000e-03 3.85290000e-04 5.68250000e-04 1.41390000e-03 4.15728000e-03 -6.40320000e-04 1.27814000e-03 -9.26290000e-04 -3.61851000e-03 3.38780000e-04 1.39338000e-03 7.36330000e-04 1.07630000e-03 5.38370000e-04 6.29450000e-03 2.77941000e-03 -9.42170000e-04 -5.36000000e-05 -4.01085000e-03 1.29026000e-03 -1.53197000e-03 6.08330000e-04 3.70852100e-02 3.05290000e-04 -1.43688000e-03 9.13080000e-04 4.03271000e-03 3.26830000e-04 1.88090000e-03 3.95560000e-04 3.79783000e-03 -6.05950000e-04 1.32674000e-03 -7.79840000e-04 6.15930000e-04 1.75405000e-03 1.25577000e-03 -4.05900000e-04 -7.13660000e-04 3.06120000e-04 -1.19430000e-04 -1.30830000e-04 2.61960000e-04 7.57120000e-04 -2.05595000e-03 -9.09800000e-04 -9.51520000e-04 1.97100000e-04 -3.65424000e-03 -2.62353000e-03 -1.24859000e-03 5.87500000e-04 7.46750000e-04 -8.30380000e-04 6.68360000e-04 2.72448000e-03 6.82610000e-04 2.21269000e-03 -2.11850000e-03 2.38770000e-04 -2.99100000e-05 1.51360000e-04 1.15882000e-03 -6.44130000e-04 -5.89320000e-04 -1.38566000e-03 -1.32551000e-03 -2.59360000e-04 4.41644000e-03 2.17309000e-03 4.81920000e-04 1.26763000e-03 2.19112000e-03 -6.35040000e-04
1.69020000e-04 -1.13110000e-04 8.43800000e-05 1.90750000e-04 2.96200000e-05 2.46300000e-04 1.14000000e-04 1.95390000e-04 1.36120000e-04 1.04700000e-05 -7.50000000e-06 3.78280000e-04 4.75010000e-04 1.08670000e-04 1.18950000e-04 -1.96900000e-05 -3.92640000e-04 1.46700000e-05 -4.48000000e-05 3.80250000e-04 2.34700000e-04 -1.98420000e-04 -1.07740000e-04 1.09270000e-04 -1.12530000e-04 4.32700000e-05 -1.65120000e-04 2.41800000e-04 1.35610000e-04 -1.64650000e-04 -4.34490000e-04 1.89150000e-04 2.08030000e-04 1.06380000e-04 1.56610000e-04 -1.70320000e-04 5.45200000e-05 -6.88000000e-05 -1.61870000e-04 2.03160000e-04 2.33850000e-04 2.43900000e-04 2.16270000e-04 1.53670000e-04 5.14630000e-04 8.50100000e-05 1.78050000e-04 1.82060000e-04 -5.68670000e-04 2.05360000e-04 -2.43000000e-05 9.71900000e-05 3.05290000e-04 1.31913800e-02 1.91290000e-04 2.61800000e-04 3.12100000e-04 6.27500000e-05 4.56120000e-04 2.26690000e-04 2.68800000e-04 -7.42800000e-05 2.94490000e-04 3.28700000e-05 -2.96590000e-04 3.50120000e-04 2.14630000e-04 -1.88080000e-04 3.69300000e-05 -4.04000000e-06 2.05810000e-04 1.47790000e-04 9.05100000e-05 3.34400000e-05 -9.37400000e-05 5.96900000e-05 -5.90110000e-04 6.39100000e-05 -4.15290000e-04 -2.94000000e-05 3.26100000e-05 2.44430000e-04 2.97940000e-04 3.90400000e-05 1.51310000e-04 1.23460000e-04 3.57800000e-05 -9.51900000e-05 -1.65390000e-04 1.45460000e-04 1.02000000e-06 9.19200000e-05 1.38950000e-04 -4.64090000e-04 7.67700000e-05 -9.00000000e-08 9.82100000e-05 5.81000000e-05 2.55960000e-04 1.53600000e-04 -3.69500000e-05 2.53700000e-05 2.36590000e-04 1.02010000e-04
1.38254000e-03 4.27330000e-04 6.01230000e-04 -8.27980000e-04 5.87060000e-04 4.85320000e-04 6.21770000e-04 -2.93780000e-03 2.15200000e-05 1.75162000e-03 -5.23620000e-04 -9.41970000e-04 -3.15176000e-03 1.08291000e-03 2.13510000e-04 -4.95790000e-04 1.63280000e-04 1.07731000e-03 -1.42658000e-03 -8.62260000e-04 -3.52070000e-04 -7.72400000e-04 1.16480000e-04 -3.13660000e-04 -1.06721000e-03 7.46920000e-04 6.46640000e-04 1.48330000e-04 -1.36212000e-03 1.33137000e-03 9.54540000e-04 -1.48300000e-05 3.00300000e-05 -1.37100000e-05 -2.64502000e-03 1.74510000e-04 -6.09810000e-04 5.59350000e-04 2.12454000e-03 7.61200000e-05 -9.14140000e-04 -1.86190000e-04 -3.71740000e-04 -1.93970000e-04 -2.80602000e-03 -1.66293000e-03 8.11310000e-04 3.76740000e-04 2.35190000e-03 -4.35720000e-04 1.07276000e-03 -3.08850000e-04 -1.43688000e-03 1.91290000e-04 4.25662100e-02 -1.65640000e-04 -2.29201000e-03 -2.34290000e-04 -1.40962000e-03 1.46970000e-04 -2.28895000e-03 3.73100000e-04 -3.58340000e-04 6.36260000e-04 -6.88350000e-04 -5.96420000e-04 -4.84200000e-04 1.27130000e-04 1.01888000e-03 -2.71920000e-04 4.15640000e-04 5.05300000e-04 -1.48650000e-04 -4.46250000e-04 1.33609000e-03 6.47570000e-04 -1.47470000e-04 -2.20500000e-05 2.04393000e-03 1.55766000e-03 8.81780000e-04 -2.49100000e-05 2.39000000e-06 6.62730000e-04 -2.64880000e-04 -1.56916000e-03 -3.70470000e-04 -1.52008000e-03 1.70084000e-03 -1.12710000e-04 -2.11400000e-05 3.80900000e-05 -6.66930000e-04 -2.79000000e-05 6.10650000e-04 1.10324000e-03 1.18374000e-03 3.44150000e-04 -2.64694000e-03 -1.35199000e-03 -2.73420000e-04 -7.27250000e-04 -1.22282000e-03 7.85750000e-04
-4.48700000e-05 -3.17670000e-04 -1.56770000e-04 2.79930000e-04 -1.47490000e-04 1.68040000e-04 3.14240000e-04 1.03281000e-03 3.03260000e-04 -3.07200000e-04 -1.72300000e-05 1.54322000e-03 1.84001000e-03 -1.25100000e-04 2.35740000e-04 -1.02790000e-04 -8.37010000e-04 -2.90060000e-04 9.13900000e-05 9.57960000e-04 3.49360000e-04 1.30090000e-04 9.48800000e-05 -2.46400000e-05 9.94200000e-05 -7.48200000e-05 -3.43640000e-04 2.42740000e-04 8.79560000e-04 -1.03927000e-03 -1.44840000e-03 4.79120000e-04 1.71460000e-04 2.51000000e-06 1.03152000e-03 -1.22440000e-04 -1.81200000e-05 -2.27100000e-04 -1.10031000e-03 3.03570000e-04 6.42120000e-04 4.86030000e-04 3.76010000e-04 5.37710000e-04 1.67258000e-03 9.81650000e-04 1.80110000e-04 -1.40430000e-04 -1.89723000e-03 3.93700000e-04 -3.42440000e-04 1.45070000e-04 9.13080000e-04 2.61800000e-04 -1.65640000e-04 1.27480900e-02 1.35184000e-03 -3.41000000e-06 1.05274000e-03 2.36170000e-04 9.44520000e-04 -1.53860000e-04 6.66690000e-04 1.29000000e-06 -9.73900000e-05 8.81120000e-04 4.34930000e-04 -2.77170000e-04 -3.87230000e-04 -5.59100000e-05 2.36290000e-04 -1.34100000e-05 9.23800000e-05 4.15760000e-04 -5.81910000e-04 -1.33360000e-04 -1.50684000e-03 -1.67800000e-05 -1.49626000e-03 -5.16640000e-04 -1.25920000e-04 3.97350000e-04 5.21190000e-04 -3.97600000e-05 4.71590000e-04 3.92120000e-04 3.57570000e-04 8.05120000e-04 -7.34210000e-04 2.10560000e-04 -1.07790000e-04 -1.06800000e-04 3.85500000e-04 -4.46610000e-04 4.97900000e-05 -4.30500000e-05 -1.30320000e-04 1.41730000e-04 1.67307000e-03 8.22780000e-04 1.35630000e-04 5.46850000e-04 7.96660000e-04 -7.23100000e-05
-1.83545000e-03 -1.42191000e-03 -1.04403000e-03 1.41348000e-03 -1.39637000e-03 -4.23880000e-04 2.55100000e-05 6.24859000e-03 6.89090000e-04 -3.04818000e-03 4.29780000e-04 5.44876000e-03 8.66784000e-03 -1.50684000e-03 3.94650000e-04 5.43300000e-05 -1.41154000e-03 -1.80401000e-03 1.69408000e-03 3.38954000e-03 1.59966000e-03 1.26253000e-03 8.66180000e-04 -3.14300000e-05 1.29446000e-03 -1.34802000e-03 -1.57816000e-03 1.02590000e-04 4.22899000e-03 -3.68087000e-03 -4.13110000e-03 1.04171000e-03 1.00550000e-04 2.65390000e-04 5.88103000e-03 -1.16399000e-03 2.60000000e-04 -1.51920000e-03 -4.61891000e-03 5.92350000e-04 2.75129000e-03 1.04171000e-03 1.30719000e-03 1.75938000e-03 7.83871000e-03 4.43596000e-03 -4.32700000e-04 -2.25690000e-04 -6.95676000e-03 1.67803000e-03 -2.23406000e-03 2.34930000e-04 4.03271000e-03 3.12100000e-04 -2.29201000e-03 1.35184000e-03 3.47476300e-02 1.71570000e-04 3.73951000e-03 3.29380000e-04 5.06532000e-03 -1.10015000e-03 2.00571000e-03 -6.76750000e-04 5.34550000e-04 2.67342000e-03 1.54965000e-03 -9.32720000e-04 -2.21509000e-03 1.02580000e-04 -3.30300000e-05 -7.61510000e-04 1.74720000e-04 1.70299000e-03 -2.71869000e-03 -1.06744000e-03 -3.62599000e-03 -2.89310000e-04 -5.73425000e-03 -2.71187000e-03 -1.60554000e-03 9.43470000e-04 1.18680000e-03 -8.89580000e-04 1.68525000e-03 2.67942000e-03 1.32522000e-03 3.91347000e-03 -3.78792000e-03 3.07040000e-04 -7.99650000e-04 -8.63180000e-04 1.40647000e-03 -1.06111000e-03 -8.11420000e-04 -1.94654000e-03 -2.02382000e-03 -1.69800000e-04 7.36308000e-03 3.50951000e-03 4.74730000e-04 2.07580000e-03 3.42566000e-03 -1.42977000e-03
-2.39670000e-04 -6.08500000e-05 -1.80600000e-05 4.30590000e-04 -1.18630000e-04 -7.89700000e-05 -4.74180000e-04 9.50450000e-04 -2.21680000e-04 -4.34260000e-04 3.24690000e-04 -5.07240000e-04 3.48920000e-04 -3.73970000e-04 -2.59460000e-04 4.53590000e-04 1.44890000e-04 -3.38610000e-04 5.34080000e-04 4.72300000e-05 -1.08240000e-04 5.33100000e-05 -3.88840000e-04 5.06220000e-04 3.85230000e-04 -2.39960000e-04 -2.66610000e-04 9.59700000e-05 -2.01240000e-04 3.14000000e-05 3.41490000e-04 -2.48150000e-04 2.23630000e-04 1.98050000e-04 6.84540000e-04 9.80000000e-06 5.18960000e-04 -8.68400000e-05 -5.28100000e-04 2.99800000e-05 1.50000000e-04 1.47050000e-04 2.26660000e-04 -3.42180000e-04 5.30590000e-04 4.32000000e-05 -4.30680000e-04 -5.29500000e-05 -5.45900000e-05 5.12800000e-05 -1.91290000e-04 2.52790000e-04 3.26830000e-04 6.27500000e-05 -2.34290000e-04 -3.41000000e-06 1.71570000e-04 8.99127000e-03 1.50330000e-04 1.39000000e-04 4.11410000e-04 -8.46600000e-05 8.19000000e-06 -3.43910000e-04 3.76400000e-05 2.80500000e-05 9.83800000e-05 -5.59700000e-05 6.05700000e-05 3.10580000e-04 -1.05410000e-04 5.85300000e-05 1.52990000e-04 -1.91300000e-04 -3.61160000e-04 -1.76680000e-04 8.43260000e-04 3.41870000e-04 -2.66590000e-04 -5.96280000e-04 -2.57220000e-04 1.72730000e-04 -5.69800000e-05 -1.51870000e-04 -1.16190000e-04 6.93740000e-04 -1.69780000e-04 -1.15210000e-04 -1.94000000e-04 2.40020000e-04 4.81940000e-04 5.01050000e-04 3.73480000e-04 -1.28740000e-04 -2.01770000e-04 -2.63570000e-04 -2.62380000e-04 -1.60530000e-04 2.04190000e-04 3.26340000e-04 -3.13000000e-06 -3.14400000e-05 2.98990000e-04 -1.38160000e-04
-1.38618000e-03 -8.03420000e-04 -5.34130000e-04 1.16454000e-03 -5.66860000e-04 5.04420000e-04 2.75000000e-06 4.05084000e-03 7.22360000e-04 -1.73808000e-03 3.01080000e-04 2.37709000e-03 4.74083000e-03 -7.49780000e-04 4.43690000e-04 8.59000000e-06 -2.19992000e-03 -9.43940000e-04 1.57849000e-03 1.90108000e-03 1.03721000e-03 3.51590000e-04 -1.55410000e-04 5.52000000e-06 6.92480000e-04 -5.19910000e-04 -9.38100000e-04 3.88550000e-04 2.29248000e-03 -2.47473000e-03 -3.65829000e-03 9.21700000e-04 2.65890000e-04 -4.89180000e-04 3.51839000e-03 -4.64410000e-04 4.78090000e-04 -8.12160000e-04 -2.64896000e-03 6.14930000e-04 2.02843000e-03 1.02441000e-03 1.12165000e-03 9.01450000e-04 4.07499000e-03 2.48502000e-03 -1.92280000e-04 -1.94900000e-04 -5.08429000e-03 1.18739000e-03 -1.18347000e-03 5.31470000e-04 1.88090000e-03 4.56120000e-04 -1.40962000e-03 1.05274000e-03 3.73951000e-03 1.50330000e-04 1.57479100e-02 5.42760000e-04 3.43412000e-03 -6.23340000e-04 1.23603000e-03 -2.25930000e-04 -1.47680000e-04 1.69624000e-03 1.24350000e-03 -6.32770000e-04 -1.59873000e-03 1.85890000e-04 3.35060000e-04 -2.84460000e-04 4.33560000e-04 1.04531000e-03 -1.55234000e-03 -4.68220000e-04 -2.25986000e-03 4.22100000e-05 -3.64975000e-03 -1.38144000e-03 -7.10160000e-04 6.72730000e-04 8.98720000e-04 -2.94790000e-04 9.38750000e-04 1.97637000e-03 8.92240000e-04 1.90986000e-03 -2.93167000e-03 5.42930000e-04 -1.15000000e-06 -1.42700000e-04 1.24936000e-03 -1.50481000e-03 -2.44790000e-04 -8.11510000e-04 -9.40700000e-04 9.06500000e-05 4.17580000e-03 2.14467000e-03 3.34460000e-04 1.22922000e-03 2.18824000e-03 -5.65570000e-04
2.17680000e-04 -5.95200000e-05 2.19780000e-04 4.78680000e-04 3.83200000e-05 3.28580000e-04 -5.60300000e-05 1.39070000e-04 1.79710000e-04 -6.53000000e-06 9.62200000e-05 1.48010000e-04 5.58580000e-04 -2.70200000e-05 1.43450000e-04 1.15800000e-04 -2.73160000e-04 1.10300000e-05 1.97890000e-04 3.49630000e-04 1.48870000e-04 -1.16080000e-04 -6.57810000e-04 3.44160000e-04 3.51200000e-05 5.45800000e-05 -1.16350000e-04 2.60960000e-04 -5.84100000e-05 2.60800000e-05 -5.23500000e-05 2.02470000e-04 2.74930000e-04 3.18250000e-04 3.65740000e-04 -8.98000000e-05 3.32690000e-04 -6.32800000e-05 -1.61990000e-04 2.60360000e-04 9.90400000e-05 3.13590000e-04 4.22460000e-04 -2.30700000e-05 7.22310000e-04 1.52060000e-04 -1.90600000e-05 2.40010000e-04 -3.79510000e-04 3.22220000e-04 -2.31300000e-05 2.02900000e-04 3.95560000e-04 2.26690000e-04 1.46970000e-04 2.36170000e-04 3.29380000e-04 1.39000000e-04 5.42760000e-04 1.55140700e-02 4.11870000e-04 -6.56900000e-05 2.74180000e-04 1.23700000e-04 -2.67860000e-04 3.05040000e-04 3.72110000e-04 -8.98500000e-05 2.29880000e-04 1.47160000e-04 2.09960000e-04 2.88560000e-04 1.62840000e-04 6.71700000e-05 6.24900000e-05 5.47100000e-05 -6.60500000e-05 2.24800000e-04 -1.99000000e-04 -2.23200000e-04 3.94000000e-06 2.96120000e-04 2.42210000e-04 1.75540000e-04 1.05630000e-04 5.32600000e-04 8.34900000e-05 -1.65880000e-04 -1.67650000e-04 8.91600000e-05 1.53770000e-04 2.25400000e-04 2.09020000e-04 -7.00210000e-04 8.15900000e-05 6.34700000e-05 6.35900000e-05 1.13030000e-04 1.62490000e-04 7.87100000e-05 -1.72100000e-05 5.69800000e-05 2.24700000e-04 9.58500000e-05
-1.87212000e-03 -1.07826000e-03 -7.14280000e-04 2.41351000e-03 -1.05675000e-03 -4.36240000e-04 -1.13435000e-03 5.69203000e-03 3.08250000e-04 -3.11778000e-03 1.11598000e-03 2.65483000e-03 7.31496000e-03 -1.99682000e-03 -8.70100000e-05 1.14535000e-03 -6.77510000e-04 -2.03645000e-03 2.65729000e-03 2.63248000e-03 1.02028000e-03 1.29438000e-03 -1.00773000e-03 1.20168000e-03 1.93735000e-03 -1.40469000e-03 -1.61836000e-03 2.86910000e-04 2.65880000e-03 -2.61220000e-03 -1.95636000e-03 3.17120000e-04 4.86570000e-04 8.78710000e-04 5.57371000e-03 -6.94440000e-04 1.57456000e-03 -1.22768000e-03 -4.54703000e-03 3.37330000e-04 1.96562000e-03 8.61210000e-04 1.34436000e-03 5.65660000e-04 6.94192000e-03 3.50051000e-03 -1.40090000e-03 -2.39720000e-04 -5.26869000e-03 1.49125000e-03 -2.00126000e-03 8.84760000e-04 3.79783000e-03 2.68800000e-04 -2.28895000e-03 9.44520000e-04 5.06532000e-03 4.11410000e-04 3.43412000e-03 4.11870000e-04 3.07694800e-02 -8.70120000e-04 1.38090000e-03 -1.12941000e-03 7.20970000e-04 1.93300000e-03 1.60361000e-03 -5.43360000e-04 -1.41489000e-03 5.24470000e-04 -2.76790000e-04 -3.28720000e-04 5.04650000e-04 9.32070000e-04 -2.68995000e-03 -1.19207000e-03 -6.53260000e-04 2.38290000e-04 -4.59421000e-03 -3.26187000e-03 -1.66889000e-03 4.83140000e-04 7.16570000e-04 -1.13699000e-03 7.02470000e-04 3.66650000e-03 8.30920000e-04 2.82279000e-03 -3.16812000e-03 3.30770000e-04 1.26200000e-04 1.48570000e-04 1.55899000e-03 -8.86820000e-04 -8.78210000e-04 -1.86172000e-03 -1.86407000e-03 -3.77980000e-04 5.50566000e-03 2.82054000e-03 6.83360000e-04 1.62974000e-03 2.77759000e-03 -1.07858000e-03
3.43470000e-04 3.25520000e-04 1.76330000e-04 -2.10240000e-04 3.26270000e-04 2.89800000e-05 1.00640000e-04 -1.27866000e-03 -3.31100000e-05 5.67580000e-04 -5.97300000e-05 -8.70170000e-04 -1.41782000e-03 2.86910000e-04 -1.43900000e-05 2.54400000e-05 2.39850000e-04 3.17800000e-04 -2.95760000e-04 -5.36020000e-04 -2.63380000e-04 -1.09130000e-04 -8.64000000e-05 4.63300000e-05 -1.53570000e-04 3.30300000e-04 3.58850000e-04 9.68000000e-06 -6.57680000e-04 5.35030000e-04 6.60530000e-04 -8.03600000e-05 7.27000000e-06 -3.24200000e-05 -1.01133000e-03 2.91810000e-04 4.72000000e-06 3.68900000e-04 7.76360000e-04 -8.59400000e-05 -5.09370000e-04 -1.29260000e-04 -2.28460000e-04 -2.34480000e-04 -1.26662000e-03 -6.35790000e-04 1.33340000e-04 -3.67800000e-05 1.10117000e-03 -2.73840000e-04 4.00020000e-04 1.15800000e-05 -6.05950000e-04 -7.42800000e-05 3.73100000e-04 -1.53860000e-04 -1.10015000e-03 -8.46600000e-05 -6.23340000e-04 -6.56900000e-05 -8.70120000e-04 1.20163200e-02 -3.00820000e-04 2.15340000e-04 6.00000000e-05 -4.01210000e-04 -2.50430000e-04 2.65680000e-04 3.67450000e-04 1.29000000e-06 3.09900000e-05 1.11120000e-04 -4.52000000e-06 -2.01720000e-04 5.14110000e-04 2.23500000e-04 6.07930000e-04 7.40600000e-05 9.83040000e-04 4.63450000e-04 3.63680000e-04 -1.41560000e-04 -1.90670000e-04 1.98670000e-04 -2.29680000e-04 -4.70930000e-04 -1.30570000e-04 -5.19650000e-04 6.36610000e-04 -5.99900000e-05 1.14130000e-04 1.31030000e-04 -2.60360000e-04 3.36130000e-04 2.07440000e-04 4.30830000e-04 3.86910000e-04 8.47600000e-05 -1.20487000e-03 -5.99250000e-04 -1.52700000e-05 -2.50040000e-04 -6.08260000e-04 3.13610000e-04
-2.01950000e-04 -4.40840000e-04 -2.07470000e-04 3.98610000e-04 -3.10850000e-04 1.15420000e-04 3.01610000e-04 1.52694000e-03 3.54260000e-04 -6.32320000e-04 -4.24000000e-06 2.05958000e-03 2.68080000e-03 -2.18950000e-04 2.84840000e-04 -1.32620000e-04 -7.34570000e-04 -3.89250000e-04 1.95780000e-04 1.28307000e-03 6.17370000e-04 1.93560000e-04 2.97690000e-04 -2.57200000e-05 1.63930000e-04 -2.17880000e-04 -4.45520000e-04 2.26900000e-04 1.30757000e-03 -1.19206000e-03 -1.59842000e-03 5.70010000e-04 1.65720000e-04 1.49790000e-04 1.53350000e-03 -4.20740000e-04 -3.11100000e-05 -4.20230000e-04 -1.31705000e-03 3.51040000e-04 8.78180000e-04 5.20950000e-04 4.94380000e-04 7.22920000e-04 2.50162000e-03 1.30422000e-03 1.72080000e-04 3.96800000e-05 -2.35070000e-03 6.14370000e-04 -5.56020000e-04 7.65500000e-05 1.32674000e-03 2.94490000e-04 -3.58340000e-04 6.66690000e-04 2.00571000e-03 8.19000000e-06 1.23603000e-03 2.74180000e-04 1.38090000e-03 -3.00820000e-04 1.87826300e-02 -3.59400000e-05 -7.46700000e-05 1.07267000e-03 5.53000000e-04 -3.81140000e-04 -5.41460000e-04 -5.10600000e-05 2.09020000e-04 -7.93600000e-05 7.33500000e-05 5.68440000e-04 -7.16280000e-04 -1.88810000e-04 -1.79869000e-03 -6.60300000e-05 -1.86859000e-03 -6.40090000e-04 -3.01280000e-04 5.05340000e-04 6.06890000e-04 -1.05510000e-04 6.72170000e-04 6.08660000e-04 4.52900000e-04 1.06560000e-03 -1.06734000e-03 1.71600000e-04 -3.30170000e-04 -2.77940000e-04 4.12240000e-04 -6.12110000e-04 -7.80600000e-05 -3.69090000e-04 -3.75780000e-04 7.61800000e-05 2.24833000e-03 1.03171000e-03 9.26800000e-05 6.23760000e-04 1.06258000e-03 -2.62060000e-04
6.27290000e-04 2.60550000e-04 2.58840000e-04 -6.31130000e-04 3.04880000e-04 4.30510000e-04 7.38070000e-04 -1.52857000e-03 3.51240000e-04 9.00500000e-04 -5.01900000e-04 2.10010000e-04 -1.21679000e-03 7.60770000e-04 4.37030000e-04 -6.82470000e-04 -3.46030000e-04 7.78350000e-04 -8.83530000e-04 -2.95680000e-04 8.20500000e-05 -4.05500000e-04 5.47280000e-04 -5.98630000e-04 -7.41450000e-04 5.98950000e-04 5.96420000e-04 4.20000000e-06 -1.39660000e-04 3.43560000e-04 -3.05800000e-04 4.49150000e-04 -1.54880000e-04 -3.10760000e-04 -1.33158000e-03 1.09620000e-04 -6.44270000e-04 2.85420000e-04 1.31400000e-03 1.39400000e-04 -1.43610000e-04 -3.05900000e-05 -1.34210000e-04 3.08080000e-04 -1.24179000e-03 -4.76580000e-04 7.47280000e-04 2.47870000e-04 5.66530000e-04 -6.52000000e-05 4.89700000e-04 -3.15040000e-04 -7.79840000e-04 3.28700000e-05 6.36260000e-04 1.29000000e-06 -6.76750000e-04 -3.43910000e-04 -2.25930000e-04 1.23700000e-04 -1.12941000e-03 2.15340000e-04 -3.59400000e-05 1.37296500e-02 -3.13690000e-04 -1.33870000e-04 -1.59190000e-04 1.13870000e-04 1.96020000e-04 -2.30900000e-04 3.28780000e-04 1.00830000e-04 -1.23010000e-04 2.21950000e-04 1.00208000e-03 4.91880000e-04 -8.19220000e-04 -1.98310000e-04 9.47920000e-04 1.14538000e-03 6.06360000e-04 5.69200000e-05 8.97200000e-05 6.11830000e-04 2.10310000e-04 -1.02438000e-03 1.76490000e-04 -4.37380000e-04 4.18330000e-04 -4.39300000e-05 -2.60540000e-04 -2.55280000e-04 -3.24340000e-04 -2.80390000e-04 4.10620000e-04 5.87790000e-04 5.32680000e-04 2.90640000e-04 -7.92980000e-04 -5.53640000e-04 -2.21510000e-04 -2.32840000e-04 -4.25300000e-04 3.26810000e-04
-6.09750000e-04 3.44900000e-05 -2.51250000e-04 3.63700000e-04 -1.64620000e-04 -6.05830000e-04 -4.43880000e-04 7.28780000e-04 -1.34750000e-04 -6.99140000e-04 4.07000000e-04 -1.66740000e-04 9.38520000e-04 -5.94460000e-04 -2.38090000e-04 5.14290000e-04 6.29780000e-04 -5.27100000e-04 6.37120000e-04 1.06650000e-04 -1.23980000e-04 7.21290000e-04 -6.68700000e-05 3.34720000e-04 7.55160000e-04 -3.12140000e-04 -1.14060000e-04 -1.86760000e-04 2.76110000e-04 -3.22910000e-04 4.36730000e-04 -2.50460000e-04 -5.35300000e-05 2.48840000e-04 9.44160000e-04 8.15200000e-05 4.22730000e-04 -3.83900000e-05 -8.55480000e-04 -2.23490000e-04 -1.63000000e-05 -1.36670000e-04 -4.93400000e-05 -1.58390000e-04 9.00540000e-04 6.87520000e-04 -5.65720000e-04 -3.25920000e-04 -3.01490000e-04 4.22100000e-05 -3.47750000e-04 1.87040000e-04 6.15930000e-04 -2.96590000e-04 -6.88350000e-04 -9.73900000e-05 5.34550000e-04 3.76400000e-05 -1.47680000e-04 -2.67860000e-04 7.20970000e-04 6.00000000e-05 -7.46700000e-05 -3.13690000e-04 7.50686000e-03 -3.50100000e-05 5.06800000e-05 2.77690000e-04 -2.53250000e-04 1.79110000e-04 -3.37030000e-04 -2.53980000e-04 5.10200000e-05 1.05280000e-04 -5.42860000e-04 -3.17240000e-04 9.11290000e-04 3.52100000e-05 -4.07740000e-04 -7.76790000e-04 -3.64200000e-04 -2.42830000e-04 -2.45610000e-04 -3.57670000e-04 -7.28900000e-05 6.20920000e-04 1.22640000e-04 7.75880000e-04 -3.69170000e-04 -8.28800000e-05 5.41200000e-05 -5.22000000e-05 1.60650000e-04 7.42470000e-04 -2.88620000e-04 -4.25880000e-04 -5.32470000e-04 -1.97520000e-04 8.34230000e-04 4.55980000e-04 2.87360000e-04 3.36240000e-04 2.40280000e-04 -3.26220000e-04
-3.50330000e-04 -6.17390000e-04 -3.55090000e-04 5.63970000e-04 -4.37220000e-04 1.05790000e-04 3.21500000e-04 2.22573000e-03 4.32520000e-04 -9.29790000e-04 4.16500000e-05 2.69342000e-03 3.59679000e-03 -4.05730000e-04 3.22850000e-04 -1.19720000e-04 -1.06402000e-03 -6.21460000e-04 3.64230000e-04 1.65200000e-03 7.12720000e-04 3.27990000e-04 2.97170000e-04 -1.98400000e-05 3.03440000e-04 -3.57390000e-04 -6.85140000e-04 2.65990000e-04 1.73307000e-03 -1.71099000e-03 -2.19220000e-03 6.95610000e-04 1.98000000e-04 1.24060000e-04 2.16534000e-03 -3.68130000e-04 8.96000000e-06 -5.59340000e-04 -1.97398000e-03 4.16570000e-04 1.18206000e-03 6.65330000e-04 6.31540000e-04 9.10690000e-04 3.29446000e-03 1.82119000e-03 1.20240000e-04 -9.39100000e-05 -3.21323000e-03 7.28500000e-04 -8.12630000e-04 1.50780000e-04 1.75405000e-03 3.50120000e-04 -5.96420000e-04 8.81120000e-04 2.67342000e-03 2.80500000e-05 1.69624000e-03 3.05040000e-04 1.93300000e-03 -4.01210000e-04 1.07267000e-03 -1.33870000e-04 -3.50100000e-05 2.05442200e-02 7.38700000e-04 -4.88270000e-04 -7.80200000e-04 -5.17600000e-05 2.13990000e-04 -1.58590000e-04 9.45800000e-05 7.49620000e-04 -1.08937000e-03 -3.37080000e-04 -2.26642000e-03 -9.25200000e-05 -2.60258000e-03 -1.02994000e-03 -4.59390000e-04 5.99780000e-04 7.67260000e-04 -2.23830000e-04 8.11400000e-04 9.03260000e-04 6.04770000e-04 1.51413000e-03 -1.44613000e-03 2.50360000e-04 -3.18790000e-04 -2.78080000e-04 6.31180000e-04 -7.22810000e-04 -1.26310000e-04 -4.95060000e-04 -5.39010000e-04 8.27300000e-05 3.09468000e-03 1.47180000e-03 1.85570000e-04 8.99430000e-04 1.46454000e-03 -3.65250000e-04
-3.03060000e-04 -3.16710000e-04 -6.11900000e-05 8.91470000e-04 -2.33330000e-04 1.02030000e-04 -2.40580000e-04 1.52166000e-03 2.54500000e-04 -7.76450000e-04 3.19160000e-04 9.26630000e-04 2.31202000e-03 -4.96070000e-04 1.18390000e-04 3.11450000e-04 -4.42980000e-04 -5.06230000e-04 7.37770000e-04 9.49270000e-04 3.72780000e-04 3.06680000e-04 -6.79740000e-04 4.59370000e-04 5.01950000e-04 -2.95500000e-04 -4.92950000e-04 2.37040000e-04 7.09470000e-04 -7.46110000e-04 -6.69460000e-04 2.69260000e-04 2.68830000e-04 4.15740000e-04 1.62671000e-03 -1.81590000e-04 5.48880000e-04 -3.47310000e-04 -1.30060000e-03 2.49000000e-04 6.08100000e-04 4.06880000e-04 5.92450000e-04 1.95740000e-04 2.25626000e-03 1.10087000e-03 -3.12660000e-04 7.15700000e-05 -1.73553000e-03 5.93400000e-04 -5.39580000e-04 3.48160000e-04 1.25577000e-03 2.14630000e-04 -4.84200000e-04 4.34930000e-04 1.54965000e-03 9.83800000e-05 1.24350000e-03 3.72110000e-04 1.60361000e-03 -2.50430000e-04 5.53000000e-04 -1.59190000e-04 5.06800000e-05 7.38700000e-04 1.24101500e-02 -1.71870000e-04 -2.49530000e-04 1.73710000e-04 8.33300000e-05 8.14500000e-05 2.19620000e-04 3.64000000e-04 -6.49640000e-04 -2.48450000e-04 -4.03700000e-04 1.26640000e-04 -1.39607000e-03 -9.87110000e-04 -4.00540000e-04 2.62450000e-04 3.75510000e-04 -1.85510000e-04 2.61430000e-04 1.20752000e-03 3.37650000e-04 7.09920000e-04 -9.36140000e-04 1.70860000e-04 1.20460000e-04 1.50700000e-04 5.75300000e-04 -6.58470000e-04 -1.42170000e-04 -4.11560000e-04 -4.15460000e-04 4.54000000e-06 1.70696000e-03 8.68610000e-04 1.93890000e-04 5.22260000e-04 9.35110000e-04 -2.07790000e-04
1.34740000e-04 3.24640000e-04 1.50920000e-04 1.38300000e-05 2.27050000e-04 -1.14860000e-04 -1.83280000e-04 -9.35970000e-04 -7.34800000e-05 2.73230000e-04 1.01490000e-04 -1.10745000e-03 -1.11908000e-03 2.48200000e-05 -7.01700000e-05 2.21350000e-04 5.26430000e-04 1.66160000e-04 -1.01100000e-05 -5.53660000e-04 -3.15610000e-04 1.07480000e-04 -3.37230000e-04 2.13690000e-04 1.01150000e-04 1.80180000e-04 3.04850000e-04 -7.70700000e-05 -6.51530000e-04 5.71060000e-04 9.87960000e-04 -2.19420000e-04 -1.80700000e-05 1.44450000e-04 -6.33460000e-04 3.16370000e-04 2.09200000e-04 2.96130000e-04 5.47380000e-04 -1.62150000e-04 -4.97480000e-04 -2.27680000e-04 -1.81860000e-04 -3.84330000e-04 -9.47620000e-04 -4.36830000e-04 -1.62350000e-04 -3.92500000e-05 1.11945000e-03 -1.98330000e-04 2.81630000e-04 6.52700000e-05 -4.05900000e-04 -1.88080000e-04 1.27130000e-04 -2.77170000e-04 -9.32720000e-04 -5.59700000e-05 -6.32770000e-04 -8.98500000e-05 -5.43360000e-04 2.65680000e-04 -3.81140000e-04 1.13870000e-04 2.77690000e-04 -4.88270000e-04 -1.71870000e-04 8.47536000e-03 3.48320000e-04 8.33900000e-05 -7.95200000e-05 7.94400000e-05 1.49900000e-05 -1.60620000e-04 4.01450000e-04 9.86900000e-05 1.08518000e-03 8.83300000e-05 9.28190000e-04 1.82930000e-04 1.74450000e-04 -2.72340000e-04 -2.96600000e-04 9.57600000e-05 -3.20920000e-04 -1.16620000e-04 -7.94700000e-05 -3.48230000e-04 4.98150000e-04 -8.92200000e-05 2.13060000e-04 1.67930000e-04 -1.40910000e-04 4.33360000e-04 9.32600000e-05 2.19750000e-04 1.68010000e-04 -1.98000000e-06 -9.48660000e-04 -4.40130000e-04 6.73300000e-05 -1.85160000e-04 -4.82880000e-04 1.84790000e-04
1.11500000e-03 4.85860000e-04 6.78980000e-04 1.94510000e-04 5.20740000e-04 1.61770000e-04 -3.11330000e-04 -2.36201000e-03 -2.53110000e-04 1.04397000e-03 9.69800000e-05 -1.87129000e-03 -2.46163000e-03 3.33800000e-04 -1.69400000e-04 3.81680000e-04 9.87910000e-04 5.45450000e-04 -4.34590000e-04 -8.68290000e-04 -5.49450000e-04 -4.15990000e-04 -1.13027000e-03 7.07610000e-04 -2.55200000e-04 4.10500000e-04 4.12770000e-04 1.70350000e-04 -1.76568000e-03 1.71061000e-03 2.54999000e-03 -4.24280000e-04 2.77360000e-04 7.67350000e-04 -1.81138000e-03 3.56330000e-04 4.76070000e-04 5.03760000e-04 1.38283000e-03 -1.17410000e-04 -1.16220000e-03 -2.66540000e-04 -1.65340000e-04 -7.96140000e-04 -1.81432000e-03 -1.56131000e-03 -1.15970000e-04 3.74370000e-04 2.92149000e-03 -3.55140000e-04 7.37410000e-04 1.32060000e-04 -7.13660000e-04 3.69300000e-05 1.01888000e-03 -3.87230000e-04 -2.21509000e-03 6.05700000e-05 -1.59873000e-03 2.29880000e-04 -1.41489000e-03 3.67450000e-04 -5.41460000e-04 1.96020000e-04 -2.53250000e-04 -7.80200000e-04 -2.49530000e-04 3.48320000e-04 3.81290300e-02 1.35930000e-04 2.03800000e-05 6.48020000e-04 5.20900000e-05 -7.22160000e-04 1.03787000e-03 3.34660000e-04 1.93207000e-03 3.40860000e-04 2.20804000e-03 4.75880000e-04 4.75780000e-04 -2.23880000e-04 -3.22120000e-04 3.15340000e-04 -6.99020000e-04 -2.93780000e-04 -5.27150000e-04 -1.62310000e-03 1.68997000e-03 -1.30900000e-04 5.03600000e-04 7.46700000e-04 -3.84820000e-04 4.14400000e-05 2.91730000e-04 6.61820000e-04 7.54460000e-04 5.11200000e-05 -2.79598000e-03 -1.36246000e-03 -1.42810000e-04 -7.58210000e-04 -1.17003000e-03 6.44050000e-04
-2.58530000e-04 3.34000000e-05 5.65600000e-05 5.51580000e-04 -1.84800000e-05 -1.46990000e-04 -4.94330000e-04 4.90930000e-04 -1.31220000e-04 -3.85510000e-04 3.93080000e-04 -6.01750000e-04 3.39290000e-04 -3.58560000e-04 -2.07590000e-04 5.11760000e-04 2.78450000e-04 -2.88400000e-04 6.85740000e-04 -4.61000000e-06 -8.57100000e-05 1.80240000e-04 -7.02650000e-04 5.48830000e-04 4.80640000e-04 -1.70010000e-04 -1.70500000e-04 7.81500000e-05 -2.22900000e-04 1.61300000e-04 6.30350000e-04 -2.13850000e-04 2.00540000e-04 2.79660000e-04 5.99680000e-04 2.13800000e-05 6.29140000e-04 -9.99000000e-06 -3.84500000e-04 -1.11200000e-05 -7.80000000e-05 7.89700000e-05 2.12300000e-04 -3.48610000e-04 4.73760000e-04 8.06000000e-05 -4.61180000e-04 1.08000000e-06 1.25290000e-04 9.12300000e-05 -1.54450000e-04 3.13190000e-04 3.06120000e-04 -4.04000000e-06 -2.71920000e-04 -5.59100000e-05 1.02580000e-04 3.10580000e-04 1.85890000e-04 1.47160000e-04 5.24470000e-04 1.29000000e-06 -5.10600000e-05 -2.30900000e-04 1.79110000e-04 -5.17600000e-05 1.73710000e-04 8.33900000e-05 1.35930000e-04 9.98501000e-03 -1.34600000e-04 9.73500000e-05 1.96360000e-04 -1.62760000e-04 -2.01470000e-04 -1.26650000e-04 1.14678000e-03 3.07500000e-04 1.40900000e-05 -5.72050000e-04 -1.99330000e-04 2.40500000e-05 -1.27890000e-04 -1.32390000e-04 -1.62540000e-04 7.77740000e-04 -1.01820000e-04 -8.03900000e-05 -1.34940000e-04 4.38600000e-05 3.31120000e-04 3.81470000e-04 1.99350000e-04 -5.02000000e-05 -1.65500000e-04 -2.07150000e-04 -2.24960000e-04 -1.16460000e-04 -6.52700000e-05 6.54600000e-05 8.37000000e-05 1.39900000e-05 7.66900000e-05 -9.49900000e-05
3.46720000e-04 -6.25000000e-06 1.37750000e-04 -1.69680000e-04 1.18400000e-04 3.73190000e-04 4.07920000e-04 -4.22920000e-04 2.64120000e-04 4.13700000e-04 -2.55730000e-04 3.00090000e-04 -2.07210000e-04 3.59400000e-04 2.97340000e-04 -3.16600000e-04 -4.90930000e-04 3.11470000e-04 -4.59720000e-04 1.47990000e-04 1.39010000e-04 -2.53820000e-04 2.21940000e-04 -2.14810000e-04 -3.99400000e-04 2.57610000e-04 9.35800000e-05 1.57920000e-04 3.51200000e-05 -1.05850000e-04 -6.78900000e-04 3.00120000e-04 6.69500000e-05 -1.15300000e-04 -3.67070000e-04 -1.09170000e-04 -2.83230000e-04 5.97600000e-05 3.51210000e-04 2.32780000e-04 1.32350000e-04 1.90250000e-04 1.12450000e-04 2.19470000e-04 -1.76480000e-04 -4.18700000e-05 4.29770000e-04 1.29300000e-04 -3.80280000e-04 1.52380000e-04 2.36440000e-04 -8.10500000e-05 -1.19430000e-04 2.05810000e-04 4.15640000e-04 2.36290000e-04 -3.30300000e-05 -1.05410000e-04 3.35060000e-04 2.09960000e-04 -2.76790000e-04 3.09900000e-05 2.09020000e-04 3.28780000e-04 -3.37030000e-04 2.13990000e-04 8.33300000e-05 -7.95200000e-05 2.03800000e-05 -1.34600000e-04 2.43531300e-02 1.34660000e-04 -1.89000000e-06 1.69410000e-04 2.55610000e-04 1.98590000e-04 -9.91070000e-04 -4.25600000e-05 -8.97500000e-05 4.72200000e-04 2.57600000e-04 2.13300000e-04 2.95200000e-04 2.92580000e-04 2.17530000e-04 -3.57860000e-04 1.42530000e-04 -1.01750000e-04 -8.56000000e-06 8.20500000e-05 -9.92800000e-05 -1.53830000e-04 -6.99000000e-06 -3.65760000e-04 2.76720000e-04 3.33230000e-04 3.25460000e-04 2.19240000e-04 1.06800000e-05 -7.96000000e-06 -4.12600000e-05 2.80600000e-05 3.82300000e-05 2.45900000e-04
5.30940000e-04 1.55910000e-04 3.72060000e-04 3.04810000e-04 2.37610000e-04 2.44550000e-04 -1.62950000e-04 -8.34740000e-04 -1.32400000e-05 4.36220000e-04 9.36500000e-05 -7.23720000e-04 -7.57380000e-04 1.25110000e-04 3.53000000e-06 2.17330000e-04 2.02060000e-04 2.16460000e-04 -5.91400000e-05 -1.72640000e-04 -1.53440000e-04 -2.31090000e-04 -7.59250000e-04 4.32780000e-04 -8.64200000e-05 1.89440000e-04 1.02680000e-04 2.12820000e-04 -7.42020000e-04 6.64750000e-04 9.10790000e-04 -9.16400000e-05 2.44460000e-04 4.16980000e-04 -5.66460000e-04 7.83000000e-05 3.46150000e-04 1.70100000e-04 4.40390000e-04 7.67800000e-05 -3.84800000e-04 4.89200000e-05 1.21760000e-04 -3.30650000e-04 -4.53100000e-04 -5.70920000e-04 -6.02600000e-05 2.37260000e-04 9.33950000e-04 2.11900000e-05 3.12730000e-04 1.71460000e-04 -1.30830000e-04 1.47790000e-04 5.05300000e-04 -1.34100000e-05 -7.61510000e-04 5.85300000e-05 -2.84460000e-04 2.88560000e-04 -3.28720000e-04 1.11120000e-04 -7.93600000e-05 1.00830000e-04 -2.53980000e-04 -1.58590000e-04 8.14500000e-05 7.94400000e-05 6.48020000e-04 9.73500000e-05 1.34660000e-04 1.97060000e-02 1.16870000e-04 -2.73260000e-04 3.88920000e-04 1.48980000e-04 6.73220000e-04 2.27260000e-04 7.25220000e-04 1.10290000e-04 1.98960000e-04 1.64200000e-05 1.29200000e-05 1.82560000e-04 -2.55070000e-04 1.20720000e-04 -1.79710000e-04 -7.18090000e-04 5.90420000e-04 1.74500000e-05 2.97710000e-04 4.02550000e-04 -3.16500000e-05 -2.87190000e-04 1.74990000e-04 3.29140000e-04 3.72370000e-04 8.25600000e-05 -1.03010000e-03 -4.76640000e-04 -2.68900000e-05 -2.63360000e-04 -3.47250000e-04 3.37850000e-04
-1.84550000e-04 -4.60000000e-07 6.01400000e-05 4.21880000e-04 1.92100000e-05 1.90600000e-05 -2.76600000e-04 4.20170000e-04 2.93000000e-06 -2.48630000e-04 2.83120000e-04 -2.73380000e-04 3.98340000e-04 -2.00860000e-04 -7.97500000e-05 3.28820000e-04 -5.43300000e-05 -1.95860000e-04 5.11630000e-04 1.36760000e-04 2.16500000e-05 8.55200000e-05 -5.48970000e-04 3.45880000e-04 3.23360000e-04 -6.78400000e-05 -1.31450000e-04 1.37670000e-04 -7.56100000e-05 -1.19300000e-05 1.50490000e-04 -5.95400000e-05 1.80400000e-04 1.44290000e-04 4.37500000e-04 -1.28140000e-04 4.29490000e-04 -8.84000000e-06 -3.50480000e-04 5.60200000e-05 7.06200000e-05 1.47970000e-04 2.08550000e-04 -1.63330000e-04 4.17310000e-04 1.41390000e-04 -2.56140000e-04 3.22000000e-06 -2.23480000e-04 1.47220000e-04 -8.09400000e-05 2.83240000e-04 2.61960000e-04 9.05100000e-05 -1.48650000e-04 9.23800000e-05 1.74720000e-04 1.52990000e-04 4.33560000e-04 1.62840000e-04 5.04650000e-04 -4.52000000e-06 7.33500000e-05 -1.23010000e-04 5.10200000e-05 9.45800000e-05 2.19620000e-04 1.49900000e-05 5.20900000e-05 1.96360000e-04 -1.89000000e-06 1.16870000e-04 7.72602000e-03 -6.99700000e-05 -1.80800000e-04 -5.86200000e-05 5.32740000e-04 1.98750000e-04 -1.78030000e-04 -3.93470000e-04 -9.27500000e-05 3.51400000e-05 1.85100000e-05 -7.90200000e-05 -5.90000000e-05 5.48760000e-04 -1.57400000e-05 -2.58300000e-05 -2.20050000e-04 1.17080000e-04 2.46320000e-04 2.71360000e-04 2.23070000e-04 -1.83670000e-04 -6.89900000e-05 -1.01840000e-04 -1.19480000e-04 -4.79100000e-05 1.37100000e-04 1.53590000e-04 7.62800000e-05 7.05800000e-05 1.65950000e-04 -3.80200000e-05
-3.06380000e-04 -3.02170000e-04 -2.89250000e-04 -3.98900000e-05 -2.86030000e-04 9.58300000e-05 4.60890000e-04 1.18502000e-03 4.44860000e-04 -4.76980000e-04 -1.98410000e-04 1.84886000e-03 1.99277000e-03 -8.87900000e-05 4.06520000e-04 -4.27230000e-04 -7.09700000e-04 -1.52680000e-04 -2.63200000e-05 8.48140000e-04 4.88090000e-04 2.72350000e-04 6.95880000e-04 -4.73290000e-04 6.83000000e-06 -8.99100000e-05 -1.57250000e-04 -3.80800000e-05 1.32720000e-03 -1.13691000e-03 -1.74053000e-03 5.87600000e-04 -1.40300000e-04 -2.17990000e-04 1.14493000e-03 -1.86780000e-04 -4.08570000e-04 -3.13590000e-04 -8.16780000e-04 2.23570000e-04 8.27440000e-04 2.71620000e-04 2.75100000e-04 7.57500000e-04 1.63556000e-03 1.27441000e-03 2.85250000e-04 -5.10500000e-05 -2.05570000e-03 4.33340000e-04 -4.35950000e-04 -1.43630000e-04 7.57120000e-04 3.34400000e-05 -4.46250000e-04 4.15760000e-04 1.70299000e-03 -1.91300000e-04 1.04531000e-03 6.71700000e-05 9.32070000e-04 -2.01720000e-04 5.68440000e-04 2.21950000e-04 1.05280000e-04 7.49620000e-04 3.64000000e-04 -1.60620000e-04 -7.22160000e-04 -1.62760000e-04 1.69410000e-04 -2.73260000e-04 -6.99700000e-05 1.40509000e-02 -3.83090000e-04 -1.13300000e-04 -1.82914000e-03 -2.80650000e-04 -1.45773000e-03 -2.12030000e-04 -1.90230000e-04 2.64380000e-04 4.15400000e-04 4.41200000e-05 6.33590000e-04 1.69650000e-04 6.13130000e-04 1.20436000e-03 -1.03126000e-03 8.30500000e-05 -3.94090000e-04 -5.26990000e-04 3.08210000e-04 -2.96840000e-04 4.08000000e-06 -2.69200000e-04 -3.54720000e-04 1.28720000e-04 2.15062000e-03 9.54390000e-04 9.77000000e-05 6.25410000e-04 9.27870000e-04 -2.81410000e-04
1.23763000e-03 7.26110000e-04 6.95250000e-04 -1.01978000e-03 7.14210000e-04 4.88170000e-04 6.49310000e-04 -3.50370000e-03 8.59600000e-05 1.81361000e-03 -6.11110000e-04 -1.45631000e-03 -3.92078000e-03 1.25836000e-03 2.96530000e-04 -6.94830000e-04 4.30040000e-04 1.41952000e-03 -1.30904000e-03 -1.41391000e-03 -3.19170000e-04 -8.77860000e-04 1.65770000e-04 -5.43830000e-04 -1.15635000e-03 9.87270000e-04 1.14903000e-03 -8.06500000e-05 -1.43992000e-03 1.85691000e-03 1.52020000e-03 8.06900000e-05 -2.11370000e-04 -2.51320000e-04 -3.19305000e-03 3.63100000e-04 -6.71050000e-04 7.11940000e-04 3.02727000e-03 -7.75200000e-05 -1.03822000e-03 -4.42010000e-04 -5.21730000e-04 -2.43970000e-04 -3.65207000e-03 -2.03749000e-03 8.42200000e-04 5.51440000e-04 3.24981000e-03 -5.55130000e-04 1.16053000e-03 -4.45680000e-04 -2.05595000e-03 -9.37400000e-05 1.33609000e-03 -5.81910000e-04 -2.71869000e-03 -3.61160000e-04 -1.55234000e-03 6.24900000e-05 -2.68995000e-03 5.14110000e-04 -7.16280000e-04 1.00208000e-03 -5.42860000e-04 -1.08937000e-03 -6.49640000e-04 4.01450000e-04 1.03787000e-03 -2.01470000e-04 2.55610000e-04 3.88920000e-04 -1.80800000e-04 -3.83090000e-04 2.42358700e-02 8.75680000e-04 6.70620000e-04 -8.98300000e-05 3.09952000e-03 2.05486000e-03 1.06708000e-03 -2.57040000e-04 -3.78140000e-04 9.04380000e-04 -3.33100000e-04 -1.76323000e-03 -2.94540000e-04 -1.82510000e-03 1.74001000e-03 -2.07740000e-04 -5.28400000e-05 1.03240000e-04 -8.54250000e-04 -2.66000000e-05 5.93940000e-04 1.07270000e-03 1.10740000e-03 2.79290000e-04 -3.39659000e-03 -1.86870000e-03 -4.81180000e-04 -1.01136000e-03 -1.57355000e-03 7.28860000e-04
5.39150000e-04 2.88260000e-04 2.82010000e-04 -5.42340000e-04 3.54700000e-04 2.18550000e-04 5.53340000e-04 -1.48627000e-03 1.14250000e-04 8.62470000e-04 -3.32480000e-04 -3.78630000e-04 -1.60316000e-03 7.54390000e-04 1.84050000e-04 -4.20540000e-04 -9.28200000e-05 6.48500000e-04 -6.42700000e-04 -4.81270000e-04 1.79300000e-05 -4.02160000e-04 1.22430000e-04 -3.60830000e-04 -5.86150000e-04 4.96470000e-04 4.35450000e-04 4.85800000e-05 -4.96590000e-04 6.67490000e-04 2.38870000e-04 1.82790000e-04 -7.23000000e-05 -2.40380000e-04 -1.43322000e-03 1.73580000e-04 -4.09220000e-04 3.02310000e-04 1.43304000e-03 4.71000000e-05 -3.17130000e-04 -9.28800000e-05 -2.06360000e-04 3.65900000e-05 -1.57321000e-03 -8.11050000e-04 6.21930000e-04 3.03950000e-04 1.03813000e-03 -1.80610000e-04 4.86390000e-04 -1.99340000e-04 -9.09800000e-04 5.96900000e-05 6.47570000e-04 -1.33360000e-04 -1.06744000e-03 -1.76680000e-04 -4.68220000e-04 5.47100000e-05 -1.19207000e-03 2.23500000e-04 -1.88810000e-04 4.91880000e-04 -3.17240000e-04 -3.37080000e-04 -2.48450000e-04 9.86900000e-05 3.34660000e-04 -1.26650000e-04 1.98590000e-04 1.48980000e-04 -5.86200000e-05 -1.13300000e-04 8.75680000e-04 1.09984700e-02 -1.67420000e-04 -8.04300000e-05 1.13945000e-03 9.87940000e-04 5.47660000e-04 -1.35600000e-05 -4.74200000e-05 4.10310000e-04 -4.15000000e-06 -9.15380000e-04 -1.01400000e-04 -7.85570000e-04 6.36430000e-04 1.04200000e-05 -1.02720000e-04 -3.65900000e-05 -3.36720000e-04 -1.34140000e-04 2.92410000e-04 5.01330000e-04 5.49310000e-04 2.13370000e-04 -1.24463000e-03 -6.88750000e-04 -2.27250000e-04 -3.67520000e-04 -5.57060000e-04 3.05900000e-04
-1.85540000e-04 1.00591000e-03 7.45910000e-04 1.59457000e-03 5.70030000e-04 -8.28580000e-04 -2.57485000e-03 -1.61412000e-03 -1.19747000e-03 -1.29090000e-04 1.51171000e-03 -6.16841000e-03 -3.63405000e-03 -1.01249000e-03 -1.36964000e-03 2.31214000e-03 2.97073000e-03 -3.43570000e-04 1.95959000e-03 -2.27889000e-03 -1.48616000e-03 3.23700000e-04 -3.14614000e-03 2.41374000e-03 1.48451000e-03 -2.03250000e-04 3.52080000e-04 -1.09690000e-04 -3.49945000e-03 3.14305000e-03 6.29616000e-03 -1.92973000e-03 4.78090000e-04 1.38569000e-03 -1.01939000e-03 7.16130000e-04 2.59432000e-03 7.68640000e-04 1.03881000e-03 -8.38200000e-04 -2.15459000e-03 -8.55690000e-04 -2.59530000e-04 -2.72433000e-03 -2.56667000e-03 -2.35992000e-03 -2.19737000e-03 4.65000000e-05 5.49338000e-03 -7.62080000e-04 5.27130000e-04 1.02633000e-03 -9.51520000e-04 -5.90110000e-04 -1.47470000e-04 -1.50684000e-03 -3.62599000e-03 8.43260000e-04 -2.25986000e-03 -6.60500000e-05 -6.53260000e-04 6.07930000e-04 -1.79869000e-03 -8.19220000e-04 9.11290000e-04 -2.26642000e-03 -4.03700000e-04 1.08518000e-03 1.93207000e-03 1.14678000e-03 -9.91070000e-04 6.73220000e-04 5.32740000e-04 -1.82914000e-03 6.70620000e-04 -1.67420000e-04 2.32509800e-02 1.15382000e-03 3.94713000e-03 -9.42060000e-04 -1.50810000e-04 -1.10911000e-03 -1.65007000e-03 -3.87700000e-04 -2.07104000e-03 1.74092000e-03 -1.30884000e-03 -2.47306000e-03 1.92463000e-03 -2.51750000e-04 1.81476000e-03 2.07344000e-03 -1.27260000e-04 1.08319000e-03 -4.69190000e-04 -7.52000000e-05 -3.04100000e-05 -6.60090000e-04 -4.80191000e-03 -1.97780000e-03 1.51180000e-04 -1.28139000e-03 -1.90349000e-03 3.15660000e-04
-8.03000000e-06 9.95300000e-05 1.52740000e-04 5.71210000e-04 1.05320000e-04 2.61000000e-05 -4.79930000e-04 6.64000000e-06 -1.39070000e-04 -1.29900000e-04 3.37430000e-04 -9.23870000e-04 -1.21550000e-04 -2.70680000e-04 -1.93000000e-04 5.39820000e-04 2.50940000e-04 -1.80770000e-04 5.06650000e-04 -8.70600000e-05 -1.62320000e-04 1.46600000e-05 -8.26320000e-04 6.86040000e-04 3.56260000e-04 -4.51800000e-05 -9.10300000e-05 1.84880000e-04 -5.39530000e-04 3.20060000e-04 7.61100000e-04 -2.03170000e-04 3.10270000e-04 3.60790000e-04 2.64830000e-04 8.24200000e-05 6.88620000e-04 8.88400000e-05 -2.03470000e-04 3.61700000e-05 -2.65030000e-04 1.50080000e-04 2.22390000e-04 -4.51580000e-04 1.89710000e-04 -2.15450000e-04 -4.04780000e-04 1.37200000e-05 3.92890000e-04 4.33400000e-05 1.89900000e-05 3.46990000e-04 1.97100000e-04 6.39100000e-05 -2.20500000e-05 -1.67800000e-05 -2.89310000e-04 3.41870000e-04 4.22100000e-05 2.24800000e-04 2.38290000e-04 7.40600000e-05 -6.60300000e-05 -1.98310000e-04 3.52100000e-05 -9.25200000e-05 1.26640000e-04 8.83300000e-05 3.40860000e-04 3.07500000e-04 -4.25600000e-05 2.27260000e-04 1.98750000e-04 -2.80650000e-04 -8.98300000e-05 -8.04300000e-05 1.15382000e-03 1.35903000e-02 2.08450000e-04 -4.23190000e-04 -7.10300000e-05 1.12310000e-04 -8.83700000e-05 -3.48400000e-05 -2.43430000e-04 6.76280000e-04 -1.84620000e-04 -3.75430000e-04 9.80000000e-05 3.35200000e-05 3.82360000e-04 4.60510000e-04 1.17450000e-04 -1.14780000e-04 -4.93100000e-05 2.01000000e-06 -5.89000000e-06 -6.18400000e-05 -5.43830000e-04 -1.77730000e-04 5.80600000e-05 -1.12220000e-04 -1.37180000e-04 1.05340000e-04
1.73700000e-03 1.40540000e-03 1.16838000e-03 -1.24857000e-03 1.22202000e-03 1.72750000e-04 1.40000000e-06 -5.98759000e-03 -5.56300000e-04 2.77818000e-03 -3.81470000e-04 -4.58582000e-03 -7.65158000e-03 1.50467000e-03 -2.69710000e-04 -1.71610000e-04 1.91369000e-03 1.91121000e-03 -1.43895000e-03 -3.13264000e-03 -1.24321000e-03 -1.12718000e-03 -4.71860000e-04 -6.70700000e-05 -1.21728000e-03 1.27350000e-03 1.74229000e-03 -2.61100000e-04 -3.59146000e-03 3.89809000e-03 4.63133000e-03 -8.60730000e-04 -2.27940000e-04 -6.91000000e-06 -5.40292000e-03 7.40190000e-04 -2.54140000e-04 1.36578000e-03 4.84204000e-03 -5.63740000e-04 -2.55220000e-03 -1.13334000e-03 -1.15484000e-03 -1.44430000e-03 -6.89351000e-03 -4.10144000e-03 4.37940000e-04 6.17980000e-04 7.14496000e-03 -1.36748000e-03 2.00629000e-03 -3.90800000e-04 -3.65424000e-03 -4.15290000e-04 2.04393000e-03 -1.49626000e-03 -5.73425000e-03 -2.66590000e-04 -3.64975000e-03 -1.99000000e-04 -4.59421000e-03 9.83040000e-04 -1.86859000e-03 9.47920000e-04 -4.07740000e-04 -2.60258000e-03 -1.39607000e-03 9.28190000e-04 2.20804000e-03 1.40900000e-05 -8.97500000e-05 7.25220000e-04 -1.78030000e-04 -1.45773000e-03 3.09952000e-03 1.13945000e-03 3.94713000e-03 2.08450000e-04 3.81677500e-02 2.78963000e-03 1.50913000e-03 -9.17030000e-04 -1.25624000e-03 1.03804000e-03 -1.36168000e-03 -2.36424000e-03 -1.15328000e-03 -3.61917000e-03 3.60011000e-03 -5.11360000e-04 4.76890000e-04 7.21960000e-04 -1.52670000e-03 8.35200000e-04 6.56740000e-04 1.62023000e-03 1.70937000e-03 1.35710000e-04 -7.08872000e-03 -3.60419000e-03 -5.91210000e-04 -2.03144000e-03 -3.30387000e-03 1.18067000e-03
1.13138000e-03 6.32450000e-04 4.61020000e-04 -1.88139000e-03 6.71560000e-04 6.43950000e-04 1.25026000e-03 -3.71308000e-03 1.93200000e-04 2.14038000e-03 -1.09320000e-03 -9.88950000e-04 -4.43418000e-03 1.72213000e-03 4.92040000e-04 -1.33234000e-03 -1.02140000e-04 1.71795000e-03 -2.03530000e-03 -1.46402000e-03 -1.50550000e-04 -1.12386000e-03 1.66471000e-03 -1.38262000e-03 -1.74652000e-03 1.11110000e-03 1.29088000e-03 -1.79900000e-04 -1.01677000e-03 1.40256000e-03 1.07710000e-04 2.65730000e-04 -4.68090000e-04 -9.83380000e-04 -3.71217000e-03 3.92900000e-05 -1.55652000e-03 6.88220000e-04 3.47802000e-03 -2.49900000e-05 -7.67750000e-04 -4.73940000e-04 -8.18350000e-04 1.97910000e-04 -4.39324000e-03 -2.12752000e-03 1.46627000e-03 4.50950000e-04 2.62221000e-03 -6.48690000e-04 1.36734000e-03 -8.59020000e-04 -2.62353000e-03 -2.94000000e-05 1.55766000e-03 -5.16640000e-04 -2.71187000e-03 -5.96280000e-04 -1.38144000e-03 -2.23200000e-04 -3.26187000e-03 4.63450000e-04 -6.40090000e-04 1.14538000e-03 -7.76790000e-04 -1.02994000e-03 -9.87110000e-04 1.82930000e-04 4.75880000e-04 -5.72050000e-04 4.72200000e-04 1.10290000e-04 -3.93470000e-04 -2.12030000e-04 2.05486000e-03 9.87940000e-04 -9.42060000e-04 -4.23190000e-04 2.78963000e-03 2.36897800e-02 1.27202000e-03 -1.72950000e-04 -1.92020000e-04 1.01879000e-03 -5.63000000e-06 -2.80729000e-03 -2.46390000e-04 -1.62207000e-03 1.54302000e-03 -2.51140000e-04 -5.96380000e-04 -6.42620000e-04 -1.15002000e-03 1.60380000e-04 7.39750000e-04 1.21996000e-03 1.29836000e-03 4.01120000e-04 -3.22704000e-03 -1.83003000e-03 -5.45800000e-04 -1.03479000e-03 -1.67737000e-03 7.54670000e-04
7.78600000e-04 4.03080000e-04 3.22260000e-04 -7.30790000e-04 4.97400000e-04 3.67540000e-04 6.21230000e-04 -2.13907000e-03 1.18970000e-04 1.21631000e-03 -4.41330000e-04 -6.42480000e-04 -2.33145000e-03 8.59600000e-04 2.15010000e-04 -4.99910000e-04 -1.67670000e-04 8.26580000e-04 -9.26610000e-04 -7.20570000e-04 -1.89740000e-04 -5.39920000e-04 3.26450000e-04 -4.36350000e-04 -7.62270000e-04 6.75270000e-04 6.32010000e-04 5.07100000e-05 -7.72840000e-04 7.58160000e-04 2.76990000e-04 1.80900000e-04 -8.79600000e-05 -3.59100000e-04 -1.97854000e-03 2.48710000e-04 -5.18840000e-04 4.89420000e-04 1.64203000e-03 1.88000000e-05 -5.33420000e-04 -1.20580000e-04 -3.39890000e-04 -9.20000000e-06 -2.24864000e-03 -1.11066000e-03 6.92520000e-04 1.42310000e-04 1.44854000e-03 -3.72290000e-04 7.28910000e-04 -2.23760000e-04 -1.24859000e-03 3.26100000e-05 8.81780000e-04 -1.25920000e-04 -1.60554000e-03 -2.57220000e-04 -7.10160000e-04 3.94000000e-06 -1.66889000e-03 3.63680000e-04 -3.01280000e-04 6.06360000e-04 -3.64200000e-04 -4.59390000e-04 -4.00540000e-04 1.74450000e-04 4.75780000e-04 -1.99330000e-04 2.57600000e-04 1.98960000e-04 -9.27500000e-05 -1.90230000e-04 1.06708000e-03 5.47660000e-04 -1.50810000e-04 -7.10300000e-05 1.50913000e-03 1.27202000e-03 2.69358300e-02 -6.42700000e-05 -8.07500000e-05 5.44760000e-04 -1.07890000e-04 -1.25264000e-03 -1.42600000e-04 -9.68800000e-04 9.62510000e-04 -2.89600000e-05 -5.08000000e-05 -5.50000000e-07 -4.73270000e-04 2.18300000e-05 4.55520000e-04 8.26000000e-04 8.00300000e-04 2.65430000e-04 -1.80701000e-03 -9.74900000e-04 -2.21330000e-04 -4.79930000e-04 -8.80240000e-04 5.23530000e-04
2.83500000e-05 -2.08040000e-04 -5.54900000e-05 1.51720000e-04 -1.01610000e-04 2.50400000e-04 2.65920000e-04 5.61260000e-04 2.00310000e-04 -1.74800000e-04 -9.96100000e-05 9.91560000e-04 1.15340000e-03 2.09600000e-05 1.89840000e-04 -1.38000000e-04 -5.32270000e-04 -9.18800000e-05 -2.56600000e-05 6.49430000e-04 3.66440000e-04 -9.70300000e-05 1.69300000e-04 2.47100000e-05 -6.65100000e-05 -1.35600000e-05 -1.94660000e-04 2.20180000e-04 5.61910000e-04 -5.56380000e-04 -9.91500000e-04 4.02160000e-04 1.90950000e-04 3.16900000e-05 6.97350000e-04 -2.21360000e-04 -3.34300000e-05 -1.82060000e-04 -4.69190000e-04 3.09060000e-04 3.73940000e-04 4.30930000e-04 3.58640000e-04 3.73270000e-04 1.20492000e-03 4.95510000e-04 2.48020000e-04 1.04100000e-04 -1.21851000e-03 3.18290000e-04 -2.12300000e-04 2.33700000e-05 5.87500000e-04 2.44430000e-04 -2.49100000e-05 3.97350000e-04 9.43470000e-04 1.72730000e-04 6.72730000e-04 2.96120000e-04 4.83140000e-04 -1.41560000e-04 5.05340000e-04 5.69200000e-05 -2.42830000e-04 5.99780000e-04 2.62450000e-04 -2.72340000e-04 -2.23880000e-04 2.40500000e-05 2.13300000e-04 1.64200000e-05 3.51400000e-05 2.64380000e-04 -2.57040000e-04 -1.35600000e-05 -1.10911000e-03 1.12310000e-04 -9.17030000e-04 -1.72950000e-04 -6.42700000e-05 1.97764500e-02 3.87400000e-04 9.95600000e-05 4.32580000e-04 2.58210000e-04 1.81390000e-04 3.14550000e-04 -5.31080000e-04 6.65600000e-05 -2.33090000e-04 -1.67570000e-04 1.14150000e-04 -5.48710000e-04 2.08400000e-05 -9.01800000e-05 -7.95200000e-05 1.05010000e-04 8.83420000e-04 3.62730000e-04 -6.01900000e-05 2.19090000e-04 4.39090000e-04 -6.13300000e-05
7.88000000e-05 -3.09240000e-04 -8.58000000e-05 1.54610000e-04 -1.44410000e-04 2.61570000e-04 3.72980000e-04 7.73780000e-04 3.30290000e-04 -1.79470000e-04 -1.41080000e-04 1.41962000e-03 1.52105000e-03 2.75700000e-05 3.08070000e-04 -2.41850000e-04 -7.39170000e-04 -1.06480000e-04 -1.40420000e-04 8.50830000e-04 4.15940000e-04 -1.70600000e-05 2.72940000e-04 -1.26470000e-04 -1.19720000e-04 -4.27000000e-05 -2.90570000e-04 2.14920000e-04 7.98130000e-04 -8.14080000e-04 -1.35216000e-03 4.65420000e-04 1.28170000e-04 2.92100000e-05 7.60560000e-04 -2.35390000e-04 -1.77950000e-04 -2.45420000e-04 -6.92350000e-04 3.14030000e-04 6.08460000e-04 3.89980000e-04 3.37990000e-04 5.42940000e-04 1.41084000e-03 7.73340000e-04 3.08730000e-04 6.53800000e-05 -1.64577000e-03 4.11050000e-04 -2.43130000e-04 2.80000000e-07 7.46750000e-04 2.97940000e-04 2.39000000e-06 5.21190000e-04 1.18680000e-03 -5.69800000e-05 8.98720000e-04 2.42210000e-04 7.16570000e-04 -1.90670000e-04 6.06890000e-04 8.97200000e-05 -2.45610000e-04 7.67260000e-04 3.75510000e-04 -2.96600000e-04 -3.22120000e-04 -1.27890000e-04 2.95200000e-04 1.29200000e-05 1.85100000e-05 4.15400000e-04 -3.78140000e-04 -4.74200000e-05 -1.65007000e-03 -8.83700000e-05 -1.25624000e-03 -1.92020000e-04 -8.07500000e-05 3.87400000e-04 1.39663900e-02 3.33100000e-05 4.70640000e-04 1.86390000e-04 3.31170000e-04 6.00870000e-04 -6.13890000e-04 1.51250000e-04 -2.20540000e-04 -2.24180000e-04 2.70390000e-04 -5.41220000e-04 9.38600000e-05 -5.85700000e-05 -4.12500000e-05 1.56340000e-04 1.40577000e-03 6.59600000e-04 5.62700000e-05 4.05570000e-04 6.92090000e-04 -1.76100000e-05
6.06260000e-04 2.67780000e-04 2.85380000e-04 -5.09040000e-04 3.00610000e-04 4.46240000e-04 5.04200000e-04 -1.46858000e-03 2.07610000e-04 8.90730000e-04 -3.91690000e-04 -2.13300000e-04 -1.44500000e-03 6.37850000e-04 3.13860000e-04 -4.93310000e-04 -2.36630000e-04 7.08050000e-04 -7.20650000e-04 -4.07400000e-04 -6.26000000e-05 -4.36730000e-04 3.04960000e-04 -3.89810000e-04 -6.44910000e-04 5.34280000e-04 5.42370000e-04 4.14800000e-05 -4.12190000e-04 4.91590000e-04 -3.23000000e-05 2.94970000e-04 -6.10600000e-05 -2.44830000e-04 -1.26676000e-03 1.48130000e-04 -4.47820000e-04 2.84800000e-04 1.21609000e-03 1.31190000e-04 -2.57030000e-04 5.87000000e-06 -8.68600000e-05 8.83800000e-05 -1.35051000e-03 -6.63630000e-04 5.58980000e-04 2.02070000e-04 8.36400000e-04 -1.16440000e-04 5.31250000e-04 -2.20900000e-04 -8.30380000e-04 3.90400000e-05 6.62730000e-04 -3.97600000e-05 -8.89580000e-04 -1.51870000e-04 -2.94790000e-04 1.75540000e-04 -1.13699000e-03 1.98670000e-04 -1.05510000e-04 6.11830000e-04 -3.57670000e-04 -2.23830000e-04 -1.85510000e-04 9.57600000e-05 3.15340000e-04 -1.32390000e-04 2.92580000e-04 1.82560000e-04 -7.90200000e-05 4.41200000e-05 9.04380000e-04 4.10310000e-04 -3.87700000e-04 -3.48400000e-05 1.03804000e-03 1.01879000e-03 5.44760000e-04 9.95600000e-05 3.33100000e-05 2.86121400e-02 7.54000000e-05 -8.27880000e-04 2.90000000e-05 -6.24390000e-04 5.26400000e-04 -3.16200000e-05 -8.83200000e-05 -9.34500000e-05 -2.87600000e-04 -2.79840000e-04 3.67510000e-04 6.09660000e-04 5.42180000e-04 2.54760000e-04 -1.07490000e-03 -6.28430000e-04 -2.06480000e-04 -3.30800000e-04 -5.18360000e-04 3.45350000e-04
-2.46590000e-04 -3.35700000e-04 -2.46940000e-04 -2.38110000e-04 -2.82340000e-04 3.24500000e-05 6.47880000e-04 1.02459000e-03 3.73230000e-04 -3.43320000e-04 -2.64350000e-04 2.10895000e-03 1.87818000e-03 1.26030000e-04 3.67140000e-04 -5.28990000e-04 -6.93560000e-04 -7.11500000e-05 -1.80530000e-04 9.07330000e-04 6.00620000e-04 1.08960000e-04 9.75440000e-04 -5.90240000e-04 -1.51400000e-04 -7.08300000e-05 -1.83290000e-04 1.87100000e-05 1.37817000e-03 -1.04149000e-03 -1.80562000e-03 6.00990000e-04 -9.94100000e-05 -2.99540000e-04 9.36610000e-04 -4.85640000e-04 -5.68490000e-04 -3.17320000e-04 -5.92370000e-04 2.89870000e-04 8.04980000e-04 3.36140000e-04 2.40530000e-04 8.73960000e-04 1.53948000e-03 1.07781000e-03 5.08670000e-04 5.06900000e-05 -1.95606000e-03 4.26010000e-04 -3.63690000e-04 -2.23320000e-04 6.68360000e-04 1.51310000e-04 -2.64880000e-04 4.71590000e-04 1.68525000e-03 -1.16190000e-04 9.38750000e-04 1.05630000e-04 7.02470000e-04 -2.29680000e-04 6.72170000e-04 2.10310000e-04 -7.28900000e-05 8.11400000e-04 2.61430000e-04 -3.20920000e-04 -6.99020000e-04 -1.62540000e-04 2.17530000e-04 -2.55070000e-04 -5.90000000e-05 6.33590000e-04 -3.33100000e-04 -4.15000000e-06 -2.07104000e-03 -2.43430000e-04 -1.36168000e-03 -5.63000000e-06 -1.07890000e-04 4.32580000e-04 4.70640000e-04 7.54000000e-05 2.26783600e-02 -8.81300000e-05 4.63020000e-04 1.02556000e-03 -9.28610000e-04 6.24000000e-05 -6.00600000e-04 -6.33710000e-04 1.17370000e-04 -3.70480000e-04 -1.80700000e-05 -2.52480000e-04 -3.00240000e-04 1.28800000e-04 1.88134000e-03 7.85570000e-04 -2.96400000e-05 5.14890000e-04 7.76140000e-04 -3.18840000e-04
-1.16093000e-03 -5.21480000e-04 -1.99350000e-04 2.49161000e-03 -5.68360000e-04 -3.55310000e-04 -1.59878000e-03 3.64261000e-03 -6.30100000e-05 -2.23152000e-03 1.24123000e-03 8.63200000e-05 4.41624000e-03 -1.79198000e-03 -3.95320000e-04 1.58168000e-03 2.18590000e-04 -1.59024000e-03 2.46995000e-03 1.40349000e-03 3.01340000e-04 9.56720000e-04 -2.06061000e-03 1.85905000e-03 1.81548000e-03 -1.03844000e-03 -1.16145000e-03 3.33430000e-04 7.43970000e-04 -9.94830000e-04 3.81580000e-04 -2.17990000e-04 6.77040000e-04 1.27579000e-03 3.91363000e-03 -1.36960000e-04 2.11017000e-03 -6.83900000e-04 -3.12554000e-03 1.52720000e-04 7.77480000e-04 5.77090000e-04 1.13391000e-03 -4.64320000e-04 4.67074000e-03 1.88484000e-03 -1.67476000e-03 -9.89900000e-05 -2.40830000e-03 9.84100000e-04 -1.30161000e-03 1.03936000e-03 2.72448000e-03 1.23460000e-04 -1.56916000e-03 3.92120000e-04 2.67942000e-03 6.93740000e-04 1.97637000e-03 5.32600000e-04 3.66650000e-03 -4.70930000e-04 6.08660000e-04 -1.02438000e-03 6.20920000e-04 9.03260000e-04 1.20752000e-03 -1.16620000e-04 -2.93780000e-04 7.77740000e-04 -3.57860000e-04 1.20720000e-04 5.48760000e-04 1.69650000e-04 -1.76323000e-03 -9.15380000e-04 1.74092000e-03 6.76280000e-04 -2.36424000e-03 -2.80729000e-03 -1.25264000e-03 2.58210000e-04 1.86390000e-04 -8.27880000e-04 -8.81300000e-05 2.80076100e-02 2.51980000e-04 1.20905000e-03 -1.73640000e-03 2.19770000e-04 7.72620000e-04 8.84780000e-04 1.22338000e-03 -6.65700000e-04 -6.86940000e-04 -1.24617000e-03 -1.24674000e-03 -3.66140000e-04 2.65237000e-03 1.51176000e-03 5.43290000e-04 8.43400000e-04 1.57491000e-03 -5.48220000e-04
-2.25710000e-04 -2.05400000e-04 -1.99310000e-04 1.04280000e-04 -1.93080000e-04 1.01890000e-04 3.04900000e-04 8.96220000e-04 3.75880000e-04 -3.99030000e-04 -9.86500000e-05 1.35326000e-03 1.62534000e-03 -1.23240000e-04 3.37860000e-04 -2.49690000e-04 -5.58360000e-04 -1.43770000e-04 5.99400000e-05 6.90360000e-04 3.63430000e-04 2.47320000e-04 3.63670000e-04 -2.58240000e-04 7.37900000e-05 -5.31500000e-05 -1.00180000e-04 6.52000000e-06 9.98860000e-04 -8.97800000e-04 -1.28740000e-03 4.66650000e-04 -6.69900000e-05 -9.58800000e-05 9.42320000e-04 -4.92700000e-05 -1.93590000e-04 -2.16460000e-04 -7.22190000e-04 1.79200000e-04 6.38100000e-04 2.29850000e-04 2.46910000e-04 5.55030000e-04 1.37896000e-03 1.03214000e-03 1.57010000e-04 -6.93000000e-05 -1.62886000e-03 3.75920000e-04 -3.41050000e-04 -4.36100000e-05 6.82610000e-04 3.57800000e-05 -3.70470000e-04 3.57570000e-04 1.32522000e-03 -1.69780000e-04 8.92240000e-04 8.34900000e-05 8.30920000e-04 -1.30570000e-04 4.52900000e-04 1.76490000e-04 1.22640000e-04 6.04770000e-04 3.37650000e-04 -7.94700000e-05 -5.27150000e-04 -1.01820000e-04 1.42530000e-04 -1.79710000e-04 -1.57400000e-05 6.13130000e-04 -2.94540000e-04 -1.01400000e-04 -1.30884000e-03 -1.84620000e-04 -1.15328000e-03 -2.46390000e-04 -1.42600000e-04 1.81390000e-04 3.31170000e-04 2.90000000e-05 4.63020000e-04 2.51980000e-04 2.83673000e-02 9.57730000e-04 -8.21210000e-04 8.48800000e-05 -2.36780000e-04 -3.31590000e-04 2.91970000e-04 -2.41820000e-04 2.30500000e-05 -1.85310000e-04 -2.72390000e-04 1.04160000e-04 1.68922000e-03 7.63790000e-04 1.19680000e-04 5.17450000e-04 7.37130000e-04 -1.78400000e-04
-1.28535000e-03 -8.11610000e-04 -8.74320000e-04 4.04800000e-04 -8.83680000e-04 -5.91740000e-04 1.74180000e-04 3.66011000e-03 3.95540000e-04 -1.75690000e-03 1.94910000e-04 3.51094000e-03 4.98701000e-03 -9.85970000e-04 2.43480000e-04 -5.35000000e-05 -7.07360000e-04 -1.15723000e-03 8.33540000e-04 1.85052000e-03 6.68920000e-04 1.18965000e-03 1.04066000e-03 -4.00280000e-04 8.92660000e-04 -8.49770000e-04 -8.49330000e-04 -1.99090000e-04 2.76185000e-03 -2.58498000e-03 -2.82132000e-03 5.01880000e-04 -2.12770000e-04 -1.66020000e-04 3.52753000e-03 -4.24960000e-04 -2.03010000e-04 -7.93070000e-04 -3.01621000e-03 1.87500000e-04 1.56062000e-03 4.36610000e-04 4.78420000e-04 1.17931000e-03 4.25234000e-03 3.02914000e-03 -2.61660000e-04 -6.22740000e-04 -4.25582000e-03 7.70960000e-04 -1.28765000e-03 9.60000000e-06 2.21269000e-03 -9.51900000e-05 -1.52008000e-03 8.05120000e-04 3.91347000e-03 -1.15210000e-04 1.90986000e-03 -1.65880000e-04 2.82279000e-03 -5.19650000e-04 1.06560000e-03 -4.37380000e-04 7.75880000e-04 1.51413000e-03 7.09920000e-04 -3.48230000e-04 -1.62310000e-03 -8.03900000e-05 -1.01750000e-04 -7.18090000e-04 -2.58300000e-05 1.20436000e-03 -1.82510000e-03 -7.85570000e-04 -2.47306000e-03 -3.75430000e-04 -3.61917000e-03 -1.62207000e-03 -9.68800000e-04 3.14550000e-04 6.00870000e-04 -6.24390000e-04 1.02556000e-03 1.20905000e-03 9.57730000e-04 2.34094700e-02 -2.17409000e-03 6.46100000e-05 -5.87410000e-04 -9.00970000e-04 7.46680000e-04 2.79540000e-04 -4.25980000e-04 -9.89450000e-04 -1.23342000e-03 -3.72500000e-05 4.84861000e-03 2.35827000e-03 5.50620000e-04 1.59083000e-03 2.01455000e-03 -9.06710000e-04
1.63536000e-03 7.61520000e-04 7.46210000e-04 -9.06750000e-04 7.81600000e-04 -1.86000000e-05 1.74260000e-04 -4.08564000e-03 -4.59260000e-04 2.09353000e-03 -3.17060000e-04 -2.30369000e-03 -4.87734000e-03 9.93510000e-04 -2.06880000e-04 -9.54400000e-05 1.29559000e-03 1.14456000e-03 -1.36491000e-03 -1.80691000e-03 -9.81240000e-04 -6.64070000e-04 -4.28200000e-04 1.77400000e-05 -8.85210000e-04 7.38750000e-04 8.53410000e-04 -9.05100000e-05 -2.37582000e-03 2.40463000e-03 3.03957000e-03 -6.49580000e-04 -7.26100000e-05 2.36770000e-04 -3.58261000e-03 7.03980000e-04 -3.08020000e-04 8.88270000e-04 2.74006000e-03 -3.48950000e-04 -1.82013000e-03 -7.01910000e-04 -8.24890000e-04 -8.18280000e-04 -4.34260000e-03 -2.58663000e-03 3.90750000e-04 2.46100000e-04 4.72427000e-03 -1.03326000e-03 1.32772000e-03 -2.86480000e-04 -2.11850000e-03 -1.65390000e-04 1.70084000e-03 -7.34210000e-04 -3.78792000e-03 -1.94000000e-04 -2.93167000e-03 -1.67650000e-04 -3.16812000e-03 6.36610000e-04 -1.06734000e-03 4.18330000e-04 -3.69170000e-04 -1.44613000e-03 -9.36140000e-04 4.98150000e-04 1.68997000e-03 -1.34940000e-04 -8.56000000e-06 5.90420000e-04 -2.20050000e-04 -1.03126000e-03 1.74001000e-03 6.36430000e-04 1.92463000e-03 9.80000000e-05 3.60011000e-03 1.54302000e-03 9.62510000e-04 -5.31080000e-04 -6.13890000e-04 5.26400000e-04 -9.28610000e-04 -1.73640000e-03 -8.21210000e-04 -2.17409000e-03 5.73373400e-02 -3.50950000e-04 3.26610000e-04 5.01820000e-04 -1.03109000e-03 8.54250000e-04 5.52110000e-04 1.31346000e-03 1.37481000e-03 1.96590000e-04 -4.44837000e-03 -2.21231000e-03 -2.40750000e-04 -1.12377000e-03 -2.11292000e-03 9.38070000e-04
-6.71300000e-05 -7.94100000e-05 -3.77700000e-05 1.86020000e-04 -3.50200000e-05 1.33830000e-04 2.07100000e-05 8.23950000e-04 6.45000000e-05 -1.94360000e-04 7.46000000e-05 1.81280000e-04 4.82050000e-04 -5.14600000e-05 1.94100000e-05 3.78300000e-05 -4.68550000e-04 -1.29120000e-04 1.59730000e-04 2.50970000e-04 8.70500000e-05 -4.53300000e-05 -6.08200000e-05 7.03300000e-05 7.27600000e-05 -2.00000000e-06 -1.52940000e-04 1.27640000e-04 1.49450000e-04 -3.09410000e-04 -4.99650000e-04 1.26550000e-04 9.93000000e-05 -6.59500000e-05 2.92160000e-04 8.12300000e-05 1.20260000e-04 -6.72400000e-05 -3.77710000e-04 9.00200000e-05 5.30940000e-04 1.75250000e-04 1.52040000e-04 4.42900000e-05 3.94810000e-04 2.24090000e-04 -1.41800000e-05 -5.76700000e-05 -6.53420000e-04 1.25040000e-04 -1.31580000e-04 1.54400000e-04 2.38770000e-04 1.45460000e-04 -1.12710000e-04 2.10560000e-04 3.07040000e-04 2.40020000e-04 5.42930000e-04 8.91600000e-05 3.30770000e-04 -5.99900000e-05 1.71600000e-04 -4.39300000e-05 -8.28800000e-05 2.50360000e-04 1.70860000e-04 -8.92200000e-05 -1.30900000e-04 4.38600000e-05 8.20500000e-05 1.74500000e-05 1.17080000e-04 8.30500000e-05 -2.07740000e-04 1.04200000e-05 -2.51750000e-04 3.35200000e-05 -5.11360000e-04 -2.51140000e-04 -2.89600000e-05 6.65600000e-05 1.51250000e-04 -3.16200000e-05 6.24000000e-05 2.19770000e-04 8.48800000e-05 6.46100000e-05 -3.50950000e-04 9.44985000e-03 4.30580000e-04 4.27120000e-04 5.35410000e-04 -3.18100000e-04 -1.17800000e-05 -6.23800000e-05 -8.19200000e-05 -1.15500000e-05 7.44070000e-04 5.76710000e-04 -1.34900000e-05 1.05090000e-04 5.73590000e-04 -2.50700000e-05
9.72400000e-05 1.51040000e-04 2.02680000e-04 7.04090000e-04 1.39320000e-04 4.17800000e-05 -7.00030000e-04 3.53180000e-04 -2.27740000e-04 -7.17600000e-05 4.50890000e-04 -1.53962000e-03 -6.42310000e-04 -3.84410000e-04 -3.03090000e-04 6.79350000e-04 1.58580000e-04 -2.16660000e-04 5.97000000e-04 -3.96290000e-04 -5.01010000e-04 2.30600000e-05 -1.15007000e-03 7.98420000e-04 4.17260000e-04 -4.90100000e-05 -1.25030000e-04 1.32640000e-04 -9.67290000e-04 4.74480000e-04 1.12849000e-03 -4.14730000e-04 2.70350000e-04 3.41780000e-04 1.16800000e-05 5.69990000e-04 8.72270000e-04 1.71510000e-04 -2.47080000e-04 -9.28000000e-05 -7.92800000e-05 -1.07500000e-05 1.43470000e-04 -7.67980000e-04 -3.91210000e-04 -4.00090000e-04 -6.64580000e-04 -1.80400000e-04 8.24230000e-04 -1.20860000e-04 7.21700000e-05 4.78680000e-04 -2.99100000e-05 1.02000000e-06 -2.11400000e-05 -1.07790000e-04 -7.99650000e-04 4.81940000e-04 -1.15000000e-06 1.53770000e-04 1.26200000e-04 1.14130000e-04 -3.30170000e-04 -2.60540000e-04 5.41200000e-05 -3.18790000e-04 1.20460000e-04 2.13060000e-04 5.03600000e-04 3.31120000e-04 -9.92800000e-05 2.97710000e-04 2.46320000e-04 -3.94090000e-04 -5.28400000e-05 -1.02720000e-04 1.81476000e-03 3.82360000e-04 4.76890000e-04 -5.96380000e-04 -5.08000000e-05 -2.33090000e-04 -2.20540000e-04 -8.83200000e-05 -6.00600000e-04 7.72620000e-04 -2.36780000e-04 -5.87410000e-04 3.26610000e-04 4.30580000e-04 3.01864200e-02 1.14371000e-03 6.21380000e-04 -6.40600000e-05 -5.69000000e-06 1.61670000e-04 8.05900000e-05 -8.41700000e-05 -5.75660000e-04 1.01720000e-04 1.25180000e-04 -1.43000000e-04 9.58400000e-05 2.40330000e-04
3.16530000e-04 1.87930000e-04 3.14810000e-04 9.25800000e-04 2.25300000e-04 5.63700000e-05 -7.30230000e-04 8.73300000e-05 -2.68360000e-04 -6.35800000e-05 4.83290000e-04 -1.47142000e-03 -5.32620000e-04 -3.39030000e-04 -3.36520000e-04 7.55520000e-04 2.79490000e-04 -1.84940000e-04 6.22260000e-04 -3.06010000e-04 -3.74220000e-04 -1.53510000e-04 -1.35138000e-03 1.04827000e-03 3.83550000e-04 1.66800000e-05 -1.30830000e-04 2.42630000e-04 -1.02414000e-03 7.04100000e-04 1.58432000e-03 -3.27960000e-04 4.01780000e-04 5.94960000e-04 -1.44600000e-04 6.01600000e-04 1.08331000e-03 1.88820000e-04 -1.63680000e-04 -9.01200000e-05 -1.63890000e-04 2.08400000e-05 1.74640000e-04 -7.51980000e-04 -1.49930000e-04 -6.40710000e-04 -6.47350000e-04 1.21800000e-05 1.15027000e-03 -1.08690000e-04 1.39300000e-05 5.39810000e-04 1.51360000e-04 9.19200000e-05 3.80900000e-05 -1.06800000e-04 -8.63180000e-04 5.01050000e-04 -1.42700000e-04 2.25400000e-04 1.48570000e-04 1.31030000e-04 -2.77940000e-04 -2.55280000e-04 -5.22000000e-05 -2.78080000e-04 1.50700000e-04 1.67930000e-04 7.46700000e-04 3.81470000e-04 -1.53830000e-04 4.02550000e-04 2.71360000e-04 -5.26990000e-04 1.03240000e-04 -3.65900000e-05 2.07344000e-03 4.60510000e-04 7.21960000e-04 -6.42620000e-04 -5.50000000e-07 -1.67570000e-04 -2.24180000e-04 -9.34500000e-05 -6.33710000e-04 8.84780000e-04 -3.31590000e-04 -9.00970000e-04 5.01820000e-04 4.27120000e-04 1.14371000e-03 3.94793400e-02 5.46370000e-04 -2.66820000e-04 -2.29600000e-05 1.17240000e-04 1.32020000e-04 -1.42200000e-04 -9.84410000e-04 -1.93000000e-04 9.61000000e-06 -3.27660000e-04 -3.14500000e-05 3.30000000e-04
-4.77480000e-04 -3.24150000e-04 -1.91560000e-04 8.55500000e-04 -3.08880000e-04 2.46900000e-05 -3.82270000e-04 2.18706000e-03 1.12400000e-04 -9.30580000e-04 3.88390000e-04 5.72530000e-04 2.13442000e-03 -6.46000000e-04 -2.89900000e-05 3.98780000e-04 -5.40100000e-04 -6.48810000e-04 8.20380000e-04 7.84880000e-04 1.66920000e-04 3.58920000e-04 -4.80510000e-04 4.57350000e-04 6.03080000e-04 -3.76430000e-04 -5.53530000e-04 1.55500000e-04 6.06930000e-04 -8.87430000e-04 -7.59090000e-04 1.15790000e-04 2.12040000e-04 2.43620000e-04 1.67562000e-03 8.29900000e-05 5.92020000e-04 -3.51540000e-04 -1.53746000e-03 1.41890000e-04 9.25930000e-04 3.34680000e-04 4.96350000e-04 2.58500000e-05 2.02245000e-03 1.09064000e-03 -4.98530000e-04 -1.88420000e-04 -1.76915000e-03 4.56280000e-04 -5.96220000e-04 3.96170000e-04 1.15882000e-03 1.38950000e-04 -6.66930000e-04 3.85500000e-04 1.40647000e-03 3.73480000e-04 1.24936000e-03 2.09020000e-04 1.55899000e-03 -2.60360000e-04 4.12240000e-04 -3.24340000e-04 1.60650000e-04 6.31180000e-04 5.75300000e-04 -1.40910000e-04 -3.84820000e-04 1.99350000e-04 -6.99000000e-06 -3.16500000e-05 2.23070000e-04 3.08210000e-04 -8.54250000e-04 -3.36720000e-04 -1.27260000e-04 1.17450000e-04 -1.52670000e-03 -1.15002000e-03 -4.73270000e-04 1.14150000e-04 2.70390000e-04 -2.87600000e-04 1.17370000e-04 1.22338000e-03 2.91970000e-04 7.46680000e-04 -1.03109000e-03 5.35410000e-04 6.21380000e-04 5.46370000e-04 2.20811800e-02 -4.95170000e-04 -2.15200000e-04 -4.55890000e-04 -5.30490000e-04 -8.67700000e-05 2.05474000e-03 1.29655000e-03 2.09620000e-04 5.20370000e-04 1.24297000e-03 -2.63910000e-04
-1.71540000e-04 2.93140000e-04 -1.83790000e-04 -6.02420000e-04 7.55800000e-05 -8.42610000e-04 -1.63120000e-04 -8.31700000e-04 -4.24870000e-04 2.23010000e-04 9.97800000e-05 -8.97380000e-04 -1.46039000e-03 -8.66400000e-05 -3.60670000e-04 2.58920000e-04 1.17464000e-03 -6.15500000e-05 -1.91400000e-04 -8.21130000e-04 -5.92800000e-04 5.04550000e-04 5.92100000e-04 -1.46260000e-04 2.55890000e-04 -8.50100000e-05 2.72190000e-04 -4.22970000e-04 -4.19040000e-04 3.96560000e-04 1.11079000e-03 -6.69930000e-04 -3.20060000e-04 -1.63200000e-04 -6.59930000e-04 3.49660000e-04 -1.98940000e-04 3.53490000e-04 3.16730000e-04 -4.71800000e-04 -7.16090000e-04 -5.70090000e-04 -7.08060000e-04 -3.01920000e-04 -1.50243000e-03 -3.76220000e-04 -2.25180000e-04 -5.03780000e-04 1.52706000e-03 -6.17360000e-04 2.66540000e-04 -1.63220000e-04 -6.44130000e-04 -4.64090000e-04 -2.79000000e-05 -4.46610000e-04 -1.06111000e-03 -1.28740000e-04 -1.50481000e-03 -7.00210000e-04 -8.86820000e-04 3.36130000e-04 -6.12110000e-04 -2.80390000e-04 7.42470000e-04 -7.22810000e-04 -6.58470000e-04 4.33360000e-04 4.14400000e-05 -5.02000000e-05 -3.65760000e-04 -2.87190000e-04 -1.83670000e-04 -2.96840000e-04 -2.66000000e-05 -1.34140000e-04 1.08319000e-03 -1.14780000e-04 8.35200000e-04 1.60380000e-04 2.18300000e-05 -5.48710000e-04 -5.41220000e-04 -2.79840000e-04 -3.70480000e-04 -6.65700000e-04 -2.41820000e-04 2.79540000e-04 8.54250000e-04 -3.18100000e-04 -6.40600000e-05 -2.66820000e-04 -4.95170000e-04 1.88499700e-02 -4.87200000e-05 1.54090000e-04 5.48900000e-05 -1.18700000e-04 -9.01200000e-04 -3.67240000e-04 2.65170000e-04 -4.72000000e-06 -7.20010000e-04 2.93600000e-05
6.00390000e-04 1.82590000e-04 2.15520000e-04 -3.50940000e-04 2.95410000e-04 3.33940000e-04 4.35180000e-04 -1.25955000e-03 1.76350000e-04 7.83450000e-04 -3.16450000e-04 -1.95530000e-04 -1.20382000e-03 4.99700000e-04 2.47230000e-04 -3.28270000e-04 -2.45290000e-04 5.07550000e-04 -6.60760000e-04 -2.94030000e-04 -1.12240000e-04 -3.15240000e-04 1.61200000e-04 -2.29750000e-04 -5.14320000e-04 4.13860000e-04 3.13280000e-04 8.30100000e-05 -3.91730000e-04 2.96480000e-04 -7.72600000e-05 1.84160000e-04 -6.94000000e-06 -1.48450000e-04 -1.06366000e-03 2.42580000e-04 -3.16670000e-04 2.76980000e-04 8.35390000e-04 9.29100000e-05 -2.47360000e-04 1.18000000e-06 -1.17230000e-04 6.39800000e-05 -1.11699000e-03 -5.06570000e-04 4.54970000e-04 6.05000000e-05 5.82230000e-04 -1.31730000e-04 4.48910000e-04 -1.28310000e-04 -5.89320000e-04 7.67700000e-05 6.10650000e-04 4.97900000e-05 -8.11420000e-04 -2.01770000e-04 -2.44790000e-04 8.15900000e-05 -8.78210000e-04 2.07440000e-04 -7.80600000e-05 4.10620000e-04 -2.88620000e-04 -1.26310000e-04 -1.42170000e-04 9.32600000e-05 2.91730000e-04 -1.65500000e-04 2.76720000e-04 1.74990000e-04 -6.89900000e-05 4.08000000e-06 5.93940000e-04 2.92410000e-04 -4.69190000e-04 -4.93100000e-05 6.56740000e-04 7.39750000e-04 4.55520000e-04 2.08400000e-05 9.38600000e-05 3.67510000e-04 -1.80700000e-05 -6.86940000e-04 2.30500000e-05 -4.25980000e-04 5.52110000e-04 -1.17800000e-05 -5.69000000e-06 -2.29600000e-05 -2.15200000e-04 -4.87200000e-05 1.31332100e-02 6.12650000e-04 5.74100000e-04 2.52080000e-04 -8.71320000e-04 -4.67760000e-04 -4.62600000e-05 -1.50780000e-04 -4.19120000e-04 4.36720000e-04
1.03095000e-03 4.04370000e-04 3.88840000e-04 -7.02210000e-04 5.64880000e-04 3.90840000e-04 6.15340000e-04 -2.44047000e-03 8.23800000e-05 1.53109000e-03 -4.51900000e-04 -8.25640000e-04 -2.74852000e-03 8.42170000e-04 2.06660000e-04 -4.37280000e-04 -2.28840000e-04 8.48530000e-04 -1.02758000e-03 -8.54450000e-04 -4.87680000e-04 -4.93670000e-04 3.71200000e-05 -3.50430000e-04 -7.95420000e-04 7.05630000e-04 5.82330000e-04 7.56500000e-05 -1.08532000e-03 7.88720000e-04 3.84060000e-04 9.79000000e-05 -4.58100000e-05 -3.38890000e-04 -2.13081000e-03 5.87560000e-04 -4.55740000e-04 5.81460000e-04 1.58004000e-03 3.94400000e-05 -7.37950000e-04 -8.93100000e-05 -3.34800000e-04 -1.50580000e-04 -2.59434000e-03 -1.20320000e-03 6.38550000e-04 -6.41700000e-05 1.70868000e-03 -4.74340000e-04 8.78590000e-04 -1.61080000e-04 -1.38566000e-03 -9.00000000e-08 1.10324000e-03 -4.30500000e-05 -1.94654000e-03 -2.63570000e-04 -8.11510000e-04 6.34700000e-05 -1.86172000e-03 4.30830000e-04 -3.69090000e-04 5.87790000e-04 -4.25880000e-04 -4.95060000e-04 -4.11560000e-04 2.19750000e-04 6.61820000e-04 -2.07150000e-04 3.33230000e-04 3.29140000e-04 -1.01840000e-04 -2.69200000e-04 1.07270000e-03 5.01330000e-04 -7.52000000e-05 2.01000000e-06 1.62023000e-03 1.21996000e-03 8.26000000e-04 -9.01800000e-05 -5.85700000e-05 6.09660000e-04 -2.52480000e-04 -1.24617000e-03 -1.85310000e-04 -9.89450000e-04 1.31346000e-03 -6.23800000e-05 1.61670000e-04 1.17240000e-04 -4.55890000e-04 1.54090000e-04 6.12650000e-04 3.16010500e-02 1.06219000e-03 4.19900000e-04 -2.10261000e-03 -1.06005000e-03 -7.01000000e-05 -3.80870000e-04 -1.03165000e-03 7.43660000e-04
1.10209000e-03 3.99340000e-04 4.43180000e-04 -6.29430000e-04 5.80190000e-04 4.25700000e-04 5.52870000e-04 -2.52065000e-03 5.18500000e-05 1.48699000e-03 -4.55310000e-04 -9.86190000e-04 -2.78683000e-03 8.95480000e-04 1.85580000e-04 -4.03410000e-04 -7.79000000e-05 8.79010000e-04 -1.07547000e-03 -8.33820000e-04 -3.48740000e-04 -6.23910000e-04 -3.11000000e-06 -2.36810000e-04 -8.61760000e-04 6.82180000e-04 5.43970000e-04 1.28580000e-04 -1.16660000e-03 9.95720000e-04 6.27010000e-04 5.46600000e-05 1.01600000e-05 -1.74330000e-04 -2.23224000e-03 4.73070000e-04 -4.08370000e-04 5.40580000e-04 1.76211000e-03 3.30900000e-05 -7.75700000e-04 -1.37590000e-04 -3.40570000e-04 -1.86500000e-04 -2.54176000e-03 -1.39739000e-03 6.67810000e-04 1.70330000e-04 1.86706000e-03 -4.33570000e-04 8.66360000e-04 -1.87960000e-04 -1.32551000e-03 9.82100000e-05 1.18374000e-03 -1.30320000e-04 -2.02382000e-03 -2.62380000e-04 -9.40700000e-04 6.35900000e-05 -1.86407000e-03 3.86910000e-04 -3.75780000e-04 5.32680000e-04 -5.32470000e-04 -5.39010000e-04 -4.15460000e-04 1.68010000e-04 7.54460000e-04 -2.24960000e-04 3.25460000e-04 3.72370000e-04 -1.19480000e-04 -3.54720000e-04 1.10740000e-03 5.49310000e-04 -3.04100000e-05 -5.89000000e-06 1.70937000e-03 1.29836000e-03 8.00300000e-04 -7.95200000e-05 -4.12500000e-05 5.42180000e-04 -3.00240000e-04 -1.24674000e-03 -2.72390000e-04 -1.23342000e-03 1.37481000e-03 -8.19200000e-05 8.05900000e-05 1.32020000e-04 -5.30490000e-04 5.48900000e-05 5.74100000e-04 1.06219000e-03 4.41361800e-02 3.53750000e-04 -2.31312000e-03 -1.18949000e-03 -1.48280000e-04 -5.38240000e-04 -1.07132000e-03 7.72870000e-04
3.43410000e-04 3.41600000e-05 9.48600000e-05 -2.28780000e-04 1.39970000e-04 1.76120000e-04 4.39360000e-04 -5.88060000e-04 1.90890000e-04 4.87050000e-04 -2.35680000e-04 2.94760000e-04 -3.76410000e-04 3.58010000e-04 2.17570000e-04 -2.93690000e-04 -3.43570000e-04 2.82390000e-04 -3.83360000e-04 -1.19500000e-05 1.40700000e-05 -9.45600000e-05 1.02040000e-04 -2.44640000e-04 -3.17640000e-04 2.31770000e-04 1.04670000e-04 6.27400000e-05 -1.95300000e-05 -2.24700000e-05 -4.11910000e-04 2.42860000e-04 -2.27900000e-05 -1.57750000e-04 -4.10470000e-04 1.87070000e-04 -2.69420000e-04 1.07800000e-04 4.25880000e-04 1.34800000e-04 -3.70000000e-05 9.51100000e-05 1.61600000e-05 1.81770000e-04 -4.07820000e-04 -5.00200000e-05 3.97240000e-04 2.76400000e-05 -4.43500000e-05 9.49000000e-06 1.95410000e-04 -9.22700000e-05 -2.59360000e-04 5.81000000e-05 3.44150000e-04 1.41730000e-04 -1.69800000e-04 -1.60530000e-04 9.06500000e-05 1.13030000e-04 -3.77980000e-04 8.47600000e-05 7.61800000e-05 2.90640000e-04 -1.97520000e-04 8.27300000e-05 4.54000000e-06 -1.98000000e-06 5.11200000e-05 -1.16460000e-04 2.19240000e-04 8.25600000e-05 -4.79100000e-05 1.28720000e-04 2.79290000e-04 2.13370000e-04 -6.60090000e-04 -6.18400000e-05 1.35710000e-04 4.01120000e-04 2.65430000e-04 1.05010000e-04 1.56340000e-04 2.54760000e-04 1.28800000e-04 -3.66140000e-04 1.04160000e-04 -3.72500000e-05 1.96590000e-04 -1.15500000e-05 -8.41700000e-05 -1.42200000e-04 -8.67700000e-05 -1.18700000e-04 2.52080000e-04 4.19900000e-04 3.53750000e-04 2.18196100e-02 -1.40500000e-04 -1.18840000e-04 1.97600000e-05 9.23800000e-05 -9.03100000e-05 2.23040000e-04
-2.15947000e-03 -1.62666000e-03 -1.42221000e-03 1.22645000e-03 -1.62933000e-03 -4.64280000e-04 2.37380000e-04 7.52740000e-03 8.30090000e-04 -3.41782000e-03 4.03280000e-04 6.30346000e-03 9.67261000e-03 -1.72883000e-03 4.83480000e-04 -9.39000000e-05 -2.04280000e-03 -2.14696000e-03 1.65166000e-03 3.81948000e-03 1.58085000e-03 1.69000000e-03 1.15416000e-03 -3.84360000e-04 1.50134000e-03 -1.50585000e-03 -1.83067000e-03 2.86900000e-05 4.81350000e-03 -4.67642000e-03 -5.50496000e-03 1.18989000e-03 -5.87100000e-05 -2.16800000e-05 6.59127000e-03 -1.00013000e-03 -6.70000000e-05 -1.69490000e-03 -5.59599000e-03 6.03920000e-04 3.42939000e-03 1.14319000e-03 1.32866000e-03 2.02008000e-03 8.47288000e-03 5.42097000e-03 -4.27170000e-04 -6.50640000e-04 -8.50712000e-03 1.75342000e-03 -2.51121000e-03 2.37620000e-04 4.41644000e-03 2.55960000e-04 -2.64694000e-03 1.67307000e-03 7.36308000e-03 2.04190000e-04 4.17580000e-03 1.62490000e-04 5.50566000e-03 -1.20487000e-03 2.24833000e-03 -7.92980000e-04 8.34230000e-04 3.09468000e-03 1.70696000e-03 -9.48660000e-04 -2.79598000e-03 -6.52700000e-05 1.06800000e-05 -1.03010000e-03 1.37100000e-04 2.15062000e-03 -3.39659000e-03 -1.24463000e-03 -4.80191000e-03 -5.43830000e-04 -7.08872000e-03 -3.22704000e-03 -1.80701000e-03 8.83420000e-04 1.40577000e-03 -1.07490000e-03 1.88134000e-03 2.65237000e-03 1.68922000e-03 4.84861000e-03 -4.44837000e-03 7.44070000e-04 -5.75660000e-04 -9.84410000e-04 2.05474000e-03 -9.01200000e-04 -8.71320000e-04 -2.10261000e-03 -2.31312000e-03 -1.40500000e-04 2.36570700e-02 4.78376000e-03 6.67580000e-04 2.62534000e-03 4.40997000e-03 -1.72932000e-03
-1.17667000e-03 -8.15620000e-04 -7.10610000e-04 7.30200000e-04 -8.31450000e-04 -2.74270000e-04 -1.01020000e-04 4.17462000e-03 3.13260000e-04 -1.80141000e-03 3.64300000e-04 2.69875000e-03 4.66562000e-03 -1.00067000e-03 1.16960000e-04 1.67190000e-04 -1.01557000e-03 -1.20030000e-03 1.01784000e-03 1.79641000e-03 6.15160000e-04 9.02130000e-04 3.72770000e-04 -3.53500000e-05 9.10010000e-04 -8.40110000e-04 -1.03286000e-03 3.29200000e-05 2.17078000e-03 -2.30648000e-03 -2.61505000e-03 3.83380000e-04 3.04100000e-05 -1.58500000e-05 3.41097000e-03 -3.89260000e-04 1.47650000e-04 -8.25430000e-04 -2.98367000e-03 2.73990000e-04 1.80334000e-03 5.61760000e-04 6.84840000e-04 7.77150000e-04 4.07105000e-03 2.67603000e-03 -4.20190000e-04 -4.42250000e-04 -4.18547000e-03 8.30360000e-04 -1.24093000e-03 2.55150000e-04 2.17309000e-03 1.53600000e-04 -1.35199000e-03 8.22780000e-04 3.50951000e-03 3.26340000e-04 2.14467000e-03 7.87100000e-05 2.82054000e-03 -5.99250000e-04 1.03171000e-03 -5.53640000e-04 4.55980000e-04 1.47180000e-03 8.68610000e-04 -4.40130000e-04 -1.36246000e-03 6.54600000e-05 -7.96000000e-06 -4.76640000e-04 1.53590000e-04 9.54390000e-04 -1.86870000e-03 -6.88750000e-04 -1.97780000e-03 -1.77730000e-04 -3.60419000e-03 -1.83003000e-03 -9.74900000e-04 3.62730000e-04 6.59600000e-04 -6.28430000e-04 7.85570000e-04 1.51176000e-03 7.63790000e-04 2.35827000e-03 -2.21231000e-03 5.76710000e-04 1.01720000e-04 -1.93000000e-04 1.29655000e-03 -3.67240000e-04 -4.67760000e-04 -1.06005000e-03 -1.18949000e-03 -1.18840000e-04 4.78376000e-03 3.39609100e-02 4.03950000e-04 1.32804000e-03 2.35870000e-03 -8.59450000e-04
-2.39350000e-04 -9.92200000e-05 -1.10490000e-04 3.72110000e-04 -8.87200000e-05 -2.08540000e-04 -2.26310000e-04 5.95420000e-04 1.13400000e-05 -3.28190000e-04 2.37460000e-04 8.21300000e-05 7.66230000e-04 -3.56680000e-04 -5.17400000e-05 3.17250000e-04 4.54200000e-05 -3.39970000e-04 4.04120000e-04 2.36640000e-04 -8.00700000e-05 3.99140000e-04 -2.66780000e-04 2.60030000e-04 4.04430000e-04 -2.14550000e-04 -2.59000000e-04 1.38600000e-05 1.89640000e-04 -3.75270000e-04 -1.05360000e-04 -9.69300000e-05 6.88800000e-05 1.54070000e-04 7.66160000e-04 1.31950000e-04 3.09960000e-04 -6.60300000e-05 -7.41360000e-04 -7.19000000e-06 8.73400000e-05 6.42100000e-05 1.19840000e-04 -5.07900000e-05 7.28460000e-04 5.44180000e-04 -3.04220000e-04 -2.24740000e-04 -5.69330000e-04 1.32870000e-04 -1.96000000e-04 1.97450000e-04 4.81920000e-04 -3.69500000e-05 -2.73420000e-04 1.35630000e-04 4.74730000e-04 -3.13000000e-06 3.34460000e-04 -1.72100000e-05 6.83360000e-04 -1.52700000e-05 9.26800000e-05 -2.21510000e-04 2.87360000e-04 1.85570000e-04 1.93890000e-04 6.73300000e-05 -1.42810000e-04 8.37000000e-05 -4.12600000e-05 -2.68900000e-05 7.62800000e-05 9.77000000e-05 -4.81180000e-04 -2.27250000e-04 1.51180000e-04 5.80600000e-05 -5.91210000e-04 -5.45800000e-04 -2.21330000e-04 -6.01900000e-05 5.62700000e-05 -2.06480000e-04 -2.96400000e-05 5.43290000e-04 1.19680000e-04 5.50620000e-04 -2.40750000e-04 -1.34900000e-05 1.25180000e-04 9.61000000e-06 2.09620000e-04 2.65170000e-04 -4.62600000e-05 -7.01000000e-05 -1.48280000e-04 1.97600000e-05 6.67580000e-04 4.03950000e-04 9.73006000e-03 3.68330000e-04 2.75860000e-04 -3.61500000e-05
-5.74390000e-04 -4.60520000e-04 -3.91170000e-04 4.02800000e-04 -4.05330000e-04 -2.61420000e-04 1.28730000e-04 1.96863000e-03 2.73800000e-04 -8.58750000e-04 1.62940000e-04 1.82303000e-03 2.72547000e-03 -5.06710000e-04 1.35540000e-04 6.67100000e-05 -5.55070000e-04 -6.66430000e-04 5.41280000e-04 1.06029000e-03 3.29680000e-04 6.70840000e-04 1.31600000e-04 -5.91100000e-05 5.34460000e-04 -4.42970000e-04 -6.02530000e-04 7.04000000e-06 1.33459000e-03 -1.39156000e-03 -1.52909000e-03 2.84710000e-04 -7.27000000e-06 -7.22000000e-06 1.97165000e-03 -1.63030000e-04 5.85700000e-05 -3.88470000e-04 -1.66540000e-03 1.82250000e-04 8.15680000e-04 3.47340000e-04 3.86410000e-04 5.60860000e-04 2.35511000e-03 1.69723000e-03 -1.33960000e-04 -3.38490000e-04 -2.42069000e-03 4.72740000e-04 -6.77630000e-04 1.39470000e-04 1.26763000e-03 2.53700000e-05 -7.27250000e-04 5.46850000e-04 2.07580000e-03 -3.14400000e-05 1.22922000e-03 5.69800000e-05 1.62974000e-03 -2.50040000e-04 6.23760000e-04 -2.32840000e-04 3.36240000e-04 8.99430000e-04 5.22260000e-04 -1.85160000e-04 -7.58210000e-04 1.39900000e-05 2.80600000e-05 -2.63360000e-04 7.05800000e-05 6.25410000e-04 -1.01136000e-03 -3.67520000e-04 -1.28139000e-03 -1.12220000e-04 -2.03144000e-03 -1.03479000e-03 -4.79930000e-04 2.19090000e-04 4.05570000e-04 -3.30800000e-04 5.14890000e-04 8.43400000e-04 5.17450000e-04 1.59083000e-03 -1.12377000e-03 1.05090000e-04 -1.43000000e-04 -3.27660000e-04 5.20370000e-04 -4.72000000e-06 -1.50780000e-04 -3.80870000e-04 -5.38240000e-04 9.23800000e-05 2.62534000e-03 1.32804000e-03 3.68330000e-04 3.19272200e-02 1.16371000e-03 -3.81040000e-04
-9.39660000e-04 -7.73960000e-04 -5.52170000e-04 8.85090000e-04 -7.47320000e-04 -9.95400000e-05 -6.43300000e-05 3.88470000e-03 3.77310000e-04 -1.69103000e-03 3.04670000e-04 2.66424000e-03 4.61158000e-03 -8.69230000e-04 1.88670000e-04 1.15070000e-04 -1.02641000e-03 -1.05164000e-03 9.74580000e-04 1.82665000e-03 7.71170000e-04 6.74290000e-04 1.68000000e-04 9.02400000e-05 7.59650000e-04 -7.24130000e-04 -9.50390000e-04 1.25000000e-04 2.07673000e-03 -2.03665000e-03 -2.35283000e-03 5.19410000e-04 1.07470000e-04 1.49190000e-04 3.20280000e-03 -4.07700000e-04 2.56070000e-04 -8.18360000e-04 -2.65237000e-03 3.36230000e-04 1.77135000e-03 6.02150000e-04 7.75610000e-04 7.90220000e-04 4.13122000e-03 2.42949000e-03 -3.26820000e-04 -1.82280000e-04 -3.93738000e-03 9.13840000e-04 -1.21660000e-03 2.55580000e-04 2.19112000e-03 2.36590000e-04 -1.22282000e-03 7.96660000e-04 3.42566000e-03 2.98990000e-04 2.18824000e-03 2.24700000e-04 2.77759000e-03 -6.08260000e-04 1.06258000e-03 -4.25300000e-04 2.40280000e-04 1.46454000e-03 9.35110000e-04 -4.82880000e-04 -1.17003000e-03 7.66900000e-05 3.82300000e-05 -3.47250000e-04 1.65950000e-04 9.27870000e-04 -1.57355000e-03 -5.57060000e-04 -1.90349000e-03 -1.37180000e-04 -3.30387000e-03 -1.67737000e-03 -8.80240000e-04 4.39090000e-04 6.92090000e-04 -5.18360000e-04 7.76140000e-04 1.57491000e-03 7.37130000e-04 2.01455000e-03 -2.11292000e-03 5.73590000e-04 9.58400000e-05 -3.14500000e-05 1.24297000e-03 -7.20010000e-04 -4.19120000e-04 -1.03165000e-03 -1.07132000e-03 -9.03100000e-05 4.40997000e-03 2.35870000e-03 2.75860000e-04 1.16371000e-03 2.39210900e-02 -7.32410000e-04
8.36520000e-04 3.10020000e-04 3.74770000e-04 -6.68900000e-05 4.50040000e-04 3.46150000e-04 1.73500000e-04 -1.74706000e-03 4.82900000e-05 9.36780000e-04 -2.17950000e-04 -1.06374000e-03 -1.80003000e-03 4.57630000e-04 1.12630000e-04 -4.86300000e-05 6.72000000e-05 5.30190000e-04 -6.38750000e-04 -5.30080000e-04 -2.64070000e-04 -4.32740000e-04 -1.80510000e-04 2.02010000e-04 -4.90290000e-04 4.72370000e-04 3.59590000e-04 1.67190000e-04 -9.55020000e-04 7.23200000e-04 7.28210000e-04 7.21000000e-06 1.46620000e-04 1.48540000e-04 -1.42490000e-03 4.14720000e-04 5.59800000e-05 4.13590000e-04 1.06720000e-03 3.14500000e-05 -5.52290000e-04 -6.04900000e-05 -1.52540000e-04 -2.77240000e-04 -1.42726000e-03 -9.98300000e-04 2.77850000e-04 1.11850000e-04 1.30663000e-03 -2.13720000e-04 5.87560000e-04 2.24000000e-06 -6.35040000e-04 1.02010000e-04 7.85750000e-04 -7.23100000e-05 -1.42977000e-03 -1.38160000e-04 -5.65570000e-04 9.58500000e-05 -1.07858000e-03 3.13610000e-04 -2.62060000e-04 3.26810000e-04 -3.26220000e-04 -3.65250000e-04 -2.07790000e-04 1.84790000e-04 6.44050000e-04 -9.49900000e-05 2.45900000e-04 3.37850000e-04 -3.80200000e-05 -2.81410000e-04 7.28860000e-04 3.05900000e-04 3.15660000e-04 1.05340000e-04 1.18067000e-03 7.54670000e-04 5.23530000e-04 -6.13300000e-05 -1.76100000e-05 3.45350000e-04 -3.18840000e-04 -5.48220000e-04 -1.78400000e-04 -9.06710000e-04 9.38070000e-04 -2.50700000e-05 2.40330000e-04 3.30000000e-04 -2.63910000e-04 2.93600000e-05 4.36720000e-04 7.43660000e-04 7.72870000e-04 2.23040000e-04 -1.72932000e-03 -8.59450000e-04 -3.61500000e-05 -3.81040000e-04 -7.32410000e-04 1.78187800e-02
