3.81016600e-02 -6.06700000e-04 -5.29720000e-04 1.50600000e-04 -5.00530000e-04 -9.12850000e-04 -2.10750000e-04 -3.44070000e-04 -1.05440000e-04 1.46236000e-03 -8.38600000e-05 -7.86330000e-04 -8.54500000e-04 -6.08730000e-04 1.28570000e-04 1.81600000e-05 -2.93410000e-04 -2.22660000e-04 -2.79210000e-04 -1.06750000e-04 -1.03201000e-03 1.54192000e-03 1.32500000e-04 -4.51840000e-04 -4.71180000e-04 -3.37370000e-04 9.65690000e-04 -5.81470000e-04 7.61900000e-05 3.42000000e-05 -3.49670000e-04 -1.92760000e-04 -3.73960000e-04 -6.92200000e-05 -5.81060000e-04 -2.78960000e-04 9.36600000e-05 -1.68310000e-04 -2.87900000e-04 -1.94850000e-04 -5.05500000e-04 -6.70640000e-04 -1.58700000e-04 -5.35140000e-04 1.21430000e-04 -2.02090000e-04 -4.21750000e-04 -4.68080000e-04 8.94600000e-05 -1.08850000e-04 -1.91890000e-04 -2.48850000e-04 1.62133000e-03 -3.27960000e-04 -4.95760000e-04 2.15600000e-05 1.70327000e-03 1.35017000e-03 -6.00100000e-04 -7.85240000e-04 6.42990000e-04 -2.65080000e-04 -1.16710000e-04 -3.42870000e-04 -3.95900000e-04 -5.34500000e-05 1.69191000e-03 -6.85200000e-05 -6.35190000e-04 1.51010000e-04 1.27390000e-04 -4.08600000e-05 -2.82640000e-04 -1.99610000e-04 -2.88940000e-04 -8.12200000e-04 -1.83860000e-04 2.51800000e-05 -7.11200000e-05 -1.71830000e-04 2.34110000e-04 3.24210000e-04 -6.77200000e-05 -3.74910000e-04 -6.57880000e-04 1.65099000e-03 4.18130000e-04 1.63017000e-03 1.57221000e-03 1.36738000e-03 1.83996000e-03 1.57929000e-03 1.68094000e-03 2.21612000e-03 1.75590000e-03 1.85440000e-03 1.24714000e-03 1.81008000e-03 1.60353000e-03 1.52145000e-03 1.54488000e-03 1.75141000e-03 1.57397000e-03 1.95344000e-03
-6.06700000e-04 5.24993600e-02 7.28490000e-04 -3.34540000e-04 7.72060000e-04 8.00170000e-04 2.11400000e-05 6.69180000e-04 6.11110000e-04 7.24000000e-05 2.43250000e-04 8.29470000e-04 1.17617000e-03 6.75210000e-04 -5.46520000e-04 -2.01880000e-04 9.50640000e-04 2.59420000e-04 7.85090000e-04 4.30290000e-04 1.16029000e-03 -3.14410000e-04 -1.35360000e-04 6.75770000e-04 9.45240000e-04 7.68080000e-04 3.93690000e-04 9.39340000e-04 -3.49140000e-04 -1.30390000e-04 4.89760000e-04 6.53510000e-04 5.99490000e-04 -5.54720000e-04 5.69480000e-04 7.49760000e-04 1.27010000e-04 3.20980000e-04 4.77060000e-04 1.71980000e-04 7.93720000e-04 8.73630000e-04 -2.44300000e-05 1.10270000e-04 -5.83610000e-04 2.31020000e-04 7.34260000e-04 5.59920000e-04 -6.73800000e-05 6.50200000e-05 1.31740000e-04 3.69820000e-04 1.23900000e-04 3.99500000e-04 7.94480000e-04 4.57920000e-04 -3.73090000e-04 -7.91430000e-04 8.47000000e-04 9.93390000e-04 -4.20190000e-04 7.62420000e-04 -5.97100000e-05 7.70420000e-04 7.06950000e-04 -4.49800000e-05 -4.19260000e-04 7.75500000e-05 8.86880000e-04 -3.29240000e-04 2.27390000e-04 4.96750000e-04 5.14200000e-04 5.59420000e-04 8.05480000e-04 1.37769000e-03 6.76530000e-04 3.69300000e-05 -1.15120000e-04 5.58930000e-04 -4.13800000e-04 -6.22070000e-04 4.17000000e-04 8.29150000e-04 1.10846000e-03 -7.00410000e-04 -5.00650000e-04 -8.27610000e-04 1.39170000e-04 9.60590000e-04 -4.42340000e-04 -2.58210000e-04 -7.87000000e-06 -9.23320000e-04 -3.16170000e-04 -3.28630000e-04 2.09470000e-04 -5.89100000e-05 -1.47160000e-04 -1.35990000e-04 6.92000000e-05 -4.30260000e-04 -4.97910000e-04 -1.06325000e-03
-5.29720000e-04 7.28490000e-04 1.07595200e-02 -1.31511000e-03 -5.61120000e-04 -2.00338000e-03 9.70410000e-04 6.47600000e-05 7.96700000e-05 8.01750000e-04 -2.51300000e-04 -6.54690000e-04 1.00786000e-03 -9.82690000e-04 -2.06532000e-03 -1.60739000e-03 2.98516000e-03 9.11150000e-04 5.91880000e-04 1.44061000e-03 -6.89880000e-04 -3.09780000e-04 -5.98930000e-04 -2.55070000e-04 1.83846000e-03 2.19300000e-05 1.57570000e-03 1.13070000e-04 -1.25230000e-03 9.97780000e-04 1.05537000e-03 1.29773000e-03 5.45050000e-04 -2.10596000e-03 -4.64890000e-04 5.26250000e-04 7.98280000e-04 1.61327000e-03 -8.04460000e-04 7.49830000e-04 1.17360000e-04 6.53700000e-05 -7.28970000e-04 4.13600000e-05 -2.06228000e-03 -4.22170000e-04 3.97230000e-04 -6.15300000e-05 -5.04650000e-04 2.72620000e-04 1.62000000e-05 -5.15620000e-04 1.52076000e-03 -7.81350000e-04 3.63360000e-04 2.37427000e-03 -6.99860000e-04 -2.60792000e-03 -5.93660000e-04 -8.86180000e-04 -8.06320000e-04 7.46010000e-04 -3.35460000e-04 1.77953000e-03 -1.50620000e-04 -6.62080000e-04 -7.70390000e-04 -4.80900000e-04 -2.18110000e-04 -1.24227000e-03 1.13007000e-03 2.10740000e-03 6.41590000e-04 1.66300000e-05 7.14320000e-04 3.22113000e-03 1.62146000e-03 1.02219000e-03 -8.45810000e-04 1.61284000e-03 -1.24549000e-03 -1.77054000e-03 1.77190000e-04 1.00268000e-03 1.23109000e-03 -1.57068000e-03 -9.91330000e-04 -1.54756000e-03 1.71561000e-03 4.56496000e-03 -4.92590000e-04 -4.98600000e-04 5.96080000e-04 -3.55030000e-04 -1.51900000e-05 -2.70910000e-04 -4.32800000e-05 8.21450000e-04 1.92320000e-04 -2.08020000e-04 8.61970000e-04 -7.14990000e-04 -1.04993000e-03 -2.79303000e-03
1.50600000e-04 -3.34540000e-04 -1.31511000e-03 2.51578100e-02 7.44840000e-04 2.36087000e-03 -5.99060000e-04 -1.35300000e-05 -6.54400000e-05 -7.42200000e-04 2.26800000e-05 1.04369000e-03 -3.90530000e-04 1.08965000e-03 1.79133000e-03 1.45013000e-03 -2.54809000e-03 -3.75400000e-04 -3.88880000e-04 -1.37741000e-03 1.23839000e-03 1.85660000e-04 5.90570000e-04 4.19340000e-04 -1.42252000e-03 1.07740000e-04 -8.22690000e-04 2.65890000e-04 1.08919000e-03 -8.49640000e-04 -8.90510000e-04 -1.19152000e-03 -3.43680000e-04 1.81761000e-03 7.54380000e-04 -3.11950000e-04 -4.28640000e-04 -1.06198000e-03 7.27010000e-04 -3.53810000e-04 1.42680000e-04 2.97500000e-04 9.33710000e-04 5.88120000e-04 1.72223000e-03 7.26620000e-04 -2.44530000e-04 2.17460000e-04 7.09230000e-04 1.32090000e-04 3.64000000e-04 5.24280000e-04 -1.33123000e-03 7.73130000e-04 -1.47890000e-04 -2.24233000e-03 3.59270000e-04 2.52575000e-03 8.78510000e-04 1.28119000e-03 3.65030000e-04 -6.69320000e-04 5.44050000e-04 -1.27598000e-03 2.58360000e-04 7.91720000e-04 3.82440000e-04 5.98260000e-04 4.65950000e-04 1.06473000e-03 -7.75710000e-04 -2.05431000e-03 -3.19100000e-04 -2.17700000e-05 -4.82720000e-04 -1.83635000e-03 -1.44399000e-03 -6.17130000e-04 9.49020000e-04 -1.51769000e-03 1.06367000e-03 1.40706000e-03 -2.68860000e-04 -7.63900000e-04 -6.80730000e-04 1.27951000e-03 6.20600000e-04 1.59542000e-03 -1.49494000e-03 -3.59253000e-03 2.81760000e-04 4.98870000e-04 -5.50100000e-04 -1.40100000e-05 -1.49990000e-04 4.18100000e-05 3.74580000e-04 -9.07640000e-04 -1.39530000e-04 2.37270000e-04 -5.86960000e-04 3.75620000e-04 9.31260000e-04 2.01930000e-03
-5.00530000e-04 7.72060000e-04 -5.61120000e-04 7.44840000e-04 3.84724300e-02 8.17169000e-03 -1.48184000e-03 1.22564000e-03 5.19850000e-04 -4.90940000e-04 3.45130000e-04 5.64994000e-03 7.32620000e-04 4.65820000e-03 2.09298000e-03 1.79979000e-03 -3.73526000e-03 -9.34400000e-05 6.43210000e-04 -2.91464000e-03 6.11452000e-03 6.25960000e-04 4.65970000e-04 1.61306000e-03 -1.29563000e-03 1.24863000e-03 -1.09210000e-03 2.35608000e-03 9.66660000e-04 -2.57614000e-03 -1.46233000e-03 -2.34392000e-03 5.93500000e-05 2.09829000e-03 3.53652000e-03 3.30180000e-04 -9.99610000e-04 -2.13709000e-03 2.16242000e-03 -7.95120000e-04 1.82330000e-03 2.67261000e-03 1.49446000e-03 1.57657000e-03 1.76294000e-03 1.46071000e-03 6.78190000e-04 1.43191000e-03 8.77560000e-04 5.61050000e-04 1.16170000e-03 1.75645000e-03 -1.41753000e-03 1.84964000e-03 1.27565000e-03 -4.66951000e-03 5.72620000e-04 5.50834000e-03 3.65998000e-03 5.54793000e-03 -1.54745000e-03 -6.62380000e-04 1.13236000e-03 -1.02504000e-03 1.48820000e-03 1.09679000e-03 5.97760000e-04 8.64590000e-04 3.32029000e-03 1.13445000e-03 -1.18710000e-03 -4.62836000e-03 4.99190000e-04 1.67347000e-03 3.49090000e-04 2.48610000e-04 -2.39855000e-03 -1.54210000e-03 1.50875000e-03 -2.84415000e-03 6.89640000e-04 8.11320000e-04 7.51900000e-05 -2.62290000e-04 2.14690000e-04 2.36714000e-03 -5.27640000e-04 4.08032000e-03 -1.73665000e-03 -3.49968000e-03 7.33550000e-04 1.69026000e-03 -5.13700000e-05 -1.37112000e-03 -1.39790000e-04 3.16370000e-04 2.82981000e-03 -1.12072000e-03 5.41180000e-04 1.44836000e-03 4.68970000e-04 4.95100000e-04 2.65644000e-03 2.64342000e-03
-9.12850000e-04 8.00170000e-04 -2.00338000e-03 2.36087000e-03 8.17169000e-03 8.55144200e-02 -5.47724000e-03 3.24304000e-03 -1.96220000e-04 -1.27488000e-03 3.43330000e-04 2.29741500e-02 -8.89500000e-05 1.83682400e-02 8.70906000e-03 6.87309000e-03 -1.67159700e-02 -5.35600000e-05 7.23650000e-04 -1.36952600e-02 2.36107300e-02 3.55869000e-03 1.61353000e-03 4.22080000e-03 -6.90445000e-03 2.42311000e-03 -4.33151000e-03 7.43018000e-03 3.87261000e-03 -9.95721000e-03 -7.34415000e-03 -1.18627600e-02 -1.47273000e-03 8.73850000e-03 1.45556100e-02 -9.62960000e-04 -3.89418000e-03 -8.50662000e-03 6.91935000e-03 -2.89579000e-03 6.24549000e-03 1.00092500e-02 5.84072000e-03 7.24814000e-03 7.29516000e-03 5.35327000e-03 1.02083000e-03 4.63157000e-03 3.12877000e-03 2.79775000e-03 5.03003000e-03 6.39524000e-03 -4.77120000e-03 5.85205000e-03 3.68168000e-03 -2.05008100e-02 3.09342000e-03 2.58798500e-02 1.26431800e-02 2.11021100e-02 -7.45565000e-03 -5.36102000e-03 5.04348000e-03 -4.88552000e-03 3.95659000e-03 4.19649000e-03 3.27612000e-03 3.15802000e-03 1.23173100e-02 4.43999000e-03 -4.80701000e-03 -2.08781900e-02 1.54665000e-03 5.92794000e-03 -7.69270000e-04 1.08414000e-03 -1.14046500e-02 -5.77831000e-03 6.05623000e-03 -1.31289600e-02 2.51409000e-03 3.15057000e-03 -1.15235000e-03 -3.08846000e-03 -1.78235000e-03 1.16110600e-02 -2.47115000e-03 2.06809800e-02 -6.08372000e-03 -1.32555200e-02 4.59433000e-03 8.30828000e-03 8.22500000e-04 -3.47340000e-03 5.68740000e-04 2.43186000e-03 1.30376500e-02 -3.91486000e-03 3.27529000e-03 7.19920000e-03 3.35735000e-03 2.82813000e-03 1.35348500e-02 1.33655200e-02
-2.10750000e-04 2.11400000e-05 9.70410000e-04 -5.99060000e-04 -1.48184000e-03 -5.47724000e-03 3.74158800e-02 -5.96690000e-04 -9.41500000e-05 2.32050000e-04 -1.72320000e-04 -3.60907000e-03 2.42560000e-04 -3.10683000e-03 -1.64542000e-03 -1.21254000e-03 3.33509000e-03 4.88500000e-04 -1.69640000e-04 2.47149000e-03 -3.83989000e-03 -7.99750000e-04 -3.10520000e-04 -7.54460000e-04 1.51773000e-03 -5.37250000e-04 1.56902000e-03 -1.25921000e-03 -9.00800000e-04 2.15841000e-03 1.49795000e-03 2.09878000e-03 3.26320000e-04 -1.65047000e-03 -2.12894000e-03 9.93700000e-05 1.08823000e-03 2.06448000e-03 -1.34460000e-03 1.01964000e-03 -8.59280000e-04 -1.41036000e-03 -8.68430000e-04 -5.44770000e-04 -1.47852000e-03 -8.04100000e-04 -8.65500000e-05 -6.89010000e-04 -5.03890000e-04 -1.25360000e-04 -5.53990000e-04 -9.74010000e-04 8.41260000e-04 -1.07221000e-03 -4.79570000e-04 3.78375000e-03 -8.75380000e-04 -4.25826000e-03 -2.18601000e-03 -3.53135000e-03 8.17250000e-04 7.95050000e-04 -6.62630000e-04 1.03885000e-03 -7.88600000e-04 -6.72580000e-04 -9.34800000e-04 -3.93090000e-04 -1.99276000e-03 -9.42290000e-04 1.13519000e-03 3.80247000e-03 -2.52830000e-04 -1.03735000e-03 7.84400000e-05 5.96580000e-04 2.18525000e-03 1.51307000e-03 -1.01412000e-03 2.46362000e-03 -6.27290000e-04 -7.61480000e-04 5.25500000e-05 6.42680000e-04 5.85720000e-04 -2.26360000e-03 1.61270000e-04 -3.49183000e-03 1.09926000e-03 2.79894000e-03 -1.05355000e-03 -1.58154000e-03 -2.75810000e-04 3.25280000e-04 -3.50840000e-04 -7.48110000e-04 -2.02574000e-03 3.81070000e-04 -7.49520000e-04 -1.33004000e-03 -5.52310000e-04 -8.08500000e-04 -2.27095000e-03 -2.51464000e-03
-3.44070000e-04 6.69180000e-04 6.47600000e-05 -1.35300000e-05 1.22564000e-03 3.24304000e-03 -5.96690000e-04 2.88294700e-02 5.13700000e-04 1.71700000e-05 3.81210000e-04 2.41725000e-03 6.22120000e-04 2.08406000e-03 4.03680000e-04 3.89740000e-04 -7.92980000e-04 -6.65400000e-05 6.50700000e-04 -7.91800000e-04 2.63527000e-03 1.65210000e-04 6.17300000e-05 8.10460000e-04 7.20000000e-06 7.91290000e-04 -1.66940000e-04 1.19498000e-03 1.18820000e-04 -9.69460000e-04 -2.59030000e-04 -4.75090000e-04 2.95230000e-04 3.85680000e-04 1.54452000e-03 4.45430000e-04 -4.58050000e-04 -7.75130000e-04 1.00576000e-03 -3.80740000e-04 1.03147000e-03 1.38834000e-03 3.51310000e-04 3.27460000e-04 2.30110000e-04 5.09330000e-04 6.42520000e-04 8.01070000e-04 1.15400000e-04 1.10420000e-04 3.71330000e-04 8.35900000e-04 -2.56500000e-04 8.34970000e-04 9.01040000e-04 -1.36137000e-03 1.85970000e-04 1.46693000e-03 1.64465000e-03 2.38345000e-03 -8.00890000e-04 1.72670000e-04 2.80970000e-04 7.05400000e-05 8.65110000e-04 2.70210000e-04 1.75670000e-04 1.94860000e-04 1.70011000e-03 1.50150000e-04 -3.62670000e-04 -1.34343000e-03 4.65840000e-04 1.05639000e-03 5.15720000e-04 6.89330000e-04 -4.60240000e-04 -6.39010000e-04 3.63610000e-04 -6.46560000e-04 -8.20000000e-06 -5.86300000e-05 3.94420000e-04 3.42550000e-04 4.95740000e-04 5.60250000e-04 -3.61660000e-04 1.03970000e-03 -3.76920000e-04 -5.35480000e-04 1.98670000e-04 5.80640000e-04 1.68830000e-04 -8.53280000e-04 -4.45100000e-05 1.53000000e-04 1.16636000e-03 -1.73350000e-04 2.47460000e-04 5.67480000e-04 3.60860000e-04 1.16440000e-04 7.34100000e-04 4.58430000e-04
-1.05440000e-04 6.11110000e-04 7.96700000e-05 -6.54400000e-05 5.19850000e-04 -1.96220000e-04 -9.41500000e-05 5.13700000e-04 3.07984900e-02 1.52200000e-04 3.32560000e-04 -5.51900000e-05 7.19490000e-04 1.14290000e-04 -3.25810000e-04 -9.84700000e-05 7.75410000e-04 -2.35200000e-05 5.84640000e-04 6.87190000e-04 1.91760000e-04 -1.43850000e-04 -1.75400000e-05 4.81770000e-04 6.07340000e-04 6.43740000e-04 3.04690000e-04 4.92210000e-04 -1.66940000e-04 4.49500000e-05 4.98340000e-04 7.90470000e-04 4.65710000e-04 -3.58960000e-04 3.52000000e-06 6.32460000e-04 4.53700000e-05 1.26590000e-04 3.71030000e-04 -8.05200000e-05 3.52520000e-04 2.65840000e-04 -1.21700000e-04 -3.77100000e-04 -3.39540000e-04 3.50000000e-07 5.13960000e-04 3.13710000e-04 -2.00700000e-05 -1.57410000e-04 -1.26900000e-04 2.19820000e-04 1.57420000e-04 3.55360000e-04 4.65530000e-04 7.59010000e-04 -6.38400000e-05 -1.08239000e-03 4.43320000e-04 2.16180000e-04 2.65190000e-04 7.60390000e-04 -1.88070000e-04 3.57030000e-04 4.75340000e-04 -7.69300000e-05 -1.09460000e-04 5.72000000e-06 3.35260000e-04 -1.05400000e-04 1.49370000e-04 8.29940000e-04 1.99940000e-04 3.47190000e-04 6.45000000e-04 2.72800000e-04 6.96380000e-04 -4.29800000e-05 -1.33180000e-04 6.57260000e-04 -6.64300000e-05 -1.81580000e-04 5.06620000e-04 6.41230000e-04 7.24860000e-04 -5.75850000e-04 -1.67600000e-05 -1.14197000e-03 1.57030000e-04 5.05320000e-04 -2.47490000e-04 -2.58050000e-04 5.10600000e-05 -3.63920000e-04 -9.85400000e-05 -7.04900000e-05 -1.85160000e-04 1.74400000e-04 -8.20500000e-05 -1.65240000e-04 -6.92800000e-05 -4.16800000e-05 -6.22680000e-04 -6.59660000e-04
1.46236000e-03 7.24000000e-05 8.01750000e-04 -7.42200000e-04 -4.90940000e-04 -1.27488000e-03 2.32050000e-04 1.71700000e-05 1.52200000e-04 1.20162780e-01 -1.01220000e-04 -4.53920000e-04 -2.82300000e-05 -5.86950000e-04 -1.09586000e-03 -9.08770000e-04 1.48749000e-03 3.25080000e-04 2.07130000e-04 5.72880000e-04 -6.26480000e-04 1.37408000e-03 -2.21500000e-04 -4.01830000e-04 7.57930000e-04 -2.21900000e-05 1.84790000e-03 -2.55620000e-04 -8.42800000e-04 2.17770000e-04 1.99610000e-04 5.09820000e-04 -1.86000000e-06 -1.31094000e-03 -5.67470000e-04 1.00570000e-04 4.69520000e-04 6.54890000e-04 -4.78940000e-04 1.63200000e-04 -1.67590000e-04 -2.52930000e-04 -5.33510000e-04 -5.78240000e-04 -1.17086000e-03 -4.26390000e-04 4.94800000e-05 -3.93110000e-04 -3.45820000e-04 4.99000000e-06 -1.34510000e-04 -4.02890000e-04 2.64948000e-03 -7.20260000e-04 7.80000000e-06 1.07343000e-03 1.32629000e-03 -1.11500000e-05 -4.26460000e-04 -6.19240000e-04 -1.46800000e-04 3.70010000e-04 -3.24370000e-04 9.62060000e-04 -2.79120000e-04 -4.18870000e-04 1.27421000e-03 -2.95290000e-04 -2.29150000e-04 -6.51890000e-04 7.88330000e-04 9.60970000e-04 3.46690000e-04 2.00650000e-04 2.57150000e-04 1.42697000e-03 7.24630000e-04 4.30730000e-04 -5.80630000e-04 6.97280000e-04 -6.64020000e-04 -8.12580000e-04 1.17660000e-04 4.55790000e-04 2.93730000e-04 7.97200000e-04 -3.13950000e-04 8.71510000e-04 2.73936000e-03 4.34569000e-03 1.59119000e-03 1.50887000e-03 2.19136000e-03 1.55784000e-03 1.80166000e-03 1.73924000e-03 1.63806000e-03 2.38898000e-03 1.82180000e-03 1.63695000e-03 2.29859000e-03 1.26355000e-03 1.15522000e-03 4.93460000e-04
-8.38600000e-05 2.43250000e-04 -2.51300000e-04 2.26800000e-05 3.45130000e-04 3.43330000e-04 -1.72320000e-04 3.81210000e-04 3.32560000e-04 -1.01220000e-04 7.83463000e-03 2.87420000e-04 1.56390000e-04 4.00270000e-04 7.83000000e-05 7.20200000e-05 1.35970000e-04 -2.29760000e-04 2.88700000e-04 2.37460000e-04 2.56360000e-04 -6.55000000e-05 8.65000000e-06 3.03130000e-04 1.92600000e-04 3.43720000e-04 3.78700000e-05 2.37030000e-04 5.59400000e-05 -2.66100000e-05 2.46620000e-04 2.95030000e-04 2.54940000e-04 8.16800000e-05 2.67020000e-04 2.60670000e-04 -1.85310000e-04 -2.71720000e-04 4.13220000e-04 -1.67510000e-04 2.95870000e-04 3.07430000e-04 -7.88900000e-05 -2.56160000e-04 5.99900000e-05 -1.51400000e-05 3.19440000e-04 3.19060000e-04 -7.58200000e-05 -1.74160000e-04 -1.11580000e-04 3.28510000e-04 -2.06910000e-04 3.59030000e-04 3.25760000e-04 1.99350000e-04 4.18400000e-05 -2.47300000e-04 3.32910000e-04 3.08470000e-04 7.63800000e-05 3.36740000e-04 -9.28400000e-05 -5.82400000e-05 3.40700000e-04 -2.29000000e-05 6.11700000e-05 -3.49100000e-05 3.62720000e-04 4.06000000e-06 -1.48540000e-04 2.41960000e-04 -2.47000000e-05 3.91680000e-04 2.61090000e-04 -3.57410000e-04 2.56260000e-04 -1.82660000e-04 -2.61900000e-05 2.76710000e-04 4.62100000e-05 8.38100000e-05 3.78450000e-04 2.74160000e-04 1.93460000e-04 -1.22300000e-04 1.09510000e-04 -4.15000000e-04 -2.35150000e-04 -4.39510000e-04 -1.31650000e-04 -1.90460000e-04 -1.44050000e-04 -2.43180000e-04 -1.15760000e-04 -6.71900000e-05 -2.14380000e-04 -7.13600000e-05 -1.79700000e-04 -1.50900000e-04 -2.50560000e-04 3.07300000e-05 -2.01700000e-04 -7.15400000e-05
-7.86330000e-04 8.29470000e-04 -6.54690000e-04 1.04369000e-03 5.64994000e-03 2.29741500e-02 -3.60907000e-03 2.41725000e-03 -5.51900000e-05 -4.53920000e-04 2.87420000e-04 8.65165200e-02 2.51550000e-04 1.29542400e-02 5.34754000e-03 4.00680000e-03 -1.05019800e-02 2.15020000e-04 8.85800000e-04 -8.94023000e-03 1.68669500e-02 2.50956000e-03 8.36760000e-04 2.91228000e-03 -4.08013000e-03 1.88282000e-03 -2.32445000e-03 5.37344000e-03 2.09384000e-03 -6.51978000e-03 -4.69636000e-03 -7.92321000e-03 -8.20730000e-04 5.37928000e-03 9.94794000e-03 -4.16820000e-04 -2.66769000e-03 -5.60844000e-03 4.74057000e-03 -2.00937000e-03 4.33415000e-03 6.97213000e-03 3.69280000e-03 4.79673000e-03 4.57277000e-03 3.48495000e-03 9.03880000e-04 3.17859000e-03 1.85323000e-03 1.95273000e-03 3.42970000e-03 4.20099000e-03 -2.64185000e-03 3.73637000e-03 2.75698000e-03 -1.33190100e-02 2.07197000e-03 1.73325600e-02 8.96086000e-03 1.49242100e-02 -5.55593000e-03 -3.38336000e-03 3.34283000e-03 -2.87622000e-03 2.78151000e-03 2.59050000e-03 2.22761000e-03 1.83312000e-03 8.63641000e-03 2.55110000e-03 -2.98172000e-03 -1.37482000e-02 1.14214000e-03 4.53864000e-03 -8.04200000e-05 1.75843000e-03 -7.40797000e-03 -3.71054000e-03 3.79721000e-03 -8.55622000e-03 1.19637000e-03 1.53861000e-03 -6.80710000e-04 -1.70915000e-03 -7.74630000e-04 7.76491000e-03 -2.11015000e-03 1.42912700e-02 -3.45930000e-03 -7.39592000e-03 3.24292000e-03 5.70502000e-03 9.23570000e-04 -2.46029000e-03 5.25390000e-04 1.78528000e-03 9.00530000e-03 -2.25824000e-03 2.44004000e-03 5.09073000e-03 2.82869000e-03 1.80563000e-03 9.42206000e-03 8.19264000e-03
-8.54500000e-04 1.17617000e-03 1.00786000e-03 -3.90530000e-04 7.32620000e-04 -8.89500000e-05 2.42560000e-04 6.22120000e-04 7.19490000e-04 -2.82300000e-05 1.56390000e-04 2.51550000e-04 2.46418200e-02 1.32350000e-04 -8.73060000e-04 -3.92320000e-04 1.55647000e-03 4.09410000e-04 8.63540000e-04 8.91050000e-04 7.05920000e-04 -5.84390000e-04 -1.87290000e-04 7.39310000e-04 1.29827000e-03 8.63700000e-04 4.74560000e-04 9.54620000e-04 -5.35090000e-04 1.02190000e-04 7.68340000e-04 1.08972000e-03 7.56670000e-04 -8.57150000e-04 1.84420000e-04 9.41810000e-04 3.43730000e-04 6.86960000e-04 3.34510000e-04 3.43330000e-04 6.86330000e-04 6.56080000e-04 -7.58500000e-05 1.24770000e-04 -8.85370000e-04 1.48990000e-04 7.94290000e-04 4.77000000e-04 -5.98000000e-05 7.91500000e-05 7.31500000e-05 1.85970000e-04 1.22780000e-04 2.81520000e-04 7.75960000e-04 1.07430000e-03 -7.08460000e-04 -1.74800000e-03 7.00440000e-04 5.75610000e-04 -3.01990000e-04 1.03266000e-03 -1.29740000e-04 1.01055000e-03 6.75190000e-04 -1.16990000e-04 -7.72870000e-04 5.72100000e-05 6.15950000e-04 -4.43970000e-04 4.29420000e-04 1.14673000e-03 5.29350000e-04 3.30490000e-04 9.83660000e-04 1.69072000e-03 1.06224000e-03 2.63340000e-04 -2.46350000e-04 9.53010000e-04 -5.24280000e-04 -8.02050000e-04 4.15390000e-04 1.06137000e-03 1.48107000e-03 -1.28847000e-03 -5.70600000e-04 -1.69779000e-03 1.93020000e-04 1.38553000e-03 -8.45550000e-04 -6.69440000e-04 -2.14800000e-04 -1.14204000e-03 -5.56930000e-04 -6.67330000e-04 -2.27710000e-04 -1.69420000e-04 -3.86950000e-04 -5.05060000e-04 -1.61480000e-04 -7.56680000e-04 -1.14270000e-03 -1.88029000e-03
-6.08730000e-04 6.75210000e-04 -9.82690000e-04 1.08965000e-03 4.65820000e-03 1.83682400e-02 -3.10683000e-03 2.08406000e-03 1.14290000e-04 -5.86950000e-04 4.00270000e-04 1.29542400e-02 1.32350000e-04 5.65262300e-02 4.51509000e-03 3.45074000e-03 -8.68194000e-03 -1.31100000e-04 7.83900000e-04 -7.20473000e-03 1.33638400e-02 1.85109000e-03 7.88230000e-04 2.44709000e-03 -3.41926000e-03 1.61012000e-03 -2.18120000e-03 4.33450000e-03 1.93365000e-03 -5.34644000e-03 -3.79456000e-03 -6.22309000e-03 -6.38650000e-04 4.53684000e-03 7.93232000e-03 -2.50420000e-04 -2.33037000e-03 -4.69464000e-03 3.97091000e-03 -1.78456000e-03 3.57910000e-03 5.63942000e-03 2.95822000e-03 3.52527000e-03 3.87996000e-03 2.89836000e-03 8.21470000e-04 2.65633000e-03 1.47070000e-03 1.36283000e-03 2.61235000e-03 3.49134000e-03 -2.42161000e-03 3.24226000e-03 2.28626000e-03 -1.08072200e-02 1.68962000e-03 1.36078300e-02 7.17325000e-03 1.18944900e-02 -4.08785000e-03 -2.58054000e-03 2.58057000e-03 -2.36649000e-03 2.43663000e-03 2.15298000e-03 1.79157000e-03 1.52570000e-03 7.00917000e-03 2.17953000e-03 -2.59905000e-03 -1.10331900e-02 9.82750000e-04 3.67541000e-03 -3.41300000e-05 8.60510000e-04 -5.92717000e-03 -3.22392000e-03 3.08740000e-03 -6.84252000e-03 1.16377000e-03 1.49178000e-03 -3.59350000e-04 -1.37636000e-03 -7.17110000e-04 6.11869000e-03 -1.40973000e-03 1.09976400e-02 -3.12960000e-03 -6.74935000e-03 2.51195000e-03 4.43827000e-03 5.81030000e-04 -2.08857000e-03 3.24190000e-04 1.40812000e-03 6.96255000e-03 -1.92886000e-03 1.76889000e-03 3.90721000e-03 1.93808000e-03 1.46358000e-03 7.24228000e-03 6.74833000e-03
1.28570000e-04 -5.46520000e-04 -2.06532000e-03 1.79133000e-03 2.09298000e-03 8.70906000e-03 -1.64542000e-03 4.03680000e-04 -3.25810000e-04 -1.09586000e-03 7.83000000e-05 5.34754000e-03 -8.73060000e-04 4.51509000e-03 2.89209100e-02 2.94889000e-03 -6.21356000e-03 -5.18400000e-04 -5.94240000e-04 -4.19449000e-03 5.47427000e-03 9.66260000e-04 9.67750000e-04 1.01945000e-03 -3.14619000e-03 3.11810000e-04 -1.82441000e-03 1.33618000e-03 1.98958000e-03 -2.73198000e-03 -2.47281000e-03 -3.76570000e-03 -8.42790000e-04 3.85002000e-03 3.48806000e-03 -8.27670000e-04 -1.26072000e-03 -2.92568000e-03 1.97713000e-03 -9.81670000e-04 1.09118000e-03 1.96874000e-03 2.11400000e-03 2.00616000e-03 3.45630000e-03 1.64925000e-03 -2.93330000e-04 9.56710000e-04 1.33653000e-03 6.40940000e-04 1.29405000e-03 1.72947000e-03 -2.45785000e-03 1.81931000e-03 3.09690000e-04 -6.41160000e-03 1.07582000e-03 8.01107000e-03 3.09371000e-03 5.09713000e-03 -9.81940000e-04 -2.01430000e-03 1.57689000e-03 -2.63483000e-03 7.55600000e-04 1.63813000e-03 1.16894000e-03 1.21573000e-03 2.59141000e-03 2.09169000e-03 -1.85639000e-03 -6.32479000e-03 -3.06470000e-04 9.72000000e-04 -9.86340000e-04 -2.35425000e-03 -3.92729000e-03 -1.77169000e-03 2.20523000e-03 -4.28537000e-03 1.74325000e-03 2.34392000e-03 -6.42040000e-04 -1.67785000e-03 -1.45908000e-03 3.83479000e-03 3.53730000e-04 5.97168000e-03 -2.87996000e-03 -6.82018000e-03 1.27969000e-03 2.15174000e-03 -5.14920000e-04 -4.18500000e-04 -5.60000000e-07 5.50410000e-04 2.77395000e-03 -1.78345000e-03 4.44130000e-04 1.63023000e-03 -8.81300000e-05 1.05978000e-03 3.80030000e-03 5.14591000e-03
1.81600000e-05 -2.01880000e-04 -1.60739000e-03 1.45013000e-03 1.79979000e-03 6.87309000e-03 -1.21254000e-03 3.89740000e-04 -9.84700000e-05 -9.08770000e-04 7.20200000e-05 4.00680000e-03 -3.92320000e-04 3.45074000e-03 2.94889000e-03 2.84117200e-02 -4.75057000e-03 -2.80250000e-04 -4.27020000e-04 -3.23806000e-03 4.25079000e-03 6.53650000e-04 8.00230000e-04 9.96080000e-04 -2.31829000e-03 3.51110000e-04 -1.23054000e-03 1.22146000e-03 1.63430000e-03 -2.32940000e-03 -1.85794000e-03 -2.75038000e-03 -5.03520000e-04 2.97019000e-03 2.93799000e-03 -5.33760000e-04 -7.72140000e-04 -2.02628000e-03 1.60883000e-03 -4.52740000e-04 1.13104000e-03 1.78724000e-03 1.81119000e-03 1.83618000e-03 2.62139000e-03 1.39743000e-03 -5.80000000e-05 9.18510000e-04 1.14765000e-03 5.82810000e-04 1.12635000e-03 1.58074000e-03 -2.08963000e-03 1.63742000e-03 3.88600000e-04 -5.08284000e-03 7.07790000e-04 6.27673000e-03 2.43991000e-03 4.00695000e-03 -6.62570000e-04 -1.41989000e-03 1.27501000e-03 -1.94163000e-03 7.63240000e-04 1.35958000e-03 7.54980000e-04 1.28501000e-03 2.16807000e-03 1.75720000e-03 -1.41538000e-03 -4.89987000e-03 -3.95200000e-05 6.20960000e-04 -7.42120000e-04 -1.77421000e-03 -2.93324000e-03 -1.38547000e-03 1.84548000e-03 -3.27184000e-03 1.39437000e-03 1.80274000e-03 -4.78330000e-04 -1.18308000e-03 -9.20710000e-04 2.83932000e-03 2.26100000e-04 4.34535000e-03 -2.41549000e-03 -5.62271000e-03 8.02940000e-04 1.60375000e-03 -5.58880000e-04 -5.20880000e-04 -1.46140000e-04 2.17660000e-04 2.33463000e-03 -1.61625000e-03 2.28200000e-04 1.18557000e-03 -2.74510000e-04 7.55130000e-04 2.91015000e-03 4.52866000e-03
-2.93410000e-04 9.50640000e-04 2.98516000e-03 -2.54809000e-03 -3.73526000e-03 -1.67159700e-02 3.33509000e-03 -7.92980000e-04 7.75410000e-04 1.48749000e-03 1.35970000e-04 -1.05019800e-02 1.55647000e-03 -8.68194000e-03 -6.21356000e-03 -4.75057000e-03 2.63391400e-02 7.64990000e-04 8.88280000e-04 8.43207000e-03 -1.07018200e-02 -2.18152000e-03 -1.41105000e-03 -1.70873000e-03 5.70888000e-03 -4.35220000e-04 3.92538000e-03 -2.74602000e-03 -3.16574000e-03 5.79853000e-03 5.01886000e-03 7.48362000e-03 1.68975000e-03 -6.24066000e-03 -6.85429000e-03 1.50578000e-03 2.45915000e-03 5.63857000e-03 -3.42081000e-03 2.04562000e-03 -2.11264000e-03 -3.94628000e-03 -3.60931000e-03 -3.83622000e-03 -5.28962000e-03 -2.79498000e-03 5.83940000e-04 -1.74628000e-03 -2.23396000e-03 -1.27763000e-03 -2.46018000e-03 -3.05501000e-03 3.68658000e-03 -3.05377000e-03 -7.14170000e-04 1.26400300e-02 -2.12245000e-03 -1.50733500e-02 -5.82619000e-03 -9.86272000e-03 2.85512000e-03 3.99724000e-03 -2.90028000e-03 4.32442000e-03 -1.32880000e-03 -2.70002000e-03 -2.26312000e-03 -1.86887000e-03 -5.30203000e-03 -3.50249000e-03 3.33457000e-03 1.25945300e-02 8.69000000e-05 -2.01260000e-03 1.68609000e-03 2.55483000e-03 7.65542000e-03 3.66648000e-03 -3.87360000e-03 8.43470000e-03 -2.59720000e-03 -3.36376000e-03 1.21697000e-03 3.07155000e-03 2.66370000e-03 -7.28567000e-03 1.09020000e-04 -1.17707400e-02 4.49985000e-03 1.06386400e-02 -2.73805000e-03 -4.65237000e-03 1.56340000e-04 8.63920000e-04 -4.11500000e-04 -1.44044000e-03 -6.34640000e-03 2.65200000e-03 -1.64304000e-03 -3.70831000e-03 -9.22770000e-04 -2.09779000e-03 -7.36733000e-03 -8.92002000e-03
-2.22660000e-04 2.59420000e-04 9.11150000e-04 -3.75400000e-04 -9.34400000e-05 -5.35600000e-05 4.88500000e-04 -6.65400000e-05 -2.35200000e-05 3.25080000e-04 -2.29760000e-04 2.15020000e-04 4.09410000e-04 -1.31100000e-04 -5.18400000e-04 -2.80250000e-04 7.64990000e-04 3.91546700e-02 1.19680000e-04 2.48870000e-04 2.22360000e-04 -2.26000000e-06 -1.29330000e-04 -2.91700000e-05 5.19500000e-04 -3.23400000e-05 1.04758000e-03 1.78790000e-04 -3.74300000e-04 2.10770000e-04 2.47180000e-04 1.43150000e-04 1.55640000e-04 -5.44270000e-04 1.64200000e-04 1.16740000e-04 5.34980000e-04 7.74240000e-04 -2.66060000e-04 5.33850000e-04 1.19050000e-04 1.81830000e-04 4.63400000e-05 5.98920000e-04 -5.57290000e-04 -2.89600000e-05 6.70700000e-05 1.10600000e-05 5.17500000e-05 3.91750000e-04 3.18600000e-04 -7.31400000e-05 4.41640000e-04 -2.18000000e-04 1.03960000e-04 4.05840000e-04 -2.97740000e-04 -1.46150000e-04 -8.71000000e-06 5.79100000e-05 -3.87310000e-04 3.61100000e-05 1.41280000e-04 4.80320000e-04 -9.61000000e-05 -6.85400000e-05 -3.27440000e-04 9.54300000e-05 3.32900000e-05 -2.51670000e-04 4.89630000e-04 3.21580000e-04 2.49360000e-04 -5.99500000e-05 1.67570000e-04 1.34163000e-03 2.92880000e-04 4.71510000e-04 -2.89000000e-05 2.52940000e-04 -3.29250000e-04 -5.29400000e-04 -1.33450000e-04 2.41530000e-04 4.45340000e-04 -3.14000000e-04 -4.48820000e-04 2.14400000e-05 5.21090000e-04 1.39438000e-03 -1.50350000e-04 7.50000000e-07 1.60970000e-04 -1.36500000e-04 -4.98900000e-05 -1.84770000e-04 3.95890000e-04 5.36400000e-05 1.43950000e-04 8.60200000e-05 3.76430000e-04 -2.38120000e-04 8.48100000e-05 -3.99300000e-04
-2.79210000e-04 7.85090000e-04 5.91880000e-04 -3.88880000e-04 6.43210000e-04 7.23650000e-04 -1.69640000e-04 6.50700000e-04 5.84640000e-04 2.07130000e-04 2.88700000e-04 8.85800000e-04 8.63540000e-04 7.83900000e-04 -5.94240000e-04 -4.27020000e-04 8.88280000e-04 1.19680000e-04 2.99126300e-02 4.48950000e-04 1.18933000e-03 -1.47080000e-04 -1.96320000e-04 5.46690000e-04 8.42930000e-04 6.98990000e-04 4.87510000e-04 9.38970000e-04 -3.35660000e-04 -2.85500000e-05 4.52540000e-04 5.53730000e-04 5.20810000e-04 -6.17420000e-04 3.90320000e-04 8.10520000e-04 -7.71600000e-05 1.79330000e-04 4.39890000e-04 -1.12720000e-04 6.49520000e-04 6.90620000e-04 -2.45290000e-04 -2.67400000e-04 -4.82960000e-04 1.34030000e-04 6.43590000e-04 4.79270000e-04 -1.88020000e-04 -5.78500000e-05 -7.07000000e-06 2.13920000e-04 3.44500000e-04 3.35600000e-04 7.04490000e-04 5.56150000e-04 -1.35790000e-04 -8.36810000e-04 7.46360000e-04 9.80560000e-04 -1.85970000e-04 7.03670000e-04 -1.60230000e-04 6.82010000e-04 7.16040000e-04 -1.76060000e-04 -1.77370000e-04 -1.63570000e-04 7.83200000e-04 -3.86670000e-04 1.68970000e-04 5.26150000e-04 4.60440000e-04 7.23410000e-04 9.44170000e-04 1.21339000e-03 6.15170000e-04 -7.02700000e-05 -2.40770000e-04 5.45740000e-04 -4.18410000e-04 -6.51350000e-04 5.26730000e-04 7.35800000e-04 8.80410000e-04 -5.45300000e-04 -4.05310000e-04 -6.34340000e-04 3.28910000e-04 1.11453000e-03 -1.42140000e-04 -1.51400000e-04 2.45630000e-04 -5.28230000e-04 -9.08300000e-05 7.12000000e-06 1.36360000e-04 2.40410000e-04 5.17100000e-05 2.70000000e-07 2.58350000e-04 -1.77540000e-04 -3.22650000e-04 -1.09656000e-03
-1.06750000e-04 4.30290000e-04 1.44061000e-03 -1.37741000e-03 -2.91464000e-03 -1.36952600e-02 2.47149000e-03 -7.91800000e-04 6.87190000e-04 5.72880000e-04 2.37460000e-04 -8.94023000e-03 8.91050000e-04 -7.20473000e-03 -4.19449000e-03 -3.23806000e-03 8.43207000e-03 2.48870000e-04 4.48950000e-04 2.57045700e-02 -9.07240000e-03 -1.90873000e-03 -8.77700000e-04 -1.31879000e-03 3.93480000e-03 -3.48880000e-04 2.63529000e-03 -2.45240000e-03 -1.94046000e-03 4.73274000e-03 4.00225000e-03 5.94636000e-03 1.29572000e-03 -4.15802000e-03 -5.79728000e-03 1.11250000e-03 1.73840000e-03 4.07036000e-03 -2.56881000e-03 1.34406000e-03 -2.03879000e-03 -3.65502000e-03 -2.68202000e-03 -3.29030000e-03 -3.31686000e-03 -2.19953000e-03 2.52830000e-04 -1.46037000e-03 -1.47096000e-03 -1.17914000e-03 -2.11112000e-03 -2.40308000e-03 2.06469000e-03 -2.12149000e-03 -9.07830000e-04 1.01193800e-02 -1.72625000e-03 -1.20027800e-02 -4.71758000e-03 -8.22991000e-03 3.13607000e-03 3.11634000e-03 -2.27362000e-03 2.62206000e-03 -1.13401000e-03 -1.95847000e-03 -1.80368000e-03 -1.37199000e-03 -4.71640000e-03 -2.26360000e-03 2.30131000e-03 1.00617900e-02 -3.95570000e-04 -1.87754000e-03 1.13977000e-03 3.06930000e-04 5.88601000e-03 2.77162000e-03 -2.80054000e-03 6.57140000e-03 -1.38641000e-03 -1.81699000e-03 1.00377000e-03 2.11317000e-03 1.70885000e-03 -5.75059000e-03 7.33290000e-04 -9.70815000e-03 2.67467000e-03 6.41221000e-03 -2.40145000e-03 -4.12461000e-03 -5.35400000e-04 8.85170000e-04 -6.48880000e-04 -1.39459000e-03 -5.99677000e-03 1.56334000e-03 -1.79169000e-03 -3.45234000e-03 -1.61383000e-03 -1.58171000e-03 -6.15086000e-03 -6.63310000e-03
-1.03201000e-03 1.16029000e-03 -6.89880000e-04 1.23839000e-03 6.11452000e-03 2.36107300e-02 -3.83989000e-03 2.63527000e-03 1.91760000e-04 -6.26480000e-04 2.56360000e-04 1.68669500e-02 7.05920000e-04 1.33638400e-02 5.47427000e-03 4.25079000e-03 -1.07018200e-02 2.22360000e-04 1.18933000e-03 -9.07240000e-03 6.87926400e-02 2.24517000e-03 9.24900000e-04 3.25358000e-03 -4.04720000e-03 2.24604000e-03 -2.53808000e-03 5.91699000e-03 2.23834000e-03 -6.94334000e-03 -4.78530000e-03 -7.90143000e-03 -7.11060000e-04 5.52724000e-03 1.00178800e-02 -8.87900000e-05 -2.75689000e-03 -5.53461000e-03 4.99650000e-03 -2.08671000e-03 4.60411000e-03 7.23079000e-03 3.86108000e-03 4.70539000e-03 4.83236000e-03 3.77483000e-03 1.11577000e-03 3.31045000e-03 1.92319000e-03 1.91035000e-03 3.47737000e-03 4.23484000e-03 -2.90420000e-03 3.99265000e-03 2.97106000e-03 -1.36176400e-02 1.88036000e-03 1.71871700e-02 9.45330000e-03 1.56229200e-02 -5.29780000e-03 -3.13360000e-03 3.33168000e-03 -2.60727000e-03 3.19375000e-03 2.73194000e-03 1.99219000e-03 2.03144000e-03 8.99660000e-03 2.63969000e-03 -3.07261000e-03 -1.39768000e-02 1.52742000e-03 4.65024000e-03 2.50010000e-04 2.00616000e-03 -7.48657000e-03 -3.93388000e-03 3.93128000e-03 -8.72293000e-03 1.24958000e-03 1.57878000e-03 -6.49110000e-04 -1.55632000e-03 -4.67040000e-04 7.57428000e-03 -2.14415000e-03 1.40685700e-02 -3.73628000e-03 -7.87623000e-03 3.08769000e-03 5.63479000e-03 7.90520000e-04 -2.89229000e-03 3.13390000e-04 1.64095000e-03 9.00437000e-03 -2.50127000e-03 2.29511000e-03 5.00409000e-03 2.66299000e-03 1.57382000e-03 9.30055000e-03 8.21570000e-03
1.54192000e-03 -3.14410000e-04 -3.09780000e-04 1.85660000e-04 6.25960000e-04 3.55869000e-03 -7.99750000e-04 1.65210000e-04 -1.43850000e-04 1.37408000e-03 -6.55000000e-05 2.50956000e-03 -5.84390000e-04 1.85109000e-03 9.66260000e-04 6.53650000e-04 -2.18152000e-03 -2.26000000e-06 -1.47080000e-04 -1.90873000e-03 2.24517000e-03 4.56211500e-02 2.36790000e-04 1.64980000e-04 -1.10282000e-03 6.25200000e-05 5.50470000e-04 5.00570000e-04 3.08080000e-04 -1.48540000e-03 -1.25108000e-03 -1.77387000e-03 -4.43500000e-04 7.80740000e-04 1.48826000e-03 -3.71350000e-04 -3.14180000e-04 -1.26029000e-03 6.21180000e-04 -4.52040000e-04 3.48750000e-04 7.89690000e-04 6.12920000e-04 7.21520000e-04 6.04370000e-04 3.49280000e-04 -2.16210000e-04 1.90660000e-04 4.74210000e-04 4.09340000e-04 6.02190000e-04 5.89260000e-04 1.12558000e-03 3.23190000e-04 1.13470000e-04 -2.72713000e-03 1.89299000e-03 4.56673000e-03 1.23914000e-03 2.14016000e-03 -8.82440000e-04 -9.10790000e-04 6.14970000e-04 -7.33640000e-04 8.88800000e-05 4.28780000e-04 1.93342000e-03 2.63570000e-04 1.17392000e-03 5.71080000e-04 -3.65220000e-04 -2.84364000e-03 4.87400000e-05 6.70740000e-04 -3.24190000e-04 9.38000000e-05 -1.67298000e-03 -7.14050000e-04 7.02490000e-04 -1.87984000e-03 3.29470000e-04 4.14220000e-04 -2.21550000e-04 -5.87540000e-04 -6.29580000e-04 3.01753000e-03 -1.81380000e-04 4.32013000e-03 9.66250000e-04 3.50860000e-04 2.21872000e-03 2.65618000e-03 1.77247000e-03 1.36706000e-03 1.74036000e-03 1.94248000e-03 3.14360000e-03 1.28217000e-03 2.10959000e-03 2.47317000e-03 2.15676000e-03 1.88624000e-03 3.21068000e-03 3.13402000e-03
1.32500000e-04 -1.35360000e-04 -5.98930000e-04 5.90570000e-04 4.65970000e-04 1.61353000e-03 -3.10520000e-04 6.17300000e-05 -1.75400000e-05 -2.21500000e-04 8.65000000e-06 8.36760000e-04 -1.87290000e-04 7.88230000e-04 9.67750000e-04 8.00230000e-04 -1.41105000e-03 -1.29330000e-04 -1.96320000e-04 -8.77700000e-04 9.24900000e-04 2.36790000e-04 1.40572400e-02 2.45310000e-04 -7.50780000e-04 8.47700000e-05 -1.97620000e-04 2.15190000e-04 5.41620000e-04 -5.56960000e-04 -5.45810000e-04 -7.38070000e-04 -2.01630000e-04 9.52530000e-04 5.84570000e-04 -1.97150000e-04 -1.96940000e-04 -5.73210000e-04 4.26720000e-04 -1.50900000e-04 1.65620000e-04 3.13390000e-04 5.64760000e-04 4.25870000e-04 8.65200000e-04 4.32200000e-04 -9.26700000e-05 1.59040000e-04 3.94650000e-04 1.42350000e-04 2.94250000e-04 3.55370000e-04 -5.44410000e-04 4.12470000e-04 1.41200000e-05 -1.39080000e-03 3.08450000e-04 1.69018000e-03 6.00440000e-04 9.15840000e-04 1.89300000e-05 -3.94450000e-04 3.52180000e-04 -6.04210000e-04 1.57760000e-04 4.68460000e-04 3.12450000e-04 3.75600000e-04 4.39580000e-04 5.57590000e-04 -3.71460000e-04 -1.28883000e-03 -9.14900000e-05 8.66400000e-05 -2.66450000e-04 -7.51090000e-04 -8.43810000e-04 -3.43150000e-04 5.59120000e-04 -9.06640000e-04 5.45590000e-04 7.14470000e-04 -1.55930000e-04 -3.87920000e-04 -3.24830000e-04 8.76670000e-04 2.69180000e-04 1.18045000e-03 -6.33520000e-04 -1.65914000e-03 3.11280000e-04 5.12410000e-04 -1.05520000e-04 5.92000000e-06 6.12200000e-05 1.62000000e-04 5.60520000e-04 -3.54080000e-04 1.11440000e-04 3.63590000e-04 -6.07700000e-05 2.94170000e-04 7.52650000e-04 1.28098000e-03
-4.51840000e-04 6.75770000e-04 -2.55070000e-04 4.19340000e-04 1.61306000e-03 4.22080000e-03 -7.54460000e-04 8.10460000e-04 4.81770000e-04 -4.01830000e-04 3.03130000e-04 2.91228000e-03 7.39310000e-04 2.44709000e-03 1.01945000e-03 9.96080000e-04 -1.70873000e-03 -2.91700000e-05 5.46690000e-04 -1.31879000e-03 3.25358000e-03 1.64980000e-04 2.45310000e-04 2.07653200e-02 -4.30800000e-04 8.92580000e-04 -4.91500000e-04 1.47499000e-03 4.98570000e-04 -1.37557000e-03 -5.69870000e-04 -9.50760000e-04 2.54110000e-04 1.02070000e-03 1.89861000e-03 4.30750000e-04 -4.73790000e-04 -1.04187000e-03 1.31133000e-03 -3.40280000e-04 1.13327000e-03 1.54877000e-03 8.04890000e-04 8.72900000e-04 8.31980000e-04 8.14110000e-04 5.59050000e-04 9.23390000e-04 4.92580000e-04 2.78990000e-04 6.06730000e-04 1.04059000e-03 -9.21200000e-04 1.16231000e-03 8.47190000e-04 -2.27804000e-03 1.26990000e-04 2.47103000e-03 2.07961000e-03 2.99649000e-03 -7.35640000e-04 -7.86100000e-05 5.62150000e-04 -4.43460000e-04 1.01896000e-03 5.85940000e-04 1.34190000e-04 5.13580000e-04 1.87005000e-03 5.91490000e-04 -6.12780000e-04 -2.16164000e-03 3.22750000e-04 9.33160000e-04 4.12420000e-04 1.92430000e-04 -1.04280000e-03 -8.12580000e-04 7.93770000e-04 -1.27300000e-03 3.44520000e-04 3.74340000e-04 1.94320000e-04 9.63100000e-05 4.23240000e-04 9.32860000e-04 -2.85830000e-04 1.59511000e-03 -1.08424000e-03 -1.99274000e-03 9.95100000e-05 6.28870000e-04 -2.33940000e-04 -1.00179000e-03 -2.83790000e-04 -7.75200000e-05 1.29595000e-03 -7.69140000e-04 8.59700000e-05 5.26440000e-04 -1.04600000e-05 9.81100000e-05 1.04048000e-03 1.09938000e-03
-4.71180000e-04 9.45240000e-04 1.83846000e-03 -1.42252000e-03 -1.29563000e-03 -6.90445000e-03 1.51773000e-03 7.20000000e-06 6.07340000e-04 7.57930000e-04 1.92600000e-04 -4.08013000e-03 1.29827000e-03 -3.41926000e-03 -3.14619000e-03 -2.31829000e-03 5.70888000e-03 5.19500000e-04 8.42930000e-04 3.93480000e-03 -4.04720000e-03 -1.10282000e-03 -7.50780000e-04 -4.30800000e-04 1.68803700e-02 1.74710000e-04 2.05975000e-03 -7.00530000e-04 -1.66745000e-03 2.52385000e-03 2.49231000e-03 3.63203000e-03 1.06715000e-03 -3.16448000e-03 -2.66760000e-03 1.05526000e-03 1.17717000e-03 2.72073000e-03 -1.28585000e-03 1.04815000e-03 -4.70040000e-04 -1.20981000e-03 -1.66698000e-03 -1.59986000e-03 -2.75439000e-03 -1.14563000e-03 6.59350000e-04 -4.63090000e-04 -1.10015000e-03 -5.10470000e-04 -1.00444000e-03 -1.16243000e-03 1.79819000e-03 -1.20470000e-03 1.39990000e-04 5.84734000e-03 -1.13290000e-03 -7.05702000e-03 -2.15709000e-03 -3.79395000e-03 9.00650000e-04 2.14846000e-03 -1.32277000e-03 2.40545000e-03 -2.12790000e-04 -1.26749000e-03 -1.21121000e-03 -8.33860000e-04 -1.82318000e-03 -1.82261000e-03 1.63166000e-03 5.84130000e-03 3.39100000e-04 -5.33340000e-04 1.19054000e-03 2.06421000e-03 3.77051000e-03 1.67568000e-03 -1.83348000e-03 4.06253000e-03 -1.48573000e-03 -1.95206000e-03 7.49630000e-04 1.82428000e-03 1.77921000e-03 -3.58295000e-03 -3.13940000e-04 -5.54593000e-03 2.17466000e-03 5.46229000e-03 -1.41484000e-03 -2.16994000e-03 1.31010000e-04 -1.02950000e-04 -3.11700000e-04 -7.88630000e-04 -2.61625000e-03 1.19754000e-03 -7.62140000e-04 -1.66812000e-03 -2.76600000e-04 -1.17662000e-03 -3.44527000e-03 -4.57733000e-03
-3.37370000e-04 7.68080000e-04 2.19300000e-05 1.07740000e-04 1.24863000e-03 2.42311000e-03 -5.37250000e-04 7.91290000e-04 6.43740000e-04 -2.21900000e-05 3.43720000e-04 1.88282000e-03 8.63700000e-04 1.61012000e-03 3.11810000e-04 3.51110000e-04 -4.35220000e-04 -3.23400000e-05 6.98990000e-04 -3.48880000e-04 2.24604000e-03 6.25200000e-05 8.47700000e-05 8.92580000e-04 1.74710000e-04 2.62559600e-02 -1.10780000e-04 1.18243000e-03 9.71500000e-05 -8.12720000e-04 -5.57200000e-05 -1.32110000e-04 4.07570000e-04 3.06450000e-04 1.00960000e-03 6.21570000e-04 -3.36900000e-04 -5.66640000e-04 9.72880000e-04 -3.26440000e-04 8.18110000e-04 1.02789000e-03 3.28250000e-04 1.35510000e-04 2.83720000e-04 4.56690000e-04 6.28330000e-04 6.55580000e-04 1.90470000e-04 3.92700000e-05 2.47160000e-04 6.10610000e-04 -2.64080000e-04 7.65330000e-04 7.66340000e-04 -8.12220000e-04 7.97100000e-05 7.81640000e-04 1.56689000e-03 2.03916000e-03 -3.63960000e-04 4.51200000e-04 1.62730000e-04 1.01710000e-04 8.75490000e-04 2.46390000e-04 7.44100000e-05 2.04540000e-04 1.30991000e-03 1.62210000e-04 -2.40060000e-04 -7.64080000e-04 3.71720000e-04 8.56130000e-04 6.73650000e-04 4.73960000e-04 -2.04030000e-04 -5.00270000e-04 3.06220000e-04 -3.54550000e-04 4.24500000e-05 9.16000000e-06 3.78420000e-04 4.72300000e-04 6.99140000e-04 2.76200000e-04 -2.45030000e-04 4.65040000e-04 -3.30300000e-04 -4.72400000e-04 3.04600000e-05 3.13500000e-04 3.73700000e-05 -7.83040000e-04 -1.16260000e-04 2.33500000e-05 6.67660000e-04 -1.70980000e-04 1.12230000e-04 3.19310000e-04 1.53670000e-04 1.79400000e-05 3.64020000e-04 8.73900000e-05
9.65690000e-04 3.93690000e-04 1.57570000e-03 -8.22690000e-04 -1.09210000e-03 -4.33151000e-03 1.56902000e-03 -1.66940000e-04 3.04690000e-04 1.84790000e-03 3.78700000e-05 -2.32445000e-03 4.74560000e-04 -2.18120000e-03 -1.82441000e-03 -1.23054000e-03 3.92538000e-03 1.04758000e-03 4.87510000e-04 2.63529000e-03 -2.53808000e-03 5.50470000e-04 -1.97620000e-04 -4.91500000e-04 2.05975000e-03 -1.10780000e-04 4.47954100e-02 -5.34740000e-04 -9.87580000e-04 1.95253000e-03 1.66655000e-03 2.11597000e-03 6.42730000e-04 -1.95828000e-03 -1.60957000e-03 5.41980000e-04 1.42373000e-03 2.48755000e-03 -1.04890000e-03 1.32754000e-03 -3.77580000e-04 -8.55490000e-04 -7.44840000e-04 -3.82420000e-04 -1.49166000e-03 -6.33670000e-04 2.76780000e-04 -4.19680000e-04 -3.89450000e-04 2.82770000e-04 -8.21800000e-05 -7.55120000e-04 2.49307000e-03 -9.70800000e-04 -5.19300000e-05 3.91737000e-03 3.02780000e-04 -2.87136000e-03 -1.57136000e-03 -2.43393000e-03 9.61710000e-04 1.16253000e-03 -4.16130000e-04 1.65235000e-03 -3.60480000e-04 -5.90930000e-04 2.43610000e-04 -1.22190000e-04 -1.32727000e-03 -9.17140000e-04 1.63335000e-03 3.82781000e-03 3.79090000e-04 -2.79150000e-04 7.18530000e-04 1.71950000e-03 2.40166000e-03 1.66977000e-03 -8.60030000e-04 2.63475000e-03 -7.09290000e-04 -1.02092000e-03 3.70790000e-04 1.08089000e-03 9.67850000e-04 -1.00017000e-03 6.44600000e-05 -1.71679000e-03 2.80947000e-03 5.04693000e-03 3.90510000e-04 -9.63200000e-05 1.31106000e-03 1.48808000e-03 1.03189000e-03 6.15630000e-04 -3.13350000e-04 1.89619000e-03 8.02760000e-04 2.28220000e-04 1.21657000e-03 3.60290000e-04 -4.11050000e-04 -9.74250000e-04
-5.81470000e-04 9.39340000e-04 1.13070000e-04 2.65890000e-04 2.35608000e-03 7.43018000e-03 -1.25921000e-03 1.19498000e-03 4.92210000e-04 -2.55620000e-04 2.37030000e-04 5.37344000e-03 9.54620000e-04 4.33450000e-03 1.33618000e-03 1.22146000e-03 -2.74602000e-03 1.78790000e-04 9.38970000e-04 -2.45240000e-03 5.91699000e-03 5.00570000e-04 2.15190000e-04 1.47499000e-03 -7.00530000e-04 1.18243000e-03 -5.34740000e-04 5.43199600e-02 5.82110000e-04 -2.29238000e-03 -1.14538000e-03 -1.96540000e-03 2.12330000e-04 1.33333000e-03 3.26792000e-03 5.62760000e-04 -7.94340000e-04 -1.52151000e-03 1.82688000e-03 -5.78200000e-04 1.82532000e-03 2.61298000e-03 1.15423000e-03 1.45644000e-03 1.15009000e-03 1.26108000e-03 7.68020000e-04 1.36620000e-03 6.12850000e-04 5.98290000e-04 1.11067000e-03 1.48392000e-03 -9.25710000e-04 1.54899000e-03 1.34367000e-03 -3.87991000e-03 3.34670000e-04 4.55431000e-03 3.32873000e-03 5.24716000e-03 -1.60113000e-03 -4.39990000e-04 9.60750000e-04 -4.05750000e-04 1.48851000e-03 7.95730000e-04 3.40310000e-04 6.69480000e-04 3.17795000e-03 6.97160000e-04 -8.62700000e-04 -3.92307000e-03 7.92140000e-04 1.67099000e-03 6.78980000e-04 1.27021000e-03 -1.90347000e-03 -1.28184000e-03 1.16743000e-03 -2.33024000e-03 2.36490000e-04 1.45210000e-04 1.33270000e-04 1.50200000e-05 5.24090000e-04 1.81797000e-03 -8.49110000e-04 3.55051000e-03 -1.18125000e-03 -2.11682000e-03 6.09150000e-04 1.45997000e-03 1.47260000e-04 -1.35166000e-03 -1.37530000e-04 2.57840000e-04 2.70901000e-03 -8.55320000e-04 5.93080000e-04 1.33187000e-03 6.91090000e-04 2.65800000e-04 2.38234000e-03 1.86584000e-03
7.61900000e-05 -3.49140000e-04 -1.25230000e-03 1.08919000e-03 9.66660000e-04 3.87261000e-03 -9.00800000e-04 1.18820000e-04 -1.66940000e-04 -8.42800000e-04 5.59400000e-05 2.09384000e-03 -5.35090000e-04 1.93365000e-03 1.98958000e-03 1.63430000e-03 -3.16574000e-03 -3.74300000e-04 -3.35660000e-04 -1.94046000e-03 2.23834000e-03 3.08080000e-04 5.41620000e-04 4.98570000e-04 -1.66745000e-03 9.71500000e-05 -9.87580000e-04 5.82110000e-04 2.85599600e-02 -1.34977000e-03 -1.15328000e-03 -1.71406000e-03 -3.41780000e-04 2.02470000e-03 1.55746000e-03 -3.85450000e-04 -6.75200000e-04 -1.43527000e-03 9.23320000e-04 -4.72430000e-04 5.01250000e-04 8.40190000e-04 1.06218000e-03 8.72740000e-04 1.89296000e-03 9.06530000e-04 -1.85990000e-04 5.13440000e-04 7.64750000e-04 2.67150000e-04 6.03200000e-04 8.48170000e-04 -1.55800000e-03 1.04016000e-03 3.20800000e-05 -3.05358000e-03 3.93690000e-04 3.61312000e-03 1.28347000e-03 2.15413000e-03 -7.45100000e-05 -9.22470000e-04 7.31980000e-04 -1.35408000e-03 4.40700000e-04 8.59620000e-04 4.43340000e-04 6.90050000e-04 1.04658000e-03 1.17793000e-03 -1.03768000e-03 -2.99650000e-03 -7.57200000e-05 2.60310000e-04 -5.48000000e-04 -1.60085000e-03 -1.88759000e-03 -9.35280000e-04 1.18092000e-03 -2.04163000e-03 1.07219000e-03 1.32524000e-03 -2.50320000e-04 -9.25460000e-04 -8.59490000e-04 1.71488000e-03 4.06090000e-04 2.54050000e-03 -1.77382000e-03 -4.05472000e-03 4.41010000e-04 8.04350000e-04 -5.48570000e-04 -1.82210000e-04 -1.80400000e-04 9.05800000e-05 9.37170000e-04 -1.08965000e-03 -2.49000000e-06 5.03100000e-04 -4.49260000e-04 4.64780000e-04 1.57168000e-03 2.70828000e-03
3.42000000e-05 -1.30390000e-04 9.97780000e-04 -8.49640000e-04 -2.57614000e-03 -9.95721000e-03 2.15841000e-03 -9.69460000e-04 4.49500000e-05 2.17770000e-04 -2.66100000e-05 -6.51978000e-03 1.02190000e-04 -5.34644000e-03 -2.73198000e-03 -2.32940000e-03 5.79853000e-03 2.10770000e-04 -2.85500000e-05 4.73274000e-03 -6.94334000e-03 -1.48540000e-03 -5.56960000e-04 -1.37557000e-03 2.52385000e-03 -8.12720000e-04 1.95253000e-03 -2.29238000e-03 -1.34977000e-03 3.60814000e-02 2.76175000e-03 4.02844000e-03 5.11940000e-04 -2.70095000e-03 -4.16724000e-03 3.59210000e-04 1.41893000e-03 3.15526000e-03 -2.17759000e-03 1.13947000e-03 -1.63619000e-03 -2.78369000e-03 -1.91007000e-03 -2.10216000e-03 -2.06525000e-03 -1.37114000e-03 -1.52450000e-04 -1.24781000e-03 -1.05079000e-03 -7.39340000e-04 -1.49137000e-03 -1.82003000e-03 1.42310000e-03 -1.78974000e-03 -9.24790000e-04 7.36031000e-03 -1.16567000e-03 -8.06706000e-03 -3.92581000e-03 -6.38057000e-03 2.15054000e-03 1.62756000e-03 -1.49301000e-03 1.45122000e-03 -1.24173000e-03 -1.29798000e-03 -1.26109000e-03 -1.06091000e-03 -3.77677000e-03 -1.65368000e-03 1.75771000e-03 7.24909000e-03 -8.59220000e-04 -1.57589000e-03 3.96550000e-04 -1.05290000e-04 4.16630000e-03 2.52369000e-03 -2.08288000e-03 4.68256000e-03 -9.13400000e-04 -1.08918000e-03 3.88410000e-04 1.07840000e-03 7.93060000e-04 -3.97858000e-03 5.78130000e-04 -6.52012000e-03 1.78149000e-03 4.36852000e-03 -1.55425000e-03 -3.02585000e-03 -4.11840000e-04 1.07630000e-03 -4.71860000e-04 -8.79670000e-04 -4.44918000e-03 9.77020000e-04 -1.50752000e-03 -2.53776000e-03 -1.21719000e-03 -1.13430000e-03 -4.27350000e-03 -4.99355000e-03
-3.49670000e-04 4.89760000e-04 1.05537000e-03 -8.90510000e-04 -1.46233000e-03 -7.34415000e-03 1.49795000e-03 -2.59030000e-04 4.98340000e-04 1.99610000e-04 2.46620000e-04 -4.69636000e-03 7.68340000e-04 -3.79456000e-03 -2.47281000e-03 -1.85794000e-03 5.01886000e-03 2.47180000e-04 4.52540000e-04 4.00225000e-03 -4.78530000e-03 -1.25108000e-03 -5.45810000e-04 -5.69870000e-04 2.49231000e-03 -5.57200000e-05 1.66655000e-03 -1.14538000e-03 -1.15328000e-03 2.76175000e-03 1.86226200e-02 3.51323000e-03 9.31040000e-04 -2.44342000e-03 -2.91074000e-03 7.93820000e-04 1.03999000e-03 2.41313000e-03 -1.31208000e-03 8.86690000e-04 -8.41530000e-04 -1.69684000e-03 -1.50376000e-03 -1.65232000e-03 -2.01486000e-03 -1.15013000e-03 3.60300000e-04 -5.68970000e-04 -8.44620000e-04 -5.77720000e-04 -1.08202000e-03 -1.14160000e-03 1.02075000e-03 -1.02082000e-03 -2.51010000e-04 5.84882000e-03 -1.19368000e-03 -6.90094000e-03 -2.46102000e-03 -4.35993000e-03 1.53717000e-03 1.88878000e-03 -1.23388000e-03 1.61350000e-03 -4.50220000e-04 -1.10738000e-03 -1.24103000e-03 -7.42480000e-04 -2.36454000e-03 -1.37647000e-03 1.33253000e-03 5.80686000e-03 -1.29620000e-04 -8.76470000e-04 8.12370000e-04 5.36660000e-04 3.52918000e-03 1.63956000e-03 -1.58211000e-03 3.89780000e-03 -8.85690000e-04 -1.19513000e-03 7.05950000e-04 1.39246000e-03 1.23697000e-03 -3.50621000e-03 2.65500000e-04 -5.71218000e-03 1.36020000e-03 3.65144000e-03 -1.61135000e-03 -2.53562000e-03 -4.76060000e-04 1.46810000e-04 -6.06340000e-04 -1.03413000e-03 -3.39880000e-03 6.65350000e-04 -1.20275000e-03 -2.11267000e-03 -1.05069000e-03 -1.09834000e-03 -3.63415000e-03 -4.03616000e-03
-1.92760000e-04 6.53510000e-04 1.29773000e-03 -1.19152000e-03 -2.34392000e-03 -1.18627600e-02 2.09878000e-03 -4.75090000e-04 7.90470000e-04 5.09820000e-04 2.95030000e-04 -7.92321000e-03 1.08972000e-03 -6.22309000e-03 -3.76570000e-03 -2.75038000e-03 7.48362000e-03 1.43150000e-04 5.53730000e-04 5.94636000e-03 -7.90143000e-03 -1.77387000e-03 -7.38070000e-04 -9.50760000e-04 3.63203000e-03 -1.32110000e-04 2.11597000e-03 -1.96540000e-03 -1.71406000e-03 4.02844000e-03 3.51323000e-03 2.92783700e-02 1.23581000e-03 -3.76705000e-03 -4.87490000e-03 1.13519000e-03 1.55447000e-03 3.59813000e-03 -2.10009000e-03 1.23800000e-03 -1.44821000e-03 -2.84658000e-03 -2.33040000e-03 -2.89600000e-03 -3.15373000e-03 -1.75248000e-03 4.60020000e-04 -1.08281000e-03 -1.31854000e-03 -1.09704000e-03 -1.86481000e-03 -1.90220000e-03 1.84538000e-03 -1.67956000e-03 -5.30150000e-04 8.72626000e-03 -1.50547000e-03 -1.07428200e-02 -4.02254000e-03 -7.11168000e-03 2.63085000e-03 2.92889000e-03 -2.04758000e-03 2.56074000e-03 -7.44520000e-04 -1.65418000e-03 -1.62213000e-03 -1.10945000e-03 -3.80337000e-03 -2.03223000e-03 2.01576000e-03 8.82353000e-03 -1.42460000e-04 -1.57524000e-03 1.11089000e-03 5.58200000e-04 5.33153000e-03 2.34856000e-03 -2.48310000e-03 5.86801000e-03 -1.29404000e-03 -1.70552000e-03 1.01730000e-03 2.05454000e-03 1.75330000e-03 -5.20607000e-03 5.59070000e-04 -8.89851000e-03 2.33611000e-03 5.72401000e-03 -2.17864000e-03 -3.58450000e-03 -3.94030000e-04 4.90500000e-04 -5.82700000e-04 -1.21840000e-03 -5.02299000e-03 1.41445000e-03 -1.58690000e-03 -3.00352000e-03 -1.39354000e-03 -1.43927000e-03 -5.66603000e-03 -5.96072000e-03
-3.73960000e-04 5.99490000e-04 5.45050000e-04 -3.43680000e-04 5.93500000e-05 -1.47273000e-03 3.26320000e-04 2.95230000e-04 4.65710000e-04 -1.86000000e-06 2.54940000e-04 -8.20730000e-04 7.56670000e-04 -6.38650000e-04 -8.42790000e-04 -5.03520000e-04 1.68975000e-03 1.55640000e-04 5.20810000e-04 1.29572000e-03 -7.11060000e-04 -4.43500000e-04 -2.01630000e-04 2.54110000e-04 1.06715000e-03 4.07570000e-04 6.42730000e-04 2.12330000e-04 -3.41780000e-04 5.11940000e-04 9.31040000e-04 1.23581000e-03 9.64755000e-03 -8.36720000e-04 -4.07330000e-04 6.19190000e-04 2.65700000e-04 6.60130000e-04 -3.51000000e-05 2.76210000e-04 1.87010000e-04 -4.00000000e-07 -3.71770000e-04 -3.44300000e-04 -7.45300000e-04 -1.97790000e-04 4.73410000e-04 2.18210000e-04 -1.77050000e-04 -9.79900000e-05 -1.80480000e-04 -3.53700000e-05 1.68810000e-04 6.92900000e-05 3.20790000e-04 1.70237000e-03 -5.16540000e-04 -2.15496000e-03 -1.75640000e-04 -6.26050000e-04 2.66890000e-04 9.10920000e-04 -3.25270000e-04 7.10660000e-04 2.98270000e-04 -2.98050000e-04 -5.27110000e-04 -1.31150000e-04 -1.69150000e-04 -4.30470000e-04 3.62630000e-04 1.70045000e-03 2.55910000e-04 5.46600000e-05 6.17240000e-04 6.34650000e-04 1.20741000e-03 3.52440000e-04 -3.80730000e-04 1.26385000e-03 -3.34660000e-04 -5.48270000e-04 4.82080000e-04 7.63530000e-04 8.33110000e-04 -1.22756000e-03 -9.24300000e-05 -1.91494000e-03 2.67440000e-04 1.11021000e-03 -7.02350000e-04 -8.35150000e-04 -2.51140000e-04 -4.27880000e-04 -3.72960000e-04 -5.08830000e-04 -8.63520000e-04 5.62800000e-05 -4.04770000e-04 -6.80900000e-04 -3.69830000e-04 -4.50880000e-04 -1.19655000e-03 -1.38493000e-03
-6.92200000e-05 -5.54720000e-04 -2.10596000e-03 1.81761000e-03 2.09829000e-03 8.73850000e-03 -1.65047000e-03 3.85680000e-04 -3.58960000e-04 -1.31094000e-03 8.16800000e-05 5.37928000e-03 -8.57150000e-04 4.53684000e-03 3.85002000e-03 2.97019000e-03 -6.24066000e-03 -5.44270000e-04 -6.17420000e-04 -4.15802000e-03 5.52724000e-03 7.80740000e-04 9.52530000e-04 1.02070000e-03 -3.16448000e-03 3.06450000e-04 -1.95828000e-03 1.33333000e-03 2.02470000e-03 -2.70095000e-03 -2.44342000e-03 -3.76705000e-03 -8.36720000e-04 3.46137900e-02 3.47904000e-03 -8.39270000e-04 -1.31053000e-03 -2.94260000e-03 1.98715000e-03 -9.95340000e-04 1.08061000e-03 1.94875000e-03 2.12168000e-03 2.00027000e-03 3.57084000e-03 1.64407000e-03 -2.96670000e-04 9.57170000e-04 1.31279000e-03 6.21480000e-04 1.27414000e-03 1.71516000e-03 -2.70663000e-03 1.83152000e-03 2.89020000e-04 -6.36694000e-03 8.90730000e-04 7.86769000e-03 3.10648000e-03 5.12056000e-03 -9.56320000e-04 -2.01466000e-03 1.58724000e-03 -2.67845000e-03 7.48830000e-04 1.63617000e-03 9.99050000e-04 1.21236000e-03 2.56476000e-03 2.11460000e-03 -1.91443000e-03 -6.30260000e-03 -3.26190000e-04 9.56400000e-04 -9.96620000e-04 -2.46135000e-03 -3.92794000e-03 -1.78011000e-03 2.20365000e-03 -4.28026000e-03 1.75483000e-03 2.38130000e-03 -6.65330000e-04 -1.69483000e-03 -1.47408000e-03 3.67693000e-03 3.56590000e-04 5.81303000e-03 -3.11824000e-03 -7.15942000e-03 1.07968000e-03 1.92517000e-03 -7.61590000e-04 -5.98320000e-04 -2.09280000e-04 3.35060000e-04 2.49295000e-03 -2.02343000e-03 2.12580000e-04 1.40817000e-03 -3.44430000e-04 8.68710000e-04 3.64705000e-03 4.99723000e-03
-5.81060000e-04 5.69480000e-04 -4.64890000e-04 7.54380000e-04 3.53652000e-03 1.45556100e-02 -2.12894000e-03 1.54452000e-03 3.52000000e-06 -5.67470000e-04 2.67020000e-04 9.94794000e-03 1.84420000e-04 7.93232000e-03 3.48806000e-03 2.93799000e-03 -6.85429000e-03 1.64200000e-04 3.90320000e-04 -5.79728000e-03 1.00178800e-02 1.48826000e-03 5.84570000e-04 1.89861000e-03 -2.66760000e-03 1.00960000e-03 -1.60957000e-03 3.26792000e-03 1.55746000e-03 -4.16724000e-03 -2.91074000e-03 -4.87490000e-03 -4.07330000e-04 3.47904000e-03 4.46230700e-02 -3.39430000e-04 -1.42046000e-03 -3.48725000e-03 2.98792000e-03 -9.43090000e-04 3.11073000e-03 4.82301000e-03 2.50638000e-03 3.61631000e-03 2.57557000e-03 2.28169000e-03 6.60890000e-04 2.35653000e-03 1.37878000e-03 1.39617000e-03 2.34170000e-03 3.18443000e-03 -2.06778000e-03 2.74047000e-03 1.88781000e-03 -8.67620000e-03 1.15733000e-03 1.11397000e-02 5.39919000e-03 9.00160000e-03 -3.71758000e-03 -2.30546000e-03 2.29636000e-03 -1.99909000e-03 1.73900000e-03 1.75483000e-03 1.21362000e-03 1.43288000e-03 5.63287000e-03 1.82175000e-03 -1.97352000e-03 -8.89233000e-03 7.47230000e-04 2.59948000e-03 -3.27290000e-04 1.05761000e-03 -4.59469000e-03 -2.35780000e-03 2.62404000e-03 -5.40793000e-03 9.43090000e-04 1.04327000e-03 -3.05220000e-04 -1.13824000e-03 -5.19810000e-04 4.73219000e-03 -1.34681000e-03 8.61669000e-03 -2.66932000e-03 -5.37767000e-03 1.71040000e-03 3.45067000e-03 2.68510000e-04 -1.76937000e-03 5.83300000e-05 8.10660000e-04 5.93494000e-03 -1.84299000e-03 1.34024000e-03 3.01897000e-03 1.41361000e-03 1.15266000e-03 5.63713000e-03 5.59927000e-03
-2.78960000e-04 7.49760000e-04 5.26250000e-04 -3.11950000e-04 3.30180000e-04 -9.62960000e-04 9.93700000e-05 4.45430000e-04 6.32460000e-04 1.00570000e-04 2.60670000e-04 -4.16820000e-04 9.41810000e-04 -2.50420000e-04 -8.27670000e-04 -5.33760000e-04 1.50578000e-03 1.16740000e-04 8.10520000e-04 1.11250000e-03 -8.87900000e-05 -3.71350000e-04 -1.97150000e-04 4.30750000e-04 1.05526000e-03 6.21570000e-04 5.41980000e-04 5.62760000e-04 -3.85450000e-04 3.59210000e-04 7.93820000e-04 1.13519000e-03 6.19190000e-04 -8.39270000e-04 -3.39430000e-04 2.54427000e-02 1.61650000e-04 5.51320000e-04 1.62350000e-04 6.64800000e-05 3.04510000e-04 1.34120000e-04 -3.82710000e-04 -4.89480000e-04 -6.82500000e-04 -9.22600000e-05 5.62790000e-04 2.61460000e-04 -1.84530000e-04 -1.68170000e-04 -2.24140000e-04 -4.45200000e-05 3.12440000e-04 1.64540000e-04 4.58570000e-04 1.45592000e-03 -3.60500000e-04 -2.04471000e-03 1.73470000e-04 -1.12980000e-04 3.23600000e-04 9.62110000e-04 -3.46530000e-04 7.42760000e-04 5.17830000e-04 -2.83540000e-04 -4.06960000e-04 -1.91810000e-04 9.74800000e-05 -4.26930000e-04 3.40890000e-04 1.47851000e-03 3.12760000e-04 2.78960000e-04 9.13510000e-04 8.55070000e-04 1.09357000e-03 1.89510000e-04 -3.95440000e-04 1.09812000e-03 -3.70300000e-04 -5.97090000e-04 5.41530000e-04 8.38790000e-04 9.70300000e-04 -1.12485000e-03 -1.84220000e-04 -1.76408000e-03 3.60000000e-04 1.22325000e-03 -5.09500000e-04 -6.56140000e-04 -1.51300000e-05 -4.21050000e-04 -2.51840000e-04 -2.73720000e-04 -6.28860000e-04 2.04810000e-04 -2.36190000e-04 -4.82590000e-04 -1.51120000e-04 -3.45930000e-04 -1.08706000e-03 -1.58337000e-03
9.36600000e-05 1.27010000e-04 7.98280000e-04 -4.28640000e-04 -9.99610000e-04 -3.89418000e-03 1.08823000e-03 -4.58050000e-04 4.53700000e-05 4.69520000e-04 -1.85310000e-04 -2.66769000e-03 3.43730000e-04 -2.33037000e-03 -1.26072000e-03 -7.72140000e-04 2.45915000e-03 5.34980000e-04 -7.71600000e-05 1.73840000e-03 -2.75689000e-03 -3.14180000e-04 -1.96940000e-04 -4.73790000e-04 1.17717000e-03 -3.36900000e-04 1.42373000e-03 -7.94340000e-04 -6.75200000e-04 1.41893000e-03 1.03999000e-03 1.55447000e-03 2.65700000e-04 -1.31053000e-03 -1.42046000e-03 1.61650000e-04 2.06005900e-02 1.71757000e-03 -9.58010000e-04 9.55880000e-04 -5.13910000e-04 -9.11360000e-04 -5.29260000e-04 -1.97420000e-04 -1.22523000e-03 -5.79190000e-04 -5.81100000e-05 -4.83850000e-04 -2.33670000e-04 1.30400000e-05 -3.01220000e-04 -6.28980000e-04 9.11130000e-04 -7.72900000e-04 -3.22480000e-04 2.65331000e-03 -4.30360000e-04 -2.80999000e-03 -1.54658000e-03 -2.53372000e-03 6.37180000e-04 5.96700000e-04 -4.24810000e-04 7.88970000e-04 -5.50720000e-04 -4.40140000e-04 -4.90410000e-04 -1.16340000e-04 -1.41340000e-03 -6.21470000e-04 9.77870000e-04 2.69905000e-03 -1.20680000e-04 -8.40340000e-04 1.17190000e-04 6.86890000e-04 1.61596000e-03 1.13169000e-03 -6.51130000e-04 1.75361000e-03 -4.46580000e-04 -6.23590000e-04 -1.81500000e-05 5.22980000e-04 5.64090000e-04 -1.43963000e-03 -2.36000000e-05 -2.32523000e-03 1.10060000e-03 2.39752000e-03 -5.57370000e-04 -8.72260000e-04 7.50300000e-05 4.64220000e-04 -9.94000000e-06 -3.43100000e-04 -1.02468000e-03 4.90440000e-04 -2.49370000e-04 -6.85100000e-04 -1.14420000e-04 -3.61150000e-04 -1.37455000e-03 -1.44623000e-03
-1.68310000e-04 3.20980000e-04 1.61327000e-03 -1.06198000e-03 -2.13709000e-03 -8.50662000e-03 2.06448000e-03 -7.75130000e-04 1.26590000e-04 6.54890000e-04 -2.71720000e-04 -5.60844000e-03 6.86960000e-04 -4.69464000e-03 -2.92568000e-03 -2.02628000e-03 5.63857000e-03 7.74240000e-04 1.79330000e-04 4.07036000e-03 -5.53461000e-03 -1.26029000e-03 -5.73210000e-04 -1.04187000e-03 2.72073000e-03 -5.66640000e-04 2.48755000e-03 -1.52151000e-03 -1.43527000e-03 3.15526000e-03 2.41313000e-03 3.59813000e-03 6.60130000e-04 -2.94260000e-03 -3.48725000e-03 5.51320000e-04 1.71757000e-03 1.51244300e-02 -2.04902000e-03 1.58152000e-03 -1.09454000e-03 -2.04983000e-03 -1.52798000e-03 -1.36848000e-03 -2.38407000e-03 -1.18181000e-03 6.70800000e-05 -1.04283000e-03 -9.39070000e-04 -3.55370000e-04 -9.76760000e-04 -1.63664000e-03 1.69418000e-03 -1.67378000e-03 -5.96210000e-04 6.21494000e-03 -1.27643000e-03 -7.17295000e-03 -3.29515000e-03 -5.21102000e-03 1.69742000e-03 1.67575000e-03 -1.26991000e-03 2.15821000e-03 -8.65960000e-04 -1.15887000e-03 -1.39480000e-03 -5.59950000e-04 -2.98156000e-03 -1.63092000e-03 1.87530000e-03 6.24828000e-03 9.08900000e-05 -1.47606000e-03 5.81880000e-04 1.39209000e-03 3.73225000e-03 2.23331000e-03 -1.74890000e-03 4.09434000e-03 -1.18011000e-03 -1.54166000e-03 1.99030000e-04 1.27462000e-03 1.20951000e-03 -3.69486000e-03 5.59900000e-05 -5.71452000e-03 2.11940000e-03 4.96105000e-03 -1.45499000e-03 -2.40030000e-03 -9.36200000e-05 5.87370000e-04 -3.48630000e-04 -9.15840000e-04 -3.10177000e-03 9.65580000e-04 -9.96950000e-04 -1.94955000e-03 -6.30490000e-04 -1.22212000e-03 -3.46966000e-03 -3.81777000e-03
-2.87900000e-04 4.77060000e-04 -8.04460000e-04 7.27010000e-04 2.16242000e-03 6.91935000e-03 -1.34460000e-03 1.00576000e-03 3.71030000e-04 -4.78940000e-04 4.13220000e-04 4.74057000e-03 3.34510000e-04 3.97091000e-03 1.97713000e-03 1.60883000e-03 -3.42081000e-03 -2.66060000e-04 4.39890000e-04 -2.56881000e-03 4.99650000e-03 6.21180000e-04 4.26720000e-04 1.31133000e-03 -1.28585000e-03 9.72880000e-04 -1.04890000e-03 1.82688000e-03 9.23320000e-04 -2.17759000e-03 -1.31208000e-03 -2.10009000e-03 -3.51000000e-05 1.98715000e-03 2.98792000e-03 1.62350000e-04 -9.58010000e-04 -2.04902000e-03 2.83808400e-02 -7.79780000e-04 1.46749000e-03 2.18719000e-03 1.23061000e-03 1.22624000e-03 1.68216000e-03 1.15687000e-03 4.94570000e-04 1.19355000e-03 7.03150000e-04 3.69800000e-04 8.85460000e-04 1.53666000e-03 -1.32008000e-03 1.59316000e-03 9.98900000e-04 -4.09393000e-03 6.43780000e-04 4.87527000e-03 3.01005000e-03 4.58429000e-03 -1.22105000e-03 -6.74340000e-04 9.34620000e-04 -1.14474000e-03 1.21389000e-03 9.28690000e-04 6.94260000e-04 6.76470000e-04 2.74705000e-03 1.04085000e-03 -1.14836000e-03 -4.02493000e-03 2.22950000e-04 1.45232000e-03 1.63480000e-04 -3.42810000e-04 -2.15745000e-03 -1.41017000e-03 1.28801000e-03 -2.48602000e-03 6.85120000e-04 8.93230000e-04 8.35400000e-05 -3.52170000e-04 -7.35600000e-05 2.21052000e-03 -2.87630000e-04 3.59848000e-03 -1.61093000e-03 -3.45341000e-03 7.14880000e-04 1.44586000e-03 -8.99400000e-05 -9.97100000e-04 -5.45700000e-05 3.50160000e-04 2.28686000e-03 -9.64410000e-04 4.33580000e-04 1.22535000e-03 2.85270000e-04 5.61720000e-04 2.35381000e-03 2.51042000e-03
-1.94850000e-04 1.71980000e-04 7.49830000e-04 -3.53810000e-04 -7.95120000e-04 -2.89579000e-03 1.01964000e-03 -3.80740000e-04 -8.05200000e-05 1.63200000e-04 -1.67510000e-04 -2.00937000e-03 3.43330000e-04 -1.78456000e-03 -9.81670000e-04 -4.52740000e-04 2.04562000e-03 5.33850000e-04 -1.12720000e-04 1.34406000e-03 -2.08671000e-03 -4.52040000e-04 -1.50900000e-04 -3.40280000e-04 1.04815000e-03 -3.26440000e-04 1.32754000e-03 -5.78200000e-04 -4.72430000e-04 1.13947000e-03 8.86690000e-04 1.23800000e-03 2.76210000e-04 -9.95340000e-04 -9.43090000e-04 6.64800000e-05 9.55880000e-04 1.58152000e-03 -7.79780000e-04 4.98132700e-02 -2.22530000e-04 -5.11090000e-04 -3.17570000e-04 1.25420000e-04 -9.05460000e-04 -3.33460000e-04 1.95000000e-05 -2.77330000e-04 -1.98370000e-04 1.22930000e-04 -9.96300000e-05 -3.96690000e-04 4.47880000e-04 -5.74400000e-04 -1.85240000e-04 2.04479000e-03 -5.89570000e-04 -2.13243000e-03 -1.28468000e-03 -1.93097000e-03 4.01580000e-04 4.64440000e-04 -2.72060000e-04 7.39330000e-04 -3.64270000e-04 -2.87780000e-04 -6.20040000e-04 9.46400000e-05 -1.04097000e-03 -5.10040000e-04 7.72770000e-04 2.12924000e-03 2.56400000e-05 -7.31690000e-04 7.17000000e-06 6.43040000e-04 1.32272000e-03 9.99740000e-04 -4.61030000e-04 1.43947000e-03 -4.05130000e-04 -5.48610000e-04 -9.79100000e-05 4.21100000e-04 4.98870000e-04 -1.26931000e-03 -7.56300000e-05 -1.87932000e-03 6.29140000e-04 1.57061000e-03 -6.79500000e-04 -8.81030000e-04 -2.25470000e-04 1.21900000e-04 -2.41570000e-04 -5.80550000e-04 -8.91200000e-04 5.57700000e-05 -4.55080000e-04 -7.40260000e-04 -3.55310000e-04 -5.51890000e-04 -1.08584000e-03 -9.29920000e-04
-5.05500000e-04 7.93720000e-04 1.17360000e-04 1.42680000e-04 1.82330000e-03 6.24549000e-03 -8.59280000e-04 1.03147000e-03 3.52520000e-04 -1.67590000e-04 2.95870000e-04 4.33415000e-03 6.86330000e-04 3.57910000e-03 1.09118000e-03 1.13104000e-03 -2.11264000e-03 1.19050000e-04 6.49520000e-04 -2.03879000e-03 4.60411000e-03 3.48750000e-04 1.65620000e-04 1.13327000e-03 -4.70040000e-04 8.18110000e-04 -3.77580000e-04 1.82532000e-03 5.01250000e-04 -1.63619000e-03 -8.41530000e-04 -1.44821000e-03 1.87010000e-04 1.08061000e-03 3.11073000e-03 3.04510000e-04 -5.13910000e-04 -1.09454000e-03 1.46749000e-03 -2.22530000e-04 5.91253600e-02 2.54497000e-03 9.30160000e-04 1.35721000e-03 7.78700000e-04 1.17978000e-03 7.57140000e-04 1.31429000e-03 4.16350000e-04 5.17700000e-04 9.61920000e-04 1.53098000e-03 -7.38070000e-04 1.37617000e-03 1.25456000e-03 -3.12211000e-03 3.09180000e-04 3.93938000e-03 2.51491000e-03 4.09616000e-03 -1.57932000e-03 -4.11400000e-04 8.05370000e-04 -2.43340000e-04 1.21353000e-03 6.80220000e-04 2.90270000e-04 6.77060000e-04 2.78074000e-03 4.95880000e-04 -6.93920000e-04 -3.12663000e-03 6.93980000e-04 1.37404000e-03 3.20530000e-04 1.08293000e-03 -1.30200000e-03 -9.01430000e-04 9.11920000e-04 -1.69824000e-03 1.06910000e-04 5.77500000e-05 1.62330000e-04 3.34200000e-05 3.89500000e-04 1.46134000e-03 -7.67820000e-04 2.85829000e-03 -9.86920000e-04 -1.70516000e-03 4.97480000e-04 1.22112000e-03 1.49700000e-04 -1.17669000e-03 -1.14650000e-04 2.18660000e-04 2.47548000e-03 -7.14950000e-04 3.95580000e-04 1.12253000e-03 5.61350000e-04 2.47290000e-04 1.99230000e-03 1.91268000e-03
-6.70640000e-04 8.73630000e-04 6.53700000e-05 2.97500000e-04 2.67261000e-03 1.00092500e-02 -1.41036000e-03 1.38834000e-03 2.65840000e-04 -2.52930000e-04 3.07430000e-04 6.97213000e-03 6.56080000e-04 5.63942000e-03 1.96874000e-03 1.78724000e-03 -3.94628000e-03 1.81830000e-04 6.90620000e-04 -3.65502000e-03 7.23079000e-03 7.89690000e-04 3.13390000e-04 1.54877000e-03 -1.20981000e-03 1.02789000e-03 -8.55490000e-04 2.61298000e-03 8.40190000e-04 -2.78369000e-03 -1.69684000e-03 -2.84658000e-03 -4.00000000e-07 1.94875000e-03 4.82301000e-03 1.34120000e-04 -9.11360000e-04 -2.04983000e-03 2.18719000e-03 -5.11090000e-04 2.54497000e-03 5.50148400e-02 1.56877000e-03 2.28248000e-03 1.39749000e-03 1.71550000e-03 8.49490000e-04 1.82979000e-03 7.47710000e-04 8.88010000e-04 1.57102000e-03 2.24793000e-03 -1.17085000e-03 1.95355000e-03 1.68573000e-03 -5.49989000e-03 6.32420000e-04 6.87030000e-03 3.91064000e-03 6.44385000e-03 -2.65779000e-03 -1.08695000e-03 1.39625000e-03 -7.22530000e-04 1.58115000e-03 1.12673000e-03 6.35990000e-04 9.73980000e-04 4.21698000e-03 9.18190000e-04 -1.17700000e-03 -5.56358000e-03 8.88200000e-04 2.05912000e-03 1.84460000e-04 1.49315000e-03 -2.62224000e-03 -1.52705000e-03 1.58081000e-03 -3.20940000e-03 3.09330000e-04 3.00020000e-04 1.09900000e-05 -3.09560000e-04 1.88750000e-04 2.76976000e-03 -1.14011000e-03 5.27509000e-03 -1.56026000e-03 -2.87817000e-03 1.00557000e-03 2.21424000e-03 3.04880000e-04 -1.62891000e-03 -2.68000000e-05 4.84250000e-04 4.08129000e-03 -1.10523000e-03 8.41470000e-04 1.99214000e-03 1.07217000e-03 5.30790000e-04 3.50926000e-03 3.23349000e-03
-1.58700000e-04 -2.44300000e-05 -7.28970000e-04 9.33710000e-04 1.49446000e-03 5.84072000e-03 -8.68430000e-04 3.51310000e-04 -1.21700000e-04 -5.33510000e-04 -7.88900000e-05 3.69280000e-03 -7.58500000e-05 2.95822000e-03 2.11400000e-03 1.81119000e-03 -3.60931000e-03 4.63400000e-05 -2.45290000e-04 -2.68202000e-03 3.86108000e-03 6.12920000e-04 5.64760000e-04 8.04890000e-04 -1.66698000e-03 3.28250000e-04 -7.44840000e-04 1.15423000e-03 1.06218000e-03 -1.91007000e-03 -1.50376000e-03 -2.33040000e-03 -3.71770000e-04 2.12168000e-03 2.50638000e-03 -3.82710000e-04 -5.29260000e-04 -1.52798000e-03 1.23061000e-03 -3.17570000e-04 9.30160000e-04 1.56877000e-03 7.29290100e-02 1.74085000e-03 1.77443000e-03 1.13033000e-03 -2.98800000e-05 7.35870000e-04 9.38130000e-04 6.66760000e-04 1.08540000e-03 1.18267000e-03 -1.36205000e-03 1.15362000e-03 4.05790000e-04 -4.14833000e-03 4.87550000e-04 5.11748000e-03 2.19098000e-03 3.54959000e-03 -1.02670000e-03 -1.17643000e-03 1.13298000e-03 -1.28953000e-03 5.68990000e-04 1.07320000e-03 5.21430000e-04 9.23040000e-04 1.93003000e-03 1.22963000e-03 -9.50610000e-04 -4.07795000e-03 1.06950000e-04 6.21970000e-04 -4.77000000e-04 -5.05400000e-04 -2.40046000e-03 -9.92770000e-04 1.46174000e-03 -2.69903000e-03 9.10700000e-04 1.13031000e-03 -4.48350000e-04 -8.37520000e-04 -5.02030000e-04 2.27995000e-03 -1.15700000e-04 3.80930000e-03 -1.59287000e-03 -3.55685000e-03 6.74220000e-04 1.46597000e-03 -2.36960000e-04 -5.86600000e-04 -5.79800000e-05 1.92670000e-04 2.22922000e-03 -1.14447000e-03 4.11470000e-04 1.15369000e-03 1.96260000e-04 4.94540000e-04 2.43088000e-03 3.06012000e-03
-5.35140000e-04 1.10270000e-04 4.13600000e-05 5.88120000e-04 1.57657000e-03 7.24814000e-03 -5.44770000e-04 3.27460000e-04 -3.77100000e-04 -5.78240000e-04 -2.56160000e-04 4.79673000e-03 1.24770000e-04 3.52527000e-03 2.00616000e-03 1.83618000e-03 -3.83622000e-03 5.98920000e-04 -2.67400000e-04 -3.29030000e-03 4.70539000e-03 7.21520000e-04 4.25870000e-04 8.72900000e-04 -1.59986000e-03 1.35510000e-04 -3.82420000e-04 1.45644000e-03 8.72740000e-04 -2.10216000e-03 -1.65232000e-03 -2.89600000e-03 -3.44300000e-04 2.00027000e-03 3.61631000e-03 -4.89480000e-04 -1.97420000e-04 -1.36848000e-03 1.22624000e-03 1.25420000e-04 1.35721000e-03 2.28248000e-03 1.74085000e-03 7.90561400e-02 1.34273000e-03 1.23060000e-03 -1.13900000e-05 1.04808000e-03 1.09899000e-03 1.21272000e-03 1.62529000e-03 1.56423000e-03 -1.44616000e-03 1.24101000e-03 6.42610000e-04 -4.95243000e-03 2.24750000e-04 6.32425000e-03 2.48603000e-03 4.24974000e-03 -2.12210000e-03 -1.69538000e-03 1.58308000e-03 -1.34631000e-03 5.07790000e-04 1.13629000e-03 2.58670000e-04 1.06163000e-03 2.51239000e-03 1.19315000e-03 -8.46010000e-04 -4.95303000e-03 1.70890000e-04 7.08340000e-04 -5.90840000e-04 7.02160000e-04 -2.76973000e-03 -8.46200000e-04 1.69885000e-03 -3.16175000e-03 6.69900000e-04 7.09140000e-04 -6.43060000e-04 -9.07620000e-04 -3.52350000e-04 2.46205000e-03 -7.28880000e-04 4.72002000e-03 -1.70643000e-03 -3.23436000e-03 5.16240000e-04 1.65982000e-03 -3.10190000e-04 -9.63880000e-04 -2.76460000e-04 -1.08080000e-04 3.17588000e-03 -1.57351000e-03 5.22170000e-04 1.36760000e-03 4.44920000e-04 3.24570000e-04 2.94608000e-03 3.12789000e-03
1.21430000e-04 -5.83610000e-04 -2.06228000e-03 1.72223000e-03 1.76294000e-03 7.29516000e-03 -1.47852000e-03 2.30110000e-04 -3.39540000e-04 -1.17086000e-03 5.99900000e-05 4.57277000e-03 -8.85370000e-04 3.87996000e-03 3.45630000e-03 2.62139000e-03 -5.28962000e-03 -5.57290000e-04 -4.82960000e-04 -3.31686000e-03 4.83236000e-03 6.04370000e-04 8.65200000e-04 8.31980000e-04 -2.75439000e-03 2.83720000e-04 -1.49166000e-03 1.15009000e-03 1.89296000e-03 -2.06525000e-03 -2.01486000e-03 -3.15373000e-03 -7.45300000e-04 3.57084000e-03 2.57557000e-03 -6.82500000e-04 -1.22523000e-03 -2.38407000e-03 1.68216000e-03 -9.05460000e-04 7.78700000e-04 1.39749000e-03 1.77443000e-03 1.34273000e-03 6.96089100e-02 1.50329000e-03 -3.15250000e-04 6.81060000e-04 1.08684000e-03 4.18620000e-04 9.80330000e-04 1.26086000e-03 -2.39227000e-03 1.51846000e-03 9.03100000e-05 -5.08064000e-03 8.31640000e-04 6.68675000e-03 2.58929000e-03 4.40887000e-03 -2.41960000e-04 -1.61914000e-03 1.24405000e-03 -2.35704000e-03 7.09720000e-04 1.40920000e-03 9.45030000e-04 1.07286000e-03 1.90052000e-03 1.83506000e-03 -1.67340000e-03 -5.07145000e-03 -3.43620000e-04 8.01110000e-04 -7.69860000e-04 -2.66970000e-03 -3.28545000e-03 -1.42438000e-03 1.83945000e-03 -3.53598000e-03 1.60442000e-03 2.23397000e-03 -6.35080000e-04 -1.52927000e-03 -1.37382000e-03 3.21800000e-03 5.21150000e-04 5.05555000e-03 -2.71654000e-03 -6.52345000e-03 1.07448000e-03 1.53820000e-03 -7.02830000e-04 -1.81960000e-04 -1.36330000e-04 3.94920000e-04 1.68200000e-03 -1.71617000e-03 5.45000000e-05 1.10907000e-03 -4.60430000e-04 7.84160000e-04 3.32540000e-03 4.59838000e-03
-2.02090000e-04 2.31020000e-04 -4.22170000e-04 7.26620000e-04 1.46071000e-03 5.35327000e-03 -8.04100000e-04 5.09330000e-04 3.50000000e-07 -4.26390000e-04 -1.51400000e-05 3.48495000e-03 1.48990000e-04 2.89836000e-03 1.64925000e-03 1.39743000e-03 -2.79498000e-03 -2.89600000e-05 1.34030000e-04 -2.19953000e-03 3.77483000e-03 3.49280000e-04 4.32200000e-04 8.14110000e-04 -1.14563000e-03 4.56690000e-04 -6.33670000e-04 1.26108000e-03 9.06530000e-04 -1.37114000e-03 -1.15013000e-03 -1.75248000e-03 -1.97790000e-04 1.64407000e-03 2.28169000e-03 -9.22600000e-05 -5.79190000e-04 -1.18181000e-03 1.15687000e-03 -3.33460000e-04 1.17978000e-03 1.71550000e-03 1.13033000e-03 1.23060000e-03 1.50329000e-03 4.86995200e-02 2.27940000e-04 8.28430000e-04 6.80980000e-04 4.95880000e-04 8.97900000e-04 1.06058000e-03 -1.00310000e-03 1.12336000e-03 6.00390000e-04 -3.31101000e-03 4.21040000e-04 4.12336000e-03 2.03725000e-03 3.38347000e-03 -9.22960000e-04 -7.68750000e-04 8.46740000e-04 -7.13740000e-04 8.33840000e-04 9.14500000e-04 4.02930000e-04 7.25270000e-04 1.93553000e-03 8.24300000e-04 -7.84850000e-04 -3.25954000e-03 3.31800000e-04 7.94900000e-04 -1.42810000e-04 6.31000000e-06 -1.73993000e-03 -7.61230000e-04 1.08754000e-03 -2.04341000e-03 5.85280000e-04 7.27650000e-04 -2.21180000e-04 -5.26210000e-04 -1.95960000e-04 1.76527000e-03 -2.15320000e-04 3.11770000e-03 -1.24903000e-03 -2.61041000e-03 6.66400000e-04 1.25329000e-03 -1.25500000e-05 -6.29210000e-04 -3.44200000e-05 3.23960000e-04 1.95449000e-03 -7.97920000e-04 3.22330000e-04 1.02414000e-03 3.22210000e-04 3.55180000e-04 1.98100000e-03 2.21640000e-03
-4.21750000e-04 7.34260000e-04 3.97230000e-04 -2.44530000e-04 6.78190000e-04 1.02083000e-03 -8.65500000e-05 6.42520000e-04 5.13960000e-04 4.94800000e-05 3.19440000e-04 9.03880000e-04 7.94290000e-04 8.21470000e-04 -2.93330000e-04 -5.80000000e-05 5.83940000e-04 6.70700000e-05 6.43590000e-04 2.52830000e-04 1.11577000e-03 -2.16210000e-04 -9.26700000e-05 5.59050000e-04 6.59350000e-04 6.28330000e-04 2.76780000e-04 7.68020000e-04 -1.85990000e-04 -1.52450000e-04 3.60300000e-04 4.60020000e-04 4.73410000e-04 -2.96670000e-04 6.60890000e-04 5.62790000e-04 -5.81100000e-05 6.70800000e-05 4.94570000e-04 1.95000000e-05 7.57140000e-04 8.49490000e-04 -2.98800000e-05 -1.13900000e-05 -3.15250000e-04 2.27940000e-04 4.85714400e-02 5.54280000e-04 -1.06220000e-04 -6.96000000e-06 8.98200000e-05 4.49820000e-04 2.22500000e-05 4.56750000e-04 7.17810000e-04 2.24600000e-04 -1.84460000e-04 -3.58670000e-04 7.63490000e-04 9.85130000e-04 -3.46780000e-04 5.91150000e-04 -4.67700000e-05 5.36820000e-04 6.43690000e-04 -1.98900000e-05 -2.15540000e-04 7.05600000e-05 8.92620000e-04 -2.18750000e-04 4.67800000e-05 2.46930000e-04 4.32210000e-04 6.11390000e-04 6.09460000e-04 8.59630000e-04 4.91180000e-04 -8.15000000e-05 -7.36800000e-05 3.93020000e-04 -2.82520000e-04 -4.06870000e-04 4.33300000e-04 6.32670000e-04 7.70420000e-04 -4.09000000e-04 -3.30140000e-04 -4.88630000e-04 2.69000000e-06 4.59330000e-04 -2.47650000e-04 -1.26380000e-04 1.49700000e-05 -7.26320000e-04 -2.16210000e-04 -1.63920000e-04 2.50870000e-04 -4.22400000e-05 -1.16460000e-04 -3.50400000e-05 4.27000000e-05 -2.28850000e-04 -2.21720000e-04 -4.97920000e-04
-4.68080000e-04 5.59920000e-04 -6.15300000e-05 2.17460000e-04 1.43191000e-03 4.63157000e-03 -6.89010000e-04 8.01070000e-04 3.13710000e-04 -3.93110000e-04 3.19060000e-04 3.17859000e-03 4.77000000e-04 2.65633000e-03 9.56710000e-04 9.18510000e-04 -1.74628000e-03 1.10600000e-05 4.79270000e-04 -1.46037000e-03 3.31045000e-03 1.90660000e-04 1.59040000e-04 9.23390000e-04 -4.63090000e-04 6.55580000e-04 -4.19680000e-04 1.36620000e-03 5.13440000e-04 -1.24781000e-03 -5.68970000e-04 -1.08281000e-03 2.18210000e-04 9.57170000e-04 2.35653000e-03 2.61460000e-04 -4.83850000e-04 -1.04283000e-03 1.19355000e-03 -2.77330000e-04 1.31429000e-03 1.82979000e-03 7.35870000e-04 1.04808000e-03 6.81060000e-04 8.28430000e-04 5.54280000e-04 3.04098100e-02 4.24810000e-04 3.83160000e-04 7.16250000e-04 1.22579000e-03 -8.85260000e-04 1.18506000e-03 9.20730000e-04 -2.34208000e-03 1.17560000e-04 2.83870000e-03 1.93640000e-03 3.01551000e-03 -1.10274000e-03 -3.07930000e-04 6.41310000e-04 -4.19900000e-04 9.23680000e-04 5.36530000e-04 1.24450000e-04 4.71550000e-04 2.04452000e-03 4.98620000e-04 -6.35060000e-04 -2.37052000e-03 3.91290000e-04 1.02507000e-03 2.44220000e-04 4.77240000e-04 -1.04214000e-03 -7.61240000e-04 7.88560000e-04 -1.30396000e-03 2.59350000e-04 2.08170000e-04 2.28200000e-04 -1.00500000e-05 2.40700000e-04 1.01044000e-03 -4.33570000e-04 1.93982000e-03 -1.08395000e-03 -1.83514000e-03 1.64520000e-04 7.04550000e-04 -1.75400000e-04 -9.83960000e-04 -2.87110000e-04 -3.93300000e-05 1.54856000e-03 -7.77930000e-04 1.24930000e-04 6.13320000e-04 1.13640000e-04 1.38110000e-04 1.25563000e-03 1.26407000e-03
8.94600000e-05 -6.73800000e-05 -5.04650000e-04 7.09230000e-04 8.77560000e-04 3.12877000e-03 -5.03890000e-04 1.15400000e-04 -2.00700000e-05 -3.45820000e-04 -7.58200000e-05 1.85323000e-03 -5.98000000e-05 1.47070000e-03 1.33653000e-03 1.14765000e-03 -2.23396000e-03 5.17500000e-05 -1.88020000e-04 -1.47096000e-03 1.92319000e-03 4.74210000e-04 3.94650000e-04 4.92580000e-04 -1.10015000e-03 1.90470000e-04 -3.89450000e-04 6.12850000e-04 7.64750000e-04 -1.05079000e-03 -8.44620000e-04 -1.31854000e-03 -1.77050000e-04 1.31279000e-03 1.37878000e-03 -1.84530000e-04 -2.33670000e-04 -9.39070000e-04 7.03150000e-04 -1.98370000e-04 4.16350000e-04 7.47710000e-04 9.38130000e-04 1.09899000e-03 1.08684000e-03 6.80980000e-04 -1.06220000e-04 4.24810000e-04 1.82535800e-02 4.51060000e-04 6.63320000e-04 6.94280000e-04 -8.31920000e-04 7.66960000e-04 1.14750000e-04 -2.34279000e-03 3.52120000e-04 2.99937000e-03 1.22617000e-03 1.83602000e-03 -4.01670000e-04 -7.14090000e-04 7.11260000e-04 -9.71200000e-04 2.76640000e-04 6.88320000e-04 3.66190000e-04 5.62550000e-04 9.17690000e-04 8.70520000e-04 -5.34590000e-04 -2.34345000e-03 -7.55700000e-05 2.02850000e-04 -2.98790000e-04 -5.14770000e-04 -1.42477000e-03 -5.33030000e-04 9.79390000e-04 -1.60019000e-03 7.41180000e-04 8.23380000e-04 -2.35190000e-04 -5.62550000e-04 -3.30780000e-04 1.39302000e-03 5.95900000e-05 2.18675000e-03 -9.86070000e-04 -2.22904000e-03 4.15820000e-04 8.68590000e-04 -1.59480000e-04 -1.23690000e-04 -3.95000000e-06 1.48860000e-04 1.23050000e-03 -6.53120000e-04 3.12540000e-04 6.61520000e-04 7.70900000e-05 4.52520000e-04 1.33730000e-03 1.77390000e-03
-1.08850000e-04 6.50200000e-05 2.72620000e-04 1.32090000e-04 5.61050000e-04 2.79775000e-03 -1.25360000e-04 1.10420000e-04 -1.57410000e-04 4.99000000e-06 -1.74160000e-04 1.95273000e-03 7.91500000e-05 1.36283000e-03 6.40940000e-04 5.82810000e-04 -1.27763000e-03 3.91750000e-04 -5.78500000e-05 -1.17914000e-03 1.91035000e-03 4.09340000e-04 1.42350000e-04 2.78990000e-04 -5.10470000e-04 3.92700000e-05 2.82770000e-04 5.98290000e-04 2.67150000e-04 -7.39340000e-04 -5.77720000e-04 -1.09704000e-03 -9.79900000e-05 6.21480000e-04 1.39617000e-03 -1.68170000e-04 1.30400000e-05 -3.55370000e-04 3.69800000e-04 1.22930000e-04 5.17700000e-04 8.88010000e-04 6.66760000e-04 1.21272000e-03 4.18620000e-04 4.95880000e-04 -6.96000000e-06 3.83160000e-04 4.51060000e-04 1.80618900e-02 7.28490000e-04 5.41270000e-04 -2.70080000e-04 3.97230000e-04 2.48610000e-04 -1.75235000e-03 1.45500000e-04 2.49734000e-03 9.63600000e-04 1.68301000e-03 -8.77610000e-04 -6.34300000e-04 6.46330000e-04 -3.49920000e-04 1.58210000e-04 4.24720000e-04 1.53310000e-04 4.03290000e-04 9.55940000e-04 3.81790000e-04 -1.83500000e-04 -1.83101000e-03 1.87620000e-04 3.01690000e-04 -1.74550000e-04 6.55940000e-04 -9.96680000e-04 -1.91280000e-04 6.44700000e-04 -1.15846000e-03 1.99410000e-04 1.43100000e-04 -2.56870000e-04 -3.07450000e-04 -6.65000000e-05 1.01642000e-03 -3.53390000e-04 2.03834000e-03 -3.47530000e-04 -6.54360000e-04 3.47990000e-04 8.03180000e-04 9.95100000e-05 -2.31330000e-04 4.30300000e-05 9.76000000e-05 1.42101000e-03 -3.88310000e-04 4.09310000e-04 7.06280000e-04 4.64070000e-04 2.06030000e-04 1.32120000e-03 1.20853000e-03
-1.91890000e-04 1.31740000e-04 1.62000000e-05 3.64000000e-04 1.16170000e-03 5.03003000e-03 -5.53990000e-04 3.71330000e-04 -1.26900000e-04 -1.34510000e-04 -1.11580000e-04 3.42970000e-03 7.31500000e-05 2.61235000e-03 1.29405000e-03 1.12635000e-03 -2.46018000e-03 3.18600000e-04 -7.07000000e-06 -2.11112000e-03 3.47737000e-03 6.02190000e-04 2.94250000e-04 6.06730000e-04 -1.00444000e-03 2.47160000e-04 -8.21800000e-05 1.11067000e-03 6.03200000e-04 -1.49137000e-03 -1.08202000e-03 -1.86481000e-03 -1.80480000e-04 1.27414000e-03 2.34170000e-03 -2.24140000e-04 -3.01220000e-04 -9.76760000e-04 8.85460000e-04 -9.96300000e-05 9.61920000e-04 1.57102000e-03 1.08540000e-03 1.62529000e-03 9.80330000e-04 8.97900000e-04 8.98200000e-05 7.16250000e-04 6.63320000e-04 7.28490000e-04 2.47987900e-02 9.92710000e-04 -6.84090000e-04 8.44480000e-04 5.12710000e-04 -3.19584000e-03 3.44500000e-04 4.17405000e-03 1.83169000e-03 3.10551000e-03 -1.28671000e-03 -9.32560000e-04 9.62360000e-04 -6.63810000e-04 4.90400000e-04 7.42660000e-04 3.64460000e-04 6.61030000e-04 1.80744000e-03 7.22310000e-04 -5.64310000e-04 -3.24512000e-03 3.41510000e-04 6.99350000e-04 -2.33610000e-04 5.72650000e-04 -1.77357000e-03 -6.55080000e-04 1.07936000e-03 -2.04238000e-03 4.25880000e-04 4.30050000e-04 -3.00040000e-04 -5.08630000e-04 -1.96610000e-04 1.77983000e-03 -4.32710000e-04 3.32004000e-03 -8.49170000e-04 -1.76862000e-03 6.20620000e-04 1.33903000e-03 9.55800000e-05 -5.32860000e-04 5.20000000e-05 2.30090000e-04 2.23680000e-03 -6.91540000e-04 5.78180000e-04 1.14841000e-03 5.97790000e-04 3.77910000e-04 2.16787000e-03 2.22794000e-03
-2.48850000e-04 3.69820000e-04 -5.15620000e-04 5.24280000e-04 1.75645000e-03 6.39524000e-03 -9.74010000e-04 8.35900000e-04 2.19820000e-04 -4.02890000e-04 3.28510000e-04 4.20099000e-03 1.85970000e-04 3.49134000e-03 1.72947000e-03 1.58074000e-03 -3.05501000e-03 -7.31400000e-05 2.13920000e-04 -2.40308000e-03 4.23484000e-03 5.89260000e-04 3.55370000e-04 1.04059000e-03 -1.16243000e-03 6.10610000e-04 -7.55120000e-04 1.48392000e-03 8.48170000e-04 -1.82003000e-03 -1.14160000e-03 -1.90220000e-03 -3.53700000e-05 1.71516000e-03 3.18443000e-03 -4.45200000e-05 -6.28980000e-04 -1.63664000e-03 1.53666000e-03 -3.96690000e-04 1.53098000e-03 2.24793000e-03 1.18267000e-03 1.56423000e-03 1.26086000e-03 1.06058000e-03 4.49820000e-04 1.22579000e-03 6.94280000e-04 5.41270000e-04 9.92710000e-04 3.72378900e-02 -1.18827000e-03 1.50220000e-03 9.63000000e-04 -3.73601000e-03 5.31700000e-04 4.81947000e-03 2.45924000e-03 3.91363000e-03 -1.42557000e-03 -8.37200000e-04 9.98510000e-04 -1.04774000e-03 9.28680000e-04 8.58450000e-04 5.53340000e-04 7.72260000e-04 2.57101000e-03 9.51830000e-04 -9.70290000e-04 -3.74758000e-03 2.46200000e-04 1.16868000e-03 -1.12380000e-04 -4.53000000e-05 -1.86612000e-03 -1.09655000e-03 1.24104000e-03 -2.22613000e-03 6.04940000e-04 6.91990000e-04 4.73200000e-05 -4.00920000e-04 -1.38740000e-04 2.01037000e-03 -4.06780000e-04 3.39729000e-03 -1.48192000e-03 -3.02539000e-03 6.10540000e-04 1.36523000e-03 -8.88200000e-05 -8.70920000e-04 -9.31500000e-05 2.45870000e-04 2.44671000e-03 -9.81900000e-04 3.98230000e-04 1.16474000e-03 2.95060000e-04 5.61250000e-04 2.27814000e-03 2.70067000e-03
1.62133000e-03 1.23900000e-04 1.52076000e-03 -1.33123000e-03 -1.41753000e-03 -4.77120000e-03 8.41260000e-04 -2.56500000e-04 1.57420000e-04 2.64948000e-03 -2.06910000e-04 -2.64185000e-03 1.22780000e-04 -2.42161000e-03 -2.45785000e-03 -2.08963000e-03 3.68658000e-03 4.41640000e-04 3.44500000e-04 2.06469000e-03 -2.90420000e-03 1.12558000e-03 -5.44410000e-04 -9.21200000e-04 1.79819000e-03 -2.64080000e-04 2.49307000e-03 -9.25710000e-04 -1.55800000e-03 1.42310000e-03 1.02075000e-03 1.84538000e-03 1.68810000e-04 -2.70663000e-03 -2.06778000e-03 3.12440000e-04 9.11130000e-04 1.69418000e-03 -1.32008000e-03 4.47880000e-04 -7.38070000e-04 -1.17085000e-03 -1.36205000e-03 -1.44616000e-03 -2.39227000e-03 -1.00310000e-03 2.22500000e-05 -8.85260000e-04 -8.31920000e-04 -2.70080000e-04 -6.84090000e-04 -1.18827000e-03 2.65105500e-02 -1.52788000e-03 -2.46040000e-04 3.47794000e-03 1.11061000e-03 -2.93296000e-03 -1.74354000e-03 -2.73030000e-03 2.82830000e-04 9.95490000e-04 -9.36440000e-04 1.87486000e-03 -6.82410000e-04 -1.00859000e-03 1.01330000e-03 -8.49610000e-04 -1.38143000e-03 -1.44717000e-03 1.50292000e-03 3.30492000e-03 3.30040000e-04 -2.39950000e-04 5.38260000e-04 2.20466000e-03 2.12674000e-03 1.16117000e-03 -1.44586000e-03 2.24347000e-03 -1.26951000e-03 -1.60503000e-03 2.81310000e-04 9.48880000e-04 6.80140000e-04 -4.63240000e-04 -3.66300000e-04 -1.15707000e-03 3.96431000e-03 7.05534000e-03 1.33797000e-03 8.49920000e-04 2.57097000e-03 2.00921000e-03 1.99502000e-03 1.77399000e-03 6.03110000e-04 3.26866000e-03 1.79449000e-03 1.15313000e-03 2.50306000e-03 1.01038000e-03 -2.13210000e-04 -1.57623000e-03
-3.27960000e-04 3.99500000e-04 -7.81350000e-04 7.73130000e-04 1.84964000e-03 5.85205000e-03 -1.07221000e-03 8.34970000e-04 3.55360000e-04 -7.20260000e-04 3.59030000e-04 3.73637000e-03 2.81520000e-04 3.24226000e-03 1.81931000e-03 1.63742000e-03 -3.05377000e-03 -2.18000000e-04 3.35600000e-04 -2.12149000e-03 3.99265000e-03 3.23190000e-04 4.12470000e-04 1.16231000e-03 -1.20470000e-03 7.65330000e-04 -9.70800000e-04 1.54899000e-03 1.04016000e-03 -1.78974000e-03 -1.02082000e-03 -1.67956000e-03 6.92900000e-05 1.83152000e-03 2.74047000e-03 1.64540000e-04 -7.72900000e-04 -1.67378000e-03 1.59316000e-03 -5.74400000e-04 1.37617000e-03 1.95355000e-03 1.15362000e-03 1.24101000e-03 1.51846000e-03 1.12336000e-03 4.56750000e-04 1.18506000e-03 7.66960000e-04 3.97230000e-04 8.44480000e-04 1.50220000e-03 -1.52788000e-03 3.49014300e-02 8.54490000e-04 -3.46631000e-03 3.32940000e-04 4.08582000e-03 2.44374000e-03 3.71748000e-03 -8.68430000e-04 -6.04060000e-04 8.77790000e-04 -1.09543000e-03 1.08021000e-03 8.73900000e-04 3.48880000e-04 7.36700000e-04 2.31107000e-03 1.05963000e-03 -1.06612000e-03 -3.42704000e-03 2.48810000e-04 1.06284000e-03 6.31200000e-05 -4.95510000e-04 -1.78209000e-03 -1.17248000e-03 1.25039000e-03 -2.09484000e-03 7.84150000e-04 8.90060000e-04 1.58470000e-04 -3.70240000e-04 -1.04740000e-04 1.65342000e-03 -1.34560000e-04 2.70861000e-03 -1.81963000e-03 -3.62909000e-03 3.37580000e-04 9.80150000e-04 -4.08200000e-04 -9.68540000e-04 -3.42710000e-04 3.12700000e-05 1.77565000e-03 -1.18596000e-03 1.08480000e-04 7.68110000e-04 -1.52770000e-04 4.07290000e-04 1.74967000e-03 2.35503000e-03
-4.95760000e-04 7.94480000e-04 3.63360000e-04 -1.47890000e-04 1.27565000e-03 3.68168000e-03 -4.79570000e-04 9.01040000e-04 4.65530000e-04 7.80000000e-06 3.25760000e-04 2.75698000e-03 7.75960000e-04 2.28626000e-03 3.09690000e-04 3.88600000e-04 -7.14170000e-04 1.03960000e-04 7.04490000e-04 -9.07830000e-04 2.97106000e-03 1.13470000e-04 1.41200000e-05 8.47190000e-04 1.39990000e-04 7.66340000e-04 -5.19300000e-05 1.34367000e-03 3.20800000e-05 -9.24790000e-04 -2.51010000e-04 -5.30150000e-04 3.20790000e-04 2.89020000e-04 1.88781000e-03 4.58570000e-04 -3.22480000e-04 -5.96210000e-04 9.98900000e-04 -1.85240000e-04 1.25456000e-03 1.68573000e-03 4.05790000e-04 6.42610000e-04 9.03100000e-05 6.00390000e-04 7.17810000e-04 9.20730000e-04 1.14750000e-04 2.48610000e-04 5.12710000e-04 9.63000000e-04 -2.46040000e-04 8.54490000e-04 3.81441200e-02 -1.44885000e-03 8.05500000e-05 1.72996000e-03 1.72910000e-03 2.63799000e-03 -1.11183000e-03 8.91600000e-05 3.75190000e-04 1.81110000e-04 9.03010000e-04 2.85780000e-04 5.54400000e-05 2.71600000e-04 1.92149000e-03 6.66500000e-05 -2.89080000e-04 -1.46966000e-03 5.34070000e-04 1.09802000e-03 5.40150000e-04 1.16583000e-03 -4.31110000e-04 -5.34560000e-04 3.82330000e-04 -6.71170000e-04 -1.40460000e-04 -2.52920000e-04 3.30810000e-04 3.86010000e-04 6.40450000e-04 5.27070000e-04 -6.02130000e-04 1.21822000e-03 -3.76260000e-04 -3.36400000e-04 1.45570000e-04 5.96000000e-04 1.67580000e-04 -1.00011000e-03 -1.25030000e-04 6.62400000e-05 1.42654000e-03 -2.91610000e-04 2.21760000e-04 6.04910000e-04 4.31620000e-04 2.40000000e-07 8.55510000e-04 3.98700000e-04
2.15600000e-05 4.57920000e-04 2.37427000e-03 -2.24233000e-03 -4.66951000e-03 -2.05008100e-02 3.78375000e-03 -1.36137000e-03 7.59010000e-04 1.07343000e-03 1.99350000e-04 -1.33190100e-02 1.07430000e-03 -1.08072200e-02 -6.41160000e-03 -5.08284000e-03 1.26400300e-02 4.05840000e-04 5.56150000e-04 1.01193800e-02 -1.36176400e-02 -2.72713000e-03 -1.39080000e-03 -2.27804000e-03 5.84734000e-03 -8.12220000e-04 3.91737000e-03 -3.87991000e-03 -3.05358000e-03 7.36031000e-03 5.84882000e-03 8.72626000e-03 1.70237000e-03 -6.36694000e-03 -8.67620000e-03 1.45592000e-03 2.65331000e-03 6.21494000e-03 -4.09393000e-03 2.04479000e-03 -3.12211000e-03 -5.49989000e-03 -4.14833000e-03 -4.95243000e-03 -5.08064000e-03 -3.31101000e-03 2.24600000e-04 -2.34208000e-03 -2.34279000e-03 -1.75235000e-03 -3.19584000e-03 -3.73601000e-03 3.47794000e-03 -3.46631000e-03 -1.44885000e-03 6.00851500e-02 -2.39939000e-03 -1.76619500e-02 -7.32409000e-03 -1.24425100e-02 4.45026000e-03 4.38298000e-03 -3.42052000e-03 4.00354000e-03 -1.92745000e-03 -3.00854000e-03 -2.53275000e-03 -2.19196000e-03 -7.14564000e-03 -3.58269000e-03 3.54916000e-03 1.49687400e-02 -6.69700000e-04 -2.84022000e-03 1.55540000e-03 7.96230000e-04 8.77972000e-03 4.31101000e-03 -4.34128000e-03 9.77611000e-03 -2.26007000e-03 -2.89971000e-03 1.31664000e-03 3.00305000e-03 2.36881000e-03 -8.39669000e-03 9.17900000e-04 -1.40196500e-02 4.37012000e-03 1.02497500e-02 -3.26033000e-03 -5.92957000e-03 -4.48360000e-04 1.65650000e-03 -7.08160000e-04 -1.76716000e-03 -8.70668000e-03 2.63628000e-03 -2.46690000e-03 -4.90519000e-03 -2.01440000e-03 -2.25850000e-03 -8.89594000e-03 -1.00435900e-02
1.70327000e-03 -3.73090000e-04 -6.99860000e-04 3.59270000e-04 5.72620000e-04 3.09342000e-03 -8.75380000e-04 1.85970000e-04 -6.38400000e-05 1.32629000e-03 4.18400000e-05 2.07197000e-03 -7.08460000e-04 1.68962000e-03 1.07582000e-03 7.07790000e-04 -2.12245000e-03 -2.97740000e-04 -1.35790000e-04 -1.72625000e-03 1.88036000e-03 1.89299000e-03 3.08450000e-04 1.26990000e-04 -1.13290000e-03 7.97100000e-05 3.02780000e-04 3.34670000e-04 3.93690000e-04 -1.16567000e-03 -1.19368000e-03 -1.50547000e-03 -5.16540000e-04 8.90730000e-04 1.15733000e-03 -3.60500000e-04 -4.30360000e-04 -1.27643000e-03 6.43780000e-04 -5.89570000e-04 3.09180000e-04 6.32420000e-04 4.87550000e-04 2.24750000e-04 8.31640000e-04 4.21040000e-04 -1.84460000e-04 1.17560000e-04 3.52120000e-04 1.45500000e-04 3.44500000e-04 5.31700000e-04 1.11061000e-03 3.32940000e-04 8.05500000e-05 -2.39939000e-03 2.30954100e-02 4.17999000e-03 1.04301000e-03 1.83069000e-03 -4.67810000e-04 -7.68500000e-04 4.23560000e-04 -7.70490000e-04 1.40050000e-04 4.30430000e-04 2.05577000e-03 2.23950000e-04 9.99550000e-04 5.57170000e-04 -4.27440000e-04 -2.44647000e-03 -8.32300000e-05 6.55430000e-04 -3.20720000e-04 -5.07340000e-04 -1.44486000e-03 -6.93080000e-04 5.50870000e-04 -1.63071000e-03 4.06480000e-04 6.14610000e-04 -1.47020000e-04 -5.85880000e-04 -7.15240000e-04 2.92460000e-03 5.96900000e-05 3.90648000e-03 9.16930000e-04 5.00100000e-05 2.30694000e-03 2.53719000e-03 1.79815000e-03 1.53881000e-03 1.80544000e-03 2.10393000e-03 2.77884000e-03 1.40186000e-03 1.95044000e-03 2.35777000e-03 1.98723000e-03 1.95584000e-03 2.98204000e-03 3.10677000e-03
1.35017000e-03 -7.91430000e-04 -2.60792000e-03 2.52575000e-03 5.50834000e-03 2.58798500e-02 -4.25826000e-03 1.46693000e-03 -1.08239000e-03 -1.11500000e-05 -2.47300000e-04 1.73325600e-02 -1.74800000e-03 1.36078300e-02 8.01107000e-03 6.27673000e-03 -1.50733500e-02 -1.46150000e-04 -8.36810000e-04 -1.20027800e-02 1.71871700e-02 4.56673000e-03 1.69018000e-03 2.47103000e-03 -7.05702000e-03 7.81640000e-04 -2.87136000e-03 4.55431000e-03 3.61312000e-03 -8.06706000e-03 -6.90094000e-03 -1.07428200e-02 -2.15496000e-03 7.86769000e-03 1.11397000e-02 -2.04471000e-03 -2.80999000e-03 -7.17295000e-03 4.87527000e-03 -2.13243000e-03 3.93938000e-03 6.87030000e-03 5.11748000e-03 6.32425000e-03 6.68675000e-03 4.12336000e-03 -3.58670000e-04 2.83870000e-03 2.99937000e-03 2.49734000e-03 4.17405000e-03 4.81947000e-03 -2.93296000e-03 4.08582000e-03 1.72996000e-03 -1.76619500e-02 4.17999000e-03 1.10710130e-01 8.97962000e-03 1.55881300e-02 -5.52018000e-03 -5.64995000e-03 4.40769000e-03 -5.24657000e-03 2.00486000e-03 3.68005000e-03 4.38022000e-03 2.86658000e-03 8.61212000e-03 4.28569000e-03 -3.96426000e-03 -1.79566400e-02 3.53120000e-04 3.70474000e-03 -2.06291000e-03 -1.11522000e-03 -1.03883600e-02 -4.46653000e-03 5.30960000e-03 -1.17054400e-02 2.75577000e-03 3.61849000e-03 -1.80856000e-03 -3.80423000e-03 -3.01181000e-03 1.18150800e-02 -1.28440000e-03 1.95618500e-02 -4.02015000e-03 -1.10238300e-02 5.56830000e-03 8.47076000e-03 1.81402000e-03 -1.73660000e-04 2.11057000e-03 3.53630000e-03 1.18901900e-02 -2.06273000e-03 4.08002000e-03 7.32440000e-03 3.83921000e-03 4.07449000e-03 1.31768600e-02 1.42169500e-02
-6.00100000e-04 8.47000000e-04 -5.93660000e-04 8.78510000e-04 3.65998000e-03 1.26431800e-02 -2.18601000e-03 1.64465000e-03 4.43320000e-04 -4.26460000e-04 3.32910000e-04 8.96086000e-03 7.00440000e-04 7.17325000e-03 3.09371000e-03 2.43991000e-03 -5.82619000e-03 -8.71000000e-06 7.46360000e-04 -4.71758000e-03 9.45330000e-03 1.23914000e-03 6.00440000e-04 2.07961000e-03 -2.15709000e-03 1.56689000e-03 -1.57136000e-03 3.32873000e-03 1.28347000e-03 -3.92581000e-03 -2.46102000e-03 -4.02254000e-03 -1.75640000e-04 3.10648000e-03 5.39919000e-03 1.73470000e-04 -1.54658000e-03 -3.29515000e-03 3.01005000e-03 -1.28468000e-03 2.51491000e-03 3.91064000e-03 2.19098000e-03 2.48603000e-03 2.58929000e-03 2.03725000e-03 7.63490000e-04 1.93640000e-03 1.22617000e-03 9.63600000e-04 1.83169000e-03 2.45924000e-03 -1.74354000e-03 2.44374000e-03 1.72910000e-03 -7.32409000e-03 1.04301000e-03 8.97962000e-03 4.56751600e-02 8.47684000e-03 -2.74767000e-03 -1.40383000e-03 1.79551000e-03 -1.56383000e-03 1.89673000e-03 1.56577000e-03 1.10582000e-03 1.12116000e-03 4.96166000e-03 1.59291000e-03 -1.73031000e-03 -7.42888000e-03 7.27570000e-04 2.57726000e-03 2.89210000e-04 7.60300000e-04 -3.96098000e-03 -2.26999000e-03 2.23554000e-03 -4.62815000e-03 8.79770000e-04 1.07732000e-03 -1.17250000e-04 -6.39130000e-04 -3.15000000e-06 4.00162000e-03 -9.83990000e-04 7.12216000e-03 -2.20634000e-03 -4.57869000e-03 1.49148000e-03 2.95982000e-03 2.87190000e-04 -1.77245000e-03 8.69600000e-05 7.83590000e-04 4.71720000e-03 -1.39910000e-03 1.19506000e-03 2.59690000e-03 1.25522000e-03 9.12090000e-04 4.62894000e-03 4.17126000e-03
-7.85240000e-04 9.93390000e-04 -8.86180000e-04 1.28119000e-03 5.54793000e-03 2.11021100e-02 -3.53135000e-03 2.38345000e-03 2.16180000e-04 -6.19240000e-04 3.08470000e-04 1.49242100e-02 5.75610000e-04 1.18944900e-02 5.09713000e-03 4.00695000e-03 -9.86272000e-03 5.79100000e-05 9.80560000e-04 -8.22991000e-03 1.56229200e-02 2.14016000e-03 9.15840000e-04 2.99649000e-03 -3.79395000e-03 2.03916000e-03 -2.43393000e-03 5.24716000e-03 2.15413000e-03 -6.38057000e-03 -4.35993000e-03 -7.11168000e-03 -6.26050000e-04 5.12056000e-03 9.00160000e-03 -1.12980000e-04 -2.53372000e-03 -5.21102000e-03 4.58429000e-03 -1.93097000e-03 4.09616000e-03 6.44385000e-03 3.54959000e-03 4.24974000e-03 4.40887000e-03 3.38347000e-03 9.85130000e-04 3.01551000e-03 1.83602000e-03 1.68301000e-03 3.10551000e-03 3.91363000e-03 -2.73030000e-03 3.71748000e-03 2.63799000e-03 -1.24425100e-02 1.83069000e-03 1.55881300e-02 8.47684000e-03 7.41179000e-02 -4.67136000e-03 -2.82381000e-03 3.01517000e-03 -2.55219000e-03 2.88296000e-03 2.52931000e-03 1.94147000e-03 1.87877000e-03 8.05721000e-03 2.53249000e-03 -2.87998000e-03 -1.26866000e-02 1.27315000e-03 4.10367000e-03 1.28710000e-04 1.37761000e-03 -6.83538000e-03 -3.65535000e-03 3.63270000e-03 -7.93023000e-03 1.30146000e-03 1.62837000e-03 -5.21840000e-04 -1.45431000e-03 -5.06910000e-04 6.97329000e-03 -1.74975000e-03 1.26208000e-02 -3.50011000e-03 -7.50520000e-03 2.80844000e-03 5.13527000e-03 6.66470000e-04 -2.50844000e-03 3.40310000e-04 1.51569000e-03 8.11122000e-03 -2.25326000e-03 2.10676000e-03 4.52078000e-03 2.29683000e-03 1.58100000e-03 8.32256000e-03 7.64349000e-03
6.42990000e-04 -4.20190000e-04 -8.06320000e-04 3.65030000e-04 -1.54745000e-03 -7.45565000e-03 8.17250000e-04 -8.00890000e-04 2.65190000e-04 -1.46800000e-04 7.63800000e-05 -5.55593000e-03 -3.01990000e-04 -4.08785000e-03 -9.81940000e-04 -6.62570000e-04 2.85512000e-03 -3.87310000e-04 -1.85970000e-04 3.13607000e-03 -5.29780000e-03 -8.82440000e-04 1.89300000e-05 -7.35640000e-04 9.00650000e-04 -3.63960000e-04 9.61710000e-04 -1.60113000e-03 -7.45100000e-05 2.15054000e-03 1.53717000e-03 2.63085000e-03 2.66890000e-04 -9.56320000e-04 -3.71758000e-03 3.23600000e-04 6.37180000e-04 1.69742000e-03 -1.22105000e-03 4.01580000e-04 -1.57932000e-03 -2.65779000e-03 -1.02670000e-03 -2.12210000e-03 -2.41960000e-04 -9.22960000e-04 -3.46780000e-04 -1.10274000e-03 -4.01670000e-04 -8.77610000e-04 -1.28671000e-03 -1.42557000e-03 2.82830000e-04 -8.68430000e-04 -1.11183000e-03 4.45026000e-03 -4.67810000e-04 -5.52018000e-03 -2.74767000e-03 -4.67136000e-03 2.93652000e-02 1.30241000e-03 -1.17010000e-03 3.95280000e-04 -6.17690000e-04 -6.29330000e-04 -4.98970000e-04 -3.41940000e-04 -3.14176000e-03 -3.50230000e-04 6.91740000e-04 4.65269000e-03 -5.58950000e-04 -1.49292000e-03 1.92440000e-04 -2.23799000e-03 2.29029000e-03 1.03485000e-03 -1.00491000e-03 2.72637000e-03 2.21330000e-04 3.24830000e-04 2.86740000e-04 3.76100000e-04 -7.25000000e-06 -2.29238000e-03 1.35834000e-03 -4.73771000e-03 5.30290000e-04 5.14100000e-04 -9.11710000e-04 -2.05344000e-03 -6.25260000e-04 1.24102000e-03 -2.17800000e-04 -4.80990000e-04 -3.70677000e-03 4.77330000e-04 -1.08830000e-03 -1.89090000e-03 -1.55175000e-03 -3.42560000e-04 -2.86478000e-03 -1.62377000e-03
-2.65080000e-04 7.62420000e-04 7.46010000e-04 -6.69320000e-04 -6.62380000e-04 -5.36102000e-03 7.95050000e-04 1.72670000e-04 7.60390000e-04 3.70010000e-04 3.36740000e-04 -3.38336000e-03 1.03266000e-03 -2.58054000e-03 -2.01430000e-03 -1.41989000e-03 3.99724000e-03 3.61100000e-05 7.03670000e-04 3.11634000e-03 -3.13360000e-03 -9.10790000e-04 -3.94450000e-04 -7.86100000e-05 2.14846000e-03 4.51200000e-04 1.16253000e-03 -4.39990000e-04 -9.22470000e-04 1.62756000e-03 1.88878000e-03 2.92889000e-03 9.10920000e-04 -2.01466000e-03 -2.30546000e-03 9.62110000e-04 5.96700000e-04 1.67575000e-03 -6.74340000e-04 4.64440000e-04 -4.11400000e-04 -1.08695000e-03 -1.17643000e-03 -1.69538000e-03 -1.61914000e-03 -7.68750000e-04 5.91150000e-04 -3.07930000e-04 -7.14090000e-04 -6.34300000e-04 -9.32560000e-04 -8.37200000e-04 9.95490000e-04 -6.04060000e-04 8.91600000e-05 4.38298000e-03 -7.68500000e-04 -5.64995000e-03 -1.40383000e-03 -2.82381000e-03 1.30241000e-03 2.18579200e-02 -1.11825000e-03 1.64151000e-03 9.07500000e-05 -8.35180000e-04 -8.19180000e-04 -5.36300000e-04 -1.41949000e-03 -1.09556000e-03 9.77770000e-04 4.48352000e-03 2.76530000e-04 -3.79710000e-04 1.00202000e-03 6.34990000e-04 2.82245000e-03 9.48060000e-04 -1.26317000e-03 3.06290000e-03 -7.69240000e-04 -1.02105000e-03 7.70490000e-04 1.41832000e-03 1.32047000e-03 -2.70798000e-03 1.87420000e-04 -4.64013000e-03 1.26580000e-03 3.12599000e-03 -1.12568000e-03 -1.74729000e-03 -1.09030000e-04 -1.40540000e-04 -2.96800000e-04 -6.02150000e-04 -2.41659000e-03 8.30250000e-04 -7.25210000e-04 -1.42828000e-03 -5.87670000e-04 -7.88080000e-04 -2.87565000e-03 -3.15219000e-03
-1.16710000e-04 -5.97100000e-05 -3.35460000e-04 5.44050000e-04 1.13236000e-03 5.04348000e-03 -6.62630000e-04 2.80970000e-04 -1.88070000e-04 -3.24370000e-04 -9.28400000e-05 3.34283000e-03 -1.29740000e-04 2.58057000e-03 1.57689000e-03 1.27501000e-03 -2.90028000e-03 1.41280000e-04 -1.60230000e-04 -2.27362000e-03 3.33168000e-03 6.14970000e-04 3.52180000e-04 5.62150000e-04 -1.32277000e-03 1.62730000e-04 -4.16130000e-04 9.60750000e-04 7.31980000e-04 -1.49301000e-03 -1.23388000e-03 -2.04758000e-03 -3.25270000e-04 1.58724000e-03 2.29636000e-03 -3.46530000e-04 -4.24810000e-04 -1.26991000e-03 9.34620000e-04 -2.72060000e-04 8.05370000e-04 1.39625000e-03 1.13298000e-03 1.58308000e-03 1.24405000e-03 8.46740000e-04 -4.67700000e-05 6.41310000e-04 7.11260000e-04 6.46330000e-04 9.62360000e-04 9.98510000e-04 -9.36440000e-04 8.77790000e-04 3.75190000e-04 -3.42052000e-03 4.23560000e-04 4.40769000e-03 1.79551000e-03 3.01517000e-03 -1.17010000e-03 -1.11825000e-03 1.93147600e-02 -1.04857000e-03 3.75170000e-04 7.87050000e-04 4.55070000e-04 6.30290000e-04 1.69322000e-03 9.11470000e-04 -7.33530000e-04 -3.47054000e-03 7.90600000e-05 6.21750000e-04 -3.77750000e-04 -1.34300000e-05 -1.99966000e-03 -7.75500000e-04 1.14220000e-03 -2.25973000e-03 6.09270000e-04 7.10190000e-04 -3.54990000e-04 -7.04420000e-04 -4.38520000e-04 1.93743000e-03 -2.84790000e-04 3.41913000e-03 -1.13781000e-03 -2.45627000e-03 6.37570000e-04 1.30297000e-03 -5.04700000e-05 -4.28100000e-04 1.35500000e-05 2.32850000e-04 2.06743000e-03 -8.45080000e-04 4.82460000e-04 1.08012000e-03 3.93280000e-04 4.57530000e-04 2.16662000e-03 2.33473000e-03
-3.42870000e-04 7.70420000e-04 1.77953000e-03 -1.27598000e-03 -1.02504000e-03 -4.88552000e-03 1.03885000e-03 7.05400000e-05 3.57030000e-04 9.62060000e-04 -5.82400000e-05 -2.87622000e-03 1.01055000e-03 -2.36649000e-03 -2.63483000e-03 -1.94163000e-03 4.32442000e-03 4.80320000e-04 6.82010000e-04 2.62206000e-03 -2.60727000e-03 -7.33640000e-04 -6.04210000e-04 -4.43460000e-04 2.40545000e-03 1.01710000e-04 1.65235000e-03 -4.05750000e-04 -1.35408000e-03 1.45122000e-03 1.61350000e-03 2.56074000e-03 7.10660000e-04 -2.67845000e-03 -1.99909000e-03 7.42760000e-04 7.88970000e-04 2.15821000e-03 -1.14474000e-03 7.39330000e-04 -2.43340000e-04 -7.22530000e-04 -1.28953000e-03 -1.34631000e-03 -2.35704000e-03 -7.13740000e-04 5.36820000e-04 -4.19900000e-04 -9.71200000e-04 -3.49920000e-04 -6.63810000e-04 -1.04774000e-03 1.87486000e-03 -1.09543000e-03 1.81110000e-04 4.00354000e-03 -7.70490000e-04 -5.24657000e-03 -1.56383000e-03 -2.55219000e-03 3.95280000e-04 1.64151000e-03 -1.04857000e-03 1.80573100e-02 -9.25200000e-05 -9.60490000e-04 -8.72140000e-04 -6.32170000e-04 -1.08331000e-03 -1.56993000e-03 1.30654000e-03 3.99364000e-03 8.92560000e-04 -3.15600000e-04 8.94780000e-04 2.53521000e-03 2.69405000e-03 1.12995000e-03 -1.43112000e-03 2.84266000e-03 -1.37717000e-03 -1.81532000e-03 4.89310000e-04 1.40803000e-03 1.35595000e-03 -2.56858000e-03 -4.39810000e-04 -3.75585000e-03 2.17707000e-03 5.15408000e-03 -7.51450000e-04 -1.13362000e-03 6.18190000e-04 -1.85320000e-04 7.43300000e-05 -2.71420000e-04 -1.31325000e-03 1.36197000e-03 -1.29400000e-04 -7.95250000e-04 4.52750000e-04 -8.83150000e-04 -2.31841000e-03 -3.30097000e-03
-3.95900000e-04 7.06950000e-04 -1.50620000e-04 2.58360000e-04 1.48820000e-03 3.95659000e-03 -7.88600000e-04 8.65110000e-04 4.75340000e-04 -2.79120000e-04 3.40700000e-04 2.78151000e-03 6.75190000e-04 2.43663000e-03 7.55600000e-04 7.63240000e-04 -1.32880000e-03 -9.61000000e-05 7.16040000e-04 -1.13401000e-03 3.19375000e-03 8.88800000e-05 1.57760000e-04 1.01896000e-03 -2.12790000e-04 8.75490000e-04 -3.60480000e-04 1.48851000e-03 4.40700000e-04 -1.24173000e-03 -4.50220000e-04 -7.44520000e-04 2.98270000e-04 7.48830000e-04 1.73900000e-03 5.17830000e-04 -5.50720000e-04 -8.65960000e-04 1.21389000e-03 -3.64270000e-04 1.21353000e-03 1.58115000e-03 5.68990000e-04 5.07790000e-04 7.09720000e-04 8.33840000e-04 6.43690000e-04 9.23680000e-04 2.76640000e-04 1.58210000e-04 4.90400000e-04 9.28680000e-04 -6.82410000e-04 1.08021000e-03 9.03010000e-04 -1.92745000e-03 1.40050000e-04 2.00486000e-03 1.89673000e-03 2.88296000e-03 -6.17690000e-04 9.07500000e-05 3.75170000e-04 -9.25200000e-05 3.79576900e-02 4.54540000e-04 1.35830000e-04 4.00580000e-04 1.85418000e-03 3.62600000e-04 -5.63970000e-04 -1.82773000e-03 5.40590000e-04 1.03976000e-03 5.42900000e-04 4.19580000e-04 -7.82640000e-04 -7.90100000e-04 5.88120000e-04 -9.92820000e-04 1.56110000e-04 1.40980000e-04 3.02550000e-04 1.97550000e-04 4.34530000e-04 7.54610000e-04 -3.06620000e-04 1.37154000e-03 -8.36860000e-04 -1.51517000e-03 1.81460000e-04 5.85740000e-04 -5.82100000e-05 -9.34610000e-04 -1.91040000e-04 5.66900000e-05 1.18747000e-03 -5.20340000e-04 1.15980000e-04 5.20800000e-04 1.06900000e-04 7.35800000e-05 9.62580000e-04 9.57870000e-04
-5.34500000e-05 -4.49800000e-05 -6.62080000e-04 7.91720000e-04 1.09679000e-03 4.19649000e-03 -6.72580000e-04 2.70210000e-04 -7.69300000e-05 -4.18870000e-04 -2.29000000e-05 2.59050000e-03 -1.16990000e-04 2.15298000e-03 1.63813000e-03 1.35958000e-03 -2.70002000e-03 -6.85400000e-05 -1.76060000e-04 -1.95847000e-03 2.73194000e-03 4.28780000e-04 4.68460000e-04 5.85940000e-04 -1.26749000e-03 2.46390000e-04 -5.90930000e-04 7.95730000e-04 8.59620000e-04 -1.29798000e-03 -1.10738000e-03 -1.65418000e-03 -2.98050000e-04 1.63617000e-03 1.75483000e-03 -2.83540000e-04 -4.40140000e-04 -1.15887000e-03 9.28690000e-04 -2.87780000e-04 6.80220000e-04 1.12673000e-03 1.07320000e-03 1.13629000e-03 1.40920000e-03 9.14500000e-04 -1.98900000e-05 5.36530000e-04 6.88320000e-04 4.24720000e-04 7.42660000e-04 8.58450000e-04 -1.00859000e-03 8.73900000e-04 2.85780000e-04 -3.00854000e-03 4.30430000e-04 3.68005000e-03 1.56577000e-03 2.52931000e-03 -6.29330000e-04 -8.35180000e-04 7.87050000e-04 -9.60490000e-04 4.54540000e-04 2.99350100e-02 4.45820000e-04 6.61890000e-04 1.37830000e-03 9.09930000e-04 -7.24650000e-04 -2.92877000e-03 4.90600000e-05 4.64830000e-04 -3.62260000e-04 -5.51670000e-04 -1.72680000e-03 -7.19480000e-04 1.05948000e-03 -1.93517000e-03 7.32350000e-04 9.33300000e-04 -2.96400000e-04 -6.36410000e-04 -4.19420000e-04 1.69112000e-03 2.69700000e-05 2.73029000e-03 -1.19692000e-03 -2.73403000e-03 5.51870000e-04 1.07854000e-03 -1.48140000e-04 -3.67280000e-04 -1.21000000e-06 2.22860000e-04 1.54105000e-03 -7.83700000e-04 2.79960000e-04 8.36820000e-04 1.18290000e-04 4.04580000e-04 1.71360000e-03 2.21448000e-03
1.69191000e-03 -4.19260000e-04 -7.70390000e-04 3.82440000e-04 5.97760000e-04 3.27612000e-03 -9.34800000e-04 1.75670000e-04 -1.09460000e-04 1.27421000e-03 6.11700000e-05 2.22761000e-03 -7.72870000e-04 1.79157000e-03 1.16894000e-03 7.54980000e-04 -2.26312000e-03 -3.27440000e-04 -1.77370000e-04 -1.80368000e-03 1.99219000e-03 1.93342000e-03 3.12450000e-04 1.34190000e-04 -1.21121000e-03 7.44100000e-05 2.43610000e-04 3.40310000e-04 4.43340000e-04 -1.26109000e-03 -1.24103000e-03 -1.62213000e-03 -5.27110000e-04 9.99050000e-04 1.21362000e-03 -4.06960000e-04 -4.90410000e-04 -1.39480000e-03 6.94260000e-04 -6.20040000e-04 2.90270000e-04 6.35990000e-04 5.21430000e-04 2.58670000e-04 9.45030000e-04 4.02930000e-04 -2.15540000e-04 1.24450000e-04 3.66190000e-04 1.53310000e-04 3.64460000e-04 5.53340000e-04 1.01330000e-03 3.48880000e-04 5.54400000e-05 -2.53275000e-03 2.05577000e-03 4.38022000e-03 1.10582000e-03 1.94147000e-03 -4.98970000e-04 -8.19180000e-04 4.55070000e-04 -8.72140000e-04 1.35830000e-04 4.45820000e-04 7.68989100e-02 2.29290000e-04 1.02072000e-03 6.02840000e-04 -4.98360000e-04 -2.59346000e-03 -1.19510000e-04 6.83850000e-04 -3.64520000e-04 -6.47620000e-04 -1.56109000e-03 -7.55120000e-04 5.97770000e-04 -1.73436000e-03 4.42880000e-04 6.75630000e-04 -1.71310000e-04 -6.40110000e-04 -7.88100000e-04 3.04580000e-03 7.79700000e-05 4.09677000e-03 8.27130000e-04 -1.74070000e-04 2.32007000e-03 2.55513000e-03 1.73477000e-03 1.54065000e-03 1.79524000e-03 2.08165000e-03 2.76144000e-03 1.33618000e-03 1.94220000e-03 2.36371000e-03 1.94190000e-03 1.96822000e-03 3.10503000e-03 3.25431000e-03
-6.85200000e-05 7.75500000e-05 -4.80900000e-04 5.98260000e-04 8.64590000e-04 3.15802000e-03 -3.93090000e-04 1.94860000e-04 5.72000000e-06 -2.95290000e-04 -3.49100000e-05 1.83312000e-03 5.72100000e-05 1.52570000e-03 1.21573000e-03 1.28501000e-03 -1.86887000e-03 9.54300000e-05 -1.63570000e-04 -1.37199000e-03 2.03144000e-03 2.63570000e-04 3.75600000e-04 5.13580000e-04 -8.33860000e-04 2.04540000e-04 -1.22190000e-04 6.69480000e-04 6.90050000e-04 -1.06091000e-03 -7.42480000e-04 -1.10945000e-03 -1.31150000e-04 1.21236000e-03 1.43288000e-03 -1.91810000e-04 -1.16340000e-04 -5.59950000e-04 6.76470000e-04 9.46400000e-05 6.77060000e-04 9.73980000e-04 9.23040000e-04 1.06163000e-03 1.07286000e-03 7.25270000e-04 7.05600000e-05 4.71550000e-04 5.62550000e-04 4.03290000e-04 6.61030000e-04 7.72260000e-04 -8.49610000e-04 7.36700000e-04 2.71600000e-04 -2.19196000e-03 2.23950000e-04 2.86658000e-03 1.12116000e-03 1.87877000e-03 -3.41940000e-04 -5.36300000e-04 6.30290000e-04 -6.32170000e-04 4.00580000e-04 6.61890000e-04 2.29290000e-04 2.19863900e-02 1.05230000e-03 7.59800000e-04 -4.85900000e-04 -2.08279000e-03 1.75950000e-04 2.09990000e-04 -2.98860000e-04 -4.26620000e-04 -1.16488000e-03 -4.74170000e-04 8.76080000e-04 -1.35550000e-03 5.60570000e-04 6.84330000e-04 -2.72080000e-04 -4.13020000e-04 -1.92750000e-04 1.19541000e-03 -1.64200000e-05 1.92566000e-03 -9.60300000e-04 -2.24106000e-03 3.06640000e-04 7.53670000e-04 -2.27430000e-04 -3.26090000e-04 -8.42500000e-05 1.15100000e-05 1.25553000e-03 -7.53180000e-04 1.14440000e-04 5.74890000e-04 -5.84500000e-05 2.52880000e-04 1.40189000e-03 2.27137000e-03
-6.35190000e-04 8.86880000e-04 -2.18110000e-04 4.65950000e-04 3.32029000e-03 1.23173100e-02 -1.99276000e-03 1.70011000e-03 3.35260000e-04 -2.29150000e-04 3.62720000e-04 8.63641000e-03 6.15950000e-04 7.00917000e-03 2.59141000e-03 2.16807000e-03 -5.30203000e-03 3.32900000e-05 7.83200000e-04 -4.71640000e-03 8.99660000e-03 1.17392000e-03 4.39580000e-04 1.87005000e-03 -1.82318000e-03 1.30991000e-03 -1.32727000e-03 3.17795000e-03 1.04658000e-03 -3.77677000e-03 -2.36454000e-03 -3.80337000e-03 -1.69150000e-04 2.56476000e-03 5.63287000e-03 9.74800000e-05 -1.41340000e-03 -2.98156000e-03 2.74705000e-03 -1.04097000e-03 2.78074000e-03 4.21698000e-03 1.93003000e-03 2.51239000e-03 1.90052000e-03 1.93553000e-03 8.92620000e-04 2.04452000e-03 9.17690000e-04 9.55940000e-04 1.80744000e-03 2.57101000e-03 -1.38143000e-03 2.31107000e-03 1.92149000e-03 -7.14564000e-03 9.99550000e-04 8.61212000e-03 4.96166000e-03 8.05721000e-03 -3.14176000e-03 -1.41949000e-03 1.69322000e-03 -1.08331000e-03 1.85418000e-03 1.37830000e-03 1.02072000e-03 1.05230000e-03 6.92436500e-02 1.26905000e-03 -1.59863000e-03 -7.21428000e-03 1.00671000e-03 2.59285000e-03 2.15470000e-04 1.47542000e-03 -3.62480000e-03 -2.18697000e-03 1.98208000e-03 -4.31258000e-03 5.13900000e-04 5.77990000e-04 -9.33000000e-06 -5.16370000e-04 1.53600000e-05 3.72084000e-03 -1.22727000e-03 6.79183000e-03 -1.86175000e-03 -3.69623000e-03 1.46868000e-03 2.97121000e-03 5.26050000e-04 -1.85227000e-03 1.66560000e-04 8.29840000e-04 5.05090000e-03 -1.17156000e-03 1.26787000e-03 2.65128000e-03 1.48028000e-03 8.46050000e-04 4.46244000e-03 4.04053000e-03
1.51010000e-04 -3.29240000e-04 -1.24227000e-03 1.06473000e-03 1.13445000e-03 4.43999000e-03 -9.42290000e-04 1.50150000e-04 -1.05400000e-04 -6.51890000e-04 4.06000000e-06 2.55110000e-03 -4.43970000e-04 2.17953000e-03 2.09169000e-03 1.75720000e-03 -3.50249000e-03 -2.51670000e-04 -3.86670000e-04 -2.26360000e-03 2.63969000e-03 5.71080000e-04 5.57590000e-04 5.91490000e-04 -1.82261000e-03 1.62210000e-04 -9.17140000e-04 6.97160000e-04 1.17793000e-03 -1.65368000e-03 -1.37647000e-03 -2.03223000e-03 -4.30470000e-04 2.11460000e-03 1.82175000e-03 -4.26930000e-04 -6.21470000e-04 -1.63092000e-03 1.04085000e-03 -5.10040000e-04 4.95880000e-04 9.18190000e-04 1.22963000e-03 1.19315000e-03 1.83506000e-03 8.24300000e-04 -2.18750000e-04 4.98620000e-04 8.70520000e-04 3.81790000e-04 7.22310000e-04 9.51830000e-04 -1.44717000e-03 1.05963000e-03 6.66500000e-05 -3.58269000e-03 5.57170000e-04 4.28569000e-03 1.59291000e-03 2.53249000e-03 -3.50230000e-04 -1.09556000e-03 9.11470000e-04 -1.56993000e-03 3.62600000e-04 9.09930000e-04 6.02840000e-04 7.59800000e-04 1.26905000e-03 4.17862400e-02 -1.02763000e-03 -3.49330000e-03 -1.73660000e-04 3.27940000e-04 -5.71080000e-04 -1.47028000e-03 -2.20831000e-03 -1.05436000e-03 1.30636000e-03 -2.41237000e-03 1.09337000e-03 1.35791000e-03 -3.37220000e-04 -9.57220000e-04 -8.26850000e-04 2.05151000e-03 2.64950000e-04 3.04109000e-03 -1.67738000e-03 -3.96060000e-03 6.00580000e-04 1.13791000e-03 -3.81090000e-04 -1.81380000e-04 -4.35300000e-05 2.08900000e-04 1.48835000e-03 -1.05410000e-03 2.58720000e-04 8.24860000e-04 -1.78910000e-04 6.42870000e-04 1.93934000e-03 2.98136000e-03
1.27390000e-04 2.27390000e-04 1.13007000e-03 -7.75710000e-04 -1.18710000e-03 -4.80701000e-03 1.13519000e-03 -3.62670000e-04 1.49370000e-04 7.88330000e-04 -1.48540000e-04 -2.98172000e-03 4.29420000e-04 -2.59905000e-03 -1.85639000e-03 -1.41538000e-03 3.33457000e-03 4.89630000e-04 1.68970000e-04 2.30131000e-03 -3.07261000e-03 -3.65220000e-04 -3.71460000e-04 -6.12780000e-04 1.63166000e-03 -2.40060000e-04 1.63335000e-03 -8.62700000e-04 -1.03768000e-03 1.75771000e-03 1.33253000e-03 2.01576000e-03 3.62630000e-04 -1.91443000e-03 -1.97352000e-03 3.40890000e-04 9.77870000e-04 1.87530000e-03 -1.14836000e-03 7.72770000e-04 -6.93920000e-04 -1.17700000e-03 -9.50610000e-04 -8.46010000e-04 -1.67340000e-03 -7.84850000e-04 4.67800000e-05 -6.35060000e-04 -5.34590000e-04 -1.83500000e-04 -5.64310000e-04 -9.70290000e-04 1.50292000e-03 -1.06612000e-03 -2.89080000e-04 3.54916000e-03 -4.27440000e-04 -3.96426000e-03 -1.73031000e-03 -2.87998000e-03 6.91740000e-04 9.77770000e-04 -7.33530000e-04 1.30654000e-03 -5.63970000e-04 -7.24650000e-04 -4.98360000e-04 -4.85900000e-04 -1.59863000e-03 -1.02763000e-03 2.67505000e-02 3.50943000e-03 1.59900000e-05 -6.66430000e-04 4.14710000e-04 1.19917000e-03 2.12385000e-03 1.26705000e-03 -1.06643000e-03 2.31614000e-03 -7.82430000e-04 -1.03778000e-03 1.77900000e-04 8.25340000e-04 7.71690000e-04 -1.85234000e-03 -9.06100000e-05 -2.91472000e-03 1.74397000e-03 3.81247000e-03 -4.97480000e-04 -9.74760000e-04 4.23130000e-04 5.33690000e-04 1.70660000e-04 -1.46140000e-04 -1.33519000e-03 1.05869000e-03 -1.13410000e-04 -7.03000000e-04 2.19610000e-04 -4.23510000e-04 -1.78577000e-03 -2.47527000e-03
-4.08600000e-05 4.96750000e-04 2.10740000e-03 -2.05431000e-03 -4.62836000e-03 -2.08781900e-02 3.80247000e-03 -1.34343000e-03 8.29940000e-04 9.60970000e-04 2.41960000e-04 -1.37482000e-02 1.14673000e-03 -1.10331900e-02 -6.32479000e-03 -4.89987000e-03 1.25945300e-02 3.21580000e-04 5.26150000e-04 1.00617900e-02 -1.39768000e-02 -2.84364000e-03 -1.28883000e-03 -2.16164000e-03 5.84130000e-03 -7.64080000e-04 3.82781000e-03 -3.92307000e-03 -2.99650000e-03 7.24909000e-03 5.80686000e-03 8.82353000e-03 1.70045000e-03 -6.30260000e-03 -8.89233000e-03 1.47851000e-03 2.69905000e-03 6.24828000e-03 -4.02493000e-03 2.12924000e-03 -3.12663000e-03 -5.56358000e-03 -4.07795000e-03 -4.95303000e-03 -5.07145000e-03 -3.25954000e-03 2.46930000e-04 -2.37052000e-03 -2.34345000e-03 -1.83101000e-03 -3.24512000e-03 -3.74758000e-03 3.30492000e-03 -3.42704000e-03 -1.46966000e-03 1.49687400e-02 -2.44647000e-03 -1.79566400e-02 -7.42888000e-03 -1.26866000e-02 4.65269000e-03 4.48352000e-03 -3.47054000e-03 3.99364000e-03 -1.82773000e-03 -2.92877000e-03 -2.59346000e-03 -2.08279000e-03 -7.21428000e-03 -3.49330000e-03 3.50943000e-03 3.45336100e-02 -6.72860000e-04 -2.97074000e-03 1.51888000e-03 4.70510000e-04 8.76067000e-03 4.23671000e-03 -4.32782000e-03 9.81109000e-03 -2.18884000e-03 -2.75244000e-03 1.32542000e-03 3.03673000e-03 2.39465000e-03 -8.53741000e-03 1.10370000e-03 -1.44972200e-02 4.20071000e-03 9.82959000e-03 -3.43549000e-03 -6.04599000e-03 -6.03950000e-04 1.49892000e-03 -7.88720000e-04 -1.91028000e-03 -8.82596000e-03 2.50794000e-03 -2.61412000e-03 -5.05622000e-03 -2.26958000e-03 -2.34663000e-03 -9.20584000e-03 -9.92404000e-03
-2.82640000e-04 5.14200000e-04 6.41590000e-04 -3.19100000e-04 4.99190000e-04 1.54665000e-03 -2.52830000e-04 4.65840000e-04 1.99940000e-04 3.46690000e-04 -2.47000000e-05 1.14214000e-03 5.29350000e-04 9.82750000e-04 -3.06470000e-04 -3.95200000e-05 8.69000000e-05 2.49360000e-04 4.60440000e-04 -3.95570000e-04 1.52742000e-03 4.87400000e-05 -9.14900000e-05 3.22750000e-04 3.39100000e-04 3.71720000e-04 3.79090000e-04 7.92140000e-04 -7.57200000e-05 -8.59220000e-04 -1.29620000e-04 -1.42460000e-04 2.55910000e-04 -3.26190000e-04 7.47230000e-04 3.12760000e-04 -1.20680000e-04 9.08900000e-05 2.22950000e-04 2.56400000e-05 6.93980000e-04 8.88200000e-04 1.06950000e-04 1.70890000e-04 -3.43620000e-04 3.31800000e-04 4.32210000e-04 3.91290000e-04 -7.55700000e-05 1.87620000e-04 3.41510000e-04 2.46200000e-04 3.30040000e-04 2.48810000e-04 5.34070000e-04 -6.69700000e-04 -8.32300000e-05 3.53120000e-04 7.27570000e-04 1.27315000e-03 -5.58950000e-04 2.76530000e-04 7.90600000e-05 8.92560000e-04 5.40590000e-04 4.90600000e-05 -1.19510000e-04 1.75950000e-04 1.00671000e-03 -1.73660000e-04 1.59900000e-05 -6.72860000e-04 1.42131600e-02 4.91900000e-04 3.70600000e-04 1.55107000e-03 -9.59100000e-05 -3.00780000e-04 1.00270000e-04 -2.47450000e-04 -3.44420000e-04 -5.66000000e-04 1.70570000e-04 3.48230000e-04 4.47640000e-04 5.58200000e-05 -4.65240000e-04 4.88720000e-04 3.37600000e-04 9.04250000e-04 1.29600000e-04 4.90710000e-04 4.04890000e-04 -6.21660000e-04 9.39200000e-05 1.12330000e-04 1.01731000e-03 2.15150000e-04 4.08460000e-04 4.88950000e-04 6.26370000e-04 -1.07880000e-04 4.38570000e-04 3.37050000e-04
-1.99610000e-04 5.59420000e-04 1.66300000e-05 -2.17700000e-05 1.67347000e-03 5.92794000e-03 -1.03735000e-03 1.05639000e-03 3.47190000e-04 2.00650000e-04 3.91680000e-04 4.53864000e-03 3.30490000e-04 3.67541000e-03 9.72000000e-04 6.20960000e-04 -2.01260000e-03 -5.99500000e-05 7.23410000e-04 -1.87754000e-03 4.65024000e-03 6.70740000e-04 8.66400000e-05 9.33160000e-04 -5.33340000e-04 8.56130000e-04 -2.79150000e-04 1.67099000e-03 2.60310000e-04 -1.57589000e-03 -8.76470000e-04 -1.57524000e-03 5.46600000e-05 9.56400000e-04 2.59948000e-03 2.78960000e-04 -8.40340000e-04 -1.47606000e-03 1.45232000e-03 -7.31690000e-04 1.37404000e-03 2.05912000e-03 6.21970000e-04 7.08340000e-04 8.01110000e-04 7.94900000e-04 6.11390000e-04 1.02507000e-03 2.02850000e-04 3.01690000e-04 6.99350000e-04 1.16868000e-03 -2.39950000e-04 1.06284000e-03 1.09802000e-03 -2.84022000e-03 6.55430000e-04 3.70474000e-03 2.57726000e-03 4.10367000e-03 -1.49292000e-03 -3.79710000e-04 6.21750000e-04 -3.15600000e-04 1.03976000e-03 4.64830000e-04 6.83850000e-04 2.09990000e-04 2.59285000e-03 3.27940000e-04 -6.66430000e-04 -2.97074000e-03 4.91900000e-04 3.32125200e-02 4.65490000e-04 9.13690000e-04 -1.40112000e-03 -1.01879000e-03 6.83620000e-04 -1.68364000e-03 2.91100000e-05 5.80000000e-05 2.60900000e-04 3.15400000e-05 1.77650000e-04 1.72584000e-03 -6.36350000e-04 3.18643000e-03 -4.52830000e-04 -9.52150000e-04 9.06510000e-04 1.44837000e-03 5.72300000e-04 -7.79730000e-04 2.85970000e-04 6.77550000e-04 2.30748000e-03 -1.23160000e-04 7.65190000e-04 1.39256000e-03 1.01795000e-03 5.22290000e-04 2.18391000e-03 1.43225000e-03
-2.88940000e-04 8.05480000e-04 7.14320000e-04 -4.82720000e-04 3.49090000e-04 -7.69270000e-04 7.84400000e-05 5.15720000e-04 6.45000000e-04 2.57150000e-04 2.61090000e-04 -8.04200000e-05 9.83660000e-04 -3.41300000e-05 -9.86340000e-04 -7.42120000e-04 1.68609000e-03 1.67570000e-04 9.44170000e-04 1.13977000e-03 2.50010000e-04 -3.24190000e-04 -2.66450000e-04 4.12420000e-04 1.19054000e-03 6.73650000e-04 7.18530000e-04 6.78980000e-04 -5.48000000e-04 3.96550000e-04 8.12370000e-04 1.11089000e-03 6.17240000e-04 -9.96620000e-04 -3.27290000e-04 9.13510000e-04 1.17190000e-04 5.81880000e-04 1.63480000e-04 7.17000000e-06 3.20530000e-04 1.84460000e-04 -4.77000000e-04 -5.90840000e-04 -7.69860000e-04 -1.42810000e-04 6.09460000e-04 2.44220000e-04 -2.98790000e-04 -1.74550000e-04 -2.33610000e-04 -1.12380000e-04 5.38260000e-04 6.31200000e-05 5.40150000e-04 1.55540000e-03 -3.20720000e-04 -2.06291000e-03 2.89210000e-04 1.28710000e-04 1.92440000e-04 1.00202000e-03 -3.77750000e-04 8.94780000e-04 5.42900000e-04 -3.62260000e-04 -3.64520000e-04 -2.98860000e-04 2.15470000e-04 -5.71080000e-04 4.14710000e-04 1.51888000e-03 3.70600000e-04 4.65490000e-04 3.76519000e-02 1.19047000e-03 1.13685000e-03 2.05670000e-04 -4.99560000e-04 1.14086000e-03 -5.23970000e-04 -7.78960000e-04 5.59300000e-04 9.24780000e-04 1.05506000e-03 -1.10605000e-03 -3.14710000e-04 -1.59972000e-03 6.00050000e-04 1.72191000e-03 -3.96640000e-04 -5.72400000e-04 1.64940000e-04 -4.15440000e-04 -1.56860000e-04 -1.56670000e-04 -5.27340000e-04 3.75970000e-04 -1.22440000e-04 -3.60130000e-04 7.88600000e-05 -3.54410000e-04 -9.52580000e-04 -1.81562000e-03
-8.12200000e-04 1.37769000e-03 3.22113000e-03 -1.83635000e-03 2.48610000e-04 1.08414000e-03 5.96580000e-04 6.89330000e-04 2.72800000e-04 1.42697000e-03 -3.57410000e-04 1.75843000e-03 1.69072000e-03 8.60510000e-04 -2.35425000e-03 -1.77421000e-03 2.55483000e-03 1.34163000e-03 1.21339000e-03 3.06930000e-04 2.00616000e-03 9.38000000e-05 -7.51090000e-04 1.92430000e-04 2.06421000e-03 4.73960000e-04 1.71950000e-03 1.27021000e-03 -1.60085000e-03 -1.05290000e-04 5.36660000e-04 5.58200000e-04 6.34650000e-04 -2.46135000e-03 1.05761000e-03 8.55070000e-04 6.86890000e-04 1.39209000e-03 -3.42810000e-04 6.43040000e-04 1.08293000e-03 1.49315000e-03 -5.05400000e-04 7.02160000e-04 -2.66970000e-03 6.31000000e-06 8.59630000e-04 4.77240000e-04 -5.14770000e-04 6.55940000e-04 5.72650000e-04 -4.53000000e-05 2.20466000e-03 -4.95510000e-04 1.16583000e-03 7.96230000e-04 -5.07340000e-04 -1.11522000e-03 7.60300000e-04 1.37761000e-03 -2.23799000e-03 6.34990000e-04 -1.34300000e-05 2.53521000e-03 4.19580000e-04 -5.51670000e-04 -6.47620000e-04 -4.26620000e-04 1.47542000e-03 -1.47028000e-03 1.19917000e-03 4.70510000e-04 1.55107000e-03 9.13690000e-04 1.19047000e-03 3.54087100e-02 1.05859000e-03 6.03990000e-04 -6.59920000e-04 7.78390000e-04 -1.77713000e-03 -2.57677000e-03 2.61250000e-04 1.32544000e-03 1.79413000e-03 -9.94810000e-04 -1.94380000e-03 3.20800000e-05 2.31370000e-03 6.13127000e-03 1.43100000e-05 5.92370000e-04 1.48194000e-03 -1.07464000e-03 3.27390000e-04 1.97950000e-04 2.03999000e-03 1.22358000e-03 1.07695000e-03 8.98910000e-04 2.20185000e-03 -6.21750000e-04 -2.72200000e-05 -2.78080000e-03
-1.83860000e-04 6.76530000e-04 1.62146000e-03 -1.44399000e-03 -2.39855000e-03 -1.14046500e-02 2.18525000e-03 -4.60240000e-04 6.96380000e-04 7.24630000e-04 2.56260000e-04 -7.40797000e-03 1.06224000e-03 -5.92717000e-03 -3.92729000e-03 -2.93324000e-03 7.65542000e-03 2.92880000e-04 6.15170000e-04 5.88601000e-03 -7.48657000e-03 -1.67298000e-03 -8.43810000e-04 -1.04280000e-03 3.77051000e-03 -2.04030000e-04 2.40166000e-03 -1.90347000e-03 -1.88759000e-03 4.16630000e-03 3.52918000e-03 5.33153000e-03 1.20741000e-03 -3.92794000e-03 -4.59469000e-03 1.09357000e-03 1.61596000e-03 3.73225000e-03 -2.15745000e-03 1.32272000e-03 -1.30200000e-03 -2.62224000e-03 -2.40046000e-03 -2.76973000e-03 -3.28545000e-03 -1.73993000e-03 4.91180000e-04 -1.04214000e-03 -1.42477000e-03 -9.96680000e-04 -1.77357000e-03 -1.86612000e-03 2.12674000e-03 -1.78209000e-03 -4.31110000e-04 8.77972000e-03 -1.44486000e-03 -1.03883600e-02 -3.96098000e-03 -6.83538000e-03 2.29029000e-03 2.82245000e-03 -1.99966000e-03 2.69405000e-03 -7.82640000e-04 -1.72680000e-03 -1.56109000e-03 -1.16488000e-03 -3.62480000e-03 -2.20831000e-03 2.12385000e-03 8.76067000e-03 -9.59100000e-05 -1.40112000e-03 1.13685000e-03 1.05859000e-03 4.58624700e-02 2.47700000e-03 -2.56696000e-03 5.88475000e-03 -1.50849000e-03 -1.96141000e-03 9.68990000e-04 2.07989000e-03 1.79080000e-03 -5.08062000e-03 3.05260000e-04 -8.43581000e-03 2.61907000e-03 6.34298000e-03 -1.99488000e-03 -3.41027000e-03 -1.58270000e-04 5.59230000e-04 -4.59730000e-04 -1.06887000e-03 -4.68480000e-03 1.57021000e-03 -1.43093000e-03 -2.78158000e-03 -1.05970000e-03 -1.40304000e-03 -5.29683000e-03 -5.96175000e-03
2.51800000e-05 3.69300000e-05 1.02219000e-03 -6.17130000e-04 -1.54210000e-03 -5.77831000e-03 1.51307000e-03 -6.39010000e-04 -4.29800000e-05 4.30730000e-04 -1.82660000e-04 -3.71054000e-03 2.63340000e-04 -3.22392000e-03 -1.77169000e-03 -1.38547000e-03 3.66648000e-03 4.71510000e-04 -7.02700000e-05 2.77162000e-03 -3.93388000e-03 -7.14050000e-04 -3.43150000e-04 -8.12580000e-04 1.67568000e-03 -5.00270000e-04 1.66977000e-03 -1.28184000e-03 -9.35280000e-04 2.52369000e-03 1.63956000e-03 2.34856000e-03 3.52440000e-04 -1.78011000e-03 -2.35780000e-03 1.89510000e-04 1.13169000e-03 2.23331000e-03 -1.41017000e-03 9.99740000e-04 -9.01430000e-04 -1.52705000e-03 -9.92770000e-04 -8.46200000e-04 -1.42438000e-03 -7.61230000e-04 -8.15000000e-05 -7.61240000e-04 -5.33030000e-04 -1.91280000e-04 -6.55080000e-04 -1.09655000e-03 1.16117000e-03 -1.17248000e-03 -5.34560000e-04 4.31101000e-03 -6.93080000e-04 -4.46653000e-03 -2.26999000e-03 -3.65535000e-03 1.03485000e-03 9.48060000e-04 -7.75500000e-04 1.12995000e-03 -7.90100000e-04 -7.19480000e-04 -7.55120000e-04 -4.74170000e-04 -2.18697000e-03 -1.05436000e-03 1.26705000e-03 4.23671000e-03 -3.00780000e-04 -1.01879000e-03 2.05670000e-04 6.03990000e-04 2.47700000e-03 1.16824000e-02 -1.16354000e-03 2.74570000e-03 -6.79590000e-04 -8.34760000e-04 7.17300000e-05 7.15120000e-04 6.60440000e-04 -2.23944000e-03 1.31690000e-04 -3.49201000e-03 1.42520000e-03 3.30754000e-03 -8.19650000e-04 -1.53891000e-03 -2.91900000e-05 6.70540000e-04 -1.37970000e-04 -4.78880000e-04 -2.15737000e-03 7.16110000e-04 -6.42620000e-04 -1.24472000e-03 -3.60300000e-04 -6.60730000e-04 -2.20245000e-03 -2.70588000e-03
-7.11200000e-05 -1.15120000e-04 -8.45810000e-04 9.49020000e-04 1.50875000e-03 6.05623000e-03 -1.01412000e-03 3.63610000e-04 -1.33180000e-04 -5.80630000e-04 -2.61900000e-05 3.79721000e-03 -2.46350000e-04 3.08740000e-03 2.20523000e-03 1.84548000e-03 -3.87360000e-03 -2.89000000e-05 -2.40770000e-04 -2.80054000e-03 3.93128000e-03 7.02490000e-04 5.59120000e-04 7.93770000e-04 -1.83348000e-03 3.06220000e-04 -8.60030000e-04 1.16743000e-03 1.18092000e-03 -2.08288000e-03 -1.58211000e-03 -2.48310000e-03 -3.80730000e-04 2.20365000e-03 2.62404000e-03 -3.95440000e-04 -6.51130000e-04 -1.74890000e-03 1.28801000e-03 -4.61030000e-04 9.11920000e-04 1.58081000e-03 1.46174000e-03 1.69885000e-03 1.83945000e-03 1.08754000e-03 -7.36800000e-05 7.88560000e-04 9.79390000e-04 6.44700000e-04 1.07936000e-03 1.24104000e-03 -1.44586000e-03 1.25039000e-03 3.82330000e-04 -4.34128000e-03 5.50870000e-04 5.30960000e-03 2.23554000e-03 3.63270000e-03 -1.00491000e-03 -1.26317000e-03 1.14220000e-03 -1.43112000e-03 5.88120000e-04 1.05948000e-03 5.97770000e-04 8.76080000e-04 1.98208000e-03 1.30636000e-03 -1.06643000e-03 -4.32782000e-03 1.00270000e-04 6.83620000e-04 -4.99560000e-04 -6.59920000e-04 -2.56696000e-03 -1.16354000e-03 1.15234800e-02 -2.86248000e-03 9.98250000e-04 1.19333000e-03 -3.84710000e-04 -9.33940000e-04 -6.65980000e-04 2.41995000e-03 -6.74000000e-05 4.00105000e-03 -1.70170000e-03 -3.82115000e-03 7.38970000e-04 1.53051000e-03 -2.41820000e-04 -5.18690000e-04 -3.82000000e-05 2.49950000e-04 2.26704000e-03 -1.15514000e-03 4.83000000e-04 1.20049000e-03 1.95330000e-04 6.12550000e-04 2.53742000e-03 3.23480000e-03
-1.71830000e-04 5.58930000e-04 1.61284000e-03 -1.51769000e-03 -2.84415000e-03 -1.31289600e-02 2.46362000e-03 -6.46560000e-04 6.57260000e-04 6.97280000e-04 2.76710000e-04 -8.55622000e-03 9.53010000e-04 -6.84252000e-03 -4.28537000e-03 -3.27184000e-03 8.43470000e-03 2.52940000e-04 5.45740000e-04 6.57140000e-03 -8.72293000e-03 -1.87984000e-03 -9.06640000e-04 -1.27300000e-03 4.06253000e-03 -3.54550000e-04 2.63475000e-03 -2.33024000e-03 -2.04163000e-03 4.68256000e-03 3.89780000e-03 5.86801000e-03 1.26385000e-03 -4.28026000e-03 -5.40793000e-03 1.09812000e-03 1.75361000e-03 4.09434000e-03 -2.48602000e-03 1.43947000e-03 -1.69824000e-03 -3.20940000e-03 -2.69903000e-03 -3.16175000e-03 -3.53598000e-03 -2.04341000e-03 3.93020000e-04 -1.30396000e-03 -1.60019000e-03 -1.15846000e-03 -2.04238000e-03 -2.22613000e-03 2.24347000e-03 -2.09484000e-03 -6.71170000e-04 9.77611000e-03 -1.63071000e-03 -1.17054400e-02 -4.62815000e-03 -7.93023000e-03 2.72637000e-03 3.06290000e-03 -2.25973000e-03 2.84266000e-03 -9.92820000e-04 -1.93517000e-03 -1.73436000e-03 -1.35550000e-03 -4.31258000e-03 -2.41237000e-03 2.31614000e-03 9.81109000e-03 -2.47450000e-04 -1.68364000e-03 1.14086000e-03 7.78390000e-04 5.88475000e-03 2.74570000e-03 -2.86248000e-03 2.59884500e-02 -1.59002000e-03 -2.03208000e-03 1.02354000e-03 2.18495000e-03 1.78596000e-03 -5.65243000e-03 5.28690000e-04 -9.47648000e-03 2.81392000e-03 6.75593000e-03 -2.27640000e-03 -3.90936000e-03 -3.13800000e-04 7.27970000e-04 -5.40930000e-04 -1.25863000e-03 -5.51134000e-03 1.67980000e-03 -1.67797000e-03 -3.23101000e-03 -1.35450000e-03 -1.58374000e-03 -5.99454000e-03 -6.61041000e-03
2.34110000e-04 -4.13800000e-04 -1.24549000e-03 1.06367000e-03 6.89640000e-04 2.51409000e-03 -6.27290000e-04 -8.20000000e-06 -6.64300000e-05 -6.64020000e-04 4.62100000e-05 1.19637000e-03 -5.24280000e-04 1.16377000e-03 1.74325000e-03 1.39437000e-03 -2.59720000e-03 -3.29250000e-04 -4.18410000e-04 -1.38641000e-03 1.24958000e-03 3.29470000e-04 5.45590000e-04 3.44520000e-04 -1.48573000e-03 4.24500000e-05 -7.09290000e-04 2.36490000e-04 1.07219000e-03 -9.13400000e-04 -8.85690000e-04 -1.29404000e-03 -3.34660000e-04 1.75483000e-03 9.43090000e-04 -3.70300000e-04 -4.46580000e-04 -1.18011000e-03 6.85120000e-04 -4.05130000e-04 1.06910000e-04 3.09330000e-04 9.10700000e-04 6.69900000e-04 1.60442000e-03 5.85280000e-04 -2.82520000e-04 2.59350000e-04 7.41180000e-04 1.99410000e-04 4.25880000e-04 6.04940000e-04 -1.26951000e-03 7.84150000e-04 -1.40460000e-04 -2.26007000e-03 4.06480000e-04 2.75577000e-03 8.79770000e-04 1.30146000e-03 2.21330000e-04 -7.69240000e-04 6.09270000e-04 -1.37717000e-03 1.56110000e-04 7.32350000e-04 4.42880000e-04 5.60570000e-04 5.13900000e-04 1.09337000e-03 -7.82430000e-04 -2.18884000e-03 -3.44420000e-04 2.91100000e-05 -5.23970000e-04 -1.77713000e-03 -1.50849000e-03 -6.79590000e-04 9.98250000e-04 -1.59002000e-03 2.09187200e-02 1.35014000e-03 -2.14210000e-04 -8.11710000e-04 -7.66330000e-04 1.39813000e-03 5.73140000e-04 1.82548000e-03 -1.43620000e-03 -3.45516000e-03 3.49280000e-04 5.99750000e-04 -4.89140000e-04 7.81400000e-05 -9.90400000e-05 9.06600000e-05 5.36250000e-04 -8.54930000e-04 -6.54000000e-06 3.42060000e-04 -4.68800000e-04 5.02210000e-04 1.10339000e-03 2.15906000e-03
3.24210000e-04 -6.22070000e-04 -1.77054000e-03 1.40706000e-03 8.11320000e-04 3.15057000e-03 -7.61480000e-04 -5.86300000e-05 -1.81580000e-04 -8.12580000e-04 8.38100000e-05 1.53861000e-03 -8.02050000e-04 1.49178000e-03 2.34392000e-03 1.80274000e-03 -3.36376000e-03 -5.29400000e-04 -6.51350000e-04 -1.81699000e-03 1.57878000e-03 4.14220000e-04 7.14470000e-04 3.74340000e-04 -1.95206000e-03 9.16000000e-06 -1.02092000e-03 1.45210000e-04 1.32524000e-03 -1.08918000e-03 -1.19513000e-03 -1.70552000e-03 -5.48270000e-04 2.38130000e-03 1.04327000e-03 -5.97090000e-04 -6.23590000e-04 -1.54166000e-03 8.93230000e-04 -5.48610000e-04 5.77500000e-05 3.00020000e-04 1.13031000e-03 7.09140000e-04 2.23397000e-03 7.27650000e-04 -4.06870000e-04 2.08170000e-04 8.23380000e-04 1.43100000e-04 4.30050000e-04 6.91990000e-04 -1.60503000e-03 8.90060000e-04 -2.52920000e-04 -2.89971000e-03 6.14610000e-04 3.61849000e-03 1.07732000e-03 1.62837000e-03 3.24830000e-04 -1.02105000e-03 7.10190000e-04 -1.81532000e-03 1.40980000e-04 9.33300000e-04 6.75630000e-04 6.84330000e-04 5.77990000e-04 1.35791000e-03 -1.03778000e-03 -2.75244000e-03 -5.66000000e-04 5.80000000e-05 -7.78960000e-04 -2.57677000e-03 -1.96141000e-03 -8.34760000e-04 1.19333000e-03 -2.03208000e-03 1.35014000e-03 2.17842300e-02 -3.73740000e-04 -1.08660000e-03 -1.09321000e-03 1.89893000e-03 8.02760000e-04 2.45105000e-03 -1.80643000e-03 -4.54127000e-03 5.43260000e-04 7.90770000e-04 -6.00160000e-04 1.69180000e-04 -5.28000000e-05 1.95780000e-04 6.01060000e-04 -1.05374000e-03 -5.96800000e-05 4.63450000e-04 -6.09560000e-04 6.46460000e-04 1.52858000e-03 2.90529000e-03
-6.77200000e-05 4.17000000e-04 1.77190000e-04 -2.68860000e-04 7.51900000e-05 -1.15235000e-03 5.25500000e-05 3.94420000e-04 5.06620000e-04 1.17660000e-04 3.78450000e-04 -6.80710000e-04 4.15390000e-04 -3.59350000e-04 -6.42040000e-04 -4.78330000e-04 1.21697000e-03 -1.33450000e-04 5.26730000e-04 1.00377000e-03 -6.49110000e-04 -2.21550000e-04 -1.55930000e-04 1.94320000e-04 7.49630000e-04 3.78420000e-04 3.70790000e-04 1.33270000e-04 -2.50320000e-04 3.88410000e-04 7.05950000e-04 1.01730000e-03 4.82080000e-04 -6.65330000e-04 -3.05220000e-04 5.41530000e-04 -1.81500000e-05 1.99030000e-04 8.35400000e-05 -9.79100000e-05 1.62330000e-04 1.09900000e-05 -4.48350000e-04 -6.43060000e-04 -6.35080000e-04 -2.21180000e-04 4.33300000e-04 2.28200000e-04 -2.35190000e-04 -2.56870000e-04 -3.00040000e-04 4.73200000e-05 2.81310000e-04 1.58470000e-04 3.30810000e-04 1.31664000e-03 -1.47020000e-04 -1.80856000e-03 -1.17250000e-04 -5.21840000e-04 2.86740000e-04 7.70490000e-04 -3.54990000e-04 4.89310000e-04 3.02550000e-04 -2.96400000e-04 -1.71310000e-04 -2.72080000e-04 -9.33000000e-06 -3.37220000e-04 1.77900000e-04 1.32542000e-03 1.70570000e-04 2.60900000e-04 5.59300000e-04 2.61250000e-04 9.68990000e-04 7.17300000e-05 -3.84710000e-04 1.02354000e-03 -2.14210000e-04 -3.73740000e-04 1.85210800e-02 6.24000000e-04 5.33160000e-04 -8.70260000e-04 6.37600000e-05 -1.59295000e-03 3.00790000e-04 9.11230000e-04 -3.51020000e-04 -5.20470000e-04 2.59500000e-05 -2.07180000e-04 -1.07490000e-04 -1.11290000e-04 -6.18570000e-04 3.24940000e-04 -1.61300000e-04 -3.95740000e-04 -1.49970000e-04 -9.77100000e-05 -9.96260000e-04 -1.13227000e-03
-3.74910000e-04 8.29150000e-04 1.00268000e-03 -7.63900000e-04 -2.62290000e-04 -3.08846000e-03 6.42680000e-04 3.42550000e-04 6.41230000e-04 4.55790000e-04 2.74160000e-04 -1.70915000e-03 1.06137000e-03 -1.37636000e-03 -1.67785000e-03 -1.18308000e-03 3.07155000e-03 2.41530000e-04 7.35800000e-04 2.11317000e-03 -1.55632000e-03 -5.87540000e-04 -3.87920000e-04 9.63100000e-05 1.82428000e-03 4.72300000e-04 1.08089000e-03 1.50200000e-05 -9.25460000e-04 1.07840000e-03 1.39246000e-03 2.05454000e-03 7.63530000e-04 -1.69483000e-03 -1.13824000e-03 8.38790000e-04 5.22980000e-04 1.27462000e-03 -3.52170000e-04 4.21100000e-04 3.34200000e-05 -3.09560000e-04 -8.37520000e-04 -9.07620000e-04 -1.52927000e-03 -5.26210000e-04 6.32670000e-04 -1.00500000e-05 -5.62550000e-04 -3.07450000e-04 -5.08630000e-04 -4.00920000e-04 9.48880000e-04 -3.70240000e-04 3.86010000e-04 3.00305000e-03 -5.85880000e-04 -3.80423000e-03 -6.39130000e-04 -1.45431000e-03 3.76100000e-04 1.41832000e-03 -7.04420000e-04 1.40803000e-03 1.97550000e-04 -6.36410000e-04 -6.40110000e-04 -4.13020000e-04 -5.16370000e-04 -9.57220000e-04 8.25340000e-04 3.03673000e-03 3.48230000e-04 3.15400000e-05 9.24780000e-04 1.32544000e-03 2.07989000e-03 7.15120000e-04 -9.33940000e-04 2.18495000e-03 -8.11710000e-04 -1.08660000e-03 6.24000000e-04 2.02025400e-02 1.27270000e-03 -1.95724000e-03 -2.40400000e-04 -3.08984000e-03 1.12960000e-03 2.95104000e-03 -7.98630000e-04 -1.09707000e-03 1.17580000e-04 -3.80750000e-04 -2.01710000e-04 -4.18330000e-04 -1.20446000e-03 6.60020000e-04 -3.63210000e-04 -8.12730000e-04 -8.44600000e-05 -6.24220000e-04 -1.89888000e-03 -2.57567000e-03
-6.57880000e-04 1.10846000e-03 1.23109000e-03 -6.80730000e-04 2.14690000e-04 -1.78235000e-03 5.85720000e-04 4.95740000e-04 7.24860000e-04 2.93730000e-04 1.93460000e-04 -7.74630000e-04 1.48107000e-03 -7.17110000e-04 -1.45908000e-03 -9.20710000e-04 2.66370000e-03 4.45340000e-04 8.80410000e-04 1.70885000e-03 -4.67040000e-04 -6.29580000e-04 -3.24830000e-04 4.23240000e-04 1.77921000e-03 6.99140000e-04 9.67850000e-04 5.24090000e-04 -8.59490000e-04 7.93060000e-04 1.23697000e-03 1.75330000e-03 8.33110000e-04 -1.47408000e-03 -5.19810000e-04 9.70300000e-04 5.64090000e-04 1.20951000e-03 -7.35600000e-05 4.98870000e-04 3.89500000e-04 1.88750000e-04 -5.02030000e-04 -3.52350000e-04 -1.37382000e-03 -1.95960000e-04 7.70420000e-04 2.40700000e-04 -3.30780000e-04 -6.65000000e-05 -1.96610000e-04 -1.38740000e-04 6.80140000e-04 -1.04740000e-04 6.40450000e-04 2.36881000e-03 -7.15240000e-04 -3.01181000e-03 -3.15000000e-06 -5.06910000e-04 -7.25000000e-06 1.32047000e-03 -4.38520000e-04 1.35595000e-03 4.34530000e-04 -4.19420000e-04 -7.88100000e-04 -1.92750000e-04 1.53600000e-05 -8.26850000e-04 7.71690000e-04 2.39465000e-03 4.47640000e-04 1.77650000e-04 1.05506000e-03 1.79413000e-03 1.79080000e-03 6.60440000e-04 -6.65980000e-04 1.78596000e-03 -7.66330000e-04 -1.09321000e-03 5.33160000e-04 1.27270000e-03 3.48689800e-02 -1.79184000e-03 -4.93450000e-04 -2.57067000e-03 8.23790000e-04 2.60460000e-03 -8.74430000e-04 -9.55540000e-04 -2.09000000e-06 -7.71200000e-04 -3.94150000e-04 -5.75530000e-04 -7.38530000e-04 3.04150000e-04 -3.88150000e-04 -6.93820000e-04 -6.07800000e-05 -7.58980000e-04 -1.61722000e-03 -2.51014000e-03
1.65099000e-03 -7.00410000e-04 -1.57068000e-03 1.27951000e-03 2.36714000e-03 1.16110600e-02 -2.26360000e-03 5.60250000e-04 -5.75850000e-04 7.97200000e-04 -1.22300000e-04 7.76491000e-03 -1.28847000e-03 6.11869000e-03 3.83479000e-03 2.83932000e-03 -7.28567000e-03 -3.14000000e-04 -5.45300000e-04 -5.75059000e-03 7.57428000e-03 3.01753000e-03 8.76670000e-04 9.32860000e-04 -3.58295000e-03 2.76200000e-04 -1.00017000e-03 1.81797000e-03 1.71488000e-03 -3.97858000e-03 -3.50621000e-03 -5.20607000e-03 -1.22756000e-03 3.67693000e-03 4.73219000e-03 -1.12485000e-03 -1.43963000e-03 -3.69486000e-03 2.21052000e-03 -1.26931000e-03 1.46134000e-03 2.76976000e-03 2.27995000e-03 2.46205000e-03 3.21800000e-03 1.76527000e-03 -4.09000000e-04 1.01044000e-03 1.39302000e-03 1.01642000e-03 1.77983000e-03 2.01037000e-03 -4.63240000e-04 1.65342000e-03 5.27070000e-04 -8.39669000e-03 2.92460000e-03 1.18150800e-02 4.00162000e-03 6.97329000e-03 -2.29238000e-03 -2.70798000e-03 1.93743000e-03 -2.56858000e-03 7.54610000e-04 1.69112000e-03 3.04580000e-03 1.19541000e-03 3.72084000e-03 2.05151000e-03 -1.85234000e-03 -8.53741000e-03 5.58200000e-05 1.72584000e-03 -1.10605000e-03 -9.94810000e-04 -5.08062000e-03 -2.23944000e-03 2.41995000e-03 -5.65243000e-03 1.39813000e-03 1.89893000e-03 -8.70260000e-04 -1.95724000e-03 -1.79184000e-03 7.02658900e-02 -3.17240000e-04 1.01003700e-02 -9.67910000e-04 -4.35350000e-03 3.63465000e-03 4.88520000e-03 1.79403000e-03 1.01598000e-03 2.01140000e-03 2.69896000e-03 6.14725000e-03 1.29250000e-04 2.84844000e-03 4.29081000e-03 2.70257000e-03 2.81506000e-03 6.96190000e-03 7.48783000e-03
4.18130000e-04 -5.00650000e-04 -9.91330000e-04 6.20600000e-04 -5.27640000e-04 -2.47115000e-03 1.61270000e-04 -3.61660000e-04 -1.67600000e-05 -3.13950000e-04 1.09510000e-04 -2.11015000e-03 -5.70600000e-04 -1.40973000e-03 3.53730000e-04 2.26100000e-04 1.09020000e-04 -4.48820000e-04 -4.05310000e-04 7.33290000e-04 -2.14415000e-03 -1.81380000e-04 2.69180000e-04 -2.85830000e-04 -3.13940000e-04 -2.45030000e-04 6.44600000e-05 -8.49110000e-04 4.06090000e-04 5.78130000e-04 2.65500000e-04 5.59070000e-04 -9.24300000e-05 3.56590000e-04 -1.34681000e-03 -1.84220000e-04 -2.36000000e-05 5.59900000e-05 -2.87630000e-04 -7.56300000e-05 -7.67820000e-04 -1.14011000e-03 -1.15700000e-04 -7.28880000e-04 5.21150000e-04 -2.15320000e-04 -3.30140000e-04 -4.33570000e-04 5.95900000e-05 -3.53390000e-04 -4.32710000e-04 -4.06780000e-04 -3.66300000e-04 -1.34560000e-04 -6.02130000e-04 9.17900000e-04 5.96900000e-05 -1.28440000e-03 -9.83990000e-04 -1.74975000e-03 1.35834000e-03 1.87420000e-04 -2.84790000e-04 -4.39810000e-04 -3.06620000e-04 2.69700000e-05 7.79700000e-05 -1.64200000e-05 -1.22727000e-03 2.64950000e-04 -9.06100000e-05 1.10370000e-03 -4.65240000e-04 -6.36350000e-04 -3.14710000e-04 -1.94380000e-03 3.05260000e-04 1.31690000e-04 -6.74000000e-05 5.28690000e-04 5.73140000e-04 8.02760000e-04 6.37600000e-05 -2.40400000e-04 -4.93450000e-04 -3.17240000e-04 1.59839100e-02 -1.28345000e-03 -3.22190000e-04 -1.19866000e-03 -1.99750000e-04 -5.72500000e-04 -4.38240000e-04 6.09240000e-04 -4.30000000e-05 -1.07280000e-04 -1.41796000e-03 -3.57000000e-05 -4.28450000e-04 -6.41690000e-04 -8.31050000e-04 1.17970000e-04 -8.47010000e-04 1.97570000e-04
1.63017000e-03 -8.27610000e-04 -1.54756000e-03 1.59542000e-03 4.08032000e-03 2.06809800e-02 -3.49183000e-03 1.03970000e-03 -1.14197000e-03 8.71510000e-04 -4.15000000e-04 1.42912700e-02 -1.69779000e-03 1.09976400e-02 5.97168000e-03 4.34535000e-03 -1.17707400e-02 2.14400000e-05 -6.34340000e-04 -9.70815000e-03 1.40685700e-02 4.32013000e-03 1.18045000e-03 1.59511000e-03 -5.54593000e-03 4.65040000e-04 -1.71679000e-03 3.55051000e-03 2.54050000e-03 -6.52012000e-03 -5.71218000e-03 -8.89851000e-03 -1.91494000e-03 5.81303000e-03 8.61669000e-03 -1.76408000e-03 -2.32523000e-03 -5.71452000e-03 3.59848000e-03 -1.87932000e-03 2.85829000e-03 5.27509000e-03 3.80930000e-03 4.72002000e-03 5.05555000e-03 3.11770000e-03 -4.88630000e-04 1.93982000e-03 2.18675000e-03 2.03834000e-03 3.32004000e-03 3.39729000e-03 -1.15707000e-03 2.70861000e-03 1.21822000e-03 -1.40196500e-02 3.90648000e-03 1.95618500e-02 7.12216000e-03 1.26208000e-02 -4.73771000e-03 -4.64013000e-03 3.41913000e-03 -3.75585000e-03 1.37154000e-03 2.73029000e-03 4.09677000e-03 1.92566000e-03 6.79183000e-03 3.04109000e-03 -2.91472000e-03 -1.44972200e-02 4.88720000e-04 3.18643000e-03 -1.59972000e-03 3.20800000e-05 -8.43581000e-03 -3.49201000e-03 4.00105000e-03 -9.47648000e-03 1.82548000e-03 2.45105000e-03 -1.59295000e-03 -3.08984000e-03 -2.57067000e-03 1.01003700e-02 -1.28345000e-03 7.68975900e-02 -1.96473000e-03 -6.75940000e-03 5.34539000e-03 7.60125000e-03 2.48828000e-03 5.90720000e-04 2.54445000e-03 3.70014000e-03 1.02051300e-02 -5.50320000e-04 4.20648000e-03 6.71511000e-03 4.32338000e-03 3.71935000e-03 1.14048800e-02 1.12855500e-02
1.57221000e-03 1.39170000e-04 1.71561000e-03 -1.49494000e-03 -1.73665000e-03 -6.08372000e-03 1.09926000e-03 -3.76920000e-04 1.57030000e-04 2.73936000e-03 -2.35150000e-04 -3.45930000e-03 1.93020000e-04 -3.12960000e-03 -2.87996000e-03 -2.41549000e-03 4.49985000e-03 5.21090000e-04 3.28910000e-04 2.67467000e-03 -3.73628000e-03 9.66250000e-04 -6.33520000e-04 -1.08424000e-03 2.17466000e-03 -3.30300000e-04 2.80947000e-03 -1.18125000e-03 -1.77382000e-03 1.78149000e-03 1.36020000e-03 2.33611000e-03 2.67440000e-04 -3.11824000e-03 -2.66932000e-03 3.60000000e-04 1.10060000e-03 2.11940000e-03 -1.61093000e-03 6.29140000e-04 -9.86920000e-04 -1.56026000e-03 -1.59287000e-03 -1.70643000e-03 -2.71654000e-03 -1.24903000e-03 2.69000000e-06 -1.08395000e-03 -9.86070000e-04 -3.47530000e-04 -8.49170000e-04 -1.48192000e-03 3.96431000e-03 -1.81963000e-03 -3.76260000e-04 4.37012000e-03 9.16930000e-04 -4.02015000e-03 -2.20634000e-03 -3.50011000e-03 5.30290000e-04 1.26580000e-03 -1.13781000e-03 2.17707000e-03 -8.36860000e-04 -1.19692000e-03 8.27130000e-04 -9.60300000e-04 -1.86175000e-03 -1.67738000e-03 1.74397000e-03 4.20071000e-03 3.37600000e-04 -4.52830000e-04 6.00050000e-04 2.31370000e-03 2.61907000e-03 1.42520000e-03 -1.70170000e-03 2.81392000e-03 -1.43620000e-03 -1.80643000e-03 3.00790000e-04 1.12960000e-03 8.23790000e-04 -9.67910000e-04 -3.22190000e-04 -1.96473000e-03 2.72903800e-02 7.75254000e-03 1.10987000e-03 4.95110000e-04 2.52083000e-03 2.07385000e-03 1.95051000e-03 1.61132000e-03 6.81500000e-05 3.41747000e-03 1.65670000e-03 8.53990000e-04 2.39195000e-03 8.14260000e-04 -7.15130000e-04 -2.12687000e-03
1.36738000e-03 9.60590000e-04 4.56496000e-03 -3.59253000e-03 -3.49968000e-03 -1.32555200e-02 2.79894000e-03 -5.35480000e-04 5.05320000e-04 4.34569000e-03 -4.39510000e-04 -7.39592000e-03 1.38553000e-03 -6.74935000e-03 -6.82018000e-03 -5.62271000e-03 1.06386400e-02 1.39438000e-03 1.11453000e-03 6.41221000e-03 -7.87623000e-03 3.50860000e-04 -1.65914000e-03 -1.99274000e-03 5.46229000e-03 -4.72400000e-04 5.04693000e-03 -2.11682000e-03 -4.05472000e-03 4.36852000e-03 3.65144000e-03 5.72401000e-03 1.11021000e-03 -7.15942000e-03 -5.37767000e-03 1.22325000e-03 2.39752000e-03 4.96105000e-03 -3.45341000e-03 1.57061000e-03 -1.70516000e-03 -2.87817000e-03 -3.55685000e-03 -3.23436000e-03 -6.52345000e-03 -2.61041000e-03 4.59330000e-04 -1.83514000e-03 -2.22904000e-03 -6.54360000e-04 -1.76862000e-03 -3.02539000e-03 7.05534000e-03 -3.62909000e-03 -3.36400000e-04 1.02497500e-02 5.00100000e-05 -1.10238300e-02 -4.57869000e-03 -7.50520000e-03 5.14100000e-04 3.12599000e-03 -2.45627000e-03 5.15408000e-03 -1.51517000e-03 -2.73403000e-03 -1.74070000e-04 -2.24106000e-03 -3.69623000e-03 -3.96060000e-03 3.81247000e-03 9.82959000e-03 9.04250000e-04 -9.52150000e-04 1.72191000e-03 6.13127000e-03 6.34298000e-03 3.30754000e-03 -3.82115000e-03 6.75593000e-03 -3.45516000e-03 -4.54127000e-03 9.11230000e-04 2.95104000e-03 2.60460000e-03 -4.35350000e-03 -1.19866000e-03 -6.75940000e-03 7.75254000e-03 7.00957100e-02 2.70860000e-04 -9.16470000e-04 3.69516000e-03 2.30994000e-03 2.27840000e-03 1.47109000e-03 -1.49949000e-03 5.62987000e-03 1.82610000e-03 -1.91600000e-05 3.49595000e-03 -9.50100000e-05 -3.84513000e-03 -7.60599000e-03
1.83996000e-03 -4.42340000e-04 -4.92590000e-04 2.81760000e-04 7.33550000e-04 4.59433000e-03 -1.05355000e-03 1.98670000e-04 -2.47490000e-04 1.59119000e-03 -1.31650000e-04 3.24292000e-03 -8.45550000e-04 2.51195000e-03 1.27969000e-03 8.02940000e-04 -2.73805000e-03 -1.50350000e-04 -1.42140000e-04 -2.40145000e-03 3.08769000e-03 2.21872000e-03 3.11280000e-04 9.95100000e-05 -1.41484000e-03 3.04600000e-05 3.90510000e-04 6.09150000e-04 4.41010000e-04 -1.55425000e-03 -1.61135000e-03 -2.17864000e-03 -7.02350000e-04 1.07968000e-03 1.71040000e-03 -5.09500000e-04 -5.57370000e-04 -1.45499000e-03 7.14880000e-04 -6.79500000e-04 4.97480000e-04 1.00557000e-03 6.74220000e-04 5.16240000e-04 1.07448000e-03 6.66400000e-04 -2.47650000e-04 1.64520000e-04 4.15820000e-04 3.47990000e-04 6.20620000e-04 6.10540000e-04 1.33797000e-03 3.37580000e-04 1.45570000e-04 -3.26033000e-03 2.30694000e-03 5.56830000e-03 1.49148000e-03 2.80844000e-03 -9.11710000e-04 -1.12568000e-03 6.37570000e-04 -7.51450000e-04 1.81460000e-04 5.51870000e-04 2.32007000e-03 3.06640000e-04 1.46868000e-03 6.00580000e-04 -4.97480000e-04 -3.43549000e-03 1.29600000e-04 9.06510000e-04 -3.96640000e-04 1.43100000e-05 -1.99488000e-03 -8.19650000e-04 7.38970000e-04 -2.27640000e-03 3.49280000e-04 5.43260000e-04 -3.51020000e-04 -7.98630000e-04 -8.74430000e-04 3.63465000e-03 -1.99750000e-04 5.34539000e-03 1.10987000e-03 2.70860000e-04 4.79928300e-02 3.20994000e-03 2.21140000e-03 1.66602000e-03 2.10431000e-03 2.50325000e-03 3.68247000e-03 1.57115000e-03 2.40517000e-03 2.99334000e-03 2.60730000e-03 2.19086000e-03 3.98818000e-03 3.82432000e-03
1.57929000e-03 -2.58210000e-04 -4.98600000e-04 4.98870000e-04 1.69026000e-03 8.30828000e-03 -1.58154000e-03 5.80640000e-04 -2.58050000e-04 1.50887000e-03 -1.90460000e-04 5.70502000e-03 -6.69440000e-04 4.43827000e-03 2.15174000e-03 1.60375000e-03 -4.65237000e-03 7.50000000e-07 -1.51400000e-04 -4.12461000e-03 5.63479000e-03 2.65618000e-03 5.12410000e-04 6.28870000e-04 -2.16994000e-03 3.13500000e-04 -9.63200000e-05 1.45997000e-03 8.04350000e-04 -3.02585000e-03 -2.53562000e-03 -3.58450000e-03 -8.35150000e-04 1.92517000e-03 3.45067000e-03 -6.56140000e-04 -8.72260000e-04 -2.40030000e-03 1.44586000e-03 -8.81030000e-04 1.22112000e-03 2.21424000e-03 1.46597000e-03 1.65982000e-03 1.53820000e-03 1.25329000e-03 -1.26380000e-04 7.04550000e-04 8.68590000e-04 8.03180000e-04 1.33903000e-03 1.36523000e-03 8.49920000e-04 9.80150000e-04 5.96000000e-04 -5.92957000e-03 2.53719000e-03 8.47076000e-03 2.95982000e-03 5.13527000e-03 -2.05344000e-03 -1.74729000e-03 1.30297000e-03 -1.13362000e-03 5.85740000e-04 1.07854000e-03 2.55513000e-03 7.53670000e-04 2.97121000e-03 1.13791000e-03 -9.74760000e-04 -6.04599000e-03 4.90710000e-04 1.44837000e-03 -5.72400000e-04 5.92370000e-04 -3.41027000e-03 -1.53891000e-03 1.53051000e-03 -3.90936000e-03 5.99750000e-04 7.90770000e-04 -5.20470000e-04 -1.09707000e-03 -9.55540000e-04 4.88520000e-03 -5.72500000e-04 7.60125000e-03 4.95110000e-04 -9.16470000e-04 3.20994000e-03 3.01603800e-02 2.31533000e-03 9.95430000e-04 2.13689000e-03 2.63551000e-03 5.49902000e-03 1.10361000e-03 2.90254000e-03 3.88593000e-03 3.11027000e-03 2.42057000e-03 5.37424000e-03 5.29035000e-03
1.68094000e-03 -7.87000000e-06 5.96080000e-04 -5.50100000e-04 -5.13700000e-05 8.22500000e-04 -2.75810000e-04 1.68830000e-04 5.10600000e-05 2.19136000e-03 -1.44050000e-04 9.23570000e-04 -2.14800000e-04 5.81030000e-04 -5.14920000e-04 -5.58880000e-04 1.56340000e-04 1.60970000e-04 2.45630000e-04 -5.35400000e-04 7.90520000e-04 1.77247000e-03 -1.05520000e-04 -2.33940000e-04 1.31010000e-04 3.73700000e-05 1.31106000e-03 1.47260000e-04 -5.48570000e-04 -4.11840000e-04 -4.76060000e-04 -3.94030000e-04 -2.51140000e-04 -7.61590000e-04 2.68510000e-04 -1.51300000e-05 7.50300000e-05 -9.36200000e-05 -8.99400000e-05 -2.25470000e-04 1.49700000e-04 3.04880000e-04 -2.36960000e-04 -3.10190000e-04 -7.02830000e-04 -1.25500000e-05 1.49700000e-05 -1.75400000e-04 -1.59480000e-04 9.95100000e-05 9.55800000e-05 -8.88200000e-05 2.57097000e-03 -4.08200000e-04 1.67580000e-04 -4.48360000e-04 1.79815000e-03 1.81402000e-03 2.87190000e-04 6.66470000e-04 -6.25260000e-04 -1.09030000e-04 -5.04700000e-05 6.18190000e-04 -5.82100000e-05 -1.48140000e-04 1.73477000e-03 -2.27430000e-04 5.26050000e-04 -3.81090000e-04 4.23130000e-04 -6.03950000e-04 4.04890000e-04 5.72300000e-04 1.64940000e-04 1.48194000e-03 -1.58270000e-04 -2.91900000e-05 -2.41820000e-04 -3.13800000e-04 -4.89140000e-04 -6.00160000e-04 2.59500000e-05 1.17580000e-04 -2.09000000e-06 1.79403000e-03 -4.38240000e-04 2.48828000e-03 2.52083000e-03 3.69516000e-03 2.21140000e-03 2.31533000e-03 3.88037300e-02 1.63061000e-03 2.10695000e-03 2.25740000e-03 2.66444000e-03 2.44742000e-03 2.28616000e-03 2.34051000e-03 2.79809000e-03 1.67605000e-03 2.12652000e-03 1.25140000e-03
2.21612000e-03 -9.23320000e-04 -3.55030000e-04 -1.40100000e-05 -1.37112000e-03 -3.47340000e-03 3.25280000e-04 -8.53280000e-04 -3.63920000e-04 1.55784000e-03 -2.43180000e-04 -2.46029000e-03 -1.14204000e-03 -2.08857000e-03 -4.18500000e-04 -5.20880000e-04 8.63920000e-04 -1.36500000e-04 -5.28230000e-04 8.85170000e-04 -2.89229000e-03 1.36706000e-03 5.92000000e-06 -1.00179000e-03 -1.02950000e-04 -7.83040000e-04 1.48808000e-03 -1.35166000e-03 -1.82210000e-04 1.07630000e-03 1.46810000e-04 4.90500000e-04 -4.27880000e-04 -5.98320000e-04 -1.76937000e-03 -4.21050000e-04 4.64220000e-04 5.87370000e-04 -9.97100000e-04 1.21900000e-04 -1.17669000e-03 -1.62891000e-03 -5.86600000e-04 -9.63880000e-04 -1.81960000e-04 -6.29210000e-04 -7.26320000e-04 -9.83960000e-04 -1.23690000e-04 -2.31330000e-04 -5.32860000e-04 -8.70920000e-04 2.00921000e-03 -9.68540000e-04 -1.00011000e-03 1.65650000e-03 1.53881000e-03 -1.73660000e-04 -1.77245000e-03 -2.50844000e-03 1.24102000e-03 -1.40540000e-04 -4.28100000e-04 -1.85320000e-04 -9.34610000e-04 -3.67280000e-04 1.54065000e-03 -3.26090000e-04 -1.85227000e-03 -1.81380000e-04 5.33690000e-04 1.49892000e-03 -6.21660000e-04 -7.79730000e-04 -4.15440000e-04 -1.07464000e-03 5.59230000e-04 6.70540000e-04 -5.18690000e-04 7.27970000e-04 7.81400000e-05 1.69180000e-04 -2.07180000e-04 -3.80750000e-04 -7.71200000e-04 1.01598000e-03 6.09240000e-04 5.90720000e-04 2.07385000e-03 2.30994000e-03 1.66602000e-03 9.95430000e-04 1.63061000e-03 7.11276000e-02 1.79531000e-03 1.75817000e-03 1.83960000e-04 2.09075000e-03 1.37221000e-03 1.02466000e-03 1.33410000e-03 1.60395000e-03 9.10220000e-04 1.13820000e-03
1.75590000e-03 -3.16170000e-04 -1.51900000e-05 -1.49990000e-04 -1.39790000e-04 5.68740000e-04 -3.50840000e-04 -4.45100000e-05 -9.85400000e-05 1.80166000e-03 -1.15760000e-04 5.25390000e-04 -5.56930000e-04 3.24190000e-04 -5.60000000e-07 -1.46140000e-04 -4.11500000e-04 -4.98900000e-05 -9.08300000e-05 -6.48880000e-04 3.13390000e-04 1.74036000e-03 6.12200000e-05 -2.83790000e-04 -3.11700000e-04 -1.16260000e-04 1.03189000e-03 -1.37530000e-04 -1.80400000e-04 -4.71860000e-04 -6.06340000e-04 -5.82700000e-04 -3.72960000e-04 -2.09280000e-04 5.83300000e-05 -2.51840000e-04 -9.94000000e-06 -3.48630000e-04 -5.45700000e-05 -2.41570000e-04 -1.14650000e-04 -2.68000000e-05 -5.79800000e-05 -2.76460000e-04 -1.36330000e-04 -3.44200000e-05 -2.16210000e-04 -2.87110000e-04 -3.95000000e-06 4.30300000e-05 5.20000000e-05 -9.31500000e-05 1.99502000e-03 -3.42710000e-04 -1.25030000e-04 -7.08160000e-04 1.80544000e-03 2.11057000e-03 8.69600000e-05 3.40310000e-04 -2.17800000e-04 -2.96800000e-04 1.35500000e-05 7.43300000e-05 -1.91040000e-04 -1.21000000e-06 1.79524000e-03 -8.42500000e-05 1.66560000e-04 -4.35300000e-05 1.70660000e-04 -7.88720000e-04 9.39200000e-05 2.85970000e-04 -1.56860000e-04 3.27390000e-04 -4.59730000e-04 -1.37970000e-04 -3.82000000e-05 -5.40930000e-04 -9.90400000e-05 -5.28000000e-05 -1.07490000e-04 -2.01710000e-04 -3.94150000e-04 2.01140000e-03 -4.30000000e-05 2.54445000e-03 1.95051000e-03 2.27840000e-03 2.10431000e-03 2.13689000e-03 2.10695000e-03 1.79531000e-03 1.13652970e-01 2.06887000e-03 2.18734000e-03 2.05477000e-03 2.01035000e-03 2.07984000e-03 2.24308000e-03 1.70951000e-03 2.13476000e-03 1.87222000e-03
1.85440000e-03 -3.28630000e-04 -2.70910000e-04 4.18100000e-05 3.16370000e-04 2.43186000e-03 -7.48110000e-04 1.53000000e-04 -7.04900000e-05 1.73924000e-03 -6.71900000e-05 1.78528000e-03 -6.67330000e-04 1.40812000e-03 5.50410000e-04 2.17660000e-04 -1.44044000e-03 -1.84770000e-04 7.12000000e-06 -1.39459000e-03 1.64095000e-03 1.94248000e-03 1.62000000e-04 -7.75200000e-05 -7.88630000e-04 2.33500000e-05 6.15630000e-04 2.57840000e-04 9.05800000e-05 -8.79670000e-04 -1.03413000e-03 -1.21840000e-03 -5.08830000e-04 3.35060000e-04 8.10660000e-04 -2.73720000e-04 -3.43100000e-04 -9.15840000e-04 3.50160000e-04 -5.80550000e-04 2.18660000e-04 4.84250000e-04 1.92670000e-04 -1.08080000e-04 3.94920000e-04 3.23960000e-04 -1.63920000e-04 -3.93300000e-05 1.48860000e-04 9.76000000e-05 2.30090000e-04 2.45870000e-04 1.77399000e-03 3.12700000e-05 6.62400000e-05 -1.76716000e-03 2.10393000e-03 3.53630000e-03 7.83590000e-04 1.51569000e-03 -4.80990000e-04 -6.02150000e-04 2.32850000e-04 -2.71420000e-04 5.66900000e-05 2.22860000e-04 2.08165000e-03 1.15100000e-05 8.29840000e-04 2.08900000e-04 -1.46140000e-04 -1.91028000e-03 1.12330000e-04 6.77550000e-04 -1.56670000e-04 1.97950000e-04 -1.06887000e-03 -4.78880000e-04 2.49950000e-04 -1.25863000e-03 9.06600000e-05 1.95780000e-04 -1.11290000e-04 -4.18330000e-04 -5.75530000e-04 2.69896000e-03 -1.07280000e-04 3.70014000e-03 1.61132000e-03 1.47109000e-03 2.50325000e-03 2.63551000e-03 2.25740000e-03 1.75817000e-03 2.06887000e-03 5.15370500e-02 2.85665000e-03 1.94965000e-03 2.21576000e-03 2.52294000e-03 2.46972000e-03 1.99210000e-03 2.89033000e-03 2.56328000e-03
1.24714000e-03 2.09470000e-04 -4.32800000e-05 3.74580000e-04 2.82981000e-03 1.30376500e-02 -2.02574000e-03 1.16636000e-03 -1.85160000e-04 1.63806000e-03 -2.14380000e-04 9.00530000e-03 -2.27710000e-04 6.96255000e-03 2.77395000e-03 2.33463000e-03 -6.34640000e-03 3.95890000e-04 1.36360000e-04 -5.99677000e-03 9.00437000e-03 3.14360000e-03 5.60520000e-04 1.29595000e-03 -2.61625000e-03 6.67660000e-04 -3.13350000e-04 2.70901000e-03 9.37170000e-04 -4.44918000e-03 -3.39880000e-03 -5.02299000e-03 -8.63520000e-04 2.49295000e-03 5.93494000e-03 -6.28860000e-04 -1.02468000e-03 -3.10177000e-03 2.28686000e-03 -8.91200000e-04 2.47548000e-03 4.08129000e-03 2.22922000e-03 3.17588000e-03 1.68200000e-03 1.95449000e-03 2.50870000e-04 1.54856000e-03 1.23050000e-03 1.42101000e-03 2.23680000e-03 2.44671000e-03 6.03110000e-04 1.77565000e-03 1.42654000e-03 -8.70668000e-03 2.77884000e-03 1.18901900e-02 4.71720000e-03 8.11122000e-03 -3.70677000e-03 -2.41659000e-03 2.06743000e-03 -1.31325000e-03 1.18747000e-03 1.54105000e-03 2.76144000e-03 1.25553000e-03 5.05090000e-03 1.48835000e-03 -1.33519000e-03 -8.82596000e-03 1.01731000e-03 2.30748000e-03 -5.27340000e-04 2.03999000e-03 -4.68480000e-03 -2.15737000e-03 2.26704000e-03 -5.51134000e-03 5.36250000e-04 6.01060000e-04 -6.18570000e-04 -1.20446000e-03 -7.38530000e-04 6.14725000e-03 -1.41796000e-03 1.02051300e-02 6.81500000e-05 -1.49949000e-03 3.68247000e-03 5.49902000e-03 2.66444000e-03 1.83960000e-04 2.18734000e-03 2.85665000e-03 1.89988730e-01 6.62750000e-04 3.52603000e-03 5.03101000e-03 3.94084000e-03 2.67757000e-03 7.14601000e-03 6.82669000e-03
1.81008000e-03 -5.89100000e-05 8.21450000e-04 -9.07640000e-04 -1.12072000e-03 -3.91486000e-03 3.81070000e-04 -1.73350000e-04 1.74400000e-04 2.38898000e-03 -7.13600000e-05 -2.25824000e-03 -1.69420000e-04 -1.92886000e-03 -1.78345000e-03 -1.61625000e-03 2.65200000e-03 5.36400000e-05 2.40410000e-04 1.56334000e-03 -2.50127000e-03 1.28217000e-03 -3.54080000e-04 -7.69140000e-04 1.19754000e-03 -1.70980000e-04 1.89619000e-03 -8.55320000e-04 -1.08965000e-03 9.77020000e-04 6.65350000e-04 1.41445000e-03 5.62800000e-05 -2.02343000e-03 -1.84299000e-03 2.04810000e-04 4.90440000e-04 9.65580000e-04 -9.64410000e-04 5.57700000e-05 -7.14950000e-04 -1.10523000e-03 -1.14447000e-03 -1.57351000e-03 -1.71617000e-03 -7.97920000e-04 -4.22400000e-05 -7.77930000e-04 -6.53120000e-04 -3.88310000e-04 -6.91540000e-04 -9.81900000e-04 3.26866000e-03 -1.18596000e-03 -2.91610000e-04 2.63628000e-03 1.40186000e-03 -2.06273000e-03 -1.39910000e-03 -2.25326000e-03 4.77330000e-04 8.30250000e-04 -8.45080000e-04 1.36197000e-03 -5.20340000e-04 -7.83700000e-04 1.33618000e-03 -7.53180000e-04 -1.17156000e-03 -1.05410000e-03 1.05869000e-03 2.50794000e-03 2.15150000e-04 -1.23160000e-04 3.75970000e-04 1.22358000e-03 1.57021000e-03 7.16110000e-04 -1.15514000e-03 1.67980000e-03 -8.54930000e-04 -1.05374000e-03 3.24940000e-04 6.60020000e-04 3.04150000e-04 1.29250000e-04 -3.57000000e-05 -5.50320000e-04 3.41747000e-03 5.62987000e-03 1.57115000e-03 1.10361000e-03 2.44742000e-03 2.09075000e-03 2.05477000e-03 1.94965000e-03 6.62750000e-04 2.14935000e-02 1.82408000e-03 1.29570000e-03 2.31565000e-03 1.29942000e-03 1.39500000e-04 -7.72400000e-04
1.60353000e-03 -1.47160000e-04 1.92320000e-04 -1.39530000e-04 5.41180000e-04 3.27529000e-03 -7.49520000e-04 2.47460000e-04 -8.20500000e-05 1.82180000e-03 -1.79700000e-04 2.44004000e-03 -3.86950000e-04 1.76889000e-03 4.44130000e-04 2.28200000e-04 -1.64304000e-03 1.43950000e-04 5.17100000e-05 -1.79169000e-03 2.29511000e-03 2.10959000e-03 1.11440000e-04 8.59700000e-05 -7.62140000e-04 1.12230000e-04 8.02760000e-04 5.93080000e-04 -2.49000000e-06 -1.50752000e-03 -1.20275000e-03 -1.58690000e-03 -4.04770000e-04 2.12580000e-04 1.34024000e-03 -2.36190000e-04 -2.49370000e-04 -9.96950000e-04 4.33580000e-04 -4.55080000e-04 3.95580000e-04 8.41470000e-04 4.11470000e-04 5.22170000e-04 5.45000000e-05 3.22330000e-04 -1.16460000e-04 1.24930000e-04 3.12540000e-04 4.09310000e-04 5.78180000e-04 3.98230000e-04 1.79449000e-03 1.08480000e-04 2.21760000e-04 -2.46690000e-03 1.95044000e-03 4.08002000e-03 1.19506000e-03 2.10676000e-03 -1.08830000e-03 -7.25210000e-04 4.82460000e-04 -1.29400000e-04 1.15980000e-04 2.79960000e-04 1.94220000e-03 1.14440000e-04 1.26787000e-03 2.58720000e-04 -1.13410000e-04 -2.61412000e-03 4.08460000e-04 7.65190000e-04 -1.22440000e-04 1.07695000e-03 -1.43093000e-03 -6.42620000e-04 4.83000000e-04 -1.67797000e-03 -6.54000000e-06 -5.96800000e-05 -1.61300000e-04 -3.63210000e-04 -3.88150000e-04 2.84844000e-03 -4.28450000e-04 4.20648000e-03 1.65670000e-03 1.82610000e-03 2.40517000e-03 2.90254000e-03 2.28616000e-03 1.37221000e-03 2.01035000e-03 2.21576000e-03 3.52603000e-03 1.82408000e-03 5.09660000e-02 2.76105000e-03 2.75197000e-03 1.90556000e-03 3.14884000e-03 2.64202000e-03
1.52145000e-03 -1.35990000e-04 -2.08020000e-04 2.37270000e-04 1.44836000e-03 7.19920000e-03 -1.33004000e-03 5.67480000e-04 -1.65240000e-04 1.63695000e-03 -1.50900000e-04 5.09073000e-03 -5.05060000e-04 3.90721000e-03 1.63023000e-03 1.18557000e-03 -3.70831000e-03 8.60200000e-05 2.70000000e-07 -3.45234000e-03 5.00409000e-03 2.47317000e-03 3.63590000e-04 5.26440000e-04 -1.66812000e-03 3.19310000e-04 2.28220000e-04 1.33187000e-03 5.03100000e-04 -2.53776000e-03 -2.11267000e-03 -3.00352000e-03 -6.80900000e-04 1.40817000e-03 3.01897000e-03 -4.82590000e-04 -6.85100000e-04 -1.94955000e-03 1.22535000e-03 -7.40260000e-04 1.12253000e-03 1.99214000e-03 1.15369000e-03 1.36760000e-03 1.10907000e-03 1.02414000e-03 -3.50400000e-05 6.13320000e-04 6.61520000e-04 7.06280000e-04 1.14841000e-03 1.16474000e-03 1.15313000e-03 7.68110000e-04 6.04910000e-04 -4.90519000e-03 2.35777000e-03 7.32440000e-03 2.59690000e-03 4.52078000e-03 -1.89090000e-03 -1.42828000e-03 1.08012000e-03 -7.95250000e-04 5.20800000e-04 8.36820000e-04 2.36371000e-03 5.74890000e-04 2.65128000e-03 8.24860000e-04 -7.03000000e-04 -5.05622000e-03 4.88950000e-04 1.39256000e-03 -3.60130000e-04 8.98910000e-04 -2.78158000e-03 -1.24472000e-03 1.20049000e-03 -3.23101000e-03 3.42060000e-04 4.63450000e-04 -3.95740000e-04 -8.12730000e-04 -6.93820000e-04 4.29081000e-03 -6.41690000e-04 6.71511000e-03 8.53990000e-04 -1.91600000e-05 2.99334000e-03 3.88593000e-03 2.34051000e-03 1.02466000e-03 2.07984000e-03 2.52294000e-03 5.03101000e-03 1.29570000e-03 2.76105000e-03 5.14742800e-02 3.06055000e-03 2.24227000e-03 4.84065000e-03 4.50549000e-03
1.54488000e-03 6.92000000e-05 8.61970000e-04 -5.86960000e-04 4.68970000e-04 3.35735000e-03 -5.52310000e-04 3.60860000e-04 -6.92800000e-05 2.29859000e-03 -2.50560000e-04 2.82869000e-03 -1.61480000e-04 1.93808000e-03 -8.81300000e-05 -2.74510000e-04 -9.22770000e-04 3.76430000e-04 2.58350000e-04 -1.61383000e-03 2.66299000e-03 2.15676000e-03 -6.07700000e-05 -1.04600000e-05 -2.76600000e-04 1.53670000e-04 1.21657000e-03 6.91090000e-04 -4.49260000e-04 -1.21719000e-03 -1.05069000e-03 -1.39354000e-03 -3.69830000e-04 -3.44430000e-04 1.41361000e-03 -1.51120000e-04 -1.14420000e-04 -6.30490000e-04 2.85270000e-04 -3.55310000e-04 5.61350000e-04 1.07217000e-03 1.96260000e-04 4.44920000e-04 -4.60430000e-04 3.22210000e-04 4.27000000e-05 1.13640000e-04 7.70900000e-05 4.64070000e-04 5.97790000e-04 2.95060000e-04 2.50306000e-03 -1.52770000e-04 4.31620000e-04 -2.01440000e-03 1.98723000e-03 3.83921000e-03 1.25522000e-03 2.29683000e-03 -1.55175000e-03 -5.87670000e-04 3.93280000e-04 4.52750000e-04 1.06900000e-04 1.18290000e-04 1.94190000e-03 -5.84500000e-05 1.48028000e-03 -1.78910000e-04 2.19610000e-04 -2.26958000e-03 6.26370000e-04 1.01795000e-03 7.88600000e-05 2.20185000e-03 -1.05970000e-03 -3.60300000e-04 1.95330000e-04 -1.35450000e-03 -4.68800000e-04 -6.09560000e-04 -1.49970000e-04 -8.44600000e-05 -6.07800000e-05 2.70257000e-03 -8.31050000e-04 4.32338000e-03 2.39195000e-03 3.49595000e-03 2.60730000e-03 3.11027000e-03 2.79809000e-03 1.33410000e-03 2.24308000e-03 2.46972000e-03 3.94084000e-03 2.31565000e-03 2.75197000e-03 3.06055000e-03 2.97377400e-02 1.84869000e-03 3.26782000e-03 2.00816000e-03
1.75141000e-03 -4.30260000e-04 -7.14990000e-04 3.75620000e-04 4.95100000e-04 2.82813000e-03 -8.08500000e-04 1.16440000e-04 -4.16800000e-05 1.26355000e-03 3.07300000e-05 1.80563000e-03 -7.56680000e-04 1.46358000e-03 1.05978000e-03 7.55130000e-04 -2.09779000e-03 -2.38120000e-04 -1.77540000e-04 -1.58171000e-03 1.57382000e-03 1.88624000e-03 2.94170000e-04 9.81100000e-05 -1.17662000e-03 1.79400000e-05 3.60290000e-04 2.65800000e-04 4.64780000e-04 -1.13430000e-03 -1.09834000e-03 -1.43927000e-03 -4.50880000e-04 8.68710000e-04 1.15266000e-03 -3.45930000e-04 -3.61150000e-04 -1.22212000e-03 5.61720000e-04 -5.51890000e-04 2.47290000e-04 5.30790000e-04 4.94540000e-04 3.24570000e-04 7.84160000e-04 3.55180000e-04 -2.28850000e-04 1.38110000e-04 4.52520000e-04 2.06030000e-04 3.77910000e-04 5.61250000e-04 1.01038000e-03 4.07290000e-04 2.40000000e-07 -2.25850000e-03 1.95584000e-03 4.07449000e-03 9.12090000e-04 1.58100000e-03 -3.42560000e-04 -7.88080000e-04 4.57530000e-04 -8.83150000e-04 7.35800000e-05 4.04580000e-04 1.96822000e-03 2.52880000e-04 8.46050000e-04 6.42870000e-04 -4.23510000e-04 -2.34663000e-03 -1.07880000e-04 5.22290000e-04 -3.54410000e-04 -6.21750000e-04 -1.40304000e-03 -6.60730000e-04 6.12550000e-04 -1.58374000e-03 5.02210000e-04 6.46460000e-04 -9.77100000e-05 -6.24220000e-04 -7.58980000e-04 2.81506000e-03 1.17970000e-04 3.71935000e-03 8.14260000e-04 -9.50100000e-05 2.19086000e-03 2.42057000e-03 1.67605000e-03 1.60395000e-03 1.70951000e-03 1.99210000e-03 2.67757000e-03 1.29942000e-03 1.90556000e-03 2.24227000e-03 1.84869000e-03 2.94181800e-02 2.87849000e-03 3.22041000e-03
1.57397000e-03 -4.97910000e-04 -1.04993000e-03 9.31260000e-04 2.65644000e-03 1.35348500e-02 -2.27095000e-03 7.34100000e-04 -6.22680000e-04 1.15522000e-03 -2.01700000e-04 9.42206000e-03 -1.14270000e-03 7.24228000e-03 3.80030000e-03 2.91015000e-03 -7.36733000e-03 8.48100000e-05 -3.22650000e-04 -6.15086000e-03 9.30055000e-03 3.21068000e-03 7.52650000e-04 1.04048000e-03 -3.44527000e-03 3.64020000e-04 -4.11050000e-04 2.38234000e-03 1.57168000e-03 -4.27350000e-03 -3.63415000e-03 -5.66603000e-03 -1.19655000e-03 3.64705000e-03 5.63713000e-03 -1.08706000e-03 -1.37455000e-03 -3.46966000e-03 2.35381000e-03 -1.08584000e-03 1.99230000e-03 3.50926000e-03 2.43088000e-03 2.94608000e-03 3.32540000e-03 1.98100000e-03 -2.21720000e-04 1.25563000e-03 1.33730000e-03 1.32120000e-03 2.16787000e-03 2.27814000e-03 -2.13210000e-04 1.74967000e-03 8.55510000e-04 -8.89594000e-03 2.98204000e-03 1.31768600e-02 4.62894000e-03 8.32256000e-03 -2.86478000e-03 -2.87565000e-03 2.16662000e-03 -2.31841000e-03 9.62580000e-04 1.71360000e-03 3.10503000e-03 1.40189000e-03 4.46244000e-03 1.93934000e-03 -1.78577000e-03 -9.20584000e-03 4.38570000e-04 2.18391000e-03 -9.52580000e-04 -2.72200000e-05 -5.29683000e-03 -2.20245000e-03 2.53742000e-03 -5.99454000e-03 1.10339000e-03 1.52858000e-03 -9.96260000e-04 -1.89888000e-03 -1.61722000e-03 6.96190000e-03 -8.47010000e-04 1.14048800e-02 -7.15130000e-04 -3.84513000e-03 3.98818000e-03 5.37424000e-03 2.12652000e-03 9.10220000e-04 2.13476000e-03 2.89033000e-03 7.14601000e-03 1.39500000e-04 3.14884000e-03 4.84065000e-03 3.26782000e-03 2.87849000e-03 2.74381450e-01 8.37911000e-03
1.95344000e-03 -1.06325000e-03 -2.79303000e-03 2.01930000e-03 2.64342000e-03 1.33655200e-02 -2.51464000e-03 4.58430000e-04 -6.59660000e-04 4.93460000e-04 -7.15400000e-05 8.19264000e-03 -1.88029000e-03 6.74833000e-03 5.14591000e-03 4.52866000e-03 -8.92002000e-03 -3.99300000e-04 -1.09656000e-03 -6.63310000e-03 8.21570000e-03 3.13402000e-03 1.28098000e-03 1.09938000e-03 -4.57733000e-03 8.73900000e-05 -9.74250000e-04 1.86584000e-03 2.70828000e-03 -4.99355000e-03 -4.03616000e-03 -5.96072000e-03 -1.38493000e-03 4.99723000e-03 5.59927000e-03 -1.58337000e-03 -1.44623000e-03 -3.81777000e-03 2.51042000e-03 -9.29920000e-04 1.91268000e-03 3.23349000e-03 3.06012000e-03 3.12789000e-03 4.59838000e-03 2.21640000e-03 -4.97920000e-04 1.26407000e-03 1.77390000e-03 1.20853000e-03 2.22794000e-03 2.70067000e-03 -1.57623000e-03 2.35503000e-03 3.98700000e-04 -1.00435900e-02 3.10677000e-03 1.42169500e-02 4.17126000e-03 7.64349000e-03 -1.62377000e-03 -3.15219000e-03 2.33473000e-03 -3.30097000e-03 9.57870000e-04 2.21448000e-03 3.25431000e-03 2.27137000e-03 4.04053000e-03 2.98136000e-03 -2.47527000e-03 -9.92404000e-03 3.37050000e-04 1.43225000e-03 -1.81562000e-03 -2.78080000e-03 -5.96175000e-03 -2.70588000e-03 3.23480000e-03 -6.61041000e-03 2.15906000e-03 2.90529000e-03 -1.13227000e-03 -2.57567000e-03 -2.51014000e-03 7.48783000e-03 1.97570000e-04 1.12855500e-02 -2.12687000e-03 -7.60599000e-03 3.82432000e-03 5.29035000e-03 1.25140000e-03 1.13820000e-03 1.87222000e-03 2.56328000e-03 6.82669000e-03 -7.72400000e-04 2.64202000e-03 4.50549000e-03 2.00816000e-03 3.22041000e-03 8.37911000e-03 4.49900500e-02
