-2.13426000e-03 7.65500000e-05 1.20640000e-04 -1.39662000e-03 -2.09788000e-03 -7.00329000e-03 1.91617000e-03 -5.95890000e-04 -6.68100000e-05 1.00429000e-03 -9.20500000e-05 8.51100000e-04 1.60190000e-04 2.82120000e-03 2.12310000e-04 -1.61948000e-03 2.49580000e-04 -2.45525000e-03 1.03600000e-04 3.27902000e-03 -4.66474000e-03 -6.62120000e-04 -6.86330000e-04 -1.77790000e-03 2.34874000e-03 -6.83180000e-04 2.29854000e-03 -1.17393000e-03 -1.45280000e-04 -2.76947000e-03 1.95828000e-03 2.78915000e-03 4.15450000e-04 5.83930000e-04 -2.70358000e-03 4.89313000e-03 1.32502000e-03 -1.36686000e-03 -1.80701000e-03 1.13585000e-03 -1.01995000e-03 -1.66617000e-03 -9.30990000e-04 -1.28210000e-03 -2.52160000e-03 -1.42336000e-03 -5.04000000e-06 -9.23240000e-04 1.63611000e-03 -1.37945000e-03 9.88740000e-04 2.69946000e-03 2.02687000e-03 1.91144000e-03 -4.38810000e-04 5.21729000e-03 -7.50610000e-04 -5.75145000e-03 -2.87502000e-03 -4.22981000e-03 7.84520000e-04 -4.30379000e-03 3.85250000e-04 8.65730000e-04 -9.87920000e-04 -1.25335000e-03 -8.15680000e-04 -8.73240000e-04 -2.32226000e-03 1.11221000e-03 -1.09882000e-03 5.08580000e-03 -5.05800000e-05 -8.84540000e-04 3.88880000e-04 -3.45430000e-04 3.07598000e-03 1.78986000e-03 -1.69594000e-03 3.42064000e-03 1.38857000e-03 1.07523000e-03 2.53890000e-04 1.06570000e-03 -4.54370000e-04 -2.78226000e-03 -1.79450000e-04 -4.20005000e-03 2.38072000e-03 5.29448000e-03 -8.42560000e-04 -1.64288000e-03 4.32980000e-04 7.29860000e-04 1.06440000e-04 -3.65760000e-04 1.34890000e-03 -3.85410000e-04 -1.20871000e-03 1.15860000e-04 -7.53020000e-04 -2.53578000e-03 -3.45620000e-03
-1.85375000e-03 -5.49400000e-05 -1.18400000e-04 -3.29510000e-04 -1.16035000e-03 -4.87403000e-03 1.15880000e-03 -3.90200000e-04 1.06260000e-04 3.45130000e-04 1.48800000e-05 4.19270000e-04 4.37500000e-05 1.63367000e-03 -9.84400000e-05 -8.48620000e-04 1.75820000e-04 -9.81850000e-04 -2.62900000e-05 2.13365000e-03 -3.39198000e-03 -4.61680000e-04 -1.72010000e-04 -9.62280000e-04 1.14315000e-03 -2.94290000e-04 1.11907000e-03 -5.96510000e-04 6.60700000e-05 -1.37497000e-03 1.18161000e-03 1.86530000e-03 2.39830000e-04 1.06145000e-03 -2.15134000e-03 2.65264000e-03 6.36870000e-04 -9.08610000e-04 -9.79240000e-04 5.02460000e-04 -8.57490000e-04 -1.41127000e-03 -7.08570000e-04 -1.11243000e-03 -1.02362000e-03 -7.27270000e-04 -7.28200000e-05 -6.56740000e-04 8.05840000e-04 -3.11110000e-04 6.79660000e-04 1.38368000e-03 8.74090000e-04 9.75950000e-04 -4.40000000e-04 3.21225000e-03 -3.28980000e-04 -3.77554000e-03 -1.82619000e-03 -3.84668000e-03 1.15241000e-03 -3.28402000e-03 9.62730000e-04 3.42910000e-04 -5.32410000e-04 -5.76430000e-04 -3.66280000e-04 -4.26130000e-04 -1.75653000e-03 6.55160000e-04 -4.87680000e-04 3.28972000e-03 -2.43800000e-04 -7.57110000e-04 1.89610000e-04 -2.87750000e-04 1.83240000e-03 9.75230000e-04 -9.23740000e-04 2.10346000e-03 7.25630000e-04 6.48580000e-04 2.17800000e-04 5.43570000e-04 -4.16120000e-04 -1.64321000e-03 4.31500000e-04 -2.99609000e-03 1.07493000e-03 2.17800000e-03 -5.42700000e-04 -1.13440000e-03 2.62500000e-05 6.18150000e-04 4.52400000e-05 -2.18800000e-04 7.31680000e-04 -4.19570000e-04 -9.53120000e-04 -3.64650000e-04 -3.43320000e-04 -1.88238000e-03 -1.92006000e-03
-4.15120000e-03 4.44980000e-04 4.18550000e-04 -2.04017000e-03 -3.01153000e-03 -1.21882900e-02 3.45251000e-03 -6.79430000e-04 4.05830000e-04 1.48912000e-03 -1.03990000e-04 1.15680000e-03 7.84850000e-04 4.75625000e-03 3.53150000e-04 -2.84967000e-03 9.96870000e-04 -4.12060000e-03 6.86860000e-04 5.71881000e-03 -7.64572000e-03 -1.38072000e-03 -1.10366000e-03 -2.36704000e-03 3.94371000e-03 -5.49680000e-04 2.85939000e-03 -1.56867000e-03 1.05980000e-04 -4.28560000e-03 3.24237000e-03 5.09039000e-03 8.75130000e-04 2.01291000e-03 -5.23871000e-03 8.14193000e-03 1.63940000e-03 -2.56863000e-03 -2.75218000e-03 1.20348000e-03 -1.73968000e-03 -3.06006000e-03 -1.93656000e-03 -3.18632000e-03 -4.02968000e-03 -2.16944000e-03 2.34440000e-04 -1.56990000e-03 2.46941000e-03 -1.94654000e-03 1.74339000e-03 4.08223000e-03 3.28008000e-03 2.92208000e-03 -6.54760000e-04 8.81796000e-03 -1.25078000e-03 -1.09283700e-02 -4.44444000e-03 -7.49391000e-03 2.09251000e-03 -7.67490000e-03 1.00950000e-03 1.85742000e-03 -1.11659000e-03 -2.11130000e-03 -1.40586000e-03 -1.59245000e-03 -3.85104000e-03 1.86081000e-03 -1.87966000e-03 8.75783000e-03 3.07320000e-04 -1.39651000e-03 1.24297000e-03 -8.29190000e-04 5.27144000e-03 2.44624000e-03 -2.99907000e-03 5.80665000e-03 2.33630000e-03 2.17818000e-03 7.77240000e-04 2.05933000e-03 -4.82950000e-04 -5.07476000e-03 -3.05700000e-05 -8.12760000e-03 3.83697000e-03 8.56625000e-03 -1.49317000e-03 -2.92296000e-03 7.39200000e-04 9.60140000e-04 1.39680000e-04 -4.99870000e-04 2.48267000e-03 -7.06830000e-04 -2.23619000e-03 -3.05600000e-05 -1.30972000e-03 -5.05676000e-03 -6.49049000e-03
1.14750000e-03 8.63400000e-04 9.21760000e-04 -8.02050000e-04 3.72690000e-04 6.37720000e-04 6.64210000e-04 6.19920000e-04 3.98810000e-04 9.21620000e-04 -5.06600000e-05 1.99190000e-04 9.42210000e-04 8.01560000e-04 5.05010000e-04 -2.82250000e-04 6.21260000e-04 -1.25926000e-03 8.29250000e-04 1.59460000e-04 1.28352000e-03 4.03200000e-05 -2.90440000e-04 5.45820000e-04 1.09870000e-03 5.32590000e-04 8.97460000e-04 2.81970000e-04 1.00180000e-04 -1.79390000e-04 2.09990000e-04 4.79330000e-04 4.27360000e-04 1.79870000e-04 3.38020000e-04 1.30244000e-03 8.47800000e-05 -2.47600000e-05 6.67000000e-06 1.56230000e-04 7.64360000e-04 8.83920000e-04 1.78420000e-04 -2.38210000e-04 -1.16243000e-03 1.90380000e-04 6.69360000e-04 3.06890000e-04 4.55670000e-04 -7.02210000e-04 1.99270000e-04 6.47330000e-04 1.22772000e-03 8.66240000e-04 7.38580000e-04 2.36940000e-04 -7.58800000e-05 -8.46990000e-04 5.44570000e-04 2.80763000e-03 -6.59420000e-04 7.75630000e-04 -1.40833000e-03 1.20537000e-03 6.28290000e-04 -2.36400000e-04 -1.66370000e-04 -4.61400000e-05 9.85080000e-04 3.82300000e-04 -3.96760000e-04 2.54980000e-04 1.34120000e-03 6.21830000e-04 7.81150000e-04 8.53000000e-05 6.06830000e-04 -5.52700000e-05 -3.53500000e-04 4.52060000e-04 6.01950000e-04 7.00270000e-04 3.32010000e-04 8.42100000e-04 7.75360000e-04 -4.58100000e-04 -7.64030000e-04 -2.21870000e-04 1.29686000e-03 2.96488000e-03 2.06200000e-04 5.19110000e-04 9.71540000e-04 -6.24840000e-04 3.72550000e-04 3.46400000e-04 9.17900000e-04 6.89170000e-04 6.30340000e-04 1.20227000e-03 -1.91940000e-04 6.18300000e-05 -6.35280000e-04
-5.83930000e-04 -2.59600000e-05 -5.32000000e-05 4.40900000e-05 -3.47890000e-04 -1.70212000e-03 3.70120000e-04 -1.20440000e-04 8.62400000e-05 1.64890000e-04 3.45000000e-06 1.65940000e-04 1.87100000e-05 4.52290000e-04 -1.23610000e-04 -1.89240000e-04 4.13400000e-05 -1.68180000e-04 -5.65100000e-05 7.11140000e-04 -1.21095000e-03 -1.19040000e-04 4.71300000e-05 -2.72490000e-04 3.11590000e-04 -6.53400000e-05 5.40770000e-04 -1.74810000e-04 3.97300000e-05 -3.48100000e-04 3.73500000e-04 6.51890000e-04 5.94800000e-05 5.70540000e-04 -7.99630000e-04 8.02560000e-04 2.43640000e-04 -3.01560000e-04 -3.06650000e-04 1.76760000e-04 -3.19160000e-04 -5.21440000e-04 -2.12000000e-04 -3.78750000e-04 -2.27270000e-04 -1.68990000e-04 -2.88100000e-05 -2.47450000e-04 2.85300000e-04 7.08400000e-05 2.91930000e-04 4.81090000e-04 3.07170000e-04 3.58270000e-04 -1.67230000e-04 1.03276000e-03 -3.36700000e-05 -1.22023000e-03 -5.90500000e-04 -1.45706000e-03 5.21190000e-04 -1.22926000e-03 4.64910000e-04 1.14820000e-04 -1.79180000e-04 -9.61500000e-05 -6.15100000e-05 -6.32000000e-05 -6.18120000e-04 2.93680000e-04 -8.82600000e-05 1.10844000e-03 -7.34600000e-05 -2.93510000e-04 2.58000000e-05 -7.95000000e-05 5.94870000e-04 3.54040000e-04 -2.40920000e-04 6.86830000e-04 2.28400000e-04 2.02630000e-04 6.89600000e-05 1.70600000e-04 -1.61500000e-04 -4.80250000e-04 2.83800000e-04 -1.00962000e-03 3.71930000e-04 6.24550000e-04 -1.21800000e-04 -2.95240000e-04 5.04800000e-05 2.55870000e-04 7.78500000e-05 -7.87000000e-06 2.89780000e-04 -9.96700000e-05 -2.59930000e-04 -9.88900000e-05 -4.72000000e-05 -6.24580000e-04 -4.78680000e-04
-2.95860000e-04 -5.44600000e-05 -7.74700000e-05 4.36680000e-04 2.08910000e-04 -3.06430000e-04 -4.41700000e-05 1.06090000e-04 1.89200000e-04 -1.74930000e-04 1.91330000e-04 -2.71980000e-04 -1.16510000e-04 -1.05950000e-04 -5.01500000e-05 -5.50000000e-07 1.46500000e-05 4.34600000e-04 -8.73600000e-05 -1.02920000e-04 -4.31800000e-04 1.59200000e-05 1.80740000e-04 1.77000000e-04 -3.53520000e-04 1.99790000e-04 -6.83650000e-04 1.53170000e-04 1.31100000e-04 3.29140000e-04 -2.04300000e-04 1.30290000e-04 -3.13000000e-05 1.21421000e-03 -3.21270000e-04 -5.53840000e-04 -3.69740000e-04 6.08500000e-05 2.74310000e-04 -4.06650000e-04 -4.35400000e-05 -1.79340000e-04 -3.33220000e-04 -6.50690000e-04 3.91710000e-04 1.11020000e-04 3.34100000e-05 -6.40000000e-07 -3.61800000e-04 3.90840000e-04 5.06000000e-05 -5.86500000e-04 -2.74640000e-04 -5.14280000e-04 -8.39300000e-05 -2.85120000e-04 3.03620000e-04 -2.02430000e-04 1.88400000e-05 -9.18210000e-04 5.53850000e-04 -6.16590000e-04 5.19010000e-04 -4.76700000e-05 2.17060000e-04 1.20220000e-04 3.11700000e-04 6.25100000e-05 -7.43100000e-05 -1.99340000e-04 6.23800000e-05 -1.29060000e-04 -5.10900000e-05 -8.08900000e-05 -1.03250000e-04 -1.98690000e-04 -1.08050000e-04 -4.54490000e-04 7.33500000e-05 -1.14220000e-04 -2.27000000e-04 3.90600000e-05 1.59220000e-04 -7.79500000e-05 1.58500000e-05 1.87020000e-04 4.25530000e-04 -3.46300000e-04 -3.33220000e-04 -1.05733000e-03 1.37530000e-04 6.77300000e-05 -4.32200000e-05 9.40200000e-05 1.32990000e-04 2.16130000e-04 1.09830000e-04 -3.94800000e-05 -3.84100000e-05 -2.73520000e-04 2.61370000e-04 -2.75040000e-04 4.18630000e-04
2.52300000e-04 2.50820000e-04 3.21680000e-04 -4.78500000e-05 2.85310000e-04 6.68880000e-04 6.19500000e-05 2.36910000e-04 1.06520000e-04 -3.97100000e-05 2.03000000e-06 -7.04900000e-05 2.75440000e-04 2.86760000e-04 2.81770000e-04 6.94800000e-05 1.90270000e-04 -1.18140000e-04 2.43220000e-04 -1.98100000e-04 6.95650000e-04 -1.19380000e-04 -1.09500000e-05 3.27180000e-04 1.01040000e-04 2.10880000e-04 6.46400000e-05 2.06150000e-04 8.92000000e-05 2.97790000e-04 -7.99400000e-05 -4.30600000e-05 1.41750000e-04 2.34460000e-04 2.70100000e-04 -6.87100000e-05 -1.71580000e-04 9.75500000e-05 1.40570000e-04 -5.37300000e-05 3.30540000e-04 3.83380000e-04 1.20690000e-04 -1.92600000e-05 -2.82700000e-05 2.19290000e-04 2.22140000e-04 2.06880000e-04 -1.05080000e-04 -4.58100000e-05 -4.90000000e-05 -3.33500000e-05 -7.47200000e-05 1.58620000e-04 2.45860000e-04 -3.72640000e-04 -1.39330000e-04 -1.48600000e-05 3.34640000e-04 1.16655000e-03 -1.01330000e-04 4.06840000e-04 -3.37800000e-04 3.37710000e-04 3.45510000e-04 5.29900000e-05 -1.56720000e-04 1.13850000e-04 4.64280000e-04 -2.97200000e-05 -3.19600000e-05 -3.44570000e-04 5.46120000e-04 1.84060000e-04 2.00660000e-04 5.97700000e-05 -7.89900000e-05 -2.51480000e-04 7.57600000e-05 -1.46140000e-04 6.19900000e-05 1.26510000e-04 1.09100000e-04 1.42610000e-04 2.32120000e-04 -8.07600000e-05 -1.23410000e-04 1.44300000e-05 -7.65100000e-05 -3.20000000e-07 -6.53700000e-05 9.04200000e-05 1.35000000e-05 -4.07430000e-04 -8.74700000e-05 -6.88700000e-05 -5.32300000e-05 4.09500000e-05 6.48700000e-05 6.49900000e-05 -1.55770000e-04 2.27000000e-05 1.29290000e-04
2.30605000e-03 -1.03683000e-03 -8.52830000e-04 2.06530000e-03 1.76134000e-03 8.16994000e-03 -2.92717000e-03 9.23100000e-05 -5.43480000e-04 -1.27689000e-03 1.05600000e-04 -1.03344000e-03 -1.47465000e-03 -3.81711000e-03 -9.78370000e-04 2.13537000e-03 -1.16917000e-03 3.86480000e-03 -9.96030000e-04 -4.17571000e-03 4.73614000e-03 1.07664000e-03 1.07013000e-03 1.16352000e-03 -3.61096000e-03 -6.00000000e-06 -1.95468000e-03 7.48200000e-04 -3.34360000e-04 3.42165000e-03 -2.54829000e-03 -3.95538000e-03 -1.07470000e-03 -1.26549000e-03 3.17669000e-03 -6.64106000e-03 -1.30591000e-03 1.63617000e-03 1.86029000e-03 -1.05800000e-03 6.55510000e-04 1.45145000e-03 1.16562000e-03 1.92452000e-03 3.93566000e-03 1.44571000e-03 -6.37500000e-04 7.16520000e-04 -2.01061000e-03 1.92142000e-03 -1.22382000e-03 -3.14263000e-03 -2.75122000e-03 -2.52582000e-03 -8.82800000e-05 -6.35999000e-03 1.24234000e-03 8.31390000e-03 2.68389000e-03 3.67095000e-03 -5.86640000e-04 4.86760000e-03 4.91990000e-04 -1.90906000e-03 3.93020000e-04 1.66283000e-03 1.38581000e-03 1.18944000e-03 2.03995000e-03 -1.57671000e-03 1.40128000e-03 -6.30314000e-03 -8.26630000e-04 7.14420000e-04 -1.36703000e-03 4.09920000e-04 -4.14069000e-03 -1.74144000e-03 2.27474000e-03 -4.40045000e-03 -1.96778000e-03 -2.05240000e-03 -7.77920000e-04 -2.06199000e-03 -2.30700000e-05 4.12502000e-03 7.47710000e-04 6.15559000e-03 -3.17491000e-03 -7.79907000e-03 1.36358000e-03 2.04260000e-03 -7.49320000e-04 7.12700000e-05 3.01000000e-05 5.75120000e-04 -1.93822000e-03 2.99790000e-04 1.48298000e-03 -4.36940000e-04 1.27286000e-03 3.93253000e-03 5.66723000e-03
-7.51990000e-04 -2.13480000e-04 -2.02260000e-04 2.10540000e-04 -4.14400000e-04 -1.97354000e-03 2.33200000e-04 -1.93200000e-04 7.27700000e-05 1.29830000e-04 7.96600000e-05 3.52800000e-05 -2.66230000e-04 2.94610000e-04 -3.44860000e-04 -2.22590000e-04 -6.52500000e-05 6.04800000e-05 -1.98120000e-04 6.56730000e-04 -1.57668000e-03 -2.60000000e-07 1.12560000e-04 -4.01050000e-04 5.59000000e-05 -1.11540000e-04 2.97900000e-04 -2.34500000e-04 1.19200000e-05 -2.62420000e-04 2.42050000e-04 6.06570000e-04 -4.73400000e-05 9.65580000e-04 -1.02071000e-03 5.00860000e-04 1.03550000e-04 -3.25980000e-04 -2.64130000e-04 2.70900000e-05 -4.97230000e-04 -7.56440000e-04 -3.94350000e-04 -6.82970000e-04 8.28000000e-06 -2.61480000e-04 -1.35640000e-04 -3.44410000e-04 1.47430000e-04 2.06660000e-04 3.08450000e-04 2.10010000e-04 2.27550000e-04 6.81000000e-05 -3.25210000e-04 9.38230000e-04 1.91800000e-04 -1.14041000e-03 -7.42540000e-04 -2.11446000e-03 8.51820000e-04 -1.55958000e-03 8.73930000e-04 -4.12000000e-05 -2.28400000e-04 -9.00900000e-05 1.84790000e-04 -5.89100000e-05 -8.11160000e-04 1.87910000e-04 -7.71500000e-05 1.03457000e-03 -2.31400000e-04 -3.77020000e-04 -1.12200000e-04 -1.78620000e-04 4.70890000e-04 1.75430000e-04 -2.11180000e-04 5.90060000e-04 8.88300000e-05 1.04870000e-04 6.98800000e-05 2.08500000e-05 -2.35800000e-04 -2.50430000e-04 5.08050000e-04 -9.61580000e-04 2.76310000e-04 1.03190000e-04 4.22800000e-05 -2.29140000e-04 5.97000000e-05 5.36530000e-04 2.22140000e-04 1.60060000e-04 3.79530000e-04 -6.33000000e-05 -2.36230000e-04 -2.01440000e-04 1.67300000e-04 -5.65580000e-04 -1.01100000e-04
-2.28979000e-03 4.13780000e-04 1.51440000e-04 -1.19233000e-03 -1.83169000e-03 -7.37474000e-03 2.12782000e-03 -6.34460000e-04 1.25660000e-04 9.24770000e-04 -3.10990000e-04 1.17019000e-03 8.13120000e-04 2.92363000e-03 3.97120000e-04 -1.39075000e-03 5.52160000e-04 -2.51034000e-03 2.58450000e-04 3.50987000e-03 -4.62364000e-03 -8.19860000e-04 -5.95780000e-04 -1.30293000e-03 2.58892000e-03 -4.13930000e-04 2.41162000e-03 -8.96150000e-04 9.65000000e-05 -2.56060000e-03 2.07126000e-03 3.07813000e-03 5.97360000e-04 6.55150000e-04 -3.01900000e-03 5.17188000e-03 1.59886000e-03 -1.52204000e-03 -1.81056000e-03 1.39929000e-03 -1.00283000e-03 -1.76001000e-03 -8.00190000e-04 -1.07931000e-03 -2.51288000e-03 -1.18624000e-03 6.85700000e-05 -9.62210000e-04 1.82706000e-03 -1.01308000e-03 1.10940000e-03 3.11324000e-03 1.97440000e-03 2.49675000e-03 -4.41550000e-04 5.41167000e-03 -9.81280000e-04 -6.21233000e-03 -2.71795000e-03 -4.27150000e-03 1.08093000e-03 -4.62443000e-03 6.27090000e-04 1.01576000e-03 -8.16080000e-04 -1.10367000e-03 -1.07635000e-03 -6.27150000e-04 -2.48274000e-03 1.64991000e-03 -8.44290000e-04 5.38804000e-03 1.11100000e-04 -1.17830000e-03 6.52460000e-04 -1.34250000e-04 3.24548000e-03 1.96636000e-03 -1.60634000e-03 3.54233000e-03 1.54219000e-03 1.32766000e-03 1.42240000e-04 1.25876000e-03 -6.26920000e-04 -3.08571000e-03 -2.26590000e-04 -4.68163000e-03 2.37916000e-03 5.42259000e-03 -1.08696000e-03 -1.80335000e-03 2.92810000e-04 5.67310000e-04 -4.23300000e-05 -6.03880000e-04 1.21415000e-03 -4.80230000e-04 -1.38243000e-03 -2.72100000e-05 -9.84880000e-04 -2.87620000e-03 -3.80859000e-03
6.11150000e-04 1.04590000e-04 1.50320000e-04 3.34130000e-04 6.53350000e-04 2.18054000e-03 -3.99470000e-04 3.02580000e-04 5.75000000e-05 -1.83870000e-04 5.76900000e-05 -2.45230000e-04 3.60200000e-05 -4.94720000e-04 7.99200000e-05 4.17950000e-04 -1.34200000e-05 5.94650000e-04 8.64600000e-05 -8.68590000e-04 1.68684000e-03 6.57500000e-05 2.01200000e-04 5.82170000e-04 -4.90630000e-04 2.94070000e-04 -3.89170000e-04 3.41990000e-04 1.93400000e-05 9.26070000e-04 -5.10660000e-04 -6.77010000e-04 -7.84000000e-05 -1.63260000e-04 7.54290000e-04 -1.16988000e-03 -4.27010000e-04 3.51960000e-04 5.30760000e-04 -3.09070000e-04 4.30130000e-04 6.35930000e-04 2.56760000e-04 1.36860000e-04 7.48330000e-04 5.01780000e-04 1.40640000e-04 2.93650000e-04 -4.09130000e-04 3.29140000e-04 -2.16310000e-04 -5.99540000e-04 -4.48570000e-04 -3.32640000e-04 2.61290000e-04 -1.34533000e-03 1.60030000e-04 1.41537000e-03 9.22670000e-04 1.73702000e-03 -1.98790000e-04 1.40493000e-03 -2.91700000e-04 7.06600000e-05 4.22170000e-04 3.61890000e-04 1.66210000e-04 2.72600000e-04 8.46120000e-04 -2.77730000e-04 1.76530000e-04 -1.33731000e-03 3.32730000e-04 4.22330000e-04 -3.45000000e-06 7.25500000e-05 -7.27760000e-04 -4.92450000e-04 4.22190000e-04 -8.44120000e-04 -2.82180000e-04 -1.69670000e-04 -3.78600000e-05 -1.65880000e-04 3.19750000e-04 6.84350000e-04 7.32000000e-06 1.16029000e-03 -5.22010000e-04 -1.19976000e-03 2.74030000e-04 4.93960000e-04 -1.70900000e-05 -3.80590000e-04 -6.69000000e-06 1.48020000e-04 -2.70690000e-04 1.02680000e-04 3.84930000e-04 8.98800000e-05 7.49300000e-05 7.46480000e-04 9.51090000e-04
-5.98387000e-03 -4.93570000e-04 -5.64000000e-04 -8.61300000e-04 -3.32465000e-03 -1.31738600e-02 2.92784000e-03 -1.36151000e-03 1.26530000e-04 6.51220000e-04 -4.58000000e-05 9.21460000e-04 -3.26010000e-04 4.33838000e-03 -2.67270000e-04 -2.62182000e-03 6.18780000e-04 -2.55014000e-03 1.00420000e-04 6.04623000e-03 -8.67437000e-03 -1.45426000e-03 -6.60670000e-04 -2.79938000e-03 2.81188000e-03 -8.96580000e-04 2.56785000e-03 -1.84480000e-03 9.87800000e-05 -3.44503000e-03 3.19100000e-03 4.84999000e-03 4.93920000e-04 1.85272000e-03 -6.32448000e-03 6.96688000e-03 1.42010000e-03 -2.91001000e-03 -2.73846000e-03 9.29570000e-04 -2.69822000e-03 -4.35978000e-03 -2.27468000e-03 -3.73330000e-03 -1.95337000e-03 -2.14360000e-03 -4.67470000e-04 -2.06670000e-03 2.02631000e-03 -8.25640000e-04 1.75301000e-03 3.77052000e-03 2.09539000e-03 2.37667000e-03 -1.60232000e-03 9.25051000e-03 -9.90960000e-04 -1.04358800e-02 -5.00388000e-03 -1.07522100e-02 3.99202000e-03 -8.64916000e-03 3.45449000e-03 7.47070000e-04 -1.47836000e-03 -1.81530000e-03 -1.04504000e-03 -1.44437000e-03 -5.27121000e-03 1.61012000e-03 -1.46679000e-03 9.09025000e-03 -8.64870000e-04 -1.98006000e-03 7.76170000e-04 -9.58650000e-04 4.85328000e-03 2.58825000e-03 -2.64920000e-03 5.60952000e-03 1.75520000e-03 1.61679000e-03 4.64060000e-04 1.18650000e-03 -1.15326000e-03 -4.53120000e-03 1.18633000e-03 -7.90205000e-03 2.63312000e-03 5.13492000e-03 -1.36312000e-03 -3.51379000e-03 -1.44010000e-04 2.16847000e-03 -4.40900000e-05 -5.30570000e-04 1.79027000e-03 -1.42712000e-03 -2.92258000e-03 -1.35146000e-03 -9.54260000e-04 -4.83058000e-03 -5.25276000e-03
-5.85290000e-04 -7.56360000e-04 -6.10450000e-04 9.23930000e-04 -8.14800000e-05 -1.00300000e-05 -7.24630000e-04 -2.90510000e-04 -1.50170000e-04 -6.00330000e-04 1.62630000e-04 -3.66610000e-04 -9.45690000e-04 -9.77530000e-04 -7.50290000e-04 3.72230000e-04 -4.87190000e-04 1.37062000e-03 -6.07010000e-04 -4.37820000e-04 -7.50200000e-04 1.96980000e-04 4.37270000e-04 -2.96840000e-04 -1.21691000e-03 -2.94470000e-04 -4.85140000e-04 -1.28840000e-04 -5.27700000e-05 5.28880000e-04 -3.99150000e-04 -5.81860000e-04 -3.81890000e-04 5.90460000e-04 -1.63520000e-04 -1.61390000e-03 -3.27230000e-04 1.49240000e-04 2.01340000e-04 -4.06620000e-04 -5.49250000e-04 -6.11250000e-04 -8.29500000e-05 -2.90000000e-05 1.22792000e-03 -4.19000000e-06 -4.92290000e-04 -1.57710000e-04 -5.60710000e-04 8.24100000e-04 -1.18930000e-04 -8.88610000e-04 -9.71120000e-04 -9.63950000e-04 -5.17660000e-04 -7.76310000e-04 3.86610000e-04 1.06220000e-03 -1.92590000e-04 -1.99213000e-03 7.81890000e-04 -4.88770000e-04 1.27791000e-03 -9.22850000e-04 -3.17360000e-04 3.66230000e-04 4.41150000e-04 1.41800000e-04 -5.07370000e-04 -5.00370000e-04 4.15470000e-04 -7.04010000e-04 -8.18480000e-04 -3.05620000e-04 -6.24740000e-04 -9.02800000e-05 -7.99160000e-04 -3.26480000e-04 4.95440000e-04 -6.81300000e-04 -6.05550000e-04 -6.73620000e-04 -8.35600000e-05 -7.56110000e-04 -4.21430000e-04 7.72450000e-04 9.46730000e-04 4.98620000e-04 -1.07073000e-03 -2.83855000e-03 1.54030000e-04 9.00000000e-07 -5.49800000e-04 5.85240000e-04 -4.30300000e-05 5.61900000e-05 -5.20320000e-04 -2.52440000e-04 -1.72430000e-04 -7.72040000e-04 4.85990000e-04 2.10920000e-04 1.24143000e-03
-2.95380000e-04 -6.58310000e-04 -4.94880000e-04 9.51980000e-04 1.69850000e-04 8.20380000e-04 -8.15350000e-04 -1.53780000e-04 -1.33490000e-04 -6.22210000e-04 1.71560000e-04 -4.43790000e-04 -8.66300000e-04 -9.85140000e-04 -6.26280000e-04 4.69320000e-04 -4.29920000e-04 1.45276000e-03 -4.87200000e-04 -7.40820000e-04 -3.71700000e-05 2.30180000e-04 4.57420000e-04 -6.26200000e-05 -1.29411000e-03 -1.63840000e-04 -6.02530000e-04 1.73000000e-05 -3.99900000e-05 8.25140000e-04 -5.57890000e-04 -8.09830000e-04 -3.72120000e-04 4.42300000e-04 1.33870000e-04 -1.92065000e-03 -4.90820000e-04 2.58560000e-04 3.89010000e-04 -5.09070000e-04 -3.35320000e-04 -3.18750000e-04 1.48900000e-05 2.09200000e-05 1.39890000e-03 1.95930000e-04 -4.00690000e-04 -2.23800000e-05 -6.86230000e-04 8.42170000e-04 -2.06950000e-04 -1.06715000e-03 -1.04401000e-03 -1.04375000e-03 -3.73490000e-04 -1.22939000e-03 4.37310000e-04 1.53098000e-03 1.62930000e-04 -1.15426000e-03 6.31720000e-04 1.12140000e-04 1.04930000e-03 -8.33090000e-04 -1.04770000e-04 4.51370000e-04 4.91830000e-04 2.01130000e-04 -1.46900000e-04 -6.08640000e-04 4.36530000e-04 -1.15783000e-03 -6.42310000e-04 -1.05580000e-04 -5.47140000e-04 -6.34900000e-05 -1.02032000e-03 -4.99340000e-04 5.95050000e-04 -9.47240000e-04 -6.64260000e-04 -6.81110000e-04 -7.71700000e-05 -7.64500000e-04 -2.50030000e-04 9.89690000e-04 8.67230000e-04 9.32170000e-04 -1.16924000e-03 -3.03366000e-03 2.72950000e-04 1.98260000e-04 -4.88560000e-04 4.37800000e-04 -2.28500000e-05 1.36430000e-04 -5.56220000e-04 -1.68070000e-04 8.00000000e-07 -6.55810000e-04 5.01280000e-04 4.98480000e-04 1.47217000e-03
8.88300000e-04 -4.30000000e-07 -9.87000000e-06 4.67590000e-04 6.67480000e-04 2.22675000e-03 -6.37750000e-04 1.42760000e-04 4.33800000e-05 -1.82700000e-04 -2.26600000e-05 -1.22150000e-04 -8.64000000e-06 -1.03611000e-03 -9.76600000e-05 6.53990000e-04 -1.01280000e-04 8.07680000e-04 -1.02180000e-04 -9.73440000e-04 1.43896000e-03 3.53720000e-04 2.82190000e-04 5.95000000e-04 -7.30230000e-04 2.07090000e-04 -1.88060000e-04 3.75720000e-04 8.80300000e-05 9.02060000e-04 -5.73270000e-04 -8.75330000e-04 -7.98900000e-05 -2.47560000e-04 9.45970000e-04 -1.50506000e-03 -2.09900000e-04 4.95070000e-04 5.17940000e-04 -1.67350000e-04 2.99920000e-04 5.33300000e-04 4.55530000e-04 6.67590000e-04 7.66370000e-04 4.57680000e-04 -2.04900000e-05 3.14750000e-04 -3.74660000e-04 5.26440000e-04 -2.38650000e-04 -6.78660000e-04 -5.37950000e-04 -3.95730000e-04 1.25080000e-04 -1.59047000e-03 2.66830000e-04 2.07437000e-03 9.26430000e-04 1.37030000e-03 -2.38160000e-04 1.34316000e-03 -6.24800000e-05 -3.01510000e-04 2.43090000e-04 4.74140000e-04 2.80420000e-04 4.25370000e-04 6.99990000e-04 -1.50660000e-04 5.34350000e-04 -1.62003000e-03 4.82800000e-05 1.90160000e-04 -1.68070000e-04 2.90410000e-04 -9.67070000e-04 -4.24230000e-04 6.99120000e-04 -1.09696000e-03 -4.38520000e-04 -3.73120000e-04 -1.26990000e-04 -3.38740000e-04 5.33400000e-05 9.96680000e-04 5.12300000e-05 1.54648000e-03 -6.30270000e-04 -1.48199000e-03 3.29830000e-04 6.59850000e-04 -6.61800000e-05 -1.00610000e-04 3.72400000e-05 1.39990000e-04 -3.88150000e-04 2.67150000e-04 5.10510000e-04 1.06020000e-04 3.35350000e-04 9.90820000e-04 1.34949000e-03
1.79949000e-03 5.69010000e-04 6.65600000e-04 -4.69490000e-04 7.66770000e-04 3.32147000e-03 -2.31150000e-04 5.34600000e-04 2.21800000e-05 3.13850000e-04 -9.89500000e-05 2.22800000e-05 5.93930000e-04 -3.13390000e-04 5.34840000e-04 3.70110000e-04 1.66470000e-04 -3.29990000e-04 4.29630000e-04 -1.07218000e-03 2.79662000e-03 2.21000000e-04 -1.28630000e-04 7.64290000e-04 1.64370000e-04 3.48490000e-04 3.57260000e-04 4.18990000e-04 -3.50900000e-05 4.96520000e-04 -4.21610000e-04 -8.19400000e-04 1.51240000e-04 -1.10719000e-03 1.69353000e-03 -5.01020000e-04 -1.12060000e-04 5.62960000e-04 4.35800000e-04 6.57100000e-05 9.95500000e-04 1.47320000e-03 7.01070000e-04 9.21370000e-04 -2.81500000e-04 4.88430000e-04 4.31470000e-04 6.10500000e-04 -4.49100000e-05 -4.17120000e-04 -3.14290000e-04 -1.64300000e-04 2.20270000e-04 1.90510000e-04 7.48090000e-04 -1.53056000e-03 -7.71300000e-05 1.80235000e-03 1.33069000e-03 4.17853000e-03 -1.45247000e-03 2.59219000e-03 -1.74870000e-03 5.45030000e-04 5.22590000e-04 1.82270000e-04 -9.68600000e-05 2.24420000e-04 1.64242000e-03 -8.96400000e-05 5.17900000e-05 -1.68265000e-03 9.13200000e-04 7.94710000e-04 2.79280000e-04 3.55220000e-04 -6.07460000e-04 -3.23530000e-04 3.39320000e-04 -8.57520000e-04 3.45200000e-05 1.19600000e-05 -2.38100000e-05 2.10140000e-04 6.32300000e-04 5.62450000e-04 -8.97320000e-04 1.74913000e-03 1.79730000e-04 8.53270000e-04 2.64330000e-04 8.51230000e-04 4.44130000e-04 -8.71890000e-04 4.14200000e-05 1.03710000e-04 -5.37200000e-05 5.55930000e-04 8.45490000e-04 9.41770000e-04 -1.27720000e-04 1.16411000e-03 4.51560000e-04
2.64422000e-03 -1.03870000e-04 1.47870000e-04 -2.30570000e-04 7.58230000e-04 5.65738000e-03 -1.30388000e-03 2.65160000e-04 -4.95820000e-04 2.49930000e-04 -1.75170000e-04 -2.21710000e-04 -3.52810000e-04 -1.68999000e-03 -2.30270000e-04 8.66880000e-04 -5.91940000e-04 6.50780000e-04 -1.79410000e-04 -2.32480000e-03 4.09671000e-03 7.04120000e-04 3.86300000e-05 4.89770000e-04 -9.05460000e-04 -9.98100000e-05 2.44720000e-04 1.81160000e-04 -5.39180000e-04 1.18322000e-03 -1.21466000e-03 -2.28833000e-03 -4.45950000e-04 -2.41789000e-03 2.61667000e-03 -2.23277000e-03 -2.57610000e-04 8.90590000e-04 6.34150000e-04 1.91600000e-05 9.16540000e-04 1.69081000e-03 1.06577000e-03 1.67953000e-03 8.06140000e-04 4.80060000e-04 -2.11300000e-05 5.22990000e-04 -4.30890000e-04 -2.28840000e-04 -7.55190000e-04 -7.59120000e-04 -2.83480000e-04 -3.73770000e-04 5.04420000e-04 -3.23153000e-03 3.39440000e-04 4.76793000e-03 1.72897000e-03 5.44354000e-03 -1.86952000e-03 4.27550000e-03 -1.67366000e-03 -2.49140000e-04 1.41500000e-04 4.69350000e-04 4.08570000e-04 5.09950000e-04 1.98647000e-03 -5.25090000e-04 2.06950000e-04 -3.48430000e-03 4.18440000e-04 9.84690000e-04 -4.21400000e-04 4.48750000e-04 -1.90149000e-03 -5.61460000e-04 8.52760000e-04 -2.16366000e-03 -4.68220000e-04 -8.69320000e-04 -5.60900000e-04 -5.90800000e-04 4.75440000e-04 1.99680000e-03 -8.77000000e-04 4.20732000e-03 -3.75650000e-04 -9.23400000e-04 8.56650000e-04 1.53719000e-03 3.63700000e-04 -4.97420000e-04 2.06920000e-04 3.44600000e-04 -5.57990000e-04 7.24570000e-04 1.44317000e-03 1.04536000e-03 2.79760000e-04 2.96778000e-03 2.61221000e-03
7.25240000e-04 2.79370000e-04 3.11890000e-04 -3.47900000e-05 5.28270000e-04 1.72119000e-03 -2.08440000e-04 2.84150000e-04 8.54700000e-05 -7.64500000e-05 -6.22400000e-05 -8.37600000e-05 3.59240000e-04 -2.93510000e-04 2.31260000e-04 2.73800000e-04 1.33080000e-04 3.15100000e-05 2.18010000e-04 -6.55770000e-04 1.43581000e-03 1.02500000e-05 4.70000000e-07 5.40730000e-04 -1.24920000e-04 2.61340000e-04 -1.44110000e-04 3.13870000e-04 5.34500000e-05 4.47260000e-04 -3.40880000e-04 -4.64480000e-04 5.12700000e-05 -2.76350000e-04 7.73800000e-04 -6.01360000e-04 -2.30710000e-04 2.78420000e-04 3.13830000e-04 -1.51390000e-04 4.65670000e-04 6.55520000e-04 2.96030000e-04 3.47760000e-04 7.72600000e-05 3.29030000e-04 2.05640000e-04 3.07110000e-04 -1.96150000e-04 2.01000000e-06 -1.95700000e-04 -3.29700000e-04 -1.79330000e-04 -8.56900000e-05 3.32890000e-04 -1.01603000e-03 -7.50400000e-05 8.50290000e-04 7.66090000e-04 1.91800000e-03 -5.20310000e-04 1.19161000e-03 -6.80150000e-04 2.51000000e-04 3.41000000e-04 1.68110000e-04 -9.23500000e-05 1.65770000e-04 8.28850000e-04 -8.72700000e-05 1.08370000e-04 -1.05349000e-03 4.75020000e-04 3.20480000e-04 1.60010000e-04 1.51610000e-04 -4.63420000e-04 -3.72580000e-04 2.53180000e-04 -6.17570000e-04 -7.07600000e-05 -2.80800000e-05 5.13000000e-06 3.68200000e-05 2.62860000e-04 2.64920000e-04 -3.37190000e-04 7.09270000e-04 -2.27520000e-04 -1.99100000e-04 4.46400000e-05 3.54410000e-04 4.85700000e-05 -5.44370000e-04 -9.37800000e-05 -2.50500000e-05 -1.95180000e-04 1.63990000e-04 3.04790000e-04 2.34690000e-04 -9.61700000e-05 4.00500000e-04 2.28460000e-04
-1.54028000e-03 6.92300000e-05 3.27800000e-05 -4.71170000e-04 -1.06069000e-03 -4.48085000e-03 1.16437000e-03 -3.05260000e-04 1.17090000e-04 4.57910000e-04 -2.89300000e-05 4.35820000e-04 2.00440000e-04 1.58423000e-03 3.27600000e-05 -8.14320000e-04 2.18000000e-04 -1.12627000e-03 4.11600000e-05 2.04142000e-03 -3.00034000e-03 -4.33950000e-04 -2.30730000e-04 -8.44840000e-04 1.24534000e-03 -2.24420000e-04 1.22248000e-03 -5.35310000e-04 6.92600000e-05 -1.36252000e-03 1.15957000e-03 1.79201000e-03 3.03460000e-04 8.91730000e-04 -1.93591000e-03 2.71659000e-03 6.36930000e-04 -8.60370000e-04 -9.58620000e-04 5.32450000e-04 -7.13330000e-04 -1.20352000e-03 -5.91430000e-04 -9.59320000e-04 -1.17931000e-03 -6.75540000e-04 1.66400000e-05 -5.78910000e-04 8.42400000e-04 -4.27010000e-04 6.34360000e-04 1.41327000e-03 9.85790000e-04 1.07960000e-03 -3.28420000e-04 3.05152000e-03 -3.90420000e-04 -3.62303000e-03 -1.62683000e-03 -3.14935000e-03 8.78550000e-04 -2.92743000e-03 6.13020000e-04 4.85900000e-04 -4.63570000e-04 -5.85330000e-04 -4.32180000e-04 -4.02370000e-04 -1.51909000e-03 7.14300000e-04 -4.97340000e-04 3.10710000e-03 -2.57300000e-05 -6.50280000e-04 2.45620000e-04 -2.19860000e-04 1.79197000e-03 9.55620000e-04 -9.04730000e-04 2.02387000e-03 7.55200000e-04 6.83280000e-04 2.21940000e-04 6.32210000e-04 -3.11230000e-04 -1.63417000e-03 2.51520000e-04 -2.80627000e-03 1.19834000e-03 2.56068000e-03 -5.37670000e-04 -1.00285000e-03 1.23580000e-04 4.31430000e-04 4.88500000e-05 -2.30690000e-04 7.69780000e-04 -3.01800000e-04 -8.15010000e-04 -1.62050000e-04 -3.92510000e-04 -1.74310000e-03 -1.89799000e-03
3.45190000e-04 2.72910000e-04 4.98480000e-04 -3.28070000e-04 1.77100000e-05 -2.15360000e-04 2.76170000e-04 2.14510000e-04 1.35440000e-04 3.77670000e-04 -4.15700000e-05 4.73800000e-05 2.94570000e-04 4.73170000e-04 2.02940000e-04 -2.10610000e-04 2.44070000e-04 -5.99070000e-04 3.18320000e-04 1.68730000e-04 9.85700000e-05 4.86200000e-05 -1.20530000e-04 7.11800000e-05 4.14730000e-04 1.50660000e-04 3.38920000e-04 1.21800000e-05 3.59800000e-05 -2.60770000e-04 1.23260000e-04 2.85890000e-04 1.75690000e-04 2.77570000e-04 -4.94200000e-05 5.88610000e-04 -4.02900000e-05 -1.14110000e-04 -1.20120000e-04 -7.17000000e-05 1.54480000e-04 1.80780000e-04 1.24400000e-05 -2.46110000e-04 -6.34530000e-04 4.90500000e-05 2.10780000e-04 8.22100000e-05 2.04480000e-04 -3.14770000e-04 1.53540000e-04 1.63060000e-04 6.19810000e-04 1.93100000e-04 2.24020000e-04 2.81810000e-04 -2.02000000e-06 -6.93280000e-04 4.83500000e-05 5.45760000e-04 -2.52330000e-04 -5.25000000e-05 -6.25100000e-04 5.84810000e-04 1.70380000e-04 -1.31080000e-04 -5.17200000e-05 -1.77470000e-04 2.42230000e-04 6.78900000e-05 -1.27700000e-04 2.23040000e-04 5.39280000e-04 1.83620000e-04 2.97840000e-04 2.36200000e-05 3.03860000e-04 -6.76000000e-06 -1.83720000e-04 2.58540000e-04 2.10340000e-04 2.53830000e-04 2.19830000e-04 3.14050000e-04 2.68730000e-04 -2.64460000e-04 -2.19150000e-04 -2.65770000e-04 6.33010000e-04 1.51152000e-03 1.08210000e-04 2.15290000e-04 4.83220000e-04 -1.45720000e-04 2.15440000e-04 2.26120000e-04 5.55430000e-04 3.75340000e-04 2.42070000e-04 5.81180000e-04 -1.91200000e-05 -2.41910000e-04 -7.03810000e-04
-1.68973000e-03 -4.89810000e-04 -3.75070000e-04 8.46600000e-05 -9.67840000e-04 -3.96285000e-03 4.21160000e-04 -4.16000000e-04 1.22990000e-04 1.38940000e-04 1.28710000e-04 1.13300000e-05 -5.51030000e-04 3.44040000e-04 -6.73180000e-04 -6.46820000e-04 -3.41500000e-05 -1.99170000e-04 -2.51030000e-04 1.47078000e-03 -3.03756000e-03 -1.29920000e-04 2.98000000e-06 -9.63150000e-04 1.88840000e-04 -3.16630000e-04 4.14410000e-04 -5.73640000e-04 2.49800000e-05 -9.65950000e-04 6.30770000e-04 1.11968000e-03 -5.45000000e-05 1.21068000e-03 -1.93991000e-03 1.19720000e-03 1.75320000e-04 -7.46550000e-04 -6.60100000e-04 -1.36680000e-04 -1.14608000e-03 -1.62408000e-03 -7.82540000e-04 -1.23449000e-03 -3.26530000e-04 -8.24600000e-04 -3.42910000e-04 -6.95160000e-04 3.35310000e-04 7.45200000e-05 4.79200000e-04 3.98530000e-04 4.07610000e-04 -5.00900000e-05 -6.66200000e-04 2.12612000e-03 6.74900000e-05 -2.61692000e-03 -1.46800000e-03 -4.14287000e-03 1.40779000e-03 -2.85493000e-03 1.44921000e-03 -1.81190000e-04 -6.21860000e-04 -4.20710000e-04 5.62300000e-05 -4.50960000e-04 -1.65147000e-03 2.37270000e-04 -2.32360000e-04 2.15411000e-03 -6.06830000e-04 -6.40110000e-04 -5.07400000e-05 -3.81770000e-04 9.42090000e-04 3.80130000e-04 -5.39770000e-04 1.20733000e-03 1.74760000e-04 1.38620000e-04 2.27420000e-04 5.97800000e-05 -4.36200000e-04 -8.74740000e-04 7.89130000e-04 -2.12927000e-03 4.97310000e-04 5.84000000e-04 -2.01620000e-04 -7.72050000e-04 -4.02400000e-05 9.03550000e-04 1.58000000e-04 6.47000000e-05 5.66880000e-04 -2.41780000e-04 -6.98150000e-04 -4.67980000e-04 1.54430000e-04 -1.37321000e-03 -1.01961000e-03
1.24591000e-03 1.48603000e-03 1.44184000e-03 -2.14086000e-03 -3.26250000e-04 -1.28874000e-03 1.73968000e-03 5.62310000e-04 3.83200000e-04 1.76798000e-03 -3.44050000e-04 9.13770000e-04 1.79422000e-03 2.27104000e-03 1.12023000e-03 -8.52680000e-04 9.58920000e-04 -3.17274000e-03 1.18545000e-03 1.51030000e-03 5.92260000e-04 -3.28810000e-04 -8.77250000e-04 1.70910000e-04 2.88482000e-03 3.95420000e-04 2.86934000e-03 -3.47200000e-05 5.69800000e-05 -1.45081000e-03 1.21171000e-03 1.61818000e-03 9.50460000e-04 -4.33680000e-04 -5.91900000e-05 4.25758000e-03 1.11428000e-03 -4.80180000e-04 -9.01790000e-04 1.31664000e-03 9.36080000e-04 9.71320000e-04 3.41920000e-04 1.11470000e-04 -3.06035000e-03 -4.01540000e-04 1.01808000e-03 1.71850000e-04 1.54742000e-03 -1.87704000e-03 4.86770000e-04 2.64911000e-03 2.49241000e-03 2.84639000e-03 1.00335000e-03 2.30532000e-03 -9.68430000e-04 -3.09266000e-03 -2.39500000e-04 3.98329000e-03 -1.24398000e-03 2.41300000e-05 -2.40260000e-03 2.07244000e-03 4.20620000e-04 -9.04360000e-04 -1.09457000e-03 -1.22950000e-04 7.10710000e-04 1.39741000e-03 -9.85750000e-04 2.22725000e-03 2.23260000e-03 4.34320000e-04 1.25720000e-03 3.36060000e-04 2.07706000e-03 8.80310000e-04 -1.06393000e-03 1.94634000e-03 1.61580000e-03 1.43081000e-03 3.17480000e-04 1.76053000e-03 8.04790000e-04 -2.00745000e-03 -1.70897000e-03 -1.70744000e-03 2.84780000e-03 6.87012000e-03 -4.62120000e-04 -4.33300000e-05 1.29188000e-03 -1.08989000e-03 2.15610000e-04 -2.39990000e-04 1.36453000e-03 7.27080000e-04 3.49250000e-04 1.76436000e-03 -1.01832000e-03 -5.55300000e-04 -1.90062000e-03
-2.50767000e-03 -8.62580000e-04 -1.04415000e-03 1.60310000e-04 -1.60439000e-03 -5.17874000e-03 4.05740000e-04 -9.47800000e-04 -2.14520000e-04 -4.80100000e-04 1.76260000e-04 2.36370000e-04 -9.02500000e-04 5.98050000e-04 -4.70010000e-04 -6.59460000e-04 -3.33510000e-04 -3.40800000e-05 -7.21450000e-04 1.63784000e-03 -4.52343000e-03 -5.54350000e-04 -5.33800000e-05 -1.57356000e-03 1.49580000e-04 -9.14770000e-04 5.13360000e-04 -8.09590000e-04 -4.74400000e-05 -1.40156000e-03 8.30150000e-04 1.20323000e-03 -1.73500000e-04 1.40486000e-03 -2.06806000e-03 1.31611000e-03 7.99030000e-04 -7.03080000e-04 -9.33330000e-04 5.07680000e-04 -1.36989000e-03 -1.98296000e-03 -8.68620000e-04 -5.34430000e-04 -3.76740000e-04 -1.24117000e-03 -6.81540000e-04 -8.52860000e-04 3.65560000e-04 3.71200000e-05 3.64660000e-04 9.61930000e-04 -3.89610000e-04 2.25220000e-04 -1.08730000e-03 2.34812000e-03 -4.57880000e-04 -2.95493000e-03 -2.41821000e-03 -5.38378000e-03 1.64023000e-03 -3.96081000e-03 2.31230000e-03 -9.74930000e-04 -1.05465000e-03 -5.21330000e-04 -4.32330000e-04 -3.26900000e-04 -2.40733000e-03 3.19690000e-04 -2.63990000e-04 2.66710000e-03 -1.31700000e-03 -1.29425000e-03 -5.16040000e-04 -4.08290000e-04 1.04871000e-03 7.37740000e-04 -5.44000000e-04 1.47037000e-03 2.20050000e-04 -4.07200000e-05 -5.45700000e-05 -2.10040000e-04 -1.10367000e-03 -1.45548000e-03 8.62770000e-04 -3.05807000e-03 -2.77710000e-04 -8.18060000e-04 -1.01305000e-03 -1.73972000e-03 -1.00079000e-03 8.89360000e-04 -5.02010000e-04 -8.15000000e-04 -4.31360000e-04 -1.10720000e-03 -1.60532000e-03 -1.62442000e-03 -2.45500000e-04 -1.91363000e-03 -7.57470000e-04
1.63490000e-04 7.59400000e-05 1.01550000e-04 -3.11600000e-05 3.93500000e-05 2.07050000e-04 1.26900000e-05 -1.24700000e-05 -3.17900000e-05 1.19900000e-05 -9.02200000e-05 1.31490000e-04 1.44090000e-04 -3.98000000e-06 9.24800000e-05 1.65900000e-04 -4.93000000e-06 -3.40800000e-05 -1.54700000e-05 2.69100000e-05 1.71900000e-04 1.34600000e-05 2.19000000e-05 7.41000000e-05 9.06500000e-05 -4.45000000e-06 5.16910000e-04 3.76200000e-05 3.98600000e-05 3.03300000e-05 8.50700000e-05 -4.58600000e-05 1.07040000e-04 -2.65780000e-04 1.90400000e-04 1.07590000e-04 1.58520000e-04 5.13100000e-05 -6.05000000e-05 2.18950000e-04 6.38700000e-05 1.17480000e-04 2.67610000e-04 4.13580000e-04 -6.43600000e-05 9.15400000e-05 1.54000000e-05 7.80400000e-05 1.12240000e-04 1.46500000e-05 -9.95000000e-06 1.93460000e-04 -2.22400000e-05 3.00050000e-04 3.66100000e-05 -2.77500000e-05 -1.62510000e-04 1.92500000e-04 9.35900000e-05 3.69120000e-04 -1.90250000e-04 2.12010000e-04 -1.86090000e-04 3.02100000e-05 -1.86000000e-05 8.23200000e-05 -1.56840000e-04 1.25630000e-04 6.21900000e-05 1.45310000e-04 1.49290000e-04 -6.29600000e-05 1.35060000e-04 -4.07200000e-05 -1.12400000e-05 2.08220000e-04 -1.70100000e-05 1.61090000e-04 1.37700000e-04 -2.20200000e-05 5.32400000e-05 -1.62300000e-05 -4.25500000e-05 3.07700000e-05 -4.66900000e-05 -1.82600000e-05 -7.19000000e-05 1.72590000e-04 1.44400000e-05 2.01900000e-04 -1.11800000e-04 2.36600000e-05 -7.54200000e-05 -1.25720000e-04 -9.41400000e-05 -1.70160000e-04 -1.24530000e-04 2.83200000e-05 1.59500000e-05 5.32300000e-05 -9.95300000e-05 9.97200000e-05 5.83100000e-05
-4.52820000e-04 3.35750000e-04 3.05090000e-04 -1.94290000e-04 -1.01390000e-04 -1.34177000e-03 6.60500000e-04 1.95220000e-04 2.87280000e-04 2.75460000e-04 9.44200000e-05 1.33030000e-04 3.91940000e-04 8.25430000e-04 2.26620000e-04 -3.23660000e-04 3.36400000e-04 -5.58770000e-04 3.14650000e-04 7.95540000e-04 -6.25070000e-04 -2.57670000e-04 -5.97100000e-05 1.97800000e-05 6.92490000e-04 2.26760000e-04 6.91530000e-04 1.19900000e-05 1.61870000e-04 -3.24940000e-04 4.68580000e-04 8.83730000e-04 2.66460000e-04 7.19700000e-04 -6.44300000e-04 1.18658000e-03 1.04950000e-04 -2.53790000e-04 -1.71020000e-04 9.45800000e-05 1.98800000e-05 -1.46000000e-04 -2.40400000e-04 -6.54810000e-04 -5.13500000e-04 -7.64200000e-05 2.89330000e-04 -4.90800000e-05 3.17300000e-04 -1.62210000e-04 3.24410000e-04 5.33060000e-04 5.02270000e-04 5.12500000e-04 1.61170000e-04 1.13688000e-03 -1.49030000e-04 -1.71738000e-03 -2.91970000e-04 -4.75050000e-04 3.68500000e-04 -8.85970000e-04 -1.03800000e-05 5.95980000e-04 1.71910000e-04 -1.81650000e-04 -1.97040000e-04 -1.10850000e-04 -1.68410000e-04 3.13040000e-04 -2.64570000e-04 1.18895000e-03 4.36530000e-04 1.87600000e-05 3.77010000e-04 -1.10900000e-04 8.37240000e-04 1.96870000e-04 -3.65020000e-04 8.66770000e-04 4.13270000e-04 5.26080000e-04 2.78810000e-04 5.06980000e-04 2.05710000e-04 -7.57150000e-04 4.18400000e-05 -1.28923000e-03 5.78580000e-04 1.26909000e-03 -1.79920000e-04 -2.87640000e-04 2.12440000e-04 -1.46370000e-04 5.96400000e-05 2.50000000e-07 4.70180000e-04 -3.98800000e-05 -2.16610000e-04 9.78600000e-05 -2.30030000e-04 -7.93560000e-04 -8.90380000e-04
3.79930000e-04 -3.04190000e-04 -2.26410000e-04 7.12950000e-04 4.50010000e-04 1.37153000e-03 -7.26970000e-04 2.51100000e-05 3.26000000e-05 -2.89070000e-04 9.64800000e-05 -3.14680000e-04 -4.20940000e-04 -1.12826000e-03 -3.99270000e-04 5.31200000e-04 -2.24080000e-04 1.10518000e-03 -2.85780000e-04 -8.37670000e-04 5.90700000e-04 3.77130000e-04 3.66360000e-04 3.02020000e-04 -1.02029000e-03 8.93200000e-05 -4.38820000e-04 2.29960000e-04 6.14600000e-05 8.59330000e-04 -5.99290000e-04 -7.87240000e-04 -2.04070000e-04 4.05040000e-04 4.44070000e-04 -1.71294000e-03 -3.83810000e-04 3.63810000e-04 4.79540000e-04 -3.98960000e-04 -4.13800000e-05 5.57300000e-05 1.66270000e-04 2.03270000e-04 1.01528000e-03 2.81040000e-04 -1.85220000e-04 1.26900000e-04 -5.36530000e-04 7.05630000e-04 -1.87970000e-04 -9.42170000e-04 -6.82420000e-04 -7.69460000e-04 -1.39110000e-04 -1.43978000e-03 4.45220000e-04 1.70396000e-03 5.51110000e-04 3.42100000e-05 3.01110000e-04 5.65960000e-04 5.74230000e-04 -5.30800000e-04 1.07510000e-04 4.35940000e-04 4.74630000e-04 3.23850000e-04 2.66870000e-04 -3.17940000e-04 4.88500000e-04 -1.38943000e-03 -2.18970000e-04 3.04500000e-05 -3.37840000e-04 8.98300000e-05 -9.90720000e-04 -5.66560000e-04 6.43610000e-04 -1.02868000e-03 -5.77730000e-04 -4.90340000e-04 -5.24900000e-05 -5.09480000e-04 -7.01700000e-05 1.02844000e-03 4.88860000e-04 1.16226000e-03 -7.89910000e-04 -2.14832000e-03 3.75810000e-04 5.28880000e-04 -1.64240000e-04 2.19880000e-04 1.14430000e-04 2.40710000e-04 -3.20900000e-04 1.73450000e-04 3.44120000e-04 -1.84600000e-04 5.27780000e-04 7.35770000e-04 1.54982000e-03
8.38150000e-04 -2.30100000e-05 1.71150000e-04 1.87660000e-04 5.12220000e-04 2.04271000e-03 -4.64460000e-04 3.46170000e-04 6.77300000e-05 1.14750000e-04 1.33540000e-04 -3.59900000e-04 -2.16600000e-04 -6.59420000e-04 -2.26470000e-04 2.52900000e-04 -8.68200000e-05 4.94370000e-04 7.96000000e-05 -8.82290000e-04 1.52769000e-03 3.00610000e-04 1.63050000e-04 3.59110000e-04 -5.30970000e-04 2.24750000e-04 -2.94930000e-04 1.99050000e-04 -8.92100000e-05 7.21410000e-04 -5.57170000e-04 -7.20740000e-04 -1.63330000e-04 -4.40900000e-05 6.96580000e-04 -1.13334000e-03 -5.17580000e-04 3.21360000e-04 4.78480000e-04 -4.76660000e-04 3.19440000e-04 5.44240000e-04 1.51550000e-04 -1.01910000e-04 5.70590000e-04 3.00050000e-04 1.07220000e-04 2.22780000e-04 -3.94100000e-04 1.52110000e-04 -1.90010000e-04 -7.48290000e-04 -9.65500000e-05 -5.69670000e-04 2.59060000e-04 -1.31618000e-03 4.26810000e-04 1.45843000e-03 8.20370000e-04 1.61890000e-03 -2.52560000e-04 1.36947000e-03 -3.86270000e-04 7.18900000e-05 3.19530000e-04 2.43950000e-04 4.30250000e-04 1.14940000e-04 8.58670000e-04 -4.23380000e-04 4.36900000e-05 -1.33608000e-03 2.96330000e-04 5.58170000e-04 -2.95100000e-05 -4.10600000e-05 -7.41720000e-04 -5.89990000e-04 3.16830000e-04 -8.31940000e-04 -2.91780000e-04 -2.37060000e-04 5.62800000e-05 -1.77610000e-04 4.33840000e-04 8.70500000e-04 5.19800000e-05 1.33164000e-03 -1.81450000e-04 -7.31050000e-04 5.57060000e-04 7.43870000e-04 3.20000000e-04 -1.29100000e-04 2.84000000e-04 4.70840000e-04 1.07280000e-04 3.88800000e-04 6.47750000e-04 4.21420000e-04 3.38860000e-04 9.22160000e-04 1.06342000e-03
-2.43330000e-03 1.81640000e-04 1.33930000e-04 -5.30970000e-04 -1.22972000e-03 -5.72878000e-03 1.57832000e-03 -3.30550000e-04 2.53910000e-04 2.82730000e-04 -1.84000000e-06 4.44630000e-04 3.52780000e-04 2.36394000e-03 3.02720000e-04 -1.15411000e-03 5.35250000e-04 -1.48984000e-03 2.99260000e-04 2.69077000e-03 -3.62900000e-03 -8.44630000e-04 -3.45430000e-04 -8.99350000e-04 1.59920000e-03 -1.45840000e-04 1.12387000e-03 -5.70100000e-04 2.21600000e-04 -1.51568000e-03 1.49415000e-03 2.41512000e-03 4.81430000e-04 1.43001000e-03 -2.61798000e-03 3.41520000e-03 6.11680000e-04 -1.17536000e-03 -1.13746000e-03 4.95160000e-04 -8.27580000e-04 -1.53818000e-03 -9.18720000e-04 -1.62516000e-03 -1.32050000e-03 -7.93500000e-04 1.01770000e-04 -6.76130000e-04 9.17320000e-04 -4.95060000e-04 8.07060000e-04 1.78262000e-03 9.58990000e-04 1.36765000e-03 -4.03130000e-04 3.98435000e-03 -7.00310000e-04 -5.19223000e-03 -2.02729000e-03 -3.89605000e-03 1.54831000e-03 -3.86733000e-03 1.06145000e-03 7.62760000e-04 -3.17140000e-04 -8.05420000e-04 -7.58820000e-04 -5.41290000e-04 -1.92936000e-03 8.32050000e-04 -6.93800000e-04 4.02522000e-03 2.04070000e-04 -8.07950000e-04 5.66010000e-04 -3.56310000e-04 2.34357000e-03 9.82390000e-04 -1.18671000e-03 2.61385000e-03 9.50210000e-04 1.00765000e-03 3.92220000e-04 8.48470000e-04 -3.19580000e-04 -2.40719000e-03 3.35350000e-04 -4.05511000e-03 1.21251000e-03 2.72939000e-03 -8.81850000e-04 -1.60173000e-03 -7.07500000e-05 3.79790000e-04 -1.69440000e-04 -4.46660000e-04 7.92490000e-04 -6.33680000e-04 -1.35294000e-03 -5.59980000e-04 -6.88740000e-04 -2.54564000e-03 -2.60999000e-03
-1.16076000e-03 -6.33100000e-04 -6.81150000e-04 8.86800000e-04 -3.73060000e-04 -1.71380000e-03 -2.62810000e-04 -5.40250000e-04 -1.04700000e-04 -4.69010000e-04 -1.36200000e-05 -1.28700000e-05 -6.34940000e-04 -1.93600000e-04 -6.25600000e-04 1.98680000e-04 -2.74460000e-04 9.76540000e-04 -5.24090000e-04 3.35870000e-04 -1.74430000e-03 4.88900000e-05 3.88040000e-04 -3.99120000e-04 -7.13130000e-04 -3.18000000e-04 4.85000000e-06 -2.04190000e-04 4.43100000e-05 2.78090000e-04 5.18000000e-06 1.15660000e-04 -2.42950000e-04 7.74540000e-04 -1.02380000e-03 -6.03790000e-04 7.40600000e-05 -2.59810000e-04 -1.67430000e-04 -1.95200000e-05 -7.94060000e-04 -1.11798000e-03 -2.42810000e-04 -2.44500000e-04 9.89410000e-04 -6.43700000e-05 -5.21170000e-04 -4.16860000e-04 -1.82260000e-04 8.71800000e-04 1.55820000e-04 -1.04990000e-04 -6.29010000e-04 -2.46370000e-04 -7.18910000e-04 3.78270000e-04 2.56060000e-04 -1.15340000e-04 -7.79080000e-04 -3.10947000e-03 1.37847000e-03 -1.64137000e-03 1.82081000e-03 -7.73730000e-04 -3.84980000e-04 2.34940000e-04 2.84540000e-04 1.75490000e-04 -1.23118000e-03 1.15500000e-05 3.87860000e-04 5.03840000e-04 -8.46460000e-04 -7.63680000e-04 -4.22230000e-04 -4.66000000e-05 -1.30850000e-04 1.57750000e-04 2.24200000e-04 3.59000000e-05 -2.83080000e-04 -3.47630000e-04 -1.71100000e-04 -5.45000000e-04 -7.10090000e-04 2.30930000e-04 9.73890000e-04 -4.43990000e-04 -6.43140000e-04 -2.02201000e-03 1.53000000e-05 -3.65410000e-04 -5.15850000e-04 9.50580000e-04 -3.97000000e-06 -1.38500000e-05 -2.95730000e-04 -3.68190000e-04 -4.74910000e-04 -8.83920000e-04 3.53980000e-04 -2.93670000e-04 7.00330000e-04
-8.02910000e-04 4.21000000e-06 1.90600000e-05 4.22700000e-05 -2.64010000e-04 -1.58109000e-03 3.63210000e-04 -4.35700000e-05 1.23190000e-04 -6.87900000e-05 4.53000000e-05 8.77000000e-06 4.62200000e-05 5.63010000e-04 -9.68000000e-06 -2.51500000e-04 1.08500000e-04 -1.83770000e-04 1.99900000e-05 6.39350000e-04 -1.06879000e-03 -3.13680000e-04 3.26000000e-06 -1.91700000e-04 2.50490000e-04 4.06000000e-06 7.20000000e-05 -1.17260000e-04 7.84500000e-05 -2.55980000e-04 3.06270000e-04 6.42570000e-04 7.83900000e-05 7.64550000e-04 -8.00780000e-04 6.54720000e-04 8.65000000e-06 -3.00970000e-04 -2.34190000e-04 -1.98700000e-05 -2.66120000e-04 -4.85910000e-04 -3.20220000e-04 -6.11380000e-04 -1.70130000e-04 -1.64450000e-04 2.88500000e-05 -1.96190000e-04 1.05020000e-04 3.94400000e-05 2.16580000e-04 2.71830000e-04 5.42000000e-05 2.01710000e-04 -1.26370000e-04 8.97980000e-04 -1.73550000e-04 -1.47587000e-03 -5.22150000e-04 -1.30266000e-03 5.88600000e-04 -1.21675000e-03 4.36430000e-04 2.04750000e-04 -5.11000000e-05 -1.38310000e-04 -1.97730000e-04 -1.04020000e-04 -5.07160000e-04 1.46490000e-04 -1.70180000e-04 9.69200000e-04 6.88600000e-05 -2.49070000e-04 9.17300000e-05 -1.65250000e-04 5.34610000e-04 1.02980000e-04 -2.65730000e-04 6.05850000e-04 1.85800000e-04 2.30380000e-04 1.41950000e-04 1.74600000e-04 -9.60500000e-05 -6.44180000e-04 2.75790000e-04 -1.26135000e-03 1.03280000e-04 2.21510000e-04 -2.78900000e-04 -4.60120000e-04 -1.29210000e-04 9.07000000e-06 -9.60800000e-05 -1.42920000e-04 1.30710000e-04 -2.68630000e-04 -4.39220000e-04 -3.27410000e-04 -1.96710000e-04 -8.46210000e-04 -6.06320000e-04
-1.69776000e-03 1.02300000e-04 3.56700000e-05 -5.58370000e-04 -1.12543000e-03 -4.82851000e-03 1.24246000e-03 -3.33450000e-04 1.33310000e-04 4.35470000e-04 -2.99500000e-05 4.77470000e-04 2.67260000e-04 1.62500000e-03 1.23500000e-04 -8.94740000e-04 2.67140000e-04 -1.28130000e-03 6.58700000e-05 2.16299000e-03 -3.19367000e-03 -5.25280000e-04 -2.88170000e-04 -8.89930000e-04 1.37311000e-03 -2.14690000e-04 1.19404000e-03 -5.38080000e-04 9.52900000e-05 -1.52511000e-03 1.22381000e-03 1.89817000e-03 3.39470000e-04 9.17230000e-04 -2.10217000e-03 2.93271000e-03 6.94120000e-04 -9.60650000e-04 -1.00512000e-03 5.55500000e-04 -7.92870000e-04 -1.30503000e-03 -6.54530000e-04 -1.00350000e-03 -1.36376000e-03 -7.80740000e-04 7.75000000e-06 -6.31110000e-04 9.13110000e-04 -5.06780000e-04 6.44470000e-04 1.50065000e-03 1.00553000e-03 1.14150000e-03 -3.69570000e-04 3.19702000e-03 -5.23080000e-04 -4.02489000e-03 -1.70870000e-03 -3.30626000e-03 8.83520000e-04 -3.11260000e-03 6.02500000e-04 5.21560000e-04 -4.81440000e-04 -6.61520000e-04 -5.63200000e-04 -4.75250000e-04 -1.62414000e-03 8.00030000e-04 -5.43880000e-04 3.30070000e-03 -2.68700000e-05 -6.96550000e-04 2.95700000e-04 -2.41880000e-04 1.88141000e-03 9.84240000e-04 -9.75820000e-04 2.14376000e-03 8.04650000e-04 7.63100000e-04 2.25440000e-04 7.07230000e-04 -3.30180000e-04 -1.86180000e-03 1.92240000e-04 -3.12710000e-03 1.24225000e-03 2.77543000e-03 -6.96970000e-04 -1.15924000e-03 5.65100000e-05 3.22260000e-04 -3.65100000e-05 -3.60540000e-04 7.48620000e-04 -3.75310000e-04 -9.50120000e-04 -2.26620000e-04 -5.23770000e-04 -1.98711000e-03 -2.22733000e-03
4.62830000e-04 5.55290000e-04 6.44550000e-04 -4.92150000e-04 2.30370000e-04 1.57960000e-04 4.29960000e-04 3.62240000e-04 2.41100000e-04 3.85290000e-04 -5.28900000e-05 1.55120000e-04 6.84560000e-04 4.89590000e-04 4.92380000e-04 -2.10570000e-04 4.44050000e-04 -8.45750000e-04 5.36570000e-04 2.23730000e-04 5.91280000e-04 -3.95000000e-05 -2.04590000e-04 3.34990000e-04 6.88730000e-04 3.43290000e-04 3.48980000e-04 1.78730000e-04 1.51540000e-04 -3.47280000e-04 2.23400000e-04 3.73280000e-04 3.15240000e-04 -1.26700000e-04 1.73460000e-04 8.41870000e-04 1.32900000e-05 -5.35300000e-05 -2.12100000e-05 -3.66900000e-05 3.47210000e-04 4.40160000e-04 9.03900000e-05 -9.69700000e-05 -8.69570000e-04 1.11150000e-04 3.79250000e-04 2.17820000e-04 3.14370000e-04 -4.33740000e-04 1.40760000e-04 2.47540000e-04 6.97060000e-04 3.04210000e-04 4.36650000e-04 3.74450000e-04 -1.61750000e-04 -8.32700000e-04 3.62230000e-04 1.14904000e-03 -5.71710000e-04 3.75130000e-04 -1.03309000e-03 7.77240000e-04 3.04860000e-04 -1.53900000e-04 -2.23840000e-04 -2.27560000e-04 5.17950000e-04 1.94050000e-04 -1.23750000e-04 2.56230000e-04 6.45470000e-04 3.53690000e-04 5.37450000e-04 8.63200000e-05 4.32990000e-04 6.81100000e-05 -2.23340000e-04 3.33880000e-04 3.11540000e-04 4.42650000e-04 2.67440000e-04 5.32100000e-04 4.26310000e-04 -4.60620000e-04 -5.01730000e-04 -3.35850000e-04 7.12580000e-04 2.01198000e-03 -2.67500000e-05 1.56320000e-04 5.00700000e-04 -4.51720000e-04 9.89300000e-05 1.12780000e-04 5.21740000e-04 3.61200000e-04 2.28250000e-04 6.95400000e-04 -2.04190000e-04 -3.63950000e-04 -1.32689000e-03
-8.43280000e-04 6.78420000e-04 6.73450000e-04 -9.69210000e-04 -5.85950000e-04 -3.17859000e-03 1.45585000e-03 1.73880000e-04 3.06020000e-04 7.06890000e-04 -3.66200000e-05 4.56970000e-04 8.69490000e-04 2.02210000e-03 6.50600000e-04 -9.43390000e-04 6.30970000e-04 -1.83642000e-03 6.38920000e-04 1.81907000e-03 -1.49596000e-03 -5.39790000e-04 -4.52400000e-04 -3.01850000e-04 1.80369000e-03 1.99470000e-04 1.11381000e-03 -2.34850000e-04 1.55280000e-04 -1.33467000e-03 1.13979000e-03 1.82264000e-03 5.50230000e-04 4.74500000e-04 -1.33497000e-03 3.11805000e-03 4.55040000e-04 -7.46730000e-04 -7.33480000e-04 4.14390000e-04 -7.11300000e-05 -3.66000000e-04 -4.55260000e-04 -1.02967000e-03 -1.74871000e-03 -3.97520000e-04 4.75400000e-04 -2.24190000e-04 9.39170000e-04 -9.02470000e-04 5.96190000e-04 1.44561000e-03 1.43063000e-03 1.26919000e-03 2.57810000e-04 2.81276000e-03 -5.48940000e-04 -3.78882000e-03 -8.97990000e-04 -8.82540000e-04 1.05980000e-04 -1.73821000e-03 -6.47290000e-04 1.26764000e-03 5.72400000e-05 -6.76230000e-04 -6.31620000e-04 -5.34390000e-04 -5.67380000e-04 7.08230000e-04 -7.09540000e-04 2.76775000e-03 7.40440000e-04 -5.70400000e-05 7.79470000e-04 -1.75960000e-04 1.93246000e-03 7.70710000e-04 -1.05246000e-03 2.01223000e-03 9.84460000e-04 1.08365000e-03 4.10210000e-04 1.09478000e-03 2.87300000e-04 -1.84523000e-03 -4.14210000e-04 -2.60149000e-03 1.63281000e-03 3.98665000e-03 -4.93500000e-04 -7.34790000e-04 5.49890000e-04 -2.69870000e-04 7.47100000e-05 -1.25990000e-04 1.07264000e-03 -2.21300000e-05 -4.89160000e-04 4.85950000e-04 -6.78290000e-04 -1.69324000e-03 -2.75383000e-03
-1.78218000e-03 1.76530000e-04 2.56910000e-04 -5.79470000e-04 -1.02901000e-03 -4.56083000e-03 1.30866000e-03 -1.90630000e-04 2.14150000e-04 4.04970000e-04 1.68600000e-05 3.17640000e-04 2.64120000e-04 1.94536000e-03 2.51960000e-04 -1.01041000e-03 4.39890000e-04 -1.36747000e-03 2.91440000e-04 2.18619000e-03 -2.82897000e-03 -6.27100000e-04 -3.31660000e-04 -7.74120000e-04 1.38408000e-03 -1.11560000e-04 1.05482000e-03 -5.08110000e-04 1.42240000e-04 -1.29812000e-03 1.22353000e-03 1.96705000e-03 4.22030000e-04 1.20829000e-03 -2.05466000e-03 2.90375000e-03 4.58920000e-04 -9.52960000e-04 -9.60190000e-04 3.70140000e-04 -6.14860000e-04 -1.15410000e-03 -7.29050000e-04 -1.39647000e-03 -1.24445000e-03 -6.92800000e-04 1.40100000e-04 -5.22460000e-04 7.77730000e-04 -5.55820000e-04 6.63320000e-04 1.46719000e-03 9.81270000e-04 1.14531000e-03 -2.56160000e-04 3.24552000e-03 -5.44140000e-04 -4.26883000e-03 -1.61958000e-03 -2.80225000e-03 1.12823000e-03 -3.03467000e-03 6.23890000e-04 7.74450000e-04 -2.38110000e-04 -7.15480000e-04 -5.94420000e-04 -4.87480000e-04 -1.43469000e-03 6.43010000e-04 -6.50340000e-04 3.23930000e-03 3.72870000e-04 -5.40110000e-04 4.88540000e-04 -2.95450000e-04 1.93895000e-03 7.50030000e-04 -1.00617000e-03 2.14935000e-03 8.07080000e-04 8.40190000e-04 3.84050000e-04 7.58480000e-04 -1.38580000e-04 -1.95201000e-03 2.03600000e-04 -3.21402000e-03 1.19976000e-03 2.64950000e-03 -6.37230000e-04 -1.17385000e-03 1.13900000e-04 2.63810000e-04 -4.22100000e-05 -2.70180000e-04 8.21630000e-04 -3.63460000e-04 -9.61760000e-04 -2.33330000e-04 -5.30300000e-04 -1.97899000e-03 -2.06763000e-03
8.17380000e-04 8.97980000e-04 1.08234000e-03 -9.18520000e-04 3.44710000e-04 1.49200000e-04 7.94030000e-04 6.93920000e-04 5.26680000e-04 9.97460000e-04 -2.71800000e-05 1.32040000e-04 9.93420000e-04 8.81080000e-04 5.13370000e-04 -6.01030000e-04 8.59720000e-04 -1.54463000e-03 1.10971000e-03 4.64010000e-04 1.18304000e-03 2.19600000e-05 -3.92790000e-04 5.06120000e-04 1.21571000e-03 6.50460000e-04 6.71130000e-04 2.23150000e-04 1.55680000e-04 -5.07460000e-04 3.33790000e-04 7.04500000e-04 4.42860000e-04 4.25000000e-06 -2.58100000e-05 1.57793000e-03 -1.24750000e-04 -2.79290000e-04 -3.45000000e-05 -2.71680000e-04 5.60960000e-04 6.28520000e-04 -8.18200000e-05 -7.96490000e-04 -1.37843000e-03 9.40600000e-05 6.80400000e-04 2.21900000e-04 5.36250000e-04 -8.28040000e-04 3.19460000e-04 4.84790000e-04 1.56402000e-03 4.91740000e-04 7.40570000e-04 8.03620000e-04 -3.05000000e-06 -1.66108000e-03 5.63920000e-04 2.14945000e-03 -5.64120000e-04 6.18850000e-04 -1.52224000e-03 1.44306000e-03 6.30290000e-04 -4.12490000e-04 -1.25470000e-04 -4.81760000e-04 8.62170000e-04 2.76360000e-04 -4.89210000e-04 6.46550000e-04 1.24735000e-03 7.99500000e-04 1.10881000e-03 -7.17600000e-05 8.34850000e-04 -5.32700000e-05 -5.99980000e-04 6.82580000e-04 6.20530000e-04 8.35430000e-04 5.34850000e-04 9.65050000e-04 9.48650000e-04 -7.13510000e-04 -7.81320000e-04 -5.97560000e-04 1.59404000e-03 3.74861000e-03 3.04000000e-04 4.35190000e-04 1.23363000e-03 -4.87660000e-04 4.78740000e-04 5.94560000e-04 1.31200000e-03 8.11340000e-04 6.01980000e-04 1.43641000e-03 -1.41790000e-04 -3.89210000e-04 -1.91030000e-03
9.43160000e-04 3.18970000e-04 -3.69300000e-05 5.04370000e-04 9.56710000e-04 2.30228000e-03 -3.52420000e-04 2.70640000e-04 2.27470000e-04 -4.74400000e-05 -4.88500000e-05 9.79500000e-05 3.52980000e-04 -7.25430000e-04 -1.41020000e-04 6.73520000e-04 1.92560000e-04 6.71150000e-04 2.39130000e-04 -8.17900000e-04 1.68917000e-03 4.07180000e-04 2.76280000e-04 9.15460000e-04 -3.95820000e-04 4.79370000e-04 3.32560000e-04 6.29700000e-04 2.36900000e-04 9.35300000e-04 -4.06010000e-04 -6.95570000e-04 9.42400000e-05 -2.27920000e-04 9.05500000e-04 -1.12770000e-03 -7.05900000e-05 5.00860000e-04 6.80110000e-04 1.11470000e-04 5.52410000e-04 7.33190000e-04 5.62200000e-04 7.92070000e-04 7.32340000e-04 7.21330000e-04 1.73950000e-04 4.17180000e-04 -1.39270000e-04 5.87560000e-04 -6.78000000e-05 -4.40470000e-04 -3.43440000e-04 -9.62500000e-05 2.81200000e-04 -1.47054000e-03 3.07600000e-04 1.84846000e-03 1.10960000e-03 1.60156000e-03 -1.33520000e-04 1.58335000e-03 9.68700000e-05 -2.99950000e-04 5.40420000e-04 5.06550000e-04 3.20150000e-04 5.25820000e-04 7.61880000e-04 1.81250000e-04 5.83200000e-04 -1.31342000e-03 6.28000000e-05 3.53620000e-04 1.60710000e-04 3.55850000e-04 -7.51100000e-04 -2.69500000e-04 5.92290000e-04 -8.53370000e-04 -2.06890000e-04 -9.65400000e-05 -2.63500000e-05 -9.86100000e-05 2.67140000e-04 9.06490000e-04 2.83600000e-05 1.35399000e-03 -4.17280000e-04 -1.05953000e-03 3.30120000e-04 6.49450000e-04 4.95600000e-05 -1.23580000e-04 1.04860000e-04 1.72680000e-04 -2.57860000e-04 3.37170000e-04 5.42900000e-04 2.01900000e-04 3.33480000e-04 9.20860000e-04 1.05787000e-03
3.49720000e-04 -4.30800000e-04 -2.49580000e-04 6.53380000e-04 2.71550000e-04 1.42887000e-03 -7.58290000e-04 -6.46400000e-05 -1.43260000e-04 -3.71530000e-04 6.98500000e-05 -3.28490000e-04 -6.05530000e-04 -8.17290000e-04 -4.07670000e-04 4.93130000e-04 -3.60060000e-04 1.08008000e-03 -3.60720000e-04 -9.31750000e-04 5.22140000e-04 3.28980000e-04 3.39970000e-04 9.87300000e-05 -1.05484000e-03 -1.14290000e-04 -3.88660000e-04 8.31800000e-05 -7.75600000e-05 8.27440000e-04 -6.21290000e-04 -8.82200000e-04 -2.89350000e-04 2.54700000e-04 5.47560000e-04 -1.74030000e-03 -3.70630000e-04 3.70520000e-04 3.67780000e-04 -3.15280000e-04 -9.24000000e-06 1.04990000e-04 1.94790000e-04 2.83910000e-04 1.04522000e-03 2.90870000e-04 -2.56940000e-04 1.21390000e-04 -5.72630000e-04 5.82550000e-04 -2.32390000e-04 -8.72820000e-04 -7.40800000e-04 -7.38050000e-04 -1.67690000e-04 -1.45699000e-03 4.17190000e-04 1.86821000e-03 3.45670000e-04 9.65800000e-05 1.96910000e-04 5.92690000e-04 4.91990000e-04 -5.67810000e-04 2.17800000e-05 4.16730000e-04 4.55240000e-04 3.08610000e-04 2.34030000e-04 -4.92520000e-04 4.01790000e-04 -1.43623000e-03 -2.61600000e-04 -9.97000000e-06 -4.60150000e-04 7.87000000e-05 -1.00611000e-03 -5.10050000e-04 6.02790000e-04 -1.03283000e-03 -5.44820000e-04 -5.89820000e-04 -1.25090000e-04 -6.29670000e-04 -1.47860000e-04 1.06155000e-03 4.55590000e-04 1.31509000e-03 -8.54900000e-04 -2.26034000e-03 3.85180000e-04 4.81180000e-04 -2.17130000e-04 2.85910000e-04 8.55400000e-05 2.14070000e-04 -4.04720000e-04 9.04600000e-05 2.99350000e-04 -2.44390000e-04 4.76730000e-04 8.34020000e-04 1.63967000e-03
-7.42630000e-04 -1.04800000e-04 -1.47460000e-04 8.45600000e-05 -4.46920000e-04 -2.08578000e-03 3.64040000e-04 -1.98680000e-04 7.78200000e-05 1.44840000e-04 2.71800000e-05 1.53220000e-04 -8.21400000e-05 4.39730000e-04 -1.84620000e-04 -2.40330000e-04 4.66000000e-06 -1.39580000e-04 -1.35580000e-04 7.81710000e-04 -1.57764000e-03 -1.04960000e-04 4.90700000e-05 -3.76770000e-04 2.66440000e-04 -1.15350000e-04 4.57500000e-04 -2.22800000e-04 3.67900000e-05 -4.02050000e-04 3.69280000e-04 7.22620000e-04 2.87400000e-05 8.07930000e-04 -9.82160000e-04 8.05950000e-04 2.58900000e-04 -3.47460000e-04 -3.43350000e-04 1.77230000e-04 -4.31010000e-04 -6.87800000e-04 -3.25260000e-04 -5.07700000e-04 -2.14150000e-04 -2.66640000e-04 -8.87100000e-05 -3.21190000e-04 2.71220000e-04 1.03190000e-04 3.20240000e-04 4.62510000e-04 2.85220000e-04 3.07550000e-04 -2.74210000e-04 1.12536000e-03 1.22900000e-05 -1.37344000e-03 -7.70420000e-04 -1.91345000e-03 7.08980000e-04 -1.57022000e-03 7.08780000e-04 3.58900000e-05 -2.36750000e-04 -1.32160000e-04 -7.65000000e-06 -6.49000000e-05 -8.05420000e-04 3.12100000e-04 -9.92700000e-05 1.22875000e-03 -1.64380000e-04 -4.09450000e-04 -3.83600000e-05 -1.24780000e-04 6.27690000e-04 3.27790000e-04 -2.66580000e-04 7.40130000e-04 2.02780000e-04 1.94600000e-04 5.70100000e-05 1.30360000e-04 -2.53260000e-04 -4.93670000e-04 3.59680000e-04 -1.17567000e-03 3.54030000e-04 4.73730000e-04 -1.24250000e-04 -3.57050000e-04 1.59800000e-05 3.85560000e-04 1.07380000e-04 3.19000000e-06 3.13520000e-04 -1.31410000e-04 -3.27880000e-04 -2.01380000e-04 5.57000000e-06 -7.10390000e-04 -3.90330000e-04
-6.28750000e-04 3.73590000e-04 3.85050000e-04 -4.63020000e-04 -3.42470000e-04 -2.18486000e-03 8.94300000e-04 1.26400000e-04 2.70330000e-04 4.73840000e-04 1.49500000e-05 2.18430000e-04 4.63500000e-04 1.20354000e-03 2.42580000e-04 -5.84630000e-04 3.98030000e-04 -9.97400000e-04 3.81980000e-04 1.18835000e-03 -1.07133000e-03 -3.08060000e-04 -2.00370000e-04 -1.72060000e-04 1.02132000e-03 1.76760000e-04 6.56120000e-04 -1.41020000e-04 1.16570000e-04 -7.04890000e-04 6.81600000e-04 1.19922000e-03 3.13270000e-04 6.10400000e-04 -1.04749000e-03 1.85267000e-03 1.96580000e-04 -5.14350000e-04 -4.29530000e-04 1.45920000e-04 -1.37650000e-04 -3.79120000e-04 -3.73750000e-04 -8.96900000e-04 -9.19780000e-04 -2.38210000e-04 2.85130000e-04 -2.02160000e-04 5.34530000e-04 -4.11560000e-04 4.29000000e-04 8.22360000e-04 8.94700000e-04 7.23690000e-04 1.10860000e-04 1.78969000e-03 -2.20250000e-04 -2.45440000e-03 -5.86590000e-04 -8.84190000e-04 3.62630000e-04 -1.30802000e-03 -1.40990000e-04 7.82090000e-04 6.44300000e-05 -3.87410000e-04 -2.79210000e-04 -3.00360000e-04 -4.45440000e-04 4.38060000e-04 -4.30110000e-04 1.79584000e-03 4.62680000e-04 -6.09400000e-05 4.84190000e-04 -1.68410000e-04 1.20065000e-03 3.96860000e-04 -6.40650000e-04 1.26386000e-03 5.75850000e-04 6.72670000e-04 2.95070000e-04 6.58900000e-04 1.86220000e-04 -1.08396000e-03 -6.30200000e-05 -1.71456000e-03 1.01764000e-03 2.27328000e-03 -2.05150000e-04 -4.05050000e-04 3.91720000e-04 -4.08700000e-05 1.39940000e-04 4.44600000e-05 7.71440000e-04 1.67800000e-05 -2.76540000e-04 2.75210000e-04 -3.10400000e-04 -1.06998000e-03 -1.49828000e-03
5.71440000e-04 3.19070000e-04 3.21860000e-04 -1.09040000e-04 4.19680000e-04 1.28898000e-03 -2.17100000e-05 2.91040000e-04 8.22900000e-05 -2.48500000e-05 -3.34200000e-05 -2.37600000e-05 3.83120000e-04 5.86500000e-05 2.77030000e-04 1.66680000e-04 1.34000000e-04 -1.09400000e-04 2.35370000e-04 -4.48330000e-04 1.15145000e-03 -7.72900000e-05 -1.39500000e-05 4.40590000e-04 7.88200000e-05 2.41660000e-04 -2.50000000e-06 2.60840000e-04 3.42300000e-05 2.91690000e-04 -1.95150000e-04 -2.45300000e-04 7.62900000e-05 -2.06470000e-04 5.87520000e-04 -2.31120000e-04 -1.57700000e-04 2.04640000e-04 2.35670000e-04 -5.32100000e-05 4.46270000e-04 6.05000000e-04 2.28650000e-04 2.37060000e-04 -7.10900000e-05 3.05990000e-04 2.47060000e-04 2.65480000e-04 -8.14800000e-05 -9.19600000e-05 -1.13520000e-04 -1.49290000e-04 -4.87500000e-05 5.34500000e-05 3.57350000e-04 -6.74360000e-04 -1.15900000e-04 4.53870000e-04 5.94000000e-04 1.65050000e-03 -5.15150000e-04 9.55320000e-04 -7.15280000e-04 3.29370000e-04 3.24200000e-04 1.15950000e-04 -1.38640000e-04 1.11380000e-04 7.22880000e-04 -4.15700000e-05 8.80000000e-07 -6.61850000e-04 4.46030000e-04 3.12800000e-04 1.76620000e-04 9.56500000e-05 -2.18800000e-04 -2.24180000e-04 1.14090000e-04 -3.30660000e-04 5.20500000e-05 8.36900000e-05 2.91000000e-05 1.37620000e-04 2.88170000e-04 7.54500000e-05 -3.11370000e-04 4.06090000e-04 -7.38200000e-05 1.57070000e-04 -1.12700000e-05 2.42460000e-04 7.76000000e-05 -5.53410000e-04 -8.50700000e-05 -4.49900000e-05 -9.68000000e-05 9.37500000e-05 2.17980000e-04 2.34230000e-04 -1.87830000e-04 2.00790000e-04 -5.56100000e-05
4.87758000e-03 2.51780000e-04 -8.27000000e-05 1.60956000e-03 3.81726000e-03 1.42740600e-02 -3.19123000e-03 1.38366000e-03 3.25400000e-05 -1.18179000e-03 3.92260000e-04 -1.18749000e-03 -6.96600000e-05 -5.10552000e-03 9.56800000e-05 2.78542000e-03 -4.17240000e-04 3.72931000e-03 1.17280000e-04 -5.91340000e-03 9.85062000e-03 1.42708000e-03 9.20810000e-04 3.15181000e-03 -3.39879000e-03 1.22639000e-03 -2.40110000e-03 2.11570000e-03 1.46940000e-04 4.40520000e-03 -3.18435000e-03 -5.17980000e-03 -5.89670000e-04 -2.94885000e-03 6.16554000e-03 -7.90584000e-03 -1.82103000e-03 2.93675000e-03 3.40730000e-03 -1.42668000e-03 2.48727000e-03 4.05386000e-03 2.05989000e-03 3.20943000e-03 3.79547000e-03 2.28293000e-03 3.53110000e-04 2.05277000e-03 -2.42057000e-03 1.55836000e-03 -1.88385000e-03 -4.23684000e-03 -2.97018000e-03 -3.02505000e-03 1.43091000e-03 -9.11918000e-03 1.27114000e-03 1.12652000e-02 5.66802000e-03 1.01392600e-02 -2.78807000e-03 9.65432000e-03 -2.00401000e-03 -1.42996000e-03 1.75394000e-03 2.02758000e-03 1.41363000e-03 1.45739000e-03 5.10515000e-03 -1.86759000e-03 1.65111000e-03 -9.13513000e-03 9.42700000e-05 2.42261000e-03 -4.61920000e-04 7.81310000e-04 -5.20246000e-03 -2.70068000e-03 2.90946000e-03 -5.86059000e-03 -2.11132000e-03 -1.70824000e-03 -4.53840000e-04 -1.48240000e-03 1.39164000e-03 5.08842000e-03 -5.84050000e-04 8.57880000e-03 -3.56052000e-03 -7.69601000e-03 1.60035000e-03 3.16828000e-03 -3.75390000e-04 -1.63447000e-03 -1.29920000e-04 6.39550000e-04 -2.34128000e-03 9.26550000e-04 2.61835000e-03 5.74970000e-04 1.19054000e-03 5.45819000e-03 5.87534000e-03
1.17906000e-03 -2.63000000e-05 3.10200000e-05 5.61390000e-04 8.82940000e-04 3.48389000e-03 -8.59860000e-04 3.13590000e-04 -5.09600000e-05 -3.30750000e-04 6.42100000e-05 -3.46610000e-04 -1.59060000e-04 -1.07518000e-03 -4.17100000e-05 7.71590000e-04 -2.21950000e-04 1.09685000e-03 -9.89200000e-05 -1.58661000e-03 2.35480000e-03 2.67350000e-04 3.38250000e-04 7.27380000e-04 -9.90440000e-04 2.32940000e-04 -5.81760000e-04 4.54490000e-04 -4.69500000e-05 1.35573000e-03 -9.09790000e-04 -1.31421000e-03 -2.27930000e-04 -2.84540000e-04 1.41121000e-03 -2.14489000e-03 -5.02710000e-04 6.92510000e-04 7.82370000e-04 -3.27720000e-04 6.07780000e-04 9.74530000e-04 5.09800000e-04 6.59780000e-04 1.15467000e-03 6.66000000e-04 5.89700000e-05 4.51370000e-04 -6.75370000e-04 5.32600000e-04 -4.22340000e-04 -9.89250000e-04 -8.36920000e-04 -6.19750000e-04 2.95530000e-04 -2.44049000e-03 3.14100000e-04 2.80312000e-03 1.28424000e-03 2.56361000e-03 -4.62160000e-04 2.14359000e-03 -3.32740000e-04 -2.51630000e-04 4.50740000e-04 6.02850000e-04 3.37890000e-04 5.08900000e-04 1.23977000e-03 -4.78980000e-04 3.90560000e-04 -2.38761000e-03 2.47230000e-04 4.97070000e-04 -2.63100000e-04 1.84380000e-04 -1.37552000e-03 -7.45400000e-04 7.96100000e-04 -1.54239000e-03 -5.47640000e-04 -5.01580000e-04 -1.73780000e-04 -4.63030000e-04 2.82590000e-04 1.30511000e-03 2.52600000e-05 2.12296000e-03 -9.73890000e-04 -2.27763000e-03 4.31860000e-04 8.40260000e-04 -1.24850000e-04 -4.29440000e-04 -1.53900000e-05 1.73470000e-04 -6.11710000e-04 1.86420000e-04 6.50310000e-04 6.28500000e-05 2.59940000e-04 1.39233000e-03 1.95039000e-03
4.70160000e-04 -2.43190000e-04 -1.77010000e-04 4.82310000e-04 3.92440000e-04 1.36087000e-03 -6.73720000e-04 1.01300000e-05 4.80000000e-07 -2.29900000e-04 2.59000000e-06 -2.72940000e-04 -2.75120000e-04 -1.10335000e-03 -3.94010000e-04 4.73400000e-04 -2.08720000e-04 8.37910000e-04 -2.42930000e-04 -8.11630000e-04 7.13330000e-04 3.09720000e-04 2.42750000e-04 2.77410000e-04 -8.56170000e-04 6.14900000e-05 -3.45820000e-04 1.93390000e-04 2.04000000e-06 6.88680000e-04 -5.74350000e-04 -7.91980000e-04 -1.96380000e-04 1.00960000e-04 4.66900000e-04 -1.46432000e-03 -3.42910000e-04 2.83100000e-04 3.67250000e-04 -3.42860000e-04 -2.13000000e-05 7.67200000e-05 2.02220000e-04 3.07000000e-04 7.70660000e-04 1.99500000e-04 -1.64600000e-04 8.53500000e-05 -4.60640000e-04 5.02180000e-04 -2.48890000e-04 -8.18990000e-04 -5.73490000e-04 -6.18840000e-04 -1.10850000e-04 -1.38532000e-03 2.96450000e-04 1.57047000e-03 5.38470000e-04 4.20550000e-04 6.85600000e-05 7.05550000e-04 2.83400000e-04 -4.32710000e-04 5.00700000e-05 3.29690000e-04 3.23970000e-04 2.81820000e-04 3.09670000e-04 -2.40520000e-04 3.76660000e-04 -1.34109000e-03 -1.22860000e-04 2.61500000e-05 -2.76950000e-04 1.01130000e-04 -9.35220000e-04 -5.26810000e-04 5.26010000e-04 -9.90850000e-04 -4.53500000e-04 -4.52460000e-04 -1.03220000e-04 -4.30450000e-04 -7.41100000e-05 8.60490000e-04 2.63400000e-04 1.08688000e-03 -6.51560000e-04 -1.67655000e-03 2.73310000e-04 4.78660000e-04 -1.49480000e-04 6.36600000e-05 5.03300000e-05 1.31180000e-04 -3.32820000e-04 1.67730000e-04 3.28420000e-04 -1.05930000e-04 3.75400000e-04 7.05380000e-04 1.31046000e-03
-2.88600000e-05 -4.66400000e-04 -3.30710000e-04 6.29290000e-04 1.06100000e-04 5.48090000e-04 -6.35070000e-04 -1.51080000e-04 -7.85400000e-05 -3.36600000e-04 6.29600000e-05 -3.00160000e-04 -5.87450000e-04 -8.86930000e-04 -4.91000000e-04 3.51150000e-04 -3.31460000e-04 9.74650000e-04 -4.11790000e-04 -5.75600000e-04 -7.22900000e-05 2.36990000e-04 2.98390000e-04 -3.07100000e-05 -9.56380000e-04 -1.23070000e-04 -4.12570000e-04 -6.19000000e-06 -5.06300000e-05 5.76640000e-04 -4.78660000e-04 -5.97510000e-04 -2.84730000e-04 4.50520000e-04 9.92600000e-05 -1.40615000e-03 -3.11800000e-04 1.75850000e-04 2.30410000e-04 -3.49710000e-04 -2.49900000e-04 -2.51370000e-04 1.13000000e-06 1.68800000e-05 9.04160000e-04 9.35700000e-05 -3.03860000e-04 -5.56400000e-05 -4.69590000e-04 5.93240000e-04 -1.39810000e-04 -7.63170000e-04 -6.46310000e-04 -7.14110000e-04 -3.12680000e-04 -9.64280000e-04 3.48190000e-04 1.16517000e-03 9.86400000e-05 -7.22210000e-04 4.52200000e-04 -9.42000000e-06 7.42640000e-04 -5.57150000e-04 -1.19410000e-04 2.99340000e-04 3.80130000e-04 2.09630000e-04 -1.14800000e-04 -3.26270000e-04 3.37500000e-04 -9.34830000e-04 -3.59730000e-04 -1.65770000e-04 -4.39480000e-04 -7.56000000e-06 -7.64820000e-04 -4.24610000e-04 4.52530000e-04 -7.59360000e-04 -4.93700000e-04 -5.07650000e-04 -1.02770000e-04 -5.52930000e-04 -2.47680000e-04 7.58540000e-04 5.31230000e-04 7.26430000e-04 -7.28950000e-04 -2.00287000e-03 2.54810000e-04 2.62930000e-04 -2.54720000e-04 3.46400000e-04 5.88600000e-05 1.51930000e-04 -3.12820000e-04 -6.00000000e-08 1.09060000e-04 -3.53830000e-04 4.23040000e-04 4.43180000e-04 1.26660000e-03
3.98200000e-04 3.09580000e-04 4.16850000e-04 -2.14590000e-04 2.32300000e-04 5.61720000e-04 1.97520000e-04 3.23710000e-04 1.46240000e-04 3.01540000e-04 3.34400000e-05 -6.81900000e-05 2.87780000e-04 2.96860000e-04 2.00970000e-04 -7.67400000e-05 1.90670000e-04 -3.23280000e-04 2.98630000e-04 -7.01800000e-05 7.79320000e-04 -3.37900000e-05 -5.72600000e-05 2.68440000e-04 3.02450000e-04 2.66180000e-04 1.77310000e-04 1.24610000e-04 8.11000000e-06 1.76800000e-04 -3.05600000e-05 1.03450000e-04 1.22620000e-04 1.65460000e-04 1.40190000e-04 2.77980000e-04 -1.81620000e-04 2.66000000e-06 9.80900000e-05 -9.69800000e-05 3.36600000e-04 4.00860000e-04 2.55500000e-05 -3.22640000e-04 -1.95010000e-04 1.54760000e-04 2.97360000e-04 1.30140000e-04 2.56000000e-05 -1.97330000e-04 3.42900000e-05 6.50900000e-05 3.62940000e-04 2.26340000e-04 3.18730000e-04 -9.97000000e-05 1.62300000e-05 -2.16770000e-04 3.46100000e-04 1.31083000e-03 -1.86650000e-04 4.71550000e-04 -5.79960000e-04 5.84020000e-04 3.31880000e-04 -3.07800000e-05 -8.33000000e-06 9.31000000e-06 5.24770000e-04 1.81100000e-05 -2.14970000e-04 -1.05760000e-04 6.70340000e-04 3.48060000e-04 2.65800000e-04 -3.08600000e-05 1.22440000e-04 -1.83270000e-04 -1.03050000e-04 5.01800000e-05 1.69870000e-04 2.48460000e-04 1.38800000e-04 2.91210000e-04 4.01920000e-04 -5.73600000e-05 -2.05490000e-04 6.48500000e-05 3.89030000e-04 8.06190000e-04 1.54320000e-04 2.72660000e-04 3.62070000e-04 -3.41370000e-04 1.61920000e-04 1.91970000e-04 3.50660000e-04 2.37410000e-04 2.81810000e-04 4.35210000e-04 -9.46000000e-05 1.23380000e-04 -9.27000000e-06
1.27157000e-03 5.77320000e-04 6.80170000e-04 -4.43620000e-04 5.50870000e-04 1.92068000e-03 7.55900000e-05 4.88380000e-04 1.58770000e-04 4.03250000e-04 -6.59700000e-05 4.83500000e-05 6.23520000e-04 6.75100000e-05 4.67650000e-04 1.51650000e-04 2.96460000e-04 -5.21540000e-04 4.72510000e-04 -5.05590000e-04 1.82822000e-03 1.12430000e-04 -1.33940000e-04 6.13030000e-04 3.94940000e-04 3.74460000e-04 4.58590000e-04 3.41000000e-04 6.08000000e-05 2.73340000e-04 -1.53140000e-04 -2.67150000e-04 2.61750000e-04 -3.43370000e-04 9.92530000e-04 9.14700000e-05 -6.01800000e-05 3.08460000e-04 2.38260000e-04 7.87200000e-05 7.65180000e-04 1.04568000e-03 4.56300000e-04 4.19980000e-04 -4.81810000e-04 3.36940000e-04 4.47780000e-04 4.46810000e-04 7.74000000e-05 -3.77820000e-04 -1.07310000e-04 8.78900000e-05 4.11500000e-04 4.02350000e-04 6.14760000e-04 -7.84620000e-04 -1.09670000e-04 6.37260000e-04 8.82980000e-04 3.06506000e-03 -9.02640000e-04 1.51845000e-03 -1.30708000e-03 6.76890000e-04 5.06500000e-04 5.22300000e-05 -1.44270000e-04 1.54400000e-04 1.17234000e-03 8.01400000e-05 -4.44100000e-05 -8.51660000e-04 9.96370000e-04 5.72150000e-04 3.79120000e-04 2.49580000e-04 -1.59580000e-04 -2.42440000e-04 1.31150000e-04 -3.40010000e-04 1.77350000e-04 2.19460000e-04 1.22880000e-04 3.71520000e-04 5.59130000e-04 1.30750000e-04 -6.52230000e-04 7.83450000e-04 4.18460000e-04 1.21823000e-03 1.45910000e-04 5.91690000e-04 4.67700000e-04 -7.08400000e-04 9.43600000e-05 1.01270000e-04 2.06370000e-04 4.94400000e-04 6.02490000e-04 8.00570000e-04 -1.38550000e-04 5.83210000e-04 1.63610000e-04
5.74231000e-03 -5.84290000e-04 -3.77180000e-04 1.80448000e-03 3.45870000e-03 1.58594100e-02 -4.27072000e-03 8.70950000e-04 -6.68280000e-04 -1.01721000e-03 1.94500000e-05 -1.34413000e-03 -1.15969000e-03 -5.92580000e-03 -7.56240000e-04 3.14052000e-03 -1.25014000e-03 4.45574000e-03 -5.53970000e-04 -7.05152000e-03 1.06992000e-02 1.96181000e-03 1.06424000e-03 2.58844000e-03 -4.48598000e-03 5.51460000e-04 -2.30193000e-03 1.56548000e-03 -5.68470000e-04 5.00819000e-03 -4.02635000e-03 -6.55909000e-03 -1.32440000e-03 -4.17016000e-03 6.60055000e-03 -9.42472000e-03 -1.95542000e-03 2.87116000e-03 3.17647000e-03 -1.51414000e-03 2.16335000e-03 3.92888000e-03 2.36702000e-03 3.68217000e-03 4.76911000e-03 2.40513000e-03 -2.75120000e-04 1.70681000e-03 -2.62615000e-03 1.70868000e-03 -2.12068000e-03 -4.57010000e-03 -2.98569000e-03 -3.42510000e-03 9.41340000e-04 -1.04612100e-02 1.79184000e-03 1.38816700e-02 5.64902000e-03 1.08880400e-02 -3.01661000e-03 1.07763900e-02 -1.93792000e-03 -1.90562000e-03 1.19328000e-03 2.26785000e-03 1.97299000e-03 1.62420000e-03 5.05234000e-03 -2.23476000e-03 1.80110000e-03 -1.07108200e-02 -2.13700000e-04 2.35454000e-03 -1.21748000e-03 9.09360000e-04 -6.37960000e-03 -2.72550000e-03 3.28562000e-03 -7.07598000e-03 -2.56547000e-03 -2.67580000e-03 -1.11252000e-03 -2.40693000e-03 1.03689000e-03 6.49570000e-03 -5.55120000e-04 1.11058900e-02 -3.62705000e-03 -8.53113000e-03 2.49802000e-03 4.05661000e-03 -5.21800000e-05 -8.32550000e-04 3.21600000e-04 1.23074000e-03 -2.36592000e-03 1.37793000e-03 3.39798000e-03 1.09685000e-03 1.70326000e-03 7.22590000e-03 7.71879000e-03
2.90149000e-03 -1.90020000e-04 1.41800000e-05 9.11920000e-04 1.84402000e-03 8.06254000e-03 -2.07271000e-03 5.88190000e-04 -2.60620000e-04 -5.05040000e-04 3.99700000e-05 -7.59340000e-04 -5.01490000e-04 -2.74326000e-03 -3.12280000e-04 1.56357000e-03 -5.55820000e-04 2.17885000e-03 -1.73010000e-04 -3.58132000e-03 5.55516000e-03 8.98190000e-04 5.63670000e-04 1.41705000e-03 -2.19888000e-03 3.98020000e-04 -1.29400000e-03 8.49180000e-04 -2.56370000e-04 2.65088000e-03 -2.05127000e-03 -3.22745000e-03 -6.07940000e-04 -1.77712000e-03 3.27824000e-03 -4.71102000e-03 -1.14039000e-03 1.42814000e-03 1.64130000e-03 -8.60600000e-04 1.18424000e-03 2.08223000e-03 1.17923000e-03 1.62255000e-03 2.36756000e-03 1.30333000e-03 -2.48900000e-05 9.16410000e-04 -1.38162000e-03 8.55080000e-04 -1.04356000e-03 -2.35023000e-03 -1.48512000e-03 -1.66553000e-03 5.91210000e-04 -5.34628000e-03 8.62460000e-04 6.71783000e-03 2.93895000e-03 5.79970000e-03 -1.48732000e-03 5.41806000e-03 -1.14290000e-03 -6.98460000e-04 7.72270000e-04 1.16363000e-03 9.40840000e-04 8.29800000e-04 2.71956000e-03 -1.18086000e-03 8.39160000e-04 -5.44045000e-03 2.09620000e-04 1.27829000e-03 -5.27490000e-04 4.28840000e-04 -3.18877000e-03 -1.52863000e-03 1.64361000e-03 -3.55030000e-03 -1.25388000e-03 -1.25609000e-03 -4.62550000e-04 -1.11866000e-03 6.66100000e-04 3.18078000e-03 -2.36880000e-04 5.43016000e-03 -1.79896000e-03 -4.21817000e-03 1.24239000e-03 2.08694000e-03 2.37600000e-05 -6.29660000e-04 1.67380000e-04 6.36360000e-04 -1.10555000e-03 7.19790000e-04 1.72840000e-03 5.98430000e-04 7.72170000e-04 3.50825000e-03 3.84927000e-03
-1.35570000e-03 -7.14290000e-04 -5.75500000e-04 7.35490000e-04 -5.16970000e-04 -1.94319000e-03 -2.00230000e-04 -4.30200000e-04 -1.02880000e-04 -4.75620000e-04 1.39090000e-04 -2.27360000e-04 -8.57710000e-04 -6.08500000e-05 -6.44880000e-04 -2.79000000e-05 -3.21820000e-04 8.59520000e-04 -5.12950000e-04 4.39070000e-04 -1.97174000e-03 -5.39300000e-05 3.09390000e-04 -6.18310000e-04 -6.84520000e-04 -3.68200000e-04 -1.24000000e-04 -3.32360000e-04 -6.61000000e-06 6.71800000e-05 7.90900000e-05 2.06630000e-04 -2.32330000e-04 1.08355000e-03 -1.06991000e-03 -4.70160000e-04 -1.35680000e-04 -2.66130000e-04 -2.01660000e-04 -2.16470000e-04 -8.13180000e-04 -1.13287000e-03 -3.97220000e-04 -5.91560000e-04 8.17720000e-04 -2.43170000e-04 -4.68780000e-04 -3.99520000e-04 -2.73490000e-04 6.38550000e-04 1.39210000e-04 -2.71100000e-04 -6.19370000e-04 -4.68110000e-04 -6.73840000e-04 5.31880000e-04 1.96490000e-04 -5.92510000e-04 -9.20990000e-04 -3.24146000e-03 1.33526000e-03 -1.79861000e-03 1.66642000e-03 -6.75690000e-04 -4.03830000e-04 8.40600000e-05 2.34440000e-04 -1.45200000e-05 -1.18174000e-03 -2.35720000e-04 1.59350000e-04 6.34420000e-04 -7.30930000e-04 -6.06400000e-04 -4.51960000e-04 -2.14530000e-04 -2.66500000e-05 -7.39000000e-06 7.93300000e-05 1.84000000e-04 -2.83880000e-04 -3.44460000e-04 1.95900000e-05 -4.97750000e-04 -5.45950000e-04 2.87500000e-05 1.05975000e-03 -7.80440000e-04 -6.31390000e-04 -1.92968000e-03 -7.62000000e-05 -4.88650000e-04 -5.33600000e-04 7.93090000e-04 -4.81000000e-05 -4.22900000e-05 -2.16630000e-04 -4.31290000e-04 -5.83110000e-04 -9.34940000e-04 2.97220000e-04 -5.41230000e-04 5.43700000e-04
-7.80940000e-04 1.83230000e-04 2.83800000e-04 -4.87280000e-04 -6.16950000e-04 -2.70760000e-03 8.42500000e-04 3.65000000e-05 1.97300000e-04 4.94500000e-04 6.91300000e-05 1.68780000e-04 2.00380000e-04 1.06949000e-03 2.83100000e-05 -6.68670000e-04 2.37500000e-04 -9.85950000e-04 1.99530000e-04 1.24394000e-03 -1.65831000e-03 -3.07700000e-04 -2.08760000e-04 -4.92540000e-04 9.55600000e-04 -1.56200000e-05 7.12790000e-04 -3.25470000e-04 2.44500000e-05 -9.26290000e-04 6.89780000e-04 1.23565000e-03 2.31060000e-04 9.53710000e-04 -1.19498000e-03 1.90024000e-03 2.52400000e-04 -5.48070000e-04 -5.66810000e-04 1.79830000e-04 -3.10040000e-04 -5.71920000e-04 -4.67710000e-04 -9.63500000e-04 -1.03863000e-03 -4.98890000e-04 1.83600000e-04 -3.15000000e-04 5.38330000e-04 -4.74340000e-04 4.44250000e-04 8.47770000e-04 8.90930000e-04 6.73840000e-04 -1.58200000e-05 1.86687000e-03 -2.27650000e-04 -2.70383000e-03 -9.19220000e-04 -1.37562000e-03 4.39560000e-04 -1.77007000e-03 2.24500000e-05 6.80430000e-04 -1.43660000e-04 -4.62120000e-04 -2.73670000e-04 -3.52080000e-04 -6.41350000e-04 3.92450000e-04 -5.32780000e-04 1.92197000e-03 3.96060000e-04 -1.64800000e-04 3.04200000e-04 -2.49370000e-04 1.22220000e-03 3.87420000e-04 -6.98310000e-04 1.33909000e-03 5.78320000e-04 5.75600000e-04 3.03620000e-04 5.95830000e-04 8.49100000e-05 -1.16852000e-03 5.00400000e-05 -1.96848000e-03 1.03120000e-03 2.18444000e-03 -2.86340000e-04 -5.10110000e-04 3.27460000e-04 1.73700000e-05 1.40910000e-04 -1.71100000e-05 7.66880000e-04 -3.71200000e-05 -3.78360000e-04 1.59690000e-04 -3.00450000e-04 -1.21376000e-03 -1.36448000e-03
8.94770000e-04 -3.26780000e-04 -3.00460000e-04 9.17370000e-04 8.17480000e-04 3.29040000e-03 -1.18502000e-03 8.50100000e-05 -1.73490000e-04 -6.70940000e-04 6.10000000e-05 -4.08900000e-04 -4.45900000e-04 -1.57132000e-03 -2.20580000e-04 9.64520000e-04 -4.70120000e-04 1.63182000e-03 -4.69360000e-04 -1.75164000e-03 1.84667000e-03 3.22910000e-04 4.86570000e-04 6.06830000e-04 -1.48138000e-03 7.36800000e-05 -1.05918000e-03 4.05950000e-04 -4.99200000e-05 1.43443000e-03 -1.06620000e-03 -1.55404000e-03 -3.90450000e-04 -2.60280000e-04 1.32896000e-03 -2.79041000e-03 -5.23900000e-04 7.40280000e-04 8.22900000e-04 -4.09800000e-04 3.01990000e-04 6.45300000e-04 4.78220000e-04 8.53500000e-04 1.54010000e-03 6.11320000e-04 -2.09010000e-04 3.47130000e-04 -8.69120000e-04 8.78590000e-04 -5.13610000e-04 -1.34943000e-03 -1.31256000e-03 -1.01984000e-03 1.47100000e-05 -2.72175000e-03 3.76090000e-04 3.25508000e-03 1.16394000e-03 1.47181000e-03 -2.96260000e-04 1.81872000e-03 1.39460000e-04 -7.21830000e-04 2.02400000e-04 7.46090000e-04 4.27690000e-04 5.64810000e-04 9.07480000e-04 -5.78030000e-04 6.41220000e-04 -2.65914000e-03 -2.70470000e-04 2.03550000e-04 -6.06350000e-04 2.00390000e-04 -1.71116000e-03 -7.89830000e-04 1.01922000e-03 -1.84157000e-03 -8.43530000e-04 -7.96730000e-04 -3.18810000e-04 -7.96130000e-04 -6.04500000e-05 1.56337000e-03 3.13840000e-04 2.27304000e-03 -1.48340000e-03 -3.42472000e-03 3.61190000e-04 7.50720000e-04 -4.73500000e-04 -2.34250000e-04 -1.30870000e-04 4.98800000e-05 -9.55160000e-04 8.37000000e-06 4.86880000e-04 -3.37030000e-04 3.79510000e-04 1.35711000e-03 2.20892000e-03
-2.36834000e-03 8.50980000e-04 7.16830000e-04 -1.71049000e-03 -1.74054000e-03 -7.85319000e-03 2.72352000e-03 -1.86680000e-04 4.29320000e-04 1.21866000e-03 -1.40710000e-04 1.01818000e-03 1.24890000e-03 3.64740000e-03 8.07010000e-04 -1.89562000e-03 9.61050000e-04 -3.33991000e-03 7.78820000e-04 4.00008000e-03 -4.53130000e-03 -1.04676000e-03 -8.55890000e-04 -1.17342000e-03 3.28726000e-03 -5.98900000e-05 2.27117000e-03 -8.05570000e-04 2.30370000e-04 -2.99226000e-03 2.39794000e-03 3.72820000e-03 9.01560000e-04 1.10847000e-03 -3.23688000e-03 6.19162000e-03 1.27683000e-03 -1.65892000e-03 -1.81390000e-03 1.06934000e-03 -7.53580000e-04 -1.54678000e-03 -1.08320000e-03 -1.89143000e-03 -3.30305000e-03 -1.24958000e-03 5.11030000e-04 -8.21410000e-04 1.93229000e-03 -1.56299000e-03 1.23145000e-03 3.11631000e-03 2.56178000e-03 2.52174000e-03 -4.56100000e-05 6.13310000e-03 -1.10911000e-03 -7.73240000e-03 -2.61541000e-03 -3.81111000e-03 8.39200000e-04 -4.72144000e-03 -1.74770000e-04 1.80428000e-03 -4.68140000e-04 -1.43192000e-03 -1.24481000e-03 -1.01513000e-03 -2.12213000e-03 1.57306000e-03 -1.28961000e-03 6.07555000e-03 7.30970000e-04 -7.57600000e-04 1.15695000e-03 -3.76060000e-04 3.90396000e-03 1.81810000e-03 -2.09022000e-03 4.17708000e-03 1.85315000e-03 1.86236000e-03 6.00270000e-04 1.84113000e-03 -7.09600000e-05 -3.76887000e-03 -4.72830000e-04 -5.65720000e-03 2.98880000e-03 7.08816000e-03 -1.18067000e-03 -1.90103000e-03 6.85630000e-04 9.36700000e-05 3.11800000e-05 -4.79820000e-04 1.82304000e-03 -3.52710000e-04 -1.39775000e-03 3.62420000e-04 -1.20375000e-03 -3.57676000e-03 -5.06795000e-03
3.50440000e-04 3.73280000e-04 4.80740000e-04 -3.35930000e-04 1.80940000e-04 3.56350000e-04 3.20310000e-04 3.39910000e-04 1.64390000e-04 3.53930000e-04 1.23500000e-05 -4.34300000e-05 3.79360000e-04 4.71420000e-04 2.63030000e-04 -1.67330000e-04 2.44600000e-04 -5.13230000e-04 3.62370000e-04 6.10500000e-05 7.21190000e-04 -1.13460000e-04 -1.25900000e-04 2.46650000e-04 4.63350000e-04 2.75250000e-04 2.54330000e-04 1.00610000e-04 1.91000000e-06 6.19800000e-05 5.33200000e-05 2.37260000e-04 1.62490000e-04 1.71310000e-04 5.95100000e-05 5.48530000e-04 -1.60520000e-04 -6.37800000e-05 2.36300000e-05 -6.76600000e-05 3.61300000e-04 3.96730000e-04 -1.05100000e-05 -3.98700000e-04 -3.58660000e-04 1.24030000e-04 3.48700000e-04 1.11580000e-04 9.27500000e-05 -3.13590000e-04 6.09900000e-05 1.94590000e-04 4.71720000e-04 3.46310000e-04 3.47440000e-04 1.04950000e-04 -6.70900000e-05 -5.34160000e-04 2.78000000e-04 1.37882000e-03 -2.14100000e-04 3.83240000e-04 -6.81510000e-04 7.05770000e-04 3.39860000e-04 -1.09180000e-04 -1.00730000e-04 -3.42400000e-05 5.07940000e-04 7.51000000e-05 -3.09450000e-04 9.93700000e-05 7.70390000e-04 3.50670000e-04 3.37510000e-04 -5.63000000e-05 2.79670000e-04 -1.34530000e-04 -2.16400000e-04 2.03750000e-04 2.68480000e-04 3.37310000e-04 1.65310000e-04 3.87730000e-04 4.32900000e-04 -2.48510000e-04 -2.87240000e-04 -1.66740000e-04 5.14750000e-04 1.15825000e-03 8.80600000e-05 1.95010000e-04 3.95600000e-04 -4.16370000e-04 1.37660000e-04 1.53500000e-04 4.11850000e-04 2.14260000e-04 2.31100000e-04 4.67720000e-04 -1.85610000e-04 -1.16000000e-05 -2.25710000e-04
7.87300000e-04 -8.62260000e-04 -7.00090000e-04 1.34867000e-03 6.88540000e-04 3.37782000e-03 -1.68856000e-03 -7.10700000e-05 -3.04900000e-04 -8.27430000e-04 2.14340000e-04 -7.08960000e-04 -1.21842000e-03 -2.09733000e-03 -8.15950000e-04 1.02762000e-03 -7.98080000e-04 2.35560000e-03 -7.84210000e-04 -2.19027000e-03 1.44265000e-03 6.07790000e-04 6.83470000e-04 2.72980000e-04 -2.24060000e-03 -1.62080000e-04 -1.33250000e-03 2.60110000e-04 -2.09130000e-04 1.67700000e-03 -1.44673000e-03 -2.02370000e-03 -7.41110000e-04 1.84270000e-04 1.22615000e-03 -3.81814000e-03 -8.12130000e-04 8.09080000e-04 9.68780000e-04 -7.54470000e-04 -1.57800000e-05 3.03510000e-04 2.93670000e-04 6.37610000e-04 2.20437000e-03 5.23320000e-04 -5.15300000e-04 2.05450000e-04 -1.22181000e-03 1.18621000e-03 -5.83000000e-04 -1.99652000e-03 -1.63687000e-03 -1.81102000e-03 -2.90680000e-04 -3.36605000e-03 8.62680000e-04 4.06733000e-03 9.76890000e-04 4.64170000e-04 1.39370000e-04 1.64871000e-03 8.83060000e-04 -1.29147000e-03 3.01200000e-05 8.62550000e-04 9.43330000e-04 5.38690000e-04 6.78950000e-04 -1.00462000e-03 7.17880000e-04 -3.20042000e-03 -8.09210000e-04 1.68220000e-04 -9.73850000e-04 3.95000000e-06 -2.26807000e-03 -1.09787000e-03 1.18504000e-03 -2.31205000e-03 -1.19760000e-03 -1.22881000e-03 -3.50070000e-04 -1.28162000e-03 -1.86920000e-04 2.22940000e-03 8.29930000e-04 2.80595000e-03 -1.89757000e-03 -4.88417000e-03 7.31920000e-04 9.62530000e-04 -5.13240000e-04 3.28680000e-04 9.06600000e-05 3.83980000e-04 -9.94900000e-04 5.68100000e-05 6.14200000e-04 -5.50860000e-04 8.71720000e-04 1.72150000e-03 3.11676000e-03
2.78620000e-04 -4.58620000e-04 -4.03740000e-04 1.20019000e-03 8.05710000e-04 3.16930000e-03 -1.14490000e-03 6.39500000e-05 -1.92070000e-04 -9.77190000e-04 1.35230000e-04 -5.57900000e-04 -6.63850000e-04 -1.20002000e-03 -2.44560000e-04 9.71750000e-04 -4.93700000e-04 1.97607000e-03 -4.78790000e-04 -1.62969000e-03 1.82540000e-03 3.85700000e-05 5.99780000e-04 5.75980000e-04 -1.63496000e-03 6.95600000e-05 -1.03433000e-03 3.88090000e-04 -5.03400000e-05 1.83099000e-03 -1.02444000e-03 -1.48940000e-03 -4.23230000e-04 -1.08300000e-05 1.03244000e-03 -2.93385000e-03 -7.26980000e-04 6.48530000e-04 8.63590000e-04 -4.96830000e-04 2.51110000e-04 4.84200000e-04 3.71970000e-04 4.87490000e-04 2.14562000e-03 7.66490000e-04 -2.24110000e-04 2.97350000e-04 -1.04576000e-03 1.10324000e-03 -4.98100000e-04 -1.33576000e-03 -1.72948000e-03 -9.83320000e-04 -9.09900000e-05 -2.59653000e-03 2.76950000e-04 3.02669000e-03 1.05668000e-03 1.12448000e-03 2.82860000e-04 1.64961000e-03 6.77850000e-04 -7.81510000e-04 3.27090000e-04 8.22270000e-04 3.44020000e-04 6.51320000e-04 7.26410000e-04 -7.14660000e-04 5.74590000e-04 -2.46679000e-03 -2.44930000e-04 1.89040000e-04 -6.28790000e-04 8.58900000e-05 -1.69352000e-03 -8.36300000e-04 1.02669000e-03 -1.75685000e-03 -8.68950000e-04 -8.12330000e-04 -3.01740000e-04 -9.05960000e-04 -4.68500000e-05 1.45564000e-03 6.70940000e-04 2.01479000e-03 -1.89114000e-03 -4.41698000e-03 2.59900000e-04 4.58380000e-04 -7.95300000e-04 -2.36410000e-04 -3.14310000e-04 -7.53500000e-05 -1.20998000e-03 -3.62380000e-04 1.72850000e-04 -8.19590000e-04 2.48030000e-04 1.26084000e-03 2.58726000e-03
-1.91943000e-03 -1.28700000e-05 1.26150000e-04 -4.43660000e-04 -1.16662000e-03 -4.98317000e-03 1.19952000e-03 -3.23830000e-04 1.69710000e-04 3.59810000e-04 -9.87000000e-06 2.79820000e-04 7.35800000e-05 1.77449000e-03 7.99000000e-06 -1.02076000e-03 3.27490000e-04 -1.22600000e-03 1.39120000e-04 2.17318000e-03 -3.33352000e-03 -5.45650000e-04 -2.84890000e-04 -9.41340000e-04 1.17282000e-03 -2.33150000e-04 8.47640000e-04 -6.15270000e-04 8.97300000e-05 -1.38455000e-03 1.15083000e-03 1.94664000e-03 3.05690000e-04 1.42943000e-03 -2.25867000e-03 2.71086000e-03 4.22240000e-04 -1.02070000e-03 -1.03757000e-03 2.66590000e-04 -8.24270000e-04 -1.42175000e-03 -8.23420000e-04 -1.48806000e-03 -1.17359000e-03 -7.44540000e-04 -1.15200000e-05 -6.42910000e-04 7.29600000e-04 -4.36280000e-04 6.96160000e-04 1.30199000e-03 9.61440000e-04 9.12930000e-04 -4.37350000e-04 3.24669000e-03 -4.04850000e-04 -4.28095000e-03 -1.83624000e-03 -3.62366000e-03 1.28048000e-03 -3.42997000e-03 8.73510000e-04 6.22040000e-04 -4.03600000e-04 -7.00340000e-04 -4.56580000e-04 -5.43530000e-04 -1.69985000e-03 5.74300000e-04 -5.88740000e-04 3.25566000e-03 1.38060000e-04 -7.08910000e-04 3.45380000e-04 -3.46460000e-04 1.87215000e-03 7.43650000e-04 -1.01361000e-03 2.10170000e-03 7.20310000e-04 7.15080000e-04 3.58000000e-04 6.06930000e-04 -3.09740000e-04 -1.85167000e-03 3.60270000e-04 -3.26852000e-03 1.15409000e-03 2.43680000e-03 -5.57950000e-04 -1.15761000e-03 1.20840000e-04 5.11850000e-04 4.26300000e-05 -1.67520000e-04 8.86860000e-04 -3.39120000e-04 -9.75150000e-04 -2.91420000e-04 -3.75750000e-04 -2.08330000e-03 -2.09829000e-03
-1.31921000e-03 7.02900000e-05 -7.07800000e-05 -2.98320000e-04 -7.93720000e-04 -3.85208000e-03 9.04560000e-04 -2.67930000e-04 2.11880000e-04 3.74260000e-04 -1.71700000e-05 3.83080000e-04 2.24960000e-04 9.39720000e-04 -8.93000000e-05 -6.17860000e-04 2.13580000e-04 -8.34030000e-04 -2.88000000e-06 1.70574000e-03 -2.57723000e-03 -3.27010000e-04 -1.42990000e-04 -5.98050000e-04 9.48100000e-04 -9.26000000e-05 8.92270000e-04 -3.70720000e-04 1.27910000e-04 -1.11051000e-03 9.05640000e-04 1.49409000e-03 2.35730000e-04 8.65010000e-04 -1.73762000e-03 2.13250000e-03 5.61910000e-04 -7.35590000e-04 -7.25160000e-04 3.84980000e-04 -7.11500000e-04 -1.14430000e-03 -5.49530000e-04 -8.41980000e-04 -9.44660000e-04 -6.37300000e-04 -2.27300000e-05 -5.42480000e-04 7.06470000e-04 -2.02490000e-04 5.45710000e-04 1.08413000e-03 7.66730000e-04 8.15280000e-04 -3.33550000e-04 2.46955000e-03 -2.95900000e-04 -3.05075000e-03 -1.27298000e-03 -2.88805000e-03 8.86920000e-04 -2.56793000e-03 7.19410000e-04 3.07230000e-04 -4.04360000e-04 -4.60820000e-04 -3.34630000e-04 -2.88280000e-04 -1.34008000e-03 7.30750000e-04 -3.15200000e-04 2.55296000e-03 -1.25920000e-04 -6.13150000e-04 2.15990000e-04 -1.78120000e-04 1.41814000e-03 7.07680000e-04 -6.77350000e-04 1.60466000e-03 5.64090000e-04 5.71530000e-04 1.62450000e-04 5.26230000e-04 -3.17400000e-04 -1.34083000e-03 2.57550000e-04 -2.44125000e-03 9.45470000e-04 1.95364000e-03 -4.71840000e-04 -8.27860000e-04 6.61500000e-05 3.66390000e-04 3.95700000e-05 -2.05650000e-04 6.15560000e-04 -2.40600000e-04 -6.86750000e-04 -1.91630000e-04 -2.81430000e-04 -1.52084000e-03 -1.55149000e-03
-2.06000000e-06 4.76210000e-04 2.28820000e-04 -2.74810000e-04 4.51780000e-04 9.42180000e-04 2.70140000e-04 3.85070000e-04 2.46430000e-04 -2.80770000e-04 1.28990000e-04 -4.03200000e-05 6.12980000e-04 1.20650000e-04 5.04970000e-04 -1.93900000e-05 3.72120000e-04 -3.22180000e-04 4.42440000e-04 2.55000000e-06 9.95380000e-04 -3.64890000e-04 -1.73660000e-04 4.99270000e-04 3.79950000e-04 3.59460000e-04 -3.81700000e-05 3.70160000e-04 2.42560000e-04 -3.55000000e-06 1.45280000e-04 1.10030000e-04 2.80630000e-04 -3.40600000e-04 5.76670000e-04 2.33870000e-04 -1.51200000e-04 2.63510000e-04 3.00250000e-04 -6.59400000e-05 5.02030000e-04 5.86480000e-04 8.15100000e-05 1.48710000e-04 -2.46090000e-04 8.11300000e-05 3.98420000e-04 3.73920000e-04 -8.20200000e-05 -2.63570000e-04 -1.63160000e-04 -8.19100000e-05 -3.04920000e-04 4.85300000e-05 4.63320000e-04 -8.63500000e-05 -4.29270000e-04 -2.99260000e-04 5.69400000e-04 1.38561000e-03 -4.43320000e-04 8.45390000e-04 -6.13520000e-04 2.59520000e-04 3.86510000e-04 -7.67200000e-05 -4.34300000e-04 -1.74200000e-05 6.81230000e-04 -2.44000000e-05 -1.28100000e-04 -1.11420000e-04 3.15960000e-04 3.85260000e-04 4.33020000e-04 4.40000000e-07 1.51780000e-04 -1.85780000e-04 -6.51500000e-05 6.10900000e-05 1.85450000e-04 3.18920000e-04 2.22710000e-04 3.64180000e-04 3.71910000e-04 -4.79910000e-04 -4.13120000e-04 -4.13310000e-04 -3.18970000e-04 1.04400000e-05 -4.62690000e-04 -3.35120000e-04 -2.96160000e-04 -8.17420000e-04 -4.56290000e-04 -4.37030000e-04 -3.95010000e-04 -3.09570000e-04 -2.66300000e-04 -2.28970000e-04 -4.48270000e-04 -3.24700000e-04 -7.11630000e-04
-2.38025000e-03 6.65490000e-04 5.85380000e-04 -8.53030000e-04 -1.30511000e-03 -7.62154000e-03 2.24604000e-03 -2.51200000e-05 7.06170000e-04 7.15060000e-04 8.49500000e-05 6.59840000e-04 1.01058000e-03 2.93773000e-03 4.86540000e-04 -1.64115000e-03 9.96070000e-04 -2.44193000e-03 6.99680000e-04 3.25469000e-03 -5.00991000e-03 -8.75070000e-04 -4.71440000e-04 -8.62570000e-04 2.33497000e-03 1.19390000e-04 7.96580000e-04 -4.87950000e-04 4.49330000e-04 -2.59503000e-03 1.83448000e-03 3.42748000e-03 7.06960000e-04 2.82679000e-03 -3.17537000e-03 4.57138000e-03 7.65050000e-04 -1.33899000e-03 -1.28966000e-03 3.35010000e-04 -8.28480000e-04 -1.63170000e-03 -1.30823000e-03 -2.18640000e-03 -2.83585000e-03 -9.74580000e-04 4.10270000e-04 -6.62070000e-04 1.33668000e-03 -8.11510000e-04 1.25253000e-03 1.89597000e-03 1.92969000e-03 1.25786000e-03 -1.03460000e-04 4.87893000e-03 -6.10320000e-04 -7.38747000e-03 -2.37087000e-03 -5.14239000e-03 1.27185000e-03 -5.30500000e-03 4.63990000e-04 1.43889000e-03 -2.49060000e-04 -1.06062000e-03 -8.01900000e-04 -1.03609000e-03 -1.96571000e-03 1.06948000e-03 -8.71700000e-04 5.08799000e-03 3.47630000e-04 -8.33800000e-04 9.98040000e-04 -5.70270000e-04 3.21609000e-03 1.07236000e-03 -1.70692000e-03 3.45361000e-03 1.32064000e-03 1.59467000e-03 8.77230000e-04 1.48542000e-03 -1.31410000e-04 -3.29209000e-03 1.77670000e-04 -5.84608000e-03 2.13003000e-03 5.07480000e-03 -1.02643000e-03 -1.65412000e-03 5.71140000e-04 1.70200000e-04 1.12590000e-04 -1.78760000e-04 1.71713000e-03 -2.85060000e-04 -1.34793000e-03 -1.25000000e-06 -6.91210000e-04 -4.09735000e-03 -4.98941000e-03
-6.18600000e-04 3.70220000e-04 3.30520000e-04 -4.40190000e-04 -3.18100000e-04 -2.10287000e-03 8.10290000e-04 8.53600000e-05 2.53280000e-04 3.53500000e-04 -3.09900000e-05 2.42010000e-04 5.27710000e-04 1.00920000e-03 2.39460000e-04 -5.08380000e-04 3.68460000e-04 -9.53070000e-04 3.15870000e-04 1.08576000e-03 -1.07619000e-03 -3.52140000e-04 -2.04840000e-04 -1.34460000e-04 9.43260000e-04 1.51460000e-04 5.04000000e-04 -1.17340000e-04 1.24460000e-04 -7.36650000e-04 6.19880000e-04 1.11259000e-03 2.85050000e-04 5.41260000e-04 -9.51130000e-04 1.70425000e-03 2.32860000e-04 -4.72340000e-04 -4.24810000e-04 1.65570000e-04 -1.49250000e-04 -3.75920000e-04 -3.37450000e-04 -7.10270000e-04 -9.45780000e-04 -2.67400000e-04 2.49430000e-04 -1.99920000e-04 5.04850000e-04 -3.70490000e-04 3.74090000e-04 7.65200000e-04 7.42160000e-04 6.76830000e-04 9.03200000e-05 1.62629000e-03 -3.11800000e-04 -2.36246000e-03 -5.54360000e-04 -8.75380000e-04 2.60900000e-04 -1.29788000e-03 -1.64210000e-04 7.02950000e-04 -5.20000000e-07 -3.64000000e-04 -3.72000000e-04 -2.67600000e-04 -4.31040000e-04 4.75080000e-04 -3.70410000e-04 1.63592000e-03 3.92550000e-04 -1.42910000e-04 4.33540000e-04 -1.33160000e-04 1.09892000e-03 3.69810000e-04 -5.86180000e-04 1.13693000e-03 5.40700000e-04 6.13280000e-04 2.38360000e-04 6.15960000e-04 8.79500000e-05 -1.11898000e-03 -1.24910000e-04 -1.74290000e-03 8.55810000e-04 2.06177000e-03 -3.32750000e-04 -4.69860000e-04 2.55230000e-04 -1.57400000e-04 2.03500000e-05 -9.65900000e-05 5.88680000e-04 -6.13000000e-05 -3.50480000e-04 1.60440000e-04 -3.81940000e-04 -1.14747000e-03 -1.57888000e-03
1.87671000e-03 -1.05796000e-03 -7.97980000e-04 1.72724000e-03 1.32348000e-03 6.90370000e-03 -2.57435000e-03 2.98800000e-05 -6.01340000e-04 -1.13944000e-03 1.52130000e-04 -9.61810000e-04 -1.52977000e-03 -3.17287000e-03 -9.00560000e-04 1.72849000e-03 -1.13582000e-03 3.34096000e-03 -9.34190000e-04 -3.63346000e-03 3.85169000e-03 9.27200000e-04 8.91250000e-04 7.27680000e-04 -3.16761000e-03 -1.74450000e-04 -1.64561000e-03 4.98770000e-04 -4.00040000e-04 2.78192000e-03 -2.19907000e-03 -3.47840000e-03 -1.02267000e-03 -1.15804000e-03 2.72380000e-03 -5.74032000e-03 -1.17746000e-03 1.39307000e-03 1.54420000e-03 -9.57680000e-04 4.79160000e-04 1.18477000e-03 9.31210000e-04 1.61894000e-03 3.37206000e-03 1.13628000e-03 -6.22500000e-04 5.74440000e-04 -1.76217000e-03 1.51902000e-03 -1.08119000e-03 -2.78277000e-03 -2.37501000e-03 -2.36945000e-03 -1.28640000e-04 -5.44942000e-03 1.10667000e-03 7.15724000e-03 2.12177000e-03 2.89278000e-03 -5.92750000e-04 4.14758000e-03 4.01180000e-04 -1.73335000e-03 2.15890000e-04 1.36996000e-03 1.24237000e-03 8.78850000e-04 1.68823000e-03 -1.54799000e-03 1.08855000e-03 -5.39758000e-03 -8.79980000e-04 6.65730000e-04 -1.28463000e-03 2.51550000e-04 -3.58880000e-03 -1.46201000e-03 1.86996000e-03 -3.75809000e-03 -1.70804000e-03 -1.86255000e-03 -6.59250000e-04 -1.86285000e-03 -1.42100000e-05 3.56927000e-03 6.99160000e-04 5.33188000e-03 -2.75549000e-03 -6.76553000e-03 1.18985000e-03 1.69649000e-03 -6.61020000e-04 1.45240000e-04 3.40900000e-05 5.18600000e-04 -1.66788000e-03 2.04840000e-04 1.22972000e-03 -4.12440000e-04 1.10948000e-03 3.36279000e-03 4.75415000e-03
7.63940000e-04 -8.66600000e-05 -5.69300000e-05 3.93590000e-04 4.77380000e-04 1.83733000e-03 -6.14110000e-04 5.53400000e-05 -2.86500000e-05 -1.75420000e-04 -4.29400000e-05 -1.01340000e-04 -1.08260000e-04 -9.06830000e-04 -1.66590000e-04 5.69280000e-04 -1.61490000e-04 7.14940000e-04 -1.58680000e-04 -8.88320000e-04 1.11071000e-03 3.14450000e-04 2.42610000e-04 4.00970000e-04 -6.86040000e-04 7.77300000e-05 -5.47500000e-05 2.54300000e-04 1.77600000e-05 7.25730000e-04 -5.23980000e-04 -8.31790000e-04 -1.20210000e-04 -2.22050000e-04 8.08390000e-04 -1.34653000e-03 -1.38550000e-04 4.05620000e-04 3.84580000e-04 -9.80700000e-05 2.00880000e-04 4.02260000e-04 4.12990000e-04 6.63240000e-04 6.45960000e-04 3.35440000e-04 -8.86000000e-05 2.28190000e-04 -3.22370000e-04 4.30830000e-04 -2.27210000e-04 -5.60900000e-04 -4.96640000e-04 -3.38240000e-04 4.69900000e-05 -1.43609000e-03 2.07640000e-04 1.84244000e-03 6.87320000e-04 1.11420000e-03 -2.16320000e-04 1.08410000e-03 -1.36400000e-05 -3.40410000e-04 1.25150000e-04 3.96960000e-04 2.23950000e-04 3.70680000e-04 5.33150000e-04 -1.50360000e-04 4.51830000e-04 -1.44104000e-03 -7.06000000e-06 1.03260000e-04 -2.21660000e-04 2.58440000e-04 -8.96790000e-04 -3.63840000e-04 6.13960000e-04 -9.89320000e-04 -3.79460000e-04 -4.00960000e-04 -1.52730000e-04 -3.61340000e-04 -2.67500000e-05 8.70460000e-04 6.35800000e-05 1.35908000e-03 -5.71080000e-04 -1.35460000e-03 2.56920000e-04 5.49840000e-04 -1.00400000e-04 -5.47200000e-05 1.45600000e-05 7.67800000e-05 -3.91490000e-04 2.15490000e-04 4.17620000e-04 5.19100000e-05 2.81780000e-04 8.74750000e-04 1.25340000e-03
1.26990000e-03 -4.33900000e-04 -3.79060000e-04 1.17379000e-03 1.08310000e-03 4.77440000e-03 -1.56017000e-03 1.49180000e-04 -3.03460000e-04 -1.00883000e-03 1.11200000e-04 -5.79840000e-04 -6.66280000e-04 -1.71063000e-03 -2.00990000e-04 1.27536000e-03 -6.34870000e-04 2.14385000e-03 -5.53690000e-04 -2.49762000e-03 2.67217000e-03 3.34980000e-04 6.11490000e-04 7.79300000e-04 -1.95803000e-03 1.82500000e-05 -1.34437000e-03 5.50000000e-04 -1.18820000e-04 2.01351000e-03 -1.44693000e-03 -2.15922000e-03 -5.20740000e-04 -2.90930000e-04 2.04280000e-03 -3.78437000e-03 -7.29820000e-04 1.11500000e-03 1.12040000e-03 -4.47720000e-04 6.34470000e-04 1.11855000e-03 7.02880000e-04 1.25419000e-03 2.10300000e-03 9.23580000e-04 -2.17350000e-04 5.93670000e-04 -1.23729000e-03 1.04593000e-03 -7.34350000e-04 -1.73567000e-03 -1.89800000e-03 -1.28713000e-03 1.15260000e-04 -3.83128000e-03 4.38070000e-04 4.53498000e-03 1.50500000e-03 2.50100000e-03 -4.71500000e-04 2.65443000e-03 1.27760000e-04 -9.79680000e-04 3.87550000e-04 9.93580000e-04 5.05250000e-04 8.15630000e-04 1.38894000e-03 -9.25890000e-04 7.64230000e-04 -3.69391000e-03 -2.59650000e-04 3.49190000e-04 -8.13190000e-04 2.51790000e-04 -2.31026000e-03 -1.08664000e-03 1.34275000e-03 -2.48768000e-03 -1.06536000e-03 -1.07810000e-03 -4.03840000e-04 -1.09901000e-03 -1.86700000e-05 2.06578000e-03 3.53120000e-04 3.09694000e-03 -2.15091000e-03 -4.85898000e-03 4.35050000e-04 9.39410000e-04 -7.20270000e-04 -4.05850000e-04 -2.71930000e-04 -7.32000000e-06 -1.44032000e-03 -1.04620000e-04 5.97370000e-04 -5.68520000e-04 4.38210000e-04 1.91455000e-03 3.20213000e-03
1.46049000e-03 -4.80250000e-04 -3.64220000e-04 1.03989000e-03 1.07030000e-03 4.12910000e-03 -1.54880000e-03 2.42210000e-04 -1.12900000e-05 -3.01780000e-04 1.61090000e-04 -6.38290000e-04 -7.42920000e-04 -2.47894000e-03 -8.67950000e-04 1.02826000e-03 -4.99630000e-04 1.95911000e-03 -3.95190000e-04 -2.14571000e-03 2.50253000e-03 8.28250000e-04 6.01450000e-04 7.10380000e-04 -1.89115000e-03 2.33900000e-04 -9.13530000e-04 4.69780000e-04 -1.16330000e-04 1.69891000e-03 -1.41706000e-03 -2.01813000e-03 -5.52740000e-04 -2.98120000e-04 1.43313000e-03 -3.45925000e-03 -8.29360000e-04 7.93190000e-04 1.09493000e-03 -8.66850000e-04 2.00390000e-04 6.00640000e-04 4.69900000e-04 6.08530000e-04 1.88892000e-03 5.82050000e-04 -2.67850000e-04 3.02300000e-04 -1.01288000e-03 1.01967000e-03 -5.52070000e-04 -1.92831000e-03 -1.04409000e-03 -1.58866000e-03 9.55000000e-06 -3.38642000e-03 9.48900000e-04 4.16563000e-03 1.61061000e-03 1.81062000e-03 -1.99870000e-04 2.52503000e-03 2.29430000e-04 -8.97360000e-04 2.75050000e-04 8.16490000e-04 1.01797000e-03 5.21250000e-04 1.16579000e-03 -7.72830000e-04 7.14950000e-04 -3.30387000e-03 -3.79720000e-04 5.71450000e-04 -5.50800000e-04 1.24630000e-04 -2.20580000e-03 -1.16655000e-03 1.15619000e-03 -2.32868000e-03 -1.03338000e-03 -9.89200000e-04 -2.25780000e-04 -9.34630000e-04 2.16750000e-04 2.31973000e-03 4.97510000e-04 3.20363000e-03 -1.26485000e-03 -3.52744000e-03 9.96980000e-04 1.40041000e-03 1.00200000e-05 1.61520000e-04 3.52970000e-04 6.63270000e-04 -5.30230000e-04 5.38520000e-04 1.09692000e-03 1.70450000e-04 9.57660000e-04 2.08594000e-03 2.92830000e-03
5.09360000e-04 2.04610000e-04 1.93640000e-04 -5.46590000e-04 -2.04870000e-04 -2.96070000e-04 1.94550000e-04 -7.61900000e-05 -5.72400000e-05 5.01440000e-04 -1.94160000e-04 3.82820000e-04 3.27770000e-04 1.50300000e-05 1.11450000e-04 -4.14800000e-05 3.86100000e-05 -6.77650000e-04 4.11700000e-05 3.25480000e-04 -1.78700000e-05 1.85260000e-04 -1.96230000e-04 -1.19220000e-04 5.75380000e-04 -7.29300000e-05 1.11183000e-03 -1.06570000e-04 -3.35700000e-05 -5.47920000e-04 2.80300000e-04 1.44710000e-04 1.74370000e-04 -7.54840000e-04 1.15490000e-04 9.21730000e-04 5.20360000e-04 -9.82500000e-05 -3.26450000e-04 5.02290000e-04 -1.08200000e-05 7.45300000e-05 2.88590000e-04 5.82130000e-04 -7.97350000e-04 -2.41010000e-04 3.41600000e-05 -3.60600000e-05 5.26180000e-04 -4.25880000e-04 6.84900000e-05 6.54020000e-04 6.53000000e-04 6.71120000e-04 7.18000000e-05 4.98480000e-04 -2.00110000e-04 -1.40020000e-04 -8.21500000e-05 6.46380000e-04 -5.73540000e-04 1.63310000e-04 -6.11980000e-04 2.01280000e-04 -2.23570000e-04 -1.71600000e-04 -2.00810000e-04 -8.32000000e-06 -2.34600000e-05 4.83420000e-04 6.29000000e-06 3.75380000e-04 1.91020000e-04 -4.38600000e-05 1.03370000e-04 2.86020000e-04 3.06100000e-04 4.53630000e-04 -8.45300000e-05 2.98850000e-04 2.93910000e-04 1.32060000e-04 -1.01980000e-04 2.72200000e-04 -4.07100000e-05 -2.09480000e-04 -4.80910000e-04 1.31580000e-04 7.62140000e-04 1.84239000e-03 -6.58900000e-05 1.19530000e-04 2.96410000e-04 -2.53600000e-05 9.71300000e-05 -9.94800000e-05 2.61080000e-04 3.25580000e-04 2.09290000e-04 5.67500000e-04 -1.21300000e-04 1.64700000e-04 -4.22460000e-04
7.71040000e-04 -3.35100000e-05 5.95100000e-05 4.19220000e-04 6.10090000e-04 2.38386000e-03 -5.96360000e-04 2.54220000e-04 -2.41100000e-05 -2.27060000e-04 7.73400000e-05 -2.91890000e-04 -1.56370000e-04 -7.44140000e-04 -6.13300000e-05 5.29500000e-04 -1.75950000e-04 7.96260000e-04 -8.50400000e-05 -1.10500000e-03 1.60909000e-03 1.64840000e-04 2.60770000e-04 4.86430000e-04 -7.09140000e-04 1.77260000e-04 -4.11780000e-04 3.03500000e-04 -3.99700000e-05 9.82260000e-04 -6.48440000e-04 -8.94860000e-04 -1.61900000e-04 -3.52300000e-05 9.24800000e-04 -1.50881000e-03 -4.14090000e-04 4.68980000e-04 5.53060000e-04 -2.74790000e-04 4.05880000e-04 6.62110000e-04 3.27950000e-04 3.41460000e-04 8.35700000e-04 4.55920000e-04 5.59100000e-05 3.04490000e-04 -4.99000000e-04 3.89380000e-04 -2.81100000e-04 -7.33330000e-04 -5.92270000e-04 -4.48590000e-04 2.08380000e-04 -1.71951000e-03 2.24120000e-04 1.85122000e-03 8.88700000e-04 1.75698000e-03 -2.69850000e-04 1.43338000e-03 -2.26780000e-04 -1.13900000e-04 3.30950000e-04 4.30900000e-04 2.44090000e-04 3.52880000e-04 8.80500000e-04 -3.63490000e-04 2.39470000e-04 -1.66681000e-03 2.53490000e-04 3.74240000e-04 -2.02690000e-04 9.88600000e-05 -9.63010000e-04 -5.73810000e-04 5.53890000e-04 -1.06810000e-03 -3.86070000e-04 -3.44880000e-04 -8.92900000e-05 -3.13280000e-04 2.37120000e-04 9.01120000e-04 8.47900000e-05 1.42241000e-03 -6.79380000e-04 -1.63410000e-03 3.01650000e-04 5.93070000e-04 -8.61100000e-05 -3.46100000e-04 2.56000000e-06 1.30480000e-04 -3.93310000e-04 1.26540000e-04 4.47640000e-04 3.36600000e-05 1.66670000e-04 9.27930000e-04 1.40880000e-03
-1.16067000e-03 -7.66500000e-05 5.85000000e-06 -7.99700000e-05 -5.18730000e-04 -2.32361000e-03 4.72890000e-04 -1.72540000e-04 7.48200000e-05 -1.08700000e-04 -1.04000000e-05 -1.80000000e-07 -2.56000000e-06 8.03710000e-04 -3.37800000e-05 -4.29700000e-04 1.22380000e-04 -3.99940000e-04 3.64000000e-06 9.28730000e-04 -1.58760000e-03 -4.38230000e-04 -1.09150000e-04 -4.10640000e-04 3.56590000e-04 -1.22610000e-04 1.49250000e-04 -2.70220000e-04 4.75900000e-05 -4.83110000e-04 4.41400000e-04 8.46260000e-04 9.71200000e-05 8.93050000e-04 -1.11406000e-03 9.89720000e-04 2.69000000e-05 -4.84100000e-04 -4.64060000e-04 9.80000000e-07 -4.17640000e-04 -7.53650000e-04 -4.48350000e-04 -7.95670000e-04 -3.22440000e-04 -3.37150000e-04 -2.93300000e-05 -3.20580000e-04 1.46140000e-04 -9.01800000e-05 2.44060000e-04 4.37650000e-04 8.46500000e-05 3.15890000e-04 -2.68040000e-04 1.33080000e-03 -3.18570000e-04 -2.08135000e-03 -8.83230000e-04 -1.78753000e-03 7.89610000e-04 -1.73528000e-03 6.02230000e-04 2.40040000e-04 -1.71100000e-04 -3.03200000e-04 -3.37910000e-04 -1.89470000e-04 -8.21410000e-04 1.81430000e-04 -2.90890000e-04 1.36592000e-03 1.06650000e-04 -4.28400000e-04 1.07450000e-04 -2.15710000e-04 7.45550000e-04 1.54330000e-04 -4.34140000e-04 8.40140000e-04 2.78590000e-04 2.60560000e-04 1.57040000e-04 1.88430000e-04 -2.24540000e-04 -9.58450000e-04 2.72770000e-04 -1.74210000e-03 1.64760000e-04 4.13040000e-04 -4.30130000e-04 -7.18520000e-04 -2.18930000e-04 8.53800000e-05 -1.75070000e-04 -2.60780000e-04 1.41730000e-04 -3.84430000e-04 -6.66730000e-04 -4.84410000e-04 -2.93500000e-04 -1.13210000e-03 -8.18150000e-04
-2.74157000e-03 1.17602000e-03 1.28309000e-03 -2.69728000e-03 -2.61271000e-03 -1.13889800e-02 3.87301000e-03 -1.48240000e-04 7.84670000e-04 2.52393000e-03 -1.86270000e-04 1.27781000e-03 1.53615000e-03 5.09254000e-03 6.99860000e-04 -2.91589000e-03 1.52022000e-03 -5.10331000e-03 1.32925000e-03 5.74007000e-03 -6.35009000e-03 -1.10339000e-03 -1.31306000e-03 -1.78809000e-03 4.79163000e-03 -3.64700000e-05 3.93663000e-03 -1.25007000e-03 2.44530000e-04 -4.10905000e-03 3.32874000e-03 5.32094000e-03 1.36886000e-03 2.59403000e-03 -4.87379000e-03 9.09914000e-03 1.77465000e-03 -2.54350000e-03 -2.73185000e-03 1.48902000e-03 -1.03494000e-03 -2.24793000e-03 -1.56970000e-03 -3.21844000e-03 -4.94673000e-03 -2.03183000e-03 7.99260000e-04 -1.27783000e-03 2.80082000e-03 -2.44700000e-03 1.84394000e-03 4.73103000e-03 4.35132000e-03 4.00930000e-03 -9.08700000e-05 8.57971000e-03 -1.28191000e-03 -1.12273800e-02 -3.87102000e-03 -4.34327000e-03 1.72646000e-03 -6.96758000e-03 -1.34900000e-05 2.83344000e-03 -4.57520000e-04 -2.26554000e-03 -1.48034000e-03 -1.33096000e-03 -2.94832000e-03 2.34492000e-03 -2.09355000e-03 8.62330000e-03 1.90665000e-03 -9.42690000e-04 1.83356000e-03 -5.72370000e-04 5.53378000e-03 2.16422000e-03 -3.04522000e-03 5.94739000e-03 2.76040000e-03 2.69985000e-03 1.04360000e-03 2.75345000e-03 1.74270000e-04 -5.19226000e-03 -5.98320000e-04 -7.95104000e-03 5.03921000e-03 1.09298400e-02 -1.21853000e-03 -2.17743000e-03 1.62796000e-03 4.58210000e-04 5.83760000e-04 -2.00030000e-04 3.29896000e-03 1.65390000e-04 -1.44999000e-03 1.12086000e-03 -1.29558000e-03 -4.48244000e-03 -5.65655000e-03
4.55330000e-04 -5.57670000e-04 -4.65630000e-04 9.26750000e-04 4.69940000e-04 2.00650000e-03 -1.05615000e-03 -3.34400000e-05 -1.31060000e-04 -4.29650000e-04 1.52250000e-04 -4.63690000e-04 -7.83550000e-04 -1.44902000e-03 -6.40280000e-04 6.52930000e-04 -4.86170000e-04 1.56150000e-03 -4.89490000e-04 -1.30174000e-03 8.72190000e-04 4.69050000e-04 4.78550000e-04 2.01550000e-04 -1.44098000e-03 -3.42300000e-05 -7.54450000e-04 1.76710000e-04 -1.09670000e-04 1.11861000e-03 -9.10240000e-04 -1.22604000e-03 -4.72500000e-04 1.73790000e-04 6.07260000e-04 -2.40572000e-03 -5.57680000e-04 4.51650000e-04 6.38580000e-04 -5.50680000e-04 -9.56100000e-05 7.10000000e-05 1.39320000e-04 2.35030000e-04 1.50132000e-03 3.36760000e-04 -3.33770000e-04 7.28400000e-05 -7.60510000e-04 8.48530000e-04 -3.21700000e-04 -1.31464000e-03 -9.38140000e-04 -1.18200000e-03 -2.22710000e-04 -2.03429000e-03 6.73390000e-04 2.54218000e-03 6.49160000e-04 4.11200000e-05 2.53750000e-04 9.78920000e-04 6.92460000e-04 -8.03350000e-04 2.68800000e-05 5.66210000e-04 7.27430000e-04 3.40040000e-04 3.52500000e-04 -5.93980000e-04 4.78910000e-04 -1.93059000e-03 -5.36860000e-04 1.18530000e-04 -5.84310000e-04 -1.67000000e-05 -1.41204000e-03 -6.99420000e-04 7.45630000e-04 -1.42880000e-03 -7.66760000e-04 -7.50600000e-04 -2.02160000e-04 -7.97280000e-04 -9.33100000e-05 1.50844000e-03 6.26050000e-04 1.80685000e-03 -1.09385000e-03 -3.03364000e-03 5.90520000e-04 6.96010000e-04 -2.23360000e-04 3.48930000e-04 1.82320000e-04 3.80070000e-04 -4.75180000e-04 1.23310000e-04 4.66750000e-04 -2.71740000e-04 6.61450000e-04 1.13921000e-03 2.03161000e-03
-1.97216000e-03 -2.56330000e-04 -1.89850000e-04 -2.47240000e-04 -1.16106000e-03 -4.55268000e-03 8.32960000e-04 -4.47440000e-04 4.02600000e-05 1.06930000e-04 1.76900000e-05 2.16160000e-04 -1.97240000e-04 1.19356000e-03 -2.37030000e-04 -8.21470000e-04 9.19000000e-05 -7.70820000e-04 -1.17900000e-04 1.85089000e-03 -3.23249000e-03 -4.85790000e-04 -1.82020000e-04 -1.02681000e-03 7.64020000e-04 -3.67190000e-04 6.46400000e-04 -6.39620000e-04 2.18900000e-05 -1.26178000e-03 9.43370000e-04 1.52616000e-03 1.14190000e-04 1.02399000e-03 -2.08098000e-03 2.07823000e-03 4.06920000e-04 -9.07840000e-04 -9.25420000e-04 2.26600000e-04 -1.00209000e-03 -1.52914000e-03 -7.68480000e-04 -1.17443000e-03 -7.93770000e-04 -8.59500000e-04 -2.09790000e-04 -6.96660000e-04 5.67840000e-04 -2.52480000e-04 5.28360000e-04 1.01226000e-03 5.35270000e-04 5.91580000e-04 -5.66930000e-04 2.77017000e-03 -3.73300000e-04 -3.53360000e-03 -1.75109000e-03 -3.82419000e-03 1.23142000e-03 -3.15180000e-03 1.10395000e-03 1.84900000e-04 -5.99990000e-04 -5.87470000e-04 -3.90730000e-04 -4.82800000e-04 -1.73480000e-03 4.52090000e-04 -4.62510000e-04 2.78577000e-03 -2.94080000e-04 -7.55720000e-04 1.03720000e-04 -3.38230000e-04 1.44145000e-03 6.71360000e-04 -8.07600000e-04 1.70374000e-03 5.12890000e-04 4.20470000e-04 1.90890000e-04 3.28410000e-04 -4.71500000e-04 -1.52987000e-03 4.81290000e-04 -2.81519000e-03 7.04680000e-04 1.41470000e-03 -5.95430000e-04 -1.18223000e-03 -1.73920000e-04 5.63250000e-04 -8.62900000e-05 -3.01020000e-04 4.85560000e-04 -4.95250000e-04 -1.03290000e-03 -5.73580000e-04 -3.34910000e-04 -1.82805000e-03 -1.73334000e-03
-8.48730000e-04 -1.20940000e-04 -1.83520000e-04 -2.34000000e-05 -5.13330000e-04 -2.46674000e-03 4.11500000e-04 -1.94030000e-04 1.52280000e-04 2.28420000e-04 5.36500000e-05 1.37000000e-04 -8.16900000e-05 2.68550000e-04 -3.38450000e-04 -3.42470000e-04 2.54800000e-05 -2.55820000e-04 -1.24660000e-04 9.72370000e-04 -1.80490000e-03 -8.65400000e-05 4.20000000e-06 -4.52910000e-04 3.38780000e-04 -9.35000000e-05 4.89780000e-04 -2.64160000e-04 5.12000000e-05 -6.24470000e-04 4.53050000e-04 8.28060000e-04 3.96700000e-05 7.62750000e-04 -1.17317000e-03 1.01481000e-03 2.57280000e-04 -4.37820000e-04 -3.97370000e-04 9.64900000e-05 -5.90990000e-04 -8.80420000e-04 -4.12270000e-04 -6.37800000e-04 -3.86470000e-04 -4.55380000e-04 -1.06250000e-04 -4.05100000e-04 3.36290000e-04 2.31700000e-05 3.34820000e-04 4.35230000e-04 4.04070000e-04 2.42810000e-04 -3.06400000e-04 1.36996000e-03 4.48000000e-06 -1.68213000e-03 -8.31750000e-04 -2.25764000e-03 7.30110000e-04 -1.72755000e-03 7.10990000e-04 8.94000000e-06 -3.29990000e-04 -2.36550000e-04 -1.42600000e-05 -1.70810000e-04 -9.25510000e-04 3.56850000e-04 -1.49940000e-04 1.46462000e-03 -2.62190000e-04 -4.07900000e-04 1.30200000e-05 -1.77420000e-04 7.25320000e-04 3.27810000e-04 -3.56130000e-04 8.68530000e-04 2.38500000e-04 2.28780000e-04 1.10270000e-04 1.97300000e-04 -2.42340000e-04 -6.13260000e-04 3.71460000e-04 -1.41139000e-03 4.93030000e-04 7.84270000e-04 -1.62330000e-04 -4.14830000e-04 5.27600000e-05 4.14730000e-04 1.27180000e-04 1.52000000e-06 4.17650000e-04 -1.05810000e-04 -3.61540000e-04 -1.68100000e-04 1.77400000e-05 -8.59390000e-04 -6.48760000e-04
-1.78840000e-04 1.24320000e-04 2.10070000e-04 9.17500000e-05 1.31780000e-04 -5.31100000e-05 1.29410000e-04 1.39780000e-04 1.21410000e-04 -1.26180000e-04 4.91600000e-05 -8.65700000e-05 1.25080000e-04 3.44190000e-04 1.84380000e-04 -8.55000000e-06 1.58610000e-04 -1.54200000e-05 1.53380000e-04 6.58900000e-05 5.13000000e-05 -1.67410000e-04 3.88700000e-05 1.66250000e-04 4.86800000e-05 1.48450000e-04 2.00000000e-06 1.15520000e-04 1.19380000e-04 1.94250000e-04 3.68300000e-05 1.68140000e-04 1.30280000e-04 5.49460000e-04 -8.16900000e-05 2.29000000e-05 -1.67550000e-04 -2.50000000e-06 6.26000000e-05 -1.01880000e-04 1.20890000e-04 7.61400000e-05 -2.69600000e-05 -2.55380000e-04 5.16900000e-05 1.51860000e-04 1.35340000e-04 1.04280000e-04 -9.81600000e-05 7.56500000e-05 4.84500000e-05 -3.80700000e-05 -1.32140000e-04 7.01400000e-05 8.62600000e-05 4.60000000e-07 -1.12170000e-04 -4.46020000e-04 5.89200000e-05 1.32910000e-04 2.29420000e-04 -1.76040000e-04 4.25000000e-05 2.35800000e-04 2.42980000e-04 3.80900000e-05 -1.25630000e-04 4.84800000e-05 1.07460000e-04 -4.39000000e-05 -5.58000000e-06 3.84800000e-05 3.50990000e-04 3.16600000e-05 1.34030000e-04 -9.26000000e-06 7.82500000e-05 -1.73360000e-04 2.57000000e-05 6.58900000e-05 3.13500000e-05 1.28190000e-04 1.57060000e-04 9.59100000e-05 1.12700000e-04 -2.03880000e-04 1.13430000e-04 -3.79970000e-04 -1.32790000e-04 -1.95780000e-04 -1.17510000e-04 -9.49200000e-05 -8.25000000e-05 -2.15070000e-04 -9.51000000e-05 -7.41000000e-05 -1.78700000e-05 -7.68500000e-05 -1.26320000e-04 -1.37230000e-04 -1.09100000e-04 -2.78790000e-04 -3.25500000e-05
-1.12051000e-03 -1.99620000e-04 9.37000000e-05 -4.11850000e-04 -9.71450000e-04 -3.37768000e-03 7.12770000e-04 -1.94770000e-04 5.57000000e-05 4.17690000e-04 1.05690000e-04 3.93500000e-05 -3.19050000e-04 1.15801000e-03 -2.33270000e-04 -8.44550000e-04 9.47800000e-05 -8.56840000e-04 5.07100000e-05 1.38559000e-03 -2.45181000e-03 -1.67020000e-04 -2.24610000e-04 -9.28670000e-04 6.79990000e-04 -3.11260000e-04 6.52600000e-04 -5.88330000e-04 -6.54300000e-05 -1.11278000e-03 7.26540000e-04 1.21603000e-03 1.12160000e-04 1.12634000e-03 -1.43702000e-03 1.74452000e-03 1.73880000e-04 -6.32340000e-04 -7.44740000e-04 3.54400000e-05 -6.06300000e-04 -9.71540000e-04 -6.35700000e-04 -1.16845000e-03 -8.97260000e-04 -6.67140000e-04 -5.81100000e-05 -4.36180000e-04 4.37800000e-04 -4.87680000e-04 4.69420000e-04 6.89280000e-04 8.52970000e-04 3.15610000e-04 -2.98070000e-04 2.15038000e-03 -3.03100000e-05 -2.71825000e-03 -1.40824000e-03 -2.58066000e-03 7.85060000e-04 -2.32916000e-03 5.20540000e-04 3.54990000e-04 -3.76580000e-04 -5.69030000e-04 -6.08800000e-05 -5.15910000e-04 -1.11257000e-03 1.11490000e-04 -5.21300000e-04 2.11011000e-03 2.34300000e-05 -3.44360000e-04 1.32380000e-04 -3.43580000e-04 1.21448000e-03 4.00610000e-04 -7.51850000e-04 1.39973000e-03 4.39830000e-04 3.55280000e-04 3.50210000e-04 3.21160000e-04 -1.19740000e-04 -1.04035000e-03 3.16610000e-04 -1.97972000e-03 9.50690000e-04 1.80790000e-03 -1.32030000e-04 -5.92630000e-04 3.14200000e-04 5.98410000e-04 2.50340000e-04 1.55910000e-04 8.53710000e-04 -2.79500000e-05 -4.63800000e-04 1.45100000e-05 3.57000000e-06 -1.21882000e-03 -1.20750000e-03
-1.44877000e-03 -3.76400000e-05 -1.31140000e-04 -3.26710000e-04 -9.97220000e-04 -4.39387000e-03 9.88450000e-04 -3.26170000e-04 1.81260000e-04 5.09970000e-04 3.12700000e-05 3.68380000e-04 3.11000000e-05 1.13518000e-03 -2.30230000e-04 -7.73940000e-04 1.54390000e-04 -8.97110000e-04 -5.64300000e-05 1.90496000e-03 -3.07448000e-03 -2.33410000e-04 -1.68120000e-04 -8.29490000e-04 9.96090000e-04 -1.98620000e-04 9.82880000e-04 -5.17990000e-04 6.89900000e-05 -1.27227000e-03 9.89820000e-04 1.66893000e-03 2.07620000e-04 1.07601000e-03 -1.95322000e-03 2.34527000e-03 5.80510000e-04 -7.85590000e-04 -8.43480000e-04 3.91440000e-04 -8.10750000e-04 -1.32118000e-03 -6.95310000e-04 -1.07922000e-03 -9.82230000e-04 -7.62570000e-04 -5.54000000e-05 -6.28190000e-04 7.49900000e-04 -2.69200000e-04 6.33390000e-04 1.14371000e-03 9.68460000e-04 7.85250000e-04 -4.13140000e-04 2.82788000e-03 -1.24090000e-04 -3.24434000e-03 -1.57527000e-03 -3.47337000e-03 1.05809000e-03 -2.96518000e-03 9.11620000e-04 2.86090000e-04 -5.07590000e-04 -5.53930000e-04 -1.57470000e-04 -3.64790000e-04 -1.56455000e-03 6.71240000e-04 -4.09250000e-04 2.88759000e-03 -2.36340000e-04 -6.62280000e-04 1.60790000e-04 -2.60860000e-04 1.61122000e-03 7.93290000e-04 -8.17730000e-04 1.83050000e-03 6.04810000e-04 5.78590000e-04 2.12360000e-04 5.18480000e-04 -3.48430000e-04 -1.31071000e-03 3.66680000e-04 -2.54890000e-03 1.14826000e-03 2.15007000e-03 -3.13970000e-04 -8.24630000e-04 2.14380000e-04 6.90770000e-04 2.14550000e-04 -1.54000000e-05 8.57050000e-04 -1.80370000e-04 -6.66020000e-04 -1.34030000e-04 -1.19160000e-04 -1.52823000e-03 -1.48829000e-03
1.60411000e-03 -6.10000000e-04 -4.40750000e-04 1.11833000e-03 1.09281000e-03 4.56548000e-03 -1.74805000e-03 2.24210000e-04 -8.36400000e-05 -3.17180000e-04 1.78800000e-04 -7.18020000e-04 -9.50470000e-04 -2.67201000e-03 -1.02529000e-03 1.07834000e-03 -6.14020000e-04 2.14924000e-03 -4.74560000e-04 -2.38135000e-03 2.71300000e-03 9.62540000e-04 6.30710000e-04 6.71460000e-04 -2.13029000e-03 1.72580000e-04 -1.09854000e-03 4.27410000e-04 -1.95990000e-04 1.84432000e-03 -1.58438000e-03 -2.24203000e-03 -6.73650000e-04 -4.30920000e-04 1.60624000e-03 -3.83398000e-03 -9.29650000e-04 8.87870000e-04 1.16289000e-03 -9.55370000e-04 1.98730000e-04 6.57020000e-04 4.64580000e-04 5.97710000e-04 2.11533000e-03 6.01880000e-04 -3.24880000e-04 3.11540000e-04 -1.12074000e-03 1.07270000e-03 -6.04410000e-04 -2.13420000e-03 -1.08977000e-03 -1.82304000e-03 -5.37000000e-06 -3.65282000e-03 1.14462000e-03 4.72302000e-03 1.68042000e-03 1.90422000e-03 -2.19190000e-04 2.78321000e-03 2.82100000e-04 -1.00257000e-03 2.27130000e-04 8.60330000e-04 1.21513000e-03 5.31960000e-04 1.25502000e-03 -9.31160000e-04 7.38480000e-04 -3.64040000e-03 -4.89020000e-04 6.39150000e-04 -6.53340000e-04 1.01830000e-04 -2.40962000e-03 -1.24972000e-03 1.22542000e-03 -2.55937000e-03 -1.15820000e-03 -1.14462000e-03 -2.77120000e-04 -1.08665000e-03 2.20160000e-04 2.65614000e-03 5.23510000e-04 3.68418000e-03 -1.34703000e-03 -3.88901000e-03 1.20757000e-03 1.57916000e-03 8.27900000e-05 3.32070000e-04 4.60250000e-04 8.43890000e-04 -5.14290000e-04 6.19560000e-04 1.25477000e-03 2.33920000e-04 1.11940000e-03 2.41613000e-03 3.26714000e-03
-1.76561000e-03 -6.59140000e-04 -6.27440000e-04 6.46430000e-04 -7.24200000e-04 -3.05276000e-03 1.00680000e-04 -5.30180000e-04 -1.23800000e-05 -3.26620000e-04 1.03930000e-04 -4.80100000e-05 -7.17250000e-04 9.18100000e-05 -6.98440000e-04 -1.87630000e-04 -2.05260000e-04 5.93690000e-04 -4.71600000e-04 1.03624000e-03 -2.64701000e-03 -1.19780000e-04 2.59380000e-04 -7.39370000e-04 -3.49660000e-04 -3.66410000e-04 2.15790000e-04 -4.26400000e-04 6.67100000e-05 -2.63160000e-04 4.11880000e-04 6.79880000e-04 -1.24050000e-04 1.13815000e-03 -1.57627000e-03 2.47700000e-04 1.14890000e-04 -4.97490000e-04 -4.22580000e-04 -4.77800000e-05 -1.02600000e-03 -1.47966000e-03 -5.12040000e-04 -7.75540000e-04 5.61240000e-04 -4.33050000e-04 -4.82320000e-04 -5.64130000e-04 -1.25000000e-06 6.15340000e-04 3.14260000e-04 1.53780000e-04 -3.50910000e-04 -1.24090000e-04 -7.79330000e-04 1.39537000e-03 9.98700000e-05 -1.47577000e-03 -1.24729000e-03 -4.08752000e-03 1.62741000e-03 -2.48452000e-03 1.92267000e-03 -6.10100000e-04 -5.34850000e-04 -4.86100000e-05 1.32570000e-04 -8.67400000e-05 -1.62109000e-03 5.90800000e-05 1.15330000e-04 1.47854000e-03 -7.97090000e-04 -7.90700000e-04 -3.22640000e-04 -2.14980000e-04 4.46020000e-04 2.86580000e-04 -1.11810000e-04 7.04250000e-04 -9.23300000e-05 -1.46430000e-04 4.98200000e-05 -3.15310000e-04 -6.55010000e-04 -3.68610000e-04 1.09496000e-03 -1.45346000e-03 -2.97400000e-04 -1.24946000e-03 -2.09850000e-04 -7.51980000e-04 -5.07020000e-04 9.60140000e-04 -3.40400000e-05 -1.08590000e-04 -3.31500000e-05 -4.87740000e-04 -7.85070000e-04 -9.68770000e-04 2.22580000e-04 -9.32320000e-04 4.55900000e-05
6.38448000e-03 9.61630000e-04 1.08926000e-03 -2.00170000e-04 3.29056000e-03 1.36221200e-02 -2.45941000e-03 1.53220000e-03 -2.78700000e-05 2.79240000e-04 -2.13330000e-04 -5.60780000e-04 8.98840000e-04 -3.93711000e-03 4.61670000e-04 2.07554000e-03 -5.71200000e-05 1.19849000e-03 7.69830000e-04 -5.39729000e-03 1.03711600e-02 1.51612000e-03 1.71380000e-04 2.87250000e-03 -1.72854000e-03 1.15463000e-03 -9.27390000e-04 1.70357000e-03 -2.33330000e-04 2.88868000e-03 -2.76965000e-03 -4.65622000e-03 -3.38580000e-04 -4.25154000e-03 6.18872000e-03 -5.34442000e-03 -1.20256000e-03 2.30853000e-03 2.43889000e-03 -9.24870000e-04 2.74978000e-03 4.49972000e-03 2.34224000e-03 3.44407000e-03 1.20775000e-03 1.94354000e-03 6.93900000e-04 1.90651000e-03 -1.22437000e-03 -7.52000000e-05 -1.60272000e-03 -2.82710000e-03 -6.55800000e-04 -1.68680000e-03 1.92290000e-03 -7.95056000e-03 8.27890000e-04 9.70274000e-03 5.47019000e-03 1.27653100e-02 -4.50296000e-03 1.01275100e-02 -4.57895000e-03 1.06030000e-04 1.55210000e-03 1.30715000e-03 8.37750000e-04 8.94840000e-04 5.56108000e-03 -1.15144000e-03 1.01193000e-03 -8.26862000e-03 1.33223000e-03 2.72205000e-03 2.23120000e-04 1.02647000e-03 -4.22420000e-03 -2.02412000e-03 2.06641000e-03 -5.03450000e-03 -1.15112000e-03 -1.13577000e-03 -4.63750000e-04 -5.83140000e-04 1.79026000e-03 4.07320000e-03 -2.14747000e-03 8.35173000e-03 -1.08030000e-03 -1.55554000e-03 1.73146000e-03 3.68607000e-03 1.10291000e-03 -2.09897000e-03 3.59910000e-04 9.49040000e-04 -9.13020000e-04 1.98418000e-03 3.38720000e-03 2.65494000e-03 6.89410000e-04 5.28744000e-03 3.41415000e-03
1.91745000e-03 8.70000000e-06 8.52900000e-05 6.62170000e-04 1.43534000e-03 5.75165000e-03 -1.30336000e-03 5.02970000e-04 -8.06400000e-05 -3.22370000e-04 4.67700000e-05 -5.42960000e-04 -1.93610000e-04 -1.73773000e-03 -1.05030000e-04 1.10438000e-03 -2.52480000e-04 1.51299000e-03 1.83500000e-05 -2.36284000e-03 4.22667000e-03 5.32330000e-04 4.09790000e-04 1.19200000e-03 -1.39928000e-03 4.52870000e-04 -7.12160000e-04 7.00670000e-04 -1.02970000e-04 2.12068000e-03 -1.36530000e-03 -2.12452000e-03 -3.19550000e-04 -1.19702000e-03 2.18181000e-03 -3.12828000e-03 -8.49350000e-04 9.45590000e-04 1.21840000e-03 -5.81250000e-04 9.35200000e-04 1.51338000e-03 8.17580000e-04 9.18670000e-04 1.84161000e-03 1.01662000e-03 1.02970000e-04 6.63080000e-04 -9.76020000e-04 6.61820000e-04 -7.11660000e-04 -1.50208000e-03 -1.05306000e-03 -9.04500000e-04 4.80860000e-04 -3.60101000e-03 5.46640000e-04 4.52961000e-03 2.19809000e-03 4.45351000e-03 -7.87810000e-04 3.90018000e-03 -7.02180000e-04 -3.21270000e-04 7.46700000e-04 8.27740000e-04 6.09440000e-04 6.97140000e-04 1.96789000e-03 -7.25680000e-04 5.36830000e-04 -3.65757000e-03 4.14230000e-04 9.61830000e-04 -2.10630000e-04 3.09780000e-04 -2.11515000e-03 -1.12278000e-03 1.14530000e-03 -2.37788000e-03 -7.97620000e-04 -7.20810000e-04 -3.00900000e-04 -6.61410000e-04 5.84900000e-04 2.15621000e-03 -1.43370000e-04 3.71611000e-03 -1.23033000e-03 -2.99405000e-03 8.69390000e-04 1.42687000e-03 2.25000000e-06 -5.26540000e-04 1.03020000e-04 4.26800000e-04 -7.57550000e-04 4.53910000e-04 1.18102000e-03 3.73150000e-04 4.51400000e-04 2.53325000e-03 2.95460000e-03
4.50192000e-03 -6.95150000e-04 -4.04090000e-04 1.69469000e-03 2.69282000e-03 1.19392900e-02 -3.62945000e-03 6.52230000e-04 -4.26750000e-04 -7.66160000e-04 7.00100000e-05 -1.21014000e-03 -1.18413000e-03 -5.21420000e-03 -1.05746000e-03 2.51483000e-03 -1.08992000e-03 3.82956000e-03 -6.13710000e-04 -5.69588000e-03 7.80570000e-03 1.75376000e-03 1.00495000e-03 1.93096000e-03 -3.94160000e-03 4.34890000e-04 -2.15929000e-03 1.20895000e-03 -4.43810000e-04 3.91343000e-03 -3.39551000e-03 -5.27791000e-03 -1.18254000e-03 -2.55850000e-03 4.80269000e-03 -7.90124000e-03 -1.70036000e-03 2.15623000e-03 2.54606000e-03 -1.53599000e-03 1.31319000e-03 2.65766000e-03 1.71530000e-03 2.64388000e-03 3.80895000e-03 1.74848000e-03 -4.03060000e-04 1.16823000e-03 -2.19520000e-03 1.62023000e-03 -1.62804000e-03 -4.06826000e-03 -2.36236000e-03 -3.18978000e-03 5.34590000e-04 -8.58980000e-03 1.67960000e-03 1.08592300e-02 4.35897000e-03 7.54024000e-03 -2.08846000e-03 7.91089000e-03 -1.17663000e-03 -1.69870000e-03 8.15630000e-04 1.85194000e-03 1.80887000e-03 1.19921000e-03 3.75065000e-03 -1.85537000e-03 1.55946000e-03 -8.63201000e-03 -3.84700000e-04 1.72917000e-03 -1.11315000e-03 6.22110000e-04 -5.32685000e-03 -2.42938000e-03 2.70106000e-03 -5.80849000e-03 -2.23531000e-03 -2.29178000e-03 -7.98960000e-04 -2.06146000e-03 7.24650000e-04 5.33869000e-03 -3.86500000e-05 8.62236000e-03 -2.89845000e-03 -7.09390000e-03 2.10682000e-03 3.39767000e-03 4.82700000e-05 -4.51560000e-04 4.47070000e-04 1.17303000e-03 -1.66786000e-03 1.28395000e-03 2.79175000e-03 8.92130000e-04 1.63941000e-03 5.49751000e-03 6.20928000e-03
1.99430000e-04 -3.72010000e-04 -3.57250000e-04 7.40020000e-04 3.82500000e-04 1.25327000e-03 -7.27850000e-04 4.00000000e-07 -5.49000000e-06 -4.05390000e-04 1.42010000e-04 -3.19710000e-04 -4.95340000e-04 -1.10788000e-03 -4.54260000e-04 5.13510000e-04 -3.01890000e-04 1.18364000e-03 -3.45780000e-04 -8.52590000e-04 4.66500000e-04 2.59180000e-04 3.90950000e-04 2.03000000e-04 -1.03875000e-03 2.83300000e-05 -5.37150000e-04 1.95050000e-04 8.80000000e-06 7.84490000e-04 -5.96840000e-04 -8.00720000e-04 -2.91410000e-04 2.95610000e-04 3.65950000e-04 -1.72000000e-03 -3.73240000e-04 3.37340000e-04 4.88980000e-04 -4.07920000e-04 -1.19350000e-04 -1.98300000e-05 1.05480000e-04 2.08150000e-04 1.05592000e-03 2.28950000e-04 -2.29520000e-04 6.74600000e-05 -5.45940000e-04 7.00030000e-04 -2.15670000e-04 -9.53350000e-04 -8.04440000e-04 -8.51140000e-04 -1.61190000e-04 -1.42884000e-03 3.91450000e-04 1.62744000e-03 4.77650000e-04 -2.17260000e-04 2.65260000e-04 5.33940000e-04 6.03390000e-04 -6.36140000e-04 3.28400000e-05 4.37970000e-04 4.20060000e-04 2.64150000e-04 2.07040000e-04 -3.79150000e-04 4.14530000e-04 -1.29315000e-03 -4.35770000e-04 3.33700000e-05 -3.96570000e-04 -2.49000000e-06 -9.92820000e-04 -5.07540000e-04 5.86060000e-04 -9.82770000e-04 -5.57360000e-04 -5.13260000e-04 -9.47100000e-05 -5.40350000e-04 -9.48600000e-05 9.42220000e-04 5.41940000e-04 1.01007000e-03 -9.16950000e-04 -2.35715000e-03 2.68560000e-04 3.79250000e-04 -2.96820000e-04 1.45400000e-04 1.38900000e-05 1.38970000e-04 -4.58370000e-04 -1.12700000e-05 2.06470000e-04 -3.50620000e-04 4.17530000e-04 5.93450000e-04 1.34127000e-03
6.90520000e-04 -1.21100000e-05 7.85600000e-05 -2.73900000e-05 2.20900000e-04 1.25981000e-03 -3.69040000e-04 2.34300000e-05 -9.25400000e-05 2.16600000e-05 -1.29360000e-04 -5.67000000e-05 3.47600000e-05 -5.42130000e-04 -8.20400000e-05 2.76370000e-04 -1.24100000e-04 1.50380000e-04 -7.80900000e-05 -5.98430000e-04 8.93790000e-04 2.01500000e-04 7.21000000e-06 1.91530000e-04 -2.93890000e-04 -3.24000000e-06 1.57230000e-04 8.02500000e-05 -9.57200000e-05 2.96440000e-04 -3.63220000e-04 -5.74670000e-04 -9.32500000e-05 -4.39400000e-04 5.91340000e-04 -6.44720000e-04 -1.01590000e-04 1.81590000e-04 1.15370000e-04 -4.75700000e-05 1.74220000e-04 3.18060000e-04 2.82010000e-04 4.63340000e-04 1.54560000e-04 1.37000000e-04 -2.96700000e-05 1.03790000e-04 -1.45030000e-04 1.32400000e-05 -2.07160000e-04 -2.97180000e-04 -1.03700000e-04 -1.24430000e-04 6.06600000e-05 -9.01550000e-04 6.13800000e-05 1.15075000e-03 4.27350000e-04 1.22349000e-03 -4.32910000e-04 8.97450000e-04 -4.03900000e-04 -3.60800000e-05 9.33000000e-06 1.30790000e-04 7.40300000e-05 1.76000000e-04 4.38150000e-04 -6.01900000e-05 1.44160000e-04 -9.70260000e-04 1.71400000e-04 9.53500000e-05 -1.10890000e-04 1.72680000e-04 -5.35930000e-04 -2.31280000e-04 2.60290000e-04 -6.39180000e-04 -1.29520000e-04 -2.39290000e-04 -1.52760000e-04 -1.66730000e-04 4.83000000e-06 4.91950000e-04 -2.32070000e-04 9.75390000e-04 -1.25890000e-04 -2.32880000e-04 1.81180000e-04 4.19540000e-04 6.88700000e-05 -1.30060000e-04 4.49500000e-05 5.40400000e-05 -1.39420000e-04 2.36970000e-04 3.63140000e-04 2.50300000e-04 8.98500000e-05 6.49730000e-04 6.30900000e-04
5.76878000e-03 2.12730000e-04 5.36760000e-04 3.64830000e-04 2.89045000e-03 1.35847200e-02 -2.88548000e-03 1.17710000e-03 -3.90000000e-04 1.28240000e-04 -9.97100000e-05 -8.83380000e-04 -2.30940000e-04 -4.06940000e-03 -2.03270000e-04 2.19367000e-03 -6.23590000e-04 2.20858000e-03 2.10470000e-04 -5.48643000e-03 1.00387900e-02 1.61416000e-03 4.43520000e-04 2.31492000e-03 -2.48130000e-03 7.24940000e-04 -7.81160000e-04 1.29297000e-03 -5.50520000e-04 3.65394000e-03 -2.96914000e-03 -5.02003000e-03 -7.14610000e-04 -4.06000000e-03 5.80630000e-03 -6.12669000e-03 -1.39501000e-03 2.23999000e-03 2.36305000e-03 -9.17700000e-04 2.38635000e-03 4.00925000e-03 2.19482000e-03 2.98390000e-03 2.62051000e-03 1.88510000e-03 3.14710000e-04 1.59424000e-03 -1.58727000e-03 3.84060000e-04 -1.65273000e-03 -2.87764000e-03 -1.17658000e-03 -1.76711000e-03 1.42368000e-03 -8.03781000e-03 1.19778000e-03 1.06535100e-02 4.97366000e-03 1.18813400e-02 -3.42673000e-03 9.82738000e-03 -3.24236000e-03 -4.61330000e-04 1.30519000e-03 1.46477000e-03 1.30083000e-03 1.19501000e-03 4.98020000e-03 -1.48903000e-03 9.34730000e-04 -8.38414000e-03 1.05394000e-03 2.54349000e-03 -3.65840000e-04 8.68000000e-04 -4.58464000e-03 -2.08235000e-03 2.25221000e-03 -5.26042000e-03 -1.45068000e-03 -1.63221000e-03 -7.25680000e-04 -1.20081000e-03 1.53730000e-03 4.80284000e-03 -1.38005000e-03 9.13618000e-03 -1.56557000e-03 -3.68017000e-03 2.15422000e-03 3.70387000e-03 8.21720000e-04 -1.28724000e-03 5.32650000e-04 1.17237000e-03 -1.14557000e-03 1.72552000e-03 3.33160000e-03 2.10639000e-03 1.04183000e-03 6.21200000e-03 5.70158000e-03
-3.31687000e-03 5.33780000e-04 5.99170000e-04 -1.39241000e-03 -2.00161000e-03 -9.49234000e-03 2.79034000e-03 -2.76940000e-04 6.14340000e-04 1.17995000e-03 1.14900000e-05 7.45680000e-04 8.18410000e-04 3.62638000e-03 3.70460000e-04 -2.22328000e-03 1.06354000e-03 -3.14738000e-03 7.90870000e-04 4.54882000e-03 -5.77902000e-03 -1.04521000e-03 -7.70700000e-04 -1.47913000e-03 3.04442000e-03 -5.56300000e-05 1.92800000e-03 -9.81400000e-04 3.23830000e-04 -3.10141000e-03 2.52764000e-03 4.15234000e-03 8.64690000e-04 2.21021000e-03 -4.27601000e-03 6.23172000e-03 9.56390000e-04 -2.03385000e-03 -1.92554000e-03 5.51910000e-04 -1.31587000e-03 -2.38833000e-03 -1.58645000e-03 -2.96744000e-03 -3.05907000e-03 -1.48892000e-03 3.42390000e-04 -1.11269000e-03 1.79785000e-03 -1.28899000e-03 1.44854000e-03 2.84163000e-03 2.59745000e-03 2.06828000e-03 -4.12030000e-04 6.83255000e-03 -8.65650000e-04 -8.97279000e-03 -3.12399000e-03 -5.98044000e-03 1.92775000e-03 -6.07513000e-03 8.21720000e-04 1.72752000e-03 -5.33870000e-04 -1.56769000e-03 -1.00467000e-03 -1.29531000e-03 -2.85342000e-03 1.40408000e-03 -1.34325000e-03 6.79694000e-03 5.57630000e-04 -9.36400000e-04 1.23117000e-03 -6.72350000e-04 4.12218000e-03 1.60948000e-03 -2.26678000e-03 4.51802000e-03 1.72849000e-03 1.87794000e-03 8.85170000e-04 1.75708000e-03 -1.33520000e-04 -3.97703000e-03 1.85540000e-04 -6.60755000e-03 3.01045000e-03 6.68918000e-03 -1.07749000e-03 -2.14473000e-03 7.17900000e-04 6.38690000e-04 2.09720000e-04 -2.05790000e-04 2.20687000e-03 -3.73680000e-04 -1.66434000e-03 8.19900000e-05 -8.98750000e-04 -4.22165000e-03 -5.28496000e-03
4.07900000e-05 -2.75500000e-04 -2.79120000e-04 6.01960000e-04 2.93420000e-04 6.33720000e-04 -5.31500000e-04 -3.65000000e-06 5.82500000e-05 -2.17070000e-04 9.22800000e-05 -2.69440000e-04 -3.34810000e-04 -9.70960000e-04 -4.43940000e-04 3.51580000e-04 -2.03320000e-04 9.02700000e-04 -2.79160000e-04 -5.44200000e-04 2.25940000e-04 2.12520000e-04 3.05020000e-04 1.77100000e-04 -7.89510000e-04 9.62400000e-05 -4.30860000e-04 1.40670000e-04 1.68900000e-05 6.08340000e-04 -4.73700000e-04 -5.07240000e-04 -2.39860000e-04 3.96400000e-04 -2.10000000e-06 -1.24338000e-03 -3.42550000e-04 1.28840000e-04 3.55160000e-04 -3.98300000e-04 -2.07620000e-04 -1.97810000e-04 -4.09400000e-05 -1.05490000e-04 8.36640000e-04 1.12300000e-04 -1.75460000e-04 -6.59100000e-05 -4.04950000e-04 6.09660000e-04 -1.17460000e-04 -7.57130000e-04 -5.07200000e-04 -6.58040000e-04 -1.88220000e-04 -9.63790000e-04 3.59120000e-04 9.65380000e-04 3.44740000e-04 -4.26890000e-04 4.03780000e-04 1.69870000e-04 5.97310000e-04 -3.90800000e-04 1.04800000e-05 3.04150000e-04 3.80300000e-04 1.92280000e-04 4.47300000e-05 -1.73320000e-04 2.74520000e-04 -8.54430000e-04 -2.71130000e-04 -1.89100000e-05 -2.68360000e-04 -5.62100000e-05 -7.06050000e-04 -4.46520000e-04 3.85700000e-04 -7.04410000e-04 -4.15100000e-04 -3.37660000e-04 -7.39000000e-05 -3.64170000e-04 -7.48600000e-05 6.91820000e-04 4.73260000e-04 6.02240000e-04 -5.69750000e-04 -1.67667000e-03 2.57480000e-04 3.15780000e-04 -1.46500000e-04 1.58600000e-04 1.01850000e-04 1.87160000e-04 -1.97490000e-04 4.52500000e-05 1.77500000e-04 -2.26080000e-04 3.47650000e-04 3.67940000e-04 9.96490000e-04
-2.14930000e-04 1.55280000e-04 1.95030000e-04 4.12600000e-05 1.60870000e-04 -1.65130000e-04 1.64440000e-04 2.00690000e-04 1.91470000e-04 1.82600000e-05 5.01000000e-05 -1.23670000e-04 1.81950000e-04 1.89840000e-04 1.20700000e-05 -8.53000000e-05 1.57850000e-04 -6.22500000e-05 1.72450000e-04 1.28430000e-04 1.65940000e-04 -1.82030000e-04 3.38900000e-05 1.92510000e-04 9.95100000e-05 2.45950000e-04 -1.61990000e-04 9.18800000e-05 6.56500000e-05 1.51780000e-04 2.75000000e-06 2.31810000e-04 4.80000000e-05 3.93690000e-04 -3.17390000e-04 1.41520000e-04 -2.64060000e-04 -1.38350000e-04 7.17300000e-05 -2.57430000e-04 1.29600000e-05 -5.14800000e-05 -1.69880000e-04 -5.66340000e-04 4.65600000e-05 7.47500000e-05 1.62240000e-04 -3.19000000e-05 -5.81200000e-05 6.34700000e-05 7.39400000e-05 -9.72900000e-05 6.18400000e-05 -3.60000000e-06 1.09300000e-04 1.41170000e-04 -2.64800000e-05 -6.46610000e-04 1.44890000e-04 6.42300000e-05 2.43120000e-04 -1.32650000e-04 -5.21600000e-05 3.71110000e-04 2.05630000e-04 -1.07200000e-05 -5.09600000e-05 -3.96200000e-05 1.15130000e-04 1.68600000e-05 -1.40460000e-04 1.74000000e-04 3.24630000e-04 1.24370000e-04 2.02050000e-04 -1.31810000e-04 1.40460000e-04 -1.96640000e-04 -1.12630000e-04 1.21510000e-04 7.88800000e-05 1.94110000e-04 1.35570000e-04 1.79800000e-04 2.05790000e-04 -2.17330000e-04 9.96100000e-05 -4.46410000e-04 7.75500000e-05 1.43870000e-04 -1.21700000e-05 -2.62500000e-05 7.90400000e-05 -2.35450000e-04 1.78700000e-05 6.59600000e-05 1.81250000e-04 -2.87700000e-05 -4.20200000e-05 1.38400000e-05 -1.24370000e-04 -3.13700000e-04 -2.94510000e-04
7.09240000e-04 1.15705000e-03 1.13870000e-03 -1.39746000e-03 -1.23900000e-05 -9.84690000e-04 1.34537000e-03 5.93690000e-04 4.76760000e-04 1.22731000e-03 -1.57950000e-04 5.05570000e-04 1.41766000e-03 1.61175000e-03 7.74100000e-04 -7.85080000e-04 8.77000000e-04 -2.27021000e-03 1.08390000e-03 1.07322000e-03 4.81080000e-04 -2.51520000e-04 -6.02760000e-04 3.07600000e-04 2.00046000e-03 5.26830000e-04 1.30748000e-03 8.25400000e-05 1.09270000e-04 -1.09546000e-03 7.83060000e-04 1.33392000e-03 6.12870000e-04 -9.74100000e-05 -2.65600000e-04 2.90034000e-03 3.99810000e-04 -4.26290000e-04 -4.49430000e-04 3.72010000e-04 6.46470000e-04 6.28850000e-04 -6.42700000e-05 -5.68980000e-04 -2.16057000e-03 -1.00710000e-04 8.24170000e-04 1.25250000e-04 9.99180000e-04 -1.24617000e-03 4.56980000e-04 1.37446000e-03 1.96625000e-03 1.39254000e-03 8.13880000e-04 1.75954000e-03 -4.02910000e-04 -2.65786000e-03 4.96500000e-05 2.16238000e-03 -8.48650000e-04 3.16000000e-06 -1.86566000e-03 1.73207000e-03 4.51540000e-04 -6.37030000e-04 -5.40620000e-04 -4.20440000e-04 6.13440000e-04 7.70010000e-04 -7.53700000e-04 1.67232000e-03 1.42871000e-03 5.32480000e-04 1.13732000e-03 -8.81000000e-06 1.58987000e-03 4.86950000e-04 -9.64630000e-04 1.44660000e-03 1.10518000e-03 1.17922000e-03 4.33160000e-04 1.34521000e-03 7.95930000e-04 -1.44029000e-03 -1.15936000e-03 -1.48001000e-03 2.11780000e-03 5.16933000e-03 -9.64600000e-05 6.22500000e-05 1.21381000e-03 -7.28710000e-04 3.39570000e-04 2.26920000e-04 1.37463000e-03 6.13210000e-04 3.34470000e-04 1.45220000e-03 -5.81840000e-04 -8.40350000e-04 -2.48767000e-03
2.41120000e-04 2.56650000e-04 3.42800000e-04 -4.32900000e-05 2.75700000e-04 5.91200000e-04 7.20400000e-05 2.31520000e-04 1.14730000e-04 -1.90100000e-05 8.43000000e-06 -4.75100000e-05 2.82950000e-04 2.18960000e-04 3.27310000e-04 6.75400000e-05 1.85100000e-04 -1.21500000e-04 2.14730000e-04 -1.37810000e-04 6.11650000e-04 -9.63500000e-05 -3.95000000e-06 3.21430000e-04 1.09400000e-04 2.16360000e-04 3.22400000e-05 1.92510000e-04 1.12390000e-04 2.38450000e-04 -4.23100000e-05 4.09000000e-06 1.60310000e-04 2.15600000e-04 2.69770000e-04 -3.56100000e-05 -1.38970000e-04 1.07140000e-04 1.31410000e-04 -6.03000000e-05 3.00190000e-04 3.65820000e-04 1.17570000e-04 -1.56100000e-05 -7.68300000e-05 2.05210000e-04 2.15520000e-04 2.11460000e-04 -6.93800000e-05 -3.00000000e-05 -1.89400000e-05 -3.81200000e-05 -3.32000000e-05 1.28700000e-04 2.38820000e-04 -2.70420000e-04 -1.32060000e-04 -5.85200000e-05 3.39620000e-04 9.95070000e-04 -1.34950000e-04 3.45650000e-04 -3.67800000e-04 3.52130000e-04 3.05680000e-04 5.94000000e-05 -1.51230000e-04 8.51000000e-05 4.33770000e-04 -6.51000000e-06 1.41900000e-05 -2.93850000e-04 5.12070000e-04 1.72640000e-04 1.81830000e-04 8.11800000e-05 -3.54600000e-05 -2.01560000e-04 9.42400000e-05 -1.09330000e-04 3.01200000e-05 1.31240000e-04 1.20800000e-04 1.54700000e-04 2.16880000e-04 -8.86000000e-05 -1.22670000e-04 8.52000000e-06 -3.65900000e-05 1.16210000e-04 -6.26400000e-05 9.80900000e-05 3.61700000e-05 -3.87470000e-04 -7.44300000e-05 -5.35300000e-05 -1.15700000e-05 6.76600000e-05 7.24500000e-05 1.08400000e-04 -1.35750000e-04 -2.57900000e-05 1.10000000e-07
-2.70142000e-03 2.40540000e-04 -2.68000000e-06 -1.15327000e-03 -2.09329000e-03 -8.28292000e-03 2.18961000e-03 -7.61830000e-04 1.22670000e-04 9.19370000e-04 -2.56950000e-04 1.14755000e-03 6.06310000e-04 2.89591000e-03 2.36530000e-04 -1.53554000e-03 4.71020000e-04 -2.47738000e-03 1.10380000e-04 3.85237000e-03 -5.43324000e-03 -8.41140000e-04 -5.98640000e-04 -1.58427000e-03 2.56223000e-03 -5.39880000e-04 2.41061000e-03 -1.06446000e-03 8.71400000e-05 -2.82264000e-03 2.22394000e-03 3.32291000e-03 5.57580000e-04 9.09390000e-04 -3.39874000e-03 5.37677000e-03 1.63600000e-03 -1.63178000e-03 -1.96244000e-03 1.35746000e-03 -1.27835000e-03 -2.14296000e-03 -1.00008000e-03 -1.32393000e-03 -2.54705000e-03 -1.39711000e-03 -3.34500000e-05 -1.11510000e-03 1.87376000e-03 -9.89450000e-04 1.20485000e-03 3.13758000e-03 2.00586000e-03 2.37801000e-03 -6.25850000e-04 5.92356000e-03 -9.42680000e-04 -6.69261000e-03 -3.09392000e-03 -5.42028000e-03 1.36609000e-03 -5.30077000e-03 9.98610000e-04 8.80500000e-04 -1.03365000e-03 -1.19939000e-03 -1.03624000e-03 -7.36640000e-04 -2.89696000e-03 1.66527000e-03 -8.82800000e-04 5.87520000e-03 -1.47090000e-04 -1.34703000e-03 5.44780000e-04 -2.40770000e-04 3.46161000e-03 2.08959000e-03 -1.72330000e-03 3.81427000e-03 1.52535000e-03 1.30524000e-03 1.88130000e-04 1.22331000e-03 -7.69750000e-04 -3.24782000e-03 -2.62100000e-05 -5.13248000e-03 2.41635000e-03 5.40890000e-03 -1.13582000e-03 -2.00206000e-03 2.36690000e-04 8.15050000e-04 -2.70300000e-05 -5.96400000e-04 1.29516000e-03 -5.81170000e-04 -1.56382000e-03 -1.90480000e-04 -9.05930000e-04 -3.17357000e-03 -3.97738000e-03
2.25889000e-03 -4.32900000e-04 -4.15580000e-04 1.35885000e-03 1.70481000e-03 7.62475000e-03 -2.13025000e-03 2.50220000e-04 -3.93970000e-04 -8.66770000e-04 -2.95600000e-05 -6.35810000e-04 -7.03550000e-04 -2.65704000e-03 -3.62080000e-04 1.76933000e-03 -6.81240000e-04 2.72629000e-03 -4.22760000e-04 -3.36375000e-03 5.10320000e-03 7.42570000e-04 7.35320000e-04 1.32677000e-03 -2.44710000e-03 2.15360000e-04 -1.03262000e-03 7.92260000e-04 -2.32750000e-04 2.99666000e-03 -1.94386000e-03 -3.19610000e-03 -6.83840000e-04 -1.89253000e-03 2.97545000e-03 -4.91221000e-03 -9.21970000e-04 1.35918000e-03 1.56683000e-03 -5.97040000e-04 9.76810000e-04 1.71693000e-03 1.20292000e-03 1.80844000e-03 3.10195000e-03 1.43739000e-03 -2.48880000e-04 7.69860000e-04 -1.41665000e-03 1.31346000e-03 -1.01148000e-03 -2.05319000e-03 -2.00760000e-03 -1.43270000e-03 2.54060000e-04 -5.06393000e-03 7.76490000e-04 6.94735000e-03 2.63491000e-03 4.78952000e-03 -8.08840000e-04 4.97080000e-03 -1.65530000e-04 -1.16560000e-03 6.34150000e-04 1.33371000e-03 8.78970000e-04 1.08437000e-03 2.13360000e-03 -1.04655000e-03 1.05498000e-03 -5.11701000e-03 -2.12990000e-04 8.83630000e-04 -7.31110000e-04 5.01670000e-04 -3.18192000e-03 -1.21712000e-03 1.80210000e-03 -3.47878000e-03 -1.33805000e-03 -1.40015000e-03 -6.93780000e-04 -1.39305000e-03 2.68290000e-04 3.21154000e-03 1.19250000e-04 5.36727000e-03 -2.30781000e-03 -5.49705000e-03 1.10797000e-03 1.71974000e-03 -4.59410000e-04 -2.60840000e-04 -5.51600000e-05 4.00840000e-04 -1.58755000e-03 2.83190000e-04 1.34619000e-03 -4.31100000e-05 7.48400000e-04 3.58073000e-03 4.47271000e-03
-5.80820000e-04 4.77100000e-04 1.27210000e-04 -7.37300000e-05 3.26360000e-04 -4.42670000e-04 6.13510000e-04 3.89350000e-04 4.71170000e-04 -1.59430000e-04 3.40180000e-04 1.62800000e-05 5.46710000e-04 3.43110000e-04 4.82850000e-04 -1.83160000e-04 5.31100000e-04 -2.65830000e-04 4.81960000e-04 7.09610000e-04 -1.10260000e-04 -3.01520000e-04 -6.54300000e-05 3.94180000e-04 5.76830000e-04 4.60190000e-04 1.89440000e-04 3.77440000e-04 4.78010000e-04 -1.99430000e-04 5.53790000e-04 7.49680000e-04 4.70340000e-04 4.50700000e-04 -4.07200000e-05 7.69490000e-04 -1.21800000e-05 1.77260000e-04 2.76840000e-04 -2.71200000e-05 2.70260000e-04 1.83120000e-04 -1.48560000e-04 -3.02840000e-04 -2.89290000e-04 -4.86900000e-05 4.25390000e-04 3.18080000e-04 5.41400000e-05 -6.23800000e-05 1.07750000e-04 1.04330000e-04 -1.38450000e-04 1.19210000e-04 3.62340000e-04 8.34840000e-04 -2.66860000e-04 -1.24244000e-03 1.99440000e-04 -2.36540000e-04 2.27350000e-04 -2.34900000e-04 8.06000000e-05 1.78660000e-04 4.06180000e-04 -1.17970000e-04 -2.74680000e-04 -8.06300000e-05 1.68040000e-04 1.06470000e-04 -6.38400000e-05 8.71590000e-04 1.17140000e-04 2.43760000e-04 5.21660000e-04 -7.89300000e-05 6.69950000e-04 4.51000000e-06 -1.51760000e-04 6.92570000e-04 2.24950000e-04 5.53440000e-04 4.72560000e-04 5.26900000e-04 3.49080000e-04 -7.14530000e-04 3.35000000e-05 -1.25776000e-03 -1.27820000e-04 1.06630000e-04 -4.74680000e-04 -5.53780000e-04 -2.62900000e-04 -4.20620000e-04 -3.15940000e-04 -3.27100000e-04 -9.33800000e-05 -3.34120000e-04 -4.67160000e-04 -3.93260000e-04 -2.32460000e-04 -8.16480000e-04 -8.69550000e-04
-3.09247000e-03 1.52780000e-04 -7.85400000e-05 -1.03256000e-03 -2.06013000e-03 -7.73600000e-03 2.18015000e-03 -7.85580000e-04 -2.29200000e-05 4.97600000e-04 -2.33800000e-04 1.06783000e-03 4.71110000e-04 3.28972000e-03 4.29610000e-04 -1.50148000e-03 4.13050000e-04 -2.24679000e-03 1.38450000e-04 3.78250000e-03 -5.01772000e-03 -1.14135000e-03 -5.79950000e-04 -1.59387000e-03 2.44424000e-03 -6.19650000e-04 2.24359000e-03 -1.07720000e-03 3.54500000e-05 -2.57233000e-03 2.25540000e-03 3.19009000e-03 4.99560000e-04 3.72630000e-04 -3.21091000e-03 5.15721000e-03 1.46894000e-03 -1.57477000e-03 -1.89493000e-03 1.29867000e-03 -1.16392000e-03 -2.01120000e-03 -9.62520000e-04 -1.28262000e-03 -2.06740000e-03 -1.14209000e-03 -4.33200000e-05 -1.02212000e-03 1.72081000e-03 -9.57470000e-04 1.11481000e-03 3.08915000e-03 1.54882000e-03 2.27489000e-03 -6.09560000e-04 5.92843000e-03 -1.11953000e-03 -6.43964000e-03 -3.02485000e-03 -5.31911000e-03 1.36556000e-03 -4.83056000e-03 1.03109000e-03 7.82100000e-04 -9.66770000e-04 -1.11810000e-03 -1.20278000e-03 -7.62990000e-04 -2.84297000e-03 1.39079000e-03 -9.11650000e-04 5.81535000e-03 -3.21230000e-04 -1.23503000e-03 5.20770000e-04 -2.91030000e-04 3.41486000e-03 2.21194000e-03 -1.71965000e-03 3.78408000e-03 1.48345000e-03 1.22964000e-03 1.42000000e-04 1.07346000e-03 -7.41100000e-04 -3.30298000e-03 1.95800000e-05 -4.98162000e-03 1.91816000e-03 4.62460000e-03 -1.26737000e-03 -2.29332000e-03 -1.09620000e-04 6.98340000e-04 -3.29350000e-04 -7.82770000e-04 8.81870000e-04 -9.93600000e-04 -1.84242000e-03 -5.70920000e-04 -1.12174000e-03 -3.15376000e-03 -4.12964000e-03
1.56065000e-03 8.52810000e-04 4.74680000e-04 5.64700000e-05 1.59857000e-03 4.30306000e-03 -1.77500000e-04 9.57420000e-04 5.86730000e-04 -1.06100000e-05 2.80450000e-04 -2.09930000e-04 8.68870000e-04 -7.91390000e-04 5.81520000e-04 5.29570000e-04 6.84110000e-04 2.81180000e-04 9.24670000e-04 -1.12197000e-03 3.65649000e-03 2.39370000e-04 6.57700000e-05 1.56440000e-03 -6.72200000e-05 9.88580000e-04 -1.25660000e-04 1.06958000e-03 4.59250000e-04 1.17905000e-03 -4.41270000e-04 -7.66650000e-04 3.63270000e-04 -6.37840000e-04 1.90647000e-03 -1.17099000e-03 -5.08690000e-04 9.28790000e-04 1.21387000e-03 -4.06280000e-04 1.30848000e-03 1.71819000e-03 5.68040000e-04 5.49610000e-04 4.86470000e-04 8.03980000e-04 7.25000000e-04 9.70920000e-04 -4.39140000e-04 1.17240000e-04 -3.54160000e-04 -7.85550000e-04 -3.45400000e-04 -3.62460000e-04 1.02432000e-03 -1.89134000e-03 2.03960000e-04 2.09834000e-03 2.12418000e-03 4.25651000e-03 -7.79300000e-04 3.16460000e-03 -1.02241000e-03 2.51620000e-04 1.18802000e-03 3.82250000e-04 1.79700000e-04 3.52340000e-04 2.05861000e-03 -2.62140000e-04 2.81610000e-04 -1.90233000e-03 7.13250000e-04 1.19974000e-03 7.71110000e-04 2.18130000e-04 -7.50320000e-04 -7.94450000e-04 5.59190000e-04 -1.02570000e-03 -1.56040000e-04 2.51770000e-04 3.53630000e-04 3.25640000e-04 1.04055000e-03 7.95180000e-04 -5.50980000e-04 1.60022000e-03 -5.02800000e-04 -7.89450000e-04 3.40870000e-04 7.93270000e-04 2.38220000e-04 -8.97910000e-04 -5.06900000e-05 2.30880000e-04 -2.85200000e-04 3.92740000e-04 7.70690000e-04 4.91200000e-04 1.72020000e-04 1.17219000e-03 8.09880000e-04
-7.12840000e-04 8.57930000e-04 3.71770000e-04 -5.39640000e-04 1.44320000e-04 -1.68987000e-03 1.26550000e-03 4.82590000e-04 6.40750000e-04 3.03610000e-04 2.94460000e-04 2.97270000e-04 1.05654000e-03 1.06742000e-03 7.31810000e-04 -5.45000000e-04 8.20090000e-04 -1.09869000e-03 7.68070000e-04 1.46351000e-03 -5.94410000e-04 -4.54540000e-04 -2.68060000e-04 3.60680000e-04 1.44440000e-03 6.07310000e-04 7.69170000e-04 3.34100000e-04 5.40550000e-04 -7.78060000e-04 1.03046000e-03 1.52470000e-03 7.06330000e-04 5.20660000e-04 -5.72370000e-04 2.20121000e-03 2.94890000e-04 -1.30610000e-04 -3.17000000e-06 2.53340000e-04 2.97040000e-04 9.45500000e-05 -3.03820000e-04 -6.27270000e-04 -1.11204000e-03 -2.15310000e-04 6.66650000e-04 2.02960000e-04 5.41300000e-04 -4.55890000e-04 3.63710000e-04 8.22950000e-04 6.24390000e-04 7.85000000e-04 5.19170000e-04 1.99094000e-03 -4.45430000e-04 -2.70751000e-03 -8.52200000e-05 -3.37860000e-04 1.69320000e-04 -8.30880000e-04 -2.74030000e-04 7.17200000e-04 4.39440000e-04 -4.02700000e-04 -4.92980000e-04 -2.48280000e-04 -9.29000000e-06 5.62080000e-04 -3.75410000e-04 2.06309000e-03 4.23120000e-04 2.39840000e-04 8.83910000e-04 -1.32130000e-04 1.51520000e-03 3.88510000e-04 -6.20430000e-04 1.55599000e-03 7.01170000e-04 1.07089000e-03 5.87220000e-04 1.06914000e-03 4.94730000e-04 -1.43565000e-03 -2.43290000e-04 -2.25804000e-03 7.37180000e-04 2.08545000e-03 -6.21110000e-04 -7.51390000e-04 8.79500000e-05 -5.40830000e-04 -2.00920000e-04 -3.29550000e-04 4.39350000e-04 -2.52080000e-04 -5.44550000e-04 -3.78100000e-05 -4.93950000e-04 -1.39095000e-03 -1.94124000e-03
9.57240000e-04 -1.54920000e-04 -2.39760000e-04 9.75900000e-05 7.76400000e-05 1.93973000e-03 -6.26150000e-04 -3.15790000e-04 -4.32570000e-04 -2.16120000e-04 -3.05130000e-04 3.62320000e-04 -1.00410000e-04 -6.38930000e-04 5.64600000e-05 7.00080000e-04 -4.18450000e-04 4.69660000e-04 -4.17230000e-04 -8.41230000e-04 1.02251000e-03 2.16200000e-04 1.10030000e-04 6.62900000e-05 -4.35840000e-04 -3.86890000e-04 7.17590000e-04 -2.99000000e-06 -1.84260000e-04 3.66160000e-04 -3.23490000e-04 -9.72140000e-04 -1.76630000e-04 -1.42388000e-03 1.27291000e-03 -9.21910000e-04 5.65670000e-04 4.90390000e-04 3.30000000e-06 6.94740000e-04 2.72340000e-04 5.85560000e-04 7.90520000e-04 1.75956000e-03 3.65650000e-04 2.54320000e-04 -2.55470000e-04 2.13670000e-04 7.70600000e-05 1.54090000e-04 -2.56080000e-04 2.64750000e-04 -5.10050000e-04 3.29130000e-04 -2.94700000e-05 -1.14101000e-03 -1.86310000e-04 2.39026000e-03 3.38850000e-04 1.55322000e-03 -8.00410000e-04 1.33496000e-03 -2.53260000e-04 -5.93640000e-04 -3.01340000e-04 3.73440000e-04 -1.64400000e-04 5.13170000e-04 3.48030000e-04 1.61490000e-04 5.25860000e-04 -1.28474000e-03 -2.92230000e-04 -1.63910000e-04 -4.78140000e-04 5.59550000e-04 -7.63960000e-04 3.66950000e-04 6.43920000e-04 -8.67230000e-04 -2.04520000e-04 -5.65640000e-04 -5.44710000e-04 -4.69350000e-04 -4.11830000e-04 6.95280000e-04 -3.89150000e-04 1.73613000e-03 -5.40380000e-04 -8.93620000e-04 -3.56200000e-05 2.91290000e-04 -3.48000000e-04 -3.97000000e-05 -2.78510000e-04 -3.60540000e-04 -8.65660000e-04 -1.81500000e-05 2.52820000e-04 -4.09000000e-06 -3.33200000e-05 1.15433000e-03 1.14829000e-03
-1.40186000e-03 1.97140000e-04 -8.97800000e-05 -7.11500000e-05 -2.40300000e-04 -2.31845000e-03 8.37460000e-04 1.21320000e-04 4.05340000e-04 -1.35890000e-04 3.94730000e-04 2.60800000e-05 1.94960000e-04 7.98710000e-04 2.87260000e-04 -5.55280000e-04 4.69000000e-04 -4.06590000e-04 3.43010000e-04 1.33939000e-03 -1.62231000e-03 -3.95950000e-04 -1.15670000e-04 -1.70500000e-04 6.89740000e-04 1.91400000e-04 3.00160000e-04 4.02300000e-05 4.13870000e-04 -6.73450000e-04 8.41900000e-04 1.25534000e-03 4.06540000e-04 1.02702000e-03 -8.98290000e-04 1.35233000e-03 1.04880000e-04 -1.69040000e-04 -7.48700000e-05 2.26000000e-06 -1.80300000e-04 -5.04280000e-04 -5.47330000e-04 -8.59850000e-04 -4.38440000e-04 -4.03050000e-04 2.37100000e-04 -1.87000000e-06 1.80800000e-04 -1.22740000e-04 3.08700000e-04 3.78330000e-04 3.42600000e-05 1.31560000e-04 2.16500000e-05 1.82758000e-03 -2.33670000e-04 -2.42621000e-03 -6.55700000e-04 -2.12537000e-03 8.60090000e-04 -1.62560000e-03 7.73750000e-04 6.53900000e-05 1.16620000e-04 -3.53890000e-04 -2.38970000e-04 -3.05730000e-04 -6.49130000e-04 1.26790000e-04 -2.64130000e-04 1.90111000e-03 -1.89150000e-04 -9.51600000e-05 4.34620000e-04 -2.94840000e-04 1.14769000e-03 2.16710000e-04 -4.76850000e-04 1.29964000e-03 3.28730000e-04 6.07590000e-04 5.29630000e-04 4.99480000e-04 9.99600000e-05 -1.12632000e-03 3.49410000e-04 -2.22497000e-03 7.81100000e-05 2.98750000e-04 -5.61410000e-04 -9.72060000e-04 -3.02670000e-04 6.34400000e-05 -2.45640000e-04 -3.00080000e-04 1.36080000e-04 -5.11580000e-04 -8.38300000e-04 -6.70800000e-04 -1.82140000e-04 -1.41376000e-03 -1.25202000e-03
1.42101000e-03 6.50200000e-05 1.25460000e-04 1.32090000e-04 5.61050000e-04 2.79775000e-03 -6.47950000e-04 1.10420000e-04 -1.57410000e-04 4.99000000e-06 -1.74160000e-04 4.67500000e-05 7.91500000e-05 -8.50640000e-04 3.12500000e-05 6.66760000e-04 -1.68170000e-04 4.67280000e-04 -5.78500000e-05 -1.17914000e-03 1.91035000e-03 4.09340000e-04 1.42350000e-04 4.98110000e-04 -5.10470000e-04 3.92700000e-05 2.82770000e-04 2.78990000e-04 -8.26800000e-05 7.10860000e-04 -5.77720000e-04 -1.09704000e-03 -9.79900000e-05 -9.47870000e-04 1.39617000e-03 -1.27763000e-03 1.30400000e-05 5.41270000e-04 3.69800000e-04 1.22930000e-04 5.17700000e-04 8.88010000e-04 7.28490000e-04 1.21272000e-03 4.18620000e-04 4.95880000e-04 -6.96000000e-06 3.83160000e-04 -1.83500000e-04 1.78360000e-04 -3.07240000e-04 -3.55370000e-04 -2.70080000e-04 -9.48600000e-05 2.48610000e-04 -1.75235000e-03 1.45500000e-04 2.49734000e-03 9.63600000e-04 2.46136000e-03 -8.77610000e-04 1.95273000e-03 -6.99400000e-04 -1.91540000e-04 1.58210000e-04 4.24720000e-04 1.53310000e-04 4.03290000e-04 9.55940000e-04 -1.12200000e-04 4.51060000e-04 -1.83101000e-03 1.87620000e-04 3.01690000e-04 -1.74550000e-04 4.27390000e-04 -9.96680000e-04 -1.91280000e-04 6.44700000e-04 -1.15846000e-03 -2.81660000e-04 -4.22050000e-04 -2.56870000e-04 -3.07450000e-04 9.04500000e-05 1.01642000e-03 -3.53390000e-04 2.03834000e-03 -3.47530000e-04 -6.54360000e-04 3.47990000e-04 8.03180000e-04 9.95100000e-05 -2.31330000e-04 4.30300000e-05 9.76000000e-05 -3.88310000e-04 4.09310000e-04 7.06280000e-04 4.64070000e-04 2.06030000e-04 1.32120000e-03 1.20853000e-03
-7.16510000e-04 -6.63490000e-04 -6.48860000e-04 1.08576000e-03 -3.89200000e-05 -2.17130000e-04 -5.76110000e-04 -3.53760000e-04 -1.26860000e-04 -6.54520000e-04 9.81600000e-05 -2.38160000e-04 -7.94310000e-04 -6.47070000e-04 -5.95330000e-04 4.79100000e-04 -4.43000000e-04 1.45272000e-03 -6.31540000e-04 -3.01250000e-04 -8.55550000e-04 7.00700000e-05 5.11640000e-04 -1.56800000e-04 -1.12742000e-03 -2.50260000e-04 -4.13530000e-04 -5.61000000e-05 7.23000000e-06 7.83020000e-04 -3.22020000e-04 -3.82080000e-04 -3.18240000e-04 8.38520000e-04 -3.09390000e-04 -1.47805000e-03 -1.79680000e-04 1.30810000e-04 1.75230000e-04 -1.69660000e-04 -4.54950000e-04 -6.02930000e-04 -5.03300000e-05 -1.29800000e-05 1.42005000e-03 2.00760000e-04 -4.49450000e-04 -1.62750000e-04 -5.13960000e-04 1.02320000e-03 -3.12600000e-05 -5.76660000e-04 -1.06876000e-03 -5.70380000e-04 -5.52310000e-04 -6.15140000e-04 3.17840000e-04 9.66640000e-04 -2.78700000e-04 -2.05436000e-03 1.08379000e-03 -7.66380000e-04 1.58099000e-03 -8.82050000e-04 -2.09720000e-04 4.67030000e-04 3.61550000e-04 3.75790000e-04 -6.46170000e-04 -2.89370000e-04 4.86720000e-04 -4.66680000e-04 -7.07980000e-04 -5.00930000e-04 -6.38370000e-04 -2.04600000e-05 -6.36210000e-04 -1.84820000e-04 5.37540000e-04 -5.34960000e-04 -5.41800000e-04 -5.64770000e-04 -1.72840000e-04 -7.24430000e-04 -5.40820000e-04 6.81270000e-04 1.01168000e-03 3.04680000e-04 -1.14340000e-03 -3.07807000e-03 9.33600000e-05 -9.20200000e-05 -6.56290000e-04 6.05670000e-04 -9.77100000e-05 -2.91300000e-05 -6.17250000e-04 -3.94900000e-04 -2.80840000e-04 -9.49210000e-04 4.06210000e-04 1.87910000e-04 1.59076000e-03
-5.66885000e-03 9.17510000e-04 3.23420000e-04 -2.28806000e-03 -3.28269000e-03 -1.50306100e-02 4.69027000e-03 -6.43770000e-04 7.96200000e-04 1.43231000e-03 1.68100000e-04 1.55117000e-03 1.46753000e-03 5.69688000e-03 9.92630000e-04 -3.25247000e-03 1.42465000e-03 -4.77512000e-03 8.58910000e-04 7.65859000e-03 -9.56217000e-03 -1.91161000e-03 -1.25927000e-03 -2.42660000e-03 5.18357000e-03 -2.92520000e-04 3.59740000e-03 -1.47905000e-03 6.52720000e-04 -5.18513000e-03 4.55185000e-03 6.80215000e-03 1.56555000e-03 2.44416000e-03 -6.18710000e-03 1.04114200e-02 2.20984000e-03 -2.73218000e-03 -3.01560000e-03 1.79970000e-03 -1.88846000e-03 -3.54276000e-03 -2.23256000e-03 -3.52827000e-03 -4.77455000e-03 -2.53540000e-03 5.78940000e-04 -1.55571000e-03 3.02357000e-03 -2.10261000e-03 2.11150000e-03 5.05928000e-03 3.40037000e-03 3.84193000e-03 -5.98550000e-04 1.14370500e-02 -1.85155000e-03 -1.36197200e-02 -5.14404000e-03 -9.80703000e-03 2.61936000e-03 -9.41936000e-03 1.49308000e-03 2.00123000e-03 -1.14776000e-03 -2.43263000e-03 -1.98112000e-03 -1.68290000e-03 -4.72467000e-03 2.52470000e-03 -2.00278000e-03 1.13980600e-02 1.06140000e-04 -1.74337000e-03 1.59329000e-03 -8.49550000e-04 6.93829000e-03 3.27823000e-03 -3.48679000e-03 7.63489000e-03 2.87308000e-03 3.03431000e-03 1.15372000e-03 2.84062000e-03 -5.72000000e-04 -6.54343000e-03 1.13780000e-04 -1.06300100e-02 4.13583000e-03 9.68789000e-03 -2.41900000e-03 -4.13617000e-03 2.16570000e-04 7.85430000e-04 -3.12530000e-04 -1.23258000e-03 2.47914000e-03 -1.41278000e-03 -3.27814000e-03 -7.59060000e-04 -1.82808000e-03 -6.61740000e-03 -8.01441000e-03
-2.85367000e-03 8.22950000e-04 2.55810000e-04 -1.16075000e-03 -1.23888000e-03 -6.79747000e-03 2.54287000e-03 -4.53500000e-05 5.84390000e-04 4.37220000e-04 2.17710000e-04 8.21140000e-04 1.18365000e-03 2.97254000e-03 9.38250000e-04 -1.50569000e-03 9.45870000e-04 -2.40684000e-03 6.74500000e-04 3.81515000e-03 -4.14645000e-03 -1.21178000e-03 -6.33110000e-04 -7.74720000e-04 2.82028000e-03 1.39640000e-04 1.76034000e-03 -3.98080000e-04 5.64030000e-04 -2.47882000e-03 2.40966000e-03 3.49939000e-03 1.00479000e-03 1.05453000e-03 -2.62815000e-03 5.26777000e-03 1.10056000e-03 -1.07425000e-03 -1.20357000e-03 9.74610000e-04 -5.54050000e-04 -1.29712000e-03 -9.88850000e-04 -1.49430000e-03 -2.42881000e-03 -1.09348000e-03 5.74760000e-04 -4.52850000e-04 1.46308000e-03 -1.06005000e-03 9.77910000e-04 2.50237000e-03 1.34791000e-03 1.99884000e-03 5.13500000e-05 5.61078000e-03 -1.21024000e-03 -6.84290000e-03 -2.12285000e-03 -4.12466000e-03 1.02821000e-03 -4.15711000e-03 4.39870000e-04 1.07420000e-03 -2.67330000e-04 -1.13651000e-03 -1.28003000e-03 -7.46750000e-04 -1.89048000e-03 1.28897000e-03 -9.55610000e-04 5.62548000e-03 1.45050000e-04 -6.43990000e-04 1.02548000e-03 -3.66470000e-04 3.56589000e-03 1.60079000e-03 -1.66288000e-03 3.86797000e-03 1.51470000e-03 1.74229000e-03 7.09510000e-04 1.65443000e-03 -6.80300000e-05 -3.53482000e-03 -1.09690000e-04 -5.56933000e-03 1.69795000e-03 4.52143000e-03 -1.57025000e-03 -2.31249000e-03 -2.01040000e-04 -1.86340000e-04 -5.16410000e-04 -9.76370000e-04 8.43770000e-04 -9.97100000e-04 -1.86009000e-03 -6.48470000e-04 -1.22055000e-03 -3.54615000e-03 -4.39478000e-03
1.88600000e-05 2.29760000e-04 1.50920000e-04 -1.34900000e-04 -1.15250000e-04 -6.43550000e-04 3.31340000e-04 -4.16900000e-05 1.94200000e-05 1.92540000e-04 -1.38180000e-04 3.36790000e-04 3.62020000e-04 5.24740000e-04 2.26370000e-04 -4.15000000e-06 1.07970000e-04 -3.70810000e-04 6.66800000e-05 3.49210000e-04 -3.06770000e-04 -1.18560000e-04 -1.93600000e-05 1.61300000e-05 4.68240000e-04 5.32000000e-06 6.74940000e-04 -1.49600000e-05 3.38100000e-05 -2.12510000e-04 2.60860000e-04 3.91170000e-04 1.33610000e-04 1.28300000e-05 -1.99940000e-04 7.45610000e-04 3.92060000e-04 -1.32630000e-04 -2.27830000e-04 4.19270000e-04 5.30400000e-05 1.64600000e-05 1.09920000e-04 1.98430000e-04 -4.06740000e-04 5.97600000e-05 9.01900000e-05 -4.20000000e-05 3.72130000e-04 -7.01000000e-05 1.95460000e-04 6.48520000e-04 3.36510000e-04 6.53880000e-04 5.80800000e-05 5.43620000e-04 -2.03660000e-04 -6.15020000e-04 -1.99830000e-04 2.67800000e-05 -6.18400000e-05 -3.93170000e-04 -1.52590000e-04 2.87700000e-04 -2.44400000e-05 -9.14000000e-06 -2.40770000e-04 7.87600000e-05 -1.37350000e-04 4.15490000e-04 -2.26000000e-06 5.86450000e-04 2.06380000e-04 -1.64830000e-04 1.08310000e-04 1.40680000e-04 4.27860000e-04 4.07770000e-04 -1.07770000e-04 4.24070000e-04 2.90880000e-04 2.35120000e-04 -5.90700000e-05 2.45530000e-04 -7.90100000e-05 -3.98510000e-04 -1.53600000e-04 -4.54860000e-04 4.00810000e-04 1.00250000e-03 -1.63990000e-04 -1.10360000e-04 9.93900000e-05 -9.71900000e-05 -1.55000000e-05 -1.29430000e-04 1.29100000e-04 2.64000000e-06 -6.84700000e-05 1.54440000e-04 -2.31290000e-04 -2.93470000e-04 -4.96440000e-04
-1.46484000e-03 2.71220000e-04 9.18900000e-05 -5.05600000e-04 -9.35080000e-04 -4.28751000e-03 1.28109000e-03 -2.88800000e-04 2.00930000e-04 4.60240000e-04 -1.32320000e-04 6.34910000e-04 5.26190000e-04 1.61489000e-03 1.59450000e-04 -7.29830000e-04 3.63940000e-04 -1.26473000e-03 1.68080000e-04 2.11567000e-03 -2.69460000e-03 -5.31190000e-04 -2.36700000e-04 -6.13350000e-04 1.42429000e-03 -1.31860000e-04 1.32505000e-03 -4.46320000e-04 1.40440000e-04 -1.33703000e-03 1.24011000e-03 1.89286000e-03 3.77320000e-04 6.07060000e-04 -1.80413000e-03 2.89940000e-03 8.48750000e-04 -8.39520000e-04 -9.69540000e-04 7.04060000e-04 -5.72650000e-04 -1.04701000e-03 -4.72000000e-04 -7.56350000e-04 -1.27381000e-03 -5.70670000e-04 8.54600000e-05 -5.22320000e-04 9.95240000e-04 -3.80870000e-04 6.91270000e-04 1.70991000e-03 1.02794000e-03 1.39016000e-03 -2.21000000e-04 3.20479000e-03 -5.38250000e-04 -3.68803000e-03 -1.48130000e-03 -2.76256000e-03 8.08210000e-04 -2.78006000e-03 4.97430000e-04 6.00900000e-04 -4.10660000e-04 -5.41280000e-04 -6.07820000e-04 -3.09640000e-04 -1.43181000e-03 9.31360000e-04 -4.08010000e-04 3.19445000e-03 5.90100000e-05 -6.81650000e-04 4.04130000e-04 -9.05600000e-05 1.93014000e-03 1.10471000e-03 -8.70380000e-04 2.09038000e-03 8.64610000e-04 7.98100000e-04 1.61040000e-04 7.43460000e-04 -3.43460000e-04 -1.80187000e-03 4.72000000e-05 -2.87321000e-03 1.24703000e-03 2.84185000e-03 -6.39500000e-04 -1.06658000e-03 1.12720000e-04 3.00050000e-04 -5.18800000e-05 -3.35670000e-04 6.82000000e-04 -3.44420000e-04 -8.49250000e-04 -1.23840000e-04 -5.42320000e-04 -1.79803000e-03 -2.19421000e-03
-2.45542000e-03 7.47770000e-04 3.19340000e-04 -1.10245000e-03 -1.09995000e-03 -6.13968000e-03 2.36470000e-03 8.79000000e-05 6.54940000e-04 6.28250000e-04 2.86540000e-04 6.22690000e-04 9.77410000e-04 2.70060000e-03 6.86010000e-04 -1.51290000e-03 9.39940000e-04 -2.25652000e-03 7.57990000e-04 3.50565000e-03 -3.67736000e-03 -9.85820000e-04 -5.92160000e-04 -7.10440000e-04 2.57071000e-03 2.02550000e-04 1.61068000e-03 -3.79510000e-04 4.94750000e-04 -2.23304000e-03 2.17656000e-03 3.25936000e-03 9.04430000e-04 1.25607000e-03 -2.44015000e-03 4.82887000e-03 8.40270000e-04 -9.81810000e-04 -1.05165000e-03 6.75080000e-04 -4.51110000e-04 -1.15256000e-03 -1.01877000e-03 -1.74992000e-03 -2.22098000e-03 -9.96770000e-04 6.01370000e-04 -3.99990000e-04 1.29989000e-03 -1.03165000e-03 9.60270000e-04 2.17257000e-03 1.49612000e-03 1.66817000e-03 1.17020000e-04 5.17352000e-03 -8.63030000e-04 -6.31143000e-03 -1.89987000e-03 -3.66474000e-03 1.07971000e-03 -3.75128000e-03 4.11950000e-04 1.09929000e-03 -1.40440000e-04 -1.10010000e-03 -9.47110000e-04 -7.64310000e-04 -1.61476000e-03 1.05199000e-03 -9.86500000e-04 5.17358000e-03 2.58970000e-04 -4.00710000e-04 1.04895000e-03 -4.56460000e-04 3.32206000e-03 1.32447000e-03 -1.61564000e-03 3.58381000e-03 1.39588000e-03 1.63967000e-03 8.02010000e-04 1.56298000e-03 1.36730000e-04 -3.12007000e-03 -4.40700000e-05 -5.04621000e-03 1.78650000e-03 4.39595000e-03 -1.15900000e-03 -1.90717000e-03 1.27060000e-04 -1.52000000e-06 -2.33400000e-04 -5.59360000e-04 1.11552000e-03 -7.01120000e-04 -1.48258000e-03 -3.42700000e-04 -8.86290000e-04 -3.11415000e-03 -3.84917000e-03
9.75430000e-04 -6.03800000e-05 -9.35100000e-05 7.49080000e-04 7.50330000e-04 2.51030000e-03 -7.17720000e-04 1.90170000e-04 6.58100000e-05 -2.72320000e-04 4.40300000e-05 -2.16580000e-04 -1.61040000e-04 -8.76550000e-04 -1.91540000e-04 7.55530000e-04 -1.45920000e-04 1.13568000e-03 -1.28200000e-04 -1.28722000e-03 1.50400000e-03 2.93220000e-04 4.25030000e-04 6.66100000e-04 -9.62110000e-04 1.92490000e-04 -3.61520000e-04 4.39400000e-04 3.97800000e-05 1.29124000e-03 -7.73090000e-04 -9.78760000e-04 -1.92220000e-04 4.54550000e-04 1.00904000e-03 -1.94080000e-03 -2.87250000e-04 6.12970000e-04 6.56100000e-04 -1.73090000e-04 4.80530000e-04 6.82830000e-04 4.20840000e-04 5.62380000e-04 1.11144000e-03 6.64210000e-04 4.47000000e-06 3.57290000e-04 -5.66340000e-04 7.43660000e-04 -2.21890000e-04 -7.26710000e-04 -7.58310000e-04 -4.26290000e-04 1.46520000e-04 -2.07620000e-03 4.02300000e-04 2.33538000e-03 8.96630000e-04 1.59288000e-03 6.13400000e-05 1.23630000e-03 2.78750000e-04 -3.76130000e-04 4.18460000e-04 6.17000000e-04 3.91360000e-04 6.16470000e-04 8.24170000e-04 -2.78000000e-04 4.97220000e-04 -1.89277000e-03 1.44250000e-04 1.81380000e-04 -2.68590000e-04 1.90450000e-04 -1.13189000e-03 -6.22870000e-04 7.78310000e-04 -1.26783000e-03 -4.83560000e-04 -4.34540000e-04 -1.30440000e-04 -4.57300000e-04 7.27500000e-05 1.14868000e-03 2.68910000e-04 1.54371000e-03 -8.99110000e-04 -2.34154000e-03 4.19820000e-04 7.40700000e-04 -1.06050000e-04 -1.06730000e-04 6.62900000e-05 2.25730000e-04 -4.99760000e-04 1.81160000e-04 5.42200000e-04 -7.89700000e-05 4.18010000e-04 1.09973000e-03 2.11303000e-03
